# Blender 4.5.3 LTS
# www.blender.org
mtllib Undercarriage.mtl
o Undercarriage
v 3.794069 0.749313 -1.064608
v 3.720382 0.799535 -1.076959
v 3.654186 0.830607 -1.084295
v 3.583886 0.845135 -1.089347
v 3.489746 0.853532 -1.096452
v 3.403830 0.845408 -1.101453
v 3.327940 0.824581 -1.105597
v 3.264844 0.798358 -1.107468
v 3.195642 0.751745 -1.105991
v 3.114738 0.658946 -1.105415
v 3.073589 0.577652 -1.103076
v 3.048161 0.489206 -1.090604
v 3.044479 0.231498 -0.969863
v 3.039236 0.387296 -1.055937
v 3.148867 0.705963 -1.105159
v 3.860986 0.681814 -1.055972
v 3.900854 0.620662 -1.045916
v 3.949265 0.488788 -1.020791
v 3.930230 0.559622 -1.033867
v 3.958753 0.413929 -1.002726
v 3.958992 0.340216 -0.976409
v 4.108689 0.235986 -0.531574
v 3.762867 0.751058 -0.713977
v 3.694152 0.800187 -0.723737
v 3.635174 0.830379 -0.730748
v 3.572738 0.843366 -0.736073
v 3.480622 0.851153 -0.742759
v 3.398933 0.842311 -0.742661
v 3.323888 0.822753 -0.749575
v 3.267694 0.794302 -0.750003
v 3.201675 0.745628 -0.748786
v 3.116575 0.657046 -0.744060
v 3.076328 0.576889 -0.737716
v 3.050613 0.488474 -0.728932
v 3.042311 0.384630 -0.716514
v 3.151936 0.701405 -0.746837
v 3.829015 0.684378 -0.702579
v 3.872432 0.623029 -0.692751
v 3.924126 0.490087 -0.673609
v 3.905497 0.561470 -0.683311
v 3.933727 0.414334 -0.663804
v 3.936564 0.341427 -0.654536
v 3.483984 0.535190 -0.690897
v 3.483165 0.718096 -0.712038
v 3.480581 0.363087 -0.671360
v 3.480690 0.452205 -0.681536
v 3.481016 0.839479 -0.726169
v 3.487074 0.612160 -0.699577
v 3.480062 0.813455 -0.723228
v 3.481654 0.775542 -0.718757
v 3.485066 0.665110 -0.705809
v 3.803806 0.502357 -0.666965
v 3.751455 0.636059 -0.685679
v 3.810855 0.424357 -0.657527
v 3.817675 0.346497 -0.648021
v 3.580524 0.833460 -0.719207
v 3.790165 0.575353 -0.676241
v 3.609008 0.805450 -0.714183
v 3.650585 0.760796 -0.706415
v 3.704075 0.696517 -0.695634
v 3.157362 0.378721 -0.693850
v 3.218157 0.644749 -0.720274
v 3.249993 0.690742 -0.723572
v 3.340179 0.787901 -0.729094
v 3.291769 0.736807 -0.726252
v 3.164989 0.478809 -0.704491
v 3.372828 0.819590 -0.730691
v 3.187892 0.565486 -0.713042
v 4.262702 0.219924 0.059692
v 3.988564 0.237829 -0.927558
v 4.141183 0.235388 -0.808947
v 4.200721 0.222926 -0.357425
v 4.250542 0.216492 -0.059746
v 4.225610 0.218733 -0.207764
v 4.174851 0.228180 -0.563843
v 4.117592 0.236957 -0.856455
v 4.159319 0.230693 -0.703986
v 4.024044 0.238242 -0.913455
v 3.981886 0.242805 -0.599007
v 3.955736 0.242661 -0.934081
v 3.954604 0.279452 -0.950351
v 4.121902 0.232277 0.055287
v 4.120984 0.232703 -0.120144
v 4.118959 0.234785 -0.350058
v 4.100245 0.239295 -0.575161
v 3.948407 0.251283 -0.622325
v 3.938399 0.288135 -0.646130
v 3.925120 0.559641 -0.870729
v 3.895726 0.620711 -0.882484
v 3.143777 0.703341 -0.936685
v 3.109305 0.658510 -0.935269
v 3.944177 0.488773 -0.858062
v 3.068236 0.577715 -0.932550
v 3.951918 0.351193 -0.827919
v 3.042856 0.489246 -0.921413
v 3.715112 0.799508 -0.908283
v 3.953169 0.416112 -0.843447
v 3.788907 0.749312 -0.899626
v 3.648880 0.830559 -0.914293
v 3.033682 0.386886 -0.888419
v 3.578580 0.845074 -0.919268
v 3.484431 0.853469 -0.926075
v 3.398514 0.845352 -0.931102
v 3.322856 0.824160 -0.935208
v 3.261079 0.796010 -0.937533
v 3.192920 0.747728 -0.938305
v 3.855851 0.681865 -0.892303
v 3.987850 0.241839 -0.765052
v 3.956295 0.252569 -0.776982
v 4.148684 0.235341 -0.603703
v 4.133657 0.237710 -0.682435
v 4.021708 0.240851 -0.752360
v 4.232433 0.220013 -0.038192
v 4.210304 0.222572 -0.165352
v 3.950528 0.291711 -0.797869
v 4.187894 0.229691 -0.288749
v 4.164078 0.233806 -0.463897
v 4.243574 0.221474 0.059094
v 4.111886 0.238779 -0.708674
v 3.038926 0.220241 -0.857860
v 3.828243 0.252059 -0.619952
v 3.823540 0.289891 -0.641380
v 3.486225 0.239534 -0.642595
v 3.482778 0.289703 -0.664132
v 3.159948 0.232177 -0.665938
v 3.157515 0.289577 -0.686616
v 3.031979 0.222574 -0.696154
v 3.043113 0.291047 -0.710927
v 3.041984 0.293505 -1.019749
v 3.035239 0.292387 -0.867744
v 3.921685 0.559736 -0.761771
v 3.140368 0.702867 -0.827026
v 3.940835 0.488700 -0.750589
v 3.785514 0.749307 -0.791139
v 3.030671 0.386086 -0.787672
v 3.189991 0.746964 -0.828884
v 3.852327 0.682118 -0.781923
v 3.983655 0.243579 -0.656780
v 4.133185 0.237494 -0.532995
v 4.177651 0.223932 -0.025830
v 4.142303 0.236424 -0.399355
v 4.183721 0.224282 0.057221
v 4.105982 0.239723 -0.617976
v 3.892211 0.620954 -0.772243
v 3.105795 0.658532 -0.824755
v 3.064633 0.578036 -0.820246
v 3.950180 0.347144 -0.727393
v 3.039325 0.489448 -0.810366
v 3.711767 0.799370 -0.800158
v 3.950236 0.414854 -0.738684
v 3.645583 0.830316 -0.806780
v 3.575315 0.844772 -0.812238
v 3.481168 0.853159 -0.819052
v 3.395236 0.845071 -0.823841
v 3.319574 0.823895 -0.827159
v 3.258010 0.795452 -0.828775
v 3.956926 0.254276 -0.688619
v 4.123016 0.238396 -0.595518
v 4.016046 0.242512 -0.643383
v 4.166706 0.226203 -0.139421
v 3.950056 0.290888 -0.707594
v 4.154597 0.233421 -0.245832
v 3.034051 0.220241 -0.774942
v 3.031846 0.291796 -0.776352
v 3.948178 0.236645 -0.526576
v 3.828998 0.236473 -0.534885
v 3.486814 0.233341 -0.557527
v 3.161213 0.231574 -0.581061
v 3.036711 0.231907 -0.599245
v 4.021715 0.235857 -0.519016
v 4.013549 0.242083 -0.587920
v 3.988599 0.235992 -0.522041
v 4.117635 0.234995 -0.471566
v 3.955839 0.234241 -0.458326
v 3.836282 0.234241 -0.466020
v 3.494097 0.234241 -0.488662
v 3.167263 0.234241 -0.512235
v 3.036586 0.234241 -0.530612
v 4.031318 0.234241 -0.455562
v 3.997782 0.234241 -0.456612
v 3.955517 0.234241 -0.339635
v 3.835960 0.234241 -0.347329
v 3.493776 0.234241 -0.369971
v 3.166376 0.234241 -0.393562
v 3.032875 0.234241 -0.412027
v 4.030996 0.234241 -0.336871
v 3.997461 0.234241 -0.337921
v 4.119089 0.234200 -0.214333
v 3.953174 0.234241 -0.207590
v 3.833617 0.234241 -0.215284
v 3.491433 0.234241 -0.237926
v 3.163735 0.234241 -0.261526
v 3.028745 0.234241 -0.280039
v 4.028653 0.234241 -0.204827
v 3.995117 0.234241 -0.205876
v 3.953026 0.234241 -0.115846
v 3.833468 0.234241 -0.123540
v 3.491285 0.234241 -0.146183
v 3.163133 0.234241 -0.169796
v 3.025877 0.234241 -0.188380
v 4.028504 0.234241 -0.113082
v 3.994968 0.234241 -0.114132
v 4.120871 0.232243 -0.016542
v 3.950729 0.234241 -0.015143
v 3.831151 0.234241 -0.022179
v 3.488905 0.234241 -0.042834
v 3.160542 0.234241 -0.064230
v 3.022500 0.234241 -0.080457
v 4.026210 0.234241 -0.012446
v 3.992674 0.234241 -0.013496
v 3.950894 0.234241 0.049936
v 3.831213 0.234241 0.046191
v 3.488656 0.234241 0.035472
v 3.159579 0.234241 0.025175
v 3.019332 0.234241 0.020787
v 4.026386 0.234241 0.052298
v 3.992850 0.234241 0.051249
v 3.724695 0.749313 1.152495
v 3.650380 0.799535 1.160215
v 3.583855 0.830607 1.163398
v 3.513376 0.845135 1.164045
v 3.418975 0.853532 1.165250
v 3.332915 0.845408 1.164870
v 3.256915 0.824581 1.164262
v 3.193825 0.798358 1.162183
v 3.124851 0.751745 1.156383
v 3.044142 0.658946 1.150751
v 3.003219 0.577652 1.145843
v 2.978620 0.489206 1.131806
v 2.982495 0.231498 1.011071
v 2.971880 0.387296 1.096649
v 3.078219 0.705963 1.152628
v 3.792021 0.681814 1.148060
v 3.832440 0.620662 1.140516
v 3.882326 0.488788 1.118467
v 3.862511 0.559622 1.130327
v 3.892925 0.413929 1.101030
v 3.894809 0.340216 1.074780
v 4.072024 0.235986 0.640174
v 3.715475 0.751058 0.800600
v 3.646284 0.800187 0.806044
v 3.586984 0.830379 0.809354
v 3.524336 0.843366 0.810765
v 3.431983 0.851153 0.811679
v 3.350459 0.842311 0.806473
v 3.275129 0.822753 0.808682
v 3.219018 0.794302 0.805597
v 3.153204 0.745628 0.800254
v 3.068566 0.657046 0.790217
v 3.028795 0.576889 0.781370
v 3.003679 0.488474 0.770995
v 2.996170 0.384630 0.758082
v 3.103685 0.701405 0.795199
v 3.782206 0.684378 0.793359
v 3.826152 0.623029 0.786265
v 3.878942 0.490087 0.770392
v 3.859744 0.561470 0.778910
v 3.889138 0.414334 0.761206
v 3.892549 0.341427 0.752133
v 3.438581 0.535190 0.760128
v 3.436442 0.718096 0.781177
v 3.436406 0.363087 0.740417
v 3.435878 0.452205 0.750580
v 3.433414 0.839479 0.795146
v 3.441122 0.612160 0.768985
v 3.432645 0.813455 0.792152
v 3.434514 0.775542 0.787788
v 3.438728 0.665110 0.775079
v 3.759274 0.502357 0.756238
v 3.705854 0.636059 0.771643
v 3.766898 0.424357 0.747260
v 3.774300 0.346497 0.738199
v 3.533162 0.833460 0.794419
v 3.745079 0.575353 0.764644
v 3.561904 0.805450 0.791185
v 3.603885 0.760796 0.786032
v 3.657945 0.696517 0.778616
v 3.112413 0.378721 0.742655
v 3.171437 0.644749 0.772829
v 3.203004 0.690742 0.778111
v 3.292669 0.787901 0.789260
v 3.244530 0.736807 0.783397
v 3.119359 0.478809 0.753752
v 3.325154 0.819590 0.792895
v 3.141683 0.565486 0.763718
v 3.927377 0.237829 1.027873
v 4.087113 0.235388 0.919035
v 4.174764 0.222926 0.472119
v 4.243098 0.216492 0.178137
v 4.208961 0.218733 0.324307
v 4.136040 0.228180 0.676516
v 4.060598 0.236957 0.964976
v 4.111776 0.230693 0.815414
v 3.963670 0.238242 1.016016
v 3.941254 0.242805 0.699547
v 3.894206 0.242661 1.032331
v 3.892060 0.279452 1.048498
v 4.110017 0.232703 0.230317
v 4.093623 0.234785 0.459655
v 4.060872 0.239295 0.683148
v 3.906382 0.251283 0.720726
v 3.894906 0.288135 0.743859
v 3.867611 0.559641 0.967188
v 3.837540 0.620711 0.977082
v 3.083672 0.703341 0.984166
v 3.049356 0.658510 0.980598
v 3.887422 0.488773 0.955737
v 3.008537 0.577715 0.975316
v 3.897033 0.351193 0.926138
v 2.983903 0.489246 0.962614
v 3.655665 0.799508 0.991539
v 3.897310 0.416111 0.941713
v 3.729857 0.749312 0.987512
v 3.589187 0.830559 0.993397
v 2.976810 0.386886 0.929112
v 3.518714 0.845074 0.993967
v 3.424324 0.853469 0.994875
v 3.338260 0.845352 0.994519
v 3.262493 0.824160 0.993888
v 3.200692 0.796010 0.992346
v 3.132618 0.747728 0.988855
v 3.797128 0.681865 0.984389
v 3.936825 0.241839 0.865640
v 3.904585 0.252569 0.875574
v 4.107431 0.235341 0.714662
v 4.087512 0.237710 0.792300
v 3.971410 0.240851 0.855090
v 4.226373 0.220013 0.155493
v 4.196337 0.222572 0.281020
v 3.897524 0.291711 0.896059
v 4.166255 0.229691 0.402775
v 4.131536 0.233806 0.576092
v 4.064143 0.238779 0.817127
v 2.983954 0.220241 0.898940
v 3.786601 0.252059 0.710845
v 3.780568 0.289891 0.731937
v 3.443836 0.239534 0.712061
v 3.439051 0.289703 0.733341
v 3.116739 0.232177 0.714959
v 3.113017 0.289577 0.735445
v 2.987131 0.222574 0.737116
v 2.997319 0.291047 0.752555
v 2.976885 0.293505 1.060704
v 2.979656 0.292387 0.908574
v 3.870994 0.559736 0.858229
v 3.087126 0.702867 0.874508
v 3.890806 0.488700 0.848266
v 3.733253 0.749307 0.879026
v 2.980104 0.386086 0.828373
v 3.136535 0.746964 0.879464
v 3.800512 0.682118 0.874006
v 3.939407 0.243579 0.757318
v 4.096384 0.237494 0.643123
v 4.172471 0.223932 0.139730
v 4.113840 0.236424 0.510315
v 4.063921 0.239723 0.726237
v 3.840923 0.620954 0.866838
v 3.052762 0.658532 0.870080
v 3.011963 0.578036 0.863006
v 3.901582 0.347144 0.825699
v 2.987323 0.489448 0.851564
v 3.659087 0.799370 0.883416
v 3.900933 0.414854 0.836972
v 3.592618 0.830316 0.885888
v 3.522146 0.844772 0.886942
v 3.427758 0.853159 0.887857
v 3.341694 0.845071 0.887264
v 3.265973 0.823895 0.885845
v 3.204429 0.795452 0.883609
v 3.910739 0.254276 0.787423
v 4.082325 0.238396 0.704888
v 3.972571 0.242512 0.745971
v 4.154445 0.226203 0.252415
v 3.902696 0.290888 0.805931
v 4.135707 0.233421 0.357861
v 2.984273 0.220241 0.815879
v 2.981985 0.291796 0.817149
v 3.912139 0.236645 0.625151
v 3.792673 0.236473 0.625992
v 3.449743 0.233341 0.627196
v 3.123309 0.231574 0.630327
v 2.997912 0.231907 0.640692
v 3.986005 0.235857 0.622202
v 3.973547 0.242083 0.690461
v 3.952766 0.235992 0.623151
v 4.084704 0.234995 0.580842
v 3.924053 0.234241 0.557512
v 3.804248 0.234241 0.557717
v 3.461318 0.234241 0.558922
v 3.133649 0.234241 0.562015
v 3.002078 0.234241 0.572186
v 3.999557 0.234241 0.559474
v 3.966021 0.234241 0.558424
v 3.931152 0.234241 0.439034
v 3.811348 0.234241 0.439238
v 3.468418 0.234241 0.440443
v 3.140183 0.234241 0.443517
v 3.005789 0.234241 0.453601
v 4.006656 0.234241 0.440995
v 3.973120 0.234241 0.439945
v 4.102238 0.234200 0.324203
v 3.937069 0.234241 0.307101
v 3.817265 0.234241 0.307305
v 3.474334 0.234241 0.308510
v 3.145802 0.234241 0.311575
v 3.009919 0.234241 0.321612
v 4.012573 0.234241 0.309062
v 3.979037 0.234241 0.308012
v 3.942657 0.234241 0.215527
v 3.822852 0.234241 0.215732
v 3.479922 0.234241 0.216936
v 3.150937 0.234241 0.219987
v 3.012787 0.234241 0.229953
v 4.018161 0.234241 0.217488
v 3.984625 0.234241 0.216438
v 4.116382 0.232243 0.126911
v 3.946661 0.234241 0.114877
v 3.826877 0.234241 0.114424
v 3.484009 0.234241 0.113641
v 3.154951 0.234241 0.114466
v 3.016164 0.234241 0.122030
v 4.022163 0.234241 0.116905
v 3.988627 0.234241 0.115856
v 3.686470 0.817445 -1.081344
v 3.621552 0.839090 -1.086668
v 3.538047 0.850588 -1.092879
v 3.445204 0.851728 -1.099205
v 3.364144 0.835668 -1.103643
v 3.296383 0.813307 -1.106981
v 3.229513 0.776699 -1.106927
v 3.132142 0.685327 -1.105343
v 3.093888 0.621218 -1.104814
v 3.058375 0.534413 -1.099286
v 3.756700 0.777095 -1.070804
v 3.039783 0.337933 -1.037202
v 3.870194 0.565677 -0.672076
v 3.041889 0.439123 -1.075043
v 3.169064 0.727762 -1.105349
v 3.718181 0.754910 -0.703448
v 3.883535 0.650258 -1.051312
v 3.916511 0.591041 -1.040012
v 3.941068 0.525220 -1.027613
v 3.901736 0.342267 -0.644037
v 3.955218 0.451578 -1.012761
v 3.959765 0.376258 -0.990241
v 3.957222 0.307590 -0.962682
v 3.830176 0.716166 -1.059978
v 3.437176 0.841549 -0.730301
v 3.663377 0.817683 -0.727599
v 3.607488 0.838171 -0.733324
v 3.527830 0.848217 -0.739446
v 3.439243 0.849824 -0.744767
v 3.355421 0.833339 -0.748262
v 3.296381 0.810703 -0.749995
v 3.234640 0.771268 -0.749560
v 3.134136 0.682192 -0.745765
v 3.096201 0.620048 -0.741244
v 3.060972 0.533914 -0.733838
v 3.727654 0.778267 -0.719187
v 3.887294 0.493800 -0.662674
v 3.044724 0.437426 -0.722588
v 3.173972 0.722045 -0.747837
v 3.781939 0.688943 -0.691883
v 3.852981 0.652822 -0.697483
v 3.890316 0.593151 -0.688055
v 3.916440 0.526818 -0.678500
v 3.929862 0.452475 -0.668662
v 3.935697 0.376355 -0.659147
v 3.797962 0.718423 -0.708247
v 3.918530 0.559996 -0.716184
v 3.898139 0.620668 -0.959213
v 3.140694 0.702707 -0.781394
v 3.111841 0.658685 -1.014752
v 3.937656 0.488841 -0.705845
v 3.070748 0.577660 -1.012355
v 3.954955 0.347114 -0.897668
v 3.045342 0.489211 -1.000558
v 3.831144 0.627444 -0.681690
v 3.717567 0.799531 -0.986944
v 3.896158 0.417188 -0.653224
v 3.955712 0.415343 -0.917975
v 3.781576 0.749523 -0.746108
v 3.651345 0.830601 -0.993436
v 3.031235 0.385567 -0.747257
v 3.581042 0.845128 -0.998396
v 3.486897 0.853524 -1.005324
v 3.400981 0.845401 -1.010362
v 3.325229 0.824356 -1.014559
v 3.262896 0.797016 -1.016765
v 3.660309 0.802256 -0.712524
v 3.190333 0.746817 -0.783301
v 3.848243 0.682515 -0.735609
v 3.317803 0.552204 -0.703327
v 3.377191 0.728459 -0.719908
v 3.299438 0.371846 -0.683895
v 3.304028 0.467091 -0.694381
v 3.532162 0.836539 -0.722608
v 3.335053 0.630597 -0.711279
v 3.420793 0.817064 -0.727378
v 3.403813 0.782341 -0.724444
v 3.353406 0.679477 -0.715759
v 3.482027 0.494429 -0.686321
v 3.479915 0.827905 -0.724904
v 3.486008 0.575802 -0.695452
v 3.483965 0.690392 -0.708793
v 3.480776 0.796800 -0.721263
v 3.486456 0.640655 -0.702902
v 3.480281 0.407144 -0.676378
v 3.482439 0.747960 -0.715527
v 3.482564 0.847093 -0.728852
v 3.659076 0.517222 -0.677796
v 3.627688 0.649541 -0.695030
v 3.662586 0.436870 -0.668310
v 3.667014 0.353990 -0.658459
v 3.615711 0.831229 -0.718650
v 3.651818 0.592151 -0.686893
v 3.545837 0.809377 -0.718615
v 3.567769 0.768023 -0.712465
v 3.598571 0.706816 -0.703467
v 3.592974 0.821557 -0.717050
v 3.799361 0.540076 -0.671594
v 3.807352 0.463868 -0.662304
v 3.627977 0.785737 -0.710715
v 3.773160 0.606793 -0.680937
v 3.728640 0.665421 -0.690501
v 3.814362 0.383983 -0.652639
v 3.677022 0.729702 -0.701165
v 3.573221 0.840395 -0.722371
v 3.076823 0.382718 -0.701506
v 3.148851 0.653125 -0.727602
v 3.184906 0.697809 -0.730469
v 3.294537 0.791900 -0.734380
v 3.233818 0.742465 -0.732535
v 3.085312 0.485535 -0.712300
v 3.339912 0.821013 -0.734858
v 3.111374 0.573310 -0.720805
v 3.174787 0.523243 -0.708997
v 3.385744 0.831556 -0.732391
v 3.233465 0.670511 -0.722281
v 3.202753 0.607966 -0.717004
v 3.269277 0.712314 -0.724845
v 3.159572 0.429346 -0.699181
v 3.316784 0.763519 -0.727756
v 3.358288 0.805936 -0.730032
v 4.187049 0.225745 -0.460813
v 4.259852 0.218445 0.003387
v 4.104812 0.237215 -0.867426
v 4.238415 0.216875 -0.133115
v 4.213353 0.220683 -0.277235
v 4.166335 0.229444 -0.642128
v 4.129821 0.236567 -0.839167
v 4.151085 0.233028 -0.761481
v 3.952250 0.257005 -0.940566
v 3.984259 0.239472 -0.560924
v 4.073271 0.237705 -0.886117
v 4.092136 0.240057 -0.579272
v 4.104063 0.237767 -0.556298
v 3.940941 0.268143 -0.641649
v 3.981940 0.243922 -0.627014
v 3.956016 0.248383 -0.849334
v 4.137673 0.236618 -0.741993
v 4.023227 0.239635 -0.829244
v 4.220610 0.220783 -0.185013
v 3.952229 0.286808 -0.868278
v 4.196226 0.226539 -0.320672
v 4.130394 0.235806 -0.371686
v 4.149732 0.228333 0.056158
v 4.103030 0.239700 -0.591252
v 3.937253 0.312192 -0.649943
v 3.927518 0.559624 -0.947219
v 3.893817 0.620814 -0.822377
v 3.146164 0.704451 -1.015408
v 3.107369 0.658478 -0.874422
v 3.946558 0.488786 -0.934246
v 3.066270 0.577852 -0.870939
v 3.950549 0.350577 -0.773160
v 3.040924 0.489332 -0.860439
v 3.713259 0.799449 -0.848543
v 3.951454 0.415805 -0.785955
v 3.791323 0.749313 -0.976820
v 3.647043 0.830456 -0.854679
v 3.036221 0.387127 -0.965919
v 3.576756 0.844946 -0.859842
v 3.482608 0.853338 -0.866625
v 3.396684 0.845232 -0.871556
v 3.321046 0.824013 -0.875340
v 3.259480 0.795563 -0.877419
v 3.194301 0.749431 -1.016686
v 3.858268 0.681820 -0.969141
v 3.988570 0.240047 -0.842400
v 3.956580 0.254191 -0.725618
v 4.154517 0.233131 -0.650832
v 4.128744 0.238463 -0.635222
v 4.019074 0.241771 -0.689318
v 4.244925 0.218373 -0.048107
v 4.191157 0.224072 -0.150841
v 3.949954 0.292526 -0.746899
v 4.173164 0.232002 -0.264875
v 4.170515 0.231174 -0.510494
v 4.256956 0.220752 0.059513
v 4.114763 0.237930 -0.777890
v 4.123449 0.238333 -0.699746
v 4.099615 0.239469 -0.715493
v 4.069184 0.240526 -0.730315
v 4.240851 0.220822 0.014025
v 4.175491 0.232285 -0.373770
v 4.199307 0.226052 -0.223346
v 3.950918 0.268550 -0.785671
v 4.221661 0.220489 -0.101143
v 4.155519 0.234599 -0.541562
v 4.141815 0.236541 -0.650727
v 3.951020 0.320119 -0.813503
v 3.878403 0.650314 -0.887782
v 3.751485 0.777077 -0.903981
v 3.036564 0.439027 -0.905722
v 3.291815 0.812076 -0.936576
v 3.226624 0.773247 -0.938205
v 3.358856 0.835572 -0.933302
v 3.953216 0.382906 -0.837011
v 3.439889 0.851667 -0.928810
v 3.532737 0.850525 -0.922653
v 3.616246 0.839034 -0.916616
v 3.950079 0.451817 -0.850621
v 3.681171 0.817407 -0.911668
v 3.825037 0.716192 -0.895969
v 3.053043 0.534490 -0.929552
v 3.088525 0.621203 -0.934178
v 3.935968 0.525226 -0.864671
v 3.126616 0.683920 -0.935980
v 3.911392 0.591075 -0.876708
v 3.165266 0.724118 -0.937628
v 3.042228 0.221670 -0.916244
v 3.826454 0.268443 -0.637531
v 3.906074 0.288829 -0.637405
v 3.910936 0.253408 -0.615620
v 3.484843 0.259819 -0.660188
v 3.671622 0.290071 -0.651548
v 3.675917 0.246460 -0.630043
v 3.158870 0.254256 -0.683099
v 3.300092 0.289430 -0.676344
v 3.302908 0.234548 -0.654928
v 3.077186 0.290255 -0.695517
v 3.077988 0.231295 -0.676465
v 3.037075 0.254383 -0.862191
v 3.044061 0.256559 -1.001270
v 3.033683 0.337046 -0.875866
v 3.038297 0.292896 -0.938064
v 3.042215 0.335049 -0.712547
v 3.481350 0.324069 -0.667122
v 3.156862 0.331657 -0.689466
v 3.036227 0.220241 -0.811959
v 3.820641 0.315435 -0.644135
v 3.042851 0.253996 -0.709534
v 3.032296 0.291531 -0.739585
v 3.923245 0.559681 -0.811171
v 3.141915 0.702903 -0.876342
v 3.942342 0.488742 -0.799145
v 3.787045 0.749310 -0.840085
v 3.031939 0.386522 -0.831786
v 3.191475 0.747041 -0.878132
v 3.853938 0.681973 -0.832117
v 3.985968 0.242922 -0.702293
v 4.141212 0.237010 -0.566295
v 4.208480 0.221463 -0.031149
v 4.154166 0.235702 -0.428477
v 4.217465 0.222247 0.058277
v 4.108933 0.239393 -0.655941
v 3.888571 0.621322 -0.725953
v 3.106006 0.658398 -0.778816
v 3.064909 0.578037 -0.773274
v 3.948325 0.343502 -0.685085
v 3.039579 0.489416 -0.763995
v 3.708491 0.799410 -0.755735
v 3.947322 0.413995 -0.695149
v 3.643234 0.830215 -0.762817
v 3.573959 0.844460 -0.768492
v 3.480068 0.852768 -0.775321
v 3.394468 0.844682 -0.779483
v 3.319052 0.823668 -0.782786
v 3.258136 0.795267 -0.783879
v 3.956401 0.253836 -0.656676
v 4.116519 0.237258 -0.558798
v 4.141989 0.229584 -0.128833
v 3.948759 0.289009 -0.671889
v 3.032225 0.220533 -0.738441
v 3.033228 0.292042 -0.816366
v 3.033025 0.254088 -0.775041
v 3.949794 0.317181 -0.717751
v 4.115477 0.238951 -0.609448
v 4.013719 0.242992 -0.613918
v 4.094509 0.240753 -0.624126
v 4.063910 0.242192 -0.633204
v 4.182280 0.224103 0.019340
v 4.148201 0.235494 -0.318826
v 4.160809 0.229775 -0.189979
v 3.951540 0.269379 -0.699227
v 4.172307 0.224368 -0.082008
v 4.137466 0.237017 -0.473680
v 4.128668 0.237934 -0.572128
v 3.030643 0.336208 -0.780115
v 3.874864 0.650597 -0.777184
v 3.748124 0.776989 -0.795813
v 3.033311 0.438701 -0.799233
v 3.288614 0.811691 -0.828161
v 3.223692 0.772540 -0.829075
v 3.355560 0.835325 -0.825679
v 3.950854 0.379881 -0.733768
v 3.436622 0.851364 -0.821725
v 3.529475 0.850214 -0.815664
v 3.612969 0.838753 -0.809407
v 3.946846 0.451487 -0.744422
v 3.677848 0.817216 -0.803787
v 3.821576 0.716325 -0.786527
v 3.049412 0.534873 -0.816887
v 3.084979 0.621399 -0.822781
v 3.932572 0.525249 -0.756350
v 3.123114 0.683701 -0.826038
v 3.907914 0.591248 -0.767080
v 3.162113 0.723444 -0.828080
v 3.911647 0.236887 -0.529364
v 3.676621 0.235055 -0.544968
v 3.303503 0.232134 -0.569905
v 3.080662 0.231586 -0.590618
v 3.034164 0.227241 -0.645815
v 3.160186 0.227650 -0.626093
v 3.486088 0.232765 -0.602576
v 3.828251 0.241771 -0.579934
v 3.946970 0.241969 -0.571739
v 4.098779 0.235511 -0.520041
v 4.069814 0.235714 -0.518049
v 4.016563 0.239058 -0.553927
v 4.062002 0.241485 -0.586736
v 3.918978 0.234241 -0.460575
v 3.683905 0.234241 -0.476103
v 3.310632 0.234241 -0.501045
v 3.084087 0.234241 -0.521874
v 4.107878 0.234335 -0.458382
v 4.079294 0.234241 -0.454213
v 3.490402 0.234128 -0.523957
v 3.832586 0.234519 -0.501315
v 3.993849 0.234459 -0.491477
v 4.027333 0.234443 -0.490180
v 3.952096 0.234541 -0.493543
v 3.164324 0.233907 -0.547505
v 4.113721 0.235166 -0.506485
v 3.037433 0.233949 -0.565765
v 3.918656 0.234241 -0.341885
v 3.683583 0.234241 -0.357412
v 3.310240 0.234241 -0.382356
v 3.082000 0.234241 -0.403238
v 4.078972 0.234241 -0.335522
v 3.167677 0.234241 -0.459548
v 3.494924 0.234241 -0.435963
v 4.032144 0.234241 -0.402863
v 3.034939 0.234241 -0.477990
v 3.837108 0.234241 -0.413321
v 3.956665 0.234241 -0.405626
v 3.998608 0.234241 -0.403912
v 3.916313 0.234241 -0.209840
v 3.681240 0.234241 -0.225367
v 3.307859 0.234241 -0.250313
v 3.078727 0.234241 -0.271223
v 4.105729 0.234235 -0.206834
v 4.076629 0.234241 -0.203477
v 3.030693 0.234241 -0.342275
v 3.164799 0.234241 -0.323791
v 3.834504 0.234241 -0.277555
v 3.954062 0.234241 -0.269860
v 3.996004 0.234241 -0.268146
v 4.029540 0.234241 -0.267097
v 3.492320 0.234241 -0.300196
v 3.916164 0.234241 -0.118096
v 3.681092 0.234241 -0.133623
v 3.307654 0.234241 -0.158571
v 3.077162 0.234241 -0.179523
v 4.076481 0.234241 -0.111733
v 3.491445 0.234241 -0.190313
v 3.833629 0.234241 -0.167671
v 3.953186 0.234241 -0.159976
v 3.995130 0.234241 -0.158262
v 3.163497 0.234241 -0.213920
v 4.028666 0.234241 -0.157213
v 3.027257 0.234241 -0.232472
v 3.913863 0.234241 -0.017210
v 3.678747 0.234241 -0.031377
v 3.305223 0.234241 -0.054117
v 3.074232 0.234241 -0.072795
v 4.103799 0.233991 -0.013298
v 4.074185 0.234241 -0.011071
v 4.027279 0.234241 -0.061705
v 3.024241 0.234241 -0.136100
v 3.161824 0.234241 -0.117804
v 3.832240 0.234241 -0.072073
v 3.951799 0.234241 -0.064460
v 3.993743 0.234241 -0.062754
v 3.490048 0.234241 -0.094466
v 3.913999 0.234241 0.048781
v 3.678670 0.234241 0.041418
v 3.304755 0.234241 0.029718
v 3.072306 0.234241 0.022444
v 4.074357 0.234241 0.053799
v 3.950921 0.234241 0.021517
v 3.992871 0.234241 0.023022
v 3.160188 0.234241 -0.017233
v 3.488921 0.234241 -0.000553
v 4.026407 0.234241 0.024071
v 3.020873 0.234241 -0.028439
v 3.831300 0.234241 0.015879
v 4.118758 0.234611 -0.278403
v 4.121752 0.232256 0.023132
v 4.120893 0.232331 -0.067660
v 4.120135 0.233445 -0.165346
v 4.119051 0.234904 -0.417630
v 4.125627 0.236440 -0.498936
v 4.146573 0.228207 -0.020895
v 4.135753 0.234041 -0.228216
v 4.107762 0.234309 -0.339339
v 4.105836 0.234048 -0.114784
v 4.104007 0.233995 0.054727
v 3.616259 0.817445 1.162471
v 3.551136 0.839090 1.163726
v 3.467406 0.850588 1.164704
v 3.374349 0.851728 1.165214
v 3.293170 0.835668 1.164575
v 3.225333 0.813307 1.163669
v 3.158597 0.776699 1.159435
v 3.061515 0.685327 1.151767
v 3.023370 0.621218 1.148847
v 2.988272 0.534413 1.141109
v 3.687011 0.777095 1.156342
v 2.973598 0.337933 1.077985
v 3.825212 0.565677 0.765490
v 2.973333 0.439123 1.115883
v 3.098365 0.727762 1.154081
v 3.671535 0.754910 0.787297
v 3.814817 0.650258 1.144818
v 3.848435 0.591041 1.135602
v 3.873719 0.525220 1.124763
v 3.858445 0.342267 0.739479
v 3.888770 0.451578 1.110824
v 3.894716 0.376258 1.088632
v 3.893901 0.307590 1.060969
v 3.761020 0.716166 1.150131
v 3.389400 0.841549 0.796529
v 3.615328 0.817683 0.807974
v 3.559191 0.838171 0.810194
v 3.479306 0.848217 0.811324
v 3.390559 0.849824 0.811096
v 3.306683 0.833339 0.809344
v 3.247650 0.810703 0.807382
v 3.186057 0.771268 0.803088
v 3.085987 0.682192 0.793017
v 3.048408 0.620048 0.786133
v 3.013711 0.533914 0.776539
v 3.680005 0.778267 0.803598
v 3.842866 0.493800 0.757175
v 2.998198 0.437426 0.764296
v 3.125615 0.722045 0.797575
v 3.735891 0.688943 0.779740
v 3.806444 0.652822 0.789772
v 3.844296 0.593151 0.782696
v 3.870965 0.526818 0.774793
v 3.884977 0.452475 0.765813
v 3.891394 0.376355 0.756682
v 3.750860 0.718423 0.797075
v 3.870695 0.559996 0.812534
v 3.835150 0.620668 1.053813
v 3.090304 0.702707 0.828986
v 3.046918 0.658685 1.060084
v 3.890430 0.488841 0.803411
v 3.006056 0.577660 1.055122
v 3.895703 0.347114 0.995940
v 2.981436 0.489211 1.041759
v 3.785637 0.627444 0.772644
v 3.653198 0.799531 1.070200
v 3.852304 0.417188 0.748298
v 3.895189 0.415343 1.016255
v 3.732139 0.749523 0.833837
v 3.586699 0.830601 1.072539
v 2.983194 0.385567 0.788072
v 3.516224 0.845128 1.073094
v 3.421829 0.853524 1.074123
v 3.335767 0.845401 1.073780
v 3.259901 0.824356 1.073231
v 3.197552 0.797016 1.071537
v 3.613209 0.802256 0.792737
v 3.139727 0.746817 0.833992
v 3.799332 0.682515 0.827527
v 3.271947 0.552205 0.762144
v 3.330183 0.728459 0.782407
v 3.254833 0.371846 0.741602
v 3.258758 0.467091 0.752355
v 3.484682 0.836539 0.794790
v 3.288667 0.630597 0.771159
v 3.373232 0.817064 0.792588
v 3.356469 0.782341 0.788598
v 3.306704 0.679477 0.776778
v 3.436914 0.494429 0.755439
v 3.432394 0.827905 0.793814
v 3.440315 0.575802 0.764801
v 3.437443 0.690392 0.777988
v 3.433480 0.796800 0.790235
v 3.440297 0.640655 0.772264
v 3.435792 0.407144 0.745406
v 3.435499 0.747960 0.784614
v 3.434790 0.847094 0.797920
v 3.614149 0.517222 0.758000
v 3.581745 0.649541 0.773237
v 3.618245 0.436870 0.748752
v 3.623281 0.353990 0.739197
v 3.568315 0.831229 0.796063
v 3.606337 0.592151 0.766625
v 3.498580 0.809377 0.791659
v 3.520853 0.768023 0.786893
v 3.552158 0.706816 0.779838
v 3.545723 0.821557 0.793045
v 3.754548 0.540077 0.760581
v 3.763103 0.463868 0.751808
v 3.581053 0.785737 0.788910
v 3.727814 0.606793 0.768267
v 3.682783 0.665421 0.775030
v 3.770704 0.383983 0.742600
v 3.630599 0.729702 0.782445
v 3.525675 0.840395 0.797120
v 3.031553 0.382718 0.745261
v 3.101808 0.653125 0.775809
v 3.137614 0.697809 0.780925
v 3.246785 0.791900 0.791683
v 3.186300 0.742465 0.786045
v 3.039351 0.485535 0.756565
v 3.292042 0.821013 0.794996
v 3.064830 0.573310 0.766683
v 3.128856 0.523243 0.758862
v 3.337938 0.831556 0.795399
v 3.186589 0.670511 0.775788
v 3.156267 0.607966 0.768602
v 3.222171 0.712314 0.780586
v 3.114285 0.429346 0.748114
v 3.269404 0.763519 0.786462
v 3.310684 0.805936 0.791329
v 4.154655 0.225745 0.574450
v 4.256338 0.218445 0.115710
v 4.047157 0.237215 0.975126
v 4.226408 0.216875 0.250604
v 4.192385 0.220683 0.392876
v 4.122646 0.229444 0.754115
v 4.073884 0.236567 0.948486
v 4.099964 0.233028 0.872282
v 3.890321 0.257005 1.038585
v 3.946003 0.239472 0.661687
v 4.014510 0.237705 0.991808
v 4.052522 0.240057 0.686743
v 4.065862 0.237767 0.664560
v 3.897723 0.268143 0.739546
v 3.939556 0.243922 0.727503
v 3.899784 0.248383 0.947767
v 4.087797 0.236618 0.851993
v 3.968119 0.239635 0.931918
v 4.205393 0.220783 0.301288
v 3.894819 0.286808 0.966437
v 4.172576 0.226539 0.435157
v 4.103683 0.235806 0.481956
v 4.062645 0.239700 0.699381
v 3.893523 0.312192 0.747593
v 3.865222 0.559624 1.043678
v 3.839392 0.620814 0.916974
v 3.081133 0.704451 1.062885
v 3.051228 0.658478 0.919748
v 3.885035 0.488786 1.031922
v 3.010428 0.577852 0.913703
v 3.899090 0.350577 0.871400
v 2.985788 0.489332 0.901639
v 3.657551 0.799449 0.931801
v 3.899193 0.415805 0.884227
v 3.727442 0.749313 1.064707
v 3.591081 0.830456 0.933784
v 2.974499 0.387127 1.006618
v 3.520609 0.844946 0.934543
v 3.426220 0.853338 0.935426
v 3.340157 0.845232 0.934976
v 3.264430 0.824013 0.934023
v 3.202853 0.795563 0.932249
v 3.129096 0.749431 1.067169
v 3.794736 0.681820 1.061229
v 3.932708 0.240047 0.942881
v 3.908081 0.254191 0.824329
v 4.110306 0.233131 0.762064
v 4.085561 0.238463 0.744873
v 3.972723 0.241771 0.792006
v 4.238220 0.218373 0.166170
v 4.178135 0.224072 0.265341
v 3.900137 0.292526 0.845154
v 4.153048 0.232002 0.378028
v 4.135047 0.231174 0.623000
v 4.062687 0.237930 0.886388
v 4.076241 0.238333 0.808940
v 4.051470 0.239469 0.823165
v 4.020172 0.240526 0.836056
v 4.238039 0.220822 0.103905
v 4.148561 0.232285 0.486854
v 4.181736 0.226052 0.338215
v 3.898676 0.268550 0.883910
v 4.211686 0.220489 0.217648
v 4.118139 0.234599 0.653070
v 4.097635 0.236541 0.761165
v 3.897038 0.320119 0.911694
v 3.819919 0.650314 0.981287
v 3.692236 0.777077 0.989519
v 2.978605 0.439027 0.946560
v 3.231428 0.812076 0.993312
v 3.166262 0.773247 0.990862
v 3.298542 0.835572 0.994236
v 3.897760 0.382906 0.935293
v 3.379697 0.851667 0.994819
v 3.472749 0.850525 0.994478
v 3.556472 0.839034 0.993675
v 3.893778 0.451817 0.948680
v 3.621579 0.817407 0.992796
v 3.766145 0.716192 0.986122
v 2.993562 0.534491 0.971374
v 3.028685 0.621203 0.978209
v 3.878816 0.525226 0.961821
v 3.066589 0.683920 0.982389
v 3.853536 0.591075 0.972297
v 3.105060 0.724118 0.986450
v 2.983599 0.221670 0.957416
v 3.783717 0.268443 0.728278
v 3.863189 0.288829 0.733130
v 3.869404 0.253408 0.711692
v 3.441358 0.259819 0.729533
v 3.628312 0.290071 0.732587
v 3.633943 0.246460 0.711393
v 3.114590 0.254256 0.732019
v 3.255957 0.289430 0.734107
v 3.260108 0.234548 0.712909
v 3.032289 0.290255 0.739306
v 3.034281 0.231295 0.720342
v 2.981837 0.254383 0.903147
v 2.980113 0.256559 1.042390
v 2.977596 0.337046 0.916583
v 2.978312 0.292896 0.978947
v 2.996322 0.335049 0.754116
v 3.437438 0.324069 0.736236
v 3.112188 0.331657 0.738248
v 2.984131 0.220241 0.852960
v 3.777503 0.315435 0.734506
v 2.997145 0.253996 0.751150
v 2.984733 0.291531 0.780481
v 3.869463 0.559681 0.907629
v 3.085587 0.702903 0.923825
v 3.889274 0.488742 0.896821
v 3.731721 0.749310 0.927973
v 2.978611 0.386522 0.872480
v 3.134937 0.747041 0.928710
v 3.798981 0.681973 0.924202
v 3.938870 0.242922 0.802886
v 4.102313 0.237010 0.676860
v 4.202907 0.221463 0.146967
v 4.123858 0.235702 0.540121
v 4.064493 0.239393 0.764313
v 3.840184 0.621322 0.820410
v 3.055846 0.658398 0.824244
v 3.015175 0.578037 0.816143
v 3.902377 0.343502 0.783358
v 2.990475 0.489416 0.805300
v 3.658594 0.799410 0.838876
v 3.900746 0.413995 0.793340
v 3.593022 0.830215 0.841864
v 3.523529 0.844460 0.843197
v 3.429395 0.852768 0.844142
v 3.343701 0.844682 0.842945
v 3.268226 0.823668 0.841527
v 3.207361 0.795267 0.838809
v 3.912213 0.253836 0.755510
v 4.078136 0.237258 0.667834
v 4.130438 0.229584 0.240302
v 3.903635 0.289009 0.770216
v 2.984733 0.220533 0.779336
v 2.980862 0.292042 0.857170
v 2.983243 0.254088 0.815914
v 3.901800 0.317181 0.816052
v 4.073930 0.238951 0.718319
v 3.972091 0.242992 0.716419
v 4.052086 0.240753 0.731658
v 4.020979 0.242192 0.738806
v 4.179915 0.224103 0.094939
v 4.124760 0.235494 0.430313
v 4.145398 0.229775 0.302505
v 3.904701 0.269379 0.797673
v 4.163625 0.224368 0.195465
v 4.104364 0.237017 0.584192
v 4.089429 0.237934 0.681897
v 2.980549 0.336208 0.820829
v 3.823302 0.650597 0.870684
v 3.695645 0.776989 0.881353
v 2.982016 0.438701 0.840077
v 3.235011 0.811691 0.884910
v 3.170159 0.772540 0.881763
v 3.301981 0.835325 0.886618
v 3.901857 0.379881 0.832104
v 3.383132 0.851364 0.887739
v 3.476182 0.850214 0.887496
v 3.559904 0.838753 0.886471
v 3.897191 0.451487 0.842487
v 3.625007 0.817216 0.884918
v 3.769533 0.716325 0.876678
v 2.996982 0.534873 0.858702
v 3.032111 0.621399 0.866809
v 3.882199 0.525249 0.853499
v 3.069967 0.683701 0.872443
v 3.856919 0.591248 0.862667
v 3.108763 0.723444 0.876919
v 3.875506 0.236887 0.625648
v 3.639964 0.235055 0.626528
v 3.266016 0.232134 0.628089
v 3.042317 0.231586 0.634830
v 2.992459 0.227241 0.687012
v 3.119467 0.227650 0.675207
v 3.446202 0.232765 0.672112
v 3.789111 0.241771 0.670906
v 3.908111 0.241969 0.670149
v 4.062855 0.235511 0.628044
v 4.034071 0.235714 0.624244
v 3.978681 0.239058 0.656723
v 4.021980 0.241485 0.692308
v 3.887123 0.234241 0.557454
v 3.651539 0.234241 0.558254
v 3.277437 0.234241 0.559810
v 3.050033 0.234241 0.566434
v 4.075791 0.234334 0.567074
v 4.047523 0.234241 0.561126
v 3.455423 0.234128 0.593916
v 3.798353 0.234519 0.592712
v 3.959916 0.234459 0.592975
v 3.993415 0.234443 0.593775
v 3.918116 0.234541 0.592427
v 3.128511 0.233907 0.597032
v 4.078615 0.235165 0.615448
v 3.000726 0.233949 0.607322
v 3.894223 0.234241 0.438974
v 3.658639 0.234241 0.439775
v 3.284466 0.234241 0.441329
v 3.055368 0.234241 0.447900
v 4.054623 0.234241 0.442647
v 3.137356 0.234241 0.509456
v 3.465437 0.234241 0.506377
v 4.003676 0.234241 0.506929
v 3.003725 0.234241 0.519564
v 3.808368 0.234241 0.505172
v 3.928172 0.234241 0.504968
v 3.970140 0.234241 0.505879
v 3.900140 0.234241 0.307042
v 3.664555 0.234241 0.307842
v 3.290346 0.234241 0.309395
v 3.060354 0.234241 0.315938
v 4.089373 0.234235 0.315883
v 4.060539 0.234241 0.310714
v 3.007972 0.234241 0.383849
v 3.142972 0.234241 0.373785
v 3.814257 0.234241 0.369509
v 3.934061 0.234241 0.369304
v 3.976030 0.234241 0.370216
v 4.009565 0.234241 0.371265
v 3.471327 0.234241 0.370713
v 3.905727 0.234241 0.215467
v 3.670143 0.234241 0.216268
v 3.295877 0.234241 0.217819
v 3.064525 0.234241 0.224320
v 4.066127 0.234241 0.219140
v 3.477324 0.234241 0.260990
v 3.820254 0.234241 0.259786
v 3.940058 0.234241 0.259581
v 3.982026 0.234241 0.260493
v 3.148541 0.234241 0.264048
v 4.015563 0.234241 0.261542
v 3.011408 0.234241 0.274045
v 3.909737 0.234241 0.114636
v 3.674196 0.234241 0.114075
v 3.299980 0.234241 0.113418
v 3.068274 0.234241 0.117617
v 4.099546 0.233991 0.122606
v 4.070130 0.234241 0.118532
v 4.020149 0.234241 0.166134
v 3.014423 0.234241 0.177674
v 3.152881 0.234241 0.168015
v 3.824844 0.234241 0.164288
v 3.944645 0.234241 0.164165
v 3.986613 0.234241 0.165085
v 3.481921 0.234241 0.165243
v 3.949144 0.234241 0.078301
v 3.991106 0.234241 0.079422
v 3.157535 0.234241 0.067539
v 3.486668 0.234241 0.071443
v 4.024642 0.234241 0.080471
v 3.017792 0.234241 0.070013
v 3.829404 0.234241 0.076449
v 4.097902 0.234611 0.388127
v 4.119742 0.232256 0.087370
v 4.113208 0.232331 0.177930
v 4.106344 0.233445 0.275378
v 4.089490 0.234904 0.527100
v 4.090969 0.236440 0.608659
v 4.141762 0.228207 0.132862
v 4.118001 0.234041 0.339101
v 4.083118 0.234308 0.448256
v 4.095234 0.234048 0.224020
v 3.162474 0.723294 -0.782422
v 3.904564 0.591563 -0.721124
v 3.123368 0.683541 -0.780346
v 3.929441 0.525456 -0.711119
v 3.085223 0.621325 -0.776369
v 3.049655 0.534925 -0.769607
v 3.750846 0.722801 -0.697719
v 3.036446 0.337485 -0.950386
v 3.817484 0.716647 -0.740817
v 3.899274 0.378145 -0.648493
v 3.636034 0.819130 -0.715987
v 3.674978 0.817189 -0.759602
v 3.943690 0.451434 -0.700372
v 3.611245 0.838554 -0.765585
v 3.528238 0.849824 -0.771944
v 3.435823 0.851023 -0.777831
v 3.948466 0.377399 -0.690410
v 3.354576 0.834993 -0.781464
v 3.223957 0.772373 -0.783799
v 3.288513 0.811502 -0.783547
v 3.033712 0.438399 -0.755610
v 3.687747 0.781236 -0.708383
v 3.744479 0.777110 -0.751171
v 3.880948 0.530796 -0.667361
v 3.207039 0.718655 -0.731480
v 3.870951 0.651003 -0.730709
v 3.096144 0.530625 -0.716857
v 3.953654 0.315304 -0.883084
v 3.852726 0.597479 -0.676860
v 3.601113 0.837396 -0.721227
v 3.660717 0.477649 -0.673130
v 3.428059 0.830592 -0.728684
v 3.326322 0.593953 -0.707604
v 3.613477 0.677163 -0.699110
v 3.413320 0.801855 -0.726095
v 3.343851 0.657498 -0.713827
v 3.300734 0.419570 -0.689135
v 3.391093 0.756541 -0.722271
v 3.449736 0.847555 -0.731755
v 3.537903 0.824669 -0.720878
v 3.031237 0.335753 -0.741911
v 3.657016 0.556313 -0.682433
v 3.892173 0.455911 -0.657967
v 3.555585 0.791182 -0.715903
v 3.641323 0.622348 -0.691035
v 3.808147 0.657351 -0.686596
v 3.664750 0.394372 -0.663272
v 3.582714 0.738544 -0.708125
v 3.528985 0.844176 -0.725591
v 3.310005 0.510564 -0.699017
v 3.357839 0.829659 -0.735502
v 3.166458 0.678381 -0.729394
v 3.129831 0.616229 -0.724567
v 3.364470 0.702599 -0.717728
v 3.079276 0.434933 -0.706823
v 3.264641 0.768415 -0.733572
v 3.319019 0.808835 -0.734779
v 4.121619 0.236693 -0.535422
v 4.144316 0.228473 -0.074243
v 3.950685 0.268497 -0.666256
v 4.138994 0.231793 -0.176311
v 4.128284 0.236163 -0.442473
v 4.161658 0.232165 -0.588617
v 4.132836 0.235276 -0.296102
v 4.149040 0.228261 0.021308
v 4.061983 0.242487 -0.609274
v 4.092579 0.240903 -0.600334
v 4.110596 0.238381 -0.577196
v 3.299258 0.328303 -0.679445
v 4.126755 0.237509 -0.765186
v 4.102233 0.238419 -0.786721
v 4.071375 0.239212 -0.803876
v 4.254062 0.219715 0.009205
v 4.182747 0.229237 -0.414275
v 4.147016 0.236403 -0.505051
v 4.208622 0.223550 -0.248367
v 3.951402 0.263783 -0.856732
v 4.233094 0.218805 -0.115926
v 4.146823 0.234873 -0.702904
v 3.880819 0.650264 -0.964585
v 3.753919 0.777092 -0.981893
v 3.039032 0.439096 -0.984492
v 3.293971 0.812612 -1.015966
v 3.228072 0.774716 -1.016979
v 3.361313 0.835634 -1.012593
v 3.956098 0.380489 -0.908940
v 3.442355 0.851720 -1.008072
v 3.535200 0.850580 -1.001837
v 3.618709 0.839083 -0.995750
v 3.948233 0.314005 -0.678377
v 3.952470 0.451751 -0.926447
v 3.683635 0.817440 -0.990713
v 3.827449 0.716169 -0.972858
v 3.055550 0.534423 -1.009068
v 3.091036 0.621191 -1.013942
v 3.938358 0.525221 -0.941021
v 3.129189 0.684512 -1.015091
v 3.913798 0.591045 -0.953327
v 3.167104 0.725662 -1.016035
v 3.908746 0.268976 -0.633498
v 3.674257 0.264740 -0.647643
v 3.076462 0.333814 -0.697584
v 3.301746 0.256089 -0.672434
v 3.669221 0.319495 -0.654412
v 3.077957 0.254100 -0.692939
v 3.040357 0.254952 -0.927419
v 3.903846 0.312771 -0.640199
v 3.032904 0.254004 -0.739135
v 3.034750 0.254193 -0.813530
v 3.949940 0.320100 -0.760618
v 4.119702 0.238896 -0.648986
v 4.096971 0.240243 -0.661310
v 4.066549 0.241504 -0.672768
v 4.215276 0.221880 0.017181
v 4.163314 0.234474 -0.343310
v 4.182351 0.227982 -0.204739
v 3.951043 0.269969 -0.735940
v 4.200040 0.221959 -0.090372
v 4.135574 0.237769 -0.608969
v 3.031876 0.336622 -0.821842
v 3.876484 0.650434 -0.827521
v 3.749630 0.777040 -0.844398
v 3.034743 0.438885 -0.846587
v 3.290087 0.811804 -0.876557
v 3.225163 0.772636 -0.878053
v 3.357022 0.835463 -0.873610
v 3.951643 0.382301 -0.780703
v 3.438063 0.851538 -0.869332
v 3.530914 0.850393 -0.863230
v 3.614418 0.838915 -0.857120
v 3.948284 0.451705 -0.792277
v 3.679324 0.817326 -0.851934
v 3.823149 0.716249 -0.836132
v 3.051069 0.534653 -0.867869
v 3.086581 0.621281 -0.872926
v 3.934110 0.525236 -0.805390
v 3.124675 0.683700 -0.875438
v 3.909499 0.591148 -0.816862
v 3.163629 0.723502 -0.877400
v 3.078967 0.227454 -0.635893
v 3.302748 0.229276 -0.614950
v 3.910877 0.242907 -0.574556
v 3.675880 0.237704 -0.590018
v 4.094501 0.237826 -0.550769
v 4.064891 0.238647 -0.553507
v 3.680209 0.234343 -0.511397
v 3.307031 0.233977 -0.536336
v 4.103955 0.234488 -0.492867
v 3.082758 0.233909 -0.557094
v 3.915277 0.234571 -0.495860
v 4.075324 0.234425 -0.488878
v 4.080120 0.234241 -0.401513
v 3.311407 0.234241 -0.448347
v 3.083625 0.234241 -0.469215
v 3.919804 0.234241 -0.407876
v 4.108778 0.234323 -0.405527
v 3.684731 0.234241 -0.423403
v 3.080166 0.234241 -0.333475
v 3.917200 0.234241 -0.272110
v 4.106463 0.234287 -0.269329
v 3.682127 0.234241 -0.287637
v 4.077516 0.234241 -0.265747
v 3.308769 0.234241 -0.312582
v 3.681252 0.234241 -0.177753
v 4.076641 0.234241 -0.155863
v 3.307840 0.234241 -0.202700
v 3.077957 0.234241 -0.223633
v 3.916325 0.234241 -0.162226
v 4.105870 0.234141 -0.159048
v 3.075713 0.234241 -0.127388
v 3.914937 0.234241 -0.066687
v 4.104750 0.234002 -0.063208
v 3.679859 0.234241 -0.082045
v 4.075254 0.234241 -0.060352
v 3.306405 0.234241 -0.106716
v 4.074380 0.234241 0.025500
v 3.305137 0.234241 -0.009486
v 3.073325 0.234241 -0.023323
v 3.914042 0.234241 0.019838
v 4.104049 0.233993 0.024632
v 3.678836 0.234241 0.008562
v 3.111977 0.723294 0.831374
v 3.856448 0.591563 0.816592
v 3.073078 0.683541 0.826857
v 3.881902 0.525456 0.808161
v 3.035256 0.621325 0.820503
v 3.000181 0.534925 0.811530
v 3.704494 0.722801 0.783621
v 2.975695 0.337485 0.991129
v 3.768307 0.716647 0.830801
v 3.855709 0.378145 0.743771
v 3.588765 0.819130 0.794675
v 3.624905 0.817189 0.840640
v 3.896795 0.451434 0.798326
v 3.560923 0.838554 0.842627
v 3.477681 0.849824 0.843784
v 3.385078 0.851023 0.843881
v 3.902184 0.377399 0.788682
v 3.303763 0.834993 0.842427
v 3.173254 0.772373 0.836591
v 3.237699 0.811502 0.840376
v 2.985144 0.438399 0.796564
v 3.640851 0.781236 0.790319
v 3.694798 0.777110 0.836570
v 3.836240 0.530796 0.761456
v 3.159640 0.718655 0.783317
v 3.822302 0.651003 0.824056
v 3.049876 0.530625 0.761790
v 3.895316 0.315304 0.981303
v 3.807479 0.597479 0.769173
v 3.553585 0.837396 0.797722
v 3.616078 0.477649 0.753445
v 3.380402 0.830592 0.794345
v 3.280182 0.593953 0.766946
v 3.567306 0.677163 0.776421
v 3.365854 0.801855 0.790840
v 3.297288 0.657498 0.774252
v 3.255799 0.419570 0.746913
v 3.343910 0.756541 0.785633
v 3.401845 0.847555 0.798765
v 3.490520 0.824669 0.793422
v 2.983530 0.335753 0.782737
v 3.611803 0.556313 0.762499
v 3.848030 0.455911 0.752782
v 3.508478 0.791182 0.789562
v 3.595603 0.622348 0.770103
v 3.762378 0.657351 0.776103
v 3.620720 0.394372 0.743858
v 3.536040 0.738544 0.783495
v 3.481325 0.844176 0.797568
v 3.264434 0.510564 0.757356
v 3.309894 0.829659 0.796760
v 3.119268 0.678381 0.778698
v 3.083015 0.616229 0.771591
v 3.317624 0.702599 0.779435
v 3.033668 0.434933 0.750721
v 3.216998 0.768415 0.789007
v 3.271195 0.808835 0.793611
v 4.084689 0.236693 0.644823
v 4.136174 0.228473 0.185964
v 3.905909 0.268497 0.764714
v 4.124481 0.231793 0.287500
v 4.097152 0.236163 0.552472
v 4.121324 0.232165 0.700416
v 4.110847 0.235276 0.406671
v 4.146863 0.228261 0.090896
v 4.020552 0.242487 0.714802
v 4.051648 0.240903 0.707792
v 4.071075 0.238381 0.685826
v 3.254932 0.328303 0.737150
v 4.075449 0.237509 0.874458
v 4.049629 0.238419 0.894418
v 4.017759 0.239212 0.909611
v 4.250922 0.219715 0.109541
v 4.153272 0.229237 0.527734
v 4.111935 0.236403 0.616098
v 4.189468 0.223550 0.363768
v 3.894716 0.263783 0.954862
v 4.222172 0.218805 0.233116
v 4.099373 0.234873 0.813553
v 3.817529 0.650264 1.058091
v 3.689794 0.777092 1.067432
v 2.976143 0.439096 1.025331
v 3.228616 0.812612 1.072682
v 3.162783 0.774716 1.069573
v 3.296037 0.835634 1.073525
v 3.896139 0.380489 1.007261
v 3.377203 0.851720 1.074080
v 3.470256 0.850580 1.073663
v 3.553982 0.839083 1.072808
v 3.902704 0.314005 0.776658
v 3.891423 0.451751 1.024507
v 3.619097 0.817440 1.071840
v 3.763746 0.716169 1.063011
v 2.991092 0.534423 1.050892
v 3.026204 0.621191 1.057975
v 3.876428 0.525221 1.038171
v 3.064211 0.684512 1.061506
v 3.851146 0.591045 1.048917
v 3.101993 0.725662 1.064819
v 3.866101 0.268976 0.729398
v 3.631186 0.264740 0.728855
v 3.031438 0.333814 0.741323
v 3.257854 0.256089 0.730308
v 3.625736 0.319495 0.735296
v 3.033220 0.254100 0.736781
v 2.981034 0.254952 0.968452
v 3.860791 0.312771 0.735779
v 2.985367 0.254004 0.780071
v 2.982558 0.254193 0.854435
v 3.899266 0.320100 0.858845
v 4.075675 0.238896 0.758044
v 4.052218 0.240244 0.768923
v 4.021139 0.241504 0.778457
v 4.212710 0.221880 0.099156
v 4.138312 0.234474 0.455693
v 4.165976 0.227982 0.318583
v 3.901910 0.269969 0.834283
v 4.190781 0.221959 0.205546
v 4.094018 0.237769 0.719099
v 2.979170 0.336622 0.862552
v 3.821771 0.650434 0.921024
v 3.694111 0.777040 0.929937
v 2.980485 0.438885 0.887428
v 3.233455 0.811804 0.933303
v 3.168564 0.772636 0.930737
v 3.300443 0.835463 0.934546
v 3.899709 0.382301 0.878997
v 3.381594 0.851538 0.935343
v 3.474645 0.850393 0.935058
v 3.558367 0.838915 0.934180
v 3.895634 0.451705 0.890339
v 3.623471 0.817326 0.933063
v 3.768002 0.716249 0.926284
v 2.995448 0.534653 0.909688
v 3.030575 0.621281 0.916956
v 3.880668 0.525236 0.902539
v 3.068437 0.683700 0.921844
v 3.855388 0.591148 0.912450
v 3.107192 0.723502 0.926238
v 3.037795 0.227454 0.679910
v 3.262448 0.229276 0.672999
v 3.871912 0.242907 0.670704
v 3.636408 0.237704 0.671444
v 4.056665 0.237826 0.658445
v 4.026941 0.238647 0.659326
v 3.645644 0.234343 0.593248
v 3.271637 0.233977 0.594807
v 4.069719 0.234488 0.601246
v 3.046504 0.233909 0.601503
v 3.881223 0.234571 0.592438
v 4.041394 0.234425 0.595476
v 4.051642 0.234241 0.508581
v 3.281505 0.234241 0.507263
v 3.052865 0.234241 0.513849
v 3.891243 0.234241 0.504908
v 4.079994 0.234323 0.514379
v 3.655658 0.234241 0.505709
v 3.057899 0.234241 0.378159
v 3.897131 0.234241 0.369245
v 4.086199 0.234287 0.378302
v 3.661548 0.234241 0.370046
v 4.057531 0.234241 0.372918
v 3.287360 0.234241 0.371599
v 3.667545 0.234241 0.260322
v 4.063529 0.234241 0.263194
v 3.293303 0.234241 0.261874
v 3.062561 0.234241 0.268394
v 3.903129 0.234241 0.259521
v 4.092501 0.234141 0.268200
v 3.066339 0.234241 0.172197
v 3.907716 0.234241 0.164083
v 4.097375 0.234002 0.172478
v 3.672138 0.234241 0.164713
v 4.068116 0.234241 0.167783
v 3.297872 0.234241 0.165988
v 4.072610 0.234241 0.082045
v 3.302685 0.234241 0.068869
v 3.070462 0.234241 0.068186
v 3.912232 0.234241 0.077672
v 4.102168 0.233993 0.084766
v 3.676781 0.234241 0.074220
v 3.801367 0.758231 -1.064380
v 3.726059 0.809554 -1.076781
v 3.657792 0.841564 -1.084181
v 3.585468 0.856538 -1.089297
v 3.489849 0.865056 -1.096448
v 3.401578 0.856708 -1.101521
v 3.324257 0.835490 -1.105669
v 3.259258 0.808440 -1.107438
v 3.188389 0.760696 -1.105897
v 3.104902 0.664935 -1.105706
v 3.062925 0.582007 -1.103410
v 3.036814 0.491201 -1.090960
v 3.033021 0.230599 -0.970479
v 3.027728 0.387495 -1.056327
v 3.140276 0.713633 -1.105277
v 3.869938 0.689072 -1.055693
v 3.910873 0.626325 -1.045603
v 3.960547 0.491071 -1.020438
v 3.940976 0.563779 -1.033531
v 3.970234 0.414748 -1.002317
v 3.970487 0.340030 -0.975840
v 4.264573 0.231289 0.059751
v 3.988889 0.249332 -0.927904
v 4.142663 0.246877 -0.809060
v 4.205552 0.233368 -0.357804
v 4.253221 0.227689 -0.060202
v 4.229361 0.229623 -0.208072
v 4.178678 0.239050 -0.564109
v 4.118061 0.248457 -0.856593
v 4.162955 0.241613 -0.704115
v 4.024186 0.249750 -0.913649
v 3.966200 0.250246 -0.934531
v 3.966092 0.278829 -0.949952
v 3.027452 0.219553 -0.858476
v 3.023032 0.221667 -0.690559
v 3.030508 0.292761 -1.020259
v 3.022550 0.219990 -0.775394
v 3.731993 0.758231 1.152723
v 3.656056 0.809554 1.160392
v 3.587460 0.841564 1.163510
v 3.514958 0.856538 1.164093
v 3.419079 0.865056 1.165253
v 3.330664 0.856708 1.164797
v 3.253234 0.835490 1.164103
v 3.188252 0.808440 1.161805
v 3.117618 0.760696 1.155836
v 3.034306 0.664935 1.150426
v 2.992555 0.582007 1.145510
v 2.967274 0.491201 1.131452
v 2.971020 0.230599 1.010970
v 2.960371 0.387495 1.096318
v 3.069637 0.713633 1.152209
v 3.800973 0.689072 1.148340
v 3.842458 0.626325 1.140829
v 3.893608 0.491071 1.118819
v 3.873257 0.563779 1.130663
v 3.904409 0.414748 1.101340
v 3.906317 0.340030 1.074931
v 3.927680 0.249332 1.028239
v 4.088583 0.246877 0.919241
v 4.179562 0.233368 0.472799
v 4.245743 0.227689 0.178759
v 4.212686 0.229623 0.324848
v 4.139842 0.239050 0.677021
v 4.061058 0.248457 0.965143
v 4.115397 0.241613 0.815770
v 3.963799 0.249750 1.016218
v 3.904621 0.250246 1.033434
v 3.903549 0.278829 1.048817
v 2.972465 0.219553 0.898837
v 2.965400 0.292760 1.060495
v 2.972766 0.219990 0.815611
v 3.691304 0.827905 -1.081192
v 3.623898 0.850372 -1.086594
v 3.539066 0.862057 -1.092846
v 3.444090 0.863202 -1.099239
v 3.361066 0.846764 -1.103729
v 3.291869 0.823911 -1.107011
v 3.223027 0.786218 -1.106838
v 3.122904 0.692217 -1.105570
v 3.083629 0.626443 -1.105132
v 3.047304 0.537619 -1.099633
v 3.763117 0.786661 -1.070603
v 3.028286 0.337527 -1.037643
v 3.030418 0.440110 -1.075408
v 3.161080 0.736066 -1.105340
v 3.893157 0.656590 -1.051011
v 3.926840 0.596129 -1.039689
v 3.952156 0.528327 -1.027266
v 3.966621 0.453151 -1.012395
v 3.971266 0.376422 -0.989744
v 3.968713 0.307177 -0.962144
v 3.838336 0.724298 -1.059723
v 4.191501 0.236363 -0.461126
v 4.261925 0.229756 0.002824
v 4.105226 0.248716 -0.867591
v 4.241568 0.227947 -0.133407
v 4.217877 0.231283 -0.277620
v 4.169919 0.240382 -0.642343
v 4.130471 0.248075 -0.839289
v 4.153994 0.244189 -0.761581
v 3.963903 0.257781 -0.940465
v 4.073535 0.249210 -0.886318
v 3.030763 0.220850 -0.916865
v 3.032597 0.255697 -1.001841
v 3.024744 0.219717 -0.812561
v 3.020688 0.221667 -0.737868
v 3.621094 0.827905 1.162622
v 3.553482 0.850372 1.163799
v 3.468424 0.862057 1.164735
v 3.373235 0.863202 1.165178
v 3.290092 0.846764 1.164468
v 3.220825 0.823911 1.163418
v 3.152129 0.786218 1.158941
v 3.052281 0.692217 1.151416
v 3.013111 0.626443 1.148523
v 2.977201 0.537619 1.140764
v 3.693429 0.786661 1.156543
v 2.962095 0.337527 1.077706
v 2.961862 0.440110 1.115530
v 3.090398 0.736066 1.153572
v 3.824439 0.656590 1.145120
v 3.858763 0.596129 1.135925
v 3.884807 0.528327 1.125109
v 3.900173 0.453151 1.111172
v 3.906225 0.376423 1.088855
v 3.905403 0.307177 1.061150
v 3.769181 0.724298 1.150387
v 4.159079 0.236363 0.575041
v 4.258370 0.229756 0.116402
v 4.047560 0.248716 0.975317
v 4.229537 0.227947 0.251093
v 4.196877 0.231283 0.393543
v 4.126210 0.240382 0.754554
v 4.074525 0.248075 0.948649
v 4.102861 0.244189 0.872563
v 3.901958 0.257781 1.039213
v 4.014760 0.249210 0.992026
v 2.972119 0.220850 0.957319
v 2.968637 0.255697 1.042244
v 2.972633 0.219717 0.852843
v 2.973254 0.221667 0.778042
v 3.015020 0.220241 0.020652
v 3.030332 0.220241 -0.723242
v 2.983794 0.220241 0.764048
v 2.492908 0.220241 0.746785
v 2.529531 0.220241 0.005461
v 3.028058 0.220241 -0.396028
v 3.035662 0.222030 -0.898512
v 2.529152 0.220241 -0.411508
v 2.552799 0.220241 -0.738184
v 2.659935 0.222041 0.929334
v 2.819045 0.222035 0.934321
v 3.001982 0.220241 0.437332
v 2.678322 0.220241 0.427204
v 2.840152 0.220241 0.432268
v 2.978155 0.222030 0.939308
v 2.506262 0.220241 0.749105
v 2.876551 0.222035 -0.903483
v 2.717440 0.222041 -0.908453
v 2.704398 0.220241 -0.406156
v 2.866228 0.220241 -0.401092
v 2.542568 0.220241 -0.411219
v 2.558329 0.222047 -0.913423
v 2.665439 0.220241 0.754086
v 2.824616 0.220241 0.759067
v 2.711977 0.220241 -0.733204
v 2.871155 0.220241 -0.728223
v 2.516492 0.220241 0.422141
v 2.500825 0.222047 0.924347
v 2.691360 0.220241 0.010525
v 2.853190 0.220241 0.015588
v 1.151189 0.248143 -0.993907
v 0.716390 0.249004 -1.011298
v 0.686274 0.233192 -0.052216
v 0.708779 0.233192 -0.771456
v 1.146101 0.233192 -0.757311
v 0.656368 0.249004 0.906899
v 0.663769 0.233192 0.667024
v 1.101119 0.233192 0.680249
v 0.714006 0.235169 -0.938069
v 1.136241 0.233192 -0.442183
v 0.698913 0.233192 -0.456133
v 0.658569 0.235169 0.833638
v 1.110980 0.233192 0.365121
v 0.673635 0.233192 0.351701
v 1.095915 0.235059 0.846570
v 0.716244 0.259827 -1.006632
v 0.686274 0.244702 -0.052216
v 0.708777 0.244702 -0.771388
v 0.656514 0.259827 0.902233
v 0.663771 0.244702 0.666956
v 0.713969 0.246666 -0.936903
v 0.698913 0.244702 -0.456133
v 0.658605 0.246666 0.832471
v 0.673635 0.244702 0.351701
v 2.547244 0.234629 -0.977842
v 2.516118 0.220241 0.005041
v 1.123610 0.233192 -0.038531
v 2.539387 0.220241 -0.738604
v 2.485733 0.234629 0.987947
v 2.536272 0.234739 -0.977967
v 2.505199 0.220346 0.004699
v 1.151306 0.235059 -0.923633
v 2.544919 0.222050 -0.913842
v 2.528403 0.220346 -0.736864
v 2.474775 0.234739 0.987386
v 1.093718 0.249019 0.916800
v 2.503079 0.220241 0.421721
v 2.012170 0.239522 0.963742
v 1.551817 0.244282 0.940214
v 2.487414 0.222050 0.923927
v 2.055313 0.224649 -0.421942
v 1.594650 0.228931 -0.432088
v 2.029519 0.224649 0.402380
v 2.481995 0.220346 0.746262
v 1.569123 0.228931 0.383705
v 1.553917 0.230776 0.870095
v 2.518230 0.220346 -0.411747
v 2.014172 0.226471 0.893737
v 2.070715 0.226471 -0.913298
v 1.609883 0.230776 -0.918478
v 1.610624 0.243697 -0.988620
v 2.533801 0.222145 -0.908092
v 2.072319 0.239229 -0.983307
v 1.559159 0.228931 0.702146
v 2.492168 0.220345 0.421146
v 2.019451 0.224649 0.724150
v 1.604614 0.228931 -0.750529
v 2.065382 0.224649 -0.743713
v 2.042416 0.224649 -0.009782
v 2.476678 0.222145 0.917494
v 1.581886 0.228931 -0.024192
v -0.023394 0.837444 -1.192143
v -0.088234 0.789379 -1.187174
v -0.170230 0.710464 -1.175105
v -0.215714 0.631476 -1.167571
v -0.267232 0.471684 -1.141657
v -0.278306 0.381546 -1.098868
v -0.279360 0.311217 -1.064953
v 0.704009 0.248226 -0.701745
v -0.274306 0.431440 -1.124091
v -0.248085 0.540264 -1.153596
v 0.170264 0.893148 -1.198362
v 0.044011 0.868188 -1.192834
v 0.097985 0.881870 -1.196926
v 0.632159 0.694943 -1.178387
v 0.560567 0.777068 -1.185921
v 0.284072 0.894880 -1.197095
v 0.480700 0.838097 -1.188875
v 0.389312 0.878675 -1.194581
v 0.688381 0.587854 -1.170334
v 0.714724 0.489622 -1.163595
v 0.716790 0.271338 -1.025356
v 0.721323 0.399034 -1.143986
v 0.720607 0.440997 -1.156522
v 0.719443 0.329845 -1.092675
v -0.012507 0.836198 -0.869134
v -0.074437 0.789501 -0.858571
v -0.155496 0.712387 -0.840936
v -0.204629 0.634035 -0.823306
v -0.252592 0.476350 -0.786853
v -0.267176 0.380257 -0.752212
v -0.260804 0.434571 -0.770404
v -0.235126 0.543955 -0.803313
v 0.162246 0.888884 -0.890922
v 0.048857 0.865937 -0.876079
v 0.099802 0.879589 -0.879811
v 0.598286 0.692898 -0.847520
v 0.531032 0.775660 -0.864021
v 0.258064 0.888554 -0.879158
v 0.460211 0.833534 -0.874877
v 0.370326 0.871196 -0.877035
v 0.653556 0.581549 -0.824871
v 0.677246 0.493782 -0.806823
v 0.682830 0.405131 -0.787615
v 0.682209 0.448378 -0.797418
v 0.226875 0.460650 -0.771523
v 0.249584 0.702178 -0.825743
v 0.232462 0.518679 -0.784717
v 0.266500 0.835072 -0.855526
v 0.240354 0.607248 -0.804513
v 0.268499 0.871435 -0.863634
v 0.220587 0.409216 -0.758985
v 0.260271 0.781834 -0.843604
v -0.083262 0.536076 -0.783566
v 0.058395 0.786484 -0.841430
v -0.008164 0.709029 -0.823171
v -0.062122 0.625891 -0.803849
v -0.103398 0.429979 -0.753525
v 0.135170 0.868026 -0.860760
v 0.102302 0.835669 -0.853051
v -0.093239 0.472090 -0.768112
v -0.114600 0.371678 -0.736122
v 0.153533 0.881209 -0.863979
v 0.517199 0.452852 -0.774619
v 0.516363 0.404964 -0.763970
v 0.394555 0.833726 -0.857262
v 0.517703 0.502976 -0.785759
v 0.508385 0.590602 -0.805072
v 0.515571 0.328833 -0.745957
v 0.426722 0.777965 -0.845388
v 0.467330 0.696248 -0.827884
v 0.680976 0.328399 -0.766227
v 0.511804 0.263086 -0.690021
v 0.207314 0.276071 -0.686247
v 0.212644 0.338763 -0.741231
v -0.120558 0.295958 -0.682183
v -0.294695 0.285487 -0.694567
v 0.713944 0.444755 -0.918075
v 0.707874 0.489946 -0.924510
v -0.254816 0.543027 -0.919729
v -0.274056 0.474622 -0.903638
v 0.625168 0.692303 -0.954871
v 0.553513 0.776022 -0.967589
v 0.090874 0.880246 -0.980676
v 0.036942 0.866706 -0.976967
v -0.281490 0.433137 -0.882977
v -0.286114 0.381751 -0.859824
v 0.163079 0.891119 -0.982545
v 0.681435 0.578829 -0.937591
v 0.473529 0.835912 -0.974522
v 0.382116 0.876261 -0.981009
v -0.030394 0.836791 -0.972883
v 0.276893 0.892559 -0.983368
v 0.714663 0.402521 -0.907491
v -0.095081 0.789757 -0.965822
v -0.176937 0.711858 -0.951283
v -0.222475 0.633588 -0.937177
v 0.708913 0.253587 -0.822088
v 0.712325 0.329018 -0.870806
v -0.288470 0.295287 -0.837524
v 0.712729 0.488208 -1.094438
v -0.269245 0.472470 -1.072014
v 0.558564 0.776788 -1.123809
v 0.041953 0.867793 -1.129747
v -0.280773 0.381911 -1.022812
v 0.686362 0.579438 -1.102910
v 0.387246 0.878029 -1.132952
v -0.025435 0.837269 -1.128087
v -0.090210 0.789480 -1.123351
v -0.172179 0.710837 -1.110268
v 0.714288 0.258591 -0.959869
v 0.718735 0.442001 -1.089892
v -0.250006 0.541003 -1.087199
v 0.630166 0.692736 -1.114652
v 0.095946 0.881436 -1.134684
v -0.276537 0.431894 -1.049701
v 0.168192 0.892606 -1.135840
v 0.478645 0.837512 -1.127178
v 0.282016 0.894259 -1.135571
v 0.719465 0.399966 -1.078290
v -0.217660 0.632041 -1.101562
v 0.717378 0.329625 -1.028173
v -0.281788 0.297155 -0.998798
v -0.093275 0.837445 1.041112
v -0.157677 0.789379 1.032098
v -0.238757 0.710465 1.014927
v -0.283682 0.631476 1.004564
v -0.333479 0.471684 0.975481
v -0.341856 0.381546 0.932083
v -0.340788 0.311217 0.898169
v 0.663366 0.248226 0.597152
v -0.339441 0.431441 0.957507
v -0.315115 0.540265 0.988593
v 0.099616 0.893148 1.059427
v -0.026044 0.868189 1.046016
v 0.027569 0.881870 1.053475
v 0.561857 0.694943 1.068368
v 0.489933 0.777068 1.071412
v 0.213282 0.894880 1.065277
v 0.410038 0.838097 1.069367
v 0.318472 0.878675 1.069348
v 0.618473 0.587854 1.063847
v 0.645185 0.489622 1.058768
v 0.655890 0.271338 0.920928
v 0.652996 0.399034 1.039610
v 0.651498 0.440997 1.052076
v 0.654329 0.329845 0.988281
v -0.062214 0.836198 0.719416
v -0.123363 0.789501 0.705001
v -0.203160 0.712387 0.682333
v -0.251095 0.634035 0.661665
v -0.296685 0.476350 0.622287
v -0.309075 0.380257 0.586801
v -0.303853 0.434571 0.605356
v -0.280282 0.543955 0.639806
v 0.110835 0.888884 0.752088
v -0.001404 0.865937 0.730183
v 0.049208 0.879589 0.737093
v 0.548736 0.692898 0.736030
v 0.480581 0.775660 0.748294
v 0.207201 0.888554 0.746336
v 0.409220 0.833534 0.754702
v 0.319376 0.871196 0.751236
v 0.605313 0.581549 0.716882
v 0.630085 0.493782 0.700350
v 0.636860 0.405131 0.681529
v 0.635626 0.448378 0.691275
v 0.182803 0.460650 0.636962
v 0.202077 0.702178 0.692495
v 0.187553 0.518679 0.650480
v 0.217097 0.835072 0.723279
v 0.194192 0.607248 0.670730
v 0.218587 0.871435 0.731495
v 0.177310 0.409216 0.624056
v 0.211627 0.781834 0.710989
v -0.127481 0.536076 0.629592
v 0.010282 0.786484 0.696199
v -0.055006 0.709029 0.673814
v -0.107651 0.625891 0.651157
v -0.145700 0.429979 0.598350
v 0.085697 0.868026 0.720291
v 0.053376 0.835669 0.710543
v -0.136472 0.472090 0.613544
v -0.155791 0.371678 0.580282
v 0.103824 0.881209 0.724652
v 0.472365 0.452852 0.658203
v 0.472197 0.404964 0.647523
v 0.344794 0.833726 0.733016
v 0.472171 0.502976 0.669353
v 0.461664 0.590602 0.688046
v 0.472531 0.328833 0.629496
v 0.377640 0.777965 0.723177
v 0.419263 0.696248 0.708246
v 0.636347 0.328399 0.660068
v 0.472270 0.263086 0.573433
v 0.168611 0.276071 0.550630
v 0.170492 0.338763 0.605840
v -0.158366 0.295958 0.526076
v -0.332936 0.285487 0.527548
v 0.659756 0.444755 0.813679
v 0.653296 0.489946 0.819722
v -0.307212 0.543027 0.754763
v -0.325409 0.474622 0.737501
v 0.568853 0.692303 0.844852
v 0.496543 0.776022 0.853065
v 0.033991 0.880246 0.837203
v -0.019604 0.866706 0.830130
v -0.331536 0.433137 0.716415
v -0.334703 0.381751 0.693019
v 0.105938 0.891119 0.843583
v 0.626091 0.578829 0.831124
v 0.416282 0.835912 0.854985
v 0.324643 0.876261 0.855744
v -0.086552 0.836791 0.821843
v 0.219477 0.892559 0.851520
v 0.661135 0.402521 0.803161
v -0.150671 0.789757 0.810752
v -0.231459 0.711859 0.791124
v -0.276026 0.633589 0.774199
v 0.660737 0.253588 0.717566
v 0.661095 0.329018 0.766401
v -0.335661 0.295288 0.670615
v 0.647517 0.488208 0.989621
v -0.331133 0.472470 0.905848
v 0.491817 0.776788 1.009296
v -0.024153 0.867793 0.982924
v -0.339564 0.381911 0.856021
v 0.620672 0.579438 0.996428
v 0.320263 0.878029 1.007710
v -0.091307 0.837270 0.977053
v -0.155659 0.789480 0.968277
v -0.236650 0.710837 0.950095
v 0.657486 0.258591 0.855413
v 0.653796 0.442001 0.985459
v -0.312881 0.541003 0.922206
v 0.563851 0.692736 1.004633
v 0.029425 0.881436 0.991226
v -0.337017 0.431894 0.883122
v 0.101458 0.892606 0.996897
v 0.411845 0.837512 1.007662
v 0.215075 0.894259 1.003746
v 0.655250 0.399966 0.973927
v -0.281497 0.632041 0.938564
v 0.656300 0.329625 0.923777
v -0.339075 0.297155 0.831992
v 0.436522 0.832494 -0.859731
v -0.054266 0.816962 -1.190781
v -0.130404 0.751756 -1.181075
v -0.197092 0.671681 -1.171435
v -0.259573 0.501623 -1.147620
v -0.276603 0.410407 -1.112536
v 0.681518 0.288120 -0.749029
v -0.279037 0.343681 -1.082830
v -0.271637 0.449920 -1.133857
v 0.618606 0.405344 -0.768298
v -0.232861 0.585804 -1.160974
v 0.719091 0.460580 -1.159843
v 0.071729 0.876255 -1.194724
v 0.128924 0.887876 -1.198150
v 0.436507 0.861302 -1.191655
v 0.224798 0.895802 -1.197873
v 0.339011 0.889567 -1.196236
v 0.598069 0.585091 -0.807711
v 0.663324 0.643287 -1.174155
v 0.597518 0.739264 -1.182668
v 0.521825 0.809934 -1.187460
v 0.705152 0.533967 -1.166978
v 0.720636 0.366535 -1.123052
v 0.721272 0.422602 -1.153275
v 0.718057 0.295849 -1.057667
v 0.010757 0.854846 -1.192329
v 0.488947 0.776510 -0.848239
v -0.041647 0.816336 -0.864652
v -0.115571 0.752844 -0.850184
v -0.184269 0.673993 -0.832247
v -0.245414 0.505991 -0.794729
v -0.264164 0.411817 -0.761738
v -0.257305 0.454154 -0.778773
v -0.221406 0.588833 -0.813257
v 0.680905 0.467494 -0.801380
v 0.073868 0.873991 -0.878188
v 0.132291 0.885085 -0.882843
v 0.421957 0.854637 -0.878299
v 0.199403 0.890031 -0.884205
v 0.321406 0.883933 -0.882725
v 0.615731 0.497543 -0.788681
v 0.628935 0.638021 -0.836385
v 0.565270 0.738448 -0.856693
v 0.495994 0.807174 -0.869989
v 0.669070 0.532180 -0.814743
v 0.682790 0.429889 -0.793492
v 0.018864 0.852987 -0.872986
v 0.708416 0.446506 -0.844298
v 0.714040 0.488627 -1.139891
v -0.253932 0.544097 -0.848277
v -0.267931 0.471956 -1.117480
v 0.620154 0.692381 -0.888583
v 0.559897 0.776971 -1.165159
v 0.090299 0.879602 -0.917837
v 0.043303 0.868052 -1.171118
v 0.082198 0.866610 -0.861748
v -0.280514 0.433902 -0.813483
v -0.279226 0.381739 -1.070447
v 0.546188 0.694196 -0.830968
v 0.161423 0.890100 -0.921432
v 0.687690 0.582918 -1.147242
v 0.470156 0.834860 -0.912615
v 0.388612 0.878451 -1.173720
v -0.024098 0.837384 -1.170063
v 0.273184 0.891316 -0.921204
v 0.709116 0.404051 -0.834233
v -0.088908 0.789414 -1.165419
v 0.618291 0.450402 -0.778327
v -0.170899 0.710594 -1.152827
v -0.221832 0.634374 -0.867256
v 0.195037 0.884861 -0.866675
v 0.057271 0.466594 -0.769716
v 0.116367 0.705769 -0.824425
v 0.064719 0.527928 -0.784107
v 0.184335 0.835373 -0.854288
v 0.079707 0.617197 -0.804171
v 0.323280 0.872149 -0.865883
v 0.048362 0.419552 -0.756082
v 0.158023 0.784191 -0.842503
v 0.255146 0.745028 -0.835348
v 0.236171 0.560088 -0.793972
v 0.229504 0.486532 -0.777503
v 0.263896 0.811202 -0.850184
v 0.224024 0.436415 -0.765643
v 0.268498 0.855470 -0.860088
v 0.244711 0.655512 -0.815301
v 0.265797 0.881866 -0.867131
v -0.182238 0.541444 -0.785738
v -0.022343 0.788340 -0.842883
v -0.100491 0.711288 -0.824626
v -0.155637 0.631456 -0.806089
v -0.205636 0.434355 -0.754244
v 0.201709 0.869876 -0.862227
v 0.033287 0.835934 -0.854238
v -0.196122 0.475307 -0.769571
v -0.214717 0.378868 -0.736866
v 0.125145 0.880510 -0.865504
v -0.088579 0.499993 -0.775332
v 0.082829 0.814260 -0.847987
v 0.026389 0.749928 -0.832803
v -0.038947 0.668324 -0.813641
v 0.120177 0.853851 -0.857373
v -0.109359 0.404958 -0.745422
v -0.075783 0.579995 -0.793439
v 0.145900 0.876943 -0.862911
v -0.098031 0.450492 -0.760978
v 0.384318 0.456095 -0.773202
v 0.381048 0.405066 -0.761689
v 0.337431 0.834693 -0.856569
v 0.387630 0.510129 -0.785282
v 0.387194 0.598116 -0.804816
v 0.350452 0.779747 -0.844573
v 0.368084 0.698938 -0.826905
v 0.445846 0.740919 -0.837464
v 0.517603 0.474667 -0.779470
v 0.382238 0.854202 -0.862832
v 0.409612 0.808556 -0.851910
v 0.516147 0.369231 -0.755894
v 0.516725 0.431575 -0.769885
v 0.490273 0.644171 -0.816682
v 0.516298 0.542209 -0.794450
v 0.715772 0.261171 -0.998926
v 0.706732 0.328655 -0.806170
v 0.616967 0.259994 -0.692426
v 0.209811 0.302693 -0.726180
v 0.372791 0.267963 -0.688298
v 0.031698 0.286771 -0.684070
v -0.222554 0.298767 -0.682514
v -0.291687 0.290409 -0.766349
v 0.617936 0.328398 -0.749767
v 0.682199 0.369561 -0.778255
v 0.037606 0.355380 -0.738499
v 0.216494 0.375855 -0.750880
v 0.377217 0.330767 -0.743798
v 0.514124 0.290658 -0.730659
v -0.118002 0.330448 -0.721354
v -0.271428 0.336805 -0.737794
v 0.716475 0.443186 -1.009591
v 0.702466 0.491453 -0.852321
v -0.252275 0.541874 -1.008746
v -0.272944 0.475852 -0.831923
v 0.627812 0.692353 -1.039387
v 0.549023 0.775615 -0.903420
v 0.093559 0.880923 -1.061885
v 0.036756 0.866098 -0.914266
v -0.278896 0.432429 -0.970698
v -0.285526 0.381026 -0.793127
v 0.165785 0.891966 -1.063256
v 0.676335 0.579716 -0.868191
v 0.476238 0.836823 -1.054926
v 0.379185 0.874904 -0.919026
v -0.029812 0.836490 -0.908595
v 0.279606 0.893528 -1.063515
v 0.717201 0.401065 -0.998481
v -0.094124 0.789855 -0.899647
v -0.175844 0.712406 -0.883507
v -0.219932 0.632707 -1.024453
v 0.706478 0.250558 -0.764817
v 0.714995 0.329363 -0.953790
v -0.284875 0.297280 -0.922640
v -0.287505 0.341633 -0.848559
v 0.710658 0.290702 -0.846993
v 0.003714 0.853703 -0.974987
v 0.656353 0.636414 -0.946264
v -0.203818 0.673460 -0.944370
v -0.137161 0.752665 -0.958963
v 0.713781 0.368296 -0.892021
v 0.331825 0.887185 -0.982771
v -0.061198 0.816819 -0.970214
v -0.278620 0.452384 -0.893935
v 0.217611 0.893593 -0.983162
v 0.714664 0.426582 -0.915046
v 0.429311 0.858904 -0.977971
v 0.698242 0.528696 -0.930171
v 0.121773 0.886078 -0.981793
v -0.239613 0.588252 -0.928576
v -0.284013 0.411256 -0.871426
v 0.514710 0.808269 -0.971367
v 0.064642 0.874674 -0.978968
v 0.590504 0.738398 -0.962114
v -0.266317 0.504611 -0.911797
v 0.712334 0.463664 -0.920713
v 0.710431 0.488760 -1.014642
v -0.271523 0.473396 -0.992915
v 0.556187 0.776458 -1.050108
v 0.039594 0.867325 -1.057508
v -0.283309 0.381997 -0.945098
v 0.684032 0.578390 -1.025102
v 0.384833 0.877269 -1.060988
v -0.027772 0.837063 -1.054822
v -0.092504 0.789599 -1.049256
v -0.174420 0.711277 -1.035657
v 0.711763 0.256437 -0.893821
v 0.719991 0.441345 -1.134486
v -0.248729 0.540520 -1.131271
v 0.631490 0.693674 -1.156983
v 0.097295 0.881720 -1.175874
v -0.275121 0.431597 -1.096984
v 0.169559 0.892961 -1.177093
v 0.480005 0.837894 -1.168038
v 0.283378 0.894665 -1.176319
v 0.720716 0.399357 -1.122413
v -0.216374 0.631671 -1.145169
v 0.718736 0.329769 -1.070599
v -0.280063 0.298359 -1.042458
v 0.717155 0.461217 -1.091769
v -0.261520 0.502421 -1.079968
v 0.595528 0.738845 -1.120010
v 0.069684 0.875833 -1.132223
v 0.519796 0.809489 -1.125640
v -0.278954 0.410673 -1.036254
v -0.234789 0.586458 -1.094907
v 0.126869 0.887396 -1.135720
v 0.703132 0.528243 -1.098129
v 0.434440 0.860662 -1.129971
v 0.719437 0.423666 -1.087393
v 0.222732 0.895211 -1.135817
v -0.273749 0.450579 -1.061864
v -0.056275 0.816923 -1.126840
v 0.336953 0.888931 -1.134774
v 0.718686 0.367006 -1.057510
v -0.132360 0.751998 -1.116910
v -0.199042 0.672157 -1.105878
v 0.661317 0.637135 -1.108658
v 0.008699 0.854540 -1.128615
v 0.715870 0.293457 -0.994868
v -0.281584 0.342623 -1.010447
v 0.386524 0.832494 0.738104
v -0.124001 0.816962 1.037822
v -0.199383 0.751756 1.023376
v -0.265337 0.671682 1.009585
v -0.326208 0.501624 0.981911
v -0.341010 0.410407 0.945831
v 0.637962 0.288120 0.642937
v -0.341583 0.343682 0.916030
v -0.337387 0.449920 0.967420
v 0.573968 0.405344 0.658235
v -0.300382 0.585804 0.996908
v 0.649777 0.460580 1.055296
v 0.001502 0.876255 1.049635
v 0.058371 0.887876 1.056630
v 0.365757 0.861302 1.069378
v 0.154075 0.895802 1.062348
v 0.268167 0.889567 1.067855
v 0.551007 0.585091 0.696286
v 0.593225 0.643287 1.066092
v 0.527016 0.739264 1.070475
v 0.451171 0.809934 1.070525
v 0.635420 0.533967 1.061546
v 0.653621 0.366535 1.018673
v 0.652366 0.422602 1.048877
v 0.655134 0.295849 0.953256
v -0.059201 0.854846 1.043433
v 0.439565 0.776510 0.729913
v -0.091017 0.816336 0.713120
v -0.163891 0.752844 0.694060
v -0.231334 0.673993 0.671863
v -0.290014 0.505991 0.630595
v -0.306664 0.411817 0.596497
v -0.300884 0.454154 0.613927
v -0.267211 0.588833 0.650588
v 0.634078 0.467494 0.695147
v 0.023426 0.873991 0.733853
v 0.081443 0.885085 0.742151
v 0.370828 0.854637 0.755726
v 0.148338 0.890031 0.747706
v 0.270197 0.883933 0.753856
v 0.569825 0.497543 0.678398
v 0.580021 0.638021 0.726835
v 0.515211 0.738448 0.743122
v 0.445239 0.807174 0.752061
v 0.621429 0.532180 0.707744
v 0.636452 0.429889 0.687392
v -0.031145 0.852987 0.725222
v 0.658852 0.446506 0.739700
v 0.645984 0.488627 1.035067
v -0.301863 0.544098 0.683506
v -0.332664 0.471956 0.951308
v 0.567994 0.692381 0.778381
v 0.490563 0.776971 1.050648
v 0.037346 0.879602 0.774451
v -0.025393 0.868052 1.024299
v 0.032767 0.866610 0.717966
v -0.326217 0.433903 0.647119
v -0.340997 0.381739 0.903660
v 0.497774 0.694196 0.716254
v 0.108106 0.890100 0.782485
v 0.619226 0.582918 1.040756
v 0.416787 0.834860 0.792987
v 0.319077 0.878451 1.048484
v -0.092596 0.837384 1.019031
v 0.219663 0.891316 0.789245
v 0.660180 0.404051 0.729699
v -0.156989 0.789414 1.010344
v 0.573027 0.450402 0.668224
v -0.238033 0.710594 0.992651
v -0.271012 0.634375 0.704454
v 0.145077 0.884861 0.729938
v 0.013643 0.466594 0.624555
v 0.069203 0.705769 0.682851
v 0.020177 0.527928 0.639384
v 0.135171 0.835373 0.716906
v 0.033881 0.617197 0.660345
v 0.273119 0.872149 0.737164
v 0.005605 0.419552 0.610391
v 0.109647 0.784191 0.703498
v 0.207027 0.745028 0.702430
v 0.190677 0.560088 0.659948
v 0.185052 0.486532 0.643095
v 0.214833 0.811202 0.717783
v 0.180324 0.436415 0.630916
v 0.218807 0.855470 0.727957
v 0.197866 0.655512 0.681770
v 0.215671 0.881866 0.734817
v -0.226398 0.541444 0.625571
v -0.070389 0.788340 0.692601
v -0.147243 0.711288 0.669495
v -0.201123 0.631456 0.647545
v -0.247782 0.434355 0.592676
v 0.152015 0.869876 0.725915
v -0.015578 0.835934 0.707412
v -0.239244 0.475307 0.608568
v -0.255759 0.378868 0.574765
v 0.075395 0.880510 0.724399
v -0.132273 0.499993 0.621042
v 0.034257 0.814260 0.704271
v -0.021122 0.749928 0.685587
v -0.085133 0.668324 0.662379
v 0.070946 0.853851 0.715974
v -0.151142 0.404958 0.589892
v -0.120633 0.579995 0.639913
v 0.096272 0.876943 0.723108
v -0.140809 0.450492 0.606125
v 0.339832 0.456095 0.648481
v 0.337289 0.405066 0.636787
v 0.287825 0.834693 0.728753
v 0.342383 0.510129 0.660745
v 0.340726 0.598116 0.680213
v 0.301572 0.779747 0.717595
v 0.320273 0.698938 0.701064
v 0.397222 0.740919 0.716464
v 0.472466 0.474667 0.663070
v 0.332153 0.854202 0.737806
v 0.360157 0.808556 0.728616
v 0.472485 0.369231 0.639449
v 0.472188 0.431575 0.653450
v 0.442861 0.644171 0.698501
v 0.470226 0.542209 0.677939
v 0.656525 0.261171 0.894486
v 0.659555 0.328655 0.701542
v 0.577076 0.259994 0.582408
v 0.168607 0.302693 0.590641
v 0.333636 0.267963 0.563023
v -0.006525 0.286771 0.537478
v -0.260182 0.298767 0.520029
v -0.334422 0.290409 0.599378
v 0.574458 0.328398 0.639698
v 0.636815 0.369561 0.672148
v -0.004032 0.355380 0.592170
v 0.173733 0.375855 0.615711
v 0.334584 0.330767 0.618691
v 0.472045 0.290658 0.614137
v -0.158263 0.330448 0.565330
v -0.312417 0.336805 0.572145
v 0.656560 0.443186 0.905174
v 0.652411 0.491453 0.747337
v -0.310242 0.541874 0.843765
v -0.319815 0.475853 0.665996
v 0.566207 0.692353 0.929369
v 0.496074 0.775615 0.788742
v 0.031593 0.880923 0.918421
v -0.015870 0.866098 0.767540
v -0.334432 0.432429 0.804127
v -0.329947 0.381027 0.626488
v 0.103593 0.891966 0.924305
v 0.625340 0.579716 0.761541
v 0.413960 0.836823 0.935401
v 0.325593 0.874904 0.793699
v -0.081952 0.836490 0.757718
v 0.217175 0.893528 0.931679
v 0.657980 0.401065 0.894132
v -0.145579 0.789855 0.744766
v -0.226130 0.712406 0.723549
v -0.278944 0.632707 0.861463
v 0.661887 0.250558 0.660255
v 0.658572 0.329363 0.849390
v -0.337394 0.297281 0.755789
v -0.335387 0.341633 0.681689
v 0.660920 0.290702 0.742532
v -0.052643 0.853703 0.826076
v 0.600515 0.636414 0.838212
v -0.257855 0.673460 0.782544
v -0.192240 0.752666 0.801276
v 0.661222 0.368296 0.787666
v 0.274341 0.887185 0.854359
v -0.117129 0.816819 0.817254
v -0.329357 0.452384 0.727531
v 0.160325 0.893593 0.847608
v 0.660664 0.426582 0.810701
v 0.371935 0.858904 0.855662
v 0.643329 0.528696 0.824770
v 0.064760 0.886078 0.840250
v -0.292591 0.588253 0.764543
v -0.333333 0.411256 0.704729
v 0.457581 0.808269 0.854411
v 0.007917 0.874674 0.833858
v 0.533804 0.738398 0.849914
v -0.318195 0.504612 0.746128
v 0.657984 0.463664 0.816211
v 0.650213 0.488760 0.909838
v -0.328462 0.473396 0.826761
v 0.494053 0.776458 0.935591
v -0.021993 0.867325 0.910679
v -0.337235 0.381998 0.778301
v 0.623212 0.578390 0.918627
v 0.322354 0.877269 0.935737
v -0.089058 0.837064 0.903786
v -0.153316 0.789599 0.894185
v -0.234221 0.711277 0.875491
v 0.659096 0.256437 0.789337
v 0.652261 0.441345 1.030045
v -0.314363 0.540520 0.966272
v 0.562527 0.693674 1.046965
v 0.028195 0.881720 1.032420
v -0.338560 0.431598 0.930402
v 0.100242 0.892961 1.038155
v 0.410647 0.837894 1.048527
v 0.213886 0.894665 1.044499
v 0.653740 0.399357 1.018041
v -0.282940 0.631671 0.982165
v 0.655003 0.329769 0.966204
v -0.340082 0.298360 0.875674
v 0.652101 0.461217 0.987235
v -0.323921 0.502422 0.914270
v 0.528946 0.738845 1.007815
v 0.003367 0.875833 0.987129
v 0.453011 0.809489 1.008700
v -0.338588 0.410673 0.869551
v -0.298176 0.586459 0.930851
v 0.060223 0.887396 0.994194
v 0.637708 0.528243 0.992705
v 0.367551 0.860662 1.007686
v 0.654653 0.423666 0.983009
v 0.155891 0.895211 1.000284
v -0.334994 0.450579 0.895437
v -0.122008 0.816924 0.973881
v 0.269955 0.888931 1.006384
v 0.655771 0.367006 0.953139
v -0.197324 0.751999 0.959214
v -0.263185 0.672157 0.944035
v 0.595317 0.637135 1.000599
v -0.057272 0.854541 0.979716
v 0.656877 0.293457 0.890443
v -0.339599 0.342623 0.843630
v 0.706836 0.465322 -0.847634
v -0.265275 0.505816 -0.839961
v 0.585683 0.738220 -0.896916
v 0.064112 0.874042 -0.916258
v 0.510675 0.807558 -0.908434
v -0.283181 0.411543 -0.803543
v -0.238922 0.589170 -0.857773
v 0.121300 0.885318 -0.919470
v 0.692999 0.529943 -0.859234
v 0.426583 0.857583 -0.916337
v 0.709124 0.428370 -0.840810
v 0.610633 0.536178 -0.797121
v 0.213921 0.892390 -0.921413
v -0.277543 0.453457 -0.823054
v -0.060394 0.816709 -0.904928
v 0.328795 0.885943 -0.920995
v 0.618531 0.369559 -0.760057
v 0.708223 0.369062 -0.822212
v -0.136065 0.753002 -0.892021
v -0.190104 0.504156 -0.777193
v 0.618517 0.430856 -0.774011
v -0.202960 0.674141 -0.875534
v 0.651290 0.636875 -0.878511
v 0.003942 0.853219 -0.911681
v 0.575015 0.640409 -0.819551
v 0.517128 0.739396 -0.840493
v 0.461810 0.807486 -0.854629
v 0.058903 0.853229 -0.858439
v 0.101347 0.874986 -0.863903
v 0.138300 0.747532 -0.834048
v 0.070068 0.570698 -0.793691
v 0.385858 0.480048 -0.778570
v 0.172881 0.812748 -0.849082
v 0.042698 0.390388 -0.747971
v 0.053233 0.443509 -0.763168
v 0.331796 0.855836 -0.861394
v 0.095797 0.662328 -0.814450
v 0.308307 0.881064 -0.869121
v 0.060857 0.493659 -0.776353
v 0.007812 0.815502 -0.849344
v -0.060971 0.751788 -0.834202
v -0.132368 0.672203 -0.815476
v 0.194215 0.854673 -0.858732
v -0.210459 0.411171 -0.746090
v -0.171499 0.586013 -0.795776
v 0.204638 0.879803 -0.864699
v -0.201027 0.453748 -0.762002
v 0.358469 0.742804 -0.836495
v 0.617687 0.470529 -0.782755
v 0.416039 0.849042 -0.863904
v 0.343491 0.809818 -0.851141
v 0.379179 0.369748 -0.753602
v 0.382749 0.432788 -0.767944
v 0.379004 0.649287 -0.816051
v 0.389202 0.550313 -0.794231
v 0.162639 0.885741 -0.869118
v 0.705546 0.289044 -0.787448
v 0.617035 0.289076 -0.734034
v 0.375186 0.294246 -0.728614
v 0.034257 0.317040 -0.723595
v -0.218165 0.336167 -0.722095
v -0.287801 0.339073 -0.781377
v -0.284360 0.342681 -0.933510
v 0.713416 0.292271 -0.924488
v 0.006351 0.854180 -1.056007
v 0.658975 0.636260 -1.032192
v -0.201294 0.672718 -1.030099
v -0.134620 0.752286 -1.042726
v 0.716372 0.367561 -0.979816
v 0.334541 0.888179 -1.062802
v -0.058594 0.816878 -1.053034
v -0.276062 0.451356 -0.982671
v 0.220322 0.894515 -1.063531
v 0.717186 0.424921 -1.006954
v 0.432027 0.859905 -1.057980
v 0.700817 0.527873 -1.019141
v 0.124471 0.886828 -1.062900
v -0.237064 0.587230 -1.016945
v -0.281366 0.410943 -0.957793
v 0.517404 0.808964 -1.052737
v 0.067311 0.875334 -1.059777
v 0.593163 0.738628 -1.045594
v -0.263787 0.503364 -1.001138
v 0.714876 0.462245 -1.011630
v 0.718440 0.460738 -1.136882
v -0.260234 0.501900 -1.124607
v 0.596853 0.739056 -1.161733
v 0.071032 0.876109 -1.173424
v 0.521143 0.809780 -1.166695
v -0.277478 0.410507 -1.084145
v -0.233508 0.586030 -1.138739
v 0.128227 0.887710 -1.176990
v 0.704457 0.530532 -1.143279
v 0.435806 0.861080 -1.170766
v 0.720676 0.422970 -1.131730
v 0.224096 0.895597 -1.176822
v -0.272389 0.450148 -1.108262
v -0.054954 0.816948 -1.168893
v 0.338315 0.889348 -1.175479
v 0.719984 0.366698 -1.101091
v -0.131073 0.751840 -1.159119
v -0.197759 0.671845 -1.148992
v 0.662644 0.639703 -1.151942
v 0.010046 0.854740 -1.170310
v 0.717283 0.294346 -1.035527
v -0.279944 0.342538 -1.056510
v 0.657065 0.465322 0.742932
v -0.312664 0.505816 0.674497
v 0.533068 0.738220 0.784543
v 0.011309 0.874042 0.771238
v 0.457488 0.807558 0.791348
v -0.328257 0.411543 0.637031
v -0.287476 0.589170 0.693922
v 0.068184 0.885318 0.778019
v 0.642531 0.529943 0.753644
v 0.373066 0.857583 0.793979
v 0.659776 0.428370 0.736264
v 0.564209 0.536178 0.686502
v 0.160502 0.892390 0.785748
v -0.323850 0.453457 0.656856
v -0.112246 0.816709 0.752146
v 0.275178 0.885943 0.792514
v 0.574409 0.369559 0.650006
v 0.660040 0.369062 0.717646
v -0.186961 0.753002 0.734533
v -0.233716 0.504156 0.616552
v 0.573523 0.430856 0.663930
v -0.252694 0.674141 0.713897
v 0.599699 0.636875 0.770274
v -0.048457 0.853219 0.762908
v 0.527259 0.640409 0.706661
v 0.468175 0.739396 0.723944
v 0.412082 0.807486 0.734593
v 0.009726 0.853229 0.713206
v 0.051744 0.874986 0.721313
v 0.090491 0.747532 0.693827
v 0.024917 0.570698 0.649282
v 0.341034 0.480048 0.653934
v 0.124065 0.812748 0.710994
v 0.000458 0.390388 0.601941
v 0.010023 0.443509 0.617767
v 0.281898 0.855836 0.733217
v 0.049296 0.662328 0.671609
v 0.257973 0.881064 0.739460
v 0.016807 0.493659 0.631404
v -0.040698 0.815502 0.700935
v -0.108399 0.751788 0.681522
v -0.178485 0.672203 0.658369
v 0.144755 0.854673 0.721958
v -0.252086 0.411171 0.584237
v -0.216309 0.586013 0.636262
v 0.154784 0.879803 0.728565
v -0.243668 0.453748 0.600707
v 0.310078 0.742804 0.710034
v 0.572147 0.470529 0.672605
v 0.365821 0.849042 0.740989
v 0.294212 0.809818 0.723715
v 0.335929 0.369748 0.628598
v 0.338595 0.432788 0.643136
v 0.331849 0.649287 0.690914
v 0.343392 0.550313 0.669775
v 0.112590 0.885741 0.730350
v 0.659542 0.289044 0.682784
v 0.574543 0.289076 0.623939
v 0.333506 0.294246 0.603409
v -0.006443 0.317040 0.577086
v -0.258277 0.336167 0.559807
v -0.331482 0.339073 0.614619
v -0.337559 0.342681 0.766671
v 0.658828 0.292271 0.820047
v -0.055077 0.854180 0.907103
v 0.597760 0.636260 0.924135
v -0.260695 0.672718 0.868263
v -0.194942 0.752286 0.885034
v 0.658320 0.367561 0.875451
v 0.272048 0.888179 0.934403
v -0.119708 0.816879 0.900075
v -0.332352 0.451356 0.816254
v 0.158005 0.894515 0.927989
v 0.657435 0.424921 0.902587
v 0.369644 0.859905 0.935684
v 0.640337 0.527873 0.913727
v 0.062382 0.886828 0.921367
v -0.295573 0.587231 0.852899
v -0.336091 0.410944 0.791093
v 0.455181 0.808964 0.935790
v 0.005529 0.875334 0.914676
v 0.531239 0.738628 0.933397
v -0.321255 0.503365 0.835452
v 0.654837 0.462245 0.907110
v 0.650563 0.460738 1.032340
v -0.325428 0.501900 0.958902
v 0.527660 0.739056 1.049540
v 0.002137 0.876109 1.028333
v 0.451788 0.809780 1.049758
v -0.340109 0.410507 0.917440
v -0.299639 0.586031 0.974677
v 0.058998 0.887710 1.035469
v 0.636208 0.530532 1.037849
v 0.366364 0.861080 1.048486
v 0.653118 0.422970 1.027338
v 0.154690 0.895597 1.041295
v -0.336538 0.450148 0.941829
v -0.123318 0.816949 1.015935
v 0.268769 0.889348 1.047094
v 0.654342 0.366698 0.996715
v -0.198678 0.751840 1.001421
v -0.264600 0.671846 0.987144
v 0.593935 0.639703 1.043881
v -0.058535 0.854741 1.021412
v 0.655746 0.294346 0.931110
v -0.340842 0.342538 0.889705
v 0.504398 0.263086 -0.453350
v 0.696396 0.248226 -0.458435
v -0.312965 0.309350 -0.459550
v 0.365457 0.267963 -0.453900
v 0.609495 0.259994 -0.453623
v 0.024538 0.286771 -0.455249
v -0.229602 0.298767 -0.457253
v -0.301858 0.285487 -0.465639
v -0.127640 0.295958 -0.455851
v 0.200064 0.276071 -0.454554
v -0.034981 0.857378 -1.192457
v -0.103157 0.806910 -1.187662
v -0.188042 0.725155 -1.175722
v -0.236960 0.640356 -1.168272
v -0.289689 0.476743 -1.142363
v -0.301309 0.382245 -1.099613
v -0.302365 0.311008 -1.065770
v -0.297167 0.434094 -1.124794
v -0.270051 0.547125 -1.154308
v 0.168268 0.916099 -1.198226
v 0.036543 0.889993 -1.192945
v 0.093402 0.904430 -1.196913
v 0.651101 0.708025 -1.176917
v 0.576240 0.793952 -1.185303
v 0.285370 0.917881 -1.196816
v 0.492551 0.857870 -1.188295
v 0.395718 0.900838 -1.194130
v 0.709716 0.596333 -1.168127
v 0.737315 0.494020 -1.162656
v 0.739796 0.271206 -1.024539
v 0.744334 0.399204 -1.143339
v 0.743577 0.442465 -1.155898
v 0.742451 0.329671 -1.091951
v -0.305923 0.309350 -0.684625
v 0.731907 0.253956 -0.820773
v -0.311476 0.295956 -0.838209
v 0.737291 0.258336 -0.959037
v -0.304791 0.297065 -0.999673
v 0.175882 0.276071 0.318245
v 0.584571 0.259994 0.342892
v -0.253113 0.298767 0.294095
v -0.151262 0.295958 0.299068
v -0.325751 0.285487 0.297937
v 0.000656 0.286771 0.307973
v -0.104858 0.857378 1.040700
v -0.172602 0.806910 1.031653
v -0.256572 0.725155 1.014429
v -0.304930 0.640357 1.003937
v -0.355936 0.476743 0.974782
v -0.364861 0.382245 0.931388
v -0.363799 0.311009 0.897546
v -0.362301 0.434094 0.956779
v -0.337083 0.547125 0.987931
v 0.097632 0.916099 1.059166
v -0.033505 0.889993 1.045660
v 0.022995 0.904430 1.053175
v 0.580853 0.708025 1.068086
v 0.505614 0.793952 1.071774
v 0.214594 0.917881 1.065080
v 0.421902 0.857870 1.069530
v 0.324893 0.900838 1.069298
v 0.639903 0.596333 1.062977
v 0.667789 0.494020 1.059242
v 0.678901 0.271206 0.921551
v 0.676003 0.399204 1.040402
v 0.674462 0.442465 1.052889
v 0.677336 0.329671 0.988997
v -0.343520 0.309350 0.516924
v 0.683767 0.253956 0.717690
v -0.358664 0.295956 0.669861
v 0.680497 0.258336 0.856021
v -0.362089 0.297066 0.831426
v 0.340993 0.267963 0.327924
v -0.336456 0.309350 0.291177
v 0.671002 0.248226 0.353115
v -0.067879 0.835556 -1.191196
v -0.146358 0.768365 -1.181622
v -0.217107 0.683207 -1.172112
v -0.281775 0.507686 -1.148330
v -0.299554 0.412143 -1.113253
v -0.302045 0.343701 -1.083612
v -0.294340 0.453739 -1.134559
v -0.254571 0.593439 -1.161683
v 0.741944 0.463400 -1.159169
v 0.066155 0.898606 -1.194754
v 0.125304 0.910622 -1.198088
v 0.445814 0.882404 -1.191123
v 0.224429 0.918829 -1.197663
v 0.342566 0.912348 -1.195877
v 0.683578 0.654097 -1.172010
v 0.614840 0.754461 -1.181818
v 0.535780 0.828271 -1.186866
v 0.727299 0.540152 -1.165410
v 0.743647 0.366435 -1.122373
v 0.744277 0.423280 -1.152646
v 0.741063 0.295687 -1.056893
v 0.001259 0.875839 -1.192537
v 0.738776 0.261003 -0.998099
v -0.314426 0.295632 -0.764669
v 0.728675 0.258681 -0.760291
v -0.307878 0.297354 -0.923537
v 0.734765 0.256053 -0.892975
v -0.303066 0.298182 -1.043309
v 0.479697 0.263086 0.336056
v -0.324721 0.309350 -0.083850
v 0.353214 0.267963 -0.062637
v 0.597022 0.259994 -0.055009
v 0.012587 0.286771 -0.073296
v -0.137612 0.835556 1.037385
v -0.215340 0.768365 1.022924
v -0.285356 0.683207 1.009010
v -0.348410 0.507686 0.981232
v -0.363962 0.412144 0.945112
v -0.364595 0.343702 0.915373
v -0.360090 0.453739 0.966702
v -0.322094 0.593439 0.996259
v 0.672628 0.463400 1.056052
v -0.004064 0.898606 1.049317
v 0.054761 0.910622 1.056343
v 0.375080 0.882404 1.069430
v 0.153719 0.918829 1.062115
v 0.271736 0.912348 1.067718
v 0.613575 0.654097 1.065219
v 0.544355 0.754461 1.070710
v 0.465136 0.828271 1.070806
v 0.657622 0.540152 1.061365
v 0.676628 0.366435 1.019434
v 0.675364 0.423280 1.049687
v 0.678144 0.295687 0.953921
v -0.068694 0.875840 1.043047
v 0.679536 0.261003 0.895099
v -0.357012 0.295632 0.596280
v 0.684323 0.258681 0.657125
v -0.360408 0.297355 0.755246
v 0.682106 0.256053 0.789930
v -0.363094 0.298182 0.875085
v -0.241368 0.298767 -0.081243
v -0.313816 0.285487 -0.083509
v -0.139462 0.295958 -0.078053
v 0.683687 0.248226 -0.052297
v 0.492037 0.263086 -0.058294
v 0.187963 0.276071 -0.067808
v 1.444432 0.230209 -0.028493
v 1.416544 0.232060 0.863039
v 1.414415 0.245703 0.933191
v 1.472338 0.232060 -0.920024
v 1.472822 0.245030 -0.990205
v 1.431708 0.230209 0.378130
v 1.457155 0.230209 -0.435116
v 1.421775 0.230209 0.695578
v 1.467088 0.230209 -0.752563
v 1.647892 0.228199 0.386899
v 1.632661 0.230039 0.874140
v 1.688725 0.230039 -0.917592
v 1.689615 0.242932 -0.987711
v 1.637909 0.228199 0.705910
v 1.630578 0.243468 0.944239
v 1.683446 0.228199 -0.749363
v 1.673464 0.228199 -0.430352
v 1.660677 0.228199 -0.021727
vn 0.7163 -0.6978 0.0073
vn 0.6597 -0.7414 -0.1233
vn 0.7063 -0.6964 -0.1274
vn 0.6668 -0.7452 0.0062
vn 0.6218 -0.7745 -0.1164
vn 0.5383 -0.6255 -0.5647
vn 0.5665 -0.5903 -0.5750
vn -0.8964 -0.4409 -0.0452
vn -0.8329 -0.5125 -0.2089
vn -0.8689 -0.4928 -0.0454
vn -0.9328 -0.3575 -0.0462
vn -0.8652 -0.4602 -0.1989
vn -0.6517 -0.3491 -0.6733
vn -0.6134 -0.4262 -0.6648
vn -0.5751 -0.4632 -0.6743
vn 0.8492 -0.5279 0.0110
vn 0.7743 -0.6189 -0.1322
vn 0.8374 -0.5288 -0.1380
vn 0.7856 -0.6187 0.0091
vn 0.6146 -0.5272 -0.5867
vn 0.6573 -0.4493 -0.6051
vn -0.9624 -0.2674 -0.0476
vn -0.9065 -0.3724 -0.1989
vn -0.9792 -0.1970 -0.0493
vn -0.9374 -0.2792 -0.2083
vn -0.9522 -0.2112 -0.2208
vn -0.6667 -0.2671 -0.6958
vn 0.9257 -0.3781 0.0131
vn 0.8771 -0.4582 -0.1440
vn 0.9113 -0.3840 -0.1484
vn 0.8897 -0.4564 0.0122
vn 0.6796 -0.3907 -0.6209
vn 0.6989 -0.3379 -0.6303
vn 0.9862 -0.1652 0.0134
vn 0.9464 -0.2862 -0.1499
vn 0.9709 -0.1837 -0.1539
vn 0.9617 -0.2738 0.0140
vn 0.7230 -0.2716 -0.6352
vn 0.7378 -0.1995 -0.6448
vn -0.4462 -0.6394 -0.6262
vn -0.1066 -0.2754 -0.9554
vn -0.1140 -0.3089 -0.9442
vn -0.4743 -0.5823 -0.6603
vn -0.1067 -0.2561 -0.9607
vn 0.0481 -0.1261 -0.9909
vn 0.0472 -0.1275 -0.9907
vn 0.0459 -0.1305 -0.9904
vn 0.9969 0.0646 0.0443
vn 0.9987 0.0350 0.0383
vn 0.9972 0.0601 0.0446
vn 0.9986 0.0352 0.0382
vn 0.9993 -0.0128 0.0338
vn 0.9993 -0.0175 0.0325
vn 0.9990 0.0257 0.0361
vn 0.9979 0.0490 0.0418
vn -0.7763 -0.6289 -0.0430
vn -0.6823 -0.7027 -0.2019
vn -0.7074 -0.7057 -0.0396
vn -0.5072 -0.5326 -0.6775
vn -0.7445 -0.6323 -0.2143
vn -0.6171 -0.7662 -0.1794
vn -0.6336 -0.7728 -0.0354
vn -0.1237 -0.1334 -0.9833
vn -0.6706 -0.1154 -0.7328
vn -0.6751 -0.1189 -0.7281
vn 0.0521 -0.1182 -0.9916
vn -0.1239 -0.1282 -0.9840
vn 0.0515 -0.1166 -0.9918
vn -0.1230 -0.1310 -0.9837
vn -0.6619 -0.1402 -0.7364
vn -0.3223 -0.8996 -0.2946
vn -0.1662 -0.4944 -0.8532
vn -0.1620 -0.6352 -0.7552
vn -0.3802 -0.8215 -0.4249
vn -0.1451 -0.4097 -0.9006
vn 0.0411 -0.1394 -0.9894
vn 0.0368 -0.1478 -0.9883
vn 0.0264 -0.2690 -0.9628
vn -0.4209 -0.9069 -0.0213
vn -0.3208 -0.9458 -0.0506
vn -0.3138 -0.9494 -0.0156
vn -0.4938 -0.8692 -0.0260
vn -0.4247 -0.9013 -0.0852
vn -0.4038 -0.7593 -0.5103
vn -0.9899 -0.1330 -0.0500
vn -0.9970 -0.0615 -0.0459
vn -0.9608 -0.1538 -0.2308
vn -0.9686 -0.0921 -0.2310
vn -0.6593 -0.1771 -0.7307
vn -0.6633 -0.2142 -0.7171
vn -0.2036 -0.9790 -0.0111
vn -0.1329 -0.9908 -0.0254
vn -0.1370 -0.9905 -0.0097
vn -0.2043 -0.9785 -0.0275
vn -0.2085 -0.9677 -0.1418
vn -0.1128 -0.9859 -0.1240
vn -0.0888 -0.9960 -0.0089
vn -0.0095 -0.9996 -0.0282
vn -0.0099 -0.9999 -0.0065
vn -0.0858 -0.9959 -0.0289
vn -0.0708 -0.9855 -0.1541
vn -0.0074 -0.9884 -0.1514
vn 0.0960 -0.9954 -0.0035
vn 0.1960 -0.9799 -0.0379
vn 0.1946 -0.9809 -0.0010
vn 0.1017 -0.9943 -0.0323
vn 0.1227 -0.9660 -0.2277
vn 0.1898 -0.8900 -0.4147
vn -0.9993 -0.0045 -0.0359
vn -0.9996 0.0102 -0.0261
vn -0.9746 -0.0447 -0.2194
vn -0.9779 -0.0352 -0.2059
vn 0.2709 -0.9626 0.0020
vn 0.3443 -0.9379 -0.0414
vn 0.3356 -0.9420 0.0033
vn 0.2702 -0.9622 -0.0349
vn 0.2738 -0.9303 -0.2440
vn 0.3652 -0.8788 -0.3072
vn 0.6253 -0.7804 0.0055
vn 0.5811 -0.8070 -0.1053
vn 0.5131 -0.8583 0.0042
vn 0.5804 -0.8143 0.0048
vn 0.5195 -0.8500 -0.0877
vn 0.5010 -0.6893 -0.5233
vn 0.5194 -0.6547 -0.5492
vn 0.4195 -0.9077 0.0040
vn 0.4302 -0.9005 -0.0638
vn 0.4227 -0.8102 -0.4060
vn 0.4719 -0.7410 -0.4777
vn 0.9997 -0.0233 0.0074
vn 0.9808 -0.1035 -0.1655
vn 0.9827 -0.0445 -0.1796
vn 0.9966 -0.0813 0.0104
vn 0.7355 -0.1380 -0.6633
vn 0.7280 -0.0849 -0.6803
vn -0.4215 -0.7015 -0.5747
vn -0.1270 -0.3551 -0.9262
vn 0.0439 -0.1346 -0.9899
vn -0.5584 -0.8290 -0.0306
vn -0.4911 -0.8632 -0.1172
vn -0.5496 -0.8221 -0.1485
vn -0.1464 -0.1675 -0.9749
vn -0.1527 -0.2054 -0.9667
vn -0.1337 -0.1472 -0.9800
vn 0.0505 -0.1158 -0.9920
vn 0.0495 -0.1171 -0.9919
vn 0.0483 -0.1207 -0.9915
vn 0.2363 -0.2874 -0.9282
vn 0.2336 -0.3018 -0.9243
vn 0.2362 -0.3188 -0.9179
vn 0.0769 -0.1285 -0.9887
vn 0.0763 -0.1272 -0.9889
vn -0.8347 -0.5489 -0.0451
vn -0.7985 -0.5615 -0.2171
vn -0.5427 -0.4895 -0.6825
vn 0.2584 -0.1486 -0.9545
vn 0.2572 -0.1692 -0.9514
vn 0.2527 -0.1865 -0.9494
vn 0.0754 -0.1178 -0.9902
vn 0.0753 -0.1160 -0.9904
vn -0.9983 0.0358 -0.0468
vn -0.9987 0.0200 -0.0462
vn -0.9986 0.0164 -0.0495
vn -0.9979 0.0542 -0.0347
vn -0.9987 0.0288 -0.0415
vn -0.9990 0.0332 -0.0284
vn -0.9995 0.0130 -0.0282
vn -0.9992 0.0219 -0.0340
vn -0.1396 -0.2345 -0.9621
vn 0.0482 -0.1240 -0.9911
vn -0.1224 -0.2398 -0.9631
vn -0.1124 -0.7925 -0.5995
vn -0.0392 -0.7653 -0.6425
vn 0.0625 -0.1142 -0.9915
vn 0.0625 -0.1143 -0.9915
vn 0.0510 -0.1155 -0.9920
vn 0.0513 -0.1156 -0.9920
vn 0.0656 -0.1278 -0.9896
vn 0.1434 -0.5748 -0.8056
vn 0.0645 -0.2457 -0.9672
vn 0.0628 -0.1160 -0.9913
vn 0.0982 -0.3091 -0.9460
vn 0.0651 -0.1338 -0.9889
vn 0.1406 -0.5420 -0.8286
vn 0.0624 -0.1143 -0.9915
vn 0.0756 -0.1199 -0.9899
vn 0.0765 -0.1217 -0.9896
vn 0.0485 -0.1253 -0.9909
vn 0.0486 -0.1249 -0.9910
vn 0.0855 -0.1447 -0.9858
vn 0.0898 -0.1928 -0.9771
vn 0.0766 -0.1249 -0.9892
vn 0.0630 -0.1120 -0.9917
vn 0.0625 -0.1141 -0.9915
vn 0.0627 -0.1132 -0.9916
vn 0.0645 -0.1058 -0.9923
vn 0.0783 -0.0995 -0.9920
vn 0.0755 -0.1110 -0.9910
vn 0.0799 -0.1327 -0.9879
vn 0.0821 -0.1373 -0.9871
vn 0.0858 -0.7602 -0.6440
vn 0.0260 -0.7418 -0.6702
vn 0.0524 -0.2377 -0.9699
vn 0.9995 0.0296 0.0130
vn 0.9825 -0.0019 -0.1865
vn 0.9834 0.0125 -0.1813
vn 0.9999 0.0147 0.0077
vn 0.7252 -0.0366 -0.6876
vn 0.7313 -0.0207 -0.6817
vn -0.1258 -0.1381 -0.9824
vn -0.1120 -0.2442 -0.9632
vn 0.0626 -0.1144 -0.9915
vn 0.0632 -0.1133 -0.9915
vn 0.0635 -0.1094 -0.9920
vn -0.0099 -0.7425 -0.6698
vn 0.0754 -0.1186 -0.9901
vn 0.2116 -0.6584 -0.7223
vn 0.2559 -0.5670 -0.7830
vn 0.2473 -0.2655 -0.9318
vn 0.2548 -0.2293 -0.9394
vn 0.2535 -0.2030 -0.9458
vn 0.0779 -0.1304 -0.9884
vn 0.2485 -0.0973 -0.9637
vn 0.2521 -0.1250 -0.9596
vn 0.2520 -0.3931 -0.8843
vn 0.2433 -0.3450 -0.9065
vn 0.2591 -0.4704 -0.8436
vn -0.1453 -0.9886 -0.0387
vn -0.2379 -0.9322 -0.2728
vn -0.6067 -0.7865 -0.1156
vn -0.0121 -0.9997 0.0198
vn -0.1367 -0.9901 0.0310
vn -0.1270 -0.9912 0.0362
vn -0.0215 -0.9996 -0.0160
vn -0.0102 -0.9992 -0.0398
vn -0.0475 -0.9987 -0.0189
vn -0.0008 -1.0000 -0.0098
vn 0.0601 -0.9978 -0.0265
vn 0.0953 -0.9953 -0.0146
vn 0.0656 -0.9975 -0.0263
vn 0.0026 -0.9988 -0.0497
vn -0.0272 -0.9995 -0.0144
vn -0.0043 -0.9979 -0.0652
vn -0.0156 -0.9998 -0.0152
vn -0.0013 -0.9997 -0.0230
vn 0.0310 -0.9995 -0.0035
vn 0.0015 -1.0000 -0.0026
vn -0.0226 -0.9996 0.0167
vn -0.0190 -0.9996 0.0184
vn -0.1156 -0.9933 -0.0078
vn -0.1427 -0.9895 -0.0237
vn -0.1224 -0.9919 -0.0341
vn -0.1057 -0.9944 0.0084
vn -0.1505 -0.9886 -0.0054
vn -0.1440 -0.9896 0.0057
vn -0.1293 -0.9916 -0.0040
vn -0.1157 -0.9932 -0.0118
vn -0.1805 -0.9833 0.0215
vn -0.0241 -0.9996 0.0161
vn -0.2004 -0.9797 0.0097
vn -0.9775 -0.2107 -0.0113
vn -0.9727 -0.1069 -0.2062
vn -0.9989 -0.0444 -0.0172
vn -0.7092 -0.7049 -0.0108
vn -0.9356 -0.3078 -0.1728
vn -0.6097 -0.5265 -0.5925
vn -0.6528 -0.1931 -0.7325
vn -0.1158 -0.9920 -0.0494
vn -0.0500 -0.9984 -0.0278
vn -0.0847 -0.9958 -0.0347
vn -0.1084 -0.9935 -0.0361
vn -0.0785 -0.9968 -0.0174
vn -0.0266 -0.9995 -0.0140
vn 0.0932 -0.9956 -0.0092
vn 0.0874 -0.9961 -0.0083
vn 0.0799 -0.9968 -0.0036
vn -0.0012 -1.0000 -0.0068
vn -0.0175 -0.9998 -0.0072
vn 0.0542 -0.9985 -0.0074
vn 0.0542 -0.9985 -0.0031
vn -0.3113 -0.9501 0.0188
vn -0.2851 -0.9584 0.0139
vn -0.3158 -0.9488 0.0111
vn -0.3319 -0.9430 0.0231
vn -0.2910 -0.9565 0.0190
vn -0.3201 -0.9471 0.0221
vn -0.2175 -0.9760 0.0125
vn -0.2194 -0.9756 0.0099
vn -0.0456 -0.9989 -0.0146
vn 0.0094 -0.9999 -0.0132
vn 0.0205 -0.9998 -0.0065
vn -0.0957 -0.9953 0.0111
vn -0.1310 -0.9914 -0.0041
vn -0.1352 -0.9908 0.0075
vn -0.1220 -0.9925 0.0030
vn -0.1271 -0.9919 0.0017
vn -0.0668 -0.9976 -0.0194
vn -0.0203 -0.9979 -0.0609
vn -0.0811 -0.9967 -0.0049
vn -0.0689 -0.9976 0.0045
vn -0.0885 -0.9957 -0.0291
vn -0.0485 -0.9971 -0.0580
vn -0.0656 -0.9978 -0.0136
vn -0.0710 -0.9966 -0.0409
vn -0.0528 -0.9967 -0.0622
vn -0.0772 -0.9954 -0.0570
vn 0.0667 -0.0886 -0.9938
vn 0.0650 -0.0951 -0.9933
vn 0.0693 -0.0940 -0.9932
vn 0.0909 -0.0781 -0.9928
vn 0.0838 -0.0777 -0.9934
vn -0.0565 -0.9983 0.0106
vn -0.0481 -0.9988 0.0111
vn -0.0408 -0.9991 0.0120
vn -0.1278 -0.9918 0.0097
vn -0.0793 -0.9968 0.0102
vn -0.1693 -0.9855 0.0095
vn -0.0668 -0.9977 0.0092
vn -0.0549 -0.9984 0.0099
vn -0.0252 -0.9996 0.0144
vn -0.1989 -0.9800 0.0008
vn -0.6950 -0.7182 0.0338
vn -0.7574 -0.6521 0.0332
vn -0.0397 -0.9991 0.0136
vn -0.0270 -0.9995 0.0152
vn -0.0249 -0.9996 0.0161
vn -0.0325 -0.9994 0.0148
vn -0.0506 -0.9986 0.0124
vn -0.0135 -0.9965 -0.0824
vn -0.0312 -0.9968 -0.0738
vn -0.1799 -0.9825 0.0489
vn -0.1548 -0.9873 0.0363
vn -0.2324 -0.9718 0.0395
vn -0.1624 -0.9867 -0.0051
vn -0.1257 -0.9915 0.0338
vn -0.1162 -0.9932 -0.0036
vn -0.0581 -0.9981 0.0217
vn -0.0776 -0.9968 0.0185
vn -0.3866 -0.9219 0.0273
vn -0.4197 -0.9071 0.0329
vn -0.3521 -0.9356 0.0251
vn -0.3525 -0.9355 0.0242
vn -0.2366 -0.9716 0.0093
vn -0.2247 -0.9744 0.0126
vn -0.1261 -0.9920 0.0010
vn -0.1213 -0.9926 0.0024
vn -0.1201 -0.9928 0.0006
vn -0.3923 -0.9192 0.0334
vn -0.3256 -0.9451 0.0267
vn -0.3106 -0.9504 0.0152
vn -0.2505 -0.9681 0.0092
vn -0.2007 -0.9795 -0.0198
vn -0.2350 -0.9720 -0.0032
vn -0.9978 -0.0664 -0.0087
vn -0.9922 -0.1249 -0.0014
vn -0.9867 -0.1623 0.0038
vn -0.9999 -0.0025 -0.0166
vn -0.2738 -0.9615 0.0254
vn -0.2001 -0.9796 0.0183
vn -0.1046 -0.9945 -0.0003
vn -0.1455 -0.9892 -0.0184
vn -0.2522 -0.9676 0.0086
vn -0.2584 -0.9660 0.0094
vn -0.2008 -0.9796 0.0069
vn -0.1326 -0.9911 0.0079
vn -0.7116 -0.7022 0.0252
vn -0.0038 -0.9972 -0.0747
vn -0.0002 -0.9961 -0.0880
vn 0.0001 -0.9977 -0.0679
vn -0.8350 -0.5496 -0.0261
vn -0.7784 -0.6273 -0.0242
vn -0.7766 -0.6296 -0.0243
vn -0.8702 -0.4919 -0.0272
vn -0.8370 -0.5466 -0.0261
vn -0.8713 -0.4901 -0.0272
vn -0.8370 -0.5466 -0.0258
vn -0.7783 -0.6274 -0.0239
vn -0.5570 -0.8303 -0.0175
vn -0.4947 -0.8689 -0.0156
vn -0.4929 -0.8700 -0.0155
vn -0.6332 -0.7737 -0.0198
vn -0.5595 -0.8286 -0.0176
vn -0.6354 -0.7719 -0.0199
vn -0.5593 -0.8287 -0.0178
vn -0.4946 -0.8690 -0.0160
vn 0.9993 -0.0173 0.0338
vn 0.9964 -0.0785 0.0317
vn 0.9958 -0.0855 0.0315
vn 0.9858 -0.1649 0.0310
vn 0.9859 -0.1646 0.0313
vn 0.9964 -0.0793 0.0313
vn 0.4846 -0.8747 -0.0026
vn 0.3993 -0.9168 0.0035
vn 0.4933 -0.8698 -0.0011
vn 0.3199 -0.9474 0.0063
vn 0.3917 -0.9201 0.0027
vn 0.3242 -0.9460 0.0065
vn 0.4115 -0.9114 0.0060
vn 0.5058 -0.8627 0.0038
vn 0.6296 -0.7769 -0.0082
vn 0.5689 -0.8224 -0.0057
vn 0.6294 -0.7771 -0.0060
vn 0.5631 -0.8264 -0.0078
vn 0.5764 -0.8172 0.0014
vn 0.6271 -0.7790 0.0017
vn 0.2672 -0.9636 0.0074
vn 0.1953 -0.9807 0.0059
vn 0.2681 -0.9634 0.0073
vn 0.1950 -0.9808 0.0057
vn 0.2707 -0.9626 0.0070
vn 0.3313 -0.9435 0.0071
vn -0.9990 -0.0144 -0.0431
vn -0.9976 -0.0603 -0.0354
vn -0.9968 -0.0711 -0.0354
vn -0.9991 -0.0031 -0.0421
vn -0.9994 0.0075 -0.0341
vn -0.9981 -0.0529 -0.0323
vn 0.0967 -0.9953 0.0029
vn -0.0090 -1.0000 -0.0004
vn 0.0957 -0.9954 0.0026
vn -0.0101 -0.9999 -0.0007
vn 0.0957 -0.9954 0.0016
vn 0.1951 -0.9808 0.0048
vn -0.0885 -0.9961 -0.0029
vn -0.1375 -0.9905 -0.0044
vn -0.0893 -0.9960 -0.0032
vn -0.1380 -0.9904 -0.0047
vn -0.0892 -0.9960 -0.0042
vn -0.0101 -0.9999 -0.0018
vn -0.2036 -0.9790 -0.0064
vn -0.3126 -0.9498 -0.0098
vn -0.2047 -0.9788 -0.0067
vn -0.3144 -0.9492 -0.0101
vn -0.2045 -0.9788 -0.0076
vn -0.1378 -0.9904 -0.0057
vn -0.9772 -0.0555 -0.2049
vn -0.9998 -0.0054 -0.0212
vn -0.6666 -0.1367 -0.7327
vn -0.9901 -0.1366 -0.0317
vn -0.9804 -0.1945 -0.0307
vn -0.9796 -0.1984 -0.0307
vn -0.9909 -0.1305 -0.0317
vn -0.9912 -0.1285 -0.0313
vn -0.9804 -0.1944 -0.0307
vn -0.4195 -0.9077 -0.0132
vn -0.4215 -0.9067 -0.0134
vn -0.4212 -0.9068 -0.0139
vn -0.3142 -0.9493 -0.0108
vn -0.7096 -0.7043 -0.0221
vn -0.7081 -0.7058 -0.0221
vn -0.7094 -0.7045 -0.0219
vn -0.6352 -0.7721 -0.0199
vn 0.9844 -0.1731 0.0308
vn 0.9617 -0.2725 0.0303
vn 0.9601 -0.2779 0.0301
vn 0.9262 -0.3759 0.0292
vn 0.9261 -0.3762 0.0298
vn 0.9617 -0.2724 0.0309
vn 0.9254 -0.3779 0.0290
vn 0.8909 -0.4534 0.0279
vn 0.8908 -0.4535 0.0275
vn 0.8531 -0.5212 0.0255
vn 0.8512 -0.5242 0.0261
vn 0.8905 -0.4541 0.0284
vn -0.9625 -0.2696 -0.0301
vn -0.9342 -0.3555 -0.0292
vn -0.9322 -0.3606 -0.0292
vn -0.9637 -0.2653 -0.0302
vn -0.9637 -0.2653 -0.0301
vn -0.9343 -0.3554 -0.0292
vn 0.8539 -0.5198 0.0253
vn 0.7976 -0.6029 0.0201
vn 0.8014 -0.5978 0.0197
vn 0.7382 -0.6744 0.0111
vn 0.7251 -0.6885 0.0144
vn 0.7906 -0.6119 0.0215
vn -0.8967 -0.4418 -0.0280
vn -0.8984 -0.4383 -0.0281
vn -0.8984 -0.4382 -0.0279
vn -0.8713 -0.4900 -0.0270
vn 0.7460 -0.6659 0.0103
vn 0.6866 -0.7271 0.0009
vn 0.6931 -0.7209 -0.0008
vn 0.6746 -0.7382 0.0067
vn -0.0913 -0.5203 -0.8491
vn -0.1075 -0.1687 -0.9798
vn -0.0389 -0.8966 -0.4412
vn 0.0478 -0.8766 -0.4788
vn 0.0594 -0.4683 -0.8816
vn 0.0564 -0.1337 -0.9894
vn 0.0715 -0.4367 -0.8968
vn 0.0666 -0.1180 -0.9908
vn 0.0595 -0.8715 -0.4868
vn 0.0564 -0.8709 -0.4882
vn 0.0709 -0.4082 -0.9101
vn 0.0667 -0.1054 -0.9922
vn 0.2536 -0.0625 -0.9653
vn 0.2647 -0.0540 -0.9628
vn 0.0719 -0.3863 -0.9196
vn 0.0512 -0.8717 -0.4873
vn 0.0573 -0.8727 -0.4849
vn 0.0939 -0.3658 -0.9259
vn 0.0647 -0.1018 -0.9927
vn 0.0541 -0.1098 -0.9925
vn 0.2768 -0.3264 -0.9038
vn 0.1685 -0.8794 -0.4452
vn 0.7761 -0.2201 -0.5909
vn 0.9955 0.0782 0.0535
vn 0.9962 0.0702 0.0506
vn 0.9960 0.0714 0.0538
vn 0.9960 0.0749 0.0496
vn 0.9971 0.0579 0.0496
vn 0.9968 0.0597 0.0536
vn -0.1173 -0.1336 -0.9841
vn 0.9990 0.0218 0.0393
vn 0.9928 -0.0439 -0.1116
vn 0.9940 -0.0977 -0.0494
vn 0.9993 0.0262 0.0282
vn 0.6195 -0.6827 -0.3874
vn 0.9979 0.0447 0.0466
vn 0.9976 0.0455 0.0523
vn 0.9985 0.0394 0.0377
vn -0.9999 0.0064 -0.0110
vn -0.9997 -0.0222 -0.0033
vn -0.9996 0.0212 -0.0168
vn -0.0647 -0.9979 0.0060
vn -0.0601 -0.9982 0.0034
vn -0.0921 -0.9957 -0.0002
vn -0.0197 -0.9944 -0.1035
vn -0.7201 -0.6938 0.0121
vn -0.0601 -0.9981 0.0103
vn -0.0299 -0.9995 0.0125
vn -0.0287 -0.9995 0.0143
vn -0.0659 -0.9978 0.0096
vn -0.0480 -0.9988 -0.0015
vn -0.0536 -0.9985 0.0145
vn -0.0907 -0.9959 -0.0028
vn -0.1284 -0.9917 -0.0068
vn -0.1392 -0.9899 -0.0271
vn -0.1319 -0.9902 -0.0451
vn -0.1042 -0.9940 -0.0343
vn -0.9828 -0.1844 0.0073
vn -0.0804 -0.9967 -0.0089
vn -0.0238 -0.9996 0.0136
vn -0.0070 -0.9981 -0.0617
vn -0.1218 -0.9926 -0.0017
vn -0.0677 -0.9935 -0.0913
vn -0.0432 -0.9883 -0.1460
vn 0.9993 0.0204 0.0323
vn 0.9994 -0.0195 0.0302
vn -0.7782 -0.6276 -0.0234
vn -0.8370 -0.5466 -0.0254
vn -0.8714 -0.4898 -0.0267
vn -0.4942 -0.8692 -0.0165
vn -0.5590 -0.8290 -0.0181
vn -0.6348 -0.7724 -0.0199
vn 0.9964 -0.0788 0.0305
vn 0.9861 -0.1633 0.0312
vn 0.4171 -0.9088 0.0091
vn 0.5113 -0.8593 0.0104
vn 0.3345 -0.9424 0.0078
vn 0.5797 -0.8147 0.0110
vn 0.6258 -0.7799 0.0123
vn 0.2711 -0.9625 0.0061
vn 0.1949 -0.9808 0.0034
vn -0.9982 -0.0529 -0.0278
vn -0.9997 0.0080 -0.0225
vn 0.0956 -0.9954 -0.0000
vn -0.0100 -0.9999 -0.0033
vn -0.0890 -0.9960 -0.0057
vn -0.1376 -0.9905 -0.0071
vn -0.2041 -0.9789 -0.0089
vn -0.3137 -0.9495 -0.0118
vn -0.9804 -0.1945 -0.0306
vn -0.9912 -0.1290 -0.0302
vn -0.4207 -0.9071 -0.0146
vn -0.7090 -0.7049 -0.0216
vn 0.9617 -0.2722 0.0318
vn 0.9259 -0.3766 0.0307
vn 0.8901 -0.4549 0.0291
vn 0.8498 -0.5264 0.0271
vn -0.9343 -0.3553 -0.0291
vn 0.7869 -0.6166 0.0238
vn 0.7184 -0.6954 0.0195
vn -0.8985 -0.4381 -0.0278
vn 0.6686 -0.7435 0.0154
vn 0.0475 -0.9979 0.0434
vn 0.0174 -0.9996 0.0210
vn 0.0085 -0.9999 -0.0141
vn -0.0139 -0.9967 0.0796
vn -0.0194 -0.9963 0.0832
vn 0.0171 -0.9991 -0.0390
vn 0.0264 -0.9964 -0.0810
vn 0.0026 -0.9986 0.0538
vn -0.0047 -0.9972 0.0740
vn 0.0291 -0.9844 -0.1733
vn -0.0035 -0.9841 -0.1776
vn 0.0046 -0.9955 -0.0950
vn 0.0140 -0.9968 -0.0793
vn 0.0331 -0.9905 -0.1333
vn 0.0139 -0.9992 -0.0376
vn 0.0089 -0.9999 0.0139
vn -0.0070 -0.9986 -0.0515
vn -0.0000 -0.9996 -0.0269
vn -0.0076 -0.9961 -0.0878
vn -0.0008 -0.9996 -0.0296
vn 0.0018 -0.9999 0.0103
vn 0.0037 -0.9999 -0.0124
vn 0.0042 -0.9995 -0.0303
vn 0.0004 -1.0000 -0.0017
vn 0.0001 -1.0000 0.0011
vn -0.0002 -1.0000 -0.0033
vn -0.0010 -0.9994 -0.0344
vn -0.0001 -1.0000 -0.0040
vn -0.0000 -1.0000 -0.0029
vn -0.0000 -1.0000 -0.0000
vn -0.0030 -0.9993 0.0371
vn -0.0004 -0.9996 0.0282
vn -0.0001 -1.0000 0.0036
vn -0.0003 -1.0000 0.0046
vn 0.0209 -0.9996 -0.0198
vn -0.0103 -0.9991 0.0406
vn -0.0066 -0.9993 0.0381
vn -0.0007 -1.0000 0.0046
vn -0.0012 -1.0000 0.0048
vn 0.0021 -0.9993 -0.0372
vn 0.0002 -1.0000 -0.0046
vn 0.0004 -1.0000 -0.0038
vn 0.0273 -0.9996 -0.0006
vn 0.0014 -1.0000 -0.0000
vn 0.0197 -0.9998 -0.0005
vn 0.0011 -1.0000 -0.0000
vn 0.0006 -1.0000 -0.0002
vn -0.0089 -1.0000 -0.0037
vn -0.0004 -1.0000 -0.0003
vn 0.0087 -1.0000 -0.0016
vn -0.0302 -0.9995 -0.0051
vn -0.0018 -1.0000 -0.0005
vn -0.0473 -0.9989 -0.0037
vn -0.0032 -1.0000 -0.0004
vn -0.0041 -1.0000 -0.0001
vn -0.0545 -0.9985 0.0001
vn -0.0042 -1.0000 -0.0000
vn -0.0543 -0.9985 -0.0018
vn -0.0530 -0.9986 0.0004
vn -0.0528 -0.9986 -0.0016
vn -0.0042 -1.0000 -0.0001
vn -0.0281 -0.9995 0.0127
vn -0.0684 -0.9976 -0.0088
vn -0.0293 -0.9995 -0.0139
vn -0.0083 -0.9979 0.0648
vn -0.0165 -0.9998 0.0141
vn -0.2545 -0.9322 0.2574
vn -0.1475 -0.9886 0.0296
vn -0.6127 -0.7865 0.0774
vn -0.1199 -0.9928 -0.0038
vn 0.7153 -0.6978 0.0375
vn 0.6505 -0.7415 0.1645
vn 0.6659 -0.7452 0.0355
vn 0.5295 -0.5903 0.6093
vn 0.6967 -0.6965 0.1715
vn 0.5020 -0.6255 0.5973
vn 0.6133 -0.7745 0.1550
vn 0.6246 -0.7802 0.0339
vn -0.8443 -0.5125 0.1564
vn -0.8975 -0.4409 -0.0109
vn -0.8701 -0.4927 -0.0089
vn -0.6538 -0.4262 0.6252
vn -0.8760 -0.4602 0.1444
vn -0.6925 -0.3491 0.6313
vn -0.9171 -0.3725 0.1419
vn -0.9338 -0.3575 -0.0122
vn 0.8483 -0.5279 0.0421
vn 0.7645 -0.6189 0.1803
vn 0.7846 -0.6187 0.0400
vn 0.6181 -0.4493 0.6450
vn 0.8272 -0.5288 0.1900
vn 0.5766 -0.5273 0.6241
vn -0.9635 -0.2674 -0.0127
vn -0.7089 -0.2671 0.6528
vn -0.9486 -0.2792 0.1494
vn -0.9641 -0.2112 0.1608
vn -0.9803 -0.1970 -0.0121
vn 0.9247 -0.3781 0.0448
vn 0.8664 -0.4582 0.1985
vn 0.8887 -0.4564 0.0435
vn 0.6582 -0.3379 0.6728
vn 0.9003 -0.3840 0.2050
vn 0.6395 -0.3907 0.6622
vn 0.9851 -0.1652 0.0483
vn 0.9351 -0.2862 0.2088
vn 0.9607 -0.2738 0.0461
vn 0.9593 -0.1837 0.2143
vn 0.6818 -0.2716 0.6792
vn -0.4844 -0.6395 0.5970
vn -0.1658 -0.2757 0.9468
vn -0.5146 -0.5823 0.6294
vn -0.1728 -0.3089 0.9352
vn -0.0149 -0.1275 0.9917
vn -0.0140 -0.1261 0.9919
vn -0.1665 -0.2561 0.9522
vn -0.5486 -0.5326 0.6445
vn 0.9977 0.0647 0.0182
vn 0.9991 0.0346 0.0241
vn 0.9991 0.0352 0.0243
vn 0.9980 0.0604 0.0179
vn 0.9993 0.0258 0.0264
vn 0.9994 -0.0175 0.0301
vn 0.9995 -0.0128 0.0287
vn 0.9994 -0.0172 0.0288
vn -0.7774 -0.6290 -0.0058
vn -0.6936 -0.7027 0.1588
vn -0.7565 -0.6323 0.1673
vn -0.7085 -0.7057 -0.0047
vn -0.6271 -0.7662 0.1404
vn -0.7151 -0.1154 0.6894
vn -0.1850 -0.1334 0.9736
vn -0.7193 -0.1189 0.6844
vn -0.7070 -0.1400 0.6932
vn -0.1850 -0.1284 0.9743
vn -0.1842 -0.1309 0.9741
vn -0.0106 -0.1166 0.9931
vn -0.0100 -0.1182 0.9929
vn -0.3401 -0.8996 0.2739
vn -0.2192 -0.4944 0.8412
vn -0.4060 -0.8215 0.4003
vn -0.2089 -0.6351 0.7436
vn -0.0250 -0.1478 0.9887
vn -0.0208 -0.1394 0.9900
vn -0.2011 -0.4097 0.8898
vn -0.4350 -0.7593 0.4840
vn -0.3234 -0.9458 0.0304
vn -0.4213 -0.9069 -0.0051
vn -0.3143 -0.9493 -0.0039
vn -0.4292 -0.9013 0.0585
vn -0.4975 -0.8632 0.0863
vn -0.4945 -0.8692 -0.0050
vn -0.9910 -0.1330 -0.0119
vn -0.7069 -0.2142 0.6742
vn -0.9733 -0.1538 0.1702
vn -0.7037 -0.1770 0.6881
vn -0.9811 -0.0921 0.1699
vn -0.9980 -0.0615 -0.0165
vn -0.1343 -0.9908 0.0172
vn -0.2041 -0.9789 -0.0015
vn -0.1374 -0.9905 0.0011
vn -0.1204 -0.9858 0.1167
vn -0.2057 -0.9785 0.0147
vn -0.0110 -0.9996 0.0273
vn -0.0892 -0.9960 0.0033
vn -0.0103 -0.9999 0.0059
vn -0.0169 -0.9884 0.1507
vn -0.0874 -0.9959 0.0235
vn -0.0803 -0.9855 0.1494
vn 0.1933 -0.9799 0.0500
vn 0.0956 -0.9954 0.0095
vn 0.1944 -0.9808 0.0130
vn 0.1635 -0.8900 0.4257
vn 0.0995 -0.9943 0.0386
vn 0.1082 -0.9660 0.2350
vn -0.9996 -0.0045 -0.0267
vn -0.9865 -0.0447 0.1575
vn -0.9889 -0.0351 0.1444
vn -0.9993 0.0101 -0.0365
vn 0.3411 -0.9379 0.0629
vn 0.2705 -0.9626 0.0150
vn 0.3349 -0.9421 0.0179
vn 0.3453 -0.8788 0.3294
vn 0.2675 -0.9622 0.0517
vn 0.2580 -0.9303 0.2607
vn 0.5734 -0.8070 0.1415
vn 0.5796 -0.8143 0.0315
vn 0.4841 -0.6546 0.5806
vn 0.4677 -0.6891 0.5535
vn 0.5130 -0.8500 0.1200
vn 0.5127 -0.8581 0.0277
vn 0.4189 -0.9078 0.0223
vn 0.4413 -0.7411 0.5060
vn 0.4253 -0.9005 0.0905
vn 0.3965 -0.8102 0.4317
vn 0.9982 -0.0233 0.0551
vn 0.9685 -0.1034 0.2265
vn 0.9953 -0.0812 0.0522
vn 0.9696 -0.0445 0.2407
vn 0.6929 -0.1382 0.7076
vn 0.6961 -0.1995 0.6897
vn -0.4566 -0.7014 0.5473
vn -0.1846 -0.3551 0.9164
vn -0.0181 -0.1346 0.9907
vn -0.0161 -0.1305 0.9913
vn -0.5590 -0.8292 -0.0047
vn -0.5578 -0.8221 0.1138
vn -0.6346 -0.7728 -0.0043
vn -0.2071 -0.1675 0.9639
vn -0.2126 -0.2056 0.9553
vn -0.0125 -0.1176 0.9930
vn -0.0115 -0.1162 0.9932
vn -0.1947 -0.1472 0.9698
vn 0.1778 -0.2874 0.9412
vn 0.0144 -0.1271 0.9918
vn 0.1754 -0.3016 0.9372
vn 0.0150 -0.1285 0.9916
vn 0.1784 -0.3188 0.9309
vn -0.8358 -0.5489 -0.0073
vn -0.5844 -0.4895 0.6472
vn -0.8105 -0.5615 0.1668
vn -0.6161 -0.4632 0.6371
vn 0.1981 -0.1482 0.9689
vn 0.0131 -0.1163 0.9931
vn 0.1972 -0.1692 0.9656
vn 0.0130 -0.1181 0.9929
vn 0.1929 -0.1865 0.9633
vn -0.9997 0.0200 -0.0164
vn -0.9992 0.0358 -0.0157
vn -0.9998 0.0164 -0.0130
vn -0.9994 0.0219 -0.0286
vn -0.9994 0.0288 -0.0210
vn -0.9993 0.0130 -0.0343
vn -0.9989 0.0332 -0.0341
vn -0.9981 0.0542 -0.0278
vn -0.1995 -0.2344 0.9514
vn -0.1823 -0.2398 0.9535
vn -0.0138 -0.1240 0.9922
vn -0.0137 -0.1207 0.9926
vn -0.2170 -0.9677 0.1285
vn -0.1497 -0.7925 0.5913
vn -0.0338 -0.2690 0.9625
vn -0.0794 -0.7653 0.6388
vn 0.0004 -0.1142 0.9935
vn 0.0003 -0.1143 0.9934
vn 0.0004 -0.1143 0.9934
vn -0.0112 -0.1155 0.9932
vn 0.0928 -0.5748 0.8130
vn 0.0036 -0.1277 0.9918
vn 0.0039 -0.2457 0.9693
vn 0.0389 -0.3090 0.9503
vn 0.0885 -0.5419 0.8357
vn 0.0031 -0.1338 0.9910
vn 0.0007 -0.1160 0.9932
vn 0.0142 -0.1221 0.9924
vn 0.0138 -0.1196 0.9927
vn -0.0135 -0.1253 0.9920
vn 0.0285 -0.1927 0.9808
vn 0.0237 -0.1447 0.9892
vn 0.0144 -0.1253 0.9920
vn 0.0008 -0.1120 0.9937
vn 0.0006 -0.1132 0.9936
vn 0.0004 -0.1141 0.9935
vn 0.0161 -0.0995 0.9949
vn 0.0023 -0.1058 0.9944
vn 0.0013 -0.1094 0.9940
vn 0.0203 -0.1372 0.9903
vn 0.0178 -0.1328 0.9910
vn 0.0454 -0.7602 0.6481
vn -0.0159 -0.7418 0.6705
vn -0.0084 -0.2377 0.9713
vn 0.9983 0.0295 0.0494
vn 0.9689 -0.0020 0.2474
vn 0.9984 0.0147 0.0548
vn 0.9701 0.0124 0.2424
vn 0.6808 -0.0366 0.7316
vn 0.6840 -0.0849 0.7245
vn -0.0109 -0.1156 0.9932
vn -0.1871 -0.1381 0.9726
vn -0.0135 -0.1249 0.9921
vn -0.1720 -0.2442 0.9544
vn 0.0005 -0.1144 0.9934
vn 0.0011 -0.1133 0.9936
vn -0.0518 -0.7425 0.6678
vn 0.0134 -0.1186 0.9928
vn 0.2065 -0.5670 0.7974
vn 0.1660 -0.6584 0.7341
vn 0.1886 -0.2655 0.9455
vn 0.1955 -0.2293 0.9535
vn 0.1940 -0.2030 0.9598
vn 0.0162 -0.1301 0.9914
vn 0.0134 -0.1110 0.9937
vn 0.1915 -0.1249 0.9735
vn 0.1877 -0.0973 0.9774
vn 0.1962 -0.3931 0.8983
vn 0.1859 -0.3446 0.9202
vn 0.2058 -0.4703 0.8581
vn -0.0178 -0.9996 -0.0196
vn -0.1788 -0.9833 -0.0327
vn -0.0230 -0.9996 -0.0176
vn -0.1986 -0.9800 -0.0131
vn -0.7085 -0.7049 -0.0336
vn -0.0126 -0.9992 0.0391
vn -0.0222 -0.9996 0.0146
vn -0.0486 -0.9987 0.0159
vn -0.0005 -0.9988 0.0498
vn 0.0583 -0.9978 0.0302
vn 0.0638 -0.9975 0.0303
vn 0.0942 -0.9953 0.0205
vn -0.0014 -1.0000 0.0097
vn -0.0239 -0.9996 -0.0176
vn -0.0260 -0.9995 -0.0169
vn -0.0229 -0.9996 -0.0151
vn -0.0026 -0.9997 0.0228
vn 0.0307 -0.9995 0.0054
vn 0.0196 -0.9996 0.0210
vn -0.1439 -0.9895 0.0147
vn -0.1158 -0.9933 0.0006
vn -0.1243 -0.9919 0.0264
vn -0.1162 -0.9932 0.0046
vn -0.1506 -0.9886 -0.0041
vn -0.1293 -0.9916 -0.0041
vn -0.1435 -0.9895 -0.0150
vn -0.1050 -0.9944 -0.0150
vn -0.0245 -0.9996 -0.0157
vn -0.1344 -0.9901 -0.0395
vn -0.0109 -0.9997 -0.0205
vn -0.1245 -0.9912 -0.0441
vn -0.9836 -0.1071 0.1449
vn -0.9763 -0.2108 -0.0499
vn -0.9980 -0.0445 -0.0453
vn -0.6973 -0.1931 0.6903
vn -0.9446 -0.3078 0.1140
vn -0.6455 -0.5265 0.5532
vn -0.0516 -0.9984 0.0246
vn -0.1186 -0.9920 0.0421
vn -0.0867 -0.9958 0.0293
vn -0.0275 -0.9995 0.0123
vn -0.1105 -0.9935 0.0293
vn -0.0795 -0.9968 0.0125
vn 0.0925 -0.9956 0.0150
vn 0.0865 -0.9962 0.0138
vn 0.0795 -0.9968 0.0086
vn 0.0539 -0.9985 0.0108
vn -0.0178 -0.9998 0.0062
vn -0.0017 -1.0000 0.0067
vn -0.2833 -0.9585 -0.0313
vn -0.3095 -0.9501 -0.0382
vn -0.3147 -0.9487 -0.0310
vn -0.2186 -0.9755 -0.0234
vn -0.2893 -0.9565 -0.0372
vn -0.2165 -0.9759 -0.0262
vn -0.3181 -0.9471 -0.0421
vn -0.3299 -0.9430 -0.0438
vn -0.0464 -0.9989 0.0117
vn 0.0539 -0.9985 0.0065
vn 0.0085 -0.9999 0.0136
vn 0.0201 -0.9998 0.0077
vn -0.0948 -0.9953 -0.0171
vn -0.1268 -0.9919 -0.0097
vn -0.1345 -0.9908 -0.0159
vn -0.1215 -0.9925 -0.0106
vn -0.0679 -0.9976 0.0152
vn -0.0241 -0.9979 0.0595
vn -0.0521 -0.9971 0.0547
vn -0.0901 -0.9957 0.0235
vn -0.0813 -0.9967 -0.0003
vn -0.0663 -0.9978 0.0095
vn -0.0807 -0.9954 0.0519
vn -0.0734 -0.9966 0.0363
vn -0.0563 -0.9967 0.0586
vn 0.0044 -0.0885 0.9961
vn 0.0028 -0.0951 0.9955
vn 0.0215 -0.0777 0.9967
vn 0.0286 -0.0781 0.9965
vn 0.0070 -0.0938 0.9956
vn 0.0046 -0.1052 0.9944
vn -0.0472 -0.9988 -0.0141
vn -0.0556 -0.9984 -0.0141
vn -0.0399 -0.9991 -0.0145
vn -0.0543 -0.9984 -0.0133
vn -0.0784 -0.9968 -0.0151
vn -0.0661 -0.9977 -0.0134
vn -0.1684 -0.9855 -0.0199
vn -0.1270 -0.9917 -0.0178
vn -0.7085 -0.7023 -0.0691
vn -0.1995 -0.9797 -0.0222
vn -0.0387 -0.9991 -0.0161
vn -0.0189 -0.9965 0.0813
vn -0.0357 -0.9968 0.0717
vn -0.0498 -0.9986 -0.0155
vn -0.0315 -0.9994 -0.0168
vn -0.0215 -0.9996 -0.0181
vn -0.1523 -0.9873 -0.0459
vn -0.1765 -0.9825 -0.0601
vn -0.2295 -0.9718 -0.0540
vn -0.0763 -0.9968 -0.0233
vn -0.1234 -0.9915 -0.0417
vn -0.0567 -0.9981 -0.0253
vn -0.3841 -0.9219 -0.0513
vn -0.2234 -0.9744 -0.0266
vn -0.3499 -0.9356 -0.0471
vn -0.2357 -0.9715 -0.0242
vn -0.3503 -0.9355 -0.0461
vn -0.4168 -0.9071 -0.0591
vn -0.1256 -0.9920 -0.0087
vn -0.1209 -0.9926 -0.0100
vn -0.1198 -0.9928 -0.0081
vn -0.3895 -0.9192 -0.0579
vn -0.2348 -0.9720 -0.0115
vn -0.3089 -0.9505 -0.0345
vn -0.2016 -0.9794 0.0072
vn -0.2494 -0.9681 -0.0248
vn -0.3232 -0.9452 -0.0470
vn -0.9963 -0.0664 -0.0537
vn -0.9989 -0.0025 -0.0460
vn -0.9903 -0.1249 -0.0606
vn -0.9846 -0.1623 -0.0655
vn -0.6915 -0.7182 -0.0772
vn -0.7538 -0.6521 -0.0805
vn -0.2717 -0.9614 -0.0425
vn -0.1464 -0.9892 0.0092
vn -0.1986 -0.9796 -0.0309
vn -0.1044 -0.9945 -0.0062
vn -0.0276 -0.9995 -0.0162
vn -0.2512 -0.9676 -0.0243
vn -0.1319 -0.9911 -0.0162
vn -0.2572 -0.9660 -0.0256
vn -0.2000 -0.9796 -0.0194
vn -0.0261 -0.9944 0.1021
vn -0.0732 -0.9935 0.0869
vn -0.7784 -0.6273 -0.0245
vn -0.8350 -0.5496 -0.0262
vn -0.7783 -0.6274 -0.0248
vn -0.8370 -0.5466 -0.0263
vn -0.8370 -0.5466 -0.0266
vn -0.8713 -0.4901 -0.0273
vn -0.4947 -0.8689 -0.0153
vn -0.5570 -0.8303 -0.0174
vn -0.4929 -0.8700 -0.0154
vn -0.4946 -0.8690 -0.0150
vn -0.5595 -0.8286 -0.0174
vn -0.5594 -0.8287 -0.0172
vn 0.9964 -0.0785 0.0306
vn 0.9958 -0.0857 0.0307
vn 0.9964 -0.0793 0.0311
vn 0.9859 -0.1646 0.0304
vn 0.9858 -0.1650 0.0307
vn 0.4835 -0.8747 0.0329
vn 0.3986 -0.9169 0.0214
vn 0.3911 -0.9201 0.0218
vn 0.4923 -0.8698 0.0319
vn 0.4113 -0.9113 0.0198
vn 0.3239 -0.9460 0.0138
vn 0.3196 -0.9474 0.0138
vn 0.6279 -0.7769 0.0475
vn 0.5674 -0.8224 0.0413
vn 0.5615 -0.8264 0.0429
vn 0.6279 -0.7770 0.0453
vn 0.5754 -0.8171 0.0347
vn 0.5050 -0.8627 0.0278
vn 0.2671 -0.9636 0.0093
vn 0.3310 -0.9435 0.0136
vn 0.2681 -0.9634 0.0095
vn 0.2706 -0.9626 0.0099
vn 0.1949 -0.9808 0.0065
vn 0.1953 -0.9807 0.0063
vn -0.9978 -0.0603 -0.0271
vn -0.9997 -0.0143 -0.0194
vn -0.9971 -0.0711 -0.0269
vn -0.9981 -0.0529 -0.0302
vn -0.9998 -0.0031 -0.0205
vn -0.9996 0.0075 -0.0284
vn 0.0966 -0.9953 0.0031
vn 0.1950 -0.9808 0.0074
vn 0.0957 -0.9954 0.0034
vn 0.0956 -0.9954 0.0044
vn -0.0102 -0.9999 0.0001
vn -0.0090 -1.0000 -0.0002
vn -0.0885 -0.9961 -0.0027
vn -0.0102 -0.9999 0.0011
vn -0.0893 -0.9960 -0.0024
vn -0.0893 -0.9960 -0.0014
vn -0.1380 -0.9904 -0.0040
vn -0.1375 -0.9905 -0.0042
vn -0.2036 -0.9790 -0.0063
vn -0.1379 -0.9904 -0.0030
vn -0.2048 -0.9788 -0.0061
vn -0.2046 -0.9788 -0.0052
vn -0.3145 -0.9492 -0.0096
vn -0.3126 -0.9498 -0.0097
vn -0.9881 -0.0555 0.1434
vn -0.9991 -0.0050 -0.0410
vn -0.7112 -0.1367 0.6896
vn -0.9902 -0.1366 -0.0303
vn -0.9910 -0.1305 -0.0303
vn -0.9912 -0.1288 -0.0309
vn -0.4195 -0.9077 -0.0131
vn -0.3142 -0.9493 -0.0088
vn -0.4215 -0.9067 -0.0130
vn -0.4213 -0.9068 -0.0124
vn -0.7096 -0.7043 -0.0223
vn -0.7081 -0.7057 -0.0222
vn -0.6352 -0.7721 -0.0198
vn -0.7094 -0.7045 -0.0225
vn 0.9617 -0.2725 0.0299
vn 0.9601 -0.2779 0.0300
vn 0.9617 -0.2724 0.0293
vn 0.9261 -0.3762 0.0281
vn 0.9262 -0.3759 0.0288
vn 0.9254 -0.3779 0.0289
vn 0.8908 -0.4535 0.0282
vn 0.8905 -0.4541 0.0273
vn 0.8509 -0.5247 0.0270
vn 0.8528 -0.5216 0.0278
vn 0.8538 -0.5198 0.0282
vn -0.9342 -0.3555 -0.0293
vn -0.9322 -0.3607 -0.0292
vn -0.9342 -0.3554 -0.0293
vn 0.7973 -0.6029 0.0298
vn 0.8011 -0.5978 0.0304
vn 0.7904 -0.6119 0.0280
vn 0.7246 -0.6885 0.0310
vn 0.7375 -0.6744 0.0351
vn 0.7451 -0.6659 0.0364
vn -0.8967 -0.4418 -0.0281
vn -0.8713 -0.4900 -0.0276
vn -0.8984 -0.4383 -0.0282
vn -0.8984 -0.4382 -0.0283
vn 0.6853 -0.7271 0.0421
vn 0.6917 -0.7209 0.0442
vn 0.6737 -0.7382 0.0354
vn 0.6260 -0.7789 0.0376
vn -0.1442 -0.5203 0.8417
vn -0.1686 -0.1687 0.9711
vn 0.0042 -0.4683 0.8836
vn 0.0178 -0.8766 0.4808
vn -0.0664 -0.8966 0.4379
vn -0.0055 -0.1335 0.9910
vn 0.0153 -0.4367 0.8995
vn 0.0046 -0.1180 0.9930
vn 0.0138 -0.4081 0.9128
vn 0.0258 -0.8708 0.4909
vn 0.0289 -0.8715 0.4895
vn 0.1928 -0.0625 0.9793
vn 0.6873 -0.0207 0.7261
vn 0.2040 -0.0540 0.9775
vn 0.0142 -0.3863 0.9223
vn 0.0358 -0.3658 0.9300
vn 0.0268 -0.8727 0.4875
vn 0.0207 -0.8717 0.4895
vn 0.0025 -0.1018 0.9948
vn -0.0083 -0.1100 0.9939
vn 0.2198 -0.3264 0.9193
vn 0.7377 -0.2201 0.6383
vn 0.1403 -0.8794 0.4549
vn 0.9969 0.0781 0.0088
vn 0.9975 0.0702 0.0118
vn 0.9971 0.0749 0.0127
vn 0.9974 0.0714 0.0086
vn 0.9982 0.0579 0.0128
vn 0.9986 0.0490 0.0206
vn -0.1786 -0.1336 0.9748
vn 0.9995 0.0218 0.0233
vn 0.9839 -0.0439 0.1735
vn 0.9991 0.0262 0.0343
vn 0.9890 -0.0977 0.1114
vn 0.9982 0.0598 0.0088
vn 0.9989 0.0447 0.0159
vn 0.9989 0.0455 0.0101
vn 0.9989 0.0393 0.0246
vn -0.9986 0.0064 -0.0516
vn -0.9980 -0.0223 -0.0593
vn -0.9987 0.0212 -0.0457
vn -0.0643 -0.9979 -0.0100
vn -0.0597 -0.9982 -0.0072
vn -0.0919 -0.9958 -0.0056
vn -0.0058 -0.9961 0.0879
vn -0.0085 -0.9972 0.0744
vn -0.0043 -0.9977 0.0678
vn -0.0592 -0.9981 -0.0140
vn -0.0652 -0.9978 -0.0137
vn -0.0526 -0.9985 -0.0178
vn -0.0502 -0.9987 -0.0016
vn -0.1286 -0.9917 -0.0012
vn -0.1407 -0.9899 0.0184
vn -0.1344 -0.9902 0.0368
vn -0.1061 -0.9940 0.0277
vn -0.9804 -0.1844 -0.0687
vn -0.7177 -0.6940 -0.0573
vn -0.0808 -0.9967 0.0039
vn -0.1216 -0.9926 -0.0056
vn -0.0131 -0.9961 0.0871
vn -0.0523 -0.9883 0.1429
vn 0.9994 0.0201 0.0298
vn 0.9993 -0.0195 0.0324
vn -0.7781 -0.6276 -0.0252
vn -0.8370 -0.5466 -0.0270
vn -0.8714 -0.4898 -0.0278
vn -0.4942 -0.8692 -0.0145
vn -0.5590 -0.8290 -0.0169
vn -0.6348 -0.7724 -0.0198
vn 0.9964 -0.0788 0.0319
vn 0.9861 -0.1635 0.0301
vn 0.4168 -0.9088 0.0170
vn 0.5111 -0.8593 0.0217
vn 0.3343 -0.9424 0.0132
vn 0.5792 -0.8148 0.0252
vn 0.6254 -0.7799 0.0269
vn 0.2709 -0.9625 0.0109
vn 0.1947 -0.9808 0.0088
vn -0.9980 -0.0528 -0.0346
vn -0.9992 0.0079 -0.0401
vn 0.0954 -0.9954 0.0059
vn -0.0102 -0.9999 0.0026
vn -0.0892 -0.9960 0.0001
vn -0.1378 -0.9905 -0.0015
vn -0.2043 -0.9789 -0.0039
vn -0.3138 -0.9495 -0.0078
vn -0.9804 -0.1945 -0.0308
vn -0.9911 -0.1290 -0.0318
vn -0.4208 -0.9071 -0.0117
vn -0.7090 -0.7049 -0.0228
vn 0.9618 -0.2722 0.0284
vn 0.9260 -0.3766 0.0272
vn 0.8902 -0.4549 0.0266
vn 0.8499 -0.5264 0.0260
vn -0.9343 -0.3553 -0.0293
vn 0.7868 -0.6166 0.0255
vn 0.7182 -0.6953 0.0255
vn -0.8985 -0.4381 -0.0284
vn 0.6683 -0.7434 0.0265
vn 0.0501 -0.9979 -0.0404
vn 0.5940 -0.6828 0.4253
vn -0.0142 -0.9963 -0.0843
vn 0.0187 -0.9996 -0.0199
vn -0.0088 -0.9967 -0.0804
vn 0.0076 -0.9999 0.0147
vn -0.0000 -0.9973 -0.0741
vn 0.0146 -0.9991 0.0400
vn 0.0060 -0.9986 -0.0535
vn 0.0213 -0.9964 0.0824
vn 0.0183 -0.9844 0.1747
vn 0.0090 -0.9968 0.0800
vn -0.0146 -0.9841 0.1770
vn -0.0014 -0.9955 0.0952
vn 0.0097 -0.9999 -0.0133
vn 0.0247 -0.9905 0.1351
vn 0.0116 -0.9992 0.0384
vn -0.0108 -0.9981 0.0611
vn -0.0101 -0.9987 0.0509
vn -0.0002 -1.0000 0.0029
vn 0.0013 -1.0000 0.0027
vn -0.0016 -0.9996 0.0266
vn -0.0001 -1.0000 0.0031
vn 0.0024 -0.9999 -0.0102
vn 0.0002 -1.0000 -0.0010
vn 0.0029 -0.9999 0.0126
vn 0.0003 -1.0000 0.0017
vn 0.0023 -0.9995 0.0305
vn -0.0003 -1.0000 0.0039
vn -0.0027 -0.9996 0.0295
vn -0.0032 -0.9994 0.0343
vn -0.0006 -0.9993 -0.0372
vn -0.0000 -1.0000 -0.0046
vn 0.0014 -0.9996 -0.0282
vn 0.0002 -1.0000 -0.0036
vn -0.0078 -0.9991 -0.0412
vn -0.0009 -1.0000 -0.0049
vn -0.0042 -0.9993 -0.0385
vn -0.0004 -1.0000 -0.0047
vn 0.0002 -1.0000 0.0038
vn -0.0003 -0.9993 0.0373
vn -0.0001 -1.0000 0.0046
vn 0.0014 -1.0000 0.0001
vn 0.0011 -1.0000 0.0001
vn 0.0271 -0.9996 0.0022
vn 0.0006 -1.0000 0.0002
vn -0.0092 -1.0000 0.0031
vn 0.0086 -1.0000 0.0021
vn 0.0197 -0.9998 0.0018
vn -0.0004 -1.0000 0.0003
vn -0.0021 -1.0000 0.0002
vn -0.0032 -1.0000 0.0002
vn -0.0304 -0.9995 0.0032
vn -0.0475 -0.9989 0.0007
vn -0.0042 -1.0000 -0.0002
vn -0.0042 -1.0000 -0.0003
vn -0.0544 -0.9985 -0.0035
vn -0.0544 -0.9985 -0.0016
vn -0.0528 -0.9986 -0.0037
vn 0.4290 -0.0264 -0.9029
vn 0.4968 -0.0262 -0.8675
vn 0.4967 -0.0261 -0.8675
vn 0.5814 -0.0322 -0.8130
vn 0.5820 -0.0320 -0.8126
vn 0.0752 -0.0146 -0.9971
vn 0.0944 -0.0292 -0.9951
vn 0.0943 -0.0293 -0.9951
vn 0.1179 -0.0496 -0.9918
vn 0.1179 -0.0497 -0.9918
vn 0.0694 -0.0082 -0.9976
vn 0.0729 -0.0058 -0.9973
vn 0.0694 -0.0083 -0.9976
vn 0.0754 -0.0149 -0.9970
vn 0.0674 -0.0005 -0.9977
vn 0.0746 -0.0035 -0.9972
vn 0.0746 -0.0036 -0.9972
vn 0.0726 -0.0058 -0.9973
vn 0.0571 0.0025 -0.9984
vn 0.0534 0.0044 -0.9986
vn 0.0574 0.0023 -0.9983
vn 0.0672 -0.0000 -0.9977
vn 0.0450 0.0091 -0.9989
vn 0.0520 0.0071 -0.9986
vn 0.0522 0.0070 -0.9986
vn 0.0534 0.0049 -0.9986
vn -0.0012 0.0015 -1.0000
vn 0.0252 0.0079 -0.9997
vn 0.0256 0.0077 -0.9996
vn 0.0449 0.0093 -0.9989
vn -0.0189 -0.0072 -0.9998
vn -0.0184 -0.0047 -0.9998
vn -0.0184 -0.0046 -0.9998
vn -0.0015 0.0015 -1.0000
vn 0.0190 -0.0062 -0.9998
vn 0.0185 -0.0172 -0.9997
vn 0.0187 -0.0061 -0.9998
vn 0.0090 -0.0044 -0.9999
vn 0.0087 -0.0043 -1.0000
vn 0.0059 -0.0654 -0.9978
vn 0.0138 -0.0344 -0.9993
vn 0.0136 -0.0345 -0.9993
vn 0.0186 -0.0171 -0.9997
vn -0.0054 -0.1353 -0.9908
vn -0.0099 -0.2384 -0.9711
vn -0.0053 -0.1350 -0.9908
vn 0.0060 -0.0654 -0.9978
vn 0.1226 -0.0616 -0.9905
vn 0.1223 -0.0621 -0.9906
vn 0.0996 -0.0551 -0.9935
vn 0.0995 -0.0551 -0.9935
vn 0.0468 -0.3564 -0.9332
vn 0.0650 -0.4015 -0.9136
vn 0.0467 -0.3564 -0.9332
vn 0.0251 -0.3480 -0.9372
vn 0.0247 -0.3480 -0.9372
vn 0.0026 -0.3188 -0.9478
vn 0.0024 -0.3185 -0.9479
vn -0.0099 -0.2389 -0.9710
vn -0.0073 -0.0069 -0.9999
vn -0.0075 -0.0069 -0.9999
vn 0.0822 -0.0641 -0.9945
vn 0.0965 -0.0993 -0.9904
vn 0.0965 -0.0994 -0.9904
vn 0.1037 -0.1288 -0.9862
vn 0.1001 -0.1437 -0.9845
vn 0.1001 -0.1439 -0.9845
vn 0.0884 -0.1495 -0.9848
vn 0.0761 -0.1586 -0.9844
vn 0.0760 -0.1587 -0.9844
vn 0.0678 -0.1826 -0.9809
vn 0.0678 -0.1826 -0.9808
vn 0.0619 -0.2245 -0.9725
vn 0.0618 -0.2246 -0.9725
vn 0.0550 -0.2809 -0.9582
vn 0.0548 -0.2809 -0.9582
vn 0.0464 -0.3351 -0.9410
vn 0.0468 -0.3348 -0.9411
vn 0.0385 -0.3729 -0.9271
vn 0.0388 -0.3729 -0.9271
vn 0.0269 -0.3936 -0.9189
vn 0.0268 -0.3937 -0.9188
vn 0.0209 -0.4033 -0.9149
vn 0.0209 -0.4034 -0.9148
vn 0.0789 -0.0477 -0.9957
vn 0.0789 -0.0478 -0.9957
vn 0.0822 -0.0644 -0.9945
vn 0.9330 -0.3409 -0.1153
vn 0.9155 -0.3817 -0.1270
vn 0.9155 -0.3817 -0.1271
vn 0.9033 -0.4048 -0.1420
vn 0.9776 -0.1914 -0.0874
vn 0.9618 -0.2329 -0.1437
vn 0.9776 -0.1915 -0.0876
vn 0.9845 -0.1725 0.0308
vn 0.7370 -0.0409 -0.6746
vn 0.7373 -0.0407 -0.6744
vn 0.9472 -0.2777 -0.1603
vn 0.9295 -0.3295 -0.1654
vn 0.9473 -0.2775 -0.1602
vn 0.9618 -0.2330 -0.1439
vn 0.9101 -0.3828 -0.1587
vn 0.9101 -0.3827 -0.1588
vn 0.9295 -0.3297 -0.1654
vn 0.9417 -0.3176 -0.1110
vn 0.9452 -0.2979 -0.1334
vn 0.9330 -0.3408 -0.1152
vn 0.8771 -0.0685 -0.4754
vn 0.8764 -0.0683 -0.4768
vn 0.9451 -0.1385 -0.2961
vn 0.9454 -0.1395 -0.2947
vn 0.9534 -0.2351 -0.1893
vn 0.9533 -0.2355 -0.1889
vn 0.9453 -0.2978 -0.1334
vn 0.3718 -0.0265 0.9280
vn 0.4416 -0.0262 0.8968
vn 0.3721 -0.0264 0.9278
vn 0.5294 -0.0322 0.8477
vn 0.0913 -0.4327 -0.8969
vn 0.0905 -0.4323 -0.8972
vn 0.1908 -0.2920 -0.9372
vn 0.1819 -0.3411 -0.9223
vn 0.2961 -0.0931 -0.9506
vn 0.2937 -0.0950 -0.9512
vn 0.2337 -0.0950 0.9677
vn 0.2361 -0.0931 0.9673
vn 0.0597 -0.9982 -0.0074
vn 0.0752 -0.9924 -0.0977
vn 0.0751 -0.9923 -0.0980
vn 0.0903 -0.9069 -0.4117
vn 0.0903 -0.9069 -0.4115
vn 0.0846 -0.6247 -0.7763
vn 0.0843 -0.6238 -0.7770
vn 0.0649 -0.4018 -0.9134
vn -0.0020 -0.9999 0.0151
vn 0.0431 -0.9991 0.0050
vn 0.0430 -0.9991 0.0053
vn 0.0592 -0.9982 -0.0074
vn -0.0041 -0.9997 0.0229
vn -0.0206 -0.9995 0.0238
vn -0.0220 -0.9995 0.0238
vn -0.0026 -0.9999 0.0153
vn 0.0131 -0.0150 0.9998
vn 0.0319 -0.0293 0.9991
vn 0.0129 -0.0148 0.9998
vn 0.0320 -0.0296 0.9990
vn 0.0557 -0.0497 0.9972
vn 0.0068 -0.0082 0.9999
vn 0.0105 -0.0058 0.9999
vn 0.0106 -0.0057 0.9999
vn 0.0069 -0.0083 0.9999
vn 0.0049 -0.0005 1.0000
vn 0.0121 -0.0035 0.9999
vn 0.0047 -0.0003 1.0000
vn 0.0122 -0.0039 0.9999
vn -0.0054 0.0026 1.0000
vn -0.0091 0.0044 0.9999
vn -0.0091 0.0048 0.9999
vn -0.0052 0.0024 1.0000
vn -0.0176 0.0091 0.9998
vn -0.0106 0.0071 0.9999
vn -0.0176 0.0093 0.9998
vn -0.0104 0.0070 0.9999
vn -0.0637 0.0015 0.9980
vn -0.0375 0.0080 0.9993
vn -0.0640 0.0015 0.9979
vn -0.0372 0.0078 0.9993
vn -0.0814 -0.0072 0.9967
vn -0.0809 -0.0047 0.9967
vn -0.0814 -0.0071 0.9967
vn -0.0809 -0.0046 0.9967
vn -0.0436 -0.0062 0.9990
vn -0.0441 -0.0172 0.9989
vn -0.0439 -0.0173 0.9989
vn -0.0535 -0.0045 0.9986
vn -0.0439 -0.0061 0.9990
vn -0.0563 -0.0654 0.9963
vn -0.0488 -0.0345 0.9982
vn -0.0566 -0.0654 0.9963
vn -0.0487 -0.0344 0.9982
vn -0.0673 -0.1353 0.9885
vn -0.0706 -0.2384 0.9686
vn -0.0706 -0.2389 0.9685
vn -0.0672 -0.1350 0.9886
vn 0.0603 -0.0617 0.9963
vn 0.0370 -0.0551 0.9978
vn -0.0116 -0.3564 0.9343
vn 0.0076 -0.4015 0.9158
vn 0.0077 -0.4018 0.9157
vn -0.0336 -0.3480 0.9369
vn -0.0117 -0.3564 0.9343
vn -0.0567 -0.3188 0.9461
vn -0.0339 -0.3480 0.9369
vn -0.0569 -0.3185 0.9462
vn -0.0698 -0.0069 0.9975
vn -0.0537 -0.0045 0.9985
vn -0.0700 -0.0069 0.9975
vn 0.0199 -0.0643 0.9977
vn 0.0345 -0.0991 0.9945
vn 0.0344 -0.0993 0.9945
vn 0.0418 -0.1287 0.9908
vn 0.0384 -0.1437 0.9889
vn 0.0266 -0.1495 0.9884
vn 0.0383 -0.1438 0.9889
vn 0.0144 -0.1586 0.9872
vn 0.0267 -0.1496 0.9884
vn 0.0142 -0.1586 0.9872
vn 0.0063 -0.1825 0.9832
vn 0.0063 -0.1827 0.9832
vn 0.0010 -0.2245 0.9745
vn 0.0009 -0.2246 0.9745
vn -0.0047 -0.2809 0.9597
vn -0.0052 -0.2809 0.9597
vn -0.0122 -0.3350 0.9421
vn -0.0121 -0.3348 0.9422
vn -0.0194 -0.3729 0.9277
vn -0.0196 -0.3729 0.9276
vn -0.0306 -0.3936 0.9188
vn -0.0307 -0.3937 0.9187
vn -0.0364 -0.4033 0.9144
vn 0.0163 -0.0476 0.9987
vn 0.0373 -0.0552 0.9978
vn 0.0164 -0.0477 0.9987
vn 0.9240 -0.3409 0.1734
vn 0.9058 -0.3817 0.1841
vn 0.9240 -0.3408 0.1733
vn 0.8926 -0.4048 0.1982
vn 0.9702 -0.1914 0.1484
vn 0.9510 -0.2329 0.2036
vn 0.9509 -0.2330 0.2037
vn 0.9702 -0.1915 0.1486
vn 0.6934 -0.0409 0.7194
vn 0.5300 -0.0320 0.8474
vn 0.9354 -0.2776 0.2192
vn 0.9174 -0.3295 0.2232
vn 0.9174 -0.3294 0.2231
vn 0.9354 -0.2775 0.2192
vn 0.8984 -0.3829 0.2153
vn 0.8927 -0.4048 0.1982
vn 0.8984 -0.3827 0.2154
vn 0.9329 -0.3176 0.1697
vn 0.9351 -0.2979 0.1922
vn 0.8457 -0.0686 0.5293
vn 0.6936 -0.0409 0.7192
vn 0.9247 -0.1386 0.3546
vn 0.8449 -0.0683 0.5306
vn 0.9251 -0.1396 0.3532
vn 0.9397 -0.2350 0.2485
vn 0.9397 -0.2355 0.2482
vn 0.4294 -0.0265 -0.9027
vn -0.0363 -0.4034 0.9143
vn 0.0351 -0.4326 0.9009
vn 0.0342 -0.4323 0.9011
vn 0.1319 -0.2920 0.9473
vn 0.1239 -0.3412 0.9318
vn 0.0590 -0.9982 0.0111
vn 0.0690 -0.9924 0.1023
vn 0.0586 -0.9982 0.0111
vn 0.0690 -0.9923 0.1025
vn 0.0644 -0.9069 0.4165
vn 0.0358 -0.6247 0.7801
vn 0.0644 -0.9069 0.4164
vn 0.0360 -0.6239 0.7807
vn -0.0011 -0.9999 -0.0152
vn 0.0432 -0.9991 -0.0026
vn -0.0017 -0.9999 -0.0154
vn -0.0365 -0.9990 -0.0270
vn -0.0003 -0.9999 0.0102
vn -0.0002 -1.0000 0.0051
vn -0.0008 -0.9999 0.0102
vn -0.0005 -1.0000 0.0053
vn 0.0002 -1.0000 -0.0051
vn -0.0052 -1.0000 -0.0057
vn -0.0048 -1.0000 -0.0001
vn -0.0279 -0.9957 -0.0884
vn 0.0002 -1.0000 -0.0052
vn 0.0003 -0.9999 -0.0102
vn 0.0003 -0.9999 -0.0103
vn -0.0054 -1.0000 0.0048
vn -0.0334 -0.9957 0.0864
vn 0.0002 -0.9999 -0.0103
vn -0.0046 -1.0000 -0.0001
vn -0.0007 -0.9831 -0.1832
vn 0.0029 -0.9951 -0.0986
vn 0.0056 -0.9829 -0.1843
vn 0.0001 -1.0000 -0.0059
vn -0.0027 -0.9953 -0.0970
vn -0.0045 -1.0000 -0.0057
vn -0.0049 -1.0000 0.0054
vn -0.0003 -1.0000 0.0059
vn -0.0087 -0.9949 0.1010
vn -0.0123 -0.9815 0.1912
vn -0.0028 -0.9949 0.1012
vn -0.9995 -0.0000 -0.0313
vn -0.9995 -0.0000 -0.0319
vn -0.9995 0.0001 -0.0319
vn -0.9995 0.0004 -0.0325
vn -0.9995 0.0005 -0.0324
vn -0.9995 -0.0000 -0.0312
vn -0.9995 0.0001 -0.0306
vn -0.9995 0.0001 -0.0300
vn -0.0146 -0.9949 0.1001
vn -0.0195 -0.9814 0.1908
vn -0.0147 -0.9948 0.1011
vn -0.0092 -0.9999 -0.0058
vn -0.0082 -0.9953 -0.0969
vn -0.0098 -0.9999 -0.0053
vn -0.0094 -1.0000 -0.0003
vn -0.0093 -1.0000 -0.0003
vn -0.0082 -0.9953 -0.0966
vn -0.0082 -0.9953 -0.0964
vn -0.0092 -0.9999 -0.0057
vn -0.0073 -0.9833 -0.1819
vn -0.0323 -0.9827 -0.1826
vn -0.0180 -0.9964 -0.0834
vn -0.0230 -0.9963 0.0827
vn -0.0191 -0.9830 0.1824
vn -0.0145 -0.9952 0.0967
vn -0.0096 -0.9999 0.0052
vn -0.0072 -0.9835 -0.1809
vn -0.0073 -0.9834 -0.1813
vn -0.0096 -0.9999 0.0051
vn -0.0101 -0.9999 0.0049
vn -0.0083 -0.9954 -0.0956
vn -0.0073 -0.9838 -0.1794
vn -0.0438 -0.9825 0.1812
vn -0.0681 -0.9808 0.1826
vn -0.9900 -0.1325 -0.0484
vn -0.9342 -0.2358 -0.2676
vn -0.9766 -0.2097 -0.0468
vn -0.9963 -0.0696 -0.0494
vn -0.9467 -0.1651 -0.2765
vn -0.9535 -0.1099 -0.2806
vn -0.6219 -0.2194 -0.7517
vn -0.6186 -0.2619 -0.7408
vn 0.9751 -0.2213 0.0109
vn 0.9338 -0.3007 -0.1938
vn 0.9408 -0.2771 -0.1950
vn 0.9641 -0.2654 0.0115
vn 0.9264 -0.3267 -0.1872
vn 0.6342 -0.3391 -0.6948
vn 0.6299 -0.3354 -0.7005
vn 0.6242 -0.3617 -0.6925
vn -0.7549 -0.6545 -0.0414
vn -0.6611 -0.7305 -0.1713
vn -0.6749 -0.7369 -0.0387
vn -0.8346 -0.5491 -0.0441
vn -0.7308 -0.6524 -0.2007
vn -0.5577 -0.4903 -0.6697
vn -0.5303 -0.5602 -0.6364
vn -0.5088 -0.6263 -0.5906
vn 0.3220 -0.9467 -0.0022
vn 0.2473 -0.9682 -0.0391
vn 0.3280 -0.9428 -0.0602
vn 0.2423 -0.9702 -0.0037
vn 0.1930 -0.9807 -0.0301
vn 0.2498 -0.9302 -0.2690
vn 0.3073 -0.8721 -0.3809
vn -0.5978 -0.8008 -0.0367
vn -0.5095 -0.8540 -0.1055
vn -0.5090 -0.8601 -0.0344
vn -0.5929 -0.7931 -0.1391
vn -0.4911 -0.6931 -0.5277
vn -0.4622 -0.7733 -0.4340
vn 0.9987 -0.0502 0.0122
vn 0.9601 -0.1786 -0.2150
vn 0.9692 -0.1322 -0.2076
vn 0.9960 -0.0889 0.0090
vn 0.9515 -0.2263 -0.2086
vn 0.6129 -0.3758 -0.6951
vn 0.6250 -0.3138 -0.7147
vn 0.6405 -0.2798 -0.7152
vn 0.9539 -0.2998 0.0121
vn 0.9159 -0.3599 -0.1778
vn 0.9427 -0.3334 0.0129
vn 0.8922 -0.4172 -0.1730
vn 0.6211 -0.4156 -0.6645
vn 0.6353 -0.3652 -0.6804
vn 0.1962 -0.9806 -0.0053
vn 0.1497 -0.9883 -0.0286
vn 0.1533 -0.9882 -0.0076
vn 0.0809 -0.9963 -0.0283
vn 0.1287 -0.9841 -0.1221
vn 0.1838 -0.9692 -0.1640
vn -0.9575 -0.2847 -0.0455
vn -0.8904 -0.3840 -0.2443
vn -0.9302 -0.3642 -0.0447
vn -0.9168 -0.3067 -0.2556
vn -0.6160 -0.3103 -0.7240
vn -0.6054 -0.3684 -0.7055
vn -0.4021 -0.9151 -0.0312
vn -0.2770 -0.9577 -0.0784
vn -0.2782 -0.9601 -0.0278
vn -0.3971 -0.9137 -0.0861
vn -0.3641 -0.8626 -0.3513
vn -0.2266 -0.8550 -0.4665
vn -0.9987 -0.0059 -0.0510
vn -0.9569 -0.0812 -0.2789
vn -0.9983 -0.0315 -0.0494
vn -0.9562 -0.0697 -0.2844
vn -0.6244 -0.1813 -0.7598
vn -0.6234 -0.1894 -0.7586
vn -0.1744 -0.2445 -0.9539
vn -0.1771 -0.2654 -0.9477
vn -0.1688 -0.2297 -0.9585
vn -0.0285 -0.2170 -0.9758
vn -0.0292 -0.2182 -0.9755
vn -0.0297 -0.2204 -0.9750
vn 0.0832 -0.9965 -0.0110
vn 0.0094 -0.9992 -0.0396
vn 0.0137 -0.9998 -0.0148
vn -0.0575 -0.9971 -0.0508
vn -0.0457 -0.9507 -0.3067
vn 0.0137 -0.9869 -0.1608
vn 0.0751 -0.9934 -0.0862
vn 0.9919 -0.1264 0.0088
vn 0.9466 -0.2533 -0.1995
vn 0.9856 -0.1689 0.0099
vn 0.6153 -0.3904 -0.6848
vn 0.6437 -0.7653 0.0068
vn 0.5726 -0.8087 -0.1349
vn 0.6225 -0.7683 -0.1487
vn 0.5861 -0.8103 0.0049
vn 0.4920 -0.8633 -0.1123
vn 0.4252 -0.6968 -0.5776
vn 0.4465 -0.6591 -0.6052
vn -0.0575 -0.9982 -0.0185
vn -0.1578 -0.9854 -0.0637
vn -0.1549 -0.9877 -0.0226
vn -0.1598 -0.9429 -0.2923
vn -0.6010 -0.2034 -0.7730
vn -0.1610 -0.2225 -0.9615
vn -0.6176 -0.1876 -0.7638
vn -0.5770 -0.2693 -0.7711
vn -0.1532 -0.2361 -0.9596
vn -0.1401 -0.3112 -0.9400
vn -0.0281 -0.2311 -0.9725
vn -0.0284 -0.2197 -0.9752
vn -0.9985 0.0058 -0.0541
vn -0.9983 0.0073 -0.0577
vn -0.9520 -0.0720 -0.2974
vn -0.9463 -0.0954 -0.3089
vn 0.7712 -0.6365 0.0103
vn 0.6646 -0.7305 -0.1570
vn 0.7418 -0.6501 -0.1649
vn 0.6902 -0.7235 0.0084
vn 0.4665 -0.6310 -0.6199
vn 0.5113 -0.5806 -0.6336
vn 0.1383 -0.3182 -0.9379
vn 0.1465 -0.2683 -0.9521
vn 0.1534 -0.2553 -0.9546
vn -0.0047 -0.2349 -0.9720
vn -0.0088 -0.2763 -0.9610
vn -0.1645 -0.2160 -0.9624
vn -0.0285 -0.2173 -0.9757
vn -0.1655 -0.2154 -0.9624
vn 0.9218 -0.3874 0.0131
vn 0.8341 -0.5245 -0.1709
vn 0.8666 -0.4989 0.0116
vn 0.5758 -0.4973 -0.6489
vn -0.8926 -0.4487 -0.0450
vn -0.8005 -0.5560 -0.2236
vn -0.8533 -0.4649 -0.2360
vn -0.5838 -0.4274 -0.6903
vn 0.4963 -0.8682 0.0025
vn 0.4075 -0.9091 -0.0858
vn 0.4061 -0.9138 -0.0001
vn 0.3482 -0.8131 -0.4664
vn 0.3878 -0.7534 -0.5311
vn -0.1738 -0.2852 -0.9426
vn -0.0298 -0.2224 -0.9745
vn -0.1740 -0.3046 -0.9364
vn -0.1808 -0.3308 -0.9262
vn -0.1950 -0.3649 -0.9104
vn -0.0300 -0.2241 -0.9741
vn -0.0315 -0.2256 -0.9737
vn -0.0334 -0.2282 -0.9731
vn -0.2178 -0.4155 -0.8831
vn -0.2419 -0.5045 -0.8288
vn -0.0365 -0.2318 -0.9721
vn -0.0428 -0.2602 -0.9646
vn 0.1424 -0.4340 -0.8896
vn 0.1509 -0.4934 -0.8566
vn 0.1564 -0.5814 -0.7984
vn 0.0029 -0.2398 -0.9708
vn 0.0008 -0.2345 -0.9721
vn 0.1368 -0.6951 -0.7058
vn 0.1049 -0.7758 -0.6222
vn 0.0144 -0.3134 -0.9495
vn 0.0064 -0.2521 -0.9677
vn -0.0155 -0.2168 -0.9761
vn -0.0021 -0.2282 -0.9736
vn -0.0016 -0.2294 -0.9733
vn -0.0156 -0.2172 -0.9760
vn -0.0156 -0.2178 -0.9759
vn -0.0023 -0.2199 -0.9755
vn -0.0020 -0.2225 -0.9749
vn -0.0163 -0.2215 -0.9750
vn -0.0165 -0.2206 -0.9752
vn -0.0184 -0.2318 -0.9726
vn -0.0157 -0.2177 -0.9759
vn -0.0283 -0.2166 -0.9758
vn -0.0283 -0.2165 -0.9759
vn -0.0159 -0.2178 -0.9759
vn -0.0007 -0.2312 -0.9729
vn -0.0305 -0.2429 -0.9696
vn -0.0334 -0.2713 -0.9619
vn -0.0266 -0.2390 -0.9707
vn -0.0362 -0.3141 -0.9487
vn -0.0382 -0.2592 -0.9651
vn -0.0437 -0.3072 -0.9507
vn -0.0253 -0.2824 -0.9590
vn -0.0216 -0.3145 -0.9490
vn -0.0222 -0.2398 -0.9706
vn -0.0201 -0.2521 -0.9675
vn -0.0265 -0.2741 -0.9613
vn -0.0153 -0.3169 -0.9483
vn -0.0556 -0.3423 -0.9380
vn -0.0187 -0.2283 -0.9734
vn -0.0188 -0.2259 -0.9740
vn -0.1205 -0.5674 -0.8146
vn -0.1197 -0.5193 -0.8462
vn -0.0024 -0.2254 -0.9743
vn -0.0025 -0.2271 -0.9739
vn -0.0268 -0.2803 -0.9595
vn -0.0879 -0.7215 -0.6868
vn -0.0467 -0.6528 -0.7561
vn -0.0030 -0.2205 -0.9754
vn -0.0167 -0.2272 -0.9737
vn 0.1362 -0.3898 -0.9108
vn 0.1317 -0.3660 -0.9212
vn 0.1301 -0.3548 -0.9258
vn 0.1349 -0.3403 -0.9306
vn 0.1476 -0.3175 -0.9367
vn 0.1601 -0.2883 -0.9441
vn -0.0170 -0.2327 -0.9724
vn 0.1263 -0.3684 -0.9211
vn -0.0285 -0.3015 -0.9531
vn 0.1284 -0.3185 -0.9392
vn 0.1281 -0.3114 -0.9416
vn 0.1601 -0.2650 -0.9509
vn 0.0132 -0.5697 -0.8217
vn -0.0283 -0.5064 -0.8619
vn 0.1300 -0.3709 -0.9195
vn -0.1664 -0.2207 -0.9610
vn -0.2138 -0.6030 -0.7685
vn -0.0194 -0.2234 -0.9745
vn -0.0285 -0.3081 -0.9509
vn -0.0211 -0.2338 -0.9721
vn -0.0248 -0.3131 -0.9494
vn -0.0178 -0.2223 -0.9748
vn 0.0565 -0.9172 -0.3944
vn -0.0138 -0.7482 -0.6634
vn -0.9982 -0.0160 -0.0572
vn -0.9520 -0.1729 -0.2526
vn -0.9983 0.0012 -0.0577
vn -0.9223 -0.3375 -0.1881
vn -0.5717 -0.5474 -0.6112
vn -0.0952 -0.9497 -0.2983
vn -0.3367 -0.8955 -0.2911
vn -0.0326 -0.6288 -0.7769
vn -0.1187 -0.6254 -0.7713
vn -0.0346 -0.9556 -0.2928
vn -0.0357 -0.6350 -0.7717
vn -0.0434 -0.9563 -0.2893
vn -0.0508 -0.6264 -0.7779
vn -0.0588 -0.9527 -0.2981
vn -0.0587 -0.5959 -0.8009
vn -0.0667 -0.9439 -0.3235
vn -0.0401 -0.5629 -0.8256
vn -0.0483 -0.9352 -0.3508
vn 0.1151 -0.5512 -0.8264
vn 0.0981 -0.9288 -0.3572
vn 0.6737 -0.4583 -0.5798
vn 0.9991 -0.0291 0.0298
vn 0.9800 -0.1470 -0.1344
vn 0.9721 -0.2233 -0.0718
vn 0.9993 -0.0290 0.0223
vn 0.4359 -0.8460 -0.3071
vn 0.9993 0.0039 0.0384
vn 0.9993 -0.0096 0.0366
vn 0.9992 -0.0032 0.0390
vn 0.9993 -0.0033 0.0361
vn 0.9988 -0.0351 0.0331
vn -0.9993 0.0107 -0.0361
vn -0.9993 0.0160 -0.0350
vn -0.9993 0.0107 -0.0346
vn -0.9992 0.0164 -0.0367
vn -0.9994 0.0156 -0.0320
vn -0.9994 0.0110 -0.0318
vn 0.5021 -0.8647 0.0135
vn 0.4087 -0.9126 0.0083
vn 0.4993 -0.8663 0.0132
vn 0.4114 -0.9114 0.0088
vn 0.3233 -0.9463 0.0040
vn -0.8931 -0.4479 -0.0419
vn -0.8367 -0.5469 -0.0281
vn -0.8346 -0.5497 -0.0353
vn -0.9330 -0.3576 -0.0417
vn -0.8948 -0.4455 -0.0292
vn -0.9327 -0.3594 -0.0289
vn 0.9232 -0.3832 0.0305
vn 0.8681 -0.4955 0.0296
vn 0.9230 -0.3835 0.0306
vn 0.8684 -0.4950 0.0294
vn 0.7733 -0.6335 0.0271
vn 0.7740 -0.6326 0.0268
vn 0.6927 -0.7208 0.0240
vn 0.6938 -0.7197 0.0238
vn 0.6466 -0.7625 0.0212
vn -0.9995 0.0084 -0.0300
vn -0.9996 -0.0011 -0.0283
vn -0.9996 -0.0035 -0.0285
vn -0.9995 0.0117 -0.0298
vn -0.0562 -0.9983 -0.0119
vn -0.1542 -0.9879 -0.0165
vn -0.0567 -0.9983 -0.0130
vn -0.2783 -0.9603 -0.0193
vn -0.1540 -0.9880 -0.0154
vn -0.2783 -0.9603 -0.0205
vn 0.6480 -0.7613 0.0213
vn 0.5889 -0.8080 0.0179
vn 0.5912 -0.8064 0.0180
vn 0.9934 -0.1110 0.0305
vn 0.9869 -0.1587 0.0304
vn 0.9932 -0.1126 0.0304
vn 0.9870 -0.1580 0.0304
vn 0.9761 -0.2150 0.0307
vn 0.0865 -0.9962 -0.0058
vn 0.0150 -0.9998 -0.0100
vn 0.0851 -0.9964 -0.0068
vn 0.0159 -0.9998 -0.0090
vn -0.9993 -0.0267 -0.0274
vn -0.9993 -0.0270 -0.0277
vn -0.9975 -0.0646 -0.0269
vn -0.9976 -0.0633 -0.0272
vn -0.4043 -0.9144 -0.0230
vn -0.5133 -0.8579 -0.0251
vn -0.4035 -0.9146 -0.0240
vn -0.5110 -0.8592 -0.0258
vn -0.9611 -0.2738 -0.0353
vn -0.9795 -0.1993 -0.0294
vn -0.9598 -0.2793 -0.0273
vn -0.9785 -0.2045 -0.0261
vn 0.1989 -0.9800 -0.0004
vn 0.1555 -0.9878 -0.0033
vn 0.1978 -0.9802 -0.0012
vn 0.1572 -0.9876 -0.0025
vn 0.9545 -0.2966 0.0309
vn 0.9433 -0.3304 0.0309
vn 0.9545 -0.2968 0.0310
vn 0.9434 -0.3302 0.0308
vn 0.9990 -0.0297 0.0329
vn 0.9967 -0.0744 0.0311
vn 0.9970 -0.0714 0.0312
vn -0.6035 -0.7970 -0.0254
vn -0.6798 -0.7329 -0.0256
vn -0.6010 -0.7988 -0.0261
vn -0.6779 -0.7347 -0.0258
vn 0.3250 -0.9457 0.0047
vn 0.2432 -0.9700 0.0007
vn 0.2439 -0.9698 0.0014
vn -0.7568 -0.6531 -0.0279
vn -0.7572 -0.6526 -0.0264
vn 0.9648 -0.2613 0.0309
vn 0.9648 -0.2613 0.0308
vn -0.9918 -0.1246 -0.0269
vn -0.9915 -0.1274 -0.0262
vn -0.9921 -0.1224 -0.0292
vn -0.9808 -0.1919 -0.0356
vn -0.9808 -0.1909 -0.0408
vn -0.9976 -0.0637 -0.0272
vn -0.9923 -0.1209 -0.0284
vn -0.9977 -0.0623 -0.0271
vn 0.9751 -0.2196 0.0307
vn 0.9761 -0.2150 0.0306
vn 0.9642 -0.2633 0.0309
vn 0.9545 -0.2965 0.0309
vn -0.7511 -0.6591 -0.0368
vn -0.6805 -0.7323 -0.0262
vn -0.6801 -0.7327 -0.0267
vn -0.8211 -0.5671 -0.0637
vn -0.7543 -0.6556 -0.0336
vn -0.8282 -0.5579 -0.0532
vn 0.3242 -0.9460 0.0045
vn 0.2443 -0.9697 0.0014
vn 0.3260 -0.9454 0.0047
vn 0.2421 -0.9703 0.0012
vn 0.1995 -0.9799 -0.0004
vn -0.6054 -0.7955 -0.0258
vn -0.5140 -0.8574 -0.0249
vn -0.5141 -0.8574 -0.0256
vn -0.6052 -0.7957 -0.0257
vn 0.9990 -0.0303 0.0320
vn 0.9971 -0.0690 0.0311
vn 0.9991 -0.0261 0.0324
vn 0.9967 -0.0752 0.0308
vn 0.9935 -0.1100 0.0305
vn 0.9541 -0.2980 0.0309
vn 0.9435 -0.3301 0.0308
vn 0.9429 -0.3316 0.0308
vn 0.9233 -0.3830 0.0305
vn 0.1991 -0.9800 -0.0006
vn 0.1581 -0.9874 -0.0025
vn 0.1573 -0.9876 -0.0027
vn 0.0872 -0.9962 -0.0058
vn -0.9609 -0.2683 -0.0680
vn -0.9315 -0.3564 -0.0723
vn -0.9250 -0.3676 -0.0957
vn -0.9626 -0.2658 -0.0530
vn -0.4035 -0.9147 -0.0233
vn -0.2783 -0.9603 -0.0194
vn -0.2776 -0.9605 -0.0196
vn -0.4046 -0.9142 -0.0231
vn -0.9996 -0.0074 -0.0278
vn -0.9993 -0.0271 -0.0274
vn -0.9992 -0.0295 -0.0272
vn -0.9996 -0.0046 -0.0282
vn 0.0867 -0.9962 -0.0060
vn 0.0164 -0.9998 -0.0090
vn 0.0160 -0.9998 -0.0089
vn -0.0559 -0.9984 -0.0120
vn 0.9929 -0.1152 0.0304
vn 0.9870 -0.1577 0.0305
vn 0.9857 -0.1658 0.0304
vn 0.6481 -0.7613 0.0211
vn 0.5924 -0.8055 0.0180
vn 0.6491 -0.7604 0.0212
vn 0.5907 -0.8067 0.0178
vn 0.5036 -0.8638 0.0136
vn -0.0563 -0.9983 -0.0122
vn -0.1539 -0.9880 -0.0154
vn -0.1541 -0.9879 -0.0156
vn -0.9996 0.0044 -0.0294
vn -0.9995 0.0076 -0.0316
vn -0.9995 0.0060 -0.0297
vn -0.9995 0.0085 -0.0318
vn 0.7712 -0.6360 0.0267
vn 0.6945 -0.7191 0.0238
vn 0.7744 -0.6321 0.0268
vn 0.6926 -0.7210 0.0237
vn 0.9222 -0.3855 0.0304
vn 0.8686 -0.4946 0.0294
vn 0.8662 -0.4988 0.0293
vn -0.8784 -0.4688 -0.0929
vn -0.8871 -0.4557 -0.0734
vn 0.5026 -0.8644 0.0134
vn 0.4129 -0.9107 0.0089
vn 0.4121 -0.9111 0.0093
vn -0.9993 0.0056 -0.0357
vn -0.9994 0.0076 -0.0342
vn -0.9994 0.0069 -0.0341
vn -0.9993 0.0073 -0.0364
vn 0.9993 0.0090 0.0358
vn 0.9994 0.0009 0.0347
vn 0.9993 0.0076 0.0373
vn 0.9994 -0.0008 0.0340
vn -0.0322 -0.9995 -0.0010
vn -0.0420 -0.9991 -0.0013
vn -0.9491 -0.2358 0.2087
vn -0.9911 -0.1322 -0.0135
vn -0.9776 -0.2099 -0.0144
vn -0.6637 -0.2619 0.7007
vn -0.9622 -0.1651 0.2168
vn -0.6676 -0.2193 0.7115
vn -0.9692 -0.1098 0.2204
vn -0.9975 -0.0696 -0.0129
vn 0.9739 -0.2213 0.0500
vn 0.9199 -0.3006 0.2518
vn 0.9629 -0.2654 0.0488
vn 0.9268 -0.2773 0.2534
vn 0.5849 -0.3354 0.7385
vn 0.5895 -0.3391 0.7332
vn 0.9129 -0.3268 0.2447
vn 0.9528 -0.2999 0.0475
vn -0.6705 -0.7305 0.1296
vn -0.7557 -0.6548 -0.0061
vn -0.6760 -0.7369 -0.0036
vn -0.5690 -0.5602 0.6020
vn -0.7419 -0.6524 0.1546
vn -0.5986 -0.4903 0.6335
vn -0.8129 -0.5561 0.1731
vn -0.8357 -0.5491 -0.0081
vn 0.3213 -0.9467 0.0223
vn 0.2443 -0.9682 0.0545
vn 0.2420 -0.9701 0.0191
vn 0.2829 -0.8721 0.3993
vn 0.3236 -0.9428 0.0806
vn 0.2325 -0.9302 0.2841
vn 0.1906 -0.9808 0.0422
vn 0.1955 -0.9806 0.0176
vn -0.5151 -0.8540 0.0735
vn -0.5989 -0.8008 -0.0007
vn -0.5100 -0.8602 0.0024
vn -0.5231 -0.6931 0.4960
vn -0.6005 -0.7931 0.1018
vn -0.5448 -0.6263 0.5576
vn 0.9975 -0.0502 0.0503
vn 0.9448 -0.1791 0.2744
vn 0.9946 -0.0889 0.0533
vn 0.9544 -0.1322 0.2678
vn 0.5792 -0.3138 0.7524
vn 0.5682 -0.3758 0.7320
vn 0.9366 -0.2263 0.2677
vn 0.9906 -0.1264 0.0532
vn 0.9030 -0.3599 0.2347
vn 0.9416 -0.3334 0.0461
vn 0.5918 -0.3651 0.7186
vn 0.5783 -0.4156 0.7020
vn 0.8796 -0.4172 0.2284
vn 0.9209 -0.3872 0.0448
vn 0.1477 -0.9883 0.0379
vn 0.1523 -0.9882 0.0169
vn 0.1732 -0.9692 0.1752
vn 0.1208 -0.9841 0.1299
vn 0.0790 -0.9963 0.0333
vn 0.0823 -0.9965 0.0161
vn -0.9040 -0.3840 0.1881
vn -0.9585 -0.2848 -0.0145
vn -0.9312 -0.3642 -0.0135
vn -0.6601 -0.3103 0.6841
vn -0.9310 -0.3066 0.1978
vn -0.2813 -0.9577 0.0609
vn -0.4033 -0.9151 0.0060
vn -0.2793 -0.9601 0.0097
vn -0.3854 -0.8626 0.3278
vn -0.4017 -0.9137 0.0611
vn -0.4884 -0.7733 0.4043
vn -0.9999 -0.0060 -0.0116
vn -0.9724 -0.0810 0.2186
vn -0.9721 -0.0697 0.2240
vn -0.9994 -0.0315 -0.0131
vn -0.6696 -0.1894 0.7182
vn -0.6707 -0.1812 0.7193
vn -0.6641 -0.1875 0.7237
vn -0.6483 -0.3684 0.6663
vn -0.2337 -0.2445 0.9411
vn -0.2361 -0.2654 0.9348
vn -0.0901 -0.2182 0.9717
vn -0.0895 -0.2170 0.9721
vn -0.2284 -0.2297 0.9461
vn 0.0072 -0.9992 0.0405
vn 0.0127 -0.9998 0.0156
vn 0.0036 -0.9869 0.1614
vn -0.0648 -0.9507 0.3032
vn -0.0607 -0.9971 0.0469
vn -0.0585 -0.9982 0.0148
vn 0.9323 -0.2534 0.2582
vn 0.9843 -0.1689 0.0517
vn 0.5713 -0.3904 0.7220
vn 0.5797 -0.3617 0.7302
vn 0.6429 -0.7653 0.0334
vn 0.5631 -0.8087 0.1705
vn 0.5849 -0.8105 0.0316
vn 0.4078 -0.6591 0.6319
vn 0.6119 -0.7684 0.1873
vn 0.3882 -0.6969 0.6030
vn 0.4840 -0.8633 0.1429
vn 0.4954 -0.8682 0.0285
vn -0.1615 -0.9854 0.0537
vn -0.1560 -0.9877 0.0129
vn -0.1778 -0.9429 0.2817
vn -0.2553 -0.8550 0.4514
vn -0.2208 -0.2225 0.9496
vn -0.6481 -0.2034 0.7339
vn -0.0893 -0.2195 0.9715
vn -0.2129 -0.2361 0.9481
vn -0.0888 -0.2310 0.9689
vn -0.1986 -0.3112 0.9294
vn -0.6243 -0.2694 0.7333
vn -0.9999 0.0058 -0.0085
vn -0.9688 -0.0720 0.2373
vn -0.9638 -0.0954 0.2492
vn -1.0000 0.0076 -0.0047
vn 0.7703 -0.6366 0.0379
vn 0.6538 -0.7302 0.1982
vn 0.6894 -0.7235 0.0347
vn 0.4707 -0.5806 0.6643
vn 0.7300 -0.6501 0.2110
vn 0.4269 -0.6309 0.6478
vn 0.0794 -0.3182 0.9447
vn -0.0688 -0.2763 0.9586
vn 0.0867 -0.2682 0.9595
vn -0.0654 -0.2350 0.9698
vn 0.0934 -0.2553 0.9624
vn -0.2245 -0.2164 0.9501
vn -0.2253 -0.2150 0.9503
vn -0.0894 -0.2171 0.9720
vn 0.8218 -0.5245 0.2227
vn 0.8654 -0.4993 0.0422
vn 0.5341 -0.4973 0.6837
vn -0.8936 -0.4487 -0.0109
vn -0.6259 -0.4273 0.6524
vn -0.8664 -0.4649 0.1820
vn 0.4014 -0.9091 0.1111
vn 0.4053 -0.9138 0.0255
vn 0.3538 -0.7534 0.5542
vn 0.3184 -0.8132 0.4872
vn -0.2324 -0.2852 0.9299
vn -0.2321 -0.3047 0.9237
vn -0.0907 -0.2224 0.9707
vn -0.0906 -0.2204 0.9712
vn -0.2384 -0.3308 0.9131
vn -0.2516 -0.3649 0.8964
vn -0.0926 -0.2252 0.9699
vn -0.0912 -0.2237 0.9704
vn -0.2726 -0.4155 0.8678
vn -0.2932 -0.5046 0.8121
vn -0.0972 -0.2318 0.9679
vn -0.0943 -0.2280 0.9691
vn 0.0866 -0.4340 0.8967
vn -0.0600 -0.2345 0.9703
vn 0.0971 -0.4934 0.8644
vn -0.0578 -0.2398 0.9691
vn 0.1062 -0.5814 0.8067
vn -0.0541 -0.2520 0.9662
vn 0.0925 -0.6951 0.7129
vn -0.0450 -0.3134 0.9485
vn 0.0657 -0.7758 0.6275
vn -0.0765 -0.2168 0.9732
vn -0.0624 -0.2292 0.9714
vn -0.0629 -0.2282 0.9716
vn -0.0630 -0.2225 0.9729
vn -0.0635 -0.2202 0.9734
vn -0.0766 -0.2178 0.9730
vn -0.0765 -0.2172 0.9731
vn -0.0774 -0.2206 0.9723
vn -0.0772 -0.2213 0.9721
vn -0.0791 -0.2318 0.9696
vn -0.0893 -0.2165 0.9722
vn -0.0767 -0.2178 0.9730
vn -0.0769 -0.2178 0.9730
vn -0.0614 -0.2309 0.9710
vn -0.0934 -0.2713 0.9579
vn -0.0911 -0.2429 0.9658
vn -0.0872 -0.2390 0.9671
vn -0.0810 -0.3145 0.9458
vn -0.0987 -0.2594 0.9607
vn -0.0852 -0.2824 0.9555
vn -0.1031 -0.3071 0.9461
vn -0.0955 -0.3141 0.9446
vn -0.0806 -0.2521 0.9643
vn -0.0828 -0.2398 0.9673
vn -0.0866 -0.2742 0.9578
vn -0.0745 -0.3169 0.9455
vn -0.1142 -0.3422 0.9327
vn -0.0796 -0.2259 0.9709
vn -0.0795 -0.2283 0.9703
vn -0.1724 -0.5193 0.8370
vn -0.1712 -0.5674 0.8054
vn -0.0868 -0.2803 0.9560
vn -0.0634 -0.2271 0.9718
vn -0.0633 -0.2254 0.9722
vn -0.1307 -0.7215 0.6800
vn -0.0939 -0.6528 0.7517
vn -0.0775 -0.2272 0.9708
vn -0.0640 -0.2205 0.9733
vn 0.0790 -0.3898 0.9175
vn 0.0738 -0.3660 0.9277
vn 0.0719 -0.3548 0.9322
vn 0.0765 -0.3403 0.9372
vn 0.0888 -0.3175 0.9441
vn 0.1007 -0.2883 0.9522
vn -0.0777 -0.2328 0.9694
vn 0.0685 -0.3684 0.9272
vn 0.0694 -0.3185 0.9454
vn 0.0690 -0.3114 0.9478
vn -0.0881 -0.3014 0.9494
vn 0.1004 -0.2649 0.9590
vn -0.0821 -0.5064 0.8584
vn -0.0553 -0.7482 0.6612
vn -0.0382 -0.5696 0.8210
vn 0.0723 -0.3709 0.9258
vn -0.2264 -0.2202 0.9488
vn -0.0893 -0.2166 0.9722
vn -0.1030 -0.2602 0.9600
vn -0.2615 -0.6031 0.7536
vn -0.0803 -0.2235 0.9714
vn -0.0819 -0.2339 0.9688
vn -0.0841 -0.3130 0.9460
vn -0.0879 -0.3081 0.9473
vn -0.0787 -0.2223 0.9718
vn 0.0696 -0.9934 0.0907
vn 0.0317 -0.9172 0.3971
vn -0.9999 -0.0160 -0.0053
vn -0.9659 -0.1729 0.1926
vn -0.9323 -0.3374 0.1300
vn -1.0000 0.0012 -0.0049
vn -0.6088 -0.5474 0.5742
vn -0.9323 -0.3376 0.1300
vn -0.3542 -0.8955 0.2695
vn -0.1139 -0.9497 0.2918
vn -0.1667 -0.6254 0.7623
vn -0.0811 -0.6288 0.7733
vn -0.0528 -0.9556 0.2900
vn -0.0839 -0.6349 0.7680
vn -0.0614 -0.9563 0.2859
vn -0.0993 -0.6264 0.7732
vn -0.0773 -0.9527 0.2938
vn -0.1086 -0.5958 0.7957
vn -0.0868 -0.9438 0.3188
vn -0.0916 -0.5629 0.8214
vn -0.0702 -0.9352 0.3471
vn 0.0632 -0.5512 0.8319
vn 0.0756 -0.9288 0.3627
vn 0.6361 -0.4583 0.6207
vn 0.4158 -0.8460 0.3338
vn 0.9990 -0.0290 0.0328
vn 0.9696 -0.1470 0.1954
vn 0.9988 -0.0291 0.0402
vn 0.9657 -0.2233 0.1324
vn 0.5946 -0.2798 0.7538
vn 0.9997 0.0039 0.0245
vn 0.9996 -0.0098 0.0259
vn 0.9996 -0.0030 0.0266
vn 0.9997 -0.0033 0.0235
vn 0.9989 -0.0352 0.0294
vn 0.9991 -0.0297 0.0296
vn -0.9996 0.0112 -0.0264
vn -0.9995 0.0155 -0.0277
vn -0.9995 0.0164 -0.0259
vn -0.9996 0.0107 -0.0278
vn -0.9994 0.0159 -0.0304
vn 0.5020 -0.8647 0.0179
vn 0.4084 -0.9126 0.0172
vn 0.4108 -0.9116 0.0167
vn 0.4991 -0.8663 0.0180
vn 0.3229 -0.9463 0.0162
vn 0.3247 -0.9457 0.0156
vn -0.8367 -0.5470 -0.0244
vn -0.8940 -0.4479 -0.0140
vn -0.8352 -0.5497 -0.0170
vn -0.8949 -0.4454 -0.0267
vn -0.9328 -0.3591 -0.0293
vn -0.9338 -0.3575 -0.0166
vn 0.9233 -0.3832 0.0273
vn 0.8682 -0.4955 0.0247
vn 0.8686 -0.4950 0.0250
vn 0.9231 -0.3835 0.0272
vn 0.7734 -0.6335 0.0213
vn 0.7742 -0.6326 0.0216
vn 0.6928 -0.7208 0.0194
vn 0.6940 -0.7197 0.0196
vn 0.6467 -0.7625 0.0192
vn 0.6483 -0.7612 0.0194
vn -0.9994 -0.0011 -0.0342
vn -0.9994 0.0082 -0.0326
vn -0.9994 -0.0035 -0.0341
vn -0.9994 0.0117 -0.0327
vn -0.9995 0.0110 -0.0307
vn -0.0568 -0.9983 0.0084
vn -0.1550 -0.9879 0.0068
vn -0.1547 -0.9880 0.0057
vn -0.0574 -0.9983 0.0094
vn -0.2791 -0.9603 0.0030
vn -0.2790 -0.9603 0.0019
vn 0.5889 -0.8080 0.0190
vn 0.5911 -0.8064 0.0190
vn 0.9933 -0.1110 0.0317
vn 0.9868 -0.1587 0.0314
vn 0.9869 -0.1581 0.0313
vn 0.9931 -0.1126 0.0317
vn 0.9761 -0.2150 0.0304
vn 0.0859 -0.9962 0.0112
vn 0.0144 -0.9998 0.0109
vn 0.0153 -0.9998 0.0100
vn 0.0845 -0.9964 0.0121
vn -0.9990 -0.0268 -0.0351
vn -0.9990 -0.0270 -0.0349
vn -0.9973 -0.0647 -0.0356
vn -0.4049 -0.9144 -0.0024
vn -0.4042 -0.9146 -0.0013
vn -0.5119 -0.8590 -0.0061
vn -0.5138 -0.8579 -0.0070
vn -0.9615 -0.2738 -0.0249
vn -0.9596 -0.2794 -0.0328
vn -0.9782 -0.2046 -0.0351
vn -0.9794 -0.1993 -0.0319
vn 0.1985 -0.9800 0.0128
vn 0.1550 -0.9878 0.0131
vn 0.1567 -0.9876 0.0123
vn 0.1974 -0.9802 0.0135
vn 0.9546 -0.2966 0.0289
vn 0.9434 -0.3304 0.0281
vn 0.9435 -0.3302 0.0283
vn 0.9545 -0.2967 0.0287
vn 0.9967 -0.0744 0.0313
vn 0.9970 -0.0710 0.0313
vn -0.6041 -0.7968 -0.0122
vn -0.6014 -0.7988 -0.0115
vn -0.6782 -0.7347 -0.0167
vn -0.6801 -0.7329 -0.0170
vn 0.2427 -0.9700 0.0145
vn 0.2435 -0.9698 0.0138
vn -0.7573 -0.6528 -0.0190
vn -0.7574 -0.6526 -0.0210
vn 0.9648 -0.2613 0.0295
vn -0.9916 -0.1244 -0.0349
vn -0.9912 -0.1274 -0.0358
vn -0.9974 -0.0633 -0.0352
vn -0.9811 -0.1918 -0.0257
vn -0.9919 -0.1224 -0.0329
vn -0.9814 -0.1909 -0.0206
vn -0.9921 -0.1210 -0.0338
vn -0.9974 -0.0623 -0.0353
vn -0.9973 -0.0637 -0.0352
vn 0.9751 -0.2196 0.0304
vn 0.9643 -0.2633 0.0295
vn 0.9762 -0.2149 0.0304
vn 0.9546 -0.2965 0.0288
vn 0.9541 -0.2980 0.0288
vn -0.6808 -0.7323 -0.0164
vn -0.7520 -0.6591 -0.0102
vn -0.6804 -0.7327 -0.0158
vn -0.7550 -0.6556 -0.0136
vn -0.8299 -0.5579 0.0012
vn -0.8235 -0.5672 0.0123
vn 0.3237 -0.9460 0.0155
vn 0.2439 -0.9697 0.0138
vn 0.2417 -0.9703 0.0139
vn 0.3256 -0.9454 0.0157
vn 0.1990 -0.9799 0.0129
vn 0.1987 -0.9800 0.0131
vn -0.5149 -0.8573 -0.0069
vn -0.6059 -0.7954 -0.0118
vn -0.5146 -0.8574 -0.0066
vn -0.6056 -0.7957 -0.0122
vn 0.9991 -0.0303 0.0305
vn 0.9971 -0.0690 0.0313
vn 0.9967 -0.0752 0.0316
vn 0.9992 -0.0265 0.0298
vn 0.9934 -0.1100 0.0316
vn 0.9928 -0.1152 0.0317
vn 0.9435 -0.3301 0.0282
vn 0.9430 -0.3316 0.0282
vn 0.9234 -0.3830 0.0273
vn 0.9223 -0.3855 0.0272
vn 0.1576 -0.9874 0.0124
vn 0.1568 -0.9876 0.0126
vn 0.0867 -0.9962 0.0112
vn 0.0862 -0.9962 0.0114
vn -0.9342 -0.3564 0.0139
vn -0.9633 -0.2683 0.0078
vn -0.9292 -0.3676 0.0377
vn -0.9640 -0.2659 -0.0073
vn -0.2790 -0.9603 0.0020
vn -0.4041 -0.9147 -0.0023
vn -0.2783 -0.9605 0.0022
vn -0.4053 -0.9142 -0.0023
vn -0.9994 -0.0074 -0.0347
vn -0.9990 -0.0271 -0.0351
vn -0.9994 -0.0046 -0.0343
vn -0.9989 -0.0295 -0.0353
vn 0.0158 -0.9998 0.0100
vn 0.0155 -0.9998 0.0102
vn -0.0566 -0.9984 0.0085
vn -0.0569 -0.9983 0.0087
vn 0.9870 -0.1577 0.0313
vn 0.9857 -0.1658 0.0312
vn 0.6481 -0.7613 0.0192
vn 0.5924 -0.8055 0.0191
vn 0.5906 -0.8067 0.0192
vn 0.6492 -0.7604 0.0194
vn 0.5035 -0.8638 0.0179
vn 0.5023 -0.8645 0.0178
vn -0.1545 -0.9880 0.0058
vn -0.1548 -0.9879 0.0060
vn -0.9994 0.0044 -0.0331
vn -0.9994 0.0060 -0.0329
vn -0.9995 0.0084 -0.0304
vn -0.9995 0.0076 -0.0309
vn 0.7714 -0.6360 0.0215
vn 0.6946 -0.7191 0.0196
vn 0.6927 -0.7210 0.0196
vn 0.7746 -0.6321 0.0216
vn 0.8688 -0.4946 0.0250
vn 0.8664 -0.4988 0.0249
vn -0.8825 -0.4688 0.0379
vn -0.8900 -0.4557 0.0179
vn 0.4126 -0.9107 0.0169
vn 0.4121 -0.9110 0.0171
vn -0.9996 0.0057 -0.0270
vn -0.9996 0.0076 -0.0283
vn -0.9996 0.0073 -0.0267
vn -0.9996 0.0070 -0.0289
vn 0.9996 0.0091 0.0272
vn 0.9996 0.0006 0.0275
vn 0.9996 -0.0008 0.0286
vn 0.9997 0.0076 0.0253
vn -0.9090 -0.4158 -0.0284
vn -0.0605 -0.9982 -0.0019
vn -0.0549 -0.9985 -0.0017
vn -0.0820 -0.9966 -0.0026
vn 0.1801 -0.9836 0.0056
vn 0.0767 -0.9971 0.0024
vn -0.0439 -0.9990 -0.0014
vn -0.1344 -0.9909 -0.0042
vn -0.0351 -0.0483 -0.9982
vn -0.0569 -0.0761 -0.9955
vn -0.0090 -0.0219 -0.9997
vn -0.0089 -0.0218 -0.9997
vn -0.0346 -0.0839 -0.9959
vn -0.0566 -0.0896 -0.9944
vn -0.0568 -0.0893 -0.9944
vn -0.0568 -0.0761 -0.9955
vn -0.0145 -0.0823 -0.9965
vn -0.0146 -0.1108 -0.9937
vn -0.0146 -0.0822 -0.9965
vn -0.0347 -0.0840 -0.9959
vn -0.0250 -0.2565 -0.9662
vn -0.0137 -0.1684 -0.9856
vn -0.0136 -0.1683 -0.9856
vn -0.0149 -0.1503 -0.9885
vn -0.0151 -0.1502 -0.9885
vn -0.0057 -0.4468 -0.8946
vn 0.0155 -0.4045 -0.9144
vn -0.0058 -0.4471 -0.8945
vn -0.0273 -0.4617 -0.8866
vn -0.0273 -0.4616 -0.8867
vn 0.0285 -0.4345 -0.9002
vn 0.0301 -0.7010 -0.7126
vn 0.0282 -0.4341 -0.9004
vn 0.0155 -0.4044 -0.9145
vn -0.0354 -0.3884 -0.9208
vn -0.0354 -0.3878 -0.9211
vn -0.0249 -0.2561 -0.9663
vn -0.0187 -0.1433 -0.9895
vn -0.0191 -0.1429 -0.9895
vn -0.0145 -0.1110 -0.9937
vn 0.0607 -0.0828 -0.9947
vn 0.0479 -0.1347 -0.9897
vn 0.0479 -0.1349 -0.9897
vn 0.0387 -0.1631 -0.9858
vn -0.0337 -0.0157 -0.9993
vn -0.0678 -0.0192 -0.9975
vn -0.0680 -0.0191 -0.9975
vn -0.0576 -0.0116 -0.9983
vn -0.0573 -0.0115 -0.9983
vn -0.0210 -0.0009 -0.9998
vn -0.0208 -0.0004 -0.9998
vn 0.0025 0.0059 -1.0000
vn 0.0025 0.0060 -1.0000
vn 0.0481 0.0053 -0.9988
vn 0.0604 -0.0014 -0.9982
vn 0.0603 -0.0017 -0.9982
vn 0.0486 0.0009 -0.9988
vn 0.0485 0.0007 -0.9988
vn 0.0111 0.0092 -0.9999
vn 0.0114 0.0092 -0.9999
vn 0.0153 0.0110 -0.9998
vn 0.0155 0.0115 -0.9998
vn 0.0261 0.0112 -0.9996
vn 0.0262 0.0112 -0.9996
vn 0.0481 0.0055 -0.9988
vn 0.1086 -0.0198 -0.9939
vn 0.0969 -0.0271 -0.9949
vn 0.1035 -0.0211 -0.9944
vn 0.1033 -0.0212 -0.9944
vn 0.0772 -0.0270 -0.9966
vn 0.0529 -0.0108 -0.9985
vn 0.0968 -0.0271 -0.9949
vn 0.0387 0.0033 -0.9992
vn 0.0386 0.0027 -0.9993
vn 0.0530 -0.0107 -0.9985
vn 0.0817 -0.0390 -0.9959
vn 0.0816 -0.0391 -0.9959
vn 0.0608 -0.0825 -0.9947
vn 0.0289 -0.4542 -0.8904
vn 0.0221 -0.5904 -0.8068
vn 0.0225 -0.5902 -0.8069
vn 0.0187 -0.6789 -0.7340
vn 0.0186 -0.6789 -0.7340
vn 0.0338 -0.2674 -0.9630
vn 0.0338 -0.2676 -0.9629
vn 0.0290 -0.4540 -0.8905
vn 0.0166 -0.7590 -0.6509
vn 0.0169 -0.7591 -0.6508
vn 0.0116 -0.8739 -0.4860
vn 0.0114 -0.8738 -0.4861
vn -0.0034 -0.0113 -0.9999
vn -0.0000 -0.9765 -0.2155
vn -0.0095 -0.9987 -0.0507
vn -0.0098 -0.9987 -0.0504
vn 0.0001 -0.9764 -0.2158
vn -0.3815 -0.9243 0.0102
vn -0.0725 -0.9969 -0.0309
vn -0.0716 -0.9970 -0.0308
vn -0.7608 -0.6482 0.0311
vn -0.4083 -0.9127 0.0160
vn 0.1818 -0.9831 0.0229
vn 0.0926 -0.9957 -0.0055
vn -0.0076 -0.9999 -0.0089
vn 0.0034 -0.9999 -0.0118
vn 0.0036 -0.9999 -0.0118
vn 0.0910 -0.9958 -0.0060
vn -0.0057 -0.9994 -0.0342
vn 0.0300 -0.7009 -0.7127
vn 0.0169 -0.9630 -0.2690
vn 0.0164 -0.9630 -0.2690
vn -0.8280 -0.5577 -0.0584
vn -0.7574 -0.6482 -0.0786
vn -0.0975 -0.0483 0.9941
vn -0.1190 -0.0761 0.9900
vn -0.1189 -0.0761 0.9900
vn -0.0713 -0.0217 0.9972
vn -0.0975 -0.0482 0.9941
vn -0.0968 -0.0840 0.9918
vn -0.1187 -0.0896 0.9889
vn -0.0969 -0.0840 0.9917
vn -0.1188 -0.0893 0.9889
vn -0.0768 -0.0822 0.9936
vn -0.0767 -0.1108 0.9909
vn -0.0766 -0.1110 0.9909
vn -0.0769 -0.0821 0.9936
vn -0.0849 -0.2561 0.9629
vn -0.0752 -0.1683 0.9829
vn -0.0853 -0.2560 0.9629
vn -0.0766 -0.1503 0.9857
vn -0.0753 -0.1683 0.9829
vn -0.0616 -0.4468 0.8925
vn -0.0417 -0.4045 0.9136
vn -0.0417 -0.4044 0.9136
vn -0.0826 -0.4617 0.8832
vn -0.0617 -0.4470 0.8924
vn -0.0278 -0.4345 0.9002
vn -0.0146 -0.7009 0.7131
vn -0.0282 -0.4341 0.9004
vn -0.0929 -0.3884 0.9168
vn -0.0827 -0.4616 0.8832
vn -0.0929 -0.3878 0.9171
vn -0.0805 -0.1433 0.9864
vn -0.0768 -0.1502 0.9857
vn -0.0807 -0.1432 0.9864
vn -0.0016 -0.0827 0.9966
vn -0.0140 -0.1347 0.9908
vn -0.0015 -0.0825 0.9966
vn -0.0141 -0.1349 0.9908
vn -0.0230 -0.1632 0.9863
vn -0.0961 -0.0157 0.9953
vn -0.1302 -0.0192 0.9913
vn -0.0961 -0.0157 0.9952
vn -0.1302 -0.0191 0.9913
vn -0.1199 -0.0116 0.9927
vn -0.0834 -0.0008 0.9965
vn -0.1196 -0.0115 0.9928
vn -0.0603 0.0059 0.9982
vn -0.0833 -0.0005 0.9965
vn -0.0145 0.0054 0.9999
vn -0.0022 -0.0016 1.0000
vn -0.0022 -0.0017 1.0000
vn -0.0139 0.0009 0.9999
vn -0.0514 0.0092 0.9986
vn -0.0602 0.0059 0.9982
vn -0.0472 0.0110 0.9988
vn -0.0512 0.0092 0.9986
vn -0.0363 0.0115 0.9993
vn -0.0470 0.0115 0.9988
vn -0.0364 0.0112 0.9993
vn 0.0463 -0.0198 0.9987
vn 0.0346 -0.0271 0.9990
vn 0.0345 -0.0271 0.9990
vn 0.0411 -0.0211 0.9989
vn 0.0147 -0.0270 0.9995
vn -0.0096 -0.0108 0.9999
vn -0.0095 -0.0107 0.9999
vn -0.0140 0.0008 0.9999
vn -0.0239 0.0033 0.9997
vn -0.0240 0.0026 0.9997
vn 0.0410 -0.0212 0.9989
vn 0.0193 -0.0389 0.9991
vn 0.0191 -0.0391 0.9991
vn -0.0268 -0.4542 0.8905
vn -0.0284 -0.5904 0.8066
vn -0.0267 -0.4540 0.8906
vn -0.0281 -0.5903 0.8067
vn -0.0276 -0.6789 0.7337
vn -0.0264 -0.2674 0.9632
vn -0.0265 -0.2678 0.9631
vn -0.0244 -0.7589 0.6508
vn -0.0274 -0.6789 0.7337
vn -0.0188 -0.8739 0.4858
vn -0.0241 -0.7590 0.6506
vn -0.0660 -0.0113 0.9978
vn -0.0714 -0.0217 0.9972
vn -0.0660 -0.0114 0.9978
vn -0.0135 -0.9765 0.2151
vn -0.0127 -0.9987 0.0500
vn -0.0134 -0.9764 0.2154
vn -0.0190 -0.8738 0.4859
vn -0.3801 -0.9243 -0.0341
vn -0.0743 -0.9969 0.0263
vn -0.4065 -0.9127 -0.0414
vn 0.1829 -0.9831 -0.0115
vn 0.0921 -0.9957 0.0113
vn 0.0905 -0.9958 0.0117
vn -0.0081 -0.9999 0.0084
vn 0.0029 -0.9999 0.0118
vn -0.0734 -0.9970 0.0263
vn -0.0078 -0.9994 0.0337
vn -0.0130 -0.9987 0.0497
vn -0.0000 -0.9630 0.2695
vn -0.0003 -0.9630 0.2696
vn 0.0028 -0.9999 0.0120
vn -0.8300 -0.5577 0.0066
vn -0.0192 -0.9822 0.1866
vn -0.0146 -0.9950 0.0993
vn -0.0194 -0.9819 0.1886
vn -0.0004 -0.9999 0.0103
vn -0.0051 -0.9818 0.1900
vn -0.0566 -0.9808 -0.1865
vt 0.865512 0.777346
vt 0.876259 0.769183
vt 0.876914 0.776674
vt 0.864810 0.769860
vt 0.875545 0.760032
vt 0.885167 0.766744
vt 0.885826 0.774434
vt 0.869684 0.546590
vt 0.880170 0.555380
vt 0.868516 0.555042
vt 0.870926 0.537944
vt 0.881242 0.546873
vt 0.891224 0.539754
vt 0.890181 0.548783
vt 0.889247 0.557737
vt 0.866933 0.791405
vt 0.877534 0.783105
vt 0.878406 0.790691
vt 0.866144 0.783783
vt 0.886458 0.781104
vt 0.887431 0.788908
vt 0.872257 0.528851
vt 0.882379 0.538201
vt 0.873735 0.519424
vt 0.883633 0.529110
vt 0.885027 0.519679
vt 0.892495 0.530417
vt 0.869493 0.813978
vt 0.879720 0.801278
vt 0.881237 0.813215
vt 0.868096 0.802025
vt 0.888932 0.799647
vt 0.890650 0.811760
vt 0.873484 0.836936
vt 0.882900 0.824594
vt 0.885108 0.836149
vt 0.871077 0.825384
vt 0.892339 0.823397
vt 0.894376 0.835214
vt 0.192003 0.866945
vt 0.188476 0.875054
vt 0.180284 0.866674
vt 0.200796 0.875546
vt 0.196250 0.883882
vt 0.176517 0.881576
vt 0.169766 0.872968
vt 0.163157 0.864913
vt 0.823489 0.890058
vt 0.840520 0.877698
vt 0.844371 0.888875
vt 0.818346 0.878956
vt 0.835785 0.865303
vt 0.855487 0.864143
vt 0.859497 0.876585
vt 0.862312 0.887814
vt 0.866478 0.573417
vt 0.877187 0.585329
vt 0.865690 0.584973
vt 0.887216 0.577063
vt 0.878106 0.573794
vt 0.886128 0.588888
vt 0.876347 0.597580
vt 0.865001 0.597272
vt 0.225541 0.973067
vt 0.234592 0.963996
vt 0.234773 0.972912
vt 0.204046 0.971649
vt 0.224959 0.963849
vt 0.203334 0.962014
vt 0.224250 0.953848
vt 0.234165 0.954297
vt 0.159950 0.845186
vt 0.159526 0.849953
vt 0.154415 0.846900
vt 0.167050 0.848908
vt 0.165692 0.854314
vt 0.152769 0.853402
vt 0.148822 0.849299
vt 0.145796 0.846252
vt 0.863318 0.629527
vt 0.874161 0.638316
vt 0.863018 0.638361
vt 0.863756 0.619814
vt 0.874509 0.629603
vt 0.883433 0.622842
vt 0.882841 0.631908
vt 0.882423 0.639822
vt 0.875364 0.509934
vt 0.876940 0.500659
vt 0.886496 0.510148
vt 0.887968 0.500686
vt 0.895239 0.511059
vt 0.893854 0.520792
vt 0.862812 0.646915
vt 0.873725 0.656330
vt 0.862620 0.656607
vt 0.873930 0.646721
vt 0.882171 0.647172
vt 0.881978 0.656143
vt 0.862384 0.668347
vt 0.873281 0.680332
vt 0.862186 0.680653
vt 0.873483 0.668052
vt 0.881749 0.667674
vt 0.881549 0.679745
vt 0.862121 0.691977
vt 0.873396 0.702200
vt 0.862161 0.702600
vt 0.873247 0.691585
vt 0.881602 0.690300
vt 0.882718 0.700695
vt 0.878359 0.491812
vt 0.880167 0.483501
vt 0.889413 0.491449
vt 0.891036 0.482839
vt 0.898016 0.491582
vt 0.896624 0.501272
vt 0.862259 0.712958
vt 0.873621 0.722063
vt 0.862403 0.722519
vt 0.873457 0.712615
vt 0.881889 0.712071
vt 0.882011 0.720550
vt 0.864084 0.760711
vt 0.874829 0.749404
vt 0.862929 0.739677
vt 0.863433 0.750071
vt 0.874232 0.739047
vt 0.883572 0.746857
vt 0.884406 0.757482
vt 0.862604 0.730933
vt 0.873855 0.730369
vt 0.882322 0.728196
vt 0.882819 0.736608
vt 0.880999 0.862642
vt 0.888135 0.848875
vt 0.891207 0.862036
vt 0.877156 0.849577
vt 0.896947 0.848191
vt 0.899501 0.861535
vt 0.183178 0.859684
vt 0.172626 0.859798
vt 0.157501 0.858469
vt 0.174781 0.853742
vt 0.864340 0.609011
vt 0.875000 0.619978
vt 0.875617 0.609253
vt 0.885061 0.601174
vt 0.884163 0.612581
vt 0.227530 0.916469
vt 0.220702 0.924787
vt 0.218094 0.915860
vt 0.230170 0.925423
vt 0.222209 0.934244
vt 0.201070 0.931692
vt 0.200084 0.922044
vt 0.197891 0.912990
vt 0.041588 0.870372
vt 0.045034 0.877662
vt 0.035885 0.875542
vt 0.048757 0.864490
vt 0.050760 0.872505
vt 0.057702 0.866628
vt 0.066557 0.874671
vt 0.061536 0.880017
vt 0.867432 0.563680
vt 0.879108 0.564053
vt 0.888258 0.566883
vt 0.011732 0.917803
vt 0.018488 0.930950
vt 0.008836 0.929356
vt 0.015898 0.906921
vt 0.021523 0.919553
vt 0.025645 0.908794
vt 0.041461 0.922126
vt 0.038698 0.933386
vt 0.820138 0.472657
vt 0.836678 0.482908
vt 0.816538 0.480980
vt 0.823387 0.465469
vt 0.840495 0.474815
vt 0.844369 0.467567
vt 0.858273 0.476246
vt 0.854488 0.484133
vt 0.223819 0.908229
vt 0.213820 0.907664
vt 0.193704 0.904868
vt 0.208493 0.899886
vt 0.219399 0.900441
vt 0.152977 0.842485
vt 0.150862 0.845230
vt 0.144102 0.840709
vt 0.144004 0.844310
vt 0.118757 0.942494
vt 0.164610 0.937156
vt 0.164909 0.947582
vt 0.119304 0.931728
vt 0.164363 0.927045
vt 0.201832 0.941539
vt 0.202582 0.951658
vt 0.120386 0.846952
vt 0.109845 0.843097
vt 0.120709 0.844046
vt 0.120359 0.850592
vt 0.107372 0.845798
vt 0.105442 0.849222
vt 0.096555 0.845328
vt 0.099665 0.841404
vt 0.120713 0.911007
vt 0.082746 0.895989
vt 0.121160 0.901754
vt 0.120001 0.921345
vt 0.080326 0.905259
vt 0.077931 0.915837
vt 0.049069 0.900748
vt 0.053194 0.891495
vt 0.120909 0.888266
vt 0.153471 0.885995
vt 0.156959 0.893114
vt 0.120753 0.881832
vt 0.149816 0.878362
vt 0.182637 0.889649
vt 0.188313 0.897273
vt 0.120459 0.854816
vt 0.120579 0.860209
vt 0.103471 0.853057
vt 0.100975 0.857945
vt 0.089654 0.851691
vt 0.093325 0.848381
vt 0.121142 0.894497
vt 0.087670 0.883683
vt 0.085126 0.889205
vt 0.057226 0.885047
vt 0.072851 0.949568
vt 0.073955 0.937453
vt 0.118431 0.953995
vt 0.072253 0.961754
vt 0.036097 0.958907
vt 0.037005 0.945977
vt 0.120644 0.867207
vt 0.120684 0.874790
vt 0.097630 0.864392
vt 0.093964 0.871412
vt 0.078929 0.862035
vt 0.085002 0.856068
vt 0.120474 0.838293
vt 0.113017 0.841654
vt 0.109968 0.838709
vt 0.121099 0.841999
vt 0.135025 0.848131
vt 0.133634 0.845066
vt 0.136944 0.852058
vt 0.885592 0.886323
vt 0.893504 0.874517
vt 0.894960 0.885698
vt 0.883816 0.875114
vt 0.901474 0.874082
vt 0.902766 0.885254
vt 0.164007 0.917059
vt 0.162840 0.907888
vt 0.223341 0.943937
vt 0.231985 0.934874
vt 0.233302 0.944531
vt 0.139309 0.856715
vt 0.142278 0.862646
vt 0.160304 0.900126
vt 0.202782 0.892107
vt 0.208565 0.884463
vt 0.214552 0.892689
vt 0.165273 0.958454
vt 0.165669 0.968793
vt 0.118290 0.965249
vt 0.145932 0.870208
vt 0.132843 0.842980
vt 0.132587 0.839285
vt 0.045043 0.911458
vt 0.075718 0.926400
vt 0.088399 0.842524
vt 0.089647 0.845693
vt 0.085191 0.847681
vt 0.080278 0.845170
vt 0.040265 0.882478
vt 0.035657 0.888763
vt 0.031262 0.880373
vt 0.030595 0.898001
vt 0.021218 0.896021
vt 0.026638 0.886698
vt 0.072414 0.868614
vt 0.090601 0.877886
vt 0.015595 0.957069
vt 0.016613 0.943789
vt 0.006091 0.955884
vt 0.007057 0.942391
vt 0.073478 0.854536
vt 0.065706 0.860252
vt 0.057289 0.858119
vt 0.065840 0.852402
vt 0.079829 0.850489
vt 0.073226 0.848290
vt 0.916534 0.538395
vt 0.907779 0.539463
vt 0.909701 0.530718
vt 0.928189 0.465803
vt 0.918961 0.483703
vt 0.919249 0.462109
vt 0.953779 0.552725
vt 0.950662 0.556092
vt 0.952390 0.546766
vt 0.954852 0.562680
vt 0.951910 0.562045
vt 0.952862 0.571315
vt 0.949836 0.569383
vt 0.948614 0.563001
vt 0.936885 0.543113
vt 0.924527 0.548443
vt 0.924620 0.541819
vt 0.940064 0.573779
vt 0.948264 0.581568
vt 0.941012 0.582577
vt 0.940576 0.472884
vt 0.927707 0.487150
vt 0.964232 0.677178
vt 0.956520 0.665214
vt 0.962883 0.662577
vt 0.965463 0.691458
vt 0.957029 0.679088
vt 0.957487 0.692640
vt 0.950986 0.680708
vt 0.951107 0.667376
vt 0.918523 0.503328
vt 0.927079 0.506653
vt 0.917842 0.519251
vt 0.887767 0.463593
vt 0.894850 0.468833
vt 0.885539 0.469145
vt 0.890495 0.459468
vt 0.896427 0.463424
vt 0.898753 0.459205
vt 0.903317 0.464033
vt 0.902033 0.469139
vt 0.961379 0.649697
vt 0.955000 0.639936
vt 0.959803 0.635490
vt 0.955788 0.653133
vt 0.950959 0.655888
vt 0.950756 0.643442
vt 0.950764 0.578243
vt 0.953434 0.585634
vt 0.951034 0.591914
vt 0.955824 0.577740
vt 0.956910 0.596584
vt 0.953844 0.603572
vt 0.950904 0.609033
vt 0.963792 0.535022
vt 0.960666 0.532789
vt 0.962121 0.519308
vt 0.965813 0.554923
vt 0.962354 0.548606
vt 0.964442 0.568466
vt 0.960597 0.560549
vt 0.958991 0.544745
vt 0.958266 0.616986
vt 0.954343 0.622720
vt 0.950750 0.627188
vt 0.966516 0.702939
vt 0.958097 0.712202
vt 0.958008 0.703358
vt 0.951006 0.703758
vt 0.950873 0.693687
vt 0.944641 0.545461
vt 0.936845 0.548844
vt 0.948105 0.541016
vt 0.945195 0.539424
vt 0.947287 0.547797
vt 0.944488 0.550812
vt 0.950503 0.543207
vt 0.949192 0.551394
vt 0.947486 0.556694
vt 0.946545 0.551879
vt 0.071964 0.972879
vt 0.118290 0.975216
vt 0.071954 0.982800
vt 0.035478 0.981754
vt 0.035627 0.970960
vt 0.954778 0.484949
vt 0.950777 0.500448
vt 0.951724 0.480532
vt 0.957596 0.492642
vt 0.953786 0.503704
vt 0.956504 0.509616
vt 0.952761 0.520300
vt 0.949848 0.518003
vt 0.926211 0.522651
vt 0.917091 0.530808
vt 0.910456 0.481879
vt 0.910860 0.460357
vt 0.947621 0.498173
vt 0.939061 0.512392
vt 0.939841 0.493732
vt 0.948515 0.477714
vt 0.946747 0.516240
vt 0.937525 0.557319
vt 0.945044 0.558078
vt 0.986316 0.699098
vt 0.982680 0.685964
vt 0.984195 0.683008
vt 0.986851 0.713403
vt 0.984801 0.700565
vt 0.985378 0.713344
vt 0.981422 0.701752
vt 0.979452 0.688456
vt 0.968789 0.581096
vt 0.972138 0.607308
vt 0.967388 0.592888
vt 0.970684 0.616612
vt 0.965336 0.603132
vt 0.962607 0.580276
vt 0.956964 0.554235
vt 0.958315 0.569802
vt 0.959978 0.589232
vt 0.975193 0.627638
vt 0.978163 0.645297
vt 0.973764 0.634954
vt 0.976753 0.651074
vt 0.971262 0.641283
vt 0.968372 0.624677
vt 0.825968 0.459729
vt 0.827670 0.455972
vt 0.847395 0.461710
vt 0.849340 0.457621
vt 0.865563 0.463151
vt 0.862367 0.469038
vt 0.981291 0.664313
vt 0.979829 0.668680
vt 0.976859 0.672417
vt 0.974052 0.656055
vt 0.960070 0.504704
vt 0.958776 0.519556
vt 0.957327 0.532788
vt 0.955311 0.524720
vt 0.910095 0.500241
vt 0.918108 0.565229
vt 0.925247 0.557128
vt 0.926508 0.566039
vt 0.798000 0.564045
vt 0.819198 0.573756
vt 0.797085 0.573971
vt 0.799172 0.555265
vt 0.820093 0.563877
vt 0.821265 0.555136
vt 0.839568 0.563759
vt 0.838678 0.573591
vt 0.794646 0.610222
vt 0.816461 0.620739
vt 0.793563 0.621154
vt 0.795732 0.598301
vt 0.817266 0.609846
vt 0.818072 0.597975
vt 0.837024 0.609518
vt 0.836415 0.620374
vt 0.812811 0.866620
vt 0.830255 0.852349
vt 0.807158 0.853639
vt 0.825402 0.839751
vt 0.845487 0.838630
vt 0.850258 0.851192
vt 0.792251 0.741815
vt 0.815013 0.732270
vt 0.815310 0.741101
vt 0.791746 0.724411
vt 0.791875 0.732942
vt 0.814893 0.723781
vt 0.835163 0.731688
vt 0.835416 0.740481
vt 0.793856 0.763014
vt 0.815859 0.751592
vt 0.816566 0.762285
vt 0.792990 0.752337
vt 0.835845 0.750941
vt 0.836447 0.761635
vt 0.791702 0.714765
vt 0.791677 0.704352
vt 0.814854 0.714164
vt 0.814841 0.703771
vt 0.834983 0.713644
vt 0.835035 0.723234
vt 0.812927 0.490176
vt 0.831347 0.500282
vt 0.809690 0.499803
vt 0.833714 0.491406
vt 0.852065 0.492194
vt 0.850339 0.500630
vt 0.791655 0.693686
vt 0.791729 0.682319
vt 0.814832 0.693122
vt 0.814906 0.681775
vt 0.834960 0.692634
vt 0.834965 0.703268
vt 0.791969 0.669971
vt 0.792243 0.658190
vt 0.815126 0.669450
vt 0.815376 0.657692
vt 0.835236 0.668992
vt 0.835033 0.681302
vt 0.792418 0.648460
vt 0.792586 0.639859
vt 0.815542 0.647979
vt 0.815695 0.639395
vt 0.835633 0.647552
vt 0.835469 0.657250
vt 0.892984 0.475293
vt 0.882800 0.475874
vt 0.900834 0.475255
vt 0.899429 0.482689
vt 0.807117 0.509473
vt 0.827185 0.519150
vt 0.805095 0.519115
vt 0.829161 0.509595
vt 0.848460 0.509728
vt 0.846555 0.519224
vt 0.792903 0.630959
vt 0.815955 0.630516
vt 0.836013 0.630124
vt 0.835783 0.638983
vt 0.818626 0.585499
vt 0.796447 0.585769
vt 0.838116 0.585276
vt 0.837642 0.597695
vt 0.802444 0.840972
vt 0.822535 0.828103
vt 0.799545 0.829268
vt 0.820993 0.816517
vt 0.841221 0.815498
vt 0.842701 0.827029
vt 0.797890 0.817634
vt 0.819846 0.804356
vt 0.796721 0.805410
vt 0.818980 0.793494
vt 0.839119 0.792641
vt 0.840055 0.803406
vt 0.803420 0.528672
vt 0.824022 0.537855
vt 0.801929 0.537904
vt 0.825509 0.528665
vt 0.844904 0.528702
vt 0.843439 0.537853
vt 0.795918 0.794444
vt 0.818412 0.785612
vt 0.795454 0.786405
vt 0.817918 0.778979
vt 0.837879 0.778354
vt 0.838464 0.784888
vt 0.800505 0.546683
vt 0.822599 0.546594
vt 0.842039 0.546553
vt 0.840726 0.555058
vt 0.795086 0.779651
vt 0.817289 0.771433
vt 0.794572 0.772102
vt 0.837174 0.770817
vt 0.235308 0.986517
vt 0.227445 0.992268
vt 0.226713 0.986939
vt 0.236083 0.991609
vt 0.227689 0.998458
vt 0.206517 0.997895
vt 0.205968 0.991825
vt 0.205314 0.986239
vt 0.167097 0.991678
vt 0.166535 0.985152
vt 0.167686 0.998108
vt 0.119361 0.998458
vt 0.118857 0.991646
vt 0.118470 0.983982
vt 0.015044 0.969542
vt 0.014657 0.980766
vt 0.005090 0.979733
vt 0.005560 0.968529
vt 0.072213 0.991335
vt 0.072660 0.998389
vt 0.036161 0.997951
vt 0.035627 0.990800
vt 0.166072 0.977627
vt 0.204687 0.979652
vt 0.014294 0.990306
vt 0.015014 0.997554
vt 0.004272 0.989113
vt 0.837218 0.905123
vt 0.847699 0.898398
vt 0.851093 0.906729
vt 0.828790 0.899225
vt 0.864370 0.897416
vt 0.866056 0.906069
vt 0.226082 0.980691
vt 0.234932 0.980390
vt 0.887256 0.904546
vt 0.895796 0.895269
vt 0.896570 0.903814
vt 0.886620 0.895912
vt 0.903772 0.894673
vt 0.907380 0.903104
vt 0.876795 0.896593
vt 0.877795 0.905233
vt 0.875403 0.886995
vt 0.871795 0.476432
vt 0.875417 0.469425
vt 0.868463 0.484166
vt 0.948953 0.531382
vt 0.951672 0.533176
vt 0.953936 0.536693
vt 0.917044 0.555311
vt 0.909919 0.513259
vt 0.945922 0.529988
vt 0.937437 0.537039
vt 0.938220 0.526996
vt 0.973333 0.690184
vt 0.975352 0.712917
vt 0.974916 0.702480
vt 0.966778 0.712556
vt 0.962143 0.610816
vt 0.964550 0.630692
vt 0.966895 0.645980
vt 0.969143 0.659715
vt 0.867848 0.458865
vt 0.878303 0.463669
vt 0.881002 0.459416
vt 0.971325 0.675111
vt 0.925294 0.534323
vt 0.938717 0.566361
vt 0.955616 0.543377
vt 0.909897 0.522628
vt 0.916463 0.545562
vt 0.907577 0.552511
vt 0.873226 0.875762
vt 0.869842 0.863298
vt 0.853868 0.573487
vt 0.854781 0.563701
vt 0.855905 0.555034
vt 0.851533 0.620078
vt 0.852088 0.609252
vt 0.852681 0.597471
vt 0.865216 0.850305
vt 0.860890 0.837720
vt 0.850368 0.731260
vt 0.850639 0.740026
vt 0.850208 0.722830
vt 0.851068 0.750454
vt 0.851665 0.761126
vt 0.850117 0.713258
vt 0.850067 0.702894
vt 0.864954 0.500717
vt 0.866409 0.492222
vt 0.850048 0.692268
vt 0.850118 0.680942
vt 0.850315 0.668639
vt 0.850545 0.656901
vt 0.850719 0.647210
vt 0.850891 0.638651
vt 0.861479 0.519318
vt 0.863263 0.509837
vt 0.851142 0.629807
vt 0.853221 0.585111
vt 0.858271 0.826147
vt 0.856763 0.814677
vt 0.855503 0.802655
vt 0.854467 0.791968
vt 0.858493 0.537888
vt 0.859901 0.528767
vt 0.853743 0.784294
vt 0.853118 0.777818
vt 0.857158 0.546559
vt 0.852394 0.770302
vt 0.557596 0.500363
vt 0.546712 0.508532
vt 0.545563 0.495743
vt 0.578468 0.502374
vt 0.558155 0.510692
vt 0.578827 0.512541
vt 0.558939 0.522212
vt 0.547721 0.520382
vt 0.614814 0.504028
vt 0.661421 0.505661
vt 0.615063 0.514256
vt 0.661662 0.515957
vt 0.615617 0.525696
vt 0.579444 0.523995
vt 0.769418 0.508825
vt 0.748681 0.518886
vt 0.748412 0.508402
vt 0.778881 0.520063
vt 0.769703 0.519578
vt 0.770232 0.531146
vt 0.749215 0.530391
vt 0.709667 0.507212
vt 0.709922 0.517607
vt 0.710466 0.529049
vt 0.662210 0.527378
vt 0.946073 0.565911
vt 0.927892 0.573373
vt 0.907865 0.564032
vt 0.919402 0.572998
vt 0.663390 0.535866
vt 0.711643 0.537540
vt 0.750386 0.538896
vt 0.712860 0.546465
vt 0.664609 0.544790
vt 0.920351 0.581843
vt 0.908821 0.572422
vt 0.909723 0.581350
vt 0.928851 0.582159
vt 0.920482 0.595203
vt 0.580500 0.532500
vt 0.616780 0.534194
vt 0.617975 0.543116
vt 0.581526 0.541422
vt 0.947331 0.572820
vt 0.548171 0.528884
vt 0.559736 0.530719
vt 0.560354 0.539641
vt 0.548238 0.537805
vt 0.779520 0.531583
vt 0.771408 0.539639
vt 0.780764 0.539945
vt 0.772619 0.548561
vt 0.751600 0.547822
vt 0.928980 0.595520
vt 0.948408 0.594965
vt 0.941138 0.595936
vt 0.948049 0.611733
vt 0.940747 0.612657
vt 0.940277 0.630342
vt 0.947354 0.645328
vt 0.939963 0.646138
vt 0.582051 0.554781
vt 0.618593 0.556475
vt 0.665239 0.558151
vt 0.618823 0.573221
vt 0.582248 0.571526
vt 0.928589 0.612243
vt 0.928114 0.629929
vt 0.548241 0.551163
vt 0.560658 0.553000
vt 0.560772 0.569745
vt 0.548244 0.567908
vt 0.752222 0.561185
vt 0.781985 0.548846
vt 0.773239 0.561920
vt 0.782604 0.562203
vt 0.773465 0.578665
vt 0.752448 0.577933
vt 0.920090 0.611926
vt 0.909855 0.594705
vt 0.713487 0.559828
vt 0.713718 0.576578
vt 0.665473 0.574899
vt 0.909462 0.611426
vt 0.919612 0.629611
vt 0.548247 0.585614
vt 0.560864 0.587452
vt 0.582404 0.589233
vt 0.560995 0.603250
vt 0.548249 0.601413
vt 0.752629 0.595642
vt 0.782830 0.578946
vt 0.773644 0.596372
vt 0.783010 0.596652
vt 0.773910 0.612170
vt 0.752895 0.611442
vt 0.919288 0.645401
vt 0.908982 0.629110
vt 0.947621 0.629473
vt 0.665658 0.592609
vt 0.713901 0.594288
vt 0.714168 0.610089
vt 0.665928 0.608409
vt 0.908655 0.644896
vt 0.908577 0.656969
vt 0.619006 0.590928
vt 0.619271 0.606728
vt 0.582631 0.605032
vt 0.927793 0.645721
vt 0.927717 0.657801
vt 0.666309 0.620485
vt 0.714549 0.622165
vt 0.753274 0.623518
vt 0.714857 0.633359
vt 0.666619 0.631679
vt 0.919212 0.657477
vt 0.908458 0.668159
vt 0.947320 0.657465
vt 0.939892 0.658225
vt 0.947233 0.668709
vt 0.939773 0.669429
vt 0.582949 0.617107
vt 0.619645 0.618804
vt 0.619949 0.629997
vt 0.583208 0.628300
vt 0.927598 0.668998
vt 0.927190 0.682032
vt 0.548251 0.613488
vt 0.561179 0.615325
vt 0.561328 0.626518
vt 0.548252 0.624680
vt 0.783276 0.612450
vt 0.774289 0.624245
vt 0.783655 0.624525
vt 0.774597 0.635438
vt 0.753582 0.634711
vt 0.919092 0.668671
vt 0.918684 0.681701
vt 0.939362 0.682470
vt 0.926820 0.694527
vt 0.946509 0.694473
vt 0.938989 0.694975
vt 0.926794 0.703790
vt 0.548254 0.637951
vt 0.561376 0.639751
vt 0.583290 0.641496
vt 0.561435 0.653607
vt 0.548255 0.652076
vt 0.753678 0.647773
vt 0.783963 0.635717
vt 0.774693 0.648485
vt 0.784058 0.648758
vt 0.774811 0.661041
vt 0.753796 0.660435
vt 0.918316 0.694193
vt 0.908050 0.681188
vt 0.946856 0.681805
vt 0.666716 0.644805
vt 0.714953 0.646450
vt 0.715073 0.659309
vt 0.666836 0.657909
vt 0.907682 0.693691
vt 0.907656 0.702988
vt 0.620045 0.643158
vt 0.620163 0.656507
vt 0.583391 0.655093
vt 0.918291 0.703455
vt 0.907591 0.710194
vt 0.946489 0.704099
vt 0.938960 0.704254
vt 0.946411 0.711734
vt 0.938892 0.711433
vt 0.853110 0.171901
vt 0.861419 0.175590
vt 0.853662 0.177975
vt 0.583675 0.667014
vt 0.620496 0.667826
vt 0.667176 0.668631
vt 0.620711 0.677771
vt 0.583858 0.677773
vt 0.926730 0.710949
vt 0.840751 0.166571
vt 0.840845 0.173195
vt 0.548256 0.665280
vt 0.561599 0.666161
vt 0.561704 0.677775
vt 0.548257 0.677776
vt 0.754135 0.670086
vt 0.784177 0.661274
vt 0.775150 0.670435
vt 0.784516 0.670569
vt 0.775368 0.677776
vt 0.754353 0.677774
vt 0.918227 0.710613
vt 0.824004 0.175551
vt 0.832759 0.176619
vt 0.825926 0.184296
vt 0.950970 0.711916
vt 0.715412 0.669437
vt 0.715630 0.677771
vt 0.667394 0.677769
vt 0.512214 0.389971
vt 0.522961 0.398134
vt 0.511513 0.397457
vt 0.532528 0.392884
vt 0.523617 0.390643
vt 0.531869 0.400573
vt 0.522247 0.407285
vt 0.510786 0.406606
vt 0.526872 0.611938
vt 0.516386 0.620727
vt 0.515218 0.612275
vt 0.536883 0.618534
vt 0.527945 0.620444
vt 0.537926 0.627563
vt 0.529081 0.629117
vt 0.517628 0.629374
vt 0.513636 0.375912
vt 0.524237 0.384213
vt 0.512846 0.383534
vt 0.534134 0.378410
vt 0.525109 0.376626
vt 0.533161 0.386214
vt 0.518959 0.638466
vt 0.539197 0.636900
vt 0.530335 0.638208
vt 0.531729 0.647638
vt 0.520437 0.647893
vt 0.516195 0.353339
vt 0.526423 0.366040
vt 0.514799 0.365292
vt 0.537352 0.355557
vt 0.527940 0.354103
vt 0.535634 0.367670
vt 0.520187 0.330381
vt 0.529603 0.342724
vt 0.517779 0.341933
vt 0.531810 0.331168
vt 0.539041 0.343920
vt 0.411725 0.969802
vt 0.408199 0.961693
vt 0.420518 0.961200
vt 0.400006 0.970073
vt 0.389488 0.963779
vt 0.396239 0.955171
vt 0.415972 0.952864
vt 0.428287 0.952284
vt 0.470191 0.277260
vt 0.487222 0.289619
vt 0.465048 0.288362
vt 0.491073 0.278442
vt 0.506199 0.290732
vt 0.502189 0.303174
vt 0.482487 0.302015
vt 0.459513 0.300698
vt 0.513180 0.593901
vt 0.523889 0.581988
vt 0.524808 0.593523
vt 0.512393 0.582344
vt 0.523049 0.569738
vt 0.532830 0.578429
vt 0.533918 0.590254
vt 0.454314 0.872750
vt 0.445263 0.863680
vt 0.454495 0.863835
vt 0.453887 0.882450
vt 0.444681 0.872898
vt 0.443972 0.882899
vt 0.423056 0.874733
vt 0.423768 0.865098
vt 0.379672 0.991560
vt 0.379248 0.986793
vt 0.386773 0.987838
vt 0.374137 0.989846
vt 0.368544 0.987447
vt 0.372491 0.983345
vt 0.385415 0.982432
vt 0.394503 0.983005
vt 0.520863 0.529001
vt 0.510020 0.537790
vt 0.509720 0.528956
vt 0.529543 0.535409
vt 0.521211 0.537715
vt 0.530135 0.544475
vt 0.521702 0.547339
vt 0.510458 0.547504
vt 0.522067 0.657383
vt 0.540556 0.646525
vt 0.533198 0.657170
vt 0.541941 0.656258
vt 0.534670 0.666631
vt 0.523642 0.666658
vt 0.520428 0.510987
vt 0.509514 0.520402
vt 0.509322 0.510710
vt 0.528680 0.511174
vt 0.520632 0.520596
vt 0.529125 0.527495
vt 0.519983 0.486985
vt 0.509086 0.498970
vt 0.508888 0.486664
vt 0.528251 0.487573
vt 0.520185 0.499265
vt 0.528452 0.499643
vt 0.520098 0.465118
vt 0.508823 0.475340
vt 0.508863 0.464717
vt 0.529420 0.466622
vt 0.519949 0.475732
vt 0.528305 0.477018
vt 0.525061 0.675505
vt 0.543326 0.666046
vt 0.536115 0.675868
vt 0.544719 0.675735
vt 0.537738 0.684478
vt 0.526869 0.683816
vt 0.520323 0.445254
vt 0.508961 0.454360
vt 0.509105 0.444798
vt 0.528714 0.446768
vt 0.520159 0.454702
vt 0.528591 0.455246
vt 0.521531 0.417913
vt 0.510135 0.417246
vt 0.531108 0.409835
vt 0.530274 0.420460
vt 0.520934 0.428270
vt 0.509631 0.427641
vt 0.509307 0.436384
vt 0.529521 0.430710
vt 0.520557 0.436949
vt 0.529024 0.439121
vt 0.527701 0.304675
vt 0.534838 0.318442
vt 0.523858 0.317740
vt 0.537910 0.305282
vt 0.543649 0.319126
vt 0.541079 0.332103
vt 0.402900 0.977062
vt 0.392348 0.976948
vt 0.377223 0.978278
vt 0.382880 0.971833
vt 0.511042 0.558306
vt 0.530865 0.554736
vt 0.522319 0.558065
vt 0.531763 0.566144
vt 0.511703 0.570046
vt 0.447251 0.920278
vt 0.440423 0.911960
vt 0.449892 0.911323
vt 0.437816 0.920886
vt 0.419806 0.914703
vt 0.420792 0.905054
vt 0.441931 0.902503
vt 0.451706 0.901872
vt 0.264757 0.959085
vt 0.261311 0.966375
vt 0.255608 0.961204
vt 0.281259 0.956729
vt 0.270482 0.964242
vt 0.286279 0.962076
vt 0.277424 0.970119
vt 0.268479 0.972257
vt 0.514134 0.603637
vt 0.534960 0.600434
vt 0.525810 0.603264
vt 0.535949 0.609580
vt 0.238210 0.905797
vt 0.231455 0.918943
vt 0.228559 0.907391
vt 0.258420 0.903360
vt 0.241246 0.917194
vt 0.261183 0.914620
vt 0.245367 0.927953
vt 0.235621 0.929825
vt 0.483380 0.684409
vt 0.466840 0.694660
vt 0.463240 0.686337
vt 0.501190 0.683184
vt 0.487197 0.692502
vt 0.504975 0.691071
vt 0.491071 0.699750
vt 0.470089 0.701848
vt 0.443541 0.928517
vt 0.439121 0.936306
vt 0.433542 0.929082
vt 0.428215 0.936861
vt 0.413426 0.931879
vt 0.417613 0.923756
vt 0.372700 0.994262
vt 0.363824 0.996038
vt 0.370585 0.991516
vt 0.365519 0.990495
vt 0.363727 0.992436
vt 0.338479 0.894253
vt 0.384332 0.899590
vt 0.339026 0.905019
vt 0.384631 0.889165
vt 0.421553 0.895208
vt 0.384085 0.909701
vt 0.339723 0.915401
vt 0.329567 0.993650
vt 0.340109 0.989795
vt 0.340431 0.992701
vt 0.319387 0.995342
vt 0.327095 0.990949
vt 0.316277 0.991418
vt 0.325164 0.987525
vt 0.340081 0.986154
vt 0.302468 0.940758
vt 0.340435 0.925739
vt 0.340883 0.934993
vt 0.272916 0.945251
vt 0.300048 0.931488
vt 0.268791 0.935999
vt 0.297653 0.920910
vt 0.340631 0.948481
vt 0.373193 0.950752
vt 0.340475 0.954915
vt 0.376681 0.943632
vt 0.402359 0.947098
vt 0.369538 0.958384
vt 0.340406 0.961957
vt 0.340181 0.981930
vt 0.313048 0.988366
vt 0.323194 0.983690
vt 0.309376 0.985056
vt 0.320697 0.978801
vt 0.340301 0.976537
vt 0.307392 0.953064
vt 0.340865 0.942250
vt 0.304848 0.947542
vt 0.276949 0.951700
vt 0.292573 0.887179
vt 0.338153 0.882752
vt 0.293678 0.899294
vt 0.255820 0.877840
vt 0.291975 0.874993
vt 0.338012 0.871498
vt 0.340367 0.969539
vt 0.304725 0.980679
vt 0.317353 0.972355
vt 0.298651 0.974712
vt 0.313686 0.965335
vt 0.340196 0.998454
vt 0.332739 0.995093
vt 0.340821 0.994748
vt 0.329690 0.998038
vt 0.354747 0.988616
vt 0.353356 0.991680
vt 0.356666 0.984689
vt 0.532295 0.280994
vt 0.540206 0.292800
vt 0.530518 0.292203
vt 0.541662 0.281619
vt 0.548177 0.293235
vt 0.546203 0.305782
vt 0.383729 0.919687
vt 0.382562 0.928859
vt 0.422304 0.885089
vt 0.443063 0.892810
vt 0.453024 0.892216
vt 0.359032 0.980031
vt 0.362000 0.974101
vt 0.408036 0.939474
vt 0.380026 0.936621
vt 0.422504 0.944639
vt 0.434274 0.944057
vt 0.384995 0.878292
vt 0.385391 0.867954
vt 0.365654 0.966539
vt 0.352565 0.993766
vt 0.352309 0.997462
vt 0.295440 0.910347
vt 0.264765 0.925289
vt 0.308122 0.994222
vt 0.304913 0.989065
vt 0.300000 0.991576
vt 0.309369 0.991054
vt 0.259987 0.954269
vt 0.250984 0.956374
vt 0.255379 0.947984
vt 0.246360 0.950048
vt 0.250318 0.938746
vt 0.240940 0.940725
vt 0.310323 0.958861
vt 0.292136 0.968132
vt 0.256727 0.890770
vt 0.226780 0.894356
vt 0.236335 0.892958
vt 0.225814 0.880863
vt 0.235317 0.879678
vt 0.293201 0.982211
vt 0.285562 0.984344
vt 0.285429 0.976495
vt 0.277012 0.978627
vt 0.299551 0.986257
vt 0.292949 0.988457
vt 0.843933 0.227864
vt 0.834749 0.211686
vt 0.843304 0.208361
vt 0.833316 0.184207
vt 0.826122 0.192386
vt 0.866887 0.158922
vt 0.870004 0.162289
vt 0.868615 0.168248
vt 0.864838 0.152013
vt 0.868135 0.152968
vt 0.866060 0.145631
vt 0.869086 0.143699
vt 0.871076 0.152333
vt 0.856067 0.221282
vt 0.855286 0.202622
vt 0.841520 0.180691
vt 0.856288 0.141234
vt 0.864488 0.133445
vt 0.863555 0.142194
vt 0.872744 0.049800
vt 0.880455 0.037835
vt 0.879106 0.052437
vt 0.867330 0.047637
vt 0.873252 0.035925
vt 0.867209 0.034306
vt 0.873710 0.022374
vt 0.881686 0.023555
vt 0.842436 0.192363
vt 0.835187 0.231311
vt 0.844415 0.249211
vt 0.835475 0.252905
vt 0.541552 0.698484
vt 0.534470 0.703724
vt 0.532241 0.698172
vt 0.548735 0.698178
vt 0.543128 0.703893
vt 0.550019 0.703284
vt 0.545455 0.708112
vt 0.537197 0.707850
vt 0.871224 0.075077
vt 0.877602 0.065316
vt 0.876026 0.079523
vt 0.866979 0.071572
vt 0.872011 0.061880
vt 0.867182 0.059125
vt 0.866988 0.136771
vt 0.869658 0.129380
vt 0.867258 0.123099
vt 0.870068 0.111442
vt 0.873134 0.118430
vt 0.872048 0.137274
vt 0.876891 0.182225
vt 0.880017 0.179991
vt 0.878347 0.195706
vt 0.875216 0.170268
vt 0.878579 0.166408
vt 0.876822 0.154465
vt 0.880667 0.146547
vt 0.882037 0.160091
vt 0.874490 0.098027
vt 0.867128 0.105981
vt 0.870567 0.092294
vt 0.866974 0.087826
vt 0.882738 0.012074
vt 0.867096 0.021327
vt 0.874231 0.011655
vt 0.867229 0.011255
vt 0.874320 0.002812
vt 0.883000 0.002457
vt 0.860866 0.169553
vt 0.853070 0.166170
vt 0.860713 0.164202
vt 0.863511 0.167217
vt 0.864330 0.173998
vt 0.866728 0.171807
vt 0.862770 0.163134
vt 0.865416 0.163620
vt 0.863711 0.158320
vt 0.291686 0.863868
vt 0.338013 0.861531
vt 0.255350 0.865787
vt 0.255201 0.854993
vt 0.291676 0.853947
vt 0.338192 0.852765
vt 0.867003 0.214566
vt 0.871004 0.230064
vt 0.867950 0.234482
vt 0.866073 0.197010
vt 0.870011 0.211310
vt 0.868986 0.194714
vt 0.872730 0.205397
vt 0.873822 0.222372
vt 0.826320 0.214773
vt 0.834067 0.195763
vt 0.863847 0.216841
vt 0.853750 0.157695
vt 0.861269 0.156936
vt 0.862972 0.198774
vt 0.864741 0.237300
vt 0.856802 0.242130
vt 0.898903 0.029050
vt 0.902539 0.015915
vt 0.900418 0.032005
vt 0.895675 0.026557
vt 0.901024 0.014449
vt 0.897645 0.013262
vt 0.901601 0.001669
vt 0.903074 0.001611
vt 0.885013 0.133918
vt 0.878832 0.134738
vt 0.883613 0.122125
vt 0.881560 0.111882
vt 0.886908 0.098401
vt 0.888362 0.107705
vt 0.873189 0.160779
vt 0.874540 0.145212
vt 0.876202 0.125782
vt 0.891416 0.087376
vt 0.884595 0.090337
vt 0.889988 0.080060
vt 0.887485 0.073731
vt 0.892977 0.063939
vt 0.894387 0.069716
vt 0.472670 0.707588
vt 0.509069 0.698280
vt 0.494097 0.705607
vt 0.512265 0.704166
vt 0.496042 0.709696
vt 0.474372 0.711346
vt 0.897514 0.050700
vt 0.890276 0.058959
vt 0.896052 0.046334
vt 0.893082 0.042597
vt 0.854445 0.188018
vt 0.876296 0.210310
vt 0.871536 0.190294
vt 0.875001 0.195458
vt 0.873552 0.182226
vt 0.833269 0.159703
vt 0.832688 0.169452
vt 0.826681 0.233136
vt 0.827086 0.254657
vt 0.465900 0.593561
vt 0.444702 0.603272
vt 0.443787 0.593347
vt 0.485380 0.593726
vt 0.466795 0.603441
vt 0.486270 0.603558
vt 0.467967 0.612181
vt 0.445875 0.612052
vt 0.463163 0.546578
vt 0.441348 0.557095
vt 0.440265 0.546163
vt 0.483117 0.546943
vt 0.463968 0.557471
vt 0.483726 0.557799
vt 0.464775 0.569342
vt 0.442435 0.569016
vt 0.476957 0.314968
vt 0.453860 0.313678
vt 0.496960 0.316126
vt 0.492189 0.328688
vt 0.472104 0.327567
vt 0.449146 0.326346
vt 0.438953 0.425502
vt 0.461715 0.435047
vt 0.438577 0.434375
vt 0.462012 0.426217
vt 0.481865 0.435630
vt 0.461595 0.443536
vt 0.438448 0.442906
vt 0.440558 0.404303
vt 0.462561 0.415726
vt 0.439692 0.414980
vt 0.463268 0.405032
vt 0.482547 0.416376
vt 0.482119 0.426836
vt 0.438404 0.452552
vt 0.481737 0.444083
vt 0.461556 0.453153
vt 0.481685 0.453673
vt 0.461543 0.463547
vt 0.438379 0.462965
vt 0.478049 0.667035
vt 0.459629 0.677141
vt 0.456392 0.667515
vt 0.497041 0.666687
vt 0.480416 0.675912
vt 0.498767 0.675123
vt 0.438357 0.473632
vt 0.481668 0.464049
vt 0.461534 0.474195
vt 0.481662 0.474684
vt 0.461608 0.485542
vt 0.438431 0.484998
vt 0.438671 0.497346
vt 0.481735 0.486016
vt 0.461828 0.497867
vt 0.481938 0.498325
vt 0.462078 0.509626
vt 0.438945 0.509127
vt 0.439120 0.518858
vt 0.482172 0.510068
vt 0.462244 0.519338
vt 0.482335 0.519766
vt 0.462397 0.527922
vt 0.439288 0.527458
vt 0.539686 0.692024
vt 0.529502 0.691444
vt 0.546131 0.684628
vt 0.547536 0.692062
vt 0.473888 0.648167
vt 0.453820 0.657844
vt 0.451797 0.648202
vt 0.493257 0.648093
vt 0.475863 0.657722
vt 0.495162 0.657589
vt 0.439605 0.536358
vt 0.482485 0.528334
vt 0.462657 0.536801
vt 0.482716 0.537193
vt 0.465328 0.581819
vt 0.443150 0.581548
vt 0.484345 0.569623
vt 0.484818 0.582041
vt 0.469237 0.339215
vt 0.446248 0.338049
vt 0.489404 0.340289
vt 0.487923 0.351819
vt 0.467695 0.350800
vt 0.444593 0.349684
vt 0.466548 0.362961
vt 0.443423 0.361907
vt 0.486757 0.363912
vt 0.485821 0.374677
vt 0.465683 0.373823
vt 0.442621 0.372873
vt 0.470724 0.629462
vt 0.450122 0.638645
vt 0.448631 0.629413
vt 0.490141 0.629465
vt 0.472212 0.638652
vt 0.491606 0.638616
vt 0.465114 0.381705
vt 0.442157 0.380912
vt 0.485167 0.382429
vt 0.484581 0.388963
vt 0.464620 0.388338
vt 0.441788 0.387666
vt 0.447207 0.620634
vt 0.487428 0.612259
vt 0.469301 0.620723
vt 0.488741 0.620764
vt 0.463991 0.395884
vt 0.441274 0.395215
vt 0.483876 0.396501
vt 0.483150 0.405682
vt 0.455030 0.850230
vt 0.447167 0.844478
vt 0.455805 0.845138
vt 0.446435 0.849808
vt 0.425690 0.844922
vt 0.426239 0.838852
vt 0.447411 0.838289
vt 0.457159 0.838444
vt 0.425036 0.850508
vt 0.386819 0.845069
vt 0.386257 0.851595
vt 0.338579 0.845101
vt 0.339083 0.838289
vt 0.387408 0.838639
vt 0.234766 0.867204
vt 0.225283 0.868218
vt 0.224813 0.857014
vt 0.234380 0.855980
vt 0.291935 0.845411
vt 0.255349 0.845946
vt 0.255884 0.838796
vt 0.292382 0.838358
vt 0.385794 0.859120
vt 0.424409 0.857095
vt 0.234016 0.846441
vt 0.223994 0.847634
vt 0.234737 0.839193
vt 0.483920 0.262194
vt 0.494401 0.268919
vt 0.475493 0.268092
vt 0.497796 0.260588
vt 0.511072 0.269902
vt 0.509014 0.279503
vt 0.445804 0.856056
vt 0.454654 0.856357
vt 0.533958 0.262771
vt 0.542498 0.272048
vt 0.533323 0.271405
vt 0.543272 0.263504
vt 0.550474 0.272645
vt 0.549469 0.282064
vt 0.512758 0.261249
vt 0.523497 0.270725
vt 0.524497 0.262084
vt 0.522105 0.280322
vt 0.518497 0.690885
vt 0.522119 0.697893
vt 0.515165 0.683151
vt 0.865178 0.183632
vt 0.867897 0.181838
vt 0.870161 0.178321
vt 0.841471 0.157886
vt 0.834333 0.149785
vt 0.842733 0.148975
vt 0.862147 0.185026
vt 0.889556 0.024830
vt 0.891139 0.012534
vt 0.891574 0.002097
vt 0.898201 0.001813
vt 0.878367 0.104197
vt 0.880774 0.084321
vt 0.883118 0.069034
vt 0.885366 0.055298
vt 0.525005 0.703648
vt 0.527704 0.707902
vt 0.514550 0.708452
vt 0.887548 0.039902
vt 0.871841 0.171637
vt 0.824089 0.150982
vt 0.823801 0.162504
vt 0.826145 0.201756
vt 0.519928 0.291556
vt 0.516544 0.304020
vt 0.500571 0.593830
vt 0.501483 0.603616
vt 0.502607 0.612284
vt 0.498236 0.547240
vt 0.498790 0.558066
vt 0.499384 0.569846
vt 0.511918 0.317013
vt 0.507592 0.329597
vt 0.497071 0.436057
vt 0.497342 0.427291
vt 0.496910 0.444487
vt 0.497770 0.416863
vt 0.498367 0.406191
vt 0.496819 0.454059
vt 0.496769 0.464423
vt 0.511656 0.666600
vt 0.513111 0.675095
vt 0.496751 0.475049
vt 0.496820 0.486375
vt 0.497017 0.498679
vt 0.497247 0.510416
vt 0.497421 0.520108
vt 0.497593 0.528666
vt 0.508182 0.648000
vt 0.509965 0.657480
vt 0.497844 0.537511
vt 0.499923 0.582206
vt 0.504973 0.341170
vt 0.503465 0.352641
vt 0.502205 0.364662
vt 0.501169 0.375349
vt 0.505195 0.629430
vt 0.506604 0.638550
vt 0.500445 0.383023
vt 0.499820 0.389499
vt 0.503860 0.620758
vt 0.499096 0.397016
vt 0.728373 0.714116
vt 0.717488 0.705947
vt 0.729522 0.701328
vt 0.727364 0.725967
vt 0.716930 0.716277
vt 0.716146 0.727796
vt 0.696257 0.718126
vt 0.696617 0.707959
vt 0.660271 0.709612
vt 0.695640 0.729580
vt 0.660022 0.719841
vt 0.659468 0.731281
vt 0.613422 0.721542
vt 0.613664 0.711245
vt 0.526404 0.724471
vt 0.505667 0.714410
vt 0.526673 0.713987
vt 0.525871 0.735976
vt 0.505382 0.725163
vt 0.504853 0.736731
vt 0.496205 0.725648
vt 0.496169 0.712596
vt 0.565418 0.712796
vt 0.612875 0.732962
vt 0.565163 0.723192
vt 0.564619 0.734634
vt 0.854941 0.148653
vt 0.862298 0.149102
vt 0.845075 0.132855
vt 0.857236 0.132437
vt 0.844117 0.141641
vt 0.836575 0.133171
vt 0.611695 0.741451
vt 0.610476 0.750375
vt 0.563442 0.743124
vt 0.562225 0.752050
vt 0.524699 0.744481
vt 0.825947 0.133664
vt 0.835626 0.142016
vt 0.825046 0.142592
vt 0.845204 0.119494
vt 0.836314 0.103088
vt 0.844813 0.102771
vt 0.694585 0.738085
vt 0.693559 0.747007
vt 0.658305 0.739778
vt 0.657109 0.748700
vt 0.726914 0.734468
vt 0.726847 0.743390
vt 0.715349 0.736303
vt 0.714730 0.745226
vt 0.523485 0.753407
vt 0.503677 0.745224
vt 0.502466 0.754146
vt 0.494321 0.745530
vt 0.495566 0.737168
vt 0.857363 0.119077
vt 0.856971 0.102356
vt 0.864632 0.120049
vt 0.856500 0.084672
vt 0.863578 0.069685
vt 0.863845 0.085541
vt 0.864272 0.103281
vt 0.693034 0.760365
vt 0.692837 0.777111
vt 0.656492 0.762059
vt 0.656262 0.778805
vt 0.609846 0.763736
vt 0.844016 0.069293
vt 0.856187 0.068876
vt 0.726844 0.756748
vt 0.726841 0.773492
vt 0.714427 0.758584
vt 0.714312 0.775329
vt 0.522864 0.766770
vt 0.522637 0.783518
vt 0.501846 0.767505
vt 0.501620 0.784250
vt 0.492481 0.767788
vt 0.493101 0.754431
vt 0.825686 0.103588
vt 0.836706 0.119812
vt 0.826079 0.120309
vt 0.609612 0.780484
vt 0.561598 0.765413
vt 0.561367 0.782162
vt 0.844337 0.085085
vt 0.835512 0.069613
vt 0.726838 0.791199
vt 0.726836 0.806997
vt 0.714221 0.793036
vt 0.714090 0.808835
vt 0.692681 0.794818
vt 0.522457 0.801227
vt 0.522190 0.817027
vt 0.501441 0.801956
vt 0.501175 0.817755
vt 0.492075 0.802237
vt 0.492255 0.784531
vt 0.824879 0.070118
vt 0.835836 0.085403
vt 0.825205 0.085904
vt 0.609427 0.798193
vt 0.609157 0.813994
vt 0.561184 0.799873
vt 0.560917 0.815674
vt 0.824681 0.046855
vt 0.835435 0.057537
vt 0.824801 0.058045
vt 0.692455 0.810617
vt 0.656079 0.796513
vt 0.655814 0.812313
vt 0.856115 0.056789
vt 0.843822 0.046015
vt 0.855996 0.045585
vt 0.608776 0.826070
vt 0.608466 0.837264
vt 0.560537 0.827750
vt 0.560228 0.838944
vt 0.521811 0.829102
vt 0.843941 0.057213
vt 0.835315 0.046343
vt 0.863544 0.057549
vt 0.863457 0.046305
vt 0.692136 0.822692
vt 0.691877 0.833885
vt 0.655440 0.824388
vt 0.655136 0.835581
vt 0.855585 0.032544
vt 0.843043 0.020487
vt 0.855212 0.020039
vt 0.726834 0.819072
vt 0.726833 0.830265
vt 0.713906 0.820910
vt 0.713757 0.832102
vt 0.521503 0.840295
vt 0.500796 0.829830
vt 0.500488 0.841023
vt 0.491430 0.830109
vt 0.491809 0.818035
vt 0.843413 0.032982
vt 0.834538 0.020821
vt 0.855183 0.010759
vt 0.842952 0.004065
vt 0.855115 0.003581
vt 0.862732 0.020541
vt 0.863079 0.033209
vt 0.726831 0.843536
vt 0.726830 0.857660
vt 0.713709 0.845335
vt 0.713650 0.859192
vt 0.691795 0.847080
vt 0.521408 0.853358
vt 0.521289 0.866020
vt 0.500393 0.854070
vt 0.500274 0.866625
vt 0.491027 0.854343
vt 0.491122 0.841302
vt 0.823904 0.021323
vt 0.834907 0.033313
vt 0.824273 0.033827
vt 0.608369 0.850389
vt 0.608249 0.863493
vt 0.560132 0.852035
vt 0.560013 0.864893
vt 0.823814 0.004820
vt 0.834514 0.011559
vt 0.823879 0.012026
vt 0.691694 0.860677
vt 0.655040 0.848742
vt 0.654922 0.862091
vt 0.843017 0.011223
vt 0.834450 0.004401
vt 0.862712 0.010915
vt 0.862634 0.003280
vt 0.691410 0.872598
vt 0.691227 0.883358
vt 0.654589 0.873410
vt 0.654374 0.883355
vt 0.607909 0.874216
vt 0.968216 0.172875
vt 0.954081 0.176478
vt 0.953946 0.173561
vt 0.726829 0.870865
vt 0.726828 0.883361
vt 0.713486 0.871745
vt 0.713381 0.883360
vt 0.520950 0.875670
vt 0.520732 0.883358
vt 0.499935 0.876019
vt 0.499717 0.883360
vt 0.490570 0.876154
vt 0.490908 0.866858
vt 0.944653 0.173965
vt 0.944750 0.176883
vt 0.867193 0.003098
vt 0.607691 0.883354
vt 0.559674 0.875021
vt 0.559456 0.883355
vt 0.920864 0.193494
vt 0.911680 0.195850
vt 0.911998 0.192942
vt 0.901768 0.194250
vt 0.902323 0.191379
vt 0.929425 0.192894
vt 0.939542 0.194172
vt 0.929771 0.195799
vt 0.920881 0.196423
vt 0.904512 0.183286
vt 0.891778 0.183522
vt 0.892475 0.180684
vt 0.950508 0.188899
vt 0.939002 0.191299
vt 0.915777 0.184551
vt 0.926545 0.187481
vt 0.915615 0.187472
vt 0.904043 0.186173
vt 0.946283 0.182260
vt 0.937106 0.186548
vt 0.936760 0.183646
vt 0.926415 0.184560
vt 0.898156 0.093712
vt 0.898681 0.084284
vt 0.901363 0.085452
vt 0.954641 0.180648
vt 0.946786 0.185138
vt 0.893526 0.114385
vt 0.892562 0.103248
vt 0.895420 0.103871
vt 0.895367 0.092827
vt 0.893403 0.137714
vt 0.891936 0.146227
vt 0.890497 0.138055
vt 0.892888 0.130990
vt 0.889965 0.131074
vt 0.901408 0.167790
vt 0.894733 0.157037
vt 0.897537 0.156210
vt 0.894796 0.145615
vt 0.902649 0.207662
vt 0.914446 0.211568
vt 0.902222 0.210555
vt 0.890490 0.208169
vt 0.891219 0.205339
vt 0.891653 0.188919
vt 0.890884 0.191741
vt 0.910791 0.146840
vt 0.898395 0.147076
vt 0.910187 0.143979
vt 0.556853 0.367965
vt 0.559858 0.355868
vt 0.559772 0.368065
vt 0.941930 0.207224
vt 0.955627 0.208169
vt 0.942241 0.210128
vt 0.927959 0.208440
vt 0.928085 0.211358
vt 0.914566 0.208648
vt 0.892809 0.123446
vt 0.889888 0.123308
vt 0.890627 0.114000
vt 0.934863 0.144271
vt 0.945033 0.141884
vt 0.944759 0.144794
vt 0.953943 0.143156
vt 0.953476 0.146039
vt 0.961960 0.147617
vt 0.962589 0.144764
vt 0.970504 0.149865
vt 0.971380 0.147076
vt 0.897672 0.142392
vt 0.906196 0.137484
vt 0.906731 0.140356
vt 0.915941 0.136122
vt 0.916267 0.139025
vt 0.925862 0.135344
vt 0.926010 0.138261
vt 0.935973 0.135175
vt 0.935931 0.138096
vt 0.946196 0.135637
vt 0.945990 0.138550
vt 0.956040 0.136510
vt 0.955745 0.139414
vt 0.965018 0.137565
vt 0.964673 0.140464
vt 0.972782 0.138751
vt 0.972403 0.141646
vt 0.922821 0.142028
vt 0.923133 0.144934
vt 0.934850 0.141347
vt 0.564307 0.109939
vt 0.566711 0.136302
vt 0.563790 0.136254
vt 0.566241 0.162755
vt 0.563321 0.162709
vt 0.564241 0.255449
vt 0.566393 0.239208
vt 0.567159 0.255335
vt 0.564604 0.269748
vt 0.567525 0.269789
vt 0.940382 0.174118
vt 0.940464 0.177037
vt 0.563151 0.220418
vt 0.566069 0.201218
vt 0.566072 0.220411
vt 0.563472 0.239275
vt 0.563159 0.183305
vt 0.566084 0.183336
vt 0.563147 0.201203
vt 0.883998 0.172246
vt 0.899647 0.175809
vt 0.883886 0.175165
vt 0.564618 0.089967
vt 0.567230 0.109978
vt 0.935011 0.174243
vt 0.935063 0.177167
vt 0.926788 0.177104
vt 0.926815 0.174165
vt 0.914397 0.176564
vt 0.914510 0.173640
vt 0.899782 0.172892
vt 0.553505 0.311922
vt 0.550434 0.326180
vt 0.550586 0.311870
vt 0.553297 0.335506
vt 0.553353 0.326205
vt 0.978588 0.139695
vt 0.978560 0.142657
vt 0.981050 0.139251
vt 0.982616 0.142133
vt 0.977879 0.172188
vt 0.984009 0.174955
vt 0.978010 0.175106
vt 0.550910 0.302219
vt 0.553831 0.302241
vt 0.557113 0.306468
vt 0.559901 0.321324
vt 0.556981 0.321310
vt 0.559822 0.335162
vt 0.556902 0.335152
vt 0.556904 0.345347
vt 0.559825 0.345354
vt 0.556937 0.355842
vt 0.557317 0.285395
vt 0.560147 0.294813
vt 0.557226 0.294803
vt 0.560034 0.306482
vt 0.556876 0.265389
vt 0.560253 0.275824
vt 0.557323 0.276122
vt 0.560238 0.285366
vt 0.933300 0.200994
vt 0.942660 0.202489
vt 0.933553 0.203911
vt 0.942075 0.199623
vt 0.952380 0.199979
vt 0.924722 0.201188
vt 0.914768 0.203396
vt 0.915040 0.200486
vt 0.924646 0.204111
vt 0.891225 0.197073
vt 0.902949 0.202054
vt 0.890581 0.199927
vt 0.903364 0.199161
vt 0.912115 0.154409
vt 0.922393 0.150058
vt 0.922656 0.152971
vt 0.900269 0.154377
vt 0.911562 0.151535
vt 0.942654 0.152582
vt 0.932984 0.149565
vt 0.942767 0.149662
vt 0.933032 0.152487
vt 0.959907 0.154427
vt 0.951490 0.150151
vt 0.960541 0.151571
vt 0.951154 0.153057
vt 0.972800 0.079626
vt 0.974027 0.090726
vt 0.970034 0.080568
vt 0.970066 0.157158
vt 0.970960 0.154374
vt 0.968131 0.056792
vt 0.965034 0.048736
vt 0.967955 0.048778
vt 0.968937 0.063480
vt 0.965217 0.057024
vt 0.970110 0.025762
vt 0.965666 0.037599
vt 0.967232 0.025258
vt 0.968576 0.037862
vt 0.972713 0.014391
vt 0.974024 0.002032
vt 0.976734 0.003129
vt 0.969901 0.013586
vt 0.902079 0.215580
vt 0.890685 0.216396
vt 0.891329 0.213546
vt 0.913934 0.216790
vt 0.901650 0.218471
vt 0.241263 0.172570
vt 0.243817 0.184770
vt 0.240898 0.184687
vt 0.241182 0.159174
vt 0.244184 0.172578
vt 0.240274 0.145173
vt 0.244100 0.159043
vt 0.238458 0.131896
vt 0.243179 0.144857
vt 0.970331 0.070887
vt 0.966057 0.063967
vt 0.967495 0.071593
vt 0.938115 0.215613
vt 0.948531 0.216402
vt 0.938552 0.218504
vt 0.970350 0.003163
vt 0.964596 0.010513
vt 0.967649 0.002041
vt 0.964780 0.019689
vt 0.967363 0.011451
vt 0.962761 0.028294
vt 0.961964 0.018907
vt 0.958687 0.037252
vt 0.959885 0.027761
vt 0.961599 0.037511
vt 0.958262 0.047088
vt 0.961184 0.047136
vt 0.958434 0.057044
vt 0.961354 0.056912
vt 0.959232 0.067130
vt 0.962137 0.066810
vt 0.960668 0.077268
vt 0.963549 0.076785
vt 0.962477 0.086990
vt 0.965342 0.086418
vt 0.964385 0.095830
vt 0.967240 0.095210
vt 0.966309 0.103450
vt 0.926563 0.219688
vt 0.913779 0.219710
vt 0.926422 0.216768
vt 0.241138 0.331792
vt 0.238207 0.358110
vt 0.238214 0.331773
vt 0.564595 0.403343
vt 0.566885 0.376828
vt 0.567515 0.403277
vt 0.564327 0.284147
vt 0.566577 0.300375
vt 0.563656 0.300326
vt 0.564604 0.269847
vt 0.567246 0.284245
vt 0.553304 0.339779
vt 0.550377 0.335519
vt 0.563449 0.319185
vt 0.566481 0.338366
vt 0.563560 0.338399
vt 0.566369 0.319174
vt 0.563680 0.356297
vt 0.563966 0.376891
vt 0.566604 0.356248
vt 0.241226 0.311812
vt 0.238337 0.296025
vt 0.241258 0.296015
vt 0.238305 0.311799
vt 0.553379 0.345151
vt 0.550384 0.339807
vt 0.550828 0.353474
vt 0.550456 0.345209
vt 0.241144 0.268953
vt 0.238216 0.281256
vt 0.238207 0.268854
vt 0.241142 0.281268
vt 0.968377 0.175791
vt 0.969155 0.102796
vt 0.967803 0.109143
vt 0.970751 0.108832
vt 0.967596 0.111637
vt 0.550837 0.296219
vt 0.552949 0.293709
vt 0.239240 0.234030
vt 0.242578 0.219289
vt 0.242159 0.234125
vt 0.239659 0.219195
vt 0.243012 0.205459
vt 0.240475 0.195173
vt 0.240094 0.205360
vt 0.243394 0.195275
vt 0.238661 0.255095
vt 0.241838 0.245789
vt 0.241578 0.255232
vt 0.238919 0.245691
vt 0.238322 0.264361
vt 0.241239 0.264768
vt 0.820716 0.340621
vt 0.779630 0.234835
vt 0.820715 0.234835
vt 0.778262 0.468128
vt 0.737872 0.423631
vt 0.778284 0.423631
vt 0.697471 0.468124
vt 0.697460 0.423631
vt 0.779629 0.129049
vt 0.818693 0.046041
vt 0.820714 0.129049
vt 0.697460 0.129050
vt 0.737871 0.046041
vt 0.738544 0.129050
vt 0.818696 0.423631
vt 0.779630 0.340621
vt 0.694054 0.046042
vt 0.694054 0.129083
vt 0.697460 0.234835
vt 0.694055 0.234835
vt 0.738545 0.234835
vt 0.694066 0.001550
vt 0.697460 0.046042
vt 0.738545 0.340621
vt 0.697460 0.340621
vt 0.818657 0.468130
vt 0.778259 0.001545
vt 0.737865 0.001548
vt 0.818654 0.001543
vt 0.778282 0.046041
vt 0.694054 0.423149
vt 0.694055 0.340621
vt 0.694067 0.468124
vt 0.697471 0.001550
vt 0.347868 0.834163
vt 0.245387 0.723131
vt 0.347935 0.723131
vt 0.488233 0.833576
vt 0.470294 0.723134
vt 0.489215 0.723157
vt 0.427991 0.723131
vt 0.470103 0.834163
vt 0.427874 0.834164
vt 0.142907 0.834163
vt 0.142839 0.723131
vt 0.062901 0.834163
vt 0.062784 0.723131
vt 0.020672 0.834163
vt 0.002493 0.834163
vt 0.020481 0.723134
vt 0.997647 0.533877
vt 0.994228 0.491865
vt 0.997146 0.491569
vt 0.990887 0.474158
vt 0.993634 0.472973
vt 0.997647 0.716507
vt 0.994726 0.613944
vt 0.997647 0.613944
vt 0.994726 0.533894
vt 0.997647 0.899135
vt 0.994228 0.941146
vt 0.994726 0.899117
vt 0.997146 0.941442
vt 0.990887 0.958860
vt 0.997647 0.819071
vt 0.994726 0.716507
vt 0.994726 0.819071
vt 0.119066 0.022148
vt 0.154011 0.004750
vt 0.153965 0.022893
vt 0.153428 0.433069
vt 0.234834 0.474061
vt 0.153375 0.475588
vt 0.688169 0.063207
vt 0.690925 0.145720
vt 0.688153 0.145745
vt 0.690924 0.251464
vt 0.688151 0.251464
vt 0.153668 0.249240
vt 0.234989 0.351827
vt 0.153534 0.352475
vt 0.234885 0.431833
vt 0.098765 0.249169
vt 0.118634 0.352753
vt 0.098629 0.352912
vt 0.098524 0.433903
vt 0.118474 0.476242
vt 0.098468 0.476616
vt 0.570666 0.065161
vt 0.153822 0.493693
vt 0.235435 0.492190
vt 0.688203 0.001654
vt 0.691008 0.018146
vt 0.688227 0.019686
vt 0.690941 0.062681
vt 0.688231 0.483248
vt 0.570657 0.498888
vt 0.570657 0.480827
vt 0.153908 0.065411
vt 0.235420 0.024632
vt 0.235361 0.066861
vt 0.118904 0.145637
vt 0.098900 0.145426
vt 0.098812 0.494706
vt 0.118856 0.494337
vt 0.570663 0.437771
vt 0.688154 0.357181
vt 0.688173 0.439723
vt 0.690926 0.357240
vt 0.690945 0.439767
vt 0.153803 0.146006
vt 0.119010 0.064790
vt 0.099006 0.064434
vt 0.570670 0.146838
vt 0.570668 0.356090
vt 0.235256 0.146866
vt 0.235484 0.006453
vt 0.570660 0.022107
vt 0.570464 0.004064
vt 0.118529 0.433599
vt 0.691012 0.484787
vt 0.688208 0.501281
vt 0.690991 0.501347
vt 0.312459 0.313547
vt 0.329045 0.322061
vt 0.311028 0.320173
vt 0.313494 0.308826
vt 0.330695 0.315557
vt 0.331950 0.310926
vt 0.343840 0.318242
vt 0.341929 0.324962
vt 0.317675 0.672912
vt 0.333392 0.664115
vt 0.335715 0.671824
vt 0.315309 0.665187
vt 0.330903 0.654135
vt 0.343124 0.652090
vt 0.345771 0.662064
vt 0.348092 0.669788
vt 0.298373 0.389321
vt 0.312897 0.403522
vt 0.296756 0.402558
vt 0.300597 0.374898
vt 0.314717 0.390418
vt 0.328377 0.379854
vt 0.325499 0.394172
vt 0.323292 0.407063
vt 0.295475 0.541568
vt 0.310729 0.534221
vt 0.311323 0.541425
vt 0.294848 0.534284
vt 0.310241 0.527436
vt 0.320398 0.531698
vt 0.321039 0.538394
vt 0.295659 0.415255
vt 0.310431 0.428392
vt 0.294790 0.427764
vt 0.311529 0.416069
vt 0.321531 0.419085
vt 0.320138 0.430423
vt 0.329731 0.696115
vt 0.343533 0.687889
vt 0.346584 0.695445
vt 0.326465 0.688768
vt 0.340776 0.682353
vt 0.352644 0.680545
vt 0.355077 0.686356
vt 0.357936 0.694337
vt 0.312918 0.655164
vt 0.328021 0.642271
vt 0.310234 0.643250
vt 0.325097 0.630270
vt 0.336834 0.627960
vt 0.339995 0.640193
vt 0.294305 0.527498
vt 0.309712 0.519439
vt 0.293894 0.519530
vt 0.309062 0.509184
vt 0.319002 0.516547
vt 0.319895 0.524937
vt 0.308961 0.330100
vt 0.323745 0.344845
vt 0.306345 0.343266
vt 0.326687 0.331829
vt 0.339218 0.334985
vt 0.335766 0.348191
vt 0.293909 0.440353
vt 0.308875 0.453565
vt 0.293194 0.453068
vt 0.309494 0.440809
vt 0.319222 0.441566
vt 0.319654 0.455382
vt 0.317053 0.298412
vt 0.333269 0.306470
vt 0.314631 0.304312
vt 0.335546 0.300522
vt 0.346817 0.308848
vt 0.345319 0.313450
vt 0.900776 0.231912
vt 0.914226 0.242877
vt 0.901707 0.246657
vt 0.913397 0.227372
vt 0.924184 0.241097
vt 0.924178 0.266036
vt 0.914004 0.266857
vt 0.901543 0.269435
vt 0.293536 0.508977
vt 0.308865 0.495834
vt 0.293170 0.495127
vt 0.308686 0.480786
vt 0.319470 0.484425
vt 0.318403 0.499392
vt 0.316826 0.508886
vt 0.323315 0.683333
vt 0.338167 0.677486
vt 0.320351 0.678537
vt 0.350346 0.675523
vt 0.299048 0.580279
vt 0.314100 0.568914
vt 0.315686 0.579713
vt 0.297702 0.569391
vt 0.313003 0.559786
vt 0.324584 0.564800
vt 0.326500 0.575601
vt 0.292900 0.480088
vt 0.308535 0.466622
vt 0.292872 0.466100
vt 0.318310 0.468267
vt 0.955510 0.221897
vt 0.948154 0.239155
vt 0.946186 0.222180
vt 0.966368 0.221676
vt 0.957553 0.238682
vt 0.968504 0.238244
vt 0.959048 0.264881
vt 0.949710 0.265228
vt 0.321732 0.290108
vt 0.328021 0.280616
vt 0.339495 0.291966
vt 0.344623 0.282038
vt 0.352428 0.293918
vt 0.349016 0.302711
vt 0.303390 0.608540
vt 0.317883 0.593702
vt 0.320251 0.607850
vt 0.301102 0.594325
vt 0.328986 0.589662
vt 0.331602 0.604198
vt 0.930209 0.460375
vt 0.939215 0.446976
vt 0.938008 0.462000
vt 0.920303 0.457997
vt 0.931527 0.445657
vt 0.921714 0.443908
vt 0.931821 0.419705
vt 0.939205 0.420628
vt 0.941491 0.239519
vt 0.939734 0.222516
vt 0.942769 0.265443
vt 0.936404 0.239836
vt 0.934947 0.222928
vt 0.307630 0.631171
vt 0.322525 0.619425
vt 0.305461 0.620207
vt 0.334123 0.616510
vt 0.303396 0.358925
vt 0.317194 0.376147
vt 0.320390 0.360348
vt 0.331986 0.363877
vt 0.296842 0.560159
vt 0.312093 0.550317
vt 0.296132 0.550571
vt 0.321990 0.546726
vt 0.323174 0.555805
vt 0.886407 0.238839
vt 0.887652 0.253151
vt 0.887879 0.274656
vt 0.874062 0.261099
vt 0.872518 0.247286
vt 0.851769 0.265344
vt 0.862716 0.269023
vt 0.853482 0.276642
vt 0.861060 0.256213
vt 0.874680 0.281086
vt 0.863409 0.287064
vt 0.854116 0.292348
vt 0.837481 0.284006
vt 0.845877 0.283936
vt 0.839902 0.290669
vt 0.843968 0.274615
vt 0.846507 0.297020
vt 0.840288 0.301048
vt 0.837234 0.396279
vt 0.843221 0.391867
vt 0.842019 0.404071
vt 0.833386 0.388815
vt 0.838534 0.385502
vt 0.834912 0.379706
vt 0.838011 0.370116
vt 0.842843 0.374447
vt 0.830752 0.382584
vt 0.828567 0.376095
vt 0.832617 0.374989
vt 0.830964 0.369154
vt 0.831845 0.363902
vt 0.834243 0.366499
vt 0.864626 0.335121
vt 0.855542 0.359989
vt 0.855080 0.334210
vt 0.875750 0.336075
vt 0.865215 0.364604
vt 0.876247 0.369735
vt 0.865722 0.392888
vt 0.855947 0.385112
vt 0.912669 0.337958
vt 0.899583 0.378135
vt 0.900406 0.337402
vt 0.923442 0.338455
vt 0.911749 0.380111
vt 0.922910 0.381034
vt 0.910856 0.417186
vt 0.898796 0.414147
vt 0.931813 0.338860
vt 0.937942 0.299327
vt 0.938566 0.339249
vt 0.931705 0.299201
vt 0.931540 0.265727
vt 0.937221 0.265572
vt 0.847477 0.333594
vt 0.842069 0.353882
vt 0.841308 0.333175
vt 0.848020 0.356532
vt 0.848540 0.379176
vt 0.960769 0.340967
vt 0.951486 0.384059
vt 0.952036 0.340290
vt 0.970508 0.341545
vt 0.959231 0.385181
vt 0.968493 0.386083
vt 0.957439 0.424070
vt 0.950660 0.422804
vt 0.944910 0.339712
vt 0.938965 0.382291
vt 0.945095 0.383075
vt 0.945044 0.421638
vt 0.835169 0.317059
vt 0.840585 0.315400
vt 0.836058 0.332864
vt 0.831044 0.319492
vt 0.829444 0.307259
vt 0.835025 0.304273
vt 0.887867 0.336813
vt 0.887714 0.374510
vt 0.887547 0.408675
vt 0.876672 0.401263
vt 0.831973 0.333001
vt 0.828923 0.323353
vt 0.825741 0.335705
vt 0.829223 0.333758
vt 0.825686 0.319818
vt 0.922356 0.418685
vt 0.931858 0.381662
vt 0.848743 0.398165
vt 0.856075 0.405591
vt 0.847513 0.411295
vt 0.865958 0.415058
vt 0.876884 0.424677
vt 0.864835 0.429486
vt 0.854843 0.419392
vt 0.887345 0.432354
vt 0.898122 0.437861
vt 0.886101 0.446139
vt 0.875807 0.439209
vt 0.836986 0.351602
vt 0.832976 0.349881
vt 0.950496 0.448962
vt 0.966342 0.425053
vt 0.956811 0.449977
vt 0.965462 0.450876
vt 0.955713 0.464168
vt 0.949493 0.463556
vt 0.910039 0.441507
vt 0.908564 0.454847
vt 0.896682 0.450958
vt 0.830661 0.362054
vt 0.830362 0.349247
vt 0.945113 0.448009
vt 0.944040 0.462946
vt 0.864019 0.309089
vt 0.854598 0.311525
vt 0.875222 0.306164
vt 0.931176 0.240253
vt 0.923248 0.224809
vt 0.930012 0.223530
vt 0.836063 0.295951
vt 0.832432 0.293941
vt 0.846937 0.313607
vt 0.951236 0.299602
vt 0.969663 0.264603
vt 0.960437 0.299703
vt 0.970639 0.299801
vt 0.944014 0.299470
vt 0.887926 0.302840
vt 0.901074 0.300187
vt 0.913437 0.299139
vt 0.923878 0.299086
vt 0.823273 0.360424
vt 0.828826 0.359892
vt 0.826231 0.367938
vt 0.824436 0.350770
vt 0.829120 0.351744
vt 0.342134 0.262430
vt 0.350380 0.272257
vt 0.334966 0.271378
vt 0.356873 0.262730
vt 0.361969 0.273877
vt 0.356721 0.283798
vt 0.992545 0.238379
vt 0.977399 0.221142
vt 0.993294 0.215958
vt 0.980137 0.264636
vt 0.979533 0.238010
vt 0.992661 0.265112
vt 0.980674 0.299973
vt 0.992893 0.300431
vt 0.980427 0.341909
vt 0.992593 0.342484
vt 0.978962 0.386528
vt 0.991579 0.387109
vt 0.977594 0.425469
vt 0.990832 0.425772
vt 0.977222 0.451534
vt 0.991370 0.451575
vt 0.975663 0.465775
vt 0.336425 0.717819
vt 0.350199 0.705931
vt 0.354672 0.718196
vt 0.333063 0.706156
vt 0.362099 0.705327
vt 0.373008 0.719839
vt 0.295234 0.719006
vt 0.311444 0.706786
vt 0.314675 0.718241
vt 0.291845 0.707520
vt 0.308110 0.696904
vt 0.306848 0.260749
vt 0.315151 0.270087
vt 0.297186 0.268903
vt 0.323750 0.261614
vt 0.306893 0.278899
vt 0.287951 0.277430
vt 0.257527 0.559838
vt 0.275631 0.550314
vt 0.276132 0.559978
vt 0.257187 0.550114
vt 0.275071 0.541260
vt 0.262279 0.356767
vt 0.279300 0.373838
vt 0.260170 0.372983
vt 0.264484 0.340768
vt 0.281734 0.357650
vt 0.284286 0.341755
vt 0.266099 0.632298
vt 0.283920 0.620696
vt 0.285664 0.631810
vt 0.264701 0.621074
vt 0.282177 0.608865
vt 0.263255 0.609127
vt 0.279991 0.594477
vt 0.261170 0.594609
vt 0.277987 0.580290
vt 0.279723 0.286361
vt 0.294056 0.296182
vt 0.273781 0.294349
vt 0.299475 0.288059
vt 0.254235 0.479300
vt 0.272574 0.465665
vt 0.272553 0.479677
vt 0.254647 0.452172
vt 0.254284 0.465261
vt 0.272930 0.452605
vt 0.259180 0.580305
vt 0.276785 0.569298
vt 0.258046 0.569226
vt 0.281045 0.685091
vt 0.297909 0.679564
vt 0.301126 0.684303
vt 0.277778 0.680391
vt 0.295098 0.673956
vt 0.254577 0.508271
vt 0.272755 0.494734
vt 0.273036 0.508598
vt 0.254373 0.494382
vt 0.291438 0.302065
vt 0.271009 0.300212
vt 0.290423 0.306648
vt 0.270032 0.304839
vt 0.255364 0.439381
vt 0.256098 0.426691
vt 0.273650 0.439851
vt 0.274447 0.427210
vt 0.266467 0.327083
vt 0.268062 0.316641
vt 0.286550 0.328350
vt 0.288330 0.318216
vt 0.255190 0.526870
vt 0.273301 0.519169
vt 0.273698 0.527153
vt 0.254784 0.518865
vt 0.270496 0.656792
vt 0.287942 0.644040
vt 0.290427 0.656077
vt 0.268148 0.644646
vt 0.288341 0.697622
vt 0.304606 0.689664
vt 0.284660 0.690406
vt 0.256580 0.414028
vt 0.257208 0.401126
vt 0.275093 0.414619
vt 0.275924 0.401809
vt 0.256715 0.541017
vt 0.274357 0.533953
vt 0.255943 0.533687
vt 0.258424 0.387652
vt 0.277324 0.388434
vt 0.274991 0.674791
vt 0.292721 0.666189
vt 0.272686 0.666985
vt 0.269208 0.309717
vt 0.289556 0.311457
vt 0.251838 0.308302
vt 0.256453 0.315928
vt 0.250373 0.315750
vt 0.253041 0.303340
vt 0.257705 0.308765
vt 0.258666 0.303840
vt 0.257208 0.675498
vt 0.261295 0.667419
vt 0.263390 0.675254
vt 0.255408 0.667642
vt 0.259249 0.657178
vt 0.242424 0.387064
vt 0.246668 0.400750
vt 0.241365 0.400565
vt 0.243851 0.372690
vt 0.247778 0.387244
vt 0.249346 0.372672
vt 0.240643 0.540806
vt 0.245451 0.533537
vt 0.246180 0.540879
vt 0.240021 0.533458
vt 0.244700 0.526710
vt 0.240821 0.413536
vt 0.245692 0.426399
vt 0.240378 0.426253
vt 0.246120 0.413699
vt 0.268943 0.698365
vt 0.272451 0.690844
vt 0.276198 0.698075
vt 0.265200 0.691102
vt 0.268988 0.685543
vt 0.253537 0.657374
vt 0.256962 0.644972
vt 0.251272 0.645138
vt 0.254974 0.632560
vt 0.239335 0.526626
vt 0.244274 0.518692
vt 0.238882 0.518602
vt 0.244072 0.508084
vt 0.248767 0.327306
vt 0.253092 0.340899
vt 0.247087 0.341715
vt 0.254894 0.326869
vt 0.239653 0.438981
vt 0.244270 0.451926
vt 0.238954 0.451801
vt 0.244978 0.439115
vt 0.257031 0.292848
vt 0.259710 0.299196
vt 0.254211 0.298696
vt 0.262537 0.293345
vt 0.238653 0.507987
vt 0.243932 0.494181
vt 0.238569 0.494077
vt 0.243862 0.479085
vt 0.262061 0.685797
vt 0.265943 0.680856
vt 0.259401 0.681108
vt 0.242903 0.580310
vt 0.247331 0.569182
vt 0.248459 0.580309
vt 0.241744 0.569157
vt 0.246834 0.559756
vt 0.238569 0.478975
vt 0.243923 0.465032
vt 0.238636 0.464915
vt 0.263010 0.284951
vt 0.271497 0.276187
vt 0.268615 0.285424
vt 0.277132 0.276610
vt 0.246710 0.609332
vt 0.250412 0.594676
vt 0.252405 0.609264
vt 0.244802 0.594709
vt 0.249241 0.632693
vt 0.253705 0.621275
vt 0.247965 0.621376
vt 0.245426 0.357266
vt 0.251175 0.356753
vt 0.241200 0.559711
vt 0.246568 0.549999
vt 0.240953 0.549937
vt 0.289868 0.262635
vt 0.286800 0.268292
vt 0.281121 0.268223
vt 0.296824 0.260588
vt 0.278216 0.716017
vt 0.280096 0.707951
vt 0.284074 0.719097
vt 0.273367 0.707891
vt 0.243990 0.085675
vt 0.302537 0.050408
vt 0.303500 0.085675
vt 0.431343 0.658441
vt 0.414757 0.666955
vt 0.413326 0.660329
vt 0.444226 0.655540
vt 0.432993 0.664944
vt 0.446138 0.662260
vt 0.434248 0.669576
vt 0.415792 0.671675
vt 0.419973 0.307594
vt 0.435689 0.316391
vt 0.417607 0.315319
vt 0.438013 0.308682
vt 0.448068 0.318442
vt 0.445422 0.328416
vt 0.433201 0.326371
vt 0.415216 0.325342
vt 0.415195 0.576981
vt 0.400671 0.591182
vt 0.399055 0.577945
vt 0.427797 0.586331
vt 0.417015 0.590085
vt 0.430675 0.600648
vt 0.419492 0.604355
vt 0.402896 0.605605
vt 0.397773 0.438937
vt 0.413027 0.446284
vt 0.397146 0.446221
vt 0.423337 0.442110
vt 0.413622 0.439079
vt 0.422696 0.448807
vt 0.412540 0.453068
vt 0.396604 0.453006
vt 0.412729 0.552111
vt 0.397958 0.565248
vt 0.397089 0.552739
vt 0.423829 0.561418
vt 0.413828 0.564434
vt 0.425590 0.573440
vt 0.432029 0.284392
vt 0.445830 0.292618
vt 0.428763 0.291738
vt 0.448882 0.285061
vt 0.457375 0.294150
vt 0.454941 0.299962
vt 0.443074 0.298153
vt 0.425613 0.297174
vt 0.430319 0.338234
vt 0.412532 0.337256
vt 0.442293 0.340312
vt 0.439132 0.352546
vt 0.427395 0.350236
vt 0.409928 0.349335
vt 0.412010 0.461065
vt 0.396192 0.460974
vt 0.422194 0.455567
vt 0.421301 0.463957
vt 0.411360 0.471321
vt 0.395835 0.471527
vt 0.426043 0.635657
vt 0.411259 0.650401
vt 0.408643 0.637236
vt 0.441516 0.645517
vt 0.428985 0.648673
vt 0.411173 0.526938
vt 0.396207 0.540151
vt 0.395493 0.527435
vt 0.421520 0.538937
vt 0.411792 0.539695
vt 0.422437 0.550080
vt 0.419351 0.682089
vt 0.435567 0.674032
vt 0.437844 0.679979
vt 0.416929 0.676189
vt 0.447617 0.667052
vt 0.449115 0.671654
vt 0.451314 0.677791
vt 0.018102 0.609501
vt 0.029067 0.622951
vt 0.013562 0.622122
vt 0.032847 0.610432
vt 0.053047 0.622729
vt 0.052226 0.632903
vt 0.027287 0.632909
vt 0.010999 0.631973
vt 0.411164 0.484670
vt 0.395468 0.485377
vt 0.420702 0.481112
vt 0.421768 0.496079
vt 0.410984 0.499718
vt 0.395199 0.500416
vt 0.440465 0.303020
vt 0.422649 0.301969
vt 0.452644 0.304983
vt 0.450390 0.310718
vt 0.401346 0.400226
vt 0.416398 0.411591
vt 0.400001 0.411114
vt 0.428798 0.404904
vt 0.417984 0.400792
vt 0.426883 0.415705
vt 0.415301 0.420718
vt 0.399141 0.420346
vt 0.410833 0.513881
vt 0.395170 0.514404
vt 0.420608 0.512237
vt 0.421952 0.525121
vt 0.025344 0.656879
vt 0.008086 0.664235
vt 0.008369 0.654911
vt 0.051418 0.658435
vt 0.024872 0.666279
vt 0.051071 0.667774
vt 0.024434 0.677229
vt 0.007865 0.675094
vt 0.424030 0.690393
vt 0.441793 0.688535
vt 0.454725 0.686583
vt 0.446921 0.698463
vt 0.430319 0.699885
vt 0.405688 0.371966
vt 0.420181 0.386804
vt 0.403400 0.386180
vt 0.433900 0.376307
vt 0.422549 0.372655
vt 0.431284 0.390843
vt 0.233169 0.647941
vt 0.246568 0.638935
vt 0.248193 0.646734
vt 0.206820 0.647931
vt 0.231850 0.640253
vt 0.205897 0.640547
vt 0.230101 0.630440
vt 0.244190 0.629029
vt 0.025709 0.650216
vt 0.008705 0.648459
vt 0.026026 0.645129
vt 0.051633 0.651494
vt 0.424823 0.361081
vt 0.407759 0.360298
vt 0.436421 0.363995
vt 0.405695 0.621577
vt 0.434284 0.616625
vt 0.422688 0.620154
vt 0.438064 0.632312
vt 0.414391 0.430188
vt 0.398431 0.429934
vt 0.425472 0.424700
vt 0.424288 0.433779
vt 0.025029 0.595132
vt 0.033476 0.581242
vt 0.039341 0.596377
vt 0.047290 0.582787
vt 0.060847 0.596603
vt 0.055625 0.610267
vt 0.051534 0.560493
vt 0.055214 0.571440
vt 0.042403 0.569784
vt 0.062833 0.562206
vt 0.073254 0.572134
vt 0.067277 0.583405
vt 0.070197 0.546205
vt 0.070127 0.554601
vt 0.060806 0.552692
vt 0.076860 0.548626
vt 0.083211 0.555232
vt 0.078539 0.562840
vt 0.178059 0.551946
vt 0.182472 0.545958
vt 0.190263 0.550743
vt 0.160640 0.551567
vt 0.171695 0.547258
vt 0.156308 0.546736
vt 0.165898 0.543636
vt 0.175007 0.542110
vt 0.168776 0.539477
vt 0.152691 0.542967
vt 0.161181 0.541341
vt 0.150094 0.540569
vt 0.155346 0.539688
vt 0.162287 0.537291
vt 0.146181 0.564266
vt 0.121312 0.573350
vt 0.120401 0.563804
vt 0.171304 0.564672
vt 0.150795 0.573940
vt 0.179081 0.574446
vt 0.155927 0.584972
vt 0.122266 0.584474
vt 0.164326 0.608308
vt 0.124149 0.621394
vt 0.123594 0.609131
vt 0.200339 0.607522
vt 0.166303 0.620474
vt 0.203379 0.619582
vt 0.167226 0.631635
vt 0.124647 0.632168
vt 0.085518 0.646667
vt 0.125052 0.640538
vt 0.125440 0.647292
vt 0.051762 0.645947
vt 0.085391 0.640430
vt 0.085277 0.632603
vt 0.140074 0.550793
vt 0.119786 0.556201
vt 0.119366 0.550032
vt 0.142724 0.556745
vt 0.165368 0.557265
vt 0.170251 0.660212
vt 0.127158 0.669495
vt 0.126481 0.660762
vt 0.208996 0.659386
vt 0.171372 0.667957
vt 0.210262 0.666166
vt 0.172274 0.677219
vt 0.127736 0.679234
vt 0.168483 0.647691
vt 0.125903 0.653636
vt 0.169267 0.653821
vt 0.207830 0.653770
vt 0.103250 0.543893
vt 0.119056 0.544782
vt 0.101591 0.549309
vt 0.090465 0.543749
vt 0.093450 0.538168
vt 0.105684 0.539768
vt 0.119192 0.540698
vt 0.123004 0.596592
vt 0.187455 0.585397
vt 0.160701 0.596439
vt 0.194868 0.596272
vt 0.109544 0.537647
vt 0.119949 0.537948
vt 0.106010 0.534410
vt 0.121897 0.534465
vt 0.167854 0.640584
vt 0.204877 0.631082
vt 0.184358 0.557467
vt 0.197488 0.556237
vt 0.191783 0.564800
vt 0.205585 0.563568
vt 0.201251 0.574683
vt 0.215678 0.573560
vt 0.210869 0.585609
vt 0.225401 0.584533
vt 0.218547 0.596071
vt 0.232332 0.594826
vt 0.224053 0.606848
vt 0.137794 0.545710
vt 0.136072 0.541700
vt 0.235154 0.659223
vt 0.249748 0.658220
vt 0.236170 0.665537
vt 0.250361 0.664440
vt 0.237069 0.674188
vt 0.211245 0.675069
vt 0.237151 0.605408
vt 0.227700 0.618765
vt 0.241040 0.617290
vt 0.135438 0.539086
vt 0.137936 0.537844
vt 0.148246 0.539385
vt 0.234202 0.653839
vt 0.249139 0.652766
vt 0.095280 0.572743
vt 0.097716 0.563322
vt 0.092355 0.583947
vt 0.026443 0.639902
vt 0.051917 0.640265
vt 0.009719 0.638737
vt 0.087239 0.549012
vt 0.082142 0.544787
vt 0.080132 0.541155
vt 0.099798 0.555661
vt 0.085793 0.659961
vt 0.085893 0.669163
vt 0.085992 0.679365
vt 0.050793 0.678388
vt 0.085661 0.652740
vt 0.089031 0.596650
vt 0.086378 0.609799
vt 0.085330 0.622162
vt 0.146616 0.531997
vt 0.146084 0.537550
vt 0.136962 0.533161
vt 0.154131 0.534955
vt 0.444432 0.718071
vt 0.452677 0.708244
vt 0.459171 0.717771
vt 0.437264 0.709123
vt 0.459018 0.696704
vt 0.464267 0.706624
vt 0.475289 0.719416
vt 0.007331 0.686125
vt 0.024568 0.701271
vt 0.002147 0.702020
vt 0.024199 0.688259
vt 0.050826 0.688863
vt 0.051302 0.701387
vt 0.086163 0.689400
vt 0.086621 0.701619
vt 0.128100 0.689153
vt 0.128675 0.701320
vt 0.172720 0.687689
vt 0.173300 0.700306
vt 0.211661 0.686321
vt 0.211964 0.699559
vt 0.237726 0.685949
vt 0.237768 0.700097
vt 0.251968 0.684390
vt 0.256644 0.701890
vt 0.438722 0.262687
vt 0.452497 0.274576
vt 0.435360 0.274350
vt 0.456969 0.262311
vt 0.464397 0.275180
vt 0.460233 0.286169
vt 0.397532 0.261501
vt 0.413742 0.273721
vt 0.394143 0.272987
vt 0.416973 0.262266
vt 0.410408 0.283603
vt 0.390640 0.282885
vt 0.409146 0.719752
vt 0.417449 0.710414
vt 0.426048 0.718887
vt 0.399484 0.711598
vt 0.409191 0.701602
vt 0.359826 0.420666
vt 0.377930 0.430191
vt 0.359486 0.430391
vt 0.378431 0.420526
vt 0.377370 0.439244
vt 0.359014 0.439487
vt 0.381599 0.606665
vt 0.364578 0.623736
vt 0.362469 0.607519
vt 0.384033 0.622852
vt 0.386585 0.638747
vt 0.366783 0.639734
vt 0.368398 0.348208
vt 0.386218 0.359809
vt 0.367000 0.359432
vt 0.387963 0.348696
vt 0.384475 0.371640
vt 0.365554 0.371378
vt 0.382290 0.386028
vt 0.363469 0.385896
vt 0.380285 0.400215
vt 0.361479 0.400201
vt 0.396354 0.684319
vt 0.382021 0.694140
vt 0.376080 0.686152
vt 0.401774 0.692442
vt 0.390250 0.703071
vt 0.356534 0.501203
vt 0.374873 0.514839
vt 0.356584 0.515242
vt 0.374852 0.500827
vt 0.375229 0.527898
vt 0.356946 0.528332
vt 0.379084 0.411207
vt 0.360345 0.411279
vt 0.383343 0.295415
vt 0.400207 0.300943
vt 0.380077 0.300116
vt 0.403424 0.296204
vt 0.397396 0.306550
vt 0.377290 0.305715
vt 0.356876 0.472233
vt 0.375054 0.485770
vt 0.356672 0.486122
vt 0.375335 0.471906
vt 0.393737 0.678437
vt 0.373308 0.680290
vt 0.392721 0.673854
vt 0.357663 0.541122
vt 0.375949 0.540652
vt 0.376746 0.553293
vt 0.358397 0.553812
vt 0.368766 0.653419
vt 0.388849 0.652152
vt 0.390629 0.662286
vt 0.370361 0.663860
vt 0.357489 0.453634
vt 0.375600 0.461336
vt 0.357083 0.461640
vt 0.375997 0.453351
vt 0.372795 0.323714
vt 0.390240 0.336466
vt 0.370446 0.335859
vt 0.392726 0.324429
vt 0.406904 0.290842
vt 0.386959 0.290100
vt 0.358879 0.566475
vt 0.377392 0.565884
vt 0.378223 0.578694
vt 0.359508 0.579377
vt 0.376656 0.446551
vt 0.358242 0.446817
vt 0.360723 0.592851
vt 0.379623 0.592068
vt 0.395020 0.314317
vt 0.374985 0.313522
vt 0.371507 0.670785
vt 0.391854 0.669045
vt 0.372331 0.675662
vt 0.358752 0.664573
vt 0.354137 0.672199
vt 0.352672 0.664752
vt 0.360004 0.671736
vt 0.360965 0.676661
vt 0.355340 0.677161
vt 0.359506 0.305009
vt 0.363594 0.313088
vt 0.357707 0.312864
vt 0.365689 0.305253
vt 0.361547 0.323328
vt 0.355835 0.323132
vt 0.348967 0.579753
vt 0.344724 0.593439
vt 0.343665 0.579938
vt 0.350077 0.593259
vt 0.351645 0.607830
vt 0.346151 0.607812
vt 0.342942 0.439699
vt 0.347750 0.446968
vt 0.342320 0.447047
vt 0.348479 0.439625
vt 0.347000 0.453795
vt 0.341634 0.453878
vt 0.347991 0.554104
vt 0.343121 0.566967
vt 0.342677 0.554250
vt 0.348420 0.566804
vt 0.371241 0.282142
vt 0.374749 0.289663
vt 0.367499 0.289405
vt 0.378496 0.282432
vt 0.371286 0.294963
vt 0.364360 0.294710
vt 0.359261 0.335534
vt 0.353571 0.335368
vt 0.357273 0.347946
vt 0.351540 0.347812
vt 0.346574 0.461812
vt 0.341181 0.461902
vt 0.346372 0.472420
vt 0.340952 0.472518
vt 0.355390 0.639603
vt 0.351066 0.653195
vt 0.349386 0.638786
vt 0.357193 0.653633
vt 0.346569 0.528578
vt 0.341952 0.541523
vt 0.341253 0.528703
vt 0.347277 0.541388
vt 0.359330 0.687653
vt 0.362009 0.681305
vt 0.364836 0.687157
vt 0.356510 0.681806
vt 0.346232 0.486323
vt 0.340868 0.486427
vt 0.346161 0.501418
vt 0.340868 0.501529
vt 0.368242 0.299650
vt 0.361699 0.299398
vt 0.345202 0.400195
vt 0.349630 0.411323
vt 0.344043 0.411348
vt 0.350758 0.400196
vt 0.349133 0.420749
vt 0.343500 0.420794
vt 0.346223 0.515472
vt 0.340935 0.515589
vt 0.365309 0.695550
vt 0.370914 0.695078
vt 0.379431 0.703891
vt 0.373795 0.704314
vt 0.349009 0.371174
vt 0.352711 0.385829
vt 0.347101 0.385797
vt 0.354704 0.371241
vt 0.356004 0.359231
vt 0.350263 0.359129
vt 0.347725 0.623236
vt 0.353474 0.623749
vt 0.348868 0.430505
vt 0.343252 0.430568
vt 0.392167 0.717866
vt 0.389098 0.712209
vt 0.399122 0.719913
vt 0.383419 0.712278
vt 0.380515 0.264490
vt 0.382394 0.272555
vt 0.375665 0.272616
vt 0.386372 0.261410
vt 0.896092 0.602182
vt 0.905687 0.507546
vt 0.902674 0.604012
vt 0.305864 0.172289
vt 0.402837 0.127681
vt 0.402837 0.172289
vt 0.402837 0.023742
vt 0.402837 0.050408
vt 0.402837 0.085675
vt 0.402837 0.255544
vt 0.307373 0.236845
vt 0.402837 0.236845
vt 0.305819 0.255545
vt 0.250182 0.236845
vt 0.306919 0.210962
vt 0.249456 0.210962
vt 0.402837 0.210962
vt 0.247769 0.172289
vt 0.304647 0.127681
vt 0.242450 0.050408
vt 0.301634 0.023742
vt 0.402837 0.001537
vt 0.241005 0.023742
vt 0.299724 0.001537
vt 0.245823 0.127681
vt 0.942717 0.077323
vt 0.940425 0.089805
vt 0.937044 0.078743
vt 0.940849 0.068102
vt 0.935055 0.068920
vt 0.934088 0.018047
vt 0.934369 0.002071
vt 0.939678 0.004520
vt 0.950834 0.101558
vt 0.945975 0.087977
vt 0.931332 0.029736
vt 0.924811 0.040857
vt 0.925534 0.028854
vt 0.928519 0.016218
vt 0.933370 0.084035
vt 0.926564 0.076711
vt 0.932376 0.076110
vt 0.931494 0.065806
vt 0.925665 0.066198
vt 0.937275 0.101018
vt 0.934191 0.110591
vt 0.931658 0.102632
vt 0.935669 0.095115
vt 0.930000 0.096531
vt 0.260354 0.717217
vt 0.251181 0.711087
vt 0.260596 0.711399
vt 0.270746 0.717688
vt 0.271142 0.711877
vt 0.934428 0.089913
vt 0.928699 0.091070
vt 0.927588 0.084893
vt 0.930850 0.053494
vt 0.925010 0.053682
vt 0.930655 0.041003
vt 0.920732 0.036142
vt 0.916214 0.027605
vt 0.921952 0.028727
vt 0.917459 0.022357
vt 0.923120 0.023808
vt 0.940065 0.049317
vt 0.935031 0.041191
vt 0.940818 0.042015
vt 0.936266 0.034208
vt 0.942008 0.035283
vt 0.943550 0.027429
vt 0.937856 0.026110
vt 0.946255 0.017206
vt 0.940668 0.015485
vt 0.907417 0.067148
vt 0.900986 0.054272
vt 0.906837 0.054381
vt 0.902127 0.040910
vt 0.907918 0.041744
vt 0.945383 0.002018
vt 0.950834 0.004129
vt 0.913955 0.093367
vt 0.914202 0.109671
vt 0.908446 0.095319
vt 0.909808 0.079991
vt 0.904128 0.081393
vt 0.901601 0.067822
vt 0.921020 0.077354
vt 0.918847 0.093948
vt 0.915249 0.078331
vt 0.913504 0.062304
vt 0.919348 0.061975
vt 0.919554 0.004670
vt 0.908857 0.015045
vt 0.914297 0.002105
vt 0.924468 0.092311
vt 0.923949 0.108058
vt 0.904805 0.027886
vt 0.910466 0.029353
vt 0.914346 0.017056
vt 0.913710 0.047349
vt 0.919553 0.047627
vt 0.914932 0.035410
vt 0.926303 0.013099
vt 0.923784 0.001950
vt 0.929337 0.003767
vt 0.989099 0.001589
vt 0.994982 0.013648
vt 0.989147 0.013666
vt 0.918794 0.017599
vt 0.924401 0.019241
vt 0.920731 0.011341
vt 0.989179 0.026040
vt 0.995014 0.026029
vt 0.989197 0.036325
vt 0.995032 0.036318
vt 0.934180 0.058636
vt 0.940023 0.058411
vt 0.934226 0.048989
vt 0.989201 0.043507
vt 0.995023 0.053436
vt 0.989188 0.053435
vt 0.995036 0.043505
vt 0.174540 0.713862
vt 0.192755 0.708804
vt 0.192586 0.714625
vt 0.156335 0.713268
vt 0.174159 0.707957
vt 0.989002 0.102957
vt 0.994934 0.088526
vt 0.995025 0.103924
vt 0.214122 0.715504
vt 0.233599 0.710440
vt 0.233386 0.716258
vt 0.214341 0.709685
vt 0.989097 0.088407
vt 0.994991 0.070203
vt 0.989156 0.070197
vt 0.250985 0.716906
vt 0.244640 0.710862
vt 0.244433 0.716681
vt 0.498130 0.236845
vt 0.499681 0.255544
vt 0.500850 0.127681
vt 0.501995 0.085675
vt 0.502957 0.050408
vt 0.503858 0.023742
vt 0.498583 0.210962
vt 0.499636 0.172289
vt 0.564668 0.023742
vt 0.505765 0.001537
vt 0.567723 0.001537
vt 0.894309 0.659272
vt 0.900860 0.662080
vt 0.557904 0.172289
vt 0.559850 0.127681
vt 0.555491 0.236845
vt 0.557976 0.255544
vt 0.561683 0.085675
vt 0.947453 0.130611
vt 0.959834 0.127816
vt 0.958232 0.133436
vt 0.938164 0.129117
vt 0.948643 0.124884
vt 0.934575 0.161595
vt 0.919242 0.157102
vt 0.934489 0.155735
vt 0.919997 0.162899
vt 0.904668 0.159509
vt 0.946553 0.162448
vt 0.959111 0.159539
vt 0.957508 0.165161
vt 0.947439 0.156652
vt 0.994569 0.124919
vt 0.988619 0.132953
vt 0.988729 0.124708
vt 0.994729 0.143243
vt 0.994462 0.132905
vt 0.905621 0.784550
vt 0.899184 0.776869
vt 0.904994 0.776487
vt 0.995625 0.113653
vt 0.990805 0.106628
vt 0.996565 0.107609
vt 0.904549 0.766095
vt 0.898444 0.756907
vt 0.904263 0.756726
vt 0.898732 0.766322
vt 0.994969 0.118960
vt 0.989834 0.112875
vt 0.989147 0.118446
vt 0.995455 0.155549
vt 0.988892 0.143499
vt 0.996647 0.167984
vt 0.989631 0.156010
vt 0.915177 0.119788
vt 0.906644 0.115272
vt 0.914446 0.113990
vt 0.907766 0.121008
vt 0.901398 0.116517
vt 0.919360 0.129094
vt 0.911035 0.124392
vt 0.918795 0.123272
vt 0.912093 0.130142
vt 0.904107 0.125909
vt 0.897628 0.133462
vt 0.905414 0.131604
vt 0.887943 0.189940
vt 0.883411 0.178568
vt 0.889191 0.179437
vt 0.955911 0.016688
vt 0.947192 0.028142
vt 0.950322 0.014942
vt 0.952962 0.029126
vt 0.945823 0.041485
vt 0.881542 0.203742
vt 0.882114 0.189483
vt 0.887748 0.218827
vt 0.887387 0.203786
vt 0.889214 0.232760
vt 0.881914 0.219207
vt 0.955334 0.002078
vt 0.960654 0.004514
vt 0.956373 0.120076
vt 0.972961 0.117904
vt 0.971325 0.123523
vt 0.941329 0.112563
vt 0.957350 0.114308
vt 0.956193 0.080344
vt 0.947615 0.068155
vt 0.953384 0.067202
vt 0.960700 0.093931
vt 0.950549 0.081885
vt 0.951669 0.041744
vt 0.946027 0.054782
vt 0.951863 0.054395
vt 0.941000 0.118405
vt 0.926380 0.112770
vt 0.926658 0.118610
vt 0.985842 0.008241
vt 0.979935 0.018009
vt 0.980008 0.008147
vt 0.985770 0.018041
vt 0.979904 0.030108
vt 0.902848 0.122176
vt 0.896641 0.117851
vt 0.985981 0.001821
vt 0.980149 0.001606
vt 0.985724 0.042492
vt 0.985739 0.030118
vt 0.985720 0.052778
vt 0.979889 0.042489
vt 0.928434 0.122836
vt 0.938746 0.123294
vt 0.928445 0.128685
vt 0.985726 0.059960
vt 0.979917 0.069898
vt 0.979891 0.059966
vt 0.979885 0.052778
vt 0.901408 0.680283
vt 0.896306 0.698484
vt 0.895506 0.679888
vt 0.986006 0.119412
vt 0.980055 0.104988
vt 0.985892 0.104862
vt 0.902952 0.719864
vt 0.897840 0.739326
vt 0.897134 0.720069
vt 0.902127 0.698330
vt 0.979972 0.086665
vt 0.985807 0.086651
vt 0.985753 0.069889
vt 0.898235 0.750367
vt 0.904054 0.750175
vt 0.903658 0.739128
vt 0.098428 0.714932
vt 0.153543 0.706709
vt 0.563224 0.050408
vt 0.001771 0.717710
vt 0.096611 0.708345
vt 0.556217 0.210962
vt 0.002140 0.019652
vt 0.099096 0.003602
vt 0.099062 0.021721
vt 0.118769 0.249195
vt 0.119105 0.004020
vt 0.001707 0.353683
vt 0.001601 0.435375
vt 0.002086 0.062710
vt 0.001980 0.144402
vt 0.001542 0.478432
vt 0.001703 0.496494
vt 0.001844 0.249042
vt 0.907827 0.458866
vt 0.981978 0.713200
vt 0.237437 0.998303
vt 0.002007 0.998012
vt 0.778916 0.507011
vt 0.784734 0.677776
vt 0.528873 0.520145
vt 0.554529 0.708452
vt 0.221729 0.838735
vt 0.554082 0.264213
vt 0.490351 0.883361
vt 0.951189 0.191742
vt 0.955364 0.183482
vt 0.898680 0.168848
vt 0.899265 0.149865
vt 0.955178 0.205284
vt 0.896867 0.139581
vt 0.567538 0.090012
vt 0.986439 0.172750
vt 0.559088 0.263862
vt 0.951562 0.197173
vt 0.901121 0.157175
vt 0.976705 0.089558
vt 0.241328 0.131337
vt 0.947811 0.213569
vt 0.241129 0.358121
vt 0.553764 0.353337
vt 0.970616 0.112921
vt 0.737867 0.468126
vt 0.245387 0.834163
vt 0.001553 0.723157
vt 0.993634 0.960044
vt 0.235123 0.249347
vt 0.690986 0.001587
vt 0.570669 0.251464
vt 0.964075 0.464814
vt 0.372991 0.261085
vt 0.993163 0.470451
vt 0.419124 0.471619
vt 0.009117 0.643672
vt 0.251007 0.672802
vt 0.475305 0.260667
vt 0.899054 0.507338
vt 0.247697 0.255545
vt 0.237950 0.001537
vt 0.945400 0.103713
vt 0.939737 0.108751
vt 0.919554 0.107327
vt 0.929337 0.105775
vt 0.994934 0.001549
vt 0.905766 0.165248
vt 0.899830 0.785166
vt 0.990856 0.168777
vt 0.896080 0.127826
vt 0.883439 0.233712
vt 0.955273 0.096123
vt 0.898282 0.123456
vt 0.979984 0.120387
vt 0.001580 0.711077
vt 0.002153 0.001574
s 1
usemtl Undercarriage
f 132/1/1 1207/2/2 472/3/3
f 719/4/4 491/5/5 1207/2/2
f 491/5/5 462/6/6 1207/2/2
f 1207/2/2 36/7/7 472/3/3
f 718/8/8 668/9/9 144/10/10
f 131/11/11 1208/12/12 718/8/8
f 1208/12/12 40/13/13 465/14/14
f 668/9/9 465/14/14 38/15/15
f 145/16/16 1209/17/17 669/18/18
f 717/19/19 472/3/3 1209/17/17
f 472/3/3 456/20/20 1209/17/17
f 1209/17/17 32/21/21 669/18/18
f 716/22/22 470/23/23 131/11/11
f 133/24/24 1210/25/25 716/22/22
f 474/26/26 466/27/27 1210/25/25
f 470/23/23 466/27/27 40/13/13
f 146/28/28 1211/29/29 670/30/30
f 715/31/31 669/18/18 1211/29/29
f 669/18/18 457/32/32 1211/29/29
f 1211/29/29 33/33/33 670/30/30
f 148/34/34 1212/35/35 672/36/36
f 714/37/37 670/30/30 1212/35/35
f 1212/35/35 33/33/33 458/38/38
f 672/36/36 458/38/38 34/39/39
f 23/40/40 1213/41/41 439/42/42
f 469/43/43 463/44/44 1213/41/41
f 1213/41/41 60/45/45 527/46/46
f 439/42/42 527/46/46 59/47/47
f 129/48/48 1214/49/49 647/50/50
f 435/51/51 582/52/52 1214/49/49
f 1214/49/49 100/53/53 646/54/54
f 647/50/50 646/54/54 130/55/55
f 137/56/56 1215/57/57 713/58/58
f 37/59/59 1215/57/57 492/60/60
f 469/61/43 482/62/61 1215/57/57
f 713/58/58 482/62/61 134/63/62
f 443/64/63 468/65/64 42/66/65
f 55/67/66 1216/68/67 443/64/63
f 526/69/68 480/70/69 1216/68/67
f 1216/68/67 41/71/70 468/65/64
f 25/72/71 1217/73/72 515/74/73
f 449/75/74 490/76/75 1217/73/72
f 1217/73/72 58/77/76 520/78/77
f 515/74/73 520/78/77 56/79/78
f 712/80/79 675/81/80 151/82/81
f 149/83/82 1218/84/83 712/80/79
f 1218/84/83 24/85/84 449/86/74
f 675/81/80 449/86/74 25/87/71
f 711/88/85 474/26/26 133/24/24
f 150/89/86 1219/90/87 711/88/85
f 674/91/88 467/92/89 1219/90/87
f 1219/90/87 39/93/90 474/26/26
f 710/94/91 676/95/92 152/96/93
f 151/82/81 1220/97/94 710/94/91
f 1220/97/94 25/87/71 450/98/95
f 1220/97/94 26/99/96 676/95/92
f 709/100/97 677/101/98 153/102/99
f 152/96/93 1221/103/100 709/100/97
f 676/95/92 451/104/101 1221/103/100
f 1221/103/100 27/105/102 677/101/98
f 708/106/103 678/107/104 154/108/105
f 153/102/99 1222/109/106 708/106/103
f 677/101/98 452/110/107 1222/109/106
f 1222/109/106 28/111/108 678/107/104
f 707/112/109 674/91/88 150/89/86
f 147/113/110 1223/114/111 707/112/109
f 671/115/112 468/116/64 1223/114/111
f 1223/114/111 41/117/70 674/91/88
f 706/118/113 679/119/114 155/120/115
f 154/108/105 1224/121/116 706/118/113
f 678/107/104 453/122/117 1224/121/116
f 1224/121/116 29/123/118 679/119/114
f 136/124/119 1225/125/120 491/5/5
f 156/126/121 1225/125/120 705/127/122
f 680/128/123 455/129/124 1225/125/120
f 1225/125/120 31/130/125 491/5/5
f 704/131/126 680/128/123 156/126/121
f 155/120/115 1226/132/127 704/131/126
f 679/119/114 454/133/128 1226/132/127
f 1226/132/127 30/134/129 680/128/123
f 135/135/130 1227/136/131 484/137/132
f 703/138/133 672/36/36 1227/136/131
f 1227/136/131 34/39/39 461/139/134
f 484/137/132 461/139/134 35/140/135
f 439/42/42 459/141/136 23/40/40
f 59/47/47 1228/142/137 439/42/42
f 523/143/138 490/76/75 1228/142/137
f 1228/142/137 24/144/84 459/141/136
f 702/145/139 673/146/140 149/83/82
f 134/63/62 1229/147/141 702/145/139
f 1229/147/141 23/148/40 459/149/136
f 673/146/140 459/149/136 24/85/84
f 40/150/13 1230/151/142 436/152/143
f 466/153/27 460/154/144 1230/151/142
f 1230/151/142 52/155/145 521/156/146
f 436/152/143 521/156/146 57/157/147
f 462/158/6 531/159/148 36/160/7
f 31/161/125 1231/162/149 462/158/6
f 533/163/150 541/164/151 1231/162/149
f 1231/162/149 63/165/152 531/159/148
f 701/166/153 492/60/60 137/56/56
f 144/10/10 1232/167/154 701/166/153
f 1232/167/154 38/15/15 464/168/155
f 492/60/60 464/168/155 37/59/59
f 458/169/38 534/170/156 34/171/39
f 33/172/33 1233/173/157 458/169/38
f 536/174/158 537/175/159 1233/173/157
f 1233/173/157 66/176/160 534/170/156
f 446/177/161 476/178/162 21/179/163
f 81/180/164 1234/181/165 446/177/161
f 564/182/166 612/183/167 1234/181/165
f 1234/181/165 94/184/168 476/178/162
f 436/152/143 465/185/14 40/150/13
f 57/157/147 1235/186/169 436/152/143
f 524/187/170 478/188/171 1235/186/169
f 1235/186/169 38/189/15 465/185/14
f 515/74/73 450/190/95 25/72/71
f 56/79/78 1236/191/172 515/74/73
f 26/192/96 1236/191/172 528/193/173
f 46/194/174 1237/195/175 513/196/175
f 502/197/175 511/198/175 1237/195/175
f 1237/195/175 52/155/145 522/199/176
f 513/196/175 522/199/176 54/200/177
f 503/201/178 448/202/179 47/203/180
f 49/204/181 1238/205/182 503/201/178
f 499/206/183 538/207/184 1238/205/182
f 1238/205/182 28/208/108 448/202/179
f 504/209/175 498/210/175 48/211/175
f 43/212/175 1239/213/175 504/209/175
f 493/214/185 540/215/186 1239/213/175
f 1239/213/175 62/216/187 498/210/175
f 51/217/175 1240/218/175 512/219/175
f 505/220/175 519/221/175 1240/218/175
f 1240/218/175 60/45/45 525/222/188
f 512/219/175 525/222/188 53/223/189
f 506/224/175 499/206/183 49/204/181
f 50/225/175 1241/226/175 506/224/175
f 500/227/175 544/228/190 1241/226/175
f 1241/226/175 67/229/191 499/206/183
f 507/230/185 501/231/175 51/217/175
f 48/211/175 1242/232/175 507/230/185
f 498/210/175 539/233/192 1242/232/175
f 1242/232/175 63/165/152 501/231/175
f 46/194/174 1243/234/193 496/235/194
f 508/236/195 495/237/196 1243/234/193
f 1243/234/193 61/238/197 542/239/198
f 1243/234/193 66/176/160 496/235/194
f 509/240/175 500/227/175 50/225/175
f 44/241/175 1244/242/175 509/240/175
f 494/243/175 543/244/199 1244/242/175
f 1244/242/175 64/245/200 500/227/175
f 27/246/102 1245/247/201 452/248/107
f 47/203/180 1245/247/201 510/249/202
f 452/248/107 448/202/179 28/208/108
f 56/79/78 1246/250/175 497/251/203
f 520/78/77 517/252/175 1246/250/175
f 1246/250/175 49/204/181 503/201/178
f 497/251/203 503/201/178 47/203/180
f 164/253/204 1247/254/205 654/255/206
f 700/256/207 484/137/132 1247/254/205
f 1247/254/205 35/140/135 648/257/208
f 654/255/206 648/257/208 128/258/209
f 57/157/147 1248/259/175 516/260/175
f 521/156/146 511/198/175 1248/259/175
f 1248/259/175 43/212/175 504/209/175
f 516/260/175 504/209/175 48/211/175
f 54/200/177 1249/261/210 480/70/69
f 522/199/176 460/154/144 1249/261/210
f 1249/261/210 39/262/90 467/263/89
f 480/70/69 467/263/89 41/71/70
f 58/77/76 1250/264/175 517/252/175
f 523/143/138 518/265/175 1250/264/175
f 1250/264/175 50/225/175 506/224/175
f 517/252/175 506/224/175 49/204/181
f 53/223/189 1251/266/175 512/219/175
f 524/187/170 516/260/175 1251/266/175
f 1251/266/175 48/211/175 507/230/185
f 512/219/175 507/230/185 51/217/175
f 53/223/189 1252/267/211 478/188/171
f 525/222/188 463/44/44 1252/267/211
f 1252/267/211 37/268/59 464/269/155
f 478/188/171 464/269/155 38/189/15
f 54/200/177 1253/270/212 513/196/175
f 526/69/68 514/271/213 1253/270/212
f 1253/270/212 45/272/214 508/236/195
f 513/196/175 508/236/195 46/194/174
f 59/47/47 1254/273/175 518/265/175
f 527/46/46 519/221/175 1254/273/175
f 1254/273/175 44/241/175 509/240/175
f 518/265/175 509/240/175 50/225/175
f 26/192/96 1255/274/215 451/275/101
f 528/193/173 497/251/203 1255/274/215
f 1255/274/215 47/203/180 510/249/202
f 451/275/101 510/249/202 27/246/102
f 537/175/159 496/235/194 66/176/160
f 68/276/216 1256/277/175 537/175/159
f 493/214/185 502/197/175 1256/277/175
f 496/235/194 502/197/175 46/194/174
f 538/207/184 453/278/117 28/208/108
f 67/229/191 1257/279/217 538/207/184
f 453/278/117 535/280/218 29/281/118
f 539/233/192 531/159/148 63/165/152
f 62/216/187 1258/282/219 539/233/192
f 530/283/220 456/284/20 1258/282/219
f 1258/282/219 36/160/7 531/159/148
f 540/215/186 530/283/220 62/216/187
f 68/276/216 1259/285/221 540/215/186
f 536/174/158 457/286/32 1259/285/221
f 1259/285/221 32/287/21 530/283/220
f 541/164/151 501/231/175 63/165/152
f 65/288/222 1260/289/175 541/164/151
f 494/243/175 505/220/175 1260/289/175
f 1260/289/175 51/217/175 501/231/175
f 542/239/198 534/170/156 66/176/160
f 542/239/198 529/290/223 1261/291/224
f 1261/291/224 35/292/135 461/293/134
f 534/170/156 461/293/134 34/171/39
f 543/244/199 532/294/225 64/245/200
f 65/288/222 1262/295/226 543/244/199
f 533/163/150 455/296/124 1262/295/226
f 1262/295/226 30/297/129 532/294/225
f 544/228/190 535/280/218 67/229/191
f 64/245/200 1263/298/227 544/228/190
f 532/294/225 454/299/128 1263/298/227
f 1263/298/227 29/281/118 535/280/218
f 559/300/228 86/301/229 681/302/230
f 78/303/231 590/304/232 70/305/233
f 699/306/234 682/307/235 158/308/236
f 139/309/237 1264/310/238 699/306/234
f 814/311/239 745/312/240 1264/310/238
f 1264/310/238 22/313/241 682/307/235
f 1272/314/242 171/315/243 690/316/244
f 1357/317/245 737/318/246 738/319/247
f 555/320/248 562/321/249 78/303/231
f 697/322/250 683/323/251 160/324/252
f 140/325/253 1265/326/254 697/322/250
f 815/327/255 811/328/256 1265/326/254
f 1265/326/254 83/329/257 683/323/251
f 562/321/249 108/330/258 590/304/232
f 112/331/259 662/332/260 108/330/258
f 696/333/261 684/334/262 161/335/263
f 157/336/264 1266/337/265 696/333/261
f 681/338/230 558/339/266 1266/337/265
f 1266/337/265 87/340/267 684/334/262
f 695/341/268 816/342/269 162/343/270
f 160/324/252 1267/344/271 695/341/268
f 683/323/251 812/345/272 1267/344/271
f 1267/344/271 188/346/273 816/342/269
f 173/347/274 1268/348/275 813/349/276
f 814/311/239 698/350/277 1268/348/275
f 1268/348/275 141/351/278 566/352/279
f 813/349/276 566/352/279 84/353/280
f 550/354/281 592/355/282 77/356/283
f 75/357/284 1269/358/285 550/354/281
f 599/359/286 610/360/287 1269/358/285
f 1269/358/285 110/361/288 592/355/282
f 694/362/289 566/352/279 141/351/278
f 162/343/270 1270/363/290 694/362/289
f 816/342/269 809/364/291 1270/363/290
f 1270/363/290 84/353/280 566/352/279
f 693/365/292 815/327/255 140/325/253
f 693/365/292 567/366/293 1271/367/294
f 567/366/293 810/368/295 1271/367/294
f 1271/367/294 203/369/296 815/327/255
f 1273/370/297 732/371/298 1272/314/242
f 143/372/299 1273/370/297 691/373/300
f 568/374/301 556/375/302 1273/370/297
f 689/376/303 568/374/301 143/372/299
f 158/308/236 1274/377/304 689/376/303
f 682/307/235 557/378/305 1274/377/304
f 1274/377/304 85/379/306 568/374/301
f 45/272/214 1275/380/307 495/237/196
f 649/381/308 640/382/309 1275/380/307
f 1275/380/307 126/383/310 650/384/311
f 495/237/196 650/384/311 61/238/197
f 551/385/312 601/386/313 76/387/314
f 71/388/315 1276/389/316 551/385/312
f 561/390/317 602/391/318 1276/389/316
f 1276/389/316 119/392/319 601/386/313
f 594/393/320 138/394/321 662/332/260
f 70/305/233 560/395/322 80/396/323
f 1277/397/324 604/398/325 1278/399/326
f 76/387/314 1277/397/324 547/400/327
f 601/386/313 603/401/328 1277/397/324
f 1351/402/329 556/375/302 1350/403/330
f 547/400/327 1278/399/326 555/320/248
f 546/404/331 595/405/332 73/406/333
f 69/407/334 1279/408/335 546/404/331
f 600/409/336 605/410/337 1279/408/335
f 1279/408/335 113/411/338 595/405/332
f 545/412/339 599/359/286 75/357/284
f 72/413/340 1280/414/341 545/412/339
f 565/415/342 606/416/343 1280/414/341
f 1280/414/341 117/417/344 599/359/286
f 610/360/287 663/418/345 110/361/288
f 117/417/344 1281/419/346 610/360/287
f 665/420/347 698/350/277 1281/419/346
f 1281/419/346 139/309/237 663/418/345
f 549/421/348 565/415/342 72/413/340
f 74/422/349 1282/423/350 549/421/348
f 563/424/351 607/425/352 1282/423/350
f 1282/423/350 116/426/353 565/415/342
f 553/427/354 564/182/166 81/180/164
f 80/428/323 1283/429/355 553/427/354
f 560/430/322 608/431/356 1283/429/355
f 1283/429/355 115/432/357 564/182/166
f 548/433/358 563/424/351 74/422/349
f 73/406/333 1284/434/359 548/433/358
f 595/405/332 609/435/360 1284/434/359
f 1284/434/359 114/436/361 563/424/351
f 1278/399/326 112/331/259 562/321/249
f 604/398/325 594/393/320 112/331/259
f 552/437/362 561/390/317 71/388/315
f 77/356/283 1285/438/363 552/437/362
f 592/355/282 611/439/364 1285/438/363
f 1285/438/363 111/440/365 561/390/317
f 590/304/232 109/441/366 560/395/322
f 172/442/367 731/443/368 170/444/369
f 440/445/370 589/446/371 16/447/372
f 17/448/373 1286/449/374 440/445/370
f 471/450/375 613/451/376 1286/449/374
f 1286/449/374 107/452/377 589/446/371
f 434/453/378 479/454/379 2/455/380
f 1/456/381 1287/457/382 434/453/378
f 580/458/383 614/459/384 1287/457/382
f 1287/457/382 96/460/385 479/454/379
f 14/461/386 1288/462/387 582/52/52
f 437/463/388 477/464/389 1288/462/387
f 1288/462/387 95/465/390 615/466/391
f 582/52/52 615/466/391 100/53/53
f 8/467/392 1289/468/393 489/469/394
f 7/470/395 1289/468/393 429/471/396
f 488/472/397 616/473/398 1289/468/393
f 489/469/394 616/473/398 105/474/399
f 9/475/400 1290/476/401 588/477/402
f 430/478/403 489/469/394 1290/476/401
f 1290/476/401 105/474/399 617/479/404
f 588/477/402 617/479/404 106/480/405
f 428/481/406 488/472/397 7/470/395
f 6/482/407 1291/483/408 428/481/406
f 487/484/409 618/485/410 1291/483/408
f 1291/483/408 104/486/411 488/472/397
f 445/487/412 481/488/413 20/489/414
f 21/179/163 1292/490/415 445/487/412
f 476/178/162 619/491/416 1292/490/415
f 1292/490/415 97/492/417 481/488/413
f 427/493/418 487/484/409 6/482/407
f 5/494/419 1293/495/420 427/493/418
f 486/496/421 620/497/422 1293/495/420
f 1293/495/420 103/498/423 487/484/409
f 426/499/424 486/496/421 5/494/419
f 4/500/425 1294/501/426 426/499/424
f 485/502/427 621/503/428 1294/501/426
f 1294/501/426 102/504/429 486/496/421
f 425/505/430 485/502/427 4/500/425
f 3/506/431 1295/507/432 425/505/430
f 483/508/433 622/509/434 1295/507/432
f 1295/507/432 101/510/435 485/502/427
f 161/335/263 1296/511/436 688/512/437
f 684/334/262 569/513/438 1296/511/436
f 1296/511/436 42/514/65 671/115/112
f 688/512/437 671/115/112 147/113/110
f 444/515/439 574/516/440 18/517/441
f 20/489/414 1297/518/442 444/515/439
f 481/488/413 623/519/443 1297/518/442
f 1297/518/442 92/520/444 574/516/440
f 424/521/445 483/508/433 3/506/431
f 2/455/380 1298/522/446 424/521/445
f 479/454/379 624/523/447 1298/522/446
f 1298/522/446 99/524/448 483/508/433
f 16/447/372 1299/525/449 447/526/450
f 589/446/371 625/527/451 1299/525/449
f 1299/525/449 98/528/452 580/458/383
f 447/526/450 580/458/383 1/456/381
f 12/529/453 1300/530/454 477/464/389
f 433/531/455 475/532/456 1300/530/454
f 1300/530/454 93/533/457 626/534/458
f 477/464/389 626/534/458 95/465/390
f 11/535/459 1301/536/460 475/532/456
f 432/537/461 473/538/462 1301/536/460
f 1301/536/460 91/539/463 627/540/464
f 475/532/456 627/540/464 93/533/457
f 442/541/465 570/542/466 19/543/467
f 18/517/441 1302/544/468 442/541/465
f 574/516/440 628/545/469 1302/544/468
f 1302/544/468 88/546/470 570/542/466
f 10/547/471 1303/548/472 473/538/462
f 431/549/473 572/550/474 1303/548/472
f 1303/548/472 90/551/475 629/552/476
f 473/538/462 629/552/476 91/539/463
f 441/553/477 471/450/375 17/448/373
f 19/543/467 1304/554/478 441/553/477
f 570/542/466 630/555/479 1304/554/478
f 1304/554/478 89/556/480 471/450/375
f 15/557/481 1305/558/482 572/550/474
f 438/559/483 588/477/402 1305/558/482
f 1305/558/482 106/480/405 631/560/484
f 572/550/474 631/560/484 90/551/475
f 87/561/267 1306/562/485 634/563/486
f 558/564/266 635/565/487 1306/562/485
f 1306/562/485 121/566/488 633/567/489
f 634/563/486 633/567/489 122/568/490
f 122/568/490 1307/569/491 637/570/492
f 633/567/489 638/571/493 1307/569/491
f 1307/569/491 123/572/494 636/573/495
f 637/570/492 636/573/495 124/574/496
f 61/238/197 1308/575/497 529/290/223
f 650/384/311 642/576/498 1308/575/497
f 1308/575/497 128/577/209 648/578/208
f 529/290/223 648/578/208 35/292/135
f 124/574/496 1309/579/499 640/382/309
f 636/573/495 641/580/500 1309/579/499
f 1309/579/499 125/581/501 639/582/502
f 640/382/309 639/582/502 126/383/310
f 55/67/66 1310/583/503 514/271/213
f 652/584/504 637/570/492 1310/583/503
f 1310/583/503 124/574/496 649/381/308
f 514/271/213 649/381/308 45/272/214
f 126/383/310 1311/585/505 642/576/498
f 639/582/502 643/586/506 1311/585/505
f 643/586/506 653/587/507 1311/585/505
f 642/576/498 653/587/507 128/577/209
f 13/588/508 1312/589/509 632/590/510
f 645/591/511 647/50/50 1312/589/509
f 1312/589/509 130/55/55 644/592/512
f 632/590/510 644/592/512 120/593/513
f 42/66/65 1313/594/514 443/64/63
f 569/595/438 634/563/486 1313/594/514
f 1313/594/514 122/568/490 652/584/504
f 443/64/63 652/584/504 55/67/66
f 163/596/515 1314/597/516 685/598/517
f 687/599/518 654/255/206 1314/597/516
f 1314/597/516 128/258/209 653/600/507
f 685/598/517 653/600/507 127/601/519
f 120/593/513 1315/602/520 651/603/521
f 644/592/512 686/604/522 1315/602/520
f 1315/602/520 164/253/204 687/599/518
f 651/603/521 687/599/518 163/596/515
f 115/432/357 1316/605/523 612/183/167
f 597/606/524 688/512/437 1316/605/523
f 1316/605/523 147/113/110 576/607/525
f 612/183/167 576/607/525 94/184/168
f 602/391/318 667/608/526 119/392/319
f 111/440/365 1317/609/527 602/391/318
f 593/610/528 689/376/303 1317/609/527
f 1317/609/527 143/372/299 667/608/526
f 554/611/529 171/315/243 731/443/368
f 108/330/258 591/612/530 109/441/366
f 1318/613/531 692/614/532 1319/615/533
f 119/392/319 1318/613/531 603/401/328
f 667/608/526 691/373/300 1318/613/531
f 603/401/328 1319/615/533 604/398/325
f 605/410/337 664/616/534 113/411/338
f 605/410/337 666/617/535 1320/618/536
f 1320/618/536 142/619/537 693/365/292
f 664/616/534 693/365/292 140/325/253
f 606/416/343 665/420/347 117/417/344
f 116/426/353 1321/620/538 606/416/343
f 598/621/539 694/362/289 1321/620/538
f 1321/620/538 141/351/278 665/420/347
f 607/425/352 598/621/539 116/426/353
f 114/436/361 1322/622/540 607/425/352
f 596/623/541 695/341/268 1322/622/540
f 1322/622/540 162/343/270 598/621/539
f 608/431/356 597/606/524 115/432/357
f 109/624/366 1323/625/542 608/431/356
f 591/626/530 696/333/261 1323/625/542
f 1323/625/542 161/335/263 597/606/524
f 609/435/360 596/623/541 114/436/361
f 113/411/338 1324/627/543 609/435/360
f 664/616/534 697/322/250 1324/627/543
f 1324/627/543 160/324/252 596/623/541
f 1319/615/533 159/628/544 594/393/320
f 170/444/369 1351/402/329 730/629/545
f 611/439/364 593/610/528 111/440/365
f 110/361/288 1325/630/546 611/439/364
f 663/418/345 699/306/234 1325/630/546
f 1325/630/546 158/308/236 593/610/528
f 662/332/260 157/631/264 591/612/530
f 79/632/547 728/633/548 86/301/229
f 130/55/55 1326/634/549 686/604/522
f 646/54/54 659/635/550 1326/634/549
f 1326/634/549 135/135/130 700/256/207
f 686/604/522 700/256/207 164/253/204
f 613/451/376 661/636/551 107/452/377
f 89/556/480 1327/637/552 613/451/376
f 571/638/553 701/166/153 1327/637/552
f 1327/637/552 137/56/56 661/636/551
f 614/459/384 578/639/554 96/460/385
f 98/528/452 1328/640/555 614/459/384
f 658/641/556 702/145/139 1328/640/555
f 1328/640/555 149/83/82 578/639/554
f 100/53/53 1329/642/557 659/635/550
f 615/466/391 577/643/558 1329/642/557
f 1329/642/557 148/34/34 703/138/133
f 659/635/550 703/138/133 135/135/130
f 105/474/399 1330/644/559 587/645/560
f 104/486/411 1330/644/559 616/473/398
f 586/646/561 704/131/126 1330/644/559
f 587/645/560 704/131/126 156/126/121
f 106/480/405 1331/647/562 660/648/563
f 617/479/404 587/645/560 1331/647/562
f 1331/647/562 156/126/121 705/127/122
f 660/648/563 705/127/122 136/124/119
f 618/485/410 586/646/561 104/486/411
f 103/498/423 1332/649/564 618/485/410
f 585/650/565 706/118/113 1332/649/564
f 1332/649/564 155/120/115 586/646/561
f 619/491/416 579/651/566 97/492/417
f 94/184/168 1333/652/567 619/491/416
f 576/607/525 707/112/109 1333/652/567
f 1333/652/567 150/89/86 579/651/566
f 620/497/422 585/650/565 103/498/423
f 102/504/429 1334/653/568 620/497/422
f 584/654/569 708/106/103 1334/653/568
f 1334/653/568 154/108/105 585/650/565
f 621/503/428 584/654/569 102/504/429
f 101/510/435 1335/655/570 621/503/428
f 583/656/571 709/100/97 1335/655/570
f 1335/655/570 153/102/99 584/654/569
f 622/509/434 583/656/571 101/510/435
f 99/524/448 1336/657/572 622/509/434
f 581/658/573 710/94/91 1336/657/572
f 1336/657/572 152/96/93 583/656/571
f 623/519/443 657/659/574 92/520/444
f 97/492/417 1337/660/575 623/519/443
f 579/651/566 711/88/85 1337/660/575
f 1337/660/575 133/24/24 657/659/574
f 624/523/447 581/658/573 99/524/448
f 96/460/385 1338/661/576 624/523/447
f 578/639/554 712/80/79 1338/661/576
f 1338/661/576 151/82/81 581/658/573
f 107/452/377 1339/662/577 625/527/451
f 661/636/551 713/58/58 1339/662/577
f 1339/662/577 134/63/62 658/641/556
f 625/527/451 658/641/556 98/528/452
f 95/465/390 1340/663/578 577/643/558
f 626/534/458 575/664/579 1340/663/578
f 1340/663/578 146/28/28 714/37/37
f 577/643/558 714/37/37 148/34/34
f 93/533/457 1341/665/580 575/664/579
f 627/540/464 573/666/581 1341/665/580
f 1341/665/580 145/16/16 715/31/31
f 575/664/579 715/31/31 146/28/28
f 628/545/469 655/667/582 88/546/470
f 92/520/444 1342/668/469 628/545/469
f 657/659/574 716/22/22 1342/668/469
f 1342/668/469 131/11/11 655/667/582
f 91/539/463 1343/669/583 573/666/581
f 629/552/476 656/670/584 1343/669/583
f 1343/669/583 132/1/1 717/19/19
f 573/666/581 717/19/19 145/16/16
f 630/555/479 571/638/553 89/556/480
f 88/546/470 1344/671/585 630/555/479
f 655/667/582 718/8/8 1344/671/585
f 1344/671/585 144/10/10 571/638/553
f 90/551/475 1345/672/586 656/670/584
f 631/560/484 660/648/563 1345/672/586
f 1345/672/586 136/124/119 719/4/4
f 656/670/584 719/4/4 132/1/1
f 643/673/506 724/674/587 127/675/519
f 125/676/501 1346/677/588 643/673/506
f 725/678/589 723/679/590 1346/677/588
f 1346/677/588 169/680/591 724/674/587
f 641/681/500 725/678/589 125/676/501
f 123/682/494 1347/683/592 641/681/500
f 726/684/593 722/685/594 1347/683/592
f 1347/683/592 168/686/595 725/678/589
f 635/687/487 727/688/596 121/689/488
f 635/687/487 728/690/548 1348/691/597
f 728/690/548 720/692/598 1348/691/597
f 1348/691/597 166/693/599 727/688/596
f 638/694/493 726/684/593 123/682/494
f 121/689/488 1349/695/600 638/694/493
f 727/688/596 721/696/601 1349/695/600
f 1349/695/600 167/697/602 726/684/593
f 85/379/306 1350/403/330 556/375/302
f 22/313/241 1350/403/330 557/378/305
f 730/629/545 1350/403/330 729/698/603
f 731/443/368 732/371/298 1351/402/329
f 730/629/545 742/699/604 170/444/369
f 79/632/547 690/316/244 171/315/243
f 554/611/529 165/700/605 728/633/548
f 170/444/369 741/701/606 172/442/367
f 559/300/228 159/628/544 690/316/244
f 721/696/601 739/702/607 167/697/602
f 166/693/599 1352/703/608 721/696/601
f 740/704/609 734/705/610 1352/703/608
f 1352/703/608 176/706/611 739/702/607
f 742/699/604 180/707/612 741/701/606
f 172/442/367 743/708/613 165/700/605
f 741/701/606 174/709/614 743/708/613
f 179/710/615 758/711/616 180/707/612
f 722/685/594 744/712/617 168/686/595
f 167/697/602 1353/713/618 722/685/594
f 739/702/607 735/714/619 1353/713/618
f 1353/713/618 177/715/620 744/712/617
f 729/698/603 745/312/240 1354/716/621
f 1354/716/621 173/347/274 737/318/246
f 729/698/603 1357/317/245 730/629/545
f 723/679/590 746/717/622 169/680/591
f 168/686/595 1355/718/623 723/679/590
f 744/712/617 736/719/624 1355/718/623
f 1355/718/623 178/720/625 746/717/622
f 720/692/598 740/704/609 166/693/599
f 165/721/605 1356/722/626 720/692/598
f 743/723/613 733/724/627 1356/722/626
f 1356/722/626 175/725/628 740/704/609
f 1357/317/245 179/710/615 742/699/604
f 738/319/247 754/726/616 179/710/615
f 1362/727/629 738/319/247 737/318/246
f 1358/728/630 817/729/631 751/730/632
f 1368/731/633 763/732/634 764/733/635
f 735/714/619 752/734/616 177/715/620
f 176/706/611 1359/735/616 735/714/619
f 753/736/616 749/737/616 1359/735/616
f 1359/735/616 184/738/616 752/734/616
f 1358/728/630 186/739/616 754/726/616
f 751/730/632 770/740/616 186/739/616
f 736/719/624 755/741/616 178/720/625
f 177/715/620 1360/742/616 736/719/624
f 752/734/616 750/743/616 1360/742/616
f 1360/742/616 185/744/616 755/741/616
f 733/724/627 756/745/616 175/725/628
f 174/746/614 1361/747/616 733/724/627
f 757/748/616 747/749/616 1361/747/616
f 1361/747/616 182/750/616 756/745/616
f 754/726/616 187/751/616 758/711/616
f 180/707/612 757/752/616 174/709/614
f 737/318/246 813/349/276 1362/727/629
f 1362/727/629 84/353/280 817/729/631
f 734/705/610 753/736/616 176/706/611
f 175/725/628 1363/753/616 734/705/610
f 756/745/616 748/754/616 1363/753/616
f 1363/753/616 183/755/616 753/736/616
f 758/711/616 181/756/616 757/752/616
f 186/739/616 769/757/616 187/751/616
f 750/743/616 765/758/616 185/744/616
f 184/738/616 1364/759/616 750/743/616
f 766/760/616 762/761/616 1364/759/616
f 1364/759/616 193/762/616 765/758/616
f 747/749/616 767/763/616 182/750/616
f 181/764/616 1365/765/616 747/749/616
f 768/766/616 759/767/616 1365/765/616
f 1365/765/616 190/768/616 767/763/616
f 770/740/616 195/769/616 769/757/616
f 187/751/616 768/770/616 181/756/616
f 817/729/631 809/364/291 1366/771/636
f 1366/771/636 188/346/273 763/732/634
f 751/730/632 1366/771/636 1368/731/633
f 748/754/616 771/772/616 183/755/616
f 182/750/616 1367/773/616 748/754/616
f 767/763/616 760/774/616 1367/773/616
f 1367/773/616 191/775/616 771/772/616
f 769/757/616 189/776/616 768/770/616
f 195/769/616 779/777/616 189/776/616
f 749/737/616 766/760/616 184/738/616
f 183/755/616 1369/778/616 749/737/616
f 771/772/616 761/779/616 1369/778/616
f 1369/778/616 192/780/616 766/760/616
f 1368/731/633 194/781/616 770/740/616
f 764/733/635 782/782/616 194/781/616
f 760/774/616 777/783/616 191/775/616
f 190/768/616 1370/784/616 760/774/616
f 778/785/616 773/786/616 1370/784/616
f 1370/784/616 198/787/616 777/783/616
f 780/788/616 196/789/616 779/777/616
f 194/781/616 780/788/616 195/769/616
f 1375/790/637 764/733/635 763/732/634
f 1371/791/638 818/792/639 776/793/640
f 761/779/616 781/794/616 192/780/616
f 191/775/616 1372/795/616 761/779/616
f 777/783/616 774/796/616 1372/795/616
f 1372/795/616 199/797/616 781/794/616
f 1371/791/638 201/798/616 782/782/616
f 776/793/640 790/799/616 201/798/616
f 762/761/616 783/800/616 193/762/616
f 192/780/616 1373/801/616 762/761/616
f 781/794/616 775/802/616 1373/801/616
f 1373/801/616 200/803/616 783/800/616
f 759/767/616 778/785/616 190/768/616
f 189/804/616 1374/805/616 759/767/616
f 779/806/616 772/807/616 1374/805/616
f 1374/805/616 197/808/616 778/785/616
f 782/782/616 202/809/616 780/788/616
f 201/798/616 795/810/616 202/809/616
f 763/732/634 812/345/272 1375/790/637
f 1375/790/637 83/329/257 818/792/639
f 1380/811/641 209/812/616 790/799/616
f 1380/811/641 788/813/642 789/814/643
f 789/814/643 806/815/616 209/812/616
f 775/802/616 791/816/616 200/803/616
f 199/797/616 1376/817/616 775/802/616
f 792/818/616 787/819/616 1376/817/616
f 1376/817/616 208/820/616 791/816/616
f 772/807/616 793/821/616 197/808/616
f 196/822/616 1377/823/616 772/807/616
f 794/824/616 784/825/616 1377/823/616
f 1377/823/616 205/826/616 793/821/616
f 790/799/616 210/827/616 795/810/616
f 202/809/616 794/828/616 196/789/616
f 818/792/639 811/328/256 1378/829/644
f 1378/829/644 203/369/296 788/813/642
f 776/793/640 1378/829/644 1380/811/641
f 773/786/616 796/830/616 198/787/616
f 197/808/616 1379/831/616 773/786/616
f 793/821/616 785/832/616 1379/831/616
f 1379/831/616 206/833/616 796/830/616
f 795/810/616 204/834/616 794/828/616
f 210/827/616 802/835/616 204/834/616
f 774/796/616 792/818/616 199/797/616
f 198/787/616 1381/836/616 774/796/616
f 796/830/616 786/837/616 1381/836/616
f 1381/836/616 207/838/616 792/818/616
f 803/839/616 211/840/616 802/835/616
f 209/812/616 803/839/616 210/827/616
f 1386/841/645 789/814/643 788/813/642
f 1382/842/643 819/843/646 801/844/647
f 1453/845/648 1084/846/649 1085/847/650
f 786/837/616 804/848/616 207/838/616
f 206/833/616 1383/849/616 786/837/616
f 805/850/616 799/851/616 1383/849/616
f 1383/849/616 214/852/616 804/848/616
f 1382/842/643 216/853/616 806/815/616
f 384/854/651 1453/845/648 1083/855/652
f 787/819/616 807/856/616 208/820/616
f 207/838/616 1384/857/616 787/819/616
f 804/848/616 800/858/616 1384/857/616
f 1384/857/616 215/859/616 807/856/616
f 784/825/616 808/860/616 205/826/616
f 204/861/616 1385/862/616 784/825/616
f 802/863/616 797/864/616 1385/862/616
f 1385/862/616 212/865/616 808/860/616
f 806/815/616 217/866/616 803/839/616
f 301/867/653 955/868/654 1074/869/655
f 788/813/642 810/368/295 1386/841/645
f 1386/841/645 82/870/656 819/843/646
f 785/832/616 805/850/616 206/833/616
f 205/826/616 1387/871/616 785/832/616
f 808/860/616 798/872/616 1387/871/616
f 1387/871/616 213/873/616 805/850/616
f 346/874/657 1388/875/658 1112/876/659
f 253/877/660 1388/875/658 868/878/661
f 858/879/662 887/880/663 1388/875/658
f 1112/876/659 887/880/663 350/881/664
f 1061/882/665 1111/883/666 357/884/667
f 1061/882/665 861/885/668 1389/886/669
f 1389/886/669 257/887/670 866/888/671
f 1389/886/669 345/889/672 1111/883/666
f 358/890/673 1390/891/674 1110/892/675
f 249/893/676 1390/891/674 1062/894/677
f 852/895/678 868/878/661 1390/891/674
f 1110/892/675 868/878/661 346/874/657
f 866/888/671 1109/896/679 345/889/672
f 866/888/671 862/897/680 1391/898/681
f 862/897/680 870/899/682 1391/898/681
f 1391/898/681 347/900/683 1109/896/679
f 359/901/684 1392/902/685 1108/903/686
f 250/904/687 1392/902/685 1063/905/688
f 853/906/689 1062/894/677 1392/902/685
f 1108/903/686 1062/894/677 358/890/673
f 361/907/690 1393/908/691 1107/909/692
f 1065/910/693 854/911/694 1393/908/691
f 1393/908/691 250/904/687 1063/905/688
f 1107/909/692 1063/905/688 359/901/684
f 240/912/695 1394/913/696 865/914/697
f 835/915/698 923/916/699 1394/913/696
f 1394/913/696 277/917/700 859/918/701
f 865/914/697 859/918/701 254/919/702
f 343/920/703 1395/921/704 831/922/705
f 1041/923/706 1040/924/707 1395/921/704
f 1395/921/704 315/925/708 977/926/709
f 831/922/705 977/926/709 231/927/710
f 351/928/711 1396/929/712 888/930/713
f 1106/931/714 878/932/715 1396/929/712
f 878/932/715 865/933/697 1396/929/712
f 1396/929/712 254/934/702 888/930/713
f 864/935/716 839/936/717 259/937/718
f 258/938/719 1397/939/720 864/935/716
f 876/940/721 922/941/722 1397/939/720
f 1397/939/720 272/942/723 839/936/717
f 242/943/724 1398/944/725 845/945/726
f 911/946/727 916/947/728 1398/944/725
f 1398/944/725 275/948/729 886/949/730
f 845/945/726 886/949/730 241/950/731
f 1068/951/732 1105/952/733 364/953/734
f 1068/951/732 845/954/726 1399/955/735
f 1399/955/735 241/956/731 1066/957/736
f 1399/955/735 362/958/737 1105/952/733
f 870/899/682 1104/959/738 347/900/683
f 256/960/739 1400/961/740 870/899/682
f 863/962/741 1067/963/742 1400/961/740
f 1400/961/740 363/964/743 1104/959/738
f 1069/965/744 1103/966/745 365/967/746
f 243/968/747 1401/969/748 1069/965/744
f 1401/969/748 242/970/724 1068/951/732
f 1401/969/748 364/953/734 1103/966/745
f 1070/971/749 1102/972/750 366/973/751
f 244/974/752 1402/975/753 1070/971/749
f 847/976/754 1069/965/744 1402/975/753
f 1402/975/753 365/967/746 1102/972/750
f 1071/977/755 1101/978/756 367/979/757
f 245/980/758 1403/981/759 1071/977/755
f 848/982/760 1070/971/749 1403/981/759
f 1403/981/759 366/973/751 1101/978/756
f 1067/963/742 1100/983/761 363/964/743
f 258/984/719 1404/985/762 1067/963/742
f 864/986/716 1064/987/763 1404/985/762
f 1404/985/762 360/988/764 1100/983/761
f 1072/989/765 1099/990/766 368/991/767
f 246/992/768 1405/993/769 1072/989/765
f 849/994/770 1071/977/755 1405/993/769
f 1405/993/769 367/979/757 1099/990/766
f 350/881/664 1406/995/771 1098/996/772
f 248/997/773 1406/995/771 887/880/663
f 851/998/774 1073/999/775 1406/995/771
f 1406/995/771 369/1000/776 1098/996/772
f 1073/999/775 1097/1001/777 369/1000/776
f 247/1002/778 1407/1003/779 1073/999/775
f 850/1004/780 1072/989/765 1407/1003/779
f 1407/1003/779 368/991/767 1097/1001/777
f 349/1005/781 1408/1006/782 1096/1007/783
f 880/1008/784 857/1009/785 1408/1006/782
f 1408/1006/782 251/1010/786 1065/910/693
f 1096/1007/783 1065/910/693 361/907/690
f 855/1011/787 835/915/698 240/912/695
f 241/950/731 1409/1012/788 855/1011/787
f 886/949/730 919/1013/789 1409/1012/788
f 1409/1012/788 276/1014/790 835/915/698
f 1066/957/736 1095/1015/791 362/958/737
f 1066/957/736 855/1016/787 1410/1017/792
f 1410/1017/792 240/1018/695 878/932/715
f 1410/1017/792 348/1019/793 1095/1015/791
f 257/1020/670 1411/1021/794 862/1022/680
f 832/1023/795 917/1024/796 1411/1021/794
f 1411/1021/794 269/1025/797 856/1026/798
f 862/1022/680 856/1026/798 256/1027/739
f 927/1028/799 858/1029/662 253/1030/660
f 280/1031/800 1412/1032/801 927/1028/799
f 937/1033/802 929/1034/803 1412/1032/801
f 1412/1032/801 248/1035/773 858/1029/662
f 888/930/713 1094/1036/804 351/928/711
f 888/930/713 860/1037/805 1413/1038/806
f 1413/1038/806 255/1039/807 1061/882/665
f 1413/1038/806 357/884/667 1094/1036/804
f 930/1040/808 854/1041/694 251/1042/786
f 283/1043/809 1414/1044/810 930/1040/808
f 933/1045/811 932/1046/812 1414/1044/810
f 1414/1044/810 250/1047/687 854/1041/694
f 872/1048/813 842/1049/814 238/1050/815
f 309/1051/816 1415/1052/817 872/1048/813
f 1006/1053/818 960/1054/819 1415/1052/817
f 1415/1052/817 297/1055/820 842/1049/814
f 861/1056/668 832/1023/795 257/1020/670
f 255/1057/807 1416/1058/821 861/1056/668
f 874/1059/822 920/1060/823 1416/1058/821
f 1416/1058/821 274/1061/824 832/1023/795
f 846/1062/825 911/946/727 242/943/724
f 243/1063/747 1417/1064/826 846/1062/825
f 273/1065/827 1417/1064/826 924/1066/828
f 263/1067/829 1418/1068/830 898/1069/830
f 909/1070/831 918/1071/832 1418/1068/830
f 1418/1068/830 269/1025/797 907/1072/830
f 898/1069/830 907/1072/830 260/1073/830
f 844/1074/833 899/1075/834 264/1076/835
f 245/1077/758 1419/1078/836 844/1074/833
f 934/1079/837 895/1080/838 1419/1078/836
f 1419/1078/836 266/1081/839 899/1075/834
f 894/1082/831 900/1083/830 265/1084/830
f 279/1085/840 1420/1086/831 894/1082/831
f 936/1087/841 889/1088/830 1420/1086/831
f 1420/1086/831 260/1073/830 900/1083/830
f 268/1089/831 1421/1090/830 901/1091/830
f 908/1092/830 921/1093/842 1421/1090/830
f 1421/1090/830 277/917/700 915/1094/830
f 901/1091/830 915/1094/830 261/1095/830
f 895/1080/838 902/1096/830 266/1081/839
f 284/1097/843 1422/1098/830 895/1080/838
f 940/1099/844 896/1100/830 1422/1098/830
f 1422/1098/830 267/1101/831 902/1096/830
f 897/1102/830 903/1103/831 268/1089/831
f 280/1031/800 1423/1104/830 897/1102/830
f 935/1105/845 894/1082/831 1423/1104/830
f 1423/1104/830 265/1084/830 903/1103/831
f 263/1067/829 1424/1106/846 904/1107/847
f 283/1043/809 1424/1106/846 892/1108/848
f 1424/1106/846 278/1109/849 891/1110/850
f 904/1107/847 891/1110/850 262/1111/851
f 896/1100/830 905/1112/830 267/1101/831
f 281/1113/852 1425/1114/830 896/1100/830
f 939/1115/853 890/1116/830 1425/1114/830
f 1425/1114/830 261/1095/830 905/1112/830
f 244/1117/752 1426/1118/854 906/1119/855
f 844/1074/833 848/1120/760 245/1077/758
f 264/1076/835 1426/1118/854 844/1074/833
f 273/1065/827 1427/1121/830 916/947/728
f 893/1122/856 899/1075/834 1427/1121/830
f 1427/1121/830 266/1081/839 913/1123/830
f 916/947/728 913/1123/830 275/948/729
f 377/1124/857 1428/1125/858 1093/1126/859
f 1048/1127/860 1042/1128/861 1428/1125/858
f 1428/1125/858 252/1129/862 880/1008/784
f 1093/1126/859 880/1008/784 349/1005/781
f 274/1061/824 1429/1130/830 917/1024/796
f 912/1131/830 900/1083/830 1429/1130/830
f 1429/1130/830 260/1073/830 907/1072/830
f 917/1024/796 907/1072/830 269/1025/797
f 271/1132/863 1430/1133/864 918/1071/832
f 876/940/721 863/1134/741 1430/1133/864
f 1430/1133/864 256/1027/739 856/1026/798
f 918/1071/832 856/1026/798 269/1025/797
f 275/948/729 1431/1135/830 919/1013/789
f 913/1123/830 902/1096/830 1431/1135/830
f 1431/1135/830 267/1101/831 914/1136/831
f 919/1013/789 914/1136/831 276/1014/790
f 270/1137/865 1432/1138/830 920/1060/823
f 908/1092/830 903/1103/831 1432/1138/830
f 1432/1138/830 265/1084/830 912/1131/830
f 920/1060/823 912/1131/830 274/1061/824
f 270/1137/865 1433/1139/866 921/1093/842
f 874/1059/822 860/1140/805 1433/1139/866
f 1433/1139/866 254/919/702 859/918/701
f 921/1093/842 859/918/701 277/917/700
f 271/1132/863 1434/1141/867 922/941/722
f 909/1070/831 904/1107/847 1434/1141/867
f 1434/1141/867 262/1111/851 910/1142/868
f 922/941/722 910/1142/868 272/942/723
f 276/1014/790 1435/1143/830 923/916/699
f 914/1136/831 905/1112/830 1435/1143/830
f 1435/1143/830 261/1095/830 915/1094/830
f 923/916/699 915/1094/830 277/917/700
f 243/1063/747 1436/1144/869 924/1066/828
f 847/1145/754 906/1119/855 1436/1144/869
f 1436/1144/869 264/1076/835 893/1122/856
f 924/1066/828 893/1122/856 273/1065/827
f 892/1108/848 933/1045/811 283/1043/809
f 892/1108/848 898/1069/830 1437/1146/830
f 898/1069/830 889/1088/830 1437/1146/830
f 1437/1146/830 285/1147/870 933/1045/811
f 849/1148/770 934/1079/837 245/1077/758
f 931/1149/871 849/1148/770 246/1150/768
f 284/1097/843 1438/1151/872 931/1149/871
f 927/1028/799 935/1105/845 280/1031/800
f 253/1030/660 1439/1152/873 927/1028/799
f 852/1153/678 926/1154/874 1439/1152/873
f 1439/1152/873 279/1085/840 935/1105/845
f 926/1154/874 936/1087/841 279/1085/840
f 249/1155/676 1440/1156/875 926/1154/874
f 853/1157/689 932/1046/812 1440/1156/875
f 1440/1156/875 285/1147/870 936/1087/841
f 897/1102/830 937/1033/802 280/1031/800
f 268/1089/831 1441/1158/830 897/1102/830
f 901/1091/830 890/1116/830 1441/1158/830
f 1441/1158/830 282/1159/876 937/1033/802
f 930/1040/808 938/1160/877 283/1043/809
f 930/1040/808 857/1161/785 1442/1162/878
f 1442/1162/878 252/1163/862 925/1164/879
f 938/1160/877 925/1164/879 278/1109/849
f 928/1165/880 939/1115/853 281/1113/852
f 247/1166/778 1443/1167/881 928/1165/880
f 851/1168/774 929/1034/803 1443/1167/881
f 1443/1167/881 282/1159/876 939/1115/853
f 931/1149/871 940/1099/844 284/1097/843
f 246/1150/768 1444/1169/882 931/1149/871
f 850/1170/780 928/1165/880 1444/1169/882
f 1444/1169/882 281/1113/852 940/1099/844
f 958/1171/883 323/1172/884 327/1173/885
f 1074/869/655 352/1174/886 370/1175/887
f 1075/1176/888 1092/1177/889 371/1178/890
f 239/1179/891 1445/1180/892 1075/1176/888
f 1138/1181/893 1202/1182/894 1445/1180/892
f 1445/1180/892 353/1183/895 1092/1177/889
f 1459/1184/896 327/1173/885 998/1185/897
f 1083/855/652 1085/847/650 372/1186/898
f 1538/1187/899 1130/1188/900 1535/1189/901
f 1076/1190/902 1090/1191/903 373/1192/904
f 298/1193/905 1446/1194/906 1076/1190/902
f 1199/1195/907 1203/1196/908 1446/1194/906
f 1446/1194/906 354/1197/909 1090/1191/903
f 989/1198/910 352/1174/886 372/1186/898
f 985/1199/911 294/1200/912 286/1201/913
f 1077/1202/914 1089/1203/915 374/1204/916
f 302/1205/917 1447/1206/918 1077/1202/914
f 954/1207/919 1074/1208/655 1447/1206/918
f 1447/1206/918 370/1209/887 1089/1203/915
f 1204/1210/920 1088/1211/921 375/1212/922
f 401/1213/923 1448/1214/924 1204/1210/920
f 1200/1215/925 1076/1190/902 1448/1214/924
f 1448/1214/924 373/1192/904 1088/1211/921
f 386/1216/926 1449/1217/927 1202/1182/894
f 1201/1218/928 962/1219/929 1449/1217/927
f 1449/1217/927 355/1220/930 1091/1221/931
f 1202/1182/894 1091/1221/931 353/1183/895
f 987/1222/932 946/1223/933 293/1224/934
f 325/1225/935 1450/1226/936 987/1222/932
f 1004/1227/937 994/1228/938 1450/1226/936
f 1450/1226/936 291/1229/939 946/1223/933
f 962/1219/929 1087/1230/940 355/1220/930
f 299/1231/941 1451/1232/942 962/1219/929
f 1197/1233/943 1204/1210/920 1451/1232/942
f 1451/1232/942 375/1212/922 1087/1230/940
f 1203/1196/908 1086/1234/944 354/1197/909
f 416/1235/945 1452/1236/946 1203/1196/908
f 1198/1237/947 567/1238/293 1452/1236/946
f 1086/1234/944 567/1238/293 142/1239/537
f 1454/1240/948 1125/1241/949 952/1242/950
f 952/1242/950 963/1243/951 1454/1240/948
f 1454/1240/948 356/1244/952 1084/846/649
f 963/1243/951 1082/1245/953 356/1244/952
f 300/1246/954 1455/1247/955 963/1243/951
f 953/1248/956 1075/1176/888 1455/1247/955
f 1455/1247/955 371/1178/890 1082/1245/953
f 262/1111/851 1456/1249/957 1043/1250/958
f 891/1110/850 1044/1251/959 1456/1249/957
f 1456/1249/957 340/1252/960 1034/1253/961
f 1043/1250/958 1034/1253/961 338/1254/962
f 995/1255/963 947/1256/964 292/1257/965
f 333/1258/966 1457/1259/967 995/1255/963
f 996/1260/968 957/1261/969 1457/1259/967
f 1457/1259/967 287/1262/970 947/1256/964
f 985/1199/911 324/1263/971 323/1172/884
f 1056/1264/972 327/1173/885 323/1172/884
f 998/1185/897 1458/1265/973 1459/1184/896
f 952/1242/950 1532/1266/974 1531/1267/975
f 997/1268/976 995/1255/963 1458/1265/973
f 1458/1265/973 292/1257/965 943/1269/977
f 1459/1184/896 943/1269/977 951/1270/978
f 990/1271/979 942/1272/980 289/1273/981
f 328/1274/982 1460/1275/983 990/1271/979
f 999/1276/984 600/1277/336 1460/1275/983
f 1460/1275/983 69/1278/334 942/1272/980
f 994/1228/938 941/1279/985 291/1229/939
f 332/1280/986 1461/1281/987 994/1228/938
f 1000/1282/988 961/1283/989 1461/1281/987
f 1461/1281/987 288/1284/990 941/1279/985
f 1057/1285/991 1004/1227/937 325/1225/935
f 353/1183/895 1462/1286/992 1057/1285/991
f 1091/1221/931 1059/1287/993 1462/1286/992
f 1462/1286/992 332/1280/986 1004/1227/937
f 961/1283/989 945/1288/994 288/1284/990
f 331/1289/995 1463/1290/996 961/1283/989
f 1001/1291/997 959/1292/998 1463/1290/996
f 1463/1290/996 290/1293/999 945/1288/994
f 960/1054/819 949/1294/1000 297/1055/820
f 330/1295/1001 1464/1296/1002 960/1054/819
f 1002/1297/1003 956/1298/1004 1464/1296/1002
f 1464/1296/1002 296/1299/1005 949/1294/1000
f 959/1292/998 944/1300/1006 290/1293/999
f 329/1301/1007 1465/1302/1008 959/1292/998
f 1003/1303/1009 990/1271/979 1465/1302/1008
f 1465/1302/1008 289/1273/981 944/1300/1006
f 1500/1304/1010 372/1186/898 1085/847/650
f 958/1171/883 951/1270/978 294/1200/912
f 957/1261/969 948/1305/1011 287/1262/970
f 326/1306/1012 1466/1307/1013 957/1261/969
f 1005/1308/1014 987/1222/932 1466/1307/1013
f 1466/1307/1013 293/1224/934 948/1305/1011
f 950/1309/1015 384/854/651 295/1310/1016
f 956/1311/1004 286/1201/913 296/1312/1005
f 984/1313/1017 836/1314/1018 233/1315/372
f 322/1316/1019 1467/1317/1020 984/1313/1017
f 1007/1318/1021 867/1319/1022 1467/1317/1020
f 1467/1317/1020 234/1320/373 836/1314/1018
f 875/1321/1023 830/1322/1024 219/1323/1025
f 311/1324/1026 1468/1325/1027 875/1321/1023
f 1008/1326/1028 975/1327/383 1468/1325/1027
f 1468/1325/1027 218/1328/381 830/1322/1024
f 231/927/710 1469/1329/1029 833/1330/1030
f 977/926/709 1009/1331/1031 1469/1329/1029
f 1469/1329/1029 310/1332/1032 873/1333/1033
f 833/1330/1030 873/1333/1033 229/1334/453
f 225/1335/1034 1470/1336/1035 825/1337/1036
f 885/1338/1037 1010/1339/1038 1470/1336/1035
f 1010/1339/1038 884/1340/1039 1470/1336/1035
f 1470/1336/1035 224/1341/1040 825/1337/1036
f 226/1342/1041 1471/1343/1042 826/1344/1043
f 983/1345/1044 1011/1346/1045 1471/1343/1042
f 1471/1343/1042 320/1347/1046 885/1338/1037
f 826/1344/1043 885/1338/1037 225/1335/1034
f 884/1340/1039 824/1348/1047 224/1341/1040
f 319/1349/1048 1472/1350/1049 884/1340/1039
f 1012/1351/1050 883/1352/1051 1472/1350/1049
f 1472/1350/1049 223/1353/1052 824/1348/1047
f 877/1354/1053 841/1355/1054 237/1356/1055
f 312/1357/1056 1473/1358/1057 877/1354/1053
f 1013/1359/1058 872/1048/813 1473/1358/1057
f 1473/1358/1057 238/1050/815 841/1355/1054
f 883/1352/1051 823/1360/1059 223/1353/1052
f 318/1361/1060 1474/1362/1061 883/1352/1051
f 1014/1363/1062 882/1364/1063 1474/1362/1061
f 1474/1362/1061 222/1365/1064 823/1360/1059
f 882/1364/1063 822/1366/1065 222/1365/1064
f 317/1367/1066 1475/1368/1067 882/1364/1063
f 1015/1369/1068 881/1370/1069 1475/1368/1067
f 1475/1368/1067 221/1371/1070 822/1366/1065
f 881/1370/1069 821/1372/1071 221/1371/1070
f 316/1373/1072 1476/1374/1073 881/1370/1069
f 1016/1375/1074 879/1376/1075 1476/1374/1073
f 1476/1374/1073 220/1377/1076 821/1372/1071
f 374/1204/916 1477/1378/1077 1077/1202/914
f 1081/1379/1078 1064/987/763 1477/1378/1077
f 1477/1378/1077 259/1380/718 964/1381/1079
f 1077/1202/914 964/1381/1079 302/1205/917
f 969/1382/574 840/1383/1080 235/1384/441
f 307/1385/444 1478/1386/1081 969/1382/574
f 1017/1387/1082 877/1354/1053 1478/1386/1081
f 1478/1386/1081 237/1356/1055 840/1383/1080
f 879/1376/1075 820/1388/1083 220/1377/1076
f 314/1389/1084 1479/1390/1085 879/1376/1075
f 1018/1391/1086 875/1321/1023 1479/1390/1085
f 1479/1390/1085 219/1323/1025 820/1388/1083
f 233/1315/372 1480/1392/1087 984/1313/1017
f 843/1393/1088 975/1327/383 1480/1392/1087
f 1480/1392/1087 313/1394/1089 1019/1395/1090
f 984/1313/1017 1019/1395/1090 322/1316/1019
f 229/1334/453 1481/1396/1091 829/1397/1092
f 873/1333/1033 1020/1398/1093 1481/1396/1091
f 1481/1396/1091 308/1399/1094 871/1400/1095
f 829/1397/1092 871/1400/1095 228/1401/1096
f 228/1401/1096 1482/1402/460 828/1403/1097
f 871/1400/1095 1021/1404/1098 1482/1402/460
f 1482/1402/460 306/1405/1099 869/1406/1100
f 828/1403/1097 869/1406/1100 227/1407/1101
f 965/1408/1102 838/1409/465 236/1410/1103
f 303/1411/1104 1483/1412/468 965/1408/1102
f 1022/1413/468 969/1382/574 1483/1412/468
f 1483/1412/468 235/1384/441 838/1409/465
f 227/1407/1101 1484/1414/1105 827/1415/1106
f 869/1406/1100 1023/1416/1107 1484/1414/1105
f 1484/1414/1105 305/1417/1108 967/1418/1109
f 827/1415/1106 967/1418/1109 232/1419/1110
f 867/1319/1022 837/1420/1111 234/1320/373
f 304/1421/1112 1485/1422/1113 867/1319/1022
f 1024/1423/1114 965/1408/1102 1485/1422/1113
f 1485/1422/1113 236/1410/1103 837/1420/1111
f 232/1419/1110 1486/1424/1115 834/1425/1116
f 967/1418/1109 1025/1426/1117 1486/1424/1115
f 1486/1424/1115 321/1427/1118 983/1345/1044
f 834/1425/1116 983/1345/1044 226/1342/1041
f 302/1428/917 1487/1429/1119 954/1430/919
f 1028/1431/1120 1027/1432/1121 1487/1429/1119
f 1487/1429/1119 335/1433/1122 1029/1434/1123
f 954/1430/919 1029/1434/1123 301/1435/653
f 336/1436/1124 1488/1437/1125 1027/1432/1121
f 1031/1438/1126 1030/1439/1127 1488/1437/1125
f 1488/1437/1125 337/1440/1128 1032/1441/1129
f 1027/1432/1121 1032/1441/1129 335/1433/1122
f 278/1109/849 1489/1442/1130 1044/1251/959
f 925/1164/879 1042/1443/861 1489/1442/1130
f 1489/1442/1130 342/1444/1131 1036/1445/1132
f 1044/1251/959 1036/1445/1132 340/1252/960
f 338/1254/962 1490/1446/1133 1030/1439/1127
f 1034/1253/961 1033/1447/1134 1490/1446/1133
f 1490/1446/1133 339/1448/1135 1035/1449/1136
f 1030/1439/1127 1035/1449/1136 337/1440/1128
f 272/942/723 1491/1450/1137 1046/1451/1138
f 910/1142/868 1043/1250/958 1491/1450/1137
f 1491/1450/1137 338/1254/962 1031/1438/1126
f 1046/1451/1138 1031/1438/1126 336/1436/1124
f 340/1252/960 1492/1452/1139 1033/1447/1134
f 1036/1445/1132 1047/1453/1140 1492/1452/1139
f 1047/1453/1140 1037/1454/1141 1492/1452/1139
f 1033/1447/1134 1037/1454/1141 339/1448/1135
f 230/1455/1142 1493/1456/1143 1039/1457/1144
f 1026/1458/1145 1038/1459/1146 1493/1456/1143
f 1493/1456/1143 344/1460/1147 1041/923/706
f 1039/1457/1144 1041/923/706 343/920/703
f 259/937/718 1494/1461/1148 964/1462/1079
f 839/936/717 1046/1451/1138 1494/1461/1148
f 1494/1461/1148 336/1436/1124 1028/1431/1120
f 964/1462/1079 1028/1431/1120 302/1428/917
f 376/1463/1149 1495/1464/1150 1080/1465/1151
f 1078/1466/1152 1047/1467/1140 1495/1464/1150
f 1495/1464/1150 342/1468/1131 1048/1127/860
f 1080/1465/1151 1048/1127/860 377/1124/857
f 334/1469/1153 1496/1470/1154 1038/1459/1146
f 1045/1471/1155 1080/1465/1151 1496/1470/1154
f 1496/1470/1154 377/1124/857 1079/1472/1156
f 1038/1459/1146 1079/1472/1156 344/1460/1147
f 330/1295/1001 1497/1473/1157 992/1474/1158
f 1006/1053/818 971/1475/1159 1497/1473/1157
f 1497/1473/1157 360/988/764 1081/1379/1078
f 992/1474/1158 1081/1379/1078 374/1204/916
f 1060/1476/1160 996/1260/968 333/1258/966
f 356/1244/952 1498/1477/1161 1060/1476/1160
f 1082/1245/953 988/1478/1162 1498/1477/1161
f 1498/1477/1161 326/1306/1012 996/1260/968
f 1056/1264/972 370/1175/887 352/1174/886
f 1124/1479/1163 385/1480/1164 383/1481/1165
f 1085/847/650 1499/1482/1166 1500/1304/1010
f 1084/846/649 1060/1476/1160 1499/1482/1166
f 1499/1482/1166 333/1258/966 997/1268/976
f 1500/1304/1010 997/1268/976 998/1185/897
f 1058/1483/1167 999/1276/984 328/1274/982
f 1058/1483/1167 1086/1234/944 1501/1484/1168
f 1501/1484/1168 142/1239/537 666/1485/535
f 999/1276/984 666/1485/535 118/1486/1169
f 1059/1287/993 1000/1282/988 332/1280/986
f 355/1220/930 1502/1487/1170 1059/1287/993
f 1087/1230/940 993/1488/1171 1502/1487/1170
f 1502/1487/1170 331/1289/995 1000/1282/988
f 993/1488/1171 1001/1291/997 331/1289/995
f 375/1212/922 1503/1489/1172 993/1488/1171
f 1088/1211/921 991/1490/1173 1503/1489/1172
f 1503/1489/1172 329/1301/1007 1001/1291/997
f 992/1474/1158 1002/1297/1003 330/1295/1001
f 374/1204/916 1504/1491/1174 992/1474/1158
f 1089/1203/915 986/1492/1175 1504/1491/1174
f 1504/1491/1174 324/1493/971 1002/1297/1003
f 991/1490/1173 1003/1303/1009 329/1301/1007
f 373/1192/904 1505/1494/1176 991/1490/1173
f 1090/1191/903 1058/1483/1167 1505/1494/1176
f 1505/1494/1176 328/1274/982 1003/1303/1009
f 1124/1479/1163 1125/1241/949 384/854/651
f 989/1198/910 998/1185/897 327/1173/885
f 988/1478/1162 1005/1308/1014 326/1306/1012
f 371/1178/890 1506/1495/1177 988/1478/1162
f 1092/1177/889 1057/1285/991 1506/1495/1177
f 1506/1495/1177 325/1225/935 1005/1308/1014
f 378/1496/1178 950/1309/1015 1121/1497/1179
f 986/1498/1175 323/1172/884 324/1263/971
f 344/1460/1147 1507/1499/1180 1040/924/707
f 1079/1472/1156 1093/1126/859 1507/1499/1180
f 1507/1499/1180 349/1005/781 1053/1500/1181
f 1040/924/707 1053/1500/1181 315/925/708
f 1055/1501/1182 1007/1318/1021 322/1316/1019
f 351/928/711 1508/1502/1183 1055/1501/1182
f 1094/1036/804 966/1503/1184 1508/1502/1183
f 1508/1502/1183 304/1421/1112 1007/1318/1021
f 973/1504/1185 1008/1326/1028 311/1324/1026
f 362/958/737 1509/1505/1186 973/1504/1185
f 1095/1015/791 1052/1506/1187 1509/1505/1186
f 1509/1505/1186 313/1394/1089 1008/1326/1028
f 315/925/708 1510/1507/1188 1009/1331/1031
f 1053/1500/1181 1096/1007/783 1510/1507/1188
f 1510/1507/1188 361/907/690 972/1508/1189
f 1009/1331/1031 972/1508/1189 310/1332/1032
f 320/1347/1046 1511/1509/1190 1010/1339/1038
f 982/1510/1191 1097/1001/777 1511/1509/1190
f 1097/1001/777 981/1511/1192 1511/1509/1190
f 1511/1509/1190 319/1349/1048 1010/1339/1038
f 321/1427/1118 1512/1512/1193 1011/1346/1045
f 1054/1513/1194 1098/996/772 1512/1512/1193
f 1512/1512/1193 369/1000/776 982/1510/1191
f 1011/1346/1045 982/1510/1191 320/1347/1046
f 981/1511/1192 1012/1351/1050 319/1349/1048
f 368/991/767 1513/1514/1195 981/1511/1192
f 1099/990/766 980/1515/1196 1513/1514/1195
f 1513/1514/1195 318/1361/1060 1012/1351/1050
f 974/1516/1197 1013/1359/1058 312/1357/1056
f 363/964/743 1514/1517/1198 974/1516/1197
f 1100/983/761 971/1475/1159 1514/1517/1198
f 1514/1517/1198 309/1051/816 1013/1359/1058
f 980/1515/1196 1014/1363/1062 318/1361/1060
f 367/979/757 1515/1518/1199 980/1515/1196
f 1101/978/756 979/1519/1200 1515/1518/1199
f 1515/1518/1199 317/1367/1066 1014/1363/1062
f 979/1519/1200 1015/1369/1068 317/1367/1066
f 366/973/751 1516/1520/1201 979/1519/1200
f 1102/972/750 978/1521/1202 1516/1520/1201
f 1516/1520/1201 316/1373/1072 1015/1369/1068
f 978/1521/1202 1016/1375/1074 316/1373/1072
f 365/967/746 1517/1522/1203 978/1521/1202
f 1103/966/745 976/1523/1204 1517/1522/1203
f 1517/1522/1203 314/1389/1084 1016/1375/1074
f 1051/1524/1205 1017/1387/1082 307/1385/444
f 347/900/683 1518/1525/1206 1051/1524/1205
f 1104/959/738 974/1516/1197 1518/1525/1206
f 1518/1525/1206 312/1357/1056 1017/1387/1082
f 976/1523/1204 1018/1391/1086 314/1389/1084
f 364/953/734 1519/1526/1207 976/1523/1204
f 1105/952/733 973/1504/1185 1519/1526/1207
f 1519/1526/1207 311/1324/1026 1018/1391/1086
f 322/1316/1019 1520/1527/1208 1055/1501/1182
f 1019/1395/1090 1052/1506/1187 1520/1527/1208
f 1520/1527/1208 348/1019/793 1106/931/714
f 1055/1501/1182 1106/931/714 351/928/711
f 310/1332/1032 1521/1528/1209 1020/1398/1093
f 972/1508/1189 1107/909/692 1521/1528/1209
f 1521/1528/1209 359/901/684 970/1529/1210
f 1020/1398/1093 970/1529/1210 308/1399/1094
f 308/1399/1094 1522/1530/1211 1021/1404/1098
f 970/1529/1210 1108/903/686 1522/1530/1211
f 1522/1530/1211 358/890/673 968/1531/1212
f 1021/1404/1098 968/1531/1212 306/1405/1099
f 1049/1532/1213 1022/1413/468 303/1411/1104
f 345/889/672 1523/1533/468 1049/1532/1213
f 1109/896/679 1051/1524/1205 1523/1533/468
f 1523/1533/468 307/1385/444 1022/1413/468
f 306/1405/1099 1524/1534/1214 1023/1416/1107
f 968/1531/1212 1110/892/675 1524/1534/1214
f 1524/1534/1214 346/874/657 1050/1535/1215
f 1023/1416/1107 1050/1535/1215 305/1417/1108
f 966/1503/1184 1024/1423/1114 304/1421/1112
f 357/884/667 1525/1536/1216 966/1503/1184
f 1111/883/666 1049/1532/1213 1525/1536/1216
f 1525/1536/1216 303/1411/1104 1024/1423/1114
f 305/1417/1108 1526/1537/1217 1025/1426/1117
f 1050/1535/1215 1112/876/659 1526/1537/1217
f 1526/1537/1217 350/881/664 1054/1513/1194
f 1025/1426/1117 1054/1513/1194 321/1427/1118
f 1117/1538/1218 1037/1539/1141 341/1540/1219
f 382/1541/1220 1527/1542/1221 1117/1538/1218
f 1116/1543/1222 1118/1544/1223 1527/1542/1221
f 1527/1542/1221 339/1545/1135 1037/1539/1141
f 1118/1544/1223 1035/1546/1136 339/1545/1135
f 381/1547/1224 1528/1548/1225 1118/1544/1223
f 1115/1549/1226 1119/1550/1227 1528/1548/1225
f 1528/1548/1225 337/1551/1128 1035/1546/1136
f 1120/1552/1228 1029/1553/1123 335/1554/1122
f 379/1555/1229 1529/1556/1230 1120/1552/1228
f 1113/1557/1231 1121/1558/1179 1529/1556/1230
f 1029/1553/1123 1121/1558/1179 301/1559/653
f 1119/1550/1227 1032/1560/1129 337/1551/1128
f 380/1561/1232 1530/1562/1233 1119/1550/1227
f 1114/1563/1234 1120/1552/1228 1530/1562/1233
f 1530/1562/1233 335/1554/1122 1032/1560/1129
f 300/1246/954 1531/1267/975 953/1248/956
f 1531/1267/975 1123/1564/1235 1122/1565/1236
f 1531/1267/975 239/1179/891 953/1248/956
f 1532/1266/974 383/1481/1165 1123/1564/1235
f 1538/1187/899 392/1566/1237 1131/1567/1238
f 1121/1497/1179 295/1310/1016 301/867/653
f 372/1186/898 955/868/654 1083/855/652
f 1083/855/652 295/1310/1016 384/854/651
f 1135/1568/1239 393/1569/1240 392/1566/1237
f 1132/1570/1241 1114/1563/1234 380/1561/1232
f 389/1571/1242 1533/1572/1243 1132/1570/1241
f 1127/1573/1244 1133/1574/1245 1533/1572/1243
f 1533/1572/1243 379/1555/1229 1114/1563/1234
f 387/1575/1246 1134/1576/1247 1136/1577/1248
f 1134/1576/1247 383/1481/1165 385/1480/1164
f 1147/1578/616 400/1579/616 399/1580/616
f 1136/1577/1248 385/1480/1164 378/1496/1178
f 1137/1581/1249 1115/1549/1226 381/1547/1224
f 390/1582/1250 1534/1583/1251 1137/1581/1249
f 1128/1584/1252 1132/1570/1241 1534/1583/1251
f 1534/1583/1251 380/1561/1232 1115/1549/1226
f 1538/1187/899 1122/1565/1236 1123/1564/1235
f 1535/1189/901 386/1216/926 1138/1181/893
f 1122/1565/1236 1138/1181/893 239/1179/891
f 1139/1585/1253 1116/1543/1222 382/1541/1220
f 391/1586/1254 1536/1587/1255 1139/1585/1253
f 1129/1588/1256 1137/1581/1249 1536/1587/1255
f 1536/1587/1255 381/1547/1224 1116/1543/1222
f 1133/1574/1245 1113/1557/1231 379/1555/1229
f 388/1589/1257 1537/1590/1258 1133/1574/1245
f 1126/1591/1259 1136/1592/1248 1537/1590/1258
f 1537/1590/1258 378/1593/1178 1113/1557/1231
f 1539/1594/1260 399/1580/616 1144/1595/1261
f 1135/1568/1239 1123/1564/1235 383/1481/1165
f 1543/1596/1262 1131/1567/1238 1539/1594/1260
f 1549/1597/1263 1156/1598/1264 1547/1599/1265
f 1205/1600/1266 1539/1594/1260 1144/1595/1261
f 1145/1601/616 1128/1584/1252 390/1582/1250
f 397/1602/616 1540/1603/616 1145/1601/616
f 1142/1604/616 1146/1605/616 1540/1603/616
f 1540/1603/616 389/1571/1242 1128/1584/1252
f 1549/1597/1263 407/1606/616 1157/1607/1267
f 1147/1578/616 1131/1567/1238 392/1566/1237
f 1148/1608/616 1129/1588/1256 391/1586/1254
f 398/1609/616 1541/1610/616 1148/1608/616
f 1143/1611/616 1145/1601/616 1541/1610/616
f 1541/1610/616 390/1582/1250 1129/1588/1256
f 1149/1612/616 1126/1591/1259 388/1589/1257
f 395/1613/616 1542/1614/616 1149/1612/616
f 1140/1615/616 1150/1616/616 1542/1614/616
f 1542/1614/616 387/1617/1246 1126/1591/1259
f 394/1618/616 1151/1619/616 1150/1620/616
f 1151/1619/616 392/1566/1237 393/1569/1240
f 1543/1596/1262 299/1231/941 1201/1218/928
f 1130/1188/900 1201/1218/928 386/1216/926
f 1146/1605/616 1127/1573/1244 389/1571/1242
f 396/1621/616 1544/1622/616 1146/1605/616
f 1141/1623/616 1149/1612/616 1544/1622/616
f 1544/1622/616 388/1589/1257 1127/1573/1244
f 1163/1624/616 408/1625/616 407/1606/616
f 1150/1620/616 393/1569/1240 387/1575/1246
f 1158/1626/616 1143/1611/616 398/1609/616
f 406/1627/616 1545/1628/616 1158/1626/616
f 1155/1629/616 1159/1630/616 1545/1628/616
f 1545/1628/616 397/1602/616 1143/1611/616
f 1160/1631/616 1140/1615/616 395/1613/616
f 403/1632/616 1546/1633/616 1160/1631/616
f 1152/1634/616 1161/1635/616 1546/1633/616
f 1546/1633/616 394/1636/616 1140/1615/616
f 402/1637/616 1162/1638/616 1161/1639/616
f 1162/1638/616 399/1580/616 400/1579/616
f 1144/1595/1261 1547/1599/1265 1205/1600/1266
f 1547/1599/1265 401/1213/923 1197/1233/943
f 1205/1600/1266 1197/1233/943 299/1231/941
f 1164/1640/616 1141/1623/616 396/1621/616
f 404/1641/616 1548/1642/616 1164/1640/616
f 1153/1643/616 1160/1631/616 1548/1642/616
f 1548/1642/616 395/1613/616 1141/1623/616
f 409/1644/616 1173/1645/616 1172/1646/616
f 1161/1639/616 400/1579/616 394/1618/616
f 1159/1630/616 1142/1604/616 397/1602/616
f 405/1647/616 1550/1648/616 1159/1630/616
f 1154/1649/616 1164/1640/616 1550/1648/616
f 1550/1648/616 396/1621/616 1142/1604/616
f 1552/1650/1268 414/1651/616 1169/1652/1269
f 1163/1624/616 1144/1595/1261 399/1580/616
f 1170/1653/616 1153/1643/616 404/1641/616
f 411/1654/616 1551/1655/616 1170/1653/616
f 1166/1656/616 1171/1657/616 1551/1655/616
f 1551/1655/616 403/1632/616 1153/1643/616
f 1175/1658/616 415/1659/616 414/1651/616
f 1172/1646/616 408/1625/616 402/1637/616
f 1556/1660/1270 1157/1607/1267 1552/1650/1268
f 1206/1661/1271 1552/1650/1268 1169/1652/1269
f 1174/1662/616 1154/1649/616 405/1647/616
f 412/1663/616 1553/1664/616 1174/1662/616
f 1167/1665/616 1170/1653/616 1553/1664/616
f 1553/1664/616 404/1641/616 1154/1649/616
f 1561/1666/641 422/1667/616 1182/1668/1272
f 1175/1658/616 1157/1607/1267 407/1606/616
f 1176/1669/616 1155/1629/616 406/1627/616
f 413/1670/616 1554/1671/616 1176/1669/616
f 1168/1672/616 1174/1662/616 1554/1671/616
f 1554/1671/616 405/1647/616 1155/1629/616
f 1171/1657/616 1152/1634/616 403/1632/616
f 410/1673/616 1555/1674/616 1171/1657/616
f 1165/1675/616 1172/1676/616 1555/1674/616
f 1555/1674/616 402/1677/616 1152/1634/616
f 1183/1678/616 423/1679/616 422/1667/616
f 1173/1645/616 407/1606/616 408/1625/616
f 1556/1660/1270 298/1193/905 1200/1215/925
f 1156/1598/1264 1200/1215/925 401/1213/923
f 1563/1680/1273 216/1681/616 801/1682/647
f 1183/1678/616 1169/1652/1269 414/1651/616
f 1561/1666/641 1181/1683/1274 1559/1684/1275
f 1184/1685/616 1168/1672/616 413/1670/616
f 421/1686/616 1557/1687/616 1184/1685/616
f 1180/1688/616 1185/1689/616 1557/1687/616
f 1557/1687/616 412/1663/616 1168/1672/616
f 1186/1690/616 1165/1675/616 410/1673/616
f 418/1691/616 1558/1692/616 1186/1690/616
f 1177/1693/616 1187/1694/616 1558/1692/616
f 1558/1692/616 409/1695/616 1165/1675/616
f 417/1696/616 1188/1697/616 1187/1698/616
f 1188/1697/616 414/1651/616 415/1659/616
f 1169/1652/1269 1559/1684/1275 1206/1661/1271
f 1559/1684/1275 416/1235/945 1199/1195/907
f 1206/1661/1271 1199/1195/907 298/1193/905
f 1189/1699/616 1166/1656/616 411/1654/616
f 419/1700/616 1560/1701/616 1189/1699/616
f 1178/1702/616 1186/1690/616 1560/1701/616
f 1560/1701/616 410/1673/616 1166/1656/616
f 211/1703/616 1191/1704/616 1190/1705/616
f 1187/1698/616 415/1659/616 409/1644/616
f 1185/1689/616 1167/1665/616 412/1663/616
f 420/1706/616 1562/1707/616 1185/1689/616
f 1179/1708/616 1189/1699/616 1562/1707/616
f 1562/1707/616 411/1654/616 1167/1665/616
f 1194/1709/616 217/1710/616 216/1681/616
f 1190/1705/616 423/1679/616 417/1696/616
f 1567/1711/1276 1182/1668/1272 1563/1680/1273
f 138/394/321 681/302/230 157/631/264
f 819/1712/646 1563/1680/1273 801/1682/647
f 1192/1713/616 1179/1708/616 420/1706/616
f 214/1714/616 1564/1715/616 1192/1713/616
f 799/1716/616 1193/1717/616 1564/1715/616
f 1564/1715/616 419/1700/616 1179/1708/616
f 78/1718/1277 1671/1719/1278 555/1720/1279
f 1194/1709/616 1182/1668/1272 422/1667/616
f 1195/1721/616 1180/1688/616 421/1686/616
f 215/1722/616 1565/1723/616 1195/1721/616
f 800/1724/616 1192/1713/616 1565/1723/616
f 1565/1723/616 420/1706/616 1180/1688/616
f 1196/1725/616 1177/1693/616 418/1691/616
f 212/1726/616 1566/1727/616 1196/1725/616
f 797/1728/616 1190/1729/616 1566/1727/616
f 1566/1727/616 417/1730/616 1177/1693/616
f 547/1731/1280 1671/1719/1278 1664/1732/1281
f 1191/1704/616 422/1667/616 423/1679/616
f 1567/1711/1276 82/1733/656 1198/1237/947
f 1181/1683/1274 1198/1237/947 416/1235/945
f 1193/1717/616 1178/1702/616 419/1700/616
f 213/1734/616 1568/1735/616 1193/1717/616
f 798/1736/616 1196/1725/616 1568/1735/616
f 1568/1735/616 418/1691/616 1178/1702/616
f 3/1737/1282 1641/1738/1283 424/1739/1284
f 424/1739/1284 1570/1740/1285 2/1741/1286
f 425/1742/1287 1572/1743/1288 1642/1744/1289
f 3/1737/1282 1642/1744/1289 1571/1745/1290
f 5/1746/1291 1643/1747/1292 426/1748/1293
f 426/1749/1293 1572/1743/1288 4/1750/1294
f 427/1751/1295 1574/1752/1296 1644/1753/1297
f 427/1751/1295 1573/1754/1298 5/1746/1291
f 7/1755/1299 1645/1756/1300 428/1757/1301
f 6/1758/1302 1645/1756/1300 1574/1752/1296
f 8/1759/1303 1646/1760/1304 429/1761/1305
f 429/1762/1305 1575/1763/1306 7/1755/1299
f 9/1764/1307 1647/1765/1308 430/1766/1309
f 430/1766/1309 1576/1767/1310 8/1759/1303
f 431/1768/1311 1578/1769/1312 1648/1770/1313
f 15/1771/1314 1648/1770/1313 1583/1772/1315
f 11/1773/1316 1649/1774/1317 432/1775/1318
f 10/1776/1319 1649/1774/1317 1578/1769/1312
f 433/1777/1320 1580/1778/1321 1650/1779/1322
f 433/1777/1320 1579/1780/1323 11/1781/1316
f 434/1782/1324 1570/1740/1285 1651/1783/1325
f 1/1784/1326 1651/1785/1325 1569/1786/1327
f 435/1787/1328 1604/1788/1329 1652/1789/1330
f 14/1790/1331 1652/1791/1330 1582/1792/1332
f 437/1793/1333 1582/1792/1332 1653/1794/1334
f 12/1795/1335 1653/1794/1334 1580/1778/1321
f 438/1796/1336 1583/1772/1315 1654/1797/1337
f 9/1764/1307 1654/1797/1337 1577/1798/1307
f 16/1799/1338 1655/1800/1339 440/1801/1340
f 440/1801/1340 1585/1802/1341 17/1803/1341
f 441/1804/1342 1585/1802/1341 1656/1805/1343
f 19/1806/1344 1656/1805/1343 1587/1807/1344
f 19/1808/1344 1657/1809/1345 442/1810/1346
f 442/1810/1346 1586/1811/1347 18/1812/1348
f 18/1812/1348 1658/1813/1349 444/1814/1350
f 444/1814/1350 1588/1815/1351 20/1816/1352
f 20/1816/1352 1659/1817/1353 445/1818/1354
f 445/1818/1354 1589/1819/1355 21/1820/1356
f 21/1820/1356 1660/1821/1357 446/1822/1358
f 446/1822/1358 1601/1823/1359 81/1824/1360
f 1/1784/1326 1661/1825/1361 447/1826/1362
f 16/1799/1338 1661/1825/1361 1584/1827/1363
f 75/1828/1364 1662/1829/1365 545/1830/1366
f 545/1830/1366 1593/1831/1367 72/1832/1367
f 546/1833/1368 1594/1834/1369 1663/1835/1370
f 69/1836/1371 1663/1835/1370 1590/1837/1371
f 76/1838/1372 1664/1732/1281 1597/1839/1373
f 548/1840/1374 1595/1841/1375 1665/1842/1376
f 73/1843/1377 1665/1842/1376 1594/1834/1369
f 549/1844/1378 1593/1831/1367 1666/1845/1379
f 74/1846/1380 1666/1845/1379 1595/1841/1375
f 550/1847/1381 1598/1848/1382 1667/1849/1381
f 550/1850/1381 1596/1851/1383 75/1828/1364
f 551/1852/1384 1597/1839/1373 1668/1853/1385
f 551/1852/1384 1592/1854/1386 71/1855/1387
f 71/1855/1387 1669/1856/1388 552/1857/1389
f 552/1857/1389 1598/1848/1382 77/1858/1390
f 294/1859/1391 1706/1860/1392 1635/1861/1393
f 943/1862/1394 1706/1860/1392 951/1863/1392
f 81/1824/1360 1670/1864/1395 553/1865/1396
f 553/1865/1396 1600/1866/1397 80/1867/1398
f 70/1868/1399 1600/1869/1397 1591/1870/1400
f 294/1859/1391 1627/1871/1401 286/1872/1402
f 120/1873/1403 1672/1874/1404 632/1875/1405
f 632/1875/1405 1581/1876/1406 13/1877/1407
f 645/1878/1408 1581/1876/1406 1673/1879/1409
f 129/1880/1410 1673/1879/1409 1604/1788/1329
f 163/1881/1411 1674/1882/1412 651/1883/1413
f 651/1883/1413 1602/1884/1414 120/1873/1403
f 127/1885/1415 1675/1886/1416 685/1887/1417
f 685/1887/1417 1605/1888/1418 163/1881/1411
f 220/1889/1419 1676/1890/1420 1608/1891/1421
f 820/1892/1422 1607/1893/1423 1676/1890/1420
f 821/1894/1424 1609/1895/1425 221/1896/1426
f 220/1889/1419 1677/1897/1427 821/1894/1424
f 222/1898/1428 1678/1899/1429 1610/1900/1430
f 822/1901/1431 1609/1895/1425 1678/1899/1429
f 823/1902/1432 1611/1903/1433 223/1904/1434
f 823/1902/1432 1610/1905/1430 1679/1906/1435
f 224/1907/1436 1680/1908/1437 1612/1909/1438
f 223/1904/1434 1680/1908/1437 824/1910/1439
f 225/1911/1440 1681/1912/1441 1613/1913/1442
f 825/1914/1443 1612/1909/1438 1681/1912/1441
f 226/1915/1444 1682/1916/1445 1614/1917/1446
f 826/1918/1447 1613/1913/1442 1682/1919/1445
f 827/1920/1448 1615/1921/1449 227/1922/1450
f 232/1923/1451 1683/1924/1452 827/1920/1448
f 228/1925/1453 1684/1926/1454 1616/1927/1455
f 227/1922/1450 1684/1926/1454 828/1928/1456
f 829/1929/1457 1617/1930/1458 229/1931/1459
f 829/1929/1457 1616/1927/1455 1685/1932/1460
f 830/1933/1461 1607/1934/1423 219/1935/1423
f 218/1936/1462 1686/1937/1461 830/1933/1461
f 831/1938/1463 1639/1939/1464 343/1940/1465
f 231/1941/1466 1687/1942/1467 831/1938/1463
f 833/1943/1468 1619/1944/1469 231/1941/1466
f 229/1945/1459 1688/1946/1470 833/1943/1468
f 834/1947/1471 1620/1948/1472 232/1923/1451
f 226/1915/1444 1689/1949/1473 834/1947/1471
f 233/1950/1474 1690/1951/1475 1621/1952/1474
f 836/1953/1476 1622/1954/1477 1690/1955/1475
f 837/1956/1478 1622/1954/1477 234/1957/1477
f 236/1958/1479 1691/1959/1480 837/1956/1478
f 236/1958/1479 1692/1960/1481 1624/1961/1482
f 838/1962/1483 1623/1963/1484 1692/1960/1481
f 235/1964/1485 1693/1965/1486 1623/1963/1484
f 840/1966/1487 1625/1967/1488 1693/1965/1486
f 237/1968/1489 1694/1969/1490 1625/1967/1488
f 841/1970/1491 1626/1971/1492 1694/1969/1490
f 238/1972/1493 1695/1973/1494 1626/1971/1492
f 842/1974/1495 1637/1975/1496 1695/1973/1494
f 218/1936/1462 1696/1976/1497 1606/1977/1498
f 233/1950/1474 1696/1976/1497 843/1978/1499
f 291/1979/1500 1697/1980/1501 1632/1981/1502
f 941/1982/1501 1629/1983/1503 1697/1984/1501
f 942/1985/1504 1630/1986/1505 289/1987/1506
f 69/1988/1371 1698/1989/1507 942/1985/1504
f 292/1990/1508 1699/1991/1509 943/1862/1394
f 944/1992/1510 1631/1993/1511 290/1994/1512
f 289/1987/1506 1700/1995/1513 944/1992/1510
f 945/1996/1514 1629/1983/1503 288/1997/1515
f 290/1994/1512 1701/1998/1516 945/1996/1514
f 946/1999/1517 1634/2000/1518 293/2001/1518
f 946/1999/1517 1632/1981/1502 1702/2002/1517
f 947/2003/1519 1633/2004/1520 292/1990/1508
f 947/2003/1519 1628/2005/1521 1703/2006/1522
f 287/2007/1523 1704/2008/1524 1628/2009/1521
f 948/2010/1525 1634/2000/1518 1704/2008/1524
f 78/1718/1277 1591/1870/1400 1599/2011/1526
f 297/2012/1527 1705/2013/1528 1637/1975/1496
f 949/2014/1529 1636/2015/1530 1705/2013/1528
f 286/1872/1402 1636/2016/1530 296/2017/1531
f 692/614/532 690/316/244 159/628/544
f 334/2018/1532 1707/2019/1533 1638/2020/1534
f 1026/2021/1535 1618/2022/1536 1707/2019/1533
f 1039/2023/1537 1618/2022/1536 230/2024/1538
f 343/1940/1465 1708/2025/1539 1039/2023/1537
f 376/2026/1540 1709/2027/1541 1640/2028/1542
f 1045/2029/1541 1638/2020/1534 1709/2027/1541
f 1078/2030/1543 1640/2028/1542 1710/2031/1543
f 1722/2032/616 1740/2033/616 1711/2034/616
f 1721/2035/1544 1733/2036/1545 1734/2037/1545
f 1733/2036/1545 1738/2038/1546 1726/2039/1547
f 1730/2040/616 1712/2041/1548 1716/2042/616
f 1731/2043/616 1735/2044/1548 1729/2045/616
f 1713/2046/1545 1724/2047/616 1722/2032/616
f 1740/2033/616 1729/2045/616 1730/2040/616
f 1768/2048/1549 1731/2043/616 1718/2049/1550
f 1718/2049/1550 1715/2050/616 1766/2051/1550
f 1739/2052/616 1731/2043/616 1729/2045/616
f 1773/2053/1551 1719/2054/1552 1768/2048/1549
f 1724/2047/616 1739/2052/616 1740/2033/616
f 1716/2042/616 1740/2033/616 1730/2040/616
f 1734/2037/1545 1723/2055/616 1724/2047/616
f 1733/2036/1545 1737/2056/616 1723/2055/616
f 1725/2057/1544 1734/2037/1545 1713/2046/1545
f 1727/2058/1553 1735/2044/1548 1728/2059/1554
f 1739/2052/616 1737/2056/616 1715/2050/616
f 1717/2060/1553 1736/2061/1548 1727/2058/1553
f 1714/2062/1555 1737/2056/616 1726/2039/1547
f 1766/2051/1550 1737/2056/616 1777/2063/1550
f 1729/2045/616 1736/2061/1548 1730/2040/616
f 1780/2064/1556 1726/2039/1547 1738/2038/1546
f 1735/2044/1548 1732/2065/1557 1728/2059/1554
f 1750/2066/1558 1743/2067/616 1751/2068/616
f 1741/2069/1559 1749/2070/1560 1742/2071/1561
f 1744/2072/1562 1772/2073/1563 1745/2074/1564
f 1743/2067/616 1753/2075/1558 1754/2076/616
f 1751/2068/616 1745/2074/1564 1750/2066/1558
f 1754/2076/616 1748/2077/1565 1747/2078/1566
f 1755/2079/1567 1747/2078/1566 1748/2077/1565
f 1776/2080/1568 1752/2081/1569 1755/2079/1567
f 1744/2082/1570 1761/2083/1571 1749/2084/1572
f 1749/2084/1572 1756/2085/1573 1742/2086/1574
f 1743/2087/1570 1762/2088/1570 1751/2089/1570
f 1751/2089/1570 1758/2090/1570 1744/2082/1570
f 1747/2091/1575 1763/2092/1576 1760/2093/1575
f 1752/2094/1576 1759/2095/1577 1763/2092/1576
f 1754/2096/1575 1757/2097/1570 1743/2087/1570
f 1754/2096/1575 1760/2093/1575 1764/2098/1575
f 1786/2099/1578 2856/2100/1579 2855/2101/1580
f 2862/2102/1581 1772/2103/1563 2857/2104/1582
f 1774/2105/1583 1718/2106/1550 1787/2107/1584
f 1787/2107/1584 1766/2108/1550 1771/2109/1584
f 2854/2110/1585 1750/2111/1558 2860/2112/1585
f 2860/2112/1585 1745/2113/1564 2862/2102/1581
f 2871/2114/1585 1782/2115/1585 2870/2116/1585
f 2869/2117/1581 1790/2118/1586 2865/2119/1587
f 1787/2107/1584 1798/2120/1588 1774/2105/1583
f 2858/2121/1589 1772/2103/1563 1741/2122/1559
f 1770/2123/1590 1773/2124/1551 1792/2125/1591
f 1792/2125/1591 1768/2126/1549 1774/2105/1583
f 1800/2127/1592 1778/2128/1593 1788/2129/1594
f 2861/2130/1595 1755/2131/1567 1748/2132/1565
f 1785/2133/1585 2871/2114/1585 2863/2134/1585
f 2866/2135/1596 1790/2118/1586 1791/2136/1597
f 1796/2137/1598 1795/2138/1584 1784/2139/1599
f 1795/2138/1584 1766/2108/1550 1777/2140/1550
f 1784/2139/1599 1777/2140/1550 1714/2141/1555
f 1748/2132/1565 2859/2142/1585 2861/2130/1595
f 1794/2143/1595 2863/2134/1585 2867/2144/1595
f 1771/2109/1584 1781/2145/1585 1787/2107/1584
f 2867/2144/1595 1786/2099/1578 1794/2143/1595
f 1784/2139/1599 1788/2129/1594 1796/2137/1598
f 1783/2146/1585 1771/2109/1584 1795/2138/1584
f 1753/2147/1558 2854/2110/1585 2859/2142/1585
f 2855/2101/1580 1776/2148/1568 1755/2131/1567
f 1774/2105/1583 1789/2149/1600 1792/2125/1591
f 1792/2125/1591 1793/2150/1601 1770/2123/1590
f 2870/2116/1585 1797/2151/1581 2869/2117/1581
f 1800/2127/1592 1714/2141/1555 1780/2152/1556
f 1775/2153/1602 1780/2152/1556 1769/2154/1603
f 2227/2155/1604 2184/2156/1605 1879/2157/1606
f 1878/2158/1607 2500/2159/1608 2227/2155/1604
f 2093/2160/1609 2080/2161/1610 2500/2159/1608
f 2500/2159/1608 1843/2162/1611 2184/2156/1605
f 1881/2163/1612 2501/2164/1613 2186/2165/1614
f 2226/2166/1615 2095/2167/1616 2501/2164/1613
f 2501/2164/1613 1833/2168/1617 2076/2169/1618
f 2186/2165/1614 2076/2169/1618 1830/2170/1619
f 2225/2171/1620 2188/2172/1621 1883/2173/1622
f 1882/2174/1623 2502/2175/1624 2225/2171/1620
f 2502/2175/1624 1837/2176/1625 2088/2177/1626
f 2188/2172/1621 2088/2177/1626 1838/2178/1627
f 1885/2179/1628 2503/2180/1629 2190/2181/1630
f 2224/2182/1631 2099/2183/1632 2503/2180/1629
f 2099/2183/1632 2081/2184/1633 2503/2180/1629
f 2503/2180/1629 1835/2185/1634 2190/2181/1630
f 2223/2186/1635 2107/2187/1636 1890/2188/1637
f 1883/2173/1622 2504/2189/1638 2223/2186/1635
f 2504/2189/1638 1838/2178/1627 2089/2190/1639
f 2107/2187/1636 2089/2190/1639 1840/2191/1640
f 1887/2192/1641 2505/2193/1642 2192/2194/1643
f 2222/2195/1644 2102/2196/1645 2505/2193/1642
f 2505/2193/1642 1832/2197/1646 2077/2198/1647
f 2192/2194/1643 2077/2198/1647 1831/2199/1648
f 1880/2200/1649 2506/2201/1650 2095/2167/1616
f 2221/2202/1651 2115/2203/1652 2506/2201/1650
f 2506/2201/1650 1829/2204/1653 2079/2205/1654
f 2095/2167/1616 2079/2205/1654 1833/2168/1617
f 1884/2206/1655 2507/2207/1656 2099/2183/1632
f 2220/2208/1657 2105/2209/1658 2507/2207/1656
f 2105/2209/1658 2082/2210/1659 2507/2207/1656
f 2507/2207/1656 1836/2211/1660 2099/2183/1632
f 2219/2212/1661 2194/2213/1662 1889/2214/1663
f 1879/2157/1606 2508/2215/1664 2219/2212/1661
f 2184/2156/1605 2090/2216/1665 2508/2215/1664
f 2194/2213/1662 2090/2216/1665 1842/2217/1666
f 2218/2218/1667 2196/2219/1668 1891/2220/1669
f 1890/2188/1637 2509/2221/1670 2218/2218/1667
f 2509/2221/1670 1840/2191/1640 2083/2222/1671
f 2196/2219/1668 2083/2222/1671 1841/2223/1672
f 1894/2224/1673 2510/2225/1674 2217/2226/1675
f 2111/2227/1676 2091/2228/1677 2510/2225/1674
f 2510/2225/1674 1845/2229/1678 2093/2160/1609
f 2217/2226/1675 2093/2160/1609 1878/2158/1607
f 1842/2230/1666 2511/2231/1679 2063/2232/1680
f 2090/2233/1665 2086/2234/1681 2511/2231/1679
f 2511/2231/1679 1867/2235/1682 2166/2236/1683
f 2063/2232/1680 2166/2236/1683 1868/2237/1684
f 1888/2238/1685 2512/2239/1686 2105/2209/1658
f 2216/2240/1687 2110/2241/1688 2512/2239/1686
f 2512/2239/1686 1839/2242/1689 2084/2243/1690
f 2105/2209/1658 2084/2243/1690 1834/2244/1691
f 1886/2245/1692 2513/2246/1693 2102/2196/1645
f 2215/2247/1694 2186/2165/1614 2513/2246/1693
f 2513/2246/1693 1830/2170/1619 2078/2248/1695
f 2102/2196/1645 2078/2248/1695 1832/2197/1646
f 1895/2249/1696 2514/2250/1697 2200/2251/1698
f 2214/2252/1699 2197/2253/1700 2514/2250/1697
f 2197/2253/1700 2073/2254/1701 2514/2250/1697
f 2514/2250/1697 1827/2255/1702 2200/2251/1698
f 1893/2256/1703 2515/2257/1704 2110/2241/1688
f 2213/2258/1705 2196/2219/1668 2515/2257/1704
f 2515/2257/1704 1841/2223/1672 2085/2259/1706
f 2110/2241/1688 2085/2259/1706 1839/2242/1689
f 2176/2260/1707 2055/2261/1708 1844/2262/1709
f 1872/2263/1710 2516/2264/1711 2176/2260/1707
f 2175/2265/1712 2163/2266/1713 2516/2264/1711
f 2516/2264/1711 1865/2267/1714 2055/2261/1708
f 2212/2268/1715 2111/2227/1676 1894/2224/1673
f 1899/2269/1716 2517/2270/1717 2212/2268/1715
f 2168/2271/1718 2176/2272/1707 2517/2270/1717
f 2517/2270/1717 1844/2273/1709 2111/2227/1676
f 1896/2274/1719 2518/2275/1720 2201/2276/1721
f 2211/2277/1722 2200/2251/1698 2518/2275/1720
f 2200/2251/1698 2074/2278/1723 2518/2275/1720
f 2518/2275/1720 1828/2279/1724 2201/2276/1721
f 2076/2280/1618 2140/2281/1725 1830/2282/1619
f 1833/2283/1617 2519/2284/1726 2076/2280/1618
f 2133/2285/1727 2143/2286/1728 2519/2284/1726
f 2519/2284/1726 1861/2287/1729 2140/2281/1725
f 1844/2262/1709 2520/2288/1730 2091/2289/1677
f 2055/2261/1708 2164/2290/1731 2520/2288/1730
f 2164/2290/1731 2113/2291/1732 2520/2288/1730
f 2091/2289/1677 2113/2291/1732 1845/2292/1678
f 1897/2293/1733 2521/2294/1734 2115/2203/1652
f 2210/2295/1735 2201/2276/1721 2521/2294/1734
f 2201/2276/1721 2075/2296/1736 2521/2294/1734
f 2115/2203/1652 2075/2296/1736 1829/2204/1653
f 2209/2297/1737 2097/2298/1738 1882/2174/1623
f 1889/2214/1663 2522/2299/1739 2209/2297/1737
f 2522/2299/1739 1842/2217/1666 2087/2300/1740
f 2097/2298/1738 2087/2300/1740 1837/2176/1625
f 1892/2301/1741 2523/2302/1742 2197/2253/1700
f 2208/2303/1743 2190/2181/1630 2523/2302/1742
f 2190/2181/1630 2092/2304/1744 2523/2302/1742
f 2523/2302/1742 1826/2305/1745 2197/2253/1700
f 2063/2232/1680 2087/2306/1740 1842/2230/1666
f 1868/2237/1684 2524/2307/1746 2063/2232/1680
f 2165/2308/1747 2104/2309/1748 2524/2307/1746
f 2524/2307/1746 1837/2310/1625 2087/2306/1740
f 1838/2311/1627 2525/2312/1749 2072/2313/1750
f 2088/2314/1626 2104/2309/1748 2525/2312/1749
f 2525/2312/1749 1871/2315/1751 2159/2316/1752
f 2072/2313/1750 2159/2316/1752 1870/2317/1753
f 1840/2318/1640 2526/2319/1754 2046/2320/1755
f 2089/2321/1639 2072/2313/1750 2526/2319/1754
f 2526/2319/1754 1870/2317/1753 2162/2322/1756
f 2046/2320/1755 2162/2322/1756 1866/2323/1757
f 2092/2324/1744 2139/2325/1758 1826/2326/1745
f 1835/2327/1634 2527/2328/1759 2092/2324/1744
f 2101/2329/1760 2147/2330/1761 2527/2328/1759
f 2527/2328/1759 1860/2331/1762 2139/2325/1758
f 2081/2332/1633 2101/2329/1760 1835/2327/1634
f 1836/2333/1660 2528/2334/1763 2081/2332/1633
f 2142/2335/1764 2150/2336/1765 2528/2334/1763
f 2528/2334/1763 1859/2337/1766 2101/2329/1760
f 2125/2338/1767 2124/2339/1767 1853/2340/1767
f 1847/2341/1767 2529/2342/1767 2125/2338/1767
f 2118/2343/1767 2145/2344/1768 2529/2342/1767
f 2529/2342/1767 1855/2345/1769 2124/2339/1767
f 2126/2346/1767 2121/2347/1767 1850/2348/1767
f 1848/2349/1770 2530/2350/1767 2126/2346/1767
f 2119/2351/1771 2149/2352/1772 2530/2350/1767
f 2530/2350/1767 1857/2353/1773 2121/2347/1767
f 2127/2354/1774 2152/2355/1775 1846/2356/1776
f 1848/2349/1770 2531/2357/1777 2127/2354/1774
f 2531/2357/1777 1867/2235/1682 2160/2358/1778
f 2531/2357/1777 1864/2359/1779 2152/2355/1775
f 2128/2360/1767 2120/2361/1767 1849/2362/1780
f 1853/2340/1767 2532/2363/1767 2128/2360/1767
f 2124/2339/1767 2144/2364/1781 2532/2363/1767
f 2532/2363/1767 1860/2331/1762 2120/2361/1767
f 2178/2365/1782 2123/2366/1783 1852/2367/1784
f 1875/2368/1785 2533/2369/1786 2178/2365/1782
f 2177/2370/1787 2148/2371/1788 2533/2369/1786
f 2533/2369/1786 1858/2372/1789 2123/2366/1783
f 2129/2373/1790 2117/2374/1791 1846/2356/1776
f 1852/2367/1784 2534/2375/1792 2129/2373/1790
f 2123/2366/1783 2151/2376/1793 2534/2375/1792
f 2534/2375/1792 1861/2287/1729 2117/2374/1791
f 1849/2362/1780 2535/2377/1794 2154/2378/1795
f 2130/2379/1796 2122/2380/1797 2535/2377/1794
f 2535/2377/1794 1841/2381/1672 2161/2382/1798
f 2154/2378/1795 2161/2382/1798 1866/2323/1757
f 2131/2383/1767 2118/2343/1767 1847/2341/1767
f 1850/2348/1767 2536/2384/1767 2131/2383/1767
f 2121/2347/1767 2146/2385/1799 2536/2384/1767
f 2536/2384/1767 1856/2386/1800 2118/2343/1767
f 1851/2387/1801 2537/2388/1802 2122/2380/1797
f 1839/2389/1689 2537/2388/1802 2132/2390/1803
f 2122/2380/1797 2085/2391/1706 1841/2381/1672
f 2143/2286/1728 2117/2374/1791 1861/2287/1729
f 1854/2392/1804 2538/2393/1805 2143/2286/1728
f 2119/2351/1771 2127/2354/1774 2538/2393/1805
f 2538/2393/1805 1846/2356/1776 2117/2374/1791
f 2144/2364/1781 2139/2325/1758 1860/2331/1762
f 1855/2345/1769 2539/2394/1806 2144/2364/1781
f 2134/2395/1807 2073/2396/1701 2539/2394/1806
f 2539/2394/1806 1826/2326/1745 2139/2325/1758
f 2145/2344/1768 2134/2395/1807 1855/2345/1769
f 1856/2386/1800 2540/2397/1808 2145/2344/1768
f 2135/2398/1809 2074/2399/1723 2540/2397/1808
f 2540/2397/1808 1827/2400/1702 2134/2395/1807
f 2146/2385/1799 2135/2398/1809 1856/2386/1800
f 1857/2353/1773 2541/2401/1810 2146/2385/1799
f 2136/2402/1811 2075/2403/1736 2541/2401/1810
f 2541/2401/1810 1828/2404/1724 2135/2398/1809
f 2147/2330/1761 2120/2361/1767 1860/2331/1762
f 1859/2337/1766 2542/2405/1767 2147/2330/1761
f 2138/2406/1812 2130/2379/1796 2542/2405/1767
f 2542/2405/1767 1849/2362/1780 2120/2361/1767
f 2148/2371/1788 2137/2407/1813 1858/2372/1789
f 1862/2408/1814 2543/2409/1815 2148/2371/1788
f 2141/2410/1816 2077/2411/1647 2543/2409/1815
f 2543/2409/1815 1832/2412/1646 2137/2407/1813
f 2149/2352/1772 2136/2402/1811 1857/2353/1773
f 1854/2392/1804 2544/2413/1817 2149/2352/1772
f 2133/2285/1727 2079/2414/1654 2544/2413/1817
f 2544/2413/1817 1829/2415/1653 2136/2402/1811
f 2150/2336/1765 2138/2406/1812 1859/2337/1766
f 1863/2416/1818 2545/2417/1819 2150/2336/1765
f 2545/2417/1819 1839/2389/1689 2132/2390/1803
f 2545/2417/1819 1851/2387/1801 2138/2406/1812
f 2151/2376/1793 2140/2281/1725 1861/2287/1729
f 1858/2372/1789 2546/2418/1820 2151/2376/1793
f 2137/2407/1813 2078/2419/1695 2546/2418/1820
f 2546/2418/1820 1830/2282/1619 2140/2281/1725
f 1870/2317/1753 2547/2420/1767 2157/2421/1767
f 2159/2316/1752 2158/2422/1767 2547/2420/1767
f 2547/2420/1767 1847/2341/1767 2125/2338/1767
f 2157/2421/1767 2125/2338/1767 1853/2340/1767
f 1864/2359/1779 2548/2423/1821 2113/2291/1732
f 2160/2358/1778 2086/2234/1681 2548/2423/1821
f 2548/2423/1821 1843/2424/1611 2080/2425/1610
f 2113/2291/1732 2080/2425/1610 1845/2292/1678
f 1866/2323/1757 2549/2426/1822 2046/2320/1755
f 2083/2427/1671 2161/2382/1798 1841/2381/1672
f 2046/2320/1755 2083/2427/1671 1840/2318/1640
f 1866/2323/1757 2550/2428/1767 2154/2378/1795
f 2162/2322/1756 2157/2421/1767 2550/2428/1767
f 2550/2428/1767 1853/2340/1767 2128/2360/1767
f 2154/2378/1795 2128/2360/1767 1849/2362/1780
f 2163/2266/1713 2153/2429/1823 1865/2267/1714
f 1869/2430/1824 2551/2431/1825 2163/2266/1713
f 2179/2432/1826 2178/2365/1782 2551/2431/1825
f 2551/2431/1825 1852/2367/1784 2153/2429/1823
f 2164/2290/1731 2152/2355/1775 1864/2359/1779
f 1865/2267/1714 2552/2433/1827 2164/2290/1731
f 2153/2429/1823 2129/2373/1790 2552/2433/1827
f 2552/2433/1827 1846/2356/1776 2152/2355/1775
f 1871/2315/1751 2553/2434/1767 2158/2422/1767
f 2165/2308/1747 2156/2435/1767 2553/2434/1767
f 2553/2434/1767 1850/2348/1767 2131/2383/1767
f 2158/2422/1767 2131/2383/1767 1847/2341/1767
f 1868/2237/1684 2554/2436/1767 2156/2435/1767
f 2166/2236/1683 2155/2437/1767 2554/2436/1767
f 2155/2437/1767 2126/2346/1767 2554/2436/1767
f 2156/2435/1767 2126/2346/1767 1850/2348/1767
f 1834/2438/1691 2555/2439/1828 2082/2440/1659
f 2084/2441/1690 2116/2442/1829 2555/2439/1828
f 2555/2439/1828 1863/2416/1818 2142/2335/1764
f 2082/2440/1659 2142/2335/1764 1836/2333/1660
f 1898/2443/1830 2556/2444/1831 2207/2445/1832
f 2203/2446/1833 2052/2447/1834 2556/2444/1831
f 2556/2444/1831 1872/2448/1710 2168/2271/1718
f 2207/2445/1832 2168/2271/1718 1899/2269/1716
f 2169/2449/1835 2052/2450/1834 1809/2451/1836
f 2169/2449/1835 2180/2452/1837 2557/2453/1838
f 2557/2453/1838 1869/2430/1824 2175/2265/1712
f 2052/2450/1834 2175/2265/1712 1872/2263/1710
f 1873/2454/1839 2558/2455/1840 2180/2452/1837
f 2171/2456/1841 2170/2457/1842 2558/2455/1840
f 2558/2455/1840 1875/2368/1785 2179/2432/1826
f 2180/2452/1837 2179/2432/1826 1869/2430/1824
f 1874/2458/1843 2559/2459/1844 2170/2457/1842
f 2172/2460/1845 2181/2461/1846 2559/2459/1844
f 2181/2461/1846 2177/2370/1787 2559/2459/1844
f 2170/2457/1842 2177/2370/1787 1875/2368/1785
f 1876/2462/1847 2560/2463/1848 2181/2461/1846
f 2173/2464/1849 2182/2465/1850 2560/2463/1848
f 2182/2465/1850 2141/2410/1816 2560/2463/1848
f 2181/2461/1846 2141/2410/1816 1862/2408/1814
f 1900/2466/1851 2561/2467/1852 2174/2468/1853
f 2206/2469/1854 2192/2194/1643 2561/2467/1852
f 2561/2467/1852 1831/2199/1648 2182/2470/1850
f 2174/2468/1853 2182/2470/1850 1877/2471/1855
f 1923/2472/1856 2562/2473/1857 2205/2474/1858
f 2272/2475/1859 2232/2476/1860 2562/2473/1857
f 2562/2473/1857 1887/2192/1641 2206/2469/1854
f 2205/2474/1858 2206/2469/1854 1900/2466/1851
f 1911/2477/1861 2563/2478/1862 2271/2479/1863
f 2238/2480/1864 2207/2445/1832 2563/2478/1862
f 2563/2478/1862 1899/2269/1716 2204/2481/1865
f 2271/2479/1863 2204/2481/1865 1922/2482/1866
f 1908/2483/1867 2564/2484/1868 2235/2485/1869
f 2270/2486/1870 2231/2487/1871 2564/2484/1868
f 2564/2484/1868 1885/2179/1628 2208/2303/1743
f 2235/2485/1869 2208/2303/1743 1892/2301/1741
f 2269/2488/1872 2187/2489/1873 1914/2490/1874
f 1906/2491/1875 2565/2492/1876 2269/2488/1872
f 2233/2493/1877 2209/2297/1737 2565/2492/1876
f 2565/2492/1876 1882/2174/1623 2187/2489/1873
f 1921/2494/1878 2566/2495/1879 2202/2496/1880
f 2268/2497/1881 2237/2498/1882 2566/2495/1879
f 2566/2495/1879 1896/2274/1719 2210/2295/1735
f 2202/2496/1880 2210/2295/1735 1897/2293/1733
f 1910/2499/1883 2567/2500/1884 2237/2498/1882
f 2267/2501/1885 2236/2502/1886 2567/2500/1884
f 2567/2500/1884 1895/2249/1696 2211/2277/1722
f 2237/2498/1882 2211/2277/1722 1896/2274/1719
f 2266/2503/1887 2199/2504/1888 1920/2505/1889
f 1922/2482/1866 2568/2506/1890 2266/2503/1887
f 2204/2481/1865 2212/2268/1715 2568/2506/1890
f 2568/2506/1890 1894/2224/1673 2199/2504/1888
f 1919/2507/1891 2569/2508/1892 2198/2509/1893
f 1907/2510/1894 2569/2508/1892 2265/2511/1895
f 2234/2512/1896 2213/2258/1705 2569/2508/1892
f 2198/2509/1893 2213/2258/1705 1893/2256/1703
f 1909/2513/1897 2570/2514/1898 2236/2502/1886
f 2264/2515/1899 2235/2485/1869 2570/2514/1898
f 2570/2514/1898 1892/2301/1741 2214/2252/1699
f 2236/2502/1886 2214/2252/1699 1895/2249/1696
f 1916/2516/1900 2571/2517/1901 2191/2518/1902
f 2263/2519/1903 2229/2520/1904 2571/2517/1901
f 2571/2517/1901 1881/2163/1612 2215/2247/1694
f 2191/2518/1902 2215/2247/1694 1886/2245/1692
f 1917/2521/1905 2572/2522/1906 2193/2523/1907
f 2262/2524/1908 2198/2509/1893 2572/2522/1906
f 2572/2522/1906 1893/2256/1703 2216/2240/1687
f 2193/2523/1907 2216/2240/1687 1888/2238/1685
f 1920/2505/1889 2573/2525/1909 2261/2526/1910
f 2199/2504/1888 2217/2226/1675 2573/2525/1909
f 2573/2525/1909 1878/2158/1607 2183/2527/1911
f 2261/2526/1910 2183/2527/1911 1912/2528/1912
f 2260/2529/1913 2234/2512/1896 1907/2510/1894
f 1918/2530/1914 2574/2531/1915 2260/2529/1913
f 2195/2532/1916 2218/2218/1667 2574/2531/1915
f 2574/2531/1915 1891/2220/1669 2234/2512/1896
f 2259/2533/1917 2233/2493/1877 1906/2491/1875
f 1901/2534/1918 2575/2535/1919 2259/2533/1917
f 2228/2536/1920 2219/2212/1661 2575/2535/1919
f 2575/2535/1919 1889/2214/1663 2233/2493/1877
f 1915/2537/1921 2576/2538/1922 2189/2539/1923
f 2258/2540/1924 2193/2523/1907 2576/2538/1922
f 2576/2538/1922 1888/2238/1685 2220/2208/1657
f 2189/2539/1923 2220/2208/1657 1884/2206/1655
f 1913/2541/1925 2577/2542/1926 2185/2543/1927
f 2257/2544/1928 2202/2496/1880 2577/2542/1926
f 2577/2542/1926 1897/2293/1733 2221/2202/1651
f 2185/2543/1927 2221/2202/1651 1880/2200/1649
f 1905/2545/1929 2578/2546/1930 2232/2476/1860
f 2256/2547/1931 2191/2518/1902 2578/2546/1930
f 2578/2546/1930 1886/2245/1692 2222/2195/1644
f 2232/2476/1860 2222/2195/1644 1887/2192/1641
f 2255/2548/1932 2195/2532/1916 1918/2530/1914
f 1903/2549/1933 2579/2550/1934 2255/2548/1932
f 2230/2551/1935 2223/2186/1635 2579/2550/1934
f 2579/2550/1934 1890/2188/1637 2195/2532/1916
f 1904/2552/1936 2580/2553/1937 2231/2487/1871
f 2254/2554/1938 2189/2539/1923 2580/2553/1937
f 2580/2553/1937 1884/2206/1655 2224/2182/1631
f 2231/2487/1871 2224/2182/1631 1885/2179/1628
f 2253/2555/1939 2230/2551/1935 1903/2549/1933
f 1914/2490/1874 2581/2556/1940 2253/2555/1939
f 2187/2489/1873 2225/2171/1620 2581/2556/1940
f 2581/2556/1940 1883/2173/1622 2230/2551/1935
f 1902/2557/1904 2582/2558/1941 2229/2520/1904
f 2252/2559/1942 2185/2543/1927 2582/2558/1941
f 2582/2558/1941 1880/2200/1649 2226/2166/1615
f 2229/2520/1904 2226/2166/1615 1881/2163/1612
f 2251/2560/1943 2228/2536/1920 1901/2534/1918
f 1912/2528/1912 2583/2561/1944 2251/2560/1943
f 2183/2527/1911 2227/2155/1604 2583/2561/1944
f 2583/2561/1944 1879/2157/1606 2228/2536/1920
f 2057/2562/1945 2094/2563/1946 1821/2564/1947
f 1824/2565/1948 2584/2566/1949 2057/2562/1945
f 2239/2567/1950 2251/2560/1943 2584/2566/1949
f 2584/2566/1949 1901/2534/1918 2094/2563/1946
f 1806/2568/1951 2585/2569/1942 2096/2570/1952
f 2050/2571/1953 2240/2572/1954 2585/2569/1942
f 2585/2569/1942 1913/2541/1925 2252/2559/1942
f 2096/2570/1952 2252/2559/1942 1902/2557/1904
f 2065/2573/1955 2098/2574/1956 1816/2575/1957
f 1815/2576/1958 2586/2577/1959 2065/2573/1955
f 2241/2578/1960 2253/2555/1939 2586/2577/1959
f 2586/2577/1959 1903/2549/1933 2098/2574/1956
f 1813/2579/1961 2587/2580/1962 2100/2581/1963
f 2058/2582/1964 2242/2583/1965 2587/2580/1962
f 2587/2580/1962 1915/2537/1921 2254/2554/1938
f 2100/2581/1963 2254/2554/1938 1904/2552/1936
f 2066/2584/1966 2245/2585/1967 1818/2586/1968
f 1816/2575/1957 2588/2587/1969 2066/2584/1966
f 2098/2574/1956 2255/2548/1932 2588/2587/1969
f 2588/2587/1969 1918/2530/1914 2245/2585/1967
f 1807/2588/1970 2589/2589/1971 2103/2590/1972
f 2051/2591/1973 2243/2592/1974 2589/2589/1971
f 2589/2589/1971 1916/2516/1900 2256/2547/1931
f 2103/2590/1972 2256/2547/1931 1905/2545/1929
f 1811/2593/1975 2590/2594/1976 2240/2572/1954
f 2056/2595/1977 2248/2596/1978 2590/2594/1976
f 2590/2594/1976 1921/2494/1878 2257/2544/1928
f 2240/2572/1954 2257/2544/1928 1913/2541/1925
f 1814/2597/1979 2591/2598/1980 2242/2583/1965
f 2059/2599/1981 2244/2600/1982 2591/2598/1980
f 2591/2598/1980 1917/2521/1905 2258/2540/1924
f 2242/2583/1965 2258/2540/1924 1915/2537/1921
f 2067/2601/1983 2106/2602/1984 1820/2603/1985
f 1821/2564/1947 2592/2604/1986 2067/2601/1983
f 2094/2563/1946 2259/2533/1917 2592/2604/1986
f 2592/2604/1986 1906/2491/1875 2106/2602/1984
f 2060/2605/1987 2108/2606/1988 1819/2607/1989
f 1818/2586/1968 2593/2608/1990 2060/2605/1987
f 2245/2585/1967 2260/2529/1913 2593/2608/1990
f 2593/2608/1990 1907/2510/1894 2108/2606/1988
f 1823/2609/1991 2594/2610/1992 2069/2611/1993
f 2247/2612/1994 2261/2526/1910 2594/2610/1992
f 2594/2610/1992 1912/2528/1912 2239/2567/1950
f 2069/2611/1993 2239/2567/1950 1824/2565/1948
f 1812/2613/1995 2595/2614/1996 2244/2600/1982
f 2061/2615/1997 2246/2616/1998 2595/2614/1996
f 2595/2614/1996 1919/2507/1891 2262/2524/1908
f 2244/2600/1982 2262/2524/1908 1917/2521/1905
f 1810/2617/1999 2596/2618/2000 2243/2592/1974
f 2054/2619/2001 2096/2570/1952 2596/2618/2000
f 2596/2618/2000 1902/2557/1904 2263/2519/1903
f 2243/2592/1974 2263/2519/1903 1916/2516/1900
f 1803/2620/2002 2597/2621/2003 2112/2622/2004
f 2047/2623/2005 2109/2624/2006 2597/2621/2003
f 2597/2621/2003 1908/2483/1867 2264/2515/1899
f 2112/2622/2004 2264/2515/1899 1909/2513/1897
f 1817/2625/2007 2598/2626/2008 2246/2616/1998
f 1819/2607/1989 2598/2626/2008 2062/2627/2009
f 2108/2606/1988 2265/2511/1895 2598/2626/2008
f 2246/2616/1998 2265/2511/1895 1919/2507/1891
f 2068/2628/2010 2247/2612/1994 1823/2609/1991
f 1825/2629/2011 2599/2630/2012 2068/2628/2010
f 2249/2631/2013 2266/2503/1887 2599/2630/2012
f 2599/2630/2012 1920/2505/1889 2247/2612/1994
f 1804/2632/2014 2600/2633/2015 2114/2634/2016
f 2048/2635/2017 2112/2622/2004 2600/2633/2015
f 2600/2633/2015 1909/2513/1897 2267/2501/1885
f 2114/2634/2016 2267/2501/1885 1910/2499/1883
f 1805/2636/2018 2601/2637/2019 2248/2596/1978
f 2049/2638/2020 2114/2634/2016 2601/2637/2019
f 2601/2637/2019 1910/2499/1883 2268/2497/1881
f 2248/2596/1978 2268/2497/1881 1921/2494/1878
f 2064/2639/2021 2241/2578/1960 1815/2576/1958
f 1820/2603/1985 2602/2640/2022 2064/2639/2021
f 2106/2602/1984 2269/2488/1872 2602/2640/2022
f 2602/2640/2022 1914/2490/1874 2241/2578/1960
f 1802/2641/2023 2603/2642/2024 2109/2624/2006
f 2071/2643/2025 2100/2581/1963 2603/2642/2024
f 2603/2642/2024 1904/2552/1936 2270/2486/1870
f 2109/2624/2006 2270/2486/1870 1908/2483/1867
f 1822/2644/2026 2604/2645/2027 2070/2646/2028
f 2167/2647/2029 2271/2479/1863 2604/2645/2027
f 2604/2645/2027 1922/2482/1866 2249/2631/2013
f 2070/2646/2028 2249/2631/2013 1825/2629/2011
f 1808/2648/2030 2605/2649/2031 2250/2650/2032
f 2053/2651/2033 2103/2590/1972 2605/2649/2031
f 2605/2649/2031 1905/2545/1929 2272/2475/1859
f 2250/2650/2032 2272/2475/1859 1923/2472/1856
f 2171/2652/1841 2712/2653/2034 2715/2654/2035
f 2411/2655/2036 2454/2656/2037 2001/2657/2038
f 1965/2658/2039 2606/2659/2040 2411/2655/2036
f 2307/2660/2041 2320/2661/2042 2606/2659/2040
f 2606/2659/2040 2000/2662/2043 2454/2656/2037
f 2003/2663/2044 2607/2664/2045 2453/2665/2046
f 2413/2666/2047 2303/2667/2048 2607/2664/2045
f 2607/2664/2045 1955/2668/2049 2322/2669/2050
f 2453/2665/2046 2322/2669/2050 2002/2670/2051
f 2415/2671/2052 2452/2672/2053 2005/2673/2054
f 2415/2671/2052 2315/2674/2055 2608/2675/2056
f 2608/2675/2056 1959/2676/2057 2324/2677/2058
f 2608/2675/2056 2004/2678/2059 2452/2672/2053
f 2007/2679/2060 2609/2680/2061 2451/2681/2062
f 1957/2682/2063 2609/2680/2061 2417/2683/2064
f 2308/2684/2065 2326/2685/2066 2609/2680/2061
f 2451/2681/2062 2326/2685/2066 2006/2686/2067
f 2334/2687/2068 2450/2688/2069 2012/2689/2070
f 2334/2687/2068 2316/2690/2071 2610/2691/2072
f 2610/2691/2072 1960/2692/2073 2415/2671/2052
f 2610/2691/2072 2005/2673/2054 2450/2688/2069
f 2009/2693/2074 2611/2694/2075 2449/2695/2076
f 2419/2696/2077 2304/2697/2078 2611/2694/2075
f 2611/2694/2075 1954/2698/2079 2329/2699/2080
f 2449/2695/2076 2329/2699/2080 2008/2700/2081
f 2002/2670/2051 2612/2701/2082 2448/2702/2083
f 2322/2669/2050 2306/2703/2084 2612/2701/2082
f 2612/2701/2082 1951/2704/2085 2342/2705/2086
f 2448/2702/2083 2342/2705/2086 2019/2706/2087
f 2006/2686/2067 2613/2707/2088 2447/2708/2089
f 1958/2709/2090 2613/2707/2088 2326/2685/2066
f 2309/2710/2091 2332/2711/2092 2613/2707/2088
f 2447/2708/2089 2332/2711/2092 2010/2712/2093
f 2421/2713/2094 2446/2714/2095 2011/2715/2096
f 2421/2713/2094 2317/2716/2097 2614/2717/2098
f 2317/2716/2097 2411/2655/2036 2614/2717/2098
f 2614/2717/2098 2001/2657/2038 2446/2714/2095
f 2423/2718/2099 2445/2719/2100 2013/2720/2101
f 2423/2718/2099 2310/2721/2102 2615/2722/2103
f 2615/2722/2103 1962/2723/2104 2334/2687/2068
f 2615/2722/2103 2012/2689/2070 2445/2719/2100
f 2016/2724/2105 2616/2725/2106 2338/2726/2107
f 2444/2727/2108 2320/2661/2042 2616/2725/2106
f 2616/2725/2106 1967/2728/2109 2318/2729/2110
f 2338/2726/2107 2318/2729/2110 1966/2730/2111
f 1964/2731/2112 2617/2732/2113 2317/2733/2097
f 2290/2734/2114 2393/2735/2115 2617/2732/2113
f 2617/2732/2113 1989/2736/2116 2313/2737/2117
f 2317/2733/2097 2313/2737/2117 1965/2738/2039
f 2010/2712/2093 2618/2739/2118 2443/2740/2119
f 2332/2711/2092 2311/2741/2120 2618/2739/2118
f 2618/2739/2118 1961/2742/2121 2337/2743/2122
f 2443/2740/2119 2337/2743/2122 2015/2744/2123
f 2008/2700/2081 2619/2745/2124 2442/2746/2125
f 2329/2699/2080 2305/2747/2126 2619/2745/2124
f 2619/2745/2124 1952/2748/2127 2413/2666/2047
f 2442/2746/2125 2413/2666/2047 2003/2663/2044
f 2017/2749/2128 2620/2750/2129 2441/2751/2130
f 1949/2752/2131 2620/2750/2129 2427/2753/2132
f 2300/2754/2133 2424/2755/2134 2620/2750/2129
f 2441/2751/2130 2424/2755/2134 2014/2756/2135
f 2015/2744/2123 2621/2757/2136 2440/2758/2137
f 2337/2743/2122 2312/2759/2138 2621/2757/2136
f 2621/2757/2136 1963/2760/2139 2423/2718/2099
f 2440/2758/2137 2423/2718/2099 2013/2720/2101
f 2282/2761/2140 2403/2762/2141 1966/2763/2111
f 1987/2764/2142 2622/2765/2143 2282/2761/2140
f 2390/2766/2144 2402/2767/2145 2622/2765/2143
f 2622/2765/2143 1994/2768/2146 2403/2762/2141
f 2338/2726/2107 2439/2769/2147 2016/2724/2105
f 1966/2730/2111 2623/2770/2148 2338/2726/2107
f 2403/2771/2141 2395/2772/2149 2623/2770/2148
f 2623/2770/2148 2021/2773/2150 2439/2769/2147
f 2018/2774/2151 2624/2775/2152 2438/2776/2153
f 1950/2777/2154 2624/2775/2152 2428/2778/2155
f 2301/2779/2156 2427/2753/2132 2624/2775/2152
f 2438/2776/2153 2427/2753/2132 2017/2749/2128
f 2367/2780/2157 2303/2781/2048 1952/2782/2127
f 1983/2783/2158 2625/2784/2159 2367/2780/2157
f 2370/2785/2160 2360/2786/2161 2625/2784/2159
f 2625/2784/2159 1955/2787/2049 2303/2781/2048
f 1966/2763/2111 2626/2788/2162 2282/2761/2140
f 2318/2789/2110 2340/2790/2163 2626/2788/2162
f 2340/2790/2163 2391/2791/2164 2626/2788/2162
f 2282/2761/2140 2391/2791/2164 1987/2764/2142
f 2019/2706/2087 2627/2792/2165 2437/2793/2166
f 2342/2705/2086 2302/2794/2167 2627/2792/2165
f 2302/2794/2167 2428/2778/2155 2627/2792/2165
f 2437/2793/2166 2428/2778/2155 2018/2774/2151
f 2324/2677/2058 2436/2795/2168 2004/2678/2059
f 2324/2677/2058 2314/2796/2169 2628/2797/2170
f 2628/2797/2170 1964/2798/2112 2421/2713/2094
f 2628/2797/2170 2011/2715/2096 2436/2795/2168
f 2014/2756/2135 2629/2799/2171 2435/2800/2172
f 1948/2801/2173 2629/2799/2171 2424/2755/2134
f 2319/2802/2174 2417/2683/2064 2629/2799/2171
f 2435/2800/2172 2417/2683/2064 2007/2679/2060
f 2314/2803/2169 2290/2734/2114 1964/2731/2112
f 1959/2804/2057 2630/2805/2175 2314/2803/2169
f 2331/2806/2176 2392/2807/2177 2630/2805/2175
f 2630/2805/2175 1990/2808/2178 2290/2734/2114
f 1960/2809/2073 2631/2810/2179 2315/2811/2055
f 2299/2812/2180 2386/2813/2181 2631/2810/2179
f 2631/2810/2179 1993/2814/2182 2331/2806/2176
f 2315/2811/2055 2331/2806/2176 1959/2804/2057
f 1962/2815/2104 2632/2816/2183 2316/2817/2071
f 2273/2818/2184 2389/2819/2185 2632/2816/2183
f 2632/2816/2183 1992/2820/2186 2299/2812/2180
f 2316/2817/2071 2299/2812/2180 1960/2809/2073
f 2366/2821/2187 2319/2822/2174 1948/2823/2173
f 1982/2824/2188 2633/2825/2189 2366/2821/2187
f 2374/2826/2190 2328/2827/2191 2633/2825/2189
f 2633/2825/2189 1957/2828/2063 2319/2822/2174
f 2328/2827/2191 2308/2829/2065 1957/2828/2063
f 1981/2830/2192 2634/2831/2193 2328/2827/2191
f 2377/2832/2194 2369/2833/2195 2634/2831/2193
f 2634/2831/2193 1958/2834/2090 2308/2829/2065
f 2351/2835/2196 2352/2836/2196 1975/2837/2196
f 1977/2838/2197 2635/2839/2196 2351/2835/2196
f 2372/2840/2198 2345/2841/2196 2635/2839/2196
f 2635/2839/2196 1969/2842/2196 2352/2836/2196
f 2348/2843/2196 2353/2844/2196 1972/2845/2196
f 1979/2846/2199 2636/2847/2196 2348/2843/2196
f 2376/2848/2200 2346/2849/2201 2636/2847/2196
f 2636/2847/2196 1970/2850/2202 2353/2844/2196
f 2379/2851/2203 2354/2852/2204 1968/2853/2205
f 1986/2854/2206 2637/2855/2207 2379/2851/2203
f 2637/2855/2207 1989/2736/2116 2382/2856/2196
f 2637/2855/2207 1970/2850/2202 2354/2852/2204
f 2347/2857/2196 2355/2858/2196 1971/2859/2208
f 1982/2824/2188 2638/2860/2196 2347/2857/2196
f 2371/2861/2209 2351/2835/2196 2638/2860/2196
f 2638/2860/2196 1975/2837/2196 2355/2858/2196
f 2350/2862/2210 2405/2863/2211 1974/2864/2212
f 1980/2865/2213 2639/2866/2214 2350/2862/2210
f 2375/2867/2215 2404/2868/2216 2639/2866/2214
f 2639/2866/2214 1997/2869/2217 2405/2863/2211
f 2344/2870/2218 2356/2871/2219 1968/2853/2205
f 1983/2783/2158 2640/2872/2220 2344/2870/2218
f 2378/2873/2221 2350/2862/2210 2640/2872/2220
f 2640/2872/2220 1974/2864/2212 2356/2871/2219
f 1971/2859/2208 2641/2874/2222 2357/2875/2223
f 2381/2876/2224 2388/2877/2225 2641/2874/2222
f 2641/2874/2222 1963/2878/2139 2349/2879/2226
f 2357/2875/2223 2349/2879/2226 1973/2880/2227
f 2345/2841/2196 2358/2881/2196 1969/2842/2196
f 1978/2882/2228 2642/2883/2196 2345/2841/2196
f 2373/2884/2229 2348/2843/2196 2642/2883/2196
f 2642/2883/2196 1972/2845/2196 2358/2881/2196
f 1973/2880/2227 2643/2885/2230 2359/2886/2231
f 2312/2887/2138 2349/2879/2226 1963/2878/2139
f 1961/2888/2121 2643/2885/2230 2312/2887/2138
f 2344/2870/2218 2370/2785/2160 1983/2783/2158
f 1968/2853/2205 2644/2889/2232 2344/2870/2218
f 2354/2852/2204 2346/2849/2201 2644/2889/2232
f 2644/2889/2232 1976/2890/2233 2370/2785/2160
f 2366/2821/2187 2371/2861/2209 1982/2824/2188
f 1948/2823/2173 2645/2891/2234 2366/2821/2187
f 2300/2892/2133 2361/2893/2235 2645/2891/2234
f 2645/2891/2234 1977/2838/2197 2371/2861/2209
f 2361/2893/2235 2372/2840/2198 1977/2838/2197
f 1949/2894/2131 2646/2895/2236 2361/2893/2235
f 2301/2896/2156 2362/2897/2237 2646/2895/2236
f 2646/2895/2236 1978/2882/2228 2372/2840/2198
f 2362/2897/2237 2373/2884/2229 1978/2882/2228
f 1950/2898/2154 2647/2899/2238 2362/2897/2237
f 2302/2900/2167 2363/2901/2239 2647/2899/2238
f 2647/2899/2238 1979/2846/2199 2373/2884/2229
f 2347/2857/2196 2374/2826/2190 1982/2824/2188
f 1971/2859/2208 2648/2902/2196 2347/2857/2196
f 2357/2875/2223 2365/2903/2240 2648/2902/2196
f 2648/2902/2196 1981/2830/2192 2374/2826/2190
f 2364/2904/2241 2375/2867/2215 1980/2865/2213
f 1954/2905/2079 2649/2906/2242 2364/2904/2241
f 2304/2907/2078 2368/2908/2243 2649/2906/2242
f 2649/2906/2242 1984/2909/2244 2375/2867/2215
f 2363/2901/2239 2376/2848/2200 1979/2846/2199
f 1951/2910/2085 2650/2911/2245 2363/2901/2239
f 2306/2912/2084 2360/2786/2161 2650/2911/2245
f 2650/2911/2245 1976/2890/2233 2376/2848/2200
f 2365/2903/2240 2377/2832/2194 1981/2830/2192
f 1973/2880/2227 2651/2913/2246 2365/2903/2240
f 2651/2913/2246 1961/2888/2121 2343/2914/2247
f 2651/2913/2246 1985/2915/2248 2377/2832/2194
f 2367/2780/2157 2378/2873/2221 1983/2783/2158
f 1952/2782/2127 2652/2916/2249 2367/2780/2157
f 2305/2917/2126 2364/2904/2241 2652/2916/2249
f 2652/2916/2249 1980/2865/2213 2378/2873/2221
f 1992/2820/2186 2653/2918/2196 2386/2813/2181
f 2384/2919/2196 2352/2836/2196 2653/2918/2196
f 2653/2918/2196 1969/2842/2196 2385/2920/2196
f 2386/2813/2181 2385/2920/2196 1993/2814/2182
f 1986/2854/2206 2654/2921/2250 2387/2922/2251
f 2340/2790/2163 2307/2923/2041 2654/2921/2250
f 2654/2921/2250 1965/2738/2039 2313/2737/2117
f 2387/2922/2251 2313/2737/2117 1989/2736/2116
f 1988/2924/2252 2655/2925/2253 2388/2877/2225
f 2310/2926/2102 2273/2818/2184 1962/2815/2104
f 2388/2877/2225 2310/2926/2102 1963/2878/2139
f 1988/2924/2252 2656/2927/2196 2389/2819/2185
f 2381/2876/2224 2355/2858/2196 2656/2927/2196
f 2656/2927/2196 1975/2837/2196 2384/2919/2196
f 2389/2819/2185 2384/2919/2196 1992/2820/2186
f 2380/2928/2254 2390/2766/2144 1987/2764/2142
f 1974/2864/2212 2657/2929/2255 2380/2928/2254
f 2405/2863/2211 2406/2930/2256 2657/2929/2255
f 2657/2929/2255 1991/2931/2257 2390/2766/2144
f 2379/2851/2203 2391/2791/2164 1986/2854/2206
f 1968/2853/2205 2658/2932/2258 2379/2851/2203
f 2356/2871/2219 2380/2928/2254 2658/2932/2258
f 2658/2932/2258 1987/2764/2142 2391/2791/2164
f 1993/2814/2182 2659/2933/2196 2392/2807/2177
f 2385/2920/2196 2358/2881/2196 2659/2933/2196
f 2659/2933/2196 1972/2845/2196 2383/2934/2196
f 2392/2807/2177 2383/2934/2196 1990/2808/2178
f 1990/2808/2178 2660/2935/2196 2393/2735/2115
f 2383/2934/2196 2353/2844/2196 2660/2935/2196
f 2353/2844/2196 2382/2856/2196 2660/2935/2196
f 2393/2735/2115 2382/2856/2196 1989/2736/2116
f 1956/2936/2259 2661/2937/2260 2311/2938/2120
f 2309/2939/2091 2369/2833/2195 2661/2937/2260
f 2661/2937/2260 1985/2915/2248 2343/2914/2247
f 2311/2938/2120 2343/2914/2247 1961/2888/2121
f 2020/2940/2261 2662/2941/2262 2430/2942/2263
f 2434/2943/2264 2395/2772/2149 2662/2941/2262
f 2662/2941/2262 1994/2944/2146 2279/2945/2265
f 2430/2942/2266 2279/2945/2265 1931/2946/2267
f 2279/2947/2265 2396/2948/2268 1931/2949/2267
f 2279/2947/2265 2402/2767/2145 2663/2950/2269
f 2663/2950/2269 1991/2931/2257 2407/2951/2270
f 2396/2948/2268 2407/2951/2270 1995/2952/2271
f 1995/2952/2271 2664/2953/2272 2398/2954/2273
f 2407/2951/2270 2406/2930/2256 2664/2953/2272
f 2664/2953/2272 1997/2869/2217 2397/2955/2274
f 2398/2954/2273 2397/2955/2274 1996/2956/2275
f 1996/2956/2275 2665/2957/2276 2399/2958/2277
f 2397/2955/2274 2404/2868/2216 2665/2957/2276
f 2404/2868/2216 2408/2959/2278 2665/2957/2276
f 2399/2958/2277 2408/2959/2278 1998/2960/2279
f 1998/2960/2279 2666/2961/2280 2400/2962/2281
f 2408/2959/2278 2368/2908/2243 2666/2961/2280
f 2368/2908/2243 2409/2963/2282 2666/2961/2280
f 2400/2962/2281 2409/2963/2282 1999/2964/2283
f 2022/2965/2284 2667/2966/2285 2433/2967/2286
f 2401/2968/2287 2409/2969/2282 2667/2966/2285
f 2667/2966/2285 1953/2970/2288 2419/2696/2077
f 2433/2967/2286 2419/2696/2077 2009/2693/2074
f 2045/2971/2289 2668/2972/2290 2499/2973/2291
f 2432/2974/2292 2433/2967/2286 2668/2972/2290
f 2668/2972/2290 2009/2693/2074 2459/2975/2293
f 2499/2973/2291 2459/2975/2293 2027/2976/2294
f 2033/2977/2295 2669/2978/2296 2465/2979/2297
f 2498/2980/2298 2431/2981/2299 2669/2978/2296
f 2669/2978/2296 2021/2773/2150 2434/2943/2264
f 2465/2979/2297 2434/2943/2264 2020/2940/2261
f 2030/2982/2300 2670/2983/2301 2497/2984/2302
f 2462/2985/2303 2435/2800/2172 2670/2983/2301
f 2670/2983/2301 2007/2679/2060 2458/2986/2304
f 2497/2984/2302 2458/2986/2304 2026/2987/2305
f 2414/2988/2306 2496/2989/2307 2036/2990/2308
f 2004/2678/2059 2671/2991/2309 2414/2988/2306
f 2436/2795/2168 2460/2992/2310 2671/2991/2309
f 2671/2991/2309 2028/2993/2311 2496/2989/2307
f 2043/2994/2312 2672/2995/2313 2495/2996/2314
f 2429/2997/2315 2437/2793/2166 2672/2995/2313
f 2672/2995/2313 2018/2774/2151 2464/2998/2316
f 2495/2996/2314 2464/2998/2316 2032/2999/2317
f 2032/2999/2317 2673/3000/2318 2494/3001/2319
f 2464/2998/2316 2438/2776/2153 2673/3000/2318
f 2673/3000/2318 2017/2749/2128 2463/3002/2320
f 2494/3001/2319 2463/3002/2320 2031/3003/2321
f 2426/3004/2322 2493/3005/2323 2042/3006/2324
f 2016/2724/2105 2674/3007/2325 2426/3004/2322
f 2439/2769/2147 2431/2981/2299 2674/3007/2325
f 2674/3007/2325 2044/3008/2326 2493/3005/2323
f 2041/3009/2327 2675/3010/2328 2492/3011/2329
f 2425/3012/2330 2440/2758/2137 2675/3010/2328
f 2440/2758/2137 2461/3013/2331 2675/3010/2328
f 2675/3010/2328 2029/3014/2332 2492/3011/2329
f 2031/3003/2321 2676/3015/2333 2491/3016/2334
f 2463/3002/2320 2441/2751/2130 2676/3015/2333
f 2676/3015/2333 2014/2756/2135 2462/2985/2303
f 2491/3016/2334 2462/2985/2303 2030/2982/2300
f 2038/3017/2335 2677/3018/2336 2490/3019/2337
f 2418/3020/2338 2442/2746/2125 2677/3018/2336
f 2677/3018/2336 2003/2663/2044 2456/3021/2339
f 2490/3019/2337 2456/3021/2339 2024/3022/2339
f 2039/3023/2340 2678/3024/2341 2489/3025/2342
f 2420/3026/2343 2443/2740/2119 2678/3024/2341
f 2678/3024/2341 2015/2744/2123 2425/3012/2330
f 2489/3025/2342 2425/3012/2330 2041/3009/2327
f 2042/3006/2324 2679/3027/2344 2426/3004/2322
f 2488/3028/2345 2410/3029/2346 2679/3027/2344
f 2679/3027/2344 2000/2662/2043 2444/2727/2108
f 2426/3004/2322 2444/2727/2108 2016/2724/2105
f 2461/3013/2331 2487/3030/2347 2029/3014/2332
f 2013/2720/2101 2680/3031/2348 2461/3013/2331
f 2445/2719/2100 2422/3032/2349 2680/3031/2348
f 2680/3031/2348 2040/3033/2350 2487/3030/2347
f 2460/2992/2310 2486/3034/2351 2028/2993/2311
f 2011/2715/2096 2681/3035/2352 2460/2992/2310
f 2446/2714/2095 2455/3036/2353 2681/3035/2352
f 2681/3035/2352 2023/3037/2354 2486/3034/2351
f 2037/3038/2355 2682/3039/2356 2485/3040/2357
f 2416/3041/2358 2447/2708/2089 2682/3039/2356
f 2682/3039/2356 2010/2712/2093 2420/3026/2343
f 2485/3040/2357 2420/3026/2343 2039/3023/2340
f 2035/3042/2359 2683/3043/2360 2484/3044/2361
f 2412/3045/2362 2448/2702/2083 2683/3043/2360
f 2683/3043/2360 2019/2706/2087 2429/2997/2315
f 2484/3044/2361 2429/2997/2315 2043/2994/2312
f 2027/2976/2294 2684/3046/2363 2483/3047/2364
f 2459/2975/2293 2449/2695/2076 2684/3046/2363
f 2684/3046/2363 2008/2700/2081 2418/3020/2338
f 2483/3047/2364 2418/3020/2338 2038/3017/2335
f 2422/3032/2349 2482/3048/2365 2040/3033/2350
f 2012/2689/2070 2685/3049/2366 2422/3032/2349
f 2450/2688/2069 2457/3050/2367 2685/3049/2366
f 2685/3049/2366 2025/3051/2368 2482/3048/2365
f 2026/2987/2305 2686/3052/2369 2481/3053/2370
f 2458/2986/2304 2451/2681/2062 2686/3052/2369
f 2686/3052/2369 2006/2686/2067 2416/3041/2358
f 2481/3053/2370 2416/3041/2358 2037/3038/2355
f 2457/3050/2367 2480/3054/2371 2025/3051/2368
f 2005/2673/2054 2687/3055/2372 2457/3050/2367
f 2452/2672/2053 2414/2988/2306 2687/3055/2372
f 2687/3055/2372 2036/2990/2308 2480/3054/2371
f 2024/3022/2339 2688/3056/2373 2479/3057/2373
f 2456/3021/2339 2453/2665/2046 2688/3056/2373
f 2688/3056/2373 2002/2670/2051 2412/3045/2362
f 2479/3057/2373 2412/3045/2362 2035/3042/2359
f 2455/3036/2353 2478/3058/2374 2023/3037/2354
f 2001/2657/2038 2689/3059/2375 2455/3036/2353
f 2454/2656/2037 2410/3029/2346 2689/3059/2375
f 2689/3059/2375 2034/3060/2376 2478/3058/2374
f 2321/3061/2377 2284/3062/2378 1943/3063/2379
f 2023/3037/2354 2690/3064/2380 2321/3061/2377
f 2478/3058/2374 2466/3065/2381 2690/3064/2380
f 2690/3064/2380 1946/3066/2382 2284/3062/2378
f 1928/3067/2383 2691/3068/2373 2277/3069/2384
f 2323/3070/2385 2479/3057/2373 2691/3068/2373
f 2691/3068/2373 2035/3042/2359 2467/3071/2386
f 2277/3069/2384 2467/3071/2386 1933/3072/2387
f 2325/3073/2388 2292/3074/2389 1938/3075/2390
f 2025/3051/2368 2692/3076/2391 2325/3073/2388
f 2480/3054/2371 2468/3077/2392 2692/3076/2391
f 2692/3076/2391 1937/3078/2393 2292/3074/2389
f 1935/3079/2394 2693/3080/2395 2285/3081/2396
f 2327/3082/2397 2481/3053/2370 2693/3080/2395
f 2693/3080/2395 2037/3038/2355 2469/3083/2398
f 2285/3081/2396 2469/3083/2398 1936/3084/2399
f 2472/3085/2400 2293/3086/2401 1940/3087/2402
f 2040/3033/2350 2694/3088/2403 2472/3085/2400
f 2482/3048/2365 2325/3073/2388 2694/3088/2403
f 2694/3088/2403 1938/3075/2390 2293/3086/2401
f 1929/3089/2404 2695/3090/2405 2278/3091/2406
f 2330/3092/2407 2483/3047/2364 2695/3090/2405
f 2695/3090/2405 2038/3017/2335 2470/3093/2408
f 2278/3091/2406 2470/3093/2408 1932/3094/2409
f 1933/3072/2387 2696/3095/2410 2283/3096/2411
f 2467/3071/2386 2484/3044/2361 2696/3095/2410
f 2696/3095/2410 2043/2994/2312 2475/3097/2412
f 2283/3096/2411 2475/3097/2412 1927/3098/2413
f 1936/3084/2399 2697/3099/2414 2286/3100/2415
f 2469/3083/2398 2485/3040/2357 2697/3099/2414
f 2697/3099/2414 2039/3023/2340 2471/3101/2416
f 2286/3100/2415 2471/3101/2416 1934/3102/2417
f 2333/3103/2418 2294/3104/2419 1942/3105/2420
f 2028/2993/2311 2698/3106/2421 2333/3103/2418
f 2486/3034/2351 2321/3061/2377 2698/3106/2421
f 2698/3106/2421 1943/3063/2379 2294/3104/2419
f 2335/3107/2422 2287/3108/2423 1941/3109/2424
f 2029/3014/2332 2699/3110/2425 2335/3107/2422
f 2487/3030/2347 2472/3085/2400 2699/3110/2425
f 2699/3110/2425 1940/3087/2402 2287/3108/2423
f 1945/3111/2426 2700/3112/2427 2474/3113/2428
f 2296/3114/2429 2466/3065/2381 2700/3112/2427
f 2700/3112/2427 2034/3060/2376 2488/3028/2345
f 2474/3113/2428 2488/3028/2345 2042/3006/2324
f 1934/3102/2417 2701/3115/2430 2288/3116/2431
f 2471/3101/2416 2489/3025/2342 2701/3115/2430
f 2701/3115/2430 2041/3009/2327 2473/3117/2432
f 2288/3116/2431 2473/3117/2432 1939/3118/2433
f 1932/3094/2409 2702/3119/2434 2281/3120/2435
f 2470/3093/2408 2490/3019/2337 2702/3119/2434
f 2702/3119/2434 2024/3022/2339 2323/3070/2385
f 2281/3120/2435 2323/3070/2385 1928/3067/2383
f 1925/3121/2436 2703/3122/2437 2274/3123/2438
f 2339/3124/2439 2491/3016/2334 2703/3122/2437
f 2703/3122/2437 2030/2982/2300 2336/3125/2440
f 2274/3123/2438 2336/3125/2440 1924/3126/2441
f 1939/3118/2433 2704/3127/2442 2289/3128/2443
f 2473/3117/2432 2492/3011/2329 2704/3127/2442
f 2492/3011/2329 2335/3107/2422 2704/3127/2442
f 2704/3127/2442 1941/3109/2424 2289/3128/2443
f 2474/3113/2428 2295/3129/2444 1945/3111/2426
f 2042/3006/2324 2705/3130/2445 2474/3113/2428
f 2493/3005/2323 2476/3131/2446 2705/3130/2445
f 2705/3130/2445 1947/3132/2447 2295/3129/2444
f 1926/3133/2448 2706/3134/2449 2275/3135/2450
f 2341/3136/2451 2494/3001/2319 2706/3134/2449
f 2706/3134/2449 2031/3003/2321 2339/3124/2439
f 2275/3135/2450 2339/3124/2439 1925/3121/2436
f 1927/3098/2413 2707/3137/2452 2276/3138/2453
f 2475/3097/2412 2495/2996/2314 2707/3137/2452
f 2707/3137/2452 2032/2999/2317 2341/3136/2451
f 2276/3138/2453 2341/3136/2451 1926/3133/2448
f 2468/3077/2392 2291/3139/2454 1937/3078/2393
f 2036/2990/2308 2708/3140/2455 2468/3077/2392
f 2496/2989/2307 2333/3103/2418 2708/3140/2455
f 2708/3140/2455 1942/3105/2420 2291/3139/2454
f 1924/3126/2441 2709/3141/2456 2298/3142/2457
f 2336/3125/2440 2497/2984/2302 2709/3141/2456
f 2709/3141/2456 2026/2987/2305 2327/3082/2397
f 2298/3142/2457 2327/3082/2397 1935/3079/2394
f 1944/3143/2458 2710/3144/2459 2394/3145/2460
f 2297/3146/2461 2476/3131/2446 2710/3144/2459
f 2710/3144/2459 2044/3008/2326 2498/2980/2298
f 2394/3145/2460 2498/2980/2298 2033/2977/2295
f 1930/3147/2462 2711/3148/2463 2280/3149/2464
f 2477/3150/2465 2499/2973/2291 2711/3148/2463
f 2711/3148/2463 2027/2976/2294 2330/3092/2407
f 2280/3149/2464 2330/3092/2407 1929/3089/2404
f 2785/3151/2466 2849/3152/2466 2754/3153/2466
f 2717/3154/2467 2853/3155/2468 2819/3156/2467
f 2712/2653/2034 2818/3157/2469 2852/3158/2034
f 2715/2654/2035 2852/3158/2034 2817/3159/2035
f 2849/3160/2470 2718/3161/2471 2848/3162/2471
f 2719/3163/2470 2173/3164/1849 2718/3161/2471
f 2173/3164/1849 2720/3165/2472 2718/3161/2471
f 1876/3166/1847 2717/3154/2467 2720/3165/2472
f 2718/3161/2471 2850/3167/2472 2848/3162/2471
f 2172/3168/1845 2721/3169/2468 2717/3154/2467
f 1873/3170/1839 2716/3171/2469 2712/2653/2034
f 2716/3171/2469 2851/3172/2473 2818/3157/2469
f 2169/3173/1835 2713/3174/2473 2716/3171/2469
f 2720/3165/2472 2819/3156/2467 2850/3167/2472
f 1874/3175/1843 2715/2654/2035 2721/3169/2468
f 2047/3176/2474 2723/3177/2475 2787/3178/2474
f 1802/3179/2476 2787/3178/2474 2722/3180/2477
f 1804/3181/2478 2788/3182/2479 2048/3183/2480
f 2048/3184/2480 2723/3177/2475 1803/3185/2481
f 2049/3186/2482 2725/3187/2483 2789/3188/2484
f 1804/3181/2478 2789/3188/2484 2724/3189/2485
f 1806/3190/2486 2790/3191/2487 2050/3192/2488
f 1811/3193/2489 2790/3191/2487 2730/3194/2490
f 2051/3195/2491 2727/3196/2492 2791/3197/2493
f 1810/3198/2494 2791/3197/2493 2729/3199/2495
f 2053/3200/2496 2728/3201/2497 2792/3202/2498
f 1807/3203/2499 2792/3202/2498 2727/3204/2492
f 2054/3205/2500 2729/3199/2495 2793/3206/2501
f 1806/3190/2486 2793/3206/2501 2726/3207/2502
f 2056/3208/2503 2730/3194/2490 2794/3209/2504
f 1805/3210/2505 2794/3209/2504 2725/3187/2483
f 1821/3211/2506 2795/3212/2507 2057/3213/2508
f 2057/3213/2508 2743/3214/2509 1824/3215/2509
f 1813/3216/2510 2796/3217/2511 2058/3218/2512
f 2058/3218/2512 2733/3219/2513 1814/3220/2514
f 2059/3221/2515 2733/3219/2513 2797/3222/2516
f 1812/3223/2517 2797/3222/2516 2731/3224/2518
f 1819/3225/2519 2798/3226/2520 2060/3227/2521
f 2060/3227/2521 2737/3228/2522 1818/3229/2523
f 1812/3223/2517 2799/3230/2524 2061/3231/2525
f 1817/3232/2526 2799/3233/2524 2736/3234/2527
f 2062/3235/2528 2736/3234/2527 2800/3236/2529
f 1819/3225/2519 2800/3236/2529 2738/3237/2530
f 2064/3238/2531 2734/3239/2532 2801/3240/2531
f 2064/3238/2531 2739/3241/2533 1820/3242/2534
f 2065/3243/2535 2735/3244/2536 2802/3245/2535
f 1815/3246/2537 2802/3247/2535 2734/3239/2532
f 1818/3229/2523 2803/3248/2538 2066/3249/2539
f 2066/3249/2539 2735/3244/2536 1816/3250/2540
f 1820/3242/2534 2804/3251/2541 2067/3252/2542
f 2067/3252/2542 2740/3253/2543 1821/3211/2506
f 1823/3254/2544 2805/3255/2545 2068/3256/2546
f 2068/3257/2546 2744/3258/2547 1825/3259/2548
f 1824/3215/2509 2806/3260/2549 2069/3261/2550
f 2069/3261/2550 2742/3262/2551 1823/3254/2544
f 2070/3263/2552 2744/3258/2547 2807/3264/2553
f 1822/3265/2554 2807/3264/2553 2741/3266/2555
f 1802/3179/2476 2808/3267/2556 2071/3268/2556
f 1813/3216/2510 2808/3267/2556 2732/3269/2510
f 2167/3270/2557 2748/3271/2558 1911/3272/2559
f 1822/3265/2554 2809/3273/2560 2167/3270/2557
f 2174/3274/2561 2747/3275/2562 1900/3276/2563
f 1877/3277/2564 2810/3278/2565 2174/3274/2561
f 2203/3279/2566 2746/3280/2567 2811/3281/2566
f 2205/3282/2568 2749/3283/2569 1923/3284/2570
f 1900/3276/2563 2812/3285/2568 2205/3282/2568
f 1898/3286/2571 2813/3287/2572 2746/3280/2567
f 1911/3272/2559 2813/3287/2572 2238/3288/2572
f 1808/3289/2573 2814/3290/2574 2728/3201/2497
f 1923/3284/2570 2814/3290/2574 2250/3291/2575
f 2849/3160/2470 2752/3292/2471 2754/3293/2470
f 2750/3294/2468 2817/3159/2035 2784/3295/2035
f 2815/3296/2034 2818/3157/2469 2751/3297/2469
f 2784/3295/2035 2852/3158/2034 2815/3296/2034
f 2753/3298/2472 2819/3156/2467 2755/3299/2467
f 2396/3300/2268 2786/3301/2473 1931/3302/2267
f 2779/3303/2576 2754/3153/2466 1999/3304/2577
f 2399/3305/2277 2750/3294/2468 1996/3306/2275
f 2754/3293/2470 2400/3307/2281 1999/3308/2283
f 1996/3306/2275 2784/3295/2035 2398/3309/2273
f 2274/3310/2578 2757/3311/2579 1925/3312/2580
f 1924/3313/2581 2820/3314/2582 2274/3310/2578
f 1926/3315/2583 2821/3316/2584 2758/3317/2585
f 2275/3318/2586 2757/3319/2579 2821/3316/2584
f 2276/3320/2587 2759/3321/2588 1927/3322/2589
f 1926/3315/2583 2822/3323/2590 2276/3320/2587
f 1928/3324/2591 2823/3325/2592 2760/3326/2593
f 1933/3327/2594 2823/3325/2592 2277/3328/2595
f 2278/3329/2596 2761/3330/2597 1929/3331/2598
f 1932/3332/2599 2824/3333/2600 2278/3334/2596
f 2280/3335/2601 2762/3336/2602 1930/3337/2602
f 1929/3331/2598 2825/3338/2603 2280/3335/2601
f 2281/3339/2604 2763/3340/2605 1932/3332/2599
f 1928/3324/2591 2826/3341/2606 2281/3339/2604
f 2283/3342/2607 2764/3343/2608 1933/3327/2594
f 1927/3344/2589 2827/3345/2609 2283/3342/2607
f 1943/3346/2610 2828/3347/2611 2774/3348/2612
f 2284/3349/2613 2777/3350/2614 2828/3347/2611
f 1935/3351/2615 2829/3352/2616 2766/3353/2617
f 2285/3354/2618 2767/3355/2619 2829/3352/2616
f 2286/3356/2620 2767/3355/2619 1936/3357/2621
f 1934/3358/2622 2830/3359/2623 2286/3360/2620
f 1941/3361/2624 2831/3362/2625 2772/3363/2624
f 2287/3364/2626 2771/3365/2627 2831/3362/2625
f 1934/3358/2622 2832/3366/2628 2765/3367/2629
f 1939/3368/2630 2832/3366/2628 2288/3369/2631
f 2289/3370/2632 2770/3371/2633 1939/3368/2630
f 1941/3361/2624 2833/3372/2634 2289/3373/2632
f 2291/3374/2635 2768/3375/2636 1937/3376/2637
f 2291/3374/2635 2773/3377/2638 2834/3378/2635
f 2292/3379/2639 2769/3380/2640 1938/3381/2641
f 1937/3382/2637 2835/3383/2639 2292/3379/2639
f 1940/3384/2642 2836/3385/2643 2771/3365/2627
f 2293/3386/2644 2769/3380/2640 2836/3385/2643
f 1942/3387/2645 2837/3388/2646 2773/3377/2638
f 2294/3389/2647 2774/3348/2612 2837/3388/2646
f 1945/3390/2648 2838/3391/2649 2776/3392/2650
f 2295/3393/2651 2778/3394/2652 2838/3391/2649
f 1946/3395/2614 2839/3396/2653 2777/3350/2614
f 2296/3397/2654 2776/3392/2650 2839/3398/2653
f 2297/3399/2655 2778/3394/2652 1947/3400/2656
f 1944/3401/2657 2840/3402/2658 2297/3399/2655
f 1924/3313/2581 2841/3403/2659 2756/3404/2660
f 1935/3351/2615 2841/3403/2659 2298/3405/2661
f 2394/3406/2662 2782/3407/2663 2842/3408/2664
f 1944/3401/2657 2842/3408/2664 2775/3409/2665
f 2401/3410/2666 2781/3411/2667 2843/3412/2668
f 1999/3304/2577 2843/3412/2668 2779/3303/2576
f 2430/3413/2669 2780/3414/2670 2020/3415/2671
f 2432/3416/2672 2783/3417/2673 2845/3418/2672
f 2022/3419/2674 2845/3418/2672 2781/3411/2667
f 2020/3415/2671 2846/3420/2675 2465/3421/2675
f 2033/3422/2676 2846/3420/2675 2782/3407/2663
f 1930/3337/2602 2847/3423/2677 2477/3424/2678
f 2045/3425/2679 2847/3423/2677 2783/3417/2673
f 2719/3426/2466 2745/3427/2680 1877/3277/2564
f 2721/3169/2468 2817/3159/2035 2853/3155/2468
f 2752/3292/2471 2850/3167/2472 2753/3298/2472
f 2751/3297/2469 2851/3172/2473 2786/3301/2473
f 1995/3428/2271 2751/3297/2469 2396/3300/2268
f 2398/3309/2273 2815/3296/2034 1995/3428/2271
f 2849/3429/2466 2714/3430/2466 2719/3426/2466
f 2755/3299/2467 2853/3155/2468 2750/3294/2468
f 1998/3431/2279 2755/3299/2467 2399/3305/2277
f 2400/3307/2281 2753/3298/2472 1998/3431/2279
f 691/373/300 1272/314/242 692/614/532
f 1788/3432/1594 2868/3433/2681 2864/3434/2682
f 1797/2151/1581 2857/2104/1582 1790/2118/1586
f 1801/3435/1585 2860/2112/1585 1782/2115/1585
f 1782/2115/1585 2862/2102/1581 1797/2151/1581
f 1791/2136/1597 2857/2104/1582 2858/2121/1589
f 1794/2143/1595 2855/2101/1580 2861/2130/1595
f 2861/2130/1595 1785/2133/1585 1794/2143/1595
f 2859/2142/1585 1801/3435/1585 1785/2133/1585
f 2864/3434/2682 1779/3436/2683 1786/2099/1578
f 1781/3437/1585 2869/2117/1581 1798/3438/1588
f 1796/3439/1598 2864/3434/2682 2867/2144/1595
f 2867/2144/1595 1783/3440/1585 1796/3439/1598
f 1789/3441/1600 2866/2135/1596 1793/3442/1601
f 2863/2134/1585 1799/3443/1585 1783/3440/1585
f 1798/3438/1588 2865/2119/1587 1789/3441/1600
f 1799/3443/1585 2870/2116/1585 1781/3437/1585
f 132/1/1 719/4/4 1207/2/2
f 719/4/4 136/124/119 491/5/5
f 491/5/5 31/130/125 462/6/6
f 1207/2/2 462/6/6 36/7/7
f 718/8/8 1208/12/12 668/9/9
f 131/11/11 470/23/23 1208/12/12
f 1208/12/12 470/23/23 40/13/13
f 668/9/9 1208/12/12 465/14/14
f 145/16/16 717/19/19 1209/17/17
f 717/19/19 132/1/1 472/3/3
f 472/3/3 36/7/7 456/20/20
f 1209/17/17 456/20/20 32/21/21
f 716/22/22 1210/25/25 470/23/23
f 133/24/24 474/26/26 1210/25/25
f 474/26/26 39/93/90 466/27/27
f 470/23/23 1210/25/25 466/27/27
f 146/28/28 715/31/31 1211/29/29
f 715/31/31 145/16/16 669/18/18
f 669/18/18 32/21/21 457/32/32
f 1211/29/29 457/32/32 33/33/33
f 148/34/34 714/37/37 1212/35/35
f 714/37/37 146/28/28 670/30/30
f 1212/35/35 670/30/30 33/33/33
f 672/36/36 1212/35/35 458/38/38
f 23/40/40 469/43/43 1213/41/41
f 469/43/43 37/268/59 463/44/44
f 1213/41/41 463/44/44 60/45/45
f 439/42/42 1213/41/41 527/46/46
f 129/48/48 435/51/51 1214/49/49
f 435/51/51 14/461/386 582/52/52
f 1214/49/49 582/52/52 100/53/53
f 647/50/50 1214/49/49 646/54/54
f 137/56/56 492/60/60 1215/57/57
f 37/59/59 469/61/43 1215/57/57
f 469/61/43 23/148/40 482/62/61
f 713/58/58 1215/57/57 482/62/61
f 443/64/63 1216/68/67 468/65/64
f 55/67/66 526/69/68 1216/68/67
f 526/69/68 54/200/177 480/70/69
f 1216/68/67 480/70/69 41/71/70
f 25/72/71 449/75/74 1217/73/72
f 449/75/74 24/144/84 490/76/75
f 1217/73/72 490/76/75 58/77/76
f 515/74/73 1217/73/72 520/78/77
f 712/80/79 1218/84/83 675/81/80
f 149/83/82 673/146/140 1218/84/83
f 1218/84/83 673/146/140 24/85/84
f 675/81/80 1218/84/83 449/86/74
f 711/88/85 1219/90/87 474/26/26
f 150/89/86 674/91/88 1219/90/87
f 674/91/88 41/117/70 467/92/89
f 1219/90/87 467/92/89 39/93/90
f 710/94/91 1220/97/94 676/95/92
f 151/82/81 675/81/80 1220/97/94
f 1220/97/94 675/81/80 25/87/71
f 1220/97/94 450/98/95 26/99/96
f 709/100/97 1221/103/100 677/101/98
f 152/96/93 676/95/92 1221/103/100
f 676/95/92 26/99/96 451/104/101
f 1221/103/100 451/104/101 27/105/102
f 708/106/103 1222/109/106 678/107/104
f 153/102/99 677/101/98 1222/109/106
f 677/101/98 27/105/102 452/110/107
f 1222/109/106 452/110/107 28/111/108
f 707/112/109 1223/114/111 674/91/88
f 147/113/110 671/115/112 1223/114/111
f 671/115/112 42/514/65 468/116/64
f 1223/114/111 468/116/64 41/117/70
f 706/118/113 1224/121/116 679/119/114
f 154/108/105 678/107/104 1224/121/116
f 678/107/104 28/111/108 453/122/117
f 1224/121/116 453/122/117 29/123/118
f 136/124/119 705/127/122 1225/125/120
f 156/126/121 680/128/123 1225/125/120
f 680/128/123 30/134/129 455/129/124
f 1225/125/120 455/129/124 31/130/125
f 704/131/126 1226/132/127 680/128/123
f 155/120/115 679/119/114 1226/132/127
f 679/119/114 29/123/118 454/133/128
f 1226/132/127 454/133/128 30/134/129
f 135/135/130 703/138/133 1227/136/131
f 703/138/133 148/34/34 672/36/36
f 1227/136/131 672/36/36 34/39/39
f 484/137/132 1227/136/131 461/139/134
f 439/42/42 1228/142/137 459/141/136
f 59/47/47 523/143/138 1228/142/137
f 523/143/138 58/77/76 490/76/75
f 1228/142/137 490/76/75 24/144/84
f 702/145/139 1229/147/141 673/146/140
f 134/63/62 482/62/61 1229/147/141
f 1229/147/141 482/62/61 23/148/40
f 673/146/140 1229/147/141 459/149/136
f 40/150/13 466/153/27 1230/151/142
f 466/153/27 39/262/90 460/154/144
f 1230/151/142 460/154/144 52/155/145
f 436/152/143 1230/151/142 521/156/146
f 462/158/6 1231/162/149 531/159/148
f 31/161/125 533/163/150 1231/162/149
f 533/163/150 65/288/222 541/164/151
f 1231/162/149 541/164/151 63/165/152
f 701/166/153 1232/167/154 492/60/60
f 144/10/10 668/9/9 1232/167/154
f 1232/167/154 668/9/9 38/15/15
f 492/60/60 1232/167/154 464/168/155
f 458/169/38 1233/173/157 534/170/156
f 33/172/33 536/174/158 1233/173/157
f 536/174/158 68/276/216 537/175/159
f 1233/173/157 537/175/159 66/176/160
f 446/177/161 1234/181/165 476/178/162
f 81/180/164 564/182/166 1234/181/165
f 564/182/166 115/432/357 612/183/167
f 1234/181/165 612/183/167 94/184/168
f 436/152/143 1235/186/169 465/185/14
f 57/157/147 524/187/170 1235/186/169
f 524/187/170 53/223/189 478/188/171
f 1235/186/169 478/188/171 38/189/15
f 515/74/73 1236/191/172 450/190/95
f 56/79/78 528/193/173 1236/191/172
f 26/192/96 450/190/95 1236/191/172
f 46/194/174 502/197/175 1237/195/175
f 502/197/175 43/212/175 511/198/175
f 1237/195/175 511/198/175 52/155/145
f 513/196/175 1237/195/175 522/199/176
f 503/201/178 1238/205/182 448/202/179
f 49/204/181 499/206/183 1238/205/182
f 499/206/183 67/229/191 538/207/184
f 1238/205/182 538/207/184 28/208/108
f 504/209/175 1239/213/175 498/210/175
f 43/212/175 493/214/185 1239/213/175
f 493/214/185 68/276/216 540/215/186
f 1239/213/175 540/215/186 62/216/187
f 51/217/175 505/220/175 1240/218/175
f 505/220/175 44/241/175 519/221/175
f 1240/218/175 519/221/175 60/45/45
f 512/219/175 1240/218/175 525/222/188
f 506/224/175 1241/226/175 499/206/183
f 50/225/175 500/227/175 1241/226/175
f 500/227/175 64/245/200 544/228/190
f 1241/226/175 544/228/190 67/229/191
f 507/230/185 1242/232/175 501/231/175
f 48/211/175 498/210/175 1242/232/175
f 498/210/175 62/216/187 539/233/192
f 1242/232/175 539/233/192 63/165/152
f 46/194/174 508/236/195 1243/234/193
f 508/236/195 45/272/214 495/237/196
f 1243/234/193 495/237/196 61/238/197
f 1243/234/193 542/239/198 66/176/160
f 509/240/175 1244/242/175 500/227/175
f 44/241/175 494/243/175 1244/242/175
f 494/243/175 65/288/222 543/244/199
f 1244/242/175 543/244/199 64/245/200
f 27/246/102 510/249/202 1245/247/201
f 47/203/180 448/202/179 1245/247/201
f 452/248/107 1245/247/201 448/202/179
f 56/79/78 520/78/77 1246/250/175
f 520/78/77 58/77/76 517/252/175
f 1246/250/175 517/252/175 49/204/181
f 497/251/203 1246/250/175 503/201/178
f 164/253/204 700/256/207 1247/254/205
f 700/256/207 135/135/130 484/137/132
f 1247/254/205 484/137/132 35/140/135
f 654/255/206 1247/254/205 648/257/208
f 57/157/147 521/156/146 1248/259/175
f 521/156/146 52/155/145 511/198/175
f 1248/259/175 511/198/175 43/212/175
f 516/260/175 1248/259/175 504/209/175
f 54/200/177 522/199/176 1249/261/210
f 522/199/176 52/155/145 460/154/144
f 1249/261/210 460/154/144 39/262/90
f 480/70/69 1249/261/210 467/263/89
f 58/77/76 523/143/138 1250/264/175
f 523/143/138 59/47/47 518/265/175
f 1250/264/175 518/265/175 50/225/175
f 517/252/175 1250/264/175 506/224/175
f 53/223/189 524/187/170 1251/266/175
f 524/187/170 57/157/147 516/260/175
f 1251/266/175 516/260/175 48/211/175
f 512/219/175 1251/266/175 507/230/185
f 53/223/189 525/222/188 1252/267/211
f 525/222/188 60/45/45 463/44/44
f 1252/267/211 463/44/44 37/268/59
f 478/188/171 1252/267/211 464/269/155
f 54/200/177 526/69/68 1253/270/212
f 526/69/68 55/67/66 514/271/213
f 1253/270/212 514/271/213 45/272/214
f 513/196/175 1253/270/212 508/236/195
f 59/47/47 527/46/46 1254/273/175
f 527/46/46 60/45/45 519/221/175
f 1254/273/175 519/221/175 44/241/175
f 518/265/175 1254/273/175 509/240/175
f 26/192/96 528/193/173 1255/274/215
f 528/193/173 56/79/78 497/251/203
f 1255/274/215 497/251/203 47/203/180
f 451/275/101 1255/274/215 510/249/202
f 537/175/159 1256/277/175 496/235/194
f 68/276/216 493/214/185 1256/277/175
f 493/214/185 43/212/175 502/197/175
f 496/235/194 1256/277/175 502/197/175
f 538/207/184 1257/279/217 453/278/117
f 67/229/191 535/280/218 1257/279/217
f 453/278/117 1257/279/217 535/280/218
f 539/233/192 1258/282/219 531/159/148
f 62/216/187 530/283/220 1258/282/219
f 530/283/220 32/287/21 456/284/20
f 1258/282/219 456/284/20 36/160/7
f 540/215/186 1259/285/221 530/283/220
f 68/276/216 536/174/158 1259/285/221
f 536/174/158 33/172/33 457/286/32
f 1259/285/221 457/286/32 32/287/21
f 541/164/151 1260/289/175 501/231/175
f 65/288/222 494/243/175 1260/289/175
f 494/243/175 44/241/175 505/220/175
f 1260/289/175 505/220/175 51/217/175
f 542/239/198 1261/291/224 534/170/156
f 542/239/198 61/238/197 529/290/223
f 1261/291/224 529/290/223 35/292/135
f 534/170/156 1261/291/224 461/293/134
f 543/244/199 1262/295/226 532/294/225
f 65/288/222 533/163/150 1262/295/226
f 533/163/150 31/161/125 455/296/124
f 1262/295/226 455/296/124 30/297/129
f 544/228/190 1263/298/227 535/280/218
f 64/245/200 532/294/225 1263/298/227
f 532/294/225 30/297/129 454/299/128
f 1263/298/227 454/299/128 29/281/118
f 559/300/228 79/632/547 86/301/229
f 78/303/231 562/321/249 590/304/232
f 699/306/234 1264/310/238 682/307/235
f 139/309/237 814/311/239 1264/310/238
f 814/311/239 173/347/274 745/312/240
f 1264/310/238 745/312/240 22/313/241
f 1272/314/242 732/371/298 171/315/243
f 1357/317/245 1354/716/621 737/318/246
f 555/320/248 1278/399/326 562/321/249
f 697/322/250 1265/326/254 683/323/251
f 140/325/253 815/327/255 1265/326/254
f 815/327/255 203/369/296 811/328/256
f 1265/326/254 811/328/256 83/329/257
f 562/321/249 112/331/259 108/330/258
f 112/331/259 594/393/320 662/332/260
f 696/333/261 1266/337/265 684/334/262
f 157/336/264 681/338/230 1266/337/265
f 681/338/230 86/3444/229 558/339/266
f 1266/337/265 558/339/266 87/340/267
f 695/341/268 1267/344/271 816/342/269
f 160/324/252 683/323/251 1267/344/271
f 683/323/251 83/329/257 812/345/272
f 1267/344/271 812/345/272 188/346/273
f 173/347/274 814/311/239 1268/348/275
f 814/311/239 139/309/237 698/350/277
f 1268/348/275 698/350/277 141/351/278
f 813/349/276 1268/348/275 566/352/279
f 550/354/281 1269/358/285 592/355/282
f 75/357/284 599/359/286 1269/358/285
f 599/359/286 117/417/344 610/360/287
f 1269/358/285 610/360/287 110/361/288
f 694/362/289 1270/363/290 566/352/279
f 162/343/270 816/342/269 1270/363/290
f 816/342/269 188/346/273 809/364/291
f 1270/363/290 809/364/291 84/353/280
f 693/365/292 1271/367/294 815/327/255
f 693/365/292 142/619/537 567/366/293
f 567/366/293 82/870/656 810/368/295
f 1271/367/294 810/368/295 203/369/296
f 1273/370/297 556/375/302 732/371/298
f 143/372/299 568/374/301 1273/370/297
f 568/374/301 85/379/306 556/375/302
f 689/376/303 1274/377/304 568/374/301
f 158/308/236 682/307/235 1274/377/304
f 682/307/235 22/313/241 557/378/305
f 1274/377/304 557/378/305 85/379/306
f 45/272/214 649/381/308 1275/380/307
f 649/381/308 124/574/496 640/382/309
f 1275/380/307 640/382/309 126/383/310
f 495/237/196 1275/380/307 650/384/311
f 551/385/312 1276/389/316 601/386/313
f 71/388/315 561/390/317 1276/389/316
f 561/390/317 111/440/365 602/391/318
f 1276/389/316 602/391/318 119/392/319
f 594/393/320 159/628/544 138/394/321
f 70/305/233 590/304/232 560/395/322
f 1277/397/324 603/401/328 604/398/325
f 76/387/314 601/386/313 1277/397/324
f 601/386/313 119/392/319 603/401/328
f 1351/402/329 732/371/298 556/375/302
f 547/400/327 1277/397/324 1278/399/326
f 546/404/331 1279/408/335 595/405/332
f 69/407/334 600/409/336 1279/408/335
f 600/409/336 118/3445/1169 605/410/337
f 1279/408/335 605/410/337 113/411/338
f 545/412/339 1280/414/341 599/359/286
f 72/413/340 565/415/342 1280/414/341
f 565/415/342 116/426/353 606/416/343
f 1280/414/341 606/416/343 117/417/344
f 610/360/287 1281/419/346 663/418/345
f 117/417/344 665/420/347 1281/419/346
f 665/420/347 141/351/278 698/350/277
f 1281/419/346 698/350/277 139/309/237
f 549/421/348 1282/423/350 565/415/342
f 74/422/349 563/424/351 1282/423/350
f 563/424/351 114/436/361 607/425/352
f 1282/423/350 607/425/352 116/426/353
f 553/427/354 1283/429/355 564/182/166
f 80/428/323 560/430/322 1283/429/355
f 560/430/322 109/624/366 608/431/356
f 1283/429/355 608/431/356 115/432/357
f 548/433/358 1284/434/359 563/424/351
f 73/406/333 595/405/332 1284/434/359
f 595/405/332 113/411/338 609/435/360
f 1284/434/359 609/435/360 114/436/361
f 1278/399/326 604/398/325 112/331/259
f 604/398/325 1319/615/533 594/393/320
f 552/437/362 1285/438/363 561/390/317
f 77/356/283 592/355/282 1285/438/363
f 592/355/282 110/361/288 611/439/364
f 1285/438/363 611/439/364 111/440/365
f 590/304/232 108/330/258 109/441/366
f 172/442/367 554/611/529 731/443/368
f 440/445/370 1286/449/374 589/446/371
f 17/448/373 471/450/375 1286/449/374
f 471/450/375 89/556/480 613/451/376
f 1286/449/374 613/451/376 107/452/377
f 434/453/378 1287/457/382 479/454/379
f 1/456/381 580/458/383 1287/457/382
f 580/458/383 98/528/452 614/459/384
f 1287/457/382 614/459/384 96/460/385
f 14/461/386 437/463/388 1288/462/387
f 437/463/388 12/529/453 477/464/389
f 1288/462/387 477/464/389 95/465/390
f 582/52/52 1288/462/387 615/466/391
f 8/467/392 429/471/396 1289/468/393
f 7/470/395 488/472/397 1289/468/393
f 488/472/397 104/486/411 616/473/398
f 489/469/394 1289/468/393 616/473/398
f 9/475/400 430/478/403 1290/476/401
f 430/478/403 8/467/392 489/469/394
f 1290/476/401 489/469/394 105/474/399
f 588/477/402 1290/476/401 617/479/404
f 428/481/406 1291/483/408 488/472/397
f 6/482/407 487/484/409 1291/483/408
f 487/484/409 103/498/423 618/485/410
f 1291/483/408 618/485/410 104/486/411
f 445/487/412 1292/490/415 481/488/413
f 21/179/163 476/178/162 1292/490/415
f 476/178/162 94/184/168 619/491/416
f 1292/490/415 619/491/416 97/492/417
f 427/493/418 1293/495/420 487/484/409
f 5/494/419 486/496/421 1293/495/420
f 486/496/421 102/504/429 620/497/422
f 1293/495/420 620/497/422 103/498/423
f 426/499/424 1294/501/426 486/496/421
f 4/500/425 485/502/427 1294/501/426
f 485/502/427 101/510/435 621/503/428
f 1294/501/426 621/503/428 102/504/429
f 425/505/430 1295/507/432 485/502/427
f 3/506/431 483/508/433 1295/507/432
f 483/508/433 99/524/448 622/509/434
f 1295/507/432 622/509/434 101/510/435
f 161/335/263 684/334/262 1296/511/436
f 684/334/262 87/340/267 569/513/438
f 1296/511/436 569/513/438 42/514/65
f 688/512/437 1296/511/436 671/115/112
f 444/515/439 1297/518/442 574/516/440
f 20/489/414 481/488/413 1297/518/442
f 481/488/413 97/492/417 623/519/443
f 1297/518/442 623/519/443 92/520/444
f 424/521/445 1298/522/446 483/508/433
f 2/455/380 479/454/379 1298/522/446
f 479/454/379 96/460/385 624/523/447
f 1298/522/446 624/523/447 99/524/448
f 16/447/372 589/446/371 1299/525/449
f 589/446/371 107/452/377 625/527/451
f 1299/525/449 625/527/451 98/528/452
f 447/526/450 1299/525/449 580/458/383
f 12/529/453 433/531/455 1300/530/454
f 433/531/455 11/535/459 475/532/456
f 1300/530/454 475/532/456 93/533/457
f 477/464/389 1300/530/454 626/534/458
f 11/535/459 432/537/461 1301/536/460
f 432/537/461 10/547/471 473/538/462
f 1301/536/460 473/538/462 91/539/463
f 475/532/456 1301/536/460 627/540/464
f 442/541/465 1302/544/468 570/542/466
f 18/517/441 574/516/440 1302/544/468
f 574/516/440 92/520/444 628/545/469
f 1302/544/468 628/545/469 88/546/470
f 10/547/471 431/549/473 1303/548/472
f 431/549/473 15/557/481 572/550/474
f 1303/548/472 572/550/474 90/551/475
f 473/538/462 1303/548/472 629/552/476
f 441/553/477 1304/554/478 471/450/375
f 19/543/467 570/542/466 1304/554/478
f 570/542/466 88/546/470 630/555/479
f 1304/554/478 630/555/479 89/556/480
f 15/557/481 438/559/483 1305/558/482
f 438/559/483 9/475/400 588/477/402
f 1305/558/482 588/477/402 106/480/405
f 572/550/474 1305/558/482 631/560/484
f 87/561/267 558/564/266 1306/562/485
f 558/564/266 86/3446/229 635/565/487
f 1306/562/485 635/565/487 121/566/488
f 634/563/486 1306/562/485 633/567/489
f 122/568/490 633/567/489 1307/569/491
f 633/567/489 121/566/488 638/571/493
f 1307/569/491 638/571/493 123/572/494
f 637/570/492 1307/569/491 636/573/495
f 61/238/197 650/384/311 1308/575/497
f 650/384/311 126/383/310 642/576/498
f 1308/575/497 642/576/498 128/577/209
f 529/290/223 1308/575/497 648/578/208
f 124/574/496 636/573/495 1309/579/499
f 636/573/495 123/572/494 641/580/500
f 1309/579/499 641/580/500 125/581/501
f 640/382/309 1309/579/499 639/582/502
f 55/67/66 652/584/504 1310/583/503
f 652/584/504 122/568/490 637/570/492
f 1310/583/503 637/570/492 124/574/496
f 514/271/213 1310/583/503 649/381/308
f 126/383/310 639/582/502 1311/585/505
f 639/582/502 125/581/501 643/586/506
f 643/586/506 127/3447/519 653/587/507
f 642/576/498 1311/585/505 653/587/507
f 13/588/508 645/591/511 1312/589/509
f 645/591/511 129/48/48 647/50/50
f 1312/589/509 647/50/50 130/55/55
f 632/590/510 1312/589/509 644/592/512
f 42/66/65 569/595/438 1313/594/514
f 569/595/438 87/561/267 634/563/486
f 1313/594/514 634/563/486 122/568/490
f 443/64/63 1313/594/514 652/584/504
f 163/596/515 687/599/518 1314/597/516
f 687/599/518 164/253/204 654/255/206
f 1314/597/516 654/255/206 128/258/209
f 685/598/517 1314/597/516 653/600/507
f 120/593/513 644/592/512 1315/602/520
f 644/592/512 130/55/55 686/604/522
f 1315/602/520 686/604/522 164/253/204
f 651/603/521 1315/602/520 687/599/518
f 115/432/357 597/606/524 1316/605/523
f 597/606/524 161/335/263 688/512/437
f 1316/605/523 688/512/437 147/113/110
f 612/183/167 1316/605/523 576/607/525
f 602/391/318 1317/609/527 667/608/526
f 111/440/365 593/610/528 1317/609/527
f 593/610/528 158/308/236 689/376/303
f 1317/609/527 689/376/303 143/372/299
f 554/611/529 79/632/547 171/315/243
f 108/330/258 662/332/260 591/612/530
f 1318/613/531 691/373/300 692/614/532
f 119/392/319 667/608/526 1318/613/531
f 667/608/526 143/372/299 691/373/300
f 603/401/328 1318/613/531 1319/615/533
f 605/410/337 1320/618/536 664/616/534
f 605/410/337 118/3445/1169 666/617/535
f 1320/618/536 666/617/535 142/619/537
f 664/616/534 1320/618/536 693/365/292
f 606/416/343 1321/620/538 665/420/347
f 116/426/353 598/621/539 1321/620/538
f 598/621/539 162/343/270 694/362/289
f 1321/620/538 694/362/289 141/351/278
f 607/425/352 1322/622/540 598/621/539
f 114/436/361 596/623/541 1322/622/540
f 596/623/541 160/324/252 695/341/268
f 1322/622/540 695/341/268 162/343/270
f 608/431/356 1323/625/542 597/606/524
f 109/624/366 591/626/530 1323/625/542
f 591/626/530 157/336/264 696/333/261
f 1323/625/542 696/333/261 161/335/263
f 609/435/360 1324/627/543 596/623/541
f 113/411/338 664/616/534 1324/627/543
f 664/616/534 140/325/253 697/322/250
f 1324/627/543 697/322/250 160/324/252
f 1319/615/533 692/614/532 159/628/544
f 170/444/369 731/443/368 1351/402/329
f 611/439/364 1325/630/546 593/610/528
f 110/361/288 663/418/345 1325/630/546
f 663/418/345 139/309/237 699/306/234
f 1325/630/546 699/306/234 158/308/236
f 662/332/260 138/394/321 157/631/264
f 79/632/547 554/611/529 728/633/548
f 130/55/55 646/54/54 1326/634/549
f 646/54/54 100/53/53 659/635/550
f 1326/634/549 659/635/550 135/135/130
f 686/604/522 1326/634/549 700/256/207
f 613/451/376 1327/637/552 661/636/551
f 89/556/480 571/638/553 1327/637/552
f 571/638/553 144/10/10 701/166/153
f 1327/637/552 701/166/153 137/56/56
f 614/459/384 1328/640/555 578/639/554
f 98/528/452 658/641/556 1328/640/555
f 658/641/556 134/63/62 702/145/139
f 1328/640/555 702/145/139 149/83/82
f 100/53/53 615/466/391 1329/642/557
f 615/466/391 95/465/390 577/643/558
f 1329/642/557 577/643/558 148/34/34
f 659/635/550 1329/642/557 703/138/133
f 105/474/399 616/473/398 1330/644/559
f 104/486/411 586/646/561 1330/644/559
f 586/646/561 155/120/115 704/131/126
f 587/645/560 1330/644/559 704/131/126
f 106/480/405 617/479/404 1331/647/562
f 617/479/404 105/474/399 587/645/560
f 1331/647/562 587/645/560 156/126/121
f 660/648/563 1331/647/562 705/127/122
f 618/485/410 1332/649/564 586/646/561
f 103/498/423 585/650/565 1332/649/564
f 585/650/565 154/108/105 706/118/113
f 1332/649/564 706/118/113 155/120/115
f 619/491/416 1333/652/567 579/651/566
f 94/184/168 576/607/525 1333/652/567
f 576/607/525 147/113/110 707/112/109
f 1333/652/567 707/112/109 150/89/86
f 620/497/422 1334/653/568 585/650/565
f 102/504/429 584/654/569 1334/653/568
f 584/654/569 153/102/99 708/106/103
f 1334/653/568 708/106/103 154/108/105
f 621/503/428 1335/655/570 584/654/569
f 101/510/435 583/656/571 1335/655/570
f 583/656/571 152/96/93 709/100/97
f 1335/655/570 709/100/97 153/102/99
f 622/509/434 1336/657/572 583/656/571
f 99/524/448 581/658/573 1336/657/572
f 581/658/573 151/82/81 710/94/91
f 1336/657/572 710/94/91 152/96/93
f 623/519/443 1337/660/575 657/659/574
f 97/492/417 579/651/566 1337/660/575
f 579/651/566 150/89/86 711/88/85
f 1337/660/575 711/88/85 133/24/24
f 624/523/447 1338/661/576 581/658/573
f 96/460/385 578/639/554 1338/661/576
f 578/639/554 149/83/82 712/80/79
f 1338/661/576 712/80/79 151/82/81
f 107/452/377 661/636/551 1339/662/577
f 661/636/551 137/56/56 713/58/58
f 1339/662/577 713/58/58 134/63/62
f 625/527/451 1339/662/577 658/641/556
f 95/465/390 626/534/458 1340/663/578
f 626/534/458 93/533/457 575/664/579
f 1340/663/578 575/664/579 146/28/28
f 577/643/558 1340/663/578 714/37/37
f 93/533/457 627/540/464 1341/665/580
f 627/540/464 91/539/463 573/666/581
f 1341/665/580 573/666/581 145/16/16
f 575/664/579 1341/665/580 715/31/31
f 628/545/469 1342/668/469 655/667/582
f 92/520/444 657/659/574 1342/668/469
f 657/659/574 133/24/24 716/22/22
f 1342/668/469 716/22/22 131/11/11
f 91/539/463 629/552/476 1343/669/583
f 629/552/476 90/551/475 656/670/584
f 1343/669/583 656/670/584 132/1/1
f 573/666/581 1343/669/583 717/19/19
f 630/555/479 1344/671/585 571/638/553
f 88/546/470 655/667/582 1344/671/585
f 655/667/582 131/11/11 718/8/8
f 1344/671/585 718/8/8 144/10/10
f 90/551/475 631/560/484 1345/672/586
f 631/560/484 106/480/405 660/648/563
f 1345/672/586 660/648/563 136/124/119
f 656/670/584 1345/672/586 719/4/4
f 643/673/506 1346/677/588 724/674/587
f 125/676/501 725/678/589 1346/677/588
f 725/678/589 168/686/595 723/679/590
f 1346/677/588 723/679/590 169/680/591
f 641/681/500 1347/683/592 725/678/589
f 123/682/494 726/684/593 1347/683/592
f 726/684/593 167/697/602 722/685/594
f 1347/683/592 722/685/594 168/686/595
f 635/687/487 1348/691/597 727/688/596
f 635/687/487 86/3448/229 728/690/548
f 728/690/548 165/721/605 720/692/598
f 1348/691/597 720/692/598 166/693/599
f 638/694/493 1349/695/600 726/684/593
f 121/689/488 727/688/596 1349/695/600
f 727/688/596 166/693/599 721/696/601
f 1349/695/600 721/696/601 167/697/602
f 85/379/306 557/378/305 1350/403/330
f 22/313/241 729/698/603 1350/403/330
f 730/629/545 1351/402/329 1350/403/330
f 731/443/368 171/315/243 732/371/298
f 730/629/545 1357/317/245 742/699/604
f 79/632/547 559/300/228 690/316/244
f 554/611/529 172/442/367 165/700/605
f 170/444/369 742/699/604 741/701/606
f 559/300/228 138/394/321 159/628/544
f 721/696/601 1352/703/608 739/702/607
f 166/693/599 740/704/609 1352/703/608
f 740/704/609 175/725/628 734/705/610
f 1352/703/608 734/705/610 176/706/611
f 742/699/604 179/710/615 180/707/612
f 172/442/367 741/701/606 743/708/613
f 741/701/606 180/707/612 174/709/614
f 179/710/615 754/726/616 758/711/616
f 722/685/594 1353/713/618 744/712/617
f 167/697/602 739/702/607 1353/713/618
f 739/702/607 176/706/611 735/714/619
f 1353/713/618 735/714/619 177/715/620
f 729/698/603 22/313/241 745/312/240
f 1354/716/621 745/312/240 173/347/274
f 729/698/603 1354/716/621 1357/317/245
f 723/679/590 1355/718/623 746/717/622
f 168/686/595 744/712/617 1355/718/623
f 744/712/617 177/715/620 736/719/624
f 1355/718/623 736/719/624 178/720/625
f 720/692/598 1356/722/626 740/704/609
f 165/721/605 743/723/613 1356/722/626
f 743/723/613 174/746/614 733/724/627
f 1356/722/626 733/724/627 175/725/628
f 1357/317/245 738/319/247 179/710/615
f 738/319/247 1358/728/630 754/726/616
f 1362/727/629 1358/728/630 738/319/247
f 1358/728/630 1362/727/629 817/729/631
f 1368/731/633 1366/771/636 763/732/634
f 735/714/619 1359/735/616 752/734/616
f 176/706/611 753/736/616 1359/735/616
f 753/736/616 183/755/616 749/737/616
f 1359/735/616 749/737/616 184/738/616
f 1358/728/630 751/730/632 186/739/616
f 751/730/632 1368/731/633 770/740/616
f 736/719/624 1360/742/616 755/741/616
f 177/715/620 752/734/616 1360/742/616
f 752/734/616 184/738/616 750/743/616
f 1360/742/616 750/743/616 185/744/616
f 733/724/627 1361/747/616 756/745/616
f 174/746/614 757/748/616 1361/747/616
f 757/748/616 181/764/616 747/749/616
f 1361/747/616 747/749/616 182/750/616
f 754/726/616 186/739/616 187/751/616
f 180/707/612 758/711/616 757/752/616
f 737/318/246 173/347/274 813/349/276
f 1362/727/629 813/349/276 84/353/280
f 734/705/610 1363/753/616 753/736/616
f 175/725/628 756/745/616 1363/753/616
f 756/745/616 182/750/616 748/754/616
f 1363/753/616 748/754/616 183/755/616
f 758/711/616 187/751/616 181/756/616
f 186/739/616 770/740/616 769/757/616
f 750/743/616 1364/759/616 765/758/616
f 184/738/616 766/760/616 1364/759/616
f 766/760/616 192/780/616 762/761/616
f 1364/759/616 762/761/616 193/762/616
f 747/749/616 1365/765/616 767/763/616
f 181/764/616 768/766/616 1365/765/616
f 768/766/616 189/804/616 759/767/616
f 1365/765/616 759/767/616 190/768/616
f 770/740/616 194/781/616 195/769/616
f 187/751/616 769/757/616 768/770/616
f 817/729/631 84/353/280 809/364/291
f 1366/771/636 809/364/291 188/346/273
f 751/730/632 817/729/631 1366/771/636
f 748/754/616 1367/773/616 771/772/616
f 182/750/616 767/763/616 1367/773/616
f 767/763/616 190/768/616 760/774/616
f 1367/773/616 760/774/616 191/775/616
f 769/757/616 195/769/616 189/776/616
f 195/769/616 780/788/616 779/777/616
f 749/737/616 1369/778/616 766/760/616
f 183/755/616 771/772/616 1369/778/616
f 771/772/616 191/775/616 761/779/616
f 1369/778/616 761/779/616 192/780/616
f 1368/731/633 764/733/635 194/781/616
f 764/733/635 1371/791/638 782/782/616
f 760/774/616 1370/784/616 777/783/616
f 190/768/616 778/785/616 1370/784/616
f 778/785/616 197/808/616 773/786/616
f 1370/784/616 773/786/616 198/787/616
f 780/788/616 202/809/616 196/789/616
f 194/781/616 782/782/616 780/788/616
f 1375/790/637 1371/791/638 764/733/635
f 1371/791/638 1375/790/637 818/792/639
f 761/779/616 1372/795/616 781/794/616
f 191/775/616 777/783/616 1372/795/616
f 777/783/616 198/787/616 774/796/616
f 1372/795/616 774/796/616 199/797/616
f 1371/791/638 776/793/640 201/798/616
f 776/793/640 1380/811/641 790/799/616
f 762/761/616 1373/801/616 783/800/616
f 192/780/616 781/794/616 1373/801/616
f 781/794/616 199/797/616 775/802/616
f 1373/801/616 775/802/616 200/803/616
f 759/767/616 1374/805/616 778/785/616
f 189/804/616 779/806/616 1374/805/616
f 779/806/616 196/822/616 772/807/616
f 1374/805/616 772/807/616 197/808/616
f 782/782/616 201/798/616 202/809/616
f 201/798/616 790/799/616 795/810/616
f 763/732/634 188/346/273 812/345/272
f 1375/790/637 812/345/272 83/329/257
f 1380/811/641 789/814/643 209/812/616
f 1380/811/641 1378/829/644 788/813/642
f 789/814/643 1382/842/643 806/815/616
f 775/802/616 1376/817/616 791/816/616
f 199/797/616 792/818/616 1376/817/616
f 792/818/616 207/838/616 787/819/616
f 1376/817/616 787/819/616 208/820/616
f 772/807/616 1377/823/616 793/821/616
f 196/822/616 794/824/616 1377/823/616
f 794/824/616 204/861/616 784/825/616
f 1377/823/616 784/825/616 205/826/616
f 790/799/616 209/812/616 210/827/616
f 202/809/616 795/810/616 794/828/616
f 818/792/639 83/329/257 811/328/256
f 1378/829/644 811/328/256 203/369/296
f 776/793/640 818/792/639 1378/829/644
f 773/786/616 1379/831/616 796/830/616
f 197/808/616 793/821/616 1379/831/616
f 793/821/616 205/826/616 785/832/616
f 1379/831/616 785/832/616 206/833/616
f 795/810/616 210/827/616 204/834/616
f 210/827/616 803/839/616 802/835/616
f 774/796/616 1381/836/616 792/818/616
f 198/787/616 796/830/616 1381/836/616
f 796/830/616 206/833/616 786/837/616
f 1381/836/616 786/837/616 207/838/616
f 803/839/616 217/866/616 211/840/616
f 209/812/616 806/815/616 803/839/616
f 1386/841/645 1382/842/643 789/814/643
f 1382/842/643 1386/841/645 819/843/646
f 1453/845/648 1454/1240/948 1084/846/649
f 786/837/616 1383/849/616 804/848/616
f 206/833/616 805/850/616 1383/849/616
f 805/850/616 213/873/616 799/851/616
f 1383/849/616 799/851/616 214/852/616
f 1382/842/643 801/844/647 216/853/616
f 384/854/651 1125/1241/949 1453/845/648
f 787/819/616 1384/857/616 807/856/616
f 207/838/616 804/848/616 1384/857/616
f 804/848/616 214/852/616 800/858/616
f 1384/857/616 800/858/616 215/859/616
f 784/825/616 1385/862/616 808/860/616
f 204/861/616 802/863/616 1385/862/616
f 802/863/616 211/3449/616 797/864/616
f 1385/862/616 797/864/616 212/865/616
f 806/815/616 216/853/616 217/866/616
f 301/867/653 295/1310/1016 955/868/654
f 788/813/642 203/369/296 810/368/295
f 1386/841/645 810/368/295 82/870/656
f 785/832/616 1387/871/616 805/850/616
f 205/826/616 808/860/616 1387/871/616
f 808/860/616 212/865/616 798/872/616
f 1387/871/616 798/872/616 213/873/616
f 346/874/657 868/878/661 1388/875/658
f 253/877/660 858/879/662 1388/875/658
f 858/879/662 248/997/773 887/880/663
f 1112/876/659 1388/875/658 887/880/663
f 1061/882/665 1389/886/669 1111/883/666
f 1061/882/665 255/1039/807 861/885/668
f 1389/886/669 861/885/668 257/887/670
f 1389/886/669 866/888/671 345/889/672
f 358/890/673 1062/894/677 1390/891/674
f 249/893/676 852/895/678 1390/891/674
f 852/895/678 253/877/660 868/878/661
f 1110/892/675 1390/891/674 868/878/661
f 866/888/671 1391/898/681 1109/896/679
f 866/888/671 257/887/670 862/897/680
f 862/897/680 256/960/739 870/899/682
f 1391/898/681 870/899/682 347/900/683
f 359/901/684 1063/905/688 1392/902/685
f 250/904/687 853/906/689 1392/902/685
f 853/906/689 249/893/676 1062/894/677
f 1108/903/686 1392/902/685 1062/894/677
f 361/907/690 1065/910/693 1393/908/691
f 1065/910/693 251/1010/786 854/911/694
f 1393/908/691 854/911/694 250/904/687
f 1107/909/692 1393/908/691 1063/905/688
f 240/912/695 835/915/698 1394/913/696
f 835/915/698 276/1014/790 923/916/699
f 1394/913/696 923/916/699 277/917/700
f 865/914/697 1394/913/696 859/918/701
f 343/920/703 1041/923/706 1395/921/704
f 1041/923/706 344/1460/1147 1040/924/707
f 1395/921/704 1040/924/707 315/925/708
f 831/922/705 1395/921/704 977/926/709
f 351/928/711 1106/931/714 1396/929/712
f 1106/931/714 348/1019/793 878/932/715
f 878/932/715 240/1018/695 865/933/697
f 1396/929/712 865/933/697 254/934/702
f 864/935/716 1397/939/720 839/936/717
f 258/938/719 876/940/721 1397/939/720
f 876/940/721 271/1132/863 922/941/722
f 1397/939/720 922/941/722 272/942/723
f 242/943/724 911/946/727 1398/944/725
f 911/946/727 273/1065/827 916/947/728
f 1398/944/725 916/947/728 275/948/729
f 845/945/726 1398/944/725 886/949/730
f 1068/951/732 1399/955/735 1105/952/733
f 1068/951/732 242/970/724 845/954/726
f 1399/955/735 845/954/726 241/956/731
f 1399/955/735 1066/957/736 362/958/737
f 870/899/682 1400/961/740 1104/959/738
f 256/960/739 863/962/741 1400/961/740
f 863/962/741 258/984/719 1067/963/742
f 1400/961/740 1067/963/742 363/964/743
f 1069/965/744 1401/969/748 1103/966/745
f 243/968/747 846/3450/825 1401/969/748
f 1401/969/748 846/3450/825 242/970/724
f 1401/969/748 1068/951/732 364/953/734
f 1070/971/749 1402/975/753 1102/972/750
f 244/974/752 847/976/754 1402/975/753
f 847/976/754 243/968/747 1069/965/744
f 1402/975/753 1069/965/744 365/967/746
f 1071/977/755 1403/981/759 1101/978/756
f 245/980/758 848/982/760 1403/981/759
f 848/982/760 244/974/752 1070/971/749
f 1403/981/759 1070/971/749 366/973/751
f 1067/963/742 1404/985/762 1100/983/761
f 258/984/719 864/986/716 1404/985/762
f 864/986/716 259/1380/718 1064/987/763
f 1404/985/762 1064/987/763 360/988/764
f 1072/989/765 1405/993/769 1099/990/766
f 246/992/768 849/994/770 1405/993/769
f 849/994/770 245/980/758 1071/977/755
f 1405/993/769 1071/977/755 367/979/757
f 350/881/664 887/880/663 1406/995/771
f 248/997/773 851/998/774 1406/995/771
f 851/998/774 247/1002/778 1073/999/775
f 1406/995/771 1073/999/775 369/1000/776
f 1073/999/775 1407/1003/779 1097/1001/777
f 247/1002/778 850/1004/780 1407/1003/779
f 850/1004/780 246/992/768 1072/989/765
f 1407/1003/779 1072/989/765 368/991/767
f 349/1005/781 880/1008/784 1408/1006/782
f 880/1008/784 252/1129/862 857/1009/785
f 1408/1006/782 857/1009/785 251/1010/786
f 1096/1007/783 1408/1006/782 1065/910/693
f 855/1011/787 1409/1012/788 835/915/698
f 241/950/731 886/949/730 1409/1012/788
f 886/949/730 275/948/729 919/1013/789
f 1409/1012/788 919/1013/789 276/1014/790
f 1066/957/736 1410/1017/792 1095/1015/791
f 1066/957/736 241/956/731 855/1016/787
f 1410/1017/792 855/1016/787 240/1018/695
f 1410/1017/792 878/932/715 348/1019/793
f 257/1020/670 832/1023/795 1411/1021/794
f 832/1023/795 274/1061/824 917/1024/796
f 1411/1021/794 917/1024/796 269/1025/797
f 862/1022/680 1411/1021/794 856/1026/798
f 927/1028/799 1412/1032/801 858/1029/662
f 280/1031/800 937/1033/802 1412/1032/801
f 937/1033/802 282/1159/876 929/1034/803
f 1412/1032/801 929/1034/803 248/1035/773
f 888/930/713 1413/1038/806 1094/1036/804
f 888/930/713 254/934/702 860/1037/805
f 1413/1038/806 860/1037/805 255/1039/807
f 1413/1038/806 1061/882/665 357/884/667
f 930/1040/808 1414/1044/810 854/1041/694
f 283/1043/809 933/1045/811 1414/1044/810
f 933/1045/811 285/1147/870 932/1046/812
f 1414/1044/810 932/1046/812 250/1047/687
f 872/1048/813 1415/1052/817 842/1049/814
f 309/1051/816 1006/1053/818 1415/1052/817
f 1006/1053/818 330/1295/1001 960/1054/819
f 1415/1052/817 960/1054/819 297/1055/820
f 861/1056/668 1416/1058/821 832/1023/795
f 255/1057/807 874/1059/822 1416/1058/821
f 874/1059/822 270/1137/865 920/1060/823
f 1416/1058/821 920/1060/823 274/1061/824
f 846/1062/825 1417/1064/826 911/946/727
f 243/1063/747 924/1066/828 1417/1064/826
f 273/1065/827 911/946/727 1417/1064/826
f 263/1067/829 909/1070/831 1418/1068/830
f 909/1070/831 271/1132/863 918/1071/832
f 1418/1068/830 918/1071/832 269/1025/797
f 898/1069/830 1418/1068/830 907/1072/830
f 844/1074/833 1419/1078/836 899/1075/834
f 245/1077/758 934/1079/837 1419/1078/836
f 934/1079/837 284/1097/843 895/1080/838
f 1419/1078/836 895/1080/838 266/1081/839
f 894/1082/831 1420/1086/831 900/1083/830
f 279/1085/840 936/1087/841 1420/1086/831
f 936/1087/841 285/1147/870 889/1088/830
f 1420/1086/831 889/1088/830 260/1073/830
f 268/1089/831 908/1092/830 1421/1090/830
f 908/1092/830 270/1137/865 921/1093/842
f 1421/1090/830 921/1093/842 277/917/700
f 901/1091/830 1421/1090/830 915/1094/830
f 895/1080/838 1422/1098/830 902/1096/830
f 284/1097/843 940/1099/844 1422/1098/830
f 940/1099/844 281/1113/852 896/1100/830
f 1422/1098/830 896/1100/830 267/1101/831
f 897/1102/830 1423/1104/830 903/1103/831
f 280/1031/800 935/1105/845 1423/1104/830
f 935/1105/845 279/1085/840 894/1082/831
f 1423/1104/830 894/1082/831 265/1084/830
f 263/1067/829 892/1108/848 1424/1106/846
f 283/1043/809 938/1160/877 1424/1106/846
f 1424/1106/846 938/1160/877 278/1109/849
f 904/1107/847 1424/1106/846 891/1110/850
f 896/1100/830 1425/1114/830 905/1112/830
f 281/1113/852 939/1115/853 1425/1114/830
f 939/1115/853 282/1159/876 890/1116/830
f 1425/1114/830 890/1116/830 261/1095/830
f 244/1117/752 848/1120/760 1426/1118/854
f 844/1074/833 1426/1118/854 848/1120/760
f 264/1076/835 906/1119/855 1426/1118/854
f 273/1065/827 893/1122/856 1427/1121/830
f 893/1122/856 264/1076/835 899/1075/834
f 1427/1121/830 899/1075/834 266/1081/839
f 916/947/728 1427/1121/830 913/1123/830
f 377/1124/857 1048/1127/860 1428/1125/858
f 1048/1127/860 342/1468/1131 1042/1128/861
f 1428/1125/858 1042/1128/861 252/1129/862
f 1093/1126/859 1428/1125/858 880/1008/784
f 274/1061/824 912/1131/830 1429/1130/830
f 912/1131/830 265/1084/830 900/1083/830
f 1429/1130/830 900/1083/830 260/1073/830
f 917/1024/796 1429/1130/830 907/1072/830
f 271/1132/863 876/940/721 1430/1133/864
f 876/940/721 258/938/719 863/1134/741
f 1430/1133/864 863/1134/741 256/1027/739
f 918/1071/832 1430/1133/864 856/1026/798
f 275/948/729 913/1123/830 1431/1135/830
f 913/1123/830 266/1081/839 902/1096/830
f 1431/1135/830 902/1096/830 267/1101/831
f 919/1013/789 1431/1135/830 914/1136/831
f 270/1137/865 908/1092/830 1432/1138/830
f 908/1092/830 268/1089/831 903/1103/831
f 1432/1138/830 903/1103/831 265/1084/830
f 920/1060/823 1432/1138/830 912/1131/830
f 270/1137/865 874/1059/822 1433/1139/866
f 874/1059/822 255/1057/807 860/1140/805
f 1433/1139/866 860/1140/805 254/919/702
f 921/1093/842 1433/1139/866 859/918/701
f 271/1132/863 909/1070/831 1434/1141/867
f 909/1070/831 263/1067/829 904/1107/847
f 1434/1141/867 904/1107/847 262/1111/851
f 922/941/722 1434/1141/867 910/1142/868
f 276/1014/790 914/1136/831 1435/1143/830
f 914/1136/831 267/1101/831 905/1112/830
f 1435/1143/830 905/1112/830 261/1095/830
f 923/916/699 1435/1143/830 915/1094/830
f 243/1063/747 847/1145/754 1436/1144/869
f 847/1145/754 244/1117/752 906/1119/855
f 1436/1144/869 906/1119/855 264/1076/835
f 924/1066/828 1436/1144/869 893/1122/856
f 892/1108/848 1437/1146/830 933/1045/811
f 892/1108/848 263/1067/829 898/1069/830
f 898/1069/830 260/1073/830 889/1088/830
f 1437/1146/830 889/1088/830 285/1147/870
f 849/1148/770 1438/1151/872 934/1079/837
f 931/1149/871 1438/1151/872 849/1148/770
f 284/1097/843 934/1079/837 1438/1151/872
f 927/1028/799 1439/1152/873 935/1105/845
f 253/1030/660 852/1153/678 1439/1152/873
f 852/1153/678 249/1155/676 926/1154/874
f 1439/1152/873 926/1154/874 279/1085/840
f 926/1154/874 1440/1156/875 936/1087/841
f 249/1155/676 853/1157/689 1440/1156/875
f 853/1157/689 250/1047/687 932/1046/812
f 1440/1156/875 932/1046/812 285/1147/870
f 897/1102/830 1441/1158/830 937/1033/802
f 268/1089/831 901/1091/830 1441/1158/830
f 901/1091/830 261/1095/830 890/1116/830
f 1441/1158/830 890/1116/830 282/1159/876
f 930/1040/808 1442/1162/878 938/1160/877
f 930/1040/808 251/1042/786 857/1161/785
f 1442/1162/878 857/1161/785 252/1163/862
f 938/1160/877 1442/1162/878 925/1164/879
f 928/1165/880 1443/1167/881 939/1115/853
f 247/1166/778 851/1168/774 1443/1167/881
f 851/1168/774 248/1035/773 929/1034/803
f 1443/1167/881 929/1034/803 282/1159/876
f 931/1149/871 1444/1169/882 940/1099/844
f 246/1150/768 850/1170/780 1444/1169/882
f 850/1170/780 247/1166/778 928/1165/880
f 1444/1169/882 928/1165/880 281/1113/852
f 958/1171/883 985/1199/911 323/1172/884
f 1074/869/655 955/868/654 352/1174/886
f 1075/1176/888 1445/1180/892 1092/1177/889
f 239/1179/891 1138/1181/893 1445/1180/892
f 1138/1181/893 386/1216/926 1202/1182/894
f 1445/1180/892 1202/1182/894 353/1183/895
f 1459/1184/896 958/1171/883 327/1173/885
f 1083/855/652 1453/845/648 1085/847/650
f 1538/1187/899 1131/1567/1238 1130/1188/900
f 1076/1190/902 1446/1194/906 1090/1191/903
f 298/1193/905 1199/1195/907 1446/1194/906
f 1199/1195/907 416/1235/945 1203/1196/908
f 1446/1194/906 1203/1196/908 354/1197/909
f 989/1198/910 1056/1264/972 352/1174/886
f 985/1199/911 958/1171/883 294/1200/912
f 1077/1202/914 1447/1206/918 1089/1203/915
f 302/1205/917 954/1207/919 1447/1206/918
f 954/1207/919 301/3451/653 1074/1208/655
f 1447/1206/918 1074/1208/655 370/1209/887
f 1204/1210/920 1448/1214/924 1088/1211/921
f 401/1213/923 1200/1215/925 1448/1214/924
f 1200/1215/925 298/1193/905 1076/1190/902
f 1448/1214/924 1076/1190/902 373/1192/904
f 386/1216/926 1201/1218/928 1449/1217/927
f 1201/1218/928 299/1231/941 962/1219/929
f 1449/1217/927 962/1219/929 355/1220/930
f 1202/1182/894 1449/1217/927 1091/1221/931
f 987/1222/932 1450/1226/936 946/1223/933
f 325/1225/935 1004/1227/937 1450/1226/936
f 1004/1227/937 332/1280/986 994/1228/938
f 1450/1226/936 994/1228/938 291/1229/939
f 962/1219/929 1451/1232/942 1087/1230/940
f 299/1231/941 1197/1233/943 1451/1232/942
f 1197/1233/943 401/1213/923 1204/1210/920
f 1451/1232/942 1204/1210/920 375/1212/922
f 1203/1196/908 1452/1236/946 1086/1234/944
f 416/1235/945 1198/1237/947 1452/1236/946
f 1198/1237/947 82/1733/656 567/1238/293
f 1086/1234/944 1452/1236/946 567/1238/293
f 1454/1240/948 1453/845/648 1125/1241/949
f 952/1242/950 300/1246/954 963/1243/951
f 1454/1240/948 963/1243/951 356/1244/952
f 963/1243/951 1455/1247/955 1082/1245/953
f 300/1246/954 953/1248/956 1455/1247/955
f 953/1248/956 239/1179/891 1075/1176/888
f 1455/1247/955 1075/1176/888 371/1178/890
f 262/1111/851 891/1110/850 1456/1249/957
f 891/1110/850 278/1109/849 1044/1251/959
f 1456/1249/957 1044/1251/959 340/1252/960
f 1043/1250/958 1456/1249/957 1034/1253/961
f 995/1255/963 1457/1259/967 947/1256/964
f 333/1258/966 996/1260/968 1457/1259/967
f 996/1260/968 326/1306/1012 957/1261/969
f 1457/1259/967 957/1261/969 287/1262/970
f 985/1199/911 956/1311/1004 324/1263/971
f 1056/1264/972 989/1198/910 327/1173/885
f 998/1185/897 997/1268/976 1458/1265/973
f 952/1242/950 1125/1241/949 1532/1266/974
f 997/1268/976 333/1258/966 995/1255/963
f 1458/1265/973 995/1255/963 292/1257/965
f 1459/1184/896 1458/1265/973 943/1269/977
f 990/1271/979 1460/1275/983 942/1272/980
f 328/1274/982 999/1276/984 1460/1275/983
f 999/1276/984 118/1486/1169 600/1277/336
f 1460/1275/983 600/1277/336 69/1278/334
f 994/1228/938 1461/1281/987 941/1279/985
f 332/1280/986 1000/1282/988 1461/1281/987
f 1000/1282/988 331/1289/995 961/1283/989
f 1461/1281/987 961/1283/989 288/1284/990
f 1057/1285/991 1462/1286/992 1004/1227/937
f 353/1183/895 1091/1221/931 1462/1286/992
f 1091/1221/931 355/1220/930 1059/1287/993
f 1462/1286/992 1059/1287/993 332/1280/986
f 961/1283/989 1463/1290/996 945/1288/994
f 331/1289/995 1001/1291/997 1463/1290/996
f 1001/1291/997 329/1301/1007 959/1292/998
f 1463/1290/996 959/1292/998 290/1293/999
f 960/1054/819 1464/1296/1002 949/1294/1000
f 330/1295/1001 1002/1297/1003 1464/1296/1002
f 1002/1297/1003 324/1493/971 956/1298/1004
f 1464/1296/1002 956/1298/1004 296/1299/1005
f 959/1292/998 1465/1302/1008 944/1300/1006
f 329/1301/1007 1003/1303/1009 1465/1302/1008
f 1003/1303/1009 328/1274/982 990/1271/979
f 1465/1302/1008 990/1271/979 289/1273/981
f 1500/1304/1010 989/1198/910 372/1186/898
f 958/1171/883 1459/1184/896 951/1270/978
f 957/1261/969 1466/1307/1013 948/1305/1011
f 326/1306/1012 1005/1308/1014 1466/1307/1013
f 1005/1308/1014 325/1225/935 987/1222/932
f 1466/1307/1013 987/1222/932 293/1224/934
f 950/1309/1015 1124/1479/1163 384/854/651
f 956/1311/1004 985/1199/911 286/1201/913
f 984/1313/1017 1467/1317/1020 836/1314/1018
f 322/1316/1019 1007/1318/1021 1467/1317/1020
f 1007/1318/1021 304/1421/1112 867/1319/1022
f 1467/1317/1020 867/1319/1022 234/1320/373
f 875/1321/1023 1468/1325/1027 830/1322/1024
f 311/1324/1026 1008/1326/1028 1468/1325/1027
f 1008/1326/1028 313/1394/1089 975/1327/383
f 1468/1325/1027 975/1327/383 218/1328/381
f 231/927/710 977/926/709 1469/1329/1029
f 977/926/709 315/925/708 1009/1331/1031
f 1469/1329/1029 1009/1331/1031 310/1332/1032
f 833/1330/1030 1469/1329/1029 873/1333/1033
f 225/1335/1034 885/1338/1037 1470/1336/1035
f 885/1338/1037 320/1347/1046 1010/1339/1038
f 1010/1339/1038 319/1349/1048 884/1340/1039
f 1470/1336/1035 884/1340/1039 224/1341/1040
f 226/1342/1041 983/1345/1044 1471/1343/1042
f 983/1345/1044 321/1427/1118 1011/1346/1045
f 1471/1343/1042 1011/1346/1045 320/1347/1046
f 826/1344/1043 1471/1343/1042 885/1338/1037
f 884/1340/1039 1472/1350/1049 824/1348/1047
f 319/1349/1048 1012/1351/1050 1472/1350/1049
f 1012/1351/1050 318/1361/1060 883/1352/1051
f 1472/1350/1049 883/1352/1051 223/1353/1052
f 877/1354/1053 1473/1358/1057 841/1355/1054
f 312/1357/1056 1013/1359/1058 1473/1358/1057
f 1013/1359/1058 309/1051/816 872/1048/813
f 1473/1358/1057 872/1048/813 238/1050/815
f 883/1352/1051 1474/1362/1061 823/1360/1059
f 318/1361/1060 1014/1363/1062 1474/1362/1061
f 1014/1363/1062 317/1367/1066 882/1364/1063
f 1474/1362/1061 882/1364/1063 222/1365/1064
f 882/1364/1063 1475/1368/1067 822/1366/1065
f 317/1367/1066 1015/1369/1068 1475/1368/1067
f 1015/1369/1068 316/1373/1072 881/1370/1069
f 1475/1368/1067 881/1370/1069 221/1371/1070
f 881/1370/1069 1476/1374/1073 821/1372/1071
f 316/1373/1072 1016/1375/1074 1476/1374/1073
f 1016/1375/1074 314/1389/1084 879/1376/1075
f 1476/1374/1073 879/1376/1075 220/1377/1076
f 374/1204/916 1081/1379/1078 1477/1378/1077
f 1081/1379/1078 360/988/764 1064/987/763
f 1477/1378/1077 1064/987/763 259/1380/718
f 1077/1202/914 1477/1378/1077 964/1381/1079
f 969/1382/574 1478/1386/1081 840/1383/1080
f 307/1385/444 1017/1387/1082 1478/1386/1081
f 1017/1387/1082 312/1357/1056 877/1354/1053
f 1478/1386/1081 877/1354/1053 237/1356/1055
f 879/1376/1075 1479/1390/1085 820/1388/1083
f 314/1389/1084 1018/1391/1086 1479/1390/1085
f 1018/1391/1086 311/1324/1026 875/1321/1023
f 1479/1390/1085 875/1321/1023 219/1323/1025
f 233/1315/372 843/1393/1088 1480/1392/1087
f 843/1393/1088 218/1328/381 975/1327/383
f 1480/1392/1087 975/1327/383 313/1394/1089
f 984/1313/1017 1480/1392/1087 1019/1395/1090
f 229/1334/453 873/1333/1033 1481/1396/1091
f 873/1333/1033 310/1332/1032 1020/1398/1093
f 1481/1396/1091 1020/1398/1093 308/1399/1094
f 829/1397/1092 1481/1396/1091 871/1400/1095
f 228/1401/1096 871/1400/1095 1482/1402/460
f 871/1400/1095 308/1399/1094 1021/1404/1098
f 1482/1402/460 1021/1404/1098 306/1405/1099
f 828/1403/1097 1482/1402/460 869/1406/1100
f 965/1408/1102 1483/1412/468 838/1409/465
f 303/1411/1104 1022/1413/468 1483/1412/468
f 1022/1413/468 307/1385/444 969/1382/574
f 1483/1412/468 969/1382/574 235/1384/441
f 227/1407/1101 869/1406/1100 1484/1414/1105
f 869/1406/1100 306/1405/1099 1023/1416/1107
f 1484/1414/1105 1023/1416/1107 305/1417/1108
f 827/1415/1106 1484/1414/1105 967/1418/1109
f 867/1319/1022 1485/1422/1113 837/1420/1111
f 304/1421/1112 1024/1423/1114 1485/1422/1113
f 1024/1423/1114 303/1411/1104 965/1408/1102
f 1485/1422/1113 965/1408/1102 236/1410/1103
f 232/1419/1110 967/1418/1109 1486/1424/1115
f 967/1418/1109 305/1417/1108 1025/1426/1117
f 1486/1424/1115 1025/1426/1117 321/1427/1118
f 834/1425/1116 1486/1424/1115 983/1345/1044
f 302/1428/917 1028/1431/1120 1487/1429/1119
f 1028/1431/1120 336/1436/1124 1027/1432/1121
f 1487/1429/1119 1027/1432/1121 335/1433/1122
f 954/1430/919 1487/1429/1119 1029/1434/1123
f 336/1436/1124 1031/1438/1126 1488/1437/1125
f 1031/1438/1126 338/1254/962 1030/1439/1127
f 1488/1437/1125 1030/1439/1127 337/1440/1128
f 1027/1432/1121 1488/1437/1125 1032/1441/1129
f 278/1109/849 925/1164/879 1489/1442/1130
f 925/1164/879 252/1163/862 1042/1443/861
f 1489/1442/1130 1042/1443/861 342/1444/1131
f 1044/1251/959 1489/1442/1130 1036/1445/1132
f 338/1254/962 1034/1253/961 1490/1446/1133
f 1034/1253/961 340/1252/960 1033/1447/1134
f 1490/1446/1133 1033/1447/1134 339/1448/1135
f 1030/1439/1127 1490/1446/1133 1035/1449/1136
f 272/942/723 910/1142/868 1491/1450/1137
f 910/1142/868 262/1111/851 1043/1250/958
f 1491/1450/1137 1043/1250/958 338/1254/962
f 1046/1451/1138 1491/1450/1137 1031/1438/1126
f 340/1252/960 1036/1445/1132 1492/1452/1139
f 1036/1445/1132 342/1444/1131 1047/1453/1140
f 1047/1453/1140 341/3452/1219 1037/1454/1141
f 1033/1447/1134 1492/1452/1139 1037/1454/1141
f 230/1455/1142 1026/1458/1145 1493/1456/1143
f 1026/1458/1145 334/1469/1153 1038/1459/1146
f 1493/1456/1143 1038/1459/1146 344/1460/1147
f 1039/1457/1144 1493/1456/1143 1041/923/706
f 259/937/718 839/936/717 1494/1461/1148
f 839/936/717 272/942/723 1046/1451/1138
f 1494/1461/1148 1046/1451/1138 336/1436/1124
f 964/1462/1079 1494/1461/1148 1028/1431/1120
f 376/1463/1149 1078/1466/1152 1495/1464/1150
f 1078/1466/1152 341/3453/1219 1047/1467/1140
f 1495/1464/1150 1047/1467/1140 342/1468/1131
f 1080/1465/1151 1495/1464/1150 1048/1127/860
f 334/1469/1153 1045/1471/1155 1496/1470/1154
f 1045/1471/1155 376/1463/1149 1080/1465/1151
f 1496/1470/1154 1080/1465/1151 377/1124/857
f 1038/1459/1146 1496/1470/1154 1079/1472/1156
f 330/1295/1001 1006/1053/818 1497/1473/1157
f 1006/1053/818 309/1051/816 971/1475/1159
f 1497/1473/1157 971/1475/1159 360/988/764
f 992/1474/1158 1497/1473/1157 1081/1379/1078
f 1060/1476/1160 1498/1477/1161 996/1260/968
f 356/1244/952 1082/1245/953 1498/1477/1161
f 1082/1245/953 371/1178/890 988/1478/1162
f 1498/1477/1161 988/1478/1162 326/1306/1012
f 1056/1264/972 986/1498/1175 370/1175/887
f 1124/1479/1163 950/1309/1015 385/1480/1164
f 1085/847/650 1084/846/649 1499/1482/1166
f 1084/846/649 356/1244/952 1060/1476/1160
f 1499/1482/1166 1060/1476/1160 333/1258/966
f 1500/1304/1010 1499/1482/1166 997/1268/976
f 1058/1483/1167 1501/1484/1168 999/1276/984
f 1058/1483/1167 354/1197/909 1086/1234/944
f 1501/1484/1168 1086/1234/944 142/1239/537
f 999/1276/984 1501/1484/1168 666/1485/535
f 1059/1287/993 1502/1487/1170 1000/1282/988
f 355/1220/930 1087/1230/940 1502/1487/1170
f 1087/1230/940 375/1212/922 993/1488/1171
f 1502/1487/1170 993/1488/1171 331/1289/995
f 993/1488/1171 1503/1489/1172 1001/1291/997
f 375/1212/922 1088/1211/921 1503/1489/1172
f 1088/1211/921 373/1192/904 991/1490/1173
f 1503/1489/1172 991/1490/1173 329/1301/1007
f 992/1474/1158 1504/1491/1174 1002/1297/1003
f 374/1204/916 1089/1203/915 1504/1491/1174
f 1089/1203/915 370/1209/887 986/1492/1175
f 1504/1491/1174 986/1492/1175 324/1493/971
f 991/1490/1173 1505/1494/1176 1003/1303/1009
f 373/1192/904 1090/1191/903 1505/1494/1176
f 1090/1191/903 354/1197/909 1058/1483/1167
f 1505/1494/1176 1058/1483/1167 328/1274/982
f 1124/1479/1163 1532/1266/974 1125/1241/949
f 989/1198/910 1500/1304/1010 998/1185/897
f 988/1478/1162 1506/1495/1177 1005/1308/1014
f 371/1178/890 1092/1177/889 1506/1495/1177
f 1092/1177/889 353/1183/895 1057/1285/991
f 1506/1495/1177 1057/1285/991 325/1225/935
f 378/1496/1178 385/1480/1164 950/1309/1015
f 986/1498/1175 1056/1264/972 323/1172/884
f 344/1460/1147 1079/1472/1156 1507/1499/1180
f 1079/1472/1156 377/1124/857 1093/1126/859
f 1507/1499/1180 1093/1126/859 349/1005/781
f 1040/924/707 1507/1499/1180 1053/1500/1181
f 1055/1501/1182 1508/1502/1183 1007/1318/1021
f 351/928/711 1094/1036/804 1508/1502/1183
f 1094/1036/804 357/884/667 966/1503/1184
f 1508/1502/1183 966/1503/1184 304/1421/1112
f 973/1504/1185 1509/1505/1186 1008/1326/1028
f 362/958/737 1095/1015/791 1509/1505/1186
f 1095/1015/791 348/1019/793 1052/1506/1187
f 1509/1505/1186 1052/1506/1187 313/1394/1089
f 315/925/708 1053/1500/1181 1510/1507/1188
f 1053/1500/1181 349/1005/781 1096/1007/783
f 1510/1507/1188 1096/1007/783 361/907/690
f 1009/1331/1031 1510/1507/1188 972/1508/1189
f 320/1347/1046 982/1510/1191 1511/1509/1190
f 982/1510/1191 369/1000/776 1097/1001/777
f 1097/1001/777 368/991/767 981/1511/1192
f 1511/1509/1190 981/1511/1192 319/1349/1048
f 321/1427/1118 1054/1513/1194 1512/1512/1193
f 1054/1513/1194 350/881/664 1098/996/772
f 1512/1512/1193 1098/996/772 369/1000/776
f 1011/1346/1045 1512/1512/1193 982/1510/1191
f 981/1511/1192 1513/1514/1195 1012/1351/1050
f 368/991/767 1099/990/766 1513/1514/1195
f 1099/990/766 367/979/757 980/1515/1196
f 1513/1514/1195 980/1515/1196 318/1361/1060
f 974/1516/1197 1514/1517/1198 1013/1359/1058
f 363/964/743 1100/983/761 1514/1517/1198
f 1100/983/761 360/988/764 971/1475/1159
f 1514/1517/1198 971/1475/1159 309/1051/816
f 980/1515/1196 1515/1518/1199 1014/1363/1062
f 367/979/757 1101/978/756 1515/1518/1199
f 1101/978/756 366/973/751 979/1519/1200
f 1515/1518/1199 979/1519/1200 317/1367/1066
f 979/1519/1200 1516/1520/1201 1015/1369/1068
f 366/973/751 1102/972/750 1516/1520/1201
f 1102/972/750 365/967/746 978/1521/1202
f 1516/1520/1201 978/1521/1202 316/1373/1072
f 978/1521/1202 1517/1522/1203 1016/1375/1074
f 365/967/746 1103/966/745 1517/1522/1203
f 1103/966/745 364/953/734 976/1523/1204
f 1517/1522/1203 976/1523/1204 314/1389/1084
f 1051/1524/1205 1518/1525/1206 1017/1387/1082
f 347/900/683 1104/959/738 1518/1525/1206
f 1104/959/738 363/964/743 974/1516/1197
f 1518/1525/1206 974/1516/1197 312/1357/1056
f 976/1523/1204 1519/1526/1207 1018/1391/1086
f 364/953/734 1105/952/733 1519/1526/1207
f 1105/952/733 362/958/737 973/1504/1185
f 1519/1526/1207 973/1504/1185 311/1324/1026
f 322/1316/1019 1019/1395/1090 1520/1527/1208
f 1019/1395/1090 313/1394/1089 1052/1506/1187
f 1520/1527/1208 1052/1506/1187 348/1019/793
f 1055/1501/1182 1520/1527/1208 1106/931/714
f 310/1332/1032 972/1508/1189 1521/1528/1209
f 972/1508/1189 361/907/690 1107/909/692
f 1521/1528/1209 1107/909/692 359/901/684
f 1020/1398/1093 1521/1528/1209 970/1529/1210
f 308/1399/1094 970/1529/1210 1522/1530/1211
f 970/1529/1210 359/901/684 1108/903/686
f 1522/1530/1211 1108/903/686 358/890/673
f 1021/1404/1098 1522/1530/1211 968/1531/1212
f 1049/1532/1213 1523/1533/468 1022/1413/468
f 345/889/672 1109/896/679 1523/1533/468
f 1109/896/679 347/900/683 1051/1524/1205
f 1523/1533/468 1051/1524/1205 307/1385/444
f 306/1405/1099 968/1531/1212 1524/1534/1214
f 968/1531/1212 358/890/673 1110/892/675
f 1524/1534/1214 1110/892/675 346/874/657
f 1023/1416/1107 1524/1534/1214 1050/1535/1215
f 966/1503/1184 1525/1536/1216 1024/1423/1114
f 357/884/667 1111/883/666 1525/1536/1216
f 1111/883/666 345/889/672 1049/1532/1213
f 1525/1536/1216 1049/1532/1213 303/1411/1104
f 305/1417/1108 1050/1535/1215 1526/1537/1217
f 1050/1535/1215 346/874/657 1112/876/659
f 1526/1537/1217 1112/876/659 350/881/664
f 1025/1426/1117 1526/1537/1217 1054/1513/1194
f 1117/1538/1218 1527/1542/1221 1037/1539/1141
f 382/1541/1220 1116/1543/1222 1527/1542/1221
f 1116/1543/1222 381/1547/1224 1118/1544/1223
f 1527/1542/1221 1118/1544/1223 339/1545/1135
f 1118/1544/1223 1528/1548/1225 1035/1546/1136
f 381/1547/1224 1115/1549/1226 1528/1548/1225
f 1115/1549/1226 380/1561/1232 1119/1550/1227
f 1528/1548/1225 1119/1550/1227 337/1551/1128
f 1120/1552/1228 1529/1556/1230 1029/1553/1123
f 379/1555/1229 1113/1557/1231 1529/1556/1230
f 1113/1557/1231 378/1593/1178 1121/1558/1179
f 1029/1553/1123 1529/1556/1230 1121/1558/1179
f 1119/1550/1227 1530/1562/1233 1032/1560/1129
f 380/1561/1232 1114/1563/1234 1530/1562/1233
f 1114/1563/1234 379/1555/1229 1120/1552/1228
f 1530/1562/1233 1120/1552/1228 335/1554/1122
f 300/1246/954 952/1242/950 1531/1267/975
f 1531/1267/975 1532/1266/974 1123/1564/1235
f 1531/1267/975 1122/1565/1236 239/1179/891
f 1532/1266/974 1124/1479/1163 383/1481/1165
f 1538/1187/899 1135/1568/1239 392/1566/1237
f 1121/1497/1179 950/1309/1015 295/1310/1016
f 372/1186/898 352/1174/886 955/868/654
f 1083/855/652 955/868/654 295/1310/1016
f 1135/1568/1239 1134/1576/1247 393/1569/1240
f 1132/1570/1241 1533/1572/1243 1114/1563/1234
f 389/1571/1242 1127/1573/1244 1533/1572/1243
f 1127/1573/1244 388/1589/1257 1133/1574/1245
f 1533/1572/1243 1133/1574/1245 379/1555/1229
f 387/1575/1246 393/1569/1240 1134/1576/1247
f 1134/1576/1247 1135/1568/1239 383/1481/1165
f 1147/1578/616 1151/1619/616 400/1579/616
f 1136/1577/1248 1134/1576/1247 385/1480/1164
f 1137/1581/1249 1534/1583/1251 1115/1549/1226
f 390/1582/1250 1128/1584/1252 1534/1583/1251
f 1128/1584/1252 389/1571/1242 1132/1570/1241
f 1534/1583/1251 1132/1570/1241 380/1561/1232
f 1538/1187/899 1535/1189/901 1122/1565/1236
f 1535/1189/901 1130/1188/900 386/1216/926
f 1122/1565/1236 1535/1189/901 1138/1181/893
f 1139/1585/1253 1536/1587/1255 1116/1543/1222
f 391/1586/1254 1129/1588/1256 1536/1587/1255
f 1129/1588/1256 390/1582/1250 1137/1581/1249
f 1536/1587/1255 1137/1581/1249 381/1547/1224
f 1133/1574/1245 1537/1590/1258 1113/1557/1231
f 388/1589/1257 1126/1591/1259 1537/1590/1258
f 1126/1591/1259 387/1617/1246 1136/1592/1248
f 1537/1590/1258 1136/1592/1248 378/1593/1178
f 1539/1594/1260 1147/1578/616 399/1580/616
f 1135/1568/1239 1538/1187/899 1123/1564/1235
f 1543/1596/1262 1130/1188/900 1131/1567/1238
f 1549/1597/1263 1157/1607/1267 1156/1598/1264
f 1205/1600/1266 1543/1596/1262 1539/1594/1260
f 1145/1601/616 1540/1603/616 1128/1584/1252
f 397/1602/616 1142/1604/616 1540/1603/616
f 1142/1604/616 396/1621/616 1146/1605/616
f 1540/1603/616 1146/1605/616 389/1571/1242
f 1549/1597/1263 1163/1624/616 407/1606/616
f 1147/1578/616 1539/1594/1260 1131/1567/1238
f 1148/1608/616 1541/1610/616 1129/1588/1256
f 398/1609/616 1143/1611/616 1541/1610/616
f 1143/1611/616 397/1602/616 1145/1601/616
f 1541/1610/616 1145/1601/616 390/1582/1250
f 1149/1612/616 1542/1614/616 1126/1591/1259
f 395/1613/616 1140/1615/616 1542/1614/616
f 1140/1615/616 394/1636/616 1150/1616/616
f 1542/1614/616 1150/1616/616 387/1617/1246
f 394/1618/616 400/1579/616 1151/1619/616
f 1151/1619/616 1147/1578/616 392/1566/1237
f 1543/1596/1262 1205/1600/1266 299/1231/941
f 1130/1188/900 1543/1596/1262 1201/1218/928
f 1146/1605/616 1544/1622/616 1127/1573/1244
f 396/1621/616 1141/1623/616 1544/1622/616
f 1141/1623/616 395/1613/616 1149/1612/616
f 1544/1622/616 1149/1612/616 388/1589/1257
f 1163/1624/616 1162/1638/616 408/1625/616
f 1150/1620/616 1151/1619/616 393/1569/1240
f 1158/1626/616 1545/1628/616 1143/1611/616
f 406/1627/616 1155/1629/616 1545/1628/616
f 1155/1629/616 405/1647/616 1159/1630/616
f 1545/1628/616 1159/1630/616 397/1602/616
f 1160/1631/616 1546/1633/616 1140/1615/616
f 403/1632/616 1152/1634/616 1546/1633/616
f 1152/1634/616 402/1677/616 1161/1635/616
f 1546/1633/616 1161/1635/616 394/1636/616
f 402/1637/616 408/1625/616 1162/1638/616
f 1162/1638/616 1163/1624/616 399/1580/616
f 1144/1595/1261 1549/1597/1263 1547/1599/1265
f 1547/1599/1265 1156/1598/1264 401/1213/923
f 1205/1600/1266 1547/1599/1265 1197/1233/943
f 1164/1640/616 1548/1642/616 1141/1623/616
f 404/1641/616 1153/1643/616 1548/1642/616
f 1153/1643/616 403/1632/616 1160/1631/616
f 1548/1642/616 1160/1631/616 395/1613/616
f 409/1644/616 415/1659/616 1173/1645/616
f 1161/1639/616 1162/1638/616 400/1579/616
f 1159/1630/616 1550/1648/616 1142/1604/616
f 405/1647/616 1154/1649/616 1550/1648/616
f 1154/1649/616 404/1641/616 1164/1640/616
f 1550/1648/616 1164/1640/616 396/1621/616
f 1552/1650/1268 1175/1658/616 414/1651/616
f 1163/1624/616 1549/1597/1263 1144/1595/1261
f 1170/1653/616 1551/1655/616 1153/1643/616
f 411/1654/616 1166/1656/616 1551/1655/616
f 1166/1656/616 410/1673/616 1171/1657/616
f 1551/1655/616 1171/1657/616 403/1632/616
f 1175/1658/616 1173/1645/616 415/1659/616
f 1172/1646/616 1173/1645/616 408/1625/616
f 1556/1660/1270 1156/1598/1264 1157/1607/1267
f 1206/1661/1271 1556/1660/1270 1552/1650/1268
f 1174/1662/616 1553/1664/616 1154/1649/616
f 412/1663/616 1167/1665/616 1553/1664/616
f 1167/1665/616 411/1654/616 1170/1653/616
f 1553/1664/616 1170/1653/616 404/1641/616
f 1561/1666/641 1183/1678/616 422/1667/616
f 1175/1658/616 1552/1650/1268 1157/1607/1267
f 1176/1669/616 1554/1671/616 1155/1629/616
f 413/1670/616 1168/1672/616 1554/1671/616
f 1168/1672/616 412/1663/616 1174/1662/616
f 1554/1671/616 1174/1662/616 405/1647/616
f 1171/1657/616 1555/1674/616 1152/1634/616
f 410/1673/616 1165/1675/616 1555/1674/616
f 1165/1675/616 409/1695/616 1172/1676/616
f 1555/1674/616 1172/1676/616 402/1677/616
f 1183/1678/616 1188/1697/616 423/1679/616
f 1173/1645/616 1175/1658/616 407/1606/616
f 1556/1660/1270 1206/1661/1271 298/1193/905
f 1156/1598/1264 1556/1660/1270 1200/1215/925
f 1563/1680/1273 1194/1709/616 216/1681/616
f 1183/1678/616 1561/1666/641 1169/1652/1269
f 1561/1666/641 1182/1668/1272 1181/1683/1274
f 1184/1685/616 1557/1687/616 1168/1672/616
f 421/1686/616 1180/1688/616 1557/1687/616
f 1180/1688/616 420/1706/616 1185/1689/616
f 1557/1687/616 1185/1689/616 412/1663/616
f 1186/1690/616 1558/1692/616 1165/1675/616
f 418/1691/616 1177/1693/616 1558/1692/616
f 1177/1693/616 417/1730/616 1187/1694/616
f 1558/1692/616 1187/1694/616 409/1695/616
f 417/1696/616 423/1679/616 1188/1697/616
f 1188/1697/616 1183/1678/616 414/1651/616
f 1169/1652/1269 1561/1666/641 1559/1684/1275
f 1559/1684/1275 1181/1683/1274 416/1235/945
f 1206/1661/1271 1559/1684/1275 1199/1195/907
f 1189/1699/616 1560/1701/616 1166/1656/616
f 419/1700/616 1178/1702/616 1560/1701/616
f 1178/1702/616 418/1691/616 1186/1690/616
f 1560/1701/616 1186/1690/616 410/1673/616
f 211/1703/616 217/1710/616 1191/1704/616
f 1187/1698/616 1188/1697/616 415/1659/616
f 1185/1689/616 1562/1707/616 1167/1665/616
f 420/1706/616 1179/1708/616 1562/1707/616
f 1179/1708/616 419/1700/616 1189/1699/616
f 1562/1707/616 1189/1699/616 411/1654/616
f 1194/1709/616 1191/1704/616 217/1710/616
f 1190/1705/616 1191/1704/616 423/1679/616
f 1567/1711/1276 1181/1683/1274 1182/1668/1272
f 138/394/321 559/300/228 681/302/230
f 819/1712/646 1567/1711/1276 1563/1680/1273
f 1192/1713/616 1564/1715/616 1179/1708/616
f 214/1714/616 799/1716/616 1564/1715/616
f 799/1716/616 213/1734/616 1193/1717/616
f 1564/1715/616 1193/1717/616 419/1700/616
f 78/1718/1277 1599/2011/1526 1671/1719/1278
f 1194/1709/616 1563/1680/1273 1182/1668/1272
f 1195/1721/616 1565/1723/616 1180/1688/616
f 215/1722/616 800/1724/616 1565/1723/616
f 800/1724/616 214/1714/616 1192/1713/616
f 1565/1723/616 1192/1713/616 420/1706/616
f 1196/1725/616 1566/1727/616 1177/1693/616
f 212/1726/616 797/1728/616 1566/1727/616
f 797/1728/616 211/3454/616 1190/1729/616
f 1566/1727/616 1190/1729/616 417/1730/616
f 547/1731/1280 555/1720/1279 1671/1719/1278
f 1191/1704/616 1194/1709/616 422/1667/616
f 1567/1711/1276 819/1712/646 82/1733/656
f 1181/1683/1274 1567/1711/1276 1198/1237/947
f 1193/1717/616 1568/1735/616 1178/1702/616
f 213/1734/616 798/1736/616 1568/1735/616
f 798/1736/616 212/1726/616 1196/1725/616
f 1568/1735/616 1196/1725/616 418/1691/616
f 3/1737/1282 1571/1745/1290 1641/1738/1283
f 424/1739/1284 1641/1738/1283 1570/1740/1285
f 425/1742/1287 4/1750/1294 1572/1743/1288
f 3/1737/1282 425/1742/1287 1642/1744/1289
f 5/1746/1291 1573/1754/1298 1643/1747/1292
f 426/1749/1293 1643/3455/1292 1572/1743/1288
f 427/1751/1295 6/1758/1302 1574/1752/1296
f 427/1751/1295 1644/1753/1297 1573/1754/1298
f 7/1755/1299 1575/1763/1306 1645/1756/1300
f 6/1758/1302 428/1757/1301 1645/1756/1300
f 8/1759/1303 1576/1767/1310 1646/1760/1304
f 429/1762/1305 1646/3456/1304 1575/1763/1306
f 9/1764/1307 1577/1798/1307 1647/1765/1308
f 430/1766/1309 1647/1765/1308 1576/1767/1310
f 431/1768/1311 10/1776/1319 1578/1769/1312
f 15/1771/1314 431/1768/1311 1648/1770/1313
f 11/1773/1316 1579/3457/1323 1649/1774/1317
f 10/1776/1319 432/1775/1318 1649/1774/1317
f 433/1777/1320 12/1795/1335 1580/1778/1321
f 433/1777/1320 1650/1779/1322 1579/1780/1323
f 434/1782/1324 2/1741/1286 1570/1740/1285
f 1/1784/1326 434/3458/1324 1651/1785/1325
f 435/1787/1328 129/1880/1410 1604/1788/1329
f 14/1790/1331 435/3459/1328 1652/1791/1330
f 437/1793/1333 14/1790/1331 1582/1792/1332
f 12/1795/1335 437/1793/1333 1653/1794/1334
f 438/1796/1336 15/1771/1314 1583/1772/1315
f 9/1764/1307 438/1796/1336 1654/1797/1337
f 16/1799/1338 1584/1827/1363 1655/1800/1339
f 440/1801/1340 1655/1800/1339 1585/1802/1341
f 441/1804/1342 17/1803/1341 1585/1802/1341
f 19/1806/1344 441/1804/1342 1656/1805/1343
f 19/1808/1344 1587/3460/1344 1657/1809/1345
f 442/1810/1346 1657/1809/1345 1586/1811/1347
f 18/1812/1348 1586/1811/1347 1658/1813/1349
f 444/1814/1350 1658/1813/1349 1588/1815/1351
f 20/1816/1352 1588/1815/1351 1659/1817/1353
f 445/1818/1354 1659/1817/1353 1589/1819/1355
f 21/1820/1356 1589/1819/1355 1660/1821/1357
f 446/1822/1358 1660/1821/1357 1601/1823/1359
f 1/1784/1326 1569/1786/1327 1661/1825/1361
f 16/1799/1338 447/1826/1362 1661/1825/1361
f 75/1828/1364 1596/1851/1383 1662/1829/1365
f 545/1830/1366 1662/1829/1365 1593/1831/1367
f 546/1833/1368 73/1843/1377 1594/1834/1369
f 69/1836/1371 546/1833/1368 1663/1835/1370
f 76/1838/1372 547/1731/1280 1664/1732/1281
f 548/1840/1374 74/1846/1380 1595/1841/1375
f 73/1843/1377 548/1840/1374 1665/1842/1376
f 549/1844/1378 72/1832/1367 1593/1831/1367
f 74/1846/1380 549/1844/1378 1666/1845/1379
f 550/1847/1381 77/1858/1390 1598/1848/1382
f 550/1850/1381 1667/3461/1381 1596/1851/1383
f 551/1852/1384 76/1838/1372 1597/1839/1373
f 551/1852/1384 1668/1853/1385 1592/1854/1386
f 71/1855/1387 1592/1854/1386 1669/1856/1388
f 552/1857/1389 1669/1856/1388 1598/1848/1382
f 294/1859/1391 951/1863/1392 1706/1860/1392
f 943/1862/1394 1699/1991/1509 1706/1860/1392
f 81/1824/1360 1601/1823/1359 1670/1864/1395
f 553/1865/1396 1670/1864/1395 1600/1866/1397
f 70/1868/1399 80/3462/1398 1600/1869/1397
f 294/1859/1391 1635/1861/1393 1627/1871/1401
f 120/1873/1403 1602/1884/1414 1672/1874/1404
f 632/1875/1405 1672/1874/1404 1581/1876/1406
f 645/1878/1408 13/1877/1407 1581/1876/1406
f 129/1880/1410 645/1878/1408 1673/1879/1409
f 163/1881/1411 1605/1888/1418 1674/1882/1412
f 651/1883/1413 1674/1882/1412 1602/1884/1414
f 127/1885/1415 1603/3463/1415 1675/1886/1416
f 685/1887/1417 1675/1886/1416 1605/1888/1418
f 220/1889/1419 820/1892/1422 1676/1890/1420
f 820/1892/1422 219/3464/1423 1607/1893/1423
f 821/1894/1424 1677/1897/1427 1609/1895/1425
f 220/1889/1419 1608/1891/1421 1677/1897/1427
f 222/1898/1428 822/1901/1431 1678/1899/1429
f 822/1901/1431 221/1896/1426 1609/1895/1425
f 823/1902/1432 1679/1906/1435 1611/1903/1433
f 823/1902/1432 222/3465/1428 1610/1905/1430
f 224/1907/1436 824/1910/1439 1680/1908/1437
f 223/1904/1434 1611/1903/1433 1680/1908/1437
f 225/1911/1440 825/1914/1443 1681/1912/1441
f 825/1914/1443 224/1907/1436 1612/1909/1438
f 226/1915/1444 826/3466/1447 1682/1916/1445
f 826/1918/1447 225/1911/1440 1613/1913/1442
f 827/1920/1448 1683/1924/1452 1615/1921/1449
f 232/1923/1451 1620/1948/1472 1683/1924/1452
f 228/1925/1453 828/1928/1456 1684/1926/1454
f 227/1922/1450 1615/1921/1449 1684/1926/1454
f 829/1929/1457 1685/1932/1460 1617/1930/1458
f 829/1929/1457 228/1925/1453 1616/1927/1455
f 830/1933/1461 1686/1937/1461 1607/1934/1423
f 218/1936/1462 1606/1977/1498 1686/1937/1461
f 831/1938/1463 1687/1942/1467 1639/1939/1464
f 231/1941/1466 1619/1944/1469 1687/1942/1467
f 833/1943/1468 1688/1946/1470 1619/1944/1469
f 229/1945/1459 1617/3467/1458 1688/1946/1470
f 834/1947/1471 1689/1949/1473 1620/1948/1472
f 226/1915/1444 1614/1917/1446 1689/1949/1473
f 233/1950/1474 836/3468/1476 1690/1951/1475
f 836/1953/1476 234/1957/1477 1622/1954/1477
f 837/1956/1478 1691/1959/1480 1622/1954/1477
f 236/1958/1479 1624/1961/1482 1691/1959/1480
f 236/1958/1479 838/1962/1483 1692/1960/1481
f 838/1962/1483 235/1964/1485 1623/1963/1484
f 235/1964/1485 840/1966/1487 1693/1965/1486
f 840/1966/1487 237/1968/1489 1625/1967/1488
f 237/1968/1489 841/1970/1491 1694/1969/1490
f 841/1970/1491 238/1972/1493 1626/1971/1492
f 238/1972/1493 842/1974/1495 1695/1973/1494
f 842/1974/1495 297/2012/1527 1637/1975/1496
f 218/1936/1462 843/1978/1499 1696/1976/1497
f 233/1950/1474 1621/1952/1474 1696/1976/1497
f 291/1979/1500 941/3469/1501 1697/1980/1501
f 941/1982/1501 288/1997/1515 1629/1983/1503
f 942/1985/1504 1698/1989/1507 1630/1986/1505
f 69/1988/1371 1590/1837/1371 1698/1989/1507
f 292/1990/1508 1633/2004/1520 1699/1991/1509
f 944/1992/1510 1700/1995/1513 1631/1993/1511
f 289/1987/1506 1630/1986/1505 1700/1995/1513
f 945/1996/1514 1701/1998/1516 1629/1983/1503
f 290/1994/1512 1631/1993/1511 1701/1998/1516
f 946/1999/1517 1702/2002/1517 1634/2000/1518
f 946/1999/1517 291/1979/1500 1632/1981/1502
f 947/2003/1519 1703/2006/1522 1633/2004/1520
f 947/2003/1519 287/3470/1523 1628/2005/1521
f 287/2007/1523 948/2010/1525 1704/2008/1524
f 948/2010/1525 293/2001/1518 1634/2000/1518
f 78/1718/1277 70/1868/1399 1591/1870/1400
f 297/2012/1527 949/2014/1529 1705/2013/1528
f 949/2014/1529 296/3471/1531 1636/2015/1530
f 286/1872/1402 1627/1871/1401 1636/2016/1530
f 692/614/532 1272/314/242 690/316/244
f 334/2018/1532 1026/2021/1535 1707/2019/1533
f 1026/2021/1535 230/2024/1538 1618/2022/1536
f 1039/2023/1537 1708/2025/1539 1618/2022/1536
f 343/1940/1465 1639/1939/1464 1708/2025/1539
f 376/2026/1540 1045/2029/1541 1709/2027/1541
f 1045/2029/1541 334/2018/1532 1638/2020/1534
f 1078/2030/1543 376/2026/1540 1640/2028/1542
f 1722/2032/616 1724/2047/616 1740/2033/616
f 1721/2035/1544 1720/3472/2684 1733/2036/1545
f 1733/2036/1545 1720/3472/2684 1738/2038/1546
f 1730/2040/616 1736/2061/1548 1712/2041/1548
f 1731/2043/616 1719/2054/1552 1735/2044/1548
f 1713/2046/1545 1734/2037/1545 1724/2047/616
f 1740/2033/616 1739/2052/616 1729/2045/616
f 1768/2048/1549 1719/2054/1552 1731/2043/616
f 1718/2049/1550 1731/2043/616 1715/2050/616
f 1739/2052/616 1715/2050/616 1731/2043/616
f 1773/2053/1551 1732/2065/1557 1719/2054/1552
f 1724/2047/616 1723/2055/616 1739/2052/616
f 1716/2042/616 1711/2034/616 1740/2033/616
f 1734/2037/1545 1733/2036/1545 1723/2055/616
f 1733/2036/1545 1726/2039/1547 1737/2056/616
f 1725/2057/1544 1721/2035/1544 1734/2037/1545
f 1727/2058/1553 1736/2061/1548 1735/2044/1548
f 1739/2052/616 1723/2055/616 1737/2056/616
f 1717/2060/1553 1712/2041/1548 1736/2061/1548
f 1714/2062/1555 1777/2063/1550 1737/2056/616
f 1766/2051/1550 1715/2050/616 1737/2056/616
f 1729/2045/616 1735/2044/1548 1736/2061/1548
f 1780/2064/1556 1714/2062/1555 1726/2039/1547
f 1735/2044/1548 1719/2054/1552 1732/2065/1557
f 1750/2066/1558 1767/3473/1558 1743/2067/616
f 1741/2069/1559 1772/2073/1563 1749/2070/1560
f 1744/2072/1562 1749/2070/1560 1772/2073/1563
f 1743/2067/616 1767/3473/1558 1753/2075/1558
f 1751/2068/616 1744/2072/1562 1745/2074/1564
f 1754/2076/616 1753/2075/1558 1748/2077/1565
f 1755/2079/1567 1752/2081/1569 1747/2078/1566
f 1776/2080/1568 1746/3474/2685 1752/2081/1569
f 1744/2082/1570 1758/2090/1570 1761/2083/1571
f 1749/2084/1572 1761/2083/1571 1756/2085/1573
f 1743/2087/1570 1757/2097/1570 1762/2088/1570
f 1751/2089/1570 1762/2088/1570 1758/2090/1570
f 1747/2091/1575 1752/2094/1576 1763/2092/1576
f 1752/2094/1576 1746/3475/1577 1759/2095/1577
f 1754/2096/1575 1764/2098/1575 1757/2097/1570
f 1754/2096/1575 1747/2091/1575 1760/2093/1575
f 1786/2099/1578 1779/3436/2683 2856/2100/1579
f 2862/2102/1581 1745/2113/1564 1772/2103/1563
f 1774/2105/1583 1768/2126/1549 1718/2106/1550
f 1787/2107/1584 1718/2106/1550 1766/2108/1550
f 2854/2110/1585 1767/3476/1558 1750/2111/1558
f 2860/2112/1585 1750/2111/1558 1745/2113/1564
f 2871/2114/1585 1801/3435/1585 1782/2115/1585
f 2869/2117/1581 1797/2151/1581 1790/2118/1586
f 1787/2107/1584 1781/2145/1585 1798/2120/1588
f 2858/2121/1589 2857/2104/1582 1772/2103/1563
f 1770/2123/1590 1765/3477/2686 1773/2124/1551
f 1792/2125/1591 1773/2124/1551 1768/2126/1549
f 1800/2127/1592 1775/2153/1602 1778/2128/1593
f 2861/2130/1595 2855/2101/1580 1755/2131/1567
f 1785/2133/1585 1801/3435/1585 2871/2114/1585
f 2866/2135/1596 2865/2119/1587 1790/2118/1586
f 1796/2137/1598 1783/2146/1585 1795/2138/1584
f 1795/2138/1584 1771/2109/1584 1766/2108/1550
f 1784/2139/1599 1795/2138/1584 1777/2140/1550
f 1748/2132/1565 1753/2147/1558 2859/2142/1585
f 1794/2143/1595 1785/2133/1585 2863/2134/1585
f 1771/2109/1584 1799/3478/1585 1781/2145/1585
f 2867/2144/1595 2864/3434/2682 1786/2099/1578
f 1784/2139/1599 1800/2127/1592 1788/2129/1594
f 1783/2146/1585 1799/3478/1585 1771/2109/1584
f 1753/2147/1558 1767/3476/1558 2854/2110/1585
f 2855/2101/1580 2856/2100/1579 1776/2148/1568
f 1774/2105/1583 1798/2120/1588 1789/2149/1600
f 1792/2125/1591 1789/2149/1600 1793/2150/1601
f 2870/2116/1585 1782/2115/1585 1797/2151/1581
f 1800/2127/1592 1784/2139/1599 1714/2141/1555
f 1775/2153/1602 1800/2127/1592 1780/2152/1556
f 2227/2155/1604 2500/2159/1608 2184/2156/1605
f 1878/2158/1607 2093/2160/1609 2500/2159/1608
f 2093/2160/1609 1845/2229/1678 2080/2161/1610
f 2500/2159/1608 2080/2161/1610 1843/2162/1611
f 1881/2163/1612 2226/2166/1615 2501/2164/1613
f 2226/2166/1615 1880/2200/1649 2095/2167/1616
f 2501/2164/1613 2095/2167/1616 1833/2168/1617
f 2186/2165/1614 2501/2164/1613 2076/2169/1618
f 2225/2171/1620 2502/2175/1624 2188/2172/1621
f 1882/2174/1623 2097/2298/1738 2502/2175/1624
f 2502/2175/1624 2097/2298/1738 1837/2176/1625
f 2188/2172/1621 2502/2175/1624 2088/2177/1626
f 1885/2179/1628 2224/2182/1631 2503/2180/1629
f 2224/2182/1631 1884/2206/1655 2099/2183/1632
f 2099/2183/1632 1836/2211/1660 2081/2184/1633
f 2503/2180/1629 2081/2184/1633 1835/2185/1634
f 2223/2186/1635 2504/2189/1638 2107/2187/1636
f 1883/2173/1622 2188/2172/1621 2504/2189/1638
f 2504/2189/1638 2188/2172/1621 1838/2178/1627
f 2107/2187/1636 2504/2189/1638 2089/2190/1639
f 1887/2192/1641 2222/2195/1644 2505/2193/1642
f 2222/2195/1644 1886/2245/1692 2102/2196/1645
f 2505/2193/1642 2102/2196/1645 1832/2197/1646
f 2192/2194/1643 2505/2193/1642 2077/2198/1647
f 1880/2200/1649 2221/2202/1651 2506/2201/1650
f 2221/2202/1651 1897/2293/1733 2115/2203/1652
f 2506/2201/1650 2115/2203/1652 1829/2204/1653
f 2095/2167/1616 2506/2201/1650 2079/2205/1654
f 1884/2206/1655 2220/2208/1657 2507/2207/1656
f 2220/2208/1657 1888/2238/1685 2105/2209/1658
f 2105/2209/1658 1834/2244/1691 2082/2210/1659
f 2507/2207/1656 2082/2210/1659 1836/2211/1660
f 2219/2212/1661 2508/2215/1664 2194/2213/1662
f 1879/2157/1606 2184/2156/1605 2508/2215/1664
f 2184/2156/1605 1843/2162/1611 2090/2216/1665
f 2194/2213/1662 2508/2215/1664 2090/2216/1665
f 2218/2218/1667 2509/2221/1670 2196/2219/1668
f 1890/2188/1637 2107/2187/1636 2509/2221/1670
f 2509/2221/1670 2107/2187/1636 1840/2191/1640
f 2196/2219/1668 2509/2221/1670 2083/2222/1671
f 1894/2224/1673 2111/2227/1676 2510/2225/1674
f 2111/2227/1676 1844/2273/1709 2091/2228/1677
f 2510/2225/1674 2091/2228/1677 1845/2229/1678
f 2217/2226/1675 2510/2225/1674 2093/2160/1609
f 1842/2230/1666 2090/2233/1665 2511/2231/1679
f 2090/2233/1665 1843/2424/1611 2086/2234/1681
f 2511/2231/1679 2086/2234/1681 1867/2235/1682
f 2063/2232/1680 2511/2231/1679 2166/2236/1683
f 1888/2238/1685 2216/2240/1687 2512/2239/1686
f 2216/2240/1687 1893/2256/1703 2110/2241/1688
f 2512/2239/1686 2110/2241/1688 1839/2242/1689
f 2105/2209/1658 2512/2239/1686 2084/2243/1690
f 1886/2245/1692 2215/2247/1694 2513/2246/1693
f 2215/2247/1694 1881/2163/1612 2186/2165/1614
f 2513/2246/1693 2186/2165/1614 1830/2170/1619
f 2102/2196/1645 2513/2246/1693 2078/2248/1695
f 1895/2249/1696 2214/2252/1699 2514/2250/1697
f 2214/2252/1699 1892/2301/1741 2197/2253/1700
f 2197/2253/1700 1826/2305/1745 2073/2254/1701
f 2514/2250/1697 2073/2254/1701 1827/2255/1702
f 1893/2256/1703 2213/2258/1705 2515/2257/1704
f 2213/2258/1705 1891/2220/1669 2196/2219/1668
f 2515/2257/1704 2196/2219/1668 1841/2223/1672
f 2110/2241/1688 2515/2257/1704 2085/2259/1706
f 2176/2260/1707 2516/2264/1711 2055/2261/1708
f 1872/2263/1710 2175/2265/1712 2516/2264/1711
f 2175/2265/1712 1869/2430/1824 2163/2266/1713
f 2516/2264/1711 2163/2266/1713 1865/2267/1714
f 2212/2268/1715 2517/2270/1717 2111/2227/1676
f 1899/2269/1716 2168/2271/1718 2517/2270/1717
f 2168/2271/1718 1872/2448/1710 2176/2272/1707
f 2517/2270/1717 2176/2272/1707 1844/2273/1709
f 1896/2274/1719 2211/2277/1722 2518/2275/1720
f 2211/2277/1722 1895/2249/1696 2200/2251/1698
f 2200/2251/1698 1827/2255/1702 2074/2278/1723
f 2518/2275/1720 2074/2278/1723 1828/2279/1724
f 2076/2280/1618 2519/2284/1726 2140/2281/1725
f 1833/2283/1617 2133/2285/1727 2519/2284/1726
f 2133/2285/1727 1854/2392/1804 2143/2286/1728
f 2519/2284/1726 2143/2286/1728 1861/2287/1729
f 1844/2262/1709 2055/2261/1708 2520/2288/1730
f 2055/2261/1708 1865/2267/1714 2164/2290/1731
f 2164/2290/1731 1864/2359/1779 2113/2291/1732
f 2091/2289/1677 2520/2288/1730 2113/2291/1732
f 1897/2293/1733 2210/2295/1735 2521/2294/1734
f 2210/2295/1735 1896/2274/1719 2201/2276/1721
f 2201/2276/1721 1828/2279/1724 2075/2296/1736
f 2115/2203/1652 2521/2294/1734 2075/2296/1736
f 2209/2297/1737 2522/2299/1739 2097/2298/1738
f 1889/2214/1663 2194/2213/1662 2522/2299/1739
f 2522/2299/1739 2194/2213/1662 1842/2217/1666
f 2097/2298/1738 2522/2299/1739 2087/2300/1740
f 1892/2301/1741 2208/2303/1743 2523/2302/1742
f 2208/2303/1743 1885/2179/1628 2190/2181/1630
f 2190/2181/1630 1835/2185/1634 2092/2304/1744
f 2523/2302/1742 2092/2304/1744 1826/2305/1745
f 2063/2232/1680 2524/2307/1746 2087/2306/1740
f 1868/2237/1684 2165/2308/1747 2524/2307/1746
f 2165/2308/1747 1871/2315/1751 2104/2309/1748
f 2524/2307/1746 2104/2309/1748 1837/2310/1625
f 1838/2311/1627 2088/2314/1626 2525/2312/1749
f 2088/2314/1626 1837/2310/1625 2104/2309/1748
f 2525/2312/1749 2104/2309/1748 1871/2315/1751
f 2072/2313/1750 2525/2312/1749 2159/2316/1752
f 1840/2318/1640 2089/2321/1639 2526/2319/1754
f 2089/2321/1639 1838/2311/1627 2072/2313/1750
f 2526/2319/1754 2072/2313/1750 1870/2317/1753
f 2046/2320/1755 2526/2319/1754 2162/2322/1756
f 2092/2324/1744 2527/2328/1759 2139/2325/1758
f 1835/2327/1634 2101/2329/1760 2527/2328/1759
f 2101/2329/1760 1859/2337/1766 2147/2330/1761
f 2527/2328/1759 2147/2330/1761 1860/2331/1762
f 2081/2332/1633 2528/2334/1763 2101/2329/1760
f 1836/2333/1660 2142/2335/1764 2528/2334/1763
f 2142/2335/1764 1863/2416/1818 2150/2336/1765
f 2528/2334/1763 2150/2336/1765 1859/2337/1766
f 2125/2338/1767 2529/2342/1767 2124/2339/1767
f 1847/2341/1767 2118/2343/1767 2529/2342/1767
f 2118/2343/1767 1856/2386/1800 2145/2344/1768
f 2529/2342/1767 2145/2344/1768 1855/2345/1769
f 2126/2346/1767 2530/2350/1767 2121/2347/1767
f 1848/2349/1770 2119/2351/1771 2530/2350/1767
f 2119/2351/1771 1854/2392/1804 2149/2352/1772
f 2530/2350/1767 2149/2352/1772 1857/2353/1773
f 2127/2354/1774 2531/2357/1777 2152/2355/1775
f 1848/2349/1770 2155/2437/1767 2531/2357/1777
f 2531/2357/1777 2155/2437/1767 1867/2235/1682
f 2531/2357/1777 2160/2358/1778 1864/2359/1779
f 2128/2360/1767 2532/2363/1767 2120/2361/1767
f 1853/2340/1767 2124/2339/1767 2532/2363/1767
f 2124/2339/1767 1855/2345/1769 2144/2364/1781
f 2532/2363/1767 2144/2364/1781 1860/2331/1762
f 2178/2365/1782 2533/2369/1786 2123/2366/1783
f 1875/2368/1785 2177/2370/1787 2533/2369/1786
f 2177/2370/1787 1862/2408/1814 2148/2371/1788
f 2533/2369/1786 2148/2371/1788 1858/2372/1789
f 2129/2373/1790 2534/2375/1792 2117/2374/1791
f 1852/2367/1784 2123/2366/1783 2534/2375/1792
f 2123/2366/1783 1858/2372/1789 2151/2376/1793
f 2534/2375/1792 2151/2376/1793 1861/2287/1729
f 1849/2362/1780 2130/2379/1796 2535/2377/1794
f 2130/2379/1796 1851/2387/1801 2122/2380/1797
f 2535/2377/1794 2122/2380/1797 1841/2381/1672
f 2154/2378/1795 2535/2377/1794 2161/2382/1798
f 2131/2383/1767 2536/2384/1767 2118/2343/1767
f 1850/2348/1767 2121/2347/1767 2536/2384/1767
f 2121/2347/1767 1857/2353/1773 2146/2385/1799
f 2536/2384/1767 2146/2385/1799 1856/2386/1800
f 1851/2387/1801 2132/2390/1803 2537/2388/1802
f 1839/2389/1689 2085/2391/1706 2537/2388/1802
f 2122/2380/1797 2537/2388/1802 2085/2391/1706
f 2143/2286/1728 2538/2393/1805 2117/2374/1791
f 1854/2392/1804 2119/2351/1771 2538/2393/1805
f 2119/2351/1771 1848/2349/1770 2127/2354/1774
f 2538/2393/1805 2127/2354/1774 1846/2356/1776
f 2144/2364/1781 2539/2394/1806 2139/2325/1758
f 1855/2345/1769 2134/2395/1807 2539/2394/1806
f 2134/2395/1807 1827/2400/1702 2073/2396/1701
f 2539/2394/1806 2073/2396/1701 1826/2326/1745
f 2145/2344/1768 2540/2397/1808 2134/2395/1807
f 1856/2386/1800 2135/2398/1809 2540/2397/1808
f 2135/2398/1809 1828/2404/1724 2074/2399/1723
f 2540/2397/1808 2074/2399/1723 1827/2400/1702
f 2146/2385/1799 2541/2401/1810 2135/2398/1809
f 1857/2353/1773 2136/2402/1811 2541/2401/1810
f 2136/2402/1811 1829/2415/1653 2075/2403/1736
f 2541/2401/1810 2075/2403/1736 1828/2404/1724
f 2147/2330/1761 2542/2405/1767 2120/2361/1767
f 1859/2337/1766 2138/2406/1812 2542/2405/1767
f 2138/2406/1812 1851/2387/1801 2130/2379/1796
f 2542/2405/1767 2130/2379/1796 1849/2362/1780
f 2148/2371/1788 2543/2409/1815 2137/2407/1813
f 1862/2408/1814 2141/2410/1816 2543/2409/1815
f 2141/2410/1816 1831/3479/1648 2077/2411/1647
f 2543/2409/1815 2077/2411/1647 1832/2412/1646
f 2149/2352/1772 2544/2413/1817 2136/2402/1811
f 1854/2392/1804 2133/2285/1727 2544/2413/1817
f 2133/2285/1727 1833/2283/1617 2079/2414/1654
f 2544/2413/1817 2079/2414/1654 1829/2415/1653
f 2150/2336/1765 2545/2417/1819 2138/2406/1812
f 1863/2416/1818 2116/2442/1829 2545/2417/1819
f 2545/2417/1819 2116/2442/1829 1839/2389/1689
f 2545/2417/1819 2132/2390/1803 1851/2387/1801
f 2151/2376/1793 2546/2418/1820 2140/2281/1725
f 1858/2372/1789 2137/2407/1813 2546/2418/1820
f 2137/2407/1813 1832/2412/1646 2078/2419/1695
f 2546/2418/1820 2078/2419/1695 1830/2282/1619
f 1870/2317/1753 2159/2316/1752 2547/2420/1767
f 2159/2316/1752 1871/2315/1751 2158/2422/1767
f 2547/2420/1767 2158/2422/1767 1847/2341/1767
f 2157/2421/1767 2547/2420/1767 2125/2338/1767
f 1864/2359/1779 2160/2358/1778 2548/2423/1821
f 2160/2358/1778 1867/2235/1682 2086/2234/1681
f 2548/2423/1821 2086/2234/1681 1843/2424/1611
f 2113/2291/1732 2548/2423/1821 2080/2425/1610
f 1866/2323/1757 2161/2382/1798 2549/2426/1822
f 2083/2427/1671 2549/2426/1822 2161/2382/1798
f 2046/2320/1755 2549/2426/1822 2083/2427/1671
f 1866/2323/1757 2162/2322/1756 2550/2428/1767
f 2162/2322/1756 1870/2317/1753 2157/2421/1767
f 2550/2428/1767 2157/2421/1767 1853/2340/1767
f 2154/2378/1795 2550/2428/1767 2128/2360/1767
f 2163/2266/1713 2551/2431/1825 2153/2429/1823
f 1869/2430/1824 2179/2432/1826 2551/2431/1825
f 2179/2432/1826 1875/2368/1785 2178/2365/1782
f 2551/2431/1825 2178/2365/1782 1852/2367/1784
f 2164/2290/1731 2552/2433/1827 2152/2355/1775
f 1865/2267/1714 2153/2429/1823 2552/2433/1827
f 2153/2429/1823 1852/2367/1784 2129/2373/1790
f 2552/2433/1827 2129/2373/1790 1846/2356/1776
f 1871/2315/1751 2165/2308/1747 2553/2434/1767
f 2165/2308/1747 1868/2237/1684 2156/2435/1767
f 2553/2434/1767 2156/2435/1767 1850/2348/1767
f 2158/2422/1767 2553/2434/1767 2131/2383/1767
f 1868/2237/1684 2166/2236/1683 2554/2436/1767
f 2166/2236/1683 1867/2235/1682 2155/2437/1767
f 2155/2437/1767 1848/2349/1770 2126/2346/1767
f 2156/2435/1767 2554/2436/1767 2126/2346/1767
f 1834/2438/1691 2084/2441/1690 2555/2439/1828
f 2084/2441/1690 1839/2389/1689 2116/2442/1829
f 2555/2439/1828 2116/2442/1829 1863/2416/1818
f 2082/2440/1659 2555/2439/1828 2142/2335/1764
f 1898/2443/1830 2203/2446/1833 2556/2444/1831
f 2203/2446/1833 1809/3480/1836 2052/2447/1834
f 2556/2444/1831 2052/2447/1834 1872/2448/1710
f 2207/2445/1832 2556/2444/1831 2168/2271/1718
f 2169/2449/1835 2557/2453/1838 2052/2450/1834
f 2169/2449/1835 1873/2454/1839 2180/2452/1837
f 2557/2453/1838 2180/2452/1837 1869/2430/1824
f 2052/2450/1834 2557/2453/1838 2175/2265/1712
f 1873/2454/1839 2171/2456/1841 2558/2455/1840
f 2171/2456/1841 1874/2458/1843 2170/2457/1842
f 2558/2455/1840 2170/2457/1842 1875/2368/1785
f 2180/2452/1837 2558/2455/1840 2179/2432/1826
f 1874/2458/1843 2172/2460/1845 2559/2459/1844
f 2172/2460/1845 1876/2462/1847 2181/2461/1846
f 2181/2461/1846 1862/2408/1814 2177/2370/1787
f 2170/2457/1842 2559/2459/1844 2177/2370/1787
f 1876/2462/1847 2173/2464/1849 2560/2463/1848
f 2173/2464/1849 1877/3481/1855 2182/2465/1850
f 2182/2465/1850 1831/3479/1648 2141/2410/1816
f 2181/2461/1846 2560/2463/1848 2141/2410/1816
f 1900/2466/1851 2206/2469/1854 2561/2467/1852
f 2206/2469/1854 1887/2192/1641 2192/2194/1643
f 2561/2467/1852 2192/2194/1643 1831/2199/1648
f 2174/2468/1853 2561/2467/1852 2182/2470/1850
f 1923/2472/1856 2272/2475/1859 2562/2473/1857
f 2272/2475/1859 1905/2545/1929 2232/2476/1860
f 2562/2473/1857 2232/2476/1860 1887/2192/1641
f 2205/2474/1858 2562/2473/1857 2206/2469/1854
f 1911/2477/1861 2238/2480/1864 2563/2478/1862
f 2238/2480/1864 1898/2443/1830 2207/2445/1832
f 2563/2478/1862 2207/2445/1832 1899/2269/1716
f 2271/2479/1863 2563/2478/1862 2204/2481/1865
f 1908/2483/1867 2270/2486/1870 2564/2484/1868
f 2270/2486/1870 1904/2552/1936 2231/2487/1871
f 2564/2484/1868 2231/2487/1871 1885/2179/1628
f 2235/2485/1869 2564/2484/1868 2208/2303/1743
f 2269/2488/1872 2565/2492/1876 2187/2489/1873
f 1906/2491/1875 2233/2493/1877 2565/2492/1876
f 2233/2493/1877 1889/2214/1663 2209/2297/1737
f 2565/2492/1876 2209/2297/1737 1882/2174/1623
f 1921/2494/1878 2268/2497/1881 2566/2495/1879
f 2268/2497/1881 1910/2499/1883 2237/2498/1882
f 2566/2495/1879 2237/2498/1882 1896/2274/1719
f 2202/2496/1880 2566/2495/1879 2210/2295/1735
f 1910/2499/1883 2267/2501/1885 2567/2500/1884
f 2267/2501/1885 1909/2513/1897 2236/2502/1886
f 2567/2500/1884 2236/2502/1886 1895/2249/1696
f 2237/2498/1882 2567/2500/1884 2211/2277/1722
f 2266/2503/1887 2568/2506/1890 2199/2504/1888
f 1922/2482/1866 2204/2481/1865 2568/2506/1890
f 2204/2481/1865 1899/2269/1716 2212/2268/1715
f 2568/2506/1890 2212/2268/1715 1894/2224/1673
f 1919/2507/1891 2265/2511/1895 2569/2508/1892
f 1907/2510/1894 2234/2512/1896 2569/2508/1892
f 2234/2512/1896 1891/2220/1669 2213/2258/1705
f 2198/2509/1893 2569/2508/1892 2213/2258/1705
f 1909/2513/1897 2264/2515/1899 2570/2514/1898
f 2264/2515/1899 1908/2483/1867 2235/2485/1869
f 2570/2514/1898 2235/2485/1869 1892/2301/1741
f 2236/2502/1886 2570/2514/1898 2214/2252/1699
f 1916/2516/1900 2263/2519/1903 2571/2517/1901
f 2263/2519/1903 1902/2557/1904 2229/2520/1904
f 2571/2517/1901 2229/2520/1904 1881/2163/1612
f 2191/2518/1902 2571/2517/1901 2215/2247/1694
f 1917/2521/1905 2262/2524/1908 2572/2522/1906
f 2262/2524/1908 1919/2507/1891 2198/2509/1893
f 2572/2522/1906 2198/2509/1893 1893/2256/1703
f 2193/2523/1907 2572/2522/1906 2216/2240/1687
f 1920/2505/1889 2199/2504/1888 2573/2525/1909
f 2199/2504/1888 1894/2224/1673 2217/2226/1675
f 2573/2525/1909 2217/2226/1675 1878/2158/1607
f 2261/2526/1910 2573/2525/1909 2183/2527/1911
f 2260/2529/1913 2574/2531/1915 2234/2512/1896
f 1918/2530/1914 2195/2532/1916 2574/2531/1915
f 2195/2532/1916 1890/2188/1637 2218/2218/1667
f 2574/2531/1915 2218/2218/1667 1891/2220/1669
f 2259/2533/1917 2575/2535/1919 2233/2493/1877
f 1901/2534/1918 2228/2536/1920 2575/2535/1919
f 2228/2536/1920 1879/2157/1606 2219/2212/1661
f 2575/2535/1919 2219/2212/1661 1889/2214/1663
f 1915/2537/1921 2258/2540/1924 2576/2538/1922
f 2258/2540/1924 1917/2521/1905 2193/2523/1907
f 2576/2538/1922 2193/2523/1907 1888/2238/1685
f 2189/2539/1923 2576/2538/1922 2220/2208/1657
f 1913/2541/1925 2257/2544/1928 2577/2542/1926
f 2257/2544/1928 1921/2494/1878 2202/2496/1880
f 2577/2542/1926 2202/2496/1880 1897/2293/1733
f 2185/2543/1927 2577/2542/1926 2221/2202/1651
f 1905/2545/1929 2256/2547/1931 2578/2546/1930
f 2256/2547/1931 1916/2516/1900 2191/2518/1902
f 2578/2546/1930 2191/2518/1902 1886/2245/1692
f 2232/2476/1860 2578/2546/1930 2222/2195/1644
f 2255/2548/1932 2579/2550/1934 2195/2532/1916
f 1903/2549/1933 2230/2551/1935 2579/2550/1934
f 2230/2551/1935 1883/2173/1622 2223/2186/1635
f 2579/2550/1934 2223/2186/1635 1890/2188/1637
f 1904/2552/1936 2254/2554/1938 2580/2553/1937
f 2254/2554/1938 1915/2537/1921 2189/2539/1923
f 2580/2553/1937 2189/2539/1923 1884/2206/1655
f 2231/2487/1871 2580/2553/1937 2224/2182/1631
f 2253/2555/1939 2581/2556/1940 2230/2551/1935
f 1914/2490/1874 2187/2489/1873 2581/2556/1940
f 2187/2489/1873 1882/2174/1623 2225/2171/1620
f 2581/2556/1940 2225/2171/1620 1883/2173/1622
f 1902/2557/1904 2252/2559/1942 2582/2558/1941
f 2252/2559/1942 1913/2541/1925 2185/2543/1927
f 2582/2558/1941 2185/2543/1927 1880/2200/1649
f 2229/2520/1904 2582/2558/1941 2226/2166/1615
f 2251/2560/1943 2583/2561/1944 2228/2536/1920
f 1912/2528/1912 2183/2527/1911 2583/2561/1944
f 2183/2527/1911 1878/2158/1607 2227/2155/1604
f 2583/2561/1944 2227/2155/1604 1879/2157/1606
f 2057/2562/1945 2584/2566/1949 2094/2563/1946
f 1824/2565/1948 2239/2567/1950 2584/2566/1949
f 2239/2567/1950 1912/2528/1912 2251/2560/1943
f 2584/2566/1949 2251/2560/1943 1901/2534/1918
f 1806/2568/1951 2050/2571/1953 2585/2569/1942
f 2050/2571/1953 1811/2593/1975 2240/2572/1954
f 2585/2569/1942 2240/2572/1954 1913/2541/1925
f 2096/2570/1952 2585/2569/1942 2252/2559/1942
f 2065/2573/1955 2586/2577/1959 2098/2574/1956
f 1815/2576/1958 2241/2578/1960 2586/2577/1959
f 2241/2578/1960 1914/2490/1874 2253/2555/1939
f 2586/2577/1959 2253/2555/1939 1903/2549/1933
f 1813/2579/1961 2058/2582/1964 2587/2580/1962
f 2058/2582/1964 1814/2597/1979 2242/2583/1965
f 2587/2580/1962 2242/2583/1965 1915/2537/1921
f 2100/2581/1963 2587/2580/1962 2254/2554/1938
f 2066/2584/1966 2588/2587/1969 2245/2585/1967
f 1816/2575/1957 2098/2574/1956 2588/2587/1969
f 2098/2574/1956 1903/2549/1933 2255/2548/1932
f 2588/2587/1969 2255/2548/1932 1918/2530/1914
f 1807/2588/1970 2051/2591/1973 2589/2589/1971
f 2051/2591/1973 1810/2617/1999 2243/2592/1974
f 2589/2589/1971 2243/2592/1974 1916/2516/1900
f 2103/2590/1972 2589/2589/1971 2256/2547/1931
f 1811/2593/1975 2056/2595/1977 2590/2594/1976
f 2056/2595/1977 1805/2636/2018 2248/2596/1978
f 2590/2594/1976 2248/2596/1978 1921/2494/1878
f 2240/2572/1954 2590/2594/1976 2257/2544/1928
f 1814/2597/1979 2059/2599/1981 2591/2598/1980
f 2059/2599/1981 1812/2613/1995 2244/2600/1982
f 2591/2598/1980 2244/2600/1982 1917/2521/1905
f 2242/2583/1965 2591/2598/1980 2258/2540/1924
f 2067/2601/1983 2592/2604/1986 2106/2602/1984
f 1821/2564/1947 2094/2563/1946 2592/2604/1986
f 2094/2563/1946 1901/2534/1918 2259/2533/1917
f 2592/2604/1986 2259/2533/1917 1906/2491/1875
f 2060/2605/1987 2593/2608/1990 2108/2606/1988
f 1818/2586/1968 2245/2585/1967 2593/2608/1990
f 2245/2585/1967 1918/2530/1914 2260/2529/1913
f 2593/2608/1990 2260/2529/1913 1907/2510/1894
f 1823/2609/1991 2247/2612/1994 2594/2610/1992
f 2247/2612/1994 1920/2505/1889 2261/2526/1910
f 2594/2610/1992 2261/2526/1910 1912/2528/1912
f 2069/2611/1993 2594/2610/1992 2239/2567/1950
f 1812/2613/1995 2061/2615/1997 2595/2614/1996
f 2061/2615/1997 1817/2625/2007 2246/2616/1998
f 2595/2614/1996 2246/2616/1998 1919/2507/1891
f 2244/2600/1982 2595/2614/1996 2262/2524/1908
f 1810/2617/1999 2054/2619/2001 2596/2618/2000
f 2054/2619/2001 1806/2568/1951 2096/2570/1952
f 2596/2618/2000 2096/2570/1952 1902/2557/1904
f 2243/2592/1974 2596/2618/2000 2263/2519/1903
f 1803/2620/2002 2047/2623/2005 2597/2621/2003
f 2047/2623/2005 1802/2641/2023 2109/2624/2006
f 2597/2621/2003 2109/2624/2006 1908/2483/1867
f 2112/2622/2004 2597/2621/2003 2264/2515/1899
f 1817/2625/2007 2062/2627/2009 2598/2626/2008
f 1819/2607/1989 2108/2606/1988 2598/2626/2008
f 2108/2606/1988 1907/2510/1894 2265/2511/1895
f 2246/2616/1998 2598/2626/2008 2265/2511/1895
f 2068/2628/2010 2599/2630/2012 2247/2612/1994
f 1825/2629/2011 2249/2631/2013 2599/2630/2012
f 2249/2631/2013 1922/2482/1866 2266/2503/1887
f 2599/2630/2012 2266/2503/1887 1920/2505/1889
f 1804/2632/2014 2048/2635/2017 2600/2633/2015
f 2048/2635/2017 1803/2620/2002 2112/2622/2004
f 2600/2633/2015 2112/2622/2004 1909/2513/1897
f 2114/2634/2016 2600/2633/2015 2267/2501/1885
f 1805/2636/2018 2049/2638/2020 2601/2637/2019
f 2049/2638/2020 1804/2632/2014 2114/2634/2016
f 2601/2637/2019 2114/2634/2016 1910/2499/1883
f 2248/2596/1978 2601/2637/2019 2268/2497/1881
f 2064/2639/2021 2602/2640/2022 2241/2578/1960
f 1820/2603/1985 2106/2602/1984 2602/2640/2022
f 2106/2602/1984 1906/2491/1875 2269/2488/1872
f 2602/2640/2022 2269/2488/1872 1914/2490/1874
f 1802/2641/2023 2071/2643/2025 2603/2642/2024
f 2071/2643/2025 1813/2579/1961 2100/2581/1963
f 2603/2642/2024 2100/2581/1963 1904/2552/1936
f 2109/2624/2006 2603/2642/2024 2270/2486/1870
f 1822/2644/2026 2167/2647/2029 2604/2645/2027
f 2167/2647/2029 1911/2477/1861 2271/2479/1863
f 2604/2645/2027 2271/2479/1863 1922/2482/1866
f 2070/2646/2028 2604/2645/2027 2249/2631/2013
f 1808/2648/2030 2053/2651/2033 2605/2649/2031
f 2053/2651/2033 1807/2588/1970 2103/2590/1972
f 2605/2649/2031 2103/2590/1972 1905/2545/1929
f 2250/2650/2032 2605/2649/2031 2272/2475/1859
f 2171/2652/1841 1873/3170/1839 2712/2653/2034
f 2411/2655/2036 2606/2659/2040 2454/2656/2037
f 1965/2658/2039 2307/2660/2041 2606/2659/2040
f 2307/2660/2041 1967/2728/2109 2320/2661/2042
f 2606/2659/2040 2320/2661/2042 2000/2662/2043
f 2003/2663/2044 2413/2666/2047 2607/2664/2045
f 2413/2666/2047 1952/2748/2127 2303/2667/2048
f 2607/2664/2045 2303/2667/2048 1955/2668/2049
f 2453/2665/2046 2607/2664/2045 2322/2669/2050
f 2415/2671/2052 2608/2675/2056 2452/2672/2053
f 2415/2671/2052 1960/2692/2073 2315/2674/2055
f 2608/2675/2056 2315/2674/2055 1959/2676/2057
f 2608/2675/2056 2324/2677/2058 2004/2678/2059
f 2007/2679/2060 2417/2683/2064 2609/2680/2061
f 1957/2682/2063 2308/2684/2065 2609/2680/2061
f 2308/2684/2065 1958/2709/2090 2326/2685/2066
f 2451/2681/2062 2609/2680/2061 2326/2685/2066
f 2334/2687/2068 2610/2691/2072 2450/2688/2069
f 2334/2687/2068 1962/2723/2104 2316/2690/2071
f 2610/2691/2072 2316/2690/2071 1960/2692/2073
f 2610/2691/2072 2415/2671/2052 2005/2673/2054
f 2009/2693/2074 2419/2696/2077 2611/2694/2075
f 2419/2696/2077 1953/2970/2288 2304/2697/2078
f 2611/2694/2075 2304/2697/2078 1954/2698/2079
f 2449/2695/2076 2611/2694/2075 2329/2699/2080
f 2002/2670/2051 2322/2669/2050 2612/2701/2082
f 2322/2669/2050 1955/2668/2049 2306/2703/2084
f 2612/2701/2082 2306/2703/2084 1951/2704/2085
f 2448/2702/2083 2612/2701/2082 2342/2705/2086
f 2006/2686/2067 2326/2685/2066 2613/2707/2088
f 1958/2709/2090 2309/2710/2091 2613/2707/2088
f 2309/2710/2091 1956/3482/2259 2332/2711/2092
f 2447/2708/2089 2613/2707/2088 2332/2711/2092
f 2421/2713/2094 2614/2717/2098 2446/2714/2095
f 2421/2713/2094 1964/2798/2112 2317/2716/2097
f 2317/2716/2097 1965/2658/2039 2411/2655/2036
f 2614/2717/2098 2411/2655/2036 2001/2657/2038
f 2423/2718/2099 2615/2722/2103 2445/2719/2100
f 2423/2718/2099 1963/2760/2139 2310/2721/2102
f 2615/2722/2103 2310/2721/2102 1962/2723/2104
f 2615/2722/2103 2334/2687/2068 2012/2689/2070
f 2016/2724/2105 2444/2727/2108 2616/2725/2106
f 2444/2727/2108 2000/2662/2043 2320/2661/2042
f 2616/2725/2106 2320/2661/2042 1967/2728/2109
f 2338/2726/2107 2616/2725/2106 2318/2729/2110
f 1964/2731/2112 2290/2734/2114 2617/2732/2113
f 2290/2734/2114 1990/2808/2178 2393/2735/2115
f 2617/2732/2113 2393/2735/2115 1989/2736/2116
f 2317/2733/2097 2617/2732/2113 2313/2737/2117
f 2010/2712/2093 2332/2711/2092 2618/2739/2118
f 2332/2711/2092 1956/3482/2259 2311/2741/2120
f 2618/2739/2118 2311/2741/2120 1961/2742/2121
f 2443/2740/2119 2618/2739/2118 2337/2743/2122
f 2008/2700/2081 2329/2699/2080 2619/2745/2124
f 2329/2699/2080 1954/2698/2079 2305/2747/2126
f 2619/2745/2124 2305/2747/2126 1952/2748/2127
f 2442/2746/2125 2619/2745/2124 2413/2666/2047
f 2017/2749/2128 2427/2753/2132 2620/2750/2129
f 1949/2752/2131 2300/2754/2133 2620/2750/2129
f 2300/2754/2133 1948/2801/2173 2424/2755/2134
f 2441/2751/2130 2620/2750/2129 2424/2755/2134
f 2015/2744/2123 2337/2743/2122 2621/2757/2136
f 2337/2743/2122 1961/2742/2121 2312/2759/2138
f 2621/2757/2136 2312/2759/2138 1963/2760/2139
f 2440/2758/2137 2621/2757/2136 2423/2718/2099
f 2282/2761/2140 2622/2765/2143 2403/2762/2141
f 1987/2764/2142 2390/2766/2144 2622/2765/2143
f 2390/2766/2144 1991/2931/2257 2402/2767/2145
f 2622/2765/2143 2402/2767/2145 1994/2768/2146
f 2338/2726/2107 2623/2770/2148 2439/2769/2147
f 1966/2730/2111 2403/2771/2141 2623/2770/2148
f 2403/2771/2141 1994/2944/2146 2395/2772/2149
f 2623/2770/2148 2395/2772/2149 2021/2773/2150
f 2018/2774/2151 2428/2778/2155 2624/2775/2152
f 1950/2777/2154 2301/2779/2156 2624/2775/2152
f 2301/2779/2156 1949/2752/2131 2427/2753/2132
f 2438/2776/2153 2624/2775/2152 2427/2753/2132
f 2367/2780/2157 2625/2784/2159 2303/2781/2048
f 1983/2783/2158 2370/2785/2160 2625/2784/2159
f 2370/2785/2160 1976/2890/2233 2360/2786/2161
f 2625/2784/2159 2360/2786/2161 1955/2787/2049
f 1966/2763/2111 2318/2789/2110 2626/2788/2162
f 2318/2789/2110 1967/3483/2109 2340/2790/2163
f 2340/2790/2163 1986/2854/2206 2391/2791/2164
f 2282/2761/2140 2626/2788/2162 2391/2791/2164
f 2019/2706/2087 2342/2705/2086 2627/2792/2165
f 2342/2705/2086 1951/2704/2085 2302/2794/2167
f 2302/2794/2167 1950/2777/2154 2428/2778/2155
f 2437/2793/2166 2627/2792/2165 2428/2778/2155
f 2324/2677/2058 2628/2797/2170 2436/2795/2168
f 2324/2677/2058 1959/2676/2057 2314/2796/2169
f 2628/2797/2170 2314/2796/2169 1964/2798/2112
f 2628/2797/2170 2421/2713/2094 2011/2715/2096
f 2014/2756/2135 2424/2755/2134 2629/2799/2171
f 1948/2801/2173 2319/2802/2174 2629/2799/2171
f 2319/2802/2174 1957/2682/2063 2417/2683/2064
f 2435/2800/2172 2629/2799/2171 2417/2683/2064
f 2314/2803/2169 2630/2805/2175 2290/2734/2114
f 1959/2804/2057 2331/2806/2176 2630/2805/2175
f 2331/2806/2176 1993/2814/2182 2392/2807/2177
f 2630/2805/2175 2392/2807/2177 1990/2808/2178
f 1960/2809/2073 2299/2812/2180 2631/2810/2179
f 2299/2812/2180 1992/2820/2186 2386/2813/2181
f 2631/2810/2179 2386/2813/2181 1993/2814/2182
f 2315/2811/2055 2631/2810/2179 2331/2806/2176
f 1962/2815/2104 2273/2818/2184 2632/2816/2183
f 2273/2818/2184 1988/2924/2252 2389/2819/2185
f 2632/2816/2183 2389/2819/2185 1992/2820/2186
f 2316/2817/2071 2632/2816/2183 2299/2812/2180
f 2366/2821/2187 2633/2825/2189 2319/2822/2174
f 1982/2824/2188 2374/2826/2190 2633/2825/2189
f 2374/2826/2190 1981/2830/2192 2328/2827/2191
f 2633/2825/2189 2328/2827/2191 1957/2828/2063
f 2328/2827/2191 2634/2831/2193 2308/2829/2065
f 1981/2830/2192 2377/2832/2194 2634/2831/2193
f 2377/2832/2194 1985/2915/2248 2369/2833/2195
f 2634/2831/2193 2369/2833/2195 1958/2834/2090
f 2351/2835/2196 2635/2839/2196 2352/2836/2196
f 1977/2838/2197 2372/2840/2198 2635/2839/2196
f 2372/2840/2198 1978/2882/2228 2345/2841/2196
f 2635/2839/2196 2345/2841/2196 1969/2842/2196
f 2348/2843/2196 2636/2847/2196 2353/2844/2196
f 1979/2846/2199 2376/2848/2200 2636/2847/2196
f 2376/2848/2200 1976/2890/2233 2346/2849/2201
f 2636/2847/2196 2346/2849/2201 1970/2850/2202
f 2379/2851/2203 2637/2855/2207 2354/2852/2204
f 1986/2854/2206 2387/2922/2251 2637/2855/2207
f 2637/2855/2207 2387/2922/2251 1989/2736/2116
f 2637/2855/2207 2382/2856/2196 1970/2850/2202
f 2347/2857/2196 2638/2860/2196 2355/2858/2196
f 1982/2824/2188 2371/2861/2209 2638/2860/2196
f 2371/2861/2209 1977/2838/2197 2351/2835/2196
f 2638/2860/2196 2351/2835/2196 1975/2837/2196
f 2350/2862/2210 2639/2866/2214 2405/2863/2211
f 1980/2865/2213 2375/2867/2215 2639/2866/2214
f 2375/2867/2215 1984/2909/2244 2404/2868/2216
f 2639/2866/2214 2404/2868/2216 1997/2869/2217
f 2344/2870/2218 2640/2872/2220 2356/2871/2219
f 1983/2783/2158 2378/2873/2221 2640/2872/2220
f 2378/2873/2221 1980/2865/2213 2350/2862/2210
f 2640/2872/2220 2350/2862/2210 1974/2864/2212
f 1971/2859/2208 2381/2876/2224 2641/2874/2222
f 2381/2876/2224 1988/2924/2252 2388/2877/2225
f 2641/2874/2222 2388/2877/2225 1963/2878/2139
f 2357/2875/2223 2641/2874/2222 2349/2879/2226
f 2345/2841/2196 2642/2883/2196 2358/2881/2196
f 1978/2882/2228 2373/2884/2229 2642/2883/2196
f 2373/2884/2229 1979/2846/2199 2348/2843/2196
f 2642/2883/2196 2348/2843/2196 1972/2845/2196
f 1973/2880/2227 2349/2879/2226 2643/2885/2230
f 2312/2887/2138 2643/2885/2230 2349/2879/2226
f 1961/2888/2121 2359/2886/2231 2643/2885/2230
f 2344/2870/2218 2644/2889/2232 2370/2785/2160
f 1968/2853/2205 2354/2852/2204 2644/2889/2232
f 2354/2852/2204 1970/2850/2202 2346/2849/2201
f 2644/2889/2232 2346/2849/2201 1976/2890/2233
f 2366/2821/2187 2645/2891/2234 2371/2861/2209
f 1948/2823/2173 2300/2892/2133 2645/2891/2234
f 2300/2892/2133 1949/2894/2131 2361/2893/2235
f 2645/2891/2234 2361/2893/2235 1977/2838/2197
f 2361/2893/2235 2646/2895/2236 2372/2840/2198
f 1949/2894/2131 2301/2896/2156 2646/2895/2236
f 2301/2896/2156 1950/2898/2154 2362/2897/2237
f 2646/2895/2236 2362/2897/2237 1978/2882/2228
f 2362/2897/2237 2647/2899/2238 2373/2884/2229
f 1950/2898/2154 2302/2900/2167 2647/2899/2238
f 2302/2900/2167 1951/2910/2085 2363/2901/2239
f 2647/2899/2238 2363/2901/2239 1979/2846/2199
f 2347/2857/2196 2648/2902/2196 2374/2826/2190
f 1971/2859/2208 2357/2875/2223 2648/2902/2196
f 2357/2875/2223 1973/2880/2227 2365/2903/2240
f 2648/2902/2196 2365/2903/2240 1981/2830/2192
f 2364/2904/2241 2649/2906/2242 2375/2867/2215
f 1954/2905/2079 2304/2907/2078 2649/2906/2242
f 2304/2907/2078 1953/3484/2288 2368/2908/2243
f 2649/2906/2242 2368/2908/2243 1984/2909/2244
f 2363/2901/2239 2650/2911/2245 2376/2848/2200
f 1951/2910/2085 2306/2912/2084 2650/2911/2245
f 2306/2912/2084 1955/2787/2049 2360/2786/2161
f 2650/2911/2245 2360/2786/2161 1976/2890/2233
f 2365/2903/2240 2651/2913/2246 2377/2832/2194
f 1973/2880/2227 2359/2886/2231 2651/2913/2246
f 2651/2913/2246 2359/2886/2231 1961/2888/2121
f 2651/2913/2246 2343/2914/2247 1985/2915/2248
f 2367/2780/2157 2652/2916/2249 2378/2873/2221
f 1952/2782/2127 2305/2917/2126 2652/2916/2249
f 2305/2917/2126 1954/2905/2079 2364/2904/2241
f 2652/2916/2249 2364/2904/2241 1980/2865/2213
f 1992/2820/2186 2384/2919/2196 2653/2918/2196
f 2384/2919/2196 1975/2837/2196 2352/2836/2196
f 2653/2918/2196 2352/2836/2196 1969/2842/2196
f 2386/2813/2181 2653/2918/2196 2385/2920/2196
f 1986/2854/2206 2340/2790/2163 2654/2921/2250
f 2340/2790/2163 1967/3483/2109 2307/2923/2041
f 2654/2921/2250 2307/2923/2041 1965/2738/2039
f 2387/2922/2251 2654/2921/2250 2313/2737/2117
f 1988/2924/2252 2273/2818/2184 2655/2925/2253
f 2310/2926/2102 2655/2925/2253 2273/2818/2184
f 2388/2877/2225 2655/2925/2253 2310/2926/2102
f 1988/2924/2252 2381/2876/2224 2656/2927/2196
f 2381/2876/2224 1971/2859/2208 2355/2858/2196
f 2656/2927/2196 2355/2858/2196 1975/2837/2196
f 2389/2819/2185 2656/2927/2196 2384/2919/2196
f 2380/2928/2254 2657/2929/2255 2390/2766/2144
f 1974/2864/2212 2405/2863/2211 2657/2929/2255
f 2405/2863/2211 1997/2869/2217 2406/2930/2256
f 2657/2929/2255 2406/2930/2256 1991/2931/2257
f 2379/2851/2203 2658/2932/2258 2391/2791/2164
f 1968/2853/2205 2356/2871/2219 2658/2932/2258
f 2356/2871/2219 1974/2864/2212 2380/2928/2254
f 2658/2932/2258 2380/2928/2254 1987/2764/2142
f 1993/2814/2182 2385/2920/2196 2659/2933/2196
f 2385/2920/2196 1969/2842/2196 2358/2881/2196
f 2659/2933/2196 2358/2881/2196 1972/2845/2196
f 2392/2807/2177 2659/2933/2196 2383/2934/2196
f 1990/2808/2178 2383/2934/2196 2660/2935/2196
f 2383/2934/2196 1972/2845/2196 2353/2844/2196
f 2353/2844/2196 1970/2850/2202 2382/2856/2196
f 2393/2735/2115 2660/2935/2196 2382/2856/2196
f 1956/2936/2259 2309/2939/2091 2661/2937/2260
f 2309/2939/2091 1958/2834/2090 2369/2833/2195
f 2661/2937/2260 2369/2833/2195 1985/2915/2248
f 2311/2938/2120 2661/2937/2260 2343/2914/2247
f 2020/2940/2261 2434/2943/2264 2662/2941/2262
f 2434/2943/2264 2021/2773/2150 2395/2772/2149
f 2662/2941/2262 2395/2772/2149 1994/2944/2146
f 2430/2942/2266 2662/2941/2262 2279/2945/2265
f 2279/2947/2265 2663/2950/2269 2396/2948/2268
f 2279/2947/2265 1994/2768/2146 2402/2767/2145
f 2663/2950/2269 2402/2767/2145 1991/2931/2257
f 2396/2948/2268 2663/2950/2269 2407/2951/2270
f 1995/2952/2271 2407/2951/2270 2664/2953/2272
f 2407/2951/2270 1991/2931/2257 2406/2930/2256
f 2664/2953/2272 2406/2930/2256 1997/2869/2217
f 2398/2954/2273 2664/2953/2272 2397/2955/2274
f 1996/2956/2275 2397/2955/2274 2665/2957/2276
f 2397/2955/2274 1997/2869/2217 2404/2868/2216
f 2404/2868/2216 1984/2909/2244 2408/2959/2278
f 2399/2958/2277 2665/2957/2276 2408/2959/2278
f 1998/2960/2279 2408/2959/2278 2666/2961/2280
f 2408/2959/2278 1984/2909/2244 2368/2908/2243
f 2368/2908/2243 1953/3484/2288 2409/2963/2282
f 2400/2962/2281 2666/2961/2280 2409/2963/2282
f 2022/2965/2284 2401/2968/2287 2667/2966/2285
f 2401/2968/2287 1999/3485/2283 2409/2969/2282
f 2667/2966/2285 2409/2969/2282 1953/2970/2288
f 2433/2967/2286 2667/2966/2285 2419/2696/2077
f 2045/2971/2289 2432/2974/2292 2668/2972/2290
f 2432/2974/2292 2022/2965/2284 2433/2967/2286
f 2668/2972/2290 2433/2967/2286 2009/2693/2074
f 2499/2973/2291 2668/2972/2290 2459/2975/2293
f 2033/2977/2295 2498/2980/2298 2669/2978/2296
f 2498/2980/2298 2044/3008/2326 2431/2981/2299
f 2669/2978/2296 2431/2981/2299 2021/2773/2150
f 2465/2979/2297 2669/2978/2296 2434/2943/2264
f 2030/2982/2300 2462/2985/2303 2670/2983/2301
f 2462/2985/2303 2014/2756/2135 2435/2800/2172
f 2670/2983/2301 2435/2800/2172 2007/2679/2060
f 2497/2984/2302 2670/2983/2301 2458/2986/2304
f 2414/2988/2306 2671/2991/2309 2496/2989/2307
f 2004/2678/2059 2436/2795/2168 2671/2991/2309
f 2436/2795/2168 2011/2715/2096 2460/2992/2310
f 2671/2991/2309 2460/2992/2310 2028/2993/2311
f 2043/2994/2312 2429/2997/2315 2672/2995/2313
f 2429/2997/2315 2019/2706/2087 2437/2793/2166
f 2672/2995/2313 2437/2793/2166 2018/2774/2151
f 2495/2996/2314 2672/2995/2313 2464/2998/2316
f 2032/2999/2317 2464/2998/2316 2673/3000/2318
f 2464/2998/2316 2018/2774/2151 2438/2776/2153
f 2673/3000/2318 2438/2776/2153 2017/2749/2128
f 2494/3001/2319 2673/3000/2318 2463/3002/2320
f 2426/3004/2322 2674/3007/2325 2493/3005/2323
f 2016/2724/2105 2439/2769/2147 2674/3007/2325
f 2439/2769/2147 2021/2773/2150 2431/2981/2299
f 2674/3007/2325 2431/2981/2299 2044/3008/2326
f 2041/3009/2327 2425/3012/2330 2675/3010/2328
f 2425/3012/2330 2015/2744/2123 2440/2758/2137
f 2440/2758/2137 2013/2720/2101 2461/3013/2331
f 2675/3010/2328 2461/3013/2331 2029/3014/2332
f 2031/3003/2321 2463/3002/2320 2676/3015/2333
f 2463/3002/2320 2017/2749/2128 2441/2751/2130
f 2676/3015/2333 2441/2751/2130 2014/2756/2135
f 2491/3016/2334 2676/3015/2333 2462/2985/2303
f 2038/3017/2335 2418/3020/2338 2677/3018/2336
f 2418/3020/2338 2008/2700/2081 2442/2746/2125
f 2677/3018/2336 2442/2746/2125 2003/2663/2044
f 2490/3019/2337 2677/3018/2336 2456/3021/2339
f 2039/3023/2340 2420/3026/2343 2678/3024/2341
f 2420/3026/2343 2010/2712/2093 2443/2740/2119
f 2678/3024/2341 2443/2740/2119 2015/2744/2123
f 2489/3025/2342 2678/3024/2341 2425/3012/2330
f 2042/3006/2324 2488/3028/2345 2679/3027/2344
f 2488/3028/2345 2034/3060/2376 2410/3029/2346
f 2679/3027/2344 2410/3029/2346 2000/2662/2043
f 2426/3004/2322 2679/3027/2344 2444/2727/2108
f 2461/3013/2331 2680/3031/2348 2487/3030/2347
f 2013/2720/2101 2445/2719/2100 2680/3031/2348
f 2445/2719/2100 2012/2689/2070 2422/3032/2349
f 2680/3031/2348 2422/3032/2349 2040/3033/2350
f 2460/2992/2310 2681/3035/2352 2486/3034/2351
f 2011/2715/2096 2446/2714/2095 2681/3035/2352
f 2446/2714/2095 2001/2657/2038 2455/3036/2353
f 2681/3035/2352 2455/3036/2353 2023/3037/2354
f 2037/3038/2355 2416/3041/2358 2682/3039/2356
f 2416/3041/2358 2006/2686/2067 2447/2708/2089
f 2682/3039/2356 2447/2708/2089 2010/2712/2093
f 2485/3040/2357 2682/3039/2356 2420/3026/2343
f 2035/3042/2359 2412/3045/2362 2683/3043/2360
f 2412/3045/2362 2002/2670/2051 2448/2702/2083
f 2683/3043/2360 2448/2702/2083 2019/2706/2087
f 2484/3044/2361 2683/3043/2360 2429/2997/2315
f 2027/2976/2294 2459/2975/2293 2684/3046/2363
f 2459/2975/2293 2009/2693/2074 2449/2695/2076
f 2684/3046/2363 2449/2695/2076 2008/2700/2081
f 2483/3047/2364 2684/3046/2363 2418/3020/2338
f 2422/3032/2349 2685/3049/2366 2482/3048/2365
f 2012/2689/2070 2450/2688/2069 2685/3049/2366
f 2450/2688/2069 2005/2673/2054 2457/3050/2367
f 2685/3049/2366 2457/3050/2367 2025/3051/2368
f 2026/2987/2305 2458/2986/2304 2686/3052/2369
f 2458/2986/2304 2007/2679/2060 2451/2681/2062
f 2686/3052/2369 2451/2681/2062 2006/2686/2067
f 2481/3053/2370 2686/3052/2369 2416/3041/2358
f 2457/3050/2367 2687/3055/2372 2480/3054/2371
f 2005/2673/2054 2452/2672/2053 2687/3055/2372
f 2452/2672/2053 2004/2678/2059 2414/2988/2306
f 2687/3055/2372 2414/2988/2306 2036/2990/2308
f 2024/3022/2339 2456/3021/2339 2688/3056/2373
f 2456/3021/2339 2003/2663/2044 2453/2665/2046
f 2688/3056/2373 2453/2665/2046 2002/2670/2051
f 2479/3057/2373 2688/3056/2373 2412/3045/2362
f 2455/3036/2353 2689/3059/2375 2478/3058/2374
f 2001/2657/2038 2454/2656/2037 2689/3059/2375
f 2454/2656/2037 2000/2662/2043 2410/3029/2346
f 2689/3059/2375 2410/3029/2346 2034/3060/2376
f 2321/3061/2377 2690/3064/2380 2284/3062/2378
f 2023/3037/2354 2478/3058/2374 2690/3064/2380
f 2478/3058/2374 2034/3060/2376 2466/3065/2381
f 2690/3064/2380 2466/3065/2381 1946/3066/2382
f 1928/3067/2383 2323/3070/2385 2691/3068/2373
f 2323/3070/2385 2024/3022/2339 2479/3057/2373
f 2691/3068/2373 2479/3057/2373 2035/3042/2359
f 2277/3069/2384 2691/3068/2373 2467/3071/2386
f 2325/3073/2388 2692/3076/2391 2292/3074/2389
f 2025/3051/2368 2480/3054/2371 2692/3076/2391
f 2480/3054/2371 2036/2990/2308 2468/3077/2392
f 2692/3076/2391 2468/3077/2392 1937/3078/2393
f 1935/3079/2394 2327/3082/2397 2693/3080/2395
f 2327/3082/2397 2026/2987/2305 2481/3053/2370
f 2693/3080/2395 2481/3053/2370 2037/3038/2355
f 2285/3081/2396 2693/3080/2395 2469/3083/2398
f 2472/3085/2400 2694/3088/2403 2293/3086/2401
f 2040/3033/2350 2482/3048/2365 2694/3088/2403
f 2482/3048/2365 2025/3051/2368 2325/3073/2388
f 2694/3088/2403 2325/3073/2388 1938/3075/2390
f 1929/3089/2404 2330/3092/2407 2695/3090/2405
f 2330/3092/2407 2027/2976/2294 2483/3047/2364
f 2695/3090/2405 2483/3047/2364 2038/3017/2335
f 2278/3091/2406 2695/3090/2405 2470/3093/2408
f 1933/3072/2387 2467/3071/2386 2696/3095/2410
f 2467/3071/2386 2035/3042/2359 2484/3044/2361
f 2696/3095/2410 2484/3044/2361 2043/2994/2312
f 2283/3096/2411 2696/3095/2410 2475/3097/2412
f 1936/3084/2399 2469/3083/2398 2697/3099/2414
f 2469/3083/2398 2037/3038/2355 2485/3040/2357
f 2697/3099/2414 2485/3040/2357 2039/3023/2340
f 2286/3100/2415 2697/3099/2414 2471/3101/2416
f 2333/3103/2418 2698/3106/2421 2294/3104/2419
f 2028/2993/2311 2486/3034/2351 2698/3106/2421
f 2486/3034/2351 2023/3037/2354 2321/3061/2377
f 2698/3106/2421 2321/3061/2377 1943/3063/2379
f 2335/3107/2422 2699/3110/2425 2287/3108/2423
f 2029/3014/2332 2487/3030/2347 2699/3110/2425
f 2487/3030/2347 2040/3033/2350 2472/3085/2400
f 2699/3110/2425 2472/3085/2400 1940/3087/2402
f 1945/3111/2426 2296/3114/2429 2700/3112/2427
f 2296/3114/2429 1946/3066/2382 2466/3065/2381
f 2700/3112/2427 2466/3065/2381 2034/3060/2376
f 2474/3113/2428 2700/3112/2427 2488/3028/2345
f 1934/3102/2417 2471/3101/2416 2701/3115/2430
f 2471/3101/2416 2039/3023/2340 2489/3025/2342
f 2701/3115/2430 2489/3025/2342 2041/3009/2327
f 2288/3116/2431 2701/3115/2430 2473/3117/2432
f 1932/3094/2409 2470/3093/2408 2702/3119/2434
f 2470/3093/2408 2038/3017/2335 2490/3019/2337
f 2702/3119/2434 2490/3019/2337 2024/3022/2339
f 2281/3120/2435 2702/3119/2434 2323/3070/2385
f 1925/3121/2436 2339/3124/2439 2703/3122/2437
f 2339/3124/2439 2031/3003/2321 2491/3016/2334
f 2703/3122/2437 2491/3016/2334 2030/2982/2300
f 2274/3123/2438 2703/3122/2437 2336/3125/2440
f 1939/3118/2433 2473/3117/2432 2704/3127/2442
f 2473/3117/2432 2041/3009/2327 2492/3011/2329
f 2492/3011/2329 2029/3014/2332 2335/3107/2422
f 2704/3127/2442 2335/3107/2422 1941/3109/2424
f 2474/3113/2428 2705/3130/2445 2295/3129/2444
f 2042/3006/2324 2493/3005/2323 2705/3130/2445
f 2493/3005/2323 2044/3008/2326 2476/3131/2446
f 2705/3130/2445 2476/3131/2446 1947/3132/2447
f 1926/3133/2448 2341/3136/2451 2706/3134/2449
f 2341/3136/2451 2032/2999/2317 2494/3001/2319
f 2706/3134/2449 2494/3001/2319 2031/3003/2321
f 2275/3135/2450 2706/3134/2449 2339/3124/2439
f 1927/3098/2413 2475/3097/2412 2707/3137/2452
f 2475/3097/2412 2043/2994/2312 2495/2996/2314
f 2707/3137/2452 2495/2996/2314 2032/2999/2317
f 2276/3138/2453 2707/3137/2452 2341/3136/2451
f 2468/3077/2392 2708/3140/2455 2291/3139/2454
f 2036/2990/2308 2496/2989/2307 2708/3140/2455
f 2496/2989/2307 2028/2993/2311 2333/3103/2418
f 2708/3140/2455 2333/3103/2418 1942/3105/2420
f 1924/3126/2441 2336/3125/2440 2709/3141/2456
f 2336/3125/2440 2030/2982/2300 2497/2984/2302
f 2709/3141/2456 2497/2984/2302 2026/2987/2305
f 2298/3142/2457 2709/3141/2456 2327/3082/2397
f 1944/3143/2458 2297/3146/2461 2710/3144/2459
f 2297/3146/2461 1947/3132/2447 2476/3131/2446
f 2710/3144/2459 2476/3131/2446 2044/3008/2326
f 2394/3145/2460 2710/3144/2459 2498/2980/2298
f 1930/3147/2462 2477/3150/2465 2711/3148/2463
f 2477/3150/2465 2045/2971/2289 2499/2973/2291
f 2711/3148/2463 2499/2973/2291 2027/2976/2294
f 2280/3149/2464 2711/3148/2463 2330/3092/2407
f 2785/3151/2466 2816/3486/2466 2849/3152/2466
f 2717/3154/2467 2721/3169/2468 2853/3155/2468
f 2712/2653/2034 2716/3171/2469 2818/3157/2469
f 2715/2654/2035 2712/2653/2034 2852/3158/2034
f 2849/3160/2470 2719/3163/2470 2718/3161/2471
f 2719/3163/2470 1877/3487/1855 2173/3164/1849
f 2173/3164/1849 1876/3166/1847 2720/3165/2472
f 1876/3166/1847 2172/3168/1845 2717/3154/2467
f 2718/3161/2471 2720/3165/2472 2850/3167/2472
f 2172/3168/1845 1874/3175/1843 2721/3169/2468
f 1873/3170/1839 2169/3173/1835 2716/3171/2469
f 2716/3171/2469 2713/3174/2473 2851/3172/2473
f 2169/3173/1835 1809/3488/1836 2713/3174/2473
f 2720/3165/2472 2717/3154/2467 2819/3156/2467
f 1874/3175/1843 2171/2652/1841 2715/2654/2035
f 2047/3176/2474 1803/3185/2481 2723/3177/2475
f 1802/3179/2476 2047/3176/2474 2787/3178/2474
f 1804/3181/2478 2724/3189/2485 2788/3182/2479
f 2048/3184/2480 2788/3489/2479 2723/3177/2475
f 2049/3186/2482 1805/3210/2505 2725/3187/2483
f 1804/3181/2478 2049/3186/2482 2789/3188/2484
f 1806/3190/2486 2726/3207/2502 2790/3191/2487
f 1811/3193/2489 2050/3192/2488 2790/3191/2487
f 2051/3195/2491 1807/3490/2499 2727/3196/2492
f 1810/3198/2494 2051/3195/2491 2791/3197/2493
f 2053/3200/2496 1808/3289/2573 2728/3201/2497
f 1807/3203/2499 2053/3200/2496 2792/3202/2498
f 2054/3205/2500 1810/3198/2494 2729/3199/2495
f 1806/3190/2486 2054/3205/2500 2793/3206/2501
f 2056/3208/2503 1811/3193/2489 2730/3194/2490
f 1805/3210/2505 2056/3208/2503 2794/3209/2504
f 1821/3211/2506 2740/3253/2543 2795/3212/2507
f 2057/3213/2508 2795/3212/2507 2743/3214/2509
f 1813/3216/2510 2732/3269/2510 2796/3217/2511
f 2058/3218/2512 2796/3217/2511 2733/3219/2513
f 2059/3221/2515 1814/3220/2514 2733/3219/2513
f 1812/3223/2517 2059/3221/2515 2797/3222/2516
f 1819/3225/2519 2738/3237/2530 2798/3226/2520
f 2060/3227/2521 2798/3226/2520 2737/3228/2522
f 1812/3223/2517 2731/3224/2518 2799/3230/2524
f 1817/3232/2526 2061/3491/2525 2799/3233/2524
f 2062/3235/2528 1817/3232/2526 2736/3234/2527
f 1819/3225/2519 2062/3235/2528 2800/3236/2529
f 2064/3238/2531 1815/3246/2537 2734/3239/2532
f 2064/3238/2531 2801/3240/2531 2739/3241/2533
f 2065/3243/2535 1816/3250/2540 2735/3244/2536
f 1815/3246/2537 2065/3492/2535 2802/3247/2535
f 1818/3229/2523 2737/3228/2522 2803/3248/2538
f 2066/3249/2539 2803/3248/2538 2735/3244/2536
f 1820/3242/2534 2739/3241/2533 2804/3251/2541
f 2067/3252/2542 2804/3251/2541 2740/3253/2543
f 1823/3254/2544 2742/3262/2551 2805/3255/2545
f 2068/3257/2546 2805/3493/2545 2744/3258/2547
f 1824/3215/2509 2743/3214/2509 2806/3260/2549
f 2069/3261/2550 2806/3260/2549 2742/3262/2551
f 2070/3263/2552 1825/3259/2548 2744/3258/2547
f 1822/3265/2554 2070/3263/2552 2807/3264/2553
f 1802/3179/2476 2722/3180/2477 2808/3267/2556
f 1813/3216/2510 2071/3268/2556 2808/3267/2556
f 2167/3270/2557 2809/3273/2560 2748/3271/2558
f 1822/3265/2554 2741/3266/2555 2809/3273/2560
f 2174/3274/2561 2810/3278/2565 2747/3275/2562
f 1877/3277/2564 2745/3427/2680 2810/3278/2565
f 2203/3279/2566 1898/3286/2571 2746/3280/2567
f 2205/3282/2568 2812/3285/2568 2749/3283/2569
f 1900/3276/2563 2747/3275/2562 2812/3285/2568
f 1898/3286/2571 2238/3288/2572 2813/3287/2572
f 1911/3272/2559 2748/3271/2558 2813/3287/2572
f 1808/3289/2573 2250/3291/2575 2814/3290/2574
f 1923/3284/2570 2749/3283/2569 2814/3290/2574
f 2849/3160/2470 2848/3162/2471 2752/3292/2471
f 2750/3294/2468 2853/3155/2468 2817/3159/2035
f 2815/3296/2034 2852/3158/2034 2818/3157/2469
f 2784/3295/2035 2817/3159/2035 2852/3158/2034
f 2753/3298/2472 2850/3167/2472 2819/3156/2467
f 2396/3300/2268 2751/3297/2469 2786/3301/2473
f 2779/3303/2576 2785/3151/2466 2754/3153/2466
f 2399/3305/2277 2755/3299/2467 2750/3294/2468
f 2754/3293/2470 2752/3292/2471 2400/3307/2281
f 1996/3306/2275 2750/3294/2468 2784/3295/2035
f 2274/3310/2578 2820/3314/2582 2757/3311/2579
f 1924/3313/2581 2756/3404/2660 2820/3314/2582
f 1926/3315/2583 2275/3318/2586 2821/3316/2584
f 2275/3318/2586 1925/3494/2580 2757/3319/2579
f 2276/3320/2587 2822/3323/2590 2759/3321/2588
f 1926/3315/2583 2758/3317/2585 2822/3323/2590
f 1928/3324/2591 2277/3328/2595 2823/3325/2592
f 1933/3327/2594 2764/3343/2608 2823/3325/2592
f 2278/3329/2596 2824/3495/2600 2761/3330/2597
f 1932/3332/2599 2763/3340/2605 2824/3333/2600
f 2280/3335/2601 2825/3338/2603 2762/3336/2602
f 1929/3331/2598 2761/3330/2597 2825/3338/2603
f 2281/3339/2604 2826/3341/2606 2763/3340/2605
f 1928/3324/2591 2760/3326/2593 2826/3341/2606
f 2283/3342/2607 2827/3345/2609 2764/3343/2608
f 1927/3344/2589 2759/3496/2588 2827/3345/2609
f 1943/3346/2610 2284/3349/2613 2828/3347/2611
f 2284/3349/2613 1946/3395/2614 2777/3350/2614
f 1935/3351/2615 2285/3354/2618 2829/3352/2616
f 2285/3354/2618 1936/3357/2621 2767/3355/2619
f 2286/3356/2620 2830/3497/2623 2767/3355/2619
f 1934/3358/2622 2765/3367/2629 2830/3359/2623
f 1941/3361/2624 2287/3364/2626 2831/3362/2625
f 2287/3364/2626 1940/3384/2642 2771/3365/2627
f 1934/3358/2622 2288/3369/2631 2832/3366/2628
f 1939/3368/2630 2770/3371/2633 2832/3366/2628
f 2289/3370/2632 2833/3498/2634 2770/3371/2633
f 1941/3361/2624 2772/3363/2624 2833/3372/2634
f 2291/3374/2635 2834/3378/2635 2768/3375/2636
f 2291/3374/2635 1942/3387/2645 2773/3377/2638
f 2292/3379/2639 2835/3383/2639 2769/3380/2640
f 1937/3382/2637 2768/3499/2636 2835/3383/2639
f 1940/3384/2642 2293/3386/2644 2836/3385/2643
f 2293/3386/2644 1938/3381/2641 2769/3380/2640
f 1942/3387/2645 2294/3389/2647 2837/3388/2646
f 2294/3389/2647 1943/3346/2610 2774/3348/2612
f 1945/3390/2648 2295/3393/2651 2838/3391/2649
f 2295/3393/2651 1947/3400/2656 2778/3394/2652
f 1946/3395/2614 2296/3500/2654 2839/3396/2653
f 2296/3397/2654 1945/3390/2648 2776/3392/2650
f 2297/3399/2655 2840/3402/2658 2778/3394/2652
f 1944/3401/2657 2775/3409/2665 2840/3402/2658
f 1924/3313/2581 2298/3405/2661 2841/3403/2659
f 1935/3351/2615 2766/3353/2617 2841/3403/2659
f 2394/3406/2662 2033/3422/2676 2782/3407/2663
f 1944/3401/2657 2394/3406/2662 2842/3408/2664
f 2401/3410/2666 2022/3419/2674 2781/3411/2667
f 1999/3304/2577 2401/3410/2666 2843/3412/2668
f 2430/3413/2669 2844/3501/2669 2780/3414/2670
f 2432/3416/2672 2045/3425/2679 2783/3417/2673
f 2022/3419/2674 2432/3416/2672 2845/3418/2672
f 2020/3415/2671 2780/3414/2670 2846/3420/2675
f 2033/3422/2676 2465/3421/2675 2846/3420/2675
f 1930/3337/2602 2762/3336/2602 2847/3423/2677
f 2045/3425/2679 2477/3424/2678 2847/3423/2677
f 2719/3426/2466 2714/3430/2466 2745/3427/2680
f 2721/3169/2468 2715/2654/2035 2817/3159/2035
f 2752/3292/2471 2848/3162/2471 2850/3167/2472
f 2751/3297/2469 2818/3157/2469 2851/3172/2473
f 1995/3428/2271 2815/3296/2034 2751/3297/2469
f 2398/3309/2273 2784/3295/2035 2815/3296/2034
f 2849/3429/2466 2816/3502/2466 2714/3430/2466
f 2755/3299/2467 2819/3156/2467 2853/3155/2468
f 1998/3431/2279 2753/3298/2472 2755/3299/2467
f 2400/3307/2281 2752/3292/2471 2753/3298/2472
f 691/373/300 1273/370/297 1272/314/242
f 1788/3432/1594 1778/3503/1593 2868/3433/2681
f 1797/2151/1581 2862/2102/1581 2857/2104/1582
f 1801/3435/1585 2854/2110/1585 2860/2112/1585
f 1782/2115/1585 2860/2112/1585 2862/2102/1581
f 1791/2136/1597 1790/2118/1586 2857/2104/1582
f 1794/2143/1595 1786/2099/1578 2855/2101/1580
f 2861/2130/1595 2859/2142/1585 1785/2133/1585
f 2859/2142/1585 2854/2110/1585 1801/3435/1585
f 2864/3434/2682 2868/3433/2681 1779/3436/2683
f 1781/3437/1585 2870/2116/1585 2869/2117/1581
f 1796/3439/1598 1788/3432/1594 2864/3434/2682
f 2867/2144/1595 2863/2134/1585 1783/3440/1585
f 1789/3441/1600 2865/2119/1587 2866/2135/1596
f 2863/2134/1585 2871/2114/1585 1799/3443/1585
f 1798/3438/1588 2869/2117/1581 2865/2119/1587
f 1799/3443/1585 2871/2114/1585 2870/2116/1585
