# Blender 4.5.3 LTS
# www.blender.org
mtllib Roof.mtl
o Roof
v 2.007940 1.421604 -0.765102
v 2.504062 1.154531 -0.890913
v 1.872018 1.464231 -0.743636
v 1.747227 1.485940 -0.733183
v 1.504765 1.503737 -0.720406
v 0.764475 1.480929 -0.708007
v 0.780232 1.491688 -0.573083
v 0.583981 1.457130 -0.705523
v 1.969083 1.474611 -0.012076
v 2.157604 1.435174 -0.006177
v 2.112813 1.453974 -0.152384
v 0.544037 1.478867 -0.207907
v 0.740155 1.504692 -0.203672
v 1.184022 1.541988 -0.236547
v 2.050598 1.435400 -0.624661
v 1.944905 1.488554 -0.483234
v 1.914195 1.477032 -0.606291
v 2.104002 1.449942 -0.372299
v 1.963851 1.493788 -0.362163
v 1.973277 1.490586 -0.214934
v 2.158052 1.436650 -0.144980
v 2.525941 1.150104 -0.848291
v 1.887075 1.469046 -0.687370
v 2.025126 1.427665 -0.707933
v 1.765949 1.489041 -0.684243
v 1.790174 1.497445 -0.597998
v 1.820573 1.506892 -0.473313
v 1.839862 1.512093 -0.354665
v 1.854071 1.509991 -0.218810
v 1.718546 1.516263 -0.467144
v 1.517355 1.507399 -0.673096
v 1.686673 1.507125 -0.592138
v 1.545991 1.515197 -0.585623
v 1.656690 1.499669 -0.679311
v 1.575396 1.524545 -0.460621
v 1.645201 1.495580 -0.727013
v 1.592892 1.532135 -0.345428
v 1.737449 1.523514 -0.350057
v 1.749688 1.523163 -0.222742
v 1.608017 1.531436 -0.228134
v 1.336480 1.506310 -0.717123
v 1.349213 1.510191 -0.669351
v 1.375868 1.517814 -0.582303
v 1.396250 1.527117 -0.457679
v 1.403561 1.535488 -0.344134
v 1.404576 1.539775 -0.234536
v 1.141320 1.505296 -0.713942
v 1.157932 1.508754 -0.664961
v 1.180117 1.516681 -0.579298
v 1.194152 1.526057 -0.455221
v 1.195792 1.534871 -0.342390
v 0.953585 1.495719 -0.709521
v 0.969597 1.500033 -0.658552
v 0.986392 1.507168 -0.575855
v 0.985620 1.516342 -0.452971
v 0.962394 1.535171 -0.239296
v 0.979239 1.525610 -0.341037
v 0.774380 1.485245 -0.654665
v 0.434203 1.434615 -0.643419
v 0.769326 1.500705 -0.450648
v 1.968449 1.474390 -0.172478
v 1.852336 1.487029 -0.015729
v 1.851248 1.487786 -0.176614
v 1.750057 1.499513 -0.018929
v 1.748734 1.500405 -0.178642
v 1.608766 1.512196 -0.023351
v 1.607370 1.512685 -0.181741
v 1.405077 1.527361 -0.029724
v 1.403623 1.527239 -0.186331
v 1.184566 1.533360 -0.036624
v 1.183058 1.532898 -0.191979
v 0.963165 1.525374 -0.043552
v 0.961612 1.525023 -0.198001
v 0.741765 1.504948 -0.050480
v 0.544787 1.478936 -0.056643
v 0.383042 1.453167 -0.061705
v 0.446661 1.428477 -0.704489
v 0.580042 1.460750 -0.647497
v 0.570903 1.465637 -0.569456
v 0.420782 1.442684 -0.568704
v 0.555528 1.474132 -0.448089
v 0.756647 1.509431 -0.338979
v 0.544720 1.482327 -0.335930
v 0.740515 1.515855 -0.238262
v 0.543779 1.488786 -0.235756
v 0.405453 1.450566 -0.446652
v 0.391597 1.455288 -0.204844
v 0.397923 1.452646 -0.329553
v 0.392082 1.455384 -0.230838
v 0.489120 1.445439 -0.645236
v 0.476770 1.451948 -0.568807
v 0.451242 1.465175 -0.206960
v 0.447568 1.464208 -0.059685
v 0.497528 1.439568 -0.704748
v 0.461178 1.460148 -0.447155
v 0.451253 1.470355 -0.233216
v 0.452323 1.465467 -0.332642
v -0.334569 1.188668 -0.628833
v -0.307845 1.196557 -0.687110
v -0.281725 1.211342 -0.630766
v -0.275148 1.208334 -0.692130
v 0.376070 1.406222 -0.703492
v 2.070138 1.406545 -0.725989
v 2.048049 1.401304 -0.774642
v 2.111703 1.455415 -0.007613
v 2.095505 1.416365 -0.635818
v 2.112943 1.453463 -0.215379
v 2.156836 1.435301 -0.218358
v 2.582990 1.105394 -0.905456
v 2.609520 1.109172 -0.838918
v 2.127675 1.423894 -0.504531
v 2.081062 1.443939 -0.498948
v 2.146483 1.428744 -0.377552
v -0.425801 1.203722 -0.087013
v -0.368311 1.218618 -0.085215
v -0.351185 1.216378 -0.292950
v -0.409960 1.200513 -0.297300
v -0.321586 1.213693 -0.456835
v -0.381207 1.194484 -0.456586
v -0.298274 1.210983 -0.558993
v -0.355598 1.190239 -0.557760
v 1.971867 1.493050 -0.252291
v 1.851298 1.512479 -0.252090
v 1.747297 1.525305 -0.253918
v 1.604743 1.533407 -0.256848
v 1.404643 1.539975 -0.261376
v 1.187311 1.541189 -0.262137
v 0.966745 1.533805 -0.263576
v 0.744321 1.515390 -0.261791
v 0.543490 1.488184 -0.258618
v 0.393375 1.454658 -0.252855
v 0.451130 1.469636 -0.255610
v 2.110912 1.452424 -0.263965
v 2.153055 1.433215 -0.271260
v 1.183309 1.537463 -0.217568
v 1.852692 1.498600 -0.200850
v 1.749218 1.511739 -0.203888
v 1.607735 1.522006 -0.208201
v 1.404002 1.533500 -0.213727
v 0.961727 1.530145 -0.221978
v 1.970899 1.481484 -0.197299
v 0.740079 1.510288 -0.224284
v 0.543852 1.483853 -0.225113
v 0.392060 1.455443 -0.220927
v 0.451347 1.467832 -0.223275
v 2.157984 1.436120 -0.187851
v 2.113260 1.453592 -0.189879
v 2.316247 1.274180 -0.800647
v 2.299557 1.272361 -0.839065
v 2.054480 1.470194 -0.192509
v 2.053263 1.473088 -0.258897
v 2.025733 1.466723 -0.492363
v 2.054726 1.472530 -0.214327
v 2.053762 1.468593 -0.159555
v 2.053732 1.470333 -0.009427
v 1.970431 1.447144 -0.696518
v 2.046799 1.472850 -0.368277
v 1.996213 1.455178 -0.615545
v 1.954231 1.441050 -0.755324
v 1.874403 1.465587 -0.725172
v 2.013057 1.423584 -0.745846
v 1.754782 1.486008 -0.718281
v 1.506588 1.504450 -0.706217
v 1.645924 1.496720 -0.712433
v 1.338427 1.507236 -0.702533
v 1.147043 1.505767 -0.698502
v 0.959265 1.497036 -0.692193
v 0.768743 1.482584 -0.687703
v 0.583181 1.458548 -0.683888
v 0.433995 1.430114 -0.673277
v 0.494484 1.442008 -0.681038
v -0.322088 1.190791 -0.664497
v -0.270831 1.210713 -0.660020
v 2.514954 1.152323 -0.868081
v 2.052856 1.404647 -0.757197
v 2.593336 1.106053 -0.883176
v 0.371547 1.412221 -0.677852
v 2.307890 1.273271 -0.819476
v 1.957760 1.443253 -0.735652
v -0.398245 1.197979 -0.374406
v -0.338033 1.214922 -0.372147
v -0.360113 1.217535 -0.222337
v -0.417932 1.201788 -0.225180
v -0.422750 1.202247 -0.152080
v -0.365473 1.218239 -0.150459
v 2.112681 1.454667 -0.098445
v 1.852095 1.486262 -0.119505
v 1.749787 1.498747 -0.121792
v 1.608464 1.511429 -0.125172
v 1.404734 1.526596 -0.130234
v 1.184203 1.532594 -0.136542
v 0.962790 1.524608 -0.143081
v 1.968978 1.473766 -0.115381
v 0.741379 1.504181 -0.149621
v 0.544888 1.478342 -0.154957
v 0.388231 1.454332 -0.154795
v 0.450090 1.464450 -0.155479
v 2.158067 1.436059 -0.092245
v 2.054139 1.469208 -0.104525
v 2.599885 1.097260 -0.903882
v 2.628594 1.101226 -0.845913
v 2.611311 1.098035 -0.885855
v 2.702661 1.124371 -0.557756
v 2.720118 1.118351 -0.560259
v 2.673701 1.109955 -0.726589
v 2.656243 1.115974 -0.724087
v 2.729574 1.130288 -0.391850
v 2.747032 1.124269 -0.394352
v 2.742841 1.134048 -0.229779
v 2.760299 1.128029 -0.232282
v 2.744006 1.137338 0.012172
v 2.761369 1.131319 0.012715
v 2.762504 1.130249 -0.094493
v 2.745062 1.136268 -0.092498
v 0.206387 1.354619 -0.700552
v 0.055377 1.308867 -0.697924
v -0.098597 1.262217 -0.695245
v 0.202556 1.359154 -0.674392
v 0.052306 1.311751 -0.671182
v -0.100893 1.263419 -0.667909
v -0.198204 1.232038 -0.693512
v -0.199999 1.232152 -0.665792
v 2.103755 1.373271 -0.788911
v 2.114573 1.379768 -0.754045
v 2.109164 1.376520 -0.771477
v -0.241806 1.218828 -0.692753
v -0.243382 1.218466 -0.664865
v 0.302484 1.383734 -0.702223
v 0.298169 1.389318 -0.676434
v 0.414234 1.418741 -0.704097
v 0.410316 1.423229 -0.677941
v 2.562427 1.118670 -0.903189
v 2.584190 1.115910 -0.857538
v 2.573297 1.117330 -0.879983
v 1.960785 1.421604 0.741906
v 2.448071 1.154531 0.898488
v 1.826471 1.464231 0.711984
v 1.702577 1.485940 0.693750
v 1.461389 1.503737 0.665839
v 0.723322 1.480929 0.607181
v 0.747483 1.491688 0.473505
v 0.543336 1.457130 0.593418
v 2.103760 1.453974 0.136943
v 0.534582 1.478867 0.094277
v 0.730581 1.504692 0.102313
v 1.171524 1.541988 0.162873
v 2.012140 1.435400 0.604407
v 1.915496 1.488554 0.456649
v 1.877152 1.477032 0.577545
v 2.081217 1.449942 0.355877
v 1.941974 1.493788 0.336998
v 1.960586 1.490586 0.190647
v 2.149373 1.436650 0.132382
v 2.472572 1.150104 0.857318
v 1.845016 1.469047 0.656769
v 1.981512 1.427665 0.685923
v 1.724323 1.489041 0.646075
v 1.753892 1.497445 0.561514
v 1.792027 1.506892 0.438974
v 1.818696 1.512093 0.321764
v 1.841371 1.509991 0.187062
v 1.690586 1.516263 0.426438
v 1.476911 1.507399 0.619408
v 1.650960 1.507125 0.549195
v 1.510961 1.515197 0.533897
v 1.615586 1.499669 0.634323
v 1.548123 1.524545 0.410979
v 1.601136 1.495580 0.681213
v 1.572786 1.532135 0.297103
v 1.716772 1.523514 0.310762
v 1.736946 1.523163 0.184462
v 1.595215 1.531436 0.180985
v 1.293639 1.506310 0.652042
v 1.309332 1.510191 0.605159
v 1.341378 1.517814 0.519947
v 1.369512 1.527117 0.396841
v 1.383906 1.535488 0.283976
v 1.391772 1.539775 0.174655
v 1.099058 1.505296 0.636665
v 1.118701 1.508754 0.588819
v 1.146198 1.516681 0.504710
v 1.167963 1.526057 0.381753
v 1.176654 1.534871 0.269245
v 0.911968 1.495719 0.620515
v 0.931134 1.500033 0.570647
v 0.953067 1.507168 0.489161
v 0.959980 1.516342 0.366470
v 0.950158 1.535171 0.151761
v 0.960608 1.525610 0.254356
v 0.736542 1.485245 0.554562
v 0.397734 1.434615 0.522071
v 0.744254 1.500705 0.350629
v 1.958422 1.474390 0.147973
v 1.841192 1.487786 0.144773
v 1.738751 1.500405 0.140388
v 1.597471 1.512685 0.134643
v 1.393835 1.527239 0.126486
v 1.173347 1.532898 0.118333
v 0.951959 1.525023 0.110498
v 0.406349 1.428477 0.583800
v 0.543033 1.460749 0.535258
v 0.538791 1.465637 0.456799
v 0.389010 1.442684 0.446663
v 0.531034 1.474132 0.334708
v 0.738581 1.509431 0.238385
v 0.527258 1.482327 0.222094
v 0.728777 1.515855 0.136858
v 0.532583 1.488786 0.122056
v 0.381342 1.450566 0.323891
v 0.382631 1.455288 0.081690
v 0.381149 1.452646 0.206551
v 0.381490 1.455384 0.107664
v 0.452430 1.445439 0.527318
v 0.444882 1.451948 0.450265
v 0.442027 1.465175 0.087530
v 0.457100 1.439568 0.587239
v 0.436927 1.460148 0.327877
v 0.440397 1.470355 0.113737
v 0.435248 1.465467 0.213034
v -0.368622 1.188668 0.459449
v -0.345594 1.196557 0.519284
v -0.316003 1.211342 0.464683
v -0.313275 1.208334 0.526339
v 0.335959 1.406222 0.578392
v 2.025306 1.406545 0.706758
v 2.000219 1.401304 0.753935
v 2.056261 1.416365 0.618350
v 2.099951 1.453463 0.199823
v 2.143571 1.435301 0.205541
v 2.525935 1.105394 0.917937
v 2.556573 1.109171 0.853189
v 2.096577 1.423894 0.489330
v 2.050404 1.443939 0.480845
v 2.123286 1.428744 0.363775
v -0.364207 1.216378 0.123184
v -0.423138 1.200513 0.123852
v -0.344911 1.213693 0.288599
v -0.404400 1.194484 0.284623
v -0.328032 1.210983 0.392015
v -0.385167 1.190239 0.387201
v 1.956843 1.493050 0.227843
v 1.836523 1.512479 0.220104
v 1.732611 1.525305 0.215427
v 1.590152 1.533407 0.209438
v 1.390160 1.539975 0.201447
v 1.173206 1.541189 0.188620
v 0.952983 1.533805 0.176266
v 0.731105 1.515390 0.160578
v 0.530865 1.488184 0.144856
v 0.381405 1.454658 0.129719
v 0.438874 1.469636 0.136078
v 2.094887 1.452424 0.248187
v 2.136490 1.433215 0.258103
v 1.171999 1.537463 0.143887
v 1.841117 1.498600 0.169052
v 1.737656 1.511739 0.165614
v 1.596180 1.522006 0.161073
v 1.392500 1.533500 0.153852
v 0.950575 1.530145 0.134435
v 1.959315 1.481484 0.172899
v 0.729217 1.510288 0.122879
v 0.533320 1.483853 0.111438
v 0.382087 1.455443 0.097770
v 0.441112 1.467832 0.103820
v 2.146626 1.436120 0.175165
v 2.101861 1.453592 0.174393
v 2.266266 1.274180 0.796657
v 2.247208 1.272361 0.833956
v 2.043032 1.470194 0.173344
v 2.037667 1.473088 0.239525
v 1.995594 1.466723 0.470813
v 2.041914 1.472530 0.195133
v 2.044376 1.468593 0.140409
v 1.927637 1.447144 0.671111
v 2.024377 1.472850 0.348287
v 1.958431 1.455178 0.591908
v 1.907793 1.441050 0.728789
v 1.830006 1.465587 0.693705
v 1.967096 1.423584 0.723008
v 1.711049 1.486008 0.679349
v 1.464096 1.504450 0.651793
v 1.602770 1.496720 0.666707
v 1.296494 1.507236 0.637601
v 1.105736 1.505767 0.621613
v 0.918719 1.497036 0.603576
v 0.728851 1.482584 0.587183
v 0.543890 1.458548 0.571774
v 0.395660 1.430114 0.551857
v 0.455545 1.442008 0.563385
v -0.358396 1.190791 0.495824
v -0.306959 1.210713 0.494561
v 2.460369 1.152323 0.876382
v 2.006108 1.404647 0.736825
v 2.537653 1.106053 0.896348
v 0.333048 1.412221 0.552519
v 2.256748 1.273270 0.814926
v 1.912544 1.443253 0.709377
v -0.416267 1.197979 0.201539
v -0.356031 1.214922 0.203048
v -0.368702 1.217535 0.052152
v -0.426584 1.201788 0.051374
v -0.426824 1.202247 -0.021884
v -0.369557 1.218239 -0.019921
v 2.107000 1.454667 0.083102
v 1.845608 1.486262 0.087828
v 1.743356 1.498747 0.083714
v 1.602098 1.511429 0.078252
v 1.398450 1.526596 0.070568
v 1.177958 1.532594 0.063076
v 0.956569 1.524608 0.055759
v 1.962520 1.473766 0.091020
v 0.735181 1.504181 0.048443
v 0.538742 1.478342 0.041485
v 0.382401 1.454332 0.031529
v 0.444097 1.464450 0.036079
v 2.152685 1.436059 0.079751
v 2.048193 1.469208 0.085509
v 2.542896 1.097260 0.917423
v 2.575172 1.101226 0.861363
v 2.555426 1.098035 0.900145
v 2.667109 1.124371 0.578399
v 2.684377 1.118351 0.581989
v 2.627651 1.109955 0.745092
v 2.610384 1.115974 0.741503
v 2.704343 1.130288 0.414500
v 2.721611 1.124269 0.418090
v 2.727717 1.134048 0.253576
v 2.744984 1.128029 0.257165
v 2.755799 1.130249 0.119784
v 2.738516 1.136268 0.116702
v 0.166791 1.354619 0.564848
v 0.016242 1.308867 0.552785
v -0.137263 1.262217 0.540484
v 0.164604 1.359154 0.538500
v 0.014849 1.311751 0.525903
v -0.137846 1.263419 0.513059
v -0.236567 1.232038 0.532527
v -0.236626 1.232152 0.504750
v 2.054923 1.373271 0.771659
v 2.067901 1.379768 0.737537
v 2.061412 1.376520 0.754598
v -0.280037 1.218828 0.529044
v -0.279866 1.218466 0.501112
v 0.262596 1.383734 0.572525
v 0.259902 1.389318 0.546516
v 0.374010 1.418741 0.581381
v 0.371736 1.423229 0.555032
v 2.505554 1.118670 0.914390
v 2.530128 1.115910 0.870188
v 2.517853 1.117330 0.891909
v 1.919247 1.452136 -0.749649
v 1.809936 1.476254 -0.737899
v 1.580310 1.499947 -0.723576
v 0.667181 1.478532 -0.571129
v 0.666642 1.469314 -0.706786
v 0.632592 1.491131 -0.206280
v 1.930249 1.482968 -0.546974
v 2.025258 1.445098 -0.619968
v 2.010958 1.483579 -0.365586
v 1.956066 1.492198 -0.422405
v 1.968920 1.493738 -0.301244
v 2.434602 1.205414 -0.827990
v 1.878947 1.466900 -0.710258
v 2.017626 1.425201 -0.731019
v 2.000134 1.437287 -0.701529
v 2.016262 1.472567 -0.010600
v 1.827517 1.479957 -0.685432
v 1.852689 1.488238 -0.601831
v 1.831621 1.510192 -0.413073
v 1.902267 1.503611 -0.358223
v 1.883224 1.498683 -0.477963
v 2.112587 1.455160 -0.056387
v 1.914609 1.500538 -0.216651
v 2.086037 1.462530 -0.190953
v 1.759234 1.486913 -0.706017
v 1.805898 1.502422 -0.537192
v 1.846551 1.512627 -0.297216
v 1.711630 1.495181 -0.682201
v 1.703687 1.511689 -0.531061
v 1.729546 1.520449 -0.407098
v 1.738521 1.503116 -0.595016
v 1.672373 1.528289 -0.347533
v 1.653316 1.520738 -0.463717
v 1.769616 1.512197 -0.470029
v 1.621686 1.511468 -0.588735
v 1.591608 1.503918 -0.676040
v 1.788681 1.518427 -0.352192
v 1.696271 1.491666 -0.729899
v 1.509951 1.505403 -0.694588
v 1.561830 1.519851 -0.524508
v 1.585300 1.528959 -0.400841
v 1.649121 1.497737 -0.700745
v 1.801754 1.517521 -0.220767
v 1.743362 1.524927 -0.295755
v 1.686845 1.527447 -0.225124
v 1.607276 1.533106 -0.237492
v 1.424104 1.505616 -0.718417
v 1.464399 1.517094 -0.583643
v 1.436711 1.509371 -0.671007
v 1.489304 1.526423 -0.458803
v 1.404665 1.540623 -0.243560
v 1.511600 1.535884 -0.231673
v 1.501983 1.534355 -0.344545
v 1.294674 1.541893 -0.235771
v 1.341819 1.508224 -0.690808
v 1.387754 1.522430 -0.521395
v 1.401203 1.531629 -0.398220
v 1.240170 1.506586 -0.715771
v 1.279409 1.518037 -0.580909
v 1.254755 1.510222 -0.667501
v 1.196623 1.530624 -0.395907
v 1.301148 1.536002 -0.343332
v 1.297037 1.527387 -0.456481
v 0.860565 1.489378 -0.708622
v 1.151073 1.506709 -0.686405
v 1.188734 1.521361 -0.518798
v 1.184894 1.542376 -0.245041
v 1.046184 1.501340 -0.711551
v 1.063179 1.505137 -0.661591
v 1.082968 1.512727 -0.577510
v 1.090084 1.522015 -0.454060
v 0.963512 1.535487 -0.247267
v 1.073226 1.539942 -0.238035
v 1.088080 1.531134 -0.341689
v 0.963206 1.498121 -0.679633
v 0.987783 1.511672 -0.516219
v 0.983108 1.520966 -0.393894
v 0.874623 1.493922 -0.656734
v 0.460805 1.439886 -0.644445
v 0.880169 1.509930 -0.451874
v 0.511742 1.457262 -0.568828
v 0.771089 1.483590 -0.675128
v 0.487404 1.470697 -0.207909
v 2.085613 1.462362 -0.155345
v 1.851394 1.486134 -0.154029
v 1.910234 1.480346 -0.175547
v 1.749053 1.498635 -0.156043
v 1.800128 1.494473 -0.177517
v 1.801363 1.493563 -0.017324
v 1.607716 1.511267 -0.159113
v 1.686181 1.506192 -0.180023
v 1.687549 1.505452 -0.020885
v 1.403973 1.526357 -0.163771
v 1.510807 1.520269 -0.183863
v 1.512231 1.520089 -0.026371
v 1.183433 1.532313 -0.169840
v 1.293672 1.531675 -0.189062
v 1.295155 1.532026 -0.033164
v 0.962014 1.524341 -0.176213
v 1.072335 1.530640 -0.195001
v 1.073865 1.531077 -0.040088
v 0.852465 1.516567 -0.047016
v 0.634118 1.491368 -0.053848
v 0.850885 1.516284 -0.200879
v 1.183601 1.540129 -0.227664
v 1.851776 1.492290 -0.190851
v 1.748853 1.505176 -0.193274
v 1.608021 1.527425 -0.218737
v 1.403695 1.529854 -0.201787
v 0.961953 1.533123 -0.231157
v 1.968376 1.473493 -0.149779
v 1.911107 1.479953 -0.013890
v 0.740593 1.503926 -0.182541
v 0.544355 1.478160 -0.187519
v 1.972352 1.486515 -0.206178
v 0.486244 1.470323 -0.058475
v 0.583704 1.457807 -0.695386
v 0.669508 1.473040 -0.651026
v 0.469819 1.433575 -0.704634
v 0.776208 1.496054 -0.513732
v 0.886943 1.500811 -0.574537
v 0.444241 1.429824 -0.691060
v 0.563428 1.469647 -0.511122
v 0.653419 1.487301 -0.449264
v 0.641068 1.495915 -0.337536
v 0.762907 1.505261 -0.391701
v 0.548934 1.478419 -0.388900
v 0.632589 1.502099 -0.237041
v 0.749908 1.512929 -0.293999
v 0.543702 1.489272 -0.242540
v 0.869772 1.518961 -0.340152
v 0.851506 1.527126 -0.239236
v 0.412531 1.447192 -0.510786
v 0.740191 1.513548 -0.231545
v 0.543820 1.486749 -0.230456
v 0.432619 1.455325 -0.446905
v 0.392392 1.455204 -0.237328
v 0.487191 1.478512 -0.234470
v 0.424438 1.458996 -0.331076
v 0.400900 1.452020 -0.384814
v 0.392025 1.455435 -0.225876
v 0.390367 1.454936 -0.185592
v 0.523651 1.451838 -0.645849
v 0.448040 1.447273 -0.568788
v 0.420688 1.460197 -0.205889
v 0.414530 1.458643 -0.060719
v 0.531067 1.447198 -0.704918
v 0.495960 1.465584 -0.447455
v 0.420940 1.462790 -0.232013
v 0.486328 1.472563 -0.334275
v 0.451212 1.470506 -0.239799
v 0.455605 1.463091 -0.386705
v 0.451372 1.466319 -0.217525
v 0.468717 1.456192 -0.510707
v 0.492440 1.443455 -0.666325
v 0.449016 1.464291 -0.111132
v -0.316648 1.192962 -0.677546
v -0.292910 1.202131 -0.691193
v -0.308147 1.200005 -0.629800
v -0.258083 1.213848 -0.692465
v -0.277222 1.210567 -0.649870
v 0.398556 1.413445 -0.703858
v 2.017731 1.483081 -0.255292
v 2.509499 1.153428 -0.879212
v 2.054976 1.455184 -0.495894
v 2.064319 1.392847 -0.778810
v 2.050380 1.402947 -0.766112
v 2.157990 1.436502 -0.121542
v 2.157689 1.435763 -0.203310
v 2.085828 1.463069 -0.214649
v 2.015880 1.471522 -0.166207
v 2.112520 1.420553 -0.571858
v 2.113279 1.453569 -0.202774
v 2.108912 1.451503 -0.312652
v 2.018987 1.481446 -0.214274
v 2.084945 1.464300 -0.008451
v 2.588163 1.105754 -0.894316
v 2.547187 1.128420 -0.900823
v 2.594807 1.111237 -0.856192
v 2.139030 1.426463 -0.439552
v 2.065962 1.439805 -0.564470
v 1.934141 1.457848 -0.691434
v 2.150634 1.431130 -0.319303
v 1.991272 1.477853 -0.488129
v 2.094343 1.447395 -0.434698
v 2.077500 1.461411 -0.370318
v 1.899218 1.472343 -0.653273
v 2.036471 1.431187 -0.672830
v 1.776410 1.492732 -0.648046
v 1.669981 1.502933 -0.642764
v 1.530147 1.510834 -0.636394
v 1.361717 1.513539 -0.632832
v 1.168684 1.512259 -0.629065
v 0.978897 1.503146 -0.624053
v 0.428415 1.438213 -0.612812
v 0.778617 1.487988 -0.620802
v 0.576439 1.462712 -0.614983
v 0.483809 1.448277 -0.613591
v 2.079611 1.411481 -0.689461
v -0.397057 1.211170 -0.086114
v -0.288559 1.211129 -0.600516
v -0.424514 1.203151 -0.118678
v -0.356195 1.217032 -0.257179
v -0.404565 1.199368 -0.335517
v -0.380572 1.208446 -0.295125
v -0.330630 1.214485 -0.412431
v -0.368788 1.192261 -0.507426
v -0.351396 1.204089 -0.456710
v -0.310094 1.212152 -0.508230
v -0.343950 1.188980 -0.598686
v -0.326936 1.200611 -0.558377
v 1.973215 1.492402 -0.226446
v 1.853589 1.512053 -0.228999
v 1.749180 1.525128 -0.232546
v 1.599637 1.533341 -0.294826
v 1.404454 1.538266 -0.296397
v 1.191794 1.538545 -0.295885
v 0.972897 1.530201 -0.295909
v 0.741474 1.516455 -0.245630
v 0.543345 1.485723 -0.290842
v 0.395347 1.453630 -0.284242
v 0.451166 1.467785 -0.287442
v 2.112138 1.453074 -0.233239
v 2.155167 1.434549 -0.238929
v 1.961143 1.465843 -0.610953
v 0.486479 1.477811 -0.257074
v 0.421538 1.462067 -0.254214
v 0.634294 1.501679 -0.260228
v 0.856039 1.526179 -0.263089
v 1.077218 1.538712 -0.262941
v 1.296624 1.541500 -0.261969
v 1.509588 1.537037 -0.259337
v 1.683831 1.529636 -0.255084
v 1.799192 1.519773 -0.252961
v 1.912436 1.503211 -0.251486
v 2.084165 1.462726 -0.261519
v 1.183074 1.534792 -0.206645
v 1.853599 1.505097 -0.210065
v 1.749581 1.518313 -0.213703
v 1.607437 1.516600 -0.196849
v 1.404334 1.537148 -0.224843
v 0.961570 1.527154 -0.211967
v 1.969420 1.477169 -0.187111
v 0.740032 1.507025 -0.216193
v 0.543897 1.480950 -0.218948
v 0.392040 1.455423 -0.215207
v 0.451297 1.469328 -0.228228
v 2.158072 1.436467 -0.167716
v 2.113047 1.453732 -0.172828
v 1.982942 1.431329 -0.760297
v 0.487328 1.474650 -0.224429
v 0.420975 1.461581 -0.222086
v 1.511192 1.528043 -0.211051
v 0.632424 1.496629 -0.224964
v 0.850911 1.521738 -0.223384
v 1.072520 1.535329 -0.219837
v 1.293998 1.536791 -0.215714
v 1.686543 1.516767 -0.205804
v 1.800958 1.505921 -0.202308
v 1.912442 1.489712 -0.199273
v 2.017557 1.475714 -0.194829
v 2.200744 1.336105 -0.773929
v 2.414783 1.207247 -0.868512
v 2.303721 1.272815 -0.829199
v 2.136384 1.445291 -0.148919
v 2.030240 1.410868 -0.770172
v 2.046970 1.417601 -0.716952
v 2.136016 1.444245 -0.216696
v 2.135420 1.445485 -0.006871
v 2.073619 1.425854 -0.630030
v 2.104932 1.433623 -0.501786
v 2.126382 1.439125 -0.374761
v 2.133229 1.442649 -0.267304
v 2.136657 1.444752 -0.188870
v 2.011292 1.461057 -0.556570
v 2.038013 1.470730 -0.429774
v 2.054250 1.472927 -0.229773
v 1.962473 1.444838 -0.719986
v 2.054759 1.471493 -0.203547
v 1.982068 1.450507 -0.662281
v 2.054452 1.469949 -0.060487
v 2.051368 1.473331 -0.307978
v 2.054060 1.469144 -0.178000
v 1.872522 1.464785 -0.735492
v 2.010118 1.422472 -0.756430
v 1.750930 1.485807 -0.726539
v 1.505233 1.503988 -0.714035
v 1.645036 1.496076 -0.720417
v 1.337016 1.506683 -0.710530
v 1.144008 1.505401 -0.706927
v 0.956252 1.496305 -0.701475
v 0.766596 1.481740 -0.698132
v 0.582121 1.459452 -0.669183
v 0.436821 1.432276 -0.662812
v 0.496084 1.440754 -0.693341
v -0.327553 1.189339 -0.649423
v -0.275928 1.208004 -0.677912
v 2.520439 1.151215 -0.857901
v 2.056624 1.406313 -0.746446
v 2.599142 1.106519 -0.869832
v 0.373809 1.409222 -0.690672
v 2.312066 1.273725 -0.809990
v 1.955393 1.442060 -0.746621
v 1.987601 1.433333 -0.740634
v 2.194050 1.333750 -0.792080
v 2.583508 1.111386 -0.881574
v 2.035279 1.413466 -0.751833
v 2.424658 1.206332 -0.847158
v 0.394261 1.418863 -0.678020
v -0.258862 1.213696 -0.664002
v -0.298629 1.200077 -0.664158
v 0.528681 1.449085 -0.682421
v 0.465732 1.436131 -0.679085
v 0.668487 1.470759 -0.685706
v 0.865877 1.491015 -0.689731
v 1.052307 1.502130 -0.695370
v 1.243927 1.507255 -0.700818
v 1.425943 1.506422 -0.704136
v 1.700813 1.492221 -0.715437
v 1.580842 1.500969 -0.709162
v 1.815557 1.476745 -0.721317
v 1.921322 1.454134 -0.730233
v -0.390817 1.196387 -0.413260
v -0.344973 1.215593 -0.331860
v -0.368139 1.206450 -0.373276
v -0.363166 1.217922 -0.186202
v -0.414405 1.201342 -0.261047
v -0.389022 1.209661 -0.223759
v -0.367135 1.218503 -0.117074
v -0.394111 1.210243 -0.151269
v 2.112695 1.454269 -0.129151
v 1.852888 1.486767 -0.071445
v 1.750593 1.499251 -0.074154
v 1.609284 1.511934 -0.078016
v 1.405573 1.527100 -0.083686
v 1.185051 1.533098 -0.090267
v 0.963645 1.525112 -0.096987
v 1.969678 1.474322 -0.067539
v 0.742238 1.504686 -0.103706
v 0.545422 1.478733 -0.109428
v 0.385385 1.453566 -0.111716
v 0.450827 1.464643 -0.187181
v 2.158260 1.435476 -0.052390
v 2.053807 1.468663 -0.136496
v 2.085720 1.463213 -0.100974
v 2.136249 1.445446 -0.095531
v 0.487392 1.470091 -0.155670
v 0.418409 1.459355 -0.155138
v 0.633788 1.490624 -0.152740
v 0.852085 1.515801 -0.146351
v 1.073497 1.530311 -0.139812
v 1.294799 1.531260 -0.133301
v 1.511907 1.519323 -0.127498
v 1.687265 1.504685 -0.123293
v 1.801106 1.492797 -0.120566
v 1.910903 1.479177 -0.118239
v 2.016359 1.471569 -0.110065
v 2.606040 1.096991 -0.896371
v 2.617312 1.099162 -0.872591
v 2.602517 1.101739 -0.884581
v 2.619721 1.104477 -0.844282
v 2.592113 1.100269 -0.906154
v 2.711390 1.121361 -0.559007
v 2.648636 1.105145 -0.795900
v 2.681213 1.120472 -0.643016
v 2.698671 1.114453 -0.645519
v 2.630976 1.111405 -0.792836
v 2.664972 1.112965 -0.725338
v 2.738303 1.127278 -0.393101
v 2.735861 1.121611 -0.476746
v 2.718403 1.127630 -0.474243
v 2.751570 1.131039 -0.231030
v 2.755192 1.126386 -0.311863
v 2.737734 1.132405 -0.309361
v 2.752687 1.134329 0.012443
v 2.762276 1.129277 -0.159217
v 2.744906 1.137022 -0.037532
v 2.762314 1.131003 -0.038448
v 2.744820 1.135296 -0.156778
v 2.753783 1.133258 -0.093495
v -0.420628 1.201909 -0.188234
v 0.259583 1.370736 -0.701477
v 0.136030 1.333302 -0.699327
v -0.025646 1.284319 -0.696514
v 0.255485 1.375852 -0.675522
v 0.132553 1.337069 -0.672896
v -0.028310 1.286319 -0.669460
v 0.204471 1.356886 -0.687472
v 0.053842 1.310309 -0.684553
v -0.099744 1.262818 -0.681577
v -0.156678 1.244619 -0.694234
v -0.158682 1.245187 -0.666675
v -0.199101 1.232095 -0.679651
v 2.187359 1.331395 -0.810325
v 2.075540 1.399845 -0.742816
v 2.069150 1.396436 -0.761673
v 2.106459 1.374896 -0.780194
v 2.111869 1.378144 -0.762761
v -0.224246 1.224148 -0.693058
v -0.225910 1.223978 -0.665238
v -0.242594 1.218647 -0.678809
v 0.342570 1.395904 -0.702919
v 0.338074 1.401877 -0.677268
v 0.300326 1.386526 -0.689329
v 0.428974 1.423614 -0.704305
v 0.424258 1.427019 -0.677269
v 0.412275 1.420985 -0.691019
v 2.572942 1.111743 -0.904305
v 2.569485 1.124014 -0.856255
v 2.558302 1.126238 -0.877446
v 2.567860 1.118007 -0.891515
v 2.578741 1.116627 -0.868689
v 1.873231 1.452136 0.720938
v 1.764869 1.476254 0.702378
v 1.536588 1.499947 0.673725
v 0.634776 1.478532 0.464488
v 0.625757 1.469314 0.599846
v 0.623066 1.491131 0.098191
v 1.896883 1.482968 0.519348
v 1.987143 1.445098 0.598139
v 1.988775 1.483579 0.343360
v 1.930438 1.492198 0.396636
v 1.950842 1.493738 0.276516
v 2.382680 1.205414 0.831346
v 1.835473 1.466900 0.679104
v 1.972583 1.425201 0.708495
v 1.956969 1.437287 0.677969
v 1.785695 1.479957 0.651112
v 1.816046 1.488238 0.569248
v 1.806820 1.510192 0.379542
v 1.880756 1.503611 0.329216
v 1.854265 1.498683 0.447532
v 2.109536 1.455160 0.041120
v 1.901926 1.500538 0.188693
v 2.074625 1.462530 0.173763
v 1.716259 1.486913 0.667387
v 1.773387 1.502422 0.501810
v 1.828964 1.512627 0.264845
v 1.670237 1.495181 0.640642
v 1.671759 1.511690 0.489301
v 1.705318 1.520449 0.367198
v 1.702526 1.503116 0.555309
v 1.651981 1.528288 0.304174
v 1.625698 1.520738 0.418939
v 1.741375 1.512197 0.432510
v 1.586313 1.511468 0.541736
v 1.550836 1.503918 0.626990
v 1.767769 1.518427 0.316095
v 1.651926 1.491666 0.687286
v 1.468178 1.505403 0.640395
v 1.530590 1.519851 0.473892
v 1.561745 1.528959 0.351934
v 1.606691 1.497737 0.655241
v 1.789034 1.517521 0.185745
v 1.726068 1.524927 0.256936
v 1.674077 1.527446 0.182910
v 1.593890 1.533106 0.190278
v 1.381009 1.505616 0.658811
v 1.429652 1.517094 0.526820
v 1.396557 1.509371 0.612282
v 1.462314 1.526423 0.403781
v 1.391297 1.540623 0.183667
v 1.498765 1.535884 0.178490
v 1.482111 1.534355 0.290539
v 1.282008 1.541893 0.169017
v 1.300611 1.508224 0.626112
v 1.357049 1.522430 0.459902
v 1.378172 1.531629 0.337808
v 1.197601 1.506586 0.644671
v 1.245195 1.518037 0.512525
v 1.215175 1.510222 0.597407
v 1.174137 1.530624 0.322710
v 1.281745 1.536003 0.276773
v 1.270567 1.527387 0.389443
v 0.819185 1.489378 0.613803
v 1.110515 1.506709 0.609792
v 1.158580 1.521361 0.444867
v 1.171863 1.542376 0.171405
v 1.004258 1.501339 0.628331
v 1.024344 1.505137 0.579531
v 1.049351 1.512727 0.496852
v 1.064171 1.522015 0.374088
v 0.950775 1.535487 0.159787
v 1.060851 1.539942 0.157432
v 1.069196 1.531134 0.261811
v 0.923439 1.498121 0.591287
v 0.958184 1.511672 0.429730
v 0.961165 1.520966 0.307351
v 0.836460 1.493922 0.562895
v 0.424220 1.439886 0.524758
v 0.854803 1.509930 0.358782
v 0.479784 1.457262 0.452473
v 0.731978 1.483590 0.574779
v 0.478059 1.470697 0.090739
v 2.076428 1.462362 0.138198
v 1.842749 1.486134 0.122242
v 1.900129 1.480346 0.147397
v 1.740483 1.498635 0.117853
v 1.790115 1.494473 0.142478
v 1.599230 1.511267 0.112081
v 1.676235 1.506192 0.137855
v 1.395595 1.526357 0.103992
v 1.500963 1.520269 0.130723
v 1.175107 1.532313 0.096260
v 1.283928 1.531675 0.122337
v 0.953722 1.524341 0.088777
v 1.062653 1.530640 0.114426
v 0.841269 1.516284 0.106448
v 1.171659 1.540129 0.153982
v 1.840829 1.492290 0.159015
v 1.737955 1.505176 0.154998
v 1.595808 1.527425 0.171607
v 1.392940 1.529854 0.141916
v 0.950226 1.533123 0.143610
v 1.959768 1.473493 0.125313
v 0.732338 1.503926 0.081250
v 0.536174 1.478160 0.073950
v 1.960211 1.486515 0.181850
v 0.543694 1.457807 0.583283
v 0.632102 1.473040 0.544374
v 0.429453 1.433575 0.585392
v 0.747179 1.496054 0.414019
v 0.853895 1.500811 0.481629
v 0.404774 1.429824 0.570246
v 0.534977 1.469647 0.398111
v 0.628660 1.487301 0.342001
v 0.623319 1.495915 0.229720
v 0.741532 1.505261 0.291396
v 0.528153 1.478419 0.275223
v 0.621139 1.502099 0.128891
v 0.734668 1.512929 0.193073
v 0.532081 1.489272 0.128822
v 0.851411 1.518961 0.246629
v 0.839490 1.527126 0.144768
v 0.384397 1.447192 0.388343
v 0.728874 1.513548 0.130133
v 0.532955 1.486749 0.116769
v 0.408439 1.455325 0.325842
v 0.381393 1.455204 0.114160
v 0.476186 1.478512 0.117235
v 0.407516 1.458996 0.209729
v 0.380664 1.452020 0.261889
v 0.381743 1.455435 0.102707
v 0.382607 1.454936 0.062399
v 0.486856 1.451838 0.530088
v 0.416210 1.447273 0.448451
v 0.411599 1.460197 0.084552
v 0.490563 1.447198 0.589506
v 0.471622 1.465584 0.330351
v 0.410218 1.462790 0.110640
v 0.469085 1.472563 0.216790
v 0.439944 1.470506 0.120304
v 0.435144 1.463091 0.267197
v 0.441496 1.466319 0.098084
v 0.440478 1.456192 0.391776
v 0.454425 1.443455 0.548573
v 0.445796 1.464291 -0.008248
v -0.353781 1.192962 0.509188
v -0.330944 1.202131 0.524292
v -0.342312 1.200005 0.462066
v -0.296264 1.213848 0.527739
v -0.312703 1.210567 0.484030
v 0.358378 1.413445 0.580163
v 2.002429 1.483081 0.233706
v 2.454228 1.153428 0.887150
v 2.024560 1.455184 0.476165
v 2.016196 1.392847 0.759112
v 2.003079 1.402947 0.745567
v 2.150776 1.436502 0.108986
v 2.145364 1.435763 0.190575
v 2.072935 1.463069 0.197399
v 2.006152 1.471522 0.144679
v 2.077242 1.420553 0.555578
v 2.101074 1.453568 0.187263
v 2.089846 1.451503 0.296654
v 2.006248 1.481446 0.192847
v 2.531794 1.105754 0.907143
v 2.490492 1.128420 0.911075
v 2.540809 1.111237 0.869509
v 2.111972 1.426463 0.425189
v 2.031237 1.439805 0.545294
v 1.891735 1.457848 0.663769
v 2.131071 1.431130 0.305901
v 1.961466 1.477853 0.464433
v 2.067676 1.447395 0.417550
v 2.054891 1.461411 0.352243
v 1.859267 1.472343 0.623498
v 1.995028 1.431187 0.651598
v 1.737026 1.492732 0.610604
v 1.631135 1.502933 0.598679
v 1.491973 1.510834 0.583578
v 1.324095 1.513539 0.569493
v 1.131675 1.512259 0.553664
v 0.942574 1.503146 0.536796
v 0.393871 1.438213 0.491162
v 0.742889 1.487988 0.521031
v 0.541471 1.462711 0.502583
v 0.449108 1.448277 0.495403
v 2.037045 1.411481 0.670894
v -0.320931 1.211129 0.434065
v -0.426496 1.203151 -0.055331
v -0.366970 1.217032 0.087170
v -0.420143 1.199368 0.162331
v -0.393672 1.208446 0.123518
v -0.351161 1.214485 0.243717
v -0.395184 1.192261 0.336141
v -0.374655 1.204089 0.286611
v -0.336656 1.212152 0.340612
v -0.376100 1.188980 0.428774
v -0.356599 1.200611 0.389608
v 1.959805 1.492402 0.202132
v 1.840253 1.512053 0.197201
v 1.735826 1.525128 0.194214
v 1.582683 1.533341 0.247023
v 1.387784 1.538266 0.236388
v 1.175571 1.538545 0.222581
v 0.957100 1.530201 0.208920
v 0.729274 1.516455 0.144270
v 0.528706 1.485723 0.177007
v 0.381409 1.453630 0.161167
v 0.436920 1.467785 0.167850
v 2.098031 1.453074 0.217598
v 2.140620 1.434549 0.225967
v 1.923717 1.465843 0.585133
v 0.474062 1.477811 0.139750
v 0.409427 1.462067 0.132835
v 0.621390 1.501679 0.152140
v 0.842523 1.526179 0.168859
v 1.063278 1.538712 0.182539
v 1.282316 1.541500 0.195286
v 1.495028 1.537037 0.205974
v 1.669197 1.529636 0.212623
v 1.784464 1.519773 0.217716
v 1.897579 1.503211 0.223324
v 2.068344 1.462726 0.244073
v 1.172448 1.534792 0.132971
v 1.841446 1.505097 0.178306
v 1.737405 1.518313 0.175433
v 1.596593 1.516600 0.149726
v 1.392137 1.537148 0.164966
v 0.951044 1.527154 0.124434
v 1.958476 1.477169 0.162637
v 0.729675 1.507025 0.114801
v 0.533751 1.480950 0.105289
v 0.382426 1.455423 0.092061
v 0.440752 1.469328 0.108760
v 2.147972 1.436467 0.155075
v 2.102715 1.453732 0.157362
v 1.936136 1.431329 0.735548
v 0.476951 1.474650 0.107221
v 0.410873 1.461581 0.100735
v 1.499648 1.528043 0.157883
v 0.621729 1.496629 0.116828
v 0.839888 1.521738 0.128910
v 1.061285 1.535329 0.139225
v 1.282587 1.536791 0.148957
v 1.674985 1.516767 0.163609
v 1.789394 1.505921 0.167273
v 1.900850 1.489712 0.171214
v 2.006036 1.475714 0.173350
v 2.152660 1.336105 0.762770
v 2.360366 1.207247 0.870550
v 2.251981 1.272816 0.824370
v 2.127501 1.445291 0.134959
v 1.982724 1.410868 0.748360
v 2.002749 1.417601 0.696291
v 2.122896 1.444245 0.202580
v 2.034780 1.425854 0.611204
v 2.074050 1.433623 0.485168
v 2.103400 1.439125 0.359734
v 2.116951 1.442649 0.252915
v 2.125275 1.444752 0.174850
v 1.977167 1.461057 0.533991
v 2.011764 1.470730 0.409115
v 2.040474 1.472927 0.210519
v 1.918227 1.444838 0.694036
v 2.042620 1.471493 0.184377
v 1.941392 1.450507 0.637669
v 2.051258 1.469949 0.041578
v 2.032707 1.473330 0.288392
v 2.043520 1.469144 0.158836
v 1.827483 1.464785 0.703887
v 1.963501 1.422472 0.733387
v 1.706688 1.485807 0.687350
v 1.462254 1.503988 0.659509
v 1.601384 1.496076 0.674619
v 1.294585 1.506683 0.645494
v 1.102180 1.505401 0.629832
v 0.915132 1.496305 0.612652
v 0.726056 1.481740 0.597458
v 0.543753 1.459452 0.557033
v 0.399135 1.432276 0.541590
v 0.456372 1.440754 0.575764
v -0.362907 1.189339 0.480438
v -0.313164 1.208004 0.512099
v 2.466479 1.151215 0.866565
v 2.010540 1.406313 0.726330
v 2.544282 1.106519 0.883393
v 0.334504 1.409222 0.565455
v 2.261510 1.273725 0.805720
v 1.909496 1.442060 0.720176
v 1.942015 1.433333 0.716214
v 2.144844 1.333750 0.780467
v 2.527945 1.111386 0.894135
v 1.988900 1.413466 0.730372
v 2.371557 1.206331 0.849855
v 0.355707 1.418863 0.554107
v -0.295261 1.213696 0.499283
v -0.334960 1.200077 0.496953
v 0.489588 1.449085 0.566904
v 0.426970 1.436131 0.559639
v 0.628915 1.470759 0.578923
v 0.825668 1.491015 0.595280
v 1.011381 1.502130 0.612564
v 1.202286 1.507255 0.629982
v 1.383738 1.506422 0.644673
v 1.657364 1.492221 0.673137
v 1.538020 1.500969 0.659374
v 1.771516 1.476745 0.686179
v 1.876516 1.454134 0.701690
v -0.411283 1.196387 0.240782
v -0.360438 1.215593 0.162406
v -0.386149 1.206450 0.202294
v -0.369490 1.217922 0.015896
v -0.425307 1.201342 0.087392
v -0.397643 1.209661 0.051763
v -0.369129 1.218503 -0.053344
v -0.398190 1.210243 -0.020903
v 2.105094 1.454269 0.113749
v 1.849403 1.486767 0.039912
v 1.747139 1.499251 0.036221
v 1.605865 1.511934 0.031240
v 1.402199 1.527100 0.024163
v 1.181697 1.533098 0.016945
v 0.960303 1.525112 0.009808
v 1.966209 1.474322 0.043316
v 0.738910 1.504686 0.002672
v 0.542120 1.478733 -0.003922
v 0.382254 1.453566 -0.011644
v 0.442849 1.464643 0.067765
v 2.155369 1.435476 0.039987
v 2.045863 1.468663 0.117398
v 2.079934 1.463213 0.083940
v 2.130704 1.445446 0.081666
v 0.481313 1.470091 0.038601
v 0.412498 1.459355 0.033757
v 0.627605 1.490624 0.044830
v 0.845875 1.515801 0.052102
v 1.067263 1.530311 0.059417
v 1.288539 1.531260 0.066756
v 1.505585 1.519323 0.074537
v 1.680863 1.504685 0.081304
v 1.794652 1.492797 0.085699
v 1.904379 1.479177 0.090242
v 2.010140 1.471569 0.088676
v 2.549508 1.096991 0.910312
v 2.562245 1.099162 0.887282
v 2.546729 1.101739 0.898324
v 2.566418 1.104477 0.859179
v 2.534996 1.100269 0.919204
v 2.675743 1.121361 0.580194
v 2.598301 1.105145 0.812700
v 2.640374 1.120472 0.662152
v 2.657641 1.114453 0.665741
v 2.580868 1.111405 0.808537
v 2.619017 1.112965 0.743297
v 2.712976 1.127278 0.416295
v 2.705310 1.121611 0.499624
v 2.688043 1.127630 0.496034
v 2.736350 1.131039 0.255371
v 2.734911 1.126386 0.336272
v 2.717644 1.132405 0.332683
v 2.751525 1.129277 0.184368
v 2.741797 1.137022 0.061834
v 2.759114 1.131003 0.063837
v 2.734256 1.135296 0.180842
v 2.747158 1.133258 0.118243
v -0.426966 1.201909 0.014332
v 0.219826 1.370736 0.569098
v 0.096649 1.333302 0.559228
v -0.064535 1.284319 0.546313
v 0.217359 1.375852 0.542938
v 0.094831 1.337069 0.532631
v -0.065502 1.286319 0.519144
v 0.165698 1.356886 0.551674
v 0.015545 1.310309 0.539344
v -0.137555 1.262818 0.526772
v -0.195168 1.244619 0.535844
v -0.195445 1.245187 0.508213
v -0.236597 1.232095 0.518639
v 2.137025 1.331395 0.798258
v 2.029646 1.399845 0.723890
v 2.022089 1.396436 0.742311
v 2.058168 1.374896 0.763128
v 2.064657 1.378144 0.746067
v -0.262530 1.224148 0.530447
v -0.262452 1.223978 0.502577
v -0.279952 1.218647 0.515078
v 0.302560 1.395904 0.575726
v 0.299677 1.401877 0.549844
v 0.261249 1.386526 0.559521
v 0.388709 1.423614 0.582511
v 0.385692 1.427019 0.555233
v 0.372873 1.420985 0.568206
v 2.515978 1.111743 0.916161
v 2.515532 1.124014 0.867989
v 2.503046 1.126238 0.888439
v 2.511706 1.118007 0.903078
v 2.523993 1.116627 0.880977
v 1.976784 1.471977 -0.551996
v 2.068003 1.459005 -0.432375
v 2.085198 1.462967 -0.231454
v 1.925906 1.455632 -0.714701
v 2.086080 1.462858 -0.202944
v 1.812408 1.476339 -0.730564
v 1.946332 1.461125 -0.657490
v 1.868539 1.493707 -0.541748
v 1.894261 1.502025 -0.417551
v 1.908343 1.503721 -0.298751
v 1.913787 1.495790 -0.208092
v 1.800395 1.499287 -0.191970
v 1.686248 1.510640 -0.194865
v 1.294319 1.539777 -0.226416
v 1.072782 1.538062 -0.229505
v 0.851088 1.524911 -0.231724
v 0.632456 1.499831 -0.231131
v 1.580035 1.500376 -0.717075
v 1.838556 1.483492 -0.650324
v 1.638611 1.516067 -0.527633
v 1.664221 1.525125 -0.403788
v 1.780636 1.515898 -0.409890
v 1.754854 1.507787 -0.533945
v 1.604968 1.507229 -0.639427
v 1.698294 1.491824 -0.723387
v 1.794918 1.519526 -0.296378
v 1.510881 1.523527 -0.199254
v 1.686168 1.529329 -0.234699
v 1.424580 1.505920 -0.711994
v 1.723380 1.498678 -0.645634
v 1.478271 1.521732 -0.522608
v 1.496767 1.530880 -0.399197
v 1.506360 1.536252 -0.295601
v 1.241740 1.506809 -0.708991
v 1.449380 1.512769 -0.634348
v 1.289909 1.522694 -0.520141
v 1.300678 1.531930 -0.397100
v 1.299165 1.539275 -0.296282
v 1.049088 1.501623 -0.704170
v 1.266454 1.513667 -0.631186
v 1.088194 1.517330 -0.517475
v 1.090322 1.526619 -0.394859
v 1.082765 1.535424 -0.295924
v 0.863106 1.490160 -0.699571
v 1.073336 1.508478 -0.626418
v 0.885296 1.505266 -0.515025
v 0.875275 1.514524 -0.392882
v 0.862558 1.523075 -0.295227
v 2.016902 1.472225 -0.064003
v 1.911674 1.479688 -0.069913
v 1.801906 1.493301 -0.072753
v 1.688077 1.505190 -0.075866
v 1.512737 1.519827 -0.080664
v 1.295644 1.531764 -0.086925
v 1.074348 1.530815 -0.093627
v 0.852942 1.516305 -0.100346
v 0.634608 1.491114 -0.106941
v 0.419858 1.459756 -0.186379
v 0.669079 1.471648 -0.672084
v 0.468050 1.434865 -0.692205
v 0.882039 1.496902 -0.622561
v 0.669505 1.475296 -0.617802
v 0.661119 1.482693 -0.512274
v 0.439918 1.451664 -0.510757
v 0.646564 1.491817 -0.390301
v 0.633014 1.502697 -0.244084
v 0.420932 1.462312 -0.227037
v 0.489850 1.469293 -0.387720
v 0.422559 1.460635 -0.285820
v 0.485715 1.475552 -0.289133
v 0.427565 1.457510 -0.385749
v 0.487275 1.476926 -0.229431
v 0.503742 1.461334 -0.510698
v 0.455309 1.443163 -0.613282
v 0.529989 1.448103 -0.694319
v 0.487408 1.470070 -0.187842
v -0.296015 1.200744 -0.677979
v -0.258765 1.213618 -0.678417
v 0.396409 1.416153 -0.690939
v 2.429623 1.205873 -0.837369
v 2.016550 1.473104 -0.182640
v 0.518570 1.454103 -0.613817
v 2.039352 1.415176 -0.738873
v 2.134842 1.443657 -0.235823
v 2.136550 1.445033 -0.170408
v 2.588914 1.111209 -0.869790
v 2.136230 1.445472 -0.054478
v 2.089718 1.429994 -0.568179
v 2.117534 1.436647 -0.437088
v -0.395824 1.210826 -0.117876
v -0.374769 1.207480 -0.333688
v -0.339441 1.202207 -0.507828
v -0.316255 1.200054 -0.599601
v 2.058641 1.421453 -0.680613
v 0.487005 1.478838 -0.241116
v 0.421078 1.462772 -0.238548
v 0.636960 1.499311 -0.292494
v 0.852658 1.527588 -0.246919
v 1.074263 1.540238 -0.246267
v 1.295223 1.542449 -0.244546
v 1.511174 1.537158 -0.240869
v 1.679055 1.529526 -0.295036
v 1.801248 1.519537 -0.230762
v 1.914366 1.502608 -0.227184
v 2.082296 1.462425 -0.310380
v 2.131032 1.441132 -0.315710
v 0.487374 1.472363 -0.218616
v 0.420977 1.460828 -0.216352
v 1.511505 1.532567 -0.222028
v 0.632434 1.493423 -0.217973
v 0.850805 1.518556 -0.214212
v 1.072323 1.532587 -0.209339
v 1.293720 1.533803 -0.204188
v 1.686832 1.522905 -0.215936
v 1.801517 1.512588 -0.211855
v 1.911090 1.484148 -0.189610
v 2.085817 1.462334 -0.174984
v 2.197397 1.334928 -0.782995
v 2.040237 1.450237 -0.560667
v 2.002864 1.481770 -0.426515
v 2.018779 1.482596 -0.227692
v 1.992390 1.434920 -0.725032
v 2.018484 1.478865 -0.204632
v 2.011425 1.440691 -0.667042
v 2.085774 1.463928 -0.058131
v 2.015530 1.483673 -0.304654
v 2.136561 1.444542 -0.202950
v 1.984780 1.432218 -0.751579
v 2.190704 1.332572 -0.801194
v 2.578224 1.111578 -0.892931
v 2.032540 1.412086 -0.761579
v 2.419714 1.206789 -0.857630
v -0.302601 1.199887 -0.649836
v 0.526812 1.450251 -0.667465
v 0.464001 1.437686 -0.664862
v 0.667639 1.470016 -0.696707
v 0.869308 1.492101 -0.677337
v 1.056436 1.503138 -0.682952
v 1.247616 1.508212 -0.688957
v 1.429308 1.507389 -0.692488
v 1.704612 1.493156 -0.703700
v 1.584011 1.501968 -0.697499
v 1.820176 1.477811 -0.707745
v 1.919550 1.453039 -0.741075
v -0.391897 1.209916 -0.187218
v -0.360723 1.205436 -0.412846
v -0.385300 1.209187 -0.259113
v 2.085591 1.462655 -0.132182
v 2.136261 1.445411 -0.125593
v 0.487230 1.470243 -0.110666
v 0.416433 1.458887 -0.111436
v 0.633030 1.490377 -0.185531
v 0.851303 1.515542 -0.179382
v 1.072723 1.530033 -0.173028
v 1.294034 1.530993 -0.166698
v 1.511152 1.519123 -0.161231
v 1.686523 1.504555 -0.157409
v 1.800384 1.492687 -0.154930
v 1.910237 1.479001 -0.152940
v 2.015866 1.471148 -0.143329
v 2.608500 1.102548 -0.871218
v 2.597365 1.100982 -0.895538
v 2.689942 1.117463 -0.644267
v 2.639873 1.108201 -0.794555
v 2.727132 1.124620 -0.475494
v 2.746463 1.129395 -0.310612
v 2.753610 1.134013 -0.037990
v 2.753548 1.132287 -0.157998
v 0.257534 1.373294 -0.688500
v 0.134292 1.335186 -0.686112
v -0.026978 1.285319 -0.682987
v -0.157680 1.244903 -0.680454
v 2.066725 1.394638 -0.770265
v 2.071848 1.398210 -0.752757
v -0.225078 1.224063 -0.679148
v 0.340322 1.398890 -0.690094
v 0.427008 1.425369 -0.691006
v 2.552738 1.127333 -0.888930
v 2.563887 1.125130 -0.866646
v 1.943013 1.471977 0.527269
v 2.041533 1.459005 0.413585
v 2.071256 1.462967 0.214132
v 1.882062 1.455632 0.686475
v 2.073918 1.462858 0.185733
v 1.767795 1.476339 0.695211
v 1.906025 1.461125 0.630653
v 1.835621 1.493707 0.510273
v 1.869057 1.502025 0.387927
v 1.890539 1.503721 0.270241
v 1.901641 1.495790 0.180099
v 1.789478 1.499287 0.156919
v 1.675374 1.510640 0.152672
v 1.282238 1.539777 0.159658
v 1.060942 1.538062 0.148890
v 0.839543 1.524911 0.137245
v 0.621376 1.499831 0.122983
v 1.536720 1.500376 0.667220
v 1.798908 1.483492 0.616763
v 1.607024 1.516067 0.481811
v 1.640327 1.525125 0.359809
v 1.756134 1.515898 0.373178
v 1.722646 1.507787 0.495378
v 1.566458 1.507229 0.591283
v 1.654353 1.491824 0.680914
v 1.777484 1.519526 0.260781
v 1.500076 1.523527 0.146089
v 1.672803 1.529328 0.192423
v 1.381886 1.505920 0.652430
v 1.684250 1.498678 0.604881
v 1.447314 1.521732 0.466771
v 1.473488 1.530880 0.344759
v 1.489539 1.536252 0.241965
v 1.199592 1.506809 0.638002
v 1.411492 1.512769 0.576486
v 1.259474 1.522694 0.452533
v 1.277914 1.531930 0.330406
v 1.282706 1.539275 0.229690
v 1.007617 1.501623 0.621145
v 1.229122 1.513667 0.561894
v 1.058320 1.517330 0.437261
v 1.068110 1.526619 0.315017
v 1.066752 1.535424 0.215804
v 0.822287 1.490160 0.604928
v 1.036679 1.508478 0.545061
v 0.855971 1.505266 0.422131
v 0.853607 1.514524 0.299599
v 0.847020 1.523075 0.201341
v 2.013562 1.472225 0.042739
v 1.908171 1.479688 0.042059
v 1.798439 1.493301 0.038030
v 1.684639 1.505190 0.034021
v 1.509342 1.519827 0.027847
v 1.292282 1.531764 0.020523
v 1.071000 1.530815 0.013376
v 0.849607 1.516305 0.006240
v 0.631289 1.491114 -0.000828
v 0.411991 1.459756 0.065028
v 0.630358 1.471648 0.565364
v 0.428465 1.434865 0.572878
v 0.845998 1.496902 0.529252
v 0.634177 1.475296 0.511215
v 0.632406 1.482693 0.405369
v 0.411733 1.451664 0.390025
v 0.625505 1.491817 0.282725
v 0.621123 1.502697 0.135947
v 0.410521 1.462312 0.105674
v 0.469258 1.469294 0.270351
v 0.408470 1.460635 0.164443
v 0.471295 1.475552 0.171698
v 0.407218 1.457510 0.264490
v 0.476585 1.476926 0.112211
v 0.475435 1.461334 0.393957
v 0.420683 1.443163 0.493312
v 0.490150 1.448103 0.578860
v 0.479318 1.470070 0.070712
v -0.333216 1.200744 0.510909
v -0.296066 1.213618 0.513676
v 0.357043 1.416153 0.567135
v 2.377125 1.205873 0.840395
v 2.005794 1.473104 0.161122
v 0.483787 1.454103 0.497801
v 1.993776 1.415176 0.717692
v 2.120529 1.443657 0.221597
v 2.126323 1.445033 0.156415
v 2.534077 1.111209 0.882711
v 2.133252 1.445472 0.040693
v 2.054715 1.429994 0.550481
v 2.090672 1.436647 0.421385
v -0.397813 1.210826 -0.054338
v -0.390290 1.207480 0.162369
v -0.365920 1.202207 0.338377
v -0.348516 1.200054 0.431419
v 2.016669 1.421453 0.660753
v 0.475585 1.478838 0.123856
v 0.409947 1.462772 0.117171
v 0.622034 1.499311 0.184509
v 0.840159 1.527588 0.152508
v 1.061372 1.540238 0.165713
v 1.282007 1.542450 0.177809
v 1.497766 1.537158 0.187640
v 1.661932 1.529526 0.252197
v 1.787904 1.519537 0.195689
v 1.901024 1.502608 0.199190
v 2.063425 1.462425 0.292722
v 2.111732 1.441132 0.301088
v 0.477360 1.472363 0.101423
v 0.411234 1.460828 0.095012
v 1.499274 1.532567 0.168857
v 0.622176 1.493423 0.109850
v 0.840355 1.518556 0.119750
v 1.061745 1.532587 0.128736
v 1.283031 1.533803 0.137436
v 1.674639 1.522905 0.173739
v 1.789355 1.512588 0.176836
v 1.900104 1.484148 0.161485
v 2.075404 1.462334 0.157811
v 2.148752 1.334928 0.771609
v 2.005800 1.450237 0.539890
v 1.976888 1.481770 0.403664
v 2.005201 1.482597 0.206225
v 1.947771 1.434920 0.700943
v 2.006349 1.478865 0.183191
v 1.970393 1.440691 0.644257
v 2.082667 1.463928 0.041184
v 1.997147 1.483673 0.282833
v 2.124300 1.444542 0.188895
v 1.938515 1.432218 0.726961
v 2.140935 1.332572 0.789353
v 2.521962 1.111578 0.905139
v 1.985557 1.412086 0.739928
v 2.365968 1.206789 0.859997
v -0.338030 1.199887 0.482410
v 0.488657 1.450251 0.551859
v 0.426133 1.437686 0.545335
v 0.627383 1.470016 0.589849
v 0.829867 1.492101 0.583125
v 1.016278 1.503138 0.600428
v 1.206709 1.508212 0.618374
v 1.387825 1.507389 0.633258
v 1.661889 1.493156 0.661660
v 1.541911 1.501968 0.647931
v 1.776974 1.477811 0.672922
v 1.874070 1.453039 0.712400
v -0.398228 1.209916 0.015114
v -0.381222 1.205436 0.242249
v -0.396139 1.209187 0.087281
v 2.077854 1.462655 0.115079
v 2.128838 1.445411 0.111671
v 0.483965 1.470243 -0.006325
v 0.413259 1.458887 -0.009983
v 0.624799 1.490377 0.077509
v 0.843030 1.515542 0.085019
v 1.064415 1.530033 0.092520
v 1.285687 1.530993 0.100039
v 1.502723 1.519123 0.108156
v 1.677990 1.504555 0.115307
v 1.791783 1.492687 0.119951
v 1.901546 1.479001 0.124832
v 2.007568 1.471148 0.121845
v 2.553535 1.102548 0.885362
v 2.540902 1.100982 0.908938
v 2.649008 1.117463 0.663947
v 2.589640 1.108201 0.810810
v 2.696676 1.124620 0.497829
v 2.726278 1.129395 0.334478
v 2.750455 1.134013 0.062836
v 2.742890 1.132287 0.182605
v 0.218592 1.373294 0.556018
v 0.095740 1.335186 0.545929
v -0.065019 1.285319 0.532728
v -0.195307 1.244903 0.522029
v 2.019132 1.394638 0.750734
v 2.025340 1.398210 0.733580
v -0.262491 1.224063 0.516512
v 0.301118 1.398890 0.562785
v 0.387577 1.425369 0.569115
v 2.496775 1.127333 0.899552
v 2.509296 1.125130 0.878009
v 2.003876 1.411057 -0.762933
v 2.498539 1.144587 -0.889150
v 1.869615 1.453019 -0.742646
v 1.745807 1.474535 -0.732560
v 1.504369 1.492248 -0.719841
v 0.765684 1.469503 -0.707328
v 0.585861 1.445807 -0.704670
v 2.152807 1.424712 -0.006327
v 2.153758 1.425971 -0.144953
v 2.520422 1.140217 -0.846223
v 1.644406 1.484121 -0.726276
v 1.336431 1.494814 -0.716566
v 1.141670 1.493792 -0.713778
v 0.954328 1.484247 -0.708954
v 0.449332 1.417401 -0.702854
v 0.499986 1.428412 -0.703337
v -0.330115 1.178135 -0.627526
v -0.303828 1.185773 -0.687369
v -0.271450 1.197435 -0.692210
v 0.379416 1.395623 -0.700504
v 2.066087 1.396103 -0.723335
v 2.043572 1.391163 -0.771541
v 2.091418 1.405786 -0.633852
v 2.152332 1.424725 -0.217768
v 2.577628 1.095593 -0.902684
v 2.605706 1.098548 -0.836663
v 2.123263 1.413356 -0.503129
v 2.141426 1.418445 -0.376637
v -0.422873 1.192590 -0.086922
v -0.407004 1.189410 -0.296626
v -0.377721 1.183582 -0.455374
v -0.351675 1.179503 -0.556408
v 2.148189 1.422804 -0.270619
v 2.153651 1.425459 -0.187636
v 2.311263 1.264154 -0.797978
v 2.294666 1.262247 -0.836561
v 1.950958 1.430136 -0.753694
v -0.317808 1.180120 -0.663954
v -0.395148 1.186930 -0.373506
v -0.414916 1.190685 -0.224814
v -0.419697 1.191154 -0.151733
v 2.153510 1.425490 -0.092310
v 2.595316 1.087167 -0.900759
v 2.625061 1.090508 -0.843652
v 2.607303 1.087583 -0.883180
v 2.699092 1.113499 -0.556505
v 2.716548 1.107480 -0.559019
v 2.670226 1.099134 -0.724768
v 2.652762 1.105161 -0.722234
v 2.725925 1.119397 -0.391109
v 2.743384 1.113378 -0.393607
v 2.739138 1.123157 -0.229410
v 2.756598 1.117137 -0.231902
v 2.740244 1.126461 0.012054
v 2.757607 1.120442 0.012598
v 2.758765 1.119364 -0.094335
v 2.741322 1.125383 -0.092341
v 0.209724 1.343855 -0.698209
v 0.058741 1.297973 -0.696350
v -0.095222 1.251241 -0.694450
v -0.194831 1.221037 -0.693224
v 2.099465 1.363072 -0.785740
v 2.110219 1.369598 -0.750866
v -0.238425 1.207826 -0.692698
v 0.305796 1.373088 -0.699366
v 0.417660 1.408007 -0.701749
v 2.556601 1.108977 -0.901047
v 2.579065 1.105793 -0.855572
v 1.956864 1.411057 0.739488
v 2.442669 1.144587 0.896383
v 1.824134 1.453019 0.710846
v 1.701199 1.474535 0.693039
v 1.461029 1.492248 0.665251
v 0.724571 1.469503 0.606579
v 0.545266 1.445807 0.592683
v 2.145089 1.425971 0.132087
v 2.467192 1.140217 0.854908
v 1.600389 1.484121 0.680428
v 1.293624 1.494814 0.651482
v 1.099419 1.493792 0.636522
v 0.912744 1.484247 0.619996
v 0.409118 1.417401 0.582335
v 0.459642 1.428412 0.585985
v -0.364096 1.178135 0.458423
v -0.341601 1.185773 0.519792
v -0.309589 1.197435 0.526649
v 0.339486 1.395623 0.575619
v 2.021430 1.396103 0.703856
v 1.995945 1.391163 0.750560
v 2.052305 1.405786 0.616132
v 2.139114 1.424725 0.204670
v 2.520757 1.095593 0.914836
v 2.552908 1.098548 0.850700
v 2.092261 1.413356 0.487655
v 2.118296 1.418445 0.362547
v -0.420146 1.189410 0.123363
v -0.400844 1.183582 0.283631
v -0.381166 1.179503 0.386096
v 2.131675 1.422804 0.257158
v 2.142314 1.425459 0.174679
v 2.261460 1.264154 0.793681
v 2.242483 1.262247 0.831152
v 1.904628 1.430136 0.726958
v -0.354089 1.180120 0.495549
v -0.413120 1.186930 0.200835
v -0.423553 1.190685 0.051198
v -0.423756 1.191154 -0.022040
v 2.148133 1.425490 0.079531
v 2.538531 1.087167 0.914021
v 2.571787 1.090508 0.858884
v 2.551593 1.087583 0.897225
v 2.663626 1.113499 0.576928
v 2.680891 1.107480 0.580528
v 2.624296 1.099134 0.743057
v 2.607025 1.105161 0.739436
v 2.700748 1.119397 0.413533
v 2.718016 1.113378 0.417118
v 2.724044 1.123157 0.252976
v 2.741314 1.117137 0.256555
v 2.752077 1.119364 0.119393
v 2.734793 1.125383 0.116312
v 0.170269 1.343855 0.562719
v 0.019697 1.297973 0.551424
v -0.133847 1.251241 0.539902
v -0.233183 1.221037 0.532452
v 2.050840 1.363072 0.768226
v 2.063754 1.369598 0.734092
v -0.276659 1.207826 0.529200
v 0.266080 1.373088 0.569880
v 0.377577 1.408006 0.579253
v 2.499873 1.108977 0.911887
v 2.525136 1.105793 0.867905
v 1.916294 1.441088 -0.748340
v 1.808063 1.464924 -0.737120
v 1.579673 1.488476 -0.722871
v 0.668170 1.457926 -0.706100
v 2.429250 1.195496 -0.825648
v 1.695242 1.480220 -0.729256
v 1.423934 1.494121 -0.717855
v 1.240255 1.495081 -0.715422
v 0.861479 1.477926 -0.707922
v 1.046787 1.489849 -0.711258
v 0.472247 1.422425 -0.703127
v 0.533352 1.435977 -0.703756
v -0.312530 1.182214 -0.677537
v -0.288996 1.191308 -0.691372
v -0.254611 1.202874 -0.692472
v 0.401971 1.402801 -0.701115
v 2.060015 1.382682 -0.775547
v 2.153602 1.425861 -0.121590
v 2.153276 1.425138 -0.202931
v 2.108339 1.409956 -0.570213
v 2.541500 1.118578 -0.899011
v 2.590280 1.100878 -0.854034
v 2.134257 1.416054 -0.438381
v 2.145561 1.420822 -0.318599
v 2.075573 1.400952 -0.687158
v -0.421542 1.192036 -0.118338
v -0.401575 1.188281 -0.334731
v -0.365103 1.181437 -0.506105
v -0.339724 1.178359 -0.597339
v 2.150527 1.424038 -0.238258
v 2.153788 1.425785 -0.167589
v 1.979378 1.420544 -0.758440
v 2.196158 1.325973 -0.770964
v 2.409501 1.197230 -0.866454
v 2.025765 1.400605 -0.767505
v -0.323101 1.178780 -0.648343
v -0.387537 1.185403 -0.412213
v -0.411436 1.190234 -0.260518
v 2.153533 1.424982 -0.052477
v 2.601711 1.086751 -0.893391
v 2.613587 1.088538 -0.870193
v 2.587216 1.090288 -0.903173
v 2.645178 1.094368 -0.793805
v 2.677694 1.109622 -0.641473
v 2.695148 1.103602 -0.643996
v 2.627434 1.100661 -0.790711
v 2.732248 1.110726 -0.475774
v 2.714790 1.116745 -0.473270
v 2.751516 1.115493 -0.311308
v 2.734057 1.121512 -0.308813
v 2.758553 1.118388 -0.158981
v 2.741149 1.126143 -0.037466
v 2.758558 1.120123 -0.038379
v 2.741096 1.124408 -0.156549
v -0.417563 1.190818 -0.187946
v 0.262907 1.360035 -0.698848
v 0.139382 1.322472 -0.697344
v -0.022275 1.273376 -0.695351
v -0.153304 1.233627 -0.693735
v 2.182853 1.321208 -0.807423
v 2.071362 1.389569 -0.739745
v -0.220875 1.213144 -0.692911
v 0.345883 1.385298 -0.699912
v 0.432132 1.412716 -0.702368
v 2.567197 1.102088 -0.901804
v 2.564030 1.114066 -0.854314
v 1.870366 1.441088 0.719447
v 1.763049 1.464925 0.701482
v 1.535995 1.488476 0.672983
v 0.627325 1.457926 0.599257
v 2.377486 1.195496 0.828674
v 1.650939 1.480220 0.686581
v 1.380876 1.494121 0.658240
v 1.197708 1.495081 0.644327
v 0.820142 1.477926 0.613161
v 1.004879 1.489849 0.628075
v 0.431970 1.422425 0.584040
v 0.492917 1.435977 0.588489
v -0.349671 1.182214 0.509436
v -0.327048 1.191308 0.524715
v -0.292799 1.202874 0.527963
v 0.361958 1.402801 0.577638
v 2.012105 1.382682 0.755586
v 2.146394 1.425861 0.108760
v 2.140984 1.425138 0.189921
v 2.073172 1.409956 0.553675
v 2.484929 1.118578 0.908911
v 2.536425 1.100878 0.867071
v 2.107281 1.416054 0.423722
v 2.126053 1.420822 0.304880
v 2.033158 1.400952 0.668343
v -0.423509 1.192036 -0.055484
v -0.417110 1.188281 0.161733
v -0.391424 1.181437 0.335052
v -0.371799 1.178359 0.427695
v 2.136031 1.424038 0.225008
v 2.143703 1.425785 0.154680
v 1.932695 1.420544 0.733471
v 2.148268 1.325973 0.759524
v 2.355224 1.197230 0.868165
v 1.978425 1.400605 0.745419
v -0.358397 1.178780 0.479639
v -0.407944 1.185403 0.239941
v -0.422311 1.190234 0.087049
v 2.150646 1.424982 0.039777
v 2.545374 1.086751 0.907066
v 2.558676 1.088538 0.884657
v 2.530295 1.090288 0.915924
v 2.594982 1.094368 0.810392
v 2.636958 1.109622 0.660392
v 2.654221 1.103602 0.664001
v 2.577466 1.100661 0.806195
v 2.701764 1.110726 0.498427
v 2.684497 1.116745 0.494837
v 2.731278 1.115493 0.335488
v 2.714009 1.121512 0.331906
v 2.747824 1.118388 0.183899
v 2.738051 1.126143 0.061533
v 2.755369 1.120123 0.063533
v 2.730553 1.124408 0.180381
v -0.423889 1.190818 0.014236
v 0.223307 1.360035 0.566682
v 0.100119 1.322472 0.557457
v -0.061098 1.273376 0.545362
v -0.191770 1.233627 0.535558
v 2.132710 1.321208 0.795080
v 2.025669 1.389569 0.720564
v -0.259157 1.213144 0.530511
v 0.306055 1.385298 0.572931
v 0.391981 1.412716 0.580775
v 2.510401 1.102088 0.913306
v 2.510210 1.114066 0.865710
vn 0.2847 0.9430 -0.1722
vn 0.2451 0.9575 -0.1520
vn 0.3013 0.9402 -0.1590
vn 0.2403 0.9564 -0.1663
vn 0.1861 0.9730 -0.1363
vn 0.1829 0.9770 -0.1093
vn 0.2501 0.9601 -0.1250
vn 0.3157 0.9390 -0.1366
vn 0.3201 0.9421 -0.1002
vn 0.3596 0.9226 -0.1399
vn 0.3146 0.9476 -0.0552
vn 0.3696 0.9226 -0.1105
vn 0.3665 0.9279 -0.0681
vn 0.3970 0.9109 -0.1126
vn 0.3787 0.9155 -0.1356
vn 0.2941 0.9557 -0.0067
vn 0.3246 0.9457 -0.0169
vn 0.3384 0.9408 -0.0195
vn 0.2619 0.9627 0.0678
vn 0.2828 0.9592 0.0084
vn 0.3514 0.9359 -0.0255
vn 0.3620 0.9315 -0.0352
vn 0.3779 0.9252 -0.0340
vn 0.2726 0.9475 -0.1673
vn 0.2357 0.9571 -0.1685
vn 0.2685 0.9463 -0.1802
vn 0.2405 0.9590 -0.1501
vn 0.1953 0.9688 -0.1527
vn 0.1936 0.9678 -0.1608
vn 0.2344 0.9562 -0.1751
vn 0.2684 0.9455 -0.1842
vn 0.1855 0.9756 0.1178
vn 0.2933 0.9555 0.0324
vn 0.2259 0.9657 0.1279
vn 0.2732 0.9614 0.0333
vn 0.3424 0.9395 -0.0068
vn 0.3110 0.9504 0.0044
vn 0.2039 0.9738 -0.1006
vn 0.1611 0.9802 -0.1150
vn 0.1984 0.9713 -0.1310
vn 0.2088 0.9742 -0.0860
vn 0.1638 0.9829 -0.0842
vn 0.1627 0.9844 -0.0676
vn 0.1286 0.9891 -0.0710
vn 0.1271 0.9866 -0.1026
vn 0.2366 0.9560 -0.1734
vn 0.2732 0.9448 -0.1810
vn 0.1924 0.9683 -0.1593
vn 0.1898 0.9700 -0.1517
vn 0.1395 0.9856 -0.0955
vn 0.1447 0.9823 -0.1190
vn 0.1513 0.9793 -0.1344
vn 0.1144 0.9879 -0.1045
vn 0.1125 0.9898 -0.0871
vn 0.1823 0.9806 -0.0715
vn 0.1452 0.9889 -0.0323
vn 0.1840 0.9824 -0.0333
vn 0.1400 0.9881 -0.0638
vn 0.1174 0.9910 -0.0639
vn 0.1272 0.9912 -0.0376
vn 0.1870 0.9823 -0.0075
vn 0.1583 0.9874 0.0038
vn 0.1899 0.9818 0.0068
vn 0.1524 0.9883 -0.0105
vn 0.1370 0.9904 -0.0179
vn 0.1434 0.9897 -0.0032
vn 0.0991 0.8978 0.4291
vn 0.1151 0.8477 0.5178
vn 0.1048 0.8449 0.5246
vn 0.1661 0.9469 0.2752
vn 0.1281 0.8887 0.4403
vn 0.1408 0.9330 0.3311
vn 0.1072 0.8389 0.5335
vn 0.1036 0.8257 0.5545
vn 0.0800 0.9056 0.4166
vn 0.0884 0.8277 0.5541
vn 0.0645 0.8414 0.5365
vn 0.0966 0.9767 0.1918
vn 0.1018 0.8983 0.4275
vn 0.1161 0.9740 0.1947
vn 0.1136 0.9014 0.4178
vn 0.0599 0.9386 0.3398
vn 0.0482 0.8653 0.4989
vn 0.0445 0.8963 0.4412
vn 0.0747 0.9850 0.1557
vn 0.0644 0.9201 0.3863
vn 0.0808 0.9807 0.1778
vn 0.0126 0.9634 0.2677
vn -0.0110 0.9715 0.2368
vn -0.0111 0.9673 0.2536
vn 0.0315 0.9504 0.3095
vn 0.0099 0.9676 0.2522
vn 0.0260 0.9555 0.2939
vn 0.0086 0.9890 0.1474
vn -0.0104 0.9916 0.1291
vn -0.0371 0.9632 0.2661
vn -0.0599 0.9593 0.2758
vn -0.0630 0.9526 0.2978
vn -0.0348 0.9684 0.2469
vn -0.0328 0.9914 0.1268
vn -0.0586 0.9885 0.1392
vn -0.0873 0.9364 0.3399
vn -0.1058 0.9269 0.3602
vn -0.1080 0.9158 0.3869
vn -0.0843 0.9451 0.3158
vn -0.0855 0.9829 0.1631
vn -0.1103 0.9755 0.1906
vn -0.1230 0.8962 0.4262
vn -0.1407 0.9065 0.3981
vn -0.1349 0.8925 0.4305
vn -0.1231 0.9099 0.3961
vn -0.1319 0.9688 0.2097
vn -0.1558 0.9660 0.2064
vn 0.0683 0.9949 -0.0735
vn 0.0515 0.9948 -0.0884
vn 0.0677 0.9934 -0.0930
vn 0.0553 0.9966 -0.0613
vn 0.0535 0.9962 -0.0694
vn 0.0344 0.9982 -0.0490
vn 0.0338 0.9977 -0.0590
vn 0.0326 0.9962 -0.0803
vn 0.1557 0.9772 -0.1441
vn 0.1574 0.9765 -0.1470
vn 0.1227 0.9838 -0.1308
vn 0.1188 0.9857 -0.1194
vn 0.0672 0.9937 -0.0899
vn 0.0549 0.9950 -0.0834
vn 0.0701 0.9940 -0.0840
vn 0.0667 0.9929 -0.0989
vn 0.0543 0.9947 -0.0870
vn 0.0533 0.9940 -0.0950
vn 0.0332 0.9961 -0.0823
vn 0.0330 0.9963 -0.0797
vn 0.0762 0.9945 -0.0721
vn 0.0589 0.9971 -0.0474
vn 0.0830 0.9954 -0.0481
vn 0.0567 0.9957 -0.0729
vn 0.0337 0.9969 -0.0709
vn 0.0361 0.9982 -0.0475
vn 0.1081 0.9931 -0.0443
vn 0.0966 0.9930 -0.0679
vn 0.0882 0.9926 -0.0837
vn 0.0854 0.9918 -0.0946
vn 0.0867 0.9905 -0.1066
vn 0.0666 0.9918 -0.1095
vn 0.0671 0.9913 -0.1136
vn 0.0520 0.9932 -0.1046
vn 0.0509 0.9928 -0.1085
vn 0.0323 0.9945 -0.0996
vn 0.0330 0.9954 -0.0898
vn 0.0923 0.9913 -0.0942
vn 0.1233 0.9909 -0.0541
vn 0.0924 0.9934 -0.0673
vn 0.0894 0.9944 -0.0557
vn 0.1218 0.9925 -0.0079
vn 0.1169 0.9929 -0.0234
vn 0.0867 0.9959 -0.0244
vn 0.0871 0.9962 -0.0066
vn 0.0402 0.9711 0.2354
vn 0.0422 0.9271 0.3724
vn 0.0490 0.9933 0.1049
vn 0.0549 0.9569 0.2851
vn 0.0670 0.9893 0.1294
vn 0.0421 0.9954 0.0863
vn 0.0582 0.9983 -0.0017
vn 0.0427 0.9991 -0.0035
vn 0.0371 0.9593 0.2799
vn 0.0542 0.9938 0.0967
vn 0.0457 0.9482 0.3143
vn 0.0831 0.9918 0.0966
vn 0.0148 0.9970 -0.0766
vn 0.0148 0.9982 -0.0578
vn 0.0147 0.9987 -0.0486
vn 0.0040 0.9984 -0.0566
vn 0.0033 0.9972 -0.0742
vn 0.1241 0.9830 -0.1350
vn 0.0891 0.9890 -0.1182
vn 0.0902 0.9883 -0.1231
vn 0.0136 0.9970 -0.0761
vn 0.0138 0.9969 -0.0774
vn 0.0142 0.9964 -0.0841
vn 0.0043 0.9972 -0.0752
vn 0.0043 0.9972 -0.0751
vn 0.0187 0.9984 -0.0536
vn 0.0145 0.9974 -0.0712
vn 0.0052 0.9973 -0.0736
vn 0.0088 0.9979 -0.0635
vn 0.0398 0.9990 -0.0219
vn 0.0326 0.9993 -0.0184
vn 0.0258 0.9991 -0.0337
vn 0.0148 0.9986 -0.0513
vn 0.0207 0.9990 -0.0399
vn -0.0088 0.9978 -0.0653
vn 0.0044 0.9988 -0.0484
vn -0.0073 0.9991 -0.0425
vn -0.0074 0.9995 -0.0307
vn -0.0276 0.9992 -0.0276
vn -0.0282 0.9981 -0.0549
vn 0.0320 0.9941 -0.1032
vn 0.0144 0.9955 -0.0932
vn 0.0146 0.9952 -0.0970
vn 0.0036 0.9959 -0.0899
vn 0.0039 0.9967 -0.0816
vn -0.0058 0.9972 -0.0745
vn -0.0061 0.9972 -0.0741
vn -0.0068 0.9968 -0.0800
vn -0.0272 0.9970 -0.0724
vn -0.0263 0.9969 -0.0737
vn -0.0028 0.9974 -0.0720
vn -0.0050 0.9971 -0.0757
vn -0.0252 0.9966 -0.0780
vn -0.0223 0.9965 -0.0808
vn 0.0015 0.9978 -0.0668
vn 0.0054 0.9983 -0.0588
vn -0.0176 0.9965 -0.0818
vn -0.0129 0.9969 -0.0773
vn -0.0484 0.9974 -0.0531
vn -0.0305 0.9994 -0.0143
vn -0.0494 0.9983 -0.0319
vn -0.0524 0.9983 -0.0254
vn -0.0629 0.9967 -0.0507
vn -0.0615 0.9963 -0.0604
vn 0.0032 0.9956 -0.0931
vn -0.0081 0.9961 -0.0882
vn -0.0093 0.9958 -0.0910
vn -0.0287 0.9960 -0.0843
vn -0.0281 0.9966 -0.0776
vn -0.0477 0.9961 -0.0748
vn -0.0487 0.9962 -0.0724
vn -0.0495 0.9960 -0.0744
vn -0.0599 0.9954 -0.0745
vn -0.0581 0.9953 -0.0779
vn -0.0456 0.9956 -0.0814
vn -0.0422 0.9950 -0.0909
vn -0.0567 0.9947 -0.0853
vn -0.0560 0.9937 -0.0972
vn -0.0376 0.9944 -0.0993
vn -0.0332 0.9946 -0.0982
vn -0.0557 0.9924 -0.1094
vn -0.0559 0.9923 -0.1106
vn -0.0768 0.9950 -0.0636
vn -0.0645 0.9967 -0.0493
vn -0.0774 0.9951 -0.0613
vn -0.0795 0.9950 -0.0609
vn -0.1029 0.9929 -0.0593
vn -0.1027 0.9929 -0.0598
vn -0.0293 0.9958 -0.0863
vn -0.0496 0.9957 -0.0786
vn -0.0490 0.9957 -0.0789
vn -0.0614 0.9953 -0.0743
vn -0.0614 0.9954 -0.0737
vn -0.0737 0.9942 -0.0778
vn -0.0725 0.9940 -0.0814
vn -0.0747 0.9944 -0.0746
vn -0.1009 0.9920 -0.0764
vn -0.1001 0.9916 -0.0818
vn -0.0995 0.9913 -0.0856
vn -0.0717 0.9936 -0.0875
vn -0.0734 0.9926 -0.0964
vn -0.0994 0.9911 -0.0891
vn -0.1013 0.9906 -0.0923
vn -0.0774 0.9914 -0.1059
vn -0.0821 0.9910 -0.1059
vn -0.1055 0.9899 -0.0952
vn -0.1100 0.9897 -0.0919
vn 0.1269 0.9918 -0.0171
vn 0.0535 0.9985 -0.0105
vn 0.1263 0.9919 -0.0109
vn 0.0564 0.9983 -0.0143
vn 0.0689 0.9976 -0.0088
vn 0.0675 0.9977 0.0021
vn 0.0517 0.9987 0.0016
vn 0.1253 0.9921 0.0039
vn 0.0706 0.9974 -0.0114
vn 0.1061 0.9943 -0.0080
vn 0.1068 0.9942 -0.0099
vn 0.1235 0.9923 -0.0080
vn 0.1232 0.9924 0.0039
vn 0.1055 0.9944 0.0033
vn 0.1237 0.9923 -0.0094
vn 0.1214 0.9926 -0.0080
vn 0.1214 0.9926 -0.0092
vn 0.1052 0.9944 -0.0080
vn 0.1049 0.9945 0.0033
vn 0.1211 0.9926 0.0038
vn 0.1051 0.9944 -0.0089
vn 0.0902 0.9959 -0.0080
vn 0.0901 0.9959 -0.0089
vn 0.0836 0.9965 -0.0080
vn 0.0833 0.9965 0.0026
vn 0.0899 0.9959 0.0028
vn 0.0835 0.9965 -0.0093
vn 0.0749 0.9972 -0.0081
vn 0.0748 0.9972 -0.0098
vn 0.0554 0.9984 -0.0081
vn 0.0552 0.9985 0.0017
vn 0.0746 0.9972 0.0023
vn 0.0553 0.9984 -0.0100
vn 0.0276 0.9996 -0.0080
vn 0.0275 0.9996 -0.0100
vn -0.0039 1.0000 -0.0079
vn -0.0041 1.0000 -0.0001
vn 0.0274 0.9996 0.0009
vn -0.0040 0.9999 -0.0096
vn -0.0357 0.9993 -0.0077
vn -0.0357 0.9993 -0.0089
vn -0.0650 0.9979 -0.0076
vn -0.0651 0.9979 -0.0020
vn -0.0358 0.9994 -0.0011
vn -0.0651 0.9978 -0.0081
vn -0.0915 0.9958 -0.0075
vn -0.0916 0.9958 -0.0074
vn -0.1144 0.9934 -0.0073
vn -0.1145 0.9934 -0.0036
vn -0.0916 0.9958 -0.0029
vn -0.1145 0.9934 -0.0069
vn -0.1311 0.9913 -0.0071
vn -0.1309 0.9914 -0.0063
vn -0.1408 0.9900 -0.0061
vn -0.1414 0.9899 -0.0044
vn -0.1313 0.9913 -0.0041
vn -0.1543 0.9880 0.0010
vn -0.1602 0.9870 0.0101
vn -0.1616 0.9869 0.0040
vn -0.1528 0.9882 0.0128
vn -0.1653 0.9856 0.0346
vn -0.1683 0.9855 0.0203
vn -0.1630 0.9866 0.0088
vn -0.1647 0.9863 0.0056
vn -0.1576 0.9847 -0.0748
vn -0.1292 0.9896 -0.0632
vn -0.1303 0.9896 -0.0608
vn -0.1532 0.9853 -0.0756
vn -0.1279 0.9895 -0.0666
vn -0.1025 0.9928 -0.0621
vn -0.2058 0.9711 -0.1206
vn -0.2102 0.9689 -0.1307
vn -0.2074 0.9694 -0.1311
vn -0.2109 0.9698 -0.1223
vn -0.2110 0.9687 -0.1308
vn -0.2321 0.9623 -0.1420
vn -0.2290 0.9628 -0.1433
vn -0.2230 0.9638 -0.1458
vn -0.0610 0.9954 -0.0732
vn -0.0755 0.9945 -0.0720
vn -0.0762 0.9947 -0.0693
vn -0.1017 0.9923 -0.0705
vn -0.1023 0.9926 -0.0658
vn -0.1264 0.9894 -0.0720
vn -0.1480 0.9860 -0.0772
vn -0.1425 0.9866 -0.0799
vn -0.1253 0.9890 -0.0790
vn -0.1382 0.9868 -0.0839
vn -0.1244 0.9886 -0.0851
vn -0.1363 0.9869 -0.0864
vn -0.1249 0.9883 -0.0881
vn -0.1654 0.9803 -0.1076
vn -0.1537 0.9843 -0.0864
vn -0.1575 0.9825 -0.0995
vn -0.1676 0.9797 -0.1099
vn -0.1619 0.9830 -0.0861
vn -0.1649 0.9827 -0.0847
vn -0.1742 0.9827 -0.0629
vn -0.1648 0.9837 -0.0720
vn -0.1390 0.9865 -0.0863
vn -0.1263 0.9880 -0.0891
vn -0.1455 0.9858 -0.0841
vn -0.1287 0.9878 -0.0881
vn -0.1357 0.9875 -0.0796
vn -0.1126 0.9936 -0.0120
vn -0.1636 0.9841 -0.0698
vn -0.1369 0.9906 -0.0013
vn -0.1640 0.9865 0.0015
vn -0.1781 0.9470 0.2674
vn -0.2207 0.9680 0.1197
vn -0.1977 0.9707 0.1363
vn -0.2001 0.9494 0.2419
vn -0.2409 0.9695 0.0442
vn -0.2453 0.9694 0.0097
vn -0.2269 0.9722 0.0569
vn -0.2041 0.9765 0.0692
vn -0.1849 0.9803 -0.0690
vn -0.1887 0.9802 -0.0599
vn -0.2143 0.9752 -0.0555
vn -0.1531 0.9849 -0.0804
vn -0.1668 0.9832 -0.0736
vn -0.1512 0.9853 -0.0802
vn -0.2374 0.9699 -0.0548
vn -0.2454 0.9682 -0.0485
vn -0.2521 0.9663 -0.0514
vn -0.2309 0.9713 -0.0564
vn -0.2278 0.9728 -0.0420
vn -0.2317 0.9721 -0.0358
vn -0.2490 0.9674 -0.0452
vn -0.2554 0.9655 -0.0502
vn -0.1973 0.9781 -0.0660
vn -0.2029 0.9773 -0.0610
vn -0.1595 0.9843 -0.0759
vn -0.2042 0.9782 -0.0369
vn -0.2002 0.9787 -0.0451
vn -0.1779 0.9824 -0.0574
vn -0.1688 0.9237 0.3441
vn -0.1535 0.9142 0.3750
vn -0.1908 0.9665 0.1714
vn -0.2241 0.9681 0.1123
vn -0.1471 0.9849 -0.0909
vn -0.1440 0.9858 -0.0865
vn -0.1793 0.9756 -0.1268
vn -0.1713 0.9789 -0.1115
vn -0.1934 0.9719 -0.1345
vn -0.1944 0.9706 -0.1415
vn -0.1806 0.9746 -0.1322
vn -0.1961 0.9753 -0.1012
vn -0.1889 0.9769 -0.0995
vn -0.1616 0.9840 -0.0744
vn -0.1986 0.9749 -0.1010
vn -0.2136 0.9692 -0.1226
vn -0.1394 0.9901 0.0164
vn -0.1459 0.9893 -0.0021
vn -0.1394 0.9902 -0.0045
vn -0.1408 0.9841 0.1081
vn -0.1447 0.9894 0.0149
vn -0.1565 0.9856 0.0635
vn -0.3233 0.9462 -0.0142
vn -0.3613 0.9303 -0.0630
vn -0.3276 0.9424 -0.0677
vn -0.3399 0.9403 0.0153
vn -0.3482 0.9374 -0.0024
vn -0.3490 0.9369 0.0225
vn -0.3577 0.9338 -0.0008
vn -0.3719 0.9271 -0.0472
vn -0.2970 0.9548 -0.0069
vn -0.2973 0.9547 -0.0104
vn -0.2916 0.9562 -0.0236
vn -0.2956 0.9553 -0.0057
vn -0.3016 0.9534 0.0006
vn -0.3212 0.9470 0.0069
vn -0.2679 0.9417 -0.2035
vn -0.2855 0.9283 -0.2383
vn -0.2752 0.9314 -0.2383
vn -0.2829 0.9373 -0.2037
vn -0.2967 0.9248 -0.2383
vn -0.2907 0.9209 -0.2596
vn -0.2872 0.9220 -0.2597
vn -0.2845 0.9228 -0.2598
vn 0.4305 0.8727 -0.2306
vn 0.4622 0.8660 -0.1907
vn 0.4292 0.8749 -0.2245
vn 0.4329 0.8711 -0.2320
vn 0.4625 0.8634 -0.2013
vn 0.4648 0.8617 -0.2034
vn 0.4790 0.8597 -0.1773
vn 0.4798 0.8615 -0.1662
vn 0.0753 0.9906 0.1138
vn 0.0822 0.9832 0.1631
vn 0.0829 0.9546 0.2862
vn 0.0649 0.9961 0.0595
vn 0.1531 0.9860 0.0654
vn 0.1164 0.9561 0.2690
vn -0.1574 0.9830 -0.0945
vn -0.1698 0.9807 -0.0969
vn -0.1871 0.9752 -0.1184
vn 0.3367 0.9197 -0.2018
vn 0.3508 0.9084 -0.2275
vn 0.3640 0.9019 -0.2327
vn 0.3279 0.9220 -0.2058
vn 0.3442 0.9139 -0.2151
vn 0.3594 0.8986 -0.2518
vn 0.3709 0.8903 -0.2642
vn 0.4094 0.9111 -0.0487
vn 0.4032 0.9133 -0.0582
vn 0.4228 0.9045 -0.0558
vn 0.3914 0.9188 -0.0508
vn 0.3804 0.9238 -0.0433
vn 0.3913 0.9188 -0.0513
vn 0.3765 0.9262 -0.0188
vn 0.3607 0.9326 -0.0098
vn 0.3722 0.9281 -0.0111
vn 0.3655 0.9307 -0.0137
vn 0.3257 0.9455 -0.0034
vn 0.3228 0.9464 -0.0074
vn 0.3606 0.9327 -0.0052
vn 0.3730 0.9278 -0.0024
vn 0.4607 0.8705 -0.1731
vn 0.4567 0.8672 -0.1985
vn 0.4786 0.8596 -0.1789
vn 0.4452 0.8790 -0.1708
vn 0.4253 0.8854 -0.1874
vn 0.3933 0.9001 -0.1875
vn 0.3770 0.9044 -0.2000
vn 0.4144 0.8845 -0.2142
vn 0.3960 0.9183 0.0057
vn 0.3940 0.9191 0.0035
vn 0.4107 0.9117 0.0075
vn 0.3802 0.9249 -0.0001
vn 0.3442 0.9389 -0.0037
vn 0.3480 0.9374 0.0109
vn 0.3998 0.9165 0.0125
vn 0.4168 0.9089 0.0130
vn 0.3551 0.9191 -0.1708
vn 0.3618 0.9209 -0.1453
vn 0.3632 0.9207 -0.1430
vn 0.3508 0.9210 -0.1693
vn 0.3564 0.9221 -0.1505
vn 0.3822 0.9153 -0.1270
vn 0.3833 0.9155 -0.1218
vn 0.4101 0.9058 -0.1066
vn 0.4147 0.9043 -0.1017
vn 0.4045 0.9113 -0.0767
vn 0.4301 0.8993 -0.0793
vn 0.4394 0.8948 -0.0794
vn -0.2654 0.9637 -0.0277
vn -0.2586 0.9657 -0.0211
vn -0.2654 0.9638 -0.0255
vn -0.2653 0.9637 -0.0301
vn -0.2584 0.9657 -0.0254
vn -0.2582 0.9656 -0.0296
vn -0.2544 0.9671 -0.0080
vn -0.2543 0.9671 -0.0080
vn -0.2699 0.9601 -0.0730
vn -0.2604 0.9634 -0.0636
vn -0.2708 0.9603 -0.0672
vn -0.2690 0.9600 -0.0782
vn -0.2601 0.9633 -0.0661
vn -0.2598 0.9633 -0.0683
vn -0.2568 0.9647 -0.0582
vn -0.2568 0.9647 -0.0579
vn -0.3432 0.9330 -0.1086
vn -0.3229 0.9407 -0.1041
vn -0.3453 0.9334 -0.0978
vn -0.3409 0.9327 -0.1175
vn -0.3213 0.9406 -0.1098
vn -0.3201 0.9404 -0.1148
vn -0.3042 0.9474 -0.1000
vn -0.3055 0.9474 -0.0950
vn -0.3875 0.9155 -0.1081
vn -0.3722 0.9235 -0.0924
vn -0.3875 0.9154 -0.1088
vn -0.3869 0.9151 -0.1135
vn -0.3700 0.9231 -0.1047
vn -0.3672 0.9228 -0.1170
vn 0.3509 0.9148 -0.2001
vn 0.3519 0.9072 -0.2306
vn 0.3234 0.9245 -0.2017
vn 0.3448 0.9182 -0.1951
vn 0.3260 0.9264 -0.1884
vn -0.2025 0.9793 -0.0033
vn -0.2364 0.9715 -0.0144
vn -0.2512 0.9675 -0.0289
vn -0.2546 0.9664 -0.0362
vn -0.1325 0.9875 -0.0855
vn -0.0853 0.9960 -0.0273
vn -0.0572 0.9977 -0.0361
vn -0.0315 0.9991 -0.0299
vn -0.0104 0.9999 -0.0129
vn 0.0242 0.9828 0.1830
vn 0.0077 0.9999 0.0067
vn 0.0238 0.9992 0.0315
vn 0.0335 0.9722 0.2316
vn 0.0352 0.9975 0.0619
vn 0.0593 0.9980 -0.0211
vn 0.1431 0.9848 0.0980
vn 0.1058 0.9343 0.3403
vn 0.1274 0.9306 0.3433
vn 0.1200 0.9882 0.0957
vn 0.0715 0.9404 0.3324
vn 0.1874 0.9792 0.0780
vn 0.1580 0.9828 0.0959
vn 0.3045 0.9523 -0.0201
vn 0.3539 0.9347 -0.0322
vn 0.3959 0.9172 -0.0447
vn 0.4407 0.8955 -0.0612
vn 0.4279 0.9021 -0.0559
vn -0.1497 0.9560 0.2522
vn -0.1472 0.9850 0.0902
vn -0.1392 0.9452 0.2953
vn -0.1647 0.9703 0.1771
vn -0.1783 0.9798 0.0911
vn -0.1829 0.9820 0.0472
vn 0.0345 0.9340 0.3557
vn 0.0361 0.9059 0.4220
vn -0.1299 0.9454 0.2988
vn -0.1326 0.9846 0.1137
vn -0.1142 0.9540 0.2771
vn -0.1163 0.9871 0.1101
vn -0.0919 0.9644 0.2478
vn -0.0932 0.9904 0.1020
vn -0.0662 0.9734 0.2193
vn -0.0666 0.9936 0.0915
vn -0.0383 0.9796 0.1972
vn -0.0375 0.9958 0.0830
vn -0.0098 0.9820 0.1889
vn -0.0069 0.9967 0.0803
vn 0.0173 0.9793 0.2014
vn 0.0229 0.9959 0.0875
vn 0.0412 0.8784 0.4761
vn 0.0611 0.8579 0.5103
vn 0.0892 0.8449 0.5274
vn 0.1090 0.9813 0.1589
vn 0.1067 0.9201 0.3768
vn 0.1228 0.9751 0.1848
vn 0.1350 0.9907 0.0185
vn 0.2560 0.9666 0.0155
vn 0.2460 0.9693 -0.0018
vn 0.3331 0.9429 0.0001
vn 0.3775 0.8838 -0.2763
vn 0.3950 0.8826 -0.2549
vn 0.3756 0.8846 -0.2763
vn 0.3783 0.8835 -0.2762
vn 0.3969 0.8811 -0.2572
vn 0.3984 0.8803 -0.2577
vn 0.3377 0.9261 -0.1684
vn 0.3387 0.9278 -0.1566
vn 0.3156 0.9334 -0.1706
vn 0.2503 0.9644 -0.0854
vn 0.2476 0.9679 -0.0421
vn 0.2411 0.9705 0.0029
vn 0.2341 0.9713 0.0433
vn 0.2096 0.9626 0.1717
vn 0.2966 0.9359 -0.1903
vn 0.3008 0.9363 -0.1812
vn 0.2955 0.9360 -0.1913
vn 0.1633 0.9437 0.2876
vn 0.3006 0.9358 -0.1839
vn 0.3348 0.9423 -0.0101
vn 0.2504 0.9681 -0.0089
vn 0.2466 0.9690 -0.0162
vn 0.2520 0.9677 0.0079
vn 0.2443 0.9696 -0.0110
vn 0.3834 0.9230 -0.0329
vn 0.3726 0.9277 -0.0254
vn 0.3096 0.9370 -0.1619
vn 0.3475 0.9177 -0.1928
vn 0.3531 0.9164 -0.1884
vn 0.2844 0.9482 -0.1416
vn 0.3064 0.9370 -0.1679
vn 0.3736 0.8856 -0.2759
vn 0.3914 0.8850 -0.2522
vn 0.3727 0.8861 -0.2754
vn 0.3929 0.8841 -0.2528
vn 0.4275 0.8772 -0.2184
vn 0.4249 0.8787 -0.2175
vn 0.4974 0.8474 -0.1858
vn 0.4991 0.8389 -0.2172
vn 0.5061 0.8421 -0.1862
vn 0.4838 0.8490 -0.2126
vn 0.4462 0.8639 -0.2334
vn 0.4659 0.8515 -0.2408
vn 0.3799 0.8956 -0.2316
vn 0.3887 0.8918 -0.2317
vn 0.3832 0.8839 -0.2680
vn 0.3889 0.8810 -0.2695
vn 0.4589 0.8703 -0.1789
vn 0.4613 0.8687 -0.1806
vn 0.4807 0.8629 -0.1561
vn 0.4798 0.8639 -0.1531
vn -0.3808 0.9184 -0.1074
vn -0.3715 0.9190 -0.1321
vn -0.3868 0.9174 -0.0937
vn -0.1805 0.9787 -0.0982
vn -0.1985 0.9728 -0.1197
vn -0.2027 0.9701 -0.1332
vn -0.2034 0.9693 -0.1383
vn -0.1328 0.9894 -0.0596
vn -0.1633 0.9838 -0.0741
vn -0.1313 0.9895 -0.0597
vn -0.1051 0.9927 -0.0589
vn -0.0610 0.9957 -0.0693
vn -0.0766 0.9948 -0.0670
vn -0.0289 0.9966 -0.0768
vn -0.0484 0.9963 -0.0713
vn 0.0030 0.9961 -0.0886
vn -0.0096 0.9964 -0.0839
vn 0.0320 0.9948 -0.0971
vn 0.0147 0.9957 -0.0919
vn 0.1255 0.9840 -0.1265
vn 0.0914 0.9890 -0.1158
vn 0.0672 0.9918 -0.1088
vn 0.0506 0.9933 -0.1036
vn 0.1589 0.9775 -0.1387
vn 0.2564 0.9599 -0.1134
vn 0.2798 0.9483 -0.1497
vn 0.2490 0.9605 -0.1245
vn -0.2619 0.9646 -0.0318
vn -0.2662 0.9635 -0.0263
vn -0.2616 0.9646 -0.0340
vn -0.2663 0.9636 -0.0249
vn -0.2661 0.9636 -0.0278
vn -0.2616 0.9645 -0.0360
vn -0.2875 0.9546 -0.0776
vn -0.3029 0.9472 -0.1053
vn -0.2859 0.9545 -0.0843
vn -0.2849 0.9542 -0.0910
vn -0.2578 0.9650 -0.0478
vn -0.2567 0.9647 -0.0587
vn -0.2579 0.9650 -0.0469
vn -0.2579 0.9651 -0.0461
vn 0.2439 0.9697 -0.0134
vn 0.3263 0.9452 -0.0099
vn 0.1287 0.9916 -0.0094
vn 0.3672 0.9301 -0.0014
vn 0.3813 0.9244 0.0043
vn -0.1499 0.9887 -0.0047
vn -0.1486 0.9889 -0.0040
vn -0.1583 0.9874 -0.0015
vn -0.1599 0.9871 -0.0050
vn -0.1660 0.9861 0.0011
vn -0.1675 0.9859 -0.0052
vn -0.1684 0.9857 0.0019
vn -0.1701 0.9854 -0.0053
vn -0.1312 0.9912 0.0173
vn -0.1151 0.9932 0.0167
vn -0.0921 0.9956 0.0152
vn -0.0655 0.9978 0.0129
vn -0.0363 0.9993 0.0103
vn -0.0048 0.9999 0.0095
vn 0.0265 0.9996 0.0115
vn 0.0538 0.9984 0.0152
vn 0.0732 0.9971 0.0213
vn 0.0818 0.9963 0.0269
vn 0.0884 0.9956 0.0324
vn 0.1036 0.9940 0.0347
vn 0.1208 0.9921 0.0349
vn 0.1242 0.9917 0.0320
vn 0.1078 0.9938 0.0253
vn 0.0726 0.9973 0.0149
vn 0.0592 0.9982 0.0016
vn 0.3695 0.9009 -0.2279
vn 0.3313 0.9230 -0.1959
vn 0.3400 0.9174 -0.2069
vn 0.3175 0.9276 -0.1971
vn 0.3236 0.9230 -0.2083
vn 0.3482 0.9082 -0.2324
vn 0.4254 0.8672 -0.2590
vn 0.4014 0.8805 -0.2521
vn 0.3761 0.8897 -0.2590
vn 0.3970 0.8768 -0.2712
vn 0.3020 0.9401 -0.1583
vn 0.3059 0.9427 -0.1332
vn 0.3061 0.9428 -0.1323
vn 0.3020 0.9399 -0.1596
vn 0.3058 0.9426 -0.1341
vn 0.3100 0.9445 -0.1087
vn 0.3101 0.9445 -0.1082
vn 0.3102 0.9445 -0.1078
vn 0.3070 0.9312 -0.1965
vn 0.3035 0.9350 -0.1834
vn 0.3004 0.9363 -0.1821
vn 0.3076 0.9334 -0.1846
vn 0.3024 0.9395 -0.1610
vn 0.3139 0.9457 -0.0845
vn 0.3140 0.9457 -0.0845
vn 0.3170 0.9462 -0.0646
vn 0.3170 0.9462 -0.0648
vn 0.3194 0.9464 -0.0483
vn 0.3170 0.9462 -0.0644
vn 0.3194 0.9464 -0.0479
vn 0.3195 0.9464 -0.0476
vn 0.3216 0.9463 -0.0325
vn 0.3216 0.9463 -0.0329
vn 0.3248 0.9457 -0.0136
vn 0.3264 0.9452 -0.0061
vn 0.3247 0.9457 -0.0137
vn 0.3249 0.9457 -0.0136
vn 0.3265 0.9452 -0.0059
vn 0.3265 0.9452 -0.0058
vn 0.3269 0.9450 0.0102
vn 0.3271 0.9449 0.0102
vn 0.3234 0.9461 -0.0205
vn 0.3217 0.9463 -0.0321
vn 0.3234 0.9460 -0.0201
vn 0.3235 0.9460 -0.0198
vn -0.2934 0.9235 -0.2471
vn -0.2917 0.9290 -0.2279
vn -0.2945 0.9282 -0.2274
vn -0.2905 0.9242 -0.2479
vn -0.2888 0.9297 -0.2285
vn -0.2900 0.9351 -0.2036
vn -0.2929 0.9344 -0.2028
vn -0.2957 0.9336 -0.2023
vn -0.2941 0.9403 -0.1715
vn -0.2970 0.9394 -0.1710
vn -0.2912 0.9410 -0.1723
vn -0.2922 0.9465 -0.1370
vn -0.2951 0.9458 -0.1359
vn -0.2979 0.9450 -0.1351
vn -0.2957 0.9500 -0.1000
vn -0.2985 0.9492 -0.0994
vn -0.2928 0.9508 -0.1010
vn -0.2931 0.9536 -0.0689
vn -0.2959 0.9528 -0.0684
vn -0.2987 0.9519 -0.0679
vn -0.2959 0.9543 -0.0429
vn -0.2987 0.9534 -0.0426
vn -0.2930 0.9551 -0.0431
vn -0.2929 0.9558 -0.0249
vn -0.2958 0.9549 -0.0248
vn -0.2985 0.9541 -0.0246
vn 0.3729 0.8836 -0.2831
vn 0.3739 0.8831 -0.2835
vn 0.3700 0.8854 -0.2814
vn 0.3667 0.8887 -0.2750
vn 0.3629 0.8928 -0.2668
vn -0.2957 0.9552 -0.0126
vn -0.2984 0.9544 -0.0127
vn -0.2927 0.9561 -0.0129
vn -0.2937 0.9559 -0.0049
vn -0.2891 0.9210 -0.2611
vn -0.2907 0.9205 -0.2611
vn -0.2878 0.9213 -0.2614
vn -0.2878 0.9250 -0.2483
vn -0.2655 0.9489 -0.1706
vn -0.2547 0.9517 -0.1715
vn -0.2743 0.9468 -0.1683
vn -0.2977 0.9326 -0.2039
vn 0.4941 0.8550 -0.1574
vn 0.4920 0.8557 -0.1602
vn 0.4842 0.8595 -0.1635
vn 0.4795 0.8589 -0.1797
vn 0.4783 0.8620 -0.1679
vn 0.4739 0.8643 -0.1686
vn 0.2734 0.9430 0.1897
vn 0.2351 0.9575 0.1670
vn 0.2294 0.9564 0.1810
vn 0.2910 0.9401 0.1776
vn 0.2412 0.9602 0.1405
vn 0.1757 0.9770 0.1205
vn 0.1771 0.9730 0.1477
vn 0.1800 0.9700 0.1633
vn 0.3502 0.9226 0.1620
vn 0.3132 0.9421 0.1201
vn 0.3065 0.9390 0.1561
vn 0.3691 0.9157 0.1590
vn 0.3620 0.9226 0.1333
vn 0.3892 0.9109 0.1372
vn 0.3615 0.9279 0.0911
vn 0.3105 0.9476 0.0748
vn 0.2933 0.9557 0.0252
vn 0.3229 0.9457 0.0371
vn 0.2827 0.9591 0.0093
vn 0.3365 0.9408 0.0406
vn 0.3592 0.9315 0.0578
vn 0.3492 0.9359 0.0474
vn 0.3106 0.9504 0.0151
vn 0.2656 0.9627 -0.0513
vn 0.2615 0.9475 0.1841
vn 0.2247 0.9571 0.1829
vn 0.2308 0.9589 0.1651
vn 0.2568 0.9463 0.1965
vn 0.2233 0.9562 0.1893
vn 0.1832 0.9678 0.1726
vn 0.1854 0.9688 0.1646
vn 0.1899 0.9713 0.1431
vn 0.1925 0.9756 -0.1059
vn 0.2948 0.9555 -0.0140
vn 0.2747 0.9614 -0.0162
vn 0.2335 0.9657 -0.1136
vn 0.3413 0.9395 0.0282
vn 0.3325 0.9429 0.0207
vn 0.1535 0.9802 0.1252
vn 0.1972 0.9738 0.1131
vn 0.1204 0.9866 0.1105
vn 0.1583 0.9829 0.0940
vn 0.1240 0.9891 0.0789
vn 0.1581 0.9844 0.0777
vn 0.2031 0.9742 0.0988
vn 0.2561 0.9456 0.2007
vn 0.2252 0.9560 0.1879
vn 0.2615 0.9447 0.1977
vn 0.1821 0.9683 0.1711
vn 0.1334 0.9856 0.1039
vn 0.1068 0.9898 0.0939
vn 0.1370 0.9823 0.1278
vn 0.1080 0.9879 0.1112
vn 0.1426 0.9793 0.1436
vn 0.1429 0.9889 0.0413
vn 0.1775 0.9806 0.0828
vn 0.1815 0.9824 0.0448
vn 0.1246 0.9912 0.0454
vn 0.1355 0.9881 0.0727
vn 0.1132 0.9910 0.0711
vn 0.1582 0.9874 0.0062
vn 0.1862 0.9823 0.0191
vn 0.1899 0.9818 0.0051
vn 0.1432 0.9896 0.0122
vn 0.1513 0.9883 0.0201
vn 0.1356 0.9904 0.0264
vn 0.1257 0.8978 -0.4220
vn 0.1473 0.8477 -0.5096
vn 0.1553 0.8887 -0.4314
vn 0.1382 0.8257 -0.5469
vn 0.1374 0.8449 -0.5170
vn 0.1404 0.8389 -0.5258
vn 0.1613 0.9330 -0.3217
vn 0.1830 0.9469 -0.2642
vn 0.1229 0.8277 -0.5475
vn 0.1059 0.9056 -0.4107
vn 0.0979 0.8414 -0.5315
vn 0.1283 0.8983 -0.4203
vn 0.1395 0.9014 -0.4099
vn 0.1280 0.9740 -0.1870
vn 0.1084 0.9767 -0.1853
vn 0.0793 0.8653 -0.4949
vn 0.0809 0.9386 -0.3354
vn 0.0721 0.8963 -0.4375
vn 0.0884 0.9201 -0.3815
vn 0.0917 0.9807 -0.1725
vn 0.0843 0.9850 -0.1506
vn 0.0039 0.9715 -0.2371
vn 0.0293 0.9634 -0.2664
vn 0.0048 0.9673 -0.2537
vn -0.0023 0.9916 -0.1296
vn 0.0257 0.9676 -0.2511
vn 0.0179 0.9890 -0.1466
vn 0.0443 0.9555 -0.2917
vn 0.0508 0.9504 -0.3070
vn -0.0425 0.9594 -0.2790
vn -0.0204 0.9632 -0.2679
vn -0.0443 0.9526 -0.3011
vn -0.0498 0.9885 -0.1426
vn -0.0193 0.9684 -0.2486
vn -0.0248 0.9914 -0.1285
vn -0.0831 0.9268 -0.3662
vn -0.0658 0.9364 -0.3446
vn -0.0836 0.9157 -0.3930
vn -0.0983 0.9754 -0.1971
vn -0.0643 0.9451 -0.3204
vn -0.0751 0.9829 -0.1680
vn -0.1155 0.9065 -0.4061
vn -0.0961 0.8962 -0.4330
vn -0.1077 0.8925 -0.4381
vn -0.1425 0.9660 -0.2158
vn -0.0981 0.9099 -0.4030
vn -0.1185 0.9688 -0.2176
vn 0.0459 0.9948 0.0915
vn 0.0636 0.9949 0.0777
vn 0.0618 0.9934 0.0971
vn 0.0275 0.9962 0.0823
vn 0.0490 0.9962 0.0725
vn 0.0313 0.9982 0.0511
vn 0.0514 0.9966 0.0646
vn 0.0649 0.9956 0.0683
vn 0.1112 0.9857 0.1265
vn 0.1463 0.9773 0.1535
vn 0.1143 0.9838 0.1382
vn 0.1481 0.9765 0.1563
vn 0.0496 0.9950 0.0867
vn 0.0613 0.9937 0.0940
vn 0.0646 0.9940 0.0883
vn 0.0280 0.9963 0.0816
vn 0.0483 0.9947 0.0905
vn 0.0280 0.9961 0.0842
vn 0.0472 0.9940 0.0982
vn 0.0604 0.9929 0.1029
vn 0.0556 0.9971 0.0513
vn 0.0716 0.9945 0.0767
vn 0.0797 0.9954 0.0532
vn 0.0331 0.9982 0.0496
vn 0.0517 0.9957 0.0766
vn 0.0292 0.9969 0.0729
vn 0.1052 0.9931 0.0510
vn 0.0921 0.9930 0.0738
vn 0.0828 0.9926 0.0891
vn 0.0798 0.9918 0.0995
vn 0.0803 0.9905 0.1117
vn 0.0597 0.9918 0.1134
vn 0.0273 0.9954 0.0917
vn 0.0454 0.9932 0.1076
vn 0.0263 0.9945 0.1011
vn 0.0441 0.9928 0.1114
vn 0.0599 0.9913 0.1175
vn 0.0862 0.9913 0.0999
vn 0.0880 0.9935 0.0729
vn 0.0857 0.9944 0.0612
vn 0.1198 0.9909 0.0617
vn 0.1210 0.9925 0.0155
vn 0.0865 0.9962 0.0120
vn 0.1153 0.9928 0.0311
vn 0.0847 0.9959 0.0301
vn 0.0654 0.9271 -0.3690
vn 0.0549 0.9711 -0.2324
vn 0.0726 0.9569 -0.2812
vn 0.0749 0.9893 -0.1249
vn 0.0555 0.9933 -0.1016
vn 0.0579 0.9983 0.0055
vn 0.0474 0.9954 -0.0836
vn 0.0425 0.9991 0.0061
vn 0.0602 0.9938 -0.0931
vn 0.0890 0.9918 -0.0913
vn 0.0653 0.9482 -0.3109
vn 0.0545 0.9593 -0.2771
vn 0.0100 0.9970 0.0773
vn 0.0300 0.9977 0.0611
vn -0.0014 0.9972 0.0742
vn 0.0112 0.9982 0.0581
vn 0.0004 0.9984 0.0567
vn 0.0116 0.9987 0.0497
vn 0.0815 0.9890 0.1236
vn 0.0822 0.9883 0.1286
vn 0.1154 0.9830 0.1425
vn 0.0088 0.9970 0.0768
vn -0.0004 0.9972 0.0752
vn 0.0090 0.9969 0.0781
vn -0.0004 0.9972 0.0754
vn 0.0089 0.9964 0.0849
vn 0.0153 0.9984 0.0547
vn 0.0048 0.9979 0.0640
vn 0.0100 0.9974 0.0719
vn 0.0005 0.9973 0.0739
vn 0.0314 0.9993 0.0204
vn 0.0383 0.9990 0.0244
vn 0.0181 0.9990 0.0412
vn 0.0236 0.9991 0.0353
vn 0.0115 0.9986 0.0521
vn -0.0129 0.9978 0.0647
vn -0.0316 0.9981 0.0529
vn -0.0099 0.9991 0.0419
vn -0.0292 0.9992 0.0258
vn -0.0093 0.9995 0.0298
vn 0.0012 0.9988 0.0486
vn -0.0008 0.9967 0.0812
vn 0.0085 0.9955 0.0939
vn -0.0019 0.9960 0.0896
vn 0.0085 0.9952 0.0977
vn 0.0253 0.9941 0.1053
vn -0.0105 0.9972 0.0740
vn -0.0311 0.9969 0.0722
vn -0.0107 0.9972 0.0736
vn -0.0316 0.9970 0.0706
vn -0.0118 0.9968 0.0794
vn -0.0073 0.9974 0.0717
vn -0.0300 0.9966 0.0764
vn -0.0103 0.9971 0.0752
vn -0.0026 0.9978 0.0668
vn 0.0017 0.9983 0.0590
vn -0.0227 0.9965 0.0803
vn -0.0273 0.9965 0.0791
vn -0.0516 0.9974 0.0501
vn -0.0651 0.9963 0.0564
vn -0.0513 0.9983 0.0287
vn -0.0659 0.9967 0.0467
vn -0.0539 0.9983 0.0222
vn -0.0313 0.9994 0.0123
vn -0.0329 0.9966 0.0757
vn -0.0136 0.9961 0.0875
vn -0.0341 0.9960 0.0826
vn -0.0150 0.9958 0.0902
vn -0.0026 0.9957 0.0931
vn -0.0523 0.9961 0.0717
vn -0.0647 0.9954 0.0704
vn -0.0534 0.9962 0.0688
vn -0.0542 0.9960 0.0714
vn -0.0506 0.9956 0.0784
vn -0.0478 0.9950 0.0881
vn -0.0620 0.9947 0.0815
vn -0.0628 0.9953 0.0741
vn -0.0177 0.9969 0.0763
vn -0.0437 0.9944 0.0967
vn -0.0393 0.9946 0.0959
vn -0.0624 0.9924 0.1057
vn -0.0620 0.9937 0.0935
vn -0.0807 0.9950 0.0585
vn -0.1062 0.9929 0.0533
vn -0.0811 0.9951 0.0564
vn -0.1065 0.9929 0.0532
vn -0.0831 0.9950 0.0558
vn -0.0675 0.9967 0.0451
vn -0.0656 0.9954 0.0700
vn -0.0544 0.9957 0.0753
vn -0.0658 0.9954 0.0702
vn -0.0538 0.9957 0.0757
vn -0.0345 0.9959 0.0841
vn -0.0784 0.9942 0.0731
vn -0.0774 0.9940 0.0767
vn -0.1050 0.9916 0.0753
vn -0.1054 0.9920 0.0700
vn -0.0792 0.9944 0.0698
vn -0.0771 0.9936 0.0828
vn -0.0793 0.9926 0.0915
vn -0.1048 0.9911 0.0827
vn -0.1046 0.9913 0.0793
vn -0.0627 0.9923 0.1069
vn -0.0839 0.9914 0.1009
vn -0.0885 0.9910 0.1005
vn -0.1112 0.9898 0.0885
vn -0.1068 0.9906 0.0859
vn 0.1257 0.9918 0.0248
vn 0.0528 0.9985 0.0138
vn 0.0554 0.9983 0.0178
vn 0.1252 0.9919 0.0189
vn 0.0682 0.9976 0.0131
vn 0.0697 0.9974 0.0158
vn 0.1054 0.9943 0.0147
vn 0.1060 0.9942 0.0165
vn 0.1228 0.9923 0.0157
vn 0.1229 0.9923 0.0172
vn 0.1207 0.9926 0.0156
vn 0.1206 0.9926 0.0167
vn 0.1045 0.9944 0.0146
vn 0.1043 0.9944 0.0154
vn 0.0895 0.9959 0.0136
vn 0.0894 0.9959 0.0145
vn 0.0829 0.9965 0.0133
vn 0.0828 0.9965 0.0145
vn 0.0742 0.9972 0.0128
vn 0.0740 0.9972 0.0144
vn 0.0548 0.9984 0.0115
vn 0.0545 0.9984 0.0135
vn 0.0270 0.9996 0.0097
vn 0.0268 0.9996 0.0117
vn -0.0044 1.0000 0.0076
vn -0.0046 0.9999 0.0093
vn -0.0361 0.9993 0.0055
vn -0.0362 0.9993 0.0066
vn -0.0654 0.9979 0.0035
vn -0.0655 0.9978 0.0040
vn -0.0918 0.9958 0.0017
vn -0.0919 0.9958 0.0017
vn -0.1147 0.9934 0.0002
vn -0.1147 0.9934 -0.0003
vn -0.1313 0.9913 -0.0011
vn -0.1310 0.9914 -0.0019
vn -0.1406 0.9901 -0.0030
vn -0.1396 0.9902 -0.0039
vn -0.1539 0.9880 -0.0106
vn -0.1593 0.9870 -0.0202
vn -0.1517 0.9882 -0.0223
vn -0.1613 0.9868 -0.0143
vn -0.1621 0.9866 -0.0191
vn -0.1668 0.9855 -0.0307
vn -0.1628 0.9856 -0.0449
vn -0.1522 0.9856 -0.0731
vn -0.1620 0.9847 0.0647
vn -0.1329 0.9896 0.0550
vn -0.1576 0.9853 0.0659
vn -0.1338 0.9896 0.0525
vn -0.1063 0.9928 0.0559
vn -0.1318 0.9895 0.0586
vn -0.1526 0.9860 0.0677
vn -0.2130 0.9711 0.1075
vn -0.2180 0.9689 0.1172
vn -0.2182 0.9698 0.1088
vn -0.2152 0.9694 0.1181
vn -0.2376 0.9628 0.1287
vn -0.2406 0.9623 0.1272
vn -0.2187 0.9687 0.1174
vn -0.2209 0.9692 0.1090
vn -0.0799 0.9945 0.0671
vn -0.1056 0.9923 0.0640
vn -0.0804 0.9947 0.0644
vn -0.0656 0.9954 0.0694
vn -0.1062 0.9926 0.0593
vn -0.1307 0.9894 0.0640
vn -0.1300 0.9890 0.0710
vn -0.1473 0.9866 0.0708
vn -0.1295 0.9886 0.0772
vn -0.1301 0.9883 0.0801
vn -0.1416 0.9869 0.0776
vn -0.1432 0.9868 0.0751
vn -0.1588 0.9843 0.0767
vn -0.1718 0.9803 0.0970
vn -0.1634 0.9825 0.0895
vn -0.1690 0.9837 0.0615
vn -0.1669 0.9831 0.0758
vn -0.1779 0.9827 0.0519
vn -0.1699 0.9827 0.0742
vn -0.1742 0.9797 0.0992
vn -0.1317 0.9880 0.0810
vn -0.1340 0.9878 0.0799
vn -0.1504 0.9858 0.0749
vn -0.1442 0.9865 0.0773
vn -0.1132 0.9936 0.0049
vn -0.1404 0.9875 0.0709
vn -0.1156 0.9897 0.0848
vn -0.1367 0.9906 -0.0073
vn -0.1635 0.9865 -0.0117
vn -0.1676 0.9841 0.0593
vn -0.1610 0.9470 -0.2781
vn -0.2129 0.9680 -0.1333
vn -0.1845 0.9494 -0.2541
vn -0.1887 0.9707 -0.1484
vn -0.2230 0.9722 -0.0709
vn -0.2442 0.9694 -0.0249
vn -0.2377 0.9696 -0.0586
vn -0.2165 0.9681 -0.1258
vn -0.1920 0.9802 0.0480
vn -0.1889 0.9803 0.0572
vn -0.2174 0.9752 0.0420
vn -0.1712 0.9832 0.0630
vn -0.1559 0.9853 0.0706
vn -0.1578 0.9849 0.0707
vn -0.2405 0.9698 0.0397
vn -0.2479 0.9682 0.0331
vn -0.2340 0.9713 0.0419
vn -0.2548 0.9663 0.0355
vn -0.2514 0.9674 0.0296
vn -0.2335 0.9721 0.0212
vn -0.2300 0.9728 0.0277
vn -0.2010 0.9781 0.0535
vn -0.1640 0.9842 0.0662
vn -0.2063 0.9773 0.0482
vn -0.2060 0.9782 0.0241
vn -0.1810 0.9824 0.0462
vn -0.2026 0.9787 0.0325
vn -0.1470 0.9236 -0.3539
vn -0.1298 0.9142 -0.3840
vn -0.1797 0.9665 -0.1830
vn -0.1525 0.9849 0.0817
vn -0.1492 0.9858 0.0773
vn -0.1871 0.9755 0.1156
vn -0.1779 0.9789 0.1005
vn -0.1885 0.9746 0.1207
vn -0.2029 0.9706 0.1292
vn -0.2015 0.9718 0.1221
vn -0.1940 0.9752 0.1064
vn -0.2021 0.9753 0.0887
vn -0.1660 0.9840 0.0642
vn -0.1948 0.9769 0.0875
vn -0.2045 0.9749 0.0884
vn -0.1677 0.9838 0.0638
vn -0.1458 0.9893 -0.0070
vn -0.1378 0.9901 -0.0257
vn -0.1435 0.9894 -0.0240
vn -0.1413 0.9850 -0.0992
vn -0.1338 0.9841 -0.1167
vn -0.3646 0.9303 0.0403
vn -0.3236 0.9462 -0.0060
vn -0.3312 0.9424 0.0471
vn -0.3571 0.9338 -0.0216
vn -0.3477 0.9374 -0.0195
vn -0.3469 0.9369 -0.0442
vn -0.3384 0.9403 -0.0367
vn -0.3202 0.9470 -0.0270
vn -0.2969 0.9548 -0.0116
vn -0.2973 0.9547 -0.0083
vn -0.2953 0.9553 -0.0127
vn -0.2926 0.9562 0.0053
vn -0.3010 0.9534 -0.0194
vn -0.2935 0.9559 -0.0135
vn -0.2801 0.9417 0.1864
vn -0.2998 0.9283 0.2200
vn -0.2952 0.9373 0.1852
vn -0.2896 0.9314 0.2206
vn -0.3028 0.9220 0.2412
vn -0.3063 0.9209 0.2410
vn -0.3110 0.9248 0.2193
vn -0.3098 0.9326 0.1849
vn 0.4494 0.8660 0.2193
vn 0.4151 0.8727 0.2571
vn 0.4143 0.8749 0.2508
vn 0.4685 0.8615 0.1959
vn 0.4491 0.8634 0.2299
vn 0.4670 0.8597 0.2069
vn 0.4512 0.8617 0.2320
vn 0.4176 0.8711 0.2586
vn 0.0824 0.9906 -0.1088
vn 0.0922 0.9832 -0.1576
vn 0.0685 0.9961 -0.0553
vn 0.1007 0.9546 -0.2805
vn 0.1569 0.9860 -0.0557
vn 0.1359 0.9907 -0.0101
vn -0.1630 0.9830 0.0845
vn -0.1756 0.9807 0.0861
vn 0.3234 0.9197 0.2224
vn 0.3358 0.9084 0.2489
vn 0.3144 0.9220 0.2259
vn 0.3488 0.9018 0.2551
vn 0.3429 0.8986 0.2738
vn 0.3301 0.9139 0.2361
vn 0.3103 0.9245 0.2216
vn 0.3988 0.9133 0.0834
vn 0.4055 0.9111 0.0741
vn 0.4184 0.9045 0.0821
vn 0.3873 0.9189 0.0756
vn 0.3875 0.9188 0.0752
vn 0.3766 0.9240 0.0670
vn 0.3751 0.9252 0.0575
vn 0.3746 0.9262 0.0422
vn 0.3594 0.9326 0.0322
vn 0.3639 0.9307 0.0365
vn 0.3708 0.9281 0.0343
vn 0.3596 0.9327 0.0278
vn 0.3217 0.9464 0.0275
vn 0.3248 0.9455 0.0238
vn 0.4432 0.8673 0.2267
vn 0.4490 0.8705 0.2016
vn 0.4665 0.8596 0.2085
vn 0.4002 0.8845 0.2397
vn 0.4128 0.8854 0.2136
vn 0.3637 0.9044 0.2232
vn 0.3809 0.9001 0.2117
vn 0.4337 0.8789 0.1983
vn 0.3955 0.9183 0.0191
vn 0.3933 0.9191 0.0212
vn 0.3795 0.9249 0.0238
vn 0.4103 0.9117 0.0182
vn 0.3432 0.9389 0.0253
vn 0.3335 0.9423 0.0310
vn 0.3437 0.9191 0.1926
vn 0.3521 0.9208 0.1676
vn 0.3395 0.9210 0.1909
vn 0.3536 0.9207 0.1654
vn 0.3735 0.9153 0.1507
vn 0.3460 0.9222 0.1725
vn 0.3265 0.9261 0.1892
vn 0.3749 0.9156 0.1456
vn 0.4026 0.9058 0.1320
vn 0.4335 0.8948 0.1067
vn 0.4075 0.9043 0.1275
vn 0.3989 0.9113 0.1018
vn -0.2594 0.9658 0.0049
vn -0.2666 0.9638 0.0111
vn -0.2665 0.9638 0.0089
vn -0.2595 0.9657 0.0092
vn -0.2596 0.9656 0.0134
vn -0.2669 0.9636 0.0132
vn -0.2641 0.9633 0.0470
vn -0.2739 0.9601 0.0560
vn -0.2745 0.9603 0.0501
vn -0.2599 0.9647 0.0417
vn -0.2636 0.9633 0.0497
vn -0.2600 0.9647 0.0421
vn -0.2635 0.9633 0.0519
vn -0.2734 0.9599 0.0612
vn -0.3288 0.9407 0.0837
vn -0.3494 0.9329 0.0869
vn -0.3507 0.9334 0.0760
vn -0.3108 0.9474 0.0757
vn -0.3277 0.9405 0.0895
vn -0.3100 0.9473 0.0805
vn -0.3267 0.9404 0.0946
vn -0.3476 0.9327 0.0960
vn -0.3772 0.9235 0.0689
vn -0.3935 0.9155 0.0837
vn -0.3936 0.9154 0.0844
vn -0.3758 0.9231 0.0814
vn -0.3738 0.9228 0.0938
vn -0.3932 0.9151 0.0891
vn 0.3376 0.9148 0.2216
vn 0.3368 0.9072 0.2521
vn 0.3319 0.9182 0.2163
vn 0.3137 0.9264 0.2084
vn -0.2023 0.9793 -0.0094
vn -0.2369 0.9715 -0.0005
vn -0.2525 0.9675 0.0130
vn -0.2563 0.9664 0.0202
vn -0.2581 0.9655 0.0341
vn -0.1376 0.9875 0.0772
vn -0.0869 0.9960 0.0219
vn -0.0593 0.9977 0.0325
vn -0.0333 0.9991 0.0278
vn -0.0113 0.9999 0.0127
vn 0.0356 0.9828 -0.1811
vn 0.0081 0.9999 -0.0062
vn 0.0257 0.9992 -0.0299
vn 0.0479 0.9723 -0.2289
vn 0.0390 0.9975 -0.0595
vn 0.0579 0.9980 0.0247
vn 0.1269 0.9343 -0.3331
vn 0.1489 0.9849 -0.0885
vn 0.1486 0.9306 -0.3345
vn 0.0922 0.9404 -0.3273
vn 0.1257 0.9882 -0.0880
vn 0.1919 0.9792 -0.0661
vn 0.1637 0.9828 -0.0858
vn 0.3026 0.9523 0.0392
vn 0.3923 0.9172 0.0694
vn 0.3512 0.9347 0.0542
vn 0.4360 0.8956 0.0886
vn 0.4243 0.8993 0.1060
vn 0.4235 0.9021 0.0825
vn -0.1336 0.9560 -0.2610
vn -0.1205 0.9452 -0.3034
vn -0.1533 0.9703 -0.1871
vn -0.1722 0.9798 -0.1020
vn -0.1796 0.9820 -0.0586
vn -0.1995 0.9765 -0.0819
vn 0.0566 0.9340 -0.3528
vn 0.0624 0.9058 -0.4190
vn -0.1110 0.9454 -0.3064
vn -0.1252 0.9846 -0.1218
vn -0.0966 0.9540 -0.2837
vn -0.1093 0.9871 -0.1170
vn -0.0762 0.9644 -0.2531
vn -0.0866 0.9904 -0.1076
vn -0.0523 0.9734 -0.2231
vn -0.0607 0.9935 -0.0959
vn -0.0259 0.9796 -0.1992
vn -0.0323 0.9958 -0.0852
vn 0.0020 0.9820 -0.1891
vn -0.0019 0.9967 -0.0806
vn 0.0299 0.9793 -0.2000
vn 0.0283 0.9959 -0.0860
vn 0.0708 0.8784 -0.4726
vn 0.0929 0.8578 -0.5055
vn 0.1220 0.8449 -0.5208
vn 0.1187 0.9813 -0.1518
vn 0.1341 0.9751 -0.1767
vn 0.1300 0.9201 -0.3694
vn 0.2564 0.9666 0.0005
vn 0.2454 0.9693 0.0173
vn 0.3783 0.8826 0.2791
vn 0.3594 0.8838 0.2994
vn 0.3575 0.8846 0.2993
vn 0.3801 0.8811 0.2815
vn 0.3816 0.8803 0.2821
vn 0.3603 0.8835 0.2993
vn 0.3282 0.9278 0.1774
vn 0.3044 0.9334 0.1900
vn 0.2446 0.9644 0.1008
vn 0.2444 0.9680 0.0576
vn 0.2408 0.9705 0.0122
vn 0.2363 0.9713 -0.0286
vn 0.2199 0.9626 -0.1583
vn 0.2841 0.9359 0.2084
vn 0.2889 0.9363 0.1996
vn 0.2830 0.9360 0.2094
vn 0.1329 0.9561 -0.2612
vn 0.1810 0.9437 -0.2768
vn 0.2885 0.9359 0.2024
vn 0.2494 0.9681 0.0245
vn 0.2452 0.9690 0.0316
vn 0.2431 0.9696 0.0262
vn 0.3805 0.9230 0.0569
vn 0.3703 0.9277 0.0487
vn 0.3407 0.9164 0.2101
vn 0.2955 0.9369 0.1866
vn 0.2989 0.9371 0.1804
vn 0.3347 0.9176 0.2142
vn 0.2699 0.9483 0.1669
vn 0.2749 0.9482 0.1591
vn 0.3749 0.8850 0.2762
vn 0.3556 0.8856 0.2987
vn 0.3548 0.8861 0.2982
vn 0.4105 0.8787 0.2437
vn 0.3764 0.8842 0.2768
vn 0.4130 0.8772 0.2447
vn 0.4846 0.8389 0.2480
vn 0.4849 0.8473 0.2166
vn 0.4935 0.8421 0.2174
vn 0.4499 0.8515 0.2694
vn 0.4695 0.8490 0.2424
vn 0.4308 0.8640 0.2608
vn 0.3649 0.8954 0.2553
vn 0.3734 0.8918 0.2556
vn 0.3657 0.8840 0.2914
vn 0.3537 0.8903 0.2869
vn 0.4468 0.8703 0.2072
vn 0.4693 0.8639 0.1829
vn 0.4491 0.8687 0.2091
vn 0.4700 0.8629 0.1859
vn -0.3867 0.9184 0.0834
vn -0.3791 0.9190 0.1087
vn -0.3919 0.9174 0.0694
vn -0.3741 0.9271 0.0239
vn -0.1864 0.9786 0.0868
vn -0.2057 0.9728 0.1070
vn -0.2108 0.9702 0.1199
vn -0.2117 0.9693 0.1253
vn -0.2317 0.9638 0.1316
vn -0.1362 0.9894 0.0511
vn -0.1086 0.9927 0.0522
vn -0.1348 0.9895 0.0514
vn -0.0652 0.9957 0.0653
vn -0.0806 0.9948 0.0621
vn -0.0337 0.9966 0.0754
vn -0.0528 0.9963 0.0681
vn -0.0026 0.9961 0.0886
vn -0.0148 0.9964 0.0831
vn 0.0259 0.9948 0.0989
vn 0.0090 0.9957 0.0926
vn 0.1173 0.9840 0.1341
vn 0.0840 0.9890 0.1213
vn 0.0603 0.9918 0.1128
vn 0.0441 0.9933 0.1066
vn 0.1496 0.9775 0.1489
vn 0.2489 0.9598 0.1295
vn 0.2407 0.9605 0.1399
vn -0.2635 0.9645 0.0153
vn -0.2673 0.9636 0.0097
vn -0.2673 0.9636 0.0082
vn -0.2632 0.9646 0.0176
vn -0.2673 0.9636 0.0112
vn -0.2918 0.9546 0.0594
vn -0.2910 0.9544 0.0663
vn -0.2901 0.9542 0.0730
vn -0.3089 0.9472 0.0861
vn -0.2602 0.9650 0.0316
vn -0.2633 0.9645 0.0196
vn -0.2599 0.9651 0.0310
vn -0.2602 0.9651 0.0299
vn -0.2599 0.9647 0.0425
vn 0.2426 0.9697 0.0286
vn 0.3249 0.9453 0.0304
vn 0.1279 0.9916 0.0174
vn 0.3724 0.9277 0.0254
vn 0.3664 0.9301 0.0244
vn 0.3807 0.9245 0.0197
vn -0.1583 0.9874 -0.0086
vn -0.1482 0.9889 -0.0054
vn -0.1656 0.9861 -0.0114
vn -0.1681 0.9857 -0.0125
vn -0.1642 0.9863 -0.0161
vn -0.1299 0.9912 -0.0254
vn -0.1138 0.9932 -0.0238
vn -0.0911 0.9956 -0.0206
vn -0.0646 0.9978 -0.0169
vn -0.0355 0.9993 -0.0126
vn -0.0041 0.9999 -0.0101
vn 0.0271 0.9996 -0.0096
vn 0.0548 0.9984 -0.0122
vn 0.0744 0.9971 -0.0167
vn 0.0833 0.9963 -0.0219
vn 0.0901 0.9956 -0.0264
vn 0.1056 0.9940 -0.0282
vn 0.1228 0.9921 -0.0273
vn 0.1259 0.9917 -0.0242
vn 0.1092 0.9938 -0.0185
vn 0.0734 0.9973 -0.0104
vn 0.0592 0.9982 0.0021
vn 0.3545 0.9009 0.2505
vn 0.3330 0.9081 0.2537
vn 0.3264 0.9174 0.2278
vn 0.3099 0.9230 0.2281
vn 0.3046 0.9275 0.2165
vn 0.3185 0.9230 0.2162
vn 0.4084 0.8671 0.2851
vn 0.3792 0.8769 0.2956
vn 0.3849 0.8805 0.2767
vn 0.3591 0.8897 0.2820
vn 0.2915 0.9401 0.1768
vn 0.2970 0.9427 0.1521
vn 0.2914 0.9399 0.1782
vn 0.2972 0.9428 0.1512
vn 0.3027 0.9445 0.1274
vn 0.3026 0.9445 0.1278
vn 0.2968 0.9426 0.1530
vn 0.2916 0.9396 0.1795
vn 0.2941 0.9312 0.2153
vn 0.2914 0.9350 0.2021
vn 0.2883 0.9363 0.2005
vn 0.2955 0.9334 0.2035
vn 0.3029 0.9445 0.1269
vn 0.3080 0.9457 0.1040
vn 0.3123 0.9462 0.0844
vn 0.3080 0.9457 0.1039
vn 0.3123 0.9462 0.0842
vn 0.3081 0.9457 0.1040
vn 0.3157 0.9464 0.0682
vn 0.3188 0.9463 0.0530
vn 0.3158 0.9464 0.0678
vn 0.3190 0.9463 0.0526
vn 0.3158 0.9464 0.0675
vn 0.3124 0.9462 0.0841
vn 0.3254 0.9452 0.0264
vn 0.3233 0.9457 0.0339
vn 0.3232 0.9457 0.0339
vn 0.3255 0.9452 0.0263
vn 0.3252 0.9453 0.0261
vn 0.3237 0.9456 0.0339
vn 0.3215 0.9460 0.0407
vn 0.3215 0.9460 0.0403
vn 0.3216 0.9460 0.0400
vn 0.3191 0.9463 0.0521
vn -0.3083 0.9235 0.2283
vn -0.3053 0.9290 0.2092
vn -0.3054 0.9242 0.2292
vn -0.3084 0.9281 0.2086
vn -0.3050 0.9344 0.1842
vn -0.3021 0.9351 0.1850
vn -0.3025 0.9298 0.2099
vn -0.3027 0.9249 0.2299
vn -0.3078 0.9336 0.1834
vn -0.3042 0.9403 0.1529
vn -0.3070 0.9395 0.1518
vn -0.3030 0.9458 0.1172
vn -0.3002 0.9465 0.1183
vn -0.3014 0.9410 0.1538
vn -0.3058 0.9450 0.1159
vn -0.3014 0.9500 0.0814
vn -0.3042 0.9492 0.0806
vn -0.2996 0.9528 0.0498
vn -0.2969 0.9536 0.0506
vn -0.2985 0.9508 0.0825
vn -0.3024 0.9519 0.0490
vn -0.2980 0.9542 0.0245
vn -0.3008 0.9534 0.0238
vn -0.2967 0.9549 0.0061
vn -0.2938 0.9558 0.0065
vn -0.2952 0.9551 0.0248
vn 0.3713 0.8810 0.2933
vn 0.3544 0.8836 0.3059
vn 0.3555 0.8831 0.3063
vn 0.3517 0.8854 0.3040
vn 0.3488 0.8887 0.2974
vn 0.3455 0.8928 0.2890
vn -0.2994 0.9541 0.0059
vn -0.2959 0.9552 -0.0060
vn -0.2986 0.9544 -0.0060
vn -0.2931 0.9561 -0.0055
vn -0.3002 0.9228 0.2415
vn -0.3048 0.9210 0.2425
vn -0.3064 0.9205 0.2423
vn -0.3036 0.9213 0.2429
vn -0.2757 0.9489 0.1537
vn -0.2648 0.9517 0.1553
vn -0.2843 0.9468 0.1508
vn 0.4833 0.8550 0.1879
vn 0.4810 0.8557 0.1907
vn 0.4730 0.8595 0.1935
vn 0.4668 0.8620 0.1975
vn 0.4625 0.8643 0.1979
vn 0.4674 0.8589 0.2093
vn -0.1892 -0.0872 -0.9781
vn -0.1606 -0.0741 -0.9842
vn -0.1212 -0.0634 -0.9906
vn -0.0916 -0.0541 -0.9943
vn -0.0917 -0.0542 -0.9943
vn -0.0758 -0.0487 -0.9959
vn -0.0757 -0.0486 -0.9959
vn -0.0591 -0.0571 -0.9966
vn -0.0501 -0.0562 -0.9972
vn -0.0501 -0.0561 -0.9972
vn -0.0347 -0.0508 -0.9981
vn -0.0032 -0.0601 -0.9982
vn -0.0058 -0.0644 -0.9979
vn -0.0020 -0.0786 -0.9969
vn 0.2688 0.0839 0.9595
vn 0.2839 0.1119 0.9523
vn 0.2689 0.0841 0.9595
vn 0.2412 0.0726 0.9678
vn 0.2412 0.0727 0.9678
vn -0.0659 -0.0515 -0.9965
vn -0.0658 -0.0514 -0.9965
vn -0.0591 -0.0572 -0.9966
vn -0.0205 -0.0486 -0.9986
vn -0.0141 -0.0440 -0.9989
vn -0.0151 -0.0312 -0.9994
vn -0.0152 -0.0310 -0.9994
vn -0.0211 -0.0219 -0.9995
vn -0.0138 -0.0472 -0.9988
vn -0.0038 -0.0579 -0.9983
vn -0.0037 -0.0579 -0.9983
vn -0.0032 -0.0603 -0.9982
vn -0.0230 -0.0297 -0.9993
vn 0.0188 -0.1179 -0.9928
vn 0.0209 -0.1301 -0.9913
vn 0.0220 -0.1449 -0.9892
vn 0.0220 -0.1448 -0.9892
vn 0.0095 -0.0995 -0.9950
vn 0.0094 -0.0998 -0.9950
vn 0.0188 -0.1180 -0.9928
vn -0.8566 -0.3620 -0.3677
vn -0.7752 -0.3003 -0.5558
vn -0.8568 -0.3625 -0.3669
vn -0.7739 -0.2996 -0.5580
vn -0.4731 -0.1630 -0.8658
vn -0.0329 -0.0033 -0.9995
vn -0.1438 -0.0365 -0.9889
vn -0.1441 -0.0367 -0.9889
vn -0.4730 -0.1630 -0.8659
vn -0.0125 -0.0095 -0.9999
vn -0.0154 -0.0041 -0.9999
vn -0.0155 -0.0041 -0.9999
vn -0.0327 -0.0034 -0.9995
vn 0.0512 -0.2302 -0.9718
vn 0.0393 -0.2012 -0.9788
vn 0.0512 -0.2305 -0.9717
vn 0.0591 -0.2484 -0.9668
vn 0.0591 -0.2485 -0.9668
vn -0.3175 -0.1586 -0.9349
vn -0.3171 -0.1520 -0.9361
vn -0.3068 -0.1467 -0.9404
vn -0.3068 -0.1466 -0.9404
vn 0.9182 -0.3960 -0.0066
vn 0.9238 -0.3828 -0.0017
vn 0.9238 -0.3828 -0.0015
vn 0.9271 -0.3748 0.0031
vn 0.9226 -0.3847 -0.0278
vn 0.9260 -0.3774 -0.0053
vn 0.9226 -0.3848 -0.0280
vn 0.9173 -0.3946 -0.0536
vn 0.9173 -0.3947 -0.0537
vn 0.9013 -0.4024 -0.1604
vn 0.8995 -0.3897 -0.1977
vn 0.8994 -0.3898 -0.1977
vn 0.8946 -0.3881 -0.2213
vn 0.8946 -0.3882 -0.2213
vn -0.1838 -0.1070 -0.9771
vn -0.2197 -0.0599 -0.9737
vn -0.2199 -0.0597 -0.9737
vn -0.2559 -0.0381 -0.9660
vn 0.0555 0.1650 0.9847
vn -0.0354 0.2132 0.9764
vn -0.0353 0.2133 0.9764
vn -0.6667 0.3976 0.6305
vn -0.7669 0.3883 0.5109
vn -0.7661 0.3884 0.5122
vn 0.8959 -0.4391 -0.0676
vn 0.8988 -0.4234 -0.1139
vn 0.8988 -0.4232 -0.1140
vn 0.9013 -0.4025 -0.1602
vn 0.8979 -0.4387 -0.0373
vn 0.9045 -0.4248 -0.0375
vn 0.8978 -0.4387 -0.0373
vn 0.8959 -0.4391 -0.0675
vn 0.8972 -0.3906 -0.2060
vn 0.8973 -0.3905 -0.2060
vn 0.9020 -0.3911 -0.1826
vn 0.9020 -0.3912 -0.1826
vn -0.9630 -0.2649 -0.0496
vn -0.9648 -0.2601 -0.0404
vn -0.9648 -0.2598 -0.0402
vn -0.9660 -0.2569 -0.0302
vn -0.9467 -0.2802 -0.1588
vn -0.9535 -0.2685 -0.1371
vn -0.9535 -0.2686 -0.1371
vn -0.9573 -0.2632 -0.1196
vn -0.9021 -0.3608 -0.2368
vn -0.9148 -0.3388 -0.2198
vn -0.9149 -0.3387 -0.2197
vn -0.9257 -0.3184 -0.2043
vn -0.9258 -0.3182 -0.2043
vn -0.8711 -0.3970 -0.2892
vn -0.8861 -0.3836 -0.2600
vn -0.8863 -0.3835 -0.2598
vn -0.9020 -0.3610 -0.2369
vn 0.9114 -0.4079 -0.0547
vn 0.9114 -0.4079 -0.0546
vn 0.9045 -0.4247 -0.0375
vn 0.9276 -0.3735 0.0026
vn 0.9277 -0.3733 0.0027
vn 0.9261 -0.3773 -0.0053
vn -0.2101 -0.0990 -0.9727
vn -0.2432 -0.1089 -0.9638
vn -0.2101 -0.0989 -0.9727
vn -0.1892 -0.0872 -0.9780
vn 0.3186 0.1483 0.9362
vn 0.2934 0.1410 0.9455
vn 0.2934 0.1411 0.9455
vn -0.2770 -0.0557 -0.9593
vn -0.2951 -0.0916 -0.9511
vn -0.2812 -0.1253 -0.9514
vn -0.2810 -0.1252 -0.9515
vn -0.2431 -0.1089 -0.9639
vn -0.8631 -0.3900 -0.3210
vn -0.8631 -0.3898 -0.3211
vn -0.9367 -0.2981 -0.1836
vn -0.9368 -0.2979 -0.1834
vn -0.9467 -0.2801 -0.1588
vn -0.9597 -0.2621 -0.1012
vn -0.9597 -0.2620 -0.1012
vn -0.9613 -0.2639 -0.0798
vn -0.9612 -0.2640 -0.0797
vn 0.9099 -0.4139 0.0285
vn 0.9127 -0.4085 0.0015
vn 0.9127 -0.4086 0.0015
vn 0.9182 -0.3961 -0.0065
vn 0.7461 -0.4532 -0.4878
vn 0.8285 -0.4155 -0.3754
vn 0.7446 -0.4536 -0.4897
vn 0.6656 -0.4662 -0.5828
vn 0.8540 -0.3827 -0.3524
vn 0.8713 -0.3603 -0.3333
vn 0.8539 -0.3828 -0.3525
vn 0.8288 -0.4151 -0.3751
vn 0.1394 -0.3476 -0.9272
vn -0.0139 -0.2752 -0.9613
vn -0.0162 -0.2741 -0.9616
vn -0.1805 -0.1735 -0.9682
vn -0.1807 -0.1731 -0.9682
vn 0.8847 -0.3459 -0.3125
vn 0.8989 -0.3367 -0.2802
vn 0.8849 -0.3455 -0.3125
vn 0.8712 -0.3601 -0.3337
vn -0.9130 0.3308 0.2388
vn -0.8971 0.3395 0.2827
vn -0.9130 0.3307 0.2388
vn -0.9261 0.3260 0.1899
vn -0.9261 0.3259 0.1899
vn 0.9133 -0.3300 -0.2388
vn 0.9260 -0.3262 -0.1898
vn 0.9132 -0.3302 -0.2388
vn 0.8990 -0.3366 -0.2802
vn -0.8686 0.3578 0.3427
vn -0.8686 0.3579 0.3428
vn -0.8971 0.3396 0.2828
vn 0.9413 -0.3221 -0.1010
vn 0.9359 -0.3232 -0.1401
vn 0.9262 -0.3258 -0.1898
vn -0.9358 0.3235 0.1400
vn -0.9359 0.3232 0.1401
vn -0.9413 0.3222 0.1010
vn -0.9412 0.3223 0.1010
vn 0.9458 -0.3226 -0.0370
vn 0.9441 -0.3222 -0.0694
vn 0.9440 -0.3224 -0.0694
vn 0.9413 -0.3222 -0.1010
vn -0.9441 0.3222 0.0694
vn -0.9457 0.3228 0.0371
vn 0.9457 -0.3249 0.0048
vn 0.9461 -0.3237 -0.0091
vn 0.9462 -0.3236 -0.0092
vn 0.9458 -0.3227 -0.0369
vn -0.9457 0.3250 -0.0045
vn -0.9452 0.3263 -0.0133
vn -0.9451 0.3264 -0.0133
vn -0.9446 0.3269 -0.0296
vn -0.9447 0.3266 -0.0296
vn 0.9452 -0.3263 0.0136
vn 0.9447 -0.3266 0.0296
vn 0.9452 -0.3262 0.0137
vn -0.9461 0.3237 0.0093
vn -0.9461 0.3239 0.0093
vn -0.9619 -0.2664 -0.0613
vn -0.9620 -0.2661 -0.0614
vn -0.9630 -0.2648 -0.0496
vn 0.0583 -0.2402 -0.9690
vn 0.0529 -0.2215 -0.9737
vn 0.0525 -0.2212 -0.9738
vn 0.0455 -0.1974 -0.9793
vn 0.0363 -0.1680 -0.9851
vn 0.0263 -0.1352 -0.9905
vn 0.0262 -0.1350 -0.9905
vn 0.0162 -0.1020 -0.9946
vn 0.0161 -0.1017 -0.9947
vn 0.0071 -0.0716 -0.9974
vn 0.0069 -0.0717 -0.9974
vn -0.0003 -0.0471 -0.9989
vn -0.0005 -0.0474 -0.9989
vn -0.0057 -0.0295 -0.9995
vn -0.0058 -0.0295 -0.9995
vn -0.3088 -0.1278 -0.9425
vn -0.3089 -0.1278 -0.9425
vn 0.8895 -0.2472 0.3842
vn 0.8896 -0.2471 0.3841
vn 0.8897 -0.2470 0.3839
vn 0.3399 0.1423 0.9296
vn 0.3186 0.1484 0.9362
vn -0.0093 -0.0175 -0.9998
vn -0.0095 -0.0173 -0.9998
vn -0.0124 -0.0095 -0.9999
vn 0.0609 -0.2509 -0.9661
vn 0.0583 -0.2401 -0.9690
vn 0.0280 -0.1694 -0.9852
vn 0.0280 -0.1696 -0.9851
vn 0.0392 -0.2009 -0.9788
vn -0.1824 -0.1422 -0.9729
vn -0.1822 -0.1420 -0.9730
vn -0.1836 -0.1073 -0.9771
vn 0.1850 0.0936 0.9783
vn 0.0564 0.1643 0.9848
vn -0.2500 -0.0873 0.9643
vn -0.2218 -0.0742 0.9723
vn -0.2500 -0.0872 0.9643
vn -0.2218 -0.0741 0.9723
vn -0.1829 -0.0634 0.9811
vn -0.1537 -0.0542 0.9866
vn -0.1379 -0.0486 0.9893
vn -0.1213 -0.0571 0.9910
vn -0.1124 -0.0562 0.9921
vn -0.1124 -0.0561 0.9921
vn -0.0970 -0.0508 0.9940
vn -0.0656 -0.0601 0.9960
vn -0.0681 -0.0644 0.9956
vn -0.0681 -0.0645 0.9956
vn -0.0643 -0.0785 0.9948
vn 0.3283 0.0840 -0.9408
vn 0.3429 0.1120 -0.9327
vn 0.3012 0.0726 -0.9508
vn -0.1280 -0.0514 0.9904
vn -0.0828 -0.0485 0.9954
vn -0.0970 -0.0507 0.9940
vn -0.0765 -0.0440 0.9961
vn -0.0776 -0.0311 0.9965
vn -0.0776 -0.0310 0.9965
vn -0.0836 -0.0219 0.9963
vn -0.0762 -0.0471 0.9960
vn -0.0662 -0.0580 0.9961
vn -0.0854 -0.0298 0.9959
vn -0.0433 -0.1180 0.9921
vn -0.0410 -0.1303 0.9906
vn -0.0433 -0.1179 0.9921
vn -0.0398 -0.1449 0.9886
vn -0.0528 -0.0995 0.9936
vn -0.0643 -0.0786 0.9948
vn -0.0529 -0.0998 0.9936
vn -0.8779 -0.3619 0.3135
vn -0.8084 -0.3002 0.5063
vn -0.8073 -0.2996 0.5085
vn -0.5263 -0.1630 0.8345
vn -0.5262 -0.1630 0.8346
vn -0.0953 -0.0033 0.9954
vn -0.2052 -0.0366 0.9780
vn -0.0951 -0.0034 0.9955
vn -0.2057 -0.0367 0.9779
vn -0.0749 -0.0095 0.9971
vn -0.0780 -0.0040 0.9969
vn -0.0747 -0.0097 0.9972
vn -0.0779 -0.0040 0.9969
vn -0.0097 -0.2303 0.9731
vn -0.0220 -0.2013 0.9793
vn -0.0221 -0.2009 0.9794
vn -0.0015 -0.2484 0.9686
vn -0.0096 -0.2305 0.9730
vn -0.3753 -0.1586 0.9132
vn -0.3750 -0.1520 0.9145
vn -0.3750 -0.1521 0.9145
vn -0.3650 -0.1467 0.9194
vn 0.9161 -0.3958 0.0640
vn 0.9219 -0.3830 0.0590
vn 0.9160 -0.3960 0.0640
vn 0.9219 -0.3829 0.0592
vn 0.9254 -0.3749 0.0548
vn 0.9191 -0.3847 0.0854
vn 0.9239 -0.3774 0.0632
vn 0.9239 -0.3773 0.0632
vn 0.9122 -0.3945 0.1109
vn 0.9191 -0.3847 0.0856
vn 0.8895 -0.4025 0.2164
vn 0.8853 -0.3897 0.2535
vn 0.8895 -0.4024 0.2163
vn 0.8853 -0.3898 0.2535
vn 0.8790 -0.3882 0.2768
vn -0.2445 -0.1069 0.9637
vn -0.2802 -0.0599 0.9581
vn -0.2443 -0.1074 0.9637
vn -0.3157 -0.0381 0.9481
vn -0.2804 -0.0597 0.9580
vn 0.1170 0.1650 -0.9793
vn 0.0256 0.2132 -0.9767
vn 0.1178 0.1643 -0.9794
vn -0.6260 0.3976 -0.6709
vn -0.7335 0.3883 -0.5579
vn 0.8899 -0.4392 0.1235
vn 0.8899 -0.4234 0.1699
vn 0.8899 -0.4392 0.1234
vn 0.8900 -0.4232 0.1700
vn 0.8938 -0.4387 0.0934
vn 0.9004 -0.4248 0.0940
vn 0.9005 -0.4246 0.0940
vn 0.8937 -0.4388 0.0934
vn 0.8826 -0.3905 0.2617
vn 0.8889 -0.3911 0.2386
vn -0.9642 -0.2649 -0.0107
vn -0.9654 -0.2601 -0.0200
vn -0.9654 -0.2599 -0.0201
vn -0.9548 -0.2803 0.0993
vn -0.9602 -0.2683 0.0771
vn -0.9548 -0.2801 0.0994
vn -0.9602 -0.2686 0.0772
vn -0.9629 -0.2630 0.0595
vn -0.9151 -0.3608 0.1800
vn -0.9267 -0.3390 0.1622
vn -0.9151 -0.3609 0.1801
vn -0.9268 -0.3387 0.1621
vn -0.9367 -0.3184 0.1461
vn -0.8875 -0.3970 0.2341
vn -0.9007 -0.3836 0.2041
vn -0.8875 -0.3969 0.2342
vn -0.9008 -0.3834 0.2038
vn 0.9062 -0.4079 0.1116
vn 0.9121 -0.3946 0.1109
vn 0.9062 -0.4079 0.1115
vn 0.9260 -0.3735 0.0554
vn 0.9260 -0.3734 0.0554
vn -0.2705 -0.0990 0.9576
vn -0.3029 -0.1090 0.9468
vn -0.3028 -0.1089 0.9468
vn -0.2705 -0.0989 0.9576
vn 0.3765 0.1483 -0.9145
vn 0.3519 0.1410 -0.9253
vn 0.3520 0.1411 -0.9253
vn -0.3364 -0.0557 0.9401
vn -0.3540 -0.0916 0.9307
vn -0.3649 -0.1466 0.9194
vn -0.3402 -0.1254 0.9320
vn -0.3400 -0.1252 0.9321
vn -0.8814 -0.3900 0.2664
vn -0.8815 -0.3898 0.2665
vn -0.8780 -0.3625 0.3126
vn -0.9367 -0.3181 0.1460
vn -0.9464 -0.2980 0.1247
vn -0.9464 -0.2979 0.1246
vn -0.9643 -0.2617 0.0411
vn -0.9643 -0.2640 0.0195
vn -0.9642 -0.2619 0.0411
vn 0.9111 -0.4085 0.0555
vn 0.9110 -0.4086 0.0556
vn 0.7141 -0.4533 0.5335
vn 0.8034 -0.4155 0.4264
vn 0.8037 -0.4152 0.4262
vn 0.6278 -0.4662 0.6233
vn 0.7126 -0.4536 0.5353
vn 0.8303 -0.3827 0.4051
vn 0.8487 -0.3603 0.3871
vn 0.8487 -0.3600 0.3875
vn 0.8302 -0.3828 0.4052
vn 0.0813 -0.3477 0.9341
vn -0.0739 -0.2753 0.9585
vn 0.0812 -0.3477 0.9341
vn -0.0763 -0.2740 0.9587
vn -0.2407 -0.1734 0.9550
vn 0.8634 -0.3459 0.3672
vn 0.8797 -0.3366 0.3359
vn 0.8797 -0.3366 0.3358
vn 0.8635 -0.3458 0.3672
vn -0.8964 0.3304 -0.2955
vn -0.8776 0.3396 -0.3383
vn -0.9124 0.3260 -0.2474
vn -0.8963 0.3308 -0.2954
vn 0.8966 -0.3299 0.2954
vn 0.9125 -0.3259 0.2473
vn 0.9124 -0.3262 0.2473
vn 0.8965 -0.3301 0.2954
vn -0.7325 0.3884 -0.5591
vn -0.8455 0.3579 -0.3963
vn -0.8454 0.3579 -0.3964
vn 0.9331 -0.3222 0.1596
vn 0.9253 -0.3232 0.1983
vn -0.9253 0.3232 -0.1983
vn -0.9124 0.3262 -0.2473
vn -0.9331 0.3222 -0.1596
vn 0.9416 -0.3226 0.0960
vn 0.9379 -0.3222 0.1283
vn 0.9416 -0.3228 0.0960
vn 0.9380 -0.3221 0.1283
vn -0.9379 0.3222 -0.1282
vn -0.9331 0.3223 -0.1596
vn -0.9416 0.3228 -0.0961
vn -0.9380 0.3222 -0.1282
vn 0.9442 -0.3249 0.0543
vn 0.9437 -0.3237 0.0683
vn 0.9437 -0.3236 0.0683
vn -0.9441 0.3250 -0.0546
vn -0.9442 0.3263 -0.0458
vn -0.9442 0.3261 -0.0458
vn 0.9442 -0.3263 0.0455
vn 0.9447 -0.3267 0.0296
vn 0.9442 -0.3261 0.0455
vn -0.9437 0.3237 -0.0684
vn -0.9436 0.3239 -0.0683
vn -0.9639 -0.2663 0.0011
vn -0.9643 -0.2641 0.0195
vn -0.9639 -0.2662 0.0011
vn -0.0024 -0.2401 0.9707
vn -0.0081 -0.2214 0.9751
vn -0.0081 -0.2214 0.9752
vn -0.0159 -0.1974 0.9802
vn -0.0159 -0.1973 0.9802
vn -0.0253 -0.1681 0.9854
vn -0.0253 -0.1680 0.9855
vn -0.0357 -0.1352 0.9902
vn -0.0358 -0.1350 0.9902
vn -0.0458 -0.1023 0.9937
vn -0.0462 -0.1017 0.9937
vn -0.0552 -0.0716 0.9959
vn -0.0554 -0.0717 0.9959
vn -0.0627 -0.0470 0.9969
vn -0.0629 -0.0474 0.9969
vn -0.0682 -0.0295 0.9972
vn -0.3672 -0.1278 0.9213
vn -0.3540 -0.0917 0.9307
vn 0.9118 -0.2471 -0.3279
vn 0.9119 -0.2470 -0.3277
vn 0.9117 -0.2472 -0.3281
vn 0.3974 0.1424 -0.9066
vn 0.3973 0.1423 -0.9066
vn -0.0683 -0.0296 0.9972
vn -0.0719 -0.0174 0.9973
vn -0.0720 -0.0174 0.9973
vn 0.0004 -0.2509 0.9680
vn -0.0015 -0.2485 0.9686
vn 0.0004 -0.2508 0.9680
vn -0.0337 -0.1694 0.9850
vn -0.0399 -0.1448 0.9887
vn -0.0336 -0.1696 0.9849
vn -0.2409 -0.1729 0.9550
vn -0.2429 -0.1422 0.9596
vn -0.2427 -0.1420 0.9597
vn 0.2458 0.0936 -0.9648
vn 0.0690 0.9956 -0.0640
vn 0.8894 -0.2473 0.3844
vn 0.0258 0.2133 -0.9766
vn 0.9120 -0.2469 -0.3276
vt 0.102697 0.090809
vt 0.112843 0.125166
vt 0.094131 0.121630
vt 0.121700 0.094392
vt 0.137594 0.129078
vt 0.129058 0.162128
vt 0.104501 0.158363
vt 0.085822 0.155066
vt 0.078534 0.187497
vt 0.069584 0.152152
vt 0.072844 0.219276
vt 0.061889 0.185145
vt 0.055882 0.217314
vt 0.046975 0.182976
vt 0.054879 0.149536
vt 0.067014 0.276033
vt 0.048872 0.289630
vt 0.050053 0.273908
vt 0.065244 0.299335
vt 0.065865 0.291242
vt 0.033112 0.297343
vt 0.033878 0.287992
vt 0.035121 0.271914
vt 0.124315 0.027892
vt 0.141486 0.040155
vt 0.121637 0.036119
vt 0.144119 0.032010
vt 0.166718 0.043937
vt 0.162106 0.055895
vt 0.136848 0.052331
vt 0.117168 0.048423
vt 0.064559 0.310871
vt 0.047740 0.304567
vt 0.064846 0.305019
vt 0.047413 0.310867
vt 0.032651 0.303944
vt 0.048181 0.298429
vt 0.170532 0.030729
vt 0.200709 0.039842
vt 0.169350 0.036139
vt 0.170970 0.026447
vt 0.202561 0.035045
vt 0.204037 0.031249
vt 0.235128 0.038840
vt 0.232916 0.043092
vt 0.130020 0.070074
vt 0.110654 0.066352
vt 0.155252 0.073691
vt 0.146770 0.098194
vt 0.161343 0.166335
vt 0.170055 0.133339
vt 0.179292 0.102138
vt 0.202847 0.137248
vt 0.194000 0.170240
vt 0.122246 0.193514
vt 0.149139 0.227980
vt 0.117011 0.224527
vt 0.154502 0.197473
vt 0.187069 0.201272
vt 0.181560 0.231285
vt 0.113039 0.255910
vt 0.141536 0.282779
vt 0.110457 0.281153
vt 0.144688 0.258527
vt 0.176808 0.260734
vt 0.173334 0.283821
vt 0.108865 0.310871
vt 0.139344 0.305796
vt 0.139353 0.311349
vt 0.108793 0.300505
vt 0.108720 0.305532
vt 0.139495 0.300741
vt 0.170666 0.306080
vt 0.170425 0.311888
vt 0.223682 0.319205
vt 0.197303 0.312300
vt 0.224116 0.312779
vt 0.223124 0.327142
vt 0.196899 0.318619
vt 0.196372 0.326463
vt 0.170185 0.317985
vt 0.297185 0.320882
vt 0.256581 0.313489
vt 0.297528 0.314359
vt 0.296693 0.328976
vt 0.256188 0.319967
vt 0.255656 0.327973
vt 0.461425 0.318716
vt 0.519407 0.315253
vt 0.519292 0.320713
vt 0.403908 0.316820
vt 0.461579 0.312907
vt 0.404115 0.310709
vt 0.461668 0.307892
vt 0.519422 0.310504
vt 0.577203 0.322493
vt 0.635142 0.319294
vt 0.635102 0.324329
vt 0.577284 0.317244
vt 0.577251 0.312676
vt 0.635067 0.314910
vt 0.693032 0.326539
vt 0.751003 0.324875
vt 0.751046 0.329020
vt 0.693026 0.321887
vt 0.692911 0.317802
vt 0.750884 0.321174
vt 0.807481 0.331556
vt 0.853901 0.330694
vt 0.853952 0.333853
vt 0.807424 0.327942
vt 0.807364 0.324648
vt 0.853913 0.327743
vt 0.290846 0.044794
vt 0.324327 0.052367
vt 0.290200 0.048978
vt 0.324949 0.044799
vt 0.324937 0.048224
vt 0.364539 0.048427
vt 0.364133 0.051759
vt 0.363228 0.055832
vt 0.187458 0.076880
vt 0.193809 0.058558
vt 0.220276 0.079706
vt 0.212173 0.105738
vt 0.256118 0.142901
vt 0.280893 0.179319
vt 0.247018 0.175904
vt 0.266293 0.111325
vt 0.290002 0.146303
vt 0.300214 0.114720
vt 0.329989 0.149880
vt 0.321381 0.182926
vt 0.240004 0.206873
vt 0.268261 0.239235
vt 0.234616 0.236223
vt 0.273845 0.210258
vt 0.314765 0.213851
vt 0.309414 0.242469
vt 0.208104 0.233820
vt 0.213529 0.204161
vt 0.220497 0.173170
vt 0.229475 0.140172
vt 0.239218 0.108570
vt 0.276093 0.085122
vt 0.283833 0.066186
vt 0.310098 0.088503
vt 0.317922 0.069554
vt 0.349211 0.091998
vt 0.339717 0.118266
vt 0.261369 0.046000
vt 0.237241 0.035444
vt 0.262871 0.041876
vt 0.264089 0.038503
vt 0.200345 0.284600
vt 0.203586 0.262420
vt 0.230236 0.264067
vt 0.227128 0.285452
vt 0.403667 0.323341
vt 0.347881 0.315397
vt 0.403242 0.331523
vt 0.347588 0.321977
vt 0.347131 0.330168
vt 0.298947 0.298024
vt 0.259868 0.286657
vt 0.300832 0.288069
vt 0.298244 0.302923
vt 0.258064 0.297093
vt 0.257373 0.302095
vt 0.225575 0.296353
vt 0.405463 0.059010
vt 0.406378 0.054918
vt 0.406792 0.051559
vt 0.452237 0.057969
vt 0.451289 0.062134
vt 0.226408 0.060824
vt 0.248136 0.082308
vt 0.255014 0.063293
vt 0.366178 0.186089
vt 0.373540 0.152997
vt 0.382312 0.121370
vt 0.420772 0.155966
vt 0.414676 0.189102
vt 0.356619 0.245399
vt 0.360766 0.217035
vt 0.410527 0.220078
vt 0.407853 0.248285
vt 0.304555 0.268532
vt 0.350327 0.289535
vt 0.353018 0.270760
vt 0.406095 0.273183
vt 0.405035 0.291450
vt 0.500765 0.065528
vt 0.452691 0.054522
vt 0.502130 0.061296
vt 0.503133 0.057783
vt 0.553310 0.064965
vt 0.551491 0.069303
vt 0.356785 0.073002
vt 0.391433 0.095128
vt 0.398984 0.076168
vt 0.437275 0.098183
vt 0.428562 0.124348
vt 0.466434 0.192362
vt 0.471860 0.159202
vt 0.478971 0.127615
vt 0.524715 0.162577
vt 0.520146 0.195746
vt 0.461235 0.251483
vt 0.462936 0.223358
vt 0.517229 0.226750
vt 0.516189 0.254799
vt 0.460988 0.276142
vt 0.461374 0.294148
vt 0.516993 0.279253
vt 0.518402 0.297036
vt 0.601105 0.073437
vt 0.554904 0.061359
vt 0.603034 0.068907
vt 0.604756 0.065113
vt 0.651708 0.072758
vt 0.649863 0.077552
vt 0.444772 0.079306
vt 0.487095 0.101552
vt 0.494197 0.082763
vt 0.538231 0.105241
vt 0.530876 0.131076
vt 0.574532 0.199065
vt 0.577292 0.165886
vt 0.581706 0.134537
vt 0.629850 0.169156
vt 0.629166 0.202359
vt 0.572749 0.230068
vt 0.572419 0.257982
vt 0.628776 0.233368
vt 0.629258 0.261156
vt 0.573894 0.282108
vt 0.575851 0.299544
vt 0.631235 0.284979
vt 0.633478 0.302099
vt 0.698852 0.081322
vt 0.653334 0.068606
vt 0.700595 0.076227
vt 0.702194 0.071539
vt 0.751358 0.079527
vt 0.749920 0.084948
vt 0.544857 0.086649
vt 0.588129 0.109114
vt 0.594450 0.090898
vt 0.637602 0.112819
vt 0.632289 0.137919
vt 0.683517 0.172505
vt 0.684328 0.205742
vt 0.684411 0.141243
vt 0.740443 0.144832
vt 0.740741 0.176085
vt 0.742402 0.209347
vt 0.685128 0.236770
vt 0.686415 0.264521
vt 0.743927 0.240397
vt 0.745547 0.268151
vt 0.688810 0.288231
vt 0.691220 0.305225
vt 0.747654 0.291839
vt 0.749558 0.308805
vt 0.062126 0.357120
vt 0.080498 0.379279
vt 0.060815 0.380100
vt 0.082040 0.355290
vt 0.105166 0.378741
vt 0.103999 0.407562
vt 0.079419 0.407087
vt 0.059857 0.406709
vt 0.106860 0.353931
vt 0.135430 0.379119
vt 0.137132 0.354156
vt 0.166110 0.379913
vt 0.164944 0.408740
vt 0.134244 0.408147
vt 0.167757 0.355107
vt 0.192724 0.380579
vt 0.194338 0.355883
vt 0.219482 0.381184
vt 0.218339 0.409772
vt 0.191573 0.409255
vt 0.221083 0.356554
vt 0.252040 0.381904
vt 0.253634 0.357351
vt 0.293112 0.382802
vt 0.291977 0.411195
vt 0.250902 0.410401
vt 0.294700 0.358338
vt 0.343544 0.383892
vt 0.345140 0.359521
vt 0.399604 0.385081
vt 0.398460 0.413253
vt 0.342407 0.412169
vt 0.401225 0.360800
vt 0.457134 0.386264
vt 0.458782 0.362048
vt 0.515007 0.387437
vt 0.513842 0.415482
vt 0.455978 0.414364
vt 0.516678 0.363272
vt 0.572942 0.388624
vt 0.574627 0.364520
vt 0.630906 0.389821
vt 0.629730 0.417722
vt 0.571770 0.416602
vt 0.632598 0.365786
vt 0.688926 0.391021
vt 0.690621 0.367054
vt 0.747029 0.392223
vt 0.745854 0.419966
vt 0.687750 0.418843
vt 0.748723 0.368325
vt 0.803611 0.393404
vt 0.805269 0.369586
vt 0.850569 0.394457
vt 0.849506 0.421969
vt 0.802453 0.421060
vt 0.902010 0.372896
vt 0.918778 0.357524
vt 0.918760 0.373892
vt 0.902410 0.356316
vt 0.918812 0.347290
vt 0.934219 0.348619
vt 0.934379 0.358713
vt 0.934735 0.374861
vt 0.848000 0.091752
vt 0.802103 0.095744
vt 0.802822 0.088603
vt 0.848106 0.099514
vt 0.801242 0.106796
vt 0.748315 0.091491
vt 0.895321 0.095404
vt 0.909939 0.090103
vt 0.910694 0.097100
vt 0.894917 0.088859
vt 0.909454 0.083485
vt 0.921909 0.084084
vt 0.922699 0.091251
vt 0.927527 0.100904
vt 0.643474 0.094949
vt 0.688397 0.116167
vt 0.693293 0.098420
vt 0.742733 0.119823
vt 0.745975 0.102152
vt 0.800231 0.124248
vt 0.848529 0.110973
vt 0.849410 0.128167
vt 0.800004 0.148825
vt 0.850872 0.152254
vt 0.801325 0.179893
vt 0.852901 0.183121
vt 0.803335 0.213161
vt 0.916038 0.155889
vt 0.903038 0.185936
vt 0.900756 0.155120
vt 0.930553 0.156650
vt 0.918339 0.186694
vt 0.932911 0.187420
vt 0.920079 0.220482
vt 0.904891 0.219562
vt 0.854957 0.216444
vt 0.804999 0.244248
vt 0.856415 0.247673
vt 0.806135 0.272003
vt 0.807137 0.312526
vt 0.750545 0.317309
vt 0.854761 0.315861
vt 0.807291 0.320965
vt 0.854103 0.324214
vt 0.902757 0.337285
vt 0.919039 0.336137
vt 0.918957 0.338760
vt 0.902772 0.334579
vt 0.919124 0.333517
vt 0.934680 0.335015
vt 0.934558 0.337611
vt 0.934399 0.340198
vt 0.887659 0.278063
vt 0.905844 0.251454
vt 0.905781 0.279890
vt 0.856803 0.275518
vt 0.887646 0.249961
vt 0.886448 0.218437
vt 0.903671 0.320226
vt 0.920191 0.305288
vt 0.919588 0.321875
vt 0.904817 0.303586
vt 0.920731 0.281510
vt 0.934989 0.283079
vt 0.934865 0.306936
vt 0.934785 0.323451
vt 0.886383 0.301677
vt 0.884816 0.318362
vt 0.855958 0.299092
vt 0.935073 0.253977
vt 0.920809 0.252739
vt 0.934552 0.221362
vt 0.883657 0.332841
vt 0.883687 0.335703
vt 0.883700 0.330092
vt 0.902831 0.331916
vt 0.882194 0.154172
vt 0.884471 0.184978
vt 0.913781 0.132193
vt 0.898581 0.131311
vt 0.912025 0.115557
vt 0.926248 0.116730
vt 0.928134 0.133113
vt 0.876714 0.087573
vt 0.877009 0.093880
vt 0.848078 0.085691
vt 0.876500 0.081956
vt 0.894564 0.082792
vt 0.853155 0.353837
vt 0.882330 0.371851
vt 0.852042 0.370764
vt 0.853778 0.343236
vt 0.883121 0.355074
vt 0.902638 0.345960
vt 0.632754 0.827508
vt 0.625295 0.839915
vt 0.623469 0.824323
vt 0.639485 0.837040
vt 0.632547 0.838665
vt 0.637181 0.845315
vt 0.632085 0.850173
vt 0.625217 0.853097
vt 0.981558 0.459806
vt 0.988739 0.468135
vt 0.981215 0.468267
vt 0.988831 0.459293
vt 0.996067 0.467666
vt 0.633230 0.818087
vt 0.640187 0.827231
vt 0.625707 0.817938
vt 0.983721 0.102127
vt 0.990740 0.110075
vt 0.983797 0.110813
vt 0.990687 0.101413
vt 0.997683 0.109339
vt 0.997680 0.121669
vt 0.990746 0.122418
vt 0.983813 0.123168
vt 0.781765 0.866235
vt 0.852823 0.870792
vt 0.781086 0.871608
vt 0.782461 0.860932
vt 0.854049 0.865190
vt 0.855326 0.859790
vt 0.910404 0.864136
vt 0.908823 0.869990
vt 0.108942 0.324379
vt 0.084265 0.317277
vt 0.109064 0.316651
vt 0.084002 0.325957
vt 0.064269 0.318545
vt 0.084281 0.310705
vt 0.880082 0.130297
vt 0.878457 0.113286
vt 0.896886 0.114460
vt 0.093846 0.020355
vt 0.079076 0.022990
vt 0.081291 0.016124
vt 0.091290 0.028166
vt 0.074888 0.034544
vt 0.069253 0.018088
vt 0.071232 0.012355
vt 0.022454 0.269525
vt 0.009480 0.283798
vt 0.011059 0.266853
vt 0.021067 0.286010
vt 0.020127 0.296022
vt 0.008302 0.294564
vt 0.007127 0.310530
vt 0.018827 0.320268
vt 0.006628 0.321071
vt 0.019202 0.310592
vt 0.032028 0.319655
vt 0.031645 0.330383
vt 0.018389 0.331530
vt 0.006072 0.332971
vt 0.097215 0.888564
vt 0.091033 0.893129
vt 0.090869 0.886901
vt 0.103487 0.890239
vt 0.097650 0.894598
vt 0.105250 0.896074
vt 0.098666 0.900390
vt 0.091177 0.899034
vt 0.004529 0.360563
vt 0.015959 0.380950
vt 0.003253 0.381409
vt 0.017045 0.359481
vt 0.029357 0.380630
vt 0.028563 0.406105
vt 0.015123 0.405845
vt 0.002318 0.405597
vt 0.047612 0.076189
vt 0.050472 0.112491
vt 0.037668 0.109648
vt 0.059898 0.080179
vt 0.063789 0.115387
vt 0.041385 0.147124
vt 0.028522 0.144813
vt 0.033709 0.180854
vt 0.021348 0.178745
vt 0.040911 0.215423
vt 0.028018 0.213352
vt 0.016272 0.211150
vt 0.355546 0.878614
vt 0.338138 0.863365
vt 0.355586 0.863086
vt 0.355507 0.894143
vt 0.338089 0.878875
vt 0.338040 0.894385
vt 0.321494 0.878950
vt 0.321494 0.863441
vt 0.471917 0.869524
vt 0.450641 0.855961
vt 0.471804 0.853186
vt 0.472028 0.885862
vt 0.451113 0.872104
vt 0.451585 0.888247
vt 0.430866 0.874293
vt 0.430209 0.858375
vt 0.569504 0.852511
vt 0.543420 0.841614
vt 0.570173 0.836608
vt 0.568832 0.868415
vt 0.542818 0.857781
vt 0.542215 0.873948
vt 0.515841 0.862722
vt 0.516330 0.846378
vt 0.607168 0.844211
vt 0.592011 0.832276
vt 0.607908 0.829207
vt 0.606425 0.859213
vt 0.591247 0.847839
vt 0.590483 0.863402
vt 0.056610 0.048015
vt 0.061820 0.028654
vt 0.087116 0.040314
vt 0.068407 0.053668
vt 0.080780 0.058747
vt 0.883962 0.326639
vt 0.903039 0.328480
vt 0.919255 0.330093
vt 0.934741 0.331610
vt 0.806801 0.295633
vt 0.692491 0.313768
vt 0.634683 0.310727
vt 0.576923 0.308354
vt 0.519194 0.306044
vt 0.404308 0.305466
vt 0.461627 0.303289
vt 0.404529 0.300740
vt 0.348458 0.303908
vt 0.348972 0.299094
vt 0.263442 0.266187
vt 0.171621 0.295625
vt 0.198110 0.301113
vt 0.170994 0.300936
vt 0.198740 0.295917
vt 0.224956 0.301455
vt 0.109213 0.294487
vt 0.140004 0.295237
vt 0.069132 0.250503
vt 0.052126 0.248434
vt 0.037178 0.246482
vt 0.013080 0.241657
vt 0.024495 0.244192
vt 0.883700 0.338958
vt 0.883558 0.344607
vt 0.853977 0.337395
vt 0.902733 0.340396
vt 0.918877 0.341792
vt 0.934255 0.343190
vt 0.348150 0.309213
vt 0.297851 0.308213
vt 0.807498 0.335557
vt 0.807260 0.341754
vt 0.751036 0.333563
vt 0.750772 0.340196
vt 0.692981 0.331600
vt 0.692686 0.338650
vt 0.635006 0.329782
vt 0.634676 0.337151
vt 0.577067 0.328161
vt 0.576709 0.335717
vt 0.519126 0.326592
vt 0.518748 0.334319
vt 0.461227 0.324944
vt 0.460829 0.332925
vt 0.256953 0.307374
vt 0.224527 0.306709
vt 0.197691 0.306323
vt 0.139188 0.324641
vt 0.139394 0.317131
vt 0.169785 0.325670
vt 0.063844 0.328270
vt 0.047082 0.319265
vt 0.046662 0.329590
vt 0.032338 0.310705
vt 0.661346 0.868324
vt 0.712288 0.872452
vt 0.661518 0.873160
vt 0.661175 0.863488
vt 0.712467 0.867364
vt 0.712648 0.862285
vt 0.072748 0.083963
vt 0.078154 0.118402
vt 0.086775 0.087423
vt 0.097536 0.190211
vt 0.092157 0.221625
vt 0.086165 0.278687
vt 0.085041 0.293036
vt 0.084547 0.300055
vt 0.105260 0.032358
vt 0.107966 0.024158
vt 0.100923 0.044700
vt 0.084324 0.305279
vt 0.094604 0.062783
vt 0.030363 0.358642
vt 0.044124 0.380474
vt 0.045224 0.358094
vt 0.043279 0.406389
vt 0.088427 0.253099
vt 0.007597 0.302438
vt 0.019570 0.303216
vt 0.110688 0.013812
vt 0.095519 0.014783
vt 0.096785 0.010221
vt 0.126441 0.017517
vt 0.109595 0.018401
vt 0.661690 0.877997
vt 0.711939 0.882666
vt 0.661862 0.882833
vt 0.712112 0.877555
vt 0.780437 0.877098
vt 0.779806 0.882658
vt 0.084403 0.885261
vt 0.078261 0.890223
vt 0.077869 0.883636
vt 0.084650 0.891672
vt 0.084886 0.897732
vt 0.078598 0.896448
vt 0.082780 0.010950
vt 0.084037 0.006388
vt 0.072494 0.007562
vt 0.073676 0.002972
vt 0.850591 0.882880
vt 0.851681 0.876734
vt 0.907359 0.876320
vt 0.905966 0.882935
vt 0.617744 0.841742
vt 0.617995 0.827363
vt 0.617288 0.855884
vt 0.877501 0.101812
vt 0.895878 0.103232
vt 0.911089 0.104668
vt 0.925600 0.106387
vt 0.804421 0.077577
vt 0.848243 0.080352
vt 0.803595 0.082846
vt 0.752766 0.074395
vt 0.647434 0.084044
vt 0.696687 0.087740
vt 0.549046 0.075552
vt 0.598591 0.079850
vt 0.449205 0.068210
vt 0.498514 0.071665
vt 0.361183 0.061868
vt 0.403404 0.065051
vt 0.230334 0.049463
vt 0.259129 0.052102
vt 0.288265 0.055064
vt 0.322395 0.058433
vt 0.198035 0.046911
vt 0.145533 0.021770
vt 0.125707 0.022115
vt 0.145223 0.026303
vt 0.393733 0.892922
vt 0.374343 0.878106
vt 0.393460 0.877265
vt 0.374409 0.893685
vt 0.374277 0.862527
vt 0.393187 0.861608
vt 0.492970 0.850138
vt 0.515352 0.879066
vt 0.492730 0.866544
vt 0.492490 0.882950
vt 0.411442 0.860249
vt 0.431523 0.890211
vt 0.411978 0.876009
vt 0.412514 0.891769
vt 0.046077 0.341749
vt 0.031126 0.342564
vt 0.063160 0.340383
vt 0.017846 0.343746
vt 0.005445 0.345236
vt 0.880404 0.422566
vt 0.881256 0.395324
vt 0.901444 0.396075
vt 0.900859 0.422961
vt 0.918694 0.396770
vt 0.918373 0.423300
vt 0.935153 0.397441
vt 0.935088 0.423623
vt 0.806539 0.352545
vt 0.750024 0.351198
vt 0.691925 0.349852
vt 0.633902 0.348515
vt 0.575926 0.347188
vt 0.517964 0.345885
vt 0.460049 0.344610
vt 0.402466 0.343305
vt 0.346357 0.341965
vt 0.295911 0.340733
vt 0.254854 0.339697
vt 0.222309 0.338850
vt 0.195571 0.338147
vt 0.169017 0.337321
vt 0.138452 0.336286
vt 0.108206 0.336127
vt 0.083269 0.337932
vt 0.091398 0.904383
vt 0.115698 0.901760
vt 0.098938 0.905743
vt 0.114036 0.908040
vt 0.099185 0.910719
vt 0.091676 0.909404
vt 0.079111 0.901896
vt 0.085173 0.903179
vt 0.085638 0.908163
vt 0.081075 0.905955
vt 0.180446 0.920978
vt 0.224382 0.919027
vt 0.224697 0.923881
vt 0.180131 0.916124
vt 0.224066 0.914173
vt 0.269998 0.915046
vt 0.270314 0.919900
vt 0.270630 0.924754
vt 0.114166 0.913045
vt 0.141837 0.911983
vt 0.142107 0.916871
vt 0.141746 0.906967
vt 0.179815 0.911271
vt 0.314683 0.918311
vt 0.314999 0.923165
vt 0.314367 0.913457
vt 0.357963 0.914731
vt 0.358279 0.919585
vt 0.401281 0.914633
vt 0.357647 0.909877
vt 0.400965 0.909779
vt 0.400650 0.904925
vt 0.442163 0.903733
vt 0.442479 0.908586
vt 0.512692 0.890190
vt 0.541770 0.888993
vt 0.513137 0.895014
vt 0.512247 0.885366
vt 0.541051 0.884233
vt 0.540332 0.879473
vt 0.566755 0.878512
vt 0.567845 0.883185
vt 0.480026 0.901768
vt 0.441847 0.898879
vt 0.479694 0.896918
vt 0.479362 0.892067
vt 0.983611 0.163303
vt 0.990416 0.185960
vt 0.983465 0.186673
vt 0.990552 0.162573
vt 0.997367 0.185247
vt 0.997216 0.214268
vt 0.990248 0.214960
vt 0.983281 0.215652
vt 0.990026 0.253315
vt 0.983029 0.253979
vt 0.997022 0.252651
vt 0.996808 0.296652
vt 0.989770 0.297284
vt 0.982732 0.297915
vt 0.989513 0.341454
vt 0.982423 0.342054
vt 0.996603 0.340854
vt 0.996427 0.380652
vt 0.989282 0.381223
vt 0.982138 0.381794
vt 0.989099 0.412886
vt 0.981906 0.413433
vt 0.996292 0.412338
vt 0.996199 0.434992
vt 0.988968 0.435523
vt 0.981737 0.436055
vt 0.628465 0.882935
vt 0.637955 0.878212
vt 0.638281 0.882928
vt 0.628141 0.878250
vt 0.637631 0.873469
vt 0.627825 0.873350
vt 0.637399 0.868523
vt 0.627885 0.867340
vt 0.637529 0.862924
vt 0.988886 0.449720
vt 0.981630 0.450241
vt 0.996142 0.449199
vt 0.996104 0.458779
vt 0.990673 0.140715
vt 0.983739 0.141459
vt 0.997608 0.139971
vt 0.997492 0.161843
vt 0.981215 0.089269
vt 0.990604 0.093387
vt 0.983338 0.094587
vt 0.990597 0.084093
vt 0.997639 0.092594
vt 0.997654 0.100699
vt 0.932783 0.882515
vt 0.934201 0.875788
vt 0.090739 0.877697
vt 0.084303 0.875886
vt 0.077660 0.874113
vt 0.935672 0.869266
vt 0.912056 0.858566
vt 0.937229 0.863086
vt 0.102715 0.881483
vt 0.096830 0.879571
vt 0.090460 0.724028
vt 0.101926 0.690089
vt 0.109588 0.721182
vt 0.083092 0.692899
vt 0.094874 0.656595
vt 0.119557 0.653781
vt 0.126810 0.687136
vt 0.134786 0.718351
vt 0.059742 0.661452
vt 0.070051 0.626479
vt 0.076081 0.659168
vt 0.044947 0.663498
vt 0.053328 0.628186
vt 0.038341 0.629778
vt 0.048568 0.595810
vt 0.065593 0.594504
vt 0.061960 0.537565
vt 0.044357 0.523277
vt 0.061400 0.522322
vt 0.044929 0.539033
vt 0.029311 0.524334
vt 0.028907 0.514961
vt 0.044006 0.514457
vt 0.061091 0.514212
vt 0.109632 0.787733
vt 0.127264 0.776143
vt 0.129580 0.784383
vt 0.107273 0.779409
vt 0.123100 0.763797
vt 0.148476 0.761212
vt 0.152622 0.773338
vt 0.154951 0.781232
vt 0.060853 0.502658
vt 0.043803 0.508307
vt 0.043719 0.502000
vt 0.060914 0.508516
vt 0.028702 0.508347
vt 0.028650 0.501578
vt 0.186430 0.778744
vt 0.155924 0.786683
vt 0.218738 0.776740
vt 0.188095 0.783609
vt 0.220784 0.781074
vt 0.189423 0.787459
vt 0.156196 0.790979
vt 0.103283 0.766941
vt 0.116962 0.745803
vt 0.097467 0.748774
vt 0.142315 0.743164
vt 0.151980 0.650825
vt 0.184764 0.648184
vt 0.159411 0.684132
vt 0.192329 0.681493
vt 0.167435 0.715666
vt 0.142167 0.588754
vt 0.113963 0.622155
vt 0.109930 0.590963
vt 0.174692 0.586704
vt 0.146348 0.619445
vt 0.179037 0.616908
vt 0.136687 0.533703
vt 0.107174 0.559450
vt 0.105568 0.534126
vt 0.168502 0.533890
vt 0.138899 0.558058
vt 0.171081 0.557094
vt 0.105125 0.504369
vt 0.135386 0.510618
vt 0.104775 0.509699
vt 0.166679 0.505731
vt 0.135609 0.505070
vt 0.166696 0.511544
vt 0.135341 0.515675
vt 0.104654 0.514724
vt 0.193553 0.506358
vt 0.220179 0.500477
vt 0.220364 0.506916
vt 0.193394 0.500028
vt 0.166675 0.499630
vt 0.193170 0.492169
vt 0.219928 0.492525
vt 0.252833 0.507460
vt 0.293692 0.501641
vt 0.293782 0.508173
vt 0.252690 0.500972
vt 0.252468 0.492951
vt 0.293513 0.493535
vt 0.515530 0.515852
vt 0.457726 0.510151
vt 0.515626 0.510392
vt 0.515361 0.520598
vt 0.457655 0.515962
vt 0.457550 0.520977
vt 0.400149 0.515938
vt 0.400179 0.509824
vt 0.631335 0.516286
vt 0.573563 0.510851
vt 0.631490 0.511253
vt 0.631091 0.520663
vt 0.573441 0.516099
vt 0.573232 0.520662
vt 0.747325 0.515186
vt 0.689462 0.511283
vt 0.747528 0.511045
vt 0.747063 0.518878
vt 0.689276 0.515931
vt 0.689003 0.520009
vt 0.850372 0.513346
vt 0.804019 0.510692
vt 0.850544 0.510191
vt 0.850269 0.516295
vt 0.803823 0.514300
vt 0.803636 0.517589
vt 0.310439 0.771004
vt 0.276690 0.777278
vt 0.276207 0.773072
vt 0.349445 0.769045
vt 0.310889 0.775168
vt 0.350469 0.776494
vt 0.310768 0.778591
vt 0.276621 0.780754
vt 0.200431 0.713340
vt 0.174620 0.741221
vt 0.207523 0.739666
vt 0.180258 0.759774
vt 0.271942 0.642469
vt 0.245779 0.677903
vt 0.237961 0.644573
vt 0.312540 0.640429
vt 0.279770 0.675812
vt 0.319864 0.673783
vt 0.288754 0.707766
vt 0.254726 0.709848
vt 0.261635 0.582110
vt 0.232149 0.613356
vt 0.227898 0.583820
vt 0.302882 0.580468
vt 0.266095 0.611281
vt 0.307123 0.609272
vt 0.201314 0.585197
vt 0.205589 0.615043
vt 0.211355 0.646281
vt 0.219051 0.679600
vt 0.227565 0.711555
vt 0.263507 0.736410
vt 0.328364 0.705749
vt 0.297617 0.734345
vt 0.336836 0.732364
vt 0.304703 0.753583
vt 0.270509 0.755631
vt 0.247283 0.774934
vt 0.248624 0.779113
vt 0.249711 0.782530
vt 0.222765 0.784550
vt 0.195522 0.534155
vt 0.222318 0.534338
vt 0.197904 0.556443
vt 0.224598 0.555827
vt 0.344138 0.509081
vt 0.400189 0.503299
vt 0.344099 0.502494
vt 0.343959 0.494292
vt 0.400081 0.495106
vt 0.255080 0.534399
vt 0.294570 0.524550
vt 0.296069 0.534571
vt 0.253681 0.523901
vt 0.221188 0.523385
vt 0.253184 0.518876
vt 0.294056 0.519628
vt 0.391771 0.767501
vt 0.350192 0.773149
vt 0.437683 0.766150
vt 0.392527 0.771626
vt 0.438470 0.770348
vt 0.392811 0.774998
vt 0.235462 0.738142
vt 0.241600 0.757408
vt 0.212920 0.758770
vt 0.357426 0.638999
vt 0.406003 0.637862
vt 0.363504 0.672351
vt 0.410814 0.671209
vt 0.371047 0.704293
vt 0.350165 0.579365
vt 0.401473 0.578460
vt 0.353213 0.607867
vt 0.403054 0.606749
vt 0.345583 0.535019
vt 0.299033 0.554237
vt 0.400324 0.535218
vt 0.347547 0.553884
vt 0.400677 0.553513
vt 0.487254 0.764670
vt 0.538088 0.762858
vt 0.488454 0.768951
vt 0.539737 0.767263
vt 0.489320 0.772501
vt 0.438790 0.773811
vt 0.417377 0.703104
vt 0.379147 0.730868
vt 0.425072 0.729586
vt 0.385960 0.750106
vt 0.343670 0.751639
vt 0.457849 0.636604
vt 0.511651 0.635298
vt 0.461989 0.669949
vt 0.514935 0.668619
vt 0.467875 0.701787
vt 0.454938 0.577327
vt 0.509934 0.604205
vt 0.455551 0.605497
vt 0.455644 0.552676
vt 0.456725 0.534699
vt 0.511727 0.551732
vt 0.509979 0.576137
vt 0.587824 0.760644
vt 0.636704 0.758416
vt 0.589577 0.765246
vt 0.638363 0.763277
vt 0.591151 0.769103
vt 0.541191 0.770928
vt 0.519875 0.700334
vt 0.474986 0.728145
vt 0.526226 0.726434
vt 0.481356 0.747195
vt 0.431834 0.748739
vt 0.566125 0.634083
vt 0.620246 0.666107
vt 0.567601 0.667344
vt 0.570801 0.698840
vt 0.565541 0.603034
vt 0.566290 0.575128
vt 0.621654 0.601901
vt 0.620845 0.632903
vt 0.513823 0.534016
vt 0.568696 0.551077
vt 0.571326 0.533730
vt 0.626105 0.550424
vt 0.623209 0.574153
vt 0.685803 0.756542
vt 0.736973 0.754892
vt 0.687348 0.761701
vt 0.738201 0.760365
vt 0.688764 0.766446
vt 0.639828 0.767489
vt 0.621476 0.697415
vt 0.576236 0.724492
vt 0.625816 0.722701
vt 0.581849 0.742939
vt 0.532129 0.745269
vt 0.674003 0.664834
vt 0.676097 0.631653
vt 0.731322 0.663468
vt 0.729817 0.694686
vt 0.673688 0.696107
vt 0.678095 0.600679
vt 0.680454 0.572999
vt 0.736990 0.599327
vt 0.734267 0.630295
vt 0.629008 0.533404
vt 0.683763 0.549399
vt 0.686828 0.532511
vt 0.742703 0.548067
vt 0.739682 0.571656
vt 0.060209 0.456349
vt 0.079423 0.434917
vt 0.080036 0.458947
vt 0.059786 0.433336
vt 0.104051 0.436407
vt 0.104786 0.461264
vt 0.134307 0.437198
vt 0.135044 0.462208
vt 0.164995 0.437590
vt 0.165683 0.462442
vt 0.191615 0.437954
vt 0.192274 0.462693
vt 0.218376 0.438382
vt 0.219025 0.463056
vt 0.250939 0.438921
vt 0.251582 0.463517
vt 0.292014 0.439610
vt 0.292656 0.464117
vt 0.342450 0.440470
vt 0.343104 0.464884
vt 0.398515 0.441448
vt 0.399196 0.465773
vt 0.456047 0.442488
vt 0.456758 0.466749
vt 0.513923 0.443552
vt 0.514658 0.467763
vt 0.571860 0.444604
vt 0.572613 0.468756
vt 0.629827 0.445648
vt 0.630589 0.469730
vt 0.687850 0.446690
vt 0.688618 0.470705
vt 0.745956 0.447734
vt 0.746725 0.471679
vt 0.802541 0.448740
vt 0.803279 0.472604
vt 0.849505 0.449502
vt 0.850062 0.473234
vt 0.900075 0.473034
vt 0.916237 0.489043
vt 0.899834 0.489617
vt 0.916851 0.472686
vt 0.931872 0.488457
vt 0.931323 0.498537
vt 0.915876 0.499270
vt 0.899662 0.499974
vt 0.835243 0.751882
vt 0.789534 0.746120
vt 0.835648 0.744131
vt 0.789977 0.753283
vt 0.735622 0.748291
vt 0.789101 0.735043
vt 0.836515 0.732696
vt 0.882670 0.750062
vt 0.897072 0.755923
vt 0.882013 0.756585
vt 0.898097 0.748960
vt 0.909867 0.755269
vt 0.908800 0.762400
vt 0.896332 0.762517
vt 0.881427 0.762634
vt 0.676702 0.721319
vt 0.731139 0.719765
vt 0.680908 0.739241
vt 0.630993 0.740786
vt 0.733696 0.737548
vt 0.788765 0.717565
vt 0.789488 0.692997
vt 0.838059 0.715549
vt 0.792008 0.662004
vt 0.795303 0.628837
vt 0.843671 0.660771
vt 0.840451 0.691536
vt 0.893879 0.659895
vt 0.905708 0.690421
vt 0.890408 0.690600
vt 0.897030 0.626365
vt 0.909198 0.659729
vt 0.912242 0.626033
vt 0.923787 0.659566
vt 0.920242 0.690223
vt 0.798165 0.597839
vt 0.800373 0.570148
vt 0.849676 0.596403
vt 0.847012 0.627552
vt 0.746575 0.522728
vt 0.802941 0.529694
vt 0.745260 0.531187
vt 0.803420 0.521267
vt 0.850323 0.519830
vt 0.850658 0.528202
vt 0.899445 0.508647
vt 0.915671 0.510424
vt 0.899356 0.511352
vt 0.915691 0.507800
vt 0.931235 0.509550
vt 0.931257 0.512149
vt 0.915655 0.513045
vt 0.899312 0.514015
vt 0.899214 0.594534
vt 0.882071 0.567242
vt 0.900250 0.566117
vt 0.880972 0.595323
vt 0.878557 0.626777
vt 0.851139 0.568593
vt 0.899700 0.525729
vt 0.915631 0.541294
vt 0.900202 0.542401
vt 0.915669 0.524697
vt 0.930357 0.540215
vt 0.929560 0.564059
vt 0.915252 0.565075
vt 0.881708 0.543597
vt 0.851205 0.545004
vt 0.880787 0.526863
vt 0.928519 0.593142
vt 0.926738 0.625712
vt 0.914218 0.593829
vt 0.880188 0.512350
vt 0.880329 0.509491
vt 0.880124 0.515099
vt 0.871823 0.690830
vt 0.875289 0.660134
vt 0.902537 0.714013
vt 0.887315 0.714307
vt 0.916915 0.713648
vt 0.914398 0.729946
vt 0.900140 0.730569
vt 0.884970 0.731080
vt 0.863774 0.757168
vt 0.835087 0.757942
vt 0.864313 0.750877
vt 0.863343 0.762772
vt 0.835046 0.763283
vt 0.880369 0.473318
vt 0.850520 0.490192
vt 0.880512 0.490113
vt 0.880544 0.500589
vt 0.850733 0.500808
vt 0.017693 0.839915
vt 0.010234 0.827508
vt 0.019519 0.824323
vt 0.010902 0.850173
vt 0.010441 0.838665
vt 0.005807 0.845315
vt 0.003503 0.837040
vt 0.002801 0.827231
vt 0.979636 0.938581
vt 0.972454 0.946910
vt 0.972363 0.938067
vt 0.017280 0.817938
vt 0.009757 0.818087
vt 0.002417 0.817875
vt 0.965127 0.946441
vt 0.965089 0.937554
vt 0.977473 0.580910
vt 0.970454 0.588857
vt 0.970506 0.580196
vt 0.977397 0.589596
vt 0.970447 0.601201
vt 0.963514 0.600452
vt 0.963511 0.588122
vt 0.963540 0.579482
vt 0.825585 0.950408
vt 0.754525 0.954966
vt 0.753847 0.949592
vt 0.881584 0.951210
vt 0.826811 0.956011
vt 0.883166 0.957065
vt 0.828088 0.961411
vt 0.755222 0.960269
vt 0.105725 0.490874
vt 0.080792 0.497017
vt 0.080864 0.488334
vt 0.105548 0.498602
vt 0.060860 0.494978
vt 0.060811 0.485244
vt 0.868791 0.714605
vt 0.866510 0.731541
vt 0.078894 0.794087
vt 0.064237 0.790884
vt 0.076642 0.786183
vt 0.066185 0.797830
vt 0.054232 0.795402
vt 0.060498 0.779177
vt 0.072940 0.773883
vt 0.004769 0.527583
vt 0.017182 0.542346
vt 0.005692 0.544576
vt 0.004008 0.516779
vt 0.016433 0.525820
vt 0.015881 0.515779
vt 0.029932 0.540448
vt 0.003450 0.500780
vt 0.015518 0.491500
vt 0.015519 0.501184
vt 0.003359 0.490228
vt 0.015516 0.480231
vt 0.028717 0.481889
vt 0.028685 0.492624
vt 0.310534 0.821625
vt 0.316716 0.826191
vt 0.310369 0.827855
vt 0.310677 0.815720
vt 0.317151 0.820156
vt 0.318168 0.814364
vt 0.324752 0.818680
vt 0.322989 0.824516
vt 0.002787 0.450683
vt 0.014996 0.430753
vt 0.015253 0.452248
vt 0.002318 0.429803
vt 0.028372 0.431591
vt 0.028528 0.453601
vt 0.034852 0.736509
vt 0.039113 0.700345
vt 0.047283 0.732996
vt 0.026208 0.702691
vt 0.031371 0.665387
vt 0.052532 0.697965
vt 0.060270 0.729712
vt 0.018428 0.667199
vt 0.025003 0.631386
vt 0.008750 0.600439
vt 0.012570 0.633015
vt 0.033535 0.597121
vt 0.304850 0.863365
vt 0.287442 0.878614
vt 0.287402 0.863086
vt 0.304899 0.878874
vt 0.304947 0.894385
vt 0.287481 0.894143
vt 0.192347 0.855961
vt 0.171071 0.869523
vt 0.171184 0.853185
vt 0.212779 0.858375
vt 0.191874 0.872104
vt 0.212122 0.874292
vt 0.191403 0.888247
vt 0.170960 0.885861
vt 0.099568 0.841613
vt 0.073484 0.852511
vt 0.072815 0.836607
vt 0.126658 0.846378
vt 0.100170 0.857780
vt 0.127147 0.862722
vt 0.100773 0.873948
vt 0.074156 0.868415
vt 0.050977 0.832276
vt 0.035820 0.844210
vt 0.035080 0.829207
vt 0.051741 0.847839
vt 0.052505 0.863402
vt 0.036563 0.859213
vt 0.042755 0.765009
vt 0.047213 0.784557
vt 0.054761 0.759817
vt 0.067322 0.755219
vt 0.880253 0.518560
vt 0.899387 0.517457
vt 0.915654 0.516472
vt 0.931187 0.515553
vt 0.930915 0.523708
vt 0.801952 0.546561
vt 0.688428 0.524023
vt 0.630546 0.524829
vt 0.572737 0.524968
vt 0.514962 0.525046
vt 0.400139 0.521184
vt 0.457331 0.525575
vt 0.400177 0.525916
vt 0.344271 0.520584
vt 0.344599 0.525414
vt 0.257861 0.554992
vt 0.193927 0.517568
vt 0.167245 0.522028
vt 0.166825 0.516697
vt 0.220766 0.518263
vt 0.194356 0.522784
vt 0.104840 0.520755
vt 0.135637 0.521195
vt 0.063091 0.563157
vt 0.031005 0.565940
vt 0.046017 0.564567
vt 0.006738 0.569831
vt 0.020572 0.598691
vt 0.018243 0.567739
vt 0.880468 0.506240
vt 0.850706 0.506653
vt 0.899542 0.505537
vt 0.915728 0.504767
vt 0.931149 0.503964
vt 0.931177 0.506959
vt 0.344167 0.515271
vt 0.293868 0.514326
vt 0.804191 0.506694
vt 0.804192 0.500492
vt 0.747694 0.506504
vt 0.747686 0.499867
vt 0.689607 0.506223
vt 0.689584 0.499168
vt 0.631604 0.505800
vt 0.631559 0.498424
vt 0.573646 0.505181
vt 0.573580 0.497618
vt 0.515687 0.504510
vt 0.515608 0.496775
vt 0.457768 0.503921
vt 0.457679 0.495930
vt 0.252968 0.513585
vt 0.220541 0.512997
vt 0.193710 0.512346
vt 0.135958 0.491782
vt 0.166572 0.491935
vt 0.135874 0.499293
vt 0.043713 0.493594
vt 0.043693 0.483261
vt 0.685048 0.948748
vt 0.634107 0.952876
vt 0.634278 0.948040
vt 0.685227 0.953836
vt 0.685408 0.958916
vt 0.633935 0.957713
vt 0.067002 0.695508
vt 0.074420 0.726797
vt 0.089143 0.624501
vt 0.084982 0.592903
vt 0.081199 0.535652
vt 0.080631 0.521270
vt 0.080408 0.514238
vt 0.090764 0.782534
vt 0.093151 0.790833
vt 0.086906 0.770034
vt 0.080554 0.503585
vt 0.080387 0.509009
vt 0.081291 0.751720
vt 0.043123 0.432317
vt 0.043357 0.454723
vt 0.082471 0.561309
vt 0.003608 0.508884
vt 0.015602 0.508569
vt 0.081440 0.804327
vt 0.094556 0.796648
vt 0.095471 0.801277
vt 0.080351 0.799720
vt 0.110800 0.793560
vt 0.111355 0.798182
vt 0.684700 0.938534
vt 0.634450 0.943204
vt 0.634622 0.938368
vt 0.752567 0.938542
vt 0.684873 0.943646
vt 0.753198 0.944102
vt 0.297759 0.824532
vt 0.303903 0.829494
vt 0.297368 0.831119
vt 0.298097 0.818307
vt 0.304149 0.823082
vt 0.304386 0.817022
vt 0.067473 0.803058
vt 0.068553 0.807665
vt 0.057064 0.806046
vt 0.055989 0.801208
vt 0.823353 0.938320
vt 0.878728 0.938266
vt 0.824443 0.944466
vt 0.880121 0.944881
vt 0.025244 0.841742
vt 0.024993 0.827363
vt 0.025700 0.855884
vt 0.017771 0.853097
vt 0.865111 0.742970
vt 0.883529 0.742261
vt 0.898784 0.741413
vt 0.913351 0.740257
vt 0.915064 0.745810
vt 0.791149 0.764363
vt 0.739409 0.765547
vt 0.790527 0.759066
vt 0.634528 0.751835
vt 0.683888 0.750044
vt 0.535886 0.756519
vt 0.585560 0.754139
vt 0.435836 0.759997
vt 0.485241 0.758451
vt 0.347634 0.762934
vt 0.389947 0.761385
vt 0.216404 0.770274
vt 0.245279 0.768749
vt 0.274509 0.766916
vt 0.308743 0.764868
vt 0.184032 0.771577
vt 0.130597 0.794670
vt 0.130463 0.790129
vt 0.249255 0.892922
vt 0.268645 0.878106
vt 0.268579 0.893685
vt 0.249528 0.877265
vt 0.268711 0.862527
vt 0.150018 0.850138
vt 0.150258 0.866544
vt 0.150498 0.882950
vt 0.127636 0.879066
vt 0.231545 0.860249
vt 0.249801 0.861608
vt 0.231009 0.876009
vt 0.230474 0.891769
vt 0.211465 0.890210
vt 0.043578 0.471088
vt 0.028669 0.469697
vt 0.060595 0.473113
vt 0.003264 0.478315
vt 0.015444 0.468002
vt 0.003111 0.466034
vt 0.900405 0.449850
vt 0.880203 0.449821
vt 0.917669 0.449823
vt 0.934141 0.449788
vt 0.932851 0.472335
vt 0.803889 0.489682
vt 0.747364 0.488844
vt 0.689257 0.487944
vt 0.631225 0.487038
vt 0.573241 0.486125
vt 0.515272 0.485187
vt 0.457351 0.484223
vt 0.399761 0.483303
vt 0.343642 0.482474
vt 0.293186 0.481756
vt 0.252119 0.481205
vt 0.219566 0.480794
vt 0.192821 0.480463
vt 0.166255 0.480263
vt 0.135673 0.480117
vt 0.105443 0.479107
vt 0.080595 0.476339
vt 0.310898 0.810370
vt 0.311177 0.805349
vt 0.318439 0.809009
vt 0.318686 0.804033
vt 0.333539 0.806713
vt 0.335202 0.812994
vt 0.298610 0.812857
vt 0.300574 0.808798
vt 0.304673 0.811574
vt 0.305138 0.806590
vt 0.399957 0.793773
vt 0.443897 0.795724
vt 0.399641 0.798627
vt 0.444213 0.790869
vt 0.489835 0.794851
vt 0.489519 0.799705
vt 0.443582 0.800578
vt 0.399325 0.803482
vt 0.333669 0.801707
vt 0.361343 0.802769
vt 0.361614 0.797880
vt 0.361252 0.807786
vt 0.490151 0.789996
vt 0.534209 0.796440
vt 0.577810 0.795166
vt 0.534525 0.791586
vt 0.577494 0.800020
vt 0.533893 0.801295
vt 0.620818 0.800118
vt 0.662020 0.806166
vt 0.620502 0.804973
vt 0.661705 0.811020
vt 0.620186 0.809827
vt 0.577179 0.804874
vt 0.761324 0.825762
vt 0.732242 0.824564
vt 0.732687 0.819740
vt 0.787402 0.831570
vt 0.760605 0.830522
vt 0.786312 0.836244
vt 0.759886 0.835282
vt 0.731797 0.829389
vt 0.699573 0.812985
vt 0.699240 0.817836
vt 0.698909 0.822686
vt 0.661389 0.815875
vt 0.977583 0.642084
vt 0.970777 0.664741
vt 0.970642 0.641354
vt 0.977728 0.665454
vt 0.970945 0.693740
vt 0.963978 0.693048
vt 0.963827 0.664028
vt 0.963701 0.640625
vt 0.977913 0.694432
vt 0.971168 0.732095
vt 0.978164 0.732758
vt 0.971424 0.776062
vt 0.964386 0.775430
vt 0.964172 0.731430
vt 0.978462 0.776694
vt 0.971680 0.820231
vt 0.978770 0.820831
vt 0.971911 0.859999
vt 0.964767 0.859429
vt 0.964591 0.819631
vt 0.979055 0.860570
vt 0.972095 0.891662
vt 0.979288 0.892209
vt 0.972225 0.914299
vt 0.964995 0.913768
vt 0.964901 0.891114
vt 0.601225 0.938266
vt 0.610716 0.942989
vt 0.600902 0.942950
vt 0.611041 0.938272
vt 0.610392 0.947732
vt 0.600585 0.947850
vt 0.610159 0.952677
vt 0.600646 0.953860
vt 0.610289 0.958276
vt 0.604309 0.966124
vt 0.979456 0.914830
vt 0.972307 0.928495
vt 0.979563 0.929016
vt 0.965051 0.927975
vt 0.977381 0.601950
vt 0.970520 0.619497
vt 0.977455 0.620242
vt 0.963586 0.618753
vt 0.979978 0.568052
vt 0.970589 0.572170
vt 0.970597 0.562877
vt 0.977855 0.573370
vt 0.963555 0.571377
vt 0.963520 0.561801
vt 0.905546 0.938686
vt 0.303802 0.838870
vt 0.297159 0.840644
vt 0.310239 0.837060
vt 0.906964 0.945412
vt 0.908434 0.951934
vt 0.316331 0.835185
vt 0.322217 0.833273
vt 0.909991 0.958115
vt 0.884818 0.962635
vt 0.371603 0.955120
vt 0.390485 0.948121
vt 0.390962 0.954111
vt 0.415675 0.945499
vt 0.416468 0.951456
vt 0.449193 0.946181
vt 0.448111 0.940271
vt 0.480448 0.933834
vt 0.481769 0.939696
vt 0.533639 0.926202
vt 0.564590 0.911014
vt 0.566305 0.916772
vt 0.002589 0.950657
vt 0.042461 0.949074
vt 0.041874 0.955056
vt 0.428463 0.967463
vt 0.479415 0.958647
vt 0.479831 0.964643
vt 0.522712 0.955041
vt 0.523313 0.961021
vt 0.195795 0.813125
vt 0.268439 0.805731
vt 0.196949 0.819022
vt 0.140217 0.824570
vt 0.141426 0.830456
vt 0.506322 0.927582
vt 0.507842 0.933395
vt 0.532004 0.920419
vt 0.083861 0.958656
vt 0.084330 0.952665
vt 0.129505 0.961889
vt 0.129912 0.955892
vt 0.180025 0.959189
vt 0.179689 0.965190
vt 0.231448 0.961746
vt 0.231253 0.967753
vt 0.329426 0.968903
vt 0.378016 0.962667
vt 0.378110 0.968676
vt 0.428214 0.961459
vt 0.280975 0.968801
vt 0.281040 0.962791
vt 0.329421 0.962893
vt 0.568951 0.954756
vt 0.582698 0.946625
vt 0.583591 0.952568
vt 0.594806 0.944768
vt 0.595829 0.950691
vt 0.551218 0.957602
vt 0.550403 0.951648
vt 0.568042 0.948815
vt 0.990193 0.901987
vt 0.995721 0.894192
vt 0.996202 0.901864
vt 0.989721 0.894534
vt 0.995202 0.887108
vt 0.988236 0.869110
vt 0.994672 0.878599
vt 0.988672 0.878936
vt 0.989206 0.887511
vt 0.987988 0.850858
vt 0.994047 0.859656
vt 0.988038 0.859747
vt 0.994241 0.868895
vt 0.986599 0.501360
vt 0.992314 0.492636
vt 0.992608 0.501268
vt 0.986837 0.513691
vt 0.992847 0.513629
vt 0.307697 0.952359
vt 0.284703 0.944446
vt 0.308231 0.946374
vt 0.318063 0.947358
vt 0.317465 0.953337
vt 0.755306 0.805368
vt 0.739204 0.808401
vt 0.740283 0.802489
vt 0.727210 0.806178
vt 0.728251 0.800260
vt 0.698183 0.795409
vt 0.705226 0.802532
vt 0.697323 0.801356
vt 0.690373 0.794417
vt 0.689620 0.800378
vt 0.540690 0.779531
vt 0.504494 0.784066
vt 0.504648 0.778059
vt 0.470049 0.783644
vt 0.470029 0.777635
vt 0.012035 0.002888
vt 0.002376 0.008442
vt 0.002520 0.002435
vt 0.041936 0.921185
vt 0.016547 0.910818
vt 0.042894 0.915253
vt 0.057537 0.002585
vt 0.051113 0.008393
vt 0.051445 0.002395
vt 0.052668 0.972260
vt 0.065122 0.967246
vt 0.064525 0.973226
vt 0.607553 0.784947
vt 0.574621 0.787892
vt 0.575071 0.781900
vt 0.540387 0.785532
vt 0.637876 0.788332
vt 0.662101 0.797259
vt 0.637168 0.794300
vt 0.606954 0.790926
vt 0.440715 0.778240
vt 0.440913 0.784245
vt 0.421246 0.785167
vt 0.420868 0.779170
vt 0.957562 0.770651
vt 0.952472 0.752954
vt 0.958476 0.753207
vt 0.953138 0.736550
vt 0.959145 0.736675
vt 0.950587 0.887289
vt 0.946424 0.866306
vt 0.952414 0.866790
vt 0.947990 0.846265
vt 0.953983 0.846694
vt 0.987893 0.960400
vt 0.992215 0.987868
vt 0.986215 0.987537
vt 0.942645 0.958044
vt 0.939917 0.930238
vt 0.945890 0.930892
vt 0.990093 0.921751
vt 0.995244 0.938487
vt 0.989240 0.938215
vt 0.993894 0.960717
vt 0.679659 0.793215
vt 0.678943 0.799182
vt 0.662838 0.791295
vt 0.716551 0.798260
vt 0.715561 0.804187
vt 0.706169 0.796598
vt 0.355577 0.955671
vt 0.341571 0.949575
vt 0.355484 0.949663
vt 0.371328 0.949117
vt 0.387548 0.782781
vt 0.337308 0.795303
vt 0.336479 0.789352
vt 0.267439 0.799806
vt 0.097527 0.923693
vt 0.096661 0.929639
vt 0.167528 0.933126
vt 0.166807 0.939092
vt 0.328723 0.948585
vt 0.328202 0.954571
vt 0.341351 0.955580
vt 0.996388 0.910496
vt 0.996099 0.921967
vt 0.990379 0.910391
vt 0.942515 0.907257
vt 0.948495 0.907850
vt 0.944602 0.886755
vt 0.949251 0.827311
vt 0.955249 0.827664
vt 0.956193 0.808872
vt 0.950190 0.808606
vt 0.799452 0.813774
vt 0.774649 0.815163
vt 0.775749 0.809256
vt 0.754218 0.811277
vt 0.039883 0.003042
vt 0.046367 0.008515
vt 0.040296 0.009037
vt 0.034828 0.003459
vt 0.035215 0.009456
vt 0.798896 0.009516
vt 0.783192 0.005215
vt 0.798233 0.003543
vt 0.806460 0.008561
vt 0.805723 0.002596
vt 0.030515 0.009667
vt 0.030322 0.003661
vt 0.024789 0.009645
vt 0.024847 0.003636
vt 0.755774 0.014156
vt 0.716923 0.011494
vt 0.755207 0.008172
vt 0.783826 0.011191
vt 0.173383 0.982190
vt 0.129586 0.973396
vt 0.173692 0.976188
vt 0.219300 0.983925
vt 0.219454 0.977917
vt 0.673071 0.020099
vt 0.627023 0.015625
vt 0.672799 0.014095
vt 0.717351 0.017489
vt 0.091547 0.969962
vt 0.090953 0.975942
vt 0.129117 0.979387
vt 0.539304 0.021367
vt 0.582758 0.015987
vt 0.582739 0.021997
vt 0.627145 0.021634
vt 0.263703 0.984481
vt 0.263710 0.978472
vt 0.307137 0.984040
vt 0.307021 0.978031
vt 0.454429 0.017971
vt 0.496269 0.013965
vt 0.496030 0.019971
vt 0.539444 0.015358
vt 0.350415 0.982832
vt 0.350198 0.976826
vt 0.391711 0.975012
vt 0.392022 0.981013
vt 0.382624 0.013094
vt 0.416741 0.009559
vt 0.416335 0.015555
vt 0.454761 0.011970
vt 0.463580 0.976474
vt 0.491739 0.968422
vt 0.492208 0.974413
vt 0.517510 0.966258
vt 0.518074 0.972241
vt 0.353443 0.010854
vt 0.327417 0.002513
vt 0.353936 0.004864
vt 0.383072 0.007100
vt 0.430092 0.978767
vt 0.429707 0.972769
vt 0.463158 0.970478
vt 0.956866 0.789545
vt 0.950861 0.789322
vt 0.951559 0.770396
vt 0.987068 0.553872
vt 0.993157 0.577241
vt 0.987147 0.577280
vt 0.993254 0.606268
vt 0.987244 0.606306
vt 0.993378 0.644658
vt 0.987369 0.644695
vt 0.993517 0.688666
vt 0.987508 0.688703
vt 0.993653 0.732876
vt 0.987643 0.732912
vt 0.993772 0.772682
vt 0.987763 0.772717
vt 0.993865 0.804374
vt 0.987855 0.804409
vt 0.993930 0.827032
vt 0.987921 0.827067
vt 0.234300 0.946172
vt 0.234877 0.940191
vt 0.284195 0.950433
vt 0.411652 0.785921
vt 0.411031 0.779944
vt 0.388286 0.788745
vt 0.993971 0.841242
vt 0.987961 0.841277
vt 0.993998 0.850818
vt 0.992991 0.531950
vt 0.986981 0.531995
vt 0.993078 0.553832
vt 0.986078 0.484621
vt 0.992294 0.475377
vt 0.992087 0.484687
vt 0.986305 0.492724
vt 0.018364 0.009343
vt 0.018619 0.003339
vt 0.011769 0.008892
vt 0.113951 0.830015
vt 0.115106 0.835912
vt 0.066530 0.008382
vt 0.057551 0.008592
vt 0.525077 0.053962
vt 0.506060 0.047335
vt 0.525233 0.047955
vt 0.505700 0.053333
vt 0.480821 0.045208
vt 0.447321 0.046547
vt 0.480145 0.051179
vt 0.415828 0.034816
vt 0.448287 0.040617
vt 0.362494 0.028228
vt 0.331249 0.013650
vt 0.364016 0.022414
vt 0.329648 0.019441
vt 0.293364 0.002849
vt 0.951474 0.170155
vt 0.959883 0.119137
vt 0.957480 0.170356
vt 0.953885 0.118768
vt 0.963144 0.075814
vt 0.852181 0.920174
vt 0.779264 0.916612
vt 0.779950 0.910643
vt 0.908273 0.928679
vt 0.851339 0.926122
vt 0.414622 0.040702
vt 0.389834 0.029072
vt 0.388429 0.034914
vt 0.963025 0.514664
vt 0.972936 0.555984
vt 0.966960 0.556619
vt 0.959430 0.469048
vt 0.969013 0.514146
vt 0.961726 0.418510
vt 0.965422 0.468593
vt 0.955729 0.418893
vt 0.958760 0.367110
vt 0.950823 0.269196
vt 0.956672 0.220560
vt 0.956832 0.269153
vt 0.950662 0.220513
vt 0.951311 0.317643
vt 0.952755 0.367353
vt 0.957320 0.317530
vt 0.963061 0.029576
vt 0.971082 0.015766
vt 0.969009 0.030438
vt 0.965132 0.014920
vt 0.972842 0.003644
vt 0.960356 0.047331
vt 0.957160 0.075261
vt 0.966317 0.048098
vt 0.946296 0.429361
vt 0.940631 0.421667
vt 0.946635 0.421901
vt 0.941021 0.414577
vt 0.947023 0.414871
vt 0.947662 0.396459
vt 0.941398 0.406060
vt 0.941654 0.396352
vt 0.947402 0.406289
vt 0.947580 0.378208
vt 0.941682 0.387113
vt 0.941572 0.378276
vt 0.947690 0.387095
vt 0.942666 0.028795
vt 0.936796 0.020177
vt 0.942804 0.020156
vt 0.942650 0.041126
vt 0.936657 0.028812
vt 0.588920 0.049947
vt 0.611755 0.041584
vt 0.612381 0.047561
vt 0.578457 0.045151
vt 0.588269 0.043973
vt 0.843574 0.822301
vt 0.857411 0.831077
vt 0.842398 0.828194
vt 0.858596 0.825186
vt 0.869376 0.833450
vt 0.349666 0.928899
vt 0.343010 0.936382
vt 0.341756 0.930506
vt 0.357412 0.927498
vt 0.350838 0.934792
vt 0.506073 0.904766
vt 0.542449 0.907392
vt 0.506691 0.910742
vt 0.541979 0.901403
vt 0.576817 0.905160
vt 0.976360 0.024282
vt 0.982495 0.014982
vt 0.982368 0.024384
vt 0.854034 0.013561
vt 0.879217 0.002697
vt 0.880393 0.008590
vt 0.113824 0.002567
vt 0.120250 0.008376
vt 0.113811 0.008576
vt 0.501524 0.978280
vt 0.513977 0.983293
vt 0.501828 0.984281
vt 0.439602 0.913689
vt 0.472636 0.914898
vt 0.440514 0.919627
vt 0.471871 0.908939
vt 0.409505 0.918664
vt 0.385788 0.928849
vt 0.384738 0.922934
vt 0.410525 0.924584
vt 0.605819 0.898222
vt 0.576521 0.899159
vt 0.625621 0.904114
vt 0.605937 0.904228
vt 0.958969 0.702662
vt 0.953151 0.720133
vt 0.952960 0.702668
vt 0.959160 0.720128
vt 0.956823 0.585834
vt 0.951796 0.606628
vt 0.950821 0.586121
vt 0.957800 0.606392
vt 0.952532 0.626717
vt 0.949647 0.487713
vt 0.945820 0.515250
vt 0.943653 0.488138
vt 0.951813 0.514811
vt 0.947937 0.542481
vt 0.946752 0.449116
vt 0.941904 0.465939
vt 0.940752 0.449441
vt 0.947901 0.465559
vt 0.368046 0.925735
vt 0.358476 0.933410
vt 0.369075 0.931654
vt 0.882209 0.830040
vt 0.870599 0.827567
vt 0.332777 0.938577
vt 0.331478 0.932711
vt 0.541111 0.054199
vt 0.554995 0.047829
vt 0.555333 0.053828
vt 0.541086 0.048190
vt 0.659139 0.899961
vt 0.709957 0.909821
vt 0.658717 0.905954
vt 0.710471 0.903836
vt 0.798499 0.017160
vt 0.852961 0.007649
vt 0.799483 0.023088
vt 0.728692 0.027966
vt 0.579173 0.051117
vt 0.567822 0.046587
vt 0.568461 0.052562
vt 0.940257 0.437978
vt 0.946262 0.437765
vt 0.940288 0.429345
vt 0.953932 0.542074
vt 0.949584 0.565549
vt 0.955582 0.565204
vt 0.958538 0.626536
vt 0.953008 0.645707
vt 0.959182 0.664417
vt 0.959015 0.645602
vt 0.821979 0.824243
vt 0.798320 0.819676
vt 0.823144 0.818348
vt 0.974808 0.052086
vt 0.979873 0.058894
vt 0.973906 0.058186
vt 0.975534 0.047067
vt 0.980766 0.052866
vt 0.972988 0.065754
vt 0.977366 0.081434
vt 0.971388 0.080829
vt 0.978964 0.066387
vt 0.981994 0.043142
vt 0.981495 0.047820
vt 0.976011 0.042582
vt 0.982323 0.037425
vt 0.968563 0.108892
vt 0.971416 0.147723
vt 0.965420 0.147325
vt 0.974548 0.109429
vt 0.622220 0.968351
vt 0.578430 0.977144
vt 0.577961 0.971154
vt 0.668130 0.966617
vt 0.622529 0.974353
vt 0.963030 0.191611
vt 0.967730 0.237629
vt 0.961722 0.237537
vt 0.969034 0.191853
vt 0.513380 0.977314
vt 0.540397 0.980578
vt 0.539804 0.974598
vt 0.962424 0.325362
vt 0.967587 0.281889
vt 0.968430 0.325193
vt 0.961578 0.281938
vt 0.712526 0.966061
vt 0.668284 0.972624
vt 0.755953 0.966502
vt 0.712533 0.972070
vt 0.966239 0.410208
vt 0.970037 0.368354
vt 0.972237 0.409846
vt 0.964033 0.368623
vt 0.799224 0.967710
vt 0.755837 0.972510
vt 0.840514 0.975529
vt 0.799007 0.973715
vt 0.971470 0.481978
vt 0.974835 0.447848
vt 0.977460 0.481501
vt 0.968842 0.448284
vt 0.912372 0.974068
vt 0.940527 0.982118
vt 0.911950 0.980062
vt 0.940996 0.976127
vt 0.966293 0.984281
vt 0.973854 0.511143
vt 0.982322 0.537124
vt 0.976344 0.537744
vt 0.979840 0.510620
vt 0.878888 0.971775
vt 0.840825 0.969528
vt 0.878504 0.977771
vt 0.959054 0.683755
vt 0.953173 0.664434
vt 0.953046 0.683730
vt 0.943144 0.081299
vt 0.937478 0.104771
vt 0.937136 0.081367
vt 0.943487 0.104701
vt 0.937905 0.133790
vt 0.943914 0.133720
vt 0.938473 0.172171
vt 0.944482 0.172100
vt 0.939128 0.216167
vt 0.945136 0.216096
vt 0.939790 0.260366
vt 0.945798 0.260294
vt 0.940389 0.300161
vt 0.946397 0.300088
vt 0.940867 0.331845
vt 0.946876 0.331771
vt 0.941210 0.354497
vt 0.662186 0.042320
vt 0.729531 0.033916
vt 0.661491 0.036352
vt 0.625683 0.898107
vt 0.635240 0.904363
vt 0.635545 0.898363
vt 0.947219 0.354424
vt 0.941426 0.368703
vt 0.947434 0.368629
vt 0.936828 0.059491
vt 0.936641 0.041172
vt 0.942836 0.059427
vt 0.942885 0.012051
vt 0.936504 0.002923
vt 0.942496 0.002483
vt 0.936879 0.012226
vt 0.976321 0.037116
vt 0.982415 0.030994
vt 0.976406 0.030881
vt 0.934783 0.932734
vt 0.907376 0.934619
vt 0.104830 0.008366
vt 0.105035 0.002361
vt 0.290910 0.041317
vt 0.640570 0.817875
vt 0.321494 0.894460
vt 0.565665 0.873839
vt 0.631549 0.855076
vt 0.997674 0.083017
vt 0.938839 0.857110
vt 0.979978 0.947042
vt 0.058068 0.810678
vt 0.785221 0.840917
vt 0.911601 0.964090
vt 0.003305 0.944690
vt 0.015487 0.916732
vt 0.052971 0.966258
vt 0.936676 0.957358
vt 0.046026 0.002515
vt 0.326827 0.008494
vt 0.986294 0.475045
vt 0.066324 0.002378
vt 0.291638 0.008605
vt 0.966912 0.002667
vt 0.976490 0.014757
vt 0.119918 0.002376
vt 0.880934 0.835912
vt 0.966857 0.978299
vt 0.933941 0.938682
s 1
usemtl Roof
f 158/1/1 1260/2/2 725/3/3
f 675/4/4 457/5/5 1260/2/2
f 1260/2/2 16/6/6 634/7/7
f 725/3/3 634/7/7 152/8/8
f 726/9/9 615/10/10 152/8/8
f 157/11/11 1261/12/12 726/9/9
f 636/13/13 635/14/14 1261/12/12
f 1261/12/12 112/15/15 615/10/10
f 151/16/16 1262/17/17 686/18/18
f 153/19/19 1262/17/17 727/20/20
f 1262/17/17 107/21/21 673/22/22
f 686/18/18 673/22/22 133/23/23
f 179/24/24 1263/25/25 728/26/26
f 772/27/27 463/28/28 1263/25/25
f 1263/25/25 23/29/29 632/30/30
f 728/26/26 632/30/30 156/31/31
f 150/32/32 1264/33/33 729/34/34
f 474/35/35 623/36/36 1264/33/33
f 1264/33/33 107/21/21 620/37/37
f 729/34/34 620/37/37 153/19/19
f 734/38/38 771/39/39 160/40/40
f 3/41/41 1265/42/42 734/38/38
f 452/43/43 736/44/44 1265/42/42
f 1265/42/42 162/45/45 771/39/39
f 156/31/31 1266/46/46 730/47/47
f 632/30/30 637/48/48 1266/46/46
f 1266/46/46 17/49/49 675/4/4
f 730/47/47 675/4/4 158/1/1
f 457/5/5 471/50/50 16/6/6
f 17/49/49 1267/51/51 457/5/5
f 468/52/52 476/53/53 1267/51/51
f 1267/51/51 27/54/54 471/50/50
f 460/55/55 470/56/56 19/57/57
f 16/6/6 1268/58/58 460/55/55
f 471/50/50 469/59/59 1268/58/58
f 1268/58/58 28/60/60 470/56/56
f 461/61/61 685/62/62 122/63/63
f 19/57/57 1269/64/64 461/61/61
f 470/56/56 477/65/65 1269/64/64
f 1269/64/64 123/66/66 685/62/62
f 141/67/67 1270/68/68 710/69/69
f 20/70/70 1270/68/68 565/71/71
f 473/72/72 688/73/73 1270/68/68
f 1270/68/68 136/74/74 710/69/69
f 557/75/75 709/76/76 137/77/77
f 65/78/78 1271/79/79 557/75/75
f 538/80/80 556/81/81 1271/79/79
f 1271/79/79 136/74/74 709/76/76
f 690/82/82 708/83/83 138/84/84
f 67/85/85 1272/86/86 690/82/82
f 541/87/87 557/75/75 1272/86/86
f 1272/86/86 137/77/77 708/83/83
f 707/88/88 555/89/89 135/90/90
f 139/91/91 1273/92/92 707/88/88
f 691/93/93 504/94/94 1273/92/92
f 1273/92/92 14/95/95 555/89/89
f 706/96/96 560/97/97 140/98/98
f 135/90/90 1274/99/99 706/96/96
f 555/89/89 523/100/100 1274/99/99
f 1274/99/99 56/101/101 560/97/97
f 705/102/102 584/103/103 142/104/104
f 140/98/98 1275/105/105 705/102/102
f 560/97/97 582/106/106 1275/105/105
f 1275/105/105 84/107/107 584/103/103
f 704/108/108 585/109/109 143/110/110
f 142/104/104 1276/111/111 704/108/108
f 584/103/103 578/112/112 1276/111/111
f 1276/111/111 85/113/113 585/109/109
f 738/114/114 770/115/115 164/116/116
f 738/114/114 453/117/117 1277/118/118
f 1277/118/118 5/119/119 737/120/120
f 1277/118/118 163/121/121 770/115/115
f 637/48/48 468/52/52 17/49/49
f 23/29/29 1278/122/122 637/48/48
f 467/123/123 639/124/124 1278/122/122
f 1278/122/122 26/125/125 468/52/52
f 479/126/126 483/127/127 30/128/128
f 32/129/129 1279/130/130 479/126/126
f 485/131/131 490/132/132 1279/130/130
f 1279/130/130 35/133/133 483/127/127
f 480/134/134 482/135/135 38/136/136
f 30/128/128 1280/137/137 480/134/134
f 483/127/127 491/138/138 1280/137/137
f 1280/137/137 37/139/139 482/135/135
f 469/59/59 487/140/140 28/60/60
f 27/54/54 1281/141/141 469/59/59
f 484/142/142 480/134/134 1281/141/141
f 1281/141/141 38/136/136 487/140/140
f 476/53/53 484/142/142 27/54/54
f 26/125/125 1282/143/143 476/53/53
f 481/144/144 479/126/126 1282/143/143
f 1282/143/143 30/128/128 484/142/142
f 640/145/145 485/131/131 32/129/129
f 34/146/146 1283/147/147 640/145/145
f 486/148/148 641/149/149 1283/147/147
f 1283/147/147 33/150/150 485/131/131
f 736/44/44 769/151/151 162/45/45
f 4/152/152 1284/153/153 736/44/44
f 488/154/154 738/114/114 1284/153/153
f 1284/153/153 164/116/116 769/151/151
f 477/65/65 684/155/155 123/66/66
f 28/60/60 1285/156/156 477/65/65
f 487/140/140 494/157/157 1285/156/156
f 1285/156/156 124/158/158 684/155/155
f 559/159/159 703/160/160 139/91/91
f 69/161/161 1286/162/162 559/159/159
f 544/163/163 690/82/82 1286/162/162
f 1286/162/162 138/84/84 703/160/160
f 496/164/164 683/165/165 125/166/166
f 40/167/167 1287/168/168 496/164/164
f 495/169/169 664/170/170 1287/168/168
f 1287/168/168 124/158/158 683/165/165
f 737/120/120 768/171/171 163/121/121
f 5/119/119 1288/172/172 737/120/120
f 497/173/173 739/174/174 1288/172/172
f 1288/172/172 165/175/175 768/171/171
f 639/124/124 481/144/144 26/125/125
f 25/176/176 1289/177/177 639/124/124
f 478/178/178 640/145/145 1289/177/177
f 1289/177/177 32/129/129 481/144/144
f 490/132/132 500/179/179 35/133/133
f 33/150/150 1290/180/180 490/132/132
f 498/181/181 506/182/182 1290/180/180
f 1290/180/180 44/183/183 500/179/179
f 491/138/138 503/184/184 37/139/139
f 35/133/133 1291/185/185 491/138/138
f 500/179/179 507/186/186 1291/185/185
f 1291/185/185 45/187/187 503/184/184
f 665/188/188 682/189/189 125/166/166
f 37/139/139 1292/190/190 665/188/188
f 503/184/184 666/191/191 1292/190/190
f 1292/190/190 126/192/192 682/189/189
f 739/174/174 767/193/193 165/175/175
f 41/194/194 1293/195/195 739/174/174
f 508/196/196 740/197/197 1293/195/195
f 1293/195/195 166/198/198 767/193/193
f 641/149/149 498/181/181 33/150/150
f 31/199/199 1294/200/200 641/149/149
f 499/201/201 642/202/202 1294/200/200
f 1294/200/200 43/203/203 498/181/181
f 506/182/182 513/204/204 44/183/183
f 43/203/203 1295/205/205 506/182/182
f 509/206/206 516/207/207 1295/205/205
f 1295/205/205 50/208/208 513/204/204
f 507/186/186 512/209/209 45/187/187
f 44/183/183 1296/210/210 507/186/186
f 513/204/204 511/211/211 1296/210/210
f 512/209/209 511/211/211 51/212/212
f 126/192/192 1297/213/213 681/214/214
f 666/191/191 512/209/209 1297/213/213
f 1297/213/213 51/212/212 667/215/215
f 681/214/214 667/215/215 127/216/216
f 740/197/197 766/217/217 166/198/198
f 47/218/218 1298/219/219 740/197/197
f 518/220/220 741/221/221 1298/219/219
f 1298/219/219 167/222/222 766/217/217
f 642/202/202 509/206/206 43/203/203
f 42/223/223 1299/224/224 642/202/202
f 510/225/225 643/226/226 1299/224/224
f 1299/224/224 49/227/227 509/206/206
f 516/207/207 521/228/228 50/208/208
f 49/227/227 1300/229/229 516/207/207
f 520/230/230 526/231/231 1300/229/229
f 521/228/228 526/231/231 55/232/232
f 51/212/212 1301/233/233 524/234/234
f 50/208/208 1301/233/233 511/211/211
f 1301/233/233 55/232/232 527/235/235
f 524/234/234 527/235/235 57/236/236
f 127/216/216 1302/237/237 680/238/238
f 667/215/215 524/234/234 1302/237/237
f 1302/237/237 57/236/236 668/239/239
f 680/238/238 668/239/239 128/240/240
f 741/221/221 765/241/241 167/222/222
f 52/242/242 1303/243/243 741/221/221
f 514/244/244 742/245/245 1303/243/243
f 1303/243/243 168/246/246 765/241/241
f 643/226/226 520/230/230 49/227/227
f 48/247/247 1304/248/248 643/226/226
f 519/249/249 644/250/250 1304/248/248
f 1304/248/248 54/251/251 520/230/230
f 55/232/232 1305/252/252 530/253/253
f 526/231/231 571/254/254 1305/252/252
f 1305/252/252 7/255/255 570/256/256
f 530/253/253 570/256/256 60/257/257
f 57/236/236 1306/258/258 581/259/259
f 527/235/235 530/253/253 1306/258/258
f 1306/258/258 60/257/257 576/260/260
f 581/259/259 576/260/260 82/261/261
f 128/240/240 1307/262/262 679/263/263
f 668/239/239 581/259/259 1307/262/262
f 1307/262/262 82/261/261 579/264/264
f 679/263/263 579/264/264 129/265/265
f 199/266/266 1308/267/267 731/268/268
f 807/269/269 788/270/270 1308/267/267
f 1308/267/267 9/271/271 466/272/272
f 731/268/268 466/272/272 155/273/273
f 193/274/274 1309/275/275 788/270/270
f 806/276/276 782/277/277 1309/275/275
f 1309/275/275 62/278/278 562/279/279
f 788/270/270 562/279/279 9/271/271
f 187/280/280 1310/281/281 782/277/277
f 805/282/282 783/283/283 1310/281/281
f 1310/281/281 64/284/284 539/285/285
f 782/277/277 539/285/285 62/278/278
f 188/286/286 1311/287/287 783/283/283
f 804/288/288 784/289/289 1311/287/287
f 1311/287/287 66/290/290 542/291/291
f 783/283/283 542/291/291 64/284/284
f 189/292/292 1312/293/293 784/289/289
f 803/294/294 785/295/295 1312/293/293
f 1312/293/293 68/296/296 545/297/297
f 784/289/289 545/297/297 66/290/290
f 190/298/298 1313/299/299 785/295/295
f 802/300/300 786/301/301 1313/299/299
f 1313/299/299 70/302/302 548/303/303
f 785/295/295 548/303/303 68/296/296
f 191/304/304 1314/305/305 786/301/301
f 801/306/306 787/307/307 1314/305/305
f 1314/305/305 72/308/308 551/309/309
f 786/301/301 551/309/309 70/302/302
f 192/310/310 1315/311/311 787/307/307
f 800/312/312 789/313/313 1315/311/311
f 1315/311/311 74/314/314 552/315/315
f 787/307/307 552/315/315 72/308/308
f 194/316/316 1316/317/317 789/313/313
f 799/318/318 790/319/319 1316/317/317
f 1316/317/317 75/320/320 553/321/321
f 789/313/313 553/321/321 74/314/314
f 197/322/322 1317/323/323 798/324/324
f 792/325/325 595/326/326 1317/323/323
f 1317/323/323 87/327/327 592/328/328
f 798/324/324 592/328/328 196/329/329
f 169/330/330 1318/331/331 764/332/332
f 743/333/333 568/334/334 1318/331/331
f 568/334/334 532/335/335 1318/331/331
f 1318/331/331 168/246/246 764/332/332
f 171/336/336 1319/337/337 763/338/338
f 745/339/339 569/340/340 1319/337/337
f 1319/337/337 77/341/341 572/342/342
f 763/338/338 572/342/342 170/343/343
f 644/250/250 571/254/254 54/251/251
f 53/344/344 1320/345/345 644/250/250
f 528/346/346 646/347/347 1320/345/345
f 1320/345/345 7/255/255 571/254/254
f 58/348/348 1321/349/349 646/347/347
f 78/350/350 1321/349/349 568/334/334
f 647/351/351 454/352/352 1321/349/349
f 1321/349/349 7/255/255 646/347/347
f 454/352/352 570/256/256 7/255/255
f 79/353/353 1322/354/354 454/352/352
f 573/355/355 574/356/356 1322/354/354
f 1322/354/354 60/257/257 570/256/256
f 594/357/357 604/358/358 91/359/359
f 80/360/360 1323/361/361 594/357/357
f 583/362/362 586/363/363 1323/361/361
f 1323/361/361 95/364/364 604/358/358
f 574/356/356 576/260/260 60/257/257
f 81/365/365 1324/366/366 574/356/356
f 577/367/367 575/368/368 1324/366/366
f 1324/366/366 82/261/261 576/260/260
f 678/369/369 669/370/370 129/265/265
f 130/371/371 1325/372/372 678/369/369
f 580/373/373 578/112/112 1325/372/372
f 1325/372/372 84/107/107 669/370/370
f 145/374/374 1326/375/375 702/376/376
f 697/377/377 599/378/378 1326/375/375
f 1326/375/375 89/379/379 591/380/380
f 702/376/376 591/380/380 144/381/381
f 600/382/382 602/383/383 97/384/384
f 83/385/385 1327/386/386 600/382/382
f 577/367/367 598/387/387 1327/386/386
f 1327/386/386 95/364/364 602/383/383
f 132/388/388 1328/389/389 677/390/390
f 672/391/391 589/392/392 1328/389/389
f 1328/389/389 88/393/393 671/394/394
f 677/390/390 671/394/394 131/395/395
f 130/371/371 1329/396/396 676/397/397
f 670/398/398 600/382/382 1329/396/396
f 1329/396/396 97/384/384 672/391/391
f 676/397/397 672/391/391 132/388/388
f 589/392/392 590/399/399 88/393/393
f 97/384/384 1330/400/400 589/392/392
f 602/383/383 586/363/363 1330/400/400
f 1330/400/400 86/401/401 590/399/399
f 143/110/110 1331/402/402 701/403/403
f 585/109/109 588/404/404 1331/402/402
f 1331/402/402 96/405/405 697/377/377
f 701/403/403 697/377/377 145/374/374
f 531/406/406 573/355/355 79/353/353
f 91/359/359 1332/407/407 531/406/406
f 604/358/358 598/387/387 1332/407/407
f 1332/407/407 81/365/365 573/355/355
f 91/359/359 1333/408/408 594/357/357
f 648/409/409 529/410/410 1333/408/408
f 1333/408/408 59/411/411 645/412/412
f 594/357/357 645/412/412 80/360/360
f 169/330/330 1334/413/413 762/414/414
f 567/415/415 597/416/416 1334/413/413
f 1334/413/413 94/417/417 745/339/339
f 762/414/414 745/339/339 171/336/336
f 564/418/418 797/419/419 195/420/420
f 12/421/421 1335/422/422 564/418/418
f 1335/422/422 92/423/423 792/325/325
f 797/419/419 792/325/325 197/322/322
f 747/424/424 761/425/425 173/426/426
f 747/424/424 608/427/427 1336/428/428
f 1336/428/428 99/429/429 607/430/430
f 761/425/425 607/430/430 172/431/431
f 227/432/432 1337/433/433 760/434/434
f 851/435/435 610/436/436 1337/433/433
f 1337/437/433 101/438/437 747/424/424
f 760/439/434 747/424/424 173/426/426
f 231/440/438 1338/441/439 759/442/440
f 857/443/441 612/444/442 1338/441/439
f 1338/441/439 102/445/443 751/446/444
f 759/442/440 751/446/444 177/447/445
f 752/448/446 758/449/447 178/450/448
f 148/451/449 1339/452/450 752/448/446
f 462/453/451 748/454/452 1339/452/450
f 1339/452/450 174/455/453 758/449/447
f 61/456/454 1340/457/455 693/458/456
f 621/459/457 733/460/458 1340/457/455
f 1340/457/455 150/32/32 711/461/459
f 1340/457/455 141/67/67 693/458/456
f 79/353/353 1341/462/460 531/406/406
f 647/351/351 593/463/461 1341/462/460
f 1341/462/460 90/464/462 648/409/409
f 531/406/406 648/409/409 91/359/359
f 161/465/463 1342/466/464 757/467/465
f 464/468/466 717/469/467 1342/466/464
f 717/469/467 749/470/468 1342/466/464
f 757/467/465 749/470/468 175/471/469
f 723/472/470 674/473/471 134/474/472
f 133/23/23 1343/475/473 723/472/470
f 673/22/22 718/476/474 1343/475/473
f 1343/475/473 108/477/475 674/473/471
f 146/478/476 1344/479/477 698/480/478
f 724/481/479 699/482/480 1344/479/477
f 1344/479/477 11/483/481 715/484/482
f 698/480/478 715/484/482 21/485/483
f 862/486/484 756/487/485 234/488/486
f 233/489/487 1345/490/488 862/486/484
f 629/491/489 750/492/490 1345/490/488
f 1345/490/488 176/493/491 756/487/485
f 198/494/492 1346/495/493 793/496/494
f 796/497/495 472/498/496 1346/495/493
f 1346/495/493 105/499/497 719/500/498
f 793/496/494 719/500/498 10/501/499
f 106/502/500 1347/503/501 622/504/502
f 720/505/503 631/506/504 1347/503/501
f 1347/503/501 112/15/15 721/507/505
f 622/504/502 721/507/505 111/508/506
f 111/508/506 1348/509/507 630/510/508
f 721/507/505 635/14/14 1348/509/507
f 1348/509/507 18/511/509 722/512/510
f 1348/509/507 113/513/511 630/510/508
f 780/514/512 779/515/513 185/516/514
f 184/517/515 1349/518/516 780/514/512
f 652/519/517 650/520/518 1349/518/516
f 1349/518/516 115/521/519 779/515/513
f 775/522/520 774/523/521 181/524/522
f 180/525/523 1350/526/524 775/522/520
f 654/527/525 655/528/526 1350/526/524
f 1350/526/524 116/529/527 774/523/521
f 661/530/528 659/531/529 120/532/530
f 121/533/531 1351/534/532 661/530/528
f 657/535/533 658/536/534 1351/534/532
f 1351/534/532 118/537/535 659/531/529
f 609/538/536 651/539/537 100/540/538
f 98/541/539 1352/542/540 609/538/536
f 660/543/541 661/530/528 1352/542/540
f 1352/542/540 120/532/530 651/539/537
f 717/469/467 649/544/542 103/545/543
f 24/546/544 1353/547/545 717/469/467
f 638/548/546 720/505/503 1353/547/545
f 1353/547/545 106/502/500 649/544/542
f 85/113/113 1354/549/547 588/404/404
f 130/371/371 1354/549/547 580/373/373
f 1354/549/547 132/388/388 601/550/548
f 588/404/404 601/550/548 96/405/405
f 96/405/405 1355/551/549 599/378/378
f 601/550/548 677/390/390 1355/551/549
f 1355/551/549 131/395/395 587/552/550
f 599/378/378 587/552/550 89/379/379
f 575/368/368 579/264/264 82/261/261
f 83/385/385 1356/553/551 575/368/368
f 670/398/398 678/369/369 1356/553/551
f 1356/553/551 129/265/265 579/264/264
f 56/101/101 1357/554/552 582/106/106
f 522/555/553 679/263/263 1357/554/552
f 1357/554/552 129/265/265 669/370/370
f 582/106/106 669/370/370 84/107/107
f 14/95/95 1358/556/554 523/100/100
f 517/557/555 680/238/238 1358/556/554
f 1358/556/554 128/240/240 522/555/553
f 523/100/100 522/555/553 56/101/101
f 46/558/556 1359/559/557 504/94/94
f 501/560/558 681/214/214 1359/559/557
f 1359/559/557 127/216/216 517/557/555
f 504/94/94 517/557/555 14/95/95
f 496/164/164 502/561/559 40/167/167
f 125/166/166 1360/562/560 496/164/164
f 682/189/189 501/560/558 1360/562/560
f 1360/562/560 46/558/556 502/561/559
f 665/188/188 482/135/135 37/139/139
f 125/166/166 1361/563/561 665/188/188
f 683/165/165 494/157/157 1361/563/561
f 1361/563/561 38/136/136 482/135/135
f 663/564/562 493/565/563 29/566/564
f 123/66/66 1362/567/565 663/564/562
f 684/155/155 664/170/170 1362/567/565
f 1362/567/565 39/568/566 493/565/563
f 662/569/567 473/72/72 20/70/70
f 122/63/63 1363/570/568 662/569/567
f 685/62/62 663/564/562 1363/570/568
f 1363/570/568 29/566/564 473/72/72
f 732/571/569 636/13/13 157/11/11
f 732/571/569 686/18/18 1364/572/570
f 1364/572/570 133/23/23 624/573/571
f 636/13/13 624/573/571 18/511/509
f 722/512/510 633/574/572 113/513/511
f 18/511/509 1365/575/573 722/512/510
f 624/573/571 723/472/470 1365/575/573
f 1365/575/573 134/474/472 633/574/572
f 12/421/421 1366/576/574 533/577/575
f 695/578/576 701/403/403 1366/576/574
f 1366/576/574 145/374/374 603/579/577
f 533/577/575 603/579/577 92/423/423
f 92/423/423 1367/580/578 595/326/326
f 603/579/577 702/376/376 1367/580/578
f 1367/580/578 144/381/381 696/581/579
f 595/326/326 696/581/579 87/327/327
f 691/93/93 502/561/559 46/558/556
f 139/91/91 1368/582/580 691/93/93
f 703/160/160 558/583/581 1368/582/580
f 1368/582/580 40/167/167 502/561/559
f 12/421/421 1369/584/582 695/578/576
f 456/585/583 694/586/584 1369/584/582
f 694/586/584 704/108/108 1369/584/582
f 1369/584/582 143/110/110 695/578/576
f 13/587/585 1370/588/586 694/586/584
f 554/589/587 692/590/588 1370/588/586
f 692/590/588 705/102/102 1370/588/586
f 1370/588/586 142/104/104 694/586/584
f 73/591/589 1371/592/590 692/590/588
f 550/593/591 687/594/592 1371/592/590
f 687/594/592 706/96/96 1371/592/590
f 1371/592/590 140/98/98 692/590/588
f 71/595/593 1372/596/594 687/594/592
f 547/597/595 559/159/159 1372/596/594
f 1372/596/594 139/91/91 707/88/88
f 1372/596/594 135/90/90 687/594/592
f 558/583/581 495/169/169 40/167/167
f 138/84/84 1373/598/596 558/583/581
f 708/83/83 689/599/597 1373/598/596
f 1373/598/596 39/568/566 495/169/169
f 689/599/597 493/565/563 39/568/566
f 137/77/77 1374/600/598 689/599/597
f 709/76/76 688/73/73 1374/600/598
f 1374/600/598 29/566/564 493/565/563
f 693/458/456 536/601/599 61/456/454
f 693/458/456 710/69/69 1375/602/600
f 1375/602/600 136/74/74 556/81/81
f 1375/602/600 63/603/601 536/601/599
f 154/604/602 1376/605/603 733/460/458
f 534/606/604 699/482/480 1376/605/603
f 1376/605/603 147/607/605 474/35/35
f 733/460/458 474/35/35 150/32/32
f 848/608/606 755/609/607 225/610/608
f 224/611/609 1377/612/610 848/608/606
f 712/613/611 752/448/446 1377/612/610
f 1377/612/610 178/450/448 755/609/607
f 15/614/612 1378/615/613 631/506/504
f 458/616/614 725/3/3 1378/615/613
f 1378/615/613 152/8/8 615/10/10
f 631/506/504 615/10/10 112/15/15
f 460/55/55 634/7/7 16/6/6
f 19/57/57 1379/617/615 460/55/55
f 459/618/616 726/9/9 1379/617/615
f 1379/617/615 152/8/8 634/7/7
f 662/569/567 613/619/617 122/63/63
f 20/70/70 1380/620/618 662/569/567
f 625/621/619 727/20/20 1380/620/618
f 613/619/617 727/20/20 151/16/16
f 161/465/463 1381/622/620 464/468/466
f 754/623/621 728/26/26 1381/622/620
f 1381/622/620 156/31/31 465/624/622
f 464/468/466 465/624/622 24/546/544
f 711/461/459 565/71/71 141/67/67
f 711/461/459 729/34/34 1382/625/623
f 1382/625/623 153/19/19 625/621/619
f 565/71/71 625/621/619 20/70/70
f 24/546/544 1383/626/624 638/548/546
f 465/624/622 730/47/47 1383/626/624
f 1383/626/624 158/1/1 458/616/614
f 638/548/546 458/616/614 15/614/612
f 186/627/625 1384/628/626 472/498/496
f 795/629/627 731/268/268 1384/628/626
f 1384/628/626 155/273/273 626/630/628
f 472/498/496 626/630/628 105/499/497
f 461/61/61 459/618/616 19/57/57
f 461/61/61 613/619/617 1385/631/629
f 1385/631/629 151/16/16 732/571/569
f 459/618/616 732/571/569 157/11/11
f 718/476/474 619/632/630 108/477/475
f 107/21/21 1386/633/631 718/476/474
f 1386/633/631 147/607/605 724/481/479
f 619/632/630 724/481/479 146/478/476
f 700/634/632 735/635/633 1/636/634
f 159/637/635 1387/638/636 700/634/632
f 1387/638/636 179/24/24 754/623/621
f 735/635/633 754/623/621 161/465/463
f 847/639/637 844/640/638 223/641/639
f 225/610/608 1388/642/640 847/639/637
f 755/609/607 714/643/641 1388/642/640
f 1388/642/640 149/644/642 844/640/638
f 861/645/643 858/646/644 232/647/645
f 234/488/486 1389/648/646 861/645/643
f 756/487/485 627/649/647 1389/648/646
f 1389/648/646 109/650/648 858/646/644
f 1/636/634 1390/651/649 716/652/650
f 735/635/633 757/467/465 1390/651/649
f 1390/651/649 175/471/469 617/653/651
f 716/652/650 617/653/651 104/654/652
f 714/643/641 713/655/653 149/644/642
f 178/450/448 1391/656/654 714/643/641
f 758/449/447 614/657/655 1391/656/654
f 1391/656/654 2/658/656 713/655/653
f 100/540/538 1392/659/657 609/538/536
f 611/660/658 761/425/425 1392/659/657
f 1392/659/657 172/431/431 746/661/659
f 609/538/536 746/661/659 98/541/539
f 78/350/350 1393/662/660 593/463/461
f 743/333/333 762/414/414 1393/662/660
f 1393/662/660 171/336/336 605/663/661
f 593/463/461 605/663/661 90/464/462
f 90/464/462 1394/664/662 529/410/410
f 605/663/661 763/338/338 1394/664/662
f 1394/664/662 170/343/343 744/665/663
f 529/410/410 744/665/663 59/411/411
f 567/415/415 455/666/664 8/667/665
f 169/330/330 1395/668/666 567/415/415
f 764/332/332 742/245/245 1395/668/666
f 1395/668/666 6/669/667 455/666/664
f 525/670/668 528/346/346 53/344/344
f 167/222/222 1396/671/669 525/670/668
f 765/241/241 532/335/335 1396/671/669
f 1396/671/669 58/348/348 528/346/346
f 515/672/670 519/249/249 48/247/247
f 166/198/198 1397/673/671 515/672/670
f 766/217/217 525/670/668 1397/673/671
f 1397/673/671 53/344/344 519/249/249
f 505/674/672 510/225/225 42/223/223
f 165/175/175 1398/675/673 505/674/672
f 767/193/193 515/672/670 1398/675/673
f 1398/675/673 48/247/247 510/225/225
f 489/676/674 499/201/201 31/199/199
f 163/121/121 1399/677/675 489/676/674
f 768/171/171 505/674/672 1399/677/675
f 1399/677/675 42/223/223 499/201/201
f 475/678/676 478/178/178 25/176/176
f 162/45/45 1400/679/677 475/678/676
f 769/151/151 492/680/678 1400/679/677
f 1400/679/677 34/146/146 478/178/178
f 492/680/678 486/148/148 34/146/146
f 164/116/116 1401/681/679 492/680/678
f 770/115/115 489/676/674 1401/681/679
f 1401/681/679 31/199/199 486/148/148
f 463/28/28 467/123/123 23/29/29
f 160/40/40 1402/682/680 463/28/28
f 771/39/39 475/678/676 1402/682/680
f 1402/682/680 25/176/176 467/123/123
f 451/683/681 753/684/682 159/637/635
f 3/41/41 1403/685/683 451/683/681
f 1403/685/683 160/40/40 772/27/27
f 753/684/682 772/27/27 179/24/24
f 183/686/684 1404/687/685 778/688/686
f 831/689/687 780/514/512 1404/687/685
f 1404/687/685 185/516/514 776/690/688
f 778/688/686 776/690/688 182/691/689
f 658/536/534 656/692/690 118/537/535
f 119/693/691 1405/694/692 658/536/534
f 773/695/693 775/522/520 1405/694/692
f 1405/694/692 181/524/522 656/692/690
f 655/528/526 653/696/694 116/529/527
f 117/697/695 1406/698/696 655/528/526
f 777/699/697 778/688/686 1406/698/696
f 1406/698/696 182/691/689 653/696/694
f 11/483/481 1407/700/698 781/701/699
f 534/606/604 794/702/700 1407/700/698
f 1407/700/698 199/266/266 795/629/627
f 781/701/699 795/629/627 186/627/625
f 21/485/483 1408/703/701 618/704/702
f 715/484/482 781/701/699 1408/703/701
f 1408/703/701 186/627/625 796/497/495
f 618/704/702 796/497/495 198/494/492
f 790/319/319 566/705/703 75/320/320
f 195/420/420 1409/706/704 790/319/319
f 1409/706/704 197/322/322 606/707/705
f 566/705/703 606/707/705 93/708/706
f 93/708/706 1410/709/707 596/710/708
f 606/707/705 798/324/324 1410/709/707
f 1410/709/707 196/329/329 791/711/709
f 596/710/708 791/711/709 76/712/710
f 13/587/585 1411/713/711 563/714/712
f 456/585/583 564/418/418 1411/713/711
f 1411/713/711 195/420/420 799/318/318
f 563/714/712 799/318/318 194/316/316
f 73/591/589 1412/715/713 549/716/714
f 554/589/587 563/714/712 1412/715/713
f 1412/715/713 194/316/316 800/312/312
f 549/716/714 800/312/312 192/310/310
f 71/595/593 1413/717/715 546/718/716
f 550/593/591 549/716/714 1413/717/715
f 1413/717/715 192/310/310 801/306/306
f 546/718/716 801/306/306 191/304/304
f 69/161/161 1414/719/717 543/720/718
f 547/597/595 546/718/716 1414/719/717
f 1414/719/717 191/304/304 802/300/300
f 543/720/718 802/300/300 190/298/298
f 67/85/85 1415/721/719 540/722/720
f 544/163/163 543/720/718 1415/721/719
f 1415/721/719 190/298/298 803/294/294
f 540/722/720 803/294/294 189/292/292
f 65/78/78 1416/723/721 537/724/722
f 541/87/87 540/722/720 1416/723/721
f 1416/723/721 189/292/292 804/288/288
f 537/724/722 804/288/288 188/286/286
f 63/603/601 1417/725/723 535/726/724
f 538/80/80 537/724/722 1417/725/723
f 1417/725/723 188/286/286 805/282/282
f 535/726/724 805/282/282 187/280/280
f 61/456/454 1418/727/725 561/728/726
f 536/601/599 535/726/724 1418/727/725
f 1418/727/725 187/280/280 806/276/276
f 561/728/726 806/276/276 193/274/274
f 154/604/602 1419/729/727 794/702/700
f 621/459/457 561/728/726 1419/729/727
f 1419/729/727 193/274/274 807/269/269
f 794/702/700 807/269/269 199/266/266
f 750/492/490 810/730/728 176/493/491
f 110/731/729 1420/732/730 750/492/490
f 811/733/731 809/734/732 1420/732/730
f 1420/732/730 202/735/733 810/730/728
f 627/649/647 812/736/734 109/650/648
f 176/493/491 1421/737/735 627/649/647
f 810/730/728 808/738/736 1421/737/735
f 1421/737/735 200/739/737 812/736/734
f 205/740/738 1422/741/739 816/742/740
f 818/743/741 815/744/742 1422/741/739
f 1422/741/739 203/745/743 813/746/744
f 816/742/740 813/746/744 204/747/745
f 201/748/746 1423/749/747 814/750/748
f 811/733/731 817/751/749 1423/749/747
f 1423/749/747 206/752/750 818/743/741
f 814/750/748 818/743/741 205/740/738
f 204/747/745 1424/753/751 820/754/751
f 813/746/744 821/755/752 1424/753/751
f 821/755/752 819/756/753 1424/753/751
f 1424/753/751 208/757/754 820/754/751
f 819/756/753 823/758/755 208/757/754
f 207/759/756 1425/760/757 819/756/753
f 824/761/758 822/762/759 1425/760/757
f 1425/760/757 210/763/760 823/758/755
f 830/764/761 828/765/762 213/766/763
f 214/767/764 1426/768/765 830/764/761
f 827/769/766 825/770/767 1426/768/765
f 1426/768/765 212/771/768 828/765/762
f 822/762/759 826/772/769 210/763/760
f 209/773/770 1427/774/771 822/762/759
f 829/775/772 830/764/761 1427/774/771
f 1427/774/771 213/766/763 826/772/769
f 229/776/773 1428/777/774 835/778/775
f 854/779/776 832/780/777 1428/777/774
f 1428/777/774 215/781/778 838/782/779
f 835/778/775 838/782/779 218/783/780
f 218/783/780 1429/784/781 836/785/782
f 838/782/779 833/786/783 1429/784/781
f 1429/784/781 216/787/784 839/788/785
f 836/785/782 839/788/785 219/789/786
f 219/789/786 1430/790/787 837/791/788
f 839/788/785 834/792/789 1430/790/787
f 1430/790/787 217/793/790 840/794/791
f 837/791/788 840/794/791 220/795/792
f 220/795/792 1431/796/793 842/797/794
f 840/794/791 841/798/795 1431/796/793
f 1431/796/793 221/799/796 843/800/797
f 842/797/794 843/800/797 222/801/798
f 104/802/652 1432/803/799 616/804/800
f 617/805/651 846/806/801 1432/803/799
f 1432/803/799 225/610/608 847/639/637
f 616/804/800 847/639/637 223/641/639
f 175/807/469 1433/808/802 846/806/801
f 749/809/468 845/810/803 1433/808/802
f 1433/808/802 224/611/609 848/608/606
f 846/806/801 848/608/606 225/610/608
f 222/801/798 1434/811/804 850/812/805
f 843/800/797 849/813/806 1434/811/804
f 1434/811/804 226/814/807 851/435/435
f 850/812/805 851/435/435 227/432/432
f 177/447/445 1435/815/808 853/816/809
f 751/446/444 852/817/810 1435/815/808
f 1435/815/808 228/818/811 854/779/776
f 853/816/809 854/779/776 229/776/773
f 170/819/343 1436/820/812 856/821/813
f 572/822/342 855/823/814 1436/820/812
f 1436/820/812 230/824/815 857/443/441
f 856/821/813 857/443/441 231/440/438
f 614/657/655 628/825/816 2/658/656
f 174/455/453 1437/826/817 614/657/655
f 860/827/818 861/645/643 1437/828/817
f 1437/828/817 232/647/645 628/829/816
f 748/454/452 860/830/818 174/455/453
f 22/831/819 1438/832/820 748/454/452
f 859/833/821 862/486/484 1438/834/820
f 1438/834/820 234/488/486 860/827/818
f 376/835/822 1439/836/823 1074/837/824
f 1123/838/825 1034/839/826 1439/836/823
f 1439/836/823 248/840/827 869/841/828
f 1074/837/824 869/841/828 249/842/829
f 1016/843/830 1124/844/831 371/845/832
f 333/846/833 1440/847/834 1016/843/830
f 1035/848/835 1036/849/836 1440/847/834
f 1440/847/834 375/850/837 1124/844/831
f 370/851/838 1441/852/839 1125/853/840
f 1085/854/841 1072/855/842 1441/852/839
f 1441/852/839 328/856/843 1021/857/844
f 1441/852/839 372/858/845 1125/853/840
f 397/859/846 1442/860/847 1170/861/848
f 1126/862/849 1032/863/850 1442/860/847
f 1442/860/847 255/864/851 875/865/852
f 1170/861/848 875/865/852 378/866/853
f 369/867/854 1443/868/855 885/869/856
f 1127/870/857 1021/857/844 1443/868/855
f 1443/868/855 328/856/843 1024/871/858
f 885/869/856 1024/871/858 366/872/859
f 1169/873/860 1132/874/861 378/866/853
f 380/875/862 1444/876/863 1169/873/860
f 1134/877/864 864/878/865 1444/876/863
f 1444/876/863 237/879/866 1132/874/861
f 374/880/867 1445/881/868 1032/863/850
f 1128/882/869 1074/837/824 1445/881/868
f 1445/881/868 249/842/829 1037/883/870
f 1032/863/850 1037/883/870 255/864/851
f 882/884/871 869/841/828 248/840/827
f 259/885/872 1446/886/873 882/884/871
f 887/887/874 879/888/875 1446/886/873
f 1446/886/873 249/842/829 869/841/828
f 881/889/876 872/890/877 251/891/878
f 260/892/879 1447/893/880 881/889/876
f 880/894/881 882/884/871 1447/893/880
f 1447/893/880 248/840/827 872/890/877
f 1084/895/882 873/896/883 341/897/884
f 342/898/885 1448/899/886 1084/895/882
f 888/900/887 881/889/876 1448/899/886
f 1448/899/886 251/891/878 873/896/883
f 360/901/888 1449/902/889 968/903/890
f 355/904/891 1449/902/889 1109/905/892
f 1087/906/893 884/907/894 1449/902/889
f 1449/902/889 252/908/895 968/903/890
f 1108/909/896 961/910/897 356/911/898
f 355/904/891 1450/912/899 1108/909/896
f 960/913/900 949/914/901 1450/912/899
f 1450/912/899 295/915/902 961/910/897
f 1107/916/903 1089/917/904 357/918/905
f 356/911/898 1451/919/906 1107/916/903
f 961/910/897 951/920/907 1451/919/906
f 1451/919/906 296/921/908 1089/917/904
f 959/922/909 1106/923/910 354/924/911
f 246/925/912 1452/926/913 959/922/909
f 915/927/914 1090/928/915 1452/926/913
f 1452/926/913 358/929/916 1106/923/910
f 964/930/917 1105/931/918 359/932/919
f 288/933/920 1453/934/921 964/930/917
f 934/935/922 959/922/909 1453/934/921
f 1453/934/921 354/924/911 1105/931/918
f 986/936/923 1104/937/924 361/938/925
f 307/939/926 1454/940/927 986/936/923
f 984/941/928 964/930/917 1454/940/927
f 1454/940/927 359/932/919 1104/937/924
f 987/942/929 1103/943/930 362/944/931
f 308/945/932 1455/946/933 987/942/929
f 980/947/934 986/936/923 1455/946/933
f 1455/946/933 361/938/925 1103/943/930
f 1168/948/935 1136/949/936 382/950/937
f 381/951/938 1456/952/939 1168/948/935
f 1456/952/939 239/953/940 865/954/941
f 1136/949/936 865/954/941 268/955/942
f 879/888/875 1037/883/870 249/842/829
f 258/956/943 1457/957/944 879/888/875
f 1039/958/945 878/959/946 1457/957/944
f 1457/957/944 255/864/851 1037/883/870
f 894/960/947 890/961/948 262/962/949
f 267/963/950 1458/964/951 894/960/947
f 901/965/952 896/966/953 1458/964/951
f 1458/964/951 264/967/954 890/961/948
f 893/968/955 891/969/956 270/970/957
f 269/971/958 1459/972/959 893/968/955
f 902/973/960 894/960/947 1459/972/959
f 1459/972/959 262/962/949 891/969/956
f 898/974/961 880/894/881 260/892/879
f 270/970/957 1460/975/962 898/974/961
f 891/969/956 895/976/963 1460/975/962
f 1460/975/962 259/885/872 880/894/881
f 895/976/963 887/887/874 259/885/872
f 262/962/949 1461/977/964 895/976/963
f 890/961/948 892/978/965 1461/977/964
f 1461/977/964 258/956/943 887/887/874
f 896/966/953 1040/979/966 264/967/954
f 265/980/967 1462/981/968 896/966/953
f 1041/982/969 897/983/970 1462/981/968
f 1462/981/968 266/984/971 1040/979/966
f 1167/985/972 1134/877/864 380/875/862
f 382/950/937 1463/986/973 1167/985/972
f 1136/949/936 899/987/974 1463/986/973
f 1463/986/973 238/988/975 1134/877/864
f 1083/989/976 888/900/887 342/898/885
f 343/990/977 1464/991/978 1083/989/976
f 905/992/979 898/974/961 1464/991/978
f 1464/991/978 260/892/879 888/900/887
f 1102/993/980 963/994/981 358/929/916
f 357/918/905 1465/995/982 1102/993/980
f 1089/917/904 953/996/983 1465/995/982
f 1465/995/982 297/997/984 963/994/981
f 1082/998/985 907/999/986 344/1000/987
f 343/990/977 1466/1001/988 1082/998/985
f 1063/1002/989 906/1003/990 1466/1001/988
f 1466/1001/988 272/1004/991 907/999/986
f 1166/1005/992 1135/1006/993 381/951/938
f 383/1007/994 1467/1008/995 1166/1005/992
f 1137/1009/996 908/1010/997 1467/1008/995
f 1467/1008/995 239/953/940 1135/1006/993
f 892/978/965 1039/958/945 258/956/943
f 264/967/954 1468/1011/998 892/978/965
f 1040/979/966 889/1012/999 1468/1011/998
f 1468/1011/998 257/1013/1000 1039/958/945
f 911/1014/1001 901/965/952 267/963/950
f 276/1015/1002 1469/1016/1003 911/1014/1001
f 917/1017/1004 909/1018/1005 1469/1016/1003
f 1469/1016/1003 265/980/967 901/965/952
f 914/1019/1006 902/973/960 269/971/958
f 277/1020/1007 1470/1021/1008 914/1019/1006
f 918/1022/1009 911/1014/1001 1470/1021/1008
f 1470/1021/1008 267/963/950 902/973/960
f 1081/1023/1010 1064/1024/1011 344/1000/987
f 345/1025/1012 1471/1026/1013 1081/1023/1010
f 1065/1027/1014 914/1019/1006 1471/1026/1013
f 1471/1026/1013 269/971/958 1064/1024/1011
f 1165/1028/1015 1137/1009/996 383/1007/994
f 384/1029/1016 1472/1030/1017 1165/1028/1015
f 1138/1031/1018 919/1032/1019 1472/1030/1017
f 1472/1030/1017 273/1033/1020 1137/1009/996
f 909/1018/1005 1041/982/969 265/980/967
f 275/1034/1021 1473/1035/1022 909/1018/1005
f 1042/1036/1023 910/1037/1024 1473/1035/1022
f 1473/1035/1022 263/1038/1025 1041/982/969
f 924/1039/1026 917/1017/1004 276/1015/1002
f 282/1040/1027 1474/1041/1028 924/1039/1026
f 927/1042/1029 920/1043/1030 1474/1041/1028
f 1474/1041/1028 275/1034/1021 917/1017/1004
f 923/1044/1031 918/1022/1009 277/1020/1007
f 923/1044/1031 922/1045/1032 1475/1046/1033
f 922/1045/1032 924/1039/1026 1475/1046/1033
f 1475/1046/1033 276/1015/1002 918/1022/1009
f 345/1025/1012 1476/1047/1034 1065/1027/1014
f 1080/1048/1035 1066/1049/1036 1476/1047/1034
f 1476/1047/1034 283/1050/1037 923/1044/1031
f 1065/1027/1014 923/1044/1031 277/1020/1007
f 1164/1051/1038 1138/1031/1018 384/1029/1016
f 385/1052/1039 1477/1053/1040 1164/1051/1038
f 1139/1054/1041 929/1055/1042 1477/1053/1040
f 1477/1053/1040 279/1056/1043 1138/1031/1018
f 920/1043/1030 1042/1036/1023 275/1034/1021
f 281/1057/1044 1478/1058/1045 920/1043/1030
f 1043/1059/1046 921/1060/1047 1478/1058/1045
f 1478/1058/1045 274/1061/1048 1042/1036/1023
f 932/1062/1049 927/1042/1029 282/1040/1027
f 932/1062/1049 937/1063/1050 1479/1064/1051
f 937/1063/1050 931/1065/1052 1479/1064/1051
f 1479/1064/1051 281/1057/1044 927/1042/1029
f 283/1050/1037 1480/1066/1053 922/1045/1032
f 935/1067/1054 938/1068/1055 1480/1066/1053
f 1480/1066/1053 287/1069/1056 932/1062/1049
f 1480/1066/1053 282/1040/1027 922/1045/1032
f 346/1070/1057 1481/1071/1058 1066/1049/1036
f 1079/1072/1059 1067/1073/1060 1481/1071/1058
f 1481/1071/1058 289/1074/1061 935/1067/1054
f 1066/1049/1036 935/1067/1054 283/1050/1037
f 1163/1075/1062 1139/1054/1041 385/1052/1039
f 386/1076/1063 1482/1077/1064 1163/1075/1062
f 1140/1078/1065 925/1079/1066 1482/1077/1064
f 1482/1077/1064 284/1080/1067 1139/1054/1041
f 931/1065/1052 1043/1059/1046 281/1057/1044
f 286/1081/1068 1483/1082/1069 931/1065/1052
f 1044/1083/1070 930/1084/1071 1483/1082/1069
f 1483/1082/1069 280/1085/1072 1043/1059/1046
f 287/1069/1056 1484/1086/1073 937/1063/1050
f 941/1087/1074 972/1088/1075 1484/1086/1073
f 1484/1086/1073 241/1089/1076 973/1090/1077
f 937/1063/1050 973/1090/1077 286/1081/1068
f 289/1074/1061 1485/1091/1078 938/1068/1055
f 983/1092/1079 978/1093/1080 1485/1091/1078
f 1485/1091/1078 292/1094/1081 941/1087/1074
f 938/1068/1055 941/1087/1074 287/1069/1056
f 347/1095/1082 1486/1096/1083 1067/1073/1060
f 1078/1097/1084 981/1098/1085 1486/1096/1083
f 1486/1096/1083 305/1099/1086 983/1092/1079
f 1067/1073/1060 983/1092/1079 289/1074/1061
f 417/1100/1087 1487/1101/1088 1205/1102/1089
f 1129/1103/1090 466/272/272 1487/1101/1088
f 1487/1101/1088 9/271/271 1186/1104/1091
f 1205/1102/1089 1186/1104/1091 411/1105/1092
f 411/1105/1092 1488/1106/1093 1204/1107/1094
f 1186/1104/1091 562/279/279 1488/1106/1093
f 1488/1106/1093 62/278/278 1180/1108/1095
f 1204/1107/1094 1180/1108/1095 405/1109/1096
f 405/1109/1096 1489/1110/1097 1203/1111/1098
f 1180/1108/1095 539/285/285 1489/1110/1097
f 1489/1110/1097 64/284/284 1181/1112/1099
f 1203/1111/1098 1181/1112/1099 406/1113/1100
f 406/1113/1100 1490/1114/1101 1202/1115/1102
f 1181/1112/1099 542/291/291 1490/1114/1101
f 1490/1114/1101 66/290/290 1182/1116/1103
f 1202/1115/1102 1182/1116/1103 407/1117/1104
f 407/1117/1104 1491/1118/1105 1201/1119/1106
f 1182/1116/1103 545/297/297 1491/1118/1105
f 1491/1118/1105 68/296/296 1183/1120/1107
f 1201/1119/1106 1183/1120/1107 408/1121/1108
f 408/1121/1108 1492/1122/1109 1200/1123/1110
f 1183/1120/1107 548/303/303 1492/1122/1109
f 1492/1122/1109 70/302/302 1184/1124/1111
f 1200/1123/1110 1184/1124/1111 409/1125/1112
f 409/1125/1112 1493/1126/1113 1199/1127/1114
f 1184/1124/1111 551/309/309 1493/1126/1113
f 1493/1126/1113 72/308/308 1185/1128/1115
f 1199/1127/1114 1185/1128/1115 410/1129/1116
f 410/1129/1116 1494/1130/1117 1198/1131/1118
f 1185/1128/1115 552/315/315 1494/1130/1117
f 1494/1130/1117 74/314/314 1187/1132/1119
f 1198/1131/1118 1187/1132/1119 412/1133/1120
f 412/1133/1120 1495/1134/1121 1197/1135/1122
f 1187/1132/1119 553/321/321 1495/1134/1121
f 1495/1134/1121 75/320/320 1188/1136/1123
f 1197/1135/1122 1188/1136/1123 413/1137/1124
f 415/1138/1125 1496/1139/1126 1190/1140/1127
f 1196/1141/1128 994/1142/1129 1496/1139/1126
f 1496/1139/1126 310/1143/1130 997/1144/1131
f 1190/1140/1127 997/1144/1131 315/1145/1132
f 387/1146/1133 1497/1147/1134 1141/1148/1135
f 386/1076/1063 1497/1147/1134 1162/1149/1136
f 943/1150/1137 970/1151/1138 1497/1147/1134
f 1141/1148/1135 970/1151/1138 301/1152/1139
f 389/1153/1140 1498/1154/1141 1143/1155/1142
f 1161/1156/1143 974/1157/1144 1498/1154/1141
f 1498/1154/1141 300/1158/1145 971/1159/1146
f 1143/1155/1142 971/1159/1146 316/1160/1147
f 973/1090/1077 1044/1083/1070 286/1081/1068
f 241/1089/1076 1499/1161/1148 973/1090/1077
f 1046/1162/1149 939/1163/1150 1499/1161/1148
f 1499/1161/1148 285/1164/1151 1044/1083/1070
f 290/1165/1152 1500/1166/1153 970/1151/1138
f 241/1089/1076 1500/1166/1153 1046/1162/1149
f 866/1167/1154 1047/1168/1155 1500/1166/1153
f 1500/1166/1153 301/1152/1139 970/1151/1138
f 972/1088/1075 866/1167/1154 241/1089/1076
f 292/1094/1081 1501/1169/1156 972/1088/1075
f 976/1170/1157 975/1171/1158 1501/1169/1156
f 1501/1169/1156 302/1172/1159 866/1167/1154
f 1005/1173/1160 996/1174/1161 314/1175/1162
f 317/1176/1163 1502/1177/1164 1005/1173/1160
f 988/1178/1165 985/1179/1166 1502/1177/1164
f 1502/1177/1164 303/1180/1167 996/1174/1161
f 978/1093/1080 976/1170/1157 292/1094/1081
f 305/1099/1086 1503/1181/1168 978/1093/1080
f 977/1182/1169 979/1183/1170 1503/1181/1168
f 1503/1181/1168 304/1184/1171 976/1170/1157
f 1068/1185/1172 1077/1186/1173 348/1187/1174
f 307/939/926 1504/1188/1175 1068/1185/1172
f 980/947/934 982/1189/1176 1504/1188/1175
f 1504/1188/1175 349/1190/1177 1077/1186/1173
f 364/1191/1178 1505/1192/1179 1096/1193/1180
f 1101/1194/1181 993/1195/1182 1505/1192/1179
f 1505/1192/1179 312/1196/1183 1000/1197/1184
f 1096/1193/1180 1000/1197/1184 318/1198/1185
f 1003/1199/1186 1001/1200/1187 319/1201/1188
f 317/1176/1163 1506/1202/1189 1003/1199/1186
f 999/1203/1190 979/1183/1170 1506/1202/1189
f 1506/1202/1189 306/1204/1191 1001/1200/1187
f 351/1205/1192 1507/1206/1193 1071/1207/1194
f 1076/1208/1195 1070/1209/1196 1507/1206/1193
f 1507/1206/1193 311/1210/1197 991/1211/1198
f 1071/1207/1194 991/1211/1198 319/1201/1188
f 349/1190/1177 1508/1212/1199 1069/1213/1200
f 1075/1214/1201 1071/1207/1194 1508/1212/1199
f 1508/1212/1199 319/1201/1188 1001/1200/1187
f 1069/1213/1200 1001/1200/1187 306/1204/1191
f 992/1215/1202 991/1211/1198 311/1210/1197
f 309/1216/1203 1509/1217/1204 992/1215/1202
f 988/1178/1165 1003/1199/1186 1509/1217/1204
f 1509/1217/1204 319/1201/1188 991/1211/1198
f 362/944/931 1510/1218/1205 987/942/929
f 1100/1219/1206 1096/1193/1180 1510/1218/1205
f 1510/1218/1205 318/1198/1185 990/1220/1207
f 987/942/929 990/1220/1207 308/945/932
f 975/1171/1158 942/1221/1208 302/1172/1159
f 304/1184/1171 1511/1222/1209 975/1171/1158
f 999/1203/1190 1005/1173/1160 1511/1222/1209
f 1511/1222/1209 314/1175/1162 942/1221/1208
f 314/1175/1162 1512/1223/1210 1048/1224/1211
f 996/1174/1161 1045/1225/1212 1512/1223/1210
f 1512/1223/1210 291/1226/1213 940/1227/1214
f 1048/1224/1211 940/1227/1214 313/1228/1215
f 387/1146/1133 1513/1229/1216 969/1230/1217
f 1160/1231/1218 1143/1155/1142 1513/1229/1216
f 1513/1229/1216 316/1160/1147 998/1232/1219
f 969/1230/1217 998/1232/1219 242/1233/1220
f 1195/1234/1221 967/1235/1222 413/1137/1124
f 1195/1234/1221 1190/1140/1127 1514/1236/1223
f 1514/1236/1223 315/1145/1132 944/1237/1224
f 1514/1236/1223 244/1238/1225 967/1235/1222
f 1159/1239/1226 1145/1240/1227 391/1241/1228
f 1159/1239/1226 1008/1242/1229 1515/1243/1230
f 1515/1243/1230 321/1244/1231 1009/1245/1232
f 1145/1240/1227 1009/1245/1232 323/1246/1233
f 443/1247/1234 1516/1248/1235 1248/1249/1236
f 1158/1250/1237 1145/1240/1227 1516/1251/1235
f 1516/1251/1235 323/1246/1233 1011/1252/1238
f 1248/1249/1236 1011/1253/1238 442/1254/1239
f 447/1255/1240 1517/1256/1241 1254/1257/1242
f 1157/1258/1243 1149/1259/1244 1517/1256/1241
f 1517/1256/1241 324/1260/1245 1013/1261/1246
f 1254/1257/1242 1013/1261/1246 446/1262/1247
f 1156/1263/1248 1150/1264/1249 396/1265/1250
f 392/1266/1251 1518/1267/1252 1156/1263/1248
f 1146/1268/1253 874/1269/1254 1518/1267/1252
f 1518/1267/1252 367/1270/1255 1150/1264/1249
f 293/1271/1256 1519/1272/1257 1022/1273/1258
f 360/901/888 1519/1272/1257 1092/1274/1259
f 1519/1272/1257 369/867/854 1131/1275/1260
f 1022/1273/1258 1131/1275/1260 373/1276/1261
f 302/1172/1159 1520/1277/1262 1047/1168/1155
f 942/1221/1208 1048/1224/1211 1520/1277/1262
f 1520/1277/1262 313/1228/1215 995/1278/1263
f 1047/1168/1155 995/1278/1263 301/1152/1139
f 379/1279/1264 1521/1280/1265 876/1281/1266
f 1155/1282/1267 1147/1283/1268 1521/1280/1265
f 1147/1283/1268 1116/1284/1269 1521/1280/1265
f 876/1281/1266 1116/1284/1269 256/1285/1270
f 1073/1286/1271 1121/1287/1272 353/1288/1273
f 329/1289/1274 1522/1290/1275 1073/1286/1271
f 1117/1291/1276 1072/855/842 1522/1290/1275
f 1522/1290/1275 352/1292/1277 1121/1287/1272
f 365/1293/1278 1523/1294/1279 1122/1295/1280
f 1097/1296/1281 1114/1297/1282 1523/1294/1279
f 1523/1294/1279 243/1298/1283 1098/1299/1284
f 1122/1295/1280 1098/1299/1284 366/872/859
f 1154/1300/1285 1259/1301/1286 450/1302/1287
f 394/1303/1288 1524/1304/1289 1154/1300/1285
f 1148/1305/1290 1029/1306/1291 1524/1304/1289
f 1524/1304/1289 449/1307/1292 1259/1301/1286
f 416/1308/1293 1525/1309/1294 1194/1310/1295
f 1191/1311/1296 719/500/498 1525/1309/1294
f 1525/1309/1294 105/499/497 883/1312/1297
f 1194/1310/1295 883/1312/1297 404/1313/1298
f 327/1314/1299 1526/1315/1300 1118/1316/1301
f 1023/1317/1302 1119/1318/1303 1526/1315/1300
f 1526/1315/1300 333/846/833 1031/1319/1304
f 1118/1316/1301 1031/1319/1304 247/1320/1305
f 332/1321/1306 1527/1322/1307 1119/1318/1303
f 334/1323/1308 1527/1322/1307 1030/1324/1309
f 1527/1322/1307 250/1325/1310 1035/848/835
f 1119/1318/1303 1035/848/835 333/846/833
f 1177/1326/1311 1178/1327/1312 403/1328/1313
f 115/521/519 1528/1329/1314 1177/1326/1311
f 650/520/518 1051/1330/1315 1528/1329/1314
f 1528/1329/1314 402/1331/1316 1178/1327/1312
f 1172/1332/1317 1173/1333/1318 399/1334/1319
f 335/1335/1320 1529/1336/1321 1172/1332/1317
f 1054/1337/1322 1053/1338/1323 1529/1336/1321
f 1529/1336/1321 398/1339/1324 1173/1333/1318
f 1058/1340/1325 1060/1341/1326 339/1342/1327
f 337/1343/1328 1530/1344/1329 1058/1340/1325
f 1057/1345/1330 1056/1346/1331 1530/1344/1329
f 1530/1344/1329 340/1347/1332 1060/1341/1326
f 1050/1348/1333 1010/1349/1334 322/1350/1335
f 339/1342/1327 1531/1351/1336 1050/1348/1333
f 1060/1341/1326 1059/1352/1337 1531/1351/1336
f 1531/1351/1336 320/1353/1338 1010/1349/1334
f 1049/1354/1339 1116/1284/1269 325/1355/1340
f 327/1314/1299 1532/1356/1341 1049/1354/1339
f 1118/1316/1301 1038/1357/1342 1532/1356/1341
f 1532/1356/1341 256/1285/1270 1116/1284/1269
f 308/945/932 1533/1358/1343 982/1189/1176
f 990/1220/1207 1002/1359/1344 1533/1358/1343
f 1533/1358/1343 351/1205/1192 1075/1214/1201
f 1533/1358/1343 349/1190/1177 982/1189/1176
f 318/1198/1185 1534/1360/1345 1002/1359/1344
f 1000/1197/1184 989/1361/1346 1534/1360/1345
f 1534/1360/1345 350/1362/1347 1076/1208/1195
f 1002/1359/1344 1076/1208/1195 351/1205/1192
f 981/1098/1085 977/1182/1169 305/1099/1086
f 348/1187/1174 1535/1363/1348 981/1098/1085
f 1077/1186/1173 1069/1213/1200 1535/1363/1348
f 1535/1363/1348 306/1204/1191 977/1182/1169
f 288/933/920 1536/1364/1349 933/1365/1350
f 984/941/928 1068/1185/1172 1536/1364/1349
f 1536/1364/1349 348/1187/1174 1078/1097/1084
f 933/1365/1350 1078/1097/1084 347/1095/1082
f 246/925/912 1537/1366/1351 928/1367/1352
f 934/935/922 933/1365/1350 1537/1366/1351
f 1537/1366/1351 347/1095/1082 1079/1072/1059
f 928/1367/1352 1079/1072/1059 346/1070/1057
f 278/1368/1353 1538/1369/1354 912/1370/1355
f 915/927/914 928/1367/1352 1538/1369/1354
f 1538/1369/1354 346/1070/1057 1080/1048/1035
f 912/1370/1355 1080/1048/1035 345/1025/1012
f 913/1371/1356 907/999/986 272/1004/991
f 278/1368/1353 1539/1372/1357 913/1371/1356
f 912/1370/1355 1081/1023/1010 1539/1372/1357
f 1539/1372/1357 344/1000/987 907/999/986
f 893/968/955 1064/1024/1011 269/971/958
f 270/970/957 1540/1373/1358 893/968/955
f 905/992/979 1082/998/985 1540/1373/1358
f 1540/1373/1358 344/1000/987 1064/1024/1011
f 904/1374/1359 1062/1375/1360 261/1376/1361
f 271/1377/1362 1541/1378/1363 904/1374/1359
f 1063/1002/989 1083/989/976 1541/1378/1363
f 1541/1378/1363 342/898/885 1062/1375/1360
f 884/907/894 1061/1379/1364 252/908/895
f 261/1376/1361 1542/1380/1365 884/907/894
f 1062/1375/1360 1084/895/882 1542/1380/1365
f 1542/1380/1365 341/897/884 1061/1379/1364
f 1036/849/836 1130/1381/1366 375/850/837
f 1036/849/836 1025/1382/1367 1543/1383/1368
f 1543/1383/1368 352/1292/1277 1085/854/841
f 1130/1381/1366 1085/854/841 370/851/838
f 1033/1384/1369 1120/1385/1370 334/1323/1308
f 353/1288/1273 1544/1386/1371 1033/1384/1369
f 1121/1287/1272 1025/1382/1367 1544/1386/1371
f 1544/1386/1371 250/1325/1310 1120/1385/1370
f 244/1238/1225 1545/1387/1372 1094/1388/1373
f 944/1237/1224 1004/1389/1374 1545/1387/1372
f 1545/1387/1372 364/1191/1178 1100/1219/1206
f 1094/1388/1373 1100/1219/1206 362/944/931
f 315/1145/1132 1546/1390/1375 1004/1389/1374
f 997/1144/1131 1095/1391/1376 1546/1390/1375
f 1546/1390/1375 363/1392/1377 1101/1194/1181
f 1004/1389/1374 1101/1194/1181 364/1191/1178
f 913/1371/1356 1090/928/915 278/1368/1353
f 272/1004/991 1547/1393/1378 913/1371/1356
f 962/1394/1379 1102/993/980 1547/1393/1378
f 1547/1393/1378 358/929/916 1090/928/915
f 244/1238/1225 1548/1395/1380 868/1396/1381
f 362/944/931 1548/1395/1380 1094/1388/1373
f 1103/943/930 1093/1397/1382 1548/1395/1380
f 868/1396/1381 1093/1397/1382 245/1398/1383
f 245/1398/1383 1549/1399/1384 958/1400/1385
f 361/938/925 1549/1399/1384 1093/1397/1382
f 1104/937/924 1091/1401/1386 1549/1399/1384
f 958/1400/1385 1091/1401/1386 299/1402/1387
f 299/1402/1387 1550/1403/1388 957/1404/1389
f 359/932/919 1550/1403/1388 1091/1401/1386
f 1105/931/918 1086/1405/1390 1550/1403/1388
f 957/1404/1389 1086/1405/1390 298/1406/1391
f 298/1406/1391 1551/1407/1392 955/1408/1393
f 354/924/911 1551/1407/1392 1086/1405/1390
f 1551/1407/1392 358/929/916 963/994/981
f 955/1408/1393 963/994/981 297/997/984
f 906/1003/990 962/1394/1379 272/1004/991
f 271/1377/1362 1552/1409/1394 906/1003/990
f 1088/1410/1395 1107/916/903 1552/1409/1394
f 1552/1409/1394 357/918/905 962/1394/1379
f 904/1374/1359 1088/1410/1395 271/1377/1362
f 261/1376/1361 1553/1411/1396 904/1374/1359
f 1087/906/893 1108/909/896 1553/1411/1396
f 1553/1411/1396 356/911/898 1088/1410/1395
f 947/1412/1397 1092/1274/1259 293/1271/1256
f 294/1413/1398 1554/1414/1399 947/1412/1397
f 1554/1414/1399 355/904/891 1109/905/892
f 1092/1274/1259 1109/905/892 360/901/888
f 373/1276/1261 1555/1415/1400 945/1416/1401
f 1131/1275/1260 885/869/856 1555/1415/1400
f 1555/1415/1400 366/872/859 1098/1299/1284
f 945/1416/1401 1098/1299/1284 243/1298/1283
f 1153/1417/1402 1245/1418/1403 441/1419/1404
f 396/1265/1250 1556/1420/1405 1153/1417/1402
f 1150/1264/1249 1111/1421/1406 1556/1420/1405
f 1556/1420/1405 440/1422/1407 1245/1418/1403
f 247/1320/1305 1557/1423/1408 870/1424/1409
f 1031/1319/1304 1016/843/830 1557/1423/1408
f 1557/1423/1408 371/845/832 1123/838/825
f 870/1424/1409 1123/838/825 376/835/822
f 1034/839/826 872/890/877 248/840/827
f 371/845/832 1558/1425/1410 1034/839/826
f 1124/844/831 871/1426/1411 1558/1425/1410
f 1558/1425/1410 251/891/878 872/890/877
f 1014/1427/1412 1061/1379/1364 341/897/884
f 1014/1427/1412 1125/853/840 1559/1428/1413
f 1125/853/840 1026/1429/1414 1559/1428/1413
f 1559/1428/1413 252/908/895 1061/1379/1364
f 379/1279/1264 1560/1430/1415 1152/1431/1416
f 876/1281/1266 877/1432/1417 1560/1430/1415
f 1560/1430/1415 374/880/867 1126/862/849
f 1152/1431/1416 1126/862/849 397/859/846
f 968/903/890 1110/1433/1418 360/901/888
f 968/903/890 1026/1429/1414 1561/1434/1419
f 1561/1434/1419 372/858/845 1127/870/857
f 1110/1433/1418 1127/870/857 369/867/854
f 256/1285/1270 1562/1435/1420 877/1432/1417
f 1038/1357/1342 870/1424/1409 1562/1435/1420
f 1562/1435/1420 376/835/822 1128/882/869
f 877/1432/1417 1128/882/869 374/880/867
f 404/1313/1298 1563/1436/1421 1193/1437/1422
f 883/1312/1297 626/630/628 1563/1436/1421
f 1563/1436/1421 155/273/273 1129/1103/1090
f 1193/1437/1422 1129/1103/1090 417/1100/1087
f 871/1426/1411 873/896/883 251/891/878
f 871/1426/1411 1130/1381/1366 1564/1438/1423
f 1564/1438/1423 370/851/838 1014/1427/1412
f 873/896/883 1014/1427/1412 341/897/884
f 1020/1439/1424 1117/1291/1276 329/1289/1274
f 1020/1439/1424 1122/1295/1280 1565/1440/1425
f 1565/1440/1425 366/872/859 1024/871/858
f 1565/1440/1425 328/856/843 1117/1291/1276
f 235/1441/1426 1566/1442/1427 1099/1443/1428
f 1133/1444/1429 1152/1431/1416 1566/1442/1427
f 1566/1442/1427 397/859/846 1151/1445/1430
f 1566/1442/1427 377/1446/1431 1099/1443/1428
f 1241/1447/1432 1244/1448/1433 439/1449/1434
f 368/1450/1435 1567/1451/1436 1241/1447/1432
f 1113/1452/1437 1153/1417/1402 1567/1451/1436
f 1567/1451/1436 441/1419/1404 1244/1448/1433
f 1255/1453/1438 1258/1454/1439 448/1455/1440
f 330/1456/1441 1568/1457/1442 1255/1453/1438
f 1027/1458/1443 1154/1300/1285 1568/1457/1442
f 1568/1457/1442 450/1302/1287 1258/1454/1439
f 235/1441/1426 1569/1459/1444 1133/1444/1429
f 1115/1460/1445 1018/1461/1446 1569/1459/1444
f 1569/1459/1444 393/1462/1447 1155/1282/1267
f 1133/1444/1429 1155/1282/1267 379/1279/1264
f 1112/1463/1448 1113/1452/1437 368/1450/1435
f 236/1464/1449 1570/1465/1450 1112/1463/1448
f 1015/1466/1451 1156/1263/1248 1570/1465/1450
f 1570/1465/1450 396/1265/1250 1113/1452/1437
f 322/1350/1335 1571/1467/1452 1012/1468/1453
f 1010/1349/1334 1144/1469/1454 1571/1467/1452
f 1571/1467/1452 390/1470/1455 1159/1239/1226
f 1012/1468/1453 1159/1239/1226 391/1241/1228
f 301/1152/1139 1572/1471/1456 1141/1148/1135
f 995/1278/1263 1006/1472/1457 1572/1471/1456
f 1572/1471/1456 389/1153/1140 1160/1231/1218
f 1141/1148/1135 1160/1231/1218 387/1146/1133
f 313/1228/1215 1573/1473/1458 1006/1472/1457
f 940/1227/1214 1142/1474/1459 1573/1473/1458
f 1573/1473/1458 388/1475/1460 1161/1156/1143
f 1006/1472/1457 1161/1156/1143 389/1153/1140
f 867/1476/1461 969/1230/1217 242/1233/1220
f 240/1477/1462 1574/1478/1463 867/1476/1461
f 1140/1078/1065 1162/1149/1136 1574/1478/1463
f 1574/1478/1463 387/1146/1133 969/1230/1217
f 939/1163/1150 936/1479/1464 285/1164/1151
f 290/1165/1152 1575/1480/1465 939/1163/1150
f 943/1150/1137 1163/1075/1062 1575/1480/1465
f 1575/1480/1465 385/1052/1039 936/1479/1464
f 930/1084/1071 926/1481/1466 280/1085/1072
f 285/1164/1151 1576/1482/1467 930/1084/1071
f 936/1479/1464 1164/1051/1038 1576/1482/1467
f 1576/1482/1467 384/1029/1016 926/1481/1466
f 921/1060/1047 916/1483/1468 274/1061/1048
f 280/1085/1072 1577/1484/1469 921/1060/1047
f 926/1481/1466 1165/1028/1015 1577/1484/1469
f 1577/1484/1469 383/1007/994 916/1483/1468
f 910/1037/1024 900/1485/1470 263/1038/1025
f 274/1061/1048 1578/1486/1471 910/1037/1024
f 916/1483/1468 1166/1005/992 1578/1486/1471
f 1578/1486/1471 381/951/938 900/1485/1470
f 889/1012/999 886/1487/1472 257/1013/1000
f 266/984/971 1579/1488/1473 889/1012/999
f 903/1489/1474 1167/985/972 1579/1488/1473
f 1579/1488/1473 380/875/862 886/1487/1472
f 897/983/970 903/1489/1474 266/984/971
f 263/1038/1025 1580/1490/1475 897/983/970
f 900/1485/1470 1168/948/935 1580/1490/1475
f 1580/1490/1475 382/950/937 903/1489/1474
f 878/959/946 875/865/852 255/864/851
f 257/1013/1000 1581/1491/1476 878/959/946
f 886/1487/1472 1169/873/860 1581/1491/1476
f 1581/1491/1476 378/866/853 875/865/852
f 1151/1445/1430 863/1492/1477 377/1446/1431
f 1151/1445/1430 1170/861/848 1582/1493/1478
f 1582/1493/1478 378/866/853 1132/874/861
f 1582/1493/1478 237/879/866 863/1492/1477
f 401/1494/1479 1583/1495/1480 1228/1496/1481
f 1176/1497/1482 1174/1498/1483 1583/1495/1480
f 1583/1495/1480 403/1328/1313 1178/1327/1312
f 1228/1496/1481 1178/1327/1312 402/1331/1316
f 1055/1499/1484 1057/1345/1330 337/1343/1328
f 399/1334/1319 1584/1500/1485 1055/1499/1484
f 1173/1333/1318 1171/1501/1486 1584/1500/1485
f 1584/1500/1485 338/1502/1487 1057/1345/1330
f 1052/1503/1488 1054/1337/1322 335/1335/1320
f 400/1504/1489 1585/1505/1490 1052/1503/1488
f 1176/1497/1482 1175/1506/1491 1585/1505/1490
f 1585/1505/1490 336/1507/1492 1054/1337/1322
f 243/1298/1283 1586/1508/1493 945/1416/1401
f 1179/1509/1494 1193/1437/1422 1586/1508/1493
f 1586/1508/1493 417/1100/1087 1192/1510/1495
f 945/1416/1401 1192/1510/1495 373/1276/1261
f 253/1511/1496 1587/1512/1497 1114/1297/1282
f 1019/1513/1498 1194/1310/1295 1587/1512/1497
f 1587/1512/1497 404/1313/1298 1179/1509/1494
f 1114/1297/1282 1179/1509/1494 243/1298/1283
f 566/705/703 1188/1136/1123 75/320/320
f 566/705/703 1007/1514/1499 1588/1515/1500
f 1588/1515/1500 415/1138/1125 1195/1234/1221
f 1588/1515/1500 413/1137/1124 1188/1136/1123
f 93/708/706 1589/1516/1501 1007/1514/1499
f 596/710/708 1189/1517/1502 1589/1516/1501
f 1589/1516/1501 414/1518/1503 1196/1141/1128
f 1007/1514/1499 1196/1141/1128 415/1138/1125
f 245/1398/1383 1590/1519/1504 868/1396/1381
f 966/1520/1505 1197/1135/1122 1590/1519/1504
f 1590/1519/1504 413/1137/1124 967/1235/1222
f 868/1396/1381 967/1235/1222 244/1238/1225
f 299/1402/1387 1591/1521/1506 958/1400/1385
f 956/1522/1507 1198/1131/1118 1591/1521/1506
f 1591/1521/1506 412/1133/1120 966/1520/1505
f 958/1400/1385 966/1520/1505 245/1398/1383
f 298/1406/1391 1592/1523/1508 957/1404/1389
f 954/1524/1509 1199/1127/1114 1592/1523/1508
f 1592/1523/1508 410/1129/1116 956/1522/1507
f 957/1404/1389 956/1522/1507 299/1402/1387
f 297/997/984 1593/1525/1510 955/1408/1393
f 952/1526/1511 1200/1123/1110 1593/1525/1510
f 1593/1525/1510 409/1125/1112 954/1524/1509
f 955/1408/1393 954/1524/1509 298/1406/1391
f 296/921/908 1594/1527/1512 953/996/983
f 950/1528/1513 1201/1119/1106 1594/1527/1512
f 1594/1527/1512 408/1121/1108 952/1526/1511
f 953/996/983 952/1526/1511 297/997/984
f 295/915/902 1595/1529/1514 951/920/907
f 948/1530/1515 1202/1115/1102 1595/1529/1514
f 1595/1529/1514 407/1117/1104 950/1528/1513
f 951/920/907 950/1528/1513 296/921/908
f 294/1413/1398 1596/1531/1516 949/914/901
f 946/1532/1517 1203/1111/1098 1596/1531/1516
f 1596/1531/1516 406/1113/1100 948/1530/1515
f 949/914/901 948/1530/1515 295/915/902
f 293/1271/1256 1597/1533/1518 947/1412/1397
f 965/1534/1519 1204/1107/1094 1597/1533/1518
f 1597/1533/1518 405/1109/1096 946/1532/1517
f 947/1412/1397 946/1532/1517 294/1413/1398
f 373/1276/1261 1598/1535/1520 1022/1273/1258
f 1192/1510/1495 1205/1102/1089 1598/1535/1520
f 1598/1535/1520 411/1105/1092 965/1534/1519
f 1022/1273/1258 965/1534/1519 293/1271/1256
f 1208/1536/1521 1148/1305/1290 394/1303/1288
f 420/1537/1522 1599/1538/1523 1208/1536/1521
f 1207/1539/1524 1209/1540/1525 1599/1538/1523
f 1599/1538/1523 331/1541/1526 1148/1305/1290
f 1210/1542/1527 1027/1458/1443 330/1456/1441
f 418/1543/1528 1600/1544/1529 1210/1542/1527
f 1206/1545/1530 1208/1536/1521 1600/1544/1529
f 1600/1544/1529 394/1303/1288 1027/1458/1443
f 423/1546/1531 1601/1547/1532 1216/1548/1533
f 1214/1549/1534 1211/1550/1535 1601/1547/1532
f 1601/1547/1532 421/1551/1536 1213/1552/1537
f 1216/1548/1533 1213/1552/1537 424/1553/1538
f 419/1554/1539 1602/1555/1540 1209/1540/1525
f 1212/1556/1541 1216/1548/1533 1602/1555/1540
f 1602/1555/1540 424/1553/1538 1215/1557/1542
f 1209/1540/1525 1215/1557/1542 331/1541/1526
f 422/1558/1543 1603/1559/1544 1211/1550/1535
f 426/1560/1545 1603/1559/1544 1218/1561/1546
f 1217/1562/1547 1219/1563/1548 1603/1559/1544
f 1211/1550/1535 1219/1563/1548 421/1551/1536
f 1221/1564/1549 1217/1562/1547 426/1560/1545
f 428/1565/1550 1604/1566/1551 1221/1564/1549
f 1220/1567/1552 1222/1568/1553 1604/1566/1551
f 1604/1566/1551 425/1569/1554 1217/1562/1547
f 1225/1570/1555 1227/1571/1556 429/1572/1557
f 212/1573/768 1605/1574/1558 1225/1570/1555
f 825/1575/767 1224/1576/1559 1605/1574/1558
f 1605/1574/1558 430/1577/1560 1227/1571/1556
f 1223/1578/1561 1220/1567/1552 428/1565/1550
f 429/1572/1557 1606/1579/1562 1223/1578/1561
f 1227/1571/1556 1226/1580/1563 1606/1579/1562
f 1606/1579/1562 427/1581/1564 1220/1567/1552
f 445/1582/1565 1607/1583/1566 1251/1584/1567
f 1232/1585/1568 1235/1586/1569 1607/1583/1566
f 1607/1583/1566 431/1587/1570 1229/1588/1571
f 1251/1584/1567 1229/1588/1571 444/1589/1572
f 434/1590/1573 1608/1591/1574 1235/1586/1569
f 1233/1592/1575 1236/1593/1576 1608/1591/1574
f 1608/1591/1574 432/1594/1577 1230/1595/1578
f 1235/1586/1569 1230/1595/1578 431/1587/1570
f 435/1596/1579 1609/1597/1580 1236/1593/1576
f 1234/1598/1581 1237/1599/1582 1609/1597/1580
f 1609/1597/1580 433/1600/1583 1231/1601/1584
f 1236/1593/1576 1231/1601/1584 432/1594/1577
f 436/1602/1585 1610/1603/1586 1237/1599/1582
f 1239/1604/1587 1240/1605/1588 1610/1603/1586
f 1610/1603/1586 437/1606/1589 1238/1607/1590
f 1237/1599/1582 1238/1607/1590 433/1600/1583
f 326/1608/1591 1611/1609/1592 1018/1610/1446
f 1017/1611/1593 1244/1448/1433 1611/1609/1592
f 1611/1609/1592 441/1419/1404 1243/1612/1594
f 1018/1610/1446 1243/1612/1594 393/1613/1447
f 393/1613/1447 1612/1614/1595 1147/1615/1268
f 1243/1612/1594 1245/1418/1403 1612/1614/1595
f 1612/1614/1595 440/1422/1407 1242/1616/1596
f 1147/1615/1268 1242/1616/1596 325/1617/1340
f 438/1618/1597 1613/1619/1598 1240/1605/1588
f 1247/1620/1599 1248/1249/1236 1613/1619/1598
f 1613/1619/1598 442/1254/1239 1246/1621/1600
f 1240/1605/1588 1246/1621/1600 437/1606/1589
f 395/1622/1601 1614/1623/1602 1149/1259/1244
f 1250/1624/1603 1251/1584/1567 1614/1623/1602
f 1614/1623/1602 444/1589/1572 1249/1625/1604
f 1149/1259/1244 1249/1625/1604 324/1260/1245
f 388/1626/1460 1615/1627/1605 974/1628/1144
f 1253/1629/1606 1254/1257/1242 1615/1627/1605
f 1615/1627/1605 446/1262/1247 1252/1630/1607
f 974/1628/1144 1252/1630/1607 300/1631/1145
f 1028/1632/1608 1015/1466/1451 236/1464/1449
f 448/1455/1440 1616/1633/1609 1028/1634/1608
f 1258/1454/1439 1257/1635/1610 1616/1633/1609
f 1616/1636/1609 392/1266/1251 1015/1466/1451
f 1257/1637/1610 1146/1268/1253 392/1266/1251
f 450/1302/1287 1617/1638/1611 1257/1635/1610
f 1259/1301/1286 1256/1639/1612 1617/1638/1611
f 1617/1640/1611 254/1641/1613 1146/1268/1253
f 159/1642/1614 1750/1643/1615 451/1644/1615
f 451/1644/1615 1620/1645/1616 3/1646/1616
f 452/1647/1617 1620/1645/1616 1751/1648/1618
f 452/1647/1617 1621/1649/1619 4/1650/1620
f 36/1651/1621 1752/1652/1622 453/1653/1623
f 453/1654/1623 1622/1655/1624 5/1656/1624
f 6/1657/1625 1753/1658/1626 455/1659/1626
f 455/1659/1626 1624/1660/1627 8/1661/1627
f 462/1662/1628 1652/1663/1629 1754/1664/1630
f 22/1665/1631 1754/1664/1630 1627/1666/1632
f 4/1650/1620 1755/1667/1633 488/1668/1634
f 36/1651/1621 1755/1667/1633 1628/1669/1635
f 497/1670/1636 1622/1655/1624 1756/1671/1636
f 41/1672/1637 1756/1671/1636 1629/1673/1637
f 41/1672/1637 1757/1674/1638 508/1675/1639
f 508/1675/1639 1630/1676/1640 47/1677/1640
f 52/1678/1641 1758/1679/1642 514/1680/1643
f 514/1680/1643 1623/1681/1644 6/1657/1625
f 518/1682/1645 1630/1676/1640 1759/1683/1645
f 52/1678/1641 1759/1683/1645 1631/1684/1641
f 94/1685/1646 1760/1686/1647 569/1687/1647
f 569/1687/1647 1632/1688/1648 77/1689/1649
f 597/1690/1650 1624/1660/1627 1761/1691/1651
f 94/1685/1646 1761/1691/1651 1633/1692/1652
f 172/1693/1653 1762/1694/1654 1655/1695/1655
f 607/1696/1656 1635/1697/1657 1762/1694/1654
f 101/1698/1658 1763/1699/1659 608/1700/1660
f 99/1701/1661 1763/1699/1659 1635/1697/1657
f 226/1702/1662 1764/1703/1663 610/1704/1664
f 610/1704/1664 1636/1705/1665 101/1698/1658
f 612/1706/1666 1683/1707/1667 1765/1708/1668
f 102/1709/1669 1765/1708/1668 1637/1710/1670
f 616/1711/1671 1679/1712/1672 1766/1713/1671
f 616/1711/1671 1639/1714/1673 104/1715/1674
f 198/1716/1675 1767/1717/1676 618/1718/1677
f 618/1718/1677 1626/1719/1678 21/1720/1678
f 619/1721/1679 1651/1722/1680 1768/1723/1681
f 108/1724/1682 1768/1723/1681 1641/1725/1683
f 111/1726/1684 1769/1727/1685 622/1728/1686
f 622/1728/1686 1640/1729/1687 106/1730/1688
f 232/1731/1689 1770/1732/1690 628/1733/1691
f 2/1734/1692 1770/1735/1690 1619/1736/1692
f 233/1737/1693 1771/1738/1694 629/1739/1695
f 629/1740/1696 1643/1741/1697 110/1742/1698
f 113/1743/1699 1772/1744/1700 630/1745/1701
f 630/1745/1701 1644/1746/1702 111/1726/1684
f 633/1747/1703 1650/1748/1704 1773/1749/1705
f 633/1747/1703 1645/1750/1706 113/1743/1699
f 649/1751/1707 1640/1729/1687 1774/1752/1708
f 649/1751/1707 1638/1753/1709 103/1754/1710
f 184/1755/1711 1775/1756/1712 652/1757/1713
f 652/1757/1713 1646/1758/1714 114/1759/1714
f 180/1760/1715 1776/1761/1716 654/1762/1717
f 654/1762/1717 1647/1763/1718 117/1764/1718
f 121/1765/1719 1777/1766/1720 657/1767/1721
f 657/1768/1721 1648/1769/1722 119/1770/1723
f 98/1771/1724 1778/1772/1725 660/1773/1726
f 660/1773/1726 1649/1774/1727 121/1765/1719
f 674/1775/1728 1641/1725/1683 1779/1776/1729
f 134/1777/1730 1779/1776/1729 1650/1748/1704
f 698/1778/1731 1626/1719/1678 1780/1779/1732
f 146/1780/1733 1780/1779/1732 1651/1722/1680
f 700/1781/1734 1618/1782/1735 1781/1783/1736
f 159/1642/1614 1781/1783/1736 1654/1784/1737
f 224/1785/1738 1782/1786/1739 712/1787/1740
f 712/1787/1740 1652/1663/1629 148/1788/1629
f 2/1734/1692 1783/1789/1741 713/1790/1741
f 713/1790/1741 1653/1791/1742 149/1792/1742
f 104/1715/1674 1784/1793/1743 716/1794/1744
f 716/1794/1744 1618/1782/1735 1/1795/1745
f 98/1771/1724 1785/1796/1746 1634/1797/1724
f 746/1798/1747 1655/1695/1655 1785/1796/1746
f 119/1770/1723 1786/1799/1748 773/1800/1749
f 773/1800/1749 1656/1801/1750 180/1760/1715
f 117/1764/1718 1787/1802/1751 777/1803/1752
f 183/1804/1753 1787/1802/1751 1657/1805/1754
f 10/1806/1755 1788/1807/1756 793/1808/1757
f 793/1808/1757 1659/1809/1758 198/1716/1675
f 808/1810/1759 1662/1811/1760 1789/1812/1761
f 200/1813/1762 1789/1812/1761 1660/1814/1762
f 809/1815/1763 1661/1816/1764 1790/1817/1765
f 202/1818/1766 1790/1817/1765 1662/1819/1760
f 200/1813/1767 1791/1820/1768 812/1821/1769
f 812/1821/1769 1642/1822/1770 109/1823/1771
f 814/1824/1772 1665/1825/1773 1792/1826/1774
f 201/1827/1775 1792/1826/1774 1661/1816/1764
f 815/1828/1776 1666/1829/1777 1793/1830/1778
f 203/1831/1779 1793/1830/1778 1663/1832/1780
f 816/1833/1781 1664/1834/1782 1794/1835/1783
f 205/1836/1784 1794/1835/1783 1665/1825/1773
f 110/1742/1698 1795/1837/1785 817/1838/1786
f 817/1838/1786 1666/1829/1777 206/1839/1787
f 208/1840/1788 1796/1841/1789 820/1842/1789
f 820/1842/1789 1664/1834/1782 204/1843/1790
f 821/1844/1791 1663/1832/1780 1797/1845/1792
f 207/1846/1793 1797/1845/1792 1667/1847/1794
f 210/1848/1795 1798/1849/1796 823/1850/1797
f 823/1850/1797 1668/1851/1798 208/1840/1788
f 824/1852/1799 1667/1847/1794 1799/1853/1799
f 824/1852/1799 1669/1854/1800 209/1855/1800
f 213/1856/1801 1800/1857/1802 826/1858/1803
f 826/1858/1803 1670/1859/1804 210/1848/1795
f 214/1860/1805 1801/1861/1806 827/1862/1807
f 827/1862/1807 1671/1863/1808 211/1864/1809
f 828/1865/1810 1672/1866/1811 1802/1867/1812
f 213/1856/1801 1802/1867/1812 1673/1868/1801
f 829/1869/1813 1669/1854/1800 1803/1870/1814
f 214/1860/1805 1803/1870/1814 1674/1871/1805
f 831/1872/1815 1657/1805/1754 1804/1873/1816
f 184/1755/1711 1804/1873/1816 1658/1874/1817
f 228/1875/1818 1805/1876/1819 832/1877/1820
f 832/1877/1820 1675/1878/1821 215/1879/1821
f 215/1879/1821 1806/1880/1822 833/1881/1822
f 833/1881/1822 1676/1882/1823 216/1883/1824
f 216/1883/1824 1807/1884/1825 834/1885/1826
f 834/1885/1826 1677/1886/1827 217/1887/1828
f 217/1887/1828 1808/1888/1829 841/1889/1830
f 841/1889/1830 1678/1890/1831 221/1891/1832
f 844/1892/1833 1653/1791/1742 1809/1893/1834
f 223/1894/1672 1809/1893/1834 1679/1712/1672
f 103/1754/1835 1810/1895/1836 845/1896/1837
f 224/1785/1738 1810/1895/1838 1680/1897/1839
f 221/1891/1832 1811/1898/1840 849/1899/1841
f 849/1899/1841 1681/1900/1842 226/1702/1662
f 102/1709/1669 1812/1901/1843 852/1902/1843
f 852/1902/1843 1682/1903/1844 228/1875/1818
f 855/1904/1845 1632/1905/1648 1813/1906/1846
f 230/1907/1847 1813/1906/1846 1683/1707/1667
f 109/1823/1771 1814/1908/1848 858/1909/1849
f 858/1909/1849 1684/1910/1850 232/1731/1689
f 859/1911/1851 1627/1666/1632 1815/1912/1851
f 233/1737/1693 1815/1913/1851 1685/1914/1852
f 377/1915/1853 1816/1916/1854 1720/1917/1855
f 863/1918/1856 1688/1919/1857 1816/1916/1854
f 864/1920/1858 1688/1919/1857 237/1921/1857
f 864/1920/1858 1689/1922/1859 1817/1923/1858
f 268/1924/1860 1818/1925/1861 1695/1926/1860
f 865/1927/1862 1690/1928/1863 1818/1925/1861
f 240/1929/1864 1819/1930/1865 1691/1931/1864
f 867/1932/1866 1692/1933/1867 1819/1930/1865
f 874/1934/1868 1718/1935/1869 367/1936/1869
f 254/1937/1870 1820/1938/1868 874/1934/1868
f 238/1939/1859 1821/1940/1871 1689/1922/1859
f 268/1924/1860 1821/1940/1871 899/1941/1871
f 908/1942/1872 1690/1943/1863 239/1944/1873
f 273/1945/1874 1822/1946/1872 908/1942/1872
f 273/1945/1874 1823/1947/1875 1696/1948/1874
f 919/1949/1876 1697/1950/1877 1823/1947/1875
f 284/1951/1878 1824/1952/1879 1698/1953/1878
f 925/1954/1879 1691/1931/1864 1824/1952/1879
f 929/1955/1880 1697/1950/1877 279/1956/1877
f 284/1951/1878 1825/1957/1880 929/1955/1880
f 316/1958/1881 1826/1959/1882 1700/1960/1883
f 971/1961/1882 1699/1962/1884 1826/1959/1882
f 998/1963/1885 1692/1933/1867 242/1964/1886
f 316/1958/1881 1827/1965/1887 998/1963/1885
f 390/1966/1888 1828/1967/1889 1008/1968/1890
f 1008/1968/1890 1702/1969/1891 321/1970/1892
f 323/1971/1893 1829/1972/1894 1703/1973/1895
f 321/1970/1892 1829/1972/1894 1009/1974/1896
f 442/1975/1897 1830/1976/1898 1745/1977/1899
f 1011/1978/1900 1703/1973/1895 1830/1976/1898
f 1013/1979/1901 1747/1980/1902 446/1981/1903
f 324/1982/1904 1831/1983/1905 1013/1979/1901
f 1017/1984/1906 1743/1985/1907 439/1986/1908
f 1017/1984/1906 1706/1987/1909 1832/1988/1906
f 416/1989/1910 1833/1990/1911 1725/1991/1912
f 1019/1992/1913 1693/1993/1914 1833/1990/1911
f 1020/1994/1915 1717/1995/1916 365/1996/1917
f 329/1997/1918 1834/1998/1919 1020/1994/1915
f 332/1999/1920 1835/2000/1921 1711/2001/1922
f 1023/2002/1923 1707/2003/1924 1835/2000/1921
f 448/2004/1925 1836/2005/1926 1748/2006/1927
f 236/2007/1928 1836/2008/1926 1028/2009/1929
f 449/2010/1930 1837/2011/1931 1749/2012/1932
f 1029/2013/1933 1710/2014/1934 1837/2015/1933
f 334/2016/1935 1838/2017/1936 1712/2018/1937
f 1030/2019/1938 1711/2001/1922 1838/2017/1936
f 1033/2020/1939 1716/2021/1940 353/2022/1941
f 1033/2020/1939 1712/2018/1937 1839/2023/1942
f 1049/2024/1943 1707/2003/1924 327/2025/1924
f 1049/2024/1943 1705/2026/1944 1840/2027/1943
f 402/2028/1945 1841/2029/1946 1724/2030/1945
f 1051/2031/1947 1646/1758/1714 1841/2029/1946
f 398/2032/1948 1842/2033/1949 1722/2034/1950
f 1053/2035/1951 1713/2036/1952 1842/2033/1949
f 340/2037/1953 1843/2038/1954 1715/2039/1955
f 1056/2040/1956 1714/2041/1957 1843/2038/1954
f 320/2042/1958 1844/2043/1959 1701/2044/1960
f 1059/2045/1961 1715/2039/1955 1844/2043/1959
f 1073/2046/1962 1708/2047/1963 329/1997/1918
f 353/2022/1941 1845/2048/1964 1073/2046/1962
f 1097/2049/1965 1693/1993/1914 253/2050/1914
f 365/1996/1917 1846/2051/1966 1097/2052/1965
f 1099/2053/1967 1686/2054/1968 235/2055/1969
f 377/1915/1853 1847/2056/1970 1099/2053/1967
f 440/2057/1971 1848/2058/1972 1744/2059/1971
f 1111/2060/1973 1718/1935/1869 1848/2058/1972
f 236/2007/1928 1849/2061/1974 1687/2062/1928
f 1112/2063/1974 1719/2064/1975 1849/2061/1974
f 326/2065/1976 1850/2066/1977 1706/1987/1909
f 1115/2067/1978 1686/2054/1968 1850/2066/1977
f 320/2042/1958 1851/2068/1979 1144/2069/1980
f 1144/2069/1980 1721/2070/1981 390/1966/1888
f 338/2071/1982 1852/2072/1983 1714/2041/1957
f 1171/2073/1984 1722/2034/1950 1852/2072/1983
f 336/2074/1952 1853/2075/1985 1713/2036/1952
f 401/2076/1986 1853/2075/1985 1175/2077/1987
f 10/1806/1755 1854/2078/1988 1625/2079/1755
f 1191/2080/1989 1725/1991/1912 1854/2078/1988
f 1206/2081/1990 1728/2082/1991 420/2083/1992
f 418/2084/1993 1855/2085/1994 1206/2081/1990
f 1207/2086/1995 1727/2087/1996 419/2088/1997
f 420/2083/1992 1856/2089/1998 1207/2086/1995
f 418/2084/1999 1857/2090/2000 1726/2091/2001
f 1210/2092/2002 1709/2093/2003 1857/2090/2000
f 1212/2094/2004 1731/2095/2005 423/2096/2006
f 419/2088/1997 1858/2097/2007 1212/2094/2004
f 1213/2098/2008 1732/2099/2009 424/2100/2009
f 421/2101/2010 1859/2102/2011 1213/2098/2008
f 1214/2103/2012 1730/2104/2013 422/2105/2014
f 423/2096/2006 1860/2106/2015 1214/2103/2012
f 331/2107/2016 1861/2108/2017 1710/2014/1934
f 1215/2109/2018 1732/2099/2009 1861/2108/2017
f 426/2110/2019 1862/2111/2020 1734/2112/2019
f 1218/2113/2020 1730/2104/2013 1862/2111/2020
f 1219/2114/2021 1729/2115/2022 421/2101/2010
f 425/2116/2023 1863/2117/2021 1219/2114/2021
f 428/2118/2024 1864/2119/2025 1736/2120/2026
f 1221/2121/2027 1734/2112/2019 1864/2119/2025
f 1222/2122/2028 1733/2123/2029 425/2116/2023
f 1222/2122/2028 1735/2124/2030 1865/2125/2031
f 429/2126/2032 1866/2127/2033 1737/2128/2032
f 1223/2129/2034 1736/2120/2026 1866/2127/2033
f 430/2130/2035 1867/2131/2036 1738/2132/2035
f 1224/2133/2037 1671/2134/1808 1867/2131/2036
f 1225/2135/2038 1672/2136/1811 212/2137/2039
f 429/2126/2032 1868/2138/2040 1225/2135/2038
f 1226/2139/2041 1735/2124/2030 427/2140/2030
f 430/2130/2035 1869/2141/2042 1226/2139/2041
f 1228/2142/2043 1723/2143/2044 401/2076/1986
f 402/2028/1945 1870/2144/2045 1228/2142/2043
f 444/2145/2046 1871/2146/2047 1746/2147/2046
f 1229/2148/2048 1739/2149/2049 1871/2146/2047
f 431/2150/2050 1872/2151/2051 1739/2149/2049
f 1230/2152/2052 1740/2153/2053 1872/2151/2051
f 432/2154/2054 1873/2155/2055 1740/2153/2053
f 1231/2156/2056 1741/2157/2057 1873/2155/2055
f 433/2158/2058 1874/2159/2059 1741/2157/2057
f 1238/2160/2060 1742/2161/2061 1874/2159/2059
f 1241/2162/2062 1719/2064/1975 368/2163/2063
f 439/1986/1908 1875/2164/2062 1241/2162/2062
f 325/2165/2064 1876/2166/2065 1705/2026/2066
f 440/2057/1971 1876/2166/2067 1242/2167/2068
f 437/2168/2069 1877/2169/2070 1742/2161/2061
f 1246/2170/2071 1745/1977/1899 1877/2169/2070
f 324/1982/1904 1878/2171/2072 1704/2172/2073
f 1249/2173/2074 1746/2147/2046 1878/2171/2072
f 1252/2174/2075 1699/2175/1884 300/2176/2076
f 446/1981/1903 1879/2177/2077 1252/2174/2075
f 330/2178/2078 1880/2179/2079 1709/2093/2003
f 1255/2180/2080 1748/2006/1927 1880/2179/2079
f 1256/2181/2081 1694/2182/1870 254/1937/1870
f 449/2010/1930 1881/2183/2081 1256/2184/2081
f 158/1/1 675/4/4 1260/2/2
f 675/4/4 17/49/49 457/5/5
f 1260/2/2 457/5/5 16/6/6
f 725/3/3 1260/2/2 634/7/7
f 726/9/9 1261/12/12 615/10/10
f 157/11/11 636/13/13 1261/12/12
f 636/13/13 18/511/509 635/14/14
f 1261/12/12 635/14/14 112/15/15
f 151/16/16 727/20/20 1262/17/17
f 153/19/19 620/37/37 1262/17/17
f 1262/17/17 620/37/37 107/21/21
f 686/18/18 1262/17/17 673/22/22
f 179/24/24 772/27/27 1263/25/25
f 772/27/27 160/40/40 463/28/28
f 1263/25/25 463/28/28 23/29/29
f 728/26/26 1263/25/25 632/30/30
f 150/32/32 474/35/35 1264/33/33
f 474/35/35 147/607/605 623/36/36
f 1264/33/33 623/36/36 107/21/21
f 729/34/34 1264/33/33 620/37/37
f 734/38/38 1265/42/42 771/39/39
f 3/41/41 452/43/43 1265/42/42
f 452/43/43 4/152/152 736/44/44
f 1265/42/42 736/44/44 162/45/45
f 156/31/31 632/30/30 1266/46/46
f 632/30/30 23/29/29 637/48/48
f 1266/46/46 637/48/48 17/49/49
f 730/47/47 1266/46/46 675/4/4
f 457/5/5 1267/51/51 471/50/50
f 17/49/49 468/52/52 1267/51/51
f 468/52/52 26/125/125 476/53/53
f 1267/51/51 476/53/53 27/54/54
f 460/55/55 1268/58/58 470/56/56
f 16/6/6 471/50/50 1268/58/58
f 471/50/50 27/54/54 469/59/59
f 1268/58/58 469/59/59 28/60/60
f 461/61/61 1269/64/64 685/62/62
f 19/57/57 470/56/56 1269/64/64
f 470/56/56 28/60/60 477/65/65
f 1269/64/64 477/65/65 123/66/66
f 141/67/67 565/71/71 1270/68/68
f 20/70/70 473/72/72 1270/68/68
f 473/72/72 29/566/564 688/73/73
f 1270/68/68 688/73/73 136/74/74
f 557/75/75 1271/79/79 709/76/76
f 65/78/78 538/80/80 1271/79/79
f 538/80/80 63/603/601 556/81/81
f 1271/79/79 556/81/81 136/74/74
f 690/82/82 1272/86/86 708/83/83
f 67/85/85 541/87/87 1272/86/86
f 541/87/87 65/78/78 557/75/75
f 1272/86/86 557/75/75 137/77/77
f 707/88/88 1273/92/92 555/89/89
f 139/91/91 691/93/93 1273/92/92
f 691/93/93 46/558/556 504/94/94
f 1273/92/92 504/94/94 14/95/95
f 706/96/96 1274/99/99 560/97/97
f 135/90/90 555/89/89 1274/99/99
f 555/89/89 14/95/95 523/100/100
f 1274/99/99 523/100/100 56/101/101
f 705/102/102 1275/105/105 584/103/103
f 140/98/98 560/97/97 1275/105/105
f 560/97/97 56/101/101 582/106/106
f 1275/105/105 582/106/106 84/107/107
f 704/108/108 1276/111/111 585/109/109
f 142/104/104 584/103/103 1276/111/111
f 584/103/103 84/107/107 578/112/112
f 1276/111/111 578/112/112 85/113/113
f 738/114/114 1277/118/118 770/115/115
f 738/114/114 36/2185/2082 453/117/117
f 1277/118/118 453/117/117 5/119/119
f 1277/118/118 737/120/120 163/121/121
f 637/48/48 1278/122/122 468/52/52
f 23/29/29 467/123/123 1278/122/122
f 467/123/123 25/176/176 639/124/124
f 1278/122/122 639/124/124 26/125/125
f 479/126/126 1279/130/130 483/127/127
f 32/129/129 485/131/131 1279/130/130
f 485/131/131 33/150/150 490/132/132
f 1279/130/130 490/132/132 35/133/133
f 480/134/134 1280/137/137 482/135/135
f 30/128/128 483/127/127 1280/137/137
f 483/127/127 35/133/133 491/138/138
f 1280/137/137 491/138/138 37/139/139
f 469/59/59 1281/141/141 487/140/140
f 27/54/54 484/142/142 1281/141/141
f 484/142/142 30/128/128 480/134/134
f 1281/141/141 480/134/134 38/136/136
f 476/53/53 1282/143/143 484/142/142
f 26/125/125 481/144/144 1282/143/143
f 481/144/144 32/129/129 479/126/126
f 1282/143/143 479/126/126 30/128/128
f 640/145/145 1283/147/147 485/131/131
f 34/146/146 486/148/148 1283/147/147
f 486/148/148 31/199/199 641/149/149
f 1283/147/147 641/149/149 33/150/150
f 736/44/44 1284/153/153 769/151/151
f 4/152/152 488/154/154 1284/153/153
f 488/154/154 36/2185/2082 738/114/114
f 1284/153/153 738/114/114 164/116/116
f 477/65/65 1285/156/156 684/155/155
f 28/60/60 487/140/140 1285/156/156
f 487/140/140 38/136/136 494/157/157
f 1285/156/156 494/157/157 124/158/158
f 559/159/159 1286/162/162 703/160/160
f 69/161/161 544/163/163 1286/162/162
f 544/163/163 67/85/85 690/82/82
f 1286/162/162 690/82/82 138/84/84
f 496/164/164 1287/168/168 683/165/165
f 40/167/167 495/169/169 1287/168/168
f 495/169/169 39/568/566 664/170/170
f 1287/168/168 664/170/170 124/158/158
f 737/120/120 1288/172/172 768/171/171
f 5/119/119 497/173/173 1288/172/172
f 497/173/173 41/194/194 739/174/174
f 1288/172/172 739/174/174 165/175/175
f 639/124/124 1289/177/177 481/144/144
f 25/176/176 478/178/178 1289/177/177
f 478/178/178 34/146/146 640/145/145
f 1289/177/177 640/145/145 32/129/129
f 490/132/132 1290/180/180 500/179/179
f 33/150/150 498/181/181 1290/180/180
f 498/181/181 43/203/203 506/182/182
f 1290/180/180 506/182/182 44/183/183
f 491/138/138 1291/185/185 503/184/184
f 35/133/133 500/179/179 1291/185/185
f 500/179/179 44/183/183 507/186/186
f 1291/185/185 507/186/186 45/187/187
f 665/188/188 1292/190/190 682/189/189
f 37/139/139 503/184/184 1292/190/190
f 503/184/184 45/187/187 666/191/191
f 1292/190/190 666/191/191 126/192/192
f 739/174/174 1293/195/195 767/193/193
f 41/194/194 508/196/196 1293/195/195
f 508/196/196 47/218/218 740/197/197
f 1293/195/195 740/197/197 166/198/198
f 641/149/149 1294/200/200 498/181/181
f 31/199/199 499/201/201 1294/200/200
f 499/201/201 42/223/223 642/202/202
f 1294/200/200 642/202/202 43/203/203
f 506/182/182 1295/205/205 513/204/204
f 43/203/203 509/206/206 1295/205/205
f 509/206/206 49/227/227 516/207/207
f 1295/205/205 516/207/207 50/208/208
f 507/186/186 1296/210/210 512/209/209
f 44/183/183 513/204/204 1296/210/210
f 513/204/204 50/208/208 511/211/211
f 512/209/209 1296/210/210 511/211/211
f 126/192/192 666/191/191 1297/213/213
f 666/191/191 45/187/187 512/209/209
f 1297/213/213 512/209/209 51/212/212
f 681/214/214 1297/213/213 667/215/215
f 740/197/197 1298/219/219 766/217/217
f 47/218/218 518/220/220 1298/219/219
f 518/220/220 52/242/242 741/221/221
f 1298/219/219 741/221/221 167/222/222
f 642/202/202 1299/224/224 509/206/206
f 42/223/223 510/225/225 1299/224/224
f 510/225/225 48/247/247 643/226/226
f 1299/224/224 643/226/226 49/227/227
f 516/207/207 1300/229/229 521/228/228
f 49/227/227 520/230/230 1300/229/229
f 520/230/230 54/251/251 526/231/231
f 521/228/228 1300/229/229 526/231/231
f 51/212/212 511/211/211 1301/233/233
f 50/208/208 521/228/228 1301/233/233
f 1301/233/233 521/228/228 55/232/232
f 524/234/234 1301/233/233 527/235/235
f 127/216/216 667/215/215 1302/237/237
f 667/215/215 51/212/212 524/234/234
f 1302/237/237 524/234/234 57/236/236
f 680/238/238 1302/237/237 668/239/239
f 741/221/221 1303/243/243 765/241/241
f 52/242/242 514/244/244 1303/243/243
f 514/244/244 6/669/667 742/245/245
f 1303/243/243 742/245/245 168/246/246
f 643/226/226 1304/248/248 520/230/230
f 48/247/247 519/249/249 1304/248/248
f 519/249/249 53/344/344 644/250/250
f 1304/248/248 644/250/250 54/251/251
f 55/232/232 526/231/231 1305/252/252
f 526/231/231 54/251/251 571/254/254
f 1305/252/252 571/254/254 7/255/255
f 530/253/253 1305/252/252 570/256/256
f 57/236/236 527/235/235 1306/258/258
f 527/235/235 55/232/232 530/253/253
f 1306/258/258 530/253/253 60/257/257
f 581/259/259 1306/258/258 576/260/260
f 128/240/240 668/239/239 1307/262/262
f 668/239/239 57/236/236 581/259/259
f 1307/262/262 581/259/259 82/261/261
f 679/263/263 1307/262/262 579/264/264
f 199/266/266 807/269/269 1308/267/267
f 807/269/269 193/274/274 788/270/270
f 1308/267/267 788/270/270 9/271/271
f 731/268/268 1308/267/267 466/272/272
f 193/274/274 806/276/276 1309/275/275
f 806/276/276 187/280/280 782/277/277
f 1309/275/275 782/277/277 62/278/278
f 788/270/270 1309/275/275 562/279/279
f 187/280/280 805/282/282 1310/281/281
f 805/282/282 188/286/286 783/283/283
f 1310/281/281 783/283/283 64/284/284
f 782/277/277 1310/281/281 539/285/285
f 188/286/286 804/288/288 1311/287/287
f 804/288/288 189/292/292 784/289/289
f 1311/287/287 784/289/289 66/290/290
f 783/283/283 1311/287/287 542/291/291
f 189/292/292 803/294/294 1312/293/293
f 803/294/294 190/298/298 785/295/295
f 1312/293/293 785/295/295 68/296/296
f 784/289/289 1312/293/293 545/297/297
f 190/298/298 802/300/300 1313/299/299
f 802/300/300 191/304/304 786/301/301
f 1313/299/299 786/301/301 70/302/302
f 785/295/295 1313/299/299 548/303/303
f 191/304/304 801/306/306 1314/305/305
f 801/306/306 192/310/310 787/307/307
f 1314/305/305 787/307/307 72/308/308
f 786/301/301 1314/305/305 551/309/309
f 192/310/310 800/312/312 1315/311/311
f 800/312/312 194/316/316 789/313/313
f 1315/311/311 789/313/313 74/314/314
f 787/307/307 1315/311/311 552/315/315
f 194/316/316 799/318/318 1316/317/317
f 799/318/318 195/420/420 790/319/319
f 1316/317/317 790/319/319 75/320/320
f 789/313/313 1316/317/317 553/321/321
f 197/322/322 792/325/325 1317/323/323
f 792/325/325 92/423/423 595/326/326
f 1317/323/323 595/326/326 87/327/327
f 798/324/324 1317/323/323 592/328/328
f 169/330/330 743/333/333 1318/331/331
f 743/333/333 78/350/350 568/334/334
f 568/334/334 58/348/348 532/335/335
f 1318/331/331 532/335/335 168/246/246
f 171/336/336 745/339/339 1319/337/337
f 745/339/339 94/417/417 569/340/340
f 1319/337/337 569/340/340 77/341/341
f 763/338/338 1319/337/337 572/342/342
f 644/250/250 1320/345/345 571/254/254
f 53/344/344 528/346/346 1320/345/345
f 528/346/346 58/348/348 646/347/347
f 1320/345/345 646/347/347 7/255/255
f 58/348/348 568/334/334 1321/349/349
f 78/350/350 647/351/351 1321/349/349
f 647/351/351 79/353/353 454/352/352
f 1321/349/349 454/352/352 7/255/255
f 454/352/352 1322/354/354 570/256/256
f 79/353/353 573/355/355 1322/354/354
f 573/355/355 81/365/365 574/356/356
f 1322/354/354 574/356/356 60/257/257
f 594/357/357 1323/361/361 604/358/358
f 80/360/360 583/362/362 1323/361/361
f 583/362/362 86/401/401 586/363/363
f 1323/361/361 586/363/363 95/364/364
f 574/356/356 1324/366/366 576/260/260
f 81/365/365 577/367/367 1324/366/366
f 577/367/367 83/385/385 575/368/368
f 1324/366/366 575/368/368 82/261/261
f 678/369/369 1325/372/372 669/370/370
f 130/371/371 580/373/373 1325/372/372
f 580/373/373 85/113/113 578/112/112
f 1325/372/372 578/112/112 84/107/107
f 145/374/374 697/377/377 1326/375/375
f 697/377/377 96/405/405 599/378/378
f 1326/375/375 599/378/378 89/379/379
f 702/376/376 1326/375/375 591/380/380
f 600/382/382 1327/386/386 602/383/383
f 83/385/385 577/367/367 1327/386/386
f 577/367/367 81/365/365 598/387/387
f 1327/386/386 598/387/387 95/364/364
f 132/388/388 672/391/391 1328/389/389
f 672/391/391 97/384/384 589/392/392
f 1328/389/389 589/392/392 88/393/393
f 677/390/390 1328/389/389 671/394/394
f 130/371/371 670/398/398 1329/396/396
f 670/398/398 83/385/385 600/382/382
f 1329/396/396 600/382/382 97/384/384
f 676/397/397 1329/396/396 672/391/391
f 589/392/392 1330/400/400 590/399/399
f 97/384/384 602/383/383 1330/400/400
f 602/383/383 95/364/364 586/363/363
f 1330/400/400 586/363/363 86/401/401
f 143/110/110 585/109/109 1331/402/402
f 585/109/109 85/113/113 588/404/404
f 1331/402/402 588/404/404 96/405/405
f 701/403/403 1331/402/402 697/377/377
f 531/406/406 1332/407/407 573/355/355
f 91/359/359 604/358/358 1332/407/407
f 604/358/358 95/364/364 598/387/387
f 1332/407/407 598/387/387 81/365/365
f 91/359/359 648/409/409 1333/408/408
f 648/409/409 90/464/462 529/410/410
f 1333/408/408 529/410/410 59/411/411
f 594/357/357 1333/408/408 645/412/412
f 169/330/330 567/415/415 1334/413/413
f 567/415/415 8/667/665 597/416/416
f 1334/413/413 597/416/416 94/417/417
f 762/414/414 1334/413/413 745/339/339
f 564/418/418 1335/422/422 797/419/419
f 12/421/421 533/577/575 1335/422/422
f 1335/422/422 533/577/575 92/423/423
f 797/419/419 1335/422/422 792/325/325
f 747/424/424 1336/428/428 761/425/425
f 747/424/424 101/438/437 608/427/427
f 1336/428/428 608/427/427 99/429/429
f 761/425/425 1336/428/428 607/430/430
f 227/432/432 851/435/435 1337/433/433
f 851/435/435 226/814/807 610/436/436
f 1337/437/433 610/2186/436 101/438/437
f 760/439/434 1337/437/433 747/424/424
f 231/440/438 857/443/441 1338/441/439
f 857/443/441 230/824/815 612/444/442
f 1338/441/439 612/444/442 102/445/443
f 759/442/440 1338/441/439 751/446/444
f 752/448/446 1339/452/450 758/449/447
f 148/451/449 462/453/451 1339/452/450
f 462/453/451 22/831/819 748/454/452
f 1339/452/450 748/454/452 174/455/453
f 61/456/454 621/459/457 1340/457/455
f 621/459/457 154/604/602 733/460/458
f 1340/457/455 733/460/458 150/32/32
f 1340/457/455 711/461/459 141/67/67
f 79/353/353 647/351/351 1341/462/460
f 647/351/351 78/350/350 593/463/461
f 1341/462/460 593/463/461 90/464/462
f 531/406/406 1341/462/460 648/409/409
f 161/465/463 464/468/466 1342/466/464
f 464/468/466 24/546/544 717/469/467
f 717/469/467 103/545/543 749/470/468
f 757/467/465 1342/466/464 749/470/468
f 723/472/470 1343/475/473 674/473/471
f 133/23/23 673/22/22 1343/475/473
f 673/22/22 107/21/21 718/476/474
f 1343/475/473 718/476/474 108/477/475
f 146/478/476 724/481/479 1344/479/477
f 724/481/479 147/607/605 699/482/480
f 1344/479/477 699/482/480 11/483/481
f 698/480/478 1344/479/477 715/484/482
f 862/486/484 1345/490/488 756/487/485
f 233/489/487 629/491/489 1345/490/488
f 629/491/489 110/731/729 750/492/490
f 1345/490/488 750/492/490 176/493/491
f 198/494/492 796/497/495 1346/495/493
f 796/497/495 186/627/625 472/498/496
f 1346/495/493 472/498/496 105/499/497
f 793/496/494 1346/495/493 719/500/498
f 106/502/500 720/505/503 1347/503/501
f 720/505/503 15/614/612 631/506/504
f 1347/503/501 631/506/504 112/15/15
f 622/504/502 1347/503/501 721/507/505
f 111/508/506 721/507/505 1348/509/507
f 721/507/505 112/15/15 635/14/14
f 1348/509/507 635/14/14 18/511/509
f 1348/509/507 722/512/510 113/513/511
f 780/514/512 1349/518/516 779/515/513
f 184/517/515 652/519/517 1349/518/516
f 652/519/517 114/2187/518 650/520/518
f 1349/518/516 650/520/518 115/521/519
f 775/522/520 1350/526/524 774/523/521
f 180/525/523 654/527/525 1350/526/524
f 654/527/525 117/697/695 655/528/526
f 1350/526/524 655/528/526 116/529/527
f 661/530/528 1351/534/532 659/531/529
f 121/533/531 657/535/533 1351/534/532
f 657/535/533 119/693/691 658/536/534
f 1351/534/532 658/536/534 118/537/535
f 609/538/536 1352/542/540 651/539/537
f 98/541/539 660/543/541 1352/542/540
f 660/543/541 121/533/531 661/530/528
f 1352/542/540 661/530/528 120/532/530
f 717/469/467 1353/547/545 649/544/542
f 24/546/544 638/548/546 1353/547/545
f 638/548/546 15/614/612 720/505/503
f 1353/547/545 720/505/503 106/502/500
f 85/113/113 580/373/373 1354/549/547
f 130/371/371 676/397/397 1354/549/547
f 1354/549/547 676/397/397 132/388/388
f 588/404/404 1354/549/547 601/550/548
f 96/405/405 601/550/548 1355/551/549
f 601/550/548 132/388/388 677/390/390
f 1355/551/549 677/390/390 131/395/395
f 599/378/378 1355/551/549 587/552/550
f 575/368/368 1356/553/551 579/264/264
f 83/385/385 670/398/398 1356/553/551
f 670/398/398 130/371/371 678/369/369
f 1356/553/551 678/369/369 129/265/265
f 56/101/101 522/555/553 1357/554/552
f 522/555/553 128/240/240 679/263/263
f 1357/554/552 679/263/263 129/265/265
f 582/106/106 1357/554/552 669/370/370
f 14/95/95 517/557/555 1358/556/554
f 517/557/555 127/216/216 680/238/238
f 1358/556/554 680/238/238 128/240/240
f 523/100/100 1358/556/554 522/555/553
f 46/558/556 501/560/558 1359/559/557
f 501/560/558 126/192/192 681/214/214
f 1359/559/557 681/214/214 127/216/216
f 504/94/94 1359/559/557 517/557/555
f 496/164/164 1360/562/560 502/561/559
f 125/166/166 682/189/189 1360/562/560
f 682/189/189 126/192/192 501/560/558
f 1360/562/560 501/560/558 46/558/556
f 665/188/188 1361/563/561 482/135/135
f 125/166/166 683/165/165 1361/563/561
f 683/165/165 124/158/158 494/157/157
f 1361/563/561 494/157/157 38/136/136
f 663/564/562 1362/567/565 493/565/563
f 123/66/66 684/155/155 1362/567/565
f 684/155/155 124/158/158 664/170/170
f 1362/567/565 664/170/170 39/568/566
f 662/569/567 1363/570/568 473/72/72
f 122/63/63 685/62/62 1363/570/568
f 685/62/62 123/66/66 663/564/562
f 1363/570/568 663/564/562 29/566/564
f 732/571/569 1364/572/570 636/13/13
f 732/571/569 151/16/16 686/18/18
f 1364/572/570 686/18/18 133/23/23
f 636/13/13 1364/572/570 624/573/571
f 722/512/510 1365/575/573 633/574/572
f 18/511/509 624/573/571 1365/575/573
f 624/573/571 133/23/23 723/472/470
f 1365/575/573 723/472/470 134/474/472
f 12/421/421 695/578/576 1366/576/574
f 695/578/576 143/110/110 701/403/403
f 1366/576/574 701/403/403 145/374/374
f 533/577/575 1366/576/574 603/579/577
f 92/423/423 603/579/577 1367/580/578
f 603/579/577 145/374/374 702/376/376
f 1367/580/578 702/376/376 144/381/381
f 595/326/326 1367/580/578 696/581/579
f 691/93/93 1368/582/580 502/561/559
f 139/91/91 703/160/160 1368/582/580
f 703/160/160 138/84/84 558/583/581
f 1368/582/580 558/583/581 40/167/167
f 12/421/421 456/585/583 1369/584/582
f 456/585/583 13/587/585 694/586/584
f 694/586/584 142/104/104 704/108/108
f 1369/584/582 704/108/108 143/110/110
f 13/587/585 554/589/587 1370/588/586
f 554/589/587 73/591/589 692/590/588
f 692/590/588 140/98/98 705/102/102
f 1370/588/586 705/102/102 142/104/104
f 73/591/589 550/593/591 1371/592/590
f 550/593/591 71/595/593 687/594/592
f 687/594/592 135/90/90 706/96/96
f 1371/592/590 706/96/96 140/98/98
f 71/595/593 547/597/595 1372/596/594
f 547/597/595 69/161/161 559/159/159
f 1372/596/594 559/159/159 139/91/91
f 1372/596/594 707/88/88 135/90/90
f 558/583/581 1373/598/596 495/169/169
f 138/84/84 708/83/83 1373/598/596
f 708/83/83 137/77/77 689/599/597
f 1373/598/596 689/599/597 39/568/566
f 689/599/597 1374/600/598 493/565/563
f 137/77/77 709/76/76 1374/600/598
f 709/76/76 136/74/74 688/73/73
f 1374/600/598 688/73/73 29/566/564
f 693/458/456 1375/602/600 536/601/599
f 693/458/456 141/67/67 710/69/69
f 1375/602/600 710/69/69 136/74/74
f 1375/602/600 556/81/81 63/603/601
f 154/604/602 534/606/604 1376/605/603
f 534/606/604 11/483/481 699/482/480
f 1376/605/603 699/482/480 147/607/605
f 733/460/458 1376/605/603 474/35/35
f 848/608/606 1377/612/610 755/609/607
f 224/611/609 712/613/611 1377/612/610
f 712/613/611 148/451/449 752/448/446
f 1377/612/610 752/448/446 178/450/448
f 15/614/612 458/616/614 1378/615/613
f 458/616/614 158/1/1 725/3/3
f 1378/615/613 725/3/3 152/8/8
f 631/506/504 1378/615/613 615/10/10
f 460/55/55 1379/617/615 634/7/7
f 19/57/57 459/618/616 1379/617/615
f 459/618/616 157/11/11 726/9/9
f 1379/617/615 726/9/9 152/8/8
f 662/569/567 1380/620/618 613/619/617
f 20/70/70 625/621/619 1380/620/618
f 625/621/619 153/19/19 727/20/20
f 613/619/617 1380/620/618 727/20/20
f 161/465/463 754/623/621 1381/622/620
f 754/623/621 179/24/24 728/26/26
f 1381/622/620 728/26/26 156/31/31
f 464/468/466 1381/622/620 465/624/622
f 711/461/459 1382/625/623 565/71/71
f 711/461/459 150/32/32 729/34/34
f 1382/625/623 729/34/34 153/19/19
f 565/71/71 1382/625/623 625/621/619
f 24/546/544 465/624/622 1383/626/624
f 465/624/622 156/31/31 730/47/47
f 1383/626/624 730/47/47 158/1/1
f 638/548/546 1383/626/624 458/616/614
f 186/627/625 795/629/627 1384/628/626
f 795/629/627 199/266/266 731/268/268
f 1384/628/626 731/268/268 155/273/273
f 472/498/496 1384/628/626 626/630/628
f 461/61/61 1385/631/629 459/618/616
f 461/61/61 122/63/63 613/619/617
f 1385/631/629 613/619/617 151/16/16
f 459/618/616 1385/631/629 732/571/569
f 718/476/474 1386/633/631 619/632/630
f 107/21/21 623/36/36 1386/633/631
f 1386/633/631 623/36/36 147/607/605
f 619/632/630 1386/633/631 724/481/479
f 700/634/632 1387/638/636 735/635/633
f 159/637/635 753/684/682 1387/638/636
f 1387/638/636 753/684/682 179/24/24
f 735/635/633 1387/638/636 754/623/621
f 847/639/637 1388/642/640 844/640/638
f 225/610/608 755/609/607 1388/642/640
f 755/609/607 178/450/448 714/643/641
f 1388/642/640 714/643/641 149/644/642
f 861/645/643 1389/648/646 858/646/644
f 234/488/486 756/487/485 1389/648/646
f 756/487/485 176/493/491 627/649/647
f 1389/648/646 627/649/647 109/650/648
f 1/636/634 735/635/633 1390/651/649
f 735/635/633 161/465/463 757/467/465
f 1390/651/649 757/467/465 175/471/469
f 716/652/650 1390/651/649 617/653/651
f 714/643/641 1391/656/654 713/655/653
f 178/450/448 758/449/447 1391/656/654
f 758/449/447 174/455/453 614/657/655
f 1391/656/654 614/657/655 2/658/656
f 100/540/538 611/660/658 1392/659/657
f 611/660/658 173/426/426 761/425/425
f 1392/659/657 761/425/425 172/431/431
f 609/538/536 1392/659/657 746/661/659
f 78/350/350 743/333/333 1393/662/660
f 743/333/333 169/330/330 762/414/414
f 1393/662/660 762/414/414 171/336/336
f 593/463/461 1393/662/660 605/663/661
f 90/464/462 605/663/661 1394/664/662
f 605/663/661 171/336/336 763/338/338
f 1394/664/662 763/338/338 170/343/343
f 529/410/410 1394/664/662 744/665/663
f 567/415/415 1395/668/666 455/666/664
f 169/330/330 764/332/332 1395/668/666
f 764/332/332 168/246/246 742/245/245
f 1395/668/666 742/245/245 6/669/667
f 525/670/668 1396/671/669 528/346/346
f 167/222/222 765/241/241 1396/671/669
f 765/241/241 168/246/246 532/335/335
f 1396/671/669 532/335/335 58/348/348
f 515/672/670 1397/673/671 519/249/249
f 166/198/198 766/217/217 1397/673/671
f 766/217/217 167/222/222 525/670/668
f 1397/673/671 525/670/668 53/344/344
f 505/674/672 1398/675/673 510/225/225
f 165/175/175 767/193/193 1398/675/673
f 767/193/193 166/198/198 515/672/670
f 1398/675/673 515/672/670 48/247/247
f 489/676/674 1399/677/675 499/201/201
f 163/121/121 768/171/171 1399/677/675
f 768/171/171 165/175/175 505/674/672
f 1399/677/675 505/674/672 42/223/223
f 475/678/676 1400/679/677 478/178/178
f 162/45/45 769/151/151 1400/679/677
f 769/151/151 164/116/116 492/680/678
f 1400/679/677 492/680/678 34/146/146
f 492/680/678 1401/681/679 486/148/148
f 164/116/116 770/115/115 1401/681/679
f 770/115/115 163/121/121 489/676/674
f 1401/681/679 489/676/674 31/199/199
f 463/28/28 1402/682/680 467/123/123
f 160/40/40 771/39/39 1402/682/680
f 771/39/39 162/45/45 475/678/676
f 1402/682/680 475/678/676 25/176/176
f 451/683/681 1403/685/683 753/684/682
f 3/41/41 734/38/38 1403/685/683
f 1403/685/683 734/38/38 160/40/40
f 753/684/682 1403/685/683 772/27/27
f 183/686/684 831/689/687 1404/687/685
f 831/689/687 184/517/515 780/514/512
f 1404/687/685 780/514/512 185/516/514
f 778/688/686 1404/687/685 776/690/688
f 658/536/534 1405/694/692 656/692/690
f 119/693/691 773/695/693 1405/694/692
f 773/695/693 180/525/523 775/522/520
f 1405/694/692 775/522/520 181/524/522
f 655/528/526 1406/698/696 653/696/694
f 117/697/695 777/699/697 1406/698/696
f 777/699/697 183/686/684 778/688/686
f 1406/698/696 778/688/686 182/691/689
f 11/483/481 534/606/604 1407/700/698
f 534/606/604 154/604/602 794/702/700
f 1407/700/698 794/702/700 199/266/266
f 781/701/699 1407/700/698 795/629/627
f 21/485/483 715/484/482 1408/703/701
f 715/484/482 11/483/481 781/701/699
f 1408/703/701 781/701/699 186/627/625
f 618/704/702 1408/703/701 796/497/495
f 790/319/319 1409/706/704 566/705/703
f 195/420/420 797/419/419 1409/706/704
f 1409/706/704 797/419/419 197/322/322
f 566/705/703 1409/706/704 606/707/705
f 93/708/706 606/707/705 1410/709/707
f 606/707/705 197/322/322 798/324/324
f 1410/709/707 798/324/324 196/329/329
f 596/710/708 1410/709/707 791/711/709
f 13/587/585 456/585/583 1411/713/711
f 456/585/583 12/421/421 564/418/418
f 1411/713/711 564/418/418 195/420/420
f 563/714/712 1411/713/711 799/318/318
f 73/591/589 554/589/587 1412/715/713
f 554/589/587 13/587/585 563/714/712
f 1412/715/713 563/714/712 194/316/316
f 549/716/714 1412/715/713 800/312/312
f 71/595/593 550/593/591 1413/717/715
f 550/593/591 73/591/589 549/716/714
f 1413/717/715 549/716/714 192/310/310
f 546/718/716 1413/717/715 801/306/306
f 69/161/161 547/597/595 1414/719/717
f 547/597/595 71/595/593 546/718/716
f 1414/719/717 546/718/716 191/304/304
f 543/720/718 1414/719/717 802/300/300
f 67/85/85 544/163/163 1415/721/719
f 544/163/163 69/161/161 543/720/718
f 1415/721/719 543/720/718 190/298/298
f 540/722/720 1415/721/719 803/294/294
f 65/78/78 541/87/87 1416/723/721
f 541/87/87 67/85/85 540/722/720
f 1416/723/721 540/722/720 189/292/292
f 537/724/722 1416/723/721 804/288/288
f 63/603/601 538/80/80 1417/725/723
f 538/80/80 65/78/78 537/724/722
f 1417/725/723 537/724/722 188/286/286
f 535/726/724 1417/725/723 805/282/282
f 61/456/454 536/601/599 1418/727/725
f 536/601/599 63/603/601 535/726/724
f 1418/727/725 535/726/724 187/280/280
f 561/728/726 1418/727/725 806/276/276
f 154/604/602 621/459/457 1419/729/727
f 621/459/457 61/456/454 561/728/726
f 1419/729/727 561/728/726 193/274/274
f 794/702/700 1419/729/727 807/269/269
f 750/492/490 1420/732/730 810/730/728
f 110/731/729 811/733/731 1420/732/730
f 811/733/731 201/748/746 809/734/732
f 1420/732/730 809/734/732 202/735/733
f 627/649/647 1421/737/735 812/736/734
f 176/493/491 810/730/728 1421/737/735
f 810/730/728 202/735/733 808/738/736
f 1421/737/735 808/738/736 200/739/737
f 205/740/738 818/743/741 1422/741/739
f 818/743/741 206/752/750 815/744/742
f 1422/741/739 815/744/742 203/745/743
f 816/742/740 1422/741/739 813/746/744
f 201/748/746 811/733/731 1423/749/747
f 811/733/731 110/731/729 817/751/749
f 1423/749/747 817/751/749 206/752/750
f 814/750/748 1423/749/747 818/743/741
f 204/747/745 813/746/744 1424/753/751
f 813/746/744 203/745/743 821/755/752
f 821/755/752 207/759/756 819/756/753
f 1424/753/751 819/756/753 208/757/754
f 819/756/753 1425/760/757 823/758/755
f 207/759/756 824/761/758 1425/760/757
f 824/761/758 209/773/770 822/762/759
f 1425/760/757 822/762/759 210/763/760
f 830/764/761 1426/768/765 828/765/762
f 214/767/764 827/769/766 1426/768/765
f 827/769/766 211/2188/767 825/770/767
f 1426/768/765 825/770/767 212/771/768
f 822/762/759 1427/774/771 826/772/769
f 209/773/770 829/775/772 1427/774/771
f 829/775/772 214/767/764 830/764/761
f 1427/774/771 830/764/761 213/766/763
f 229/776/773 854/779/776 1428/777/774
f 854/779/776 228/818/811 832/780/777
f 1428/777/774 832/780/777 215/781/778
f 835/778/775 1428/777/774 838/782/779
f 218/783/780 838/782/779 1429/784/781
f 838/782/779 215/781/778 833/786/783
f 1429/784/781 833/786/783 216/787/784
f 836/785/782 1429/784/781 839/788/785
f 219/789/786 839/788/785 1430/790/787
f 839/788/785 216/787/784 834/792/789
f 1430/790/787 834/792/789 217/793/790
f 837/791/788 1430/790/787 840/794/791
f 220/795/792 840/794/791 1431/796/793
f 840/794/791 217/793/790 841/798/795
f 1431/796/793 841/798/795 221/799/796
f 842/797/794 1431/796/793 843/800/797
f 104/802/652 617/805/651 1432/803/799
f 617/805/651 175/807/469 846/806/801
f 1432/803/799 846/806/801 225/610/608
f 616/804/800 1432/803/799 847/639/637
f 175/807/469 749/809/468 1433/808/802
f 749/809/468 103/2189/543 845/810/803
f 1433/808/802 845/810/803 224/611/609
f 846/806/801 1433/808/802 848/608/606
f 222/801/798 843/800/797 1434/811/804
f 843/800/797 221/799/796 849/813/806
f 1434/811/804 849/813/806 226/814/807
f 850/812/805 1434/811/804 851/435/435
f 177/447/445 751/446/444 1435/815/808
f 751/446/444 102/445/443 852/817/810
f 1435/815/808 852/817/810 228/818/811
f 853/816/809 1435/815/808 854/779/776
f 170/819/343 572/822/342 1436/820/812
f 572/822/342 77/2190/341 855/823/814
f 1436/820/812 855/823/814 230/824/815
f 856/821/813 1436/820/812 857/443/441
f 614/657/655 1437/826/817 628/825/816
f 174/455/453 860/830/818 1437/826/817
f 860/827/818 234/488/486 861/645/643
f 1437/828/817 861/645/643 232/647/645
f 748/454/452 1438/832/820 860/830/818
f 22/831/819 859/2191/821 1438/832/820
f 859/833/821 233/489/487 862/486/484
f 1438/834/820 862/486/484 234/488/486
f 376/835/822 1123/838/825 1439/836/823
f 1123/838/825 371/845/832 1034/839/826
f 1439/836/823 1034/839/826 248/840/827
f 1074/837/824 1439/836/823 869/841/828
f 1016/843/830 1440/847/834 1124/844/831
f 333/846/833 1035/848/835 1440/847/834
f 1035/848/835 250/1325/1310 1036/849/836
f 1440/847/834 1036/849/836 375/850/837
f 370/851/838 1085/854/841 1441/852/839
f 1085/854/841 352/1292/1277 1072/855/842
f 1441/852/839 1072/855/842 328/856/843
f 1441/852/839 1021/857/844 372/858/845
f 397/859/846 1126/862/849 1442/860/847
f 1126/862/849 374/880/867 1032/863/850
f 1442/860/847 1032/863/850 255/864/851
f 1170/861/848 1442/860/847 875/865/852
f 369/867/854 1127/870/857 1443/868/855
f 1127/870/857 372/858/845 1021/857/844
f 1443/868/855 1021/857/844 328/856/843
f 885/869/856 1443/868/855 1024/871/858
f 1169/873/860 1444/876/863 1132/874/861
f 380/875/862 1134/877/864 1444/876/863
f 1134/877/864 238/988/975 864/878/865
f 1444/876/863 864/878/865 237/879/866
f 374/880/867 1128/882/869 1445/881/868
f 1128/882/869 376/835/822 1074/837/824
f 1445/881/868 1074/837/824 249/842/829
f 1032/863/850 1445/881/868 1037/883/870
f 882/884/871 1446/886/873 869/841/828
f 259/885/872 887/887/874 1446/886/873
f 887/887/874 258/956/943 879/888/875
f 1446/886/873 879/888/875 249/842/829
f 881/889/876 1447/893/880 872/890/877
f 260/892/879 880/894/881 1447/893/880
f 880/894/881 259/885/872 882/884/871
f 1447/893/880 882/884/871 248/840/827
f 1084/895/882 1448/899/886 873/896/883
f 342/898/885 888/900/887 1448/899/886
f 888/900/887 260/892/879 881/889/876
f 1448/899/886 881/889/876 251/891/878
f 360/901/888 1109/905/892 1449/902/889
f 355/904/891 1087/906/893 1449/902/889
f 1087/906/893 261/1376/1361 884/907/894
f 1449/902/889 884/907/894 252/908/895
f 1108/909/896 1450/912/899 961/910/897
f 355/904/891 960/913/900 1450/912/899
f 960/913/900 294/1413/1398 949/914/901
f 1450/912/899 949/914/901 295/915/902
f 1107/916/903 1451/919/906 1089/917/904
f 356/911/898 961/910/897 1451/919/906
f 961/910/897 295/915/902 951/920/907
f 1451/919/906 951/920/907 296/921/908
f 959/922/909 1452/926/913 1106/923/910
f 246/925/912 915/927/914 1452/926/913
f 915/927/914 278/1368/1353 1090/928/915
f 1452/926/913 1090/928/915 358/929/916
f 964/930/917 1453/934/921 1105/931/918
f 288/933/920 934/935/922 1453/934/921
f 934/935/922 246/925/912 959/922/909
f 1453/934/921 959/922/909 354/924/911
f 986/936/923 1454/940/927 1104/937/924
f 307/939/926 984/941/928 1454/940/927
f 984/941/928 288/933/920 964/930/917
f 1454/940/927 964/930/917 359/932/919
f 987/942/929 1455/946/933 1103/943/930
f 308/945/932 980/947/934 1455/946/933
f 980/947/934 307/939/926 986/936/923
f 1455/946/933 986/936/923 361/938/925
f 1168/948/935 1456/952/939 1136/949/936
f 381/951/938 1135/1006/993 1456/952/939
f 1456/952/939 1135/1006/993 239/953/940
f 1136/949/936 1456/952/939 865/954/941
f 879/888/875 1457/957/944 1037/883/870
f 258/956/943 1039/958/945 1457/957/944
f 1039/958/945 257/1013/1000 878/959/946
f 1457/957/944 878/959/946 255/864/851
f 894/960/947 1458/964/951 890/961/948
f 267/963/950 901/965/952 1458/964/951
f 901/965/952 265/980/967 896/966/953
f 1458/964/951 896/966/953 264/967/954
f 893/968/955 1459/972/959 891/969/956
f 269/971/958 902/973/960 1459/972/959
f 902/973/960 267/963/950 894/960/947
f 1459/972/959 894/960/947 262/962/949
f 898/974/961 1460/975/962 880/894/881
f 270/970/957 891/969/956 1460/975/962
f 891/969/956 262/962/949 895/976/963
f 1460/975/962 895/976/963 259/885/872
f 895/976/963 1461/977/964 887/887/874
f 262/962/949 890/961/948 1461/977/964
f 890/961/948 264/967/954 892/978/965
f 1461/977/964 892/978/965 258/956/943
f 896/966/953 1462/981/968 1040/979/966
f 265/980/967 1041/982/969 1462/981/968
f 1041/982/969 263/1038/1025 897/983/970
f 1462/981/968 897/983/970 266/984/971
f 1167/985/972 1463/986/973 1134/877/864
f 382/950/937 1136/949/936 1463/986/973
f 1136/949/936 268/955/942 899/987/974
f 1463/986/973 899/987/974 238/988/975
f 1083/989/976 1464/991/978 888/900/887
f 343/990/977 905/992/979 1464/991/978
f 905/992/979 270/970/957 898/974/961
f 1464/991/978 898/974/961 260/892/879
f 1102/993/980 1465/995/982 963/994/981
f 357/918/905 1089/917/904 1465/995/982
f 1089/917/904 296/921/908 953/996/983
f 1465/995/982 953/996/983 297/997/984
f 1082/998/985 1466/1001/988 907/999/986
f 343/990/977 1063/1002/989 1466/1001/988
f 1063/1002/989 271/1377/1362 906/1003/990
f 1466/1001/988 906/1003/990 272/1004/991
f 1166/1005/992 1467/1008/995 1135/1006/993
f 383/1007/994 1137/1009/996 1467/1008/995
f 1137/1009/996 273/1033/1020 908/1010/997
f 1467/1008/995 908/1010/997 239/953/940
f 892/978/965 1468/1011/998 1039/958/945
f 264/967/954 1040/979/966 1468/1011/998
f 1040/979/966 266/984/971 889/1012/999
f 1468/1011/998 889/1012/999 257/1013/1000
f 911/1014/1001 1469/1016/1003 901/965/952
f 276/1015/1002 917/1017/1004 1469/1016/1003
f 917/1017/1004 275/1034/1021 909/1018/1005
f 1469/1016/1003 909/1018/1005 265/980/967
f 914/1019/1006 1470/1021/1008 902/973/960
f 277/1020/1007 918/1022/1009 1470/1021/1008
f 918/1022/1009 276/1015/1002 911/1014/1001
f 1470/1021/1008 911/1014/1001 267/963/950
f 1081/1023/1010 1471/1026/1013 1064/1024/1011
f 345/1025/1012 1065/1027/1014 1471/1026/1013
f 1065/1027/1014 277/1020/1007 914/1019/1006
f 1471/1026/1013 914/1019/1006 269/971/958
f 1165/1028/1015 1472/1030/1017 1137/1009/996
f 384/1029/1016 1138/1031/1018 1472/1030/1017
f 1138/1031/1018 279/1056/1043 919/1032/1019
f 1472/1030/1017 919/1032/1019 273/1033/1020
f 909/1018/1005 1473/1035/1022 1041/982/969
f 275/1034/1021 1042/1036/1023 1473/1035/1022
f 1042/1036/1023 274/1061/1048 910/1037/1024
f 1473/1035/1022 910/1037/1024 263/1038/1025
f 924/1039/1026 1474/1041/1028 917/1017/1004
f 282/1040/1027 927/1042/1029 1474/1041/1028
f 927/1042/1029 281/1057/1044 920/1043/1030
f 1474/1041/1028 920/1043/1030 275/1034/1021
f 923/1044/1031 1475/1046/1033 918/1022/1009
f 923/1044/1031 283/1050/1037 922/1045/1032
f 922/1045/1032 282/1040/1027 924/1039/1026
f 1475/1046/1033 924/1039/1026 276/1015/1002
f 345/1025/1012 1080/1048/1035 1476/1047/1034
f 1080/1048/1035 346/1070/1057 1066/1049/1036
f 1476/1047/1034 1066/1049/1036 283/1050/1037
f 1065/1027/1014 1476/1047/1034 923/1044/1031
f 1164/1051/1038 1477/1053/1040 1138/1031/1018
f 385/1052/1039 1139/1054/1041 1477/1053/1040
f 1139/1054/1041 284/1080/1067 929/1055/1042
f 1477/1053/1040 929/1055/1042 279/1056/1043
f 920/1043/1030 1478/1058/1045 1042/1036/1023
f 281/1057/1044 1043/1059/1046 1478/1058/1045
f 1043/1059/1046 280/1085/1072 921/1060/1047
f 1478/1058/1045 921/1060/1047 274/1061/1048
f 932/1062/1049 1479/1064/1051 927/1042/1029
f 932/1062/1049 287/1069/1056 937/1063/1050
f 937/1063/1050 286/1081/1068 931/1065/1052
f 1479/1064/1051 931/1065/1052 281/1057/1044
f 283/1050/1037 935/1067/1054 1480/1066/1053
f 935/1067/1054 289/1074/1061 938/1068/1055
f 1480/1066/1053 938/1068/1055 287/1069/1056
f 1480/1066/1053 932/1062/1049 282/1040/1027
f 346/1070/1057 1079/1072/1059 1481/1071/1058
f 1079/1072/1059 347/1095/1082 1067/1073/1060
f 1481/1071/1058 1067/1073/1060 289/1074/1061
f 1066/1049/1036 1481/1071/1058 935/1067/1054
f 1163/1075/1062 1482/1077/1064 1139/1054/1041
f 386/1076/1063 1140/1078/1065 1482/1077/1064
f 1140/1078/1065 240/1477/1462 925/1079/1066
f 1482/1077/1064 925/1079/1066 284/1080/1067
f 931/1065/1052 1483/1082/1069 1043/1059/1046
f 286/1081/1068 1044/1083/1070 1483/1082/1069
f 1044/1083/1070 285/1164/1151 930/1084/1071
f 1483/1082/1069 930/1084/1071 280/1085/1072
f 287/1069/1056 941/1087/1074 1484/1086/1073
f 941/1087/1074 292/1094/1081 972/1088/1075
f 1484/1086/1073 972/1088/1075 241/1089/1076
f 937/1063/1050 1484/1086/1073 973/1090/1077
f 289/1074/1061 983/1092/1079 1485/1091/1078
f 983/1092/1079 305/1099/1086 978/1093/1080
f 1485/1091/1078 978/1093/1080 292/1094/1081
f 938/1068/1055 1485/1091/1078 941/1087/1074
f 347/1095/1082 1078/1097/1084 1486/1096/1083
f 1078/1097/1084 348/1187/1174 981/1098/1085
f 1486/1096/1083 981/1098/1085 305/1099/1086
f 1067/1073/1060 1486/1096/1083 983/1092/1079
f 417/1100/1087 1129/1103/1090 1487/1101/1088
f 1129/1103/1090 155/273/273 466/272/272
f 1487/1101/1088 466/272/272 9/271/271
f 1205/1102/1089 1487/1101/1088 1186/1104/1091
f 411/1105/1092 1186/1104/1091 1488/1106/1093
f 1186/1104/1091 9/271/271 562/279/279
f 1488/1106/1093 562/279/279 62/278/278
f 1204/1107/1094 1488/1106/1093 1180/1108/1095
f 405/1109/1096 1180/1108/1095 1489/1110/1097
f 1180/1108/1095 62/278/278 539/285/285
f 1489/1110/1097 539/285/285 64/284/284
f 1203/1111/1098 1489/1110/1097 1181/1112/1099
f 406/1113/1100 1181/1112/1099 1490/1114/1101
f 1181/1112/1099 64/284/284 542/291/291
f 1490/1114/1101 542/291/291 66/290/290
f 1202/1115/1102 1490/1114/1101 1182/1116/1103
f 407/1117/1104 1182/1116/1103 1491/1118/1105
f 1182/1116/1103 66/290/290 545/297/297
f 1491/1118/1105 545/297/297 68/296/296
f 1201/1119/1106 1491/1118/1105 1183/1120/1107
f 408/1121/1108 1183/1120/1107 1492/1122/1109
f 1183/1120/1107 68/296/296 548/303/303
f 1492/1122/1109 548/303/303 70/302/302
f 1200/1123/1110 1492/1122/1109 1184/1124/1111
f 409/1125/1112 1184/1124/1111 1493/1126/1113
f 1184/1124/1111 70/302/302 551/309/309
f 1493/1126/1113 551/309/309 72/308/308
f 1199/1127/1114 1493/1126/1113 1185/1128/1115
f 410/1129/1116 1185/1128/1115 1494/1130/1117
f 1185/1128/1115 72/308/308 552/315/315
f 1494/1130/1117 552/315/315 74/314/314
f 1198/1131/1118 1494/1130/1117 1187/1132/1119
f 412/1133/1120 1187/1132/1119 1495/1134/1121
f 1187/1132/1119 74/314/314 553/321/321
f 1495/1134/1121 553/321/321 75/320/320
f 1197/1135/1122 1495/1134/1121 1188/1136/1123
f 415/1138/1125 1196/1141/1128 1496/1139/1126
f 1196/1141/1128 414/1518/1503 994/1142/1129
f 1496/1139/1126 994/1142/1129 310/1143/1130
f 1190/1140/1127 1496/1139/1126 997/1144/1131
f 387/1146/1133 1162/1149/1136 1497/1147/1134
f 386/1076/1063 943/1150/1137 1497/1147/1134
f 943/1150/1137 290/1165/1152 970/1151/1138
f 1141/1148/1135 1497/1147/1134 970/1151/1138
f 389/1153/1140 1161/1156/1143 1498/1154/1141
f 1161/1156/1143 388/1475/1460 974/1157/1144
f 1498/1154/1141 974/1157/1144 300/1158/1145
f 1143/1155/1142 1498/1154/1141 971/1159/1146
f 973/1090/1077 1499/1161/1148 1044/1083/1070
f 241/1089/1076 1046/1162/1149 1499/1161/1148
f 1046/1162/1149 290/1165/1152 939/1163/1150
f 1499/1161/1148 939/1163/1150 285/1164/1151
f 290/1165/1152 1046/1162/1149 1500/1166/1153
f 241/1089/1076 866/1167/1154 1500/1166/1153
f 866/1167/1154 302/1172/1159 1047/1168/1155
f 1500/1166/1153 1047/1168/1155 301/1152/1139
f 972/1088/1075 1501/1169/1156 866/1167/1154
f 292/1094/1081 976/1170/1157 1501/1169/1156
f 976/1170/1157 304/1184/1171 975/1171/1158
f 1501/1169/1156 975/1171/1158 302/1172/1159
f 1005/1173/1160 1502/1177/1164 996/1174/1161
f 317/1176/1163 988/1178/1165 1502/1177/1164
f 988/1178/1165 309/1216/1203 985/1179/1166
f 1502/1177/1164 985/1179/1166 303/1180/1167
f 978/1093/1080 1503/1181/1168 976/1170/1157
f 305/1099/1086 977/1182/1169 1503/1181/1168
f 977/1182/1169 306/1204/1191 979/1183/1170
f 1503/1181/1168 979/1183/1170 304/1184/1171
f 1068/1185/1172 1504/1188/1175 1077/1186/1173
f 307/939/926 980/947/934 1504/1188/1175
f 980/947/934 308/945/932 982/1189/1176
f 1504/1188/1175 982/1189/1176 349/1190/1177
f 364/1191/1178 1101/1194/1181 1505/1192/1179
f 1101/1194/1181 363/1392/1377 993/1195/1182
f 1505/1192/1179 993/1195/1182 312/1196/1183
f 1096/1193/1180 1505/1192/1179 1000/1197/1184
f 1003/1199/1186 1506/1202/1189 1001/1200/1187
f 317/1176/1163 999/1203/1190 1506/1202/1189
f 999/1203/1190 304/1184/1171 979/1183/1170
f 1506/1202/1189 979/1183/1170 306/1204/1191
f 351/1205/1192 1076/1208/1195 1507/1206/1193
f 1076/1208/1195 350/1362/1347 1070/1209/1196
f 1507/1206/1193 1070/1209/1196 311/1210/1197
f 1071/1207/1194 1507/1206/1193 991/1211/1198
f 349/1190/1177 1075/1214/1201 1508/1212/1199
f 1075/1214/1201 351/1205/1192 1071/1207/1194
f 1508/1212/1199 1071/1207/1194 319/1201/1188
f 1069/1213/1200 1508/1212/1199 1001/1200/1187
f 992/1215/1202 1509/1217/1204 991/1211/1198
f 309/1216/1203 988/1178/1165 1509/1217/1204
f 988/1178/1165 317/1176/1163 1003/1199/1186
f 1509/1217/1204 1003/1199/1186 319/1201/1188
f 362/944/931 1100/1219/1206 1510/1218/1205
f 1100/1219/1206 364/1191/1178 1096/1193/1180
f 1510/1218/1205 1096/1193/1180 318/1198/1185
f 987/942/929 1510/1218/1205 990/1220/1207
f 975/1171/1158 1511/1222/1209 942/1221/1208
f 304/1184/1171 999/1203/1190 1511/1222/1209
f 999/1203/1190 317/1176/1163 1005/1173/1160
f 1511/1222/1209 1005/1173/1160 314/1175/1162
f 314/1175/1162 996/1174/1161 1512/1223/1210
f 996/1174/1161 303/1180/1167 1045/1225/1212
f 1512/1223/1210 1045/1225/1212 291/1226/1213
f 1048/1224/1211 1512/1223/1210 940/1227/1214
f 387/1146/1133 1160/1231/1218 1513/1229/1216
f 1160/1231/1218 389/1153/1140 1143/1155/1142
f 1513/1229/1216 1143/1155/1142 316/1160/1147
f 969/1230/1217 1513/1229/1216 998/1232/1219
f 1195/1234/1221 1514/1236/1223 967/1235/1222
f 1195/1234/1221 415/1138/1125 1190/1140/1127
f 1514/1236/1223 1190/1140/1127 315/1145/1132
f 1514/1236/1223 944/1237/1224 244/1238/1225
f 1159/1239/1226 1515/1243/1230 1145/1240/1227
f 1159/1239/1226 390/1470/1455 1008/1242/1229
f 1515/1243/1230 1008/1242/1229 321/1244/1231
f 1145/1240/1227 1515/1243/1230 1009/1245/1232
f 443/1247/1234 1158/2192/1237 1516/1248/1235
f 1158/1250/1237 391/1241/1228 1145/1240/1227
f 1516/1251/1235 1145/1240/1227 323/1246/1233
f 1248/1249/1236 1516/1248/1235 1011/1253/1238
f 447/1255/1240 1157/1258/1243 1517/1256/1241
f 1157/1258/1243 395/1622/1601 1149/1259/1244
f 1517/1256/1241 1149/1259/1244 324/1260/1245
f 1254/1257/1242 1517/1256/1241 1013/1261/1246
f 1156/1263/1248 1518/1267/1252 1150/1264/1249
f 392/1266/1251 1146/1268/1253 1518/1267/1252
f 1146/1268/1253 254/1641/1613 874/1269/1254
f 1518/1267/1252 874/1269/1254 367/1270/1255
f 293/1271/1256 1092/1274/1259 1519/1272/1257
f 360/901/888 1110/1433/1418 1519/1272/1257
f 1519/1272/1257 1110/1433/1418 369/867/854
f 1022/1273/1258 1519/1272/1257 1131/1275/1260
f 302/1172/1159 942/1221/1208 1520/1277/1262
f 942/1221/1208 314/1175/1162 1048/1224/1211
f 1520/1277/1262 1048/1224/1211 313/1228/1215
f 1047/1168/1155 1520/1277/1262 995/1278/1263
f 379/1279/1264 1155/1282/1267 1521/1280/1265
f 1155/1282/1267 393/1462/1447 1147/1283/1268
f 1147/1283/1268 325/1355/1340 1116/1284/1269
f 876/1281/1266 1521/1280/1265 1116/1284/1269
f 1073/1286/1271 1522/1290/1275 1121/1287/1272
f 329/1289/1274 1117/1291/1276 1522/1290/1275
f 1117/1291/1276 328/856/843 1072/855/842
f 1522/1290/1275 1072/855/842 352/1292/1277
f 365/1293/1278 1097/1296/1281 1523/1294/1279
f 1097/1296/1281 253/1511/1496 1114/1297/1282
f 1523/1294/1279 1114/1297/1282 243/1298/1283
f 1122/1295/1280 1523/1294/1279 1098/1299/1284
f 1154/1300/1285 1524/1304/1289 1259/1301/1286
f 394/1303/1288 1148/1305/1290 1524/1304/1289
f 1148/1305/1290 331/1541/1526 1029/1306/1291
f 1524/1304/1289 1029/1306/1291 449/1307/1292
f 416/1308/1293 1191/1311/1296 1525/1309/1294
f 1191/1311/1296 10/501/499 719/500/498
f 1525/1309/1294 719/500/498 105/499/497
f 1194/1310/1295 1525/1309/1294 883/1312/1297
f 327/1314/1299 1023/1317/1302 1526/1315/1300
f 1023/1317/1302 332/1321/1306 1119/1318/1303
f 1526/1315/1300 1119/1318/1303 333/846/833
f 1118/1316/1301 1526/1315/1300 1031/1319/1304
f 332/1321/1306 1030/1324/1309 1527/1322/1307
f 334/1323/1308 1120/1385/1370 1527/1322/1307
f 1527/1322/1307 1120/1385/1370 250/1325/1310
f 1119/1318/1303 1527/1322/1307 1035/848/835
f 1177/1326/1311 1528/1329/1314 1178/1327/1312
f 115/521/519 650/520/518 1528/1329/1314
f 650/520/518 114/2187/518 1051/1330/1315
f 1528/1329/1314 1051/1330/1315 402/1331/1316
f 1172/1332/1317 1529/1336/1321 1173/1333/1318
f 335/1335/1320 1054/1337/1322 1529/1336/1321
f 1054/1337/1322 336/1507/1492 1053/1338/1323
f 1529/1336/1321 1053/1338/1323 398/1339/1324
f 1058/1340/1325 1530/1344/1329 1060/1341/1326
f 337/1343/1328 1057/1345/1330 1530/1344/1329
f 1057/1345/1330 338/1502/1487 1056/1346/1331
f 1530/1344/1329 1056/1346/1331 340/1347/1332
f 1050/1348/1333 1531/1351/1336 1010/1349/1334
f 339/1342/1327 1060/1341/1326 1531/1351/1336
f 1060/1341/1326 340/1347/1332 1059/1352/1337
f 1531/1351/1336 1059/1352/1337 320/1353/1338
f 1049/1354/1339 1532/1356/1341 1116/1284/1269
f 327/1314/1299 1118/1316/1301 1532/1356/1341
f 1118/1316/1301 247/1320/1305 1038/1357/1342
f 1532/1356/1341 1038/1357/1342 256/1285/1270
f 308/945/932 990/1220/1207 1533/1358/1343
f 990/1220/1207 318/1198/1185 1002/1359/1344
f 1533/1358/1343 1002/1359/1344 351/1205/1192
f 1533/1358/1343 1075/1214/1201 349/1190/1177
f 318/1198/1185 1000/1197/1184 1534/1360/1345
f 1000/1197/1184 312/1196/1183 989/1361/1346
f 1534/1360/1345 989/1361/1346 350/1362/1347
f 1002/1359/1344 1534/1360/1345 1076/1208/1195
f 981/1098/1085 1535/1363/1348 977/1182/1169
f 348/1187/1174 1077/1186/1173 1535/1363/1348
f 1077/1186/1173 349/1190/1177 1069/1213/1200
f 1535/1363/1348 1069/1213/1200 306/1204/1191
f 288/933/920 984/941/928 1536/1364/1349
f 984/941/928 307/939/926 1068/1185/1172
f 1536/1364/1349 1068/1185/1172 348/1187/1174
f 933/1365/1350 1536/1364/1349 1078/1097/1084
f 246/925/912 934/935/922 1537/1366/1351
f 934/935/922 288/933/920 933/1365/1350
f 1537/1366/1351 933/1365/1350 347/1095/1082
f 928/1367/1352 1537/1366/1351 1079/1072/1059
f 278/1368/1353 915/927/914 1538/1369/1354
f 915/927/914 246/925/912 928/1367/1352
f 1538/1369/1354 928/1367/1352 346/1070/1057
f 912/1370/1355 1538/1369/1354 1080/1048/1035
f 913/1371/1356 1539/1372/1357 907/999/986
f 278/1368/1353 912/1370/1355 1539/1372/1357
f 912/1370/1355 345/1025/1012 1081/1023/1010
f 1539/1372/1357 1081/1023/1010 344/1000/987
f 893/968/955 1540/1373/1358 1064/1024/1011
f 270/970/957 905/992/979 1540/1373/1358
f 905/992/979 343/990/977 1082/998/985
f 1540/1373/1358 1082/998/985 344/1000/987
f 904/1374/1359 1541/1378/1363 1062/1375/1360
f 271/1377/1362 1063/1002/989 1541/1378/1363
f 1063/1002/989 343/990/977 1083/989/976
f 1541/1378/1363 1083/989/976 342/898/885
f 884/907/894 1542/1380/1365 1061/1379/1364
f 261/1376/1361 1062/1375/1360 1542/1380/1365
f 1062/1375/1360 342/898/885 1084/895/882
f 1542/1380/1365 1084/895/882 341/897/884
f 1036/849/836 1543/1383/1368 1130/1381/1366
f 1036/849/836 250/1325/1310 1025/1382/1367
f 1543/1383/1368 1025/1382/1367 352/1292/1277
f 1130/1381/1366 1543/1383/1368 1085/854/841
f 1033/1384/1369 1544/1386/1371 1120/1385/1370
f 353/1288/1273 1121/1287/1272 1544/1386/1371
f 1121/1287/1272 352/1292/1277 1025/1382/1367
f 1544/1386/1371 1025/1382/1367 250/1325/1310
f 244/1238/1225 944/1237/1224 1545/1387/1372
f 944/1237/1224 315/1145/1132 1004/1389/1374
f 1545/1387/1372 1004/1389/1374 364/1191/1178
f 1094/1388/1373 1545/1387/1372 1100/1219/1206
f 315/1145/1132 997/1144/1131 1546/1390/1375
f 997/1144/1131 310/1143/1130 1095/1391/1376
f 1546/1390/1375 1095/1391/1376 363/1392/1377
f 1004/1389/1374 1546/1390/1375 1101/1194/1181
f 913/1371/1356 1547/1393/1378 1090/928/915
f 272/1004/991 962/1394/1379 1547/1393/1378
f 962/1394/1379 357/918/905 1102/993/980
f 1547/1393/1378 1102/993/980 358/929/916
f 244/1238/1225 1094/1388/1373 1548/1395/1380
f 362/944/931 1103/943/930 1548/1395/1380
f 1103/943/930 361/938/925 1093/1397/1382
f 868/1396/1381 1548/1395/1380 1093/1397/1382
f 245/1398/1383 1093/1397/1382 1549/1399/1384
f 361/938/925 1104/937/924 1549/1399/1384
f 1104/937/924 359/932/919 1091/1401/1386
f 958/1400/1385 1549/1399/1384 1091/1401/1386
f 299/1402/1387 1091/1401/1386 1550/1403/1388
f 359/932/919 1105/931/918 1550/1403/1388
f 1105/931/918 354/924/911 1086/1405/1390
f 957/1404/1389 1550/1403/1388 1086/1405/1390
f 298/1406/1391 1086/1405/1390 1551/1407/1392
f 354/924/911 1106/923/910 1551/1407/1392
f 1551/1407/1392 1106/923/910 358/929/916
f 955/1408/1393 1551/1407/1392 963/994/981
f 906/1003/990 1552/1409/1394 962/1394/1379
f 271/1377/1362 1088/1410/1395 1552/1409/1394
f 1088/1410/1395 356/911/898 1107/916/903
f 1552/1409/1394 1107/916/903 357/918/905
f 904/1374/1359 1553/1411/1396 1088/1410/1395
f 261/1376/1361 1087/906/893 1553/1411/1396
f 1087/906/893 355/904/891 1108/909/896
f 1553/1411/1396 1108/909/896 356/911/898
f 947/1412/1397 1554/1414/1399 1092/1274/1259
f 294/1413/1398 960/913/900 1554/1414/1399
f 1554/1414/1399 960/913/900 355/904/891
f 1092/1274/1259 1554/1414/1399 1109/905/892
f 373/1276/1261 1131/1275/1260 1555/1415/1400
f 1131/1275/1260 369/867/854 885/869/856
f 1555/1415/1400 885/869/856 366/872/859
f 945/1416/1401 1555/1415/1400 1098/1299/1284
f 1153/1417/1402 1556/1420/1405 1245/1418/1403
f 396/1265/1250 1150/1264/1249 1556/1420/1405
f 1150/1264/1249 367/1270/1255 1111/1421/1406
f 1556/1420/1405 1111/1421/1406 440/1422/1407
f 247/1320/1305 1031/1319/1304 1557/1423/1408
f 1031/1319/1304 333/846/833 1016/843/830
f 1557/1423/1408 1016/843/830 371/845/832
f 870/1424/1409 1557/1423/1408 1123/838/825
f 1034/839/826 1558/1425/1410 872/890/877
f 371/845/832 1124/844/831 1558/1425/1410
f 1124/844/831 375/850/837 871/1426/1411
f 1558/1425/1410 871/1426/1411 251/891/878
f 1014/1427/1412 1559/1428/1413 1061/1379/1364
f 1014/1427/1412 370/851/838 1125/853/840
f 1125/853/840 372/858/845 1026/1429/1414
f 1559/1428/1413 1026/1429/1414 252/908/895
f 379/1279/1264 876/1281/1266 1560/1430/1415
f 876/1281/1266 256/1285/1270 877/1432/1417
f 1560/1430/1415 877/1432/1417 374/880/867
f 1152/1431/1416 1560/1430/1415 1126/862/849
f 968/903/890 1561/1434/1419 1110/1433/1418
f 968/903/890 252/908/895 1026/1429/1414
f 1561/1434/1419 1026/1429/1414 372/858/845
f 1110/1433/1418 1561/1434/1419 1127/870/857
f 256/1285/1270 1038/1357/1342 1562/1435/1420
f 1038/1357/1342 247/1320/1305 870/1424/1409
f 1562/1435/1420 870/1424/1409 376/835/822
f 877/1432/1417 1562/1435/1420 1128/882/869
f 404/1313/1298 883/1312/1297 1563/1436/1421
f 883/1312/1297 105/499/497 626/630/628
f 1563/1436/1421 626/630/628 155/273/273
f 1193/1437/1422 1563/1436/1421 1129/1103/1090
f 871/1426/1411 1564/1438/1423 873/896/883
f 871/1426/1411 375/850/837 1130/1381/1366
f 1564/1438/1423 1130/1381/1366 370/851/838
f 873/896/883 1564/1438/1423 1014/1427/1412
f 1020/1439/1424 1565/1440/1425 1117/1291/1276
f 1020/1439/1424 365/1293/1278 1122/1295/1280
f 1565/1440/1425 1122/1295/1280 366/872/859
f 1565/1440/1425 1024/871/858 328/856/843
f 235/1441/1426 1133/1444/1429 1566/1442/1427
f 1133/1444/1429 379/1279/1264 1152/1431/1416
f 1566/1442/1427 1152/1431/1416 397/859/846
f 1566/1442/1427 1151/1445/1430 377/1446/1431
f 1241/1447/1432 1567/1451/1436 1244/1448/1433
f 368/1450/1435 1113/1452/1437 1567/1451/1436
f 1113/1452/1437 396/1265/1250 1153/1417/1402
f 1567/1451/1436 1153/1417/1402 441/1419/1404
f 1255/1453/1438 1568/1457/1442 1258/1454/1439
f 330/1456/1441 1027/1458/1443 1568/1457/1442
f 1027/1458/1443 394/1303/1288 1154/1300/1285
f 1568/1457/1442 1154/1300/1285 450/1302/1287
f 235/1441/1426 1115/1460/1445 1569/1459/1444
f 1115/1460/1445 326/2193/1591 1018/1461/1446
f 1569/1459/1444 1018/1461/1446 393/1462/1447
f 1133/1444/1429 1569/1459/1444 1155/1282/1267
f 1112/1463/1448 1570/1465/1450 1113/1452/1437
f 236/1464/1449 1015/1466/1451 1570/1465/1450
f 1015/1466/1451 392/1266/1251 1156/1263/1248
f 1570/1465/1450 1156/1263/1248 396/1265/1250
f 322/1350/1335 1010/1349/1334 1571/1467/1452
f 1010/1349/1334 320/1353/1338 1144/1469/1454
f 1571/1467/1452 1144/1469/1454 390/1470/1455
f 1012/1468/1453 1571/1467/1452 1159/1239/1226
f 301/1152/1139 995/1278/1263 1572/1471/1456
f 995/1278/1263 313/1228/1215 1006/1472/1457
f 1572/1471/1456 1006/1472/1457 389/1153/1140
f 1141/1148/1135 1572/1471/1456 1160/1231/1218
f 313/1228/1215 940/1227/1214 1573/1473/1458
f 940/1227/1214 291/1226/1213 1142/1474/1459
f 1573/1473/1458 1142/1474/1459 388/1475/1460
f 1006/1472/1457 1573/1473/1458 1161/1156/1143
f 867/1476/1461 1574/1478/1463 969/1230/1217
f 240/1477/1462 1140/1078/1065 1574/1478/1463
f 1140/1078/1065 386/1076/1063 1162/1149/1136
f 1574/1478/1463 1162/1149/1136 387/1146/1133
f 939/1163/1150 1575/1480/1465 936/1479/1464
f 290/1165/1152 943/1150/1137 1575/1480/1465
f 943/1150/1137 386/1076/1063 1163/1075/1062
f 1575/1480/1465 1163/1075/1062 385/1052/1039
f 930/1084/1071 1576/1482/1467 926/1481/1466
f 285/1164/1151 936/1479/1464 1576/1482/1467
f 936/1479/1464 385/1052/1039 1164/1051/1038
f 1576/1482/1467 1164/1051/1038 384/1029/1016
f 921/1060/1047 1577/1484/1469 916/1483/1468
f 280/1085/1072 926/1481/1466 1577/1484/1469
f 926/1481/1466 384/1029/1016 1165/1028/1015
f 1577/1484/1469 1165/1028/1015 383/1007/994
f 910/1037/1024 1578/1486/1471 900/1485/1470
f 274/1061/1048 916/1483/1468 1578/1486/1471
f 916/1483/1468 383/1007/994 1166/1005/992
f 1578/1486/1471 1166/1005/992 381/951/938
f 889/1012/999 1579/1488/1473 886/1487/1472
f 266/984/971 903/1489/1474 1579/1488/1473
f 903/1489/1474 382/950/937 1167/985/972
f 1579/1488/1473 1167/985/972 380/875/862
f 897/983/970 1580/1490/1475 903/1489/1474
f 263/1038/1025 900/1485/1470 1580/1490/1475
f 900/1485/1470 381/951/938 1168/948/935
f 1580/1490/1475 1168/948/935 382/950/937
f 878/959/946 1581/1491/1476 875/865/852
f 257/1013/1000 886/1487/1472 1581/1491/1476
f 886/1487/1472 380/875/862 1169/873/860
f 1581/1491/1476 1169/873/860 378/866/853
f 1151/1445/1430 1582/1493/1478 863/1492/1477
f 1151/1445/1430 397/859/846 1170/861/848
f 1582/1493/1478 1170/861/848 378/866/853
f 1582/1493/1478 1132/874/861 237/879/866
f 401/1494/1479 1176/1497/1482 1583/1495/1480
f 1176/1497/1482 400/1504/1489 1174/1498/1483
f 1583/1495/1480 1174/1498/1483 403/1328/1313
f 1228/1496/1481 1583/1495/1480 1178/1327/1312
f 1055/1499/1484 1584/1500/1485 1057/1345/1330
f 399/1334/1319 1173/1333/1318 1584/1500/1485
f 1173/1333/1318 398/1339/1324 1171/1501/1486
f 1584/1500/1485 1171/1501/1486 338/1502/1487
f 1052/1503/1488 1585/1505/1490 1054/1337/1322
f 400/1504/1489 1176/1497/1482 1585/1505/1490
f 1176/1497/1482 401/1494/1479 1175/1506/1491
f 1585/1505/1490 1175/1506/1491 336/1507/1492
f 243/1298/1283 1179/1509/1494 1586/1508/1493
f 1179/1509/1494 404/1313/1298 1193/1437/1422
f 1586/1508/1493 1193/1437/1422 417/1100/1087
f 945/1416/1401 1586/1508/1493 1192/1510/1495
f 253/1511/1496 1019/1513/1498 1587/1512/1497
f 1019/1513/1498 416/1308/1293 1194/1310/1295
f 1587/1512/1497 1194/1310/1295 404/1313/1298
f 1114/1297/1282 1587/1512/1497 1179/1509/1494
f 566/705/703 1588/1515/1500 1188/1136/1123
f 566/705/703 93/708/706 1007/1514/1499
f 1588/1515/1500 1007/1514/1499 415/1138/1125
f 1588/1515/1500 1195/1234/1221 413/1137/1124
f 93/708/706 596/710/708 1589/1516/1501
f 596/710/708 76/712/710 1189/1517/1502
f 1589/1516/1501 1189/1517/1502 414/1518/1503
f 1007/1514/1499 1589/1516/1501 1196/1141/1128
f 245/1398/1383 966/1520/1505 1590/1519/1504
f 966/1520/1505 412/1133/1120 1197/1135/1122
f 1590/1519/1504 1197/1135/1122 413/1137/1124
f 868/1396/1381 1590/1519/1504 967/1235/1222
f 299/1402/1387 956/1522/1507 1591/1521/1506
f 956/1522/1507 410/1129/1116 1198/1131/1118
f 1591/1521/1506 1198/1131/1118 412/1133/1120
f 958/1400/1385 1591/1521/1506 966/1520/1505
f 298/1406/1391 954/1524/1509 1592/1523/1508
f 954/1524/1509 409/1125/1112 1199/1127/1114
f 1592/1523/1508 1199/1127/1114 410/1129/1116
f 957/1404/1389 1592/1523/1508 956/1522/1507
f 297/997/984 952/1526/1511 1593/1525/1510
f 952/1526/1511 408/1121/1108 1200/1123/1110
f 1593/1525/1510 1200/1123/1110 409/1125/1112
f 955/1408/1393 1593/1525/1510 954/1524/1509
f 296/921/908 950/1528/1513 1594/1527/1512
f 950/1528/1513 407/1117/1104 1201/1119/1106
f 1594/1527/1512 1201/1119/1106 408/1121/1108
f 953/996/983 1594/1527/1512 952/1526/1511
f 295/915/902 948/1530/1515 1595/1529/1514
f 948/1530/1515 406/1113/1100 1202/1115/1102
f 1595/1529/1514 1202/1115/1102 407/1117/1104
f 951/920/907 1595/1529/1514 950/1528/1513
f 294/1413/1398 946/1532/1517 1596/1531/1516
f 946/1532/1517 405/1109/1096 1203/1111/1098
f 1596/1531/1516 1203/1111/1098 406/1113/1100
f 949/914/901 1596/1531/1516 948/1530/1515
f 293/1271/1256 965/1534/1519 1597/1533/1518
f 965/1534/1519 411/1105/1092 1204/1107/1094
f 1597/1533/1518 1204/1107/1094 405/1109/1096
f 947/1412/1397 1597/1533/1518 946/1532/1517
f 373/1276/1261 1192/1510/1495 1598/1535/1520
f 1192/1510/1495 417/1100/1087 1205/1102/1089
f 1598/1535/1520 1205/1102/1089 411/1105/1092
f 1022/1273/1258 1598/1535/1520 965/1534/1519
f 1208/1536/1521 1599/1538/1523 1148/1305/1290
f 420/1537/1522 1207/1539/1524 1599/1538/1523
f 1207/1539/1524 419/1554/1539 1209/1540/1525
f 1599/1538/1523 1209/1540/1525 331/1541/1526
f 1210/1542/1527 1600/1544/1529 1027/1458/1443
f 418/1543/1528 1206/1545/1530 1600/1544/1529
f 1206/1545/1530 420/1537/1522 1208/1536/1521
f 1600/1544/1529 1208/1536/1521 394/1303/1288
f 423/1546/1531 1214/1549/1534 1601/1547/1532
f 1214/1549/1534 422/1558/1543 1211/1550/1535
f 1601/1547/1532 1211/1550/1535 421/1551/1536
f 1216/1548/1533 1601/1547/1532 1213/1552/1537
f 419/1554/1539 1212/1556/1541 1602/1555/1540
f 1212/1556/1541 423/1546/1531 1216/1548/1533
f 1602/1555/1540 1216/1548/1533 424/1553/1538
f 1209/1540/1525 1602/1555/1540 1215/1557/1542
f 422/1558/1543 1218/1561/1546 1603/1559/1544
f 426/1560/1545 1217/1562/1547 1603/1559/1544
f 1217/1562/1547 425/1569/1554 1219/1563/1548
f 1211/1550/1535 1603/1559/1544 1219/1563/1548
f 1221/1564/1549 1604/1566/1551 1217/1562/1547
f 428/1565/1550 1220/1567/1552 1604/1566/1551
f 1220/1567/1552 427/1581/1564 1222/1568/1553
f 1604/1566/1551 1222/1568/1553 425/1569/1554
f 1225/1570/1555 1605/1574/1558 1227/1571/1556
f 212/1573/768 825/1575/767 1605/1574/1558
f 825/1575/767 211/2194/767 1224/1576/1559
f 1605/1574/1558 1224/1576/1559 430/1577/1560
f 1223/1578/1561 1606/1579/1562 1220/1567/1552
f 429/1572/1557 1227/1571/1556 1606/1579/1562
f 1227/1571/1556 430/1577/1560 1226/1580/1563
f 1606/1579/1562 1226/1580/1563 427/1581/1564
f 445/1582/1565 1232/1585/1568 1607/1583/1566
f 1232/1585/1568 434/1590/1573 1235/1586/1569
f 1607/1583/1566 1235/1586/1569 431/1587/1570
f 1251/1584/1567 1607/1583/1566 1229/1588/1571
f 434/1590/1573 1233/1592/1575 1608/1591/1574
f 1233/1592/1575 435/1596/1579 1236/1593/1576
f 1608/1591/1574 1236/1593/1576 432/1594/1577
f 1235/1586/1569 1608/1591/1574 1230/1595/1578
f 435/1596/1579 1234/1598/1581 1609/1597/1580
f 1234/1598/1581 436/1602/1585 1237/1599/1582
f 1609/1597/1580 1237/1599/1582 433/1600/1583
f 1236/1593/1576 1609/1597/1580 1231/1601/1584
f 436/1602/1585 1239/1604/1587 1610/1603/1586
f 1239/1604/1587 438/1618/1597 1240/1605/1588
f 1610/1603/1586 1240/1605/1588 437/1606/1589
f 1237/1599/1582 1610/1603/1586 1238/1607/1590
f 326/1608/1591 1017/1611/1593 1611/1609/1592
f 1017/1611/1593 439/1449/1434 1244/1448/1433
f 1611/1609/1592 1244/1448/1433 441/1419/1404
f 1018/1610/1446 1611/1609/1592 1243/1612/1594
f 393/1613/1447 1243/1612/1594 1612/1614/1595
f 1243/1612/1594 441/1419/1404 1245/1418/1403
f 1612/1614/1595 1245/1418/1403 440/1422/1407
f 1147/1615/1268 1612/1614/1595 1242/1616/1596
f 438/1618/1597 1247/1620/1599 1613/1619/1598
f 1247/1620/1599 443/1247/1234 1248/1249/1236
f 1613/1619/1598 1248/1249/1236 442/1254/1239
f 1240/1605/1588 1613/1619/1598 1246/1621/1600
f 395/1622/1601 1250/1624/1603 1614/1623/1602
f 1250/1624/1603 445/1582/1565 1251/1584/1567
f 1614/1623/1602 1251/1584/1567 444/1589/1572
f 1149/1259/1244 1614/1623/1602 1249/1625/1604
f 388/1626/1460 1253/1629/1606 1615/1627/1605
f 1253/1629/1606 447/1255/1240 1254/1257/1242
f 1615/1627/1605 1254/1257/1242 446/1262/1247
f 974/1628/1144 1615/1627/1605 1252/1630/1607
f 1028/1632/1608 1616/1636/1609 1015/1466/1451
f 448/1455/1440 1258/1454/1439 1616/1633/1609
f 1258/1454/1439 450/1302/1287 1257/1635/1610
f 1616/1636/1609 1257/1637/1610 392/1266/1251
f 1257/1637/1610 1617/1640/1611 1146/1268/1253
f 450/1302/1287 1259/1301/1286 1617/1638/1611
f 1259/1301/1286 449/1307/1292 1256/1639/1612
f 1617/1640/1611 1256/2195/1612 254/1641/1613
f 159/1642/1614 1654/1784/1737 1750/1643/1615
f 451/1644/1615 1750/1643/1615 1620/1645/1616
f 452/1647/1617 3/1646/1616 1620/1645/1616
f 452/1647/1617 1751/1648/1618 1621/1649/1619
f 36/1651/1621 1628/1669/1635 1752/1652/1622
f 453/1654/1623 1752/2196/1622 1622/1655/1624
f 6/1657/1625 1623/1681/1644 1753/1658/1626
f 455/1659/1626 1753/1658/1626 1624/1660/1627
f 462/1662/1628 148/1788/1629 1652/1663/1629
f 22/1665/1631 462/1662/1628 1754/1664/1630
f 4/1650/1620 1621/1649/1619 1755/1667/1633
f 36/1651/1621 488/1668/1634 1755/1667/1633
f 497/1670/1636 5/1656/1624 1622/1655/1624
f 41/1672/1637 497/1670/1636 1756/1671/1636
f 41/1672/1637 1629/1673/1637 1757/1674/1638
f 508/1675/1639 1757/1674/1638 1630/1676/1640
f 52/1678/1641 1631/1684/1641 1758/1679/1642
f 514/1680/1643 1758/1679/1642 1623/1681/1644
f 518/1682/1645 47/1677/1640 1630/1676/1640
f 52/1678/1641 518/1682/1645 1759/1683/1645
f 94/1685/1646 1633/1692/1652 1760/1686/1647
f 569/1687/1647 1760/1686/1647 1632/1688/1648
f 597/1690/1650 8/1661/1627 1624/1660/1627
f 94/1685/1646 597/1690/1650 1761/1691/1651
f 172/1693/1653 607/1696/1656 1762/1694/1654
f 607/1696/1656 99/1701/1661 1635/1697/1657
f 101/1698/1658 1636/1705/1665 1763/1699/1659
f 99/1701/1661 608/1700/1660 1763/1699/1659
f 226/1702/1662 1681/1900/1842 1764/1703/1663
f 610/1704/1664 1764/1703/1663 1636/1705/1665
f 612/1706/1666 230/1907/1847 1683/1707/1667
f 102/1709/1669 612/1706/1666 1765/1708/1668
f 616/1711/1671 223/1894/1672 1679/1712/1672
f 616/1711/1671 1766/1713/1671 1639/1714/1673
f 198/1716/1675 1659/1809/1758 1767/1717/1676
f 618/1718/1677 1767/1717/1676 1626/1719/1678
f 619/1721/1679 146/1780/1733 1651/1722/1680
f 108/1724/1682 619/1721/1679 1768/1723/1681
f 111/1726/1684 1644/1746/1702 1769/1727/1685
f 622/1728/1686 1769/1727/1685 1640/1729/1687
f 232/1731/1689 1684/1910/1850 1770/1732/1690
f 2/1734/1692 628/2197/1691 1770/1735/1690
f 233/1737/1693 1685/1914/1852 1771/1738/1694
f 629/1740/1696 1771/2198/1696 1643/1741/1697
f 113/1743/1699 1645/1750/1706 1772/1744/1700
f 630/1745/1701 1772/1744/1700 1644/1746/1702
f 633/1747/1703 134/1777/1730 1650/1748/1704
f 633/1747/1703 1773/1749/1705 1645/1750/1706
f 649/1751/1707 106/1730/1688 1640/1729/1687
f 649/1751/1707 1774/1752/1708 1638/1753/1709
f 184/1755/1711 1658/1874/1817 1775/1756/1712
f 652/1757/1713 1775/1756/1712 1646/1758/1714
f 180/1760/1715 1656/1801/1750 1776/1761/1716
f 654/1762/1717 1776/1761/1716 1647/1763/1718
f 121/1765/1719 1649/1774/1727 1777/1766/1720
f 657/1768/1721 1777/2199/1720 1648/1769/1722
f 98/1771/1724 1634/1797/1724 1778/1772/1725
f 660/1773/1726 1778/1772/1725 1649/1774/1727
f 674/1775/1728 108/1724/1682 1641/1725/1683
f 134/1777/1730 674/1775/1728 1779/1776/1729
f 698/1778/1731 21/1720/1678 1626/1719/1678
f 146/1780/1733 698/1778/1731 1780/1779/1732
f 700/1781/1734 1/1795/1745 1618/1782/1735
f 159/1642/1614 700/1781/1734 1781/1783/1736
f 224/1785/1738 1680/1897/1839 1782/1786/1739
f 712/1787/1740 1782/1786/1739 1652/1663/1629
f 2/1734/1692 1619/1736/1692 1783/1789/1741
f 713/1790/1741 1783/1789/1741 1653/1791/1742
f 104/1715/1674 1639/1714/1673 1784/1793/1743
f 716/1794/1744 1784/1793/1743 1618/1782/1735
f 98/1771/1724 746/1798/1747 1785/1796/1746
f 746/1798/1747 172/1693/1653 1655/1695/1655
f 119/1770/1723 1648/1769/1722 1786/1799/1748
f 773/1800/1749 1786/1799/1748 1656/1801/1750
f 117/1764/1718 1647/1763/1718 1787/1802/1751
f 183/1804/1753 777/1803/1752 1787/1802/1751
f 10/1806/1755 1625/2079/1755 1788/1807/1756
f 793/1808/1757 1788/1807/1756 1659/1809/1758
f 808/1810/1759 202/2200/1766 1662/1811/1760
f 200/1813/1762 808/1810/1759 1789/1812/1761
f 809/1815/1763 201/1827/1775 1661/1816/1764
f 202/1818/1766 809/1815/1763 1790/1817/1765
f 200/1813/1767 1660/1814/1767 1791/1820/1768
f 812/1821/1769 1791/1820/1768 1642/1822/1770
f 814/1824/1772 205/1836/1784 1665/1825/1773
f 201/1827/1775 814/1824/1772 1792/1826/1774
f 815/1828/1776 206/1839/1787 1666/1829/1777
f 203/1831/1779 815/1828/1776 1793/1830/1778
f 816/1833/1781 204/1843/1790 1664/1834/1782
f 205/1836/1784 816/1833/1781 1794/1835/1783
f 110/1742/1698 1643/1741/1697 1795/1837/1785
f 817/1838/1786 1795/1837/1785 1666/1829/1777
f 208/1840/1788 1668/1851/1798 1796/1841/1789
f 820/1842/1789 1796/1841/1789 1664/1834/1782
f 821/1844/1791 203/1831/1779 1663/1832/1780
f 207/1846/1793 821/1844/1791 1797/1845/1792
f 210/1848/1795 1670/1859/1804 1798/1849/1796
f 823/1850/1797 1798/1849/1796 1668/1851/1798
f 824/1852/1799 207/1846/1793 1667/1847/1794
f 824/1852/1799 1799/1853/1799 1669/1854/1800
f 213/1856/1801 1673/1868/1801 1800/1857/1802
f 826/1858/1803 1800/1857/1802 1670/1859/1804
f 214/1860/1805 1674/1871/1805 1801/1861/1806
f 827/1862/1807 1801/1861/1806 1671/1863/1808
f 828/1865/1810 212/2201/2039 1672/1866/1811
f 213/1856/1801 828/1865/1810 1802/1867/1812
f 829/1869/1813 209/1855/1800 1669/1854/1800
f 214/1860/1805 829/1869/1813 1803/1870/1814
f 831/1872/1815 183/1804/1753 1657/1805/1754
f 184/1755/1711 831/1872/1815 1804/1873/1816
f 228/1875/1818 1682/1903/1844 1805/1876/1819
f 832/1877/1820 1805/1876/1819 1675/1878/1821
f 215/1879/1821 1675/1878/1821 1806/1880/1822
f 833/1881/1822 1806/1880/1822 1676/1882/1823
f 216/1883/1824 1676/1882/1823 1807/1884/1825
f 834/1885/1826 1807/1884/1825 1677/1886/1827
f 217/1887/1828 1677/1886/1827 1808/1888/1829
f 841/1889/1830 1808/1888/1829 1678/1890/1831
f 844/1892/1833 149/1792/1742 1653/1791/1742
f 223/1894/1672 844/1892/1833 1809/1893/1834
f 103/1754/1835 1638/1753/2083 1810/1895/1836
f 224/1785/1738 845/1896/1838 1810/1895/1838
f 221/1891/1832 1678/1890/1831 1811/1898/1840
f 849/1899/1841 1811/1898/1840 1681/1900/1842
f 102/1709/1669 1637/1710/1670 1812/1901/1843
f 852/1902/1843 1812/1901/1843 1682/1903/1844
f 855/1904/1845 77/2202/1649 1632/1905/1648
f 230/1907/1847 855/1904/1845 1813/1906/1846
f 109/1823/1771 1642/1822/1770 1814/1908/1848
f 858/1909/1849 1814/1908/1848 1684/1910/1850
f 859/1911/1851 22/1665/1631 1627/1666/1632
f 233/1737/1693 859/2203/1851 1815/1913/1851
f 377/1915/1853 863/1918/1856 1816/1916/1854
f 863/1918/1856 237/1921/1857 1688/1919/1857
f 864/1920/1858 1817/1923/1858 1688/1919/1857
f 864/1920/1858 238/1939/1859 1689/1922/1859
f 268/1924/1860 865/1927/1862 1818/1925/1861
f 865/1927/1862 239/2204/1873 1690/1928/1863
f 240/1929/1864 867/1932/1866 1819/1930/1865
f 867/1932/1866 242/1964/1886 1692/1933/1867
f 874/1934/1868 1820/1938/1868 1718/1935/1869
f 254/1937/1870 1694/2182/1870 1820/1938/1868
f 238/1939/1859 899/1941/1871 1821/1940/1871
f 268/1924/1860 1695/1926/1860 1821/1940/1871
f 908/1942/1872 1822/1946/1872 1690/1943/1863
f 273/1945/1874 1696/1948/1874 1822/1946/1872
f 273/1945/1874 919/1949/1876 1823/1947/1875
f 919/1949/1876 279/1956/1877 1697/1950/1877
f 284/1951/1878 925/1954/1879 1824/1952/1879
f 925/1954/1879 240/1929/1864 1691/1931/1864
f 929/1955/1880 1825/1957/1880 1697/1950/1877
f 284/1951/1878 1698/1953/1878 1825/1957/1880
f 316/1958/1881 971/1961/1882 1826/1959/1882
f 971/1961/1882 300/2205/2076 1699/1962/1884
f 998/1963/1885 1827/1965/1887 1692/1933/1867
f 316/1958/1881 1700/1960/1883 1827/1965/1887
f 390/1966/1888 1721/2070/1981 1828/1967/1889
f 1008/1968/1890 1828/1967/1889 1702/1969/1891
f 323/1971/1893 1009/1974/1896 1829/1972/1894
f 321/1970/1892 1702/1969/1891 1829/1972/1894
f 442/1975/1897 1011/1978/1900 1830/1976/1898
f 1011/1978/1900 323/1971/1893 1703/1973/1895
f 1013/1979/1901 1831/1983/1905 1747/1980/1902
f 324/1982/1904 1704/2172/2073 1831/1983/1905
f 1017/1984/1906 1832/1988/1906 1743/1985/1907
f 1017/1984/1906 326/2065/1976 1706/1987/1909
f 416/1989/1910 1019/1992/1913 1833/1990/1911
f 1019/1992/1913 253/2050/1914 1693/1993/1914
f 1020/1994/1915 1834/1998/1919 1717/1995/1916
f 329/1997/1918 1708/2047/1963 1834/1998/1919
f 332/1999/1920 1023/2002/1923 1835/2000/1921
f 1023/2002/1923 327/2025/1924 1707/2003/1924
f 448/2004/1925 1028/2206/1929 1836/2005/1926
f 236/2007/1928 1687/2062/1928 1836/2008/1926
f 449/2010/1930 1029/2207/2084 1837/2011/1931
f 1029/2013/1933 331/2107/2016 1710/2014/1934
f 334/2016/1935 1030/2019/1938 1838/2017/1936
f 1030/2019/1938 332/1999/1920 1711/2001/1922
f 1033/2020/1939 1839/2023/1942 1716/2021/1940
f 1033/2020/1939 334/2016/1935 1712/2018/1937
f 1049/2024/1943 1840/2027/1943 1707/2003/1924
f 1049/2024/1943 325/2165/1944 1705/2026/1944
f 402/2028/1945 1051/2031/1947 1841/2029/1946
f 1051/2031/1947 114/1759/1714 1646/1758/1714
f 398/2032/1948 1053/2035/1951 1842/2033/1949
f 1053/2035/1951 336/2074/1952 1713/2036/1952
f 340/2037/1953 1056/2040/1956 1843/2038/1954
f 1056/2040/1956 338/2071/1982 1714/2041/1957
f 320/2042/1958 1059/2045/1961 1844/2043/1959
f 1059/2045/1961 340/2037/1953 1715/2039/1955
f 1073/2046/1962 1845/2048/1964 1708/2047/1963
f 353/2022/1941 1716/2021/1940 1845/2048/1964
f 1097/2049/1965 1846/2208/1966 1693/1993/1914
f 365/1996/1917 1717/1995/1916 1846/2051/1966
f 1099/2053/1967 1847/2056/1970 1686/2054/1968
f 377/1915/1853 1720/1917/1855 1847/2056/1970
f 440/2057/1971 1111/2060/1973 1848/2058/1972
f 1111/2060/1973 367/1936/1869 1718/1935/1869
f 236/2007/1928 1112/2063/1974 1849/2061/1974
f 1112/2063/1974 368/2163/2063 1719/2064/1975
f 326/2065/1976 1115/2067/1978 1850/2066/1977
f 1115/2067/1978 235/2055/1969 1686/2054/1968
f 320/2042/1958 1701/2044/1960 1851/2068/1979
f 1144/2069/1980 1851/2068/1979 1721/2070/1981
f 338/2071/1982 1171/2073/1984 1852/2072/1983
f 1171/2073/1984 398/2032/1948 1722/2034/1950
f 336/2074/1952 1175/2077/1987 1853/2075/1985
f 401/2076/1986 1723/2143/2044 1853/2075/1985
f 10/1806/1755 1191/2080/1989 1854/2078/1988
f 1191/2080/1989 416/1989/1910 1725/1991/1912
f 1206/2081/1990 1855/2085/1994 1728/2082/1991
f 418/2084/1993 1726/2091/1993 1855/2085/1994
f 1207/2086/1995 1856/2089/1998 1727/2087/1996
f 420/2083/1992 1728/2082/1991 1856/2089/1998
f 418/2084/1999 1210/2092/2002 1857/2090/2000
f 1210/2092/2002 330/2178/2078 1709/2093/2003
f 1212/2094/2004 1858/2097/2007 1731/2095/2005
f 419/2088/1997 1727/2087/1996 1858/2097/2007
f 1213/2098/2008 1859/2102/2011 1732/2099/2009
f 421/2101/2010 1729/2115/2022 1859/2102/2011
f 1214/2103/2012 1860/2106/2015 1730/2104/2013
f 423/2096/2006 1731/2095/2005 1860/2106/2015
f 331/2107/2016 1215/2109/2018 1861/2108/2017
f 1215/2109/2018 424/2100/2009 1732/2099/2009
f 426/2110/2019 1218/2113/2020 1862/2111/2020
f 1218/2113/2020 422/2105/2014 1730/2104/2013
f 1219/2114/2021 1863/2117/2021 1729/2115/2022
f 425/2116/2023 1733/2123/2029 1863/2117/2021
f 428/2118/2024 1221/2121/2027 1864/2119/2025
f 1221/2121/2027 426/2110/2019 1734/2112/2019
f 1222/2122/2028 1865/2125/2031 1733/2123/2029
f 1222/2122/2028 427/2140/2030 1735/2124/2030
f 429/2126/2032 1223/2129/2034 1866/2127/2033
f 1223/2129/2034 428/2118/2024 1736/2120/2026
f 430/2130/2035 1224/2133/2037 1867/2131/2036
f 1224/2133/2037 211/2209/1809 1671/2134/1808
f 1225/2135/2038 1868/2138/2040 1672/2136/1811
f 429/2126/2032 1737/2128/2032 1868/2138/2040
f 1226/2139/2041 1869/2141/2042 1735/2124/2030
f 430/2130/2035 1738/2132/2035 1869/2141/2042
f 1228/2142/2043 1870/2144/2045 1723/2143/2044
f 402/2028/1945 1724/2030/1945 1870/2144/2045
f 444/2145/2046 1229/2148/2048 1871/2146/2047
f 1229/2148/2048 431/2150/2050 1739/2149/2049
f 431/2150/2050 1230/2152/2052 1872/2151/2051
f 1230/2152/2052 432/2154/2054 1740/2153/2053
f 432/2154/2054 1231/2156/2056 1873/2155/2055
f 1231/2156/2056 433/2158/2058 1741/2157/2057
f 433/2158/2058 1238/2160/2060 1874/2159/2059
f 1238/2160/2060 437/2168/2069 1742/2161/2061
f 1241/2162/2062 1875/2164/2062 1719/2064/1975
f 439/1986/1908 1743/1985/1907 1875/2164/2062
f 325/2165/2064 1242/2167/2085 1876/2166/2065
f 440/2057/1971 1744/2059/1971 1876/2166/2067
f 437/2168/2069 1246/2170/2071 1877/2169/2070
f 1246/2170/2071 442/1975/1897 1745/1977/1899
f 324/1982/1904 1249/2173/2074 1878/2171/2072
f 1249/2173/2074 444/2145/2046 1746/2147/2046
f 1252/2174/2075 1879/2177/2077 1699/2175/1884
f 446/1981/1903 1747/1980/1902 1879/2177/2077
f 330/2178/2078 1255/2180/2080 1880/2179/2079
f 1255/2180/2080 448/2004/1925 1748/2006/1927
f 1256/2181/2081 1881/2210/2081 1694/2182/1870
f 449/2010/1930 1749/2012/1932 1881/2183/2081
