# Blender 4.5.3 LTS
# www.blender.org
mtllib FrontFender.mtl
o Front_fender
v 3.081049 1.085426 -0.856781
v 3.452743 1.064665 -0.834464
v 3.718690 1.036864 -0.802860
v 3.979836 0.993970 -0.757234
v 2.627435 1.099272 -0.865058
v 2.590168 1.093024 -0.942788
v 3.086895 1.060884 -0.998175
v 3.453110 1.047382 -0.981166
v 3.716776 1.018373 -0.962408
v 3.898220 0.982136 -0.940813
v 2.541306 0.993684 -1.054327
v 2.558636 0.924109 -1.078616
v 2.578731 0.804139 -1.109041
v 3.023218 0.779447 -1.101062
v 3.180862 0.941435 -1.058004
v 3.358526 0.998267 -1.025472
v 3.601986 1.050350 -0.849236
v 3.477065 1.006173 -1.012404
v 3.712996 0.972423 -0.998587
v 3.814324 0.935594 -0.995234
v 2.572366 0.625009 -1.087891
v 4.033383 0.947021 -0.916636
v 2.565728 0.522508 -1.072187
v 2.953747 0.622900 -1.087954
v 2.928130 0.517203 -1.079026
v 2.915636 0.391992 -1.056574
v 2.554966 0.400830 -1.066225
v 3.881404 1.012079 -0.823278
v 3.451662 1.063400 -0.884345
v 3.714466 1.037356 -0.852860
v 3.986566 0.990488 -0.791010
v 3.079684 1.082155 -0.915227
v 3.879050 1.013463 -0.778472
v 3.601192 1.040511 -0.934943
v 2.563019 1.065553 -1.011793
v 3.601998 1.033175 -0.972207
v 3.600797 1.050097 -0.867949
v 3.604238 1.050136 -0.818264
v 4.016570 0.963920 -0.874225
v 3.079855 1.074031 -0.966208
v 2.574506 1.083078 -0.986298
v 3.891693 0.995082 -0.899081
v 3.451638 1.054452 -0.946601
v 3.715944 1.026778 -0.923293
v 3.984782 0.992195 -0.776600
v 3.880274 1.013041 -0.805705
v 3.715888 1.037474 -0.833684
v 3.608731 0.994522 -1.003945
v 3.452044 1.064067 -0.865601
v 3.080164 1.083512 -0.893917
v 2.524077 1.041139 -1.031765
v 2.591275 1.096258 -0.909228
v 2.522869 1.094329 -0.941042
v 2.550431 1.096596 -0.931520
v 2.488464 1.085097 -0.988752
v 2.525320 1.083409 -0.988964
v 2.510147 1.069493 -1.013919
v 2.500383 1.079388 -1.001964
v 2.467601 1.095323 -0.955725
v 3.899722 0.834343 -1.022749
v 3.965143 0.747064 -1.032392
v 3.963974 0.827503 -1.002627
v 4.037588 0.869178 -0.957743
v 4.038321 0.813877 -0.978630
v 4.038228 0.745754 -1.002078
v 4.002772 0.743514 -1.019361
v 3.925845 0.891914 -0.985089
v 3.797958 1.025447 -0.839369
v 3.805340 1.001624 -0.952927
v 3.799086 1.025729 -0.791194
v 3.802456 1.012337 -0.912197
v 3.798223 1.025909 -0.820682
v 3.325161 1.073734 -0.844193
v 3.327378 1.055149 -0.987184
v 3.325175 1.071557 -0.895942
v 3.325372 1.063023 -0.954195
v 3.325168 1.072543 -0.876561
v 3.606272 1.013294 -0.991235
v 4.036942 0.915803 -0.937090
v 3.907379 0.946430 -0.963348
v 3.808999 0.968490 -0.977774
v 3.715664 0.994046 -0.984154
v 3.466486 1.026378 -0.999726
v 3.344781 1.024633 -1.010183
v 3.148678 0.983519 -1.038213
v 3.260428 0.973675 -1.042001
v 3.204510 1.077222 -0.905757
v 3.204475 1.078434 -0.885531
v 3.204459 1.080065 -0.851012
v 3.209362 1.059002 -0.992701
v 3.205395 1.068980 -0.960289
v 3.240524 1.008356 -1.023761
v 3.119183 0.896264 -1.073371
v 2.935273 1.089170 -0.860609
v 2.927504 1.086184 -0.924965
v 2.928277 1.059553 -1.003774
v 2.920951 1.077584 -0.972658
v 2.930401 1.087457 -0.901630
v 2.847211 0.392970 -1.058084
v 2.860009 0.518600 -1.077122
v 2.770258 0.394640 -1.060237
v 2.802497 0.624285 -1.087495
v 2.783114 0.519707 -1.075845
v 2.882871 0.624030 -1.087351
v 2.943766 0.789876 -1.099200
v 2.850268 0.794950 -1.100925
v 3.065594 0.938166 -1.055832
v 3.716259 1.004703 -0.977424
v 3.460301 1.035648 -0.994098
v 3.604332 1.021970 -0.985632
v 4.036749 0.929109 -0.930939
v 3.903622 0.962173 -0.956380
v 3.807530 0.983101 -0.969715
v 3.336807 1.038232 -1.002364
v 3.121347 1.016732 -1.023020
v 3.226663 1.030697 -1.012314
v 2.982248 0.983255 -1.038759
v 3.006670 0.876766 -1.076557
v 3.073524 0.845444 -1.087839
v 2.919300 0.903080 -1.068612
v 2.794564 1.092488 -0.862949
v 2.778789 1.089415 -0.933661
v 2.764794 1.080184 -0.978679
v 2.784250 1.090721 -0.907825
v 2.759184 1.060723 -1.008369
v 2.664243 0.397655 -1.063190
v 2.690001 0.624640 -1.087687
v 2.676594 0.521183 -1.074054
v 2.717493 0.799630 -1.104784
v 2.746249 0.915926 -1.071705
v 2.760353 0.990348 -1.044140
v 3.857150 0.753232 -1.064251
v 3.801812 0.798384 -1.070235
v 3.743140 0.834247 -1.075376
v 3.675271 0.864366 -1.080183
v 3.595272 0.883566 -1.085414
v 3.392449 0.882186 -1.099108
v 3.313251 0.859125 -1.104504
v 3.251912 0.831705 -1.108008
v 3.206269 0.803898 -1.110484
v 3.170760 0.777466 -1.111234
v 3.892454 0.752099 -1.055381
v 3.830818 0.809778 -1.059325
v 3.763002 0.856081 -1.062689
v 3.687290 0.891019 -1.065690
v 3.600995 0.912416 -1.070278
v 3.489405 0.921902 -1.077774
v 3.385393 0.910719 -1.087879
v 3.302453 0.885120 -1.097123
v 3.238291 0.854281 -1.104045
v 3.191288 0.822773 -1.108991
v 3.154315 0.792718 -1.111844
v 3.110785 0.751582 -1.112454
v 3.025342 0.609367 -1.105121
v 2.999171 0.509237 -1.097142
v 2.984675 0.390835 -1.059224
v 3.918209 0.750394 -1.047293
v 3.852815 0.820008 -1.045856
v 3.779034 0.875247 -1.042920
v 3.696194 0.914732 -1.043353
v 3.604758 0.937440 -1.047773
v 3.488143 0.947432 -1.055674
v 3.379505 0.935586 -1.067279
v 3.292724 0.907790 -1.080036
v 3.226180 0.874321 -1.090692
v 3.178188 0.838762 -1.098486
v 3.140570 0.804006 -1.103830
v 3.097213 0.758620 -1.106892
v 3.015372 0.614195 -1.096706
v 2.988717 0.511915 -1.089416
v 2.974691 0.391137 -1.058473
v 3.800435 0.754671 -1.072660
v 3.751931 0.784840 -1.079314
v 3.713872 0.804710 -1.082900
v 3.654287 0.830607 -1.087506
v 3.583980 0.845135 -1.092340
v 3.490161 0.892380 -1.092612
v 3.489828 0.853532 -1.099072
v 3.403914 0.845408 -1.104163
v 3.328314 0.824121 -1.108458
v 3.272342 0.800690 -1.111036
v 3.229067 0.774753 -1.112916
v 3.196030 0.747075 -1.113181
v 3.128685 0.741003 -1.109819
v 3.160039 0.717024 -1.111151
v 3.041754 0.600619 -1.104977
v 3.073706 0.577652 -1.106829
v 3.016028 0.504140 -1.096785
v 3.048761 0.490138 -1.098288
v 3.002262 0.390081 -1.058758
v 3.037342 0.387213 -1.058123
v 3.937249 0.787155 -1.028597
v 4.039133 0.774282 -0.991723
v 3.986196 0.782400 -1.011987
v 3.832896 0.774135 -1.066980
v 3.865787 0.778614 -1.057169
v 3.890093 0.782413 -1.046916
v 3.773234 0.768101 -1.076484
v 2.504756 1.077116 -1.006032
v 2.500169 1.084501 -0.988932
v 2.496367 1.095112 -0.946507
v 2.910630 0.234605 -0.974843
v 2.547522 0.234711 -0.986152
v 2.841316 0.234354 -0.976989
v 2.764240 0.234374 -0.979396
v 2.658006 0.234527 -0.982709
v 2.984426 0.234833 -0.972652
v 2.972561 0.234849 -0.973009
v 3.005156 0.234780 -0.972010
v 3.044806 0.234548 -0.970797
v 2.913196 0.305834 -1.029995
v 2.551185 0.307059 -1.041003
v 2.984436 0.306702 -1.028471
v 2.767283 0.305039 -1.034395
v 2.973567 0.306797 -1.028728
v 2.661128 0.305956 -1.037649
v 3.040889 0.304990 -1.026914
v 3.003560 0.306384 -1.027916
v 2.844317 0.304847 -1.032011
v 2.769331 0.375931 -1.057470
v 2.984055 0.375523 -1.052292
v 2.553863 0.379640 -1.063980
v 2.914863 0.375523 -1.053185
v 2.846331 0.375349 -1.055100
v 3.001916 0.374939 -1.051812
v 3.037502 0.372379 -1.051003
v 2.663256 0.377614 -1.060688
v 2.973984 0.375697 -1.052453
v 2.918487 0.418901 -1.057617
v 2.558455 0.439068 -1.059325
v 2.850330 0.422647 -1.056958
v 2.773625 0.427187 -1.057594
v 2.667848 0.433399 -1.058453
v 2.988674 0.414032 -1.073833
v 2.978364 0.415024 -1.069034
v 3.006055 0.412249 -1.073360
v 3.040168 0.407338 -1.073549
v 2.930118 0.757683 -1.099123
v 2.838620 0.760607 -1.100911
v 2.578667 0.767549 -1.106846
v 3.009078 0.751182 -1.099874
v 2.711317 0.764008 -1.103818
v 3.093997 0.731105 -1.111302
v 3.081009 0.736488 -1.105329
v 3.112372 0.721936 -1.109010
v 3.143668 0.698406 -1.110423
v 2.571990 0.850597 -1.098908
v 2.874887 0.836606 -1.089847
v 3.041603 0.804947 -1.096977
v 2.966335 0.823317 -1.091715
v 2.728303 0.844692 -1.093464
v 3.127284 0.767954 -1.112527
v 3.113528 0.776488 -1.106214
v 3.173782 0.728807 -1.112045
v 3.144677 0.755626 -1.110509
v 3.948019 1.000384 -0.763724
v 3.985786 0.959793 -0.925515
v 3.950476 0.998215 -0.802885
v 3.972884 0.975244 -0.883312
v 3.948842 0.999659 -0.787272
v 4.013429 0.818393 -0.986925
v 4.027523 0.741005 -1.008930
v 3.999971 0.876692 -0.967335
v 3.992105 0.926661 -0.946500
v 3.990257 0.940998 -0.940164
v 4.021409 0.776967 -0.998753
v 2.588522 0.399867 -1.065293
v 2.653045 1.091898 -0.940140
v 2.636371 1.082248 -0.983638
v 2.659167 1.093914 -0.911011
v 2.676474 1.097200 -0.863641
v 2.625103 1.063389 -1.010961
v 2.608569 0.624895 -1.087828
v 2.599839 0.522114 -1.072762
v 2.621400 0.802741 -1.107735
v 2.615571 0.921356 -1.076585
v 2.612469 0.996033 -1.048679
v 2.581517 0.234654 -0.985093
v 2.584982 0.306720 -1.039972
v 2.587458 0.379016 -1.062969
v 2.592072 0.437379 -1.059059
v 2.619491 0.766459 -1.105914
v 2.619844 0.848710 -1.097261
v 3.385994 1.069850 -0.840054
v 3.664078 1.033551 -0.928977
v 3.968605 0.996244 -0.759079
v 3.757603 1.031446 -0.846111
v 3.387315 1.052062 -0.984424
v 3.527987 1.040725 -0.976990
v 3.850739 0.992465 -0.947463
v 2.550198 0.961166 -1.066550
v 2.576297 0.824161 -1.105566
v 2.863516 1.090678 -0.861979
v 3.148034 0.920354 -1.065690
v 3.760546 0.956267 -0.997324
v 3.664779 1.043628 -0.841078
v 3.414925 1.004833 -1.018335
v 3.664105 0.984848 -1.000802
v 3.307126 0.987293 -1.033575
v 2.574623 0.671097 -1.094085
v 2.569348 0.573903 -1.080542
v 2.970518 0.666507 -1.091657
v 2.939064 0.572387 -1.084956
v 2.916628 0.398189 -1.055064
v 2.568190 0.400450 -1.065858
v 4.013396 0.952384 -0.920365
v 2.556193 0.414473 -1.061651
v 3.919637 1.004702 -0.812741
v 2.464141 1.094156 -0.961585
v 3.144586 1.079780 -0.910474
v 3.985228 0.991765 -0.783359
v 3.989600 0.987467 -0.802060
v 3.838850 1.019894 -0.785267
v 3.009627 1.087487 -0.858919
v 3.667579 1.043118 -0.810079
v 3.879169 1.013422 -0.781189
v 3.718421 1.036923 -0.805830
v 3.526701 1.057085 -0.876428
v 3.601455 1.037119 -0.956327
v 3.452676 1.064607 -0.837471
v 3.079879 1.082854 -0.906065
v 2.616932 1.092596 -0.941822
v 2.592263 1.094299 -0.929785
v 3.011542 1.060284 -1.001008
v 3.079597 1.081182 -0.922267
v 3.882540 1.010283 -0.833159
v 3.451608 1.062433 -0.892999
v 3.664686 1.025831 -0.967260
v 3.714409 1.036318 -0.862349
v 4.005366 0.973386 -0.845643
v 3.079716 1.076967 -0.947598
v 3.887917 1.001315 -0.872181
v 3.451622 1.057726 -0.924664
v 3.600671 1.049121 -0.877120
v 3.715298 1.030708 -0.898343
v 3.663320 1.043500 -0.860063
v 3.600967 1.044043 -0.911303
v 4.026516 0.955297 -0.898957
v 3.080835 1.070330 -0.983302
v 2.569129 1.078261 -0.998179
v 3.895155 0.989110 -0.923078
v 3.451837 1.051275 -0.966406
v 3.716502 1.022974 -0.945704
v 2.760418 1.029567 -1.026290
v 3.998225 0.968674 -0.878041
v 3.385658 1.059364 -0.950828
v 3.528932 1.057727 -0.826835
v 3.760387 1.019769 -0.917791
v 3.526829 1.047832 -0.941080
v 2.600120 1.082811 -0.985074
v 3.984641 0.992522 -0.769157
v 3.880747 1.012813 -0.814798
v 3.714993 1.037619 -0.843906
v 3.604021 1.050155 -0.821261
v 3.451813 1.063845 -0.875751
v 3.080504 1.084247 -0.879650
v 2.605991 1.097161 -0.892338
v 2.554904 1.038516 -1.029844
v 2.622483 1.094929 -0.911242
v 3.144631 1.081087 -0.889793
v 3.544143 1.002163 -1.007718
v 3.918159 1.005923 -0.796142
v 3.527479 1.057539 -0.857801
v 3.839258 1.019752 -0.813818
v 2.535100 1.095478 -0.937355
v 2.570935 1.096466 -0.922408
v 2.560187 1.093412 -0.943275
v 2.531250 1.092401 -0.953429
v 2.587974 1.091740 -0.952456
v 2.529047 1.087300 -0.976903
v 2.478127 1.088715 -0.978795
v 2.520771 1.078640 -1.000233
v 2.506664 1.075142 -1.008825
v 2.532537 1.020031 -1.042675
v 2.538287 1.067647 -1.011903
v 2.580078 1.086699 -0.973730
v 2.516241 1.057907 -1.021852
v 2.548551 1.083189 -0.987797
v 2.495853 1.081817 -0.996722
v 2.493637 1.084871 -0.988780
v 2.510561 1.094400 -0.943660
v 3.865044 0.869551 -1.016360
v 3.951196 0.767109 -1.030495
v 3.931694 0.832963 -1.012056
v 4.037937 0.841388 -0.968585
v 4.039329 0.757864 -0.997272
v 4.027869 0.815773 -0.982113
v 4.034524 0.741122 -1.005511
v 4.021792 0.872334 -0.961771
v 3.985930 0.745219 -1.025469
v 3.877176 0.902297 -0.995087
v 3.944519 0.859461 -0.994584
v 3.994483 0.762957 -1.015664
v 3.839761 1.019046 -0.832056
v 3.762047 1.010278 -0.957748
v 3.760647 1.031223 -0.796788
v 3.846385 1.004281 -0.906146
v 3.758579 1.031693 -0.827069
v 3.797969 1.025898 -0.830550
v 3.800761 1.017193 -0.886304
v 3.798353 1.024121 -0.848997
v 3.804005 1.007596 -0.935436
v 3.799003 1.025746 -0.794031
v 3.716639 1.012064 -0.971978
v 3.601256 1.050393 -0.859271
v 3.456169 1.041979 -0.989495
v 3.264652 1.077044 -0.847745
v 3.268073 1.057326 -0.989935
v 3.385653 1.068078 -0.890673
v 3.265266 1.066137 -0.957303
v 3.385776 1.068923 -0.871659
v 3.325166 1.072999 -0.864138
v 3.325680 1.059857 -0.972855
v 3.325290 1.066134 -0.933510
v 3.325188 1.070595 -0.904047
v 3.325171 1.072118 -0.887220
v 3.402503 1.027654 -1.004574
v 3.762401 0.981426 -0.981479
v 3.857932 0.957061 -0.971546
v 3.953928 0.935812 -0.954396
v 3.537289 1.021061 -0.995332
v 3.665078 1.004494 -0.987405
v 3.101472 1.041629 -1.011149
v 3.218304 0.958781 -1.050150
v 3.264756 1.074519 -0.900921
v 3.264711 1.075624 -0.881125
v 3.144777 1.082904 -0.854086
v 3.151021 1.060350 -0.995424
v 3.145669 1.071653 -0.963205
v 3.193377 0.997672 -1.030812
v 3.216760 1.046592 -1.003547
v 3.204483 1.077866 -0.896874
v 3.204581 1.076259 -0.913254
v 3.205045 1.071971 -0.940607
v 3.206137 1.065637 -0.978174
v 3.204469 1.079061 -0.872270
v 3.290941 1.017690 -1.016736
v 3.033244 0.907781 -1.066470
v 3.005544 1.084286 -0.920126
v 2.842503 1.059735 -1.006282
v 3.002943 1.075984 -0.969415
v 3.007048 1.085625 -0.897889
v 2.928794 1.086861 -0.915025
v 2.920359 1.073147 -0.988515
v 2.934804 1.089005 -0.864555
v 2.923110 1.080699 -0.955643
v 2.926393 1.085174 -0.932166
v 2.853793 0.464763 -1.066123
v 2.743305 0.624472 -1.087595
v 2.726927 0.520504 -1.074900
v 2.791891 0.573462 -1.082780
v 2.780517 0.797578 -1.102865
v 3.094562 0.870458 -1.081050
v 2.777224 0.467960 -1.065530
v 2.870018 0.573292 -1.083562
v 2.936837 0.775218 -1.099810
v 2.843898 0.778804 -1.101865
v 3.105636 0.963652 -1.046432
v 2.860199 0.813037 -1.096917
v 3.603020 1.027964 -0.980982
v 4.036232 0.938250 -0.926090
v 3.900995 0.972864 -0.950819
v 3.806486 0.993134 -0.963356
v 3.331396 1.047564 -0.996278
v 2.950169 1.029780 -1.019855
v 3.062113 1.003533 -1.029482
v 3.280640 1.035273 -1.007185
v 3.174645 1.025116 -1.017485
v 3.950823 0.950960 -0.947867
v 3.854918 0.972701 -0.963868
v 3.395479 1.038511 -0.998114
v 3.762380 0.994111 -0.973887
v 3.533007 1.029674 -0.989931
v 3.664948 1.013811 -0.981361
v 3.055775 0.823188 -1.093101
v 2.984280 0.847813 -1.085039
v 2.947374 0.939534 -1.055761
v 2.833661 0.912482 -1.068642
v 2.863316 0.988324 -1.040585
v 2.729281 1.094895 -0.863446
v 2.851817 1.087879 -0.929504
v 2.841150 1.078952 -0.975745
v 2.856142 1.089096 -0.905017
v 2.683897 1.062101 -1.009918
v 2.776589 1.088344 -0.941454
v 2.781173 1.090114 -0.922627
v 2.760819 1.075402 -0.993085
v 2.793553 1.092318 -0.867259
v 2.769501 1.083537 -0.963423
v 2.714231 0.396166 -1.061800
v 2.643827 0.624784 -1.087767
v 2.633063 0.521725 -1.073322
v 2.662969 0.801383 -1.106461
v 2.671306 0.918770 -1.074570
v 2.675089 0.993109 -1.046915
v 2.755058 0.952676 -1.059018
v 2.721946 0.819062 -1.100771
v 2.696715 0.669960 -1.093123
v 2.683013 0.573691 -1.081682
v 2.671507 0.472241 -1.064685
v 3.878301 0.752885 -1.059549
v 3.819916 0.785005 -1.068411
v 3.775137 0.815724 -1.072691
v 3.709796 0.850724 -1.077854
v 3.638247 0.875134 -1.082581
v 3.350536 0.871651 -1.102003
v 3.280416 0.845629 -1.106443
v 3.227483 0.817732 -1.109397
v 3.187423 0.790376 -1.111101
v 2.577630 0.742541 -1.103476
v 2.999400 0.730186 -1.098162
v 2.897013 0.668072 -1.091542
v 2.813512 0.668869 -1.092203
v 2.707528 0.739640 -1.101286
v 3.818842 0.804539 -1.064900
v 3.754384 0.846357 -1.069676
v 3.682369 0.878947 -1.073747
v 3.598773 0.899515 -1.078686
v 3.388387 0.897852 -1.094407
v 3.307243 0.873529 -1.101624
v 3.244202 0.844269 -1.106699
v 3.197759 0.814684 -1.110304
v 3.161392 0.786783 -1.112012
v 3.903663 0.751357 -1.051861
v 3.840399 0.814186 -1.053571
v 3.769997 0.864214 -1.054391
v 3.691161 0.901154 -1.056283
v 3.602660 0.923169 -1.060761
v 3.488898 0.932930 -1.068431
v 3.382868 0.921458 -1.079286
v 3.298353 0.894797 -1.090105
v 3.233263 0.862686 -1.098658
v 3.185818 0.829472 -1.104807
v 3.148422 0.797434 -1.108694
v 3.104917 0.754546 -1.110293
v 3.020714 0.611468 -1.101737
v 2.994346 0.510403 -1.094187
v 2.979889 0.390972 -1.059144
v 2.986151 0.395226 -1.064647
v 3.009850 0.561106 -1.102777
v 3.045264 0.653822 -1.107074
v 3.081724 0.714989 -1.110296
v 3.118228 0.759303 -1.112581
v 3.171716 0.807397 -1.110713
v 3.213089 0.838471 -1.106756
v 3.268066 0.869980 -1.100862
v 3.341372 0.899074 -1.092762
v 3.434966 0.918786 -1.082699
v 3.546741 0.919261 -1.073619
v 3.647056 0.903050 -1.067671
v 3.725406 0.875664 -1.064162
v 3.799886 0.832483 -1.060970
v 3.879121 0.765356 -1.056275
v 3.819306 0.847284 -1.044325
v 3.737737 0.897742 -1.042572
v 3.653223 0.927616 -1.045122
v 3.548005 0.944623 -1.051250
v 3.431311 0.944190 -1.061118
v 3.333425 0.922951 -1.073746
v 3.256938 0.891432 -1.085728
v 3.200386 0.856681 -1.094908
v 3.158241 0.820930 -1.101513
v 3.104538 0.767027 -1.106784
v 3.069238 0.719306 -1.103848
v 3.034585 0.658203 -1.099205
v 2.999776 0.565144 -1.094407
v 2.976036 0.395782 -1.062051
v 3.904151 0.766403 -1.047105
v 3.950397 0.748157 -1.037107
v 3.883563 0.830814 -1.029980
v 3.802092 0.909920 -1.014130
v 3.707475 0.950528 -1.014783
v 3.608157 0.973481 -1.019480
v 3.482801 0.984301 -1.027774
v 3.367855 0.973828 -1.040941
v 3.274321 0.946579 -1.056951
v 3.200967 0.912649 -1.071596
v 3.146852 0.870967 -1.084013
v 3.105868 0.827110 -1.094472
v 3.059748 0.770911 -1.103090
v 2.985281 0.620114 -1.090336
v 2.958830 0.515384 -1.082201
v 2.945955 0.391595 -1.056886
v 3.879798 1.013203 -0.795332
v 3.716965 1.037238 -0.821861
v 3.452314 1.064292 -0.853696
v 3.983974 0.993081 -0.758389
v 3.602854 1.050260 -0.837422
v 3.080963 1.085242 -0.860354
v 2.620136 1.099216 -0.868543
v 3.798554 1.025840 -0.809353
v 3.325161 1.073619 -0.847309
v 3.204461 1.079908 -0.854334
v 2.932273 1.088115 -0.885870
v 2.788118 1.091397 -0.890541
v 3.763714 0.776395 -1.077853
v 3.778639 0.791728 -1.074964
v 3.828091 0.753069 -1.068879
v 3.735790 0.793827 -1.080961
v 3.685752 0.818092 -1.085169
v 3.621648 0.839090 -1.089739
v 3.490100 0.873616 -1.096607
v 3.538134 0.850588 -1.095678
v 3.445286 0.851728 -1.101817
v 3.364267 0.835610 -1.106457
v 3.298074 0.812505 -1.109908
v 3.249447 0.788220 -1.112093
v 3.211233 0.760412 -1.113286
v 3.143217 0.730213 -1.109856
v 3.166449 0.722921 -1.111538
v 3.121339 0.732764 -1.109463
v 3.131319 0.683074 -1.109910
v 3.056393 0.590428 -1.105482
v 3.062611 0.645244 -1.106435
v 3.093979 0.621150 -1.108203
v 3.031026 0.497952 -1.097153
v 3.026243 0.553781 -1.102636
v 3.058581 0.534530 -1.104441
v 3.018291 0.388846 -1.058443
v 3.009773 0.452625 -1.085705
v 3.038359 0.390955 -1.063849
v 3.544188 0.889871 -1.088913
v 3.439087 0.889548 -1.096004
v 3.489876 0.908659 -1.086042
v 3.135903 0.747966 -1.110139
v 3.118125 0.747719 -1.111535
v 3.031732 0.606450 -1.105564
v 3.005752 0.507590 -1.097416
v 2.991442 0.390652 -1.059046
v 3.729245 0.820044 -1.079569
v 3.665536 0.847956 -1.084471
v 3.590109 0.865040 -1.089623
v 3.397809 0.864361 -1.102102
v 3.320452 0.842280 -1.106639
v 3.261575 0.816828 -1.109415
v 3.217031 0.790160 -1.111394
v 3.182673 0.763599 -1.111729
v 3.922098 0.808087 -1.026443
v 4.038722 0.792146 -0.985971
v 3.977203 0.802620 -1.008081
v 3.845023 0.763684 -1.065616
v 3.851416 0.792452 -1.058109
v 3.874890 0.799119 -1.046642
v 3.783509 0.760226 -1.074988
v 3.805367 0.771232 -1.071811
v 3.876367 0.780267 -1.052737
v 3.852474 0.776617 -1.061951
v 3.921839 0.786121 -1.034395
v 3.962815 0.785660 -1.019843
v 4.031691 0.775401 -0.994678
v 2.503007 1.078088 -1.004420
v 2.509741 1.083925 -0.989188
v 2.480238 1.095550 -0.950613
v 2.497009 1.093583 -0.956320
v 2.498719 1.088243 -0.978086
v 2.502272 1.080773 -0.998036
v 2.560919 0.234688 -0.985734
v 2.708166 0.234447 -0.981146
v 2.978670 0.234841 -0.972832
v 2.941995 0.234748 -0.973900
v 3.023364 0.234682 -0.971453
v 2.992546 0.234823 -0.972398
v 2.769754 0.389209 -1.061081
v 2.984102 0.387912 -1.056459
v 2.554413 0.393489 -1.067580
v 2.915213 0.388257 -1.056846
v 2.973787 0.346637 -1.043113
v 2.662371 0.347056 -1.051602
v 3.038814 0.343964 -1.041511
v 3.002542 0.346026 -1.042400
v 2.845495 0.345305 -1.046007
v 2.912077 0.265054 -1.009980
v 2.549445 0.265459 -1.021161
v 2.984736 0.265706 -1.008074
v 2.765899 0.264407 -1.014468
v 2.842956 0.264336 -1.012070
v 3.004748 0.265540 -1.007470
v 3.043353 0.264814 -1.006348
v 2.659698 0.264884 -1.017756
v 2.973314 0.265755 -1.008388
v 2.991863 0.306640 -1.028244
v 3.020660 0.305789 -1.027454
v 2.617913 0.306389 -1.038967
v 2.944004 0.306406 -1.029257
v 2.711219 0.305473 -1.036119
v 2.979183 0.306746 -1.028638
v 2.768481 0.345700 -1.048379
v 2.984178 0.346497 -1.042911
v 2.552741 0.348689 -1.054908
v 2.914166 0.345979 -1.044062
v 2.846743 0.388421 -1.058728
v 3.001754 0.387265 -1.055992
v 3.037034 0.384488 -1.055234
v 2.663700 0.391177 -1.064290
v 2.974152 0.388113 -1.056492
v 2.979206 0.375605 -1.052449
v 2.713277 0.376728 -1.059178
v 2.945224 0.375663 -1.052637
v 2.567102 0.379395 -1.063582
v 3.018179 0.373847 -1.051437
v 2.990929 0.375410 -1.052086
v 2.921751 0.461897 -1.067724
v 2.561852 0.476097 -1.063792
v 2.848297 0.400865 -1.055606
v 2.771435 0.404386 -1.057205
v 2.665509 0.409552 -1.059398
v 2.992576 0.455773 -1.086168
v 2.982076 0.457423 -1.079621
v 3.003657 0.394173 -1.064179
v 3.043154 0.443841 -1.086591
v 2.948993 0.417087 -1.061126
v 3.021669 0.410081 -1.073303
v 2.983823 0.414468 -1.072484
v 2.995417 0.413451 -1.073804
v 2.717750 0.430521 -1.058049
v 2.624832 0.435711 -1.058798
v 2.921539 0.734581 -1.097837
v 2.832087 0.736852 -1.099185
v 2.579283 0.786759 -1.109100
v 3.016465 0.766907 -1.100974
v 2.714306 0.782724 -1.105395
v 3.103222 0.742677 -1.112025
v 3.089880 0.748980 -1.106377
v 3.100340 0.706659 -1.108399
v 3.152864 0.709192 -1.110808
v 3.126944 0.711474 -1.109115
v 3.044976 0.745338 -1.101492
v 3.088184 0.733385 -1.108968
v 3.101567 0.727999 -1.110571
v 2.659249 0.765398 -1.105007
v 2.771482 0.762402 -1.102445
v 2.566015 0.885420 -1.089671
v 2.894865 0.867732 -1.080128
v 3.031111 0.791154 -1.099687
v 2.953131 0.804801 -1.096497
v 2.736765 0.878448 -1.083421
v 3.139352 0.779256 -1.112363
v 3.125544 0.788909 -1.105313
v 3.183542 0.736575 -1.112677
v 3.156356 0.765602 -1.110952
v 3.158242 0.743506 -1.110693
v 3.076816 0.792753 -1.100580
v 3.121362 0.771530 -1.110066
v 3.134549 0.763354 -1.111938
v 2.666552 0.846901 -1.095646
v 2.799725 0.841976 -1.091085
v 3.916931 1.006534 -0.770756
v 3.945556 0.970444 -0.932890
v 3.971411 0.993733 -0.795997
v 3.935857 0.984691 -0.890873
v 3.969690 0.995329 -0.781081
v 3.991931 0.822310 -0.993991
v 4.016766 0.742066 -1.013666
v 3.967562 0.883217 -0.975456
v 4.018114 0.920362 -0.941042
v 4.017226 0.934101 -0.934813
v 4.006101 0.779325 -1.004724
v 4.024464 0.758982 -1.003791
v 3.948106 1.000315 -0.766510
v 3.988742 0.950784 -0.935131
v 4.006639 0.847314 -0.977630
v 4.018123 0.795644 -0.993609
v 3.948496 0.999938 -0.778708
v 3.980332 0.967607 -0.907804
v 3.964550 0.983500 -0.855335
v 3.952794 0.995656 -0.813478
v 3.949361 0.999292 -0.794924
v 2.621233 0.398922 -1.064385
v 2.709371 1.090800 -0.937330
v 2.693503 1.081328 -0.981428
v 2.715422 1.092433 -0.909842
v 2.643943 1.098650 -0.863896
v 2.588148 1.064323 -1.011564
v 2.586633 0.624964 -1.087867
v 2.579171 0.522353 -1.072414
v 2.595546 0.803588 -1.108526
v 2.581086 0.923025 -1.077815
v 2.573204 0.997575 -1.050019
v 2.614629 0.234599 -0.984061
v 2.564504 0.306926 -1.040596
v 2.620206 0.378409 -1.061983
v 2.571703 0.438403 -1.059220
v 2.594755 0.767119 -1.106478
v 2.590848 0.849853 -1.098259
v 2.621004 0.822559 -1.104104
v 2.617606 0.741648 -1.102802
v 2.589770 0.412998 -1.060960
v 2.587970 0.392779 -1.066570
v 2.586423 0.348187 -1.053892
v 2.583356 0.265282 -1.020113
v 2.674729 1.096880 -0.868166
v 2.612197 0.670747 -1.093789
v 2.655377 1.092866 -0.927427
v 2.604328 0.573840 -1.080893
v 2.620832 0.785516 -1.107960
v 2.618110 0.883147 -1.087801
v 2.612606 0.958639 -1.064054
v 2.595571 0.474949 -1.064068
v 2.650612 1.090716 -0.949172
v 2.641992 1.085740 -0.970232
v 2.617695 1.033803 -1.029644
v 2.665286 1.095159 -0.892560
v 2.631124 1.077442 -0.996362
v 2.970446 0.222067 -0.900547
v 2.838829 0.222005 -0.904649
v 2.578949 0.222043 -0.912778
v 2.761745 0.222008 -0.907061
v 3.003528 0.222058 -0.899514
v 2.544919 0.222050 -0.913842
v 2.982497 0.222065 -0.900171
v 2.908224 0.222036 -0.902481
v 2.655498 0.222027 -0.910384
v 3.043619 0.222030 -0.898263
v 3.760448 1.031269 -0.799702
v 3.527047 1.044566 -0.961687
v 3.970167 0.994926 -0.788215
v 3.664847 1.020254 -0.976393
v 3.385703 1.068588 -0.882028
v 3.005030 1.083298 -0.927182
v 2.688621 1.076516 -0.994948
v 2.720456 1.093370 -0.891883
v 2.579498 1.035395 -1.030349
v 2.698843 1.084764 -0.967159
v 3.974144 0.990906 -0.806855
v 3.385635 1.067114 -0.899056
v 3.526607 1.056114 -0.885353
v 3.526731 1.051227 -0.918300
v 3.761368 1.015543 -0.940619
v 3.757734 1.030288 -0.855681
v 3.528039 1.057603 -0.845986
v 3.530135 1.035597 -0.985448
v 3.385645 1.062546 -0.929577
v 3.988226 0.977633 -0.849713
v 2.854658 1.028530 -1.023373
v 2.706953 1.089675 -0.945724
v 4.007123 0.960466 -0.902672
v 3.385877 1.056222 -0.969987
v 3.664423 1.030004 -0.950940
v 3.759284 1.024105 -0.892352
v 3.663190 1.042514 -0.869423
v 2.535187 1.047301 -1.026341
v 3.385861 1.069276 -0.859548
v 3.969463 0.995636 -0.773168
v 3.663699 1.037235 -0.904613
v 3.757928 1.031782 -0.837177
v 2.564791 1.094863 -0.933427
v 2.558958 1.092011 -0.953045
v 2.553522 1.086968 -0.975424
v 2.543355 1.078327 -0.999415
v 2.508344 1.079784 -0.999305
v 2.488038 1.088535 -0.978431
v 2.512295 1.092963 -0.954563
v 3.006201 1.084982 -0.910622
v 4.030072 0.793614 -0.989179
v 4.024794 0.843876 -0.972383
v 3.904021 0.867174 -1.004574
v 3.950257 0.806738 -1.016764
v 3.839427 1.019627 -0.823383
v 3.843947 1.009733 -0.879775
v 3.840467 1.017525 -0.841758
v 3.848638 0.998985 -0.929785
v 3.838890 1.019880 -0.788026
v 3.762329 1.002855 -0.967845
v 3.527004 1.057452 -0.867831
v 3.665856 1.043427 -0.829224
v 3.264688 1.076169 -0.868304
v 3.265759 1.062899 -0.975550
v 3.265064 1.069187 -0.937133
v 3.264798 1.073557 -0.908727
v 3.264731 1.075124 -0.892118
v 3.663877 1.043755 -0.851228
v 3.161107 1.044987 -1.007255
v 3.273440 1.047565 -0.999839
v 3.144588 1.080459 -0.901497
v 3.144658 1.078815 -0.917685
v 3.145231 1.074594 -0.944011
v 3.146646 1.068178 -0.980733
v 3.144687 1.081785 -0.876075
v 2.853748 1.088541 -0.919085
v 3.003457 1.071917 -0.985932
v 3.008039 1.086340 -0.882918
v 3.003747 1.078986 -0.951557
v 2.850092 1.086845 -0.936920
v 2.575140 0.475645 -1.063901
v 2.734545 0.573585 -1.082200
v 2.775566 0.780893 -1.103716
v 3.032305 1.035679 -1.015445
v 3.948555 0.961257 -0.942654
v 3.852825 0.983372 -0.957786
v 3.390787 1.045898 -0.992970
v 2.815229 0.875264 -1.080724
v 2.852581 0.949552 -1.055595
v 2.838825 1.074279 -0.990919
v 2.858963 1.089703 -0.888477
v 2.844719 1.082192 -0.959582
v 2.672906 0.955663 -1.062039
v 2.669025 0.880985 -1.085958
v 2.661300 0.784306 -1.106850
v 2.638395 0.573777 -1.081235
v 2.721407 0.470270 -1.065085
v 2.711868 1.091624 -0.925473
v 2.648792 0.670406 -1.093501
v 2.752043 0.669445 -1.092688
v 3.789391 0.824952 -1.067217
v 3.718728 0.864460 -1.071779
v 3.643560 0.890467 -1.075957
v 3.545846 0.906130 -1.082104
v 3.436763 0.905613 -1.090241
v 3.345357 0.886768 -1.098262
v 3.273504 0.859151 -1.104390
v 3.219301 0.829363 -1.108693
v 3.178507 0.800426 -1.111424
v 3.146572 0.774103 -1.112099
v 3.110652 0.739154 -1.111147
v 3.052212 0.651099 -1.107246
v 3.016205 0.558664 -1.103215
v 2.999287 0.454765 -1.086273
v 2.987690 0.456493 -1.083951
v 3.005208 0.562864 -1.099432
v 3.040247 0.655724 -1.103928
v 3.097378 0.745337 -1.109826
v 3.133406 0.783291 -1.109606
v 3.166011 0.813062 -1.107073
v 3.207819 0.846093 -1.102010
v 3.263419 0.879048 -1.094702
v 3.337989 0.909342 -1.084889
v 3.433408 0.929770 -1.073626
v 3.547331 0.930190 -1.064148
v 3.649747 0.913581 -1.058152
v 3.730778 0.885057 -1.055097
v 3.808354 0.838793 -1.053937
v 3.838585 0.789007 -1.063221
v 3.936118 0.767139 -1.035751
v 3.848457 0.863829 -1.025026
v 3.753281 0.933194 -1.014096
v 3.660707 0.963557 -1.016632
v 3.546894 0.980956 -1.023101
v 3.422637 0.981788 -1.033783
v 3.318501 0.961517 -1.048876
v 3.235084 0.930430 -1.064574
v 3.171935 0.892646 -1.078019
v 3.124931 0.848545 -1.089664
v 3.089721 0.808187 -1.098043
v 3.052876 0.759671 -1.102718
v 3.003248 0.663753 -1.093596
v 2.969982 0.570076 -1.087699
v 3.861635 0.795348 -1.053170
v 2.862804 1.090526 -0.866119
v 3.009379 1.087308 -0.862669
v 3.144763 1.082729 -0.857522
v 3.264658 1.076908 -0.850958
v 3.667310 1.043167 -0.813072
v 3.839101 1.019806 -0.802860
v 3.969159 0.996070 -0.761697
v 3.385973 1.069760 -0.843101
v 3.528792 1.057708 -0.829831
v 2.727893 1.094656 -0.867885
v 3.759373 1.031512 -0.815438
v 3.816351 0.762019 -1.070392
v 3.756661 0.805136 -1.077128
v 3.698452 0.834948 -1.082052
v 3.630619 0.857669 -1.086852
v 3.541471 0.870944 -1.093082
v 3.442014 0.871229 -1.099551
v 3.357030 0.854239 -1.104535
v 3.288827 0.829714 -1.108194
v 3.237847 0.803652 -1.110533
v 3.198669 0.776498 -1.111796
v 3.150082 0.736667 -1.110224
v 3.114819 0.696261 -1.108584
v 3.077118 0.634614 -1.106854
v 3.041033 0.545239 -1.103125
v 3.019524 0.392766 -1.063959
v 3.793930 0.780752 -1.073252
v 3.906345 0.805944 -1.032825
v 3.890015 0.765812 -1.052299
v 3.865387 0.764751 -1.060750
v 3.974373 0.765440 -1.022655
v 4.033179 0.758007 -1.000081
v 2.480802 1.093974 -0.958745
v 2.511386 1.087777 -0.977701
v 2.498618 1.081369 -0.997278
v 2.952345 0.460057 -1.071424
v 2.992547 0.265674 -1.007832
v 3.022459 0.265230 -1.006954
v 2.562809 0.265389 -1.020748
v 2.943194 0.265466 -1.009124
v 2.709830 0.264633 -1.016206
v 2.991273 0.346405 -1.042697
v 3.019135 0.345146 -1.041989
v 2.566015 0.348491 -1.054508
v 2.944706 0.346387 -1.043439
v 2.712422 0.346342 -1.050090
v 2.979167 0.346563 -1.043072
v 2.979317 0.388006 -1.056585
v 2.713705 0.390153 -1.062782
v 2.945507 0.388225 -1.056416
v 2.620683 0.392087 -1.065585
v 3.017870 0.386078 -1.055638
v 2.990887 0.387781 -1.056260
v 2.979204 0.265729 -1.008248
v 2.947032 0.397015 -1.057075
v 3.025069 0.448750 -1.085867
v 2.981340 0.395473 -1.064056
v 2.992908 0.394906 -1.064525
v 2.715464 0.407114 -1.058365
v 2.569425 0.413892 -1.061379
v 3.135968 0.722207 -1.109513
v 3.034543 0.725990 -1.099688
v 3.075977 0.716830 -1.107763
v 3.089427 0.712361 -1.109780
v 2.656540 0.740778 -1.102146
v 2.766431 0.738323 -1.100293
v 3.169103 0.752452 -1.111275
v 3.067220 0.781058 -1.102322
v 3.112336 0.762548 -1.110327
v 3.125521 0.755107 -1.111765
v 2.664592 0.821012 -1.102674
v 2.788260 0.816730 -1.098639
v 4.011432 0.760695 -1.009166
v 3.917053 1.006475 -0.773494
v 4.016291 0.943513 -0.929886
v 3.979617 0.852479 -0.985314
v 4.000334 0.798672 -1.000117
v 3.917670 1.006158 -0.786663
v 3.941270 0.977868 -0.915157
v 3.929858 0.991950 -0.863404
v 3.921366 1.002523 -0.822962
v 3.918716 1.005615 -0.804523
v 2.593915 0.823529 -1.104990
v 2.593384 0.742189 -1.103210
v 2.622497 0.411546 -1.060286
v 2.567637 0.393209 -1.067182
v 2.619250 0.347697 -1.052902
v 2.616390 0.265110 -1.019093
v 2.641330 1.098319 -0.868330
v 2.589431 0.670959 -1.093968
v 2.618927 1.093682 -0.928465
v 2.583133 0.573878 -1.080680
v 2.595657 0.786269 -1.108650
v 2.586546 0.884525 -1.088934
v 2.575227 0.960475 -1.065350
v 2.628422 0.473817 -1.064336
v 2.614598 1.091369 -0.951309
v 2.605852 1.086346 -0.972212
v 2.679039 1.031641 -1.028352
v 2.629991 1.096330 -0.892673
v 2.594712 1.078010 -0.997286
v 2.990747 0.222064 -0.899913
v 2.558329 0.222047 -0.913423
v 2.705670 0.222017 -0.908815
v 3.021947 0.222046 -0.898940
v 2.612092 0.222035 -0.911741
v 2.939693 0.222054 -0.901501
v 2.976648 0.222066 -0.900354
v 3.080632 1.073939 -0.856191
v 3.451751 1.053200 -0.834228
v 3.717226 1.025448 -0.802940
v 3.977504 0.982702 -0.756958
v 2.626930 1.087835 -0.863867
v 2.540486 0.988800 -1.043916
v 2.558062 0.920598 -1.067667
v 2.578343 0.803018 -1.097549
v 2.572370 0.626582 -1.076489
v 4.029766 0.937440 -0.911009
v 2.565905 0.524445 -1.060842
v 2.554577 0.398013 -1.055042
v 3.983651 0.979475 -0.789313
v 3.877076 1.002123 -0.778383
v 3.603020 1.038690 -0.818248
v 4.013287 0.953142 -0.871870
v 3.982319 0.980960 -0.776151
v 2.522638 1.035168 -1.022031
v 2.590800 1.084810 -0.908107
v 2.522535 1.082926 -0.939392
v 2.549491 1.085520 -0.928534
v 2.488024 1.074209 -0.985036
v 2.508897 1.061044 -1.006007
v 2.499194 1.068689 -0.997888
v 2.466985 1.084069 -0.953391
v 3.961446 0.743527 -1.022080
v 4.034125 0.864949 -0.947612
v 4.034305 0.810175 -0.968497
v 4.033563 0.742217 -0.992169
v 3.998531 0.739814 -1.009318
v 3.797434 1.014338 -0.791211
v 3.324453 1.062253 -0.843775
v 4.033699 0.911094 -0.927100
v 3.203870 1.068583 -0.850473
v 2.935009 1.077674 -0.860093
v 4.033514 0.924119 -0.921077
v 2.794208 1.080997 -0.862383
v 3.854765 0.751887 -1.053038
v 3.888912 0.749192 -1.044817
v 3.914635 0.747102 -1.036859
v 3.798857 0.754571 -1.061259
v 3.750283 0.784089 -1.067945
v 3.712413 0.803690 -1.071529
v 3.653098 0.829403 -1.076121
v 3.582994 0.843863 -1.080943
v 3.489077 0.852151 -1.087669
v 3.403521 0.844045 -1.092741
v 3.328146 0.822895 -1.097015
v 3.272387 0.799570 -1.099580
v 3.229347 0.773849 -1.101444
v 3.196680 0.746592 -1.101698
v 3.160806 0.716865 -1.099667
v 3.074678 0.577778 -1.095359
v 3.050212 0.492087 -1.087017
v 3.038012 0.396117 -1.050799
v 4.034650 0.770854 -0.981690
v 3.771574 0.767953 -1.065095
v 2.503404 1.066717 -1.001260
v 2.495648 1.083751 -0.944796
v 2.547384 0.245503 -0.981013
v 3.044736 0.245382 -0.965784
v 2.550901 0.311395 -1.030321
v 3.040783 0.309654 -1.016370
v 2.553584 0.382720 -1.052892
v 3.037526 0.376070 -1.040100
v 2.558375 0.439226 -1.047751
v 3.041053 0.412008 -1.063010
v 2.578448 0.768976 -1.095426
v 3.144408 0.698201 -1.098938
v 2.571488 0.847622 -1.087799
v 3.174622 0.728631 -1.100566
v 3.945717 0.989109 -0.763515
v 4.022868 0.737381 -0.999047
v 2.675974 1.085741 -0.862681
v 3.385154 1.058375 -0.839718
v 3.966278 0.984975 -0.758824
v 2.549491 0.957099 -1.055799
v 2.575838 0.821651 -1.094333
v 2.863239 1.079182 -0.861485
v 2.574555 0.672605 -1.082674
v 2.569458 0.575628 -1.069161
v 2.555882 0.412079 -1.050318
v 2.463596 1.082952 -0.958995
v 3.982599 0.980584 -0.782490
v 3.986494 0.976608 -0.799837
v 3.837091 1.008519 -0.785232
v 3.009313 1.075995 -0.858355
v 3.666247 1.031686 -0.810135
v 4.002138 0.962580 -0.843343
v 4.023117 0.944720 -0.895888
v 3.527817 1.046272 -0.826713
v 3.982226 0.981276 -0.768743
v 2.605583 1.085706 -0.891283
v 2.534730 1.084249 -0.934762
v 2.570201 1.085045 -0.920682
v 2.477751 1.077704 -0.975451
v 2.505112 1.065441 -1.002687
v 2.531207 1.014540 -1.032633
v 2.514936 1.051391 -1.012437
v 2.495112 1.071041 -0.992723
v 2.509984 1.083003 -0.942153
v 4.034233 0.837427 -0.958430
v 4.034723 0.754368 -0.987319
v 4.029849 0.737549 -0.995619
v 3.982008 0.741580 -1.015276
v 3.759067 1.019822 -0.796847
v 3.264024 1.065562 -0.847261
v 3.144249 1.071421 -0.853507
v 4.032716 0.931291 -0.917334
v 2.728830 1.083417 -0.862699
v 3.875137 0.750520 -1.048697
v 2.577469 0.744056 -1.092067
v 3.900062 0.748214 -1.041390
v 3.946766 0.744690 -1.026750
v 3.981618 0.981820 -0.758045
v 2.619659 1.087781 -0.867327
v 3.762028 0.775983 -1.066473
v 3.826307 0.752590 -1.057511
v 3.734232 0.792888 -1.069595
v 3.684406 0.816992 -1.073791
v 3.620599 0.837831 -1.078346
v 3.537217 0.849274 -1.084280
v 3.444744 0.850326 -1.090405
v 3.363973 0.834311 -1.095024
v 3.298035 0.811343 -1.098456
v 3.249573 0.787165 -1.100632
v 3.211703 0.759717 -1.101805
v 3.167263 0.722780 -1.100058
v 3.132082 0.682877 -1.098427
v 3.094821 0.621059 -1.096724
v 3.059845 0.535333 -1.093016
v 3.039147 0.398789 -1.055044
v 4.034429 0.788669 -0.975872
v 3.781894 0.760151 -1.063592
v 2.501822 1.067476 -1.000117
v 2.479587 1.084248 -0.948522
v 2.554070 0.393996 -1.055808
v 3.038769 0.347795 -1.030655
v 2.549192 0.272578 -1.011816
v 3.043228 0.272157 -0.997193
v 2.552459 0.352145 -1.043931
v 3.037345 0.390749 -1.045198
v 2.561974 0.477808 -1.052406
v 3.044394 0.446961 -1.075564
v 2.578988 0.787378 -1.097589
v 3.153602 0.709002 -1.099323
v 2.565483 0.882258 -1.078616
v 3.184330 0.736279 -1.101197
v 3.914736 0.995235 -0.770608
v 4.012243 0.738381 -1.003743
v 2.643436 1.087205 -0.862782
v 2.544891 0.233550 -0.912786
v 3.043609 0.233530 -0.897219
v 3.026062 1.085426 0.900497
v 3.398425 1.064665 0.901461
v 3.665827 1.036864 0.886547
v 3.929314 0.993970 0.857336
v 2.572819 1.099272 0.880397
v 2.530766 1.093024 0.955645
v 3.023058 1.060884 1.041980
v 3.389619 1.047382 1.047899
v 3.653942 1.018373 1.045663
v 3.836381 0.982136 1.035454
v 2.475024 0.993684 1.063911
v 2.490803 0.924109 1.089236
v 2.508956 0.804139 1.120858
v 2.953072 0.779447 1.140684
v 3.113100 0.941435 1.107566
v 3.292449 0.998267 1.086205
v 3.546453 1.050350 0.925535
v 3.411575 1.006173 1.080574
v 3.647907 0.972423 1.081534
v 3.749247 0.935594 1.084523
v 2.503926 0.625009 1.099351
v 3.972791 0.947021 1.019774
v 2.498283 0.522508 1.083263
v 2.884557 0.622900 1.123258
v 2.859548 0.517203 1.112746
v 2.848482 0.391992 1.089556
v 2.487914 0.400830 1.076640
v 3.826947 1.012079 0.917097
v 3.394228 1.063400 0.951177
v 3.658485 1.037356 0.936185
v 3.933920 0.990488 0.891467
v 3.021046 1.082155 0.958743
v 3.827398 1.013463 0.872231
v 3.540301 1.040511 1.011024
v 2.499354 1.065553 1.022818
v 3.538776 1.033175 1.048266
v 3.544096 1.050097 0.944137
v 3.550636 1.050136 0.894765
v 3.958663 0.963920 0.976395
v 3.018029 1.074031 1.009635
v 2.512413 1.083078 0.998091
v 3.832476 0.995082 0.993395
v 3.390311 1.054452 1.013310
v 3.655557 1.026778 1.006572
v 3.933040 0.992195 0.876973
v 3.826918 1.013041 0.899487
v 3.661104 1.037474 0.917135
v 3.543511 0.994522 1.080364
v 3.395781 1.064067 0.932494
v 3.022858 1.083512 0.937504
v 2.459240 1.041139 1.040316
v 2.533968 1.096258 0.922220
v 2.463707 1.094329 0.949695
v 2.491811 1.096596 0.941915
v 2.426387 1.085097 0.995161
v 2.463156 1.083409 0.997676
v 2.446454 1.069493 1.021634
v 2.437456 1.079388 1.009092
v 2.407629 1.095323 0.960894
v 3.832758 0.834343 1.117323
v 3.897448 0.747064 1.131037
v 3.898142 0.827503 1.101257
v 3.974418 0.869178 1.061064
v 3.973845 0.813877 1.081956
v 3.972285 0.745754 1.105352
v 3.935818 0.743514 1.120385
v 3.861185 0.891914 1.081370
v 3.742658 1.025447 0.927940
v 3.742926 1.001624 1.041737
v 3.746795 1.025729 0.879930
v 3.742594 1.012337 1.000906
v 3.744090 1.025909 0.909306
v 3.270483 1.073734 0.903195
v 3.263757 1.055149 1.046045
v 3.267263 1.071557 0.954844
v 3.263817 1.063023 1.012995
v 3.268468 1.072543 0.935500
v 3.541852 1.013294 1.067525
v 3.975064 0.915803 1.040411
v 3.844113 0.946430 1.058517
v 3.745024 0.968490 1.066765
v 3.651473 0.994046 1.067296
v 3.401809 1.026378 1.067259
v 3.279687 1.024633 1.070087
v 3.082216 0.983519 1.085801
v 3.193511 0.973675 1.096569
v 3.146220 1.077222 0.957095
v 3.147450 1.078434 0.936907
v 3.149592 1.080065 0.902455
v 3.145627 1.059002 1.044172
v 3.143694 1.068980 1.011576
v 3.174786 1.008356 1.077120
v 3.050581 0.896264 1.119047
v 2.880333 1.089170 0.895203
v 2.868556 1.086184 0.958948
v 2.864400 1.059553 1.037650
v 2.859033 1.077584 1.006137
v 2.872905 1.087457 0.935839
v 2.780096 0.392970 1.086787
v 2.791679 0.518600 1.106587
v 2.703159 0.394640 1.084124
v 2.733631 0.624285 1.113344
v 2.715015 0.519707 1.100505
v 2.813857 0.624030 1.118226
v 2.873893 0.789876 1.133858
v 2.780470 0.794950 1.129735
v 2.998193 0.938166 1.098192
v 3.652487 1.004703 1.060616
v 3.395988 1.035648 1.061256
v 3.540267 1.021970 1.061811
v 3.975257 0.929109 1.034260
v 3.840799 0.962173 1.051329
v 3.744061 0.983101 1.058630
v 3.272219 1.038232 1.061784
v 3.055889 1.016732 1.068929
v 3.161668 1.030697 1.064829
v 2.916077 0.983255 1.075941
v 2.938088 0.876766 1.115192
v 3.004107 0.845444 1.130632
v 2.851387 0.903080 1.101801
v 2.739753 1.092488 0.888742
v 2.719587 1.089415 0.958329
v 2.702806 1.080184 1.002383
v 2.726653 1.090721 0.932885
v 2.695350 1.060723 1.031665
v 2.597167 0.397655 1.080443
v 2.621343 0.624640 1.106503
v 2.608815 0.521183 1.092058
v 2.647712 0.799630 1.125284
v 2.678480 0.915926 1.094068
v 2.694280 0.990348 1.067439
v 3.787674 0.753232 1.156083
v 3.732070 0.798384 1.158595
v 3.673192 0.834247 1.160058
v 3.605155 0.864366 1.160612
v 3.524985 0.883566 1.160831
v 3.321704 0.882186 1.161817
v 3.242323 0.859125 1.162252
v 3.180885 0.831705 1.161914
v 3.135176 0.803898 1.161532
v 3.099690 0.777466 1.160060
v 3.823464 0.752099 1.149437
v 3.761702 0.809778 1.149520
v 3.693808 0.856081 1.148638
v 3.618057 0.891019 1.146898
v 3.531644 0.912416 1.146082
v 3.419803 0.921902 1.146588
v 3.315363 0.910719 1.150170
v 3.232007 0.885120 1.154210
v 3.167538 0.854281 1.157107
v 3.120318 0.822773 1.159105
v 3.083238 0.792718 1.159641
v 3.039756 0.751582 1.157528
v 2.954939 0.609367 1.144868
v 2.929317 0.509237 1.135268
v 2.917221 0.390835 1.096518
v 3.849674 0.750394 1.142976
v 3.784498 0.820008 1.137454
v 3.711045 0.875247 1.129909
v 3.628340 0.914732 1.125162
v 3.536806 0.937440 1.123857
v 3.419926 0.947432 1.124452
v 3.310775 0.935586 1.129242
v 3.223366 0.907790 1.136549
v 3.156286 0.874321 1.143024
v 3.107901 0.838762 1.147802
v 3.070022 0.804006 1.150784
v 3.026558 0.758620 1.151129
v 2.945515 0.614195 1.135845
v 2.919367 0.511915 1.126904
v 2.907303 0.391137 1.095144
v 3.730545 0.754671 1.160930
v 3.681720 0.784840 1.164537
v 3.643511 0.804710 1.165737
v 3.583754 0.830607 1.166609
v 3.513282 0.845135 1.167038
v 3.419631 0.892380 1.161444
v 3.418894 0.853532 1.167870
v 3.332830 0.845408 1.167580
v 3.257109 0.824121 1.167140
v 3.201086 0.800690 1.166214
v 3.157778 0.774753 1.165384
v 3.124788 0.747075 1.163583
v 3.057786 0.741003 1.156017
v 3.088995 0.717024 1.159307
v 2.971327 0.600619 1.145751
v 3.003102 0.577652 1.149596
v 2.946164 0.504140 1.135966
v 2.978739 0.490138 1.139513
v 2.934802 0.390081 1.097152
v 2.969853 0.387213 1.098712
v 3.869846 0.787155 1.125506
v 3.973836 0.774282 1.095073
v 3.919735 0.782400 1.111989
v 3.763297 0.774135 1.157290
v 3.796738 0.778614 1.149554
v 3.821637 0.782413 1.140841
v 3.703158 0.768101 1.163045
v 2.441566 1.077116 1.013425
v 2.438057 1.084501 0.996072
v 2.436915 1.095112 0.953493
v 2.848595 0.234605 1.007673
v 2.485491 0.234711 0.996258
v 2.779283 0.234354 1.005481
v 2.702207 0.234374 1.003065
v 2.595974 0.234527 0.999729
v 2.922385 0.234833 1.010100
v 2.910520 0.234849 1.009714
v 2.943114 0.234780 1.010755
v 2.982762 0.234548 1.012023
v 2.847709 0.305834 1.062877
v 2.485718 0.307059 1.051230
v 2.918905 0.306702 1.065811
v 2.701806 0.305039 1.058146
v 2.908041 0.306797 1.065387
v 2.595655 0.305956 1.054757
v 2.975344 0.304990 1.067785
v 2.938026 0.306384 1.066452
v 2.778838 0.304847 1.060583
v 2.702408 0.375931 1.081304
v 2.917035 0.375523 1.089560
v 2.486953 0.379640 1.074331
v 2.847923 0.375523 1.086127
v 2.779405 0.375349 1.083753
v 2.934891 0.374939 1.090199
v 2.970459 0.372379 1.091615
v 2.596339 0.377614 1.077883
v 2.906973 0.375697 1.089092
v 2.851263 0.418901 1.090776
v 2.491828 0.439068 1.069972
v 2.783280 0.422647 1.085858
v 2.706685 0.427187 1.081697
v 2.601062 0.433399 1.075941
v 2.920298 0.414032 1.111348
v 2.910309 0.415024 1.105914
v 2.937675 0.412249 1.111963
v 2.971709 0.407338 1.114285
v 2.860276 0.757683 1.132929
v 2.768845 0.760607 1.128993
v 2.509030 0.767549 1.118663
v 2.939034 0.751182 1.138614
v 2.641609 0.764008 1.123935
v 3.023073 0.731105 1.155330
v 3.010484 0.736488 1.148556
v 3.041555 0.721936 1.154191
v 3.072701 0.698406 1.157557
v 2.502861 0.850597 1.110323
v 2.805732 0.836606 1.120217
v 2.971677 0.804947 1.137756
v 2.896885 0.823317 1.127798
v 2.659209 0.844692 1.114662
v 3.056217 0.767954 1.158633
v 3.042883 0.776488 1.151472
v 3.102655 0.728807 1.161058
v 3.073703 0.755626 1.157706
v 3.897155 1.000384 0.861824
v 3.924733 0.959793 1.025660
v 3.897158 0.998215 0.901063
v 3.914494 0.975244 0.982733
v 3.896504 0.999659 0.885378
v 3.948482 0.818393 1.088678
v 3.961173 0.741005 1.111522
v 3.936275 0.876692 1.068285
v 3.929727 0.926661 1.046999
v 3.928279 0.940998 1.040560
v 3.955707 0.776967 1.100982
v 2.521463 0.399867 1.077808
v 2.593685 1.091898 0.956933
v 2.574324 1.082248 0.999304
v 2.601616 1.093914 0.928244
v 2.621850 1.097200 0.882049
v 2.561369 1.063389 1.025869
v 2.540061 0.624895 1.101552
v 2.532290 0.522114 1.085970
v 2.551623 0.802741 1.122222
v 2.547752 0.921356 1.090769
v 2.546402 0.996033 1.062723
v 2.519486 0.234654 0.997326
v 2.519513 0.306720 1.052315
v 2.520546 0.379016 1.075422
v 2.525396 0.437379 1.071807
v 2.549832 0.766459 1.120286
v 2.550725 0.848710 1.111671
v 3.331457 1.069850 0.902868
v 3.603437 1.033551 1.009001
v 3.917991 0.996244 0.858475
v 3.701960 1.031446 0.932145
v 3.323749 1.052062 1.047037
v 3.464612 1.040725 1.048413
v 3.788577 0.992465 1.039123
v 2.483135 0.961166 1.076666
v 2.506744 0.824161 1.117238
v 2.808630 1.090678 0.892085
v 3.079856 0.920354 1.113184
v 3.695444 0.956267 1.083246
v 3.609632 1.043628 0.921319
v 3.349185 1.004833 1.082609
v 3.598974 0.984848 1.080689
v 3.240644 0.987293 1.091079
v 2.505792 0.671097 1.105674
v 2.501373 0.573903 1.091828
v 2.901064 0.666507 1.128003
v 2.870090 0.572387 1.119348
v 2.849567 0.398189 1.088112
v 2.501135 0.400450 1.077100
v 3.952611 0.952384 1.022246
v 2.489425 0.414473 1.072152
v 3.865764 1.004702 0.908971
v 2.403809 1.094156 0.966526
v 3.086118 1.079780 0.958057
v 3.933064 0.991765 0.883748
v 3.936257 0.987467 0.902686
v 3.786853 1.019894 0.876500
v 2.954647 1.087487 0.898165
v 3.614366 1.043118 0.890556
v 3.827348 1.013422 0.874950
v 3.665373 1.036923 0.889493
v 3.469615 1.057085 0.947967
v 3.539227 1.037119 1.032383
v 3.398170 1.064607 0.904459
v 3.021813 1.082854 0.949611
v 2.557537 1.092596 0.956355
v 2.533669 1.094299 0.942799
v 2.947674 1.060284 1.040096
v 3.020519 1.081182 0.965763
v 3.827463 1.010283 0.927030
v 3.393632 1.062433 0.959811
v 3.601651 1.025831 1.047249
v 3.657835 1.036318 0.945652
v 3.949268 0.973386 0.947169
v 3.019054 1.076967 0.991052
v 3.830390 1.001315 0.966312
v 3.391666 1.057726 0.991415
v 3.543397 1.049121 0.953283
v 3.656472 1.030708 0.981630
v 3.606989 1.043500 0.940176
v 3.541555 1.044043 0.987418
v 3.967043 0.955297 1.001700
v 3.017939 1.070330 1.026757
v 2.506304 1.078261 1.009613
v 3.834431 0.989110 1.017561
v 3.389271 1.051275 1.033089
v 3.654713 1.022974 1.028974
v 2.695461 1.029567 1.049628
v 3.940116 0.968674 0.979056
v 3.324196 1.059364 1.013403
v 3.474941 1.057727 0.898611
v 3.700258 1.019769 1.003859
v 3.465700 1.047832 1.012501
v 2.538054 1.082811 0.998471
v 3.933365 0.992522 0.869536
v 3.826821 1.012813 0.908593
v 3.659572 1.037619 0.927281
v 3.550233 1.050155 0.897742
v 3.394916 1.063845 0.942610
v 3.024089 1.084247 0.923287
v 2.549711 1.097161 0.906283
v 2.490126 1.038516 1.040326
v 2.564990 1.094929 0.926181
v 3.087456 1.081087 0.937419
v 3.478814 1.002163 1.080091
v 3.865326 1.005923 0.892312
v 3.471556 1.057539 0.929425
v 3.785474 1.019752 0.905021
v 2.476145 1.095478 0.946780
v 2.512844 1.096466 0.934103
v 2.500812 1.093412 0.954257
v 2.471296 1.092401 0.962583
v 2.527971 1.091740 0.965157
v 2.467631 1.087300 0.985872
v 2.416691 1.088715 0.984577
v 2.457912 1.078640 1.008640
v 2.443295 1.075142 1.016332
v 2.467001 1.020031 1.051734
v 2.474664 1.067647 1.021381
v 2.518761 1.086699 0.985896
v 2.452040 1.057907 1.029933
v 2.486415 1.083189 0.997964
v 2.433263 1.081817 1.003577
v 2.431547 1.084871 0.995512
v 2.451259 1.094400 0.951538
v 3.798547 0.869551 1.108779
v 3.883646 0.767109 1.128272
v 3.865336 0.832963 1.108649
v 3.974089 0.841388 1.071906
v 3.973685 0.757864 1.100624
v 3.963194 0.815773 1.084779
v 3.968374 0.741122 1.108547
v 3.958401 0.872334 1.064097
v 3.918627 0.745219 1.125427
v 3.811985 0.902297 1.088306
v 3.879229 0.859461 1.092014
v 3.927777 0.762957 1.116177
v 3.784836 1.019046 0.923255
v 3.699416 1.010278 1.043842
v 3.708082 1.031223 0.883110
v 3.786815 1.004281 0.997613
v 3.704124 1.031693 0.913202
v 3.743220 1.025898 0.919139
v 3.742522 1.017193 0.974958
v 3.742450 1.024121 0.937573
v 3.742687 1.007596 1.024197
v 3.746535 1.025746 0.882756
v 3.653207 1.012064 1.055205
v 3.545097 1.050393 0.935505
v 3.392152 1.041979 1.056404
v 3.209872 1.077044 0.902957
v 3.204396 1.057326 1.045082
v 3.327952 1.068078 0.953366
v 3.203635 1.066137 1.012339
v 3.329264 1.068923 0.934397
v 3.269242 1.072999 0.923101
v 3.262959 1.059857 1.031637
v 3.265029 1.066134 0.992346
v 3.266769 1.070595 0.962934
v 3.267804 1.072118 0.946138
v 3.337647 1.027654 1.068098
v 3.698285 0.981426 1.067548
v 3.794251 0.957061 1.063607
v 3.891131 0.935812 1.052493
v 3.472748 1.021061 1.067300
v 3.600783 1.004494 1.067379
v 3.036795 1.041629 1.055839
v 3.150960 0.958781 1.102068
v 3.206650 1.074519 0.956036
v 3.207843 1.075624 0.936275
v 3.089835 1.082904 0.901791
v 3.087229 1.060350 1.043242
v 3.083902 1.071653 1.010751
v 3.127291 0.997672 1.081210
v 3.152332 1.046592 1.055460
v 3.146748 1.077866 0.948227
v 3.145823 1.076259 0.964583
v 3.144575 1.071971 0.991911
v 3.143317 1.065637 1.029472
v 3.148273 1.079061 0.923672
v 3.225544 1.017690 1.073261
v 2.965241 0.907781 1.106786
v 2.946745 1.084286 0.958997
v 2.778637 1.059735 1.034791
v 2.941068 1.075984 1.008027
v 2.949636 1.085625 0.936898
v 2.870465 1.086861 0.949107
v 2.857451 1.073147 1.021926
v 2.879618 1.089005 0.899113
v 2.862251 1.080699 0.989291
v 2.866997 1.085174 0.966065
v 2.786163 0.464763 1.095221
v 2.674549 0.624472 1.109744
v 2.658997 0.520504 1.096049
v 2.723341 0.573462 1.107975
v 2.710733 0.797578 1.127310
v 3.025527 0.870458 1.125172
v 2.709780 0.467960 1.089842
v 2.801266 0.573292 1.113640
v 2.866938 0.775218 1.134034
v 2.774053 0.778804 1.130274
v 3.038745 0.963652 1.091314
v 2.790632 0.813037 1.126355
v 3.539248 1.027964 1.057087
v 3.975044 0.938250 1.029388
v 3.838526 0.972864 1.045614
v 3.743418 0.993134 1.052217
v 3.267199 1.047564 1.055373
v 2.885243 1.029780 1.055069
v 2.996366 1.003533 1.071676
v 3.215860 1.035273 1.063084
v 3.109429 1.025116 1.066737
v 3.888441 0.950960 1.045782
v 3.791722 0.972701 1.055756
v 3.331041 1.038511 1.061211
v 3.698740 0.994111 1.059970
v 3.468812 1.029674 1.061642
v 3.601031 1.013811 1.061338
v 2.986063 0.823188 1.134773
v 2.915212 0.847813 1.122258
v 2.880209 0.939534 1.090730
v 2.765913 0.912482 1.096476
v 2.797264 0.988324 1.070328
v 2.674566 1.094895 0.885155
v 2.792733 1.087879 0.958745
v 2.779195 1.078952 1.004229
v 2.798580 1.089096 0.934578
v 2.620113 1.062101 1.028504
v 2.716905 1.088344 0.965969
v 2.722656 1.090114 0.947465
v 2.697937 1.075402 1.016513
v 2.738474 1.092318 0.892979
v 2.708457 1.083537 0.987452
v 2.647145 0.396166 1.082181
v 2.575254 0.624784 1.103696
v 2.565415 0.521725 1.088606
v 2.593191 0.801383 1.123549
v 2.603506 0.918770 1.092242
v 2.609009 0.993109 1.064878
v 2.688065 0.952676 1.081957
v 2.652408 0.819062 1.121558
v 2.627704 0.669960 1.112348
v 2.614744 0.573691 1.100073
v 2.604324 0.472241 1.082389
v 3.809078 0.752885 1.152712
v 3.750253 0.785005 1.157906
v 3.705294 0.815724 1.159378
v 3.639758 0.850724 1.160446
v 3.568054 0.875134 1.160690
v 3.279691 0.871651 1.162087
v 3.209431 0.845629 1.162134
v 3.156416 0.817732 1.161773
v 3.116329 0.790376 1.160970
v 2.508205 0.742541 1.115235
v 2.929482 0.730186 1.136301
v 2.827709 0.668072 1.123292
v 2.744330 0.668869 1.118732
v 2.637986 0.739640 1.121171
v 3.749400 0.804539 1.154335
v 3.684770 0.846357 1.155072
v 3.612641 0.878947 1.154632
v 3.528901 0.899515 1.154335
v 3.317943 0.897852 1.156872
v 3.236507 0.873529 1.159002
v 3.173272 0.844269 1.160125
v 3.126694 0.814684 1.160820
v 3.090292 0.786783 1.160251
v 3.834871 0.751357 1.146625
v 3.771624 0.814186 1.144376
v 3.701308 0.864214 1.140793
v 3.622508 0.901154 1.137752
v 3.533900 0.923169 1.136688
v 3.419881 0.932930 1.137231
v 3.313380 0.921458 1.141436
v 3.228354 0.894797 1.146949
v 3.162857 0.862686 1.151417
v 3.115120 0.829472 1.154588
v 3.077554 0.797434 1.156129
v 3.034034 0.754546 1.155005
v 2.950531 0.611468 1.141201
v 2.924686 0.510403 1.132018
v 2.912449 0.390972 1.096139
v 2.918355 0.395226 1.102023
v 2.939623 0.561106 1.141560
v 2.974699 0.653822 1.148063
v 3.010887 0.714989 1.153557
v 3.047176 0.759303 1.158121
v 3.100677 0.807397 1.159600
v 3.142215 0.838471 1.158237
v 3.197453 0.869980 1.155792
v 3.271123 0.899074 1.152291
v 3.365162 0.918786 1.148099
v 3.477287 0.919261 1.146025
v 3.577777 0.903050 1.146361
v 3.656194 0.875664 1.147757
v 3.730728 0.832483 1.149227
v 3.810101 0.765356 1.149496
v 3.751151 0.847284 1.133830
v 3.669850 0.897742 1.126981
v 3.585343 0.927616 1.124242
v 3.479947 0.944623 1.123779
v 3.362864 0.944190 1.126332
v 3.264380 0.922951 1.132815
v 3.187294 0.891432 1.139992
v 3.130278 0.856681 1.145618
v 3.087803 0.820930 1.149576
v 3.033876 0.767027 1.151479
v 2.998829 0.719306 1.146342
v 2.964534 0.658203 1.139541
v 2.930093 0.565144 1.132577
v 2.908422 0.395782 1.098799
v 3.835655 0.766403 1.141908
v 3.882437 0.748157 1.134822
v 3.816178 0.830814 1.123529
v 3.735857 0.909920 1.102617
v 3.641385 0.950528 1.097354
v 3.541967 0.973481 1.095832
v 3.416338 0.984301 1.096272
v 3.300794 0.973828 1.102227
v 3.206442 0.946579 1.112358
v 3.132316 0.912649 1.122389
v 3.077531 0.870967 1.131397
v 3.035973 0.827110 1.139274
v 2.989404 0.770911 1.144991
v 2.915880 0.620114 1.127606
v 2.889989 0.515384 1.117835
v 2.878722 0.391595 1.091764
v 3.827091 1.013203 0.889105
v 3.662918 1.037238 0.905402
v 3.396794 1.064292 0.920629
v 3.933372 0.993081 0.858748
v 3.548057 1.050260 0.913798
v 3.025754 1.085242 0.904058
v 2.565316 1.099216 0.883420
v 3.745130 1.025840 0.898020
v 3.270290 1.073619 0.906305
v 3.149386 1.079908 0.905770
v 2.875759 1.088115 0.920227
v 2.731594 1.091397 0.915877
v 3.693571 0.776395 1.163816
v 3.708647 0.791728 1.161866
v 3.758383 0.753069 1.158885
v 3.665506 0.793827 1.165172
v 3.615304 0.818092 1.166244
v 3.551039 0.839090 1.166797
v 3.419320 0.873616 1.165427
v 3.467318 0.850588 1.167503
v 3.374267 0.851728 1.167825
v 3.293117 0.835610 1.167390
v 3.226838 0.812505 1.166696
v 3.178169 0.788220 1.165837
v 3.139955 0.760412 1.164638
v 3.072287 0.730213 1.156963
v 3.095368 0.722921 1.160094
v 3.050476 0.732764 1.155203
v 3.060409 0.683074 1.156274
v 2.985906 0.590428 1.147170
v 2.992053 0.645244 1.148510
v 3.023248 0.621150 1.152235
v 2.961110 0.497952 1.137271
v 2.955993 0.553781 1.142443
v 2.988156 0.534530 1.146267
v 2.950819 0.388846 1.097840
v 2.940614 0.452625 1.124516
v 2.970510 0.390955 1.104490
v 3.473783 0.889871 1.161130
v 3.368444 0.889548 1.161636
v 3.419756 0.908659 1.154868
v 3.064969 0.747966 1.156788
v 3.047139 0.747719 1.157070
v 2.961288 0.606450 1.145710
v 2.935869 0.507590 1.135953
v 2.923986 0.390652 1.096764
v 3.659062 0.820044 1.163373
v 3.595172 0.847956 1.164283
v 3.519569 0.865040 1.164709
v 3.326865 0.864361 1.165142
v 3.249377 0.842280 1.164834
v 3.190441 0.816828 1.163922
v 3.145860 0.790160 1.163113
v 3.111549 0.763599 1.161300
v 3.854859 0.808087 1.122409
v 3.973786 0.792146 1.089307
v 3.911005 0.802620 1.107528
v 3.775486 0.763684 1.156686
v 3.782336 0.792452 1.149594
v 3.806481 0.799119 1.139617
v 3.713506 0.760226 1.162194
v 3.735521 0.771232 1.160390
v 3.807574 0.780267 1.145792
v 3.783151 0.776617 1.153495
v 3.854104 0.786121 1.130329
v 3.895909 0.785660 1.118368
v 3.966223 0.775401 1.097557
v 2.439922 1.078088 1.011707
v 2.447594 1.083925 0.996927
v 2.420561 1.095550 0.956582
v 2.436942 1.093583 0.963326
v 2.437288 1.088243 0.985157
v 2.439586 1.080773 1.005290
v 2.498888 0.234688 0.996679
v 2.646134 0.234447 1.001305
v 2.916629 0.234841 1.009920
v 2.879959 0.234748 1.008692
v 2.961322 0.234682 1.011337
v 2.930505 0.234823 1.010354
v 2.702604 0.389209 1.084934
v 2.916822 0.387912 1.093723
v 2.487278 0.393489 1.077958
v 2.848043 0.388257 1.089802
v 2.907361 0.346637 1.079757
v 2.596024 0.347056 1.068761
v 2.972361 0.343964 1.082224
v 2.936105 0.346026 1.080844
v 2.779139 0.345305 1.074626
v 2.847843 0.265054 1.042832
v 2.485222 0.265459 1.031318
v 2.920479 0.265706 1.045472
v 2.701671 0.264407 1.038172
v 2.778727 0.264336 1.040597
v 2.940490 0.265540 1.046120
v 2.979090 0.264814 1.047415
v 2.595473 0.264884 1.034813
v 2.909060 0.265755 1.045071
v 2.926332 0.306640 1.066048
v 2.955122 0.305789 1.067060
v 2.552442 0.306389 1.053371
v 2.878503 0.306406 1.064067
v 2.645744 0.305473 1.056362
v 2.913652 0.306746 1.065649
v 2.702127 0.345700 1.072178
v 2.917744 0.346497 1.080206
v 2.486401 0.348689 1.065206
v 2.847797 0.345979 1.076977
v 2.779589 0.388421 1.087399
v 2.934468 0.387265 1.094360
v 2.969726 0.384488 1.095809
v 2.596557 0.391177 1.081507
v 2.906889 0.388113 1.093134
v 2.912185 0.375605 1.089414
v 2.646356 0.376728 1.079505
v 2.878259 0.375663 1.087478
v 2.500191 0.379395 1.074761
v 2.951146 0.373847 1.090841
v 2.923909 0.375410 1.089785
v 2.853888 0.461897 1.101067
v 2.494938 0.476097 1.074643
v 2.781335 0.400865 1.084381
v 2.704524 0.404386 1.081171
v 2.598668 0.409552 1.076738
v 2.923422 0.455773 1.123903
v 2.913351 0.457423 1.116712
v 2.935856 0.394173 1.102650
v 2.973873 0.443841 1.127487
v 2.881490 0.417087 1.096186
v 2.953262 0.410081 1.112882
v 2.915541 0.414468 1.109699
v 2.927031 0.413451 1.111741
v 2.650891 0.430521 1.078658
v 2.558108 0.435711 1.073596
v 2.851794 0.734581 1.131108
v 2.762433 0.736852 1.126861
v 2.509503 0.786759 1.120951
v 2.946338 0.766907 1.140174
v 2.644494 0.782724 1.125695
v 3.032234 0.742677 1.156628
v 3.019271 0.748980 1.150156
v 3.029585 0.706659 1.152828
v 3.081855 0.709192 1.158516
v 3.056092 0.711474 1.155206
v 2.974761 0.745338 1.142474
v 3.017417 0.733385 1.152636
v 3.030674 0.727999 1.155073
v 2.589569 0.765398 1.121866
v 2.701742 0.762402 1.126326
v 2.497476 0.885420 1.100731
v 2.826279 0.867732 1.111766
v 2.961036 0.791154 1.139805
v 2.883408 0.804801 1.131746
v 2.668283 0.878448 1.105169
v 3.068273 0.779256 1.159224
v 3.054932 0.788909 1.151324
v 3.112356 0.736575 1.162299
v 3.085332 0.765602 1.158878
v 3.087231 0.743506 1.158737
v 3.006596 0.792753 1.143554
v 3.050461 0.771530 1.155807
v 3.063506 0.763354 1.158499
v 2.597443 0.846901 1.112980
v 2.730640 0.841976 1.116754
v 3.865688 1.006534 0.866899
v 3.884120 0.970444 1.030506
v 3.918483 0.993733 0.895496
v 3.877067 0.984691 0.987965
v 3.917698 0.995329 0.880502
v 3.926585 0.822310 1.094387
v 3.950140 0.742066 1.115576
v 3.903422 0.883217 1.074364
v 3.956026 0.920362 1.043177
v 3.955530 0.934101 1.036905
v 3.940056 0.779325 1.105985
v 3.958441 0.758982 1.106202
v 3.897067 1.000315 0.864611
v 3.927082 0.950784 1.035441
v 3.942286 0.847314 1.078977
v 3.952749 0.795644 1.095643
v 3.896694 0.999938 0.876809
v 3.920397 0.967607 1.007643
v 3.907925 0.983500 0.954289
v 3.898809 0.995656 0.911779
v 3.896544 0.999292 0.893047
v 2.554167 0.398922 1.078946
v 2.650075 1.090800 0.957650
v 2.631482 1.081328 1.000670
v 2.657833 1.092433 0.930594
v 2.589367 1.098650 0.880270
v 2.524449 1.064323 1.024160
v 2.518166 0.624964 1.100219
v 2.511685 0.522353 1.084330
v 2.525771 0.803588 1.121395
v 2.513259 0.923025 1.089841
v 2.507129 0.997575 1.061606
v 2.552597 0.234599 0.998367
v 2.499036 0.306926 1.051658
v 2.553292 0.378409 1.076486
v 2.505057 0.438403 1.070695
v 2.525109 0.767119 1.119302
v 2.521724 0.849853 1.110855
v 2.551455 0.822559 1.118573
v 2.548145 0.741648 1.117062
v 2.522979 0.412998 1.073561
v 2.520833 0.392779 1.079048
v 2.520082 0.348187 1.066298
v 2.519132 0.265282 1.032393
v 2.619825 1.096880 0.886456
v 2.543311 0.670747 1.107728
v 2.596807 1.092866 0.944391
v 2.536263 0.573840 1.094365
v 2.551043 0.785516 1.122411
v 2.549586 0.883147 1.102121
v 2.545578 0.958639 1.078077
v 2.528574 0.474949 1.077026
v 2.590692 1.090716 0.965796
v 2.580772 1.085740 0.986275
v 2.552808 1.033803 1.044052
v 2.608876 1.095159 0.910211
v 2.568291 1.077442 1.011675
v 2.912940 0.222067 0.937262
v 2.781324 0.222005 0.933127
v 2.521444 0.222043 0.924992
v 2.704240 0.222008 0.930715
v 2.946022 0.222058 0.938300
v 2.487414 0.222050 0.923927
v 2.924992 0.222065 0.937641
v 2.850718 0.222036 0.935302
v 2.597992 0.222027 0.927389
v 2.986113 0.222030 0.939557
v 3.707701 1.031269 0.886005
v 3.464629 1.044566 1.033081
v 3.917728 0.994926 0.887652
v 3.601240 1.020254 1.056373
v 3.328542 1.068588 0.944741
v 2.945791 1.083298 0.966007
v 2.625764 1.076516 1.013858
v 2.663980 1.093370 0.912985
v 2.514641 1.035395 1.042368
v 2.637703 1.084764 0.986763
v 3.920532 0.990906 0.906504
v 3.327410 1.067114 0.961731
v 3.468962 1.056114 0.956869
v 3.467027 1.051227 0.989759
v 3.699809 1.015543 1.026704
v 3.701493 1.030288 0.941705
v 3.472854 1.057603 0.917668
v 3.466226 1.035597 1.056988
v 3.325511 1.062546 0.992193
v 3.931907 0.977633 0.950159
v 2.789699 1.028530 1.052609
v 2.647137 1.089675 0.965877
v 3.947455 0.960466 1.004196
v 3.323216 1.056222 1.032539
v 3.602408 1.030004 1.030944
v 3.700747 1.024105 0.978401
v 3.606274 1.042514 0.949508
v 2.470668 1.047301 1.035598
v 3.330105 1.069276 0.922315
v 3.917967 0.995636 0.872590
v 3.604583 1.037235 0.984662
v 3.702843 1.031782 0.923249
v 2.506023 1.094863 0.944716
v 2.498974 1.092011 0.963931
v 2.492150 1.086968 0.985926
v 2.480504 1.078327 1.009235
v 2.445567 1.079784 1.006936
v 2.426606 1.088535 0.984833
v 2.452308 1.092963 0.962529
v 2.947995 1.084982 0.949553
v 3.964952 0.793614 1.091968
v 3.960734 0.843876 1.074875
v 3.838185 0.867174 1.099453
v 3.883568 0.806738 1.114509
v 3.785046 1.019627 0.914577
v 3.786031 1.009733 0.971142
v 3.784934 1.017525 0.932982
v 3.787585 0.998985 1.021347
v 3.786720 1.019880 0.879256
v 3.699066 1.002855 1.053936
v 3.470454 1.057452 0.939406
v 3.611449 1.043427 0.909555
v 3.208622 1.076169 0.923479
v 3.202986 1.062899 1.030581
v 3.204693 1.069187 0.992196
v 3.206205 1.073557 0.963829
v 3.207176 1.075124 0.947248
v 3.608097 1.043755 0.931393
v 3.096556 1.044987 1.055681
v 3.209134 1.047565 1.055302
v 3.086681 1.080459 0.949098
v 3.085740 1.078815 0.965258
v 3.084666 1.074594 0.991568
v 3.083781 1.068178 1.028307
v 3.088370 1.081785 0.923731
v 2.795311 1.088541 0.948467
v 2.940548 1.071917 1.024544
v 2.951562 1.086340 0.922017
v 2.942987 1.078986 0.990254
v 2.790547 1.086845 0.966039
v 2.508194 0.475645 1.075582
v 2.666143 0.573585 1.103811
v 2.705739 0.780893 1.127849
v 2.967495 1.035679 1.055802
v 3.886503 0.961257 1.040438
v 3.790014 0.983372 1.049555
v 3.326681 1.045898 1.055783
v 2.746762 0.875264 1.107382
v 2.785612 0.949552 1.084638
v 2.775926 1.074279 1.019228
v 2.802430 1.089703 0.918246
v 2.783768 1.082192 0.988321
v 2.605886 0.955663 1.079836
v 2.600517 0.880985 1.103465
v 2.591500 0.784306 1.123833
v 2.570242 0.573777 1.096836
v 2.654101 0.470270 1.085908
v 2.653310 1.091624 0.945973
v 2.579851 0.670406 1.109728
v 2.682952 0.669445 1.115372
v 3.719862 0.824952 1.154806
v 3.649053 0.864460 1.154941
v 3.573771 0.890467 1.154412
v 3.475864 0.906130 1.154437
v 3.366485 0.905613 1.155739
v 3.274757 0.886768 1.158030
v 3.202661 0.859151 1.159653
v 3.148295 0.829363 1.160559
v 3.107410 0.800426 1.160735
v 3.075495 0.774103 1.159412
v 3.039705 0.739154 1.156215
v 2.981623 0.651099 1.148668
v 2.945939 0.558664 1.142394
v 2.930113 0.454765 1.124428
v 2.918684 0.456493 1.121385
v 2.935199 0.562864 1.137931
v 2.969889 0.655724 1.144609
v 3.026540 0.745337 1.154068
v 3.062510 0.783291 1.156101
v 3.095210 0.813062 1.155610
v 3.137253 0.846093 1.153171
v 3.193201 0.879048 1.149354
v 3.268238 0.909342 1.144222
v 3.364175 0.929770 1.138947
v 3.478468 0.930190 1.136610
v 3.581059 0.913581 1.137028
v 3.662122 0.885057 1.139046
v 3.739619 0.838793 1.142738
v 3.769210 0.789007 1.153893
v 3.868270 0.767139 1.132576
v 3.781451 0.863829 1.116390
v 3.687145 0.933194 1.099532
v 3.594593 0.963557 1.096274
v 3.480598 0.980956 1.095616
v 3.355917 0.981788 1.098508
v 3.251040 0.961517 1.107061
v 3.166805 0.930430 1.117513
v 3.102940 0.892646 1.126983
v 3.055299 0.848545 1.135668
v 3.019634 0.808187 1.141829
v 2.982568 0.759671 1.144191
v 2.933608 0.663753 1.131984
v 2.900776 0.570076 1.124019
v 3.792843 0.795348 1.145303
v 2.807661 1.090526 0.896172
v 2.954165 1.087308 0.901892
v 3.089606 1.082729 0.905219
v 3.209677 1.076908 0.906163
v 3.613910 1.043167 0.893527
v 3.786002 1.019806 0.894074
v 3.918380 0.996070 0.861124
v 3.331245 1.069760 0.905907
v 3.474615 1.057708 0.901592
v 2.672904 1.094656 0.889500
v 3.705645 1.031512 0.901643
v 3.746572 0.762019 1.159661
v 3.686578 0.805136 1.162652
v 3.628175 0.834948 1.163927
v 3.560173 0.857669 1.164476
v 3.470810 0.870944 1.165121
v 3.371144 0.871229 1.165359
v 3.286014 0.854239 1.165020
v 3.217716 0.829714 1.164407
v 3.166689 0.803652 1.163555
v 3.127509 0.776498 1.162366
v 3.079115 0.736667 1.157759
v 3.044024 0.696261 1.153919
v 3.006505 0.634614 1.149835
v 2.970724 0.545239 1.143857
v 2.951705 0.392766 1.103423
v 3.724015 0.780752 1.161113
v 3.838738 0.805944 1.127794
v 3.821222 0.765812 1.146209
v 3.796114 0.764751 1.153103
v 3.907268 0.765440 1.121896
v 3.967371 0.758007 1.103043
v 2.420615 1.093974 0.964733
v 2.449954 1.087777 0.985564
v 2.435987 1.081369 1.004306
v 2.884191 0.460057 1.106673
v 2.928290 0.265674 1.045719
v 2.958198 0.265230 1.046712
v 2.498585 0.265389 1.031742
v 2.878953 0.265466 1.043923
v 2.645602 0.264633 1.036402
v 2.924839 0.346405 1.080436
v 2.952691 0.345146 1.081471
v 2.499674 0.348491 1.065636
v 2.878317 0.346387 1.078265
v 2.646071 0.346342 1.070381
v 2.912733 0.346563 1.080054
v 2.912038 0.388006 1.093550
v 2.646558 0.390153 1.083128
v 2.878304 0.388225 1.091267
v 2.553542 0.392087 1.080110
v 2.950575 0.386078 1.095014
v 2.923605 0.387781 1.093948
v 2.914947 0.265729 1.045300
v 2.879786 0.397015 1.092020
v 2.955870 0.448750 1.125634
v 2.913589 0.395473 1.101132
v 2.925107 0.394906 1.102323
v 2.648591 0.407114 1.078830
v 2.502648 0.413892 1.072707
v 3.065073 0.722207 1.156168
v 2.964461 0.725990 1.140021
v 3.005310 0.716830 1.150670
v 3.018607 0.712361 1.153524
v 2.587044 0.740778 1.118841
v 2.696836 0.738323 1.123863
v 3.098034 0.752452 1.159997
v 2.996910 0.781058 1.144692
v 3.041436 0.762548 1.155503
v 3.054505 0.755107 1.157762
v 2.595047 0.821012 1.119872
v 2.718726 0.816730 1.123576
v 3.945099 0.760695 1.110751
v 3.865638 1.006475 0.869639
v 3.954904 0.943513 1.031930
v 3.914837 0.852479 1.084956
v 3.934588 0.798672 1.101026
v 3.865431 1.006158 0.882821
v 3.880952 0.977868 1.012539
v 3.872797 0.991950 0.960174
v 3.866851 1.002523 0.919281
v 3.865359 1.005615 0.900712
v 2.524364 0.823529 1.117764
v 2.523945 0.742189 1.115955
v 2.555685 0.411546 1.074934
v 2.500501 0.393209 1.078387
v 2.552906 0.347697 1.067363
v 2.552166 0.265110 1.033441
v 2.586482 1.098319 0.884532
v 2.520577 0.670959 1.106483
v 2.560362 1.093682 0.943149
v 2.515123 0.573878 1.092828
v 2.525873 0.786269 1.121527
v 2.518013 0.884525 1.101279
v 2.508190 0.960475 1.077034
v 2.561345 0.473817 1.079347
v 2.554614 1.091369 0.965677
v 2.544579 1.086346 0.985992
v 2.614112 1.031641 1.046599
v 2.573642 1.096330 0.908118
v 2.531893 1.078010 1.010321
v 2.933241 0.222064 0.937899
v 2.500825 0.222047 0.924347
v 2.648165 0.222017 0.928960
v 2.964440 0.222046 0.938878
v 2.554587 0.222035 0.926030
v 2.882188 0.222054 0.936291
v 2.919142 0.222066 0.937458
v 3.025683 1.073939 0.899881
v 3.397450 1.053200 0.901164
v 3.664361 1.025448 0.886534
v 3.927005 0.982702 0.856915
v 2.572389 1.087835 0.879177
v 2.474858 0.988800 1.053469
v 2.490914 0.920598 1.078273
v 2.509287 0.803018 1.109364
v 2.504642 0.626582 1.087972
v 3.969533 0.937440 1.013932
v 2.499169 0.524445 1.071952
v 2.488225 0.398013 1.065455
v 3.931117 0.979475 0.889591
v 3.825433 1.002123 0.872019
v 3.549422 1.038690 0.894672
v 3.955533 0.953142 0.973840
v 3.930611 0.980960 0.876371
v 2.458412 1.035168 1.030511
v 2.533564 1.084810 0.921072
v 2.463476 1.082926 0.948028
v 2.491059 1.085520 0.938876
v 2.426180 1.074209 0.991425
v 2.445701 1.061044 1.013660
v 2.436524 1.068689 1.004951
v 2.407160 1.084069 0.958526
v 3.894403 0.743527 1.120515
v 3.971595 0.864949 1.050736
v 3.970469 0.810175 1.071591
v 3.968248 0.742217 1.095170
v 3.932213 0.739814 1.110096
v 3.745146 1.014338 0.879843
v 3.269804 1.062253 0.902733
v 3.972453 0.911094 1.030238
v 3.149038 1.068583 0.901880
v 2.880102 1.077674 0.894671
v 3.972644 0.924119 1.024215
v 2.739433 1.080997 0.888155
v 3.785995 0.751887 1.144743
v 3.820590 0.749192 1.138672
v 3.846760 0.747102 1.132338
v 3.729682 0.754571 1.149452
v 3.680786 0.784089 1.153087
v 3.642766 0.803690 1.154297
v 3.583279 0.829403 1.155171
v 3.513011 0.843863 1.155601
v 3.418857 0.852151 1.156443
v 3.333151 0.844045 1.156156
v 3.257656 0.822895 1.155708
v 3.201846 0.799570 1.154783
v 3.158774 0.773849 1.153952
v 3.126155 0.746592 1.152164
v 3.090479 0.716865 1.147894
v 3.004788 0.577778 1.138210
v 2.980891 0.492087 1.128354
v 2.970979 0.396117 1.091445
v 3.969989 0.770854 1.084780
v 3.702213 0.767953 1.151574
v 2.440515 1.066717 1.008578
v 2.436304 1.083751 0.951740
v 2.485675 0.245503 0.991121
v 2.983006 0.245382 1.007016
v 2.486102 0.311395 1.040552
v 2.975897 0.309654 1.057256
v 2.487369 0.382720 1.063247
v 2.971163 0.376070 1.080736
v 2.492472 0.439226 1.058415
v 2.973252 0.412008 1.103821
v 2.509525 0.768976 1.107252
v 3.074158 0.698201 1.146141
v 2.503055 0.847622 1.099205
v 3.104212 0.728631 1.149655
v 3.894871 0.989109 0.861472
v 3.957145 0.737381 1.101367
v 2.621412 1.085741 0.881059
v 3.330640 1.058375 0.902479
v 3.915684 0.984975 0.858075
v 2.483103 0.957099 1.065892
v 2.506988 0.821651 1.105998
v 2.808385 1.079182 0.891574
v 2.506437 0.672605 1.094281
v 2.502194 0.575628 1.080477
v 2.489823 0.412079 1.060821
v 2.403427 1.082952 0.963907
v 3.930494 0.980584 0.882715
v 3.933296 0.976608 0.900272
v 3.785100 1.008519 0.876355
v 2.954369 1.075995 0.897583
v 3.613032 1.031686 0.890528
v 3.946190 0.962580 0.944672
v 3.963842 0.944720 0.998425
v 3.473837 1.046272 0.898419
v 3.930981 0.981276 0.868973
v 2.549370 1.085706 0.905205
v 2.475938 1.084249 0.944169
v 2.512219 1.085045 0.932334
v 2.416526 1.077704 0.981216
v 2.442130 1.065441 1.010110
v 2.466302 1.014540 1.041628
v 2.451326 1.051391 1.020454
v 2.432773 1.071041 0.999540
v 2.450778 1.083003 0.949998
v 3.971027 0.837427 1.061541
v 3.969711 0.754368 1.090403
v 3.964326 0.737549 1.098381
v 3.915350 0.741580 1.115009
v 3.706501 1.019822 0.883070
v 3.209275 1.065562 0.902434
v 3.089344 1.071421 0.901180
v 3.972083 0.931291 1.020429
v 2.674163 1.083417 0.884382
v 3.806599 0.750520 1.141684
v 2.508758 0.744056 1.103838
v 3.831932 0.748214 1.135949
v 3.879459 0.744690 1.124257
v 3.931043 0.981820 0.858257
v 2.564915 1.087781 0.882176
v 3.692600 0.775983 1.152352
v 3.757313 0.752590 1.147428
v 3.664663 0.792888 1.153731
v 3.614672 0.816992 1.154804
v 3.550705 0.837831 1.155361
v 3.467115 0.849274 1.156070
v 3.374440 0.850326 1.156401
v 3.293539 0.834311 1.155962
v 3.227515 0.811343 1.155265
v 3.179011 0.787165 1.154406
v 3.141142 0.759717 1.153210
v 3.096898 0.722780 1.148687
v 3.061888 0.682877 1.144861
v 3.024807 0.621059 1.140831
v 2.990131 0.535333 1.134944
v 2.971848 0.398789 1.095752
v 3.970132 0.788669 1.078960
v 3.712607 0.760151 1.150720
v 2.439008 1.067476 1.007338
v 2.420041 1.084248 0.954454
v 2.487672 0.393996 1.066187
v 2.972994 0.347795 1.071386
v 2.485553 0.272578 1.021976
v 2.979537 0.272157 1.038269
v 2.486806 0.352145 1.054233
v 2.970664 0.390749 1.085812
v 2.495772 0.477808 1.063286
v 2.975801 0.446961 1.116560
v 2.509928 0.787378 1.109444
v 3.083310 0.709002 1.147099
v 2.497636 0.882258 1.089665
v 3.113861 0.736279 1.150891
v 3.863507 0.995235 0.866614
v 3.946247 0.738381 1.105389
v 2.588931 1.087205 0.879126
v 2.487453 0.233550 0.922872
v 2.986167 0.233530 0.938514
vn 0.2045 0.9785 -0.0268
vn 0.2091 0.9773 -0.0350
vn 0.2087 0.9775 -0.0315
vn 0.1449 0.9894 0.0018
vn 0.1371 0.9905 0.0053
vn 0.1437 0.9896 0.0016
vn 0.1273 0.9918 0.0069
vn 0.1374 0.9905 0.0053
vn 0.1434 0.9897 0.0016
vn 0.1193 0.9732 -0.1964
vn 0.1034 0.9832 -0.1508
vn 0.1161 0.9818 -0.1504
vn 0.1098 0.9212 -0.3734
vn 0.1052 0.9747 -0.1970
vn 0.0926 0.9151 -0.3925
vn 0.0911 0.9748 -0.2037
vn 0.0903 0.9843 -0.1518
vn 0.2093 0.9775 -0.0276
vn 0.2281 0.9708 -0.0744
vn 0.2233 0.9726 -0.0645
vn 0.2133 0.9763 -0.0359
vn 0.2282 0.9707 -0.0755
vn 0.2531 0.9562 -0.1474
vn 0.2522 0.9569 -0.1440
vn 0.2472 0.9596 -0.1342
vn 0.1236 0.5897 -0.7981
vn 0.1556 0.7355 -0.6594
vn 0.1485 0.5724 -0.8064
vn 0.1295 0.7522 -0.6461
vn 0.1519 0.9104 -0.3850
vn 0.1841 0.8948 -0.4068
vn 0.1857 0.7103 -0.6789
vn 0.1744 0.5506 -0.8164
vn 0.0582 0.9976 -0.0382
vn 0.0690 0.9966 -0.0456
vn 0.0583 0.9969 -0.0520
vn 0.0690 0.9971 -0.0312
vn 0.0821 0.9959 -0.0385
vn 0.0854 0.9930 -0.0822
vn 0.0718 0.9936 -0.0868
vn 0.0607 0.9940 -0.0909
vn 0.0399 0.9861 -0.1611
vn 0.0350 0.9867 -0.1585
vn 0.0415 0.9877 -0.1510
vn 0.0296 0.9938 -0.1075
vn 0.0319 0.9855 -0.1668
vn 0.0331 0.9936 -0.1078
vn 0.0238 0.9652 -0.2603
vn 0.0174 0.9828 -0.1840
vn 0.0197 0.9820 -0.1879
vn 0.0281 0.8399 -0.5420
vn 0.0301 0.6197 -0.7843
vn 0.0306 0.6248 -0.7802
vn 0.0272 0.9498 -0.3118
vn 0.0277 0.8459 -0.5327
vn 0.0267 0.9557 -0.2932
vn 0.0272 0.8538 -0.5199
vn 0.0295 0.6164 -0.7869
vn 0.9770 -0.2079 0.0466
vn 0.7591 -0.1425 0.6352
vn 0.9770 -0.2079 0.0465
vn 0.0407 0.9956 -0.0844
vn 0.0328 0.9975 -0.0634
vn 0.0342 0.9962 -0.0800
vn 0.0256 0.9985 -0.0482
vn 0.0275 0.9978 -0.0597
vn 0.0283 0.9970 -0.0726
vn 0.0443 0.4120 -0.9101
vn 0.0430 0.4954 -0.8676
vn 0.0366 0.4861 -0.8732
vn 0.0531 0.4203 -0.9058
vn 0.0719 0.5023 -0.8617
vn 0.0502 0.6399 -0.7668
vn 0.0354 0.6297 -0.7760
vn 0.0294 0.9677 -0.2505
vn 0.0289 0.9821 -0.1861
vn 0.0286 0.9746 -0.2220
vn 0.0291 0.9710 -0.2375
vn 0.0316 0.9633 -0.2664
vn 0.0483 0.9832 -0.1759
vn 0.0259 0.9837 -0.1782
vn 0.0258 0.9619 -0.2720
vn 0.2791 0.9395 -0.1986
vn 0.2710 0.9431 -0.1929
vn 0.2797 0.9390 -0.2001
vn 0.2701 0.9440 -0.1898
vn 0.2663 0.9462 -0.1838
vn 0.0328 0.9846 -0.1718
vn 0.0748 0.9885 -0.1312
vn 0.0903 0.9850 -0.1467
vn 0.0757 0.9861 -0.1477
vn 0.0634 0.9890 -0.1334
vn 0.0891 0.9877 -0.1288
vn 0.2761 0.9412 -0.1949
vn 0.1033 0.9839 -0.1459
vn 0.1017 0.9867 -0.1272
vn 0.0638 0.9868 -0.1488
vn 0.0971 0.9923 -0.0775
vn 0.1134 0.9855 -0.1260
vn 0.1080 0.9915 -0.0732
vn 0.1156 0.9826 -0.1454
vn 0.2098 0.9475 -0.2412
vn 0.1833 0.9691 -0.1649
vn 0.1974 0.9644 -0.1758
vn 0.2122 0.8765 -0.4322
vn 0.1952 0.9543 -0.2262
vn 0.1683 0.9627 -0.2119
vn 0.1591 0.9748 -0.1566
vn 0.1772 0.9730 -0.1481
vn 0.1539 0.9848 -0.0803
vn 0.1638 0.9824 -0.0894
vn 0.1755 0.9717 -0.1579
vn 0.1474 0.9805 -0.1296
vn 0.1657 0.9765 -0.1375
vn 0.1381 0.9876 -0.0744
vn 0.0941 0.9955 -0.0105
vn 0.0851 0.9962 -0.0210
vn 0.0958 0.9953 -0.0106
vn 0.1016 0.9948 -0.0023
vn 0.1030 0.9947 -0.0013
vn 0.0924 0.9957 -0.0115
vn 0.0834 0.9963 -0.0210
vn 0.0411 0.9943 -0.0982
vn 0.0854 0.5883 -0.8041
vn 0.1094 0.7561 -0.6452
vn 0.1035 0.5959 -0.7963
vn 0.0905 0.7445 -0.6614
vn 0.1274 0.9194 -0.3722
vn 0.0756 0.9852 -0.1540
vn 0.0635 0.9856 -0.1568
vn 0.2823 0.9383 -0.1995
vn 0.2846 0.9371 -0.2023
vn 0.2854 0.9363 -0.2046
vn 0.0403 0.3879 -0.9208
vn 0.0307 0.4468 -0.8941
vn 0.0343 0.3760 -0.9260
vn 0.0340 0.4577 -0.8884
vn 0.0279 0.6198 -0.7843
vn 0.0239 0.6363 -0.7710
vn 0.0225 0.4457 -0.8949
vn 0.0148 0.3723 -0.9280
vn 0.0251 0.9937 -0.1088
vn 0.0285 0.9816 -0.1889
vn 0.0256 0.9938 -0.1078
vn 0.0294 0.9828 -0.1822
vn 0.3069 0.8335 -0.4595
vn 0.2939 0.9205 -0.2575
vn 0.3089 0.8337 -0.4578
vn 0.2921 0.9212 -0.2569
vn 0.2951 0.9177 -0.2662
vn 0.3095 0.8200 -0.4815
vn 0.0593 0.8756 -0.4795
vn 0.0752 0.9732 -0.2174
vn 0.0741 0.9001 -0.4293
vn 0.0623 0.9692 -0.2384
vn 0.1338 0.9793 -0.1521
vn 0.1395 0.9695 -0.2015
vn 0.1883 0.9675 -0.1686
vn 0.1542 0.9765 -0.1503
vn 0.1318 0.9804 -0.1466
vn 0.1284 0.9837 -0.1260
vn 0.1213 0.9900 -0.0719
vn 0.1043 0.5308 -0.8410
vn 0.0755 0.6688 -0.7396
vn 0.1154 0.4766 -0.8715
vn 0.1251 0.5188 -0.8457
vn 0.1132 0.5654 -0.8170
vn 0.1074 0.7257 -0.6796
vn 0.1046 0.9945 -0.0016
vn 0.0608 0.9975 -0.0365
vn 0.0705 0.9971 -0.0292
vn 0.0595 0.9976 -0.0364
vn 0.0818 0.9964 -0.0219
vn 0.0376 0.9971 -0.0662
vn 0.0281 0.9984 -0.0487
vn 0.2014 0.9793 -0.0206
vn 0.2050 0.9785 -0.0235
vn 0.2139 0.9761 -0.0391
vn 0.1437 0.9894 -0.0220
vn 0.1522 0.9879 -0.0280
vn 0.1297 0.9914 -0.0180
vn 0.1263 0.9920 0.0045
vn 0.1390 0.9903 0.0027
vn 0.1467 0.9892 -0.0016
vn 0.0354 0.9938 -0.1055
vn 0.0634 0.9868 -0.1492
vn 0.0413 0.9944 -0.0973
vn 0.0210 0.9921 -0.1239
vn 0.0506 0.9809 -0.1878
vn 0.0207 0.9863 -0.1635
vn 0.0321 0.9739 -0.2248
vn 0.0817 0.9623 -0.2594
vn 0.0290 0.9893 -0.1431
vn 0.0233 0.9649 -0.2618
vn 0.0574 0.9797 -0.1921
vn 0.0414 0.9585 -0.2822
vn 0.0514 0.9745 -0.2183
vn 0.0251 0.9413 -0.3368
vn 0.0260 0.9369 -0.3485
vn 0.0342 0.9335 -0.3569
vn 0.0422 0.8444 -0.5340
vn 0.0665 0.8582 -0.5091
vn 0.0333 0.8371 -0.5460
vn 0.1174 0.9026 -0.4141
vn 0.0915 0.8925 -0.4416
vn 0.1340 0.8375 -0.5298
vn 0.0822 0.9210 -0.3808
vn 0.0464 0.9338 -0.3547
vn 0.0461 0.9417 -0.3333
vn 0.0477 0.9597 -0.2770
vn 0.0497 0.9378 -0.3435
vn 0.0382 0.9457 -0.3227
vn 0.2326 0.9543 -0.1875
vn 0.1916 0.9684 -0.1599
vn 0.2204 0.9605 -0.1699
vn 0.0412 0.9608 -0.2743
vn 0.0485 0.9711 -0.2337
vn 0.0626 0.9869 -0.1487
vn 0.0501 0.9901 -0.1309
vn 0.0446 0.9612 -0.2724
vn 0.2621 0.9458 -0.1916
vn 0.0251 0.9986 -0.0464
vn 0.0302 0.9975 -0.0637
vn 0.0265 0.9979 -0.0594
vn 0.0289 0.9983 -0.0509
vn 0.0371 0.9972 -0.0651
vn 0.0397 0.9935 -0.1070
vn 0.3873 0.3089 -0.8686
vn 0.3728 0.3075 -0.8754
vn 0.3894 0.3010 -0.8705
vn 0.3714 0.3200 -0.8716
vn 0.3487 0.3293 -0.8775
vn 0.3490 0.3216 -0.8802
vn 0.3730 0.3020 -0.8773
vn 0.3895 0.2977 -0.8716
vn 0.3479 0.3463 -0.8712
vn 0.3215 0.3520 -0.8790
vn 0.3211 0.3694 -0.8720
vn 0.2991 0.3805 -0.8751
vn 0.2991 0.3737 -0.8780
vn 0.3218 0.3441 -0.8821
vn 0.2990 0.4104 -0.8615
vn 0.2844 0.4337 -0.8550
vn 0.3082 0.4023 -0.8621
vn 0.2771 0.4526 -0.8476
vn 0.2574 0.4502 -0.8550
vn 0.2760 0.4281 -0.8606
vn 0.2998 0.4128 -0.8601
vn 0.3241 0.3867 -0.8634
vn 0.3194 0.3142 -0.8940
vn 0.3244 0.3519 -0.8780
vn 0.3316 0.3189 -0.8879
vn 0.3140 0.3534 -0.8812
vn 0.3430 0.3454 -0.8735
vn 0.3537 0.3207 -0.8787
vn 0.2754 0.4246 -0.8624
vn 0.2565 0.4396 -0.8608
vn 0.2344 0.4596 -0.8566
vn 0.2026 0.9729 -0.1116
vn 0.1629 0.9860 -0.0355
vn 0.1850 0.9818 -0.0440
vn 0.1765 0.9792 -0.1000
vn 0.1561 0.9877 -0.0064
vn 0.1757 0.9844 -0.0116
vn 0.2034 0.9625 -0.1796
vn 0.2409 0.9511 -0.1935
vn 0.2124 0.9592 -0.1866
vn 0.0536 0.9887 -0.1402
vn 0.0569 0.9870 -0.1501
vn 0.0535 0.9870 -0.1516
vn 0.2241 0.9412 -0.2529
vn 0.2522 0.9328 -0.2575
vn 0.2389 0.8505 -0.4686
vn 0.2258 0.8615 -0.4547
vn 0.1911 0.9815 -0.0142
vn 0.1731 0.9849 -0.0079
vn 0.1528 0.9883 -0.0029
vn 0.1712 0.9852 -0.0079
vn 0.1529 0.9882 -0.0027
vn 0.1714 0.9852 -0.0075
vn 0.2402 0.4830 -0.8420
vn 0.2162 0.4837 -0.8481
vn 0.0548 0.5523 -0.8318
vn 0.0829 0.5566 -0.8267
vn 0.0792 0.5713 -0.8169
vn 0.1953 0.5306 -0.8248
vn 0.2214 0.6608 -0.7171
vn 0.2089 0.5113 -0.8336
vn 0.2097 0.6836 -0.6991
vn 0.0930 0.9952 -0.0299
vn 0.1028 0.9945 -0.0223
vn 0.1135 0.9935 0.0055
vn 0.1145 0.9934 0.0046
vn 0.1261 0.9920 0.0070
vn 0.1126 0.9936 0.0034
vn 0.1541 0.9881 -0.0027
vn 0.1263 0.9920 0.0071
vn 0.0507 0.9976 -0.0469
vn 0.0530 0.9977 -0.0424
vn 0.0498 0.9976 -0.0471
vn 0.0520 0.9977 -0.0438
vn 0.0489 0.9976 -0.0485
vn 0.0477 0.8079 -0.5874
vn 0.0554 0.9623 -0.2664
vn 0.0514 0.8434 -0.5349
vn 0.0525 0.9848 -0.1654
vn 0.0520 0.9532 -0.2977
vn 0.0566 0.9854 -0.1605
vn 0.0568 0.9890 -0.1365
vn 0.0486 0.9869 -0.1540
vn 0.0514 0.9937 -0.0995
vn 0.0544 0.9940 -0.0951
vn 0.0521 0.9970 -0.0569
vn 0.0490 0.9969 -0.0611
vn 0.0634 0.5390 -0.8399
vn 0.0336 0.5285 -0.8483
vn 0.0459 0.5174 -0.8545
vn 0.1894 0.5395 -0.8204
vn 0.1986 0.5055 -0.8397
vn 0.2140 0.5156 -0.8297
vn 0.1148 0.9932 -0.0180
vn 0.0669 0.5688 -0.8198
vn 0.0514 0.5419 -0.8388
vn 0.2488 0.4704 -0.8466
vn 0.2241 0.4902 -0.8423
vn 0.1026 0.5647 -0.8189
vn 0.1041 0.5794 -0.8084
vn 0.2810 0.4460 -0.8498
vn 0.2837 0.4135 -0.8651
vn 0.2715 0.4560 -0.8476
vn -0.0137 -0.1929 -0.9811
vn -0.0074 -0.1383 -0.9904
vn 0.0019 -0.1071 -0.9942
vn 0.1250 0.5602 -0.8189
vn 0.1309 0.5749 -0.8077
vn 0.1513 0.5447 -0.8249
vn 0.1611 0.5601 -0.8126
vn 0.1769 0.5250 -0.8325
vn -0.0223 0.4129 -0.9105
vn 0.0179 0.4496 -0.8930
vn -0.0022 0.4483 -0.8939
vn 0.0290 0.4621 -0.8864
vn 0.0421 0.5918 -0.8050
vn 0.0381 0.4877 -0.8722
vn 0.0141 0.4309 -0.9023
vn 0.0340 0.5520 -0.8332
vn 0.0213 0.5078 -0.8612
vn 0.0400 0.7688 -0.6382
vn 0.0096 0.4777 -0.8785
vn 0.0350 0.4948 -0.8683
vn 0.0187 0.5036 -0.8637
vn 0.0284 0.4736 -0.8803
vn -0.0181 0.1764 -0.9842
vn 0.0040 0.2529 -0.9675
vn -0.0206 0.2219 -0.9749
vn 0.0426 0.5134 -0.8571
vn 0.0549 0.6781 -0.7329
vn 0.0461 0.6337 -0.7722
vn 0.0363 0.9979 -0.0527
vn 0.0448 0.9969 -0.0642
vn 0.0444 0.9977 -0.0519
vn 0.0471 0.9935 -0.1037
vn 0.0492 0.9882 -0.1449
vn 0.0285 0.9783 -0.2051
vn 0.0304 0.9840 -0.1757
vn 0.0471 0.9839 -0.1723
vn 0.0373 0.9821 -0.1848
vn 0.0278 0.7213 -0.6920
vn 0.0453 0.9414 -0.3344
vn 0.0342 0.9239 -0.3811
vn 0.0542 0.9976 -0.0421
vn 0.0360 0.9980 -0.0514
vn 0.0449 0.9977 -0.0506
vn 0.0361 0.9980 -0.0512
vn 0.0083 0.2085 -0.9780
vn -0.0264 0.0817 -0.9963
vn 0.0061 0.1058 -0.9944
vn -0.0213 -0.2032 -0.9789
vn -0.0641 -0.1706 -0.9833
vn 0.0250 0.9981 -0.0569
vn 0.0247 0.9979 -0.0593
vn 0.0243 0.9987 -0.0439
vn 0.0278 0.9939 -0.1066
vn 0.0265 0.9939 -0.1068
vn 0.0266 0.9012 -0.4326
vn 0.0293 0.9786 -0.2039
vn 0.0214 0.6718 -0.7404
vn 0.0253 0.8799 -0.4745
vn 0.0261 0.9736 -0.2266
vn 0.0280 0.9984 -0.0494
vn 0.0232 0.9987 -0.0446
vn 0.0273 0.9984 -0.0491
vn 0.0241 0.9987 -0.0445
vn 0.0455 0.9977 -0.0504
vn 0.0295 0.9818 -0.1876
vn 0.0060 -0.0293 -0.9996
vn -0.0110 -0.1516 -0.9884
vn -0.0112 -0.1566 -0.9876
vn 0.0065 -0.0200 -0.9998
vn -0.0106 -0.1486 -0.9888
vn -0.0154 -0.1682 -0.9856
vn -0.0154 -0.1676 -0.9857
vn -0.0154 -0.1669 -0.9858
vn -0.0761 -0.2045 -0.9759
vn -0.0221 -0.1553 -0.9876
vn -0.0690 -0.1421 -0.9874
vn -0.0052 -0.0833 -0.9965
vn -0.0556 -0.0711 -0.9959
vn -0.0148 -0.0932 -0.9955
vn -0.0159 -0.1598 -0.9870
vn -0.0000 -0.0977 -0.9952
vn -0.0093 -0.1079 -0.9941
vn -0.0342 -0.0130 -0.9993
vn 0.0028 -0.0059 -1.0000
vn -0.0094 -0.1291 -0.9916
vn -0.0159 -0.1623 -0.9866
vn -0.0157 -0.1643 -0.9863
vn 0.0001 -0.1175 -0.9931
vn -0.0093 -0.1193 -0.9928
vn -0.0001 -0.1086 -0.9941
vn 0.0279 0.1194 -0.9925
vn 0.0235 -0.0074 -0.9997
vn -0.0396 0.3755 -0.9260
vn -0.0007 0.4187 -0.9081
vn -0.0340 -0.0545 -0.9979
vn 0.0021 -0.0576 -0.9983
vn -0.0116 0.3290 -0.9442
vn 0.0182 0.3329 -0.9428
vn 0.0192 -0.0678 -0.9975
vn 0.0264 -0.0284 -0.9992
vn 0.0203 -0.0829 -0.9963
vn 0.0199 -0.0966 -0.9951
vn 0.0339 0.1126 -0.9931
vn 0.0263 -0.0165 -0.9995
vn 0.0329 0.1202 -0.9922
vn -0.0130 0.3858 -0.9225
vn -0.0441 0.3427 -0.9384
vn -0.0134 0.3570 -0.9340
vn -0.0410 0.3121 -0.9492
vn -0.0092 0.2995 -0.9541
vn 0.0198 0.3044 -0.9524
vn 0.0073 0.3985 -0.9172
vn 0.0154 0.4660 -0.8846
vn 0.2882 0.6214 -0.7286
vn 0.2944 0.8353 -0.4642
vn 0.3001 0.6167 -0.7277
vn 0.2615 0.6297 -0.7315
vn 0.2666 0.8413 -0.4702
vn 0.2346 0.6432 -0.7289
vn 0.0708 0.7175 -0.6930
vn -0.0041 0.2732 -0.9620
vn 0.0228 0.2842 -0.9585
vn -0.0365 0.2788 -0.9597
vn -0.2934 0.1025 -0.9505
vn -0.5002 0.2046 -0.8414
vn -0.3585 0.1116 -0.9268
vn 0.0023 -0.0820 -0.9966
vn -0.0358 -0.0762 -0.9964
vn 0.0007 -0.0959 -0.9954
vn 0.0273 0.2698 -0.9625
vn 0.0452 0.2812 -0.9586
vn 0.0391 0.2732 -0.9612
vn 0.0430 0.2694 -0.9621
vn 0.0459 0.3017 -0.9523
vn 0.0394 0.2842 -0.9580
vn 0.0389 0.3021 -0.9525
vn 0.0446 0.3390 -0.9397
vn 0.0374 0.3334 -0.9420
vn 0.0254 0.9679 -0.2499
vn 0.0263 0.8645 -0.5020
vn 0.0243 0.9988 -0.0427
vn 0.0307 0.9983 -0.0498
vn 0.0243 0.9988 -0.0430
vn 0.0481 0.3026 -0.9519
vn 0.0468 0.3453 -0.9373
vn 0.0479 0.3025 -0.9520
vn 0.0479 0.3502 -0.9355
vn 0.0426 0.4009 -0.9151
vn 0.0435 0.2607 -0.9644
vn 0.0456 0.2779 -0.9595
vn 0.0435 0.2647 -0.9633
vn 0.0462 0.2756 -0.9602
vn 0.0255 -0.0474 -0.9985
vn 0.0196 -0.1077 -0.9940
vn 0.0193 -0.1163 -0.9930
vn 0.0334 0.0974 -0.9947
vn 0.0260 -0.0393 -0.9989
vn 0.0338 0.1040 -0.9940
vn -0.0095 -0.1437 -0.9896
vn -0.0155 -0.1659 -0.9860
vn 0.0001 -0.1311 -0.9914
vn -0.0093 -0.1373 -0.9905
vn -0.0001 -0.1253 -0.9921
vn -0.0130 -0.1821 -0.9832
vn 0.0032 -0.0819 -0.9966
vn -0.0122 -0.1724 -0.9850
vn 0.0250 0.9975 -0.0664
vn 0.0250 0.9969 -0.0745
vn 0.0071 -0.1277 -0.9918
vn 0.0137 -0.1198 -0.9927
vn 0.0071 -0.1187 -0.9929
vn 0.0071 -0.1238 -0.9923
vn 0.0140 -0.1118 -0.9936
vn 0.0074 -0.1124 -0.9936
vn 0.0141 -0.1022 -0.9947
vn 0.0073 -0.1051 -0.9944
vn 0.0136 -0.0913 -0.9957
vn 0.0266 -0.3073 -0.9512
vn 0.0297 -0.3857 -0.9222
vn 0.0264 -0.3841 -0.9229
vn 0.0289 -0.3097 -0.9504
vn 0.0301 -0.3870 -0.9216
vn -0.0435 -0.0588 -0.9973
vn 0.2998 0.4593 -0.8362
vn 0.2542 0.2884 -0.9232
vn 0.2399 0.3279 -0.9137
vn 0.3160 0.4032 -0.8588
vn 0.2609 0.2528 -0.9317
vn 0.1988 0.1528 -0.9681
vn 0.1919 0.1769 -0.9653
vn 0.1812 0.2007 -0.9627
vn 0.2279 0.5465 -0.8058
vn 0.2173 0.3701 -0.9032
vn 0.1902 0.4061 -0.8938
vn 0.2670 0.5098 -0.8178
vn 0.1671 0.2280 -0.9592
vn 0.1485 0.2544 -0.9556
vn 0.1441 0.5856 -0.7977
vn 0.1595 0.4314 -0.8879
vn 0.1287 0.4474 -0.8850
vn 0.1859 0.5707 -0.7998
vn 0.1275 0.2728 -0.9536
vn 0.1083 0.2827 -0.9531
vn 0.0617 0.5888 -0.8059
vn 0.0987 0.4563 -0.8843
vn 0.0644 0.4504 -0.8905
vn 0.1046 0.5924 -0.7988
vn 0.0900 0.2909 -0.9525
vn 0.0647 0.2896 -0.9550
vn -0.0259 0.5390 -0.8419
vn 0.0297 0.4211 -0.9065
vn 0.0039 0.3751 -0.9270
vn 0.0159 0.5704 -0.8212
vn 0.0383 0.2691 -0.9623
vn 0.0212 0.2350 -0.9718
vn -0.0833 0.4522 -0.8880
vn -0.0130 0.3244 -0.9458
vn -0.0225 0.2731 -0.9617
vn -0.0598 0.4985 -0.8648
vn 0.0117 0.1987 -0.9800
vn 0.0044 0.1641 -0.9864
vn -0.0976 0.4028 -0.9100
vn -0.0171 0.1749 -0.9844
vn -0.1066 0.3551 -0.9287
vn -0.0239 0.2221 -0.9747
vn 0.0012 0.1317 -0.9913
vn 0.0047 0.1034 -0.9946
vn -0.1132 0.3120 -0.9433
vn 0.0020 0.0909 -0.9959
vn -0.1169 0.2720 -0.9552
vn -0.0072 0.1327 -0.9911
vn 0.0099 0.0779 -0.9969
vn 0.0114 0.0501 -0.9987
vn -0.1175 0.2305 -0.9660
vn 0.0224 -0.0007 -0.9997
vn -0.1155 0.1843 -0.9761
vn 0.0122 0.0460 -0.9989
vn 0.0101 0.0191 -0.9998
vn 0.0085 -0.0125 -0.9999
vn -0.1084 0.1401 -0.9842
vn 0.0525 -0.0754 -0.9958
vn -0.0959 0.1076 -0.9896
vn 0.0358 -0.0439 -0.9984
vn 0.0085 -0.0404 -0.9991
vn 0.0147 -0.0596 -0.9981
vn -0.1121 0.0360 -0.9930
vn 0.0672 -0.1047 -0.9922
vn -0.1323 0.0398 -0.9904
vn -0.0972 0.0549 -0.9938
vn 0.0743 -0.1107 -0.9911
vn 0.0752 -0.1074 -0.9914
vn 0.0322 -0.0707 -0.9970
vn 0.0297 -0.0659 -0.9974
vn -0.2528 0.0831 -0.9639
vn -0.0185 -0.0370 -0.9991
vn -0.3115 0.0744 -0.9473
vn 0.0485 -0.0814 -0.9955
vn 0.0092 -0.0388 -0.9992
vn 0.0129 -0.0487 -0.9987
vn 0.0133 -0.1313 -0.9912
vn 0.0071 -0.1303 -0.9915
vn 0.0069 -0.1313 -0.9913
vn -0.0059 -0.0392 -0.9992
vn -0.3088 -0.0940 -0.9465
vn -0.0326 -0.0718 -0.9969
vn -0.0355 -0.1524 -0.9877
vn -0.3311 0.0137 -0.9435
vn -0.0220 -0.0774 -0.9968
vn -0.0376 -0.1582 -0.9867
vn -0.1588 -0.3373 -0.9279
vn -0.0265 -0.2437 -0.9695
vn -0.0165 -0.3663 -0.9303
vn -0.2442 -0.2061 -0.9476
vn -0.0370 -0.2497 -0.9676
vn -0.0287 -0.3748 -0.9267
vn -0.4459 -0.1471 -0.8829
vn -0.4040 -0.2682 -0.8746
vn -0.3874 -0.2276 -0.8934
vn -0.4553 -0.0500 -0.8889
vn -0.5191 -0.1402 -0.8431
vn -0.5831 -0.0220 -0.8121
vn -0.5964 0.0972 -0.7968
vn -0.4398 0.0516 -0.8966
vn -0.5682 0.1753 -0.8040
vn -0.4103 0.1047 -0.9059
vn -0.4085 0.2029 -0.8899
vn -0.0327 -0.0715 -0.9969
vn -0.1165 -0.0297 -0.9927
vn -0.2197 0.1013 -0.9703
vn -0.3437 0.1880 -0.9201
vn -0.2485 0.0936 -0.9641
vn -0.1896 0.1483 -0.9706
vn -0.3083 0.1841 -0.9333
vn -0.2752 0.2124 -0.9376
vn -0.1752 0.2712 -0.9464
vn -0.2466 0.2827 -0.9270
vn -0.1683 0.2435 -0.9552
vn -0.1751 0.3066 -0.9356
vn -0.2491 0.3072 -0.9184
vn -0.2429 0.3415 -0.9079
vn -0.1692 0.3418 -0.9244
vn -0.2136 0.4056 -0.8887
vn -0.2298 0.3757 -0.8978
vn -0.1598 0.3733 -0.9138
vn -0.1929 0.4373 -0.8784
vn -0.1436 0.4071 -0.9020
vn -0.1684 0.4756 -0.8634
vn -0.1213 0.4477 -0.8859
vn -0.1445 0.5188 -0.8426
vn -0.0996 0.4924 -0.8647
vn -0.1201 0.5615 -0.8187
vn -0.0804 0.5352 -0.8409
vn -0.0872 0.5995 -0.7956
vn -0.0563 0.5724 -0.8181
vn -0.0435 0.6280 -0.7770
vn -0.0223 0.6019 -0.7982
vn 0.0073 0.6458 -0.7635
vn 0.0195 0.6223 -0.7826
vn 0.0597 0.6535 -0.7545
vn 0.0647 0.6329 -0.7715
vn 0.1071 0.6535 -0.7493
vn 0.1067 0.6342 -0.7658
vn 0.1504 0.6474 -0.7472
vn 0.1464 0.6271 -0.7650
vn 0.1968 0.6342 -0.7477
vn 0.1882 0.6131 -0.7673
vn 0.2437 0.6127 -0.7518
vn 0.2293 0.5917 -0.7729
vn 0.2879 0.5788 -0.7629
vn 0.2663 0.5609 -0.7839
vn 0.3245 0.5286 -0.7844
vn 0.2994 0.5182 -0.8012
vn 0.3406 0.4671 -0.8160
vn 0.3168 0.4681 -0.8249
vn 0.3403 0.4007 -0.8507
vn 0.3190 0.3484 -0.8814
vn 0.1978 0.1043 -0.9747
vn 0.2643 0.2179 -0.9395
vn 0.2628 0.1938 -0.9452
vn 0.2005 0.1248 -0.9717
vn 0.3190 0.2967 -0.9001
vn 0.3155 0.2629 -0.9118
vn 0.3172 0.3084 -0.8968
vn 0.3162 0.2879 -0.9040
vn 0.3249 0.3031 -0.8959
vn 0.3137 0.2979 -0.9016
vn 0.3190 0.3060 -0.8970
vn 0.3120 0.2983 -0.9020
vn 0.3111 0.2876 -0.9058
vn 0.2661 0.4964 -0.8263
vn 0.3010 0.4078 -0.8620
vn 0.2896 0.4582 -0.8404
vn 0.3214 0.4085 -0.8543
vn 0.2059 0.5574 -0.8043
vn 0.2346 0.5304 -0.8146
vn 0.1376 0.5936 -0.7929
vn 0.1730 0.5784 -0.7972
vn 0.0725 0.5949 -0.8005
vn 0.1051 0.5997 -0.7933
vn 0.0112 0.5528 -0.8332
vn 0.0395 0.5782 -0.8150
vn -0.0225 0.4882 -0.8724
vn -0.0096 0.5224 -0.8526
vn -0.0539 0.4075 -0.9116
vn -0.0351 0.4498 -0.8925
vn -0.0780 0.3297 -0.9409
vn -0.0715 0.3661 -0.9278
vn -0.0713 0.2573 -0.9637
vn -0.0760 0.2952 -0.9524
vn -0.0299 0.2468 -0.9686
vn -0.0520 0.1914 -0.9801
vn -0.0633 0.2205 -0.9733
vn -0.0833 -0.0359 -0.9959
vn -0.0762 -0.0077 -0.9971
vn -0.0617 0.0667 -0.9959
vn -0.1372 -0.0141 -0.9904
vn -0.0947 -0.0386 -0.9948
vn -0.0669 0.0159 -0.9976
vn -0.0530 -0.0018 -0.9986
vn -0.0458 -0.0004 -0.9990
vn -0.1782 -0.1146 -0.9773
vn -0.1557 -0.0359 -0.9872
vn 0.3382 0.3362 -0.8790
vn 0.3325 0.2939 -0.8961
vn 0.3258 0.3451 -0.8802
vn 0.0240 0.9988 -0.0429
vn 0.0230 0.9987 -0.0444
vn 0.0310 0.9983 -0.0491
vn 0.0273 0.9984 -0.0492
vn 0.0362 0.9980 -0.0514
vn 0.0459 0.9977 -0.0503
vn 0.0511 0.9976 -0.0465
vn 0.0547 0.9976 -0.0421
vn 0.1157 0.9933 0.0049
vn 0.1057 0.9944 -0.0013
vn 0.1999 0.9796 -0.0185
vn 0.2026 0.9790 -0.0239
vn 0.2021 0.9791 -0.0223
vn 0.0615 0.9974 -0.0366
vn 0.0719 0.9970 -0.0292
vn 0.0729 0.9969 -0.0293
vn 0.0970 0.9952 -0.0105
vn 0.0861 0.9961 -0.0208
vn 0.0434 0.9956 -0.0834
vn 0.0392 0.9971 -0.0650
vn 0.1377 0.9905 0.0053
vn 0.1508 0.0297 -0.9881
vn 0.1550 0.0352 -0.9873
vn 0.1927 0.0961 -0.9765
vn 0.1549 0.0416 -0.9871
vn 0.1372 0.0086 -0.9905
vn 0.1403 0.0065 -0.9901
vn 0.1442 0.0129 -0.9895
vn 0.1571 0.0815 -0.9842
vn 0.1432 0.0652 -0.9875
vn 0.1510 0.1029 -0.9832
vn 0.1354 0.0817 -0.9874
vn 0.1406 0.1151 -0.9834
vn 0.1266 0.0885 -0.9880
vn 0.1303 0.1280 -0.9832
vn 0.1166 0.0953 -0.9886
vn 0.1162 0.1423 -0.9830
vn 0.1039 0.1051 -0.9890
vn 0.1014 0.1514 -0.9833
vn 0.0909 0.1093 -0.9898
vn 0.0916 0.1544 -0.9838
vn 0.0856 0.1104 -0.9902
vn 0.0824 0.1591 -0.9838
vn 0.0797 0.1140 -0.9903
vn 0.0649 0.1636 -0.9844
vn 0.0443 0.1593 -0.9862
vn 0.0470 0.1220 -0.9914
vn 0.0341 0.1186 -0.9924
vn 0.0305 0.1473 -0.9886
vn 0.0215 0.1331 -0.9909
vn 0.0254 0.1129 -0.9933
vn 0.0149 0.1063 -0.9942
vn 0.0120 0.1189 -0.9928
vn 0.0029 0.1063 -0.9943
vn 0.0035 0.1009 -0.9949
vn -0.0039 0.0973 -0.9953
vn -0.0016 0.0965 -0.9953
vn -0.0054 0.0861 -0.9963
vn -0.0111 0.0918 -0.9957
vn -0.0243 0.0786 -0.9966
vn -0.0148 0.0699 -0.9974
vn -0.0274 0.0496 -0.9984
vn -0.0407 0.0603 -0.9974
vn -0.0403 0.0287 -0.9988
vn -0.0486 -0.0065 -0.9988
vn 0.0241 -0.0704 -0.9972
vn -0.0525 -0.0020 -0.9986
vn -0.0707 0.0122 -0.9974
vn -0.0667 0.0138 -0.9977
vn -0.0438 -0.0059 -0.9990
vn 0.0311 -0.0732 -0.9968
vn 0.0237 -0.0547 -0.9982
vn -0.0432 -0.0015 -0.9991
vn -0.1801 0.0646 -0.9815
vn -0.0726 0.0086 -0.9973
vn -0.0649 -0.0156 -0.9978
vn -0.0847 -0.0108 -0.9964
vn -0.0862 -0.0652 -0.9941
vn -0.1097 -0.0696 -0.9915
vn -0.1037 -0.1574 -0.9821
vn -0.0595 -0.6574 -0.7512
vn -0.0357 -0.6403 -0.7673
vn -0.0765 -0.4039 -0.9116
vn -0.0651 -0.3902 -0.9184
vn -0.0580 -0.7711 -0.6341
vn -0.0523 -0.7610 -0.6467
vn -0.0349 -0.7491 -0.6615
vn 0.1584 0.0538 -0.9859
vn 0.1465 0.0358 -0.9886
vn 0.3129 0.3482 -0.8837
vn 0.3076 0.2524 -0.9174
vn 0.3201 0.2757 -0.9064
vn 0.3129 0.2730 -0.9097
vn 0.3072 0.2490 -0.9185
vn 0.2065 0.1165 -0.9715
vn 0.2582 0.1840 -0.9484
vn 0.2739 0.2048 -0.9397
vn 0.3210 0.3075 -0.8958
vn 0.3349 0.3138 -0.8885
vn 0.3410 0.3159 -0.8854
vn 0.3606 0.3193 -0.8764
vn 0.3685 0.3213 -0.8723
vn 0.4044 0.3148 -0.8587
vn 0.4011 0.3066 -0.8632
vn 0.4063 0.3104 -0.8594
vn 0.3991 0.3124 -0.8621
vn 0.4000 0.3038 -0.8647
vn 0.4053 0.3074 -0.8610
vn 0.0535 0.9778 -0.2028
vn 0.0566 0.9817 -0.1817
vn 0.1032 0.9294 -0.3544
vn 0.0794 0.9303 -0.3580
vn 0.1028 0.9218 -0.3739
vn 0.0644 0.9356 -0.3472
vn -0.1801 -0.2063 -0.9618
vn -0.1954 -0.1898 -0.9622
vn 0.0264 -0.2762 -0.9607
vn 0.0276 -0.2801 -0.9596
vn 0.0149 -0.9051 -0.4248
vn 0.0228 -0.6130 -0.7898
vn 0.0266 -0.6134 -0.7893
vn 0.0283 -0.0730 -0.9969
vn 0.0328 0.2223 -0.9744
vn 0.0282 0.2043 -0.9785
vn 0.0110 -0.9026 -0.4304
vn 0.0146 -0.6132 -0.7898
vn 0.0084 -0.9031 -0.4293
vn 0.0119 -0.9023 -0.4309
vn 0.0192 -0.6116 -0.7910
vn 0.0222 -0.6113 -0.7911
vn 0.0208 -0.3941 -0.9188
vn 0.0145 -0.3960 -0.9182
vn 0.0066 -0.9042 -0.4271
vn 0.0105 -0.6256 -0.7801
vn 0.0058 -0.9075 -0.4199
vn 0.0112 -0.6161 -0.7876
vn 0.0102 -0.3992 -0.9168
vn 0.0094 -0.4046 -0.9144
vn 0.0118 -0.9024 -0.4307
vn 0.0215 -0.6045 -0.7963
vn 0.0215 -0.6054 -0.7956
vn 0.0119 -0.9021 -0.4314
vn 0.0217 -0.6058 -0.7953
vn 0.0247 -0.3759 -0.9263
vn 0.0246 -0.3758 -0.9264
vn 0.0246 -0.3767 -0.9260
vn 0.0127 -0.9022 -0.4312
vn 0.0261 -0.6100 -0.7919
vn 0.0195 -0.6099 -0.7923
vn 0.0166 -0.9027 -0.4300
vn 0.0289 -0.6114 -0.7908
vn 0.0245 -0.3892 -0.9208
vn 0.0159 -0.3915 -0.9200
vn 0.0123 -0.9053 -0.4246
vn 0.0217 -0.6110 -0.7913
vn 0.0117 -0.9046 -0.4262
vn 0.0215 -0.6089 -0.7930
vn 0.0246 -0.3801 -0.9246
vn 0.0250 -0.3822 -0.9237
vn 0.0105 -0.3265 -0.9451
vn 0.0254 -0.3937 -0.9189
vn 0.0195 -0.3247 -0.9456
vn 0.0253 -0.3242 -0.9457
vn 0.0166 -0.3139 -0.9493
vn 0.0061 -0.3158 -0.9488
vn 0.0039 -0.3327 -0.9430
vn 0.0053 -0.3297 -0.9441
vn -0.0006 -0.3191 -0.9477
vn -0.0020 -0.3207 -0.9472
vn 0.0243 -0.3004 -0.9535
vn 0.0243 -0.3011 -0.9533
vn 0.0245 -0.3002 -0.9536
vn 0.0242 -0.2675 -0.9633
vn 0.0240 -0.2678 -0.9632
vn 0.0240 -0.2686 -0.9630
vn 0.0186 -0.3175 -0.9481
vn 0.0083 -0.3217 -0.9468
vn 0.0268 -0.3136 -0.9492
vn 0.0233 -0.2865 -0.9578
vn 0.0121 -0.2954 -0.9553
vn -0.0009 -0.3053 -0.9523
vn 0.0250 -0.3057 -0.9518
vn 0.0244 -0.3039 -0.9524
vn 0.0241 -0.2715 -0.9621
vn 0.0248 -0.2736 -0.9615
vn 0.0187 -0.3932 -0.9193
vn 0.0146 -0.3238 -0.9460
vn 0.0083 -0.3111 -0.9503
vn 0.0239 -0.3130 -0.9495
vn 0.0173 -0.9038 -0.4277
vn 0.0181 -0.1184 -0.9928
vn 0.0044 0.1190 -0.9929
vn 0.0158 0.1101 -0.9938
vn -0.0294 0.0349 -0.9990
vn -0.1081 -0.4756 -0.8730
vn -0.0217 -0.4811 -0.8764
vn -0.0288 -0.3879 -0.9213
vn -0.1013 -0.6606 -0.7439
vn 0.0088 -0.5106 -0.8598
vn 0.0337 0.2331 -0.9719
vn 0.0292 -0.0522 -0.9982
vn 0.0290 -0.0474 -0.9985
vn 0.0335 0.2276 -0.9732
vn 0.0296 -0.0586 -0.9978
vn -0.0023 -0.2361 -0.9717
vn -0.0442 -0.1431 -0.9887
vn 0.0337 0.2428 -0.9695
vn 0.0291 -0.0435 -0.9986
vn 0.0291 -0.0405 -0.9988
vn 0.0337 0.2387 -0.9705
vn 0.0240 -0.2698 -0.9626
vn -0.0236 -0.5314 -0.8468
vn -0.0118 -0.5250 -0.8510
vn -0.0262 -0.5291 -0.8481
vn -0.0267 -0.7236 -0.6897
vn 0.0053 -0.5212 -0.8534
vn -0.0143 -0.7419 -0.6703
vn 0.0239 0.1386 -0.9901
vn 0.0111 -0.9021 -0.4313
vn 0.0189 -0.6107 -0.7916
vn -0.1197 -0.1614 -0.9796
vn -0.2563 -0.3959 -0.8818
vn -0.1258 -0.1690 -0.9776
vn -0.0915 -0.2581 -0.9618
vn -0.1076 -0.2706 -0.9567
vn -0.2490 -0.5264 -0.8129
vn -0.0837 -0.6021 -0.7940
vn -0.0189 -0.6296 -0.7767
vn 0.0251 0.1555 -0.9875
vn 0.0257 0.1703 -0.9850
vn 0.0044 -0.0611 -0.9981
vn 0.0265 0.2004 -0.9794
vn 0.0262 0.1936 -0.9807
vn 0.0339 0.2459 -0.9687
vn 0.0269 0.2066 -0.9781
vn 0.0070 -0.0136 -0.9999
vn -0.0422 -0.0035 -0.9991
vn -0.0637 0.0167 -0.9978
vn -0.0636 0.0179 -0.9978
vn 0.0136 -0.1258 -0.9920
vn 0.0297 0.2285 -0.9731
vn -0.0502 0.0101 -0.9987
vn -0.0685 0.0257 -0.9973
vn -0.0731 0.0152 -0.9972
vn -0.0491 0.1475 -0.9878
vn -0.1688 0.2074 -0.9636
vn -0.2511 0.2543 -0.9340
vn -0.0895 0.0826 -0.9926
vn 0.0676 -0.0954 -0.9931
vn 0.0393 0.2183 -0.9751
vn 0.0398 0.2231 -0.9740
vn 0.0397 0.2292 -0.9726
vn 0.0374 0.2337 -0.9716
vn 0.2813 0.4339 -0.8559
vn 0.2845 0.4053 -0.8688
vn 0.2819 0.4394 -0.8529
vn 0.2844 0.4011 -0.8708
vn 0.3863 0.3181 -0.8658
vn 0.3929 0.3201 -0.8621
vn 0.3762 0.3169 -0.8707
vn 0.1907 0.9816 -0.0127
vn 0.1936 0.9810 -0.0147
vn 0.3018 0.6146 -0.7288
vn 0.3000 0.5932 -0.7471
vn 0.2985 0.3934 -0.8695
vn 0.3142 0.3908 -0.8652
vn 0.3401 0.3669 -0.8659
vn 0.2914 0.4097 -0.8644
vn 0.3620 0.3341 -0.8703
vn 0.1973 0.9802 -0.0186
vn 0.2796 0.9251 -0.2570
vn 0.2693 0.9427 -0.1968
vn 0.0275 0.9656 -0.2585
vn 0.2507 0.9517 -0.1773
vn 0.2313 0.9651 -0.1229
vn 0.2094 0.9763 -0.0538
vn 0.0336 0.0970 -0.9947
vn 0.0397 0.2150 -0.9758
vn 0.0335 0.0927 -0.9951
vn 0.0399 0.2179 -0.9752
vn 0.0435 0.2584 -0.9651
vn 0.0134 -0.1297 -0.9915
vn 0.0190 -0.1241 -0.9921
vn 0.0192 -0.1221 -0.9923
vn -0.9991 0.0384 -0.0184
vn -0.9990 0.0431 -0.0121
vn -0.9991 0.0385 -0.0183
vn 0.0260 0.1835 -0.9827
vn 0.0054 -0.0432 -0.9991
vn 0.0337 0.2442 -0.9691
vn 0.0292 -0.0387 -0.9988
vn 0.0293 -0.0426 -0.9987
vn 0.0243 -0.3024 -0.9529
vn 0.0245 -0.3781 -0.9254
vn 0.0115 -0.9039 -0.4277
vn 0.0215 -0.6069 -0.7945
vn 0.0117 -0.9030 -0.4295
vn 0.0439 0.9937 -0.1035
vn 0.0389 0.9939 -0.1035
vn 0.0441 0.9943 -0.0968
vn 0.0351 0.9952 -0.0917
vn -0.0001 -0.1350 -0.9908
vn -0.0003 -0.1367 -0.9906
vn 0.0267 0.9961 -0.0841
vn 0.0311 0.9961 -0.0824
vn 0.0235 0.9935 -0.1117
vn -0.0095 -0.1498 -0.9887
vn -0.0094 -0.1479 -0.9890
vn 0.0255 -0.0539 -0.9982
vn 0.0256 -0.0527 -0.9983
vn 0.0438 0.2582 -0.9651
vn 0.0461 0.2741 -0.9606
vn 0.0467 0.2746 -0.9604
vn 0.0484 0.3027 -0.9518
vn 0.0496 0.3052 -0.9510
vn 0.0543 0.3508 -0.9349
vn 0.0613 0.3532 -0.9335
vn -0.0115 -0.1636 -0.9865
vn 0.0258 0.9815 -0.1895
vn -0.7464 -0.1618 -0.6455
vn -0.9965 0.0104 -0.0832
vn -0.9974 0.0138 -0.0702
vn 0.0266 0.9451 -0.3258
vn 0.0354 0.4723 -0.8807
vn 0.0360 0.9951 -0.0921
vn 0.0293 0.8369 -0.5466
vn 0.0075 -0.9853 -0.1706
vn 0.0061 -0.9856 -0.1687
vn 0.0048 -0.9849 -0.1733
vn 0.0044 -0.9849 -0.1731
vn 0.0120 -0.9027 -0.4300
vn 0.0046 -0.9851 -0.1720
vn 0.0047 -0.9850 -0.1722
vn 0.0046 -0.9852 -0.1716
vn 0.0046 -0.9856 -0.1693
vn 0.0044 -0.9854 -0.1701
vn 0.0047 -0.9857 -0.1684
vn 0.0029 -0.9850 -0.1726
vn 0.0021 -0.9852 -0.1715
vn 0.0045 -0.9853 -0.1710
vn 0.0073 -0.9850 -0.1723
vn 0.0058 -0.9849 -0.1731
vn 0.0047 -0.9848 -0.1734
vn 0.9580 -0.1079 0.2656
vn 0.9561 -0.0927 0.2779
vn 0.9580 -0.1079 0.2657
vn 0.9535 -0.1078 0.2815
vn -0.0603 0.0397 0.9974
vn -0.0726 0.0344 0.9968
vn -0.0726 0.0341 0.9968
vn -0.0885 0.0278 0.9957
vn -0.0886 0.0279 0.9957
vn -0.1805 0.0589 0.9818
vn -0.2098 0.0602 0.9759
vn -0.1805 0.0588 0.9818
vn 0.0536 0.0142 0.9985
vn 0.0535 0.0142 0.9985
vn -0.9701 -0.1977 -0.1406
vn -0.9571 -0.2210 -0.1874
vn -0.9568 -0.2215 -0.1885
vn -0.9787 -0.1732 -0.1103
vn -0.9702 -0.1976 -0.1402
vn -0.9860 -0.1452 -0.0822
vn -0.9892 -0.1302 -0.0667
vn -0.9892 -0.1303 -0.0667
vn -0.9961 -0.0765 -0.0431
vn -0.0082 0.0518 0.9986
vn -0.0153 0.0453 0.9989
vn -0.0153 0.0454 0.9989
vn -0.0202 0.0457 0.9988
vn -0.0201 0.0460 0.9987
vn 0.8169 -0.5732 -0.0641
vn 0.8798 -0.4704 -0.0682
vn 0.8798 -0.4703 -0.0684
vn -0.9990 0.0432 -0.0121
vn -0.9986 0.0522 -0.0063
vn -0.9980 0.0639 -0.0009
vn -0.9970 0.0768 0.0006
vn -0.9980 0.0638 -0.0010
vn -0.9956 0.0932 -0.0084
vn -0.9957 0.0919 -0.0068
vn -0.9957 0.0918 -0.0068
vn -0.9953 0.0955 -0.0155
vn -0.9956 0.0932 -0.0086
vn -0.6493 0.1850 0.7377
vn -0.6476 0.1852 0.7392
vn 0.8992 -0.1826 0.3977
vn 0.9179 -0.1924 0.3470
vn 0.8992 -0.1825 0.3978
vn 0.9757 -0.2142 0.0459
vn 0.9672 -0.2174 0.1311
vn 0.9673 -0.2174 0.1305
vn 0.9451 -0.2091 0.2511
vn 0.9450 -0.2090 0.2515
vn 0.9179 -0.1925 0.3470
vn -0.1435 0.0198 0.9895
vn -0.1540 0.0271 0.9877
vn -0.1538 0.0275 0.9877
vn -0.1776 0.0389 0.9833
vn -0.0253 0.0492 0.9985
vn -0.0252 0.0495 0.9985
vn -0.0344 0.0517 0.9981
vn -0.0343 0.0519 0.9981
vn -0.1185 0.0149 0.9928
vn -0.1325 0.0115 0.9911
vn -0.1324 0.0117 0.9911
vn -0.1402 0.0119 0.9901
vn -0.1402 0.0120 0.9901
vn 0.8923 -0.1765 0.4156
vn 0.8922 -0.1765 0.4156
vn 0.8928 -0.1490 0.4251
vn 0.9072 -0.0922 0.4105
vn 0.9077 -0.0908 0.4098
vn 0.8928 -0.1493 0.4251
vn -0.1038 0.0209 0.9944
vn -0.1036 0.0208 0.9944
vn -0.1186 0.0144 0.9928
vn -0.8101 0.0875 0.5797
vn -0.6745 0.1024 0.7311
vn -0.6741 0.1025 0.7315
vn 0.9757 -0.2142 0.0460
vn -0.6475 0.1127 0.7536
vn -0.8099 0.0875 0.5801
vn -0.3562 0.2155 0.9092
vn -0.3732 0.2312 0.8985
vn -0.3732 0.2311 0.8985
vn -0.2727 0.1640 0.9480
vn -0.3553 0.2141 0.9099
vn -0.4487 0.1760 0.8762
vn -0.4511 0.1747 0.8752
vn -0.6452 0.1131 0.7556
vn -0.7341 -0.1871 -0.6527
vn -0.7462 -0.1619 -0.6457
vn -0.8334 -0.2050 -0.5132
vn -0.7557 -0.2003 -0.6236
vn -0.7506 -0.2016 -0.6293
vn -0.8746 -0.2465 -0.4176
vn -0.8362 -0.2080 -0.5074
vn -0.9403 -0.2370 -0.2443
vn -0.9258 -0.2487 -0.2846
vn -0.9405 -0.2369 -0.2437
vn -0.9070 -0.2613 -0.3302
vn -0.8771 -0.2490 -0.4106
vn -0.9069 -0.2613 -0.3305
vn -0.7766 -0.1659 -0.6077
vn -0.7343 -0.1870 -0.6525
vn -0.7505 -0.1709 -0.6384
vn -0.7767 -0.1658 -0.6076
vn -0.1940 0.1450 0.9702
vn -0.2038 0.1611 0.9657
vn -0.1942 0.1450 0.9702
vn -0.2702 0.1629 0.9489
vn 0.9463 -0.1077 0.3050
vn 0.9462 -0.1078 0.3051
vn 0.9374 -0.1075 0.3314
vn 0.9373 -0.1075 0.3315
vn 0.9163 -0.1718 0.3618
vn 0.9215 -0.1116 0.3720
vn 0.9163 -0.1719 0.3618
vn 0.8551 -0.4618 0.2358
vn 0.8550 -0.4621 0.2356
vn 0.4793 -0.8730 -0.0898
vn 0.1030 -0.9486 -0.2992
vn 0.1026 -0.9486 -0.2995
vn 0.4810 -0.8722 -0.0887
vn 0.0238 -0.9478 -0.3179
vn 0.0214 -0.9444 -0.3281
vn 0.0237 -0.9479 -0.3178
vn 0.0215 -0.9444 -0.3282
vn 0.0299 -0.9426 -0.3327
vn -0.1421 0.0148 0.9897
vn -0.1421 0.0150 0.9897
vn -0.1437 0.0197 0.9894
vn -0.0497 0.0493 0.9975
vn -0.0535 0.0450 0.9976
vn -0.0536 0.0447 0.9976
vn -0.0604 0.0396 0.9974
vn -0.0443 0.0516 0.9977
vn -0.0444 0.0522 0.9977
vn -0.0500 0.0491 0.9975
vn 0.9365 -0.0673 0.3442
vn 0.9371 -0.0677 0.3425
vn 0.9561 -0.0929 0.2779
vn -0.0013 0.0656 0.9978
vn 0.0002 0.0822 0.9966
vn -0.0013 0.0657 0.9978
vn -0.0043 -0.9789 -0.2043
vn 0.0032 -0.9665 -0.2565
vn -0.0043 -0.9791 -0.2032
vn -0.0006 -0.9923 -0.1241
vn -0.0005 -0.9924 -0.1230
vn -0.9992 0.0324 -0.0229
vn -0.9992 0.0326 -0.0234
vn 0.0162 -0.9598 -0.2802
vn 0.0238 -0.9555 -0.2940
vn 0.0161 -0.9598 -0.2801
vn 0.0034 -0.9665 -0.2568
vn 0.0264 -0.9515 -0.3066
vn 0.0264 -0.9515 -0.3064
vn 0.0239 -0.9555 -0.2941
vn 0.7575 -0.1421 0.6371
vn -0.2507 0.1102 0.9618
vn -0.2504 0.1098 0.9619
vn -0.6160 -0.7810 -0.1029
vn -0.5997 -0.7915 -0.1183
vn -0.5991 -0.7918 -0.1184
vn -0.5158 -0.8472 -0.1277
vn -0.5153 -0.8474 -0.1277
vn -0.0283 -0.9980 -0.0573
vn -0.0286 -0.9980 -0.0570
vn -0.1843 -0.9819 -0.0425
vn -0.1843 -0.9820 -0.0425
vn -0.4500 -0.8831 -0.1326
vn -0.4234 -0.8959 -0.1345
vn -0.4237 -0.8958 -0.1345
vn -0.3870 -0.9122 -0.1342
vn -0.3870 -0.9122 -0.1344
vn -0.2996 -0.9451 -0.1307
vn -0.2996 -0.9450 -0.1308
vn -0.1951 -0.9727 -0.1253
vn -0.1951 -0.9727 -0.1255
vn -0.1285 -0.9843 -0.1211
vn -0.1286 -0.9842 -0.1216
vn -0.0798 -0.9895 -0.1209
vn -0.0018 -0.9928 -0.1197
vn -0.0018 -0.9928 -0.1198
vn 0.1021 -0.9880 -0.1156
vn 0.1021 -0.9880 -0.1155
vn 0.2001 -0.9737 -0.1089
vn 0.2003 -0.9737 -0.1091
vn 0.2755 -0.9559 -0.1016
vn 0.2759 -0.9558 -0.1017
vn 0.3344 -0.9376 -0.0957
vn 0.3342 -0.9376 -0.0959
vn 0.3899 -0.9163 -0.0918
vn 0.3899 -0.9163 -0.0916
vn 0.4492 -0.8890 -0.0885
vn 0.4493 -0.8890 -0.0884
vn 0.5156 -0.8527 -0.0837
vn 0.5888 -0.8045 -0.0777
vn 0.5887 -0.8046 -0.0778
vn 0.6413 -0.7638 -0.0731
vn 0.6411 -0.7641 -0.0724
vn 0.6482 -0.7584 -0.0684
vn 0.6480 -0.7586 -0.0681
vn 0.6474 -0.7601 -0.0558
vn 0.6190 -0.7832 -0.0576
vn 0.6476 -0.7600 -0.0557
vn 0.7048 -0.7071 -0.0574
vn 0.7047 -0.7072 -0.0571
vn 0.7676 -0.6380 -0.0610
vn 0.8170 -0.5731 -0.0639
vn 0.9226 -0.3786 -0.0745
vn 0.9226 -0.3784 -0.0743
vn 0.9561 -0.2810 -0.0835
vn 0.9562 -0.2807 -0.0835
vn 0.9786 -0.1864 -0.0873
vn 0.9925 -0.1177 -0.0314
vn 0.9870 -0.1534 0.0474
vn 0.9873 -0.1523 0.0455
vn 0.9887 -0.1365 0.0613
vn 0.9889 -0.1357 0.0607
vn 0.9284 -0.1045 0.3565
vn 0.9284 -0.1045 0.3566
vn 0.9216 -0.1115 0.3719
vn -0.4564 -0.8868 -0.0725
vn -0.4559 -0.8870 -0.0726
vn -0.6158 -0.7812 -0.1028
vn -0.6949 -0.2038 -0.6896
vn -0.7503 -0.1710 -0.6386
vn -0.6946 -0.2042 -0.6898
vn -0.2967 0.1873 0.9364
vn -0.2960 0.1872 0.9367
vn -0.2040 0.1613 0.9656
vn -0.9990 0.0300 -0.0327
vn -0.9975 0.0651 -0.0271
vn -0.9975 0.0648 -0.0272
vn -0.9953 0.0955 -0.0156
vn 0.9994 0.0283 -0.0184
vn 0.9989 0.0448 -0.0123
vn 0.9989 0.0445 -0.0126
vn 0.9986 0.0505 -0.0163
vn 0.9986 0.0506 -0.0163
vn -0.9989 0.0189 -0.0424
vn -0.9992 0.0083 -0.0400
vn -0.9989 0.0188 -0.0423
vn -0.9990 0.0249 -0.0378
vn -0.9990 0.0248 -0.0379
vn 0.9990 0.0400 -0.0207
vn 0.9990 0.0398 -0.0207
vn 0.9999 0.0131 -0.0025
vn 0.9999 0.0131 -0.0023
vn -0.9991 0.0264 -0.0342
vn -0.9991 0.0264 -0.0343
vn -0.9990 0.0298 -0.0328
vn 0.9992 -0.0392 0.0010
vn 0.9993 -0.0383 0.0006
vn 0.9994 0.0284 -0.0184
vn -0.9962 0.0875 -0.0028
vn -0.9962 0.0874 -0.0029
vn 0.9893 -0.1270 -0.0723
vn 0.9893 -0.1268 -0.0722
vn 0.9925 -0.1179 -0.0309
vn -0.9996 -0.0043 -0.0280
vn -0.9961 -0.0768 -0.0432
vn -0.9996 -0.0041 -0.0277
vn 0.7471 -0.6621 -0.0590
vn 0.7469 -0.6623 -0.0592
vn 0.7678 -0.6378 -0.0606
vn -0.9838 -0.1539 -0.0923
vn -0.9787 -0.1731 -0.1102
vn -0.9838 -0.1538 -0.0924
vn 0.6284 -0.7753 -0.0630
vn 0.6283 -0.7754 -0.0629
vn 0.6191 -0.7832 -0.0578
vn -0.2016 0.0512 0.9781
vn -0.2017 0.0517 0.9781
vn -0.2096 0.0601 0.9759
vn 0.0446 -0.9435 -0.3283
vn 0.0297 -0.9426 -0.3326
vn 0.0445 -0.9434 -0.3287
vn -0.0326 0.0966 0.9948
vn -0.0324 0.0967 0.9948
vn 0.0001 0.0822 0.9966
vn -0.9994 0.0025 -0.0358
vn 0.9999 -0.0006 0.0164
vn 0.2022 0.9785 0.0398
vn 0.2066 0.9773 0.0479
vn 0.2038 0.9780 0.0448
vn 0.1448 0.9894 0.0072
vn 0.1371 0.9906 0.0028
vn 0.1379 0.9904 0.0028
vn 0.1273 0.9919 0.0009
vn 0.1264 0.9920 0.0009
vn 0.1435 0.9896 0.0074
vn 0.1373 0.9905 0.0034
vn 0.0938 0.9832 0.1566
vn 0.1068 0.9732 0.2035
vn 0.1065 0.9818 0.1571
vn 0.0863 0.9212 0.3795
vn 0.1039 0.9194 0.3795
vn 0.0927 0.9747 0.2033
vn 0.0679 0.9151 0.3975
vn 0.0806 0.9843 0.1572
vn 0.2071 0.9775 0.0405
vn 0.2231 0.9708 0.0885
vn 0.2106 0.9763 0.0489
vn 0.2231 0.9707 0.0897
vn 0.2111 0.9761 0.0523
vn 0.2434 0.9562 0.1629
vn 0.2188 0.9726 0.0782
vn 0.2427 0.9569 0.1595
vn 0.0735 0.5898 0.8042
vn 0.1141 0.7355 0.6678
vn 0.0888 0.7522 0.6530
vn 0.1275 0.9104 0.3937
vn 0.1584 0.8947 0.4176
vn 0.0978 0.5725 0.8141
vn 0.1429 0.7103 0.6892
vn 0.0557 0.9976 0.0417
vn 0.0661 0.9966 0.0499
vn 0.0669 0.9971 0.0351
vn 0.0794 0.9959 0.0435
vn 0.0802 0.9964 0.0268
vn 0.0800 0.9930 0.0874
vn 0.0549 0.9969 0.0555
vn 0.0663 0.9936 0.0911
vn 0.0297 0.9862 0.1631
vn 0.0250 0.9868 0.1603
vn 0.0219 0.9845 0.1740
vn 0.0228 0.9938 0.1091
vn 0.0213 0.9854 0.1688
vn 0.0320 0.9877 0.1533
vn 0.0263 0.9936 0.1096
vn 0.0059 0.9828 0.1847
vn 0.0074 0.9652 0.2613
vn 0.0079 0.9820 0.1888
vn -0.0190 0.6197 0.7846
vn -0.0059 0.8399 0.5427
vn -0.0182 0.6248 0.7806
vn -0.0056 0.8459 0.5334
vn 0.0077 0.9498 0.3129
vn -0.0053 0.8538 0.5206
vn 0.0083 0.9557 0.2942
vn -0.0197 0.6164 0.7872
vn 0.9781 -0.2078 0.0145
vn 0.7973 -0.1425 -0.5865
vn 0.7959 -0.1421 -0.5885
vn 0.0354 0.9956 0.0869
vn 0.0287 0.9975 0.0653
vn 0.0335 0.9971 0.0684
vn 0.0226 0.9985 0.0497
vn 0.0250 0.9984 0.0504
vn 0.0291 0.9962 0.0819
vn 0.0240 0.9978 0.0611
vn -0.0127 0.4121 0.9111
vn -0.0113 0.4954 0.8686
vn -0.0037 0.4203 0.9074
vn 0.0179 0.5024 0.8645
vn 0.0145 0.4236 0.9057
vn 0.0020 0.6399 0.7684
vn -0.0181 0.4862 0.8737
vn -0.0132 0.6297 0.7767
vn 0.0137 0.9677 0.2518
vn 0.0172 0.9821 0.1878
vn 0.0146 0.9747 0.2232
vn 0.0180 0.9829 0.1833
vn 0.0148 0.9633 0.2679
vn 0.0372 0.9832 0.1786
vn 0.0275 0.9612 0.2746
vn 0.0088 0.9619 0.2731
vn 0.0142 0.9710 0.2388
vn 0.2662 0.9395 0.2156
vn 0.2584 0.9430 0.2095
vn 0.2578 0.9439 0.2063
vn 0.2383 0.9596 0.1495
vn 0.2543 0.9462 0.2001
vn 0.0177 0.9818 0.1891
vn 0.0810 0.9850 0.1521
vn 0.0664 0.9885 0.1358
vn 0.0664 0.9861 0.1521
vn 0.0549 0.9940 0.0945
vn 0.0549 0.9890 0.1371
vn 0.0809 0.9877 0.1341
vn 0.2634 0.9412 0.2118
vn 0.0939 0.9839 0.1521
vn 0.0544 0.9868 0.1525
vn 0.0936 0.9867 0.1333
vn 0.1053 0.9855 0.1332
vn 0.0922 0.9922 0.0834
vn 0.1726 0.9691 0.1762
vn 0.1943 0.9475 0.2538
vn 0.1860 0.9644 0.1877
vn 0.1848 0.8765 0.4446
vn 0.1969 0.8616 0.4679
vn 0.1549 0.9627 0.2218
vn 0.1808 0.9543 0.2380
vn 0.1490 0.9748 0.1662
vn 0.1485 0.9848 0.0897
vn 0.1676 0.9730 0.1589
vn 0.1579 0.9824 0.0995
vn 0.1390 0.9805 0.1386
vn 0.1653 0.9717 0.1686
vn 0.1569 0.9765 0.1475
vn 0.1061 0.9826 0.1527
vn 0.1332 0.9877 0.0826
vn 0.0836 0.9962 0.0263
vn 0.0932 0.9955 0.0163
vn 0.0950 0.9953 0.0166
vn 0.1012 0.9948 0.0088
vn 0.1027 0.9947 0.0076
vn 0.0819 0.9963 0.0262
vn 0.0916 0.9957 0.0172
vn 0.0348 0.9943 0.1006
vn 0.0350 0.5884 0.8078
vn 0.0689 0.7561 0.6509
vn 0.0490 0.7445 0.6658
vn 0.0535 0.5959 0.8013
vn 0.0658 0.9852 0.1584
vn 0.0535 0.9855 0.1609
vn 0.2691 0.9384 0.2166
vn 0.2718 0.9369 0.2199
vn 0.2667 0.9390 0.2172
vn -0.0173 0.3879 0.9216
vn -0.0253 0.4468 0.8943
vn -0.0216 0.4577 0.8888
vn -0.0213 0.6198 0.7845
vn -0.0243 0.6363 0.7710
vn -0.0236 0.3760 0.9263
vn -0.0335 0.4458 0.8945
vn 0.0182 0.9937 0.1102
vn 0.0188 0.9938 0.1092
vn 0.0198 0.9940 0.1079
vn 0.2776 0.8335 0.4778
vn 0.2772 0.9205 0.2754
vn 0.2752 0.9215 0.2742
vn 0.2720 0.9363 0.2220
vn 0.2796 0.8337 0.4762
vn 0.2777 0.9177 0.2841
vn 0.0292 0.8756 0.4822
vn 0.0614 0.9732 0.2215
vn 0.0473 0.9692 0.2418
vn 0.0781 0.9748 0.2089
vn 0.0471 0.9001 0.4331
vn 0.1241 0.9793 0.1600
vn 0.1267 0.9695 0.2099
vn 0.1773 0.9675 0.1801
vn 0.1444 0.9765 0.1597
vn 0.1225 0.9804 0.1544
vn 0.1202 0.9837 0.1341
vn 0.1031 0.9914 0.0803
vn 0.1166 0.9900 0.0794
vn 0.0515 0.5308 0.8459
vn 0.0607 0.4766 0.8770
vn 0.0720 0.5187 0.8519
vn 0.0292 0.6688 0.7429
vn 0.0620 0.5654 0.8225
vn 0.1043 0.9945 0.0081
vn 0.0584 0.9975 0.0402
vn 0.0685 0.9971 0.0335
vn 0.0700 0.9970 0.0340
vn 0.0570 0.9976 0.0404
vn 0.0275 0.9983 0.0517
vn 0.1999 0.9792 0.0334
vn 0.2063 0.9775 0.0445
vn 0.2032 0.9785 0.0363
vn 0.1420 0.9894 0.0311
vn 0.1283 0.9914 0.0261
vn 0.1263 0.9920 0.0033
vn 0.1502 0.9879 0.0375
vn 0.1388 0.9903 0.0065
vn 0.0539 0.9868 0.1528
vn 0.0287 0.9938 0.1075
vn 0.0351 0.9944 0.0997
vn 0.0388 0.9809 0.1906
vn 0.0132 0.9921 0.1250
vn 0.0180 0.9738 0.2265
vn 0.0104 0.9863 0.1645
vn 0.0654 0.9623 0.2641
vn 0.0148 0.9837 0.1794
vn 0.0200 0.9893 0.1447
vn 0.0068 0.9648 0.2627
vn 0.0236 0.9585 0.2842
vn 0.0452 0.9797 0.1954
vn 0.0377 0.9745 0.2211
vn 0.0040 0.9413 0.3377
vn 0.0042 0.9370 0.3494
vn 0.0118 0.9335 0.3583
vn 0.0087 0.8444 0.5356
vn -0.0009 0.8372 0.5470
vn 0.0345 0.8582 0.5122
vn 0.0913 0.9025 0.4208
vn 0.0637 0.8925 0.4465
vn 0.0582 0.9210 0.3852
vn 0.0241 0.9338 0.3569
vn 0.0281 0.9379 0.3459
vn 0.1007 0.8374 0.5372
vn 0.0303 0.9597 0.2794
vn 0.0251 0.9417 0.3356
vn 0.0178 0.9457 0.3246
vn 0.1812 0.9684 0.1716
vn 0.2204 0.9544 0.2016
vn 0.2093 0.9605 0.1834
vn 0.0239 0.9608 0.2763
vn 0.0338 0.9711 0.2363
vn 0.0532 0.9869 0.1523
vn 0.0418 0.9901 0.1338
vn 0.2492 0.9460 0.2073
vn 0.2391 0.9517 0.1926
vn 0.0222 0.9986 0.0479
vn 0.0262 0.9976 0.0649
vn 0.0256 0.9983 0.0526
vn 0.0330 0.9972 0.0672
vn 0.0330 0.9980 0.0548
vn 0.0330 0.9935 0.1088
vn 0.0227 0.9979 0.0610
vn 0.3323 0.3089 0.8911
vn 0.3174 0.3075 0.8970
vn 0.3162 0.3199 0.8931
vn 0.2931 0.3294 0.8975
vn 0.2928 0.3464 0.8913
vn 0.2933 0.3216 0.9003
vn 0.3342 0.3010 0.8931
vn 0.3174 0.3020 0.8989
vn 0.2660 0.3521 0.8974
vn 0.2660 0.3695 0.8904
vn 0.2437 0.3805 0.8921
vn 0.2436 0.3934 0.8865
vn 0.2436 0.3737 0.8950
vn 0.2660 0.3441 0.9005
vn 0.2445 0.4104 0.8785
vn 0.2304 0.4337 0.8711
vn 0.2235 0.4526 0.8632
vn 0.2034 0.4502 0.8694
vn 0.1872 0.4830 0.8554
vn 0.2217 0.4281 0.8761
vn 0.2538 0.4023 0.8796
vn 0.2455 0.4128 0.8771
vn 0.2629 0.3142 0.9122
vn 0.2692 0.3519 0.8965
vn 0.2583 0.3534 0.8991
vn 0.2695 0.3867 0.8820
vn 0.2754 0.3189 0.9069
vn 0.2878 0.3453 0.8933
vn 0.2210 0.4246 0.8780
vn 0.2368 0.4097 0.8810
vn 0.2022 0.4396 0.8751
vn 0.1952 0.9729 0.1240
vn 0.1603 0.9860 0.0456
vn 0.1699 0.9791 0.1114
vn 0.1463 0.9892 0.0108
vn 0.1818 0.9818 0.0554
vn 0.1554 0.9877 0.0162
vn 0.1917 0.9625 0.1920
vn 0.2285 0.9510 0.2083
vn 0.2004 0.9592 0.1995
vn 0.0448 0.9887 0.1432
vn 0.0476 0.9871 0.1531
vn 0.0482 0.9890 0.1398
vn 0.2079 0.9412 0.2664
vn 0.2357 0.9328 0.2728
vn 0.2092 0.8505 0.4826
vn 0.2367 0.8413 0.4860
vn 0.1899 0.9815 0.0255
vn 0.1722 0.9849 0.0183
vn 0.1522 0.9883 0.0125
vn 0.1536 0.9881 0.0123
vn 0.1436 0.9896 0.0077
vn 0.1704 0.9852 0.0185
vn 0.1523 0.9883 0.0123
vn 0.1804 0.4596 0.8696
vn 0.0311 0.5566 0.8302
vn 0.0027 0.5523 0.8336
vn 0.0280 0.5713 0.8203
vn 0.1761 0.6608 0.7296
vn 0.1434 0.5305 0.8355
vn 0.1563 0.5113 0.8451
vn 0.1656 0.6835 0.7109
vn 0.1230 0.5506 0.8257
vn 0.0910 0.9952 0.0353
vn 0.1012 0.9945 0.0286
vn 0.1136 0.9935 0.0019
vn 0.1147 0.9934 0.0026
vn 0.1263 0.9920 0.0006
vn 0.1126 0.9936 0.0036
vn 0.0477 0.9976 0.0500
vn 0.0502 0.9977 0.0456
vn 0.0514 0.9976 0.0454
vn 0.0467 0.9976 0.0502
vn 0.0491 0.9977 0.0470
vn 0.0108 0.8080 0.5891
vn 0.0386 0.9621 0.2699
vn 0.0333 0.9532 0.3004
vn 0.0420 0.9848 0.1684
vn 0.0465 0.9854 0.1637
vn 0.0178 0.8434 0.5371
vn 0.0439 0.9870 0.1547
vn 0.0387 0.9868 0.1571
vn 0.0450 0.9937 0.1024
vn 0.0483 0.9940 0.0983
vn 0.0458 0.9976 0.0515
vn 0.0485 0.9970 0.0597
vn 0.0452 0.9969 0.0640
vn 0.0108 0.5390 0.8422
vn -0.0196 0.5285 0.8487
vn 0.1378 0.5395 0.8307
vn 0.1457 0.5055 0.8504
vn 0.1246 0.5250 0.8420
vn 0.1134 0.9932 0.0252
vn 0.0155 0.5688 0.8223
vn -0.0071 0.5174 0.8557
vn 0.1954 0.4704 0.8605
vn 0.0513 0.5647 0.8237
vn 0.1617 0.5156 0.8414
vn 0.1627 0.4836 0.8600
vn 0.1710 0.4902 0.8547
vn 0.2274 0.4464 0.8655
vn 0.2291 0.4135 0.8812
vn 0.2180 0.4562 0.8628
vn -0.0692 -0.1382 0.9880
vn -0.0748 -0.1928 0.9784
vn -0.0602 -0.1071 0.9924
vn 0.0533 0.5794 0.8133
vn 0.0736 0.5601 0.8251
vn 0.0802 0.5749 0.8143
vn 0.0994 0.5447 0.8327
vn 0.1098 0.5604 0.8209
vn -0.0793 0.4128 0.9074
vn -0.0382 0.4497 0.8924
vn -0.0572 0.4191 0.9061
vn -0.0083 0.5919 0.8060
vn -0.0265 0.4621 0.8864
vn -0.0165 0.4879 0.8728
vn -0.0180 0.5519 0.8337
vn -0.0423 0.4309 0.9014
vn -0.0000 0.7688 0.6395
vn -0.0327 0.5078 0.8608
vn -0.0453 0.4777 0.8774
vn -0.0194 0.4950 0.8687
vn -0.0266 0.4735 0.8804
vn -0.0580 0.4485 0.8919
vn -0.0564 0.2529 0.9658
vn -0.0796 0.1764 0.9811
vn -0.0815 0.2219 0.9716
vn -0.0354 0.5036 0.8632
vn 0.0089 0.6781 0.7349
vn -0.0111 0.5134 0.8581
vn -0.0011 0.5419 0.8404
vn -0.0021 0.6337 0.7736
vn 0.0407 0.9970 0.0664
vn 0.0410 0.9977 0.0546
vn 0.0406 0.9935 0.1064
vn 0.0400 0.9882 0.1476
vn 0.0156 0.9783 0.2065
vn 0.0363 0.9839 0.1751
vn 0.0257 0.9821 0.1867
vn -0.0156 0.7214 0.6924
vn 0.0243 0.9414 0.3365
vn 0.0103 0.9239 0.3825
vn 0.0328 0.9980 0.0535
vn 0.0416 0.9977 0.0533
vn 0.0422 0.9977 0.0532
vn 0.0329 0.9980 0.0534
vn -0.0528 0.2086 0.9766
vn -0.0887 0.0817 0.9927
vn -0.1255 -0.1706 0.9773
vn -0.0825 -0.2032 0.9757
vn 0.0214 0.9981 0.0584
vn 0.0215 0.9987 0.0453
vn 0.0209 0.9979 0.0606
vn 0.0211 0.9939 0.1081
vn -0.0006 0.9012 0.4335
vn -0.0250 0.6718 0.7403
vn 0.0119 0.9736 0.2278
vn 0.0165 0.9786 0.2053
vn 0.0203 0.9987 0.0460
vn 0.0249 0.9984 0.0511
vn 0.0243 0.9984 0.0504
vn 0.0213 0.9987 0.0463
vn 0.0194 0.9841 0.1768
vn 0.0166 0.9816 0.1903
vn -0.0565 -0.0293 0.9980
vn -0.0727 -0.1516 0.9858
vn -0.0560 -0.0200 0.9982
vn -0.0726 -0.1487 0.9862
vn -0.0555 -0.0136 0.9984
vn -0.0770 -0.1683 0.9827
vn -0.0729 -0.1566 0.9850
vn -0.0769 -0.1676 0.9829
vn -0.1370 -0.2045 0.9692
vn -0.0838 -0.1553 0.9843
vn -0.0676 -0.0834 0.9942
vn -0.1177 -0.0710 0.9905
vn -0.1058 -0.0589 0.9926
vn -0.0776 -0.1598 0.9841
vn -0.0619 -0.0979 0.9933
vn -0.0770 -0.0932 0.9927
vn -0.0561 0.1058 0.9928
vn -0.0966 -0.0131 0.9952
vn -0.1310 -0.1421 0.9811
vn -0.0776 -0.1623 0.9837
vn -0.0712 -0.1290 0.9891
vn -0.0773 -0.1643 0.9834
vn -0.0716 -0.1196 0.9902
vn -0.0620 -0.1175 0.9911
vn -0.0715 -0.1080 0.9916
vn -0.0624 -0.1087 0.9921
vn -0.0342 0.1193 0.9923
vn -0.0597 -0.0058 0.9982
vn -0.0974 0.3755 0.9217
vn -0.0964 -0.0545 0.9939
vn -0.0433 0.3723 0.9271
vn -0.0706 0.3290 0.9417
vn -0.0718 0.3570 0.9313
vn -0.0390 -0.0075 0.9992
vn -0.0603 -0.0576 0.9965
vn -0.0420 -0.0829 0.9957
vn -0.0362 -0.0284 0.9989
vn -0.0423 -0.0966 0.9944
vn -0.0362 -0.0164 0.9992
vn -0.0282 0.1126 0.9932
vn -0.0292 0.1203 0.9923
vn -0.0435 -0.0680 0.9967
vn -0.0707 0.3858 0.9199
vn -0.1026 0.3427 0.9338
vn -0.1003 0.3121 0.9448
vn -0.0408 0.3329 0.9421
vn -0.0688 0.2995 0.9516
vn -0.0499 0.3986 0.9158
vn -0.0400 0.4660 0.8839
vn 0.2421 0.6213 0.7452
vn 0.2540 0.6170 0.7448
vn 0.2649 0.8352 0.4819
vn 0.2153 0.6297 0.7464
vn 0.1885 0.6431 0.7422
vn 0.0273 0.7175 0.6961
vn -0.0398 0.3044 0.9517
vn -0.0642 0.2732 0.9598
vn -0.0964 0.2788 0.9555
vn -0.3523 0.1025 0.9303
vn -0.5519 0.2046 0.8085
vn -0.4633 0.2029 0.8626
vn -0.0600 -0.0820 0.9948
vn -0.0981 -0.0760 0.9923
vn -0.0950 -0.0714 0.9929
vn -0.0372 0.2842 0.9580
vn -0.0211 0.2731 0.9618
vn -0.0151 0.2808 0.9597
vn -0.0172 0.2694 0.9629
vn -0.0207 0.2841 0.9586
vn -0.0137 0.3017 0.9533
vn -0.0206 0.3023 0.9530
vn -0.0329 0.2698 0.9623
vn -0.0143 0.3388 0.9407
vn -0.0217 0.3333 0.9426
vn 0.0097 0.9679 0.2510
vn -0.0044 0.8799 0.4752
vn -0.0051 0.8645 0.5026
vn 0.0215 0.9988 0.0442
vn 0.0216 0.9988 0.0444
vn -0.0115 0.3026 0.9530
vn -0.0119 0.3453 0.9384
vn -0.0103 0.3503 0.9366
vn -0.0147 0.4009 0.9160
vn -0.0122 0.3024 0.9531
vn -0.0168 0.2607 0.9653
vn -0.0139 0.2780 0.9605
vn -0.0139 0.2756 0.9612
vn -0.0168 0.2647 0.9642
vn -0.0426 -0.1076 0.9933
vn -0.0368 -0.0474 0.9982
vn -0.0428 -0.1163 0.9923
vn -0.0365 -0.0397 0.9985
vn -0.0288 0.0974 0.9948
vn -0.0285 0.1040 0.9942
vn -0.0771 -0.1659 0.9831
vn -0.0713 -0.1436 0.9871
vn -0.0770 -0.1669 0.9830
vn -0.0713 -0.1373 0.9880
vn -0.0621 -0.1311 0.9894
vn -0.0618 -0.1252 0.9902
vn -0.0745 -0.1821 0.9805
vn -0.0591 -0.0819 0.9949
vn -0.0738 -0.1724 0.9823
vn -0.0580 -0.0610 0.9965
vn 0.0237 0.9970 0.0742
vn 0.0204 0.9975 0.0679
vn 0.0203 0.9969 0.0761
vn -0.0549 -0.1277 0.9903
vn -0.0548 -0.1186 0.9914
vn -0.0484 -0.1198 0.9916
vn -0.0550 -0.1239 0.9908
vn -0.0550 -0.1125 0.9921
vn -0.0484 -0.1117 0.9926
vn -0.0549 -0.1051 0.9929
vn -0.0480 -0.1022 0.9936
vn -0.0487 -0.0913 0.9946
vn -0.0616 -0.0959 0.9935
vn -0.0280 -0.3857 0.9222
vn -0.0329 -0.3073 0.9510
vn -0.0313 -0.3841 0.9228
vn -0.0277 -0.3871 0.9216
vn -0.0304 -0.3093 0.9505
vn 0.2469 0.4593 0.8533
vn 0.1958 0.2882 0.9373
vn 0.2617 0.4032 0.8769
vn 0.2022 0.2529 0.9461
vn 0.2632 0.3485 0.8996
vn 0.1375 0.1525 0.9787
vn 0.1823 0.3278 0.9270
vn 0.1312 0.1769 0.9754
vn 0.1770 0.5465 0.8185
vn 0.1604 0.3701 0.9150
vn 0.2154 0.5098 0.8329
vn 0.1207 0.2007 0.9722
vn 0.1339 0.4061 0.9039
vn 0.1064 0.2280 0.9678
vn 0.0939 0.5856 0.8052
vn 0.1037 0.4314 0.8962
vn 0.1356 0.5707 0.8099
vn 0.0885 0.2544 0.9630
vn 0.0731 0.4474 0.8913
vn 0.0676 0.2727 0.9597
vn 0.0112 0.5888 0.8082
vn 0.0432 0.4563 0.8888
vn 0.0545 0.5924 0.8038
vn 0.0488 0.2833 0.9578
vn 0.0086 0.4503 0.8928
vn 0.0303 0.2909 0.9563
vn -0.0785 0.5390 0.8386
vn -0.0270 0.4211 0.9066
vn -0.0355 0.5705 0.8206
vn 0.0049 0.2896 0.9571
vn -0.0396 0.2350 0.9712
vn -0.0541 0.3751 0.9254
vn -0.1387 0.4522 0.8811
vn -0.0721 0.3245 0.9431
vn -0.1137 0.4986 0.8594
vn -0.0495 0.1987 0.9788
vn -0.0573 0.1642 0.9848
vn -0.0826 0.2731 0.9584
vn -0.0786 0.1749 0.9814
vn -0.1543 0.4029 0.9021
vn -0.1645 0.3551 0.9202
vn -0.0608 0.1317 0.9894
vn -0.0848 0.2221 0.9713
vn -0.0575 0.1034 0.9930
vn -0.0603 0.0909 0.9940
vn -0.1719 0.3120 0.9344
vn -0.1764 0.2719 0.9460
vn -0.0691 0.1327 0.9887
vn -0.0524 0.0779 0.9956
vn -0.0511 0.0501 0.9974
vn -0.0401 -0.0007 0.9992
vn -0.1776 0.2305 0.9567
vn -0.1763 0.1844 0.9669
vn -0.0503 0.0460 0.9977
vn -0.0523 0.0191 0.9984
vn -0.0542 -0.0124 0.9985
vn -0.0099 -0.0754 0.9971
vn -0.1698 0.1402 0.9755
vn -0.1576 0.1076 0.9816
vn -0.0267 -0.0439 0.9987
vn -0.0540 -0.0404 0.9977
vn -0.0478 -0.0596 0.9971
vn 0.0049 -0.1046 0.9945
vn -0.1740 0.0360 0.9841
vn -0.1940 0.0398 0.9802
vn 0.0122 -0.1107 0.9938
vn -0.1591 0.0549 0.9857
vn -0.0300 -0.0707 0.9970
vn 0.0130 -0.1074 0.9941
vn -0.0328 -0.0659 0.9973
vn -0.0809 -0.0371 0.9960
vn -0.3126 0.0830 0.9463
vn -0.3701 0.0744 0.9260
vn -0.0533 -0.0388 0.9978
vn -0.0138 -0.0815 0.9966
vn -0.0496 -0.0487 0.9976
vn -0.0551 -0.1303 0.9899
vn -0.0487 -0.1318 0.9901
vn -0.0550 -0.1313 0.9898
vn -0.3674 -0.0940 0.9253
vn -0.0949 -0.0718 0.9929
vn -0.3894 0.0137 0.9210
vn -0.0683 -0.0392 0.9969
vn -0.0971 -0.1523 0.9836
vn -0.0843 -0.0774 0.9934
vn -0.2165 -0.3373 0.9162
vn -0.0870 -0.2437 0.9659
vn -0.3030 -0.2061 0.9304
vn -0.0992 -0.1582 0.9824
vn -0.0746 -0.3664 0.9275
vn -0.0976 -0.2494 0.9635
vn -0.4578 -0.2681 0.8476
vn -0.5003 -0.1471 0.8533
vn -0.4425 -0.2276 0.8674
vn -0.5708 -0.1402 0.8091
vn -0.5100 -0.0500 0.8587
vn -0.6328 -0.0220 0.7740
vn -0.6450 0.0972 0.7580
vn -0.4950 0.0516 0.8674
vn -0.6174 0.1753 0.7669
vn -0.4661 0.1047 0.8785
vn -0.4158 0.1116 0.9026
vn -0.1783 -0.0297 0.9835
vn -0.4006 0.1881 0.8968
vn -0.2800 0.1012 0.9546
vn -0.3083 0.0936 0.9467
vn -0.3661 0.1841 0.9122
vn -0.2500 0.1483 0.9568
vn -0.3332 0.2124 0.9186
vn -0.3041 0.2827 0.9097
vn -0.2340 0.2712 0.9336
vn -0.2278 0.2435 0.9428
vn -0.3059 0.3077 0.9010
vn -0.2333 0.3066 0.9228
vn -0.2990 0.3415 0.8910
vn -0.2267 0.3418 0.9120
vn -0.2688 0.4057 0.8736
vn -0.2166 0.3733 0.9021
vn -0.2855 0.3757 0.8817
vn -0.2474 0.4373 0.8646
vn -0.1997 0.4071 0.8913
vn -0.2220 0.4756 0.8512
vn -0.1764 0.4477 0.8766
vn -0.1968 0.5189 0.8319
vn -0.1535 0.4924 0.8567
vn -0.1708 0.5617 0.8096
vn -0.1328 0.5352 0.8342
vn -0.1367 0.5994 0.7887
vn -0.1073 0.5724 0.8129
vn -0.0920 0.6279 0.7728
vn -0.0722 0.6019 0.7953
vn -0.0405 0.6457 0.7625
vn -0.0294 0.6223 0.7823
vn 0.0124 0.6535 0.7569
vn 0.0164 0.6328 0.7741
vn 0.0600 0.6534 0.7546
vn 0.0586 0.6342 0.7710
vn 0.1034 0.6474 0.7551
vn 0.0981 0.6272 0.7726
vn 0.1496 0.6342 0.7586
vn 0.1399 0.6131 0.7775
vn 0.1962 0.6126 0.7656
vn 0.1805 0.5917 0.7857
vn 0.2397 0.5788 0.7794
vn 0.2168 0.5609 0.7990
vn 0.2748 0.5286 0.8032
vn 0.2488 0.5182 0.8183
vn 0.2888 0.4671 0.8357
vn 0.2645 0.4682 0.8431
vn 0.2865 0.4007 0.8703
vn 0.2673 0.4085 0.8727
vn 0.1365 0.1043 0.9851
vn 0.2051 0.2179 0.9542
vn 0.1394 0.1248 0.9823
vn 0.2029 0.1940 0.9598
vn 0.2621 0.2967 0.9183
vn 0.2590 0.2880 0.9220
vn 0.2605 0.3084 0.9149
vn 0.2682 0.3033 0.9144
vn 0.2568 0.2979 0.9194
vn 0.2550 0.2983 0.9198
vn 0.2623 0.3060 0.9152
vn 0.2539 0.2876 0.9235
vn 0.2139 0.4964 0.8413
vn 0.2465 0.4078 0.8792
vn 0.2364 0.4582 0.8568
vn 0.1552 0.5574 0.8156
vn 0.1832 0.5303 0.8277
vn 0.0878 0.5934 0.8001
vn 0.1228 0.5784 0.8065
vn 0.0223 0.5948 0.8036
vn 0.0552 0.5998 0.7983
vn -0.0410 0.5528 0.8323
vn -0.0115 0.5782 0.8158
vn -0.0770 0.4882 0.8693
vn -0.0629 0.5224 0.8504
vn -0.1108 0.4075 0.9065
vn -0.0908 0.4498 0.8885
vn -0.1366 0.3296 0.9342
vn -0.1293 0.3661 0.9216
vn -0.1314 0.2574 0.9573
vn -0.1353 0.2952 0.9458
vn -0.1132 0.1915 0.9750
vn -0.0904 0.2469 0.9648
vn -0.1241 0.2205 0.9675
vn -0.1454 -0.0360 0.9887
vn -0.1384 -0.0077 0.9904
vn -0.1238 0.0667 0.9901
vn -0.1988 -0.0141 0.9799
vn -0.1566 -0.0386 0.9869
vn -0.1292 0.0159 0.9915
vn -0.1154 -0.0018 0.9933
vn -0.1348 0.0086 0.9908
vn -0.2388 -0.1146 0.9643
vn -0.2171 -0.0359 0.9755
vn 0.2575 0.2628 0.9298
vn 0.2826 0.3362 0.8984
vn 0.2758 0.2939 0.9152
vn 0.2702 0.3451 0.8988
vn 0.0213 0.9988 0.0444
vn 0.0201 0.9987 0.0461
vn 0.0278 0.9983 0.0511
vn 0.0241 0.9984 0.0506
vn 0.0331 0.9980 0.0537
vn 0.0426 0.9977 0.0533
vn 0.0481 0.9976 0.0501
vn 0.0519 0.9976 0.0456
vn 0.0590 0.9974 0.0403
vn 0.1159 0.9933 0.0024
vn 0.1054 0.9944 0.0078
vn 0.1746 0.9844 0.0225
vn 0.1987 0.9796 0.0310
vn 0.2002 0.9791 0.0347
vn 0.2007 0.9790 0.0365
vn 0.0709 0.9969 0.0342
vn 0.0847 0.9961 0.0261
vn 0.0961 0.9952 0.0169
vn 0.0381 0.9956 0.0860
vn 0.0350 0.9971 0.0672
vn 0.0882 0.0300 0.9956
vn 0.1313 0.0960 0.9867
vn 0.0929 0.0416 0.9948
vn 0.1455 0.1166 0.9825
vn 0.0749 0.0087 0.9972
vn 0.0930 0.0351 0.9951
vn 0.0781 0.0066 0.9969
vn 0.0953 0.0815 0.9921
vn 0.0887 0.1028 0.9907
vn 0.0812 0.0652 0.9946
vn 0.0792 0.1154 0.9902
vn 0.0734 0.0817 0.9939
vn 0.0685 0.1280 0.9894
vn 0.0648 0.0886 0.9940
vn 0.0544 0.1422 0.9883
vn 0.0546 0.0953 0.9939
vn 0.0395 0.1511 0.9877
vn 0.0414 0.1048 0.9936
vn 0.0298 0.1543 0.9876
vn 0.0288 0.1094 0.9936
vn 0.0208 0.1591 0.9870
vn 0.0235 0.1104 0.9936
vn 0.0032 0.1636 0.9865
vn 0.0177 0.1140 0.9933
vn -0.0174 0.1593 0.9871
vn -0.0151 0.1219 0.9924
vn 0.0032 0.1200 0.9928
vn -0.0280 0.1186 0.9926
vn -0.0219 0.2691 0.9629
vn -0.0312 0.1471 0.9886
vn -0.0399 0.1327 0.9903
vn -0.0367 0.1128 0.9929
vn -0.0473 0.1063 0.9932
vn -0.0506 0.1192 0.9916
vn -0.0593 0.1063 0.9926
vn -0.0587 0.1009 0.9932
vn -0.0661 0.0973 0.9931
vn -0.0640 0.0966 0.9933
vn -0.0676 0.0860 0.9940
vn -0.0734 0.0918 0.9931
vn -0.0867 0.0786 0.9931
vn -0.0772 0.0699 0.9946
vn -0.0898 0.0496 0.9947
vn -0.1030 0.0603 0.9929
vn -0.1026 0.0287 0.9943
vn -0.1109 -0.0065 0.9938
vn -0.1146 -0.0020 0.9934
vn -0.1329 0.0122 0.9911
vn -0.1352 0.0153 0.9907
vn -0.1291 0.0138 0.9915
vn -0.0384 -0.0700 0.9968
vn -0.1061 -0.0059 0.9943
vn -0.1082 -0.0003 0.9941
vn -0.1052 -0.0015 0.9944
vn -0.1264 0.0178 0.9918
vn -0.2411 0.0645 0.9684
vn -0.1270 -0.0158 0.9918
vn -0.1482 -0.0652 0.9868
vn -0.1464 -0.0111 0.9892
vn -0.1649 -0.1574 0.9737
vn -0.1715 -0.0696 0.9827
vn -0.0866 -0.3748 0.9231
vn -0.1058 -0.6575 0.7460
vn -0.1224 -0.3902 0.9126
vn -0.1334 -0.4039 0.9050
vn -0.0976 -0.7711 0.6292
vn -0.1132 -0.6633 0.7398
vn -0.0836 -0.6403 0.7635
vn -0.0926 -0.7610 0.6421
vn 0.0964 0.0538 0.9939
vn 0.0821 0.0128 0.9965
vn 0.0844 0.0358 0.9958
vn 0.2571 0.3482 0.9015
vn 0.2496 0.2524 0.9349
vn 0.2630 0.2757 0.9246
vn 0.2495 0.2490 0.9358
vn 0.2554 0.2730 0.9275
vn 0.1983 0.1841 0.9627
vn 0.2146 0.2048 0.9550
vn 0.2639 0.3076 0.9142
vn 0.2787 0.3138 0.9077
vn 0.2980 0.3207 0.8991
vn 0.2850 0.3159 0.9050
vn 0.3051 0.3193 0.8972
vn 0.3499 0.3148 0.8823
vn 0.3464 0.3066 0.8866
vn 0.3444 0.3124 0.8853
vn 0.3452 0.3038 0.8880
vn 0.3508 0.3074 0.8846
vn 0.3517 0.3104 0.8831
vn 0.0407 0.9778 0.2057
vn 0.0452 0.9817 0.1848
vn 0.0811 0.9294 0.3600
vn 0.0569 0.9304 0.3622
vn 0.0425 0.9356 0.3506
vn 0.0796 0.9216 0.3798
vn -0.2399 -0.2063 0.9486
vn -0.2552 -0.1897 0.9481
vn -0.0337 -0.2758 0.9606
vn -0.0117 -0.9052 0.4249
vn -0.0263 -0.6128 0.7898
vn -0.0143 -0.9053 0.4245
vn -0.0229 -0.6135 0.7894
vn -0.0283 0.2223 0.9746
vn -0.0341 -0.0730 0.9967
vn -0.0331 0.2043 0.9784
vn -0.0348 -0.6132 0.7892
vn -0.0160 -0.9026 0.4302
vn -0.0187 -0.9031 0.4290
vn -0.0303 -0.6115 0.7906
vn -0.0147 -0.9024 0.4307
vn -0.0362 -0.3942 0.9183
vn -0.0274 -0.6113 0.7910
vn -0.0436 -0.3958 0.9173
vn -0.0380 -0.6256 0.7792
vn -0.0202 -0.9042 0.4267
vn -0.0204 -0.9076 0.4194
vn -0.0377 -0.6162 0.7867
vn -0.0472 -0.3992 0.9156
vn -0.0478 -0.4046 0.9132
vn -0.0151 -0.9024 0.4306
vn -0.0283 -0.6045 0.7961
vn -0.0151 -0.9021 0.4313
vn -0.0281 -0.6058 0.7951
vn -0.0149 -0.9028 0.4299
vn -0.0333 -0.3759 0.9261
vn -0.0283 -0.6054 0.7954
vn -0.0334 -0.3758 0.9261
vn -0.0139 -0.9022 0.4312
vn -0.0236 -0.6101 0.7920
vn -0.0103 -0.9027 0.4302
vn -0.0206 -0.6114 0.7910
vn -0.0095 -0.9038 0.4279
vn -0.0301 -0.6099 0.7919
vn -0.0331 -0.3891 0.9206
vn -0.0278 -0.6110 0.7911
vn -0.0149 -0.9046 0.4261
vn -0.0282 -0.6089 0.7928
vn -0.0151 -0.9037 0.4278
vn -0.0333 -0.3801 0.9244
vn -0.0328 -0.3822 0.9235
vn -0.0488 -0.3265 0.9440
vn -0.0398 -0.3247 0.9450
vn -0.0321 -0.3937 0.9187
vn -0.0423 -0.3140 0.9485
vn -0.0339 -0.3242 0.9454
vn -0.0533 -0.3158 0.9473
vn -0.0550 -0.3328 0.9414
vn -0.0539 -0.3296 0.9426
vn -0.0598 -0.3191 0.9458
vn -0.0613 -0.3206 0.9452
vn -0.0334 -0.3767 0.9257
vn -0.0353 -0.3004 0.9532
vn -0.0352 -0.3002 0.9532
vn -0.0361 -0.2675 0.9629
vn -0.0353 -0.3012 0.9529
vn -0.0362 -0.2678 0.9628
vn -0.0417 -0.3915 0.9192
vn -0.0407 -0.3175 0.9474
vn -0.0326 -0.3136 0.9490
vn -0.0367 -0.2865 0.9574
vn -0.0509 -0.3217 0.9455
vn -0.0476 -0.2954 0.9542
vn -0.0345 -0.3057 0.9515
vn -0.0352 -0.3039 0.9520
vn -0.0361 -0.2715 0.9618
vn -0.0354 -0.2735 0.9612
vn -0.0388 -0.3932 0.9186
vn -0.0446 -0.3238 0.9451
vn -0.0511 -0.3111 0.9490
vn -0.0356 -0.3130 0.9491
vn -0.0325 -0.2801 0.9594
vn -0.0440 -0.1184 0.9920
vn -0.0576 0.1190 0.9912
vn -0.0464 0.1101 0.9928
vn -0.1625 -0.4757 0.8645
vn -0.0764 -0.4811 0.8734
vn -0.1476 -0.6606 0.7361
vn -0.0448 -0.5107 0.8586
vn -0.0698 -0.7236 0.6867
vn -0.0605 -0.3053 0.9503
vn -0.0864 -0.3879 0.9177
vn -0.0271 0.2331 0.9721
vn -0.0333 -0.0522 0.9981
vn -0.0274 0.2275 0.9734
vn -0.0328 -0.0586 0.9977
vn -0.0334 -0.0474 0.9983
vn -0.0631 -0.2362 0.9697
vn -0.1060 -0.1432 0.9840
vn -0.0270 0.2428 0.9697
vn -0.0334 -0.0435 0.9985
vn -0.0270 0.2387 0.9707
vn -0.0334 -0.0404 0.9986
vn -0.0362 -0.2698 0.9622
vn -0.0761 -0.7491 0.6581
vn -0.0765 -0.5315 0.8436
vn -0.0793 -0.5292 0.8448
vn -0.0650 -0.5251 0.8486
vn -0.0481 -0.5212 0.8521
vn -0.0562 -0.7419 0.6681
vn -0.0380 0.1386 0.9896
vn -0.0152 -0.9022 0.4311
vn -0.0302 -0.6107 0.7913
vn -0.0918 0.0349 0.9952
vn -0.1807 -0.1614 0.9702
vn -0.3110 -0.3959 0.8640
vn -0.1515 -0.2581 0.9542
vn -0.1867 -0.1690 0.9678
vn -0.1672 -0.2706 0.9481
vn -0.2994 -0.5264 0.7958
vn -0.1331 -0.6021 0.7873
vn -0.0674 -0.6296 0.7740
vn -0.0367 0.1555 0.9872
vn -0.0359 0.1704 0.9847
vn -0.0348 0.2004 0.9791
vn -0.0267 0.2460 0.9689
vn -0.0344 0.2066 0.9778
vn -0.0270 0.2442 0.9693
vn -0.0352 0.1936 0.9804
vn -0.0312 -0.0732 0.9968
vn -0.1048 -0.0036 0.9945
vn -0.1264 0.0165 0.9918
vn -0.0388 -0.0547 0.9977
vn -0.0483 -0.1260 0.9909
vn -0.1126 0.0101 0.9936
vn -0.1307 0.0257 0.9911
vn -0.1188 0.0419 0.9920
vn -0.1107 0.1475 0.9829
vn -0.2288 0.2074 0.9511
vn -0.3090 0.2543 0.9164
vn -0.1514 0.0825 0.9850
vn 0.0053 -0.0955 0.9954
vn -0.0214 0.2183 0.9756
vn -0.0211 0.2292 0.9732
vn -0.0210 0.2231 0.9746
vn -0.0234 0.2337 0.9720
vn -0.0312 0.2285 0.9730
vn 0.2272 0.4339 0.8718
vn 0.2296 0.4053 0.8849
vn 0.2295 0.4011 0.8868
vn 0.3132 0.3214 0.8937
vn 0.3314 0.3181 0.8882
vn 0.3209 0.3170 0.8925
vn 0.3382 0.3201 0.8850
vn 0.1706 0.9852 0.0181
vn 0.1894 0.9816 0.0246
vn 0.1923 0.9810 0.0269
vn 0.2788 0.8200 0.4999
vn 0.2557 0.6146 0.7463
vn 0.2526 0.5935 0.7642
vn 0.2280 0.4394 0.8689
vn 0.2595 0.3908 0.8831
vn 0.2853 0.3669 0.8854
vn 0.3068 0.3341 0.8912
vn 0.1957 0.9802 0.0309
vn 0.2629 0.9251 0.2739
vn 0.2564 0.9428 0.2132
vn 0.0113 0.9657 0.2596
vn 0.2232 0.9651 0.1373
vn 0.2056 0.9764 0.0664
vn -0.0286 0.0970 0.9949
vn -0.0215 0.2153 0.9763
vn -0.0208 0.2176 0.9758
vn -0.0170 0.2584 0.9659
vn -0.0166 0.2582 0.9659
vn -0.0289 0.0930 0.9952
vn -0.0487 -0.1297 0.9904
vn -0.0430 -0.1241 0.9913
vn -0.0429 -0.1221 0.9916
vn -0.9983 0.0384 -0.0441
vn -0.9978 0.0431 -0.0504
vn -0.9978 0.0432 -0.0503
vn -0.0355 0.1834 0.9824
vn -0.0571 -0.0432 0.9974
vn -0.0333 -0.0387 0.9987
vn -0.0362 -0.2686 0.9626
vn -0.0334 -0.0431 0.9985
vn -0.0353 -0.3024 0.9525
vn -0.0334 -0.3781 0.9251
vn -0.0282 -0.6069 0.7943
vn -0.0152 -0.9030 0.4294
vn 0.0372 0.9937 0.1061
vn 0.0379 0.9943 0.0994
vn 0.0326 0.9939 0.1058
vn 0.0293 0.9952 0.0937
vn -0.0620 -0.1350 0.9889
vn -0.0623 -0.1367 0.9887
vn 0.0215 0.9961 0.0855
vn 0.0263 0.9961 0.0839
vn 0.0166 0.9935 0.1129
vn -0.0714 -0.1499 0.9861
vn -0.0712 -0.1478 0.9864
vn -0.0368 -0.0536 0.9979
vn -0.0368 -0.0526 0.9979
vn -0.0138 0.2739 0.9617
vn -0.0135 0.2746 0.9615
vn -0.0107 0.3026 0.9531
vn -0.0099 0.3052 0.9522
vn -0.0042 0.3508 0.9364
vn 0.0028 0.3532 0.9356
vn -0.0732 -0.1636 0.9838
vn 0.0136 0.9815 0.1907
vn -0.9997 0.0104 0.0207
vn -0.7853 -0.1618 0.5976
vn -0.9999 0.0138 0.0076
vn 0.0062 0.9451 0.3268
vn -0.0197 0.4723 0.8812
vn 0.0301 0.9951 0.0942
vn -0.0049 0.8369 0.5473
vn -0.0031 -0.9853 0.1707
vn -0.0044 -0.9856 0.1688
vn -0.0059 -0.9848 0.1734
vn -0.0066 -0.9849 0.1731
vn -0.0061 -0.9851 0.1720
vn -0.0062 -0.9852 0.1716
vn -0.0058 -0.9855 0.1695
vn -0.0056 -0.9857 0.1686
vn -0.0079 -0.9850 0.1725
vn -0.0086 -0.9852 0.1713
vn -0.0060 -0.9852 0.1710
vn -0.0062 -0.9854 0.1701
vn -0.0034 -0.9850 0.1725
vn -0.0051 -0.9849 0.1732
vn -0.0056 -0.9848 0.1735
vn 0.9728 -0.1079 -0.2052
vn 0.9716 -0.0927 -0.2177
vn 0.9716 -0.0928 -0.2176
vn 0.9692 -0.1079 -0.2213
vn 0.9692 -0.1078 -0.2214
vn -0.0101 0.0343 -0.9994
vn 0.0021 0.0397 -0.9992
vn -0.0101 0.0341 -0.9994
vn -0.0262 0.0280 -0.9993
vn -0.1187 0.0588 -0.9912
vn -0.1483 0.0603 -0.9871
vn -0.1481 0.0600 -0.9871
vn 0.1159 0.0142 -0.9932
vn 0.1159 0.0143 -0.9932
vn -0.9669 -0.2210 0.1272
vn -0.9770 -0.1977 0.0795
vn -0.9667 -0.2215 0.1284
vn -0.9771 -0.1976 0.0793
vn -0.9837 -0.1732 0.0489
vn -0.9892 -0.1452 0.0204
vn -0.9915 -0.1302 0.0047
vn -0.9915 -0.1303 0.0047
vn -0.9969 -0.0764 -0.0193
vn -0.9969 -0.0769 -0.0192
vn 0.0471 0.0453 -0.9979
vn 0.0543 0.0517 -0.9972
vn 0.0472 0.0453 -0.9979
vn 0.0423 0.0456 -0.9981
vn 0.0423 0.0455 -0.9981
vn 0.8738 -0.4704 0.1231
vn 0.8113 -0.5732 0.1151
vn 0.8738 -0.4703 0.1233
vn -0.9971 0.0522 -0.0561
vn -0.9961 0.0639 -0.0615
vn -0.9961 0.0637 -0.0614
vn -0.9951 0.0768 -0.0629
vn -0.9942 0.0918 -0.0555
vn -0.9942 0.0932 -0.0539
vn -0.9943 0.0955 -0.0467
vn -0.6018 0.1852 -0.7769
vn -0.6001 0.1853 -0.7782
vn 0.9223 -0.1826 -0.3407
vn 0.9378 -0.1925 -0.2890
vn 0.9736 -0.2173 -0.0704
vn 0.9767 -0.2142 0.0151
vn 0.9736 -0.2174 -0.0697
vn 0.9590 -0.2091 -0.1915
vn 0.9589 -0.2090 -0.1919
vn -0.0918 0.0272 -0.9954
vn -0.0815 0.0197 -0.9965
vn -0.0917 0.0275 -0.9954
vn -0.1158 0.0389 -0.9925
vn -0.1159 0.0389 -0.9925
vn 0.0372 0.0495 -0.9981
vn 0.0372 0.0494 -0.9981
vn 0.0281 0.0518 -0.9983
vn 0.0281 0.0517 -0.9983
vn -0.0702 0.0117 -0.9975
vn -0.0563 0.0147 -0.9983
vn -0.0702 0.0118 -0.9975
vn -0.0780 0.0119 -0.9969
vn -0.0780 0.0120 -0.9969
vn 0.9165 -0.1765 -0.3590
vn 0.9311 -0.0922 -0.3530
vn 0.9176 -0.1490 -0.3684
vn 0.9315 -0.0908 -0.3522
vn 0.9176 -0.1493 -0.3684
vn -0.0413 0.0208 -0.9989
vn -0.6275 0.1025 -0.7719
vn -0.7723 0.0874 -0.6292
vn -0.6271 0.1025 -0.7722
vn 0.9780 -0.2079 0.0147
vn -0.5992 0.1127 -0.7927
vn -0.5967 0.1131 -0.7944
vn -0.3163 0.2312 -0.9200
vn -0.2987 0.2155 -0.9297
vn -0.3163 0.2311 -0.9201
vn -0.2977 0.2141 -0.9303
vn -0.2127 0.1642 -0.9632
vn -0.3931 0.1760 -0.9025
vn -0.3955 0.1747 -0.9017
vn -0.7851 -0.1619 0.5978
vn -0.7735 -0.1871 0.6055
vn -0.7932 -0.2003 0.5751
vn -0.8639 -0.2050 0.4601
vn -0.7885 -0.2015 0.5811
vn -0.8663 -0.2080 0.4542
vn -0.8989 -0.2465 0.3621
vn -0.9418 -0.2487 0.2262
vn -0.9537 -0.2369 0.1850
vn -0.9418 -0.2486 0.2261
vn -0.9539 -0.2369 0.1846
vn -0.9011 -0.2491 0.3550
vn -0.9259 -0.2613 0.2728
vn -0.7737 -0.1870 0.6054
vn -0.8131 -0.1658 0.5580
vn -0.8132 -0.1658 0.5579
vn -0.7890 -0.1708 0.5902
vn -0.1331 0.1452 -0.9804
vn -0.1430 0.1611 -0.9765
vn -0.1433 0.1613 -0.9764
vn -0.2104 0.1630 -0.9639
vn 0.9635 -0.1077 -0.2453
vn 0.9562 -0.1075 -0.2721
vn 0.9634 -0.1078 -0.2454
vn 0.9371 -0.1719 -0.3039
vn 0.9430 -0.1116 -0.3136
vn 0.9430 -0.1115 -0.3136
vn 0.8681 -0.4618 -0.1819
vn 0.8680 -0.4621 -0.1817
vn 0.0841 -0.9486 0.3050
vn 0.4727 -0.8730 0.1198
vn 0.0837 -0.9486 0.3053
vn 0.4746 -0.8722 0.1186
vn 0.0038 -0.9478 0.3187
vn 0.0009 -0.9444 0.3288
vn 0.0009 -0.9444 0.3289
vn 0.0090 -0.9426 0.3339
vn 0.0089 -0.9426 0.3338
vn -0.0799 0.0147 -0.9967
vn -0.0799 0.0149 -0.9967
vn 0.0090 0.0450 -0.9989
vn 0.0128 0.0493 -0.9987
vn 0.0022 0.0400 -0.9992
vn 0.0181 0.0517 -0.9985
vn 0.9562 -0.0673 -0.2850
vn 0.9566 -0.0677 -0.2833
vn 0.0612 0.0658 -0.9960
vn 0.0628 0.0822 -0.9946
vn 0.0624 0.0822 -0.9947
vn 0.0612 0.0656 -0.9960
vn -0.0171 -0.9789 0.2036
vn -0.0129 -0.9665 0.2562
vn -0.0127 -0.9665 0.2565
vn -0.0083 -0.9923 0.1239
vn -0.0170 -0.9791 0.2025
vn -0.9987 0.0326 -0.0394
vn -0.9987 0.0326 -0.0393
vn -0.0013 -0.9598 0.2807
vn 0.0053 -0.9555 0.2949
vn 0.0054 -0.9555 0.2950
vn -0.0014 -0.9598 0.2805
vn 0.0072 -0.9515 0.3076
vn 0.0038 -0.9479 0.3186
vn 0.0071 -0.9514 0.3078
vn -0.1899 0.1098 -0.9756
vn -0.1898 0.1098 -0.9757
vn -0.6059 -0.7915 0.0805
vn -0.6213 -0.7809 0.0643
vn -0.6054 -0.7919 0.0807
vn -0.5227 -0.8472 0.0952
vn -0.5223 -0.8474 0.0953
vn -0.0319 -0.9980 0.0553
vn -0.0082 -0.9924 0.1227
vn -0.1866 -0.9819 0.0310
vn -0.0321 -0.9980 0.0551
vn -0.4577 -0.8830 0.1045
vn -0.4574 -0.8831 0.1042
vn -0.4313 -0.8957 0.1078
vn -0.3947 -0.9122 0.1098
vn -0.3947 -0.9122 0.1099
vn -0.3075 -0.9449 0.1121
vn -0.3072 -0.9451 0.1119
vn -0.2026 -0.9727 0.1129
vn -0.1359 -0.9843 0.1128
vn -0.2025 -0.9727 0.1131
vn -0.0872 -0.9895 0.1157
vn -0.0871 -0.9895 0.1157
vn -0.0093 -0.9928 0.1193
vn -0.0093 -0.9928 0.1196
vn 0.0947 -0.9880 0.1217
vn 0.1930 -0.9737 0.1212
vn 0.2690 -0.9558 0.1188
vn 0.1931 -0.9736 0.1214
vn 0.3276 -0.9376 0.1167
vn 0.3277 -0.9376 0.1165
vn 0.3834 -0.9163 0.1160
vn 0.4428 -0.8890 0.1164
vn 0.3835 -0.9162 0.1163
vn 0.5094 -0.8527 0.1159
vn 0.5093 -0.8527 0.1158
vn 0.5830 -0.8044 0.1144
vn 0.5827 -0.8046 0.1144
vn 0.6355 -0.7638 0.1130
vn 0.6426 -0.7584 0.1088
vn 0.6353 -0.7640 0.1125
vn 0.6427 -0.7601 0.0961
vn 0.6142 -0.7832 0.0963
vn 0.6998 -0.7071 0.1013
vn 0.6428 -0.7600 0.0961
vn 0.8114 -0.5731 0.1149
vn 0.7623 -0.6380 0.1089
vn 0.9161 -0.3786 0.1319
vn 0.9162 -0.3784 0.1319
vn 0.9490 -0.2810 0.1431
vn 0.9491 -0.2807 0.1430
vn 0.9712 -0.1864 0.1483
vn 0.9881 -0.1533 0.0144
vn 0.9886 -0.1178 0.0934
vn 0.9882 -0.1523 0.0163
vn 0.9906 -0.1365 0.0006
vn 0.9489 -0.1045 -0.2978
vn 0.9562 -0.1075 -0.2722
vn 0.9489 -0.1046 -0.2978
vn -0.4601 -0.8867 0.0443
vn -0.1866 -0.9820 0.0309
vn -0.6210 -0.7812 0.0641
vn -0.7887 -0.1711 0.5905
vn -0.7367 -0.2037 0.6448
vn -0.7363 -0.2044 0.6450
vn -0.2376 0.1873 -0.9531
vn -0.2369 0.1872 -0.9533
vn -0.9973 0.0651 -0.0353
vn -0.9991 0.0300 -0.0298
vn -0.9973 0.0648 -0.0353
vn 0.9962 0.0448 0.0747
vn 0.9963 0.0284 0.0808
vn 0.9962 0.0446 0.0750
vn 0.9956 0.0506 0.0786
vn -0.9996 0.0190 -0.0200
vn -0.9997 0.0084 -0.0225
vn -0.9997 0.0083 -0.0225
vn -0.9994 0.0249 -0.0247
vn -0.9996 0.0190 -0.0202
vn 0.9957 0.0400 0.0832
vn 0.9957 0.0399 0.0832
vn 0.9978 0.0132 0.0650
vn 0.9978 0.0131 0.0649
vn -0.9993 0.0264 -0.0283
vn -0.9994 0.0248 -0.0247
vn -0.9992 0.0266 -0.0287
vn 0.9973 -0.0393 0.0614
vn 0.9907 -0.1357 0.0012
vn 0.9963 0.0288 0.0811
vn -0.9944 0.0875 -0.0594
vn -0.9944 0.0874 -0.0594
vn 0.9828 -0.1270 0.1340
vn 0.9887 -0.1180 0.0929
vn -0.9994 -0.0042 -0.0348
vn -0.9994 -0.0041 -0.0349
vn 0.7419 -0.6622 0.1056
vn 0.7418 -0.6622 0.1058
vn 0.7625 -0.6378 0.1085
vn -0.9837 -0.1732 0.0488
vn -0.9876 -0.1537 0.0309
vn -0.9876 -0.1538 0.0307
vn 0.6232 -0.7753 0.1021
vn 0.6425 -0.7586 0.1084
vn 0.6232 -0.7754 0.1021
vn -0.1401 0.0512 -0.9888
vn -0.1402 0.0517 -0.9888
vn 0.0240 -0.9435 0.3305
vn 0.0240 -0.9435 0.3306
vn 0.0297 0.0966 -0.9949
vn 0.0298 0.0966 -0.9949
vn -0.9996 0.0026 -0.0268
vn 0.9989 -0.0006 0.0462
vn 0.2062 0.9780 -0.0319
vn 0.0711 0.4236 -0.9031
vn 0.0652 0.1199 -0.9906
vn -0.0565 0.0419 -0.9975
vn -0.0667 -0.6633 -0.7454
vn 0.0018 -0.9853 -0.1709
vn -0.9994 0.0026 -0.0358
vn 0.0647 0.7257 0.6850
vn 0.3342 0.2977 0.8943
vn -0.0062 -0.9851 0.1722
vn -0.0088 -0.9853 0.1706
vn 0.9727 -0.1079 -0.2053
vn -0.1188 0.0589 -0.9912
vn 0.0542 0.0518 -0.9972
vn -0.9942 0.0931 -0.0537
vn -0.7720 0.0875 -0.6296
vn -0.9258 -0.2613 0.2732
vn -0.1331 0.1450 -0.9804
vn 0.9371 -0.1719 -0.3038
vn 0.0126 0.0492 -0.9987
vn -0.1360 -0.9842 0.1133
vn 0.2688 -0.9559 0.1187
vn 0.4430 -0.8890 0.1162
vn 0.6999 -0.7071 0.1013
vn -0.4596 -0.8870 0.0440
vn -0.9991 0.0298 -0.0297
vn 0.9974 -0.0383 0.0618
vn 0.9828 -0.1268 0.1339
vn 0.9989 -0.0009 0.0463
vt 0.655372 0.950109
vt 0.649130 0.959201
vt 0.648219 0.949185
vt 0.642277 0.838483
vt 0.651416 0.815468
vt 0.651714 0.840065
vt 0.652700 0.789115
vt 0.653205 0.815827
vt 0.653464 0.840359
vt 0.565833 0.707810
vt 0.579257 0.662811
vt 0.579007 0.708650
vt 0.556866 0.662124
vt 0.566517 0.662096
vt 0.557812 0.616158
vt 0.567180 0.615835
vt 0.579458 0.616428
vt 0.641615 0.934745
vt 0.638803 0.948170
vt 0.636823 0.934331
vt 0.643283 0.948557
vt 0.640238 0.958207
vt 0.635292 0.958404
vt 0.633801 0.948282
vt 0.631744 0.934335
vt 0.545059 0.708847
vt 0.548636 0.745793
vt 0.543712 0.746005
vt 0.549653 0.707952
vt 0.555116 0.745868
vt 0.554389 0.777792
vt 0.547460 0.777563
vt 0.541915 0.777577
vt 0.628129 0.540769
vt 0.622389 0.578097
vt 0.621519 0.540389
vt 0.628800 0.578554
vt 0.623396 0.619270
vt 0.618098 0.618805
vt 0.617042 0.577734
vt 0.616106 0.540090
vt 0.591548 0.386000
vt 0.606562 0.339874
vt 0.607552 0.386552
vt 0.610144 0.291437
vt 0.605623 0.290555
vt 0.610999 0.340374
vt 0.589709 0.072266
vt 0.603768 0.059653
vt 0.603194 0.077879
vt 0.572965 0.103673
vt 0.559155 0.136450
vt 0.560347 0.099504
vt 0.581368 0.107320
vt 0.572116 0.139801
vt 0.580997 0.143231
vt 0.571161 0.185154
vt 0.557882 0.183751
vt 0.769854 0.426149
vt 0.776463 0.418860
vt 0.777033 0.425551
vt 0.653370 0.134820
vt 0.637033 0.162740
vt 0.638354 0.128172
vt 0.625077 0.202218
vt 0.625925 0.159047
vt 0.626965 0.123777
vt 0.511965 0.090572
vt 0.539596 0.070332
vt 0.538462 0.094347
vt 0.512898 0.065928
vt 0.541736 0.054885
vt 0.562122 0.060413
vt 0.561188 0.076249
vt 0.589903 0.111233
vt 0.603621 0.152666
vt 0.590257 0.191397
vt 0.590057 0.146980
vt 0.589448 0.040088
vt 0.604452 0.030347
vt 0.604450 0.042257
vt 0.580586 0.188029
vt 0.597663 0.954993
vt 0.627918 0.959512
vt 0.598210 0.966376
vt 0.626612 0.949200
vt 0.624803 0.934993
vt 0.591125 0.338481
vt 0.611833 0.577422
vt 0.593055 0.617233
vt 0.592814 0.576396
vt 0.611054 0.539835
vt 0.612737 0.618423
vt 0.596903 0.939336
vt 0.593348 0.663714
vt 0.613788 0.665055
vt 0.592627 0.538993
vt 0.619305 0.665521
vt 0.614755 0.711146
vt 0.620412 0.711700
vt 0.593589 0.709650
vt 0.563704 0.832833
vt 0.578456 0.807088
vt 0.578224 0.833431
vt 0.553442 0.805750
vt 0.564322 0.806227
vt 0.564856 0.778462
vt 0.578635 0.779450
vt 0.617832 0.835180
vt 0.623027 0.810043
vt 0.623836 0.835627
vt 0.594234 0.808059
vt 0.616336 0.782193
vt 0.617097 0.809471
vt 0.622189 0.782834
vt 0.637995 0.667904
vt 0.647016 0.621544
vt 0.647938 0.669215
vt 0.631851 0.713514
vt 0.639078 0.714752
vt 0.630738 0.666943
vt 0.636992 0.620578
vt 0.654353 0.113908
vt 0.546950 0.620495
vt 0.550799 0.663286
vt 0.546297 0.665111
vt 0.551704 0.617909
vt 0.555872 0.707498
vt 0.579601 0.575704
vt 0.579713 0.538427
vt 0.578212 0.942412
vt 0.578422 0.959120
vt 0.578560 0.971279
vt 0.508181 0.183530
vt 0.534443 0.243358
vt 0.506824 0.248389
vt 0.535279 0.184056
vt 0.556959 0.236127
vt 0.556693 0.290051
vt 0.535209 0.303480
vt 0.503358 0.323315
vt 0.608866 0.119045
vt 0.603230 0.117247
vt 0.608859 0.154427
vt 0.604167 0.196439
vt 0.549464 0.947457
vt 0.561591 0.962778
vt 0.549087 0.965606
vt 0.561779 0.945152
vt 0.561435 0.975612
vt 0.548795 0.978819
vt 0.558705 0.538818
vt 0.567678 0.575232
vt 0.558430 0.575739
vt 0.568036 0.538090
vt 0.578802 0.747405
vt 0.565311 0.746451
vt 0.594406 0.834146
vt 0.594020 0.780560
vt 0.593804 0.748500
vt 0.615575 0.750129
vt 0.621341 0.750754
vt 0.547813 0.042552
vt 0.563496 0.044804
vt 0.527928 0.040557
vt 0.542856 0.035450
vt 0.555099 0.030725
vt 0.563927 0.027038
vt 0.648989 0.716440
vt 0.646298 0.541826
vt 0.636296 0.579093
vt 0.635840 0.541216
vt 0.629649 0.619870
vt 0.651849 0.168117
vt 0.635791 0.205150
vt 0.654559 0.936309
vt 0.646956 0.935364
vt 0.644489 0.958571
vt 0.628495 0.810915
vt 0.629267 0.836333
vt 0.627652 0.783785
vt 0.633872 0.785087
vt 0.634662 0.812116
vt 0.635319 0.837318
vt 0.617357 0.081291
vt 0.622795 0.068168
vt 0.630307 0.081340
vt 0.609240 0.079561
vt 0.616021 0.063947
vt 0.609924 0.060738
vt 0.614612 0.045206
vt 0.617887 0.054979
vt 0.612566 0.037432
vt 0.589522 0.055523
vt 0.603981 0.020720
vt 0.590123 0.014334
vt 0.603120 0.010505
vt 0.581651 0.068383
vt 0.581533 0.052007
vt 0.581593 0.037340
vt 0.573744 0.048373
vt 0.574014 0.034090
vt 0.573731 0.064648
vt 0.570869 0.023782
vt 0.575266 0.026290
vt 0.568694 0.024904
vt 0.576450 0.022524
vt 0.582084 0.027535
vt 0.583075 0.017462
vt 0.589913 0.021021
vt 0.582683 0.021542
vt 0.583316 0.014231
vt 0.594894 0.889407
vt 0.618567 0.861932
vt 0.619895 0.888897
vt 0.590273 0.008133
vt 0.601999 0.000000
vt 0.610202 0.020681
vt 0.611385 0.029660
vt 0.589632 0.028972
vt 0.595837 0.916565
vt 0.624686 0.293890
vt 0.616934 0.341039
vt 0.616343 0.292515
vt 0.624874 0.341914
vt 0.617703 0.387157
vt 0.611980 0.386787
vt 0.428919 0.985776
vt 0.441559 0.989871
vt 0.429866 0.992757
vt 0.440646 0.981786
vt 0.455846 0.986282
vt 0.456488 0.993302
vt 0.442221 0.995725
vt 0.430563 0.997810
vt 0.454960 0.976592
vt 0.474114 0.981678
vt 0.473265 0.969621
vt 0.492785 0.977160
vt 0.493326 0.987598
vt 0.474733 0.990418
vt 0.446177 0.901693
vt 0.469722 0.902201
vt 0.450484 0.922337
vt 0.465272 0.877234
vt 0.489993 0.882808
vt 0.490262 0.914282
vt 0.470938 0.928623
vt 0.452251 0.943600
vt 0.420659 0.929793
vt 0.435800 0.936414
vt 0.423972 0.946481
vt 0.431990 0.918116
vt 0.437736 0.954273
vt 0.425911 0.962016
vt 0.524954 0.928624
vt 0.524933 0.898643
vt 0.525268 0.867206
vt 0.626171 0.888946
vt 0.630039 0.862735
vt 0.631469 0.889271
vt 0.624663 0.862220
vt 0.635942 0.863474
vt 0.637115 0.889818
vt 0.594513 0.861409
vt 0.577736 0.889763
vt 0.577900 0.861044
vt 0.609398 0.464653
vt 0.592418 0.501577
vt 0.592177 0.464201
vt 0.563022 0.860793
vt 0.562425 0.890143
vt 0.551456 0.861143
vt 0.552395 0.832735
vt 0.653393 0.916003
vt 0.643558 0.890492
vt 0.651900 0.865551
vt 0.652360 0.891424
vt 0.653612 0.865774
vt 0.654053 0.891604
vt 0.504426 0.841388
vt 0.526915 0.836259
vt 0.522521 0.593034
vt 0.540397 0.624414
vt 0.525937 0.631202
vt 0.539388 0.806232
vt 0.544190 0.833415
vt 0.537003 0.834545
vt 0.545831 0.805832
vt 0.624584 0.666133
vt 0.625721 0.712472
vt 0.640143 0.754351
vt 0.650023 0.756340
vt 0.641079 0.786629
vt 0.632912 0.752890
vt 0.642712 0.864354
vt 0.650881 0.788726
vt 0.646146 0.466376
vt 0.635420 0.503454
vt 0.634964 0.465820
vt 0.627444 0.503043
vt 0.626702 0.465413
vt 0.558514 0.465638
vt 0.568285 0.500966
vt 0.558689 0.502116
vt 0.579805 0.463891
vt 0.568487 0.463898
vt 0.579774 0.501141
vt 0.610251 0.502223
vt 0.591897 0.426898
vt 0.614099 0.464820
vt 0.615132 0.502430
vt 0.620611 0.502695
vt 0.619638 0.465069
vt 0.538756 0.585127
vt 0.516220 0.558342
vt 0.534916 0.549613
vt 0.518401 0.776860
vt 0.530417 0.806866
vt 0.512233 0.806910
vt 0.626732 0.751658
vt 0.546441 0.580700
vt 0.544533 0.544595
vt 0.535166 0.895148
vt 0.535701 0.864349
vt 0.540164 0.667883
vt 0.526480 0.672422
vt 0.534576 0.951124
vt 0.525029 0.953534
vt 0.534833 0.925433
vt 0.171043 0.188989
vt 0.140627 0.234516
vt 0.144846 0.186033
vt 0.538822 0.710230
vt 0.525076 0.712166
vt 0.536990 0.746375
vt 0.522532 0.746378
vt 0.534269 0.777650
vt 0.474174 0.448166
vt 0.513305 0.455752
vt 0.486283 0.471516
vt 0.532279 0.443991
vt 0.548245 0.470177
vt 0.536983 0.476373
vt 0.526036 0.410735
vt 0.546178 0.435542
vt 0.543284 0.398372
vt 0.558271 0.429336
vt 0.497136 0.497702
vt 0.528852 0.516361
vt 0.507409 0.526625
vt 0.521425 0.485093
vt 0.375347 0.353452
vt 0.396756 0.312355
vt 0.384265 0.360188
vt 0.541199 0.509878
vt 0.551380 0.541218
vt 0.550050 0.505377
vt 0.625280 0.387673
vt 0.618634 0.427627
vt 0.625931 0.427995
vt 0.613030 0.427371
vt 0.608499 0.427223
vt 0.590463 0.238672
vt 0.604827 0.242632
vt 0.579814 0.426677
vt 0.579807 0.385632
vt 0.557833 0.389398
vt 0.568683 0.426858
vt 0.568891 0.385854
vt 0.646220 0.504014
vt 0.646222 0.389117
vt 0.634486 0.428433
vt 0.634181 0.388285
vt 0.384674 0.303833
vt 0.367872 0.348360
vt 0.375082 0.297771
vt 0.167908 0.237477
vt 0.137051 0.277824
vt 0.615954 0.245418
vt 0.615891 0.199853
vt 0.624699 0.247319
vt 0.609471 0.243914
vt 0.609035 0.198037
vt 0.569177 0.337497
vt 0.579825 0.337549
vt 0.557149 0.342301
vt 0.569640 0.285386
vt 0.579951 0.286134
vt 0.634208 0.342944
vt 0.647765 0.297677
vt 0.646834 0.344341
vt 0.634498 0.295499
vt 0.646064 0.429029
vt 0.590736 0.287911
vt 0.154291 0.071907
vt 0.178738 0.061906
vt 0.178006 0.074702
vt 0.155275 0.059153
vt 0.179215 0.053591
vt 0.208674 0.056738
vt 0.208410 0.065151
vt 0.208007 0.078099
vt 0.165142 0.280733
vt 0.202717 0.242260
vt 0.201107 0.285689
vt 0.269783 0.257859
vt 0.236440 0.293181
vt 0.237593 0.249242
vt 0.204320 0.193498
vt 0.270678 0.206932
vt 0.238497 0.199707
vt 0.359924 0.343961
vt 0.365789 0.293264
vt 0.239799 0.131008
vt 0.205481 0.158007
vt 0.206501 0.126300
vt 0.271997 0.135957
vt 0.239179 0.163475
vt 0.271365 0.169538
vt 0.378828 0.238388
vt 0.368625 0.234245
vt 0.459984 0.427614
vt 0.503214 0.427851
vt 0.349939 0.339112
vt 0.354665 0.288872
vt 0.452397 0.355159
vt 0.473995 0.301046
vt 0.357111 0.230801
vt 0.371905 0.152420
vt 0.358686 0.188353
vt 0.360102 0.150439
vt 0.382529 0.154539
vt 0.370363 0.191031
vt 0.380876 0.194270
vt 0.489699 0.400874
vt 0.444019 0.409468
vt 0.472644 0.375648
vt 0.427001 0.393918
vt 0.431839 0.338231
vt 0.449752 0.283049
vt 0.516979 0.373624
vt 0.539115 0.355094
vt 0.541755 0.923252
vt 0.549994 0.921293
vt 0.541279 0.949398
vt 0.542345 0.892820
vt 0.550660 0.891031
vt 0.543072 0.862462
vt 0.551936 0.577773
vt 0.412794 0.323895
vt 0.426407 0.267311
vt 0.410591 0.380572
vt 0.329165 0.377297
vt 0.288742 0.359282
vt 0.290651 0.354741
vt 0.340012 0.283257
vt 0.296194 0.313814
vt 0.297747 0.267188
vt 0.405925 0.254381
vt 0.433751 0.167511
vt 0.409697 0.206863
vt 0.411674 0.161824
vt 0.458372 0.173860
vt 0.431554 0.216994
vt 0.456085 0.228981
vt 0.482752 0.179780
vt 0.480712 0.241258
vt 0.580216 0.236009
vt 0.570309 0.234167
vt 0.634976 0.249559
vt 0.650211 0.209239
vt 0.648862 0.252603
vt 0.461940 0.091748
vt 0.484699 0.128105
vt 0.460252 0.126722
vt 0.486610 0.090251
vt 0.510040 0.129905
vt 0.414606 0.093712
vt 0.435504 0.124911
vt 0.413293 0.122999
vt 0.436982 0.092975
vt 0.374271 0.093741
vt 0.361333 0.117721
vt 0.362277 0.092800
vt 0.385053 0.094211
vt 0.373244 0.119108
vt 0.383953 0.120270
vt 0.240759 0.081600
vt 0.207360 0.098941
vt 0.272990 0.084835
vt 0.240341 0.102966
vt 0.272556 0.106942
vt 0.173286 0.153771
vt 0.147895 0.150822
vt 0.175227 0.122365
vt 0.616230 0.156348
vt 0.616781 0.120897
vt 0.301917 0.087547
vt 0.345794 0.115876
vt 0.300652 0.140598
vt 0.301366 0.110488
vt 0.344707 0.147912
vt 0.299839 0.175454
vt 0.343457 0.185026
vt 0.298947 0.214285
vt 0.342066 0.226522
vt 0.092013 0.181433
vt 0.063209 0.228661
vt 0.064944 0.180099
vt 0.090239 0.230092
vt 0.062134 0.272241
vt 0.268537 0.302838
vt 0.438815 0.812436
vt 0.421910 0.831414
vt 0.431058 0.807644
vt 0.428430 0.837485
vt 0.412951 0.851864
vt 0.406815 0.841829
vt 0.414250 0.823390
vt 0.422014 0.801681
vt 0.453250 0.763158
vt 0.438530 0.784085
vt 0.444172 0.760623
vt 0.447117 0.787664
vt 0.428727 0.779551
vt 0.433985 0.757130
vt 0.460325 0.708953
vt 0.448220 0.736010
vt 0.450806 0.707960
vt 0.457574 0.737721
vt 0.437696 0.733522
vt 0.440006 0.706473
vt 0.460546 0.639985
vt 0.451938 0.675076
vt 0.450951 0.640530
vt 0.461570 0.675322
vt 0.441024 0.674588
vt 0.440141 0.641117
vt 0.449993 0.576164
vt 0.447185 0.607894
vt 0.441118 0.578176
vt 0.456511 0.606571
vt 0.436701 0.609636
vt 0.431052 0.580896
vt 0.432539 0.525077
vt 0.433477 0.551678
vt 0.424839 0.528109
vt 0.441791 0.549104
vt 0.423859 0.555007
vt 0.415726 0.531892
vt 0.422793 0.503739
vt 0.406375 0.488849
vt 0.412847 0.485175
vt 0.415708 0.507142
vt 0.407183 0.511450
vt 0.398470 0.493635
vt 0.402916 0.469398
vt 0.387960 0.459705
vt 0.393117 0.455701
vt 0.397078 0.473247
vt 0.389763 0.478318
vt 0.381169 0.464980
vt 0.383568 0.443362
vt 0.370713 0.436742
vt 0.374490 0.432353
vt 0.379136 0.447567
vt 0.372789 0.453097
vt 0.364794 0.442562
vt 0.366184 0.422843
vt 0.356226 0.419692
vt 0.359190 0.415149
vt 0.362883 0.427337
vt 0.357439 0.433436
vt 0.351242 0.426028
vt 0.343479 0.399812
vt 0.334180 0.398688
vt 0.336214 0.393909
vt 0.349028 0.404646
vt 0.341168 0.404487
vt 0.346511 0.409250
vt 0.337001 0.411212
vt 0.330231 0.405504
vt 0.287367 0.362971
vt 0.257494 0.354439
vt 0.259338 0.350388
vt 0.324342 0.390955
vt 0.281926 0.373928
vt 0.285649 0.367361
vt 0.347502 0.066470
vt 0.302260 0.073299
vt 0.302484 0.064041
vt 0.253790 0.360749
vt 0.196432 0.333312
vt 0.227463 0.344571
vt 0.195322 0.337436
vt 0.229021 0.340566
vt 0.224302 0.350846
vt 0.192943 0.343827
vt 0.135205 0.324216
vt 0.161568 0.332124
vt 0.134628 0.328412
vt 0.162344 0.327920
vt 0.159901 0.338654
vt 0.133460 0.335029
vt 0.162826 0.320006
vt 0.135337 0.321038
vt 0.135189 0.316935
vt 0.197862 0.324995
vt 0.162618 0.324513
vt 0.197060 0.329711
vt 0.230178 0.336972
vt 0.231736 0.332344
vt 0.260815 0.346831
vt 0.262827 0.342331
vt 0.327336 0.382152
vt 0.336607 0.332759
vt 0.294277 0.334599
vt 0.347869 0.390800
vt 0.337788 0.389989
vt 0.340000 0.384980
vt 0.353951 0.395587
vt 0.345302 0.395927
vt 0.351065 0.400786
vt 0.373149 0.413675
vt 0.361709 0.411264
vt 0.365296 0.406022
vt 0.382687 0.423221
vt 0.369048 0.418939
vt 0.377861 0.428481
vt 0.393423 0.434402
vt 0.397939 0.452094
vt 0.387632 0.439608
vt 0.404771 0.446996
vt 0.408425 0.465925
vt 0.416236 0.460964
vt 0.418987 0.481853
vt 0.427655 0.477125
vt 0.429539 0.500649
vt 0.438949 0.496301
vt 0.439892 0.522325
vt 0.450006 0.518514
vt 0.449746 0.546805
vt 0.460568 0.543679
vt 0.458445 0.574413
vt 0.469847 0.572071
vt 0.465264 0.605439
vt 0.476995 0.603926
vt 0.469425 0.639518
vt 0.481286 0.638863
vt 0.470461 0.675534
vt 0.482349 0.675766
vt 0.469162 0.709817
vt 0.481021 0.710918
vt 0.466318 0.739215
vt 0.478101 0.741165
vt 0.461784 0.765390
vt 0.473338 0.768313
vt 0.455203 0.790843
vt 0.466230 0.794984
vt 0.446054 0.816649
vt 0.455948 0.822118
vt 0.434378 0.842644
vt 0.442423 0.849345
vt 0.422754 0.864930
vt 0.418148 0.859029
vt 0.395849 0.863971
vt 0.405898 0.865890
vt 0.400077 0.876006
vt 0.400865 0.854604
vt 0.410047 0.873756
vt 0.403374 0.884333
vt 0.417446 0.919939
vt 0.401647 0.910359
vt 0.409841 0.899760
vt 0.407320 0.930956
vt 0.409780 0.940706
vt 0.397183 0.942008
vt 0.393451 0.920992
vt 0.484392 0.835050
vt 0.441181 0.891594
vt 0.458690 0.867025
vt 0.428869 0.872603
vt 0.501641 0.774222
vt 0.494541 0.803388
vt 0.509110 0.712274
vt 0.506289 0.744886
vt 0.509618 0.635040
vt 0.510500 0.674476
vt 0.498437 0.564373
vt 0.505535 0.598068
vt 0.477954 0.506591
vt 0.488899 0.533931
vt 0.454312 0.460955
vt 0.466499 0.482221
vt 0.426798 0.427011
vt 0.441008 0.442783
vt 0.398265 0.401112
vt 0.412178 0.413183
vt 0.396094 0.369258
vt 0.376113 0.382602
vt 0.386051 0.390842
vt 0.345933 0.361971
vt 0.355022 0.367166
vt 0.362139 0.371648
vt 0.266654 0.322890
vt 0.333671 0.355117
vt 0.305707 0.417321
vt 0.275215 0.383078
vt 0.314049 0.406943
vt 0.199859 0.305406
vt 0.234866 0.312949
vt 0.413640 0.880139
vt 0.406174 0.891044
vt 0.418355 0.888437
vt 0.651432 0.253167
vt 0.650221 0.298080
vt 0.652879 0.209998
vt 0.649171 0.344600
vt 0.648453 0.389271
vt 0.648209 0.429139
vt 0.648218 0.466479
vt 0.648221 0.504119
vt 0.651858 0.756709
vt 0.650829 0.716753
vt 0.656296 0.936528
vt 0.657038 0.957310
vt 0.657055 0.950016
vt 0.648237 0.541939
vt 0.646491 0.579829
vt 0.648382 0.579966
vt 0.649784 0.669458
vt 0.648876 0.621724
vt 0.656156 0.136048
vt 0.654590 0.169118
vt 0.641771 0.813538
vt 0.386262 0.855152
vt 0.390532 0.847199
vt 0.390987 0.872793
vt 0.382252 0.863555
vt 0.379738 0.846190
vt 0.381024 0.834987
vt 0.384587 0.827614
vt 0.399821 0.828167
vt 0.392326 0.812297
vt 0.405484 0.813018
vt 0.396055 0.801193
vt 0.411650 0.794415
vt 0.400463 0.786330
vt 0.417750 0.773857
vt 0.406009 0.767423
vt 0.422837 0.752304
vt 0.411034 0.746624
vt 0.426126 0.729891
vt 0.413836 0.725526
vt 0.427991 0.704240
vt 0.415143 0.701528
vt 0.428926 0.673686
vt 0.416006 0.672520
vt 0.428285 0.641661
vt 0.425205 0.611859
vt 0.413054 0.614379
vt 0.408105 0.588611
vt 0.419905 0.584488
vt 0.412966 0.559197
vt 0.401332 0.563901
vt 0.393786 0.541449
vt 0.405168 0.536447
vt 0.397187 0.516710
vt 0.386365 0.522518
vt 0.378926 0.506375
vt 0.389105 0.499651
vt 0.380885 0.484757
vt 0.371126 0.491984
vt 0.362735 0.479147
vt 0.372492 0.471659
vt 0.364013 0.460074
vt 0.353823 0.467886
vt 0.356013 0.449958
vt 0.339296 0.429308
vt 0.346479 0.420464
vt 0.343546 0.434479
vt 0.330579 0.439540
vt 0.326914 0.435482
vt 0.335278 0.424956
vt 0.342141 0.415883
vt 0.320651 0.397852
vt 0.323577 0.414631
vt 0.326043 0.386090
vt 0.266719 0.393738
vt 0.247350 0.369972
vt 0.239274 0.380923
vt 0.218848 0.360123
vt 0.212022 0.371204
vt 0.188866 0.353203
vt 0.119346 0.342712
vt 0.120781 0.332749
vt 0.129510 0.356372
vt 0.131659 0.344796
vt 0.113422 0.353507
vt 0.115157 0.341594
vt 0.116566 0.331542
vt 0.394948 0.838945
vt 0.388525 0.820660
vt 0.427995 0.908154
vt 0.390481 0.904195
vt 0.398972 0.901258
vt 0.391766 0.911506
vt 0.396929 0.894247
vt 0.386123 0.881645
vt 0.394455 0.885499
vt 0.388831 0.895028
vt 0.398887 0.951653
vt 0.412595 0.955898
vt 0.401201 0.965338
vt 0.414509 0.969274
vt 0.403088 0.976540
vt 0.406235 0.993272
vt 0.418655 0.995447
vt 0.407717 0.997960
vt 0.417589 0.989534
vt 0.419769 0.999566
vt 0.411530 1.000000
vt 0.605606 0.002370
vt 0.608309 0.010451
vt 0.573913 0.021187
vt 0.577158 0.020263
vt 0.572093 0.022741
vt 0.577681 0.018552
vt 0.135724 0.297457
vt 0.163944 0.300388
vt 0.111913 0.182388
vt 0.110099 0.231096
vt 0.005803 0.225704
vt 0.036497 0.178684
vt 0.034784 0.227131
vt 0.118695 0.231547
vt 0.124056 0.183266
vt 0.121600 0.231939
vt 0.001847 0.320618
vt 0.031004 0.329148
vt 0.001416 0.328549
vt 0.002116 0.315509
vt 0.031459 0.321453
vt 0.031725 0.316525
vt 0.060396 0.322090
vt 0.059868 0.329476
vt 0.000772 0.339998
vt 0.029408 0.353446
vt 0.000000 0.353482
vt 0.030284 0.340304
vt 0.058968 0.340248
vt 0.057850 0.352959
vt 0.011302 0.062671
vt 0.040935 0.051151
vt 0.040495 0.064047
vt 0.011717 0.049744
vt 0.041221 0.042765
vt 0.070126 0.044320
vt 0.069809 0.052677
vt 0.069320 0.065529
vt 0.002500 0.308039
vt 0.032800 0.290304
vt 0.032097 0.309317
vt 0.003382 0.288857
vt 0.033440 0.270669
vt 0.061650 0.291777
vt 0.061063 0.310511
vt 0.007511 0.177342
vt 0.037746 0.143458
vt 0.008706 0.142155
vt 0.038847 0.111974
vt 0.067498 0.113344
vt 0.066286 0.144827
vt 0.086592 0.330010
vt 0.060676 0.317393
vt 0.087227 0.322880
vt 0.087541 0.318375
vt 0.106633 0.323681
vt 0.105874 0.330637
vt 0.084063 0.352805
vt 0.085468 0.340463
vt 0.104546 0.340866
vt 0.102894 0.352955
vt 0.097295 0.054135
vt 0.096758 0.066941
vt 0.097644 0.045809
vt 0.117860 0.046896
vt 0.117488 0.055198
vt 0.116917 0.067967
vt 0.088631 0.293209
vt 0.087972 0.311763
vt 0.089146 0.273719
vt 0.108882 0.274739
vt 0.108323 0.294260
vt 0.107516 0.312843
vt 0.093442 0.146119
vt 0.094762 0.114639
vt 0.114796 0.115574
vt 0.113400 0.147049
vt 0.060874 0.314068
vt 0.087763 0.315188
vt 0.107272 0.316193
vt 0.107009 0.319297
vt 0.004198 0.269181
vt 0.117357 0.275168
vt 0.119747 0.275507
vt 0.126818 0.232820
vt 0.123804 0.276251
vt 0.118321 0.313929
vt 0.115723 0.316793
vt 0.115979 0.313430
vt 0.118239 0.317361
vt 0.115396 0.319876
vt 0.127738 0.116490
vt 0.122152 0.147490
vt 0.123617 0.116021
vt 0.125979 0.147943
vt 0.120596 0.182835
vt 0.116815 0.294724
vt 0.119015 0.295090
vt 0.130346 0.068943
vt 0.124881 0.088989
vt 0.125839 0.068456
vt 0.129228 0.089469
vt 0.116002 0.088523
vt 0.112697 0.341152
vt 0.114101 0.331044
vt 0.110946 0.353130
vt 0.117941 0.320445
vt 0.114935 0.324196
vt 0.117440 0.324737
vt 0.130472 0.184248
vt 0.002306 0.311886
vt 0.031914 0.313035
vt 0.122522 0.295880
vt 0.122084 0.315123
vt 0.183786 0.364368
vt 0.157154 0.348207
vt 0.153779 0.359540
vt 0.122372 0.318740
vt 0.122245 0.321788
vt 0.121739 0.326009
vt 0.133180 0.148980
vt 0.135562 0.117564
vt 0.150535 0.119444
vt 0.139893 0.057287
vt 0.138992 0.070034
vt 0.131040 0.056195
vt 0.140480 0.049002
vt 0.155915 0.050864
vt 0.330285 0.420357
vt 0.322033 0.430939
vt 0.315300 0.425122
vt 0.346630 0.091472
vt 0.390476 0.244845
vt 0.349099 0.441363
vt 0.339041 0.450364
vt 0.334230 0.444183
vt 0.368596 0.376459
vt 0.359284 0.400295
vt 0.356078 0.405522
vt 0.353822 0.409383
vt 0.351106 0.413952
vt 0.397671 0.094155
vt 0.396482 0.121480
vt 0.394972 0.157535
vt 0.393183 0.199347
vt 0.534255 0.981751
vt 0.525082 0.970631
vt 0.534394 0.968854
vt 0.525115 0.983059
vt 0.416186 0.980687
vt 0.404798 0.985964
vt 0.427551 0.975402
vt 0.655101 0.916191
vt 0.645181 0.915118
vt 0.540945 0.967505
vt 0.540689 0.980683
vt 0.492047 0.962773
vt 0.472080 0.951728
vt 0.453685 0.962201
vt 0.491055 0.941489
vt 0.439318 0.969778
vt 0.639275 0.914507
vt 0.562035 0.919704
vt 0.577908 0.918208
vt 0.589821 0.088496
vt 0.622260 0.914207
vt 0.628857 0.913907
vt 0.634045 0.914054
vt 0.386184 0.067529
vt 0.398414 0.077204
vt 0.385739 0.078036
vt 0.398894 0.066194
vt 0.415428 0.075565
vt 0.347156 0.076316
vt 0.363255 0.067274
vt 0.362869 0.077325
vt 0.758684 0.396947
vt 0.750329 0.441881
vt 0.751483 0.396758
vt 0.137534 0.090558
vt 0.152700 0.092442
vt 0.131493 0.047908
vt 0.126436 0.055704
vt 0.126825 0.047413
vt 0.095897 0.087548
vt 0.068535 0.086201
vt 0.009747 0.110676
vt 0.039785 0.084783
vt 0.010632 0.083452
vt 0.656866 0.105310
vt 0.654913 0.100639
vt 0.657055 0.115677
vt 0.639420 0.106074
vt 0.273263 0.071104
vt 0.273443 0.062182
vt 0.617303 0.098033
vt 0.628001 0.100802
vt 0.608973 0.096364
vt 0.241197 0.059702
vt 0.241023 0.068326
vt 0.375329 0.067763
vt 0.374912 0.077992
vt 0.415959 0.063778
vt 0.437912 0.073217
vt 0.438512 0.060381
vt 0.463012 0.070155
vt 0.463701 0.056118
vt 0.487746 0.066828
vt 0.488102 0.051166
vt 0.176825 0.095302
vt 0.603050 0.094607
vt 0.749710 0.640752
vt 0.756267 0.655114
vt 0.749063 0.655028
vt 0.581609 0.084517
vt 0.536859 0.132899
vt 0.640412 0.091072
vt 0.573506 0.080769
vt 0.743926 0.442998
vt 0.697973 0.486303
vt 0.697937 0.442904
vt 0.743926 0.486448
vt 0.697968 0.534563
vt 0.697847 0.391615
vt 0.743919 0.396493
vt 0.697846 0.396699
vt 0.697849 0.383719
vt 0.743920 0.391327
vt 0.697932 0.670257
vt 0.743903 0.662078
vt 0.743902 0.670475
vt 0.697934 0.661869
vt 0.743905 0.649168
vt 0.697951 0.601079
vt 0.743916 0.569824
vt 0.743911 0.601238
vt 0.697959 0.569672
vt 0.743920 0.534713
vt 0.697853 0.372319
vt 0.743921 0.383324
vt 0.697860 0.358893
vt 0.743923 0.371792
vt 0.697938 0.648972
vt 0.743908 0.628416
vt 0.697943 0.628239
vt 0.743923 0.423294
vt 0.697901 0.423265
vt 0.743919 0.404038
vt 0.697844 0.400303
vt 0.697852 0.404128
vt 0.743919 0.400155
vt 0.762049 0.640965
vt 0.769760 0.632440
vt 0.769239 0.641407
vt 0.767897 0.672982
vt 0.760694 0.672852
vt 0.770625 0.000000
vt 0.775456 0.038556
vt 0.768264 0.038164
vt 0.773460 0.080453
vt 0.766262 0.080161
vt 0.768549 0.409430
vt 0.774755 0.395491
vt 0.775733 0.408904
vt 0.776261 0.416148
vt 0.769077 0.416674
vt 0.760717 0.537925
vt 0.767898 0.559950
vt 0.760694 0.560366
vt 0.761885 0.512997
vt 0.767924 0.538026
vt 0.766398 0.464753
vt 0.775531 0.448668
vt 0.773559 0.465533
vt 0.768402 0.447597
vt 0.777812 0.436951
vt 0.779847 0.109793
vt 0.786615 0.153055
vt 0.779412 0.152962
vt 0.785937 0.197984
vt 0.778734 0.197883
vt 0.743953 0.031032
vt 0.734442 0.075817
vt 0.727699 0.073281
vt 0.757530 0.442068
vt 0.749501 0.470963
vt 0.756700 0.471194
vt 0.748284 0.503208
vt 0.753656 0.536153
vt 0.755480 0.503538
vt 0.754206 0.604345
vt 0.743926 0.589790
vt 0.751140 0.589124
vt 0.751176 0.615072
vt 0.747310 0.606588
vt 0.756226 0.659271
vt 0.749023 0.659348
vt 0.698911 0.713065
vt 0.707110 0.683096
vt 0.706110 0.713316
vt 0.770255 0.430795
vt 0.777812 0.434133
vt 0.770659 0.435024
vt 0.700317 0.675362
vt 0.708043 0.671711
vt 0.707493 0.676052
vt 0.699914 0.682767
vt 0.763415 0.299964
vt 0.771135 0.325184
vt 0.763934 0.325383
vt 0.771989 0.350872
vt 0.764792 0.351199
vt 0.785317 0.244506
vt 0.778114 0.244436
vt 0.785016 0.289177
vt 0.777812 0.289171
vt 0.763465 0.175905
vt 0.770085 0.216171
vt 0.762881 0.216112
vt 0.769980 0.248627
vt 0.762776 0.248652
vt 0.705431 0.733362
vt 0.698231 0.733159
vt 0.697844 0.750688
vt 0.705886 0.761699
vt 0.698824 0.763601
vt 0.705053 0.750433
vt 0.764624 0.128249
vt 0.771824 0.128458
vt 0.770667 0.176042
vt 0.751544 0.756682
vt 0.759279 0.773794
vt 0.752080 0.774045
vt 0.777432 0.430174
vt 0.758044 0.742355
vt 0.758741 0.756365
vt 0.749524 0.703230
vt 0.756320 0.713439
vt 0.749117 0.713511
vt 0.750128 0.695225
vt 0.756738 0.703390
vt 0.749768 0.727538
vt 0.757007 0.727286
vt 0.750846 0.742668
vt 0.750369 0.631512
vt 0.756904 0.641152
vt 0.770027 0.622011
vt 0.777024 0.619683
vt 0.771319 0.624093
vt 0.768220 0.617096
vt 0.776243 0.618281
vt 0.761758 0.579182
vt 0.770765 0.593808
vt 0.763638 0.594854
vt 0.768931 0.578443
vt 0.765956 0.607788
vt 0.774949 0.614302
vt 0.773023 0.606349
vt 0.751117 0.624447
vt 0.757549 0.632114
vt 0.751771 0.619899
vt 0.758273 0.625315
vt 0.750053 0.687350
vt 0.756788 0.678041
vt 0.757254 0.687164
vt 0.757343 0.695206
vt 0.760708 0.691522
vt 0.767913 0.691490
vt 0.761092 0.709848
vt 0.768294 0.709667
vt 0.762802 0.746760
vt 0.769519 0.735596
vt 0.770000 0.746488
vt 0.770287 0.754703
vt 0.763087 0.754938
vt 0.691054 0.000000
vt 0.696183 0.006982
vt 0.689391 0.004585
vt 0.770409 0.759014
vt 0.763208 0.759225
vt 0.677334 0.044695
vt 0.687731 0.033301
vt 0.684314 0.046474
vt 0.680789 0.031375
vt 0.690807 0.022691
vt 0.763004 0.275416
vt 0.770207 0.275320
vt 0.770617 0.299828
vt 0.778481 0.366560
vt 0.786277 0.404199
vt 0.779074 0.404328
vt 0.787051 0.442128
vt 0.779850 0.442309
vt 0.777995 0.329121
vt 0.785198 0.329057
vt 0.785684 0.366457
vt 0.708043 0.767106
vt 0.701981 0.771240
vt 0.762581 0.631805
vt 0.770409 0.627394
vt 0.779838 0.068908
vt 0.786818 0.035783
vt 0.787042 0.068893
vt 0.787051 0.109837
vt 0.664304 0.100247
vt 0.673257 0.092880
vt 0.671388 0.101678
vt 0.662425 0.113679
vt 0.669587 0.114617
vt 0.751937 0.381016
vt 0.759139 0.381149
vt 0.667936 0.084036
vt 0.677128 0.076427
vt 0.674933 0.085748
vt 0.666247 0.091208
vt 0.675040 0.054133
vt 0.682031 0.055870
vt 0.670127 0.074730
vt 0.769281 0.419413
vt 0.779351 0.000024
vt 0.786578 0.005040
vt 0.779374 0.005086
vt 0.658631 0.168859
vt 0.665257 0.177158
vt 0.658062 0.176787
vt 0.664778 0.186123
vt 0.657577 0.185892
vt 0.660983 0.132038
vt 0.668169 0.132595
vt 0.659932 0.149504
vt 0.667121 0.149947
vt 0.664468 0.197621
vt 0.657265 0.197496
vt 0.657099 0.212857
vt 0.664302 0.212905
vt 0.664259 0.232361
vt 0.657055 0.232398
vt 0.664477 0.253487
vt 0.657275 0.253640
vt 0.657897 0.274782
vt 0.665096 0.274535
vt 0.658840 0.298694
vt 0.666038 0.298407
vt 0.667202 0.327307
vt 0.660006 0.327640
vt 0.668694 0.357526
vt 0.661503 0.357965
vt 0.663458 0.385847
vt 0.670639 0.385278
vt 0.665773 0.411978
vt 0.672946 0.411314
vt 0.668283 0.437454
vt 0.675449 0.436719
vt 0.677992 0.460148
vt 0.670835 0.460970
vt 0.673301 0.481113
vt 0.680447 0.480201
vt 0.675645 0.498692
vt 0.682782 0.497722
vt 0.685018 0.513833
vt 0.677889 0.514866
vt 0.687312 0.528821
vt 0.680203 0.529986
vt 0.682720 0.544088
vt 0.689798 0.542750
vt 0.685246 0.556490
vt 0.692291 0.554984
vt 0.690848 0.579749
vt 0.696406 0.572319
vt 0.697844 0.578034
vt 0.754104 0.005099
vt 0.762776 0.002567
vt 0.760824 0.007694
vt 0.748450 0.019558
vt 0.750665 0.033645
vt 0.724053 0.103842
vt 0.717256 0.101453
vt 0.715076 0.130551
vt 0.708134 0.128599
vt 0.708644 0.157782
vt 0.701535 0.156544
vt 0.697844 0.210773
vt 0.706811 0.219870
vt 0.699925 0.222560
vt 0.702452 0.226074
vt 0.708715 0.222465
vt 0.761695 0.724193
vt 0.768892 0.723883
vt 0.762323 0.735924
vt 0.659220 0.160725
vt 0.666408 0.161194
vt 0.665820 0.169324
vt 0.752173 0.617541
vt 0.758892 0.620984
vt 0.777812 0.620730
vt 0.772299 0.625368
vt 0.749201 0.667879
vt 0.756404 0.667725
vt 0.749588 0.678292
vt 0.684598 0.716013
vt 0.694394 0.719319
vt 0.688683 0.723989
vt 0.757950 0.612570
vt 0.751917 0.617541
vt 0.703345 0.236348
vt 0.709840 0.255251
vt 0.702637 0.255101
vt 0.709792 0.280771
vt 0.702589 0.281179
vt 0.657055 0.644785
vt 0.667503 0.618713
vt 0.664387 0.644214
vt 0.665109 0.672504
vt 0.671905 0.670076
vt 0.712751 0.307006
vt 0.705769 0.309288
vt 0.725237 0.329637
vt 0.719909 0.334874
vt 0.675948 0.697762
vt 0.682516 0.694800
vt 0.691061 0.712830
vt 0.703538 0.228318
vt 0.710801 0.226870
vt 0.710545 0.236591
vt 0.751484 0.565689
vt 0.746467 0.535686
vt 0.744284 0.565368
vt 0.698171 0.186444
vt 0.705366 0.186962
vt 0.705064 0.210296
vt 0.759279 0.369039
vt 0.751000 0.359679
vt 0.758082 0.358222
vt 0.752072 0.369416
vt 0.758403 0.013917
vt 0.751693 0.011298
vt 0.755158 0.022183
vt 0.764034 0.487486
vt 0.769076 0.513441
vt 0.771207 0.488148
vt 0.687527 0.566447
vt 0.694541 0.564803
vt 0.689409 0.574033
vt 0.766154 0.375741
vt 0.773343 0.375283
vt 0.767570 0.396007
vt 0.686903 0.011539
vt 0.683926 0.020558
vt 0.693725 0.013853
vt 0.779450 0.015450
vt 0.786654 0.015399
vt 0.779614 0.035829
vt 0.689108 0.579749
vt 0.660605 0.615817
vt 0.759625 0.358222
vt 0.762776 0.351719
vt 0.655892 0.959817
vt 0.509857 0.045872
vt 0.415701 0.642177
vt 0.117647 0.354509
vt 0.011987 0.041335
vt 0.345546 0.458270
vt 0.770844 0.435024
vt 0.700941 0.670475
vt 0.763356 0.625368
vt 0.756046 0.000000
vt 0.759279 0.617063
vt 0.743926 0.358222
vt 0.777812 0.000478
vt 0.697844 0.002406
vt 0.786555 0.000000
vt 0.759279 0.618731
vt 0.694394 0.584677
s 1
usemtl Front_fender
f 954/1/1 351/2/2 843/3/3
f 591/4/4 814/5/5 403/6/6
f 814/5/5 3/7/7 396/8/8
f 403/6/6 396/8/8 70/9/9
f 319/10/10 349/11/11 34/12/12
f 319/10/10 289/13/13 815/14/14
f 815/14/14 8/15/15 342/16/16
f 815/14/14 43/17/17 349/11/11
f 260/18/18 816/19/19 767/20/20
f 751/21/21 311/22/22 816/19/19
f 816/19/19 31/23/23 749/24/24
f 767/20/20 749/24/24 258/25/25
f 110/26/26 817/27/27 474/28/28
f 460/29/29 328/30/30 817/27/27
f 817/27/27 9/31/31 404/32/32
f 474/28/28 404/32/32 108/33/33
f 77/34/34 818/35/35 416/36/36
f 411/37/37 355/38/38 818/35/35
f 818/35/35 29/39/39 409/40/40
f 416/36/36 409/40/40 75/41/41
f 331/42/42 819/43/43 325/44/44
f 95/45/45 819/43/43 447/46/46
f 439/47/47 325/44/44 819/43/43
f 376/48/48 847/49/49 369/50/50
f 803/51/51 484/52/52 272/53/53
f 269/54/54 820/55/55 803/51/51
f 770/56/56 487/57/57 820/55/55
f 820/55/55 125/58/58 484/52/52
f 351/59/59 1170/60/60 1147/61/61
f 791/62/62 821/63/63 802/64/64
f 821/63/63 124/65/65 771/66/66
f 802/64/64 771/66/66 270/67/67
f 277/68/68 822/69/69 801/70/70
f 778/71/71 358/72/72 822/69/69
f 822/69/69 35/73/73 773/74/74
f 801/70/70 773/74/74 272/53/53
f 800/75/75 770/56/56 269/54/54
f 835/76/76 489/77/77 823/78/78
f 370/79/79 852/80/80 368/81/81
f 823/78/78 123/82/82 770/56/56
f 833/83/83 312/84/84 330/85/85
f 258/25/25 824/86/86 766/87/87
f 824/86/86 31/23/23 312/84/84
f 882/88/88 447/46/46 819/43/43
f 825/89/89 333/90/90 832/91/91
f 75/41/41 825/89/89 415/92/92
f 409/40/40 327/93/93 825/89/89
f 765/94/94 824/86/86 833/83/83
f 827/95/95 327/93/93 826/96/96
f 415/92/92 832/91/91 414/97/97
f 826/96/96 29/39/39 318/98/98
f 334/99/99 318/98/98 37/100/100
f 34/12/12 827/95/95 337/101/101
f 349/11/11 333/90/90 827/95/95
f 402/102/102 348/103/103 71/104/104
f 402/102/102 395/105/105 828/106/106
f 395/105/105 343/107/107 828/106/106
f 828/106/106 44/108/108 348/103/103
f 401/109/109 287/110/110 68/111/111
f 839/112/112 329/113/113 829/114/114
f 337/101/101 826/96/96 334/99/99
f 829/114/114 30/115/115 287/110/110
f 830/116/116 320/117/117 956/118/118
f 17/119/119 830/116/116 588/120/120
f 363/121/121 586/122/122 830/116/116
f 802/64/64 1036/123/123 791/62/62
f 109/124/124 831/125/125 473/126/126
f 406/127/127 289/13/13 831/125/125
f 831/125/125 36/128/128 460/29/29
f 473/126/126 460/29/29 110/26/26
f 414/97/97 346/129/129 76/130/130
f 832/91/91 43/17/17 346/129/129
f 259/131/131 833/83/83 345/132/132
f 345/132/132 330/85/85 39/133/133
f 131/134/134 834/135/135 479/136/136
f 344/137/137 440/138/138 834/135/135
f 834/135/135 96/139/139 465/140/140
f 479/136/136 465/140/140 117/141/141
f 268/142/142 835/76/76 799/143/143
f 769/144/144 485/145/145 835/76/76
f 257/146/146 836/147/147 306/148/148
f 764/149/149 345/132/132 836/147/147
f 836/147/147 39/133/133 338/150/150
f 306/148/148 338/150/150 22/151/151
f 74/152/152 837/153/153 288/154/154
f 76/130/130 837/153/153 413/155/155
f 346/129/129 342/16/16 837/153/153
f 288/154/154 342/16/16 8/15/15
f 343/107/107 285/156/156 44/108/108
f 9/31/31 838/157/157 343/107/107
f 328/30/30 319/10/10 838/157/157
f 838/157/157 34/12/12 285/156/156
f 71/104/104 839/112/112 400/158/158
f 348/103/103 335/159/159 839/112/112
f 844/160/160 334/99/99 840/161/161
f 400/158/158 829/114/114 401/109/109
f 840/161/161 37/100/100 336/162/162
f 329/113/113 336/162/162 30/115/115
f 35/73/73 841/163/163 375/164/164
f 358/72/72 374/165/165 841/163/163
f 841/163/163 51/166/166 377/167/167
f 375/164/164 377/167/167 57/168/168
f 588/120/120 956/118/118 354/169/169
f 592/170/170 842/171/171 412/172/172
f 842/171/171 49/173/173 411/37/37
f 412/172/172 411/37/37 77/34/34
f 957/174/174 595/175/175 821/63/63
f 759/176/176 843/3/3 763/177/177
f 843/3/3 45/178/178 751/21/21
f 763/177/177 751/21/21 260/18/18
f 44/108/108 844/160/160 335/159/159
f 285/156/156 337/101/101 844/160/160
f 68/111/111 845/179/179 399/180/180
f 287/110/110 353/181/181 845/179/179
f 845/179/179 47/182/182 398/183/183
f 399/180/180 398/183/183 72/184/184
f 323/185/185 366/186/186 52/187/187
f 6/188/188 846/189/189 323/185/185
f 367/190/190 365/191/191 846/189/189
f 846/189/189 54/192/192 366/186/186
f 367/190/190 368/81/81 53/193/193
f 367/190/190 369/50/50 847/49/49
f 848/194/194 368/81/81 847/49/49
f 654/195/195 851/196/196 980/197/197
f 848/194/194 41/198/198 378/199/199
f 370/79/79 378/199/199 56/200/200
f 56/200/200 849/201/201 372/202/202
f 378/199/199 340/203/203 849/201/201
f 849/201/201 35/73/73 375/164/164
f 372/202/202 375/164/164 57/168/168
f 199/204/204 850/205/205 373/206/206
f 656/207/207 652/208/208 850/205/205
f 652/208/208 372/202/202 850/205/205
f 373/206/206 372/202/202 57/168/168
f 380/209/209 655/210/210 200/211/211
f 55/212/212 851/196/196 380/209/209
f 332/213/213 860/214/214 326/215/215
f 980/197/197 371/216/216 309/217/217
f 201/218/218 852/80/80 654/195/195
f 53/193/193 852/80/80 381/219/219
f 981/220/220 654/195/195 852/80/80
f 326/215/215 1027/221/221 332/213/213
f 98/222/222 853/223/223 443/224/224
f 442/225/225 321/226/226 853/223/223
f 853/223/223 32/227/227 439/47/47
f 443/224/224 439/47/47 95/45/45
f 266/228/228 854/229/229 650/230/230
f 762/231/231 387/232/232 854/229/229
f 854/229/229 64/233/233 639/234/234
f 650/230/230 639/234/234 193/235/235
f 261/236/236 855/237/237 387/232/232
f 761/238/238 389/239/239 855/237/237
f 855/237/237 63/240/240 385/241/241
f 387/232/232 385/241/241 64/233/233
f 60/242/242 856/243/243 384/244/244
f 382/245/245 391/246/246 856/243/243
f 856/243/243 67/247/247 392/248/248
f 384/244/244 392/248/248 62/249/249
f 192/250/250 857/251/251 649/252/252
f 638/253/253 384/244/244 857/251/251
f 857/251/251 62/249/249 640/254/254
f 649/252/252 640/254/254 194/255/255
f 420/256/256 67/247/247 80/257/257
f 80/257/257 391/246/246 419/258/258
f 28/259/259 858/260/260 352/261/261
f 394/262/262 399/180/180 858/260/260
f 858/260/260 72/184/184 364/263/263
f 352/261/261 364/263/263 46/264/264
f 859/265/265 401/109/109 860/214/214
f 42/266/266 859/265/265 332/213/213
f 397/267/267 400/158/158 859/265/265
f 433/268/268 868/269/269 434/270/270
f 326/215/215 394/262/262 28/259/259
f 860/214/214 68/111/111 394/262/262
f 42/266/266 861/271/271 397/267/267
f 341/272/272 290/273/273 861/271/271
f 861/271/271 69/274/274 402/102/102
f 861/271/271 71/104/104 397/267/267
f 763/177/177 1021/275/275 759/176/176
f 584/276/276 862/277/277 316/278/278
f 862/277/277 70/9/9 313/279/279
f 316/278/278 313/279/279 33/280/280
f 419/258/258 20/281/281 81/282/282
f 297/283/283 83/284/284 18/285/285
f 472/286/286 463/287/287 113/288/288
f 108/33/33 863/289/289 472/286/286
f 404/32/32 395/105/105 863/289/289
f 863/289/289 69/274/274 463/287/287
f 355/38/38 318/98/98 29/39/39
f 49/173/173 864/290/290 355/38/38
f 363/121/121 405/291/291 864/290/290
f 864/290/290 37/100/100 318/98/98
f 865/292/292 354/169/169 952/293/293
f 47/182/182 865/292/292 585/294/294
f 296/295/295 588/120/120 865/292/292
f 953/296/296 403/6/6 862/277/277
f 585/294/294 952/293/293 317/297/297
f 593/298/298 866/299/299 436/300/300
f 866/299/299 77/34/34 426/301/301
f 436/300/300 426/301/301 88/302/302
f 90/303/303 867/304/304 408/305/305
f 91/306/306 867/304/304 435/307/307
f 410/308/308 413/155/155 867/304/304
f 408/305/305 413/155/155 74/152/152
f 434/270/270 410/308/308 91/306/306
f 869/309/309 414/97/97 868/269/269
f 325/44/44 876/310/310 331/42/42
f 868/269/269 76/130/130 410/308/308
f 87/311/311 869/309/309 433/268/268
f 425/312/312 415/92/92 869/309/309
f 88/302/302 870/313/313 432/314/314
f 426/301/301 416/36/36 870/313/313
f 870/313/313 75/41/41 425/312/312
f 432/314/314 425/312/312 87/311/311
f 417/315/315 16/316/316 84/317/317
f 19/318/318 418/319/319 295/320/320
f 405/291/291 336/162/162 37/100/100
f 17/119/119 871/321/321 405/291/291
f 296/295/295 353/181/181 871/321/321
f 871/321/321 30/115/115 336/162/162
f 471/322/322 84/317/317 114/323/323
f 112/324/324 419/258/258 470/325/325
f 18/285/285 421/326/326 361/327/327
f 295/320/320 81/282/282 20/281/281
f 470/325/325 81/282/282 113/288/288
f 420/256/256 265/328/328 264/329/329
f 469/330/330 80/257/257 112/324/324
f 454/331/331 231/332/332 232/333/333
f 361/327/327 78/334/334 48/335/335
f 422/336/336 48/335/335 78/334/334
f 298/337/337 82/338/338 19/318/318
f 15/339/339 430/340/340 424/341/341
f 468/342/342 431/343/343 116/344/344
f 115/345/345 872/346/346 468/342/342
f 423/347/347 428/348/348 872/346/346
f 872/346/346 90/303/303 431/343/343
f 86/349/349 437/350/350 299/351/351
f 424/341/341 92/352/352 86/349/349
f 734/353/353 250/354/354 249/355/355
f 299/351/351 84/317/317 16/316/316
f 467/356/356 464/357/357 114/323/323
f 116/344/344 873/358/358 467/356/356
f 431/343/343 408/305/305 873/358/358
f 873/358/358 74/152/152 464/357/357
f 50/359/359 874/360/360 321/226/226
f 360/361/361 432/314/314 874/360/360
f 874/360/360 87/311/311 310/362/362
f 321/226/226 310/362/362 32/227/227
f 875/363/363 434/270/270 876/310/310
f 32/227/227 875/363/363 325/44/44
f 310/362/362 433/268/268 875/363/363
f 895/364/364 485/145/145 883/365/365
f 331/42/42 429/366/366 40/367/367
f 876/310/310 91/306/306 429/366/366
f 7/368/368 877/369/369 428/348/348
f 339/370/370 429/366/366 877/369/369
f 877/369/369 91/306/306 435/307/307
f 428/348/348 435/307/307 90/303/303
f 951/371/371 412/172/172 866/299/299
f 589/372/372 878/373/373 356/374/374
f 878/373/373 88/302/302 360/361/361
f 356/374/374 360/361/361 50/359/359
f 735/375/375 14/376/376 105/377/377
f 448/378/378 229/379/379 231/332/332
f 124/65/65 879/380/380 486/381/381
f 483/382/382 443/224/224 879/380/380
f 879/380/380 95/45/45 481/383/383
f 486/381/381 481/383/383 122/384/384
f 40/367/367 880/385/385 441/386/386
f 339/370/370 324/387/387 880/385/385
f 880/385/385 96/139/139 444/388/388
f 880/385/385 97/389/389 441/386/386
f 881/390/390 445/391/391 949/392/392
f 50/359/359 881/390/390 356/374/374
f 442/225/225 594/393/393 881/390/390
f 950/394/394 436/300/300 878/373/373
f 40/367/367 882/88/88 331/42/42
f 441/386/386 446/395/395 882/88/88
f 446/395/395 883/365/365 447/46/46
f 122/384/384 883/365/365 485/145/145
f 481/383/383 447/46/46 883/365/365
f 799/143/143 823/78/78 800/75/75
f 281/396/396 884/397/397 798/398/398
f 782/399/399 703/400/400 884/397/397
f 884/397/397 23/401/401 775/402/402
f 798/398/398 775/402/402 274/403/403
f 702/404/404 100/405/405 25/406/406
f 104/407/407 303/408/408 455/409/409
f 448/378/378 103/410/410 100/405/405
f 102/411/411 455/409/409 451/412/412
f 105/377/377 720/413/413 456/414/414
f 455/409/409 25/406/406 100/405/405
f 499/415/415 450/416/416 128/417/417
f 127/418/418 885/419/419 499/415/415
f 449/420/420 451/412/412 885/419/419
f 885/419/419 103/410/410 450/416/416
f 106/421/421 456/414/414 457/422/422
f 451/412/412 100/405/405 103/410/410
f 294/423/423 85/424/424 15/339/339
f 456/414/414 241/425/425 238/426/426
f 117/141/141 438/427/427 477/428/428
f 457/422/422 238/426/426 239/429/429
f 721/430/430 731/431/431 242/432/432
f 129/433/433 886/434/434 721/430/430
f 452/435/435 457/422/422 886/434/434
f 886/434/434 239/429/429 731/431/431
f 458/436/436 93/437/437 107/438/438
f 453/439/439 107/438/438 93/437/437
f 458/436/436 115/345/345 85/424/424
f 477/428/428 118/440/440 120/441/441
f 466/442/442 107/438/438 117/141/141
f 92/352/352 467/356/356 437/350/350
f 7/368/368 887/443/443 324/387/387
f 423/347/347 466/442/442 887/443/443
f 887/443/443 117/141/141 465/140/140
f 324/387/387 465/140/140 96/139/139
f 85/424/424 468/342/342 430/340/340
f 437/350/350 114/323/323 84/317/317
f 82/338/338 472/286/286 418/319/319
f 430/340/340 116/344/344 92/352/352
f 257/146/146 888/444/444 748/445/445
f 760/446/446 469/330/330 888/444/444
f 888/444/444 112/324/324 462/447/447
f 748/445/445 462/447/447 10/448/448
f 10/448/448 889/449/449 290/273/273
f 462/447/447 470/325/325 889/449/449
f 889/449/449 113/288/288 463/287/287
f 290/273/273 463/287/287 69/274/274
f 8/15/15 890/450/450 288/154/154
f 406/127/127 471/322/322 890/450/450
f 890/450/450 114/323/323 464/357/357
f 288/154/154 464/357/357 74/152/152
f 83/284/284 473/126/126 421/326/326
f 418/319/319 113/288/288 81/282/282
f 421/326/326 110/26/26 78/334/334
f 474/28/28 78/334/334 110/26/26
f 422/336/336 108/33/33 82/338/338
f 120/441/441 476/451/451 733/452/452
f 438/427/427 119/453/453 118/440/440
f 564/454/454 920/455/455 565/456/456
f 717/457/457 302/458/458 512/459/459
f 733/452/452 250/354/354 248/460/460
f 736/461/461 746/462/462 251/463/463
f 130/464/464 891/465/465 736/461/461
f 478/466/466 733/452/452 891/465/465
f 891/465/465 248/460/460 746/462/462
f 496/467/467 478/466/466 130/464/464
f 131/134/134 892/468/468 496/467/467
f 479/136/136 477/428/428 892/468/468
f 892/468/468 120/441/441 478/466/466
f 444/388/388 482/469/469 97/389/389
f 444/388/388 440/138/138 893/470/470
f 893/470/470 125/58/58 487/57/57
f 893/470/470 123/82/82 482/469/469
f 894/471/471 488/472/472 948/473/473
f 98/222/222 894/471/471 594/393/393
f 483/382/382 595/175/175 894/471/471
f 356/374/374 949/392/392 589/372/372
f 97/389/389 895/364/364 446/395/395
f 482/469/469 489/77/77 895/364/364
f 276/474/474 896/475/475 494/476/476
f 797/477/477 495/478/478 896/475/475
f 495/478/478 496/467/467 896/475/475
f 896/475/475 130/464/464 494/476/476
f 283/479/479 897/480/480 745/481/481
f 796/482/482 494/476/476 897/480/480
f 494/476/476 736/461/461 897/480/480
f 897/480/480 251/463/463 745/481/481
f 795/483/483 730/484/484 282/485/485
f 275/486/486 898/487/487 795/483/483
f 493/488/488 721/430/430 898/487/487
f 898/487/487 242/432/432 730/484/484
f 794/489/489 492/490/490 274/403/403
f 273/491/491 899/492/492 794/489/489
f 491/493/493 499/415/415 899/492/492
f 899/492/492 128/417/417 492/490/490
f 232/333/333 900/494/494 454/331/331
f 715/495/495 500/496/496 900/494/494
f 900/494/494 128/417/417 450/416/416
f 454/331/331 450/416/416 103/410/410
f 270/67/67 901/497/497 793/498/498
f 771/66/66 486/381/381 901/497/497
f 901/497/497 122/384/384 769/144/144
f 793/498/498 769/144/144 268/142/142
f 792/499/499 491/493/493 273/491/491
f 1012/500/500 498/501/501 902/502/502
f 514/503/503 903/504/504 498/501/501
f 902/502/502 127/418/418 491/493/493
f 498/501/501 449/420/420 127/418/418
f 1013/505/505 513/506/506 903/504/504
f 718/507/507 512/459/459 513/506/506
f 903/504/504 102/411/411 449/420/420
f 687/508/508 219/509/509 214/510/510
f 513/506/506 104/407/407 102/411/411
f 671/511/511 211/512/512 219/509/509
f 512/459/459 24/513/513 104/407/407
f 144/514/514 904/515/515 516/516/516
f 552/517/517 515/518/518 904/515/515
f 904/515/515 133/519/519 503/520/520
f 516/516/516 503/520/520 134/521/521
f 145/522/522 905/523/523 517/524/524
f 551/525/525 516/516/516 905/523/523
f 905/523/523 134/521/521 504/526/526
f 517/524/524 504/526/526 135/527/527
f 146/528/528 906/529/529 518/530/530
f 550/531/531 517/524/524 906/529/529
f 906/529/529 135/527/527 505/532/532
f 518/530/530 505/532/532 136/533/533
f 147/534/534 907/535/535 624/536/536
f 549/537/537 518/530/530 907/535/535
f 907/535/535 136/533/533 622/538/538
f 624/536/536 622/538/538 177/539/539
f 148/540/540 908/541/541 519/542/542
f 548/543/543 624/536/536 908/541/541
f 908/541/541 177/539/539 623/544/544
f 908/541/541 137/545/545 519/542/542
f 149/546/546 909/547/547 520/548/548
f 547/549/549 519/542/542 909/547/547
f 519/542/542 506/550/550 909/547/547
f 909/547/547 138/551/551 520/548/548
f 546/552/552 521/553/553 150/554/554
f 546/552/552 520/548/548 910/555/555
f 520/548/548 507/556/556 910/555/555
f 910/555/555 139/557/557 521/553/553
f 545/558/558 522/559/559 151/560/560
f 150/554/554 911/561/561 545/558/558
f 521/553/553 508/562/562 911/561/561
f 911/561/561 140/563/563 522/559/559
f 544/564/564 523/565/565 152/566/566
f 151/560/560 912/567/567 544/564/564
f 522/559/559 509/568/568 912/567/567
f 912/567/567 141/569/569 523/565/565
f 737/570/570 744/571/571 252/572/572
f 152/566/566 913/573/573 737/570/570
f 523/565/565 740/574/574 913/573/573
f 913/573/573 255/575/575 744/571/571
f 722/576/576 729/577/577 243/578/578
f 153/579/579 914/580/580 722/576/576
f 626/581/581 611/582/582 914/580/580
f 914/580/580 245/583/583 729/577/577
f 541/584/584 627/585/585 154/586/586
f 1011/587/587 614/588/588 915/589/589
f 510/590/590 1037/591/591 300/592/592
f 627/585/585 614/588/588 186/593/593
f 155/594/594 916/595/595 628/596/596
f 540/597/597 627/585/585 916/595/595
f 916/595/595 186/593/593 617/598/598
f 628/596/596 617/598/598 188/599/599
f 234/600/600 917/601/601 714/602/602
f 707/603/603 628/596/596 917/601/601
f 917/601/601 188/599/599 620/604/604
f 714/602/602 620/604/604 236/605/605
f 708/606/606 713/607/607 235/608/608
f 170/609/609 918/610/610 708/606/606
f 537/611/611 707/603/603 918/610/610
f 918/610/610 234/600/600 713/607/607
f 170/609/609 919/612/612 537/611/611
f 566/613/613 536/614/614 919/612/612
f 919/612/612 154/586/586 540/597/597
f 537/611/611 540/597/597 155/594/594
f 565/456/456 536/614/614 169/615/615
f 1010/616/616 541/584/584 920/455/455
f 511/617/617 945/618/618 302/458/458
f 920/455/455 154/586/586 536/614/614
f 723/619/619 728/620/620 244/621/621
f 168/622/622 921/623/623 723/619/619
f 535/624/624 722/576/576 921/623/623
f 921/623/623 243/578/578 728/620/620
f 738/625/625 743/626/626 253/627/627
f 167/628/628 922/629/629 738/625/625
f 534/630/630 737/570/570 922/629/629
f 922/629/629 252/572/572 743/626/626
f 562/631/631 534/630/630 167/628/628
f 562/631/631 533/632/632 923/633/633
f 533/632/632 544/564/564 923/633/633
f 923/633/633 152/566/566 534/630/630
f 166/634/634 924/635/635 533/632/632
f 561/636/636 532/637/637 924/635/635
f 924/635/635 150/554/554 545/558/558
f 533/632/632 545/558/558 151/560/560
f 165/638/638 925/639/639 532/637/637
f 560/640/640 531/641/641 925/639/639
f 925/639/639 149/546/546 546/552/552
f 532/637/637 546/552/552 150/554/554
f 164/642/642 926/643/643 531/641/641
f 559/644/644 530/645/645 926/643/643
f 926/643/643 148/540/540 547/549/549
f 531/641/641 547/549/549 149/546/546
f 163/646/646 927/647/647 530/645/645
f 558/648/648 529/649/649 927/647/647
f 927/647/647 147/534/534 548/543/543
f 530/645/645 548/543/543 148/540/540
f 162/650/650 928/651/651 529/649/649
f 557/652/652 528/653/653 928/651/651
f 928/651/651 146/528/528 549/537/537
f 529/649/649 549/537/537 147/534/534
f 161/654/654 929/655/655 528/653/653
f 556/656/656 527/657/657 929/655/655
f 929/655/655 145/522/522 550/531/531
f 528/653/653 550/531/531 146/528/528
f 160/658/658 930/659/659 527/657/657
f 555/660/660 526/661/661 930/659/659
f 930/659/659 144/514/514 551/525/525
f 527/657/657 551/525/525 145/522/522
f 159/662/662 931/663/663 526/661/661
f 554/664/664 525/665/665 931/663/663
f 931/663/663 143/666/666 552/517/517
f 526/661/661 552/517/517 144/514/514
f 195/667/667 932/668/668 647/669/669
f 502/670/670 515/518/518 932/668/668
f 932/668/668 143/666/666 642/671/671
f 647/669/669 642/671/671 196/672/672
f 648/673/673 568/674/674 197/675/675
f 192/250/250 933/676/676 648/673/673
f 383/677/677 569/678/678 933/676/676
f 933/676/676 157/679/679 568/674/674
f 382/245/245 571/680/680 20/281/281
f 382/245/245 570/681/681 934/682/682
f 934/682/682 158/683/683 554/664/664
f 571/680/680 554/664/664 159/662/662
f 295/320/320 572/684/684 19/318/318
f 20/281/281 935/685/685 295/320/320
f 935/685/685 159/662/662 555/660/660
f 935/685/685 160/658/658 572/684/684
f 298/337/337 573/686/686 48/335/335
f 19/318/318 936/687/687 298/337/337
f 936/687/687 160/658/658 556/656/656
f 936/687/687 161/654/654 573/686/686
f 361/327/327 574/688/688 18/285/285
f 48/335/335 937/689/689 361/327/327
f 573/686/686 557/652/652 937/689/689
f 937/689/689 162/650/650 574/688/688
f 297/283/283 575/690/690 16/316/316
f 18/285/285 938/691/691 297/283/283
f 574/688/688 558/648/648 938/691/691
f 938/691/691 163/646/646 575/690/690
f 299/351/351 576/692/692 86/349/349
f 16/316/316 939/693/693 299/351/351
f 939/693/693 163/646/646 559/644/644
f 576/692/692 559/644/644 164/642/642
f 424/341/341 577/694/694 15/339/339
f 86/349/349 940/695/695 424/341/341
f 940/695/695 164/642/642 560/640/640
f 577/694/694 560/640/640 165/638/638
f 294/423/423 578/696/696 93/437/437
f 15/339/339 941/697/697 294/423/423
f 941/697/697 165/638/638 561/636/636
f 578/696/696 561/636/636 166/634/634
f 453/439/439 579/698/698 119/453/453
f 93/437/437 942/699/699 453/439/439
f 578/696/696 562/631/631 942/699/699
f 942/699/699 167/628/628 579/698/698
f 475/700/700 742/701/701 249/355/355
f 119/453/453 943/702/702 475/700/700
f 579/698/698 738/625/625 943/702/702
f 943/702/702 253/627/627 742/701/701
f 720/413/413 727/703/703 241/425/425
f 14/376/376 944/704/704 720/413/413
f 580/705/705 723/619/619 944/704/704
f 944/704/704 244/621/621 727/703/703
f 302/458/458 581/706/706 24/513/513
f 1009/707/707 565/456/456 945/618/618
f 612/708/708 971/709/709 970/710/710
f 945/618/618 169/615/615 581/706/706
f 303/408/408 582/711/711 25/406/406
f 24/513/513 946/712/712 303/408/408
f 581/706/706 566/613/613 946/712/712
f 946/712/712 170/609/609 582/711/711
f 196/672/672 947/713/713 646/714/714
f 642/671/671 525/665/665 947/713/713
f 947/713/713 158/683/683 643/715/715
f 646/714/714 643/715/715 197/675/675
f 445/391/391 293/716/716 94/717/717
f 948/473/473 121/718/718 293/716/716
f 589/372/372 314/719/719 1/720/720
f 949/392/392 94/717/717 314/719/719
f 1/720/720 950/394/394 589/372/372
f 427/721/721 593/298/298 950/394/394
f 89/722/722 951/371/371 593/298/298
f 407/723/723 592/170/170 951/371/371
f 317/297/297 315/724/724 3/7/7
f 952/293/293 38/725/725 315/724/724
f 46/264/264 953/296/296 584/276/276
f 364/263/263 591/4/4 953/296/296
f 256/726/726 954/1/1 759/176/176
f 4/727/727 954/1/1 286/728/728
f 73/729/729 955/730/730 592/170/170
f 284/731/731 320/117/117 955/730/730
f 354/169/169 347/732/732 38/725/725
f 956/118/118 2/733/733 347/732/732
f 271/734/734 957/174/174 791/62/62
f 480/735/735 488/472/472 957/174/174
f 72/184/184 958/736/736 591/4/4
f 398/183/183 585/294/294 958/736/736
f 195/667/667 959/737/737 645/738/738
f 641/739/739 598/740/740 959/737/737
f 959/737/737 172/741/741 644/742/742
f 645/738/738 644/742/742 198/743/743
f 597/744/744 503/520/520 133/519/519
f 173/745/745 960/746/746 597/744/744
f 599/747/747 630/748/748 960/746/746
f 960/746/746 134/521/521 503/520/520
f 630/748/748 504/526/526 134/521/521
f 174/749/749 961/750/750 630/748/748
f 600/751/751 631/752/752 961/750/750
f 961/750/750 135/527/527 504/526/526
f 631/752/752 505/532/532 135/527/527
f 175/753/753 962/754/754 631/752/752
f 601/755/755 632/756/756 962/754/754
f 962/754/754 136/533/533 505/532/532
f 632/756/756 622/538/538 136/533/533
f 176/757/757 963/758/758 632/756/756
f 603/759/759 602/760/760 963/758/758
f 963/758/758 177/539/539 622/538/538
f 177/539/539 964/761/761 623/544/544
f 602/760/760 604/762/762 964/761/761
f 964/761/761 179/763/763 633/764/764
f 623/544/544 633/764/764 137/545/545
f 137/545/545 965/765/765 506/550/550
f 633/764/764 605/766/766 965/765/765
f 965/765/765 180/767/767 634/768/768
f 506/550/550 634/768/768 138/551/551
f 138/551/551 966/769/769 507/556/556
f 634/768/768 606/770/770 966/769/769
f 966/769/769 181/771/771 635/772/772
f 507/556/556 635/772/772 139/557/557
f 139/557/557 967/773/773 508/562/562
f 635/772/772 607/774/774 967/773/773
f 967/773/773 182/775/775 636/776/776
f 508/562/562 636/776/776 140/563/563
f 140/563/563 968/777/777 509/568/568
f 636/776/776 608/778/778 968/777/777
f 608/778/778 637/779/779 968/777/777
f 509/568/568 637/779/779 141/569/569
f 255/575/575 969/780/780 625/781/781
f 741/782/782 610/783/783 969/780/780
f 969/780/780 185/784/784 609/785/785
f 625/781/781 609/785/785 184/786/786
f 245/583/583 970/710/710 724/787/787
f 726/788/788 612/708/708 970/710/710
f 970/710/710 614/588/588 724/787/787
f 542/789/789 915/589/589 541/584/584
f 615/790/790 613/791/791 971/709/709
f 971/709/709 186/593/593 614/588/588
f 613/791/791 617/598/598 186/593/593
f 187/792/792 972/793/793 613/791/791
f 618/794/794 616/795/795 972/793/793
f 972/793/793 188/599/599 617/598/598
f 236/605/605 973/796/796 709/797/797
f 237/798/798 973/796/796 712/799/799
f 973/796/796 191/800/800 619/801/801
f 709/797/797 619/801/801 190/802/802
f 133/519/519 974/803/803 597/744/744
f 502/670/670 645/738/738 974/803/803
f 974/803/803 198/743/743 596/804/804
f 597/744/744 596/804/804 173/745/745
f 197/675/675 975/805/805 648/673/673
f 643/715/715 570/681/681 975/805/805
f 975/805/805 60/242/242 638/253/253
f 648/673/673 638/253/253 192/250/250
f 142/806/806 976/807/807 524/808/808
f 553/809/809 646/714/714 976/807/807
f 976/807/807 197/675/675 568/674/674
f 524/808/808 568/674/674 157/679/679
f 132/810/810 977/811/811 501/812/812
f 641/739/739 647/669/669 977/811/811
f 977/811/811 196/672/672 553/809/809
f 501/812/812 553/809/809 142/806/806
f 61/813/813 978/814/814 390/815/815
f 383/677/677 649/252/252 978/814/814
f 978/814/814 194/255/255 393/816/816
f 390/815/815 393/816/816 66/817/817
f 262/818/818 979/819/819 388/820/820
f 758/821/821 650/230/230 979/819/819
f 650/230/230 386/822/822 979/819/819
f 979/819/819 65/823/823 388/820/820
f 59/824/824 980/197/197 309/217/217
f 653/825/825 654/195/195 980/197/197
f 56/200/200 981/220/220 370/79/79
f 200/211/211 981/220/220 652/208/208
f 58/826/826 982/827/827 651/828/828
f 379/829/829 380/209/209 982/827/827
f 982/827/827 200/211/211 656/207/207
f 651/828/828 656/207/207 199/204/204
f 702/404/404 711/830/830 229/379/379
f 25/406/406 983/831/831 702/404/404
f 582/711/711 708/606/606 983/831/831
f 983/831/831 235/608/608 711/830/830
f 671/511/511 220/832/832 224/833/833
f 204/834/834 675/835/835 676/836/836
f 676/836/836 214/510/510 219/509/509
f 691/837/837 101/838/838 99/839/839
f 662/840/840 677/841/841 209/842/842
f 207/843/843 984/844/844 662/840/840
f 674/845/845 681/846/846 984/844/844
f 984/844/844 218/847/847 677/841/841
f 661/848/848 678/849/849 210/850/850
f 209/842/842 985/851/851 661/848/848
f 677/841/841 682/852/852 985/851/851
f 985/851/851 217/853/853 678/849/849
f 278/854/854 986/855/855 790/856/856
f 657/857/857 673/858/858 986/855/855
f 986/855/855 212/859/859 780/860/860
f 790/856/856 780/860/860 279/861/861
f 208/862/862 987/863/863 680/864/864
f 660/865/865 672/866/866 987/863/863
f 987/863/863 211/512/512 684/867/867
f 680/864/864 684/867/867 215/868/868
f 205/869/869 988/870/870 675/835/835
f 658/871/871 679/872/872 988/870/870
f 988/870/870 216/873/873 685/874/874
f 675/835/835 685/874/874 214/510/510
f 681/846/846 670/875/875 218/847/847
f 213/876/876 989/877/877 681/846/846
f 688/878/878 701/879/879 989/877/877
f 989/877/877 225/880/880 670/875/875
f 682/852/852 669/881/881 217/853/853
f 218/847/847 990/882/882 682/852/852
f 670/875/875 700/883/883 990/882/882
f 990/882/882 226/884/884 669/881/881
f 279/861/861 991/885/885 789/886/886
f 780/860/860 689/887/887 991/885/885
f 991/885/885 222/888/888 699/889/889
f 789/886/886 699/889/889 280/890/890
f 215/868/868 992/891/891 667/892/892
f 684/867/867 690/893/893 992/891/891
f 992/891/891 223/894/894 698/895/895
f 667/892/892 698/895/895 228/896/896
f 214/510/510 993/897/897 687/508/508
f 685/874/874 668/898/898 993/897/897
f 993/897/897 227/899/899 697/900/900
f 687/508/508 697/900/900 220/832/832
f 686/901/901 688/878/878 213/876/876
f 215/868/868 994/902/902 686/901/901
f 667/892/892 696/903/903 994/902/902
f 994/902/902 221/904/904 688/878/878
f 690/893/893 224/833/833 223/894/894
f 202/905/905 676/836/836 672/866/866
f 672/866/866 219/509/509 211/512/512
f 666/906/906 99/839/839 26/907/907
f 691/837/837 223/894/894 224/833/833
f 26/907/907 704/908/908 304/909/909
f 171/910/910 995/911/911 695/912/912
f 538/913/913 664/914/914 995/911/911
f 664/914/914 696/903/903 995/911/911
f 995/911/911 228/896/896 695/912/912
f 126/915/915 996/916/916 694/917/917
f 490/918/918 663/919/919 996/916/916
f 996/916/916 220/832/832 697/900/900
f 694/917/917 697/900/900 227/899/899
f 26/907/907 997/920/920 666/906/906
f 583/921/921 695/912/912 997/920/920
f 997/920/920 228/896/896 698/895/895
f 666/906/906 698/895/895 223/894/894
f 267/922/922 998/923/923 788/924/924
f 768/925/925 694/917/917 998/923/923
f 998/923/923 227/899/899 781/926/926
f 788/924/924 781/926/926 280/890/890
f 190/802/802 999/927/927 692/928/928
f 619/801/801 693/929/929 999/927/927
f 693/929/929 700/883/883 999/927/927
f 999/927/927 225/880/880 692/928/928
f 156/930/930 1000/931/931 664/914/914
f 629/932/932 692/928/928 1000/931/931
f 692/928/928 701/879/879 1000/931/931
f 1000/931/931 221/904/904 664/914/914
f 663/919/919 224/833/833 220/832/832
f 99/839/839 705/933/933 704/908/908
f 659/934/934 674/845/845 207/843/843
f 208/862/862 1001/935/935 659/934/934
f 680/864/864 686/901/901 1001/935/935
f 1001/935/935 213/876/876 674/845/845
f 304/909/909 583/921/921 26/907/907
f 229/379/379 1002/936/936 304/909/909
f 711/830/830 567/937/937 1002/936/936
f 1002/936/936 171/910/910 583/921/921
f 616/795/795 620/604/604 188/599/599
f 189/938/938 1003/939/939 616/795/795
f 710/940/940 712/799/799 1003/939/939
f 1003/939/939 236/605/605 620/604/604
f 567/937/937 538/913/913 171/910/910
f 235/608/608 1004/941/941 567/937/937
f 713/607/607 539/942/942 1004/941/941
f 1004/941/941 156/930/930 538/913/913
f 539/942/942 629/932/932 156/930/930
f 234/600/600 1005/943/943 539/942/942
f 714/602/602 709/797/797 1005/943/943
f 1005/943/943 190/802/802 629/932/932
f 101/838/838 1006/944/944 705/933/933
f 490/918/918 706/945/945 1006/944/944
f 1006/944/944 233/946/946 715/495/495
f 705/933/933 715/495/495 232/333/333
f 704/908/908 232/333/333 231/332/332
f 239/429/429 717/457/457 718/507/507
f 304/909/909 231/332/332 229/379/379
f 238/426/426 511/617/617 717/457/457
f 267/922/922 1007/947/947 787/948/948
f 305/949/949 307/950/950 1007/947/947
f 1007/947/947 230/951/951 782/399/399
f 787/948/948 782/399/399 281/396/396
f 184/786/786 1008/952/952 611/582/582
f 609/785/785 725/953/953 1008/952/952
f 1008/952/952 246/954/954 726/788/788
f 611/582/582 726/788/788 245/583/583
f 241/425/425 1009/707/707 511/617/617
f 727/703/703 564/454/454 1009/707/707
f 244/621/621 1010/616/616 564/454/454
f 728/620/620 542/789/789 1010/616/616
f 243/578/578 1011/587/587 542/789/789
f 729/577/577 724/787/787 1011/587/587
f 282/485/485 1012/500/500 786/955/955
f 730/484/484 514/503/503 1012/500/500
f 242/432/432 1013/505/505 514/503/503
f 731/431/431 718/507/507 1013/505/505
f 248/460/460 735/375/375 459/956/956
f 475/700/700 118/440/440 119/453/453
f 141/569/569 1014/957/957 740/574/574
f 637/779/779 739/958/958 1014/957/957
f 1014/957/957 254/959/959 741/782/782
f 740/574/574 741/782/782 255/575/575
f 734/353/353 580/705/705 14/376/376
f 249/355/355 1015/960/960 734/353/353
f 742/701/701 563/961/961 1015/960/960
f 1015/960/960 168/622/622 580/705/705
f 563/961/961 535/624/624 168/622/622
f 253/627/627 1016/962/962 563/961/961
f 743/626/626 543/963/963 1016/962/962
f 1016/962/962 153/579/579 535/624/624
f 543/963/963 626/581/581 153/579/579
f 252/572/572 1017/964/964 543/963/963
f 744/571/571 625/781/781 1017/964/964
f 1017/964/964 184/786/786 626/581/581
f 785/965/965 493/488/488 275/486/486
f 785/965/965 745/481/481 1018/966/966
f 745/481/481 497/967/967 1018/966/966
f 1018/966/966 129/433/433 493/488/488
f 497/967/967 452/435/435 129/433/433
f 251/463/463 1019/968/968 497/967/967
f 746/462/462 459/956/956 1019/968/968
f 1019/968/968 106/421/421 452/435/435
f 111/969/969 755/970/970 756/971/971
f 459/956/956 105/377/377 106/421/421
f 476/451/451 249/355/355 250/354/354
f 79/972/972 389/239/239 755/970/970
f 66/817/817 1020/973/973 753/974/974
f 393/816/816 757/975/975 1020/973/973
f 1020/973/973 266/228/228 758/821/821
f 753/974/974 758/821/821 262/818/818
f 33/280/280 1021/275/275 316/278/278
f 747/976/976 759/176/176 1021/275/275
f 1025/977/977 316/278/278 1021/275/275
f 955/730/730 586/122/122 842/171/171
f 22/151/151 1022/978/978 306/148/148
f 461/979/979 756/971/971 1022/978/978
f 1022/978/978 265/328/328 760/446/446
f 306/148/148 760/446/446 257/146/146
f 756/971/971 264/329/329 265/328/328
f 755/970/970 263/980/980 264/329/329
f 62/249/249 1023/981/981 752/982/982
f 392/248/248 754/983/983 1023/981/981
f 1023/981/981 263/980/980 761/238/238
f 752/982/982 761/238/238 261/236/236
f 194/255/255 1024/984/984 757/975/975
f 640/254/254 752/982/982 1024/984/984
f 1024/984/984 261/236/236 762/231/231
f 757/975/975 762/231/231 266/228/228
f 1025/977/977 260/18/18 362/985/985
f 584/276/276 362/985/985 46/264/264
f 10/448/448 1026/986/986 748/445/445
f 341/272/272 750/987/987 1026/986/986
f 1026/986/986 259/131/131 764/149/149
f 748/445/445 764/149/149 257/146/146
f 42/266/266 1027/221/221 750/987/987
f 1027/221/221 766/87/87 765/94/94
f 369/50/50 1045/988/988 376/48/48
f 750/987/987 765/94/94 259/131/131
f 28/259/259 1028/989/989 326/215/215
f 308/990/990 766/87/87 1028/989/989
f 46/264/264 1029/991/991 352/261/261
f 362/985/985 767/20/20 1029/991/991
f 1029/991/991 258/25/25 308/990/990
f 352/261/261 308/990/990 28/259/259
f 13/992/992 1030/993/993 776/994/994
f 292/995/995 784/996/996 1030/993/993
f 1030/993/993 283/479/479 785/965/965
f 776/994/994 785/965/965 275/486/486
f 1031/997/997 792/499/499 1037/591/591
f 240/998/998 1031/997/997 510/590/590
f 783/999/999 786/955/955 1031/997/997
f 510/1000/1000 1135/1001/1001 1167/1002/1002
f 126/915/915 1032/1003/1003 706/945/945
f 768/925/925 787/948/948 1032/1003/1003
f 1032/1003/1003 281/396/396 716/1004/1004
f 706/945/945 716/1004/1004 233/946/946
f 27/1005/1005 1033/1006/1006 665/1007/1007
f 305/949/949 788/924/924 1033/1006/1006
f 1033/1006/1006 280/890/890 699/889/889
f 665/1007/1007 699/889/889 222/888/888
f 216/873/873 1034/1008/1008 668/898/898
f 683/1009/1009 789/886/886 1034/1008/1008
f 1034/1008/1008 280/890/890 781/926/926
f 668/898/898 781/926/926 227/899/899
f 206/1010/1010 1035/1011/1011 679/872/872
f 779/1012/1012 790/856/856 1035/1011/1011
f 1035/1011/1011 279/861/861 683/1009/1009
f 679/872/872 683/1009/1009 216/873/873
f 5/1013/1013 1036/123/123 590/1014/1014
f 772/1015/1015 791/62/62 1036/123/123
f 1047/1016/1016 590/1014/1014 1036/123/123
f 958/736/736 317/297/297 814/5/5
f 300/592/592 774/1017/1017 21/1018/1018
f 1037/591/591 273/491/491 774/1017/1017
f 52/187/187 1038/1019/1019 323/185/185
f 359/1020/1020 793/498/498 1038/1019/1019
f 1038/1019/1019 268/142/142 322/1021/1021
f 323/185/185 322/1021/1021 6/188/188
f 301/1022/1022 775/402/402 23/401/401
f 21/1018/1018 1039/1023/1023 301/1022/1022
f 774/1017/1017 794/489/489 1039/1023/1023
f 1039/1023/1023 274/403/403 775/402/402
f 719/1024/1024 783/999/999 240/998/998
f 719/1024/1024 776/994/994 1040/1025/1025
f 1040/1025/1025 275/486/486 795/483/483
f 1040/1025/1025 282/485/485 783/999/999
f 247/1026/1026 1041/1027/1027 784/996/996
f 732/1028/1028 777/1029/1029 1041/1027/1027
f 1041/1027/1027 276/474/474 796/482/482
f 784/996/996 796/482/482 283/479/479
f 12/1030/1030 1042/1031/1031 777/1029/1029
f 291/1032/1032 778/71/71 1042/1031/1031
f 1042/1031/1031 277/68/68 797/477/477
f 777/1029/1029 797/477/477 276/474/474
f 233/946/946 1043/1033/1033 500/496/496
f 716/1004/1004 798/398/398 1043/1033/1033
f 1043/1033/1033 274/403/403 492/490/490
f 500/496/496 492/490/490 128/417/417
f 6/188/188 1044/1034/1034 369/50/50
f 322/1021/1021 799/143/143 1044/1034/1034
f 371/1035/1035 1138/1036/1036 309/1037/1037
f 1044/1034/1034 800/75/75 1045/988/988
f 376/48/48 350/1038/1038 41/198/198
f 1045/988/988 269/54/54 350/1038/1038
f 131/134/134 1046/1039/1039 344/137/137
f 495/478/478 801/70/70 1046/1039/1039
f 1046/1039/1039 272/53/53 484/52/52
f 344/137/137 484/52/52 125/58/58
f 1047/1016/1016 270/67/67 359/1020/1020
f 357/1040/1040 359/1020/1020 52/187/187
f 340/203/203 773/74/74 35/73/73
f 41/198/198 1048/1041/1041 340/203/203
f 350/1038/1038 803/51/51 1048/1041/1041
f 1048/1041/1041 272/53/53 773/74/74
f 811/1042/1042 204/1043/834 202/1044/905
f 805/1045/1043 205/1046/869 204/1043/834
f 662/1047/840 810/1048/1044 207/1049/843
f 209/1050/842 1049/1051/1045 662/1047/840
f 203/1052/1046 1050/1053/1047 809/1054/1048
f 657/1055/857 806/1056/1049 1050/1053/1047
f 206/1057/1010 1051/1058/1050 812/1059/1051
f 658/1060/871 807/1061/1052 1051/1058/1050
f 661/1062/848 808/1063/1053 209/1050/842
f 210/1064/850 1052/1065/1054 661/1062/848
f 278/1066/854 1053/1067/1055 806/1056/1049
f 779/1068/1012 812/1059/1051 1053/1067/1055
f 202/1044/905 1054/1069/1056 811/1042/1042
f 660/1070/865 804/1071/1057 1054/1069/1056
f 659/1072/934 804/1071/1057 208/1073/862
f 207/1049/843 1055/1074/1058 659/1072/934
f 79/1075/1059 1091/1076/1060 1088/1077/1061
f 79/1075/1059 1082/1078/1062 63/1079/1062
f 73/1080/1063 1130/1081/1064 284/1082/1065
f 284/1082/1065 1057/1083/1066 2/1084/1067
f 286/1085/1068 1127/1086/1069 1131/1087/1070
f 286/1085/1068 1059/1088/1071 4/1089/1072
f 291/1090/1073 1061/1091/1074 11/1092/1075
f 12/1093/1076 1132/1094/1077 291/1090/1073
f 247/1095/1078 1133/1096/1079 1125/1097/1078
f 292/1098/1080 1063/1099/1081 1133/1096/1079
f 121/1100/1082 1134/1101/1083 293/1102/1084
f 293/1102/1084 1090/1103/1085 94/1104/1086
f 612/1105/1087 1185/1106/1088 615/1107/1089
f 300/1108/1090 1064/1109/1091 1135/1001/1001
f 21/1110/1091 1136/1111/1092 1064/1109/1091
f 23/1112/1093 1136/1111/1092 301/1113/1094
f 307/1114/1095 1121/1115/1096 230/1116/1097
f 307/1114/1095 1067/1117/1098 1137/1118/1099
f 309/1037/1037 1080/1119/1100 59/1120/1101
f 330/1121/1102 1140/1122/1103 1144/1123/1104
f 45/1124/1105 1139/1125/1106 311/1126/1107
f 31/1127/1108 1139/1128/1106 1068/1129/1109
f 312/1130/1110 1068/1129/1109 1140/1122/1103
f 70/1131/1111 1141/1132/1112 313/1133/1113
f 313/1133/1113 1069/1134/1114 33/1135/1114
f 94/1104/1086 1142/1136/1115 314/1137/1116
f 314/1137/1116 1056/1138/1117 1/1139/1118
f 38/1140/1119 1143/1141/1120 315/1142/1121
f 315/1142/1121 1058/1143/1122 3/1144/1123
f 330/1121/1102 1071/1145/1124 39/1146/1125
f 338/1147/1126 1065/1148/1127 22/1149/1128
f 39/1146/1125 1145/1150/1129 338/1147/1126
f 347/1151/1130 1057/1083/1066 1146/1152/1131
f 347/1151/1130 1070/1153/1132 38/1140/1119
f 357/1154/1133 1171/1155/1134 590/1156/1135
f 45/1124/1105 1147/61/61 1072/1157/1136
f 357/1154/1133 1074/1158/1137 1148/1159/1138
f 365/1160/1139 1076/1161/1140 54/1162/1141
f 53/1163/1142 1149/1164/1143 365/1160/1139
f 366/1165/1144 1076/1161/1140 1150/1166/1145
f 52/1167/1146 1150/1166/1145 1074/1158/1137
f 55/1168/1147 1151/1169/1148 371/1035/1035
f 373/1170/1149 1113/1171/1150 199/1172/1151
f 57/1173/1152 1152/1174/1153 373/1170/1149
f 374/1175/1154 1073/1176/1155 51/1177/1155
f 11/1092/1075 1153/1178/1156 374/1175/1154
f 377/1179/1157 1078/1180/1158 57/1173/1152
f 377/1179/1157 1073/1176/1155 1154/1181/1159
f 379/1182/1160 1077/1183/1161 55/1168/1147
f 58/1184/1162 1155/1185/1163 379/1182/1160
f 381/1186/1164 1114/1187/1165 1156/1188/1166
f 381/1186/1164 1075/1189/1167 53/1163/1142
f 385/1190/1168 1082/1078/1062 1157/1191/1169
f 64/1192/1170 1157/1191/1169 1083/1193/1171
f 386/1194/1172 1111/1195/1173 1158/1196/1174
f 386/1194/1172 1084/1197/1175 65/1198/1176
f 388/1199/1177 1128/1200/1178 262/1201/1179
f 65/1198/1176 1159/1202/1180 388/1203/1177
f 61/1204/1181 1160/1205/1182 1081/1206/1183
f 390/1207/1184 1085/1208/1185 1160/1205/1182
f 396/1209/1186 1058/1143/1122 1161/1210/1187
f 70/1131/1111 1161/1210/1187 1086/1211/1188
f 89/1212/1189 1162/1213/1190 407/1214/1191
f 407/1214/1191 1087/1215/1192 73/1216/1063
f 427/1217/1193 1056/1138/1117 1163/1218/1194
f 89/1212/1189 1163/1218/1194 1089/1219/1195
f 22/1149/1128 1164/1220/1196 461/1221/1197
f 111/1222/1198 1164/1223/1196 1091/1076/1060
f 480/1224/1199 1129/1225/1200 1165/1226/1201
f 121/1100/1082 1165/1226/1201 1092/1227/1082
f 501/1228/1202 1094/1229/1203 1166/1230/1204
f 132/1231/1205 1166/1230/1204 1093/1232/1206
f 510/1000/1000 1123/1233/1207 240/1234/1208
f 524/1235/1209 1095/1236/1210 1168/1237/1211
f 142/1238/1212 1168/1237/1211 1094/1229/1203
f 569/1239/1213 1081/1206/1183 1169/1240/1214
f 157/1241/1215 1169/1240/1214 1095/1236/1210
f 4/1089/1072 1170/60/60 587/1242/1216
f 590/1243/1135 1060/1244/1217 5/1245/1218
f 198/1246/1219 1172/1247/1220 596/1248/1221
f 596/1248/1221 1097/1249/1222 173/1250/1223
f 598/1251/1224 1093/1232/1206 1173/1252/1225
f 172/1253/1226 1173/1252/1225 1096/1254/1227
f 173/1250/1223 1174/1255/1228 599/1256/1228
f 174/1257/1229 1174/1255/1228 1098/1258/1230
f 174/1257/1229 1175/1259/1231 600/1260/1232
f 600/1260/1232 1099/1261/1233 175/1262/1234
f 601/1263/1235 1099/1261/1233 1176/1264/1236
f 176/1265/1237 1176/1264/1236 1100/1266/1238
f 176/1265/1237 1177/1267/1239 603/1268/1239
f 603/1268/1239 1101/1269/1240 178/1270/1241
f 604/1271/1242 1101/1269/1240 1178/1272/1243
f 179/1273/1244 1178/1272/1243 1102/1274/1245
f 605/1275/1246 1102/1274/1245 1179/1276/1247
f 605/1275/1246 1103/1277/1248 180/1278/1249
f 606/1279/1250 1103/1277/1248 1180/1280/1251
f 181/1281/1252 1180/1280/1251 1104/1282/1253
f 181/1281/1252 1181/1283/1254 607/1284/1254
f 607/1284/1254 1105/1285/1255 182/1286/1256
f 608/1287/1257 1105/1285/1255 1182/1288/1258
f 183/1289/1259 1182/1288/1258 1106/1290/1260
f 610/1291/1261 1126/1292/1262 1183/1293/1263
f 185/1294/1264 1183/1295/1263 1107/1296/1265
f 246/1297/1266 1184/1298/1267 612/1105/1087
f 615/1107/1089 1108/1299/1268 187/1300/1269
f 187/1300/1269 1186/1301/1270 618/1302/1271
f 618/1302/1271 1109/1303/1272 189/1304/1272
f 237/1305/1273 1187/1306/1274 621/1307/1275
f 191/1308/1276 1187/1306/1274 1110/1309/1277
f 639/1310/1278 1083/1193/1171 1188/1311/1279
f 193/1312/1280 1188/1311/1279 1111/1195/1173
f 644/1313/1281 1096/1254/1227 1189/1314/1282
f 644/1313/1281 1112/1315/1283 198/1246/1219
f 651/1316/1284 1079/1317/1285 58/1184/1162
f 199/1172/1151 1190/1318/1286 651/1319/1284
f 653/1320/1287 1080/1119/1100 1191/1321/1288
f 201/1322/1289 1191/1321/1288 1114/1187/1165
f 222/1323/1290 1192/1324/1291 665/1325/1292
f 27/1326/1293 1192/1327/1291 1067/1117/1098
f 226/1328/1294 1193/1329/1295 669/1330/1296
f 669/1330/1296 1118/1331/1297 217/1332/1298
f 673/1333/1299 1115/1334/1300 1194/1335/1301
f 212/1336/1302 1194/1335/1301 1117/1337/1303
f 217/1332/1298 1195/1338/1304 678/1339/1305
f 678/1339/1305 1116/1340/1306 210/1341/1307
f 689/1342/1308 1117/1337/1303 1196/1343/1309
f 222/1323/1290 1196/1343/1309 1119/1344/1310
f 693/1345/1311 1110/1309/1277 1197/1346/1312
f 693/1345/1311 1120/1347/1313 226/1328/1294
f 703/1348/1314 1066/1349/1093 23/1112/1093
f 230/1116/1097 1198/1350/1315 703/1348/1314
f 710/1351/1316 1109/1303/1272 1199/1352/1317
f 710/1351/1316 1122/1353/1318 237/1305/1273
f 719/1354/1319 1063/1355/1081 13/1356/1320
f 240/1234/1208 1200/1357/1321 719/1354/1319
f 185/1294/1264 1201/1358/1322 725/1359/1323
f 725/1359/1323 1124/1360/1324 246/1297/1266
f 732/1361/1325 1062/1362/1326 12/1093/1076
f 247/1095/1078 1202/1363/1327 732/1361/1325
f 739/1364/1328 1106/1290/1260 1203/1365/1329
f 254/1366/1330 1203/1365/1329 1126/1292/1262
f 747/1367/1331 1069/1134/1114 1204/1368/1332
f 256/1369/1333 1204/1368/1332 1127/1086/1069
f 753/1370/1334 1085/1208/1185 66/1371/1335
f 262/1201/1179 1205/1372/1336 753/1370/1334
f 772/1373/1337 1060/1244/1217 1206/1374/1338
f 271/1375/1339 1206/1374/1338 1129/1225/1200
f 809/1376/1340 1115/1334/1300 203/1377/1300
f 813/1378/1341 1116/1340/1306 1208/1379/1341
f 754/983/983 264/329/329 263/980/980
f 417/315/315 109/124/124 83/284/284
f 786/955/955 902/502/502 792/499/499
f 594/393/393 948/473/473 445/391/391
f 335/159/159 840/161/161 329/113/113
f 2162/1/1342 1559/2/1343 1795/1380/1344
f 1799/4/1345 2022/5/1346 2166/736/1347
f 2022/5/1346 1211/7/1348 1525/297/1349
f 1611/6/1350 1604/8/1351 2022/5/1346
f 1557/11/1352 1527/10/1353 1242/12/1354
f 1527/10/1353 1497/13/1355 1244/128/1356
f 2023/14/1357 1216/15/1358 1497/13/1355
f 1251/17/1359 2023/14/1357 1557/11/1352
f 1468/18/1360 2024/19/1361 1959/21/1362
f 1959/21/1362 1519/22/1363 1253/178/1364
f 2024/19/1361 1239/23/1365 1519/22/1363
f 1975/20/1366 1957/24/1367 2024/19/1361
f 1318/26/1368 2025/27/1369 1668/29/1370
f 1668/29/1370 1536/30/1371 1244/128/1356
f 2025/27/1369 1217/31/1372 1536/30/1371
f 1682/28/1373 1612/32/1374 2025/27/1369
f 1285/34/1375 2026/35/1376 1619/37/1377
f 1619/37/1377 1563/38/1378 1257/173/1379
f 2026/35/1376 1237/39/1380 1563/38/1378
f 1624/36/1381 1617/40/1382 2026/35/1376
f 1539/42/1383 2027/43/1384 2090/88/1385
f 2027/43/1384 1303/45/1386 1655/46/1387
f 1533/44/1388 1647/47/1389 2027/43/1384
f 2055/49/1390 1584/48/1391 1577/50/1392
f 1692/52/1393 2011/51/1394 1480/53/1395
f 2028/55/1396 1477/54/1397 2011/51/1394
f 1695/57/1398 1978/56/1399 2028/55/1396
f 1333/58/1400 2028/55/1396 1692/52/1393
f 1559/59/1401 2378/60/1402 1795/1242/1403
f 1999/62/1404 2029/63/1405 2165/174/1406
f 2029/63/1405 1332/65/1407 1803/175/1408
f 2010/64/1409 1979/66/1410 2029/63/1405
f 1485/68/1411 2030/69/1412 1986/71/1413
f 1986/71/1413 1566/72/1414 1219/1381/1415
f 2030/69/1412 1243/73/1416 1566/72/1414
f 2009/70/1417 1981/74/1418 2030/69/1412
f 1978/56/1399 2008/75/1419 1477/54/1397
f 2043/76/1420 1697/77/1421 1693/145/1422
f 1578/79/1423 2060/80/1424 2189/220/1425
f 1331/82/1426 2031/78/1427 1978/56/1399
f 2041/83/1428 1520/84/1429 2032/86/1430
f 2032/86/1430 1466/25/1431 1974/87/1432
f 2032/86/1430 1239/23/1365 1957/24/1367
f 2090/88/1385 1655/46/1387 1654/395/1433
f 1541/90/1434 2033/89/1435 2040/91/1436
f 2033/89/1435 1283/41/1437 1623/92/1438
f 1535/93/1439 1617/40/1382 2033/89/1435
f 1973/94/1440 2032/86/1430 1974/87/1432
f 2035/95/1441 1535/93/1439 1541/90/1434
f 2040/91/1436 1623/92/1438 1622/97/1442
f 2034/96/1443 1237/39/1380 1535/93/1439
f 1542/99/1444 1526/98/1445 2034/96/1443
f 1242/12/1354 2035/95/1441 1557/11/1352
f 1557/11/1352 1541/90/1434 1251/17/1359
f 1556/103/1446 1610/102/1447 1279/104/1448
f 1610/102/1447 1603/105/1449 1277/274/1450
f 1551/107/1451 1603/105/1449 2036/106/1452
f 1252/108/1453 2036/106/1452 1556/103/1446
f 1495/110/1454 1609/109/1455 1276/111/1456
f 1537/113/1457 2047/112/1458 2037/114/1459
f 1545/101/1460 2034/96/1443 2035/95/1441
f 1238/115/1461 2037/114/1459 1495/110/1454
f 1528/117/1462 2038/116/1463 2164/118/1464
f 2038/116/1463 1225/119/1465 1796/120/1466
f 1794/122/1467 1571/121/1468 2038/116/1463
f 2244/123/1469 2010/64/1409 1999/62/1404
f 1317/124/1470 2039/125/1471 1614/127/1472
f 1614/127/1472 1497/13/1355 1216/15/1358
f 2039/125/1471 1244/128/1356 1497/13/1355
f 1681/126/1473 1668/29/1370 2039/125/1471
f 1554/129/1474 1622/97/1442 1284/130/1475
f 1251/17/1359 2040/91/1436 1554/129/1474
f 1467/131/1476 2041/83/1428 1973/94/1440
f 1553/132/1477 1538/85/1478 2041/83/1428
f 1339/134/1479 2042/135/1480 1552/137/1481
f 1552/137/1481 1648/138/1482 1333/58/1400
f 2042/135/1480 1304/139/1483 1648/138/1482
f 1687/136/1484 1673/140/1485 2042/135/1480
f 1476/142/1486 2043/76/1420 1977/144/1487
f 1977/144/1487 1693/145/1422 1330/384/1488
f 1465/146/1489 2044/147/1490 1972/149/1491
f 1972/149/1491 1553/132/1477 1467/131/1476
f 2044/147/1490 1247/133/1492 1553/132/1477
f 1514/148/1493 1546/150/1494 2044/147/1490
f 1282/152/1495 2045/153/1496 1621/155/1497
f 2045/153/1496 1284/130/1475 1621/155/1497
f 1550/16/1498 1554/129/1474 2045/153/1496
f 1496/154/1499 1550/16/1498 2045/153/1496
f 1493/156/1500 1551/107/1451 1252/108/1453
f 2046/157/1501 1217/31/1372 1551/107/1451
f 1527/10/1353 1536/30/1371 2046/157/1501
f 1242/12/1354 2046/157/1501 1493/156/1500
f 2047/112/1458 1279/104/1448 1608/158/1502
f 1543/159/1503 1556/103/1446 2047/112/1458
f 2052/160/1504 1542/99/1444 1545/101/1460
f 1608/158/1502 2037/114/1459 2047/112/1458
f 2048/161/1505 1245/100/1506 1542/99/1444
f 1537/113/1457 1544/162/1507 2048/161/1505
f 1243/73/1416 2049/163/1508 1566/72/1414
f 1566/72/1414 1582/165/1509 1219/1381/1415
f 2049/163/1508 1259/166/1510 1582/165/1509
f 1583/164/1511 1585/167/1512 2049/163/1508
f 2164/118/1464 1796/120/1466 1562/169/1513
f 1800/170/1514 2050/171/1515 2163/730/1516
f 2050/171/1515 1257/173/1379 1794/122/1467
f 1620/172/1517 1619/37/1377 2050/171/1515
f 2165/174/1406 1803/175/1408 1696/472/1518
f 1967/176/1519 2051/3/1520 2162/1/1342
f 2051/3/1520 1253/178/1364 1559/2/1343
f 1971/177/1521 1959/21/1362 2051/3/1520
f 1252/108/1453 2052/160/1504 1493/156/1500
f 1493/156/1500 1545/101/1460 1242/12/1354
f 1276/111/1456 2053/179/1522 1495/110/1454
f 1495/110/1454 1561/181/1523 1238/115/1461
f 2053/179/1522 1255/182/1524 1561/181/1523
f 1607/180/1525 1606/183/1526 2053/179/1522
f 1574/186/1527 1531/185/1528 1260/187/1529
f 2054/189/1530 1214/188/1531 1531/185/1528
f 1573/191/1532 1575/190/1533 2054/189/1530
f 1262/192/1534 2054/189/1530 1574/186/1527
f 1576/81/1535 1575/190/1533 1261/193/1536
f 1575/190/1533 1577/50/1392 1214/188/1531
f 1576/81/1535 2056/194/1537 2055/49/1390
f 2059/196/1538 1862/195/1539 2188/197/1540
f 2056/194/1537 1249/198/1541 1584/48/1391
f 1578/79/1423 1586/199/1542 2056/194/1537
f 1264/200/1543 2057/201/1544 1586/199/1542
f 1586/199/1542 1548/203/1545 1249/198/1541
f 2057/201/1544 1243/73/1416 1548/203/1545
f 1580/202/1546 1583/164/1511 2057/201/1544
f 1407/204/1547 2058/205/1548 1864/207/1549
f 1864/207/1549 1860/208/1550 1408/211/1551
f 1580/202/1546 1860/208/1550 2058/205/1548
f 1581/206/1552 1580/202/1546 2058/205/1548
f 1863/210/1553 1588/209/1554 1408/211/1551
f 2059/196/1538 1263/212/1555 1588/209/1554
f 2068/214/1556 1540/213/1557 1534/215/1558
f 1579/216/1559 2188/197/1540 1517/217/1560
f 1409/218/1561 2060/80/1424 1589/219/1562
f 2060/80/1424 1261/193/1536 1589/219/1562
f 2189/220/1425 1862/195/1539 1863/210/1553
f 1534/215/1558 2235/221/1563 2236/989/1564
f 1306/222/1565 2061/223/1566 1650/225/1567
f 1650/225/1567 1529/226/1568 1258/359/1569
f 2061/223/1566 1240/227/1570 1529/226/1568
f 1651/224/1571 1647/47/1389 2061/223/1566
f 1474/228/1572 2062/229/1573 1970/231/1574
f 1970/231/1574 1595/232/1575 1469/236/1576
f 2062/229/1573 1272/233/1577 1595/232/1575
f 1858/230/1578 1847/234/1579 2062/229/1573
f 1469/236/1576 2063/237/1580 1969/238/1581
f 1969/238/1581 1597/239/1582 1471/980/1583
f 2063/237/1580 1271/240/1584 1597/239/1582
f 1595/232/1575 1593/241/1585 2063/237/1580
f 1268/242/1586 2064/243/1587 1590/245/1588
f 1590/245/1588 1599/246/1589 1228/281/1590
f 2064/243/1587 1275/247/1591 1599/246/1589
f 1592/244/1592 1600/248/1593 2064/243/1587
f 1400/250/1594 2065/251/1595 1846/253/1596
f 1846/253/1596 1592/244/1592 1268/242/1586
f 2065/251/1595 1270/249/1597 1592/244/1592
f 1857/252/1598 1848/254/1599 2065/251/1595
f 1628/256/1600 1275/247/1591 1962/983/1601
f 1288/257/1602 1599/246/1589 1275/247/1591
f 1236/259/1603 2066/260/1604 1602/262/1605
f 1602/262/1605 1607/180/1525 1276/111/1456
f 2066/260/1604 1280/184/1606 1607/180/1525
f 1560/261/1607 1572/263/1608 2066/260/1604
f 1609/109/1455 2067/265/1609 2068/214/1556
f 2067/265/1609 1250/266/1610 1540/213/1557
f 1608/158/1502 1605/267/1611 2067/265/1609
f 1641/268/1612 2076/269/1613 2077/309/1614
f 1602/262/1605 1534/215/1558 1236/259/1603
f 1276/111/1456 2068/214/1556 1602/262/1605
f 1250/266/1610 2069/271/1615 1549/272/1616
f 1549/272/1616 1498/273/1617 1218/448/1618
f 2069/271/1615 1277/274/1450 1498/273/1617
f 1279/104/1448 2069/271/1615 1605/267/1611
f 2229/275/1619 1971/177/1521 1967/176/1519
f 1792/276/1620 2070/277/1621 2161/296/1622
f 2070/277/1621 1278/9/1623 1611/6/1350
f 1524/278/1624 1521/279/1625 2070/277/1621
f 1627/258/1626 1228/281/1590 1599/246/1589
f 1291/284/1627 1505/283/1628 1226/285/1629
f 1671/287/1630 1680/286/1631 1321/288/1632
f 2071/289/1633 1316/33/1634 1680/286/1631
f 1603/105/1449 1612/32/1374 2071/289/1633
f 1277/274/1450 2071/289/1633 1671/287/1630
f 1526/98/1445 1563/38/1378 1237/39/1380
f 2072/290/1635 1257/173/1379 1563/38/1378
f 1613/291/1636 1571/121/1468 2072/290/1635
f 1245/100/1506 2072/290/1635 1526/98/1445
f 1562/169/1513 2073/292/1637 2160/293/1638
f 2073/292/1637 1255/182/1524 1793/294/1639
f 1796/120/1466 1504/295/1640 2073/292/1637
f 2161/296/1622 1611/6/1350 1799/4/1345
f 2160/293/1638 1793/294/1639 1525/297/1349
f 1801/298/1641 2074/299/1642 2159/371/1643
f 2074/299/1642 1285/34/1375 1620/172/1517
f 1644/300/1644 1634/301/1645 2074/299/1642
f 1298/303/1646 2075/304/1647 1643/307/1648
f 2075/304/1647 1299/306/1649 1643/307/1648
f 1621/155/1497 1618/308/1650 2075/304/1647
f 1616/305/1651 1621/155/1497 2075/304/1647
f 1618/308/1650 1642/270/1652 1299/306/1649
f 1622/97/1442 2077/309/1614 2076/269/1613
f 2084/310/1653 1533/44/1388 1539/42/1383
f 1284/130/1475 2076/269/1613 1618/308/1650
f 2077/309/1614 1295/311/1654 1641/268/1612
f 1623/92/1438 1633/312/1655 2077/309/1614
f 1296/302/1656 2078/313/1657 1634/301/1645
f 1634/301/1645 1624/36/1381 1285/34/1375
f 2078/313/1657 1283/41/1437 1624/36/1381
f 1640/314/1658 1633/312/1655 2078/313/1657
f 1625/315/1659 1224/316/1660 1505/283/1628
f 1227/318/1661 1626/319/1662 1290/338/1663
f 1544/162/1507 1613/291/1636 1245/100/1506
f 2079/321/1664 1225/119/1465 1613/291/1636
f 1561/181/1523 1504/295/1640 2079/321/1664
f 1238/115/1461 2079/321/1664 1544/162/1507
f 1679/322/1665 1292/317/1666 1625/315/1659
f 1320/324/1667 1627/258/1626 1288/257/1602
f 1226/285/1629 1629/326/1668 1291/284/1627
f 1503/320/1669 1289/282/1670 1626/319/1662
f 1678/325/1671 1289/282/1670 1627/258/1626
f 1473/328/1672 1628/256/1600 1472/329/1673
f 1677/330/1674 1288/257/1602 1628/256/1600
f 1439/332/1675 1662/331/1676 1440/333/1677
f 1569/327/1678 1286/334/1679 1629/326/1668
f 1256/335/1680 1630/336/1681 1286/334/1679
f 1506/337/1682 1290/338/1663 1630/336/1681
f 1223/339/1683 1638/340/1684 1293/424/1685
f 1639/343/1686 1676/342/1687 1324/344/1688
f 2080/346/1689 1323/345/1690 1676/342/1687
f 1636/348/1691 1631/347/1692 2080/346/1689
f 1298/303/1646 2080/346/1689 1639/343/1686
f 1294/349/1693 1645/350/1694 1300/352/1695
f 1632/341/1696 1300/352/1695 1638/340/1684
f 1458/354/1697 1942/353/1698 1457/355/1699
f 1507/351/1700 1292/317/1666 1645/350/1694
f 1672/357/1701 1675/356/1702 1322/323/1703
f 2081/358/1704 1324/344/1688 1675/356/1702
f 1616/305/1651 1639/343/1686 2081/358/1704
f 1282/152/1495 2081/358/1704 1672/357/1701
f 1258/359/1569 2082/360/1705 1568/361/1706
f 1568/361/1706 1640/314/1658 1296/302/1656
f 2082/360/1705 1295/311/1654 1640/314/1658
f 1529/226/1568 1518/362/1707 2082/360/1705
f 1642/270/1652 2083/363/1708 2084/310/1653
f 2083/363/1708 1240/227/1570 1533/44/1388
f 1641/268/1612 1518/362/1707 2083/363/1708
f 2103/364/1709 1693/145/1422 1697/77/1421
f 1637/366/1710 1539/42/1383 1248/367/1711
f 1299/306/1649 2084/310/1653 1637/366/1710
f 1215/368/1712 2085/369/1713 1547/370/1714
f 1547/370/1714 1637/366/1710 1248/367/1711
f 2085/369/1713 1299/306/1649 1637/366/1710
f 1636/348/1691 1643/307/1648 2085/369/1713
f 2159/371/1643 1620/172/1517 1800/170/1514
f 1797/372/1715 2086/373/1716 2158/394/1717
f 2086/373/1716 1296/302/1656 1644/300/1644
f 1564/374/1718 1568/361/1706 2086/373/1716
f 1943/375/1719 1222/376/1720 1942/353/1698
f 1437/379/1721 1656/378/1722 1439/332/1675
f 1332/65/1407 2087/380/1723 1691/382/1724
f 1691/382/1724 1651/224/1571 1306/222/1565
f 2087/380/1723 1303/45/1386 1651/224/1571
f 1694/381/1725 1689/383/1726 2087/380/1723
f 1248/367/1711 2088/385/1727 1547/370/1714
f 1547/370/1714 1532/387/1728 1215/368/1712
f 2088/385/1727 1304/139/1483 1532/387/1728
f 1305/389/1729 2088/385/1727 1649/386/1730
f 1653/391/1731 2089/390/1732 2157/392/1733
f 2089/390/1732 1258/359/1569 1564/374/1718
f 1802/393/1734 1650/225/1567 2089/390/1732
f 2158/394/1717 1644/300/1644 1801/298/1641
f 1248/367/1711 2090/88/1385 1649/386/1730
f 1649/386/1730 1654/395/1433 1305/389/1729
f 1654/395/1433 2091/365/1735 2103/364/1709
f 2091/365/1735 1330/384/1488 1693/145/1422
f 1655/46/1387 1689/383/1726 2091/365/1735
f 2007/143/1736 2031/78/1427 2043/76/1420
f 1489/396/1737 2092/397/1738 1990/399/1739
f 1990/399/1739 1911/400/1740 1438/951/1741
f 2092/397/1738 1231/401/1742 1911/400/1740
f 2006/398/1743 1983/402/1744 2092/397/1738
f 1910/404/1745 1308/405/1746 1656/378/1722
f 1312/407/1747 1511/408/1748 1232/513/1749
f 1656/378/1722 1311/410/1750 1662/331/1676
f 1310/411/1751 1663/409/1752 1312/407/1747
f 1313/377/1753 1928/413/1754 1222/376/1720
f 1663/409/1752 1233/406/1755 1511/408/1748
f 1658/416/1756 1707/415/1757 1336/417/1758
f 2093/419/1759 1335/418/1760 1707/415/1757
f 1659/412/1761 1657/420/1762 2093/419/1759
f 1311/410/1750 2093/419/1759 1658/416/1756
f 1314/421/1763 1664/414/1764 1313/377/1753
f 1659/412/1761 1308/405/1746 1663/409/1752
f 1293/424/1685 1502/423/1765 1223/339/1683
f 1664/414/1764 1449/425/1766 1928/413/1754
f 1325/141/1767 1646/427/1768 1315/438/1769
f 1665/422/1770 1446/426/1771 1664/414/1764
f 1939/431/1772 1929/430/1773 1450/432/1774
f 2094/434/1775 1337/433/1776 1929/430/1773
f 1665/422/1770 1660/435/1777 2094/434/1775
f 1447/429/1778 2094/434/1775 1939/431/1772
f 1666/436/1779 1301/437/1780 1502/423/1765
f 1315/438/1769 1661/439/1781 1301/437/1780
f 1323/345/1690 1666/436/1779 1293/424/1685
f 1685/428/1782 1326/440/1783 1646/427/1768
f 1674/442/1784 1315/438/1769 1666/436/1779
f 1300/352/1695 1675/356/1702 1324/344/1688
f 1215/368/1712 2095/443/1785 1631/347/1692
f 1631/347/1692 1674/442/1784 1323/345/1690
f 2095/443/1785 1325/141/1767 1674/442/1784
f 1532/387/1728 1673/140/1485 2095/443/1785
f 1293/424/1685 1676/342/1687 1323/345/1690
f 1645/350/1694 1322/323/1703 1675/356/1702
f 1290/338/1663 1680/286/1631 1316/33/1634
f 1638/340/1684 1324/344/1688 1676/342/1687
f 1465/146/1489 2096/444/1786 1968/446/1787
f 1968/446/1787 1677/330/1674 1473/328/1672
f 2096/444/1786 1320/324/1667 1677/330/1674
f 1956/445/1788 1670/447/1789 2096/444/1786
f 1218/448/1618 2097/449/1790 1670/447/1789
f 1670/447/1789 1678/325/1671 1320/324/1667
f 2097/449/1790 1321/288/1632 1678/325/1671
f 1498/273/1617 1671/287/1630 2097/449/1790
f 1216/15/1358 2098/450/1791 1614/127/1472
f 1614/127/1472 1679/322/1665 1317/124/1470
f 2098/450/1791 1322/323/1703 1679/322/1665
f 1496/154/1499 1672/357/1701 2098/450/1791
f 1291/284/1627 1681/126/1473 1317/124/1470
f 1626/319/1662 1321/288/1632 1680/286/1631
f 1629/326/1668 1318/26/1368 1681/126/1473
f 1286/334/1679 1682/28/1373 1318/26/1368
f 1630/336/1681 1316/33/1634 1682/28/1373
f 1328/441/1792 1684/451/1793 1326/440/1783
f 1646/427/1768 1327/453/1794 1661/439/1781
f 1772/454/1795 2128/455/1796 2218/616/1797
f 1925/457/1798 1510/458/1799 1719/617/1800
f 1941/452/1801 1458/354/1697 1684/451/1793
f 1954/462/1802 1944/461/1803 1459/463/1804
f 2099/465/1805 1338/464/1806 1944/461/1803
f 1941/452/1801 1686/466/1807 2099/465/1805
f 1456/460/1808 2099/465/1805 1954/462/1802
f 1686/466/1807 1704/467/1809 1338/464/1806
f 2100/468/1810 1339/134/1479 1704/467/1809
f 1685/428/1782 1687/136/1484 2100/468/1810
f 1328/441/1792 2100/468/1810 1686/466/1807
f 1690/469/1811 1652/388/1812 1305/389/1729
f 1652/388/1812 1648/138/1482 1304/139/1483
f 2101/470/1813 1333/58/1400 1648/138/1482
f 1331/82/1426 2101/470/1813 1690/469/1811
f 1696/472/1518 2102/471/1814 2156/473/1815
f 2102/471/1814 1306/222/1565 1802/393/1734
f 1803/175/1408 1691/382/1724 2102/471/1814
f 2157/392/1733 1564/374/1718 1797/372/1715
f 1305/389/1729 2103/364/1709 1690/469/1811
f 1690/469/1811 1697/77/1421 1331/82/1426
f 1484/474/1816 2104/475/1817 2005/477/1818
f 2005/477/1818 1703/478/1819 1485/68/1411
f 1704/467/1809 1703/478/1819 2104/475/1817
f 1338/464/1806 2104/475/1817 1702/476/1820
f 1491/479/1821 2105/480/1822 2004/482/1823
f 2004/482/1823 1702/476/1820 1484/474/1816
f 1944/461/1803 1702/476/1820 2105/480/1822
f 1459/463/1804 2105/480/1822 1953/481/1824
f 1938/484/1825 2003/483/1826 1490/485/1827
f 2106/487/1828 1483/486/1829 2003/483/1826
f 1929/430/1773 1701/488/1830 2106/487/1828
f 1450/432/1774 2106/487/1828 1938/484/1825
f 1700/490/1831 2002/489/1832 1482/403/1833
f 2107/492/1834 1481/491/1835 2002/489/1832
f 1707/415/1757 1699/493/1836 2107/492/1834
f 1336/417/1758 2107/492/1834 1700/490/1831
f 1440/333/1677 2108/494/1837 1923/495/1838
f 1923/495/1838 1708/496/1839 1441/946/1840
f 2108/494/1837 1336/417/1758 1708/496/1839
f 1662/331/1676 1658/416/1756 2108/494/1837
f 1478/67/1841 2109/497/1842 1979/66/1410
f 1979/66/1410 1694/381/1725 1332/65/1407
f 2109/497/1842 1330/384/1488 1694/381/1725
f 2001/498/1843 1977/144/1487 2109/497/1842
f 1699/493/1836 2000/499/1844 1481/491/1835
f 1706/501/1845 2220/500/1846 2110/502/1847
f 2111/504/1848 1722/503/1849 1706/501/1845
f 1335/418/1760 2110/502/1847 1699/493/1836
f 1657/420/1762 1706/501/1845 1335/418/1760
f 1721/506/1850 2221/505/1851 2111/504/1848
f 1926/507/1852 1720/459/1853 1925/457/1798
f 1310/411/1751 2111/504/1848 1657/420/1762
f 1427/509/1854 1895/508/1855 1422/510/1856
f 1721/506/1850 1312/407/1747 1720/459/1853
f 1419/512/1857 1879/511/1858 1427/509/1854
f 1720/459/1853 1232/513/1749 1510/458/1799
f 1352/514/1859 2112/515/1860 1760/517/1861
f 1760/517/1861 1723/518/1862 1351/666/1863
f 2112/515/1860 1341/519/1864 1723/518/1862
f 1724/516/1865 1711/520/1866 2112/515/1860
f 1353/522/1867 2113/523/1868 1759/525/1869
f 1759/525/1869 1724/516/1865 1352/514/1859
f 2113/523/1868 1342/521/1870 1724/516/1865
f 1725/524/1871 1712/526/1872 2113/523/1868
f 1354/528/1873 2114/529/1874 1758/531/1875
f 1758/531/1875 1725/524/1871 1353/522/1867
f 2114/529/1874 1343/527/1876 1725/524/1871
f 1726/530/1877 1713/532/1878 2114/529/1874
f 1355/534/1879 2115/535/1880 1757/537/1881
f 1757/537/1881 1726/530/1877 1354/528/1873
f 2115/535/1880 1344/533/1882 1726/530/1877
f 1832/536/1883 1830/538/1884 2115/535/1880
f 1356/540/1885 2116/541/1886 1756/543/1887
f 1756/543/1887 1832/536/1883 1355/534/1879
f 2116/541/1886 1385/539/1888 1832/536/1883
f 1345/545/1889 2116/541/1886 1727/542/1890
f 1357/546/1891 2117/547/1892 1755/549/1893
f 1755/549/1893 1727/542/1890 1356/540/1885
f 1714/550/1894 1727/542/1890 2117/547/1892
f 1346/551/1895 2117/547/1892 1728/548/1896
f 1729/553/1897 1754/552/1898 1358/554/1899
f 1754/552/1898 1728/548/1896 1357/546/1891
f 1715/556/1900 1728/548/1896 2118/555/1901
f 1347/557/1902 2118/555/1901 1729/553/1897
f 1730/559/1903 1753/558/1904 1359/560/1905
f 2119/561/1906 1358/554/1899 1753/558/1904
f 1716/562/1907 1729/553/1897 2119/561/1906
f 1348/563/1908 2119/561/1906 1730/559/1903
f 1731/565/1909 1752/564/1910 1360/566/1911
f 2120/567/1912 1359/560/1905 1752/564/1910
f 1717/568/1913 1730/559/1903 2120/567/1912
f 1349/569/1914 2120/567/1912 1731/565/1909
f 1952/571/1915 1945/570/1916 1460/572/1917
f 2121/573/1918 1360/566/1911 1945/570/1916
f 1948/574/1919 1731/565/1909 2121/573/1918
f 1463/575/1920 2121/573/1918 1952/571/1915
f 1937/577/1921 1930/576/1922 1451/578/1923
f 2122/580/1924 1361/579/1925 1930/576/1922
f 1819/582/1926 1834/581/1927 2122/580/1924
f 1453/583/1928 2122/580/1924 1937/577/1921
f 1835/585/1929 1749/584/1930 1362/586/1931
f 1822/588/1932 2219/587/1933 2123/589/1934
f 2245/591/1935 1718/590/1936 1508/592/1937
f 1835/585/1929 1822/588/1932 2123/589/1934
f 1363/594/1938 2124/595/1939 1748/597/1940
f 1748/597/1940 1835/585/1929 1362/586/1931
f 2124/595/1939 1394/593/1941 1835/585/1929
f 1836/596/1942 1825/598/1943 2124/595/1939
f 1442/600/1944 2125/601/1945 1915/603/1946
f 1915/603/1946 1836/596/1942 1363/594/1938
f 2125/601/1945 1396/599/1947 1836/596/1942
f 1922/602/1948 1828/604/1949 2125/601/1945
f 1921/607/1950 1916/606/1951 1443/608/1952
f 2126/610/1953 1378/609/1954 1916/606/1951
f 1915/603/1946 1745/611/1955 2126/610/1953
f 1442/600/1944 2126/610/1953 1921/607/1950
f 1378/609/1954 2127/612/1956 1774/613/1957
f 1774/613/1957 1744/614/1958 1377/615/1959
f 2127/612/1956 1362/586/1931 1744/614/1958
f 1745/611/1955 1748/597/1940 2127/612/1956
f 1744/614/1958 1773/456/1960 1377/615/1959
f 1749/584/1930 2218/616/1797 2128/455/1796
f 2153/618/1961 1719/617/1800 1510/458/1799
f 1362/586/1931 2128/455/1796 1744/614/1958
f 1936/620/1962 1931/619/1963 1452/621/1964
f 2129/623/1965 1376/622/1966 1931/619/1963
f 1930/576/1922 1743/624/1967 2129/623/1965
f 1451/578/1923 2129/623/1965 1936/620/1962
f 1951/626/1968 1946/625/1969 1461/627/1970
f 2130/629/1971 1375/628/1972 1946/625/1969
f 1945/570/1916 1742/630/1973 2130/629/1971
f 1460/572/1917 2130/629/1971 1951/626/1968
f 1742/630/1973 1770/631/1974 1375/628/1972
f 1770/631/1974 1741/632/1975 1374/634/1976
f 1752/564/1910 1741/632/1975 2131/633/1977
f 1360/566/1911 2131/633/1977 1742/630/1973
f 1374/634/1976 2132/635/1978 1769/636/1979
f 1769/636/1979 1740/637/1980 1373/638/1981
f 2132/635/1978 1358/554/1899 1740/637/1980
f 1741/632/1975 1753/558/1904 2132/635/1978
f 1373/638/1981 2133/639/1982 1768/640/1983
f 1768/640/1983 1739/641/1984 1372/642/1985
f 2133/639/1982 1357/546/1891 1739/641/1984
f 1740/637/1980 1754/552/1898 2133/639/1982
f 1372/642/1985 2134/643/1986 1767/644/1987
f 1767/644/1987 1738/645/1988 1371/646/1989
f 2134/643/1986 1356/540/1885 1738/645/1988
f 1739/641/1984 1755/549/1893 2134/643/1986
f 1371/646/1989 2135/647/1990 1766/648/1991
f 1766/648/1991 1737/649/1992 1370/650/1993
f 2135/647/1990 1355/534/1879 1737/649/1992
f 1738/645/1988 1756/543/1887 2135/647/1990
f 1370/650/1993 2136/651/1994 1765/652/1995
f 1765/652/1995 1736/653/1996 1369/654/1997
f 2136/651/1994 1354/528/1873 1736/653/1996
f 1737/649/1992 1757/537/1881 2136/651/1994
f 1369/654/1997 2137/655/1998 1764/656/1999
f 1764/656/1999 1735/657/2000 1368/658/2001
f 2137/655/1998 1353/522/1867 1735/657/2000
f 1736/653/1996 1758/531/1875 2137/655/1998
f 1368/658/2001 2138/659/2002 1763/660/2003
f 1763/660/2003 1734/661/2004 1367/662/2005
f 2138/659/2002 1352/514/1859 1734/661/2004
f 1735/657/2000 1759/525/1869 2138/659/2002
f 1367/662/2005 2139/663/2006 1762/664/2007
f 1762/664/2007 1733/665/2008 1366/683/2009
f 2139/663/2006 1351/666/1863 1733/665/2008
f 1734/661/2004 1760/517/1861 2139/663/2006
f 1403/667/2010 2140/668/2011 1710/670/2012
f 1710/670/2012 1723/518/1862 1341/519/1864
f 2140/668/2011 1351/666/1863 1723/518/1862
f 1855/669/2013 1850/671/2014 2140/668/2011
f 1776/674/2015 1856/673/2016 1405/675/2017
f 2141/676/2018 1400/250/1594 1856/673/2016
f 1777/678/2019 1591/677/2020 2141/676/2018
f 1365/679/2021 2141/676/2018 1776/674/2015
f 1779/680/2022 1590/245/1588 1228/281/1590
f 1590/245/1588 1778/681/2023 1268/242/1586
f 2142/682/2024 1366/683/2009 1778/681/2023
f 1779/680/2022 1762/664/2007 2142/682/2024
f 1780/684/2025 1503/320/1669 1227/318/1661
f 2143/685/2026 1228/281/1590 1503/320/1669
f 2143/685/2026 1367/662/2005 1779/680/2022
f 1368/658/2001 2143/685/2026 1780/684/2025
f 1781/686/2027 1506/337/1682 1256/335/1680
f 2144/687/2028 1227/318/1661 1506/337/1682
f 2144/687/2028 1368/658/2001 1780/684/2025
f 1369/654/1997 2144/687/2028 1781/686/2027
f 1782/688/2029 1569/327/1678 1226/285/1629
f 2145/689/2030 1256/335/1680 1569/327/1678
f 1765/652/1995 1781/686/2027 2145/689/2030
f 1370/650/1993 2145/689/2030 1782/688/2029
f 1783/690/2031 1505/283/1628 1224/316/1660
f 2146/691/2032 1226/285/1629 1505/283/1628
f 1766/648/1991 1782/688/2029 2146/691/2032
f 1371/646/1989 2146/691/2032 1783/690/2031
f 1784/692/2033 1507/351/1700 1294/349/1693
f 2147/693/2034 1224/316/1660 1507/351/1700
f 2147/693/2034 1371/646/1989 1783/690/2031
f 1784/692/2033 1767/644/1987 2147/693/2034
f 1785/694/2035 1632/341/1696 1223/339/1683
f 2148/695/2036 1294/349/1693 1632/341/1696
f 2148/695/2036 1372/642/1985 1784/692/2033
f 1785/694/2035 1768/640/1983 2148/695/2036
f 1786/696/2037 1502/423/1765 1301/437/1780
f 2149/697/2038 1223/339/1683 1502/423/1765
f 2149/697/2038 1373/638/1981 1785/694/2035
f 1786/696/2037 1769/636/1979 2149/697/2038
f 1787/698/2039 1661/439/1781 1327/453/1794
f 2150/699/2040 1301/437/1780 1661/439/1781
f 1770/631/1974 1786/696/2037 2150/699/2040
f 1375/628/1972 2150/699/2040 1787/698/2039
f 1950/701/2041 1683/700/2042 1457/355/1699
f 2151/702/2043 1327/453/1794 1683/700/2042
f 1946/625/1969 1787/698/2039 2151/702/2043
f 1461/627/1970 2151/702/2043 1950/701/2041
f 1935/703/2044 1928/413/1754 1449/425/1766
f 2152/704/2045 1222/376/1720 1928/413/1754
f 1931/619/1963 1788/705/2046 2152/704/2045
f 1452/621/1964 2152/704/2045 1935/703/2044
f 1789/706/2047 1510/458/1799 1232/513/1749
f 1773/456/1960 2217/707/2048 2153/618/1961
f 1820/708/2049 2179/709/2050 1823/790/2051
f 1377/615/1959 2153/618/1961 1789/706/2047
f 1790/711/2052 1511/408/1748 1233/406/1755
f 2154/712/2053 1232/513/1749 1511/408/1748
f 1774/613/1957 1789/706/2047 2154/712/2053
f 1378/609/1954 2154/712/2053 1790/711/2052
f 1404/672/2054 2155/713/2055 1850/671/2014
f 1850/671/2014 1733/665/2008 1351/666/1863
f 2155/713/2055 1366/683/2009 1733/665/2008
f 1854/714/2056 1851/715/2057 2155/713/2055
f 1501/716/2058 1653/391/1731 1302/717/2059
f 1329/718/2060 2156/473/1815 1501/716/2058
f 1522/719/2061 1797/372/1715 1209/720/2062
f 1302/717/2059 2157/392/1733 1522/719/2061
f 1209/720/2062 2158/394/1717 1635/721/2063
f 1635/721/2063 1801/298/1641 1297/722/2064
f 1297/722/2064 2159/371/1643 1615/723/2065
f 1615/723/2065 1800/170/1514 1281/729/2066
f 1523/724/2067 1525/297/1349 1211/7/1348
f 1246/725/2068 2160/293/1638 1523/724/2067
f 1254/264/2069 2161/296/1622 1572/263/1608
f 1572/263/1608 1799/4/1345 1280/184/1606
f 1464/726/2070 2162/1/1342 1494/728/2071
f 2162/1/1342 1212/727/2072 1494/728/2071
f 1281/729/2066 2163/730/1516 1492/731/2073
f 1492/731/2073 1528/117/1462 1210/733/2074
f 1555/732/2075 1562/169/1513 1246/725/2068
f 1210/733/2074 2164/118/1464 1555/732/2075
f 1479/734/2076 2165/174/1406 1688/735/2077
f 1688/735/2077 1696/472/1518 1329/718/2060
f 1280/184/1606 2166/736/1347 1606/183/1526
f 1606/183/1526 1793/294/1639 1255/182/1524
f 1403/667/2010 2167/737/2078 1849/739/2079
f 1849/739/2079 1806/740/2080 1340/810/2081
f 2167/737/2078 1380/741/2082 1806/740/2080
f 1853/738/2083 1852/742/2084 2167/737/2078
f 1711/520/1866 1805/744/2085 1341/519/1864
f 2168/746/2086 1381/745/2087 1805/744/2085
f 1838/748/2088 1807/747/2089 2168/746/2086
f 1342/521/1870 2168/746/2086 1711/520/1866
f 1712/526/1872 1838/748/2088 1342/521/1870
f 2169/750/2090 1382/749/2091 1838/748/2088
f 1839/752/2092 1808/751/2093 2169/750/2090
f 1343/527/1876 2169/750/2090 1712/526/1872
f 1713/532/1878 1839/752/2092 1343/527/1876
f 2170/754/2094 1383/753/2095 1839/752/2092
f 1840/756/2096 1809/755/2097 2170/754/2094
f 1344/533/1882 2170/754/2094 1713/532/1878
f 1830/538/1884 1840/756/2096 1344/533/1882
f 2171/758/2098 1384/757/2099 1840/756/2096
f 1810/760/2100 1811/759/2101 2171/758/2098
f 1385/539/1888 2171/758/2098 1830/538/1884
f 1385/539/1888 2172/761/2102 1810/760/2100
f 1810/760/2100 1812/762/2103 1386/1382/2104
f 2172/761/2102 1387/763/2105 1812/762/2103
f 1831/544/2106 1841/764/2107 2172/761/2102
f 1345/545/1889 2173/765/2108 1841/764/2107
f 1841/764/2107 1813/766/2109 1387/763/2105
f 2173/765/2108 1388/767/2110 1813/766/2109
f 1714/550/1894 1842/768/2111 2173/765/2108
f 1346/551/1895 2174/769/2112 1842/768/2111
f 1842/768/2111 1814/770/2113 1388/767/2110
f 2174/769/2112 1389/771/2114 1814/770/2113
f 1715/556/1900 1843/772/2115 2174/769/2112
f 1347/557/1902 2175/773/2116 1843/772/2115
f 1843/772/2115 1815/774/2117 1389/771/2114
f 2175/773/2116 1390/775/2118 1815/774/2117
f 1716/562/1907 1844/776/2119 2175/773/2116
f 1348/563/1908 2176/777/2120 1844/776/2119
f 1844/776/2119 1816/778/2121 1390/775/2118
f 1845/779/2122 1816/778/2121 2176/777/2120
f 1717/568/1913 1845/779/2122 2176/777/2120
f 1463/575/1920 2177/780/2123 1949/782/2124
f 1949/782/2124 1818/783/2125 1462/959/2126
f 2177/780/2123 1393/784/2127 1818/783/2125
f 1833/781/2128 1817/785/2129 2177/780/2123
f 1453/583/1928 2178/710/2130 1934/788/2131
f 1934/788/2131 1820/708/2049 1454/954/2132
f 2178/710/2130 1822/588/1932 2179/709/2050
f 2123/589/1934 1750/789/2133 1749/584/1930
f 1821/791/2134 1823/790/2051 2179/709/2050
f 1394/593/1941 2179/709/2050 1822/588/1932
f 1825/598/1943 1821/791/2134 1394/593/1941
f 2180/793/2135 1395/792/2136 1821/791/2134
f 1824/795/2137 1826/794/2138 2180/793/2135
f 1396/599/1947 2180/793/2135 1825/598/1943
f 1444/605/2139 2181/796/2140 1920/799/2141
f 2181/796/2140 1445/798/2142 1920/799/2141
f 2181/796/2140 1399/800/2143 1829/1383/2144
f 1917/797/2145 1827/801/2146 2181/796/2140
f 1341/519/1864 2182/803/2147 1710/670/2012
f 1710/670/2012 1853/738/2083 1403/667/2010
f 2182/803/2147 1406/743/2148 1853/738/2083
f 1805/744/2085 1804/804/2149 2182/803/2147
f 1405/675/2017 2183/805/2150 1851/715/2057
f 1851/715/2057 1778/681/2023 1366/683/2009
f 2183/805/2150 1268/242/1586 1778/681/2023
f 1856/673/2016 1846/253/1596 2183/805/2150
f 1350/806/2151 2184/807/2152 1761/809/2153
f 1761/809/2153 1854/714/2056 1404/672/2054
f 2184/807/2152 1405/675/2017 1854/714/2056
f 1732/808/2154 1776/674/2015 2184/807/2152
f 1340/810/2081 2185/811/2155 1849/739/2079
f 1849/739/2079 1855/669/2013 1403/667/2010
f 2185/811/2155 1404/672/2054 1855/669/2013
f 1709/812/2156 1761/809/2153 2185/811/2155
f 1269/813/2157 2186/814/2158 1591/677/2020
f 1591/677/2020 1857/252/1598 1400/250/1594
f 2186/814/2158 1402/255/2159 1857/252/1598
f 1598/815/2160 1601/816/2161 2186/814/2158
f 1470/818/2162 2187/819/2163 1966/821/2164
f 1966/821/2164 1858/230/1578 1474/228/1572
f 1594/822/2165 1858/230/1578 2187/819/2163
f 1273/823/2166 2187/819/2163 1596/820/2167
f 1267/824/2168 2188/197/1540 1861/825/2169
f 1861/825/2169 1862/195/1539 1409/218/1561
f 1264/200/1543 2189/220/1425 1860/208/1550
f 2189/220/1425 1408/211/1551 1860/208/1550
f 1266/826/2170 2190/827/2171 1587/829/2172
f 1587/829/2172 1588/209/1554 1263/212/1555
f 2190/827/2171 1408/211/1551 1588/209/1554
f 1859/828/2173 1864/207/1549 2190/827/2171
f 1919/830/2174 1910/404/1745 1437/379/1721
f 2191/831/2175 1233/406/1755 1910/404/1745
f 1916/606/1951 1790/711/2052 2191/831/2175
f 1443/608/1952 2191/831/2175 1919/830/2174
f 1879/511/1858 1428/832/2176 1895/508/1855
f 1412/834/2177 1883/835/2178 1413/869/2179
f 1884/836/2180 1422/510/1856 1883/835/2178
f 1309/838/2181 1899/837/2182 1307/839/2183
f 1885/841/2184 1870/840/2185 1417/842/2186
f 2192/844/2187 1415/843/2188 1870/840/2185
f 1889/846/2189 1882/845/2190 2192/844/2187
f 1426/847/2191 2192/844/2187 1885/841/2184
f 1886/849/2192 1869/848/2193 1418/850/2194
f 2193/851/2195 1417/842/2186 1869/848/2193
f 1890/852/2196 1885/841/2184 2193/851/2195
f 1425/853/2197 2193/851/2195 1886/849/2192
f 1486/854/2198 2194/855/2199 1865/857/2200
f 1865/857/2200 1881/858/2201 1411/1384/2202
f 2194/855/2199 1420/859/2203 1881/858/2201
f 1998/856/2204 1988/860/2205 2194/855/2199
f 1416/862/2206 2195/863/2207 1868/865/2208
f 1868/865/2208 1880/866/2209 1410/905/2210
f 2195/863/2207 1419/512/1857 1880/866/2209
f 1888/864/2211 1892/867/2212 2195/863/2207
f 1413/869/2179 2196/870/2213 1866/871/2214
f 1866/871/2214 1887/872/2215 1414/1010/2216
f 2196/870/2213 1424/873/2217 1887/872/2215
f 1883/835/2178 1893/874/2218 2196/870/2213
f 1878/875/2219 1889/846/2189 1426/847/2191
f 2197/877/2220 1421/876/2221 1889/846/2189
f 1909/879/2222 1896/878/2223 2197/877/2220
f 1433/880/2224 2197/877/2220 1878/875/2219
f 1877/881/2225 1890/852/2196 1425/853/2197
f 2198/882/2226 1426/847/2191 1890/852/2196
f 1908/883/2227 1878/875/2219 2198/882/2226
f 1434/884/2228 2198/882/2226 1877/881/2225
f 1487/861/2229 2199/885/2230 1988/860/2205
f 1988/860/2205 1897/887/2231 1420/859/2203
f 2199/885/2230 1430/888/2232 1897/887/2231
f 1997/886/2233 1907/889/2234 2199/885/2230
f 1423/868/2235 2200/891/2236 1892/867/2212
f 1892/867/2212 1898/893/2237 1419/512/1857
f 2200/891/2236 1431/894/2238 1898/893/2237
f 1875/892/2239 1906/895/2240 2200/891/2236
f 1422/510/1856 2201/897/2241 1893/874/2218
f 1893/874/2218 1876/898/2242 1424/873/2217
f 2201/897/2241 1435/899/2243 1876/898/2242
f 1895/508/1855 1905/900/2244 2201/897/2241
f 1896/878/2223 1894/901/2245 1421/876/2221
f 2202/902/2246 1423/868/2235 1894/901/2245
f 1904/903/2247 1875/892/2239 2202/902/2246
f 1429/904/2248 2202/902/2246 1896/878/2223
f 1898/893/2237 1432/833/2249 1879/511/1858
f 1410/905/2210 1884/836/2180 1412/834/2177
f 1880/866/2209 1427/509/1854 1884/836/2180
f 1307/839/2183 1874/906/2250 1234/907/2251
f 1899/837/2182 1431/894/2238 1874/906/2250
f 1234/907/2251 1912/908/2252 1307/839/2183
f 1379/910/2253 2203/911/2254 1746/913/2255
f 1746/913/2255 1872/914/2256 1364/930/2257
f 1904/903/2247 1872/914/2256 2203/911/2254
f 1436/896/2258 2203/911/2254 1903/912/2259
f 1334/915/2260 2204/916/2261 1698/918/2262
f 1698/918/2262 1871/919/2263 1309/838/2181
f 2204/916/2261 1428/832/2176 1871/919/2263
f 1902/917/2264 1905/900/2244 2204/916/2261
f 1234/907/2251 2205/920/2265 1791/921/2266
f 1791/921/2266 1903/912/2259 1379/910/2253
f 2205/920/2265 1436/896/2258 1903/912/2259
f 1874/906/2250 1906/895/2240 2205/920/2265
f 1475/922/2267 2206/923/2268 1976/925/2269
f 1976/925/2269 1902/917/2264 1334/915/2260
f 2206/923/2268 1435/899/2243 1902/917/2264
f 1996/924/2270 1989/926/2271 2206/923/2268
f 1398/802/2272 2207/927/2273 1827/801/2146
f 1827/801/2146 1901/929/2274 1399/800/2143
f 1908/883/2227 1901/929/2274 2207/927/2273
f 1433/880/2224 2207/927/2273 1900/928/2275
f 1364/930/2257 2208/931/2276 1837/932/2277
f 1837/932/2277 1900/928/2275 1398/802/2272
f 1909/879/2222 1900/928/2275 2208/931/2276
f 1429/904/2248 2208/931/2276 1872/914/2256
f 1871/919/2263 1432/833/2249 1899/837/2182
f 1307/839/2183 1913/933/2278 1309/838/2181
f 1882/845/2190 1867/934/2279 1415/843/2188
f 2209/935/2280 1416/862/2206 1867/934/2279
f 1894/901/2245 1888/864/2211 2209/935/2280
f 1421/876/2221 2209/935/2280 1882/845/2190
f 1791/921/2266 1512/909/2281 1234/907/2251
f 2210/936/2282 1437/379/1721 1512/909/2281
f 1775/937/2283 1919/830/2174 2210/936/2282
f 1379/910/2253 2210/936/2282 1791/921/2266
f 1828/604/1949 1824/795/2137 1396/599/1947
f 2211/939/2284 1397/938/2285 1824/795/2137
f 1920/799/2141 1918/940/2286 2211/939/2284
f 1444/605/2139 2211/939/2284 1828/604/1949
f 1746/913/2255 1775/937/2283 1379/910/2253
f 2212/941/2287 1443/608/1952 1775/937/2283
f 1747/942/2288 1921/607/1950 2212/941/2287
f 1364/930/2257 2212/941/2287 1746/913/2255
f 1837/932/2277 1747/942/2288 1364/930/2257
f 2213/943/2289 1442/600/1944 1747/942/2288
f 1917/797/2145 1922/602/1948 2213/943/2289
f 1398/802/2272 2213/943/2289 1837/932/2277
f 1309/838/2181 2214/944/2290 1698/918/2262
f 1698/918/2262 1914/945/2291 1334/915/2260
f 2214/944/2290 1441/946/1840 1914/945/2291
f 1913/933/2278 1923/495/1838 2214/944/2290
f 1912/908/2252 1440/333/1677 1913/933/2278
f 1447/429/1778 1925/457/1798 1446/426/1771
f 1512/909/2281 1439/332/1675 1912/908/2252
f 1446/426/1771 1719/617/1800 1449/425/1766
f 1475/922/2267 2215/947/2292 1513/949/2293
f 1513/949/2293 1515/950/2294 1235/1005/2295
f 2215/947/2292 1438/951/1741 1515/950/2294
f 1995/948/2296 1990/399/1739 2215/947/2292
f 1392/786/2297 2216/952/2298 1817/785/2129
f 1817/785/2129 1933/953/2299 1393/784/2127
f 2216/952/2298 1454/954/2132 1933/953/2299
f 1819/582/1926 1934/788/2131 2216/952/2298
f 2217/707/2048 1449/425/1766 1719/617/1800
f 1772/454/1795 1935/703/2044 2217/707/2048
f 2218/616/1797 1452/621/1964 1772/454/1795
f 1750/789/2133 1936/620/1962 2218/616/1797
f 2219/587/1933 1451/578/1923 1750/789/2133
f 1932/787/2300 1937/577/1921 2219/587/1933
f 2220/500/1846 1490/485/1827 1994/955/2301
f 1722/503/1849 1938/484/1825 2220/500/1846
f 2221/505/1851 1450/432/1774 1722/503/1849
f 1926/507/1852 1939/431/1772 2221/505/1851
f 1456/460/1808 1943/375/1719 1458/354/1697
f 1326/440/1783 1683/700/2042 1327/453/1794
f 1349/569/1914 2222/957/2302 1845/779/2122
f 1845/779/2122 1947/958/2303 1391/1385/2304
f 2222/957/2302 1462/959/2126 1947/958/2303
f 1948/574/1919 1949/782/2124 2222/957/2302
f 1788/705/2046 1942/353/1698 1222/376/1720
f 2223/960/2305 1457/355/1699 1942/353/1698
f 1771/961/2306 1950/701/2041 2223/960/2305
f 1376/622/1966 2223/960/2305 1788/705/2046
f 1743/624/1967 1771/961/2306 1376/622/1966
f 2224/962/2307 1461/627/1970 1771/961/2306
f 1751/963/2308 1951/626/1968 2224/962/2307
f 1361/579/1925 2224/962/2307 1743/624/1967
f 1834/581/1927 1751/963/2308 1361/579/1925
f 2225/964/2309 1460/572/1917 1751/963/2308
f 1833/781/2128 1952/571/1915 2225/964/2309
f 1392/786/2297 2225/964/2309 1834/581/1927
f 1701/488/1830 1993/965/2310 1483/486/1829
f 1993/965/2310 1953/481/1824 1491/479/1821
f 1705/967/2311 1953/481/1824 2226/966/2312
f 1337/433/1776 2226/966/2312 1701/488/1830
f 1660/435/1777 1705/967/2311 1337/433/1776
f 2227/968/2313 1459/463/1804 1705/967/2311
f 1667/956/2314 1954/462/1802 2227/968/2313
f 1314/421/1763 2227/968/2313 1660/435/1777
f 1319/969/2315 1963/970/2316 1287/972/2317
f 1667/956/2314 1313/377/1753 1943/375/1719
f 1684/451/1793 1457/355/1699 1683/700/2042
f 1287/972/2317 1597/239/1582 1271/240/1584
f 1274/817/2318 2228/973/2319 1601/816/2161
f 1601/816/2161 1965/975/2320 1402/255/2159
f 2228/973/2319 1474/228/1572 1965/975/2320
f 1961/974/2321 1966/821/2164 2228/973/2319
f 1241/280/2322 2229/275/1619 1955/976/2323
f 1955/976/2323 1967/176/1519 1464/726/2070
f 1524/278/1624 2233/977/2324 2229/275/1619
f 2163/730/1516 1794/122/1467 1528/117/1462
f 1230/151/2325 2230/978/2326 1669/979/2327
f 1669/979/2327 1964/971/2328 1319/969/2315
f 2230/978/2326 1473/328/1672 1964/971/2328
f 1514/148/1493 1968/446/1787 2230/978/2326
f 1964/971/2328 1472/329/1673 1963/970/2316
f 1963/970/2316 1471/980/1583 1597/239/1582
f 1270/249/1597 2231/981/2329 1600/248/1593
f 1600/248/1593 1962/983/1601 1275/247/1591
f 2231/981/2329 1471/980/1583 1962/983/1601
f 1960/982/2330 1969/238/1581 2231/981/2329
f 1402/255/2159 2232/984/2331 1848/254/1599
f 1848/254/1599 1960/982/2330 1270/249/1597
f 2232/984/2331 1469/236/1576 1960/982/2330
f 1965/975/2320 1970/231/1574 2232/984/2331
f 2233/977/2324 1468/18/1360 1971/177/1521
f 1792/276/1620 1570/985/2332 2233/977/2324
f 1218/448/1618 2234/986/2333 1549/272/1616
f 1549/272/1616 1958/987/2334 1250/266/1610
f 2234/986/2333 1467/131/1476 1958/987/2334
f 1956/445/1788 1972/149/1491 2234/986/2333
f 1250/266/1610 2235/221/1563 1540/213/1557
f 2235/221/1563 1974/87/1432 2236/989/1564
f 2253/988/2335 1577/50/1392 1584/48/1391
f 1958/987/2334 1973/94/1440 2235/221/1563
f 2236/989/1564 1236/259/1603 1534/215/1558
f 1974/87/1432 1516/990/2336 2236/989/1564
f 1254/264/2069 2237/991/2337 1570/985/2332
f 1570/985/2332 1975/20/1366 1468/18/1360
f 2237/991/2337 1466/25/1431 1975/20/1366
f 1560/261/1607 1516/990/2336 2237/991/2337
f 1221/992/2338 2238/993/2339 1500/995/2340
f 1500/995/2340 1992/996/2341 1455/1026/2342
f 2238/993/2339 1491/479/1821 1992/996/2341
f 1984/994/2343 1993/965/2310 2238/993/2339
f 2000/499/1844 2239/997/2344 2245/591/1935
f 2239/997/2344 1448/998/2345 1718/590/1936
f 1994/955/2301 1991/999/2346 2239/997/2344
f 1718/1000/2347 2343/1001/2348 1508/1108/2349
f 1334/915/2260 2240/1003/2350 1976/925/2269
f 1976/925/2269 1995/948/2296 1475/922/2267
f 2240/1003/2350 1489/396/1737 1995/948/2296
f 1914/945/2291 1924/1004/2351 2240/1003/2350
f 1235/1005/2295 2241/1006/2352 1513/949/2293
f 1513/949/2293 1996/924/2270 1475/922/2267
f 2241/1006/2352 1488/890/2353 1996/924/2270
f 1873/1007/2354 1907/889/2234 2241/1006/2352
f 1424/873/2217 2242/1008/2355 1891/1009/2356
f 1891/1009/2356 1997/886/2233 1487/861/2229
f 2242/1008/2355 1488/890/2353 1997/886/2233
f 1876/898/2242 1989/926/2271 2242/1008/2355
f 1414/1010/2216 2243/1011/2357 1987/1012/2358
f 1987/1012/2358 1998/856/2204 1486/854/2198
f 2243/1011/2357 1487/861/2229 1998/856/2204
f 1887/872/2215 1891/1009/2356 2243/1011/2357
f 1213/1013/2359 2244/123/1469 1980/1015/2360
f 1980/1015/2360 1999/62/1404 1479/734/2076
f 1798/1014/2361 2255/1016/2362 2244/123/1469
f 2166/736/1347 1525/297/1349 1793/294/1639
f 1982/1017/2363 1508/592/1937 1229/1018/2364
f 1481/491/1835 2245/591/1935 1982/1017/2363
f 1260/187/1529 2246/1019/2365 1567/1020/2366
f 1567/1020/2366 2001/498/1843 1478/67/1841
f 2246/1019/2365 1476/142/1486 2001/498/1843
f 1531/185/1528 1530/1021/2367 2246/1019/2365
f 1983/402/1744 1509/1022/2368 1231/401/1742
f 2247/1023/2369 1229/1018/2364 1509/1022/2368
f 2002/489/1832 1982/1017/2363 2247/1023/2369
f 1482/403/1833 2247/1023/2369 1983/402/1744
f 1991/999/2346 1927/1024/2370 1448/998/2345
f 1927/1024/2370 1984/994/2343 1221/992/2338
f 2248/1025/2371 1483/486/1829 1984/994/2343
f 1490/485/1827 2248/1025/2371 1991/999/2346
f 1455/1026/2342 2249/1027/2372 1940/1028/2373
f 1940/1028/2373 1985/1029/2374 1220/1030/2375
f 2249/1027/2372 1484/474/1816 1985/1029/2374
f 1992/996/2341 2004/482/1823 2249/1027/2372
f 1220/1030/2375 2250/1031/2376 1499/1032/2377
f 1499/1032/2377 1986/71/1413 1219/1381/1415
f 2250/1031/2376 1485/68/1411 1986/71/1413
f 1985/1029/2374 2005/477/1818 2250/1031/2376
f 1441/946/1840 2251/1033/2378 1924/1004/2351
f 1924/1004/2351 2006/398/1743 1489/396/1737
f 2251/1033/2378 1482/403/1833 2006/398/1743
f 1708/496/1839 1700/490/1831 2251/1033/2378
f 1214/188/1531 2252/1034/2379 1530/1021/2367
f 1530/1021/2367 2007/143/1736 1476/142/1486
f 2346/1036/2380 1579/1035/2381 1517/1037/2382
f 2008/75/1419 2252/1034/2379 2253/988/2335
f 1558/1038/2383 1584/48/1391 1249/198/1541
f 1477/54/1397 2253/988/2335 1558/1038/2383
f 1339/134/1479 2254/1039/2384 1703/478/1819
f 1703/478/1819 2009/70/1417 1485/68/1411
f 2254/1039/2384 1480/53/1395 2009/70/1417
f 1552/137/1481 1692/52/1393 2254/1039/2384
f 2255/1016/2362 1478/67/1841 2010/64/1409
f 1565/1040/2385 1567/1020/2366 2255/1016/2362
f 1981/74/1418 1548/203/1545 1243/73/1416
f 2256/1041/2386 1249/198/1541 1548/203/1545
f 2011/51/1394 1558/1038/2383 2256/1041/2386
f 1480/53/1395 2256/1041/2386 1981/74/1418
f 1412/1043/2177 2019/1042/2387 1410/1044/2210
f 1413/1046/2179 2013/1045/2388 1412/1043/2177
f 2018/1048/2389 1870/1047/2185 1415/1049/2188
f 2257/1051/2390 1417/1050/2186 1870/1047/2185
f 1411/1052/2202 2258/1053/2391 1865/1055/2200
f 1865/1055/2200 2014/1056/2392 1486/1066/2198
f 1414/1057/2216 2259/1058/2393 1866/1060/2214
f 1866/1060/2214 2015/1061/2394 1413/1046/2179
f 2016/1063/2395 1869/1062/2193 1417/1050/2186
f 2260/1065/2396 1418/1064/2194 1869/1062/2193
f 1486/1066/2198 2261/1067/2397 1987/1068/2358
f 1987/1068/2358 2020/1059/2398 1414/1057/2216
f 1410/1044/2210 2262/1069/2399 1868/1070/2208
f 1868/1070/2208 2012/1071/2400 1416/1073/2206
f 2012/1071/2400 1867/1072/2279 1416/1073/2206
f 2263/1074/2401 1415/1049/2188 1867/1072/2279
f 1287/1075/2402 2299/1076/2403 1319/1222/2404
f 2290/1078/2405 1287/1075/2402 1271/1079/2406
f 2338/1081/2407 1281/1080/2408 1492/1082/2409
f 2265/1083/2410 1492/1082/2409 1210/1084/2410
f 1494/1085/2411 2335/1086/2412 1464/1369/2413
f 2267/1088/2414 1494/1085/2411 1212/1089/2415
f 2269/1091/2416 1499/1090/2417 1219/1092/2418
f 2340/1094/2419 1220/1093/2420 1499/1090/2417
f 1455/1095/2421 2341/1096/2422 1500/1098/2423
f 1500/1098/2423 2271/1099/2424 1221/1386/2425
f 2342/1101/2426 1329/1100/2427 1501/1102/2428
f 2298/1103/2429 1501/1102/2428 1302/1104/2430
f 2393/1106/2431 1820/1105/2432 1823/1107/2433
f 1508/1108/2349 2272/1109/2434 1229/1110/2434
f 1229/1110/2434 2344/1111/2435 1509/1113/2436
f 2344/1111/2435 1231/1112/2437 1509/1113/2436
f 2329/1115/2438 1515/1114/2439 1438/1116/2438
f 1515/1114/2439 2275/1117/2440 1235/1326/2440
f 2288/1119/2441 1517/1037/2382 1267/1120/2442
f 1538/1121/2443 2348/1122/2444 1520/1130/2444
f 2347/1125/2445 1253/1124/2446 1519/1126/2447
f 1239/1127/2448 2347/1128/2445 1519/1387/2447
f 1520/1130/2444 2276/1129/2449 1239/1127/2448
f 2349/1132/2450 1278/1131/2451 1521/1133/2452
f 2277/1134/2453 1521/1133/2452 1241/1135/2454
f 2350/1136/2455 1302/1104/2430 1522/1137/2456
f 2264/1138/2457 1522/1137/2456 1209/1139/2458
f 2351/1141/2459 1246/1140/2460 1523/1142/2461
f 2266/1143/2462 1523/1142/2461 1211/1144/2463
f 2279/1145/2464 1538/1121/2443 1247/1146/2464
f 2273/1148/2465 1546/1147/2466 1230/1149/2467
f 2353/1150/2468 1247/1146/2464 1546/1147/2466
f 1555/1151/2469 2265/1083/2410 1210/1084/2410
f 2278/1153/2460 1555/1151/2469 1246/1140/2460
f 2379/1155/2470 1565/1154/2471 1798/1156/2472
f 1253/1124/2446 2355/61/2473 1559/59/1401
f 1565/1154/2471 2282/1158/2474 1260/1167/2475
f 2284/1161/2476 1573/1160/2477 1262/1162/2478
f 2357/1164/2479 1261/1163/2480 1573/1160/2477
f 1574/1165/2481 2284/1161/2476 1262/1162/2478
f 1260/1167/2475 2358/1166/2482 1574/1165/2481
f 2359/1169/2483 1263/1168/2484 1579/1035/2381
f 2321/1171/2485 1581/1170/2486 1407/1172/2487
f 2360/1174/2488 1265/1173/2489 1581/1170/2486
f 2281/1176/2490 1582/1175/2491 1259/1177/2492
f 2361/1178/2493 1219/1092/2418 1582/1175/2491
f 2286/1180/2494 1585/1179/2495 1265/1173/2489
f 1585/1179/2495 2281/1176/2490 1259/1177/2492
f 2285/1183/2496 1587/1182/2497 1263/1168/2484
f 2363/1185/2498 1266/1184/2499 1587/1182/2497
f 1589/1186/2500 2322/1187/2501 1409/1322/2502
f 2283/1189/2503 1589/1186/2500 1261/1163/2480
f 1593/1190/2504 2290/1078/2405 1271/1079/2406
f 1272/1192/2505 2365/1191/2506 1593/1190/2504
f 1594/1194/2507 2319/1195/2508 1401/1312/2509
f 2292/1197/2510 1594/1194/2507 1273/1198/2511
f 2336/1200/2512 1596/1199/2513 1470/1201/2514
f 2367/1202/2515 1273/1198/2511 1596/1203/2513
f 1269/1204/2516 2368/1205/2517 1598/1207/2518
f 1598/1207/2518 2293/1208/2519 1274/1371/2520
f 1604/1209/2521 2266/1143/2462 1211/1144/2463
f 1278/1131/2451 2369/1210/2522 1604/1209/2521
f 2370/1213/2523 1297/1212/2524 1615/1214/2523
f 2295/1215/2525 1615/1214/2523 1281/1216/2408
f 1635/1217/2526 2264/1138/2457 1209/1139/2458
f 1297/1212/2524 2371/1218/2526 1635/1217/2526
f 2372/1220/2527 1230/1149/2467 1669/1221/2528
f 1319/1222/2404 2372/1223/2527 1669/1388/2528
f 1688/1224/2529 2337/1225/2530 1479/1375/2531
f 1329/1100/2427 2373/1226/2532 1688/1224/2529
f 1709/1228/2533 2302/1229/2534 1350/1238/2535
f 1340/1231/2536 2374/1230/2537 1709/1228/2533
f 2331/1233/2538 1718/1000/2347 1448/1234/2539
f 1732/1235/2540 2303/1236/2541 1365/1241/2542
f 1350/1238/2535 2376/1237/2543 1732/1235/2540
f 1777/1239/2544 2289/1206/2545 1269/1204/2516
f 1365/1241/2542 2377/1240/2546 1777/1239/2544
f 2378/60/1402 1212/1089/2415 1795/1242/1403
f 2268/1244/2547 1798/1243/2472 1213/1245/2548
f 2380/1247/2549 1406/1246/2550 1804/1248/2551
f 2305/1249/2552 1804/1248/2551 1381/1250/2553
f 1806/1251/2554 2301/1232/2555 1340/1231/2536
f 1380/1253/2556 2381/1252/2557 1806/1251/2554
f 2382/1255/2558 1381/1250/2553 1807/1256/2559
f 1382/1257/2560 2382/1255/2558 1807/1256/2559
f 2383/1259/2561 1382/1257/2560 1808/1260/2562
f 2307/1261/2563 1808/1260/2562 1383/1262/2564
f 1809/1263/2565 2307/1261/2563 1383/1262/2564
f 1384/1265/2566 2384/1264/2567 1809/1263/2565
f 2385/1267/2568 1384/1265/2566 1811/1268/2569
f 2309/1269/2570 1811/1268/2569 1386/1270/2571
f 2386/1272/2572 1386/1270/2571 1812/1271/2572
f 1387/1273/2573 2386/1272/2572 1812/1271/2572
f 1813/1275/2574 2310/1274/2575 1387/1273/2573
f 2311/1277/2576 1813/1275/2574 1388/1278/2577
f 1814/1279/2578 2311/1277/2576 1388/1278/2577
f 1389/1281/2579 2388/1280/2580 1814/1279/2578
f 2389/1283/2581 1389/1281/2579 1815/1284/2582
f 2313/1285/2583 1815/1284/2582 1390/1286/2584
f 1816/1287/2585 2313/1285/2583 1390/1286/2584
f 1391/1289/2586 2390/1288/2587 1816/1287/2585
f 1818/1291/2588 2334/1292/2589 1462/1366/2589
f 1393/1294/2590 2391/1295/2591 1818/1389/2588
f 2392/1298/2592 1454/1297/2593 1820/1105/2432
f 2316/1299/2594 1823/1107/2433 1395/1300/2595
f 2394/1301/2596 1395/1300/2595 1826/1302/2597
f 2317/1303/2598 1826/1302/2597 1397/1304/2598
f 2395/1306/2599 1445/1305/2600 1829/1307/2601
f 1399/1308/2602 2395/1306/2599 1829/1307/2601
f 1847/1310/2603 2291/1193/2604 1272/1192/2505
f 1401/1312/2509 2396/1311/2605 1847/1310/2603
f 1852/1313/2606 2304/1254/2607 1380/1253/2556
f 2320/1315/2608 1852/1313/2606 1406/1246/2550
f 2287/1317/2609 1859/1316/2610 1266/1184/2499
f 2398/1318/2611 1407/1172/2487 1859/1319/2610
f 1861/1320/2612 2288/1119/2441 1267/1120/2442
f 1409/1322/2502 2399/1321/2613 1861/1320/2612
f 2400/1324/2614 1430/1323/2615 1873/1325/2616
f 1235/1326/2440 2400/1327/2614 1873/1390/2616
f 2401/1329/2617 1434/1328/2618 1877/1330/2619
f 2326/1331/2620 1877/1330/2619 1425/1332/2620
f 1881/1333/2621 2323/1334/2622 1411/1377/2623
f 1420/1336/2624 2402/1335/2625 1881/1333/2621
f 2403/1338/2626 1425/1332/2620 1886/1339/2627
f 2324/1340/2628 1886/1339/2627 1418/1341/2629
f 1897/1342/2630 2325/1337/2631 1420/1336/2624
f 1430/1323/2615 2404/1343/2632 1897/1342/2630
f 1901/1345/2633 2318/1309/2634 1399/1308/2602
f 2328/1347/2635 1901/1345/2633 1434/1328/2618
f 2274/1349/2437 1911/1348/2636 1231/1112/2437
f 2406/1350/2637 1438/1116/2438 1911/1348/2636
f 1918/1351/2638 2317/1303/2598 1397/1304/2598
f 2330/1353/2639 1918/1351/2638 1445/1305/2600
f 2271/1355/2424 1927/1354/2640 1221/1356/2425
f 2408/1357/2641 1448/1234/2539 1927/1354/2640
f 2409/1358/2642 1393/1294/2590 1933/1359/2643
f 2332/1360/2644 1933/1359/2643 1454/1297/2593
f 2270/1362/2645 1940/1361/2646 1220/1093/2420
f 2410/1363/2647 1455/1095/2421 1940/1361/2646
f 1947/1364/2648 2314/1290/2649 1391/1289/2586
f 1462/1366/2589 2411/1365/2650 1947/1364/2648
f 1955/1367/2651 2277/1134/2453 1241/1135/2454
f 1464/1369/2413 2412/1368/2652 1955/1367/2651
f 2293/1208/2519 1961/1370/2653 1274/1371/2520
f 2413/1372/2654 1470/1201/2514 1961/1370/2653
f 1980/1373/2655 2268/1244/2547 1213/1245/2548
f 1479/1375/2531 2414/1374/2656 1980/1373/2655
f 2323/1334/2622 2017/1376/2657 1411/1377/2623
f 2021/1378/2658 2324/1340/2628 1418/1341/2629
f 1472/329/1673 1962/983/1601 1471/980/1583
f 1317/124/1470 1625/315/1659 1291/284/1627
f 1994/955/2301 2110/502/1847 2220/500/1846
f 2156/473/1815 1802/393/1734 1653/391/1731
f 1543/159/1503 2048/161/1505 2052/160/1504
f 954/1/1 587/1380/2659 351/2/2
f 591/4/4 958/736/736 814/5/5
f 814/5/5 317/297/297 3/7/7
f 403/6/6 814/5/5 396/8/8
f 319/10/10 815/14/14 349/11/11
f 319/10/10 36/128/128 289/13/13
f 815/14/14 289/13/13 8/15/15
f 815/14/14 342/16/16 43/17/17
f 260/18/18 751/21/21 816/19/19
f 751/21/21 45/178/178 311/22/22
f 816/19/19 311/22/22 31/23/23
f 767/20/20 816/19/19 749/24/24
f 110/26/26 460/29/29 817/27/27
f 460/29/29 36/128/128 328/30/30
f 817/27/27 328/30/30 9/31/31
f 474/28/28 817/27/27 404/32/32
f 77/34/34 411/37/37 818/35/35
f 411/37/37 49/173/173 355/38/38
f 818/35/35 355/38/38 29/39/39
f 416/36/36 818/35/35 409/40/40
f 331/42/42 882/88/88 819/43/43
f 95/45/45 439/47/47 819/43/43
f 439/47/47 32/227/227 325/44/44
f 376/48/48 848/194/194 847/49/49
f 803/51/51 820/55/55 484/52/52
f 269/54/54 770/56/56 820/55/55
f 770/56/56 123/82/82 487/57/57
f 820/55/55 487/57/57 125/58/58
f 351/59/59 587/1242/1216 1170/60/60
f 791/62/62 957/174/174 821/63/63
f 821/63/63 595/175/175 124/65/65
f 802/64/64 821/63/63 771/66/66
f 277/68/68 778/71/71 822/69/69
f 778/71/71 11/1381/2660 358/72/72
f 822/69/69 358/72/72 35/73/73
f 801/70/70 822/69/69 773/74/74
f 800/75/75 823/78/78 770/56/56
f 835/76/76 485/145/145 489/77/77
f 370/79/79 981/220/220 852/80/80
f 823/78/78 489/77/77 123/82/82
f 833/83/83 824/86/86 312/84/84
f 258/25/25 749/24/24 824/86/86
f 824/86/86 749/24/24 31/23/23
f 882/88/88 446/395/395 447/46/46
f 825/89/89 327/93/93 333/90/90
f 75/41/41 409/40/40 825/89/89
f 409/40/40 29/39/39 327/93/93
f 765/94/94 766/87/87 824/86/86
f 827/95/95 333/90/90 327/93/93
f 415/92/92 825/89/89 832/91/91
f 826/96/96 327/93/93 29/39/39
f 334/99/99 826/96/96 318/98/98
f 34/12/12 349/11/11 827/95/95
f 349/11/11 43/17/17 333/90/90
f 402/102/102 828/106/106 348/103/103
f 402/102/102 69/274/274 395/105/105
f 395/105/105 9/31/31 343/107/107
f 828/106/106 343/107/107 44/108/108
f 401/109/109 829/114/114 287/110/110
f 839/112/112 335/159/159 329/113/113
f 337/101/101 827/95/95 826/96/96
f 829/114/114 329/113/113 30/115/115
f 830/116/116 586/122/122 320/117/117
f 17/119/119 363/121/121 830/116/116
f 363/121/121 49/173/173 586/122/122
f 802/64/64 1047/1016/1016 1036/123/123
f 109/124/124 406/127/127 831/125/125
f 406/127/127 8/15/15 289/13/13
f 831/125/125 289/13/13 36/128/128
f 473/126/126 831/125/125 460/29/29
f 414/97/97 832/91/91 346/129/129
f 832/91/91 333/90/90 43/17/17
f 259/131/131 765/94/94 833/83/83
f 345/132/132 833/83/83 330/85/85
f 131/134/134 344/137/137 834/135/135
f 344/137/137 125/58/58 440/138/138
f 834/135/135 440/138/138 96/139/139
f 479/136/136 834/135/135 465/140/140
f 268/142/142 769/144/144 835/76/76
f 769/144/144 122/384/384 485/145/145
f 257/146/146 764/149/149 836/147/147
f 764/149/149 259/131/131 345/132/132
f 836/147/147 345/132/132 39/133/133
f 306/148/148 836/147/147 338/150/150
f 74/152/152 413/155/155 837/153/153
f 76/130/130 346/129/129 837/153/153
f 346/129/129 43/17/17 342/16/16
f 288/154/154 837/153/153 342/16/16
f 343/107/107 838/157/157 285/156/156
f 9/31/31 328/30/30 838/157/157
f 328/30/30 36/128/128 319/10/10
f 838/157/157 319/10/10 34/12/12
f 71/104/104 348/103/103 839/112/112
f 348/103/103 44/108/108 335/159/159
f 844/160/160 337/101/101 334/99/99
f 400/158/158 839/112/112 829/114/114
f 840/161/161 334/99/99 37/100/100
f 329/113/113 840/161/161 336/162/162
f 35/73/73 358/72/72 841/163/163
f 358/72/72 11/1381/2660 374/165/165
f 841/163/163 374/165/165 51/166/166
f 375/164/164 841/163/163 377/167/167
f 588/120/120 830/116/116 956/118/118
f 592/170/170 955/730/730 842/171/171
f 842/171/171 586/122/122 49/173/173
f 412/172/172 842/171/171 411/37/37
f 957/174/174 488/472/472 595/175/175
f 759/176/176 954/1/1 843/3/3
f 843/3/3 351/2/2 45/178/178
f 763/177/177 843/3/3 751/21/21
f 44/108/108 285/156/156 844/160/160
f 285/156/156 34/12/12 337/101/101
f 68/111/111 287/110/110 845/179/179
f 287/110/110 30/115/115 353/181/181
f 845/179/179 353/181/181 47/182/182
f 399/180/180 845/179/179 398/183/183
f 323/185/185 846/189/189 366/186/186
f 6/188/188 367/190/190 846/189/189
f 367/190/190 53/193/193 365/191/191
f 846/189/189 365/191/191 54/192/192
f 367/190/190 847/49/49 368/81/81
f 367/190/190 6/188/188 369/50/50
f 848/194/194 370/79/79 368/81/81
f 654/195/195 655/210/210 851/196/196
f 848/194/194 376/48/48 41/198/198
f 370/79/79 848/194/194 378/199/199
f 56/200/200 378/199/199 849/201/201
f 378/199/199 41/198/198 340/203/203
f 849/201/201 340/203/203 35/73/73
f 372/202/202 849/201/201 375/164/164
f 199/204/204 656/207/207 850/205/205
f 656/207/207 200/211/211 652/208/208
f 652/208/208 56/200/200 372/202/202
f 373/206/206 850/205/205 372/202/202
f 380/209/209 851/196/196 655/210/210
f 55/212/212 371/216/216 851/196/196
f 332/213/213 859/265/265 860/214/214
f 980/197/197 851/196/196 371/216/216
f 201/218/218 381/219/219 852/80/80
f 53/193/193 368/81/81 852/80/80
f 981/220/220 655/210/210 654/195/195
f 326/215/215 1028/989/989 1027/221/221
f 98/222/222 442/225/225 853/223/223
f 442/225/225 50/359/359 321/226/226
f 853/223/223 321/226/226 32/227/227
f 443/224/224 853/223/223 439/47/47
f 266/228/228 762/231/231 854/229/229
f 762/231/231 261/236/236 387/232/232
f 854/229/229 387/232/232 64/233/233
f 650/230/230 854/229/229 639/234/234
f 261/236/236 761/238/238 855/237/237
f 761/238/238 263/980/980 389/239/239
f 855/237/237 389/239/239 63/240/240
f 387/232/232 855/237/237 385/241/241
f 60/242/242 382/245/245 856/243/243
f 382/245/245 20/281/281 391/246/246
f 856/243/243 391/246/246 67/247/247
f 384/244/244 856/243/243 392/248/248
f 192/250/250 638/253/253 857/251/251
f 638/253/253 60/242/242 384/244/244
f 857/251/251 384/244/244 62/249/249
f 649/252/252 857/251/251 640/254/254
f 420/256/256 754/983/983 67/247/247
f 80/257/257 67/247/247 391/246/246
f 28/259/259 394/262/262 858/260/260
f 394/262/262 68/111/111 399/180/180
f 858/260/260 399/180/180 72/184/184
f 352/261/261 858/260/260 364/263/263
f 859/265/265 400/158/158 401/109/109
f 42/266/266 397/267/267 859/265/265
f 397/267/267 71/104/104 400/158/158
f 433/268/268 869/309/309 868/269/269
f 326/215/215 860/214/214 394/262/262
f 860/214/214 401/109/109 68/111/111
f 42/266/266 341/272/272 861/271/271
f 341/272/272 10/448/448 290/273/273
f 861/271/271 290/273/273 69/274/274
f 861/271/271 402/102/102 71/104/104
f 763/177/177 1025/977/977 1021/275/275
f 584/276/276 953/296/296 862/277/277
f 862/277/277 403/6/6 70/9/9
f 316/278/278 862/277/277 313/279/279
f 419/258/258 391/246/246 20/281/281
f 297/283/283 417/315/315 83/284/284
f 472/286/286 863/289/289 463/287/287
f 108/33/33 404/32/32 863/289/289
f 404/32/32 9/31/31 395/105/105
f 863/289/289 395/105/105 69/274/274
f 355/38/38 864/290/290 318/98/98
f 49/173/173 363/121/121 864/290/290
f 363/121/121 17/119/119 405/291/291
f 864/290/290 405/291/291 37/100/100
f 865/292/292 588/120/120 354/169/169
f 47/182/182 296/295/295 865/292/292
f 296/295/295 17/119/119 588/120/120
f 953/296/296 591/4/4 403/6/6
f 585/294/294 865/292/292 952/293/293
f 593/298/298 951/371/371 866/299/299
f 866/299/299 412/172/172 77/34/34
f 436/300/300 866/299/299 426/301/301
f 90/303/303 435/307/307 867/304/304
f 91/306/306 410/308/308 867/304/304
f 410/308/308 76/130/130 413/155/155
f 408/305/305 867/304/304 413/155/155
f 434/270/270 868/269/269 410/308/308
f 869/309/309 415/92/92 414/97/97
f 325/44/44 875/363/363 876/310/310
f 868/269/269 414/97/97 76/130/130
f 87/311/311 425/312/312 869/309/309
f 425/312/312 75/41/41 415/92/92
f 88/302/302 426/301/301 870/313/313
f 426/301/301 77/34/34 416/36/36
f 870/313/313 416/36/36 75/41/41
f 432/314/314 870/313/313 425/312/312
f 417/315/315 297/283/283 16/316/316
f 19/318/318 82/338/338 418/319/319
f 405/291/291 871/321/321 336/162/162
f 17/119/119 296/295/295 871/321/321
f 296/295/295 47/182/182 353/181/181
f 871/321/321 353/181/181 30/115/115
f 471/322/322 417/315/315 84/317/317
f 112/324/324 80/257/257 419/258/258
f 18/285/285 83/284/284 421/326/326
f 295/320/320 418/319/319 81/282/282
f 470/325/325 419/258/258 81/282/282
f 420/256/256 469/330/330 265/328/328
f 469/330/330 420/256/256 80/257/257
f 454/331/331 448/378/378 231/332/332
f 361/327/327 421/326/326 78/334/334
f 422/336/336 298/337/337 48/335/335
f 298/337/337 422/336/336 82/338/338
f 15/339/339 85/424/424 430/340/340
f 468/342/342 872/346/346 431/343/343
f 115/345/345 423/347/347 872/346/346
f 423/347/347 7/368/368 428/348/348
f 872/346/346 428/348/348 90/303/303
f 86/349/349 92/352/352 437/350/350
f 424/341/341 430/340/340 92/352/352
f 734/353/353 735/375/375 250/354/354
f 299/351/351 437/350/350 84/317/317
f 467/356/356 873/358/358 464/357/357
f 116/344/344 431/343/343 873/358/358
f 431/343/343 90/303/303 408/305/305
f 873/358/358 408/305/305 74/152/152
f 50/359/359 360/361/361 874/360/360
f 360/361/361 88/302/302 432/314/314
f 874/360/360 432/314/314 87/311/311
f 321/226/226 874/360/360 310/362/362
f 875/363/363 433/268/268 434/270/270
f 32/227/227 310/362/362 875/363/363
f 310/362/362 87/311/311 433/268/268
f 895/364/364 489/77/77 485/145/145
f 331/42/42 876/310/310 429/366/366
f 876/310/310 434/270/270 91/306/306
f 7/368/368 339/370/370 877/369/369
f 339/370/370 40/367/367 429/366/366
f 877/369/369 429/366/366 91/306/306
f 428/348/348 877/369/369 435/307/307
f 951/371/371 592/170/170 412/172/172
f 589/372/372 950/394/394 878/373/373
f 878/373/373 436/300/300 88/302/302
f 356/374/374 878/373/373 360/361/361
f 735/375/375 734/353/353 14/376/376
f 448/378/378 702/404/404 229/379/379
f 124/65/65 483/382/382 879/380/380
f 483/382/382 98/222/222 443/224/224
f 879/380/380 443/224/224 95/45/45
f 486/381/381 879/380/380 481/383/383
f 40/367/367 339/370/370 880/385/385
f 339/370/370 7/368/368 324/387/387
f 880/385/385 324/387/387 96/139/139
f 880/385/385 444/388/388 97/389/389
f 881/390/390 594/393/393 445/391/391
f 50/359/359 442/225/225 881/390/390
f 442/225/225 98/222/222 594/393/393
f 950/394/394 593/298/298 436/300/300
f 40/367/367 441/386/386 882/88/88
f 441/386/386 97/389/389 446/395/395
f 446/395/395 895/364/364 883/365/365
f 122/384/384 481/383/383 883/365/365
f 481/383/383 95/45/45 447/46/46
f 799/143/143 835/76/76 823/78/78
f 281/396/396 782/399/399 884/397/397
f 782/399/399 230/951/951 703/400/400
f 884/397/397 703/400/400 23/401/401
f 798/398/398 884/397/397 775/402/402
f 702/404/404 448/378/378 100/405/405
f 104/407/407 24/513/513 303/408/408
f 448/378/378 454/331/331 103/410/410
f 102/411/411 104/407/407 455/409/409
f 105/377/377 14/376/376 720/413/413
f 455/409/409 303/408/408 25/406/406
f 499/415/415 885/419/419 450/416/416
f 127/418/418 449/420/420 885/419/419
f 449/420/420 102/411/411 451/412/412
f 885/419/419 451/412/412 103/410/410
f 106/421/421 105/377/377 456/414/414
f 451/412/412 455/409/409 100/405/405
f 294/423/423 458/436/436 85/424/424
f 456/414/414 720/413/413 241/425/425
f 117/141/141 107/438/438 438/427/427
f 457/422/422 456/414/414 238/426/426
f 721/430/430 886/434/434 731/431/431
f 129/433/433 452/435/435 886/434/434
f 452/435/435 106/421/421 457/422/422
f 886/434/434 457/422/422 239/429/429
f 458/436/436 294/423/423 93/437/437
f 453/439/439 438/427/427 107/438/438
f 458/436/436 466/442/442 115/345/345
f 477/428/428 438/427/427 118/440/440
f 466/442/442 458/436/436 107/438/438
f 92/352/352 116/344/344 467/356/356
f 7/368/368 423/347/347 887/443/443
f 423/347/347 115/345/345 466/442/442
f 887/443/443 466/442/442 117/141/141
f 324/387/387 887/443/443 465/140/140
f 85/424/424 115/345/345 468/342/342
f 437/350/350 467/356/356 114/323/323
f 82/338/338 108/33/33 472/286/286
f 430/340/340 468/342/342 116/344/344
f 257/146/146 760/446/446 888/444/444
f 760/446/446 265/328/328 469/330/330
f 888/444/444 469/330/330 112/324/324
f 748/445/445 888/444/444 462/447/447
f 10/448/448 462/447/447 889/449/449
f 462/447/447 112/324/324 470/325/325
f 889/449/449 470/325/325 113/288/288
f 290/273/273 889/449/449 463/287/287
f 8/15/15 406/127/127 890/450/450
f 406/127/127 109/124/124 471/322/322
f 890/450/450 471/322/322 114/323/323
f 288/154/154 890/450/450 464/357/357
f 83/284/284 109/124/124 473/126/126
f 418/319/319 472/286/286 113/288/288
f 421/326/326 473/126/126 110/26/26
f 474/28/28 422/336/336 78/334/334
f 422/336/336 474/28/28 108/33/33
f 120/441/441 118/440/440 476/451/451
f 438/427/427 453/439/439 119/453/453
f 564/454/454 1010/616/616 920/455/455
f 717/457/457 511/617/617 302/458/458
f 733/452/452 476/451/451 250/354/354
f 736/461/461 891/465/465 746/462/462
f 130/464/464 478/466/466 891/465/465
f 478/466/466 120/441/441 733/452/452
f 891/465/465 733/452/452 248/460/460
f 496/467/467 892/468/468 478/466/466
f 131/134/134 479/136/136 892/468/468
f 479/136/136 117/141/141 477/428/428
f 892/468/468 477/428/428 120/441/441
f 444/388/388 893/470/470 482/469/469
f 444/388/388 96/139/139 440/138/138
f 893/470/470 440/138/138 125/58/58
f 893/470/470 487/57/57 123/82/82
f 894/471/471 595/175/175 488/472/472
f 98/222/222 483/382/382 894/471/471
f 483/382/382 124/65/65 595/175/175
f 356/374/374 881/390/390 949/392/392
f 97/389/389 482/469/469 895/364/364
f 482/469/469 123/82/82 489/77/77
f 276/474/474 797/477/477 896/475/475
f 797/477/477 277/68/68 495/478/478
f 495/478/478 131/134/134 496/467/467
f 896/475/475 496/467/467 130/464/464
f 283/479/479 796/482/482 897/480/480
f 796/482/482 276/474/474 494/476/476
f 494/476/476 130/464/464 736/461/461
f 897/480/480 736/461/461 251/463/463
f 795/483/483 898/487/487 730/484/484
f 275/486/486 493/488/488 898/487/487
f 493/488/488 129/433/433 721/430/430
f 898/487/487 721/430/430 242/432/432
f 794/489/489 899/492/492 492/490/490
f 273/491/491 491/493/493 899/492/492
f 491/493/493 127/418/418 499/415/415
f 899/492/492 499/415/415 128/417/417
f 232/333/333 715/495/495 900/494/494
f 715/495/495 233/946/946 500/496/496
f 900/494/494 500/496/496 128/417/417
f 454/331/331 900/494/494 450/416/416
f 270/67/67 771/66/66 901/497/497
f 771/66/66 124/65/65 486/381/381
f 901/497/497 486/381/381 122/384/384
f 793/498/498 901/497/497 769/144/144
f 792/499/499 902/502/502 491/493/493
f 1012/500/500 514/503/503 498/501/501
f 514/503/503 1013/505/505 903/504/504
f 902/502/502 498/501/501 127/418/418
f 498/501/501 903/504/504 449/420/420
f 1013/505/505 718/507/507 513/506/506
f 718/507/507 717/457/457 512/459/459
f 903/504/504 513/506/506 102/411/411
f 687/508/508 671/511/511 219/509/509
f 513/506/506 512/459/459 104/407/407
f 671/511/511 690/893/893 211/512/512
f 512/459/459 302/458/458 24/513/513
f 144/514/514 552/517/517 904/515/515
f 552/517/517 143/666/666 515/518/518
f 904/515/515 515/518/518 133/519/519
f 516/516/516 904/515/515 503/520/520
f 145/522/522 551/525/525 905/523/523
f 551/525/525 144/514/514 516/516/516
f 905/523/523 516/516/516 134/521/521
f 517/524/524 905/523/523 504/526/526
f 146/528/528 550/531/531 906/529/529
f 550/531/531 145/522/522 517/524/524
f 906/529/529 517/524/524 135/527/527
f 518/530/530 906/529/529 505/532/532
f 147/534/534 549/537/537 907/535/535
f 549/537/537 146/528/528 518/530/530
f 907/535/535 518/530/530 136/533/533
f 624/536/536 907/535/535 622/538/538
f 148/540/540 548/543/543 908/541/541
f 548/543/543 147/534/534 624/536/536
f 908/541/541 624/536/536 177/539/539
f 908/541/541 623/544/544 137/545/545
f 149/546/546 547/549/549 909/547/547
f 547/549/549 148/540/540 519/542/542
f 519/542/542 137/545/545 506/550/550
f 909/547/547 506/550/550 138/551/551
f 546/552/552 910/555/555 521/553/553
f 546/552/552 149/546/546 520/548/548
f 520/548/548 138/551/551 507/556/556
f 910/555/555 507/556/556 139/557/557
f 545/558/558 911/561/561 522/559/559
f 150/554/554 521/553/553 911/561/561
f 521/553/553 139/557/557 508/562/562
f 911/561/561 508/562/562 140/563/563
f 544/564/564 912/567/567 523/565/565
f 151/560/560 522/559/559 912/567/567
f 522/559/559 140/563/563 509/568/568
f 912/567/567 509/568/568 141/569/569
f 737/570/570 913/573/573 744/571/571
f 152/566/566 523/565/565 913/573/573
f 523/565/565 141/569/569 740/574/574
f 913/573/573 740/574/574 255/575/575
f 722/576/576 914/580/580 729/577/577
f 153/579/579 626/581/581 914/580/580
f 626/581/581 184/786/786 611/582/582
f 914/580/580 611/582/582 245/583/583
f 541/584/584 915/589/589 627/585/585
f 1011/587/587 724/787/787 614/588/588
f 510/590/590 1031/997/997 1037/591/591
f 627/585/585 915/589/589 614/588/588
f 155/594/594 540/597/597 916/595/595
f 540/597/597 154/586/586 627/585/585
f 916/595/595 627/585/585 186/593/593
f 628/596/596 916/595/595 617/598/598
f 234/600/600 707/603/603 917/601/601
f 707/603/603 155/594/594 628/596/596
f 917/601/601 628/596/596 188/599/599
f 714/602/602 917/601/601 620/604/604
f 708/606/606 918/610/610 713/607/607
f 170/609/609 537/611/611 918/610/610
f 537/611/611 155/594/594 707/603/603
f 918/610/610 707/603/603 234/600/600
f 170/609/609 566/613/613 919/612/612
f 566/613/613 169/615/615 536/614/614
f 919/612/612 536/614/614 154/586/586
f 537/611/611 919/612/612 540/597/597
f 565/456/456 920/455/455 536/614/614
f 1010/616/616 542/789/789 541/584/584
f 511/617/617 1009/707/707 945/618/618
f 920/455/455 541/584/584 154/586/586
f 723/619/619 921/623/623 728/620/620
f 168/622/622 535/624/624 921/623/623
f 535/624/624 153/579/579 722/576/576
f 921/623/623 722/576/576 243/578/578
f 738/625/625 922/629/629 743/626/626
f 167/628/628 534/630/630 922/629/629
f 534/630/630 152/566/566 737/570/570
f 922/629/629 737/570/570 252/572/572
f 562/631/631 923/633/633 534/630/630
f 562/631/631 166/634/634 533/632/632
f 533/632/632 151/560/560 544/564/564
f 923/633/633 544/564/564 152/566/566
f 166/634/634 561/636/636 924/635/635
f 561/636/636 165/638/638 532/637/637
f 924/635/635 532/637/637 150/554/554
f 533/632/632 924/635/635 545/558/558
f 165/638/638 560/640/640 925/639/639
f 560/640/640 164/642/642 531/641/641
f 925/639/639 531/641/641 149/546/546
f 532/637/637 925/639/639 546/552/552
f 164/642/642 559/644/644 926/643/643
f 559/644/644 163/646/646 530/645/645
f 926/643/643 530/645/645 148/540/540
f 531/641/641 926/643/643 547/549/549
f 163/646/646 558/648/648 927/647/647
f 558/648/648 162/650/650 529/649/649
f 927/647/647 529/649/649 147/534/534
f 530/645/645 927/647/647 548/543/543
f 162/650/650 557/652/652 928/651/651
f 557/652/652 161/654/654 528/653/653
f 928/651/651 528/653/653 146/528/528
f 529/649/649 928/651/651 549/537/537
f 161/654/654 556/656/656 929/655/655
f 556/656/656 160/658/658 527/657/657
f 929/655/655 527/657/657 145/522/522
f 528/653/653 929/655/655 550/531/531
f 160/658/658 555/660/660 930/659/659
f 555/660/660 159/662/662 526/661/661
f 930/659/659 526/661/661 144/514/514
f 527/657/657 930/659/659 551/525/525
f 159/662/662 554/664/664 931/663/663
f 554/664/664 158/683/683 525/665/665
f 931/663/663 525/665/665 143/666/666
f 526/661/661 931/663/663 552/517/517
f 195/667/667 502/670/670 932/668/668
f 502/670/670 133/519/519 515/518/518
f 932/668/668 515/518/518 143/666/666
f 647/669/669 932/668/668 642/671/671
f 648/673/673 933/676/676 568/674/674
f 192/250/250 383/677/677 933/676/676
f 383/677/677 61/813/813 569/678/678
f 933/676/676 569/678/678 157/679/679
f 382/245/245 934/682/682 571/680/680
f 382/245/245 60/242/242 570/681/681
f 934/682/682 570/681/681 158/683/683
f 571/680/680 934/682/682 554/664/664
f 295/320/320 935/685/685 572/684/684
f 20/281/281 571/680/680 935/685/685
f 935/685/685 571/680/680 159/662/662
f 935/685/685 555/660/660 160/658/658
f 298/337/337 936/687/687 573/686/686
f 19/318/318 572/684/684 936/687/687
f 936/687/687 572/684/684 160/658/658
f 936/687/687 556/656/656 161/654/654
f 361/327/327 937/689/689 574/688/688
f 48/335/335 573/686/686 937/689/689
f 573/686/686 161/654/654 557/652/652
f 937/689/689 557/652/652 162/650/650
f 297/283/283 938/691/691 575/690/690
f 18/285/285 574/688/688 938/691/691
f 574/688/688 162/650/650 558/648/648
f 938/691/691 558/648/648 163/646/646
f 299/351/351 939/693/693 576/692/692
f 16/316/316 575/690/690 939/693/693
f 939/693/693 575/690/690 163/646/646
f 576/692/692 939/693/693 559/644/644
f 424/341/341 940/695/695 577/694/694
f 86/349/349 576/692/692 940/695/695
f 940/695/695 576/692/692 164/642/642
f 577/694/694 940/695/695 560/640/640
f 294/423/423 941/697/697 578/696/696
f 15/339/339 577/694/694 941/697/697
f 941/697/697 577/694/694 165/638/638
f 578/696/696 941/697/697 561/636/636
f 453/439/439 942/699/699 579/698/698
f 93/437/437 578/696/696 942/699/699
f 578/696/696 166/634/634 562/631/631
f 942/699/699 562/631/631 167/628/628
f 475/700/700 943/702/702 742/701/701
f 119/453/453 579/698/698 943/702/702
f 579/698/698 167/628/628 738/625/625
f 943/702/702 738/625/625 253/627/627
f 720/413/413 944/704/704 727/703/703
f 14/376/376 580/705/705 944/704/704
f 580/705/705 168/622/622 723/619/619
f 944/704/704 723/619/619 244/621/621
f 302/458/458 945/618/618 581/706/706
f 1009/707/707 564/454/454 565/456/456
f 612/708/708 615/790/790 971/709/709
f 945/618/618 565/456/456 169/615/615
f 303/408/408 946/712/712 582/711/711
f 24/513/513 581/706/706 946/712/712
f 581/706/706 169/615/615 566/613/613
f 946/712/712 566/613/613 170/609/609
f 196/672/672 642/671/671 947/713/713
f 642/671/671 143/666/666 525/665/665
f 947/713/713 525/665/665 158/683/683
f 646/714/714 947/713/713 643/715/715
f 445/391/391 948/473/473 293/716/716
f 948/473/473 488/472/472 121/718/718
f 589/372/372 949/392/392 314/719/719
f 949/392/392 445/391/391 94/717/717
f 1/720/720 427/721/721 950/394/394
f 427/721/721 89/722/722 593/298/298
f 89/722/722 407/723/723 951/371/371
f 407/723/723 73/729/729 592/170/170
f 317/297/297 952/293/293 315/724/724
f 952/293/293 354/169/169 38/725/725
f 46/264/264 364/263/263 953/296/296
f 364/263/263 72/184/184 591/4/4
f 256/726/726 286/728/728 954/1/1
f 4/727/727 587/1380/2659 954/1/1
f 73/729/729 284/731/731 955/730/730
f 284/731/731 2/733/733 320/117/117
f 354/169/169 956/118/118 347/732/732
f 956/118/118 320/117/117 2/733/733
f 271/734/734 480/735/735 957/174/174
f 480/735/735 121/718/718 488/472/472
f 72/184/184 398/183/183 958/736/736
f 398/183/183 47/182/182 585/294/294
f 195/667/667 641/739/739 959/737/737
f 641/739/739 132/810/810 598/740/740
f 959/737/737 598/740/740 172/741/741
f 645/738/738 959/737/737 644/742/742
f 597/744/744 960/746/746 503/520/520
f 173/745/745 599/747/747 960/746/746
f 599/747/747 174/749/749 630/748/748
f 960/746/746 630/748/748 134/521/521
f 630/748/748 961/750/750 504/526/526
f 174/749/749 600/751/751 961/750/750
f 600/751/751 175/753/753 631/752/752
f 961/750/750 631/752/752 135/527/527
f 631/752/752 962/754/754 505/532/532
f 175/753/753 601/755/755 962/754/754
f 601/755/755 176/757/757 632/756/756
f 962/754/754 632/756/756 136/533/533
f 632/756/756 963/758/758 622/538/538
f 176/757/757 603/759/759 963/758/758
f 603/759/759 178/1382/2661 602/760/760
f 963/758/758 602/760/760 177/539/539
f 177/539/539 602/760/760 964/761/761
f 602/760/760 178/1382/2661 604/762/762
f 964/761/761 604/762/762 179/763/763
f 623/544/544 964/761/761 633/764/764
f 137/545/545 633/764/764 965/765/765
f 633/764/764 179/763/763 605/766/766
f 965/765/765 605/766/766 180/767/767
f 506/550/550 965/765/765 634/768/768
f 138/551/551 634/768/768 966/769/769
f 634/768/768 180/767/767 606/770/770
f 966/769/769 606/770/770 181/771/771
f 507/556/556 966/769/769 635/772/772
f 139/557/557 635/772/772 967/773/773
f 635/772/772 181/771/771 607/774/774
f 967/773/773 607/774/774 182/775/775
f 508/562/562 967/773/773 636/776/776
f 140/563/563 636/776/776 968/777/777
f 636/776/776 182/775/775 608/778/778
f 608/778/778 183/1385/2662 637/779/779
f 509/568/568 968/777/777 637/779/779
f 255/575/575 741/782/782 969/780/780
f 741/782/782 254/959/959 610/783/783
f 969/780/780 610/783/783 185/784/784
f 625/781/781 969/780/780 609/785/785
f 245/583/583 726/788/788 970/710/710
f 726/788/788 246/954/954 612/708/708
f 970/710/710 971/709/709 614/588/588
f 542/789/789 1011/587/587 915/589/589
f 615/790/790 187/792/792 613/791/791
f 971/709/709 613/791/791 186/593/593
f 613/791/791 972/793/793 617/598/598
f 187/792/792 618/794/794 972/793/793
f 618/794/794 189/938/938 616/795/795
f 972/793/793 616/795/795 188/599/599
f 236/605/605 712/799/799 973/796/796
f 237/798/798 621/1383/2663 973/796/796
f 973/796/796 621/1383/2663 191/800/800
f 709/797/797 973/796/796 619/801/801
f 133/519/519 502/670/670 974/803/803
f 502/670/670 195/667/667 645/738/738
f 974/803/803 645/738/738 198/743/743
f 597/744/744 974/803/803 596/804/804
f 197/675/675 643/715/715 975/805/805
f 643/715/715 158/683/683 570/681/681
f 975/805/805 570/681/681 60/242/242
f 648/673/673 975/805/805 638/253/253
f 142/806/806 553/809/809 976/807/807
f 553/809/809 196/672/672 646/714/714
f 976/807/807 646/714/714 197/675/675
f 524/808/808 976/807/807 568/674/674
f 132/810/810 641/739/739 977/811/811
f 641/739/739 195/667/667 647/669/669
f 977/811/811 647/669/669 196/672/672
f 501/812/812 977/811/811 553/809/809
f 61/813/813 383/677/677 978/814/814
f 383/677/677 192/250/250 649/252/252
f 978/814/814 649/252/252 194/255/255
f 390/815/815 978/814/814 393/816/816
f 262/818/818 758/821/821 979/819/819
f 758/821/821 266/228/228 650/230/230
f 650/230/230 193/235/235 386/822/822
f 979/819/819 386/822/822 65/823/823
f 59/824/824 653/825/825 980/197/197
f 653/825/825 201/218/218 654/195/195
f 56/200/200 652/208/208 981/220/220
f 200/211/211 655/210/210 981/220/220
f 58/826/826 379/829/829 982/827/827
f 379/829/829 55/212/212 380/209/209
f 982/827/827 380/209/209 200/211/211
f 651/828/828 982/827/827 656/207/207
f 702/404/404 983/831/831 711/830/830
f 25/406/406 582/711/711 983/831/831
f 582/711/711 170/609/609 708/606/606
f 983/831/831 708/606/606 235/608/608
f 671/511/511 687/508/508 220/832/832
f 204/834/834 205/869/869 675/835/835
f 676/836/836 675/835/835 214/510/510
f 691/837/837 663/919/919 101/838/838
f 662/840/840 984/844/844 677/841/841
f 207/843/843 674/845/845 984/844/844
f 674/845/845 213/876/876 681/846/846
f 984/844/844 681/846/846 218/847/847
f 661/848/848 985/851/851 678/849/849
f 209/842/842 677/841/841 985/851/851
f 677/841/841 218/847/847 682/852/852
f 985/851/851 682/852/852 217/853/853
f 278/854/854 657/857/857 986/855/855
f 657/857/857 203/1384/1046 673/858/858
f 986/855/855 673/858/858 212/859/859
f 790/856/856 986/855/855 780/860/860
f 208/862/862 660/865/865 987/863/863
f 660/865/865 202/905/905 672/866/866
f 987/863/863 672/866/866 211/512/512
f 680/864/864 987/863/863 684/867/867
f 205/869/869 658/871/871 988/870/870
f 658/871/871 206/1010/1010 679/872/872
f 988/870/870 679/872/872 216/873/873
f 675/835/835 988/870/870 685/874/874
f 681/846/846 989/877/877 670/875/875
f 213/876/876 688/878/878 989/877/877
f 688/878/878 221/904/904 701/879/879
f 989/877/877 701/879/879 225/880/880
f 682/852/852 990/882/882 669/881/881
f 218/847/847 670/875/875 990/882/882
f 670/875/875 225/880/880 700/883/883
f 990/882/882 700/883/883 226/884/884
f 279/861/861 780/860/860 991/885/885
f 780/860/860 212/859/859 689/887/887
f 991/885/885 689/887/887 222/888/888
f 789/886/886 991/885/885 699/889/889
f 215/868/868 684/867/867 992/891/891
f 684/867/867 211/512/512 690/893/893
f 992/891/891 690/893/893 223/894/894
f 667/892/892 992/891/891 698/895/895
f 214/510/510 685/874/874 993/897/897
f 685/874/874 216/873/873 668/898/898
f 993/897/897 668/898/898 227/899/899
f 687/508/508 993/897/897 697/900/900
f 686/901/901 994/902/902 688/878/878
f 215/868/868 667/892/892 994/902/902
f 667/892/892 228/896/896 696/903/903
f 994/902/902 696/903/903 221/904/904
f 690/893/893 671/511/511 224/833/833
f 202/905/905 204/834/834 676/836/836
f 672/866/866 676/836/836 219/509/509
f 666/906/906 691/837/837 99/839/839
f 691/837/837 666/906/906 223/894/894
f 26/907/907 99/839/839 704/908/908
f 171/910/910 538/913/913 995/911/911
f 538/913/913 156/930/930 664/914/914
f 664/914/914 221/904/904 696/903/903
f 995/911/911 696/903/903 228/896/896
f 126/915/915 490/918/918 996/916/916
f 490/918/918 101/838/838 663/919/919
f 996/916/916 663/919/919 220/832/832
f 694/917/917 996/916/916 697/900/900
f 26/907/907 583/921/921 997/920/920
f 583/921/921 171/910/910 695/912/912
f 997/920/920 695/912/912 228/896/896
f 666/906/906 997/920/920 698/895/895
f 267/922/922 768/925/925 998/923/923
f 768/925/925 126/915/915 694/917/917
f 998/923/923 694/917/917 227/899/899
f 788/924/924 998/923/923 781/926/926
f 190/802/802 619/801/801 999/927/927
f 619/801/801 191/800/800 693/929/929
f 693/929/929 226/884/884 700/883/883
f 999/927/927 700/883/883 225/880/880
f 156/930/930 629/932/932 1000/931/931
f 629/932/932 190/802/802 692/928/928
f 692/928/928 225/880/880 701/879/879
f 1000/931/931 701/879/879 221/904/904
f 663/919/919 691/837/837 224/833/833
f 99/839/839 101/838/838 705/933/933
f 659/934/934 1001/935/935 674/845/845
f 208/862/862 680/864/864 1001/935/935
f 680/864/864 215/868/868 686/901/901
f 1001/935/935 686/901/901 213/876/876
f 304/909/909 1002/936/936 583/921/921
f 229/379/379 711/830/830 1002/936/936
f 711/830/830 235/608/608 567/937/937
f 1002/936/936 567/937/937 171/910/910
f 616/795/795 1003/939/939 620/604/604
f 189/938/938 710/940/940 1003/939/939
f 710/940/940 237/798/798 712/799/799
f 1003/939/939 712/799/799 236/605/605
f 567/937/937 1004/941/941 538/913/913
f 235/608/608 713/607/607 1004/941/941
f 713/607/607 234/600/600 539/942/942
f 1004/941/941 539/942/942 156/930/930
f 539/942/942 1005/943/943 629/932/932
f 234/600/600 714/602/602 1005/943/943
f 714/602/602 236/605/605 709/797/797
f 1005/943/943 709/797/797 190/802/802
f 101/838/838 490/918/918 1006/944/944
f 490/918/918 126/915/915 706/945/945
f 1006/944/944 706/945/945 233/946/946
f 705/933/933 1006/944/944 715/495/495
f 704/908/908 705/933/933 232/333/333
f 239/429/429 238/426/426 717/457/457
f 304/909/909 704/908/908 231/332/332
f 238/426/426 241/425/425 511/617/617
f 267/922/922 305/949/949 1007/947/947
f 305/949/949 27/1005/1005 307/950/950
f 1007/947/947 307/950/950 230/951/951
f 787/948/948 1007/947/947 782/399/399
f 184/786/786 609/785/785 1008/952/952
f 609/785/785 185/784/784 725/953/953
f 1008/952/952 725/953/953 246/954/954
f 611/582/582 1008/952/952 726/788/788
f 241/425/425 727/703/703 1009/707/707
f 727/703/703 244/621/621 564/454/454
f 244/621/621 728/620/620 1010/616/616
f 728/620/620 243/578/578 542/789/789
f 243/578/578 729/577/577 1011/587/587
f 729/577/577 245/583/583 724/787/787
f 282/485/485 730/484/484 1012/500/500
f 730/484/484 242/432/432 514/503/503
f 242/432/432 731/431/431 1013/505/505
f 731/431/431 239/429/429 718/507/507
f 248/460/460 250/354/354 735/375/375
f 475/700/700 476/451/451 118/440/440
f 141/569/569 637/779/779 1014/957/957
f 637/779/779 183/1385/2662 739/958/958
f 1014/957/957 739/958/958 254/959/959
f 740/574/574 1014/957/957 741/782/782
f 734/353/353 1015/960/960 580/705/705
f 249/355/355 742/701/701 1015/960/960
f 742/701/701 253/627/627 563/961/961
f 1015/960/960 563/961/961 168/622/622
f 563/961/961 1016/962/962 535/624/624
f 253/627/627 743/626/626 1016/962/962
f 743/626/626 252/572/572 543/963/963
f 1016/962/962 543/963/963 153/579/579
f 543/963/963 1017/964/964 626/581/581
f 252/572/572 744/571/571 1017/964/964
f 744/571/571 255/575/575 625/781/781
f 1017/964/964 625/781/781 184/786/786
f 785/965/965 1018/966/966 493/488/488
f 785/965/965 283/479/479 745/481/481
f 745/481/481 251/463/463 497/967/967
f 1018/966/966 497/967/967 129/433/433
f 497/967/967 1019/968/968 452/435/435
f 251/463/463 746/462/462 1019/968/968
f 746/462/462 248/460/460 459/956/956
f 1019/968/968 459/956/956 106/421/421
f 111/969/969 79/972/972 755/970/970
f 459/956/956 735/375/375 105/377/377
f 476/451/451 475/700/700 249/355/355
f 79/972/972 63/240/240 389/239/239
f 66/817/817 393/816/816 1020/973/973
f 393/816/816 194/255/255 757/975/975
f 1020/973/973 757/975/975 266/228/228
f 753/974/974 1020/973/973 758/821/821
f 33/280/280 747/976/976 1021/275/275
f 747/976/976 256/726/726 759/176/176
f 1025/977/977 584/276/276 316/278/278
f 955/730/730 320/117/117 586/122/122
f 22/151/151 461/979/979 1022/978/978
f 461/979/979 111/969/969 756/971/971
f 1022/978/978 756/971/971 265/328/328
f 306/148/148 1022/978/978 760/446/446
f 756/971/971 755/970/970 264/329/329
f 755/970/970 389/239/239 263/980/980
f 62/249/249 392/248/248 1023/981/981
f 392/248/248 67/247/247 754/983/983
f 1023/981/981 754/983/983 263/980/980
f 752/982/982 1023/981/981 761/238/238
f 194/255/255 640/254/254 1024/984/984
f 640/254/254 62/249/249 752/982/982
f 1024/984/984 752/982/982 261/236/236
f 757/975/975 1024/984/984 762/231/231
f 1025/977/977 763/177/177 260/18/18
f 584/276/276 1025/977/977 362/985/985
f 10/448/448 341/272/272 1026/986/986
f 341/272/272 42/266/266 750/987/987
f 1026/986/986 750/987/987 259/131/131
f 748/445/445 1026/986/986 764/149/149
f 42/266/266 332/213/213 1027/221/221
f 1027/221/221 1028/989/989 766/87/87
f 369/50/50 1044/1034/1034 1045/988/988
f 750/987/987 1027/221/221 765/94/94
f 28/259/259 308/990/990 1028/989/989
f 308/990/990 258/25/25 766/87/87
f 46/264/264 362/985/985 1029/991/991
f 362/985/985 260/18/18 767/20/20
f 1029/991/991 767/20/20 258/25/25
f 352/261/261 1029/991/991 308/990/990
f 13/992/992 292/995/995 1030/993/993
f 292/995/995 247/1026/1026 784/996/996
f 1030/993/993 784/996/996 283/479/479
f 776/994/994 1030/993/993 785/965/965
f 1031/997/997 786/955/955 792/499/499
f 240/998/998 783/999/999 1031/997/997
f 783/999/999 282/485/485 786/955/955
f 510/1000/1000 300/1108/1090 1135/1001/1001
f 126/915/915 768/925/925 1032/1003/1003
f 768/925/925 267/922/922 787/948/948
f 1032/1003/1003 787/948/948 281/396/396
f 706/945/945 1032/1003/1003 716/1004/1004
f 27/1005/1005 305/949/949 1033/1006/1006
f 305/949/949 267/922/922 788/924/924
f 1033/1006/1006 788/924/924 280/890/890
f 665/1007/1007 1033/1006/1006 699/889/889
f 216/873/873 683/1009/1009 1034/1008/1008
f 683/1009/1009 279/861/861 789/886/886
f 1034/1008/1008 789/886/886 280/890/890
f 668/898/898 1034/1008/1008 781/926/926
f 206/1010/1010 779/1012/1012 1035/1011/1011
f 779/1012/1012 278/854/854 790/856/856
f 1035/1011/1011 790/856/856 279/861/861
f 679/872/872 1035/1011/1011 683/1009/1009
f 5/1013/1013 772/1015/1015 1036/123/123
f 772/1015/1015 271/734/734 791/62/62
f 1047/1016/1016 357/1040/1040 590/1014/1014
f 958/736/736 585/294/294 317/297/297
f 300/592/592 1037/591/591 774/1017/1017
f 1037/591/591 792/499/499 273/491/491
f 52/187/187 359/1020/1020 1038/1019/1019
f 359/1020/1020 270/67/67 793/498/498
f 1038/1019/1019 793/498/498 268/142/142
f 323/185/185 1038/1019/1019 322/1021/1021
f 301/1022/1022 1039/1023/1023 775/402/402
f 21/1018/1018 774/1017/1017 1039/1023/1023
f 774/1017/1017 273/491/491 794/489/489
f 1039/1023/1023 794/489/489 274/403/403
f 719/1024/1024 1040/1025/1025 783/999/999
f 719/1024/1024 13/992/992 776/994/994
f 1040/1025/1025 776/994/994 275/486/486
f 1040/1025/1025 795/483/483 282/485/485
f 247/1026/1026 732/1028/1028 1041/1027/1027
f 732/1028/1028 12/1030/1030 777/1029/1029
f 1041/1027/1027 777/1029/1029 276/474/474
f 784/996/996 1041/1027/1027 796/482/482
f 12/1030/1030 291/1032/1032 1042/1031/1031
f 291/1032/1032 11/1381/2660 778/71/71
f 1042/1031/1031 778/71/71 277/68/68
f 777/1029/1029 1042/1031/1031 797/477/477
f 233/946/946 716/1004/1004 1043/1033/1033
f 716/1004/1004 281/396/396 798/398/398
f 1043/1033/1033 798/398/398 274/403/403
f 500/496/496 1043/1033/1033 492/490/490
f 6/188/188 322/1021/1021 1044/1034/1034
f 322/1021/1021 268/142/142 799/143/143
f 371/1035/1035 1151/1169/1148 1138/1036/1036
f 1044/1034/1034 799/143/143 800/75/75
f 376/48/48 1045/988/988 350/1038/1038
f 1045/988/988 800/75/75 269/54/54
f 131/134/134 495/478/478 1046/1039/1039
f 495/478/478 277/68/68 801/70/70
f 1046/1039/1039 801/70/70 272/53/53
f 344/137/137 1046/1039/1039 484/52/52
f 1047/1016/1016 802/64/64 270/67/67
f 357/1040/1040 1047/1016/1016 359/1020/1020
f 340/203/203 1048/1041/1041 773/74/74
f 41/198/198 350/1038/1038 1048/1041/1041
f 350/1038/1038 269/54/54 803/51/51
f 1048/1041/1041 803/51/51 272/53/53
f 811/1042/1042 805/1045/1043 204/1043/834
f 805/1045/1043 807/1061/1052 205/1046/869
f 662/1047/840 1049/1051/1045 810/1048/1044
f 209/1050/842 808/1063/1053 1049/1051/1045
f 203/1052/1046 657/1055/857 1050/1053/1047
f 657/1055/857 278/1066/854 806/1056/1049
f 206/1057/1010 658/1060/871 1051/1058/1050
f 658/1060/871 205/1046/869 807/1061/1052
f 661/1062/848 1052/1065/1054 808/1063/1053
f 210/1064/850 813/1391/2664 1052/1065/1054
f 278/1066/854 779/1068/1012 1053/1067/1055
f 779/1068/1012 206/1057/1010 812/1059/1051
f 202/1044/905 660/1070/865 1054/1069/1056
f 660/1070/865 208/1073/862 804/1071/1057
f 659/1072/934 1055/1074/1058 804/1071/1057
f 207/1049/843 810/1048/1044 1055/1074/1058
f 79/1075/1059 111/1222/1198 1091/1076/1060
f 79/1075/1059 1088/1077/1061 1082/1078/1062
f 73/1080/1063 1087/1392/1192 1130/1081/1064
f 284/1082/1065 1130/1081/1064 1057/1083/1066
f 286/1085/1068 256/1369/1333 1127/1086/1069
f 286/1085/1068 1131/1087/1070 1059/1088/1071
f 291/1090/1073 1132/1094/1077 1061/1091/1074
f 12/1093/1076 1062/1362/1326 1132/1094/1077
f 247/1095/1078 292/1098/1080 1133/1096/1079
f 292/1098/1080 13/1386/1320 1063/1099/1081
f 121/1100/1082 1092/1227/1082 1134/1101/1083
f 293/1102/1084 1134/1101/1083 1090/1103/1085
f 612/1105/1087 1184/1298/1267 1185/1106/1088
f 300/1108/1090 21/1110/1091 1064/1109/1091
f 21/1110/1091 301/1113/1094 1136/1111/1092
f 23/1112/1093 1066/1349/1093 1136/1111/1092
f 307/1114/1095 1137/1118/1099 1121/1115/1096
f 307/1114/1095 27/1326/1293 1067/1117/1098
f 309/1037/1037 1138/1036/1036 1080/1119/1100
f 330/1121/1102 312/1130/1110 1140/1122/1103
f 45/1124/1105 1072/1157/1136 1139/1125/1106
f 31/1127/1108 311/1387/1107 1139/1128/1106
f 312/1130/1110 31/1127/1108 1068/1129/1109
f 70/1131/1111 1086/1211/1188 1141/1132/1112
f 313/1133/1113 1141/1132/1112 1069/1134/1114
f 94/1104/1086 1090/1103/1085 1142/1136/1115
f 314/1137/1116 1142/1136/1115 1056/1138/1117
f 38/1140/1119 1070/1153/1132 1143/1141/1120
f 315/1142/1121 1143/1141/1120 1058/1143/1122
f 330/1121/1102 1144/1123/1104 1071/1145/1124
f 338/1147/1126 1145/1150/1129 1065/1148/1127
f 39/1146/1125 1071/1145/1124 1145/1150/1129
f 347/1151/1130 2/1084/1067 1057/1083/1066
f 347/1151/1130 1146/1152/1131 1070/1153/1132
f 357/1154/1133 1148/1159/1138 1171/1155/1134
f 45/1124/1105 351/59/59 1147/61/61
f 357/1154/1133 52/1167/1146 1074/1158/1137
f 365/1160/1139 1149/1164/1143 1076/1161/1140
f 53/1163/1142 1075/1189/1167 1149/1164/1143
f 366/1165/1144 54/1162/1141 1076/1161/1140
f 52/1167/1146 366/1165/1144 1150/1166/1145
f 55/1168/1147 1077/1183/1161 1151/1169/1148
f 373/1170/1149 1152/1174/1153 1113/1171/1150
f 57/1173/1152 1078/1180/1158 1152/1174/1153
f 374/1175/1154 1153/1178/1156 1073/1176/1155
f 11/1092/1075 1061/1091/1074 1153/1178/1156
f 377/1179/1157 1154/1181/1159 1078/1180/1158
f 377/1179/1157 51/1177/1155 1073/1176/1155
f 379/1182/1160 1155/1185/1163 1077/1183/1161
f 58/1184/1162 1079/1317/1285 1155/1185/1163
f 381/1186/1164 201/1322/1289 1114/1187/1165
f 381/1186/1164 1156/1188/1166 1075/1189/1167
f 385/1190/1168 63/1079/1062 1082/1078/1062
f 64/1192/1170 385/1190/1168 1157/1191/1169
f 386/1194/1172 193/1312/1280 1111/1195/1173
f 386/1194/1172 1158/1196/1174 1084/1197/1175
f 388/1199/1177 1159/1393/1180 1128/1200/1178
f 65/1198/1176 1084/1197/1175 1159/1202/1180
f 61/1204/1181 390/1207/1184 1160/1205/1182
f 390/1207/1184 66/1371/1335 1085/1208/1185
f 396/1209/1186 3/1144/1123 1058/1143/1122
f 70/1131/1111 396/1209/1186 1161/1210/1187
f 89/1212/1189 1089/1219/1195 1162/1213/1190
f 407/1214/1191 1162/1213/1190 1087/1215/1192
f 427/1217/1193 1/1139/1118 1056/1138/1117
f 89/1212/1189 427/1217/1193 1163/1218/1194
f 22/1149/1128 1065/1148/1127 1164/1220/1196
f 111/1222/1198 461/1388/1197 1164/1223/1196
f 480/1224/1199 271/1375/1339 1129/1225/1200
f 121/1100/1082 480/1224/1199 1165/1226/1201
f 501/1228/1202 142/1238/1212 1094/1229/1203
f 132/1231/1205 501/1228/1202 1166/1230/1204
f 510/1000/1000 1167/1002/1002 1123/1233/1207
f 524/1235/1209 157/1241/1215 1095/1236/1210
f 142/1238/1212 524/1235/1209 1168/1237/1211
f 569/1239/1213 61/1204/1181 1081/1206/1183
f 157/1241/1215 569/1239/1213 1169/1240/1214
f 4/1089/1072 1059/1088/1071 1170/60/60
f 590/1243/1135 1171/1394/1134 1060/1244/1217
f 198/1246/1219 1112/1315/1283 1172/1247/1220
f 596/1248/1221 1172/1247/1220 1097/1249/1222
f 598/1251/1224 132/1231/1205 1093/1232/1206
f 172/1253/1226 598/1251/1224 1173/1252/1225
f 173/1250/1223 1097/1249/1222 1174/1255/1228
f 174/1257/1229 599/1256/1228 1174/1255/1228
f 174/1257/1229 1098/1258/1230 1175/1259/1231
f 600/1260/1232 1175/1259/1231 1099/1261/1233
f 601/1263/1235 175/1262/1234 1099/1261/1233
f 176/1265/1237 601/1263/1235 1176/1264/1236
f 176/1265/1237 1100/1266/1238 1177/1267/1239
f 603/1268/1239 1177/1267/1239 1101/1269/1240
f 604/1271/1242 178/1270/1241 1101/1269/1240
f 179/1273/1244 604/1271/1242 1178/1272/1243
f 605/1275/1246 179/1273/1244 1102/1274/1245
f 605/1275/1246 1179/1276/1247 1103/1277/1248
f 606/1279/1250 180/1278/1249 1103/1277/1248
f 181/1281/1252 606/1279/1250 1180/1280/1251
f 181/1281/1252 1104/1282/1253 1181/1283/1254
f 607/1284/1254 1181/1283/1254 1105/1285/1255
f 608/1287/1257 182/1286/1256 1105/1285/1255
f 183/1289/1259 608/1287/1257 1182/1288/1258
f 610/1291/1261 254/1366/1330 1126/1292/1262
f 185/1294/1264 610/1389/1261 1183/1295/1263
f 246/1297/1266 1124/1360/1324 1184/1298/1267
f 615/1107/1089 1185/1106/1088 1108/1299/1268
f 187/1300/1269 1108/1299/1268 1186/1301/1270
f 618/1302/1271 1186/1301/1270 1109/1303/1272
f 237/1305/1273 1122/1353/1318 1187/1306/1274
f 191/1308/1276 621/1307/1275 1187/1306/1274
f 639/1310/1278 64/1192/1170 1083/1193/1171
f 193/1312/1280 639/1310/1278 1188/1311/1279
f 644/1313/1281 172/1253/1226 1096/1254/1227
f 644/1313/1281 1189/1314/1282 1112/1315/1283
f 651/1316/1284 1190/1395/1286 1079/1317/1285
f 199/1172/1151 1113/1171/1150 1190/1318/1286
f 653/1320/1287 59/1120/1101 1080/1119/1100
f 201/1322/1289 653/1320/1287 1191/1321/1288
f 222/1323/1290 1119/1344/1310 1192/1324/1291
f 27/1326/1293 665/1390/1292 1192/1327/1291
f 226/1328/1294 1120/1347/1313 1193/1329/1295
f 669/1330/1296 1193/1329/1295 1118/1331/1297
f 673/1333/1299 203/1377/1300 1115/1334/1300
f 212/1336/1302 673/1333/1299 1194/1335/1301
f 217/1332/1298 1118/1331/1297 1195/1338/1304
f 678/1339/1305 1195/1338/1304 1116/1340/1306
f 689/1342/1308 212/1336/1302 1117/1337/1303
f 222/1323/1290 689/1342/1308 1196/1343/1309
f 693/1345/1311 191/1308/1276 1110/1309/1277
f 693/1345/1311 1197/1346/1312 1120/1347/1313
f 703/1348/1314 1198/1350/1315 1066/1349/1093
f 230/1116/1097 1121/1115/1096 1198/1350/1315
f 710/1351/1316 189/1304/1272 1109/1303/1272
f 710/1351/1316 1199/1352/1317 1122/1353/1318
f 719/1354/1319 1200/1357/1321 1063/1355/1081
f 240/1234/1208 1123/1233/1207 1200/1357/1321
f 185/1294/1264 1107/1296/1265 1201/1358/1322
f 725/1359/1323 1201/1358/1322 1124/1360/1324
f 732/1361/1325 1202/1363/1327 1062/1362/1326
f 247/1095/1078 1125/1097/1078 1202/1363/1327
f 739/1364/1328 183/1289/1259 1106/1290/1260
f 254/1366/1330 739/1364/1328 1203/1365/1329
f 747/1367/1331 33/1135/1114 1069/1134/1114
f 256/1369/1333 747/1367/1331 1204/1368/1332
f 753/1370/1334 1205/1372/1336 1085/1208/1185
f 262/1201/1179 1128/1200/1178 1205/1372/1336
f 772/1373/1337 5/1245/1218 1060/1244/1217
f 271/1375/1339 772/1373/1337 1206/1374/1338
f 809/1376/1340 1207/1396/2665 1115/1334/1300
f 813/1378/1341 210/1341/1307 1116/1340/1306
f 754/983/983 420/256/256 264/329/329
f 417/315/315 471/322/322 109/124/124
f 786/955/955 1012/500/500 902/502/502
f 594/393/393 894/471/471 948/473/473
f 335/159/159 844/160/160 840/161/161
f 2162/1/1342 2051/3/1520 1559/2/1343
f 1799/4/1345 1611/6/1350 2022/5/1346
f 2022/5/1346 1604/8/1351 1211/7/1348
f 1611/6/1350 1278/9/1623 1604/8/1351
f 1557/11/1352 2023/14/1357 1527/10/1353
f 1527/10/1353 2023/14/1357 1497/13/1355
f 2023/14/1357 1550/16/1498 1216/15/1358
f 1251/17/1359 1550/16/1498 2023/14/1357
f 1468/18/1360 1975/20/1366 2024/19/1361
f 1959/21/1362 2024/19/1361 1519/22/1363
f 2024/19/1361 1957/24/1367 1239/23/1365
f 1975/20/1366 1466/25/1431 1957/24/1367
f 1318/26/1368 1682/28/1373 2025/27/1369
f 1668/29/1370 2025/27/1369 1536/30/1371
f 2025/27/1369 1612/32/1374 1217/31/1372
f 1682/28/1373 1316/33/1634 1612/32/1374
f 1285/34/1375 1624/36/1381 2026/35/1376
f 1619/37/1377 2026/35/1376 1563/38/1378
f 2026/35/1376 1617/40/1382 1237/39/1380
f 1624/36/1381 1283/41/1437 1617/40/1382
f 1539/42/1383 1533/44/1388 2027/43/1384
f 2027/43/1384 1647/47/1389 1303/45/1386
f 1533/44/1388 1240/227/1570 1647/47/1389
f 2055/49/1390 2056/194/1537 1584/48/1391
f 1692/52/1393 2028/55/1396 2011/51/1394
f 2028/55/1396 1978/56/1399 1477/54/1397
f 1695/57/1398 1331/82/1426 1978/56/1399
f 1333/58/1400 1695/57/1398 2028/55/1396
f 1559/59/1401 2355/61/2473 2378/60/1402
f 1999/62/1404 2010/64/1409 2029/63/1405
f 2029/63/1405 1979/66/1410 1332/65/1407
f 2010/64/1409 1478/67/1841 1979/66/1410
f 1485/68/1411 2009/70/1417 2030/69/1412
f 1986/71/1413 2030/69/1412 1566/72/1414
f 2030/69/1412 1981/74/1418 1243/73/1416
f 2009/70/1417 1480/53/1395 1981/74/1418
f 1978/56/1399 2031/78/1427 2008/75/1419
f 2043/76/1420 2031/78/1427 1697/77/1421
f 1578/79/1423 1576/81/1535 2060/80/1424
f 1331/82/1426 1697/77/1421 2031/78/1427
f 2041/83/1428 1538/85/1478 1520/84/1429
f 2032/86/1430 1957/24/1367 1466/25/1431
f 2032/86/1430 1520/84/1429 1239/23/1365
f 2090/88/1385 2027/43/1384 1655/46/1387
f 1541/90/1434 1535/93/1439 2033/89/1435
f 2033/89/1435 1617/40/1382 1283/41/1437
f 1535/93/1439 1237/39/1380 1617/40/1382
f 1973/94/1440 2041/83/1428 2032/86/1430
f 2035/95/1441 2034/96/1443 1535/93/1439
f 2040/91/1436 2033/89/1435 1623/92/1438
f 2034/96/1443 1526/98/1445 1237/39/1380
f 1542/99/1444 1245/100/1506 1526/98/1445
f 1242/12/1354 1545/101/1460 2035/95/1441
f 1557/11/1352 2035/95/1441 1541/90/1434
f 1556/103/1446 2036/106/1452 1610/102/1447
f 1610/102/1447 2036/106/1452 1603/105/1449
f 1551/107/1451 1217/31/1372 1603/105/1449
f 1252/108/1453 1551/107/1451 2036/106/1452
f 1495/110/1454 2037/114/1459 1609/109/1455
f 1537/113/1457 1543/159/1503 2047/112/1458
f 1545/101/1460 1542/99/1444 2034/96/1443
f 1238/115/1461 1537/113/1457 2037/114/1459
f 1528/117/1462 1794/122/1467 2038/116/1463
f 2038/116/1463 1571/121/1468 1225/119/1465
f 1794/122/1467 1257/173/1379 1571/121/1468
f 2244/123/1469 2255/1016/2362 2010/64/1409
f 1317/124/1470 1681/126/1473 2039/125/1471
f 1614/127/1472 2039/125/1471 1497/13/1355
f 2039/125/1471 1668/29/1370 1244/128/1356
f 1681/126/1473 1318/26/1368 1668/29/1370
f 1554/129/1474 2040/91/1436 1622/97/1442
f 1251/17/1359 1541/90/1434 2040/91/1436
f 1467/131/1476 1553/132/1477 2041/83/1428
f 1553/132/1477 1247/133/1492 1538/85/1478
f 1339/134/1479 1687/136/1484 2042/135/1480
f 1552/137/1481 2042/135/1480 1648/138/1482
f 2042/135/1480 1673/140/1485 1304/139/1483
f 1687/136/1484 1325/141/1767 1673/140/1485
f 1476/142/1486 2007/143/1736 2043/76/1420
f 1977/144/1487 2043/76/1420 1693/145/1422
f 1465/146/1489 1514/148/1493 2044/147/1490
f 1972/149/1491 2044/147/1490 1553/132/1477
f 2044/147/1490 1546/150/1494 1247/133/1492
f 1514/148/1493 1230/151/2325 1546/150/1494
f 1282/152/1495 1496/154/1499 2045/153/1496
f 2045/153/1496 1554/129/1474 1284/130/1475
f 1550/16/1498 1251/17/1359 1554/129/1474
f 1496/154/1499 1216/15/1358 1550/16/1498
f 1493/156/1500 2046/157/1501 1551/107/1451
f 2046/157/1501 1536/30/1371 1217/31/1372
f 1527/10/1353 1244/128/1356 1536/30/1371
f 1242/12/1354 1527/10/1353 2046/157/1501
f 2047/112/1458 1556/103/1446 1279/104/1448
f 1543/159/1503 1252/108/1453 1556/103/1446
f 2052/160/1504 2048/161/1505 1542/99/1444
f 1608/158/1502 1609/109/1455 2037/114/1459
f 2048/161/1505 1544/162/1507 1245/100/1506
f 1537/113/1457 1238/115/1461 1544/162/1507
f 1243/73/1416 1583/164/1511 2049/163/1508
f 1566/72/1414 2049/163/1508 1582/165/1509
f 2049/163/1508 1585/167/1512 1259/166/1510
f 1583/164/1511 1265/168/2666 1585/167/1512
f 2164/118/1464 2038/116/1463 1796/120/1466
f 1800/170/1514 1620/172/1517 2050/171/1515
f 2050/171/1515 1619/37/1377 1257/173/1379
f 1620/172/1517 1285/34/1375 1619/37/1377
f 2165/174/1406 2029/63/1405 1803/175/1408
f 1967/176/1519 1971/177/1521 2051/3/1520
f 2051/3/1520 1959/21/1362 1253/178/1364
f 1971/177/1521 1468/18/1360 1959/21/1362
f 1252/108/1453 1543/159/1503 2052/160/1504
f 1493/156/1500 2052/160/1504 1545/101/1460
f 1276/111/1456 1607/180/1525 2053/179/1522
f 1495/110/1454 2053/179/1522 1561/181/1523
f 2053/179/1522 1606/183/1526 1255/182/1524
f 1607/180/1525 1280/184/1606 1606/183/1526
f 1574/186/1527 2054/189/1530 1531/185/1528
f 2054/189/1530 1575/190/1533 1214/188/1531
f 1573/191/1532 1261/193/1536 1575/190/1533
f 1262/192/1534 1573/191/1532 2054/189/1530
f 1576/81/1535 2055/49/1390 1575/190/1533
f 1575/190/1533 2055/49/1390 1577/50/1392
f 1576/81/1535 1578/79/1423 2056/194/1537
f 2059/196/1538 1863/210/1553 1862/195/1539
f 2056/194/1537 1586/199/1542 1249/198/1541
f 1578/79/1423 1264/200/1543 1586/199/1542
f 1264/200/1543 1580/202/1546 2057/201/1544
f 1586/199/1542 2057/201/1544 1548/203/1545
f 2057/201/1544 1583/164/1511 1243/73/1416
f 1580/202/1546 1265/168/2666 1583/164/1511
f 1407/204/1547 1581/206/1552 2058/205/1548
f 1864/207/1549 2058/205/1548 1860/208/1550
f 1580/202/1546 1264/200/1543 1860/208/1550
f 1581/206/1552 1265/168/2666 1580/202/1546
f 1863/210/1553 2059/196/1538 1588/209/1554
f 2059/196/1538 1579/216/1559 1263/212/1555
f 2068/214/1556 2067/265/1609 1540/213/1557
f 1579/216/1559 2059/196/1538 2188/197/1540
f 1409/218/1561 1862/195/1539 2060/80/1424
f 2060/80/1424 1576/81/1535 1261/193/1536
f 2189/220/1425 2060/80/1424 1862/195/1539
f 1534/215/1558 1540/213/1557 2235/221/1563
f 1306/222/1565 1651/224/1571 2061/223/1566
f 1650/225/1567 2061/223/1566 1529/226/1568
f 2061/223/1566 1647/47/1389 1240/227/1570
f 1651/224/1571 1303/45/1386 1647/47/1389
f 1474/228/1572 1858/230/1578 2062/229/1573
f 1970/231/1574 2062/229/1573 1595/232/1575
f 2062/229/1573 1847/234/1579 1272/233/1577
f 1858/230/1578 1401/235/2667 1847/234/1579
f 1469/236/1576 1595/232/1575 2063/237/1580
f 1969/238/1581 2063/237/1580 1597/239/1582
f 2063/237/1580 1593/241/1585 1271/240/1584
f 1595/232/1575 1272/233/1577 1593/241/1585
f 1268/242/1586 1592/244/1592 2064/243/1587
f 1590/245/1588 2064/243/1587 1599/246/1589
f 2064/243/1587 1600/248/1593 1275/247/1591
f 1592/244/1592 1270/249/1597 1600/248/1593
f 1400/250/1594 1857/252/1598 2065/251/1595
f 1846/253/1596 2065/251/1595 1592/244/1592
f 2065/251/1595 1848/254/1599 1270/249/1597
f 1857/252/1598 1402/255/2159 1848/254/1599
f 1628/256/1600 1288/257/1602 1275/247/1591
f 1288/257/1602 1627/258/1626 1599/246/1589
f 1236/259/1603 1560/261/1607 2066/260/1604
f 1602/262/1605 2066/260/1604 1607/180/1525
f 2066/260/1604 1572/263/1608 1280/184/1606
f 1560/261/1607 1254/264/2069 1572/263/1608
f 1609/109/1455 1608/158/1502 2067/265/1609
f 2067/265/1609 1605/267/1611 1250/266/1610
f 1608/158/1502 1279/104/1448 1605/267/1611
f 1641/268/1612 1642/270/1652 2076/269/1613
f 1602/262/1605 2068/214/1556 1534/215/1558
f 1276/111/1456 1609/109/1455 2068/214/1556
f 1250/266/1610 1605/267/1611 2069/271/1615
f 1549/272/1616 2069/271/1615 1498/273/1617
f 2069/271/1615 1610/102/1447 1277/274/1450
f 1279/104/1448 1610/102/1447 2069/271/1615
f 2229/275/1619 2233/977/2324 1971/177/1521
f 1792/276/1620 1524/278/1624 2070/277/1621
f 2070/277/1621 1521/279/1625 1278/9/1623
f 1524/278/1624 1241/280/2322 1521/279/1625
f 1627/258/1626 1289/282/1670 1228/281/1590
f 1291/284/1627 1625/315/1659 1505/283/1628
f 1671/287/1630 2071/289/1633 1680/286/1631
f 2071/289/1633 1612/32/1374 1316/33/1634
f 1603/105/1449 1217/31/1372 1612/32/1374
f 1277/274/1450 1603/105/1449 2071/289/1633
f 1526/98/1445 2072/290/1635 1563/38/1378
f 2072/290/1635 1571/121/1468 1257/173/1379
f 1613/291/1636 1225/119/1465 1571/121/1468
f 1245/100/1506 1613/291/1636 2072/290/1635
f 1562/169/1513 1796/120/1466 2073/292/1637
f 2073/292/1637 1504/295/1640 1255/182/1524
f 1796/120/1466 1225/119/1465 1504/295/1640
f 2161/296/1622 2070/277/1621 1611/6/1350
f 2160/293/1638 2073/292/1637 1793/294/1639
f 1801/298/1641 1644/300/1644 2074/299/1642
f 2074/299/1642 1634/301/1645 1285/34/1375
f 1644/300/1644 1296/302/1656 1634/301/1645
f 1298/303/1646 1616/305/1651 2075/304/1647
f 2075/304/1647 1618/308/1650 1299/306/1649
f 1621/155/1497 1284/130/1475 1618/308/1650
f 1616/305/1651 1282/152/1495 1621/155/1497
f 1618/308/1650 2076/269/1613 1642/270/1652
f 1622/97/1442 1623/92/1438 2077/309/1614
f 2084/310/1653 2083/363/1708 1533/44/1388
f 1284/130/1475 1622/97/1442 2076/269/1613
f 2077/309/1614 1633/312/1655 1295/311/1654
f 1623/92/1438 1283/41/1437 1633/312/1655
f 1296/302/1656 1640/314/1658 2078/313/1657
f 1634/301/1645 2078/313/1657 1624/36/1381
f 2078/313/1657 1633/312/1655 1283/41/1437
f 1640/314/1658 1295/311/1654 1633/312/1655
f 1625/315/1659 1292/317/1666 1224/316/1660
f 1227/318/1661 1503/320/1669 1626/319/1662
f 1544/162/1507 2079/321/1664 1613/291/1636
f 2079/321/1664 1504/295/1640 1225/119/1465
f 1561/181/1523 1255/182/1524 1504/295/1640
f 1238/115/1461 1561/181/1523 2079/321/1664
f 1679/322/1665 1322/323/1703 1292/317/1666
f 1320/324/1667 1678/325/1671 1627/258/1626
f 1226/285/1629 1569/327/1678 1629/326/1668
f 1503/320/1669 1228/281/1590 1289/282/1670
f 1678/325/1671 1321/288/1632 1289/282/1670
f 1473/328/1672 1677/330/1674 1628/256/1600
f 1677/330/1674 1320/324/1667 1288/257/1602
f 1439/332/1675 1656/378/1722 1662/331/1676
f 1569/327/1678 1256/335/1680 1286/334/1679
f 1256/335/1680 1506/337/1682 1630/336/1681
f 1506/337/1682 1227/318/1661 1290/338/1663
f 1223/339/1683 1632/341/1696 1638/340/1684
f 1639/343/1686 2080/346/1689 1676/342/1687
f 2080/346/1689 1631/347/1692 1323/345/1690
f 1636/348/1691 1215/368/1712 1631/347/1692
f 1298/303/1646 1636/348/1691 2080/346/1689
f 1294/349/1693 1507/351/1700 1645/350/1694
f 1632/341/1696 1294/349/1693 1300/352/1695
f 1458/354/1697 1943/375/1719 1942/353/1698
f 1507/351/1700 1224/316/1660 1292/317/1666
f 1672/357/1701 2081/358/1704 1675/356/1702
f 2081/358/1704 1639/343/1686 1324/344/1688
f 1616/305/1651 1298/303/1646 1639/343/1686
f 1282/152/1495 1616/305/1651 2081/358/1704
f 1258/359/1569 1529/226/1568 2082/360/1705
f 1568/361/1706 2082/360/1705 1640/314/1658
f 2082/360/1705 1518/362/1707 1295/311/1654
f 1529/226/1568 1240/227/1570 1518/362/1707
f 1642/270/1652 1641/268/1612 2083/363/1708
f 2083/363/1708 1518/362/1707 1240/227/1570
f 1641/268/1612 1295/311/1654 1518/362/1707
f 2103/364/1709 2091/365/1735 1693/145/1422
f 1637/366/1710 2084/310/1653 1539/42/1383
f 1299/306/1649 1642/270/1652 2084/310/1653
f 1215/368/1712 1636/348/1691 2085/369/1713
f 1547/370/1714 2085/369/1713 1637/366/1710
f 2085/369/1713 1643/307/1648 1299/306/1649
f 1636/348/1691 1298/303/1646 1643/307/1648
f 2159/371/1643 2074/299/1642 1620/172/1517
f 1797/372/1715 1564/374/1718 2086/373/1716
f 2086/373/1716 1568/361/1706 1296/302/1656
f 1564/374/1718 1258/359/1569 1568/361/1706
f 1943/375/1719 1313/377/1753 1222/376/1720
f 1437/379/1721 1910/404/1745 1656/378/1722
f 1332/65/1407 1694/381/1725 2087/380/1723
f 1691/382/1724 2087/380/1723 1651/224/1571
f 2087/380/1723 1689/383/1726 1303/45/1386
f 1694/381/1725 1330/384/1488 1689/383/1726
f 1248/367/1711 1649/386/1730 2088/385/1727
f 1547/370/1714 2088/385/1727 1532/387/1728
f 2088/385/1727 1652/388/1812 1304/139/1483
f 1305/389/1729 1652/388/1812 2088/385/1727
f 1653/391/1731 1802/393/1734 2089/390/1732
f 2089/390/1732 1650/225/1567 1258/359/1569
f 1802/393/1734 1306/222/1565 1650/225/1567
f 2158/394/1717 2086/373/1716 1644/300/1644
f 1248/367/1711 1539/42/1383 2090/88/1385
f 1649/386/1730 2090/88/1385 1654/395/1433
f 1654/395/1433 1655/46/1387 2091/365/1735
f 2091/365/1735 1689/383/1726 1330/384/1488
f 1655/46/1387 1303/45/1386 1689/383/1726
f 2007/143/1736 2008/75/1419 2031/78/1427
f 1489/396/1737 2006/398/1743 2092/397/1738
f 1990/399/1739 2092/397/1738 1911/400/1740
f 2092/397/1738 1983/402/1744 1231/401/1742
f 2006/398/1743 1482/403/1833 1983/402/1744
f 1910/404/1745 1233/406/1755 1308/405/1746
f 1312/407/1747 1663/409/1752 1511/408/1748
f 1656/378/1722 1308/405/1746 1311/410/1750
f 1310/411/1751 1659/412/1761 1663/409/1752
f 1313/377/1753 1664/414/1764 1928/413/1754
f 1663/409/1752 1308/405/1746 1233/406/1755
f 1658/416/1756 2093/419/1759 1707/415/1757
f 2093/419/1759 1657/420/1762 1335/418/1760
f 1659/412/1761 1310/411/1751 1657/420/1762
f 1311/410/1750 1659/412/1761 2093/419/1759
f 1314/421/1763 1665/422/1770 1664/414/1764
f 1659/412/1761 1311/410/1750 1308/405/1746
f 1293/424/1685 1666/436/1779 1502/423/1765
f 1664/414/1764 1446/426/1771 1449/425/1766
f 1325/141/1767 1685/428/1782 1646/427/1768
f 1665/422/1770 1447/429/1778 1446/426/1771
f 1939/431/1772 2094/434/1775 1929/430/1773
f 2094/434/1775 1660/435/1777 1337/433/1776
f 1665/422/1770 1314/421/1763 1660/435/1777
f 1447/429/1778 1665/422/1770 2094/434/1775
f 1666/436/1779 1315/438/1769 1301/437/1780
f 1315/438/1769 1646/427/1768 1661/439/1781
f 1323/345/1690 1674/442/1784 1666/436/1779
f 1685/428/1782 1328/441/1792 1326/440/1783
f 1674/442/1784 1325/141/1767 1315/438/1769
f 1300/352/1695 1645/350/1694 1675/356/1702
f 1215/368/1712 1532/387/1728 2095/443/1785
f 1631/347/1692 2095/443/1785 1674/442/1784
f 2095/443/1785 1673/140/1485 1325/141/1767
f 1532/387/1728 1304/139/1483 1673/140/1485
f 1293/424/1685 1638/340/1684 1676/342/1687
f 1645/350/1694 1292/317/1666 1322/323/1703
f 1290/338/1663 1626/319/1662 1680/286/1631
f 1638/340/1684 1300/352/1695 1324/344/1688
f 1465/146/1489 1956/445/1788 2096/444/1786
f 1968/446/1787 2096/444/1786 1677/330/1674
f 2096/444/1786 1670/447/1789 1320/324/1667
f 1956/445/1788 1218/448/1618 1670/447/1789
f 1218/448/1618 1498/273/1617 2097/449/1790
f 1670/447/1789 2097/449/1790 1678/325/1671
f 2097/449/1790 1671/287/1630 1321/288/1632
f 1498/273/1617 1277/274/1450 1671/287/1630
f 1216/15/1358 1496/154/1499 2098/450/1791
f 1614/127/1472 2098/450/1791 1679/322/1665
f 2098/450/1791 1672/357/1701 1322/323/1703
f 1496/154/1499 1282/152/1495 1672/357/1701
f 1291/284/1627 1629/326/1668 1681/126/1473
f 1626/319/1662 1289/282/1670 1321/288/1632
f 1629/326/1668 1286/334/1679 1318/26/1368
f 1286/334/1679 1630/336/1681 1682/28/1373
f 1630/336/1681 1290/338/1663 1316/33/1634
f 1328/441/1792 1941/452/1801 1684/451/1793
f 1646/427/1768 1326/440/1783 1327/453/1794
f 1772/454/1795 1773/456/1960 2128/455/1796
f 1925/457/1798 1720/459/1853 1510/458/1799
f 1941/452/1801 1456/460/1808 1458/354/1697
f 1954/462/1802 2099/465/1805 1944/461/1803
f 2099/465/1805 1686/466/1807 1338/464/1806
f 1941/452/1801 1328/441/1792 1686/466/1807
f 1456/460/1808 1941/452/1801 2099/465/1805
f 1686/466/1807 2100/468/1810 1704/467/1809
f 2100/468/1810 1687/136/1484 1339/134/1479
f 1685/428/1782 1325/141/1767 1687/136/1484
f 1328/441/1792 1685/428/1782 2100/468/1810
f 1690/469/1811 2101/470/1813 1652/388/1812
f 1652/388/1812 2101/470/1813 1648/138/1482
f 2101/470/1813 1695/57/1398 1333/58/1400
f 1331/82/1426 1695/57/1398 2101/470/1813
f 1696/472/1518 1803/175/1408 2102/471/1814
f 2102/471/1814 1691/382/1724 1306/222/1565
f 1803/175/1408 1332/65/1407 1691/382/1724
f 2157/392/1733 2089/390/1732 1564/374/1718
f 1305/389/1729 1654/395/1433 2103/364/1709
f 1690/469/1811 2103/364/1709 1697/77/1421
f 1484/474/1816 1702/476/1820 2104/475/1817
f 2005/477/1818 2104/475/1817 1703/478/1819
f 1704/467/1809 1339/134/1479 1703/478/1819
f 1338/464/1806 1704/467/1809 2104/475/1817
f 1491/479/1821 1953/481/1824 2105/480/1822
f 2004/482/1823 2105/480/1822 1702/476/1820
f 1944/461/1803 1338/464/1806 1702/476/1820
f 1459/463/1804 1944/461/1803 2105/480/1822
f 1938/484/1825 2106/487/1828 2003/483/1826
f 2106/487/1828 1701/488/1830 1483/486/1829
f 1929/430/1773 1337/433/1776 1701/488/1830
f 1450/432/1774 1929/430/1773 2106/487/1828
f 1700/490/1831 2107/492/1834 2002/489/1832
f 2107/492/1834 1699/493/1836 1481/491/1835
f 1707/415/1757 1335/418/1760 1699/493/1836
f 1336/417/1758 1707/415/1757 2107/492/1834
f 1440/333/1677 1662/331/1676 2108/494/1837
f 1923/495/1838 2108/494/1837 1708/496/1839
f 2108/494/1837 1658/416/1756 1336/417/1758
f 1662/331/1676 1311/410/1750 1658/416/1756
f 1478/67/1841 2001/498/1843 2109/497/1842
f 1979/66/1410 2109/497/1842 1694/381/1725
f 2109/497/1842 1977/144/1487 1330/384/1488
f 2001/498/1843 1476/142/1486 1977/144/1487
f 1699/493/1836 2110/502/1847 2000/499/1844
f 1706/501/1845 1722/503/1849 2220/500/1846
f 2111/504/1848 2221/505/1851 1722/503/1849
f 1335/418/1760 1706/501/1845 2110/502/1847
f 1657/420/1762 2111/504/1848 1706/501/1845
f 1721/506/1850 1926/507/1852 2221/505/1851
f 1926/507/1852 1721/506/1850 1720/459/1853
f 1310/411/1751 1721/506/1850 2111/504/1848
f 1427/509/1854 1879/511/1858 1895/508/1855
f 1721/506/1850 1310/411/1751 1312/407/1747
f 1419/512/1857 1898/893/2237 1879/511/1858
f 1720/459/1853 1312/407/1747 1232/513/1749
f 1352/514/1859 1724/516/1865 2112/515/1860
f 1760/517/1861 2112/515/1860 1723/518/1862
f 2112/515/1860 1711/520/1866 1341/519/1864
f 1724/516/1865 1342/521/1870 1711/520/1866
f 1353/522/1867 1725/524/1871 2113/523/1868
f 1759/525/1869 2113/523/1868 1724/516/1865
f 2113/523/1868 1712/526/1872 1342/521/1870
f 1725/524/1871 1343/527/1876 1712/526/1872
f 1354/528/1873 1726/530/1877 2114/529/1874
f 1758/531/1875 2114/529/1874 1725/524/1871
f 2114/529/1874 1713/532/1878 1343/527/1876
f 1726/530/1877 1344/533/1882 1713/532/1878
f 1355/534/1879 1832/536/1883 2115/535/1880
f 1757/537/1881 2115/535/1880 1726/530/1877
f 2115/535/1880 1830/538/1884 1344/533/1882
f 1832/536/1883 1385/539/1888 1830/538/1884
f 1356/540/1885 1727/542/1890 2116/541/1886
f 1756/543/1887 2116/541/1886 1832/536/1883
f 2116/541/1886 1831/544/2106 1385/539/1888
f 1345/545/1889 1831/544/2106 2116/541/1886
f 1357/546/1891 1728/548/1896 2117/547/1892
f 1755/549/1893 2117/547/1892 1727/542/1890
f 1714/550/1894 1345/545/1889 1727/542/1890
f 1346/551/1895 1714/550/1894 2117/547/1892
f 1729/553/1897 2118/555/1901 1754/552/1898
f 1754/552/1898 2118/555/1901 1728/548/1896
f 1715/556/1900 1346/551/1895 1728/548/1896
f 1347/557/1902 1715/556/1900 2118/555/1901
f 1730/559/1903 2119/561/1906 1753/558/1904
f 2119/561/1906 1729/553/1897 1358/554/1899
f 1716/562/1907 1347/557/1902 1729/553/1897
f 1348/563/1908 1716/562/1907 2119/561/1906
f 1731/565/1909 2120/567/1912 1752/564/1910
f 2120/567/1912 1730/559/1903 1359/560/1905
f 1717/568/1913 1348/563/1908 1730/559/1903
f 1349/569/1914 1717/568/1913 2120/567/1912
f 1952/571/1915 2121/573/1918 1945/570/1916
f 2121/573/1918 1731/565/1909 1360/566/1911
f 1948/574/1919 1349/569/1914 1731/565/1909
f 1463/575/1920 1948/574/1919 2121/573/1918
f 1937/577/1921 2122/580/1924 1930/576/1922
f 2122/580/1924 1834/581/1927 1361/579/1925
f 1819/582/1926 1392/786/2297 1834/581/1927
f 1453/583/1928 1819/582/1926 2122/580/1924
f 1835/585/1929 2123/589/1934 1749/584/1930
f 1822/588/1932 1932/787/2300 2219/587/1933
f 2245/591/1935 2239/997/2344 1718/590/1936
f 1835/585/1929 1394/593/1941 1822/588/1932
f 1363/594/1938 1836/596/1942 2124/595/1939
f 1748/597/1940 2124/595/1939 1835/585/1929
f 2124/595/1939 1825/598/1943 1394/593/1941
f 1836/596/1942 1396/599/1947 1825/598/1943
f 1442/600/1944 1922/602/1948 2125/601/1945
f 1915/603/1946 2125/601/1945 1836/596/1942
f 2125/601/1945 1828/604/1949 1396/599/1947
f 1922/602/1948 1444/605/2139 1828/604/1949
f 1921/607/1950 2126/610/1953 1916/606/1951
f 2126/610/1953 1745/611/1955 1378/609/1954
f 1915/603/1946 1363/594/1938 1745/611/1955
f 1442/600/1944 1915/603/1946 2126/610/1953
f 1378/609/1954 1745/611/1955 2127/612/1956
f 1774/613/1957 2127/612/1956 1744/614/1958
f 2127/612/1956 1748/597/1940 1362/586/1931
f 1745/611/1955 1363/594/1938 1748/597/1940
f 1744/614/1958 2128/455/1796 1773/456/1960
f 1749/584/1930 1750/789/2133 2218/616/1797
f 2153/618/1961 2217/707/2048 1719/617/1800
f 1362/586/1931 1749/584/1930 2128/455/1796
f 1936/620/1962 2129/623/1965 1931/619/1963
f 2129/623/1965 1743/624/1967 1376/622/1966
f 1930/576/1922 1361/579/1925 1743/624/1967
f 1451/578/1923 1930/576/1922 2129/623/1965
f 1951/626/1968 2130/629/1971 1946/625/1969
f 2130/629/1971 1742/630/1973 1375/628/1972
f 1945/570/1916 1360/566/1911 1742/630/1973
f 1460/572/1917 1945/570/1916 2130/629/1971
f 1742/630/1973 2131/633/1977 1770/631/1974
f 1770/631/1974 2131/633/1977 1741/632/1975
f 1752/564/1910 1359/560/1905 1741/632/1975
f 1360/566/1911 1752/564/1910 2131/633/1977
f 1374/634/1976 1741/632/1975 2132/635/1978
f 1769/636/1979 2132/635/1978 1740/637/1980
f 2132/635/1978 1753/558/1904 1358/554/1899
f 1741/632/1975 1359/560/1905 1753/558/1904
f 1373/638/1981 1740/637/1980 2133/639/1982
f 1768/640/1983 2133/639/1982 1739/641/1984
f 2133/639/1982 1754/552/1898 1357/546/1891
f 1740/637/1980 1358/554/1899 1754/552/1898
f 1372/642/1985 1739/641/1984 2134/643/1986
f 1767/644/1987 2134/643/1986 1738/645/1988
f 2134/643/1986 1755/549/1893 1356/540/1885
f 1739/641/1984 1357/546/1891 1755/549/1893
f 1371/646/1989 1738/645/1988 2135/647/1990
f 1766/648/1991 2135/647/1990 1737/649/1992
f 2135/647/1990 1756/543/1887 1355/534/1879
f 1738/645/1988 1356/540/1885 1756/543/1887
f 1370/650/1993 1737/649/1992 2136/651/1994
f 1765/652/1995 2136/651/1994 1736/653/1996
f 2136/651/1994 1757/537/1881 1354/528/1873
f 1737/649/1992 1355/534/1879 1757/537/1881
f 1369/654/1997 1736/653/1996 2137/655/1998
f 1764/656/1999 2137/655/1998 1735/657/2000
f 2137/655/1998 1758/531/1875 1353/522/1867
f 1736/653/1996 1354/528/1873 1758/531/1875
f 1368/658/2001 1735/657/2000 2138/659/2002
f 1763/660/2003 2138/659/2002 1734/661/2004
f 2138/659/2002 1759/525/1869 1352/514/1859
f 1735/657/2000 1353/522/1867 1759/525/1869
f 1367/662/2005 1734/661/2004 2139/663/2006
f 1762/664/2007 2139/663/2006 1733/665/2008
f 2139/663/2006 1760/517/1861 1351/666/1863
f 1734/661/2004 1352/514/1859 1760/517/1861
f 1403/667/2010 1855/669/2013 2140/668/2011
f 1710/670/2012 2140/668/2011 1723/518/1862
f 2140/668/2011 1850/671/2014 1351/666/1863
f 1855/669/2013 1404/672/2054 1850/671/2014
f 1776/674/2015 2141/676/2018 1856/673/2016
f 2141/676/2018 1591/677/2020 1400/250/1594
f 1777/678/2019 1269/813/2157 1591/677/2020
f 1365/679/2021 1777/678/2019 2141/676/2018
f 1779/680/2022 2142/682/2024 1590/245/1588
f 1590/245/1588 2142/682/2024 1778/681/2023
f 2142/682/2024 1762/664/2007 1366/683/2009
f 1779/680/2022 1367/662/2005 1762/664/2007
f 1780/684/2025 2143/685/2026 1503/320/1669
f 2143/685/2026 1779/680/2022 1228/281/1590
f 2143/685/2026 1763/660/2003 1367/662/2005
f 1368/658/2001 1763/660/2003 2143/685/2026
f 1781/686/2027 2144/687/2028 1506/337/1682
f 2144/687/2028 1780/684/2025 1227/318/1661
f 2144/687/2028 1764/656/1999 1368/658/2001
f 1369/654/1997 1764/656/1999 2144/687/2028
f 1782/688/2029 2145/689/2030 1569/327/1678
f 2145/689/2030 1781/686/2027 1256/335/1680
f 1765/652/1995 1369/654/1997 1781/686/2027
f 1370/650/1993 1765/652/1995 2145/689/2030
f 1783/690/2031 2146/691/2032 1505/283/1628
f 2146/691/2032 1782/688/2029 1226/285/1629
f 1766/648/1991 1370/650/1993 1782/688/2029
f 1371/646/1989 1766/648/1991 2146/691/2032
f 1784/692/2033 2147/693/2034 1507/351/1700
f 2147/693/2034 1783/690/2031 1224/316/1660
f 2147/693/2034 1767/644/1987 1371/646/1989
f 1784/692/2033 1372/642/1985 1767/644/1987
f 1785/694/2035 2148/695/2036 1632/341/1696
f 2148/695/2036 1784/692/2033 1294/349/1693
f 2148/695/2036 1768/640/1983 1372/642/1985
f 1785/694/2035 1373/638/1981 1768/640/1983
f 1786/696/2037 2149/697/2038 1502/423/1765
f 2149/697/2038 1785/694/2035 1223/339/1683
f 2149/697/2038 1769/636/1979 1373/638/1981
f 1786/696/2037 1374/634/1976 1769/636/1979
f 1787/698/2039 2150/699/2040 1661/439/1781
f 2150/699/2040 1786/696/2037 1301/437/1780
f 1770/631/1974 1374/634/1976 1786/696/2037
f 1375/628/1972 1770/631/1974 2150/699/2040
f 1950/701/2041 2151/702/2043 1683/700/2042
f 2151/702/2043 1787/698/2039 1327/453/1794
f 1946/625/1969 1375/628/1972 1787/698/2039
f 1461/627/1970 1946/625/1969 2151/702/2043
f 1935/703/2044 2152/704/2045 1928/413/1754
f 2152/704/2045 1788/705/2046 1222/376/1720
f 1931/619/1963 1376/622/1966 1788/705/2046
f 1452/621/1964 1931/619/1963 2152/704/2045
f 1789/706/2047 2153/618/1961 1510/458/1799
f 1773/456/1960 1772/454/1795 2217/707/2048
f 1820/708/2049 2178/710/2130 2179/709/2050
f 1377/615/1959 1773/456/1960 2153/618/1961
f 1790/711/2052 2154/712/2053 1511/408/1748
f 2154/712/2053 1789/706/2047 1232/513/1749
f 1774/613/1957 1377/615/1959 1789/706/2047
f 1378/609/1954 1774/613/1957 2154/712/2053
f 1404/672/2054 1854/714/2056 2155/713/2055
f 1850/671/2014 2155/713/2055 1733/665/2008
f 2155/713/2055 1851/715/2057 1366/683/2009
f 1854/714/2056 1405/675/2017 1851/715/2057
f 1501/716/2058 2156/473/1815 1653/391/1731
f 1329/718/2060 1696/472/1518 2156/473/1815
f 1522/719/2061 2157/392/1733 1797/372/1715
f 1302/717/2059 1653/391/1731 2157/392/1733
f 1209/720/2062 1797/372/1715 2158/394/1717
f 1635/721/2063 2158/394/1717 1801/298/1641
f 1297/722/2064 1801/298/1641 2159/371/1643
f 1615/723/2065 2159/371/1643 1800/170/1514
f 1523/724/2067 2160/293/1638 1525/297/1349
f 1246/725/2068 1562/169/1513 2160/293/1638
f 1254/264/2069 1792/276/1620 2161/296/1622
f 1572/263/1608 2161/296/1622 1799/4/1345
f 1464/726/2070 1967/176/1519 2162/1/1342
f 2162/1/1342 1795/1380/1344 1212/727/2072
f 1281/729/2066 1800/170/1514 2163/730/1516
f 1492/731/2073 2163/730/1516 1528/117/1462
f 1555/732/2075 2164/118/1464 1562/169/1513
f 1210/733/2074 1528/117/1462 2164/118/1464
f 1479/734/2076 1999/62/1404 2165/174/1406
f 1688/735/2077 2165/174/1406 1696/472/1518
f 1280/184/1606 1799/4/1345 2166/736/1347
f 1606/183/1526 2166/736/1347 1793/294/1639
f 1403/667/2010 1853/738/2083 2167/737/2078
f 1849/739/2079 2167/737/2078 1806/740/2080
f 2167/737/2078 1852/742/2084 1380/741/2082
f 1853/738/2083 1406/743/2148 1852/742/2084
f 1711/520/1866 2168/746/2086 1805/744/2085
f 2168/746/2086 1807/747/2089 1381/745/2087
f 1838/748/2088 1382/749/2091 1807/747/2089
f 1342/521/1870 1838/748/2088 2168/746/2086
f 1712/526/1872 2169/750/2090 1838/748/2088
f 2169/750/2090 1808/751/2093 1382/749/2091
f 1839/752/2092 1383/753/2095 1808/751/2093
f 1343/527/1876 1839/752/2092 2169/750/2090
f 1713/532/1878 2170/754/2094 1839/752/2092
f 2170/754/2094 1809/755/2097 1383/753/2095
f 1840/756/2096 1384/757/2099 1809/755/2097
f 1344/533/1882 1840/756/2096 2170/754/2094
f 1830/538/1884 2171/758/2098 1840/756/2096
f 2171/758/2098 1811/759/2101 1384/757/2099
f 1810/760/2100 1386/1382/2104 1811/759/2101
f 1385/539/1888 1810/760/2100 2171/758/2098
f 1385/539/1888 1831/544/2106 2172/761/2102
f 1810/760/2100 2172/761/2102 1812/762/2103
f 2172/761/2102 1841/764/2107 1387/763/2105
f 1831/544/2106 1345/545/1889 1841/764/2107
f 1345/545/1889 1714/550/1894 2173/765/2108
f 1841/764/2107 2173/765/2108 1813/766/2109
f 2173/765/2108 1842/768/2111 1388/767/2110
f 1714/550/1894 1346/551/1895 1842/768/2111
f 1346/551/1895 1715/556/1900 2174/769/2112
f 1842/768/2111 2174/769/2112 1814/770/2113
f 2174/769/2112 1843/772/2115 1389/771/2114
f 1715/556/1900 1347/557/1902 1843/772/2115
f 1347/557/1902 1716/562/1907 2175/773/2116
f 1843/772/2115 2175/773/2116 1815/774/2117
f 2175/773/2116 1844/776/2119 1390/775/2118
f 1716/562/1907 1348/563/1908 1844/776/2119
f 1348/563/1908 1717/568/1913 2176/777/2120
f 1844/776/2119 2176/777/2120 1816/778/2121
f 1845/779/2122 1391/1385/2304 1816/778/2121
f 1717/568/1913 1349/569/1914 1845/779/2122
f 1463/575/1920 1833/781/2128 2177/780/2123
f 1949/782/2124 2177/780/2123 1818/783/2125
f 2177/780/2123 1817/785/2129 1393/784/2127
f 1833/781/2128 1392/786/2297 1817/785/2129
f 1453/583/1928 1932/787/2300 2178/710/2130
f 1934/788/2131 2178/710/2130 1820/708/2049
f 2178/710/2130 1932/787/2300 1822/588/1932
f 2123/589/1934 2219/587/1933 1750/789/2133
f 1821/791/2134 1395/792/2136 1823/790/2051
f 1394/593/1941 1821/791/2134 2179/709/2050
f 1825/598/1943 2180/793/2135 1821/791/2134
f 2180/793/2135 1826/794/2138 1395/792/2136
f 1824/795/2137 1397/938/2285 1826/794/2138
f 1396/599/1947 1824/795/2137 2180/793/2135
f 1444/605/2139 1917/797/2145 2181/796/2140
f 2181/796/2140 1829/1383/2144 1445/798/2142
f 2181/796/2140 1827/801/2146 1399/800/2143
f 1917/797/2145 1398/802/2272 1827/801/2146
f 1341/519/1864 1805/744/2085 2182/803/2147
f 1710/670/2012 2182/803/2147 1853/738/2083
f 2182/803/2147 1804/804/2149 1406/743/2148
f 1805/744/2085 1381/745/2087 1804/804/2149
f 1405/675/2017 1856/673/2016 2183/805/2150
f 1851/715/2057 2183/805/2150 1778/681/2023
f 2183/805/2150 1846/253/1596 1268/242/1586
f 1856/673/2016 1400/250/1594 1846/253/1596
f 1350/806/2151 1732/808/2154 2184/807/2152
f 1761/809/2153 2184/807/2152 1854/714/2056
f 2184/807/2152 1776/674/2015 1405/675/2017
f 1732/808/2154 1365/679/2021 1776/674/2015
f 1340/810/2081 1709/812/2156 2185/811/2155
f 1849/739/2079 2185/811/2155 1855/669/2013
f 2185/811/2155 1761/809/2153 1404/672/2054
f 1709/812/2156 1350/806/2151 1761/809/2153
f 1269/813/2157 1598/815/2160 2186/814/2158
f 1591/677/2020 2186/814/2158 1857/252/1598
f 2186/814/2158 1601/816/2161 1402/255/2159
f 1598/815/2160 1274/817/2318 1601/816/2161
f 1470/818/2162 1596/820/2167 2187/819/2163
f 1966/821/2164 2187/819/2163 1858/230/1578
f 1594/822/2165 1401/235/2667 1858/230/1578
f 1273/823/2166 1594/822/2165 2187/819/2163
f 1267/824/2168 1517/217/1560 2188/197/1540
f 1861/825/2169 2188/197/1540 1862/195/1539
f 1264/200/1543 1578/79/1423 2189/220/1425
f 2189/220/1425 1863/210/1553 1408/211/1551
f 1266/826/2170 1859/828/2173 2190/827/2171
f 1587/829/2172 2190/827/2171 1588/209/1554
f 2190/827/2171 1864/207/1549 1408/211/1551
f 1859/828/2173 1407/204/1547 1864/207/1549
f 1919/830/2174 2191/831/2175 1910/404/1745
f 2191/831/2175 1790/711/2052 1233/406/1755
f 1916/606/1951 1378/609/1954 1790/711/2052
f 1443/608/1952 1916/606/1951 2191/831/2175
f 1879/511/1858 1432/833/2249 1428/832/2176
f 1412/834/2177 1884/836/2180 1883/835/2178
f 1884/836/2180 1427/509/1854 1422/510/1856
f 1309/838/2181 1871/919/2263 1899/837/2182
f 1885/841/2184 2192/844/2187 1870/840/2185
f 2192/844/2187 1882/845/2190 1415/843/2188
f 1889/846/2189 1421/876/2221 1882/845/2190
f 1426/847/2191 1889/846/2189 2192/844/2187
f 1886/849/2192 2193/851/2195 1869/848/2193
f 2193/851/2195 1885/841/2184 1417/842/2186
f 1890/852/2196 1426/847/2191 1885/841/2184
f 1425/853/2197 1890/852/2196 2193/851/2195
f 1486/854/2198 1998/856/2204 2194/855/2199
f 1865/857/2200 2194/855/2199 1881/858/2201
f 2194/855/2199 1988/860/2205 1420/859/2203
f 1998/856/2204 1487/861/2229 1988/860/2205
f 1416/862/2206 1888/864/2211 2195/863/2207
f 1868/865/2208 2195/863/2207 1880/866/2209
f 2195/863/2207 1892/867/2212 1419/512/1857
f 1888/864/2211 1423/868/2235 1892/867/2212
f 1413/869/2179 1883/835/2178 2196/870/2213
f 1866/871/2214 2196/870/2213 1887/872/2215
f 2196/870/2213 1893/874/2218 1424/873/2217
f 1883/835/2178 1422/510/1856 1893/874/2218
f 1878/875/2219 2197/877/2220 1889/846/2189
f 2197/877/2220 1896/878/2223 1421/876/2221
f 1909/879/2222 1429/904/2248 1896/878/2223
f 1433/880/2224 1909/879/2222 2197/877/2220
f 1877/881/2225 2198/882/2226 1890/852/2196
f 2198/882/2226 1878/875/2219 1426/847/2191
f 1908/883/2227 1433/880/2224 1878/875/2219
f 1434/884/2228 1908/883/2227 2198/882/2226
f 1487/861/2229 1997/886/2233 2199/885/2230
f 1988/860/2205 2199/885/2230 1897/887/2231
f 2199/885/2230 1907/889/2234 1430/888/2232
f 1997/886/2233 1488/890/2353 1907/889/2234
f 1423/868/2235 1875/892/2239 2200/891/2236
f 1892/867/2212 2200/891/2236 1898/893/2237
f 2200/891/2236 1906/895/2240 1431/894/2238
f 1875/892/2239 1436/896/2258 1906/895/2240
f 1422/510/1856 1895/508/1855 2201/897/2241
f 1893/874/2218 2201/897/2241 1876/898/2242
f 2201/897/2241 1905/900/2244 1435/899/2243
f 1895/508/1855 1428/832/2176 1905/900/2244
f 1896/878/2223 2202/902/2246 1894/901/2245
f 2202/902/2246 1875/892/2239 1423/868/2235
f 1904/903/2247 1436/896/2258 1875/892/2239
f 1429/904/2248 1904/903/2247 2202/902/2246
f 1898/893/2237 1431/894/2238 1432/833/2249
f 1410/905/2210 1880/866/2209 1884/836/2180
f 1880/866/2209 1419/512/1857 1427/509/1854
f 1307/839/2183 1899/837/2182 1874/906/2250
f 1899/837/2182 1432/833/2249 1431/894/2238
f 1234/907/2251 1512/909/2281 1912/908/2252
f 1379/910/2253 1903/912/2259 2203/911/2254
f 1746/913/2255 2203/911/2254 1872/914/2256
f 1904/903/2247 1429/904/2248 1872/914/2256
f 1436/896/2258 1904/903/2247 2203/911/2254
f 1334/915/2260 1902/917/2264 2204/916/2261
f 1698/918/2262 2204/916/2261 1871/919/2263
f 2204/916/2261 1905/900/2244 1428/832/2176
f 1902/917/2264 1435/899/2243 1905/900/2244
f 1234/907/2251 1874/906/2250 2205/920/2265
f 1791/921/2266 2205/920/2265 1903/912/2259
f 2205/920/2265 1906/895/2240 1436/896/2258
f 1874/906/2250 1431/894/2238 1906/895/2240
f 1475/922/2267 1996/924/2270 2206/923/2268
f 1976/925/2269 2206/923/2268 1902/917/2264
f 2206/923/2268 1989/926/2271 1435/899/2243
f 1996/924/2270 1488/890/2353 1989/926/2271
f 1398/802/2272 1900/928/2275 2207/927/2273
f 1827/801/2146 2207/927/2273 1901/929/2274
f 1908/883/2227 1434/884/2228 1901/929/2274
f 1433/880/2224 1908/883/2227 2207/927/2273
f 1364/930/2257 1872/914/2256 2208/931/2276
f 1837/932/2277 2208/931/2276 1900/928/2275
f 1909/879/2222 1433/880/2224 1900/928/2275
f 1429/904/2248 1909/879/2222 2208/931/2276
f 1871/919/2263 1428/832/2176 1432/833/2249
f 1307/839/2183 1912/908/2252 1913/933/2278
f 1882/845/2190 2209/935/2280 1867/934/2279
f 2209/935/2280 1888/864/2211 1416/862/2206
f 1894/901/2245 1423/868/2235 1888/864/2211
f 1421/876/2221 1894/901/2245 2209/935/2280
f 1791/921/2266 2210/936/2282 1512/909/2281
f 2210/936/2282 1919/830/2174 1437/379/1721
f 1775/937/2283 1443/608/1952 1919/830/2174
f 1379/910/2253 1775/937/2283 2210/936/2282
f 1828/604/1949 2211/939/2284 1824/795/2137
f 2211/939/2284 1918/940/2286 1397/938/2285
f 1920/799/2141 1445/798/2142 1918/940/2286
f 1444/605/2139 1920/799/2141 2211/939/2284
f 1746/913/2255 2212/941/2287 1775/937/2283
f 2212/941/2287 1921/607/1950 1443/608/1952
f 1747/942/2288 1442/600/1944 1921/607/1950
f 1364/930/2257 1747/942/2288 2212/941/2287
f 1837/932/2277 2213/943/2289 1747/942/2288
f 2213/943/2289 1922/602/1948 1442/600/1944
f 1917/797/2145 1444/605/2139 1922/602/1948
f 1398/802/2272 1917/797/2145 2213/943/2289
f 1309/838/2181 1913/933/2278 2214/944/2290
f 1698/918/2262 2214/944/2290 1914/945/2291
f 2214/944/2290 1923/495/1838 1441/946/1840
f 1913/933/2278 1440/333/1677 1923/495/1838
f 1912/908/2252 1439/332/1675 1440/333/1677
f 1447/429/1778 1926/507/1852 1925/457/1798
f 1512/909/2281 1437/379/1721 1439/332/1675
f 1446/426/1771 1925/457/1798 1719/617/1800
f 1475/922/2267 1995/948/2296 2215/947/2292
f 1513/949/2293 2215/947/2292 1515/950/2294
f 2215/947/2292 1990/399/1739 1438/951/1741
f 1995/948/2296 1489/396/1737 1990/399/1739
f 1392/786/2297 1819/582/1926 2216/952/2298
f 1817/785/2129 2216/952/2298 1933/953/2299
f 2216/952/2298 1934/788/2131 1454/954/2132
f 1819/582/1926 1453/583/1928 1934/788/2131
f 2217/707/2048 1935/703/2044 1449/425/1766
f 1772/454/1795 1452/621/1964 1935/703/2044
f 2218/616/1797 1936/620/1962 1452/621/1964
f 1750/789/2133 1451/578/1923 1936/620/1962
f 2219/587/1933 1937/577/1921 1451/578/1923
f 1932/787/2300 1453/583/1928 1937/577/1921
f 2220/500/1846 1938/484/1825 1490/485/1827
f 1722/503/1849 1450/432/1774 1938/484/1825
f 2221/505/1851 1939/431/1772 1450/432/1774
f 1926/507/1852 1447/429/1778 1939/431/1772
f 1456/460/1808 1667/956/2314 1943/375/1719
f 1326/440/1783 1684/451/1793 1683/700/2042
f 1349/569/1914 1948/574/1919 2222/957/2302
f 1845/779/2122 2222/957/2302 1947/958/2303
f 2222/957/2302 1949/782/2124 1462/959/2126
f 1948/574/1919 1463/575/1920 1949/782/2124
f 1788/705/2046 2223/960/2305 1942/353/1698
f 2223/960/2305 1950/701/2041 1457/355/1699
f 1771/961/2306 1461/627/1970 1950/701/2041
f 1376/622/1966 1771/961/2306 2223/960/2305
f 1743/624/1967 2224/962/2307 1771/961/2306
f 2224/962/2307 1951/626/1968 1461/627/1970
f 1751/963/2308 1460/572/1917 1951/626/1968
f 1361/579/1925 1751/963/2308 2224/962/2307
f 1834/581/1927 2225/964/2309 1751/963/2308
f 2225/964/2309 1952/571/1915 1460/572/1917
f 1833/781/2128 1463/575/1920 1952/571/1915
f 1392/786/2297 1833/781/2128 2225/964/2309
f 1701/488/1830 2226/966/2312 1993/965/2310
f 1993/965/2310 2226/966/2312 1953/481/1824
f 1705/967/2311 1459/463/1804 1953/481/1824
f 1337/433/1776 1705/967/2311 2226/966/2312
f 1660/435/1777 2227/968/2313 1705/967/2311
f 2227/968/2313 1954/462/1802 1459/463/1804
f 1667/956/2314 1456/460/1808 1954/462/1802
f 1314/421/1763 1667/956/2314 2227/968/2313
f 1319/969/2315 1964/971/2328 1963/970/2316
f 1667/956/2314 1314/421/1763 1313/377/1753
f 1684/451/1793 1458/354/1697 1457/355/1699
f 1287/972/2317 1963/970/2316 1597/239/1582
f 1274/817/2318 1961/974/2321 2228/973/2319
f 1601/816/2161 2228/973/2319 1965/975/2320
f 2228/973/2319 1966/821/2164 1474/228/1572
f 1961/974/2321 1470/818/2162 1966/821/2164
f 1241/280/2322 1524/278/1624 2229/275/1619
f 1955/976/2323 2229/275/1619 1967/176/1519
f 1524/278/1624 1792/276/1620 2233/977/2324
f 2163/730/1516 2050/171/1515 1794/122/1467
f 1230/151/2325 1514/148/1493 2230/978/2326
f 1669/979/2327 2230/978/2326 1964/971/2328
f 2230/978/2326 1968/446/1787 1473/328/1672
f 1514/148/1493 1465/146/1489 1968/446/1787
f 1964/971/2328 1473/328/1672 1472/329/1673
f 1963/970/2316 1472/329/1673 1471/980/1583
f 1270/249/1597 1960/982/2330 2231/981/2329
f 1600/248/1593 2231/981/2329 1962/983/1601
f 2231/981/2329 1969/238/1581 1471/980/1583
f 1960/982/2330 1469/236/1576 1969/238/1581
f 1402/255/2159 1965/975/2320 2232/984/2331
f 1848/254/1599 2232/984/2331 1960/982/2330
f 2232/984/2331 1970/231/1574 1469/236/1576
f 1965/975/2320 1474/228/1572 1970/231/1574
f 2233/977/2324 1570/985/2332 1468/18/1360
f 1792/276/1620 1254/264/2069 1570/985/2332
f 1218/448/1618 1956/445/1788 2234/986/2333
f 1549/272/1616 2234/986/2333 1958/987/2334
f 2234/986/2333 1972/149/1491 1467/131/1476
f 1956/445/1788 1465/146/1489 1972/149/1491
f 1250/266/1610 1958/987/2334 2235/221/1563
f 2235/221/1563 1973/94/1440 1974/87/1432
f 2253/988/2335 2252/1034/2379 1577/50/1392
f 1958/987/2334 1467/131/1476 1973/94/1440
f 2236/989/1564 1516/990/2336 1236/259/1603
f 1974/87/1432 1466/25/1431 1516/990/2336
f 1254/264/2069 1560/261/1607 2237/991/2337
f 1570/985/2332 2237/991/2337 1975/20/1366
f 2237/991/2337 1516/990/2336 1466/25/1431
f 1560/261/1607 1236/259/1603 1516/990/2336
f 1221/992/2338 1984/994/2343 2238/993/2339
f 1500/995/2340 2238/993/2339 1992/996/2341
f 2238/993/2339 1993/965/2310 1491/479/1821
f 1984/994/2343 1483/486/1829 1993/965/2310
f 2000/499/1844 1994/955/2301 2239/997/2344
f 2239/997/2344 1991/999/2346 1448/998/2345
f 1994/955/2301 1490/485/1827 1991/999/2346
f 1718/1000/2347 2375/1002/2347 2343/1001/2348
f 1334/915/2260 1914/945/2291 2240/1003/2350
f 1976/925/2269 2240/1003/2350 1995/948/2296
f 2240/1003/2350 1924/1004/2351 1489/396/1737
f 1914/945/2291 1441/946/1840 1924/1004/2351
f 1235/1005/2295 1873/1007/2354 2241/1006/2352
f 1513/949/2293 2241/1006/2352 1996/924/2270
f 2241/1006/2352 1907/889/2234 1488/890/2353
f 1873/1007/2354 1430/888/2232 1907/889/2234
f 1424/873/2217 1876/898/2242 2242/1008/2355
f 1891/1009/2356 2242/1008/2355 1997/886/2233
f 2242/1008/2355 1989/926/2271 1488/890/2353
f 1876/898/2242 1435/899/2243 1989/926/2271
f 1414/1010/2216 1887/872/2215 2243/1011/2357
f 1987/1012/2358 2243/1011/2357 1998/856/2204
f 2243/1011/2357 1891/1009/2356 1487/861/2229
f 1887/872/2215 1424/873/2217 1891/1009/2356
f 1213/1013/2359 1798/1014/2361 2244/123/1469
f 1980/1015/2360 2244/123/1469 1999/62/1404
f 1798/1014/2361 1565/1040/2385 2255/1016/2362
f 2166/736/1347 2022/5/1346 1525/297/1349
f 1982/1017/2363 2245/591/1935 1508/592/1937
f 1481/491/1835 2000/499/1844 2245/591/1935
f 1260/187/1529 1531/185/1528 2246/1019/2365
f 1567/1020/2366 2246/1019/2365 2001/498/1843
f 2246/1019/2365 1530/1021/2367 1476/142/1486
f 1531/185/1528 1214/188/1531 1530/1021/2367
f 1983/402/1744 2247/1023/2369 1509/1022/2368
f 2247/1023/2369 1982/1017/2363 1229/1018/2364
f 2002/489/1832 1481/491/1835 1982/1017/2363
f 1482/403/1833 2002/489/1832 2247/1023/2369
f 1991/999/2346 2248/1025/2371 1927/1024/2370
f 1927/1024/2370 2248/1025/2371 1984/994/2343
f 2248/1025/2371 2003/483/1826 1483/486/1829
f 1490/485/1827 2003/483/1826 2248/1025/2371
f 1455/1026/2342 1992/996/2341 2249/1027/2372
f 1940/1028/2373 2249/1027/2372 1985/1029/2374
f 2249/1027/2372 2004/482/1823 1484/474/1816
f 1992/996/2341 1491/479/1821 2004/482/1823
f 1220/1030/2375 1985/1029/2374 2250/1031/2376
f 1499/1032/2377 2250/1031/2376 1986/71/1413
f 2250/1031/2376 2005/477/1818 1485/68/1411
f 1985/1029/2374 1484/474/1816 2005/477/1818
f 1441/946/1840 1708/496/1839 2251/1033/2378
f 1924/1004/2351 2251/1033/2378 2006/398/1743
f 2251/1033/2378 1700/490/1831 1482/403/1833
f 1708/496/1839 1336/417/1758 1700/490/1831
f 1214/188/1531 1577/50/1392 2252/1034/2379
f 1530/1021/2367 2252/1034/2379 2007/143/1736
f 2346/1036/2380 2359/1169/2483 1579/1035/2381
f 2008/75/1419 2007/143/1736 2252/1034/2379
f 1558/1038/2383 2253/988/2335 1584/48/1391
f 1477/54/1397 2008/75/1419 2253/988/2335
f 1339/134/1479 1552/137/1481 2254/1039/2384
f 1703/478/1819 2254/1039/2384 2009/70/1417
f 2254/1039/2384 1692/52/1393 1480/53/1395
f 1552/137/1481 1333/58/1400 1692/52/1393
f 2255/1016/2362 1567/1020/2366 1478/67/1841
f 1565/1040/2385 1260/187/1529 1567/1020/2366
f 1981/74/1418 2256/1041/2386 1548/203/1545
f 2256/1041/2386 1558/1038/2383 1249/198/1541
f 2011/51/1394 1477/54/1397 1558/1038/2383
f 1480/53/1395 2011/51/1394 2256/1041/2386
f 1412/1043/2177 2013/1045/2388 2019/1042/2387
f 1413/1046/2179 2015/1061/2394 2013/1045/2388
f 2018/1048/2389 2257/1051/2390 1870/1047/2185
f 2257/1051/2390 2016/1063/2395 1417/1050/2186
f 1411/1052/2202 2017/1054/2668 2258/1053/2391
f 1865/1055/2200 2258/1053/2391 2014/1056/2392
f 1414/1057/2216 2020/1059/2398 2259/1058/2393
f 1866/1060/2214 2259/1058/2393 2015/1061/2394
f 2016/1063/2395 2260/1065/2396 1869/1062/2193
f 2260/1065/2396 2021/1391/2669 1418/1064/2194
f 1486/1066/2198 2014/1056/2392 2261/1067/2397
f 1987/1068/2358 2261/1067/2397 2020/1059/2398
f 1410/1044/2210 2019/1042/2387 2262/1069/2399
f 1868/1070/2208 2262/1069/2399 2012/1071/2400
f 2012/1071/2400 2263/1074/2401 1867/1072/2279
f 2263/1074/2401 2018/1048/2389 1415/1049/2188
f 1287/1075/2402 2296/1077/2670 2299/1076/2403
f 2290/1078/2405 2296/1077/2670 1287/1075/2402
f 2338/1081/2407 2295/1392/2525 1281/1080/2408
f 2265/1083/2410 2338/1081/2407 1492/1082/2409
f 1494/1085/2411 2339/1087/2671 2335/1086/2412
f 2267/1088/2414 2339/1087/2671 1494/1085/2411
f 2269/1091/2416 2340/1094/2419 1499/1090/2417
f 2340/1094/2419 2270/1362/2645 1220/1093/2420
f 1455/1095/2421 2333/1097/2421 2341/1096/2422
f 1500/1098/2423 2341/1096/2422 2271/1099/2424
f 2342/1101/2426 2300/1227/2672 1329/1100/2427
f 2298/1103/2429 2342/1101/2426 1501/1102/2428
f 2393/1106/2431 2392/1298/2592 1820/1105/2432
f 1508/1108/2349 2343/1001/2348 2272/1109/2434
f 1229/1110/2434 2272/1109/2434 2344/1111/2435
f 2344/1111/2435 2274/1349/2437 1231/1112/2437
f 2329/1115/2438 2345/1118/2673 1515/1114/2439
f 1515/1114/2439 2345/1118/2673 2275/1117/2440
f 2288/1119/2441 2346/1036/2380 1517/1037/2382
f 1538/1121/2443 2352/1123/2443 2348/1122/2444
f 2347/1125/2445 2280/1157/2446 1253/1124/2446
f 1239/1127/2448 2276/1129/2449 2347/1128/2445
f 1520/1130/2444 2348/1122/2444 2276/1129/2449
f 2349/1132/2450 2294/1211/2451 1278/1131/2451
f 2277/1134/2453 2349/1132/2450 1521/1133/2452
f 2350/1136/2455 2298/1103/2429 1302/1104/2430
f 2264/1138/2457 2350/1136/2455 1522/1137/2456
f 2351/1141/2459 2278/1153/2460 1246/1140/2460
f 2266/1143/2462 2351/1141/2459 1523/1142/2461
f 2279/1145/2464 2352/1123/2443 1538/1121/2443
f 2273/1148/2465 2353/1150/2468 1546/1147/2466
f 2353/1150/2468 2279/1145/2464 1247/1146/2464
f 1555/1151/2469 2354/1152/2469 2265/1083/2410
f 2278/1153/2460 2354/1152/2469 1555/1151/2469
f 2379/1155/2470 2356/1159/2674 1565/1154/2471
f 1253/1124/2446 2280/1157/2446 2355/61/2473
f 1565/1154/2471 2356/1159/2674 2282/1158/2474
f 2284/1161/2476 2357/1164/2479 1573/1160/2477
f 2357/1164/2479 2283/1189/2503 1261/1163/2480
f 1574/1165/2481 2358/1166/2482 2284/1161/2476
f 1260/1167/2475 2282/1158/2474 2358/1166/2482
f 2359/1169/2483 2285/1183/2496 1263/1168/2484
f 2321/1171/2485 2360/1174/2488 1581/1170/2486
f 2360/1174/2488 2286/1180/2494 1265/1173/2489
f 2281/1176/2490 2361/1178/2493 1582/1175/2491
f 2361/1178/2493 2269/1091/2416 1219/1092/2418
f 2286/1180/2494 2362/1181/2675 1585/1179/2495
f 1585/1179/2495 2362/1181/2675 2281/1176/2490
f 2285/1183/2496 2363/1185/2498 1587/1182/2497
f 2363/1185/2498 2287/1317/2609 1266/1184/2499
f 1589/1186/2500 2364/1188/2676 2322/1187/2501
f 2283/1189/2503 2364/1188/2676 1589/1186/2500
f 1593/1190/2504 2365/1191/2506 2290/1078/2405
f 1272/1192/2505 2291/1193/2604 2365/1191/2506
f 1594/1194/2507 2366/1196/2677 2319/1195/2508
f 2292/1197/2510 2366/1196/2677 1594/1194/2507
f 2336/1200/2512 2367/1393/2515 1596/1199/2513
f 2367/1202/2515 2292/1197/2510 1273/1198/2511
f 1269/1204/2516 2289/1206/2545 2368/1205/2517
f 1598/1207/2518 2368/1205/2517 2293/1208/2519
f 1604/1209/2521 2369/1210/2522 2266/1143/2462
f 1278/1131/2451 2294/1211/2451 2369/1210/2522
f 2370/1213/2523 2297/1219/2678 1297/1212/2524
f 2295/1215/2525 2370/1213/2523 1615/1214/2523
f 1635/1217/2526 2371/1218/2526 2264/1138/2457
f 1297/1212/2524 2297/1219/2678 2371/1218/2526
f 2372/1220/2527 2273/1148/2465 1230/1149/2467
f 1319/1222/2404 2299/1076/2403 2372/1223/2527
f 1688/1224/2529 2373/1226/2532 2337/1225/2530
f 1329/1100/2427 2300/1227/2672 2373/1226/2532
f 1709/1228/2533 2374/1230/2537 2302/1229/2534
f 1340/1231/2536 2301/1232/2555 2374/1230/2537
f 2331/1233/2538 2375/1002/2347 1718/1000/2347
f 1732/1235/2540 2376/1237/2543 2303/1236/2541
f 1350/1238/2535 2302/1229/2534 2376/1237/2543
f 1777/1239/2544 2377/1240/2546 2289/1206/2545
f 1365/1241/2542 2303/1236/2541 2377/1240/2546
f 2378/60/1402 2267/1088/2414 1212/1089/2415
f 2268/1244/2547 2379/1394/2470 1798/1243/2472
f 2380/1247/2549 2320/1315/2608 1406/1246/2550
f 2305/1249/2552 2380/1247/2549 1804/1248/2551
f 1806/1251/2554 2381/1252/2557 2301/1232/2555
f 1380/1253/2556 2304/1254/2607 2381/1252/2557
f 2382/1255/2558 2305/1249/2552 1381/1250/2553
f 1382/1257/2560 2306/1258/2560 2382/1255/2558
f 2383/1259/2561 2306/1258/2560 1382/1257/2560
f 2307/1261/2563 2383/1259/2561 1808/1260/2562
f 1809/1263/2565 2384/1264/2567 2307/1261/2563
f 1384/1265/2566 2308/1266/2679 2384/1264/2567
f 2385/1267/2568 2308/1266/2679 1384/1265/2566
f 2309/1269/2570 2385/1267/2568 1811/1268/2569
f 2386/1272/2572 2309/1269/2570 1386/1270/2571
f 1387/1273/2573 2310/1274/2575 2386/1272/2572
f 1813/1275/2574 2387/1276/2680 2310/1274/2575
f 2311/1277/2576 2387/1276/2680 1813/1275/2574
f 1814/1279/2578 2388/1280/2580 2311/1277/2576
f 1389/1281/2579 2312/1282/2681 2388/1280/2580
f 2389/1283/2581 2312/1282/2681 1389/1281/2579
f 2313/1285/2583 2389/1283/2581 1815/1284/2582
f 1816/1287/2585 2390/1288/2587 2313/1285/2583
f 1391/1289/2586 2314/1290/2649 2390/1288/2587
f 1818/1291/2588 2391/1293/2591 2334/1292/2589
f 1393/1294/2590 2315/1296/2682 2391/1295/2591
f 2392/1298/2592 2332/1360/2644 1454/1297/2593
f 2316/1299/2594 2393/1106/2431 1823/1107/2433
f 2394/1301/2596 2316/1299/2594 1395/1300/2595
f 2317/1303/2598 2394/1301/2596 1826/1302/2597
f 2395/1306/2599 2330/1353/2639 1445/1305/2600
f 1399/1308/2602 2318/1309/2634 2395/1306/2599
f 1847/1310/2603 2396/1311/2605 2291/1193/2604
f 1401/1312/2509 2319/1195/2508 2396/1311/2605
f 1852/1313/2606 2397/1314/2683 2304/1254/2607
f 2320/1315/2608 2397/1314/2683 1852/1313/2606
f 2287/1317/2609 2398/1395/2611 1859/1316/2610
f 2398/1318/2611 2321/1171/2485 1407/1172/2487
f 1861/1320/2612 2399/1321/2613 2288/1119/2441
f 1409/1322/2502 2322/1187/2501 2399/1321/2613
f 2400/1324/2614 2327/1344/2684 1430/1323/2615
f 1235/1326/2440 2275/1117/2440 2400/1327/2614
f 2401/1329/2617 2328/1347/2635 1434/1328/2618
f 2326/1331/2620 2401/1329/2617 1877/1330/2619
f 1881/1333/2621 2402/1335/2625 2323/1334/2622
f 1420/1336/2624 2325/1337/2631 2402/1335/2625
f 2403/1338/2626 2326/1331/2620 1425/1332/2620
f 2324/1340/2628 2403/1338/2626 1886/1339/2627
f 1897/1342/2630 2404/1343/2632 2325/1337/2631
f 1430/1323/2615 2327/1344/2684 2404/1343/2632
f 1901/1345/2633 2405/1346/2685 2318/1309/2634
f 2328/1347/2635 2405/1346/2685 1901/1345/2633
f 2274/1349/2437 2406/1350/2637 1911/1348/2636
f 2406/1350/2637 2329/1115/2438 1438/1116/2438
f 1918/1351/2638 2407/1352/2686 2317/1303/2598
f 2330/1353/2639 2407/1352/2686 1918/1351/2638
f 2271/1355/2424 2408/1357/2641 1927/1354/2640
f 2408/1357/2641 2331/1233/2538 1448/1234/2539
f 2409/1358/2642 2315/1296/2682 1393/1294/2590
f 2332/1360/2644 2409/1358/2642 1933/1359/2643
f 2270/1362/2645 2410/1363/2647 1940/1361/2646
f 2410/1363/2647 2333/1097/2421 1455/1095/2421
f 1947/1364/2648 2411/1365/2650 2314/1290/2649
f 1462/1366/2589 2334/1292/2589 2411/1365/2650
f 1955/1367/2651 2412/1368/2652 2277/1134/2453
f 1464/1369/2413 2335/1086/2412 2412/1368/2652
f 2293/1208/2519 2413/1372/2654 1961/1370/2653
f 2413/1372/2654 2336/1200/2512 1470/1201/2514
f 1980/1373/2655 2414/1374/2656 2268/1244/2547
f 1479/1375/2531 2337/1225/2530 2414/1374/2656
f 2323/1334/2622 2415/1396/2657 2017/1376/2657
f 2021/1378/2658 2416/1379/2687 2324/1340/2628
f 1472/329/1673 1628/256/1600 1962/983/1601
f 1317/124/1470 1679/322/1665 1625/315/1659
f 1994/955/2301 2000/499/1844 2110/502/1847
f 2156/473/1815 2102/471/1814 1802/393/1734
f 1543/159/1503 1537/113/1457 2048/161/1505
