# Blender 4.5.3 LTS
# www.blender.org
mtllib mat_garage_tool_table.mtl
o prop_garage_door
v -0.497521 0.000000 3.088754
v -0.497521 2.122960 3.088754
v 0.630355 0.000000 3.088754
v 0.630355 2.122960 3.088754
v -0.497521 2.122960 3.157818
v 0.630355 2.122960 3.157818
v 0.630355 0.000000 3.157818
v -0.497521 0.000000 3.157818
v -0.398998 0.875328 3.088754
v 0.531832 0.875328 3.088754
v 0.531832 0.098523 3.088754
v -0.398998 0.098523 3.088754
v -0.398998 2.024437 3.088754
v 0.531832 2.024437 3.088754
v 0.531819 0.973851 3.088754
v -0.399027 0.973851 3.088754
v 0.531819 0.973851 3.088754
v -0.399027 0.973851 3.088754
v -0.497521 0.000000 2.989091
v 0.630355 0.000000 2.989091
v -0.398998 0.098523 3.088754
v 0.531832 0.098523 3.088754
v -0.398998 0.875328 3.123779
v 0.531832 0.875328 3.123779
v -0.398998 0.098523 3.123779
v -0.398998 2.024437 3.115172
v 0.531832 2.024437 3.115172
v -0.399027 0.973851 3.115172
v 0.531819 0.973851 3.115172
v 0.531832 0.098523 3.123779
v -0.240950 1.052204 3.044839
v -0.259466 1.020133 3.030111
v -0.238085 1.041514 3.044839
v -0.240950 1.052204 3.030111
v -0.456091 1.022998 3.030111
v -0.463916 1.052204 3.030111
v -0.456091 1.060030 3.030111
v -0.424019 1.041514 3.044839
v -0.445400 1.020133 3.030111
v -0.426884 1.052204 3.044839
v -0.434710 1.060030 3.044839
v -0.434710 1.022998 3.044839
v -0.426884 1.030823 3.044839
v -0.445400 1.062894 3.030111
v -0.424019 1.041514 3.088378
v -0.434710 1.060030 3.088378
v -0.426884 1.052204 3.088378
v -0.426884 1.030823 3.088378
v -0.434710 1.022998 3.088378
v -0.445400 1.062894 3.044839
v -0.466781 1.041514 3.030111
v -0.445400 1.020133 3.044839
v -0.463916 1.030823 3.030111
v -0.445400 1.062894 3.088378
v -0.463916 1.052204 3.088378
v -0.456091 1.060030 3.088378
v -0.445400 1.020133 3.088378
v -0.466781 1.041514 3.088378
v -0.456091 1.022998 3.088378
v -0.463916 1.030823 3.088378
v -0.248775 1.060030 3.044839
v -0.248775 1.022998 3.030111
v -0.248775 1.060030 3.030111
v -0.248775 1.022998 3.044839
v -0.240950 1.030823 3.044839
v -0.259466 1.062894 3.030111
v -0.240950 1.030823 3.030111
v -0.238085 1.041514 3.030111
v -0.259466 1.062894 3.044839
v -0.259466 1.020133 3.044839
v -0.466781 1.041514 3.044839
v -0.456091 1.060030 3.044839
v -0.463916 1.052204 3.044839
v -0.456091 1.022998 3.044839
v -0.463916 1.030823 3.044839
vn -0.0000 1.0000 -0.0000
vn -0.0000 -1.0000 -0.0000
vn -0.0000 -0.0000 -1.0000
vn -1.0000 -0.0000 -0.0000
vn -0.0000 -0.0000 1.0000
vn 1.0000 -0.0000 -0.0000
vn -0.9659 0.2589 -0.0000
vn -0.8660 0.5000 -0.0000
vn -0.5000 -0.8660 -0.0000
vn -0.1305 -0.9914 -0.0000
vn -0.1739 -0.9848 -0.0000
vn -0.9659 -0.2589 -0.0000
vn -0.8660 -0.5000 -0.0000
vn -0.5000 0.8660 -0.0000
vn 0.5000 0.8660 -0.0000
vn 0.2588 0.9659 -0.0000
vn 0.8660 0.5000 -0.0000
vn 0.9659 0.2589 -0.0000
vn 0.5000 -0.8660 -0.0000
vn 0.2589 -0.9659 -0.0000
vn 0.8660 -0.5000 -0.0000
vn 0.9659 -0.2589 -0.0000
vn 0.1305 0.9914 -0.0000
vn -0.1305 0.9914 -0.0000
vn -0.1738 0.9848 -0.0000
vn 0.1305 -0.9914 -0.0000
vn 0.9659 -0.2588 -0.0000
vn -0.2588 0.9659 -0.0000
vn -0.9659 -0.2588 -0.0000
vn -0.2588 -0.9659 -0.0000
vn -0.0001 -0.0000 1.0000
vn 0.0001 -0.0000 1.0000
vn -0.0001 -0.0000 -1.0000
vt 0.396915 0.957015
vt 0.355344 -0.147762
vt 0.396915 -0.147762
vt 0.037135 0.030667
vt 0.455594 0.035992
vt 0.429423 0.066888
vt 0.442519 0.968875
vt 0.000071 0.944922
vt 0.031065 0.913534
vt 0.478426 0.426339
vt 0.478431 0.465325
vt 0.438096 0.737018
vt 0.479120 0.304391
vt 0.479120 0.695610
vt 0.438470 0.424801
vt 0.438930 0.110994
vt 0.478361 0.071194
vt 0.438494 0.266742
vt 0.478867 0.692507
vt 0.438494 0.733258
vt 0.437057 0.465325
vt 0.801998 0.452580
vt 0.437265 0.305230
vt 0.478115 0.694776
vt 0.437265 0.694781
vt 0.000071 0.000071
vt 0.396989 0.737225
vt 0.356135 -0.168840
vt 0.396989 -0.168840
vt 0.624293 0.252773
vt 0.998605 0.777672
vt 0.624293 0.777672
vt 0.355080 -0.328941
vt 0.396769 1.328941
vt 0.355080 1.328941
vt 0.355447 -0.323188
vt 0.396760 1.132435
vt 0.355447 1.132435
vt 0.356120 -0.126648
vt 0.396102 0.935902
vt 0.356120 0.935902
vt 0.356221 -0.168840
vt 0.397074 0.737226
vt 0.356221 0.737226
vt 0.396834 1.132460
vt 0.355522 -0.323188
vt 0.396834 -0.323188
vt 0.396918 1.336712
vt 0.354838 -0.336712
vt 0.396918 -0.336712
vt 0.471295 0.999929
vt 0.476263 0.417246
vt 0.466917 0.563605
vt 0.457572 0.561100
vt 0.479375 0.710193
vt 0.437743 0.720093
vt 0.479375 0.720093
vt 0.438883 0.451369
vt 0.478180 0.427053
vt 0.438884 0.427053
vt 0.438883 0.500000
vt 0.478180 0.475684
vt 0.438883 0.475684
vt 0.438883 0.524316
vt 0.478180 0.548631
vt 0.478180 0.524316
vt 0.437743 0.749792
vt 0.479375 0.739892
vt 0.437743 0.739892
vt 0.437743 0.759691
vt 0.479375 0.749792
vt 0.437743 0.769591
vt 0.479375 0.759691
vt 0.479375 0.670594
vt 0.437743 0.680494
vt 0.479375 0.680494
vt 0.479375 0.660694
vt 0.437743 0.670594
vt 0.479375 0.650795
vt 0.437743 0.660694
vt 0.437743 0.690394
vt 0.479375 0.700293
vt 0.479375 0.690394
vt 0.479375 0.729992
vt 0.438884 0.981454
vt 0.478180 0.572947
vt 0.438884 0.572947
vt 0.443324 0.427791
vt 0.450652 0.415100
vt 0.472633 0.427791
vt 0.478180 0.018546
vt 0.438883 0.020401
vt 0.478180 -0.003915
vt 0.438883 -0.003915
vt 0.438883 0.010170
vt 0.478180 -0.014146
vt 0.438883 -0.014146
vt 0.438883 0.010249
vt 0.478180 -0.014067
vt 0.438883 -0.014067
vt 0.438884 1.014067
vt 0.478180 0.989751
vt 0.438884 0.989751
vt 0.438884 1.014146
vt 0.478180 0.989830
vt 0.438884 0.989830
vt 0.438884 1.003915
vt 0.478180 0.979599
vt 0.438884 0.979599
vt 0.478180 0.451369
vt 0.437743 0.710193
vt 0.437743 0.700293
vt 0.478180 0.500000
vt 0.313542 0.739143
vt 0.011239 0.397948
vt 0.313548 0.397945
vt 0.001424 0.531623
vt 0.332081 0.499537
vt 0.332081 0.531623
vt 0.355345 0.957015
vt 0.478426 0.881045
vt 0.439802 0.920031
vt 0.439802 0.079969
vt 0.478426 0.118955
vt 0.438096 0.262983
vt 0.478361 0.928806
vt 0.438521 0.464601
vt 0.438930 0.889006
vt 0.478867 0.307493
vt 0.478115 0.305218
vt 0.356135 0.737225
vt 0.998605 0.252773
vt 0.396769 -0.328941
vt 0.396760 -0.323188
vt 0.396102 -0.126648
vt 0.397074 -0.168840
vt 0.355522 1.132460
vt 0.354838 1.336712
vt 0.441385 0.570446
vt 0.438880 0.579792
vt 0.438880 0.417246
vt 0.441385 0.407901
vt 0.448226 0.401059
vt 0.457572 0.398555
vt 0.466917 0.401059
vt 0.473759 0.407901
vt 0.476263 0.579792
vt 0.473759 0.570446
vt 0.448226 0.563605
vt 0.438883 0.548631
vt 0.479375 0.769591
vt 0.437743 0.650795
vt 0.437743 0.729992
vt 0.478180 0.981454
vt 0.457979 0.413137
vt 0.465306 0.415100
vt 0.470670 0.420464
vt 0.472633 0.555232
vt 0.443324 0.555232
vt 0.470670 0.562559
vt 0.457979 0.569887
vt 0.465306 0.567923
vt 0.450652 0.567923
vt 0.445288 0.562559
vt 0.445288 0.420464
vt 0.438883 0.018546
vt 0.478180 0.020401
vt 0.478180 0.010170
vt 0.478180 0.010249
vt 0.478180 1.014066
vt 0.478180 1.014146
vt 0.478180 1.003915
vt 0.011238 0.739146
vt 0.001424 0.499537
s 1
usemtl trim_garage_metal_red
f 21/1/1 30/2/1 22/3/1
f 3/4/2 8/5/2 1/6/2
f 2/7/1 6/8/1 4/9/1
f 10/10/3 17/11/3 15/11/3
f 3/12/3 12/13/3 11/14/3
f 9/15/3 21/16/3 1/17/3
f 4/18/3 13/19/3 2/20/3
s 0
f 15/21/4 18/22/5 16/22/4
s 1
f 9/23/3 17/24/3 10/25/3
f 4/9/6 7/26/6 3/4/6
f 9/27/6 25/28/6 21/29/6
f 24/30/3 25/31/3 23/32/3
f 15/33/4 27/34/4 14/35/4
f 14/36/2 26/37/2 13/38/2
f 10/39/2 23/40/2 9/41/2
f 22/42/4 24/43/4 10/44/4
f 16/45/1 29/46/1 15/47/1
f 13/48/6 28/49/6 16/50/6
f 1/6/4 5/51/4 2/7/4
f 69/52/5 40/53/5 38/54/5
f 71/55/7 55/56/8 73/57/8
f 74/58/9 39/59/10 52/60/11
f 71/61/12 53/62/13 75/63/13
f 73/64/8 37/65/14 36/66/8
f 46/67/15 50/68/16 54/69/16
f 47/70/17 41/71/15 46/67/15
f 45/72/18 40/73/17 47/70/17
f 42/74/19 57/75/20 52/76/20
f 43/77/21 49/78/19 42/74/19
f 38/79/22 48/80/21 43/77/21
f 59/81/9 75/82/13 74/83/9
f 55/56/8 72/84/14 73/57/8
f 69/85/23 44/86/24 50/87/25
f 66/88/3 34/89/3 32/90/3
f 32/91/26 52/60/11 39/59/10
f 70/92/26 62/93/19 64/94/19
f 64/95/19 67/96/21 65/97/21
f 65/98/21 68/99/22 33/100/27
f 33/101/18 34/102/17 31/103/17
f 31/104/17 63/105/15 61/106/15
f 61/107/15 66/108/23 69/109/23
f 72/84/14 54/69/28 50/68/25
f 74/58/9 53/62/13 35/110/9
f 58/111/29 75/82/13 60/112/13
f 51/113/7 73/64/8 36/66/8
f 37/65/14 50/87/25 44/86/24
f 59/81/9 52/76/11 57/75/30
f 21/1/1 25/120/1 30/2/1
f 3/4/2 7/26/2 8/5/2
f 2/7/1 5/51/1 6/8/1
f 14/121/3 4/122/3 15/11/3
f 4/122/3 3/123/3 15/11/3
f 15/11/3 3/123/3 10/10/3
f 11/124/3 22/124/4 10/10/3
f 3/123/3 11/124/3 10/10/3
f 3/12/3 1/125/3 12/13/3
f 1/17/3 2/126/3 16/127/3
f 2/126/3 13/128/3 16/127/3
f 16/127/3 18/127/5 9/15/3
f 1/17/3 16/127/3 9/15/3
f 21/16/3 12/16/3 1/17/3
f 4/18/3 14/129/3 13/19/3
s 0
f 15/21/5 17/21/4 18/22/6
s 1
f 9/23/3 18/130/5 17/24/3
f 4/9/6 6/8/6 7/26/6
f 9/27/6 23/131/6 25/28/6
f 24/30/3 30/132/3 25/31/3
f 15/33/4 29/133/4 27/34/4
f 14/36/2 27/134/2 26/37/2
f 10/39/2 24/135/2 23/40/2
f 22/42/4 30/136/4 24/43/4
f 16/45/1 28/137/1 29/46/1
f 13/48/6 26/138/6 28/49/6
f 1/6/4 8/5/4 5/51/4
f 42/139/5 52/140/5 70/141/5
f 70/141/5 64/142/31 65/143/5
f 65/143/5 33/144/32 31/145/5
f 31/145/5 61/146/5 69/52/5
f 69/52/5 50/147/5 41/148/5
f 69/52/5 41/148/5 40/53/5
f 65/143/5 31/145/5 69/52/5
f 42/139/5 70/141/5 43/149/5
f 70/141/5 65/143/5 69/52/5
f 43/149/5 70/141/5 38/54/5
f 38/54/5 70/141/5 69/52/5
f 71/55/7 58/111/7 55/56/8
f 74/58/9 35/110/9 39/59/10
f 71/61/12 51/113/12 53/62/13
f 73/64/8 72/150/14 37/65/14
f 46/67/15 41/71/15 50/68/16
f 47/70/17 40/73/17 41/71/15
f 45/72/18 38/151/18 40/73/17
f 42/74/19 49/78/19 57/75/20
f 43/77/21 48/80/21 49/78/19
f 38/79/22 45/152/27 48/80/21
f 59/81/9 60/112/13 75/82/13
f 55/56/8 56/153/14 72/84/14
f 69/85/23 66/154/23 44/86/24
f 34/89/3 68/155/3 67/156/3
f 67/156/3 62/157/3 34/89/3
f 62/157/3 32/90/3 34/89/3
f 32/90/3 39/158/3 44/159/3
f 39/158/3 35/160/3 51/161/3
f 35/160/3 53/162/3 51/161/3
f 51/161/3 36/163/33 37/164/3
f 37/164/3 44/159/3 51/161/3
f 44/159/3 66/88/3 32/90/3
f 51/161/3 44/159/3 39/158/3
f 66/88/3 63/165/3 34/89/3
f 32/91/26 70/166/26 52/60/11
f 70/92/26 32/167/26 62/93/19
f 64/95/19 62/168/19 67/96/21
f 65/98/21 67/169/21 68/99/22
f 33/101/18 68/170/18 34/102/17
f 31/104/17 34/171/17 63/105/15
f 61/107/15 63/172/15 66/108/23
f 72/84/14 56/153/14 54/69/28
f 74/58/9 75/63/13 53/62/13
f 58/111/29 71/55/12 75/82/13
f 51/113/7 71/61/7 73/64/8
f 37/65/14 72/150/14 50/87/25
f 59/81/9 74/83/9 52/76/11
usemtl mat_garage_tool_table
f 26/114/3 29/115/3 28/116/3
f 26/114/3 27/173/3 29/115/3
usemtl mat_garage_concrete_slabs
f 3/117/1 19/118/1 1/119/1
f 3/117/1 20/174/1 19/118/1
o prop_garage_fluorescent_lamp
v -2.671291 2.780266 -2.445668
v -2.671291 2.780266 -0.688856
v -2.188168 2.780266 -2.445668
v -2.188168 2.780266 -0.688856
v -2.588720 2.863559 -0.688856
v -2.551381 2.886573 -0.688856
v -2.588720 2.863559 -2.445668
v -2.551381 2.886573 -2.445668
v -2.270739 2.863559 -0.688856
v -2.308078 2.886573 -0.688856
v -2.270739 2.863559 -2.445668
v -2.308078 2.886573 -2.445668
v -2.389295 2.878052 -2.372263
v -2.389295 2.878052 -0.762261
v -2.380086 2.876220 -2.372263
v -2.380086 2.876220 -0.762261
v -2.372279 2.871004 -2.372263
v -2.372279 2.871004 -0.762261
v -2.367062 2.863197 -2.372263
v -2.367062 2.863197 -0.762261
v -2.365231 2.853988 -2.372263
v -2.365231 2.853988 -0.762261
v -2.367062 2.844779 -2.372263
v -2.367062 2.844779 -0.762261
v -2.372279 2.836972 -2.372263
v -2.372279 2.836972 -0.762261
v -2.380086 2.831755 -2.372263
v -2.380086 2.831756 -0.762261
v -2.389295 2.829924 -2.372263
v -2.389295 2.829924 -0.762261
v -2.398504 2.831755 -2.372263
v -2.398504 2.831756 -0.762261
v -2.406311 2.836972 -2.372263
v -2.406311 2.836972 -0.762261
v -2.411527 2.844779 -2.372263
v -2.411527 2.844779 -0.762261
v -2.413359 2.853988 -2.372263
v -2.413359 2.853988 -0.762261
v -2.411527 2.863197 -2.372263
v -2.411527 2.863197 -0.762261
v -2.406311 2.871004 -2.372263
v -2.406311 2.871004 -0.762261
v -2.398504 2.876220 -2.372263
v -2.398504 2.876220 -0.762261
v -2.479019 2.876220 -0.762261
v -2.479019 2.876220 -2.372263
v -2.486826 2.871004 -0.762261
v -2.486826 2.871004 -2.372263
v -2.492042 2.863197 -0.762261
v -2.492042 2.863197 -2.372263
v -2.493874 2.853988 -0.762261
v -2.493874 2.853988 -2.372263
v -2.492042 2.844779 -0.762261
v -2.492042 2.844779 -2.372263
v -2.486826 2.836972 -0.762261
v -2.486826 2.836972 -2.372263
v -2.479019 2.831756 -0.762261
v -2.479019 2.831755 -2.372263
v -2.469810 2.829924 -0.762261
v -2.469810 2.829924 -2.372263
v -2.460601 2.831756 -0.762261
v -2.460601 2.831755 -2.372263
v -2.452794 2.836972 -0.762261
v -2.452794 2.836972 -2.372263
v -2.447578 2.844779 -0.762261
v -2.447578 2.844779 -2.372263
v -2.445746 2.853988 -0.762261
v -2.445746 2.853988 -2.372263
v -2.447578 2.863197 -0.762261
v -2.447578 2.863197 -2.372263
v -2.452794 2.871004 -0.762261
v -2.452794 2.871004 -2.372263
v -2.460601 2.876220 -0.762261
v -2.460601 2.876220 -2.372263
v -2.469810 2.878052 -0.762261
v -2.469810 2.878052 -2.372263
v -2.506170 2.849052 -0.707861
v -2.481265 2.824147 -0.707861
v -2.504275 2.839521 -0.707861
v -2.498876 2.831441 -0.707861
v -2.490796 2.826042 -0.707861
v -2.481265 2.885306 -0.707861
v -2.506170 2.860401 -0.707861
v -2.490796 2.883410 -0.707861
v -2.498876 2.878012 -0.707861
v -2.504275 2.869932 -0.707861
v -2.498876 2.831441 -0.761265
v -2.504275 2.839521 -0.761265
v -2.506170 2.860401 -0.761265
v -2.378194 2.824147 -0.707861
v -2.353289 2.849052 -0.707861
v -2.368663 2.826042 -0.707861
v -2.360583 2.831441 -0.707861
v -2.355185 2.839521 -0.707861
v -2.353289 2.860401 -0.707861
v -2.378194 2.885306 -0.707861
v -2.355185 2.869932 -0.707861
v -2.360583 2.878012 -0.707861
v -2.368663 2.883410 -0.707861
v -2.378194 2.824147 -0.761265
v -2.355185 2.839521 -0.761265
v -2.360583 2.831441 -0.761265
v -2.353289 2.860401 -0.761265
v -2.506170 2.849052 -2.426663
v -2.481265 2.824147 -2.426663
v -2.504275 2.839521 -2.426663
v -2.498876 2.831441 -2.426663
v -2.490796 2.826042 -2.426663
v -2.481265 2.885306 -2.426663
v -2.506170 2.860401 -2.426663
v -2.490796 2.883410 -2.426663
v -2.498876 2.878012 -2.426663
v -2.504275 2.869932 -2.426663
v -2.481265 2.824147 -2.373259
v -2.498876 2.831441 -2.373259
v -2.504275 2.839521 -2.373259
v -2.481265 2.885306 -2.373259
v -2.504275 2.869932 -2.373259
v -2.378194 2.824147 -2.426663
v -2.353289 2.849052 -2.426663
v -2.368663 2.826042 -2.426663
v -2.360583 2.831441 -2.426663
v -2.355185 2.839521 -2.426663
v -2.353289 2.860401 -2.426663
v -2.378194 2.885306 -2.426663
v -2.355185 2.869932 -2.426663
v -2.360583 2.878012 -2.426663
v -2.368663 2.883410 -2.426663
v -2.378194 2.824147 -2.373259
v -2.355185 2.839521 -2.373259
v -2.360583 2.831441 -2.373259
v -2.368663 2.826042 -2.373259
v -2.368663 2.883410 -2.373259
v -2.420077 2.985526 -2.219451
v -2.420077 3.129060 -2.219451
v -2.412690 2.985526 -2.208395
v -2.412690 3.129060 -2.208395
v -2.415284 2.985526 -2.195353
v -2.415284 3.129060 -2.195353
v -2.426340 2.985526 -2.187965
v -2.426340 3.129060 -2.187965
v -2.439382 2.985526 -2.190560
v -2.439382 3.129060 -2.190560
v -2.446769 2.985526 -2.201616
v -2.446769 3.129060 -2.201616
v -2.444175 2.985526 -2.214658
v -2.444175 3.129060 -2.214658
v -2.433119 2.985526 -2.222045
v -2.433119 3.129060 -2.222045
v -2.426340 2.988423 -0.922221
v -2.426340 3.129060 -0.922221
v -2.415284 2.988423 -0.914833
v -2.415284 3.129060 -0.914833
v -2.412690 2.988423 -0.901791
v -2.412690 3.129060 -0.901791
v -2.420077 2.988423 -0.890735
v -2.420077 3.129060 -0.890735
v -2.433119 2.988423 -0.888141
v -2.433119 3.129060 -0.888141
v -2.444175 2.988423 -0.895528
v -2.444175 3.129060 -0.895528
v -2.446769 2.988423 -0.908570
v -2.446769 3.129060 -0.908570
v -2.439382 3.129060 -0.919627
v -2.439382 2.988423 -0.919627
v -2.495720 2.896106 -0.688856
v -2.506170 2.896106 -0.699361
v -2.483677 2.979134 -0.703614
v -2.482304 2.989321 -0.715771
v -2.494135 2.979082 -0.714110
v -2.506170 2.896106 -2.435163
v -2.495720 2.896106 -2.445668
v -2.482304 2.989321 -2.418753
v -2.483677 2.979134 -2.430910
v -2.494135 2.979082 -2.420414
v -2.353289 2.896106 -0.699361
v -2.363740 2.896106 -0.688856
v -2.377155 2.989321 -0.715771
v -2.375783 2.979134 -0.703614
v -2.365324 2.979082 -0.714110
v -2.363740 2.896106 -2.445668
v -2.353289 2.896106 -2.435163
v -2.377155 2.989321 -2.418753
v -2.365324 2.979082 -2.420414
v -2.375783 2.979134 -2.430910
v -2.663691 2.772732 -2.445668
v -2.663691 2.772732 -0.688856
v -2.195768 2.772732 -0.688856
v -2.195768 2.772732 -2.445668
v -2.547413 2.876635 -2.445668
v -2.582066 2.855178 -2.445668
v -2.582066 2.855178 -0.688856
v -2.547413 2.876635 -0.688856
v -2.312047 2.876635 -0.688856
v -2.277393 2.855178 -0.688856
v -2.277393 2.855178 -2.445668
v -2.312047 2.876635 -2.445668
v -2.495157 2.885420 -0.688856
v -2.505062 2.885463 -0.699361
v -2.505062 2.885463 -2.435163
v -2.495157 2.885420 -2.445668
v -2.354397 2.885463 -0.699361
v -2.364302 2.885420 -0.688856
v -2.364302 2.885420 -2.445668
v -2.354397 2.885463 -2.435163
v -2.506170 2.849052 -0.761265
v -2.481265 2.824147 -0.761265
v -2.490796 2.826042 -0.761265
v -2.481265 2.885306 -0.761265
v -2.490796 2.883410 -0.761265
v -2.498876 2.878012 -0.761265
v -2.504275 2.869932 -0.761265
v -2.353289 2.849052 -0.761265
v -2.368663 2.826042 -0.761265
v -2.378194 2.885306 -0.761265
v -2.355185 2.869932 -0.761265
v -2.360583 2.878012 -0.761265
v -2.368663 2.883410 -0.761265
v -2.506170 2.849052 -2.373260
v -2.490796 2.826042 -2.373260
v -2.506170 2.860401 -2.373260
v -2.490796 2.883410 -2.373260
v -2.498876 2.878012 -2.373260
v -2.353289 2.849052 -2.373260
v -2.353289 2.860401 -2.373260
v -2.378194 2.885306 -2.373260
v -2.355185 2.869932 -2.373260
v -2.360583 2.878012 -2.373260
v 1.858943 3.580623 -2.445668
v 1.858943 3.580623 -0.688856
v 2.342065 3.580623 -2.445668
v 2.342065 3.580623 -0.688856
v 1.941513 3.663917 -0.688856
v 1.978852 3.686931 -0.688856
v 1.941513 3.663917 -2.445668
v 1.978852 3.686931 -2.445668
v 2.259495 3.663917 -0.688856
v 2.222155 3.686931 -0.688856
v 2.259495 3.663917 -2.445668
v 2.222155 3.686931 -2.445668
v 2.140939 3.678410 -2.372263
v 2.140939 3.678410 -0.762261
v 2.150147 3.676578 -2.372263
v 2.150147 3.676578 -0.762261
v 2.157954 3.671361 -2.372263
v 2.157954 3.671361 -0.762261
v 2.163171 3.663554 -2.372263
v 2.163171 3.663555 -0.762261
v 2.165003 3.654346 -2.372263
v 2.165003 3.654346 -0.762261
v 2.163171 3.645137 -2.372263
v 2.163171 3.645137 -0.762261
v 2.157954 3.637330 -2.372263
v 2.157954 3.637330 -0.762261
v 2.150147 3.632113 -2.372263
v 2.150147 3.632113 -0.762261
v 2.140939 3.630281 -2.372263
v 2.140939 3.630281 -0.762261
v 2.131730 3.632113 -2.372263
v 2.131730 3.632113 -0.762261
v 2.123923 3.637330 -2.372263
v 2.123923 3.637330 -0.762261
v 2.118707 3.645137 -2.372263
v 2.118707 3.645137 -0.762261
v 2.116875 3.654346 -2.372263
v 2.116875 3.654346 -0.762261
v 2.118707 3.663554 -2.372263
v 2.118707 3.663555 -0.762261
v 2.123923 3.671361 -2.372263
v 2.123923 3.671361 -0.762261
v 2.131730 3.676578 -2.372263
v 2.131730 3.676578 -0.762261
v 2.051215 3.676578 -0.762261
v 2.051215 3.676578 -2.372263
v 2.043407 3.671361 -0.762261
v 2.043407 3.671361 -2.372263
v 2.038191 3.663555 -0.762261
v 2.038191 3.663554 -2.372263
v 2.036360 3.654346 -0.762261
v 2.036360 3.654346 -2.372263
v 2.038191 3.645137 -0.762261
v 2.038191 3.645137 -2.372263
v 2.043407 3.637330 -0.762261
v 2.043407 3.637330 -2.372263
v 2.051215 3.632113 -0.762261
v 2.051215 3.632113 -2.372263
v 2.060424 3.630281 -0.762261
v 2.060424 3.630281 -2.372263
v 2.069632 3.632113 -0.762261
v 2.069632 3.632113 -2.372263
v 2.077439 3.637330 -0.762261
v 2.077439 3.637330 -2.372263
v 2.082656 3.645137 -0.762261
v 2.082656 3.645137 -2.372263
v 2.084488 3.654346 -0.762261
v 2.084488 3.654346 -2.372263
v 2.082656 3.663555 -0.762261
v 2.082656 3.663554 -2.372263
v 2.077439 3.671361 -0.762261
v 2.077439 3.671361 -2.372263
v 2.069632 3.676578 -0.762261
v 2.069632 3.676578 -2.372263
v 2.060424 3.678410 -0.762261
v 2.060424 3.678410 -2.372263
v 2.024063 3.649409 -0.707861
v 2.048968 3.624504 -0.707861
v 2.025959 3.639879 -0.707861
v 2.031358 3.631799 -0.707861
v 2.039437 3.626400 -0.707861
v 2.048968 3.685664 -0.707861
v 2.024063 3.660759 -0.707861
v 2.039437 3.683768 -0.707861
v 2.031358 3.678370 -0.707861
v 2.025959 3.670290 -0.707861
v 2.031358 3.631799 -0.761265
v 2.025959 3.639879 -0.761265
v 2.024063 3.660759 -0.761265
v 2.152039 3.624504 -0.707861
v 2.176945 3.649409 -0.707861
v 2.161570 3.626400 -0.707861
v 2.169650 3.631799 -0.707861
v 2.175049 3.639879 -0.707861
v 2.176945 3.660759 -0.707861
v 2.152039 3.685664 -0.707861
v 2.175049 3.670290 -0.707861
v 2.169650 3.678370 -0.707861
v 2.161570 3.683768 -0.707861
v 2.152039 3.624504 -0.761265
v 2.175049 3.639879 -0.761265
v 2.169650 3.631799 -0.761265
v 2.176945 3.660759 -0.761265
v 2.024063 3.649409 -2.426663
v 2.048968 3.624504 -2.426663
v 2.025959 3.639879 -2.426663
v 2.031358 3.631799 -2.426663
v 2.039437 3.626400 -2.426663
v 2.048968 3.685664 -2.426663
v 2.024063 3.660759 -2.426663
v 2.039437 3.683768 -2.426663
v 2.031358 3.678370 -2.426663
v 2.025959 3.670290 -2.426663
v 2.048968 3.624504 -2.373259
v 2.031358 3.631799 -2.373259
v 2.025959 3.639879 -2.373259
v 2.048968 3.685664 -2.373259
v 2.025959 3.670290 -2.373259
v 2.152039 3.624504 -2.426663
v 2.176945 3.649409 -2.426663
v 2.161570 3.626400 -2.426663
v 2.169650 3.631799 -2.426663
v 2.175049 3.639879 -2.426663
v 2.176945 3.660759 -2.426663
v 2.152039 3.685664 -2.426663
v 2.175049 3.670290 -2.426663
v 2.169650 3.678370 -2.426663
v 2.161570 3.683768 -2.426663
v 2.152039 3.624504 -2.373259
v 2.175049 3.639879 -2.373259
v 2.169650 3.631799 -2.373259
v 2.161570 3.626400 -2.373259
v 2.161570 3.683768 -2.373259
v 2.034514 3.696464 -0.688856
v 2.024063 3.696464 -0.699361
v 2.046557 3.779492 -0.703614
v 2.047930 3.789678 -0.715771
v 2.036098 3.779439 -0.714110
v 2.024063 3.696464 -2.435163
v 2.034514 3.696464 -2.445668
v 2.047930 3.789678 -2.418753
v 2.046557 3.779492 -2.430910
v 2.036098 3.779439 -2.420414
v 2.176945 3.696464 -0.699361
v 2.166494 3.696464 -0.688856
v 2.153078 3.789678 -0.715771
v 2.154450 3.779492 -0.703614
v 2.164909 3.779439 -0.714110
v 2.166494 3.696464 -2.445668
v 2.176945 3.696464 -2.435163
v 2.153078 3.789678 -2.418753
v 2.164909 3.779439 -2.420414
v 2.154450 3.779492 -2.430910
v 1.866543 3.573089 -2.445668
v 1.866543 3.573089 -0.688856
v 2.334465 3.573089 -0.688856
v 2.334465 3.573089 -2.445668
v 1.982821 3.676993 -2.445668
v 1.948167 3.655536 -2.445668
v 1.948167 3.655536 -0.688856
v 1.982821 3.676993 -0.688856
v 2.218186 3.676993 -0.688856
v 2.252841 3.655536 -0.688856
v 2.252841 3.655536 -2.445668
v 2.218186 3.676993 -2.445668
v 2.035077 3.685777 -0.688856
v 2.025171 3.685820 -0.699361
v 2.025171 3.685820 -2.435163
v 2.035077 3.685777 -2.445668
v 2.175836 3.685820 -0.699361
v 2.165931 3.685777 -0.688856
v 2.165931 3.685777 -2.445668
v 2.175836 3.685820 -2.435163
v 2.024063 3.649409 -0.761265
v 2.048968 3.624504 -0.761265
v 2.039437 3.626400 -0.761265
v 2.048968 3.685664 -0.761265
v 2.039437 3.683768 -0.761265
v 2.031358 3.678370 -0.761265
v 2.025959 3.670290 -0.761265
v 2.176945 3.649409 -0.761265
v 2.161570 3.626400 -0.761265
v 2.152039 3.685664 -0.761265
v 2.175049 3.670290 -0.761265
v 2.169650 3.678370 -0.761265
v 2.161570 3.683768 -0.761265
v 2.024063 3.649409 -2.373260
v 2.039437 3.626400 -2.373260
v 2.024063 3.660759 -2.373260
v 2.039437 3.683768 -2.373260
v 2.031358 3.678370 -2.373260
v 2.176945 3.649409 -2.373260
v 2.176945 3.660759 -2.373260
v 2.152039 3.685664 -2.373260
v 2.175049 3.670290 -2.373260
v 2.169650 3.678370 -2.373260
v 1.858943 3.580623 0.823944
v 1.858943 3.580623 2.580755
v 2.342065 3.580623 0.823944
v 2.342065 3.580623 2.580755
v 1.941513 3.663917 2.580755
v 1.978852 3.686931 2.580755
v 1.941513 3.663917 0.823944
v 1.978852 3.686931 0.823944
v 2.259495 3.663917 2.580755
v 2.222155 3.686931 2.580755
v 2.259495 3.663917 0.823944
v 2.222155 3.686931 0.823944
v 2.140939 3.678410 0.897348
v 2.140939 3.678410 2.507351
v 2.150147 3.676578 0.897348
v 2.150147 3.676578 2.507351
v 2.157954 3.671361 0.897348
v 2.157954 3.671361 2.507351
v 2.163171 3.663554 0.897348
v 2.163171 3.663555 2.507351
v 2.165003 3.654346 0.897348
v 2.165003 3.654346 2.507351
v 2.163171 3.645137 0.897348
v 2.163171 3.645137 2.507351
v 2.157954 3.637330 0.897348
v 2.157954 3.637330 2.507351
v 2.150147 3.632113 0.897348
v 2.150147 3.632113 2.507351
v 2.140939 3.630281 0.897348
v 2.140939 3.630281 2.507351
v 2.131730 3.632113 0.897348
v 2.131730 3.632113 2.507351
v 2.123923 3.637330 0.897348
v 2.123923 3.637330 2.507351
v 2.118707 3.645137 0.897348
v 2.118707 3.645137 2.507351
v 2.116875 3.654346 0.897348
v 2.116875 3.654346 2.507351
v 2.118707 3.663554 0.897348
v 2.118707 3.663555 2.507351
v 2.123923 3.671361 0.897348
v 2.123923 3.671361 2.507351
v 2.131730 3.676578 0.897348
v 2.131730 3.676578 2.507351
v 2.051215 3.676578 2.507351
v 2.051215 3.676578 0.897348
v 2.043407 3.671361 2.507351
v 2.043407 3.671361 0.897348
v 2.038191 3.663555 2.507351
v 2.038191 3.663554 0.897348
v 2.036360 3.654346 2.507351
v 2.036360 3.654346 0.897348
v 2.038191 3.645137 2.507351
v 2.038191 3.645137 0.897348
v 2.043407 3.637330 2.507351
v 2.043407 3.637330 0.897348
v 2.051215 3.632113 2.507351
v 2.051215 3.632113 0.897348
v 2.060424 3.630281 2.507351
v 2.060424 3.630281 0.897348
v 2.069632 3.632113 2.507351
v 2.069632 3.632113 0.897348
v 2.077439 3.637330 2.507351
v 2.077439 3.637330 0.897348
v 2.082656 3.645137 2.507351
v 2.082656 3.645137 0.897348
v 2.084488 3.654346 2.507351
v 2.084488 3.654346 0.897348
v 2.082656 3.663555 2.507351
v 2.082656 3.663554 0.897348
v 2.077439 3.671361 2.507351
v 2.077439 3.671361 0.897348
v 2.069632 3.676578 2.507351
v 2.069632 3.676578 0.897348
v 2.060424 3.678410 2.507351
v 2.060424 3.678410 0.897348
v 2.024063 3.649409 2.561750
v 2.048968 3.624504 2.561750
v 2.025959 3.639879 2.561750
v 2.031358 3.631799 2.561750
v 2.039437 3.626400 2.561750
v 2.048968 3.685664 2.561750
v 2.024063 3.660759 2.561750
v 2.039437 3.683768 2.561750
v 2.031358 3.678370 2.561750
v 2.025959 3.670290 2.561750
v 2.031358 3.631799 2.508347
v 2.025959 3.639879 2.508347
v 2.024063 3.660759 2.508347
v 2.152039 3.624504 2.561750
v 2.176945 3.649409 2.561750
v 2.161570 3.626400 2.561750
v 2.169650 3.631799 2.561750
v 2.175049 3.639879 2.561750
v 2.176945 3.660759 2.561750
v 2.152039 3.685664 2.561750
v 2.175049 3.670290 2.561750
v 2.169650 3.678370 2.561750
v 2.161570 3.683768 2.561750
v 2.152039 3.624504 2.508347
v 2.175049 3.639879 2.508347
v 2.169650 3.631799 2.508347
v 2.176945 3.660759 2.508347
v 2.024063 3.649409 0.842949
v 2.048968 3.624504 0.842949
v 2.025959 3.639879 0.842949
v 2.031358 3.631799 0.842949
v 2.039437 3.626400 0.842949
v 2.048968 3.685664 0.842949
v 2.024063 3.660759 0.842949
v 2.039437 3.683768 0.842949
v 2.031358 3.678370 0.842949
v 2.025959 3.670290 0.842949
v 2.048968 3.624504 0.896352
v 2.031358 3.631799 0.896352
v 2.025959 3.639879 0.896352
v 2.048968 3.685664 0.896352
v 2.025959 3.670290 0.896352
v 2.152039 3.624504 0.842949
v 2.176945 3.649409 0.842949
v 2.161570 3.626400 0.842949
v 2.169650 3.631799 0.842949
v 2.175049 3.639879 0.842949
v 2.176945 3.660759 0.842949
v 2.152039 3.685664 0.842949
v 2.175049 3.670290 0.842949
v 2.169650 3.678370 0.842949
v 2.161570 3.683768 0.842949
v 2.152039 3.624504 0.896352
v 2.175049 3.639879 0.896352
v 2.169650 3.631799 0.896352
v 2.161570 3.626400 0.896352
v 2.161570 3.683768 0.896352
v 2.034514 3.696464 2.580755
v 2.024063 3.696464 2.570250
v 2.046557 3.779492 2.565997
v 2.047930 3.789678 2.553841
v 2.036098 3.779439 2.555501
v 2.024063 3.696464 0.834449
v 2.034514 3.696464 0.823944
v 2.047930 3.789678 0.850858
v 2.046557 3.779492 0.838702
v 2.036098 3.779439 0.849198
v 2.176945 3.696464 2.570250
v 2.166494 3.696464 2.580755
v 2.153078 3.789678 2.553841
v 2.154450 3.779492 2.565997
v 2.164909 3.779439 2.555501
v 2.166494 3.696464 0.823944
v 2.176945 3.696464 0.834449
v 2.153078 3.789678 0.850858
v 2.164909 3.779439 0.849198
v 2.154450 3.779492 0.838702
v 1.866543 3.573089 0.823944
v 1.866543 3.573089 2.580755
v 2.334465 3.573089 2.580755
v 2.334465 3.573089 0.823944
v 1.982821 3.676993 0.823944
v 1.948167 3.655536 0.823944
v 1.948167 3.655536 2.580755
v 1.982821 3.676993 2.580755
v 2.218186 3.676993 2.580755
v 2.252841 3.655536 2.580755
v 2.252841 3.655536 0.823944
v 2.218186 3.676993 0.823944
v 2.035077 3.685777 2.580755
v 2.025171 3.685820 2.570250
v 2.025171 3.685820 0.834449
v 2.035077 3.685777 0.823944
v 2.175836 3.685820 2.570250
v 2.165931 3.685777 2.580755
v 2.165931 3.685777 0.823944
v 2.175836 3.685820 0.834449
v 2.024063 3.649409 2.508347
v 2.048968 3.624504 2.508347
v 2.039437 3.626400 2.508347
v 2.048968 3.685664 2.508347
v 2.039437 3.683768 2.508347
v 2.031358 3.678370 2.508347
v 2.025959 3.670290 2.508347
v 2.176945 3.649409 2.508347
v 2.161570 3.626400 2.508347
v 2.152039 3.685664 2.508347
v 2.175049 3.670290 2.508347
v 2.169650 3.678370 2.508347
v 2.161570 3.683768 2.508347
v 2.024063 3.649409 0.896352
v 2.039437 3.626400 0.896352
v 2.024063 3.660759 0.896352
v 2.039437 3.683768 0.896352
v 2.031358 3.678370 0.896352
v 2.176945 3.649409 0.896352
v 2.176945 3.660759 0.896352
v 2.152039 3.685664 0.896352
v 2.175049 3.670290 0.896352
v 2.169650 3.678370 0.896352
v -2.425345 3.169820 -2.219451
v -2.418209 3.171732 -2.208395
v -2.420715 3.171061 -2.195353
v -2.431394 3.168199 -2.187965
v -2.443992 3.164824 -2.190560
v -2.451128 3.162911 -2.201616
v -2.448622 3.163583 -2.214658
v -2.437942 3.166444 -2.222045
v -2.431394 3.168199 -0.922221
v -2.420715 3.171061 -0.914833
v -2.418209 3.171732 -0.901791
v -2.425345 3.169820 -0.890735
v -2.437942 3.166444 -0.888141
v -2.448622 3.163583 -0.895528
v -2.451128 3.162911 -0.908570
v -2.443992 3.164824 -0.919627
v -2.440982 3.207828 -2.219451
v -2.434585 3.211521 -2.208395
v -2.436832 3.210224 -2.195353
v -2.446406 3.204696 -2.187965
v -2.457701 3.198175 -2.190560
v -2.464099 3.194481 -2.201616
v -2.461852 3.195778 -2.214658
v -2.452277 3.201307 -2.222045
v -2.446406 3.204696 -0.922221
v -2.436832 3.210224 -0.914833
v -2.434585 3.211521 -0.901791
v -2.440982 3.207828 -0.890735
v -2.452277 3.201307 -0.888141
v -2.461852 3.195778 -0.895528
v -2.464099 3.194481 -0.908570
v -2.457701 3.198175 -0.919627
v -2.465924 3.240493 -2.219451
v -2.460701 3.245717 -2.208395
v -2.462535 3.243882 -2.195353
v -2.470353 3.236064 -2.187965
v -2.479575 3.226842 -2.190560
v -2.484799 3.221619 -2.201616
v -2.482965 3.223453 -2.214658
v -2.475146 3.231271 -2.222045
v -2.470353 3.236064 -0.922221
v -2.462535 3.243882 -0.914833
v -2.460701 3.245717 -0.901791
v -2.465924 3.240493 -0.890735
v -2.475146 3.231271 -0.888141
v -2.482965 3.223453 -0.895528
v -2.484799 3.221619 -0.908570
v -2.479575 3.226842 -0.919627
v -2.498471 3.265589 -2.219451
v -2.494777 3.271987 -2.208395
v -2.496074 3.269741 -2.195353
v -2.501602 3.260166 -2.187965
v -2.508124 3.248871 -2.190560
v -2.511817 3.242473 -2.201616
v -2.510520 3.244720 -2.214658
v -2.504992 3.254295 -2.222045
v -2.501602 3.260166 -0.922221
v -2.496074 3.269741 -0.914833
v -2.494777 3.271987 -0.901791
v -2.498471 3.265589 -0.890735
v -2.504992 3.254295 -0.888141
v -2.510520 3.244720 -0.895528
v -2.511817 3.242473 -0.908570
v -2.508124 3.248871 -0.919627
v -2.536404 3.281408 -2.219451
v -2.534492 3.288543 -2.208395
v -2.535164 3.286038 -2.195353
v -2.538025 3.275358 -2.187965
v -2.541401 3.262761 -2.190560
v -2.543313 3.255625 -2.201616
v -2.542641 3.258131 -2.214658
v -2.539779 3.268810 -2.222045
v -2.538025 3.275358 -0.922221
v -2.535164 3.286038 -0.914833
v -2.534492 3.288543 -0.901791
v -2.536404 3.281408 -0.890735
v -2.539779 3.268810 -0.888141
v -2.542641 3.258131 -0.895528
v -2.543313 3.255625 -0.908570
v -2.541401 3.262761 -0.919627
v -2.577139 3.286869 -2.219451
v -2.577139 3.294256 -2.208395
v -2.577139 3.291662 -2.195353
v -2.577139 3.280606 -2.187965
v -2.577139 3.267564 -2.190560
v -2.577139 3.260177 -2.201616
v -2.577139 3.262771 -2.214658
v -2.577139 3.273827 -2.222045
v -2.577139 3.280606 -0.922221
v -2.577139 3.291662 -0.914833
v -2.577139 3.294256 -0.901791
v -2.577139 3.286869 -0.890735
v -2.577139 3.273827 -0.888141
v -2.577139 3.262771 -0.895528
v -2.577139 3.260177 -0.908570
v -2.577139 3.267564 -0.919627
v -2.912172 3.286869 -2.219451
v -2.912172 3.294256 -2.208395
v -2.912172 3.291662 -2.195353
v -2.912172 3.280606 -2.187965
v -2.912172 3.267564 -2.190560
v -2.912172 3.260177 -2.201616
v -2.912172 3.262771 -2.214658
v -2.912172 3.273827 -2.222045
v -2.912172 3.280606 -0.922221
v -2.912172 3.291662 -0.914833
v -2.912172 3.294256 -0.901791
v -2.912172 3.286869 -0.890735
v -2.912172 3.273827 -0.888141
v -2.912172 3.262771 -0.895528
v -2.912172 3.260177 -0.908570
v -2.912172 3.267564 -0.919627
v -2.671291 2.780266 0.723421
v -2.671291 2.780266 2.480231
v -2.188168 2.780266 0.723421
v -2.188168 2.780266 2.480231
v -2.588720 2.863559 2.480231
v -2.551381 2.886573 2.480231
v -2.588720 2.863559 0.723421
v -2.551381 2.886573 0.723421
v -2.270739 2.863559 2.480231
v -2.308078 2.886573 2.480231
v -2.270739 2.863559 0.723421
v -2.308078 2.886573 0.723421
v -2.389295 2.878052 0.796825
v -2.389295 2.878052 2.406827
v -2.380086 2.876220 0.796825
v -2.380086 2.876220 2.406827
v -2.372279 2.871004 0.796825
v -2.372279 2.871004 2.406827
v -2.367062 2.863197 0.796825
v -2.367062 2.863197 2.406827
v -2.365231 2.853988 0.796825
v -2.365231 2.853988 2.406827
v -2.367062 2.844779 0.796825
v -2.367062 2.844779 2.406827
v -2.372279 2.836972 0.796825
v -2.372279 2.836972 2.406827
v -2.380086 2.831755 0.796825
v -2.380086 2.831756 2.406827
v -2.389295 2.829924 0.796825
v -2.389295 2.829924 2.406827
v -2.398504 2.831755 0.796825
v -2.398504 2.831756 2.406827
v -2.406311 2.836972 0.796825
v -2.406311 2.836972 2.406827
v -2.411527 2.844779 0.796825
v -2.411527 2.844779 2.406827
v -2.413359 2.853988 0.796825
v -2.413359 2.853988 2.406827
v -2.411527 2.863197 0.796825
v -2.411527 2.863197 2.406827
v -2.406311 2.871004 0.796825
v -2.406311 2.871004 2.406827
v -2.398504 2.876220 0.796825
v -2.398504 2.876220 2.406827
v -2.479019 2.876220 2.406827
v -2.479019 2.876220 0.796825
v -2.486826 2.871004 2.406827
v -2.486826 2.871004 0.796825
v -2.492042 2.863197 2.406827
v -2.492042 2.863197 0.796825
v -2.493874 2.853988 2.406827
v -2.493874 2.853988 0.796825
v -2.492042 2.844779 2.406827
v -2.492042 2.844779 0.796825
v -2.486826 2.836972 2.406827
v -2.486826 2.836972 0.796825
v -2.479019 2.831756 2.406827
v -2.479019 2.831755 0.796825
v -2.469810 2.829924 2.406827
v -2.469810 2.829924 0.796825
v -2.460601 2.831756 2.406827
v -2.460601 2.831755 0.796825
v -2.452794 2.836972 2.406827
v -2.452794 2.836972 0.796825
v -2.447578 2.844779 2.406827
v -2.447578 2.844779 0.796825
v -2.445746 2.853988 2.406827
v -2.445746 2.853988 0.796825
v -2.447578 2.863197 2.406827
v -2.447578 2.863197 0.796825
v -2.452794 2.871004 2.406827
v -2.452794 2.871004 0.796825
v -2.460601 2.876220 2.406827
v -2.460601 2.876220 0.796825
v -2.469810 2.878052 2.406827
v -2.469810 2.878052 0.796825
v -2.506170 2.849052 2.461227
v -2.481265 2.824147 2.461227
v -2.504275 2.839521 2.461227
v -2.498876 2.831441 2.461227
v -2.490796 2.826042 2.461227
v -2.481265 2.885306 2.461227
v -2.506170 2.860401 2.461227
v -2.490796 2.883410 2.461227
v -2.498876 2.878012 2.461227
v -2.504275 2.869932 2.461227
v -2.498876 2.831441 2.407823
v -2.504275 2.839521 2.407823
v -2.506170 2.860401 2.407823
v -2.378194 2.824147 2.461227
v -2.353289 2.849052 2.461227
v -2.368663 2.826042 2.461227
v -2.360583 2.831441 2.461227
v -2.355185 2.839521 2.461227
v -2.353289 2.860401 2.461227
v -2.378194 2.885306 2.461227
v -2.355185 2.869932 2.461227
v -2.360583 2.878012 2.461227
v -2.368663 2.883410 2.461227
v -2.378194 2.824147 2.407823
v -2.355185 2.839521 2.407823
v -2.360583 2.831441 2.407823
v -2.353289 2.860401 2.407823
v -2.506170 2.849052 0.742425
v -2.481265 2.824147 0.742425
v -2.504275 2.839521 0.742425
v -2.498876 2.831441 0.742425
v -2.490796 2.826042 0.742425
v -2.481265 2.885306 0.742425
v -2.506170 2.860401 0.742425
v -2.490796 2.883410 0.742425
v -2.498876 2.878012 0.742425
v -2.504275 2.869932 0.742425
v -2.481265 2.824147 0.795829
v -2.498876 2.831441 0.795829
v -2.504275 2.839521 0.795829
v -2.481265 2.885306 0.795829
v -2.504275 2.869932 0.795829
v -2.378194 2.824147 0.742425
v -2.353289 2.849052 0.742425
v -2.368663 2.826042 0.742425
v -2.360583 2.831441 0.742425
v -2.355185 2.839521 0.742425
v -2.353289 2.860401 0.742425
v -2.378194 2.885306 0.742425
v -2.355185 2.869932 0.742425
v -2.360583 2.878012 0.742425
v -2.368663 2.883410 0.742425
v -2.378194 2.824147 0.795829
v -2.355185 2.839521 0.795829
v -2.360583 2.831441 0.795829
v -2.368663 2.826042 0.795829
v -2.368663 2.883410 0.795829
v -2.420077 2.985526 0.949637
v -2.420077 3.129060 0.949637
v -2.412690 2.985526 0.960693
v -2.412690 3.129060 0.960693
v -2.415284 2.985526 0.973735
v -2.415284 3.129060 0.973735
v -2.426340 2.985526 0.981123
v -2.426340 3.129060 0.981123
v -2.439382 2.985526 0.978529
v -2.439382 3.129060 0.978529
v -2.446769 2.985526 0.967472
v -2.446769 3.129060 0.967472
v -2.444175 2.985526 0.954430
v -2.444175 3.129060 0.954430
v -2.433119 2.985526 0.947043
v -2.433119 3.129060 0.947043
v -2.426340 2.988423 2.246868
v -2.426340 3.129060 2.246868
v -2.415284 2.988423 2.254255
v -2.415284 3.129060 2.254255
v -2.412690 2.988423 2.267297
v -2.412690 3.129060 2.267297
v -2.420077 2.988423 2.278353
v -2.420077 3.129060 2.278353
v -2.433119 2.988423 2.280947
v -2.433119 3.129060 2.280947
v -2.444175 2.988423 2.273560
v -2.444175 3.129060 2.273560
v -2.446769 2.988423 2.260518
v -2.446769 3.129060 2.260518
v -2.439382 3.129060 2.249462
v -2.439382 2.988423 2.249462
v -2.495720 2.896106 2.480231
v -2.506170 2.896106 2.469727
v -2.483677 2.979134 2.465473
v -2.482304 2.989321 2.453317
v -2.494135 2.979082 2.454978
v -2.506170 2.896106 0.733925
v -2.495720 2.896106 0.723421
v -2.482304 2.989321 0.750335
v -2.483677 2.979134 0.738178
v -2.494135 2.979082 0.748674
v -2.353289 2.896106 2.469727
v -2.363740 2.896106 2.480231
v -2.377155 2.989321 2.453317
v -2.375783 2.979134 2.465474
v -2.365324 2.979082 2.454978
v -2.363740 2.896106 0.723421
v -2.353289 2.896106 0.733925
v -2.377155 2.989321 0.750335
v -2.365324 2.979082 0.748674
v -2.375783 2.979134 0.738178
v -2.663691 2.772732 0.723421
v -2.663691 2.772732 2.480231
v -2.195768 2.772732 2.480231
v -2.195768 2.772732 0.723421
v -2.547413 2.876635 0.723421
v -2.582066 2.855178 0.723421
v -2.582066 2.855178 2.480231
v -2.547413 2.876635 2.480231
v -2.312047 2.876635 2.480231
v -2.277393 2.855178 2.480231
v -2.277393 2.855178 0.723421
v -2.312047 2.876635 0.723421
v -2.495157 2.885420 2.480231
v -2.505062 2.885463 2.469727
v -2.505062 2.885463 0.733925
v -2.495157 2.885420 0.723421
v -2.354397 2.885463 2.469727
v -2.364302 2.885420 2.480231
v -2.364302 2.885420 0.723421
v -2.354397 2.885463 0.733925
v -2.506170 2.849052 2.407823
v -2.481265 2.824147 2.407823
v -2.490796 2.826042 2.407823
v -2.481265 2.885306 2.407823
v -2.490796 2.883410 2.407823
v -2.498876 2.878012 2.407823
v -2.504275 2.869932 2.407823
v -2.353289 2.849052 2.407823
v -2.368663 2.826042 2.407823
v -2.378194 2.885306 2.407823
v -2.355185 2.869932 2.407823
v -2.360583 2.878012 2.407823
v -2.368663 2.883410 2.407823
v -2.506170 2.849052 0.795829
v -2.490796 2.826042 0.795829
v -2.506170 2.860401 0.795829
v -2.490796 2.883410 0.795829
v -2.498876 2.878012 0.795829
v -2.353289 2.849052 0.795829
v -2.353289 2.860401 0.795829
v -2.378194 2.885306 0.795829
v -2.355185 2.869932 0.795829
v -2.360583 2.878012 0.795829
v -2.425345 3.169820 0.949637
v -2.418209 3.171732 0.960693
v -2.420715 3.171061 0.973735
v -2.431394 3.168199 0.981123
v -2.443992 3.164824 0.978529
v -2.451128 3.162911 0.967472
v -2.448622 3.163583 0.954430
v -2.437942 3.166444 0.947043
v -2.431394 3.168199 2.246868
v -2.420715 3.171061 2.254255
v -2.418209 3.171732 2.267297
v -2.425345 3.169820 2.278353
v -2.437942 3.166444 2.280947
v -2.448622 3.163583 2.273560
v -2.451128 3.162911 2.260518
v -2.443992 3.164824 2.249462
v -2.440982 3.207828 0.949637
v -2.434585 3.211521 0.960693
v -2.436832 3.210224 0.973735
v -2.446406 3.204696 0.981123
v -2.457701 3.198175 0.978529
v -2.464099 3.194481 0.967472
v -2.461852 3.195778 0.954430
v -2.452277 3.201307 0.947043
v -2.446406 3.204696 2.246868
v -2.436832 3.210224 2.254255
v -2.434585 3.211521 2.267297
v -2.440982 3.207828 2.278353
v -2.452277 3.201307 2.280947
v -2.461852 3.195778 2.273560
v -2.464099 3.194481 2.260518
v -2.457701 3.198175 2.249462
v -2.465924 3.240493 0.949637
v -2.460701 3.245717 0.960693
v -2.462535 3.243882 0.973735
v -2.470353 3.236064 0.981123
v -2.479575 3.226842 0.978529
v -2.484799 3.221619 0.967472
v -2.482965 3.223453 0.954430
v -2.475146 3.231271 0.947043
v -2.470353 3.236064 2.246868
v -2.462535 3.243882 2.254255
v -2.460701 3.245717 2.267297
v -2.465924 3.240493 2.278353
v -2.475146 3.231271 2.280947
v -2.482965 3.223453 2.273560
v -2.484799 3.221619 2.260518
v -2.479575 3.226842 2.249462
v -2.498471 3.265589 0.949637
v -2.494777 3.271987 0.960693
v -2.496074 3.269741 0.973735
v -2.501602 3.260166 0.981123
v -2.508124 3.248871 0.978529
v -2.511817 3.242473 0.967472
v -2.510520 3.244720 0.954430
v -2.504992 3.254295 0.947043
v -2.501602 3.260166 2.246868
v -2.496074 3.269741 2.254255
v -2.494777 3.271987 2.267297
v -2.498471 3.265589 2.278353
v -2.504992 3.254295 2.280947
v -2.510520 3.244720 2.273560
v -2.511817 3.242473 2.260518
v -2.508124 3.248871 2.249462
v -2.536404 3.281408 0.949637
v -2.534492 3.288543 0.960693
v -2.535164 3.286038 0.973735
v -2.538025 3.275358 0.981123
v -2.541401 3.262761 0.978529
v -2.543313 3.255625 0.967472
v -2.542641 3.258131 0.954430
v -2.539779 3.268810 0.947043
v -2.538025 3.275358 2.246868
v -2.535164 3.286038 2.254255
v -2.534492 3.288543 2.267297
v -2.536404 3.281408 2.278353
v -2.539779 3.268810 2.280947
v -2.542641 3.258131 2.273560
v -2.543313 3.255625 2.260518
v -2.541401 3.262761 2.249462
v -2.577139 3.286869 0.949637
v -2.577139 3.294256 0.960693
v -2.577139 3.291662 0.973735
v -2.577139 3.280606 0.981123
v -2.577139 3.267564 0.978529
v -2.577139 3.260177 0.967472
v -2.577139 3.262771 0.954430
v -2.577139 3.273827 0.947043
v -2.577139 3.280606 2.246868
v -2.577139 3.291662 2.254255
v -2.577139 3.294256 2.267297
v -2.577139 3.286869 2.278353
v -2.577139 3.273827 2.280947
v -2.577139 3.262771 2.273560
v -2.577139 3.260177 2.260518
v -2.577139 3.267564 2.249462
v -2.912172 3.286869 0.949637
v -2.912172 3.294256 0.960693
v -2.912172 3.291662 0.973735
v -2.912172 3.280606 0.981123
v -2.912172 3.267564 0.978529
v -2.912172 3.260177 0.967472
v -2.912172 3.262771 0.954430
v -2.912172 3.273827 0.947043
v -2.912172 3.280606 2.246868
v -2.912172 3.291662 2.254255
v -2.912172 3.294256 2.267297
v -2.912172 3.286869 2.278353
v -2.912172 3.273827 2.280947
v -2.912172 3.262771 2.273560
v -2.912172 3.260177 2.260518
v -2.912172 3.267564 2.249462
vn -0.0000 1.0000 -0.0000
vn 0.3827 0.9239 -0.0000
vn 0.7071 0.7071 -0.0000
vn 0.9239 0.3826 -0.0000
vn 0.9239 0.3827 -0.0000
vn 1.0000 -0.0000 -0.0000
vn 0.9239 -0.3827 -0.0000
vn 0.9239 -0.3826 -0.0000
vn 0.7071 -0.7071 -0.0000
vn 0.3826 -0.9239 -0.0000
vn 0.3827 -0.9239 -0.0000
vn -0.0000 -1.0000 -0.0000
vn -0.3826 -0.9239 -0.0000
vn -0.3827 -0.9239 -0.0000
vn -0.7071 -0.7071 -0.0000
vn -0.9239 -0.3827 -0.0000
vn -1.0000 -0.0000 -0.0000
vn -0.9239 0.3827 -0.0000
vn -0.7071 0.7071 -0.0000
vn -0.3827 0.9239 -0.0000
vn 0.7072 -0.7070 -0.0000
vn 0.5247 0.8513 -0.0000
vn -0.9239 0.3826 -0.0000
vn -0.9239 -0.3826 -0.0000
vn -0.0869 0.9962 -0.0058
vn 0.0869 0.9962 0.0058
vn 0.0871 0.9962 -0.0058
vn 0.0743 0.2739 0.9589
vn -0.0790 0.1856 0.9794
vn 0.0790 0.1856 0.9794
vn 0.9688 0.2478 -0.0056
vn 0.9895 0.1446 0.0061
vn 0.9895 0.1446 -0.0060
vn -0.0743 0.2738 -0.9589
vn 0.0517 0.1212 -0.9913
vn -0.0517 0.1212 -0.9913
vn -0.0000 -0.0000 1.0000
vn 0.9959 0.0904 -0.0000
vn 0.9959 -0.0904 -0.0000
vn -0.0168 0.9999 -0.0000
vn 0.0168 0.9999 -0.0000
vn -0.9959 0.0904 -0.0000
vn -0.9959 -0.0904 -0.0000
vn -0.0168 -0.9999 -0.0000
vn -0.3826 0.9239 -0.0000
vn -0.7071 0.7072 -0.0000
vn 0.0168 -0.9999 -0.0000
vn 0.3826 0.9239 -0.0000
vn -0.0000 -0.0000 -1.0000
vn -0.9959 -0.0905 -0.0000
vn -0.0169 -0.9999 -0.0000
vn 0.7072 -0.7071 -0.0000
vn -0.1916 -0.0048 -0.9815
vn 0.5556 -0.0000 -0.8315
vn -0.1951 -0.0000 -0.9808
vn 0.5580 0.0161 -0.8297
vn 0.9808 -0.0000 -0.1951
vn 0.9805 0.0288 -0.1943
vn 0.8315 -0.0000 0.5556
vn 0.8323 0.0242 0.5537
vn 0.1951 -0.0000 0.9808
vn 0.1986 0.0059 0.9801
vn -0.5556 -0.0000 0.8314
vn -0.5530 -0.0141 0.8331
vn -0.9808 -0.0000 0.1951
vn -0.9804 -0.0245 0.1957
vn -0.8315 -0.0000 -0.5556
vn -0.8302 -0.0209 -0.5571
vn 0.1986 0.0059 -0.9801
vn 0.8315 -0.0000 -0.5556
vn 0.1951 -0.0000 -0.9808
vn 0.8323 0.0246 -0.5537
vn 0.9808 -0.0000 0.1951
vn 0.9805 0.0292 0.1943
vn 0.5556 -0.0000 0.8315
vn 0.5580 0.0164 0.8297
vn -0.1951 -0.0000 0.9808
vn -0.1916 -0.0048 0.9815
vn -0.8315 -0.0000 0.5556
vn -0.8301 -0.0212 0.5571
vn -0.9808 -0.0000 -0.1951
vn -0.9803 -0.0249 -0.1957
vn -0.5556 -0.0000 -0.8314
vn -0.5530 -0.0143 -0.8331
vn -0.0743 0.2739 0.9589
vn -0.0870 0.9962 0.0058
vn -0.9688 0.2479 0.0055
vn -0.9688 0.2478 -0.0055
vn 0.9688 0.2479 0.0056
vn 0.0743 0.2740 -0.9589
vn -0.9895 0.1446 0.0061
vn -0.9895 0.1446 -0.0061
vn 0.0743 0.2740 0.9589
vn 0.9688 0.2478 -0.0055
vn 0.9895 0.1446 0.0060
vn 0.0743 0.2739 -0.9589
vn 0.9959 0.0905 -0.0000
vn 0.9959 -0.0905 -0.0000
vn -0.9959 0.0905 -0.0000
vn -0.0169 -0.9999 -0.0001
vn 0.0169 -0.9999 0.0001
vn 0.0169 -0.9999 -0.0000
vn 0.0169 0.9999 -0.0000
vn -0.0169 0.9999 0.0001
vn -0.0169 0.9999 -0.0000
vn -0.0744 0.2740 -0.9589
vn -0.9688 0.2479 -0.0056
vn -0.9895 0.1446 0.0060
vn -0.9895 0.1446 -0.0060
vn 0.0870 0.9962 -0.0058
vn 0.9688 0.2479 -0.0057
vn -0.0744 0.2739 0.9589
vn -0.0871 0.9962 0.0057
vn -0.0744 0.2739 -0.9589
vn -0.9688 0.2480 -0.0056
vn 0.9688 0.2479 0.0055
vn -0.9474 -0.2510 -0.1988
vn -0.5248 -0.1391 -0.8398
vn -0.9473 -0.2510 0.1989
vn 0.2042 0.0542 -0.9774
vn -0.5248 -0.1391 0.8398
vn 0.2042 0.0541 0.9774
vn -0.7981 -0.2115 -0.5642
vn -0.1721 -0.0456 0.9840
vn 0.5478 0.1454 0.8239
vn 0.5478 0.1454 -0.8239
vn 0.9485 0.2518 -0.1921
vn -0.7981 -0.2115 0.5642
vn 0.8083 0.2146 -0.5482
vn 0.9485 0.2518 0.1921
vn -0.1721 -0.0456 -0.9840
vn 0.8083 0.2146 0.5482
vn 0.1832 0.1052 -0.9774
vn 0.7253 0.4165 -0.5482
vn 0.7253 0.4165 0.5482
vn -0.1546 -0.0887 0.9840
vn 0.4916 0.2822 0.8238
vn -0.7162 -0.4108 0.5642
vn -0.7162 -0.4108 -0.5642
vn -0.1545 -0.0887 -0.9840
vn -0.8501 -0.4876 -0.1988
vn 0.4915 0.2822 -0.8239
vn -0.4709 -0.2702 -0.8398
vn 0.8510 0.4887 -0.1921
vn -0.8501 -0.4876 0.1988
vn 0.8510 0.4887 0.1921
vn 0.1832 0.1052 0.9774
vn -0.4709 -0.2702 0.8398
vn -0.3849 -0.3828 -0.8398
vn 0.1498 0.1492 -0.9774
vn 0.5928 0.5900 -0.5482
vn 0.6955 0.6923 0.1921
vn -0.6949 -0.6910 0.1989
vn 0.1497 0.1491 0.9774
vn -0.3849 -0.3829 0.8398
vn 0.5927 0.5900 0.5482
vn -0.1263 -0.1256 0.9840
vn 0.4018 0.3998 0.8239
vn -0.5854 -0.5822 0.5642
vn -0.5854 -0.5822 -0.5642
vn -0.1263 -0.1256 -0.9840
vn -0.6949 -0.6911 -0.1988
vn 0.4017 0.3998 -0.8239
vn 0.6955 0.6923 -0.1921
vn -0.4924 -0.8474 -0.1989
vn -0.0895 -0.1541 -0.9840
vn 0.2846 0.4901 -0.8239
vn -0.2727 -0.4694 -0.8398
vn 0.4926 0.8488 -0.1921
vn -0.4924 -0.8474 0.1988
vn -0.4148 -0.7139 -0.5642
vn 0.1061 0.1827 -0.9774
vn 0.4199 0.7233 -0.5482
vn 0.4926 0.8488 0.1921
vn 0.1061 0.1827 0.9774
vn -0.2727 -0.4694 0.8398
vn 0.4198 0.7233 0.5482
vn -0.0895 -0.1541 0.9840
vn 0.2846 0.4901 0.8239
vn -0.4148 -0.7138 0.5642
vn 0.2183 0.8073 0.5482
vn -0.0466 -0.1720 0.9840
vn 0.1480 0.5471 0.8239
vn -0.2159 -0.7969 0.5642
vn -0.2159 -0.7969 -0.5642
vn -0.0466 -0.1719 -0.9840
vn -0.2563 -0.9459 -0.1989
vn 0.1480 0.5471 -0.8239
vn -0.1419 -0.5240 -0.8398
vn 0.2562 0.9473 -0.1921
vn -0.2563 -0.9459 0.1987
vn 0.0552 0.2040 -0.9774
vn 0.2183 0.8073 -0.5482
vn 0.2562 0.9473 0.1921
vn 0.0552 0.2040 0.9774
vn -0.1419 -0.5240 0.8398
vn 0.0124 0.8319 -0.5547
vn 0.0147 0.9807 0.1947
vn -0.0123 -0.9806 0.1954
vn 0.0030 0.1968 0.9804
vn -0.0071 -0.5543 0.8323
vn 0.0030 0.1968 -0.9804
vn 0.0124 0.8319 0.5547
vn -0.0024 -0.1934 0.9811
vn 0.0082 0.5567 0.8307
vn -0.0105 -0.8309 0.5564
vn -0.0105 -0.8309 -0.5564
vn -0.0024 -0.1934 -0.9811
vn -0.0123 -0.9806 -0.1954
vn 0.0082 0.5567 -0.8306
vn -0.0071 -0.5543 -0.8323
vn 0.0147 0.9807 -0.1947
vn -0.0000 -0.9808 -0.1951
vn -0.0000 0.5556 -0.8315
vn -0.0000 -0.5556 -0.8314
vn -0.0000 0.9808 -0.1951
vn -0.0000 -0.8315 -0.5556
vn -0.0000 0.1951 -0.9808
vn -0.0000 0.9808 0.1951
vn -0.0000 -0.9808 0.1951
vn -0.0000 0.1951 0.9808
vn -0.0000 -0.5556 0.8315
vn -0.0000 0.8315 -0.5555
vn -0.0000 0.8315 0.5556
vn -0.0000 -0.1951 0.9808
vn -0.0000 0.5556 0.8315
vn -0.0000 -0.8315 0.5556
vn -0.0000 -0.1951 -0.9808
vn -0.0744 0.2738 0.9589
vn 0.9895 0.1446 -0.0061
vn -0.0743 0.2740 -0.9589
vn -0.5556 -0.0000 0.8315
vn -0.9804 -0.0246 0.1957
vn -0.1915 -0.0048 0.9815
vn -0.8301 -0.0212 0.5572
vn -0.5556 -0.0000 -0.8315
vn -0.9688 0.2480 0.0055
vn 0.0744 0.2739 -0.9589
vn -0.9474 -0.2510 0.1987
vn 0.2043 0.0542 -0.9774
vn -0.5247 -0.1391 0.8398
vn 0.2043 0.0541 0.9774
vn 0.5478 0.1453 0.8239
vn 0.9485 0.2518 -0.1920
vn -0.1722 -0.0456 -0.9840
vn -0.1546 -0.0887 -0.9840
vn 0.1497 0.1491 -0.9774
vn 0.1498 0.1492 0.9774
vn -0.6950 -0.6911 -0.1987
vn 0.4017 0.3999 -0.8239
vn -0.4924 -0.8474 -0.1988
vn 0.2846 0.4902 -0.8238
vn 0.4926 0.8488 -0.1920
vn -0.4924 -0.8474 0.1989
vn -0.0895 -0.1540 0.9840
vn -0.4148 -0.7138 0.5643
vn -0.0466 -0.1720 -0.9840
vn -0.2563 -0.9459 -0.1988
vn 0.1480 0.5472 -0.8238
vn 0.2562 0.9474 -0.1921
vn -0.2563 -0.9459 0.1989
vn 0.2183 0.8074 -0.5482
vn 0.2562 0.9474 0.1921
vn 0.0029 0.1968 0.9804
vn 0.0082 0.5568 -0.8306
vn -0.0000 -0.5556 -0.8315
vn -0.0000 0.8315 -0.5556
vn 0.7040 -0.7102 -0.0000
vn -0.7106 -0.7036 -0.0000
vn -0.6663 -0.7457 -0.0000
vn 0.7106 -0.7036 -0.0000
vn 0.6663 -0.7457 -0.0000
vn 0.3658 -0.9307 -0.0000
vn -0.0457 -0.9990 -0.0000
vn 0.0457 -0.9990 -0.0000
vn -0.3658 -0.9307 -0.0000
vn -0.7040 -0.7102 -0.0000
vn 0.2060 0.9785 -0.0000
vn 0.7102 0.7040 -0.0000
vn -0.2060 0.9785 -0.0000
vn -0.5247 0.8513 -0.0000
vn -0.7102 0.7040 -0.0000
vn 0.3657 -0.9307 -0.0000
vn -0.3657 -0.9307 -0.0000
vn 0.2061 0.9785 -0.0000
vn -0.2061 0.9785 -0.0000
vn -0.6662 -0.7457 -0.0000
vn -0.0001 0.0001 1.0000
vn 0.0001 -0.0000 1.0000
vn -0.0002 0.0002 1.0000
vn 0.0002 -0.0001 1.0000
vn 0.0002 0.0001 1.0000
vn -0.0001 -0.0000 -1.0000
vn 0.0001 -0.0000 -1.0000
vn 0.0001 -0.0002 1.0000
vn -0.0002 0.0001 1.0000
vn 0.0003 0.0001 1.0000
vn -0.0001 -0.0000 1.0000
vn 0.2060 0.9785 -0.0001
vt 0.059060 0.536872
vt 0.947161 0.600653
vt 0.947161 0.536871
vt 0.059060 0.627246
vt 0.947161 0.691028
vt 0.947161 0.627246
vt 0.059060 0.711382
vt 0.947161 0.775163
vt 0.947161 0.711381
vt 0.059060 0.786178
vt 0.947161 0.849959
vt 0.947161 0.786178
vt 0.948964 0.394802
vt 0.054453 0.449551
vt 0.054453 0.394801
vt 0.948964 0.440097
vt 0.054453 0.494847
vt 0.054453 0.440096
vt 0.948964 0.477376
vt 0.054453 0.532126
vt 0.054453 0.477375
vt 0.948964 0.509298
vt 0.054453 0.564048
vt 0.054453 0.509298
vt 0.948964 0.539340
vt 0.054453 0.594091
vt 0.054453 0.539340
vt 0.948964 0.571264
vt 0.054453 0.626014
vt 0.054453 0.571263
vt 0.948964 0.608542
vt 0.054453 0.663293
vt 0.054453 0.608542
vt 0.948964 0.653837
vt 0.054453 0.708588
vt 0.054453 0.653838
vt 0.059060 0.195000
vt 0.947161 0.258781
vt 0.947160 0.194999
vt 0.059060 0.269796
vt 0.947161 0.333578
vt 0.947161 0.269797
vt 0.059060 0.353932
vt 0.947161 0.417713
vt 0.947161 0.353931
vt 0.059060 0.444305
vt 0.947161 0.508087
vt 0.947161 0.444306
vt 0.364970 0.000189
vt 0.352763 0.489106
vt 0.352763 0.000189
vt 0.466692 0.351565
vt 0.448538 0.634220
vt 0.448597 0.351446
vt 0.447119 1.418384
vt 0.479036 1.361169
vt 0.479036 1.418384
vt 0.447119 0.461723
vt 0.479036 -0.359300
vt 0.479036 0.461723
vt 0.447119 0.526008
vt 0.479036 0.468792
vt 0.479036 0.526008
vt 0.564000 0.600290
vt 0.541336 0.591644
vt 0.528927 0.570518
vt 0.478357 0.651749
vt 0.438574 0.642460
vt 0.478357 0.642460
vt 0.478357 0.453372
vt 0.438574 0.369013
vt 0.478357 0.369013
vt 0.438574 0.485185
vt 0.478357 0.494474
vt 0.438574 0.494474
vt 0.575831 0.598175
vt 0.596962 0.587919
vt 0.605715 0.566131
vt 0.438574 0.526288
vt 0.478357 0.518334
vt 0.478357 0.526288
vt 0.438574 0.518334
vt 0.478357 0.510381
vt 0.438574 0.510381
vt 0.478357 0.502428
vt 0.438574 0.502428
vt 0.438574 0.461325
vt 0.438574 0.453372
vt 0.478357 0.461325
vt 0.438574 0.469279
vt 0.478357 0.469279
vt 0.438574 0.477232
vt 0.478357 0.477232
vt 0.478357 0.610647
vt 0.438574 0.618600
vt 0.438574 0.610647
vt 0.478357 0.618600
vt 0.438574 0.626553
vt 0.478357 0.626553
vt 0.438574 0.634507
vt 0.478357 0.634507
vt 0.478357 0.361059
vt 0.438574 0.361059
vt 0.478357 0.353106
vt 0.438574 0.353106
vt 0.478357 0.345153
vt 0.438574 0.345153
vt 0.478357 0.337199
vt 0.532328 0.566131
vt 0.479286 0.343362
vt 0.437433 0.352256
vt 0.437433 0.343362
vt 0.437433 0.382719
vt 0.479286 0.463496
vt 0.437433 0.463496
vt 0.437433 0.502854
vt 0.479286 0.493959
vt 0.479286 0.502854
vt 0.608939 0.571123
vt 0.437433 0.525701
vt 0.479286 0.533316
vt 0.437433 0.533316
vt 0.479286 0.518085
vt 0.479286 0.525701
vt 0.437433 0.510469
vt 0.437433 0.518085
vt 0.479286 0.510469
vt 0.437433 0.471112
vt 0.479286 0.478728
vt 0.479286 0.471112
vt 0.479286 0.486343
vt 0.437433 0.478728
vt 0.437433 0.493959
vt 0.437433 0.486343
vt 0.479286 0.621709
vt 0.437433 0.614094
vt 0.479286 0.614094
vt 0.479286 0.629325
vt 0.437433 0.621709
vt 0.479286 0.636940
vt 0.437433 0.629325
vt 0.437433 0.644556
vt 0.437433 0.636940
vt 0.479286 0.375103
vt 0.479286 0.382719
vt 0.437433 0.367488
vt 0.437433 0.375103
vt 0.437433 0.359872
vt 0.479286 0.367488
vt 0.479286 0.359872
vt 0.234091 0.782712
vt 0.252096 0.999477
vt 0.232222 0.999338
vt 0.254075 0.784652
vt 0.272165 0.999626
vt 0.273835 0.785830
vt 0.292347 0.999747
vt 0.293553 0.785877
vt 0.312486 0.999826
vt 0.152465 0.784057
vt 0.172998 0.999245
vt 0.153057 0.999300
vt 0.172308 0.781945
vt 0.192805 0.999217
vt 0.192815 0.780711
vt 0.212501 0.999245
vt 0.213645 0.781054
vt 0.200319 0.785124
vt 0.219248 0.995187
vt 0.199475 0.995140
vt 0.220117 0.786771
vt 0.239186 0.995235
vt 0.239791 0.787390
vt 0.259159 0.995256
vt 0.098927 0.787185
vt 0.121149 0.995572
vt 0.101423 0.995808
vt 0.118479 0.784840
vt 0.140849 0.995360
vt 0.138656 0.782849
vt 0.160390 0.995208
vt 0.159426 0.782230
vt 0.179886 0.995137
vt 0.180121 0.783222
vt 0.467297 0.637125
vt 0.466633 0.634339
vt 0.469392 0.635063
vt 0.467317 0.348697
vt 0.469392 0.350805
vt 0.447913 0.637088
vt 0.445838 0.634980
vt 0.445838 0.350722
vt 0.447933 0.348659
vt 0.447119 1.361169
vt 0.479036 1.354100
vt 0.479036 0.533076
vt 0.447119 0.533076
vt 0.447119 0.468792
vt 0.479036 1.425453
vt 0.447119 1.425453
vt 0.447119 1.354100
vt 0.479286 0.644556
vt 0.159019 0.724710
vt 0.181380 0.724882
vt 0.191703 0.723642
vt 0.202415 0.725326
vt 0.169591 0.724540
vt 0.314038 0.725707
vt 0.313173 0.784909
vt 0.214235 0.723612
vt 0.114658 0.726590
vt 0.260845 0.726776
vt 0.259234 0.786948
vt 0.256026 0.724331
vt 0.275333 0.724599
vt 0.136325 0.725452
vt 0.222224 0.725748
vt 0.241509 0.726097
vt 0.235818 0.723930
vt 0.294455 0.725208
vt 0.203119 0.664042
vt 0.223576 0.664330
vt 0.296271 0.664446
vt 0.094463 0.727906
vt 0.111986 0.665456
vt 0.263334 0.665421
vt 0.134548 0.664463
vt 0.213710 0.663162
vt 0.236024 0.663299
vt 0.158115 0.663734
vt 0.256855 0.663542
vt 0.181319 0.663772
vt 0.276673 0.663754
vt 0.190407 0.663297
vt 0.243413 0.664653
vt 0.316440 0.665174
vt 0.148887 0.725698
vt 0.167484 0.664158
vt 0.181172 0.600527
vt 0.203680 0.600766
vt 0.224796 0.601014
vt 0.245271 0.601298
vt 0.189041 0.600800
vt 0.319076 0.602629
vt 0.146006 0.665213
vt 0.165370 0.601653
vt 0.298246 0.601876
vt 0.091044 0.666567
vt 0.109544 0.602112
vt 0.265845 0.602044
vt 0.132869 0.601189
vt 0.213088 0.600654
vt 0.236109 0.600764
vt 0.157212 0.600493
vt 0.257593 0.600980
vt 0.278029 0.601175
vt 0.156386 0.535335
vt 0.236136 0.536343
vt 0.258258 0.536500
vt 0.181002 0.535385
vt 0.279320 0.536629
vt 0.187712 0.536367
vt 0.212448 0.536256
vt 0.204142 0.535569
vt 0.225876 0.535725
vt 0.246980 0.535907
vt 0.321702 0.537998
vt 0.143174 0.602690
vt 0.163337 0.537150
vt 0.300182 0.537283
vt 0.087891 0.603138
vt 0.107358 0.536722
vt 0.268226 0.536559
vt 0.131371 0.535952
vt 0.301843 0.470512
vt 0.085010 0.537565
vt 0.105926 0.469572
vt 0.270167 0.468885
vt 0.130387 0.469306
vt 0.211752 0.470384
vt 0.235939 0.470250
vt 0.155699 0.468896
vt 0.258646 0.470098
vt 0.180654 0.468845
vt 0.280330 0.469973
vt 0.186621 0.470452
vt 0.204255 0.468710
vt 0.226527 0.468518
vt 0.248196 0.468420
vt 0.324136 0.471193
vt 0.140433 0.538080
vt 0.161784 0.470913
vt 0.225454 0.398405
vt 0.248344 0.397867
vt 0.186298 0.405721
vt 0.326630 0.401923
vt 0.138273 0.471315
vt 0.162422 0.404716
vt 0.202306 0.400241
vt 0.303306 0.400213
vt 0.082997 0.469777
vt 0.107286 0.402036
vt 0.271424 0.398799
vt 0.131050 0.403700
vt 0.210168 0.405064
vt 0.233949 0.403077
vt 0.154890 0.403969
vt 0.257300 0.400956
vt 0.178724 0.402512
vt 0.280336 0.399823
vt 0.150925 -0.187709
vt 0.253295 -0.187650
vt 0.173518 -0.187421
vt 0.277164 -0.187396
vt 0.206646 -0.188774
vt 0.196450 -0.186855
vt 0.243788 -0.186482
vt 0.183866 -0.188876
vt 0.324966 -0.187738
vt 0.138835 0.402920
vt 0.161032 -0.188454
vt 0.220070 -0.186437
vt 0.301140 -0.187689
vt 0.084108 0.400165
vt 0.105619 -0.186755
vt 0.267140 -0.186516
vt 0.128378 -0.187457
vt 0.229646 -0.188243
vt 0.095991 0.782712
vt 0.113996 0.999477
vt 0.094122 0.999338
vt 0.115975 0.784652
vt 0.134066 0.999626
vt 0.135735 0.785830
vt 0.154247 0.999747
vt 0.155454 0.785877
vt 0.174387 0.999827
vt 0.014365 0.784057
vt 0.034898 0.999245
vt 0.014957 0.999300
vt 0.034208 0.781945
vt 0.054705 0.999217
vt 0.054715 0.780711
vt 0.074401 0.999246
vt 0.075546 0.781054
vt 0.191281 0.785117
vt 0.210213 0.995189
vt 0.190439 0.995142
vt 0.211079 0.786764
vt 0.230151 0.995237
vt 0.230754 0.787382
vt 0.250126 0.995257
vt 0.089886 0.787178
vt 0.112109 0.995575
vt 0.092383 0.995811
vt 0.109439 0.784834
vt 0.131810 0.995362
vt 0.129616 0.782843
vt 0.151352 0.995211
vt 0.150387 0.782223
vt 0.170849 0.995139
vt 0.171083 0.783215
vt 0.149979 0.724702
vt 0.172341 0.724873
vt 0.053603 0.723642
vt 0.193376 0.725317
vt 0.031492 0.724540
vt 0.175938 0.725707
vt 0.175073 0.784909
vt 0.076136 0.723612
vt 0.105618 0.726582
vt 0.251808 0.726766
vt 0.250199 0.786940
vt 0.117927 0.724331
vt 0.137234 0.724599
vt 0.127285 0.725444
vt 0.213186 0.725739
vt 0.232471 0.726088
vt 0.097718 0.723930
vt 0.156356 0.725208
vt 0.194080 0.664032
vt 0.214537 0.664320
vt 0.158172 0.664446
vt 0.085422 0.727897
vt 0.102945 0.665446
vt 0.254295 0.665410
vt 0.125508 0.664453
vt 0.075611 0.663162
vt 0.097924 0.663299
vt 0.149075 0.663724
vt 0.118756 0.663542
vt 0.172279 0.663763
vt 0.138574 0.663754
vt 0.052307 0.663297
vt 0.234374 0.664642
vt 0.178340 0.665174
vt 0.010788 0.725698
vt 0.029384 0.664158
vt 0.172132 0.600516
vt 0.194640 0.600756
vt 0.215756 0.601003
vt 0.236231 0.601287
vt 0.050941 0.600800
vt 0.180977 0.602629
vt 0.007906 0.665213
vt 0.027270 0.601653
vt 0.160147 0.601876
vt 0.082003 0.666557
vt 0.100504 0.602101
vt 0.256805 0.602032
vt 0.123828 0.601179
vt 0.074988 0.600654
vt 0.098009 0.600764
vt 0.148171 0.600483
vt 0.119494 0.600980
vt 0.139930 0.601175
vt 0.147346 0.535325
vt 0.098036 0.536343
vt 0.120158 0.536500
vt 0.171961 0.535375
vt 0.141221 0.536628
vt 0.049613 0.536367
vt 0.074348 0.536256
vt 0.195101 0.535559
vt 0.216835 0.535714
vt 0.237939 0.535896
vt 0.183603 0.537998
vt 0.005074 0.602690
vt 0.025237 0.537150
vt 0.162083 0.537283
vt 0.078851 0.603128
vt 0.098318 0.536712
vt 0.259185 0.536548
vt 0.122330 0.535942
vt 0.163744 0.470512
vt 0.075970 0.537554
vt 0.096886 0.469563
vt 0.261125 0.468874
vt 0.121347 0.469297
vt 0.073652 0.470384
vt 0.097840 0.470250
vt 0.146658 0.468887
vt 0.120547 0.470098
vt 0.171613 0.468836
vt 0.142231 0.469973
vt 0.048521 0.470452
vt 0.195214 0.468700
vt 0.217485 0.468508
vt 0.239154 0.468410
vt 0.186037 0.471193
vt 0.002333 0.538080
vt 0.023684 0.470913
vt 0.216412 0.398396
vt 0.239302 0.397858
vt 0.048198 0.405721
vt 0.188531 0.401923
vt 0.000173 0.471315
vt 0.024322 0.404716
vt 0.193265 0.400233
vt 0.165206 0.400213
vt 0.073957 0.469768
vt 0.098246 0.402028
vt 0.262381 0.398791
vt 0.122010 0.403692
vt 0.072068 0.405064
vt 0.095849 0.403077
vt 0.145849 0.403960
vt 0.119200 0.400956
vt 0.169684 0.402503
vt 0.142236 0.399823
vt 0.141883 -0.187705
vt 0.115195 -0.187650
vt 0.164476 -0.187416
vt 0.139064 -0.187396
vt 0.068546 -0.188773
vt 0.187408 -0.186851
vt 0.234744 -0.186477
vt 0.045766 -0.188875
vt 0.186866 -0.187738
vt 0.000735 0.402920
vt 0.022932 -0.188454
vt 0.211027 -0.186433
vt 0.163040 -0.187689
vt 0.075069 0.400156
vt 0.096578 -0.186750
vt 0.258096 -0.186512
vt 0.119337 -0.187453
vt 0.091546 -0.188243
vt 0.000043 0.999957
vt 0.006134 0.000043
vt 0.006134 0.999957
vt 0.313863 0.000081
vt 0.247834 0.999944
vt 0.247834 0.000081
vt 0.000056 0.999919
vt 0.066085 0.000056
vt 0.066086 0.999919
vt 0.089283 0.000056
vt 0.194350 0.999781
vt 0.119490 0.999754
vt 0.113872 0.993740
vt 0.224636 0.999944
vt 0.200048 0.006260
vt 0.224636 0.000081
vt 0.089283 0.999919
vt 0.146844 0.174770
vt 0.146844 0.100292
vt 0.152926 0.099972
vt 0.076537 0.174770
vt 0.076537 0.100292
vt 0.082619 0.099972
vt 0.012312 0.000043
vt 0.006221 0.999957
vt 0.006221 0.000043
vt 0.190957 0.999819
vt 0.190957 0.000181
vt 0.217248 0.006159
vt 0.124063 0.999716
vt 0.190799 0.000079
vt 0.190799 0.999716
vt 0.118063 0.006159
vt 0.091772 0.999819
vt 0.091772 0.000181
vt 0.066814 0.999819
vt 0.066815 0.000181
vt 0.000079 0.999819
vt 0.000079 0.000181
vt 0.118063 0.993841
vt 0.059060 0.600653
vt 0.059060 0.691028
vt 0.059060 0.775163
vt 0.059060 0.849959
vt 0.948964 0.449552
vt 0.948964 0.494848
vt 0.948964 0.532126
vt 0.948964 0.564049
vt 0.948964 0.594091
vt 0.948964 0.626014
vt 0.948964 0.663293
vt 0.948964 0.708588
vt 0.059060 0.258782
vt 0.059060 0.333578
vt 0.059060 0.417713
vt 0.059060 0.508088
vt 0.364970 0.489106
vt 0.447119 -0.359300
vt 0.528695 0.443625
vt 0.608727 0.443625
vt 0.531175 0.431809
vt 0.561285 0.412066
vt 0.576137 0.412066
vt 0.538240 0.421792
vt 0.548813 0.415099
vt 0.588609 0.415099
vt 0.599182 0.421792
vt 0.606247 0.431809
vt 0.604306 0.583145
vt 0.573824 0.600290
vt 0.596568 0.591711
vt 0.585986 0.597721
vt 0.551838 0.597721
vt 0.532664 0.581331
vt 0.438574 0.651749
vt 0.478357 0.485185
vt 0.605715 0.446324
vt 0.532328 0.446324
vt 0.603223 0.434750
vt 0.575831 0.414787
vt 0.562213 0.414787
vt 0.596528 0.425189
vt 0.587267 0.418292
vt 0.550776 0.417857
vt 0.541081 0.424537
vt 0.534603 0.434533
vt 0.534603 0.577923
vt 0.562213 0.598175
vt 0.541081 0.587919
vt 0.550776 0.594598
vt 0.587267 0.594598
vt 0.603440 0.577923
vt 0.438574 0.337199
vt 0.479286 0.352256
vt 0.137892 -0.188336
vt 0.082504 -0.186502
vt -0.000208 -0.188336
vt 0.073464 -0.186497
vt 0.000043 0.000043
vt 0.313863 0.999944
vt 0.000056 0.000056
vt 0.113938 0.006249
vt 0.119569 0.000219
vt 0.194429 0.000246
vt 0.199982 0.993751
vt 0.129631 0.050827
vt 0.082706 0.004369
vt 0.086994 0.000043
vt 0.134401 0.047039
vt 0.147500 0.068292
vt 0.141844 0.070550
vt 0.152926 0.175090
vt 0.147500 0.206771
vt 0.141844 0.204512
vt 0.134401 0.228023
vt 0.086994 0.275019
vt 0.129631 0.224236
vt 0.082706 0.270693
vt 0.059324 0.050827
vt 0.012399 0.004369
vt 0.016687 0.000043
vt 0.064094 0.047039
vt 0.077193 0.068292
vt 0.071537 0.070550
vt 0.082619 0.175090
vt 0.077193 0.206771
vt 0.071537 0.204512
vt 0.064094 0.228023
vt 0.016687 0.275019
vt 0.059324 0.224236
vt 0.012399 0.270694
vt 0.012312 0.999957
vt 0.217248 0.993841
vt 0.223090 0.999921
vt 0.223090 0.000079
vt 0.124063 0.000079
vt 0.123905 0.999921
vt 0.123905 0.000079
s 1
usemtl mat_garage_lamp
f 89/175/34 90/176/35 88/177/34
f 91/178/35 92/179/36 90/180/35
f 93/181/36 94/182/37 92/183/36
f 95/184/38 96/185/39 94/186/37
f 97/187/39 98/188/40 96/189/39
f 99/190/41 100/191/42 98/192/40
f 101/193/42 102/194/43 100/195/42
f 103/196/44 104/197/45 102/198/43
f 105/199/45 106/200/46 104/201/45
f 107/202/47 108/203/48 106/204/46
f 109/205/48 110/206/49 108/207/48
f 111/208/49 112/209/50 110/210/49
f 113/211/50 114/212/51 112/213/50
f 115/214/51 116/215/52 114/216/51
f 117/217/52 118/218/53 116/219/52
f 119/220/53 88/221/34 118/222/53
f 120/220/53 151/221/34 121/222/53
f 122/217/52 121/218/53 123/219/52
f 124/214/51 123/215/52 125/216/51
f 126/211/50 125/212/51 127/213/50
f 128/208/49 127/209/50 129/210/49
f 130/205/48 129/206/49 131/207/48
f 132/202/47 131/203/48 133/204/46
f 134/199/45 133/200/46 135/201/45
f 136/196/44 135/197/45 137/198/44
f 138/193/42 137/194/44 139/195/54
f 140/190/40 139/191/54 141/192/40
f 142/187/39 141/188/40 143/189/39
f 144/184/38 143/185/39 145/186/38
f 146/181/36 145/182/38 147/183/36
f 148/178/35 147/179/36 149/180/35
f 150/175/34 149/176/35 151/177/34
f 84/223/55 87/224/55 85/225/55
f 317/175/34 318/176/35 316/177/34
f 319/178/35 320/179/36 318/180/35
f 321/181/36 322/182/38 320/183/36
f 323/184/38 324/185/39 322/186/38
f 325/187/39 326/188/40 324/189/39
f 327/190/40 328/191/42 326/192/40
f 329/193/42 330/194/44 328/195/42
f 331/196/44 332/197/45 330/198/44
f 333/199/45 334/200/47 332/201/45
f 335/202/47 336/203/48 334/204/47
f 337/205/48 338/206/49 336/207/48
f 339/208/49 340/209/50 338/210/49
f 341/211/50 342/212/51 340/213/50
f 343/214/51 344/215/52 342/216/51
f 345/217/52 346/218/53 344/219/52
f 347/220/53 316/221/34 346/222/53
f 348/220/53 379/221/34 349/222/53
f 350/217/52 349/218/53 351/219/52
f 352/214/51 351/215/52 353/216/56
f 354/211/50 353/212/56 355/213/50
f 356/208/57 355/209/50 357/210/57
f 358/205/48 357/206/57 359/207/48
f 360/202/47 359/203/48 361/204/47
f 362/199/45 361/200/47 363/201/45
f 364/196/44 363/197/45 365/198/44
f 366/193/42 365/194/44 367/195/42
f 368/190/40 367/191/42 369/192/40
f 370/187/39 369/188/40 371/189/39
f 372/184/38 371/185/39 373/186/38
f 374/181/36 373/182/38 375/183/36
f 376/178/35 375/179/36 377/180/35
f 378/175/34 377/176/35 379/177/34
f 312/223/55 315/224/55 313/225/55
f 513/175/34 514/176/35 512/177/34
f 515/178/35 516/179/36 514/180/35
f 517/181/36 518/182/38 516/183/36
f 519/184/38 520/185/39 518/186/38
f 521/187/39 522/188/40 520/189/39
f 523/190/40 524/191/42 522/192/40
f 525/193/42 526/194/44 524/195/42
f 527/196/44 528/197/45 526/198/44
f 529/199/45 530/200/47 528/201/45
f 531/202/47 532/203/48 530/204/47
f 533/205/48 534/206/49 532/207/48
f 535/208/49 536/209/50 534/210/49
f 537/211/50 538/212/51 536/213/50
f 539/214/51 540/215/52 538/216/51
f 541/217/52 542/218/53 540/219/52
f 543/220/53 512/221/34 542/222/53
f 544/220/53 575/221/34 545/222/53
f 546/217/52 545/218/53 547/219/52
f 548/214/51 547/215/52 549/216/56
f 550/211/50 549/212/56 551/213/50
f 552/208/57 551/209/50 553/210/57
f 554/205/48 553/206/57 555/207/48
f 556/202/47 555/203/48 557/204/47
f 558/199/45 557/200/47 559/201/45
f 560/196/44 559/197/45 561/198/44
f 562/193/42 561/194/44 563/195/42
f 564/190/40 563/191/42 565/192/40
f 566/187/39 565/188/40 567/189/39
f 568/184/38 567/185/39 569/186/38
f 570/181/36 569/182/38 571/183/36
f 572/178/35 571/179/36 573/180/35
f 574/175/34 573/176/35 575/177/34
f 508/223/55 511/224/55 509/225/55
f 821/175/34 822/176/35 820/177/34
f 823/178/35 824/179/36 822/180/35
f 825/181/36 826/182/37 824/183/36
f 827/184/38 828/185/39 826/186/37
f 829/187/39 830/188/40 828/189/39
f 831/190/41 832/191/42 830/192/40
f 833/193/42 834/194/43 832/195/42
f 835/196/44 836/197/45 834/198/43
f 837/199/45 838/200/46 836/201/45
f 839/202/47 840/203/48 838/204/46
f 841/205/48 842/206/49 840/207/48
f 843/208/49 844/209/50 842/210/49
f 845/211/50 846/212/51 844/213/50
f 847/214/51 848/215/52 846/216/51
f 849/217/52 850/218/53 848/219/52
f 851/220/53 820/221/34 850/222/53
f 852/220/53 883/221/34 853/222/53
f 854/217/52 853/218/53 855/219/52
f 856/214/51 855/215/52 857/216/51
f 858/211/50 857/212/51 859/213/50
f 860/208/49 859/209/50 861/210/49
f 862/205/48 861/206/49 863/207/48
f 864/202/47 863/203/48 865/204/46
f 866/199/45 865/200/46 867/201/45
f 868/196/44 867/197/45 869/198/44
f 870/193/42 869/194/44 871/195/54
f 872/190/40 871/191/54 873/192/40
f 874/187/39 873/188/40 875/189/39
f 876/184/38 875/185/39 877/186/38
f 878/181/36 877/182/38 879/183/36
f 880/178/35 879/179/36 881/180/35
f 882/175/34 881/176/35 883/177/34
f 816/223/55 819/224/55 817/225/55
f 89/175/34 91/703/35 90/176/35
f 91/178/35 93/704/36 92/179/36
f 93/181/36 95/705/38 94/182/37
f 95/184/38 97/706/39 96/185/39
f 97/187/39 99/707/41 98/188/40
f 99/190/41 101/708/42 100/191/42
f 101/193/42 103/709/44 102/194/43
f 103/196/44 105/710/45 104/197/45
f 105/199/45 107/711/47 106/200/46
f 107/202/47 109/712/48 108/203/48
f 109/205/48 111/713/49 110/206/49
f 111/208/49 113/714/50 112/209/50
f 113/211/50 115/715/51 114/212/51
f 115/214/51 117/716/52 116/215/52
f 117/217/52 119/717/53 118/218/53
f 119/220/53 89/718/34 88/221/34
f 120/220/53 150/718/34 151/221/34
f 122/217/52 120/717/53 121/218/53
f 124/214/51 122/716/52 123/215/52
f 126/211/50 124/715/51 125/212/51
f 128/208/49 126/714/50 127/209/50
f 130/205/48 128/713/49 129/206/49
f 132/202/47 130/712/48 131/203/48
f 134/199/45 132/711/47 133/200/46
f 136/196/44 134/710/45 135/197/45
f 138/193/42 136/709/44 137/194/44
f 140/190/40 138/708/42 139/191/54
f 142/187/39 140/707/40 141/188/40
f 144/184/38 142/706/39 143/185/39
f 146/181/36 144/705/38 145/182/38
f 148/178/35 146/704/36 147/179/36
f 150/175/34 148/703/35 149/176/35
f 84/223/55 86/719/55 87/224/55
f 317/175/34 319/703/35 318/176/35
f 319/178/35 321/704/36 320/179/36
f 321/181/36 323/705/38 322/182/38
f 323/184/38 325/706/39 324/185/39
f 325/187/39 327/707/40 326/188/40
f 327/190/40 329/708/42 328/191/42
f 329/193/42 331/709/44 330/194/44
f 331/196/44 333/710/45 332/197/45
f 333/199/45 335/711/47 334/200/47
f 335/202/47 337/712/48 336/203/48
f 337/205/48 339/713/49 338/206/49
f 339/208/49 341/714/50 340/209/50
f 341/211/50 343/715/51 342/212/51
f 343/214/51 345/716/52 344/215/52
f 345/217/52 347/717/53 346/218/53
f 347/220/53 317/718/34 316/221/34
f 348/220/53 378/718/34 379/221/34
f 350/217/52 348/717/53 349/218/53
f 352/214/51 350/716/52 351/215/52
f 354/211/50 352/715/51 353/212/56
f 356/208/57 354/714/50 355/209/50
f 358/205/48 356/713/57 357/206/57
f 360/202/47 358/712/48 359/203/48
f 362/199/45 360/711/47 361/200/47
f 364/196/44 362/710/45 363/197/45
f 366/193/42 364/709/44 365/194/44
f 368/190/40 366/708/42 367/191/42
f 370/187/39 368/707/40 369/188/40
f 372/184/38 370/706/39 371/185/39
f 374/181/36 372/705/38 373/182/38
f 376/178/35 374/704/36 375/179/36
f 378/175/34 376/703/35 377/176/35
f 312/223/55 314/719/55 315/224/55
f 513/175/34 515/703/35 514/176/35
f 515/178/35 517/704/36 516/179/36
f 517/181/36 519/705/38 518/182/38
f 519/184/38 521/706/39 520/185/39
f 521/187/39 523/707/40 522/188/40
f 523/190/40 525/708/42 524/191/42
f 525/193/42 527/709/44 526/194/44
f 527/196/44 529/710/45 528/197/45
f 529/199/45 531/711/47 530/200/47
f 531/202/47 533/712/48 532/203/48
f 533/205/48 535/713/49 534/206/49
f 535/208/49 537/714/50 536/209/50
f 537/211/50 539/715/51 538/212/51
f 539/214/51 541/716/52 540/215/52
f 541/217/52 543/717/53 542/218/53
f 543/220/53 513/718/34 512/221/34
f 544/220/53 574/718/34 575/221/34
f 546/217/52 544/717/53 545/218/53
f 548/214/51 546/716/52 547/215/52
f 550/211/50 548/715/51 549/212/56
f 552/208/57 550/714/50 551/209/50
f 554/205/48 552/713/57 553/206/57
f 556/202/47 554/712/48 555/203/48
f 558/199/45 556/711/47 557/200/47
f 560/196/44 558/710/45 559/197/45
f 562/193/42 560/709/44 561/194/44
f 564/190/40 562/708/42 563/191/42
f 566/187/39 564/707/40 565/188/40
f 568/184/38 566/706/39 567/185/39
f 570/181/36 568/705/38 569/182/38
f 572/178/35 570/704/36 571/179/36
f 574/175/34 572/703/35 573/176/35
f 508/223/55 510/719/55 511/224/55
f 821/175/34 823/703/35 822/176/35
f 823/178/35 825/704/36 824/179/36
f 825/181/36 827/705/38 826/182/37
f 827/184/38 829/706/39 828/185/39
f 829/187/39 831/707/41 830/188/40
f 831/190/41 833/708/42 832/191/42
f 833/193/42 835/709/44 834/194/43
f 835/196/44 837/710/45 836/197/45
f 837/199/45 839/711/47 838/200/46
f 839/202/47 841/712/48 840/203/48
f 841/205/48 843/713/49 842/206/49
f 843/208/49 845/714/50 844/209/50
f 845/211/50 847/715/51 846/212/51
f 847/214/51 849/716/52 848/215/52
f 849/217/52 851/717/53 850/218/53
f 851/220/53 821/718/34 820/221/34
f 852/220/53 882/718/34 883/221/34
f 854/217/52 852/717/53 853/218/53
f 856/214/51 854/716/52 855/215/52
f 858/211/50 856/715/51 857/212/51
f 860/208/49 858/714/50 859/209/50
f 862/205/48 860/713/49 861/206/49
f 864/202/47 862/712/48 863/203/48
f 866/199/45 864/711/47 865/200/46
f 868/196/44 866/710/45 867/197/45
f 870/193/42 868/709/44 869/194/44
f 872/190/40 870/708/42 871/191/54
f 874/187/39 872/707/40 873/188/40
f 876/184/38 874/706/39 875/185/39
f 878/181/36 876/705/38 877/182/38
f 880/178/35 878/704/36 879/179/36
f 882/175/34 880/703/35 881/176/35
f 816/223/55 818/719/55 819/224/55
usemtl trim_garage_metal_red
f 248/226/58 253/227/59 258/228/60
f 254/229/61 241/230/62 252/231/63
f 259/232/64 251/233/65 257/234/66
f 249/235/67 256/236/68 247/237/69
f 152/238/70 155/239/70 153/240/70
f 178/241/71 166/242/72 288/243/72
f 284/244/73 171/245/74 290/246/74
f 158/247/75 281/248/76 152/249/76
f 294/250/70 190/251/70 189/252/70
f 153/253/77 283/254/47 282/255/77
f 156/256/46 162/257/48 283/254/47
f 155/258/48 163/259/57 162/257/48
f 154/260/49 281/248/76 163/259/57
f 284/244/73 159/261/53 157/262/73
f 285/263/78 160/264/52 159/261/53
f 286/265/79 161/266/56 160/264/52
f 287/267/51 158/247/75 161/266/56
f 175/268/80 167/269/44 165/270/80
f 289/271/43 168/272/42 167/269/44
f 177/273/42 169/274/40 168/272/42
f 176/275/40 166/242/72 169/274/40
f 171/245/74 293/276/35 290/246/74
f 174/277/81 292/278/36 293/276/35
f 173/279/36 291/280/38 292/278/36
f 172/281/38 178/282/71 291/280/38
f 175/268/80 153/253/77 282/255/77
f 180/252/82 179/250/82 184/283/82
f 195/284/72 300/285/71 299/286/72
f 301/287/74 184/288/73 192/289/73
f 294/290/76 185/291/75 179/292/83
f 282/240/82 281/238/82 284/293/82
f 295/294/46 180/295/84 189/296/77
f 295/294/46 182/297/48 183/298/47
f 191/299/57 182/297/48 190/300/48
f 294/290/76 181/301/57 191/299/57
f 184/288/73 297/302/78 192/289/73
f 187/303/52 297/302/78 186/304/53
f 188/305/56 298/306/52 187/303/52
f 188/305/56 296/307/75 193/308/56
f 196/309/44 204/310/80 194/311/80
f 197/312/85 207/313/43 196/309/44
f 198/314/41 206/315/42 197/312/85
f 198/314/41 299/316/72 205/317/40
f 301/287/74 203/318/81 200/319/74
f 303/320/36 203/318/81 208/321/35
f 302/322/38 202/323/36 303/320/36
f 300/285/71 201/324/38 302/322/38
f 180/295/84 204/310/80 189/296/77
f 224/325/86 209/326/87 223/327/88
f 210/328/89 211/329/90 209/326/87
f 212/330/91 213/331/92 211/329/90
f 214/332/93 215/333/94 213/331/92
f 216/334/95 217/335/96 215/336/94
f 218/337/97 219/338/98 217/335/96
f 220/339/99 221/340/100 219/338/98
f 222/341/101 223/327/88 221/340/100
f 226/342/102 227/343/103 225/344/104
f 228/345/105 229/346/106 227/343/103
f 230/347/107 231/348/108 229/346/106
f 232/349/109 233/350/110 231/351/108
f 234/352/111 235/353/112 233/350/110
f 236/354/113 237/355/114 235/353/112
f 238/356/115 240/357/116 237/355/114
f 239/358/117 225/344/104 240/357/116
f 243/359/118 244/360/119 245/361/120
f 248/226/58 249/362/67 250/363/121
f 253/227/59 254/364/61 255/365/122
f 258/228/60 259/366/64 260/367/123
f 243/368/118 242/369/124 241/230/62
f 248/226/58 245/361/120 244/360/119
f 249/235/67 246/370/125 250/371/121
f 248/226/58 260/367/123 249/362/67
f 257/234/66 260/372/123 259/232/64
f 253/227/59 259/366/64 258/228/60
f 254/229/61 251/373/65 255/374/122
f 244/360/119 254/364/61 253/227/59
f 245/375/120 246/370/125 242/369/124
f 444/226/58 449/227/59 454/228/60
f 450/229/126 437/230/62 448/231/63
f 455/232/127 447/233/128 453/234/66
f 443/237/69 456/372/129 452/236/68
f 380/238/70 383/239/70 381/240/70
f 406/241/130 394/242/131 484/243/131
f 480/244/73 399/245/74 486/246/74
f 386/247/132 477/248/83 380/249/83
f 490/250/70 418/251/70 417/252/70
f 381/253/133 479/254/47 478/255/84
f 384/256/47 390/257/48 479/254/47
f 383/258/48 391/259/49 390/257/48
f 382/260/49 477/248/83 391/259/49
f 480/244/73 387/261/53 385/262/73
f 481/263/53 388/264/52 387/261/53
f 482/265/52 389/266/51 388/264/52
f 483/267/51 386/247/132 389/266/51
f 403/268/134 395/269/44 393/270/135
f 485/271/44 396/272/42 395/269/44
f 405/273/42 397/274/40 396/272/42
f 404/275/40 394/242/131 397/274/40
f 399/245/74 489/276/35 486/246/74
f 402/277/35 488/278/36 489/276/35
f 401/279/36 487/280/38 488/278/36
f 400/281/38 406/282/130 487/280/38
f 403/268/134 381/253/133 478/255/84
f 408/252/82 407/250/82 412/283/82
f 423/284/72 496/285/130 495/286/72
f 497/287/136 412/288/137 420/289/138
f 490/290/83 413/291/75 407/292/76
f 478/240/82 477/238/82 480/293/82
f 491/294/47 408/295/84 417/296/84
f 491/294/47 410/297/48 411/298/47
f 419/299/49 410/297/48 418/300/48
f 490/290/83 409/301/49 419/299/49
f 412/288/137 493/302/53 420/289/138
f 415/303/52 493/302/53 414/304/53
f 416/305/51 494/306/52 415/303/52
f 416/305/51 492/307/75 421/308/51
f 424/309/44 432/310/135 422/311/135
f 425/312/42 435/313/44 424/309/44
f 426/314/40 434/315/42 425/312/42
f 426/314/40 495/316/72 433/317/40
f 497/287/136 431/318/35 428/319/136
f 499/320/36 431/318/35 436/321/35
f 498/322/38 430/323/36 499/320/36
f 496/285/130 429/324/38 498/322/38
f 408/295/84 432/310/135 417/296/84
f 439/359/118 440/360/119 441/361/120
f 444/226/58 445/362/139 446/363/140
f 449/227/59 450/364/126 451/365/122
f 454/228/60 455/366/127 456/367/129
f 439/368/118 438/369/141 437/230/62
f 444/226/58 441/361/120 440/360/119
f 445/235/139 442/370/142 446/371/140
f 444/226/58 456/367/129 445/362/139
f 453/234/66 456/372/129 455/232/127
f 449/227/59 455/366/127 454/228/60
f 450/229/126 447/373/128 451/374/122
f 440/360/119 450/364/126 449/227/59
f 441/375/120 442/370/142 438/369/141
f 640/226/58 645/227/59 650/228/143
f 646/229/126 633/230/62 644/231/63
f 651/232/144 643/233/128 649/234/66
f 639/237/69 652/372/129 648/236/68
f 576/238/70 579/239/70 577/240/70
f 602/241/71 590/242/72 680/243/72
f 676/244/73 595/245/74 682/246/74
f 582/247/75 673/248/76 576/249/76
f 686/250/70 614/251/70 613/252/70
f 577/253/133 675/254/47 674/255/84
f 580/256/47 586/257/48 675/254/47
f 579/258/48 587/259/49 586/257/48
f 578/260/49 673/248/76 587/259/49
f 676/244/73 583/261/53 581/262/73
f 677/263/53 584/264/52 583/261/53
f 678/265/52 585/266/51 584/264/52
f 679/267/51 582/247/75 585/266/51
f 599/268/134 591/269/44 589/270/135
f 681/271/44 592/272/42 591/269/44
f 601/273/42 593/274/40 592/272/42
f 600/275/40 590/242/72 593/274/40
f 595/245/74 685/276/35 682/246/74
f 598/277/35 684/278/36 685/276/35
f 597/279/36 683/280/38 684/278/36
f 596/281/38 602/282/71 683/280/38
f 599/268/134 577/253/133 674/255/84
f 604/252/82 603/250/82 608/283/82
f 619/284/72 692/285/71 691/286/72
f 624/319/136 616/289/138 693/287/136
f 686/290/76 609/291/75 603/292/83
f 674/240/82 673/238/82 676/293/82
f 687/294/47 604/295/84 613/296/84
f 614/300/48 607/298/47 687/294/47
f 615/299/49 606/297/48 614/300/48
f 686/290/76 605/301/49 615/299/49
f 610/304/53 616/289/138 608/288/138
f 611/303/52 689/302/53 610/304/53
f 612/305/51 690/306/52 611/303/52
f 609/291/75 617/308/51 612/305/51
f 620/309/44 628/310/135 618/311/135
f 621/312/42 631/313/44 620/309/44
f 622/314/40 630/315/42 621/312/42
f 619/376/72 629/317/40 622/314/40
f 632/321/35 624/319/136 693/287/136
f 695/320/36 627/318/35 632/321/35
f 694/322/38 626/323/36 695/320/36
f 692/285/71 625/324/38 694/322/38
f 604/295/84 628/310/135 613/296/84
f 635/359/145 636/360/146 637/361/120
f 640/226/58 641/362/147 642/363/148
f 645/227/59 646/364/126 647/365/149
f 650/228/143 651/366/144 652/367/129
f 635/368/145 634/369/141 633/230/62
f 640/226/58 637/361/120 636/360/146
f 641/235/147 638/370/142 642/371/148
f 640/226/58 652/367/129 641/362/147
f 649/234/66 652/372/129 651/232/144
f 650/228/143 647/365/149 651/366/144
f 646/229/126 643/373/128 647/374/149
f 636/360/146 646/364/126 645/227/59
f 637/375/120 638/370/142 634/369/141
f 239/358/117 710/377/150 711/378/151
f 218/337/97 701/379/152 220/339/99
f 226/342/102 711/378/151 704/380/153
f 216/334/95 700/381/154 218/337/97
f 214/332/93 699/382/155 216/383/95
f 222/341/101 701/379/152 702/384/156
f 232/349/109 708/385/157 234/352/111
f 230/347/107 707/386/158 232/387/109
f 212/330/91 696/388/159 697/389/160
f 234/352/111 709/390/161 236/354/113
f 230/347/107 705/391/162 706/392/163
f 224/325/86 702/384/156 703/393/164
f 212/330/91 698/394/165 214/332/93
f 236/354/113 710/377/150 238/356/115
f 228/345/105 704/380/153 705/391/162
f 210/328/89 703/393/164 696/388/159
f 705/391/162 720/395/166 721/396/167
f 697/389/160 714/397/168 698/394/165
f 707/398/158 724/399/169 708/385/157
f 706/392/163 723/400/170 707/386/158
f 708/385/157 725/401/171 709/390/161
f 703/393/164 718/402/172 719/403/173
f 709/390/161 726/404/174 710/377/150
f 696/388/159 719/403/173 712/405/175
f 711/378/151 726/404/174 727/406/176
f 697/389/160 712/405/175 713/407/177
f 702/384/156 717/408/178 718/402/172
f 704/380/153 727/406/176 720/395/166
f 706/392/163 721/396/167 722/409/179
f 700/381/154 717/408/178 701/379/152
f 698/394/165 715/410/180 699/382/155
f 699/411/155 716/412/181 700/381/154
f 720/395/166 743/413/182 736/414/183
f 722/409/179 737/415/184 738/416/185
f 716/412/181 733/417/186 717/408/178
f 714/397/168 731/418/187 715/410/180
f 715/419/180 732/420/188 716/412/181
f 721/396/167 736/414/183 737/415/184
f 713/407/177 730/421/189 714/397/168
f 723/422/170 740/423/190 724/399/169
f 722/409/179 739/424/191 723/400/170
f 724/399/169 741/425/192 725/401/171
f 719/403/173 734/426/193 735/427/194
f 725/401/171 742/428/195 726/404/174
f 712/405/175 735/427/194 728/429/196
f 727/406/176 742/428/195 743/413/182
f 713/407/177 728/429/196 729/430/197
f 718/402/172 733/417/186 734/426/193
f 741/425/192 758/431/198 742/428/195
f 728/429/196 751/432/199 744/433/200
f 743/413/182 758/431/198 759/434/201
f 729/430/197 744/433/200 745/435/202
f 734/426/193 749/436/203 750/437/204
f 736/414/183 759/434/201 752/438/205
f 738/416/185 753/439/206 754/440/207
f 732/420/188 749/436/203 733/417/186
f 730/421/189 747/441/208 731/418/187
f 731/442/187 748/443/209 732/420/188
f 737/415/184 752/438/205 753/439/206
f 729/430/197 746/444/210 730/421/189
f 739/445/191 756/446/211 740/423/190
f 738/416/185 755/447/212 739/424/191
f 740/423/190 757/448/213 741/425/192
f 735/427/194 750/437/204 751/432/199
f 745/435/202 762/449/214 746/444/210
f 755/450/212 772/451/215 756/446/211
f 754/440/207 771/452/216 755/447/212
f 756/446/211 773/453/217 757/448/213
f 751/432/199 766/454/218 767/455/219
f 757/448/213 774/456/220 758/431/198
f 744/433/200 767/455/219 760/457/221
f 759/434/201 774/456/220 775/458/222
f 745/435/202 760/457/221 761/459/223
f 750/437/204 765/460/224 766/454/218
f 752/438/205 775/458/222 768/461/225
f 754/440/207 769/462/226 770/463/227
f 748/443/209 765/460/224 749/436/203
f 746/444/210 763/464/228 747/441/208
f 747/465/208 764/466/229 748/443/209
f 753/439/206 768/461/225 769/462/226
f 770/463/227 785/467/230 786/468/231
f 764/466/229 781/469/232 765/460/224
f 762/449/214 779/470/233 763/464/228
f 763/471/228 780/472/234 764/466/229
f 769/462/226 784/473/235 785/467/230
f 761/459/223 778/474/236 762/449/214
f 771/475/216 788/476/237 772/451/215
f 770/463/227 787/477/238 771/452/216
f 772/451/215 789/478/239 773/453/217
f 767/455/219 782/479/240 783/480/241
f 773/453/217 790/481/242 774/456/220
f 760/457/221 783/480/241 776/482/243
f 775/458/222 790/481/242 791/483/244
f 761/459/223 776/482/243 777/484/245
f 766/454/218 781/469/232 782/479/240
f 768/461/225 791/483/244 784/473/235
f 789/478/239 806/485/246 790/481/242
f 783/480/241 792/486/247 776/482/243
f 790/481/242 807/487/248 791/483/244
f 776/482/243 793/488/249 777/484/245
f 781/469/232 798/489/250 782/479/240
f 791/483/244 800/490/251 784/473/235
f 785/467/230 802/491/252 786/468/231
f 780/472/234 797/492/253 781/469/232
f 778/474/236 795/493/254 779/470/233
f 779/494/233 796/495/255 780/472/234
f 784/473/235 801/496/256 785/467/230
f 777/484/245 794/497/257 778/474/236
f 787/498/238 804/499/258 788/476/237
f 786/468/231 803/500/259 787/477/238
f 788/476/237 805/501/260 789/478/239
f 782/479/240 799/502/261 783/480/241
f 980/226/58 985/227/59 990/228/60
f 984/231/63 975/368/262 973/230/62
f 991/232/64 983/233/65 989/234/263
f 981/235/264 988/236/68 979/237/69
f 884/238/70 887/239/70 885/240/70
f 910/241/71 898/242/72 1020/243/72
f 1016/244/138 903/245/136 1022/246/136
f 890/247/75 1013/248/76 884/249/76
f 1026/250/70 922/251/70 921/252/70
f 885/253/133 1015/254/47 1014/255/84
f 888/256/46 894/257/48 1015/254/47
f 887/258/48 895/259/49 894/257/48
f 886/260/57 1013/248/76 895/259/49
f 1016/244/138 891/261/53 889/262/138
f 1017/263/53 892/264/52 891/261/53
f 1018/265/52 893/266/51 892/264/52
f 1019/267/56 890/247/75 893/266/51
f 907/268/135 899/269/44 897/270/135
f 1021/271/43 900/272/85 899/269/44
f 909/273/42 901/274/40 900/272/85
f 908/275/40 898/242/72 901/274/40
f 903/245/136 1025/276/35 1022/246/136
f 906/277/81 1024/278/36 1025/276/35
f 905/279/36 1023/280/38 1024/278/36
f 904/281/38 910/282/71 1023/280/38
f 907/268/135 885/253/133 1014/255/84
f 912/252/82 911/250/82 916/283/82
f 927/284/72 1032/285/71 1031/286/72
f 932/319/136 924/289/138 1033/287/136
f 1026/290/76 917/291/75 911/292/76
f 1014/240/82 1013/238/82 1016/293/82
f 1027/294/47 912/295/84 921/296/84
f 922/300/48 915/298/46 1027/294/47
f 923/299/57 914/297/48 922/300/48
f 1026/290/76 913/301/49 923/299/57
f 918/304/53 924/289/138 916/288/138
f 919/303/52 1029/302/78 918/304/53
f 920/305/56 1030/306/79 919/303/52
f 917/291/75 925/308/51 920/305/56
f 928/309/44 936/310/135 926/311/135
f 929/312/42 939/313/43 928/309/44
f 930/314/40 938/315/42 929/312/42
f 927/376/72 937/317/40 930/314/40
f 940/321/35 932/319/136 1033/287/136
f 1035/320/36 935/318/81 940/321/35
f 1034/322/38 934/323/36 1035/320/36
f 1032/285/71 933/324/38 1034/322/38
f 912/295/84 936/310/135 921/296/84
f 956/503/86 941/504/87 955/505/88
f 942/506/89 943/507/90 941/504/87
f 944/508/91 945/509/92 943/507/90
f 946/510/93 947/511/94 945/509/92
f 948/512/95 949/513/265 947/514/94
f 950/515/97 951/516/98 949/513/265
f 952/517/266 953/518/100 951/516/98
f 954/519/101 955/505/88 953/518/100
f 958/520/102 959/521/103 957/522/104
f 960/523/105 961/524/106 959/521/103
f 962/525/107 963/526/108 961/524/106
f 964/527/109 965/528/110 963/529/108
f 966/530/267 967/531/112 965/528/110
f 968/532/268 969/533/114 967/531/112
f 970/534/115 972/535/269 969/533/114
f 971/536/117 957/522/104 972/535/269
f 975/359/262 976/360/119 977/361/270
f 980/226/58 981/362/264 982/363/140
f 985/227/59 986/364/61 987/365/122
f 990/228/60 991/366/64 992/367/271
f 975/368/262 974/369/141 973/230/62
f 980/226/58 977/361/270 976/360/119
f 981/235/264 978/370/142 982/371/140
f 980/226/58 992/367/271 981/362/264
f 989/234/263 992/372/271 991/232/64
f 985/227/59 991/366/64 990/228/60
f 986/229/61 983/373/65 987/374/122
f 976/360/119 986/364/61 985/227/59
f 977/375/270 978/370/142 974/369/141
f 971/536/117 1050/537/150 1051/538/151
f 950/515/97 1041/539/272 952/517/266
f 958/520/102 1051/538/151 1044/540/273
f 948/512/95 1040/541/274 950/515/97
f 946/510/93 1039/542/275 948/543/95
f 954/519/101 1041/539/272 1042/544/156
f 964/527/109 1048/545/157 966/530/267
f 962/525/107 1047/546/276 964/547/109
f 944/508/91 1036/548/159 1037/549/277
f 966/530/267 1049/550/161 968/532/268
f 962/525/107 1045/551/162 1046/552/163
f 956/503/86 1042/544/156 1043/553/278
f 944/508/91 1038/554/165 946/510/93
f 968/532/268 1050/537/150 970/534/115
f 960/523/105 1044/540/273 1045/551/162
f 942/506/89 1043/553/278 1036/548/159
f 1045/551/162 1060/555/166 1061/556/167
f 1037/549/277 1054/557/168 1038/554/165
f 1047/558/276 1064/559/169 1048/545/157
f 1046/552/163 1063/560/170 1047/546/276
f 1048/545/157 1065/561/171 1049/550/161
f 1043/553/278 1058/562/172 1059/563/279
f 1049/550/161 1066/564/174 1050/537/150
f 1036/548/159 1059/563/279 1052/565/175
f 1051/538/151 1066/564/174 1067/566/176
f 1037/549/277 1052/565/175 1053/567/177
f 1042/544/156 1057/568/178 1058/562/172
f 1044/540/273 1067/566/176 1060/555/166
f 1046/552/163 1061/556/167 1062/569/179
f 1040/541/274 1057/568/178 1041/539/272
f 1038/554/165 1055/570/180 1039/542/275
f 1039/571/275 1056/572/181 1040/541/274
f 1060/555/166 1083/573/182 1076/574/280
f 1062/569/179 1077/575/184 1078/576/185
f 1056/572/181 1073/577/186 1057/568/178
f 1054/557/168 1071/578/281 1055/570/180
f 1055/579/180 1072/580/188 1056/572/181
f 1061/556/167 1076/574/280 1077/575/184
f 1053/567/177 1070/581/189 1054/557/168
f 1063/582/170 1080/583/190 1064/559/169
f 1062/569/179 1079/584/191 1063/560/170
f 1064/559/169 1081/585/192 1065/561/171
f 1059/563/279 1074/586/193 1075/587/194
f 1065/561/171 1082/588/282 1066/564/174
f 1052/565/175 1075/587/194 1068/589/283
f 1067/566/176 1082/588/282 1083/573/182
f 1053/567/177 1068/589/283 1069/590/197
f 1058/562/172 1073/577/186 1074/586/193
f 1081/585/192 1098/591/284 1082/588/282
f 1068/589/283 1091/592/199 1084/593/285
f 1083/573/182 1098/591/284 1099/594/201
f 1069/590/197 1084/593/285 1085/595/286
f 1074/586/193 1089/596/287 1090/597/204
f 1076/574/280 1099/594/201 1092/598/205
f 1078/576/185 1093/599/206 1094/600/207
f 1072/580/188 1089/596/287 1073/577/186
f 1070/581/189 1087/601/208 1071/578/281
f 1071/602/281 1088/603/209 1072/580/188
f 1077/575/184 1092/598/205 1093/599/206
f 1069/590/197 1086/604/210 1070/581/189
f 1079/605/191 1096/606/288 1080/583/190
f 1078/576/185 1095/607/212 1079/584/191
f 1080/583/190 1097/608/289 1081/585/192
f 1075/587/194 1090/597/204 1091/592/199
f 1085/595/286 1102/609/214 1086/604/210
f 1095/610/212 1112/611/215 1096/606/288
f 1094/600/207 1111/612/216 1095/607/212
f 1096/606/288 1113/613/217 1097/608/289
f 1091/592/199 1106/614/218 1107/615/290
f 1097/608/289 1114/616/291 1098/591/284
f 1084/593/285 1107/615/290 1100/617/292
f 1099/594/201 1114/616/291 1115/618/222
f 1085/595/286 1100/617/292 1101/619/293
f 1090/597/204 1105/620/294 1106/614/218
f 1092/598/205 1115/618/222 1108/621/225
f 1094/600/207 1109/622/295 1110/623/296
f 1088/603/209 1105/620/294 1089/596/287
f 1086/604/210 1103/624/228 1087/601/208
f 1087/625/208 1104/626/229 1088/603/209
f 1093/599/206 1108/621/225 1109/622/295
f 1110/623/296 1125/627/230 1126/628/231
f 1104/626/229 1121/629/232 1105/620/294
f 1102/609/214 1119/630/297 1103/624/228
f 1103/631/228 1120/632/234 1104/626/229
f 1109/622/295 1124/633/235 1125/627/230
f 1101/619/293 1118/634/236 1102/609/214
f 1111/635/216 1128/636/237 1112/611/215
f 1110/623/296 1127/637/238 1111/612/216
f 1112/611/215 1129/638/239 1113/613/217
f 1107/615/290 1122/639/240 1123/640/241
f 1113/613/217 1130/641/242 1114/616/291
f 1100/617/292 1123/640/241 1116/642/298
f 1115/618/222 1130/641/242 1131/643/244
f 1101/619/293 1116/642/298 1117/644/245
f 1106/614/218 1121/629/232 1122/639/240
f 1108/621/225 1131/643/244 1124/633/235
f 1129/638/239 1146/645/246 1130/641/242
f 1123/640/241 1132/646/247 1116/642/298
f 1130/641/242 1147/647/299 1131/643/244
f 1116/642/298 1133/648/249 1117/644/245
f 1121/629/232 1138/649/250 1122/639/240
f 1131/643/244 1140/650/251 1124/633/235
f 1125/627/230 1142/651/252 1126/628/231
f 1120/632/234 1137/652/253 1121/629/232
f 1118/634/236 1135/653/254 1119/630/297
f 1119/654/297 1136/655/255 1120/632/234
f 1124/633/235 1141/656/300 1125/627/230
f 1117/644/245 1134/657/257 1118/634/236
f 1127/658/238 1144/659/258 1128/636/237
f 1126/628/231 1143/660/259 1127/637/238
f 1128/636/237 1145/661/260 1129/638/239
f 1122/639/240 1139/662/261 1123/640/241
f 248/226/58 244/360/119 253/227/59
f 254/229/61 243/368/118 241/230/62
f 259/232/64 255/720/122 251/233/65
f 249/235/67 260/372/123 256/236/68
f 153/240/70 165/721/70 171/722/70
f 165/721/70 167/723/70 166/724/70
f 171/722/70 165/721/70 170/725/70
f 167/723/70 168/726/70 169/727/70
f 169/727/70 166/724/70 167/723/70
f 166/724/70 170/725/70 165/721/70
f 170/725/70 172/728/70 173/729/70
f 173/729/70 174/730/70 171/722/70
f 171/722/70 157/293/70 153/240/70
f 157/293/70 159/731/70 158/732/70
f 153/240/70 157/293/70 152/238/70
f 159/731/70 160/733/70 161/734/70
f 161/734/70 158/732/70 159/731/70
f 158/732/70 152/238/70 157/293/70
f 152/238/70 154/735/70 155/239/70
f 155/239/70 156/736/70 153/240/70
f 171/722/70 170/725/70 173/729/70
f 178/241/71 170/737/71 166/242/72
f 284/244/73 157/262/73 171/245/74
f 158/247/75 164/738/75 281/248/76
f 189/252/70 204/739/70 301/740/70
f 204/739/70 207/741/70 299/742/70
f 301/740/70 204/739/70 300/743/70
f 207/741/70 206/744/70 205/745/321
f 205/745/321 299/742/70 207/741/70
f 299/742/70 300/743/70 204/739/70
f 300/743/70 302/746/322 303/747/70
f 303/747/70 208/748/70 301/740/70
f 301/740/70 192/283/70 189/252/70
f 192/283/70 297/749/321 296/750/70
f 189/252/70 192/283/70 294/250/70
f 297/749/321 298/751/323 193/752/324
f 193/752/324 296/750/70 297/749/321
f 296/750/70 294/250/70 192/283/70
f 294/250/70 191/753/325 190/251/70
f 190/251/70 295/754/322 189/252/70
f 301/740/70 300/743/70 303/747/70
f 153/253/77 156/256/46 283/254/47
f 156/256/46 155/258/48 162/257/48
f 155/258/48 154/260/49 163/259/57
f 154/260/49 152/249/76 281/248/76
f 284/244/73 285/263/78 159/261/53
f 285/263/78 286/265/79 160/264/52
f 286/265/79 287/267/51 161/266/56
f 287/267/51 164/738/75 158/247/75
f 175/268/80 289/271/43 167/269/44
f 289/271/43 177/273/42 168/272/42
f 177/273/42 176/275/40 169/274/40
f 176/275/40 288/243/72 166/242/72
f 171/245/74 174/277/81 293/276/35
f 174/277/81 173/279/36 292/278/36
f 173/279/36 172/281/38 291/280/38
f 172/281/38 170/755/71 178/282/71
f 175/268/80 165/270/80 153/253/77
f 196/741/82 194/739/82 195/742/82
f 194/739/82 180/252/82 200/740/82
f 180/252/82 183/754/82 182/251/82
f 182/251/82 181/753/326 179/250/82
f 179/250/82 185/750/82 184/283/82
f 185/750/82 188/752/82 184/283/82
f 188/752/82 187/751/326 186/749/327
f 186/749/327 184/283/82 188/752/82
f 184/283/82 200/740/82 180/252/82
f 200/740/82 203/748/82 202/747/82
f 202/747/82 201/746/82 200/740/82
f 201/746/82 199/743/82 200/740/82
f 199/743/82 195/742/82 194/739/82
f 195/742/82 198/745/327 196/741/82
f 198/745/327 197/744/82 196/741/82
f 194/739/82 200/740/82 199/743/82
f 180/252/82 182/251/82 179/250/82
f 195/284/72 199/756/71 300/285/71
f 301/287/74 200/319/74 184/288/73
f 294/290/76 296/307/75 185/291/75
f 289/723/82 175/721/82 288/724/82
f 175/721/82 282/240/82 290/722/82
f 282/240/82 283/736/82 162/239/82
f 162/239/82 163/735/82 281/238/82
f 281/238/82 164/732/82 284/293/82
f 164/732/82 287/734/82 284/293/82
f 287/734/82 286/733/82 285/731/82
f 285/731/82 284/293/82 287/734/82
f 284/293/82 290/722/82 282/240/82
f 290/722/82 293/730/82 292/729/82
f 292/729/82 291/728/82 290/722/82
f 291/728/82 178/725/82 290/722/82
f 178/725/82 288/724/82 175/721/82
f 288/724/82 176/727/82 289/723/82
f 176/727/82 177/726/82 289/723/82
f 175/721/82 290/722/82 178/725/82
f 282/240/82 162/239/82 281/238/82
f 295/294/46 183/298/47 180/295/84
f 295/294/46 190/300/48 182/297/48
f 191/299/57 181/301/57 182/297/48
f 294/290/76 179/292/83 181/301/57
f 184/288/73 186/304/53 297/302/78
f 187/303/52 298/306/52 297/302/78
f 188/305/56 193/308/56 298/306/52
f 188/305/56 185/291/75 296/307/75
f 196/309/44 207/313/43 204/310/80
f 197/312/85 206/315/42 207/313/43
f 198/314/41 205/317/40 206/315/42
f 198/314/41 195/376/72 299/316/72
f 301/287/74 208/321/35 203/318/81
f 303/320/36 202/323/36 203/318/81
f 302/322/38 201/324/38 202/323/36
f 300/285/71 199/756/71 201/324/38
f 180/295/84 194/311/80 204/310/80
f 224/325/86 210/328/89 209/326/87
f 210/328/89 212/330/91 211/329/90
f 212/330/91 214/332/93 213/331/92
f 214/332/93 216/383/95 215/333/94
f 216/334/95 218/337/97 217/335/96
f 218/337/97 220/339/99 219/338/98
f 220/339/99 222/341/101 221/340/100
f 222/341/101 224/325/86 223/327/88
f 226/342/102 228/345/105 227/343/103
f 228/345/105 230/347/107 229/346/106
f 230/347/107 232/387/109 231/348/108
f 232/349/109 234/352/111 233/350/110
f 234/352/111 236/354/113 235/353/112
f 236/354/113 238/356/115 237/355/114
f 238/356/115 239/358/117 240/357/116
f 239/358/117 226/342/102 225/344/104
f 243/368/118 245/375/120 242/369/124
f 248/226/58 250/363/121 245/361/120
f 249/235/67 247/237/69 246/370/125
f 248/226/58 258/228/60 260/367/123
f 257/234/66 256/236/68 260/372/123
f 253/227/59 255/365/122 259/366/64
f 254/229/61 252/231/63 251/373/65
f 244/360/119 243/359/118 254/364/61
f 245/375/120 250/371/121 246/370/125
f 444/226/58 440/360/119 449/227/59
f 450/229/126 439/368/118 437/230/62
f 455/232/127 451/720/122 447/233/128
f 443/237/69 445/235/139 456/372/129
f 381/240/70 393/721/70 399/722/70
f 393/721/70 395/723/70 394/724/70
f 399/722/70 393/721/70 398/725/70
f 395/723/70 396/726/70 397/727/70
f 397/727/70 394/724/70 395/723/70
f 394/724/70 398/725/70 393/721/70
f 398/725/70 400/728/70 401/729/70
f 401/729/70 402/730/70 399/722/70
f 399/722/70 385/293/70 381/240/70
f 385/293/70 387/731/70 386/732/70
f 381/240/70 385/293/70 380/238/70
f 387/731/70 388/733/70 389/734/70
f 389/734/70 386/732/70 387/731/70
f 386/732/70 380/238/70 385/293/70
f 380/238/70 382/735/70 383/239/70
f 383/239/70 384/736/70 381/240/70
f 399/722/70 398/725/70 401/729/70
f 406/241/130 398/737/130 394/242/131
f 480/244/73 385/262/73 399/245/74
f 386/247/132 392/738/132 477/248/83
f 417/252/70 432/739/70 497/740/70
f 432/739/70 435/741/70 495/742/70
f 497/740/70 432/739/70 496/743/70
f 435/741/70 434/744/70 433/745/321
f 433/745/321 495/742/70 435/741/70
f 495/742/70 496/743/70 432/739/70
f 496/743/70 498/746/322 499/747/70
f 499/747/70 436/748/70 497/740/70
f 497/740/70 420/283/70 417/252/70
f 420/283/70 493/749/321 492/750/70
f 417/252/70 420/283/70 490/250/70
f 493/749/321 494/751/328 421/752/329
f 421/752/329 492/750/70 493/749/321
f 492/750/70 490/250/70 420/283/70
f 490/250/70 419/753/330 418/251/70
f 418/251/70 491/754/70 417/252/70
f 497/740/70 496/743/70 499/747/70
f 381/253/133 384/256/47 479/254/47
f 384/256/47 383/258/48 390/257/48
f 383/258/48 382/260/49 391/259/49
f 382/260/49 380/249/83 477/248/83
f 480/244/73 481/263/53 387/261/53
f 481/263/53 482/265/52 388/264/52
f 482/265/52 483/267/51 389/266/51
f 483/267/51 392/738/132 386/247/132
f 403/268/134 485/271/44 395/269/44
f 485/271/44 405/273/42 396/272/42
f 405/273/42 404/275/40 397/274/40
f 404/275/40 484/243/131 394/242/131
f 399/245/74 402/277/35 489/276/35
f 402/277/35 401/279/36 488/278/36
f 401/279/36 400/281/38 487/280/38
f 400/281/38 398/755/130 406/282/130
f 403/268/134 393/270/135 381/253/133
f 424/741/82 422/739/82 423/742/82
f 422/739/82 408/252/82 428/740/82
f 408/252/82 411/754/327 410/251/82
f 410/251/82 409/753/327 407/250/82
f 407/250/82 413/750/82 412/283/82
f 413/750/82 416/752/82 412/283/82
f 416/752/82 415/751/326 414/749/327
f 414/749/327 412/283/82 416/752/82
f 412/283/82 428/740/82 408/252/82
f 428/740/82 431/748/82 427/743/82
f 431/748/82 430/747/326 427/743/82
f 430/747/326 429/746/327 427/743/82
f 427/743/82 423/742/82 422/739/82
f 423/742/82 426/745/326 424/741/82
f 426/745/326 425/744/82 424/741/82
f 422/739/82 428/740/82 427/743/82
f 408/252/82 410/251/82 407/250/82
f 423/284/72 427/756/130 496/285/130
f 497/287/136 428/319/136 412/288/137
f 490/290/83 492/307/75 413/291/75
f 485/723/82 403/721/82 484/724/82
f 403/721/82 478/240/82 486/722/82
f 478/240/82 479/736/82 390/239/82
f 390/239/82 391/735/82 477/238/82
f 477/238/82 392/732/82 480/293/82
f 392/732/82 483/734/82 480/293/82
f 483/734/82 482/733/82 481/731/82
f 481/731/82 480/293/82 483/734/82
f 480/293/82 486/722/82 478/240/82
f 486/722/82 489/730/82 406/725/82
f 489/730/82 488/729/82 406/725/82
f 488/729/82 487/728/82 406/725/82
f 406/725/82 484/724/82 403/721/82
f 484/724/82 404/727/82 485/723/82
f 404/727/82 405/726/82 485/723/82
f 403/721/82 486/722/82 406/725/82
f 478/240/82 390/239/82 477/238/82
f 491/294/47 411/298/47 408/295/84
f 491/294/47 418/300/48 410/297/48
f 419/299/49 409/301/49 410/297/48
f 490/290/83 407/292/76 409/301/49
f 412/288/137 414/304/53 493/302/53
f 415/303/52 494/306/52 493/302/53
f 416/305/51 421/308/51 494/306/52
f 416/305/51 413/291/75 492/307/75
f 424/309/44 435/313/44 432/310/135
f 425/312/42 434/315/42 435/313/44
f 426/314/40 433/317/40 434/315/42
f 426/314/40 423/376/72 495/316/72
f 497/287/136 436/321/35 431/318/35
f 499/320/36 430/323/36 431/318/35
f 498/322/38 429/324/38 430/323/36
f 496/285/130 427/756/130 429/324/38
f 408/295/84 422/311/135 432/310/135
f 439/368/118 441/375/120 438/369/141
f 444/226/58 446/363/140 441/361/120
f 445/235/139 443/237/69 442/370/142
f 444/226/58 454/228/60 456/367/129
f 453/234/66 452/236/68 456/372/129
f 449/227/59 451/365/122 455/366/127
f 450/229/126 448/231/63 447/373/128
f 440/360/119 439/359/118 450/364/126
f 441/375/120 446/371/140 442/370/142
f 640/226/58 636/360/146 645/227/59
f 646/229/126 635/368/145 633/230/62
f 651/232/144 647/720/149 643/233/128
f 639/237/69 641/235/147 652/372/129
f 577/240/70 589/721/70 595/722/70
f 589/721/70 591/723/70 590/724/70
f 595/722/70 589/721/70 594/725/70
f 591/723/70 592/726/70 593/727/70
f 593/727/70 590/724/70 591/723/70
f 590/724/70 594/725/70 589/721/70
f 594/725/70 596/728/70 597/729/70
f 597/729/70 598/730/70 595/722/70
f 595/722/70 581/293/70 577/240/70
f 581/293/70 583/731/70 582/732/70
f 577/240/70 581/293/70 576/238/70
f 583/731/70 584/733/70 585/734/70
f 585/734/70 582/732/70 583/731/70
f 582/732/70 576/238/70 581/293/70
f 576/238/70 578/735/70 579/239/70
f 579/239/70 580/736/322 577/240/70
f 595/722/70 594/725/70 597/729/70
f 602/241/71 594/737/71 590/242/72
f 676/244/73 581/262/73 595/245/74
f 582/247/75 588/738/75 673/248/76
f 613/252/70 628/739/70 693/740/70
f 628/739/70 631/741/70 691/742/70
f 693/740/70 628/739/70 692/743/70
f 631/741/70 630/744/70 629/745/70
f 629/745/70 691/742/70 631/741/70
f 691/742/70 692/743/70 628/739/70
f 692/743/70 694/746/70 695/747/70
f 695/747/70 632/748/70 693/740/70
f 693/740/70 616/283/70 613/252/70
f 616/283/70 689/749/70 688/750/70
f 613/252/70 616/283/70 686/250/70
f 689/749/70 690/751/70 617/752/70
f 617/752/70 688/750/70 689/749/70
f 688/750/70 686/250/70 616/283/70
f 686/250/70 615/753/70 614/251/70
f 614/251/70 687/754/70 613/252/70
f 693/740/70 692/743/70 695/747/70
f 577/253/133 580/256/47 675/254/47
f 580/256/47 579/258/48 586/257/48
f 579/258/48 578/260/49 587/259/49
f 578/260/49 576/249/76 673/248/76
f 676/244/73 677/263/53 583/261/53
f 677/263/53 678/265/52 584/264/52
f 678/265/52 679/267/51 585/266/51
f 679/267/51 588/738/75 582/247/75
f 599/268/134 681/271/44 591/269/44
f 681/271/44 601/273/42 592/272/42
f 601/273/42 600/275/40 593/274/40
f 600/275/40 680/243/72 590/242/72
f 595/245/74 598/277/35 685/276/35
f 598/277/35 597/279/36 684/278/36
f 597/279/36 596/281/38 683/280/38
f 596/281/38 594/755/71 602/282/71
f 599/268/134 589/270/135 577/253/133
f 620/741/82 618/739/82 619/742/82
f 618/739/82 604/252/82 624/740/82
f 604/252/82 607/754/82 606/251/82
f 606/251/82 605/753/327 603/250/82
f 603/250/82 609/750/82 608/283/82
f 609/750/82 612/752/82 608/283/82
f 612/752/82 611/751/82 610/749/82
f 610/749/82 608/283/82 612/752/82
f 608/283/82 624/740/82 604/252/82
f 624/740/82 627/748/82 623/743/82
f 627/748/82 626/747/82 623/743/82
f 626/747/82 625/746/82 623/743/82
f 623/743/82 619/742/82 618/739/82
f 619/742/82 622/745/82 620/741/82
f 622/745/82 621/744/82 620/741/82
f 618/739/82 624/740/82 623/743/82
f 604/252/82 606/251/82 603/250/82
f 619/284/72 623/756/71 692/285/71
f 624/319/136 608/288/138 616/289/138
f 686/290/76 688/307/75 609/291/75
f 681/723/82 599/721/82 680/724/82
f 599/721/82 674/240/82 682/722/82
f 674/240/82 675/736/326 586/239/82
f 586/239/82 587/735/82 673/238/82
f 673/238/82 588/732/82 676/293/82
f 588/732/82 679/734/82 676/293/82
f 679/734/82 678/733/326 677/731/82
f 677/731/82 676/293/82 679/734/82
f 676/293/82 682/722/82 674/240/82
f 682/722/82 685/730/82 602/725/82
f 685/730/82 684/729/82 602/725/82
f 684/729/82 683/728/82 602/725/82
f 602/725/82 680/724/82 599/721/82
f 680/724/82 600/727/82 681/723/82
f 600/727/82 601/726/326 681/723/82
f 599/721/82 682/722/82 602/725/82
f 674/240/82 586/239/82 673/238/82
f 687/294/47 607/298/47 604/295/84
f 614/300/48 606/297/48 607/298/47
f 615/299/49 605/301/49 606/297/48
f 686/290/76 603/292/83 605/301/49
f 610/304/53 689/302/53 616/289/138
f 611/303/52 690/306/52 689/302/53
f 612/305/51 617/308/51 690/306/52
f 609/291/75 688/307/75 617/308/51
f 620/309/44 631/313/44 628/310/135
f 621/312/42 630/315/42 631/313/44
f 622/314/40 629/317/40 630/315/42
f 619/376/72 691/316/72 629/317/40
f 632/321/35 627/318/35 624/319/136
f 695/320/36 626/323/36 627/318/35
f 694/322/38 625/324/38 626/323/36
f 692/285/71 623/756/71 625/324/38
f 604/295/84 618/311/135 628/310/135
f 635/368/145 637/375/120 634/369/141
f 640/226/58 642/363/148 637/361/120
f 641/235/147 639/237/69 638/370/142
f 640/226/58 650/228/143 652/367/129
f 649/234/66 648/236/68 652/372/129
f 650/228/143 645/227/59 647/365/149
f 646/229/126 644/231/63 643/373/128
f 636/360/146 635/359/145 646/364/126
f 637/375/120 642/371/148 638/370/142
f 239/358/117 238/356/115 710/377/150
f 218/337/97 700/381/154 701/379/152
f 226/342/102 239/358/117 711/378/151
f 216/334/95 699/411/155 700/381/154
f 214/332/93 698/394/165 699/382/155
f 222/341/101 220/339/99 701/379/152
f 232/349/109 707/398/158 708/385/157
f 230/347/107 706/392/163 707/386/158
f 212/330/91 210/328/89 696/388/159
f 234/352/111 708/385/157 709/390/161
f 230/347/107 228/345/105 705/391/162
f 224/325/86 222/341/101 702/384/156
f 212/330/91 697/389/160 698/394/165
f 236/354/113 709/390/161 710/377/150
f 228/345/105 226/342/102 704/380/153
f 210/328/89 224/325/86 703/393/164
f 705/391/162 704/380/153 720/395/166
f 697/389/160 713/407/177 714/397/168
f 707/398/158 723/422/170 724/399/169
f 706/392/163 722/409/179 723/400/170
f 708/385/157 724/399/169 725/401/171
f 703/393/164 702/384/156 718/402/172
f 709/390/161 725/401/171 726/404/174
f 696/388/159 703/393/164 719/403/173
f 711/378/151 710/377/150 726/404/174
f 697/389/160 696/388/159 712/405/175
f 702/384/156 701/379/152 717/408/178
f 704/380/153 711/378/151 727/406/176
f 706/392/163 705/391/162 721/396/167
f 700/381/154 716/412/181 717/408/178
f 698/394/165 714/397/168 715/410/180
f 699/411/155 715/419/180 716/412/181
f 720/395/166 727/406/176 743/413/182
f 722/409/179 721/396/167 737/415/184
f 716/412/181 732/420/188 733/417/186
f 714/397/168 730/421/189 731/418/187
f 715/419/180 731/442/187 732/420/188
f 721/396/167 720/395/166 736/414/183
f 713/407/177 729/430/197 730/421/189
f 723/422/170 739/445/191 740/423/190
f 722/409/179 738/416/185 739/424/191
f 724/399/169 740/423/190 741/425/192
f 719/403/173 718/402/172 734/426/193
f 725/401/171 741/425/192 742/428/195
f 712/405/175 719/403/173 735/427/194
f 727/406/176 726/404/174 742/428/195
f 713/407/177 712/405/175 728/429/196
f 718/402/172 717/408/178 733/417/186
f 741/425/192 757/448/213 758/431/198
f 728/429/196 735/427/194 751/432/199
f 743/413/182 742/428/195 758/431/198
f 729/430/197 728/429/196 744/433/200
f 734/426/193 733/417/186 749/436/203
f 736/414/183 743/413/182 759/434/201
f 738/416/185 737/415/184 753/439/206
f 732/420/188 748/443/209 749/436/203
f 730/421/189 746/444/210 747/441/208
f 731/442/187 747/465/208 748/443/209
f 737/415/184 736/414/183 752/438/205
f 729/430/197 745/435/202 746/444/210
f 739/445/191 755/450/212 756/446/211
f 738/416/185 754/440/207 755/447/212
f 740/423/190 756/446/211 757/448/213
f 735/427/194 734/426/193 750/437/204
f 745/435/202 761/459/223 762/449/214
f 755/450/212 771/475/216 772/451/215
f 754/440/207 770/463/227 771/452/216
f 756/446/211 772/451/215 773/453/217
f 751/432/199 750/437/204 766/454/218
f 757/448/213 773/453/217 774/456/220
f 744/433/200 751/432/199 767/455/219
f 759/434/201 758/431/198 774/456/220
f 745/435/202 744/433/200 760/457/221
f 750/437/204 749/436/203 765/460/224
f 752/438/205 759/434/201 775/458/222
f 754/440/207 753/439/206 769/462/226
f 748/443/209 764/466/229 765/460/224
f 746/444/210 762/449/214 763/464/228
f 747/465/208 763/471/228 764/466/229
f 753/439/206 752/438/205 768/461/225
f 770/463/227 769/462/226 785/467/230
f 764/466/229 780/472/234 781/469/232
f 762/449/214 778/474/236 779/470/233
f 763/471/228 779/494/233 780/472/234
f 769/462/226 768/461/225 784/473/235
f 761/459/223 777/484/245 778/474/236
f 771/475/216 787/498/238 788/476/237
f 770/463/227 786/468/231 787/477/238
f 772/451/215 788/476/237 789/478/239
f 767/455/219 766/454/218 782/479/240
f 773/453/217 789/478/239 790/481/242
f 760/457/221 767/455/219 783/480/241
f 775/458/222 774/456/220 790/481/242
f 761/459/223 760/457/221 776/482/243
f 766/454/218 765/460/224 781/469/232
f 768/461/225 775/458/222 791/483/244
f 789/478/239 805/501/260 806/485/246
f 783/480/241 799/502/261 792/486/247
f 790/481/242 806/485/246 807/487/248
f 776/482/243 792/486/247 793/488/249
f 781/469/232 797/492/253 798/489/250
f 791/483/244 807/487/248 800/490/251
f 785/467/230 801/496/256 802/491/252
f 780/472/234 796/495/255 797/492/253
f 778/474/236 794/497/257 795/493/254
f 779/494/233 795/757/254 796/495/255
f 784/473/235 800/490/251 801/496/256
f 777/484/245 793/488/249 794/497/257
f 787/498/238 803/758/259 804/499/258
f 786/468/231 802/491/252 803/500/259
f 788/476/237 804/499/258 805/501/260
f 782/479/240 798/489/250 799/502/261
f 980/226/58 976/360/119 985/227/59
f 984/231/63 986/229/61 975/368/262
f 991/232/64 987/720/122 983/233/65
f 981/235/264 992/372/271 988/236/68
f 885/240/70 897/721/70 903/722/70
f 897/721/70 899/723/70 898/724/70
f 903/722/70 897/721/70 902/725/70
f 899/723/70 900/726/70 901/727/70
f 901/727/70 898/724/70 899/723/70
f 898/724/70 902/725/70 897/721/70
f 902/725/70 904/728/331 905/729/70
f 905/729/70 906/730/331 903/722/70
f 903/722/70 889/293/70 885/240/70
f 889/293/70 891/731/70 890/732/70
f 885/240/70 889/293/70 884/238/70
f 891/731/70 892/733/70 893/734/70
f 893/734/70 890/732/70 891/731/70
f 890/732/70 884/238/70 889/293/70
f 884/238/70 886/735/322 887/239/70
f 887/239/70 888/736/322 885/240/70
f 903/722/70 902/725/70 905/729/70
f 910/241/71 902/737/71 898/242/72
f 1016/244/138 889/262/138 903/245/136
f 890/247/75 896/738/75 1013/248/76
f 921/252/70 936/739/70 1033/740/70
f 936/739/70 939/741/70 1031/742/70
f 1033/740/70 936/739/70 1032/743/70
f 939/741/70 938/744/70 937/745/70
f 937/745/70 1031/742/70 939/741/70
f 1031/742/70 1032/743/70 936/739/70
f 1032/743/70 1034/746/70 1035/747/70
f 1035/747/70 940/748/70 1033/740/70
f 1033/740/70 924/283/70 921/252/70
f 924/283/70 1029/749/70 1028/750/70
f 921/252/70 924/283/70 1026/250/70
f 1029/749/70 1030/751/70 925/752/70
f 925/752/70 1028/750/70 1029/749/70
f 1028/750/70 1026/250/70 924/283/70
f 1026/250/70 923/753/70 922/251/70
f 922/251/70 1027/754/70 921/252/70
f 1033/740/70 1032/743/70 1035/747/70
f 885/253/133 888/256/46 1015/254/47
f 888/256/46 887/258/48 894/257/48
f 887/258/48 886/260/57 895/259/49
f 886/260/57 884/249/76 1013/248/76
f 1016/244/138 1017/263/53 891/261/53
f 1017/263/53 1018/265/52 892/264/52
f 1018/265/52 1019/267/56 893/266/51
f 1019/267/56 896/738/75 890/247/75
f 907/268/135 1021/271/43 899/269/44
f 1021/271/43 909/273/42 900/272/85
f 909/273/42 908/275/40 901/274/40
f 908/275/40 1020/243/72 898/242/72
f 903/245/136 906/277/81 1025/276/35
f 906/277/81 905/279/36 1024/278/36
f 905/279/36 904/281/38 1023/280/38
f 904/281/38 902/755/71 910/282/71
f 907/268/135 897/270/135 885/253/133
f 928/741/82 926/739/82 927/742/82
f 926/739/82 912/252/82 932/740/82
f 912/252/82 915/754/82 914/251/82
f 914/251/82 913/753/82 911/250/82
f 911/250/82 917/750/82 916/283/82
f 917/750/82 920/752/82 916/283/82
f 920/752/82 919/751/82 918/749/82
f 918/749/82 916/283/82 920/752/82
f 916/283/82 932/740/82 912/252/82
f 932/740/82 935/748/82 934/747/82
f 934/747/82 933/746/82 932/740/82
f 933/746/82 931/743/82 932/740/82
f 931/743/82 927/742/82 926/739/82
f 927/742/82 930/745/82 928/741/82
f 930/745/82 929/744/82 928/741/82
f 926/739/82 932/740/82 931/743/82
f 912/252/82 914/251/82 911/250/82
f 927/284/72 931/756/71 1032/285/71
f 932/319/136 916/288/138 924/289/138
f 1026/290/76 1028/307/75 917/291/75
f 1021/723/82 907/721/82 1020/724/82
f 907/721/82 1014/240/82 1022/722/82
f 1014/240/82 1015/736/327 894/239/82
f 894/239/82 895/735/327 1013/238/82
f 1013/238/82 896/732/82 1016/293/82
f 896/732/82 1019/734/82 1016/293/82
f 1019/734/82 1018/733/326 1017/731/82
f 1017/731/82 1016/293/82 1019/734/82
f 1016/293/82 1022/722/82 1014/240/82
f 1022/722/82 1025/730/82 1024/729/82
f 1024/729/82 1023/728/82 1022/722/82
f 1023/728/82 910/725/82 1022/722/82
f 910/725/82 1020/724/82 907/721/82
f 1020/724/82 908/727/82 1021/723/82
f 908/727/82 909/726/326 1021/723/82
f 907/721/82 1022/722/82 910/725/82
f 1014/240/82 894/239/82 1013/238/82
f 1027/294/47 915/298/46 912/295/84
f 922/300/48 914/297/48 915/298/46
f 923/299/57 913/301/49 914/297/48
f 1026/290/76 911/292/76 913/301/49
f 918/304/53 1029/302/78 924/289/138
f 919/303/52 1030/306/79 1029/302/78
f 920/305/56 925/308/51 1030/306/79
f 917/291/75 1028/307/75 925/308/51
f 928/309/44 939/313/43 936/310/135
f 929/312/42 938/315/42 939/313/43
f 930/314/40 937/317/40 938/315/42
f 927/376/72 1031/316/72 937/317/40
f 940/321/35 935/318/81 932/319/136
f 1035/320/36 934/323/36 935/318/81
f 1034/322/38 933/324/38 934/323/36
f 1032/285/71 931/756/71 933/324/38
f 912/295/84 926/311/135 936/310/135
f 956/503/86 942/506/89 941/504/87
f 942/506/89 944/508/91 943/507/90
f 944/508/91 946/510/93 945/509/92
f 946/510/93 948/543/95 947/511/94
f 948/512/95 950/515/97 949/513/265
f 950/515/97 952/517/266 951/516/98
f 952/517/266 954/519/101 953/518/100
f 954/519/101 956/503/86 955/505/88
f 958/520/102 960/523/105 959/521/103
f 960/523/105 962/525/107 961/524/106
f 962/525/107 964/547/109 963/526/108
f 964/527/109 966/530/267 965/528/110
f 966/530/267 968/532/268 967/531/112
f 968/532/268 970/534/115 969/533/114
f 970/534/115 971/536/117 972/535/269
f 971/536/117 958/520/102 957/522/104
f 975/368/262 977/375/270 974/369/141
f 980/226/58 982/363/140 977/361/270
f 981/235/264 979/237/69 978/370/142
f 980/226/58 990/228/60 992/367/271
f 989/234/263 988/236/68 992/372/271
f 985/227/59 987/365/122 991/366/64
f 986/229/61 984/231/63 983/373/65
f 976/360/119 975/359/262 986/364/61
f 977/375/270 982/371/140 978/370/142
f 971/536/117 970/534/115 1050/537/150
f 950/515/97 1040/541/274 1041/539/272
f 958/520/102 971/536/117 1051/538/151
f 948/512/95 1039/571/275 1040/541/274
f 946/510/93 1038/554/165 1039/542/275
f 954/519/101 952/517/266 1041/539/272
f 964/527/109 1047/558/276 1048/545/157
f 962/525/107 1046/552/163 1047/546/276
f 944/508/91 942/506/89 1036/548/159
f 966/530/267 1048/545/157 1049/550/161
f 962/525/107 960/523/105 1045/551/162
f 956/503/86 954/519/101 1042/544/156
f 944/508/91 1037/549/277 1038/554/165
f 968/532/268 1049/550/161 1050/537/150
f 960/523/105 958/520/102 1044/540/273
f 942/506/89 956/503/86 1043/553/278
f 1045/551/162 1044/540/273 1060/555/166
f 1037/549/277 1053/567/177 1054/557/168
f 1047/558/276 1063/582/170 1064/559/169
f 1046/552/163 1062/569/179 1063/560/170
f 1048/545/157 1064/559/169 1065/561/171
f 1043/553/278 1042/544/156 1058/562/172
f 1049/550/161 1065/561/171 1066/564/174
f 1036/548/159 1043/553/278 1059/563/279
f 1051/538/151 1050/537/150 1066/564/174
f 1037/549/277 1036/548/159 1052/565/175
f 1042/544/156 1041/539/272 1057/568/178
f 1044/540/273 1051/538/151 1067/566/176
f 1046/552/163 1045/551/162 1061/556/167
f 1040/541/274 1056/572/181 1057/568/178
f 1038/554/165 1054/557/168 1055/570/180
f 1039/571/275 1055/579/180 1056/572/181
f 1060/555/166 1067/566/176 1083/573/182
f 1062/569/179 1061/556/167 1077/575/184
f 1056/572/181 1072/580/188 1073/577/186
f 1054/557/168 1070/581/189 1071/578/281
f 1055/579/180 1071/602/281 1072/580/188
f 1061/556/167 1060/555/166 1076/574/280
f 1053/567/177 1069/590/197 1070/581/189
f 1063/582/170 1079/605/191 1080/583/190
f 1062/569/179 1078/576/185 1079/584/191
f 1064/559/169 1080/583/190 1081/585/192
f 1059/563/279 1058/562/172 1074/586/193
f 1065/561/171 1081/585/192 1082/588/282
f 1052/565/175 1059/563/279 1075/587/194
f 1067/566/176 1066/564/174 1082/588/282
f 1053/567/177 1052/565/175 1068/589/283
f 1058/562/172 1057/568/178 1073/577/186
f 1081/585/192 1097/608/289 1098/591/284
f 1068/589/283 1075/587/194 1091/592/199
f 1083/573/182 1082/588/282 1098/591/284
f 1069/590/197 1068/589/283 1084/593/285
f 1074/586/193 1073/577/186 1089/596/287
f 1076/574/280 1083/573/182 1099/594/201
f 1078/576/185 1077/575/184 1093/599/206
f 1072/580/188 1088/603/209 1089/596/287
f 1070/581/189 1086/604/210 1087/601/208
f 1071/602/281 1087/625/208 1088/603/209
f 1077/575/184 1076/574/280 1092/598/205
f 1069/590/197 1085/595/286 1086/604/210
f 1079/605/191 1095/610/212 1096/606/288
f 1078/576/185 1094/600/207 1095/607/212
f 1080/583/190 1096/606/288 1097/608/289
f 1075/587/194 1074/586/193 1090/597/204
f 1085/595/286 1101/619/293 1102/609/214
f 1095/610/212 1111/635/216 1112/611/215
f 1094/600/207 1110/623/296 1111/612/216
f 1096/606/288 1112/611/215 1113/613/217
f 1091/592/199 1090/597/204 1106/614/218
f 1097/608/289 1113/613/217 1114/616/291
f 1084/593/285 1091/592/199 1107/615/290
f 1099/594/201 1098/591/284 1114/616/291
f 1085/595/286 1084/593/285 1100/617/292
f 1090/597/204 1089/596/287 1105/620/294
f 1092/598/205 1099/594/201 1115/618/222
f 1094/600/207 1093/599/206 1109/622/295
f 1088/603/209 1104/626/229 1105/620/294
f 1086/604/210 1102/609/214 1103/624/228
f 1087/625/208 1103/631/228 1104/626/229
f 1093/599/206 1092/598/205 1108/621/225
f 1110/623/296 1109/622/295 1125/627/230
f 1104/626/229 1120/632/234 1121/629/232
f 1102/609/214 1118/634/236 1119/630/297
f 1103/631/228 1119/654/297 1120/632/234
f 1109/622/295 1108/621/225 1124/633/235
f 1101/619/293 1117/644/245 1118/634/236
f 1111/635/216 1127/658/238 1128/636/237
f 1110/623/296 1126/628/231 1127/637/238
f 1112/611/215 1128/636/237 1129/638/239
f 1107/615/290 1106/614/218 1122/639/240
f 1113/613/217 1129/638/239 1130/641/242
f 1100/617/292 1107/615/290 1123/640/241
f 1115/618/222 1114/616/291 1130/641/242
f 1101/619/293 1100/617/292 1116/642/298
f 1106/614/218 1105/620/294 1121/629/232
f 1108/621/225 1115/618/222 1131/643/244
f 1129/638/239 1145/661/260 1146/645/246
f 1123/640/241 1139/662/261 1132/646/247
f 1130/641/242 1146/645/246 1147/647/299
f 1116/642/298 1132/646/247 1133/648/249
f 1121/629/232 1137/652/253 1138/649/250
f 1131/643/244 1147/647/299 1140/650/251
f 1125/627/230 1141/656/300 1142/651/252
f 1120/632/234 1136/655/255 1137/652/253
f 1118/634/236 1134/657/257 1135/653/254
f 1119/654/297 1135/759/254 1136/655/255
f 1124/633/235 1140/650/251 1141/656/300
f 1117/644/245 1133/648/249 1134/657/257
f 1127/658/238 1143/760/259 1144/659/258
f 1126/628/231 1142/651/252 1143/660/259
f 1128/636/237 1144/659/258 1145/661/260
f 1122/639/240 1138/649/250 1139/662/261
usemtl mat_garage_tool_table
f 263/663/301 78/664/301 79/665/301
f 264/666/302 270/667/303 271/668/303
f 262/669/304 266/670/305 267/671/305
f 265/672/306 267/671/305 266/670/305
f 278/673/307 273/674/308 274/675/308
f 269/676/309 271/668/303 270/667/303
f 269/676/309 280/677/307 272/678/309
f 265/672/306 274/675/308 268/679/306
f 279/680/82 276/681/82 247/682/69
f 273/683/70 278/684/70 252/685/70
f 261/686/310 77/687/310 76/688/310
f 85/689/311 87/690/311 257/691/311
f 86/692/312 79/693/312 78/694/312
f 242/695/313 83/696/313 81/697/313
f 82/698/314 81/697/314 83/696/314
f 80/699/315 76/700/315 77/701/315
f 459/663/301 306/664/301 307/665/301
f 460/666/302 466/667/303 467/668/303
f 458/669/304 462/670/305 463/671/305
f 461/672/316 463/671/305 462/670/305
f 474/673/307 469/674/308 470/675/308
f 465/676/317 467/668/303 466/667/303
f 465/676/317 476/677/307 468/678/317
f 461/672/316 470/675/308 464/679/316
f 475/680/82 472/681/82 443/682/69
f 469/683/70 474/684/70 448/685/70
f 457/686/310 305/687/310 304/688/310
f 313/689/311 315/690/318 453/691/311
f 314/692/312 307/693/312 306/694/312
f 438/695/313 311/696/313 309/697/319
f 310/698/314 309/697/314 311/696/314
f 308/699/315 304/700/315 305/701/315
f 655/663/301 502/664/301 503/665/301
f 656/666/302 662/667/303 663/668/303
f 654/669/304 658/670/305 659/671/305
f 657/672/316 659/671/305 658/670/305
f 670/673/307 665/674/308 666/675/308
f 661/676/317 663/668/303 662/667/303
f 661/676/317 672/677/307 664/678/317
f 657/672/316 666/675/308 660/679/316
f 671/680/82 668/681/82 639/682/69
f 665/683/70 670/684/70 644/685/70
f 653/686/310 501/687/310 500/688/310
f 509/689/311 511/690/318 649/691/311
f 510/692/312 503/693/312 502/694/312
f 638/702/313 507/696/319 505/697/313
f 506/698/314 505/697/314 507/696/314
f 504/699/315 500/700/315 501/701/315
f 995/663/301 810/664/301 811/665/301
f 996/666/302 1002/667/303 1003/668/320
f 994/669/304 998/670/305 999/671/305
f 997/672/306 999/671/305 998/670/305
f 1010/673/307 1005/674/308 1006/675/308
f 1001/676/309 1003/668/320 1002/667/303
f 1001/676/309 1012/677/307 1004/678/309
f 997/672/306 1006/675/308 1000/679/306
f 1011/680/82 1008/681/82 979/682/69
f 1005/683/70 1010/684/70 984/685/70
f 993/686/310 809/687/310 808/688/310
f 817/689/311 819/690/311 989/691/311
f 818/692/312 811/693/312 810/694/312
f 974/695/313 815/696/313 813/697/313
f 814/698/314 813/697/314 815/696/314
f 812/699/315 808/700/315 809/701/315
f 263/663/301 264/761/301 78/664/301
f 264/666/302 263/762/302 270/667/303
f 262/669/304 261/763/304 266/670/305
f 265/672/306 268/679/306 267/671/305
f 274/675/308 275/764/308 280/677/307
f 275/764/308 276/765/308 280/677/307
f 276/765/308 279/766/307 280/677/307
f 280/677/307 277/767/307 274/675/308
f 277/767/307 278/673/307 274/675/308
f 269/676/309 272/678/309 271/668/303
f 269/676/309 278/673/307 277/767/307
f 280/677/307 279/766/307 272/678/309
f 269/676/309 277/767/307 280/677/307
f 265/672/306 276/765/308 275/764/308
f 274/675/308 273/674/308 268/679/306
f 265/672/306 275/764/308 274/675/308
f 266/768/82 261/769/82 76/770/82
f 76/770/82 82/771/82 266/768/82
f 82/771/82 83/772/82 265/773/82
f 266/768/82 82/771/82 265/773/82
f 83/772/82 247/682/69 265/773/82
f 247/682/69 256/774/68 279/680/82
f 256/774/68 87/775/82 272/776/82
f 87/775/82 86/777/82 272/776/82
f 86/777/82 78/778/82 271/779/82
f 78/778/82 264/780/82 271/779/82
f 86/777/82 271/779/82 272/776/82
f 276/681/82 265/773/82 247/682/69
f 256/774/68 272/776/82 279/680/82
f 270/781/70 263/782/70 79/783/70
f 79/783/70 84/784/70 270/781/70
f 84/784/70 85/785/70 269/786/70
f 270/781/70 84/784/70 269/786/70
f 85/785/70 252/685/70 269/786/70
f 252/685/70 241/787/70 273/683/70
f 241/787/70 81/788/70 268/789/70
f 81/788/70 80/790/70 268/789/70
f 80/790/70 77/791/70 267/792/70
f 77/791/70 262/793/70 267/792/70
f 80/790/70 267/792/70 268/789/70
f 278/684/70 269/786/70 252/685/70
f 241/787/70 268/789/70 273/683/70
f 261/686/310 262/794/310 77/687/310
f 251/795/311 252/796/311 85/689/311
f 87/690/311 256/797/332 257/691/311
f 257/691/311 251/795/311 85/689/311
f 86/692/312 84/798/312 79/693/312
f 246/702/313 247/799/313 83/696/313
f 81/697/313 241/800/313 242/695/313
f 242/695/313 246/702/313 83/696/313
f 82/698/314 80/699/314 81/697/314
f 80/699/315 82/698/315 76/700/315
f 459/663/301 460/761/301 306/664/301
f 460/666/302 459/762/302 466/667/303
f 458/669/304 457/763/304 462/670/305
f 461/672/316 464/679/316 463/671/305
f 470/675/308 471/764/308 476/677/307
f 471/764/308 472/765/308 476/677/307
f 472/765/308 475/766/307 476/677/307
f 476/677/307 473/767/307 470/675/308
f 473/767/307 474/673/307 470/675/308
f 465/676/317 468/678/317 467/668/303
f 465/676/317 474/673/307 473/767/307
f 476/677/307 475/766/307 468/678/317
f 465/676/317 473/767/307 476/677/307
f 461/672/316 472/765/308 471/764/308
f 470/675/308 469/674/308 464/679/316
f 461/672/316 471/764/308 470/675/308
f 462/768/82 457/769/82 304/770/82
f 304/770/82 310/771/82 462/768/82
f 310/771/82 311/772/82 461/773/82
f 462/768/82 310/771/82 461/773/82
f 311/772/82 443/682/69 461/773/82
f 443/682/69 452/774/68 475/680/82
f 452/774/68 315/775/82 468/776/82
f 315/775/82 314/777/82 468/776/82
f 314/777/82 306/778/82 467/779/82
f 306/778/82 460/780/82 467/779/82
f 314/777/82 467/779/82 468/776/82
f 472/681/82 461/773/82 443/682/69
f 452/774/68 468/776/82 475/680/82
f 466/781/70 459/782/70 307/783/70
f 307/783/70 312/784/70 466/781/70
f 312/784/70 313/785/70 465/786/70
f 466/781/70 312/784/70 465/786/70
f 313/785/70 448/685/70 465/786/70
f 448/685/70 437/787/70 469/683/70
f 437/787/70 309/788/70 464/789/70
f 309/788/70 308/790/70 464/789/70
f 308/790/70 305/791/70 463/792/70
f 305/791/70 458/793/70 463/792/70
f 308/790/70 463/792/70 464/789/70
f 474/684/70 465/786/70 448/685/70
f 437/787/70 464/789/70 469/683/70
f 457/686/310 458/794/310 305/687/310
f 447/795/311 448/796/311 313/689/311
f 315/690/318 452/797/311 453/691/311
f 453/691/311 447/795/311 313/689/311
f 314/692/312 312/798/312 307/693/312
f 442/702/313 443/799/313 311/696/313
f 309/697/319 437/800/313 438/695/313
f 438/695/313 442/702/313 311/696/313
f 310/698/314 308/699/314 309/697/314
f 308/699/315 310/698/315 304/700/315
f 655/663/301 656/761/301 502/664/301
f 656/666/302 655/762/302 662/667/303
f 654/669/304 653/763/304 658/670/305
f 657/672/316 660/679/316 659/671/305
f 666/675/308 667/764/308 672/677/307
f 667/764/308 668/765/308 672/677/307
f 668/765/308 671/766/307 672/677/307
f 672/677/307 669/767/307 666/675/308
f 669/767/307 670/673/307 666/675/308
f 661/676/317 664/678/317 663/668/303
f 661/676/317 670/673/307 669/767/307
f 672/677/307 671/766/307 664/678/317
f 661/676/317 669/767/307 672/677/307
f 657/672/316 668/765/308 667/764/308
f 666/675/308 665/674/308 660/679/316
f 657/672/316 667/764/308 666/675/308
f 658/768/82 653/769/82 500/770/82
f 500/770/82 506/771/82 658/768/82
f 506/771/82 507/772/82 657/773/82
f 658/768/82 506/771/82 657/773/82
f 507/772/82 639/682/69 657/773/82
f 639/682/69 648/774/68 671/680/82
f 648/774/68 511/775/82 664/776/82
f 511/775/82 510/777/82 664/776/82
f 510/777/82 502/778/82 663/779/82
f 502/778/82 656/780/82 663/779/82
f 510/777/82 663/779/82 664/776/82
f 668/681/82 657/773/82 639/682/69
f 648/774/68 664/776/82 671/680/82
f 662/781/70 655/782/70 503/783/70
f 503/783/70 508/784/70 662/781/70
f 508/784/70 509/785/70 661/786/70
f 662/781/70 508/784/70 661/786/70
f 509/785/70 644/685/70 661/786/70
f 644/685/70 633/787/70 665/683/70
f 633/787/70 505/788/70 660/789/70
f 505/788/70 504/790/70 660/789/70
f 504/790/70 501/791/70 659/792/70
f 501/791/70 654/793/70 659/792/70
f 504/790/70 659/792/70 660/789/70
f 670/684/70 661/786/70 644/685/70
f 633/787/70 660/789/70 665/683/70
f 653/686/310 654/794/310 501/687/310
f 643/795/318 644/796/311 509/689/311
f 511/690/318 648/797/311 649/691/311
f 649/691/311 643/795/318 509/689/311
f 510/692/312 508/798/312 503/693/312
f 638/702/313 639/799/313 507/696/319
f 505/697/313 633/800/319 634/695/313
f 634/695/313 638/702/313 505/697/313
f 506/698/314 504/699/314 505/697/314
f 504/699/315 506/698/315 500/700/315
f 995/663/301 996/761/301 810/664/301
f 996/666/302 995/762/302 1002/667/303
f 994/669/304 993/763/304 998/670/305
f 997/672/306 1000/679/306 999/671/305
f 1006/675/308 1007/764/308 1012/677/307
f 1007/764/308 1008/765/308 1012/677/307
f 1008/765/308 1011/766/307 1012/677/307
f 1012/677/307 1009/767/307 1006/675/308
f 1009/767/307 1010/673/307 1006/675/308
f 1001/676/309 1004/678/309 1003/668/320
f 1001/676/309 1010/673/307 1009/767/307
f 1012/677/307 1011/766/307 1004/678/309
f 1001/676/309 1009/767/307 1012/677/307
f 997/672/306 1008/765/308 1007/764/308
f 1006/675/308 1005/674/308 1000/679/306
f 997/672/306 1007/764/308 1006/675/308
f 998/768/82 993/769/82 808/770/82
f 808/770/82 814/771/82 998/768/82
f 814/771/82 815/772/82 997/773/82
f 998/768/82 814/771/82 997/773/82
f 815/772/82 979/682/69 997/773/82
f 979/682/69 988/774/68 1011/680/82
f 988/774/68 819/775/82 1004/776/82
f 819/775/82 818/777/82 1004/776/82
f 818/777/82 810/778/82 1003/779/82
f 810/778/82 996/780/82 1003/779/82
f 818/777/82 1003/779/82 1004/776/82
f 1008/681/82 997/773/82 979/682/69
f 988/774/68 1004/776/82 1011/680/82
f 1002/781/70 995/782/70 811/783/70
f 811/783/70 816/784/70 1002/781/70
f 816/784/70 817/785/70 1001/786/70
f 1002/781/70 816/784/70 1001/786/70
f 817/785/70 984/685/70 1001/786/70
f 984/685/70 973/787/70 1005/683/70
f 973/787/70 813/788/70 1000/789/70
f 813/788/70 812/790/70 1000/789/70
f 812/790/70 809/791/70 999/792/70
f 809/791/70 994/793/70 999/792/70
f 812/790/70 999/792/70 1000/789/70
f 1010/684/70 1001/786/70 984/685/70
f 973/787/70 1000/789/70 1005/683/70
f 993/686/310 994/794/310 809/687/310
f 983/795/311 984/796/318 817/689/311
f 819/690/311 988/797/311 989/691/311
f 989/691/311 983/795/311 817/689/311
f 818/692/312 816/798/312 811/693/312
f 978/702/313 979/799/313 815/696/313
f 813/697/313 973/800/313 974/695/313
f 974/695/313 978/702/313 815/696/313
f 814/698/314 812/699/314 813/697/314
f 812/699/315 814/698/315 808/700/315
o prop_red_tool_table
v -2.100183 0.760782 2.593074
v -2.100183 0.643506 2.593074
v -2.100183 0.526230 2.593074
v -2.100183 0.408954 2.593074
v -2.100183 0.760781 1.854491
v -2.100183 0.643505 1.854491
v -2.100183 0.526229 1.854492
v -2.100183 0.408953 1.854492
v -2.100183 0.839794 2.593074
v -2.100183 0.839793 1.854491
v -2.100183 0.722518 2.593074
v -2.100183 0.722517 1.854491
v -2.100183 0.605242 2.593074
v -2.100183 0.605241 1.854492
v -2.100183 0.487965 2.593074
v -2.100183 0.487965 1.854492
v -2.100183 0.370689 2.593074
v -2.100183 0.370689 1.854492
v -2.074733 0.878058 1.854491
v -2.074733 0.878058 2.593074
v -2.074733 0.408953 1.854492
v -2.074733 0.408954 2.593074
v -2.074733 0.526229 1.854492
v -2.074733 0.526230 2.593074
v -2.074733 0.643505 1.854491
v -2.074733 0.643506 2.593074
v -2.074733 0.760781 1.854491
v -2.074733 0.760782 2.593074
v -2.074733 0.839794 2.593074
v -2.074733 0.839793 1.854491
v -2.074733 0.722518 2.593074
v -2.074733 0.722517 1.854491
v -2.074733 0.605242 2.593074
v -2.074733 0.605241 1.854492
v -2.074733 0.487965 2.593074
v -2.074733 0.487965 1.854492
v -2.074733 0.370689 2.593074
v -2.074733 0.370689 1.854492
v -2.100183 0.174401 1.854492
v -2.100183 0.174400 -1.153084
v -2.796150 0.174401 0.433513
v -2.100183 0.760781 -1.153085
v -2.100183 0.760780 -1.892636
v -2.100183 0.839793 -1.153085
v -2.100183 0.839792 -1.892636
v -2.100183 0.722517 -1.153085
v -2.100183 0.722516 -1.892636
v -2.074734 0.878057 -1.153085
v -2.074734 0.760780 -1.892636
v -2.074734 0.760781 -1.153085
v -2.074734 0.839793 -1.153085
v -2.074734 0.839792 -1.892636
v -2.074734 0.722517 -1.153085
v -2.074734 0.722516 -1.892636
v -2.796150 0.174401 0.444465
v -2.796150 0.878057 0.444465
v -2.100183 0.174401 0.444465
v -2.100183 0.174401 -0.298588
v -2.100183 0.878056 -2.630460
v -2.074733 0.408953 0.439994
v -2.074733 0.408953 -0.298588
v -2.796150 0.878058 2.593074
v -2.100183 0.760781 0.433513
v -2.100183 0.878058 2.593074
v -2.074733 0.878057 0.433513
v -2.100183 0.370689 0.439994
v -2.100183 0.408953 0.439994
v -2.100183 0.878057 0.444461
v -2.074733 0.878057 -0.299348
v -2.796150 0.878057 1.854491
v -2.100183 0.878058 1.854491
v -2.100183 0.722517 -0.299348
v -2.100183 0.174401 0.439994
v -2.161624 0.245280 1.844524
v -2.161624 0.292674 1.844524
v -2.161624 0.245280 0.444461
v -2.161624 0.292674 0.444461
v -2.796150 0.292674 0.444461
v -2.161624 0.878057 -1.153083
v -2.052188 0.878057 -1.153083
v -2.161624 0.878057 -1.043648
v -2.052188 0.878057 -1.043648
v -2.161624 0.151433 -1.153083
v -2.052188 0.151433 -1.153083
v -2.052188 0.151433 -1.043648
v -2.161624 0.151433 -1.043648
v -2.063140 -0.000000 -1.142130
v -2.150672 -0.000000 -1.142130
v -2.063140 0.151433 -1.142130
v -2.063140 -0.000000 -1.054600
v -2.063140 0.151433 -1.054600
v -2.150672 -0.000000 -1.054600
v -2.150672 0.151433 -1.054600
v -2.150672 0.151433 -1.142130
v -2.796151 0.878056 -2.739779
v -2.796151 0.878056 -2.630344
v -2.905584 0.878056 -2.630344
v -2.905584 0.878056 -2.739779
v -2.796151 0.151432 -2.630343
v -2.905584 0.151432 -2.630343
v -2.905584 0.151432 -2.739779
v -2.796151 0.151432 -2.739779
v -2.894632 -0.000001 -2.641296
v -2.807103 -0.000001 -2.641296
v -2.894632 0.151432 -2.641296
v -2.894632 -0.000001 -2.728826
v -2.894632 0.151432 -2.728826
v -2.807103 -0.000001 -2.728826
v -2.807103 0.151432 -2.728826
v -2.807103 0.151432 -2.641296
v -2.161624 0.878058 2.702506
v -2.161624 0.878058 2.593074
v -2.052188 0.878058 2.593074
v -2.161624 0.151434 2.702507
v -2.161624 0.151434 2.593074
v -2.052188 0.151434 2.593074
v -2.052188 0.151434 2.702507
v -2.161624 0.878057 1.855479
v -2.161624 0.878057 1.746043
v -2.052188 0.878057 1.855479
v -2.052188 0.878057 1.746043
v -2.161624 0.151433 1.855480
v -2.161624 0.151433 1.746044
v -2.052188 0.151433 1.746044
v -2.052188 0.151433 1.855480
v -2.796149 0.878057 0.542949
v -2.905585 0.878057 0.542949
v -2.796149 0.878057 0.433513
v -2.905585 0.878057 0.433513
v -2.796149 0.151433 0.542949
v -2.905585 0.151433 0.542949
v -2.905585 0.151433 0.433514
v -2.796149 0.151433 0.433514
v -2.894632 0.151433 1.844528
v -2.807102 0.151433 1.844528
v -2.807102 0.000000 1.844528
v -2.807102 0.151433 1.756996
v -2.807102 0.000000 1.756996
v -2.894632 0.151433 1.756996
v -2.894632 0.000000 1.844528
v -2.063140 0.151433 0.531996
v -2.063140 0.151433 0.444466
v -2.063140 0.000000 0.444466
v -2.150672 0.151433 0.444466
v -2.150672 0.000000 0.444466
v -2.150672 0.151433 0.531996
v -2.063140 0.000000 0.531996
v -2.150672 0.000000 0.531996
v -2.894632 0.000000 1.756996
v -2.894632 0.151434 2.691555
v -2.807102 0.151434 2.691555
v -2.807102 0.000001 2.691555
v -2.807102 0.151434 2.604026
v -2.807102 0.000001 2.604026
v -2.894632 0.151434 2.604026
v -2.894632 0.000001 2.691555
v -2.894632 0.000001 2.604026
v -2.894633 0.000000 0.531996
v -2.807101 0.000000 0.531996
v -2.894633 0.151433 0.531996
v -2.894633 0.000000 0.444466
v -2.894633 0.151433 0.444466
v -2.807101 0.000000 0.444466
v -2.807101 0.151433 0.444466
v -2.807101 0.151433 0.531996
v -2.796150 0.151433 1.855480
v -2.796150 0.151433 1.746044
v -2.905585 0.151433 1.746044
v -2.905585 0.151433 1.855480
v -2.796150 0.878057 1.746043
v -2.796150 0.878057 1.855479
v -2.905585 0.878057 1.746043
v -2.150671 0.000001 2.604026
v -2.150671 0.000001 2.691555
v -2.150671 0.151434 2.604026
v -2.063141 0.000001 2.604026
v -2.063141 0.151434 2.604026
v -2.063141 0.000001 2.691555
v -2.063141 0.151434 2.691555
v -2.150671 0.151434 2.691555
v -2.150671 0.000000 1.756996
v -2.150671 0.000000 1.844528
v -2.150671 0.151433 1.756996
v -2.063141 0.000000 1.756996
v -2.063141 0.151433 1.756996
v -2.063141 0.000000 1.844528
v -2.063141 0.151433 1.844528
v -2.150671 0.151433 1.844528
v -2.905585 0.878057 1.855479
v -2.796150 0.151434 2.702507
v -2.796150 0.151434 2.593074
v -2.905585 0.151434 2.593074
v -2.905585 0.151434 2.702507
v -2.905585 0.878058 2.593074
v -2.796150 0.878058 2.702506
v -2.894633 0.151433 -1.142130
v -2.894633 0.151433 -1.054600
v -2.894633 -0.000000 -1.054600
v -2.807101 0.151433 -1.054600
v -2.807101 -0.000000 -1.054600
v -2.807101 0.151433 -1.142130
v -2.894633 -0.000000 -1.142130
v -2.052188 0.151433 0.433514
v -2.161624 0.151433 0.433514
v -2.161624 0.151433 0.542949
v -2.052188 0.151433 0.542949
v -2.161624 0.878057 0.433513
v -2.052188 0.878057 0.433513
v -2.161624 0.878057 0.542949
v -2.052188 0.878057 0.542949
v -2.807101 -0.000000 -1.142130
v -2.905585 0.151433 -1.043648
v -2.796149 0.151433 -1.043648
v -2.796149 0.151433 -1.153083
v -2.905585 0.151433 -1.153083
v -2.905585 0.878057 -1.043648
v -2.796149 0.878057 -1.153083
v -2.905585 0.878057 -1.153083
v -2.063142 0.151432 -2.641296
v -2.063142 0.151432 -2.728826
v -2.063142 -0.000001 -2.728826
v -2.150670 0.151432 -2.728826
v -2.150670 -0.000001 -2.728826
v -2.150670 0.151432 -2.641296
v -2.063142 -0.000001 -2.641296
v -2.150670 -0.000001 -2.641296
v -2.052190 0.151432 -2.739779
v -2.161622 0.151432 -2.739779
v -2.161622 0.151432 -2.630343
v -2.052190 0.151432 -2.630343
v -2.161622 0.878056 -2.739779
v -2.161622 0.878056 -2.630344
v -2.052190 0.878056 -2.630344
v -2.052190 0.878056 -2.739779
v -2.796150 0.174400 -1.043648
v -2.796150 0.878057 -1.043648
v -2.100183 0.174401 -0.299347
v -2.796150 0.174401 1.854492
v -2.100183 0.174400 -1.043648
v -2.100183 0.722517 0.433513
v -2.100183 0.643505 -0.299348
v -2.100183 0.760781 -1.043648
v -2.100183 0.643505 -1.043648
v -2.100183 0.839793 -1.043648
v -2.100183 0.839793 0.433513
v -2.100183 0.722517 -1.043648
v -2.100183 0.605241 -0.299348
v -2.100183 0.605241 -1.043648
v -2.074734 0.878057 -1.043648
v -2.074734 0.643505 -1.043648
v -2.074734 0.643505 -0.299348
v -2.074734 0.760781 -1.043648
v -2.074734 0.839793 -1.043648
v -2.100183 0.643505 0.433513
v -2.074734 0.722517 -1.043648
v -2.074734 0.605241 -0.299348
v -2.074734 0.605241 -1.043648
v -2.796150 0.878057 -0.305066
v -2.796150 0.174401 -0.305065
v -2.100183 0.526228 -2.630460
v -2.100183 0.839792 -2.630460
v -2.796150 0.878057 -1.153299
v -2.074734 0.878056 -2.630460
v -2.074734 0.878057 -1.892636
v -2.074733 0.487964 -2.630460
v -2.074733 0.526228 -2.630460
v -2.074734 0.839792 -2.630460
v -2.100183 0.487964 -2.630460
v -2.100183 0.174401 0.433512
v -2.100183 0.408952 -2.630459
v -2.100183 0.370688 -2.630459
v -2.074733 0.408952 -2.630459
v -2.074733 0.370688 -2.630459
v -2.100183 0.526228 -1.892636
v -2.100183 0.487964 -1.892636
v -2.074734 0.526228 -1.892636
v -2.074734 0.487964 -1.892636
v -2.100183 0.408952 -1.891877
v -2.100183 0.370688 -1.891877
v -2.074734 0.408952 -1.891877
v -2.074734 0.370688 -1.891877
v -2.074733 0.760781 0.433513
v -2.074733 0.839793 0.433513
v -2.074733 0.722517 0.433513
v -2.074733 0.722517 -0.299348
v -2.100183 0.878057 -0.299348
v -2.100183 0.760781 -0.299348
v -2.100183 0.878057 -1.037930
v -2.100183 0.174401 -0.305066
v -2.100183 0.643505 -1.037930
v -2.100183 0.839793 -0.299348
v -2.100183 0.174400 -2.630459
v -2.074733 0.760781 -0.299348
v -2.100183 0.174400 -1.891877
v -2.796150 0.174400 -1.891876
v -2.074733 0.839793 -0.299348
v -2.796150 0.174400 -1.153298
v -2.100183 0.174400 -1.153298
v -2.074733 0.370689 0.439994
v -2.074733 0.370689 -0.298588
v -2.074733 0.643505 0.439994
v -2.074733 0.643505 -0.298588
v -2.100183 0.605241 -0.298588
v -2.100183 0.605241 0.439994
v -2.100183 0.643505 -0.298588
v -2.100183 0.643505 0.439994
v -2.074733 0.605241 0.439994
v -2.074733 0.605241 -0.298588
v -2.796150 0.245280 0.444461
v -2.796150 0.292674 1.844524
v -2.796150 0.245280 1.844524
v -2.796150 0.878056 -1.891877
v -2.100183 0.408953 -0.298588
v -2.100183 0.370689 -0.298588
v -2.796150 0.878056 -2.630459
v -2.796150 0.174400 -2.630459
v -2.052189 0.925452 2.702506
v -2.052189 0.878058 2.702506
v -2.905585 0.925451 0.542945
v -2.905585 0.925452 2.702506
v -2.905585 0.878058 2.702506
v -2.052189 0.925451 0.542949
v -2.905585 0.925450 -2.739779
v -2.905585 0.878057 -0.580218
v -2.905585 0.925451 -0.580218
v -2.052189 0.925451 -0.580218
v -2.052189 0.878057 -0.580218
v -2.052189 0.925450 -2.739779
v -2.100183 0.174401 2.593074
v -2.796150 0.174402 2.593075
v -2.796150 0.278116 1.494508
v -2.796150 0.267968 1.144493
v -2.796150 0.278116 0.794477
v -2.161624 0.230722 1.494508
v -2.161624 0.220574 1.144493
v -2.161624 0.230722 0.794477
v -2.796150 0.230722 0.794477
v -2.796150 0.220574 1.144493
v -2.796150 0.230722 1.494508
v -2.161624 0.278116 0.794477
v -2.161624 0.267968 1.144493
v -2.161624 0.278116 1.494508
vn -0.0000 1.0000 -0.0000
vn -0.0000 -1.0000 -0.0000
vn 1.0000 -0.0000 -0.0000
vn -1.0000 -0.0000 -0.0000
vn -0.0000 -0.0000 -1.0000
vn -0.0000 -0.0000 1.0000
vn -0.0000 0.9991 0.0416
vn -0.0000 0.9994 0.0353
vn -0.0000 -0.9994 -0.0353
vn -0.0000 -0.9991 -0.0416
vn -0.0000 -0.9994 0.0353
vn -0.0000 -0.9991 0.0416
vn -0.0000 0.9994 -0.0353
vn -0.0000 0.9991 -0.0416
vt 0.516478 0.644352
vt 0.526295 0.925007
vt 0.516478 0.925007
vt 0.924641 0.003906
vt 0.934457 0.284562
vt 0.924641 0.284562
vt 0.678417 0.926012
vt 0.668601 0.645356
vt 0.678417 0.645356
vt 0.433829 0.922562
vt 0.424012 0.641906
vt 0.433829 0.641906
vt 0.399437 0.641906
vt 0.409253 0.922562
vt 0.399437 0.922562
vt 0.708893 0.645356
vt 0.708893 0.926012
vt 0.473196 0.641905
vt 0.442719 0.922560
vt 0.442719 0.641905
vt 0.550870 0.925007
vt 0.581347 0.644352
vt 0.581347 0.925007
vt 0.368960 0.922562
vt 0.368960 0.641906
vt 0.848929 0.284562
vt 0.848929 0.003906
vt 0.653841 0.926012
vt 0.668601 0.926012
vt 0.949217 0.003906
vt 0.934457 0.003906
vt 0.409253 0.641906
vt 0.541054 0.644352
vt 0.541054 0.925007
vt 0.497771 0.641905
vt 0.483012 0.922560
vt 0.483012 0.641905
vt 0.507588 0.922560
vt 0.507588 0.641905
vt 0.473196 0.922560
vt 0.959033 0.284562
vt 0.959033 0.003906
vt 0.550870 0.644352
vt 0.840272 0.003906
vt 0.568858 0.284562
vt 0.568858 0.003906
vt 0.614813 0.925914
vt 0.604997 0.644890
vt 0.614813 0.644890
vt 0.944364 0.574003
vt 0.732947 0.293267
vt 0.944364 0.292979
vt 0.645290 0.644890
vt 0.645290 0.925914
vt 0.590238 0.925914
vt 0.604997 0.925914
vt 0.962970 0.617631
vt 0.977729 0.336607
vt 0.977729 0.617631
vt 0.953154 0.336607
vt 0.953154 0.617631
vt 0.840272 0.284562
vt 0.987546 0.617631
vt 0.987546 0.336607
vt 0.526295 0.644352
vt 0.949217 0.284562
vt 0.424012 0.922562
vt 0.653841 0.645356
vt 0.497771 0.922560
vt 0.732945 0.574002
vt 0.732945 0.293269
vt 0.590238 0.644890
vt 0.962970 0.336607
vt 0.368960 0.137908
vt 0.387105 0.003906
vt 0.387105 0.137908
vt 0.303157 0.620943
vt 0.034313 0.472644
vt 0.303157 0.472644
vt 0.301595 0.818370
vt 0.035875 0.964946
vt 0.035875 0.818370
vt 0.387105 0.539913
vt 0.368960 0.405911
vt 0.368960 0.539913
vt 0.301595 0.525218
vt 0.035875 0.671794
vt 0.035875 0.525218
vt 0.301595 0.378642
vt 0.035875 0.378642
vt 0.368960 0.271910
vt 0.387105 0.271910
vt 0.387105 0.405911
vt 0.683091 0.636702
vt 0.643513 0.365241
vt 0.683161 0.365311
vt 0.642140 0.636382
vt 0.603803 0.364725
vt 0.601228 0.636033
vt 0.562734 0.363959
vt 0.724129 0.636986
vt 0.724129 0.365039
vt 0.003906 0.003906
vt 0.724240 0.360492
vt 0.682578 0.294616
vt 0.724780 0.294746
vt 0.604464 0.360285
vt 0.563406 0.293161
vt 0.605657 0.293612
vt 0.643509 0.360868
vt 0.644182 0.294168
vt 0.682509 0.360906
vt 0.560306 0.635668
vt 0.562890 0.359679
vt 0.436814 0.004165
vt 0.476924 0.272269
vt 0.437170 0.272378
vt 0.477844 0.004447
vt 0.516661 0.272571
vt 0.518827 0.004747
vt 0.557707 0.273170
vt 0.396037 0.272771
vt 0.395821 0.277463
vt 0.437488 0.342919
vt 0.395685 0.342676
vt 0.516693 0.276931
vt 0.557750 0.342277
vt 0.516169 0.342481
vt 0.476969 0.276606
vt 0.476928 0.342606
vt 0.437084 0.277232
vt 0.559814 0.005060
vt 0.395685 0.003906
vt 0.557738 0.277266
vt 0.933521 0.865248
vt 0.923704 0.582420
vt 0.933521 0.582420
vt 0.732945 0.865248
vt 0.899129 0.582420
vt 0.899129 0.865248
vt 0.908945 0.865248
vt 0.908945 0.582420
vt 0.420077 0.633488
vt 0.410334 0.351016
vt 0.420077 0.351016
vt 0.540124 0.351016
vt 0.540124 0.633488
vt 0.395685 0.633489
vt 0.410334 0.633488
vt 0.923704 0.865248
vt 0.541054 0.644640
vt 0.526295 0.644640
vt 0.550870 0.644640
vt 0.732945 0.582420
vt 0.516478 0.644640
vt 0.395685 0.351016
vt 0.333134 0.996094
vt 0.333078 0.003906
vt 0.985866 0.003906
vt 0.967585 0.328190
vt 0.967585 0.003906
vt 0.359982 0.824522
vt 0.341702 0.003906
vt 0.341702 0.824522
vt 0.359982 0.003906
vt 0.003962 0.996094
vt 0.985866 0.328190
vt 0.333107 0.519933
vt 0.341702 0.397728
vt 0.359982 0.397728
vt 0.003935 0.519933
vt 0.301595 0.671794
vt 0.303157 0.176047
vt 0.034313 0.027748
vt 0.303157 0.027748
vt 0.303157 0.324345
vt 0.034313 0.176047
vt 0.034313 0.324345
vt 0.368960 0.003906
vt 0.034313 0.620943
vt 0.301595 0.964946
s 1
usemtl mat_garage_tool_table
f 1149/801/333 1172/802/333 1153/803/333
f 1165/804/334 1184/805/334 1164/806/334
f 1157/807/334 1176/808/334 1156/809/334
f 1150/810/333 1170/811/333 1154/812/333
f 1163/813/334 1182/814/334 1162/815/334
f 1157/807/335 1148/816/335 1152/817/335
f 1159/818/335 1149/819/335 1153/820/335
f 1161/821/335 1150/822/335 1154/823/335
f 1163/813/335 1151/824/335 1155/825/335
f 1165/804/335 1476/826/335 1186/827/335
f 1166/828/335 1176/808/335 1177/829/335
f 1168/830/335 1184/805/335 1185/831/335
f 1170/811/335 1182/814/335 1183/832/335
f 1172/802/335 1180/833/335 1181/834/335
f 1174/835/335 1178/836/335 1179/837/335
f 1148/838/333 1174/835/333 1152/839/333
f 1159/818/334 1178/836/334 1158/840/334
f 1151/841/333 1168/830/333 1155/842/333
f 1161/821/334 1180/833/334 1160/843/334
f 1459/844/336 1463/845/336 1442/846/336
f 1436/844/334 1406/846/334 1382/845/334
f 1192/847/334 1198/848/334 1191/849/334
f 1193/850/335 1441/851/335 1194/852/335
f 1192/847/335 1189/853/335 1190/854/335
f 1411/855/335 1198/848/335 1199/856/335
f 1196/857/335 1200/858/335 1201/859/335
f 1189/860/333 1196/857/333 1190/861/333
f 1459/844/336 1462/862/336 1463/845/336
f 1194/863/334 1200/858/334 1193/864/334
f 1450/804/334 1454/805/334 1451/806/334
f 1209/844/336 1385/845/336 1477/846/336
f 1450/804/335 1214/826/335 1460/827/335
f 1434/801/333 1440/865/333 1399/802/333
f 1449/830/335 1454/805/335 1455/831/335
f 1453/841/333 1449/830/333 1452/842/333
f 1450/804/334 1455/831/334 1454/805/334
f 1450/804/335 1451/806/335 1214/826/335
f 1449/830/335 1448/866/335 1454/805/335
f 1453/841/333 1448/866/333 1449/830/333
f 1149/801/333 1173/865/333 1172/802/333
f 1165/804/334 1185/831/334 1184/805/334
f 1157/807/334 1177/829/334 1176/808/334
f 1150/810/333 1171/867/333 1170/811/333
f 1163/813/334 1183/832/334 1182/814/334
f 1157/807/335 1156/809/335 1148/816/335
f 1159/818/335 1158/840/335 1149/819/335
f 1161/821/335 1160/843/335 1150/822/335
f 1163/813/335 1162/815/335 1151/824/335
f 1165/804/335 1164/806/335 1476/826/335
f 1166/828/335 1167/868/335 1176/808/335
f 1168/830/335 1169/866/335 1184/805/335
f 1170/811/335 1171/867/335 1182/814/335
f 1172/802/335 1173/865/335 1180/833/335
f 1174/835/335 1175/869/335 1178/836/335
f 1148/838/333 1175/869/333 1174/835/333
f 1159/818/334 1179/837/334 1178/836/334
f 1151/841/333 1169/866/333 1168/830/333
f 1161/821/334 1181/834/334 1180/833/334
f 1462/844/337 1439/845/337 1463/846/337
f 1462/844/337 1206/862/337 1439/845/337
f 1409/844/336 1459/862/336 1442/845/336
f 1436/844/334 1382/845/334 1386/862/334
f 1416/844/334 1406/845/334 1436/862/334
f 1416/844/334 1188/846/334 1406/845/334
f 1445/844/334 1444/846/334 1442/845/334
f 1445/844/334 1442/845/334 1441/862/334
f 1441/844/334 1463/845/334 1439/862/334
f 1441/844/334 1442/846/334 1463/845/334
f 1192/847/334 1199/856/334 1198/848/334
f 1193/850/335 1187/870/335 1441/871/335
f 1192/847/335 1191/849/335 1189/853/335
f 1411/855/335 1195/872/335 1198/848/335
f 1196/857/335 1197/873/335 1200/858/335
f 1189/860/333 1197/873/333 1196/857/333
f 1409/844/336 1442/845/336 1444/846/336
f 1194/863/334 1201/859/334 1200/858/334
f 1214/841/333 1207/866/333 1208/830/333
f 1209/844/336 1217/862/336 1385/845/336
f 1208/830/335 1207/866/335 1446/805/335
f 1393/821/334 1432/833/334 1219/843/334
f 1391/818/334 1443/836/334 1438/840/334
f 1433/838/333 1396/835/333 1435/839/333
f 1396/835/335 1443/836/335 1400/837/335
f 1399/802/335 1432/833/335 1402/834/335
f 1393/821/335 1388/822/335 1437/823/335
f 1391/818/335 1434/819/335 1389/820/335
f 1434/801/333 1399/802/333 1389/803/333
f 1210/838/333 1440/835/333 1434/839/333
f 1216/828/335 1430/808/335 1443/829/335
f 1399/802/335 1440/865/335 1432/833/335
f 1219/818/334 1432/837/334 1431/836/334
f 1210/838/333 1429/869/333 1440/835/333
f 1440/835/335 1429/869/335 1431/836/335
f 1461/804/335 1213/806/335 1220/826/335
f 1461/804/334 1447/831/334 1446/805/334
f 1214/841/333 1208/830/333 1460/842/333
f 1208/830/335 1446/805/335 1447/831/335
f 1209/844/338 1476/845/338 1211/862/338
f 1209/844/338 1477/846/338 1476/845/338
f 1203/844/338 1202/846/338 1204/845/338
f 1203/844/338 1204/845/338 1215/862/338
f 1217/844/337 1218/862/337 1186/845/337
f 1217/844/337 1186/845/337 1385/846/337
f 1461/804/335 1220/826/335 1205/827/335
f 1461/804/334 1446/805/334 1213/806/334
f 1489/874/335 1221/875/335 1481/876/335
f 1224/877/339 1480/878/340 1487/879/340
f 1484/880/341 1223/881/342 1483/882/341
f 1456/883/336 1480/884/336 1225/885/336
f 1486/886/343 1482/887/334 1481/888/343
f 1458/889/344 1481/888/343 1221/890/344
f 1486/876/336 1479/891/336 1485/892/336
f 1484/893/336 1479/891/336 1480/884/336
f 1226/894/337 1231/895/337 1230/896/337
f 1227/897/335 1232/898/335 1231/895/335
f 1229/899/338 1233/900/338 1232/898/338
f 1228/901/336 1230/896/336 1233/902/336
f 1227/903/333 1228/903/333 1229/903/333
f 1240/904/336 1235/905/336 1239/906/336
f 1238/907/338 1239/908/338 1237/909/338
f 1236/910/335 1237/909/335 1234/911/335
f 1241/912/337 1234/911/337 1235/905/337
f 1233/902/334 1241/912/334 1240/904/334
f 1231/895/334 1241/912/334 1230/896/334
f 1232/898/334 1236/910/334 1231/895/334
f 1233/900/334 1238/907/334 1232/898/334
f 1226/894/337 1227/897/337 1231/895/337
f 1227/897/335 1229/899/335 1232/898/335
f 1229/899/338 1228/913/338 1233/900/338
f 1228/901/336 1226/894/336 1230/896/336
f 1227/903/333 1226/903/333 1228/903/333
f 1240/904/336 1241/912/336 1235/905/336
f 1238/907/338 1240/914/338 1239/908/338
f 1236/910/335 1238/907/335 1237/909/335
f 1241/912/337 1236/910/337 1234/911/337
f 1233/902/334 1230/896/334 1241/912/334
f 1231/895/334 1236/910/334 1241/912/334
f 1232/898/334 1238/907/334 1236/910/334
f 1233/900/334 1240/914/334 1238/907/334
f 1243/915/338 1247/916/338 1246/917/338
f 1244/918/336 1248/919/336 1247/916/336
f 1245/920/337 1249/921/337 1248/919/337
f 1249/922/335 1243/915/335 1246/917/335
f 1244/903/333 1242/903/333 1245/903/333
f 1256/923/335 1251/924/335 1255/925/335
f 1254/926/337 1255/927/337 1253/928/337
f 1252/929/336 1253/928/336 1250/930/336
f 1257/931/338 1250/930/338 1251/924/338
f 1249/922/334 1257/931/334 1256/923/334
f 1252/929/334 1257/931/334 1247/916/334
f 1249/921/334 1254/926/334 1248/919/334
f 1243/915/338 1244/918/338 1247/916/338
f 1244/918/336 1245/920/336 1248/919/336
f 1258/915/336 1262/916/336 1261/917/336
f 1259/918/337 1263/919/337 1262/916/337
f 1260/920/335 1264/921/335 1263/919/335
f 1264/922/338 1258/915/338 1261/917/338
f 1259/903/333 1465/903/333 1260/903/333
f 1265/894/336 1270/895/336 1269/896/336
f 1266/897/337 1271/898/337 1270/895/337
f 1268/899/335 1272/900/335 1271/898/335
f 1267/901/338 1269/896/338 1272/902/338
f 1266/903/333 1267/903/333 1268/903/333
f 1245/920/337 1242/932/337 1249/921/337
f 1249/922/335 1242/933/335 1243/915/335
f 1244/903/333 1243/903/333 1242/903/333
f 1256/923/335 1257/931/335 1251/924/335
f 1254/926/337 1256/934/337 1255/927/337
f 1252/929/336 1254/926/336 1253/928/336
f 1257/931/338 1252/929/338 1250/930/338
f 1249/922/334 1246/917/334 1257/931/334
f 1257/931/334 1246/917/334 1247/916/334
f 1247/916/334 1248/919/334 1252/929/334
f 1248/919/334 1254/926/334 1252/929/334
f 1249/921/334 1256/934/334 1254/926/334
f 1350/900/334 1289/914/334 1291/907/334
f 1351/898/334 1291/907/334 1293/910/334
f 1352/895/334 1293/910/334 1288/912/334
f 1350/902/334 1353/896/334 1288/912/334
f 1288/912/338 1293/910/338 1295/911/338
f 1313/900/334 1282/914/334 1284/907/334
f 1314/898/334 1284/907/334 1286/910/334
f 1337/921/334 1298/934/334 1300/926/334
f 1338/919/334 1300/926/334 1302/929/334
f 1339/916/334 1338/919/334 1302/929/334
f 1297/931/334 1340/917/334 1339/916/334
f 1293/910/336 1291/907/336 1292/909/336
f 1337/922/334 1340/917/334 1297/931/334
f 1273/894/338 1278/895/338 1277/896/338
f 1315/895/334 1286/910/334 1281/912/334
f 1313/902/334 1316/896/334 1281/912/334
f 1274/897/336 1279/898/336 1278/895/336
f 1276/899/337 1280/900/337 1279/898/337
f 1275/901/335 1277/896/335 1280/902/335
f 1274/903/333 1275/903/333 1276/903/333
f 1326/923/338 1321/924/338 1325/925/338
f 1324/926/335 1325/927/335 1323/928/335
f 1322/929/337 1323/928/337 1320/930/337
f 1327/931/336 1320/930/336 1321/924/336
f 1334/904/338 1329/905/338 1333/906/338
f 1332/907/335 1333/908/335 1331/909/335
f 1330/910/337 1331/909/337 1328/911/337
f 1335/912/336 1328/911/336 1329/905/336
f 1281/912/336 1286/910/336 1296/911/336
f 1286/910/337 1284/907/337 1285/909/337
f 1284/907/335 1282/914/335 1283/908/335
f 1282/904/338 1281/912/338 1287/905/338
f 1297/931/336 1302/929/336 1304/930/336
f 1302/929/337 1300/926/337 1301/928/337
f 1300/926/335 1298/934/335 1299/927/335
f 1298/923/338 1297/931/338 1303/924/338
f 1291/907/337 1289/914/337 1290/908/337
f 1289/904/335 1288/912/335 1294/905/335
f 1356/903/333 1357/903/333 1355/903/333
f 1355/901/335 1357/894/335 1353/896/335
f 1311/904/335 1306/905/335 1310/906/335
f 1309/907/337 1310/908/337 1308/909/337
f 1307/910/336 1308/909/336 1305/911/336
f 1312/912/338 1305/911/338 1306/905/338
f 1272/902/334 1335/912/334 1334/904/334
f 1280/902/334 1312/912/334 1311/904/334
f 1270/895/334 1335/912/334 1269/896/334
f 1278/895/334 1312/912/334 1277/896/334
f 1354/899/337 1355/913/337 1350/900/337
f 1279/898/334 1307/910/334 1278/895/334
f 1264/922/334 1327/931/334 1326/923/334
f 1322/929/334 1327/931/334 1262/916/334
f 1264/921/334 1324/926/334 1263/919/334
f 1271/898/334 1330/910/334 1270/895/334
f 1272/900/334 1332/907/334 1271/898/334
f 1280/900/334 1309/907/334 1279/898/334
f 1273/894/338 1274/897/338 1278/895/338
f 1274/897/336 1276/899/336 1279/898/336
f 1319/903/333 1336/903/333 1318/903/333
f 1318/901/338 1336/894/338 1316/896/338
f 1317/899/335 1318/913/335 1313/900/335
f 1319/897/337 1317/899/337 1314/898/337
f 1336/894/336 1319/897/336 1315/895/336
f 1341/903/333 1468/903/333 1342/903/333
f 1337/922/338 1342/933/338 1468/915/338
f 1209/920/335 1342/932/335 1337/921/335
f 1341/918/337 1209/920/337 1338/919/337
f 1468/915/336 1341/918/336 1339/916/336
f 1313/900/334 1284/907/334 1314/898/334
f 1314/898/334 1286/910/334 1315/895/334
f 1337/921/334 1300/926/334 1338/919/334
f 1302/929/334 1297/931/334 1339/916/334
f 1337/922/334 1297/931/334 1298/923/334
f 1276/899/337 1275/913/337 1280/900/337
f 1315/895/334 1281/912/334 1316/896/334
f 1313/902/334 1281/912/334 1282/904/334
f 1275/901/335 1273/894/335 1277/896/335
f 1258/915/336 1259/918/336 1262/916/336
f 1259/918/337 1260/920/337 1263/919/337
f 1260/920/335 1465/932/335 1264/921/335
f 1264/922/338 1465/933/338 1258/915/338
f 1259/903/333 1258/903/333 1465/903/333
f 1265/894/336 1266/897/336 1270/895/336
f 1266/897/337 1268/899/337 1271/898/337
f 1268/899/335 1267/913/335 1272/900/335
f 1267/901/338 1265/894/338 1269/896/338
f 1266/903/333 1265/903/333 1267/903/333
f 1274/903/333 1273/903/333 1275/903/333
f 1311/904/335 1312/912/335 1306/905/335
f 1309/907/337 1311/914/337 1310/908/337
f 1281/912/336 1296/911/336 1287/905/336
f 1286/910/337 1285/909/337 1296/911/337
f 1284/907/335 1283/908/335 1285/909/335
f 1282/904/338 1287/905/338 1283/906/338
f 1297/931/336 1304/930/336 1303/924/336
f 1302/929/337 1301/928/337 1304/930/337
f 1300/926/335 1299/927/335 1301/928/335
f 1298/923/338 1303/924/338 1299/925/338
f 1307/910/336 1309/907/336 1308/909/336
f 1312/912/338 1307/910/338 1305/911/338
f 1280/902/334 1277/896/334 1312/912/334
f 1278/895/334 1307/910/334 1312/912/334
f 1279/898/334 1309/907/334 1307/910/334
f 1356/897/336 1354/899/336 1351/898/336
f 1357/894/338 1356/897/338 1352/895/338
f 1350/900/334 1291/907/334 1351/898/334
f 1351/898/334 1293/910/334 1352/895/334
f 1352/895/334 1288/912/334 1353/896/334
f 1280/900/334 1311/914/334 1309/907/334
f 1319/903/333 1318/903/333 1317/903/333
f 1318/901/338 1316/896/338 1313/902/338
f 1317/899/335 1313/900/335 1314/898/335
f 1319/897/337 1314/898/337 1315/895/337
f 1336/894/336 1315/895/336 1316/896/336
f 1350/902/334 1288/912/334 1289/904/334
f 1288/912/338 1295/911/338 1294/905/338
f 1293/910/336 1292/909/336 1295/911/336
f 1291/907/337 1290/908/337 1292/909/337
f 1289/904/335 1294/905/335 1290/906/335
f 1341/903/333 1342/903/333 1209/903/333
f 1337/922/338 1468/915/338 1340/917/338
f 1209/920/335 1337/921/335 1338/919/335
f 1341/918/337 1338/919/337 1339/916/337
f 1468/915/336 1339/916/336 1340/917/336
f 1359/900/334 1344/914/334 1346/907/334
f 1360/898/334 1346/907/334 1348/910/334
f 1361/895/334 1348/910/334 1343/912/334
f 1326/923/338 1327/931/338 1321/924/338
f 1324/926/335 1326/934/335 1325/927/335
f 1322/929/337 1324/926/337 1323/928/337
f 1327/931/336 1322/929/336 1320/930/336
f 1334/904/338 1335/912/338 1329/905/338
f 1332/907/335 1334/914/335 1333/908/335
f 1330/910/337 1332/907/337 1331/909/337
f 1335/912/336 1330/910/336 1328/911/336
f 1359/902/334 1362/896/334 1343/912/334
f 1343/912/337 1348/910/337 1358/911/337
f 1348/910/335 1346/907/335 1347/909/335
f 1346/907/338 1344/914/338 1345/908/338
f 1344/904/336 1343/912/336 1349/905/336
f 1364/903/333 1365/903/333 1363/903/333
f 1363/901/336 1365/894/336 1362/896/336
f 1383/899/338 1363/913/338 1359/900/338
f 1356/903/333 1355/903/333 1354/903/333
f 1355/901/335 1353/896/335 1350/902/335
f 1354/899/337 1350/900/337 1351/898/337
f 1356/897/336 1351/898/336 1352/895/336
f 1364/897/335 1383/899/335 1360/898/335
f 1365/894/337 1364/897/337 1361/895/337
f 1359/900/334 1346/907/334 1360/898/334
f 1360/898/334 1348/910/334 1361/895/334
f 1272/902/334 1269/896/334 1335/912/334
f 1361/895/334 1343/912/334 1362/896/334
f 1359/902/334 1343/912/334 1344/904/334
f 1343/912/337 1358/911/337 1349/905/337
f 1348/910/335 1347/909/335 1358/911/335
f 1346/907/338 1345/908/338 1347/909/338
f 1270/895/334 1330/910/334 1335/912/334
f 1344/904/336 1349/905/336 1345/906/336
f 1357/894/338 1352/895/338 1353/896/338
f 1364/903/333 1363/903/333 1383/903/333
f 1363/901/336 1362/896/336 1359/902/336
f 1383/899/338 1359/900/338 1360/898/338
f 1364/897/335 1360/898/335 1361/895/335
f 1365/894/337 1361/895/337 1362/896/337
f 1264/922/334 1261/917/334 1327/931/334
f 1327/931/334 1261/917/334 1262/916/334
f 1262/916/334 1263/919/334 1322/929/334
f 1263/919/334 1324/926/334 1322/929/334
f 1264/921/334 1326/934/334 1324/926/334
f 1271/898/334 1332/907/334 1330/910/334
f 1272/900/334 1334/914/334 1332/907/334
f 1374/921/334 1367/934/334 1369/926/334
f 1375/919/334 1369/926/334 1371/929/334
f 1376/916/334 1375/919/334 1371/929/334
f 1366/931/334 1377/917/334 1376/916/334
f 1374/922/334 1377/917/334 1366/931/334
f 1366/931/338 1371/929/338 1373/930/338
f 1371/929/336 1369/926/336 1370/928/336
f 1369/926/337 1367/934/337 1368/927/337
f 1367/923/335 1366/931/335 1372/924/335
f 1379/903/333 1380/903/333 1381/903/333
f 1374/922/335 1381/933/335 1380/915/335
f 1378/920/337 1381/932/337 1374/921/337
f 1379/918/336 1378/920/336 1375/919/336
f 1380/915/338 1379/918/338 1376/916/338
f 1374/921/334 1369/926/334 1375/919/334
f 1371/929/334 1366/931/334 1376/916/334
f 1374/922/334 1366/931/334 1367/923/334
f 1366/931/338 1373/930/338 1372/924/338
f 1371/929/336 1370/928/336 1373/930/336
f 1369/926/337 1368/927/337 1370/928/337
f 1367/923/335 1372/924/335 1368/925/335
f 1379/903/333 1381/903/333 1378/903/333
f 1374/922/335 1380/915/335 1377/917/335
f 1378/920/337 1374/921/337 1375/919/337
f 1379/918/336 1375/919/336 1376/916/336
f 1380/915/338 1376/916/338 1377/917/338
f 1275/844/336 1406/845/336 1188/846/336
f 1388/935/333 1397/936/333 1390/937/333
f 1275/844/336 1405/862/336 1406/845/336
f 1216/828/335 1212/868/335 1430/808/335
f 1384/938/335 1395/939/335 1394/940/335
f 1397/936/335 1403/941/335 1404/942/335
f 1395/939/334 1403/941/334 1394/940/334
f 1408/943/334 1199/944/334 1192/945/334
f 1408/943/335 1421/946/335 1407/947/335
f 1410/948/335 1199/944/335 1414/949/335
f 1405/844/336 1383/862/336 1382/845/336
f 1388/935/333 1398/950/333 1397/936/333
f 1405/844/336 1382/845/336 1406/846/336
f 1219/818/335 1387/840/335 1401/819/335
f 1438/807/335 1392/809/335 1210/816/335
f 1393/821/335 1219/843/335 1388/822/335
f 1438/807/334 1443/829/334 1430/808/334
f 1219/818/335 1401/819/335 1388/820/335
f 1438/807/335 1210/816/335 1434/817/335
f 1438/807/334 1430/808/334 1392/809/334
f 1219/818/334 1431/836/334 1387/840/334
f 1391/818/335 1438/840/335 1434/819/335
f 1440/835/335 1431/836/335 1432/837/335
f 1476/844/334 1477/846/334 1385/845/334
f 1476/844/334 1385/845/334 1186/862/334
f 1415/821/334 1412/834/334 1424/951/334
f 1413/802/335 1423/952/335 1424/951/335
f 1415/821/335 1422/953/335 1425/822/335
f 1384/938/335 1386/954/335 1395/939/335
f 1393/821/334 1402/834/334 1432/833/334
f 1397/936/335 1398/950/335 1403/941/335
f 1391/818/334 1400/837/334 1443/836/334
f 1433/838/333 1216/869/333 1396/835/333
f 1396/835/335 1216/869/335 1443/836/335
f 1395/939/334 1404/942/334 1403/941/334
f 1408/943/334 1414/949/334 1199/944/334
f 1421/955/333 1423/952/333 1413/802/333
f 1415/821/334 1424/951/334 1422/953/334
f 1413/802/335 1424/951/335 1412/834/335
f 1408/943/335 1192/945/335 1421/946/335
f 1410/948/335 1411/956/335 1199/944/335
f 1415/821/335 1425/822/335 1417/823/335
f 1421/955/333 1413/802/333 1407/803/333
f 1418/804/334 1428/805/334 1426/806/334
f 1418/804/335 1441/826/335 1439/827/335
f 1419/830/335 1428/805/335 1420/831/335
f 1425/841/333 1419/830/333 1417/842/333
f 1418/804/334 1420/831/334 1428/805/334
f 1418/804/335 1426/806/335 1441/826/335
f 1419/830/335 1427/866/335 1428/805/335
f 1425/841/333 1427/866/333 1419/830/333
f 1421/903/337 1423/903/337 1424/903/337
f 1421/903/337 1424/903/337 1422/903/337
f 1425/903/337 1427/903/337 1428/903/337
f 1425/903/337 1428/903/337 1426/903/337
f 1460/903/337 1208/903/337 1447/903/337
f 1460/903/337 1447/903/337 1461/903/337
f 1467/957/333 1469/903/333 1466/958/333
f 1468/959/338 1464/960/338 1467/961/338
f 1274/962/336 1467/963/336 1466/964/336
f 1357/962/335 1464/963/335 1465/965/335
f 1274/903/334 1465/903/334 1468/903/334
f 1467/957/333 1464/966/333 1469/903/333
f 1468/959/338 1465/967/338 1464/960/338
f 1274/962/336 1468/965/336 1467/963/336
f 1357/962/335 1469/964/335 1464/963/335
f 1274/903/334 1357/903/334 1465/903/334
f 1473/968/333 1466/903/333 1469/958/333
f 1357/962/335 1473/969/335 1469/964/335
f 1274/962/336 1472/969/336 1471/970/336
f 1357/903/334 1471/903/334 1474/903/334
f 1473/968/333 1472/971/333 1466/903/333
f 1357/962/335 1474/970/335 1473/969/335
f 1274/962/336 1466/964/336 1472/969/336
f 1357/903/334 1274/903/334 1471/903/334
f 1475/957/333 1472/903/333 1473/958/333
f 1381/959/337 1470/960/337 1475/961/337
f 1474/962/335 1475/963/335 1473/964/335
f 1471/962/336 1470/963/336 1245/965/336
f 1474/903/334 1245/903/334 1381/903/334
f 1475/957/333 1470/966/333 1472/903/333
f 1381/959/337 1245/967/337 1470/960/337
f 1474/962/335 1381/965/335 1475/963/335
f 1471/962/336 1472/964/336 1470/963/336
f 1474/903/334 1471/903/334 1245/903/334
f 1458/875/336 1478/874/336 1486/876/336
f 1485/972/334 1483/882/341 1482/887/334
f 1489/973/345 1457/974/346 1222/975/346
f 1488/976/333 1478/977/345 1489/973/345
f 1487/879/340 1479/978/333 1488/976/333
f 1223/883/335 1487/884/335 1483/893/335
f 1483/893/335 1488/891/335 1482/892/335
f 1488/891/335 1481/876/335 1482/892/335
f 1489/874/335 1222/979/335 1221/875/335
f 1224/877/339 1225/980/339 1480/878/340
f 1484/880/341 1456/981/342 1223/881/342
f 1456/883/336 1484/893/336 1480/884/336
f 1486/886/343 1485/972/334 1482/887/334
f 1458/889/344 1486/886/343 1481/888/343
f 1486/876/336 1478/874/336 1479/891/336
f 1484/893/336 1485/892/336 1479/891/336
f 1458/875/336 1457/979/336 1478/874/336
f 1485/972/334 1484/880/341 1483/882/341
f 1489/973/345 1478/977/345 1457/974/346
f 1488/976/333 1479/978/333 1478/977/345
f 1487/879/340 1480/878/340 1479/978/333
f 1223/883/335 1224/885/335 1487/884/335
f 1483/893/335 1487/884/335 1488/891/335
f 1488/891/335 1489/874/335 1481/876/335
