# Blender 4.5.3 LTS
# www.blender.org
mtllib mat_garage_car_jack.mtl
o prop_garage_car_jack
v 2.865756 0.681046 -2.685748
v 2.788045 0.668208 -2.681378
v 2.721440 0.628194 -2.667758
v 2.676079 0.567098 -2.646962
v 2.658870 0.494219 -2.622156
v 2.672432 0.420653 -2.597115
v 2.714699 0.357600 -2.575654
v 2.779239 0.314659 -2.561037
v 2.856223 0.298368 -2.555492
v 2.933934 0.311206 -2.559862
v 3.000539 0.351219 -2.573482
v 3.045900 0.412316 -2.594278
v 3.063109 0.485195 -2.619084
v 3.049547 0.558761 -2.644124
v 3.007280 0.621814 -2.665586
v 2.942741 0.664755 -2.680202
v 2.865756 0.745635 -2.495993
v 2.788045 0.732796 -2.491623
v 2.721440 0.692783 -2.478003
v 2.676079 0.631686 -2.457207
v 2.658870 0.558807 -2.432401
v 2.672432 0.485242 -2.407360
v 2.714699 0.422189 -2.385899
v 2.779239 0.379248 -2.371282
v 2.856224 0.362957 -2.365737
v 2.933934 0.375795 -2.370107
v 3.000540 0.415808 -2.383727
v 3.045900 0.476905 -2.404523
v 3.063109 0.549784 -2.429329
v 3.049547 0.623350 -2.454370
v 3.007280 0.686402 -2.475831
v 2.942741 0.729343 -2.490448
v 2.865761 0.702575 -2.622496
v 2.865761 0.724105 -2.559244
v 2.788050 0.711268 -2.554875
v 2.788050 0.689739 -2.618127
v 2.942746 0.686282 -2.616950
v 2.942746 0.707811 -2.553698
v 2.856218 0.319897 -2.492240
v 2.856218 0.341427 -2.428989
v 2.933929 0.354263 -2.433358
v 2.933929 0.332733 -2.496610
v 2.721444 0.671257 -2.541256
v 2.721444 0.649727 -2.604508
v 3.000535 0.394274 -2.446977
v 3.000535 0.372745 -2.510229
v 2.676082 0.610161 -2.520460
v 2.676082 0.588632 -2.583712
v 3.045897 0.455370 -2.467773
v 3.045897 0.433840 -2.531024
v 2.658870 0.537283 -2.495654
v 2.658870 0.515753 -2.558906
v 3.063109 0.528248 -2.492579
v 3.063109 0.506719 -2.555831
v 2.672429 0.463717 -2.470614
v 2.672429 0.442187 -2.533865
v 3.049550 0.601814 -2.517619
v 3.049550 0.580285 -2.580871
v 2.714695 0.400663 -2.449151
v 2.714695 0.379133 -2.512403
v 3.007284 0.664868 -2.539082
v 3.007284 0.643339 -2.602333
v 2.779233 0.357720 -2.434535
v 2.779233 0.336191 -2.497786
v 2.866085 0.758855 -2.500493
v 2.783005 0.745130 -2.495821
v 2.711798 0.702352 -2.481260
v 2.663303 0.637033 -2.459027
v 2.644905 0.559119 -2.432507
v 2.659403 0.480470 -2.405736
v 2.704592 0.413061 -2.382792
v 2.773590 0.367153 -2.367166
v 2.855894 0.349736 -2.361237
v 2.938974 0.363461 -2.365909
v 3.010182 0.406239 -2.380470
v 3.058676 0.471558 -2.402703
v 3.077075 0.549472 -2.429223
v 3.062576 0.628121 -2.455993
v 3.017388 0.695530 -2.478938
v 2.948389 0.741438 -2.494564
v 2.865966 0.689527 -2.688635
v 2.784811 0.676120 -2.684071
v 2.715253 0.634333 -2.669847
v 2.667882 0.570528 -2.648129
v 2.649910 0.494418 -2.622223
v 2.664073 0.417592 -2.596073
v 2.708215 0.351744 -2.573660
v 2.775615 0.306899 -2.558396
v 2.856012 0.289886 -2.552605
v 2.937168 0.303293 -2.557168
v 3.006726 0.345081 -2.571392
v 3.054096 0.408886 -2.593110
v 3.072068 0.484995 -2.619016
v 3.057906 0.561822 -2.645166
v 3.013764 0.627670 -2.667579
v 2.946364 0.672514 -2.682843
v 2.865961 0.679505 -2.718078
v 2.784806 0.666096 -2.713514
v 2.715249 0.624307 -2.699290
v 2.667880 0.560501 -2.677572
v 2.649910 0.484391 -2.651665
v 2.664075 0.407564 -2.625515
v 2.708219 0.341718 -2.603102
v 2.775620 0.296875 -2.587839
v 2.856018 0.279864 -2.582048
v 2.937173 0.293273 -2.586613
v 3.006730 0.335062 -2.600837
v 3.054099 0.398869 -2.622555
v 3.072069 0.474978 -2.648461
v 3.057904 0.551805 -2.674612
v 3.013760 0.617652 -2.697024
v 2.946359 0.662494 -2.712288
v 2.815368 0.677958 -2.433542
v 2.863971 0.685987 -2.436275
v 2.773712 0.652932 -2.425024
v 2.745342 0.614721 -2.412017
v 2.734579 0.569141 -2.396502
v 2.743061 0.523131 -2.380842
v 2.769496 0.483696 -2.367419
v 2.809860 0.456839 -2.358278
v 2.858009 0.446650 -2.354809
v 2.906611 0.454679 -2.357542
v 2.948268 0.479705 -2.366060
v 2.976637 0.517916 -2.379067
v 2.987401 0.563497 -2.394582
v 2.978919 0.609507 -2.410242
v 2.952483 0.648942 -2.423665
v 2.912119 0.675798 -2.432806
v 2.711802 0.708929 -2.461948
v 2.783010 0.751705 -2.476508
v 2.644905 0.565698 -2.413195
v 2.663305 0.643612 -2.439715
v 2.704587 0.419639 -2.363479
v 2.659401 0.487049 -2.386425
v 2.855888 0.356310 -2.341924
v 2.773584 0.373729 -2.347853
v 3.010177 0.412809 -2.361155
v 2.938969 0.370033 -2.346595
v 3.077074 0.556040 -2.409908
v 3.058674 0.478126 -2.383387
v 3.017392 0.702100 -2.459623
v 3.062578 0.634689 -2.436678
v 2.866091 0.765429 -2.481179
v 2.948395 0.748009 -2.475250
v 2.773711 0.647483 -2.441033
v 2.815368 0.672508 -2.449551
v 2.734579 0.563691 -2.412512
v 2.745342 0.609272 -2.428026
v 2.769496 0.478246 -2.383428
v 2.743061 0.517681 -2.396851
v 2.858009 0.441201 -2.370819
v 2.809860 0.451390 -2.374287
v 2.948268 0.474256 -2.382070
v 2.906611 0.449230 -2.373552
v 2.987400 0.558048 -2.410591
v 2.976637 0.512467 -2.395076
v 2.952483 0.643492 -2.439675
v 2.978919 0.604057 -2.426252
v 2.863970 0.680538 -2.452284
v 2.912119 0.670349 -2.448816
v 2.874722 1.050361 -2.780923
v 2.867709 0.768808 -2.685088
v 2.900482 1.045092 -2.794518
v 2.893469 0.763539 -2.698683
v 2.904805 1.040228 -2.808491
v 2.897791 0.758675 -2.712656
v 2.900482 1.035558 -2.822530
v 2.893469 0.754004 -2.726695
v 2.874724 1.031438 -2.836518
v 2.867711 0.749884 -2.740683
v 2.848965 1.036707 -2.822923
v 2.841952 0.755154 -2.727088
v 2.844642 1.041571 -2.808949
v 2.837629 0.760018 -2.713115
v 2.848964 1.046242 -2.794910
v 2.841950 0.764689 -2.699075
v 2.874815 1.054124 -2.782146
v 2.900617 1.050570 -2.796210
v 2.904984 1.047449 -2.810659
v 2.900702 1.044521 -2.825174
v 2.874986 1.042117 -2.839633
v 2.849184 1.045670 -2.825569
v 2.844818 1.048792 -2.811119
v 2.849098 1.051720 -2.796602
v 2.874911 1.058007 -2.782901
v 2.900752 1.056213 -2.797225
v 2.905159 1.054880 -2.811935
v 2.900919 1.053739 -2.826710
v 2.875243 1.053096 -2.841422
v 2.849401 1.054890 -2.827100
v 2.844994 1.056223 -2.812389
v 2.849234 1.057364 -2.797613
v 2.874998 1.061953 -2.783176
v 2.900881 1.061939 -2.797537
v 2.905329 1.062411 -2.812288
v 2.901131 1.063077 -2.827104
v 2.875497 1.064212 -2.841859
v 2.849615 1.064227 -2.827498
v 2.845166 1.063754 -2.812747
v 2.849363 1.063089 -2.797930
v 2.905968 2.474205 -2.710063
v 2.931852 2.474341 -2.724420
v 2.936305 2.474966 -2.739162
v 2.932109 2.475785 -2.753970
v 2.906478 2.477070 -2.768720
v 2.880594 2.476934 -2.754364
v 2.876142 2.476309 -2.739620
v 2.880337 2.475491 -2.724811
v 2.930099 2.192248 -2.753036
v 2.925123 1.965543 -2.764151
v 2.869936 2.193591 -2.753482
v 2.864960 1.966886 -2.764607
v 2.925902 2.193067 -2.767844
v 2.920927 1.966361 -2.778959
v 2.894787 1.964781 -2.735051
v 2.899769 2.191486 -2.723930
v 2.874135 2.192772 -2.738674
v 2.869155 1.966067 -2.749798
v 2.900268 2.194352 -2.782588
v 2.895295 1.967647 -2.793708
v 2.925650 2.191623 -2.738292
v 2.920670 1.964918 -2.749409
v 2.874387 2.194216 -2.768226
v 2.869412 1.967512 -2.779351
v 2.934027 1.980724 -2.763325
v 2.938330 2.176684 -2.753722
v 2.856731 1.982450 -2.763925
v 2.861031 2.178410 -2.754306
v 2.928638 1.981780 -2.782456
v 2.932937 2.177741 -2.772852
v 2.862121 1.981393 -2.744794
v 2.866424 2.177353 -2.735175
v 2.900007 2.179393 -2.791790
v 2.895714 1.983432 -2.801402
v 2.932607 2.175876 -2.734675
v 2.928300 1.979915 -2.744280
v 2.899354 2.175701 -2.716237
v 2.895045 1.979741 -2.725848
v 2.866754 2.179218 -2.773354
v 2.862459 1.983258 -2.782970
v 2.906930 2.516574 -2.712336
v 2.932730 2.512941 -2.726384
v 2.937095 2.509739 -2.740816
v 2.932812 2.506729 -2.755313
v 2.907094 2.504246 -2.769755
v 2.881294 2.507879 -2.755708
v 2.876930 2.511081 -2.741275
v 2.881211 2.514091 -2.726776
v 2.907928 2.556930 -2.725443
v 2.933638 2.549734 -2.738222
v 2.937914 2.542914 -2.751366
v 2.933544 2.536286 -2.764577
v 2.907740 2.530236 -2.777755
v 2.882029 2.537432 -2.764976
v 2.877751 2.544252 -2.751832
v 2.882124 2.550880 -2.738621
v 2.908903 2.592548 -2.748500
v 2.934524 2.582233 -2.759142
v 2.938712 2.572248 -2.770111
v 2.934250 2.562456 -2.781146
v 2.908357 2.553291 -2.792178
v 2.882735 2.563606 -2.781538
v 2.878549 2.573592 -2.770567
v 2.883010 2.583385 -2.759531
v 2.915905 2.834270 -2.959032
v 2.945946 2.822171 -2.971513
v 2.950852 2.810462 -2.984376
v 2.945618 2.798980 -2.997315
v 2.915254 2.788237 -3.010247
v 2.885213 2.800335 -2.997766
v 2.880305 2.812045 -2.984903
v 2.885540 2.823527 -2.971963
v 2.910000 2.630232 -2.782385
v 2.884106 2.621068 -2.793416
v 2.879647 2.611275 -2.804452
v 2.883833 2.601288 -2.815423
v 2.909458 2.590976 -2.826061
v 2.935351 2.600141 -2.815029
v 2.939812 2.609933 -2.803993
v 2.935624 2.619919 -2.793024
v 2.910463 2.647909 -2.791465
v 2.874871 2.625680 -2.817341
v 2.909828 2.601878 -2.842679
v 2.945421 2.624107 -2.816802
v 2.880100 2.637164 -2.804399
v 2.879781 2.613971 -2.830204
v 2.940191 2.612624 -2.829743
v 2.940511 2.635817 -2.803939
v 2.960055 2.614980 -2.787043
v 2.967692 2.626901 -2.794679
v 2.859369 2.617288 -2.787741
v 2.852434 2.629513 -2.795512
v 2.891841 2.654154 -2.766815
v 2.893831 2.638749 -2.762769
v 2.926287 2.638013 -2.762535
v 2.929033 2.653312 -2.766546
v 2.814280 2.301293 -2.709273
v 2.812633 2.293676 -2.514877
v 2.816913 2.488030 -2.507225
v 2.989828 2.297374 -2.707939
v 2.988181 2.289757 -2.513543
v 2.992461 2.484112 -2.505891
v 2.814697 2.320229 -2.708527
v 2.813210 2.313354 -2.533072
v 2.817074 2.488773 -2.526165
v 2.882871 2.296744 -2.632104
v 2.990245 2.316311 -2.707193
v 2.988758 2.309436 -2.531738
v 2.992622 2.484854 -2.524832
v 2.882230 2.296855 -2.634579
v 2.880113 2.297224 -2.642751
v 2.890900 2.297708 -2.661075
v 2.890588 2.296266 -2.624266
v 2.883650 2.296696 -2.631313
v 2.883051 2.297577 -2.653355
v 2.911851 2.295791 -2.624104
v 2.922638 2.296275 -2.642428
v 2.919879 2.296755 -2.653076
v 2.919699 2.295922 -2.631824
v 2.901555 2.297582 -2.663841
v 2.912163 2.297233 -2.660913
v 2.901195 2.295917 -2.621338
v 2.880530 2.316160 -2.642006
v 2.883468 2.316513 -2.652610
v 2.891317 2.316644 -2.660329
v 2.883288 2.315680 -2.631359
v 2.891005 2.315202 -2.623521
v 2.901612 2.314853 -2.620593
v 2.920296 2.315691 -2.652330
v 2.923055 2.315211 -2.641683
v 2.901972 2.316518 -2.663096
v 2.912580 2.316170 -2.660168
v 2.912268 2.314727 -2.623359
v 2.920116 2.314858 -2.631078
v 3.050138 0.069302 -2.454029
v 2.649604 0.078243 -2.457072
v 3.050082 0.068691 -2.448493
v 2.649549 0.077632 -2.451536
v 3.049970 0.065105 -2.444252
v 2.649436 0.074046 -2.447295
v 3.049841 0.059740 -2.443059
v 2.649307 0.068681 -2.446102
v 3.049749 0.054781 -2.445488
v 2.649215 0.063722 -2.448532
v 3.049726 0.052091 -2.450363
v 2.649192 0.061032 -2.453406
v 3.049779 0.052571 -2.455907
v 2.649245 0.061512 -2.458950
v 3.049891 0.056230 -2.459996
v 2.649358 0.065171 -2.463039
v 3.050020 0.061626 -2.461102
v 2.649487 0.070567 -2.464145
v 3.050116 0.066667 -2.458895
v 2.649582 0.075608 -2.461938
v 2.889437 1.048769 -2.784525
v 2.889541 1.052993 -2.785873
v 2.882423 0.767215 -2.688690
v 2.889647 1.057350 -2.786699
v 2.889746 1.061776 -2.786985
v 2.920715 2.474068 -2.713871
v 2.921656 2.515423 -2.716059
v 2.909535 1.964644 -2.738858
v 2.914516 2.191349 -2.727740
v 2.918311 2.175525 -2.721123
v 2.914003 1.979565 -2.730731
v 2.922629 2.554819 -2.728824
v 2.923580 2.589597 -2.751307
v 2.933115 2.830807 -2.962324
v 2.927675 2.644450 -2.794754
v 2.924678 2.627282 -2.785190
v 2.892833 2.572601 -2.836368
v 2.852995 0.767872 -2.688914
v 2.860008 1.049426 -2.784749
v 2.860112 1.053650 -2.786098
v 2.860219 1.058007 -2.786922
v 2.860317 1.062433 -2.787208
v 2.880107 1.965301 -2.739082
v 2.885089 2.192006 -2.727960
v 2.891288 2.474725 -2.714094
v 2.880484 2.176369 -2.721409
v 2.876177 1.980409 -2.731024
v 2.892227 2.516079 -2.716284
v 2.893202 2.555473 -2.729052
v 2.893167 2.645219 -2.795017
v 2.898609 2.831580 -2.962583
v 2.894153 2.590254 -2.751531
v 2.895249 2.627938 -2.785414
v 2.890687 2.578257 -2.851262
v 2.882425 0.750820 -2.736858
v 2.889438 1.032373 -2.832692
v 2.889689 1.042591 -2.835680
v 2.889935 1.053096 -2.837402
v 2.890178 1.063733 -2.837827
v 2.909975 1.967127 -2.789676
v 2.921158 2.476551 -2.764689
v 2.914948 2.193832 -2.778559
v 2.918878 2.178725 -2.786619
v 2.914583 1.982764 -2.796226
v 2.921797 2.504741 -2.765807
v 2.922466 2.531692 -2.774146
v 2.923107 2.555586 -2.789147
v 2.932551 2.790926 -3.006696
v 2.927125 2.604568 -2.839126
v 2.924208 2.593270 -2.823031
v 2.925288 2.571849 -2.836152
v 2.852997 0.751477 -2.737082
v 2.860010 1.033030 -2.832916
v 2.860261 1.043247 -2.835905
v 2.860506 1.053753 -2.837624
v 2.860749 1.064390 -2.838051
v 2.891731 2.477208 -2.764912
v 2.885521 2.194489 -2.778778
v 2.880548 1.967784 -2.789900
v 2.876757 1.983609 -2.796518
v 2.881050 2.179569 -2.786904
v 2.892369 2.505398 -2.766032
v 2.893039 2.532348 -2.774373
v 2.893680 2.556243 -2.789371
v 2.898045 2.791700 -3.006954
v 2.892617 2.605337 -2.839389
v 2.894780 2.593927 -2.823256
v 2.927881 2.577430 -2.850976
v 2.826232 0.742838 -2.495041
v 2.905096 0.741078 -2.494442
v 2.895747 0.365753 -2.366689
v 2.752661 0.715895 -2.485870
v 2.969318 0.392696 -2.375860
v 2.695581 0.664349 -2.468325
v 3.026398 0.444242 -2.393405
v 2.663684 0.596049 -2.445077
v 3.058296 0.512542 -2.416653
v 2.661824 0.521392 -2.419665
v 3.060155 0.587199 -2.442065
v 2.690286 0.451745 -2.395959
v 3.031694 0.656846 -2.465771
v 2.744735 0.397710 -2.377566
v 2.977244 0.710882 -2.484164
v 2.816884 0.367513 -2.367288
v 2.816878 0.324455 -2.493792
v 2.816878 0.345985 -2.430540
v 2.977249 0.667819 -2.610666
v 2.977249 0.689348 -2.547414
v 2.744730 0.354653 -2.504071
v 2.744730 0.376183 -2.440819
v 3.031697 0.613782 -2.592273
v 3.031697 0.635312 -2.529021
v 2.690282 0.408690 -2.522464
v 2.690282 0.430220 -2.459212
v 3.060156 0.544134 -2.568566
v 3.060156 0.565664 -2.505314
v 2.661823 0.478338 -2.546170
v 2.661823 0.499868 -2.482919
v 3.058294 0.469477 -2.543154
v 3.058294 0.491007 -2.479903
v 2.663685 0.552995 -2.571582
v 2.663685 0.574525 -2.508330
v 3.026394 0.401178 -2.519907
v 3.026394 0.422707 -2.456655
v 2.695585 0.621294 -2.594830
v 2.695585 0.642824 -2.531578
v 2.969313 0.349634 -2.502362
v 2.969313 0.371164 -2.439111
v 2.752666 0.672838 -2.612374
v 2.752666 0.694368 -2.549123
v 2.895741 0.322692 -2.493192
v 2.895741 0.344222 -2.429940
v 2.905101 0.698017 -2.620944
v 2.905101 0.719547 -2.557693
v 2.826238 0.699780 -2.621544
v 2.826238 0.721309 -2.558293
v 2.826232 0.678250 -2.684796
v 2.905096 0.676489 -2.684197
v 2.895747 0.301164 -2.556444
v 2.752661 0.651306 -2.675625
v 2.969318 0.328108 -2.565615
v 2.695581 0.599761 -2.658080
v 3.026398 0.379653 -2.583160
v 2.663684 0.531460 -2.634832
v 3.058295 0.447953 -2.606408
v 2.661824 0.456804 -2.609420
v 3.060155 0.522610 -2.631819
v 2.690285 0.387156 -2.585714
v 3.031694 0.592258 -2.655526
v 2.744735 0.333121 -2.567321
v 2.977244 0.646293 -2.673918
v 2.816883 0.302925 -2.557043
v 2.985277 0.721701 -2.487846
v 2.813836 0.354608 -2.362895
v 2.823831 0.755865 -2.499475
v 2.908143 0.753983 -2.498834
v 2.898148 0.352725 -2.362255
v 2.745176 0.727060 -2.489671
v 2.976803 0.381531 -2.372059
v 2.684153 0.671953 -2.470913
v 3.037827 0.436638 -2.390817
v 2.650051 0.598934 -2.446059
v 3.071928 0.509657 -2.415671
v 2.648063 0.519119 -2.418891
v 3.073917 0.589472 -2.442838
v 2.678491 0.444659 -2.393547
v 3.043489 0.663932 -2.468183
v 2.736703 0.386890 -2.373884
v 2.813830 0.361182 -2.343582
v 2.823837 0.762440 -2.480162
v 2.908149 0.760556 -2.479521
v 2.898142 0.359298 -2.342941
v 2.745181 0.733637 -2.470358
v 2.976798 0.388101 -2.352745
v 2.684156 0.678532 -2.451601
v 3.037823 0.443207 -2.371501
v 2.650052 0.605513 -2.426747
v 3.071927 0.516225 -2.396356
v 2.648062 0.525698 -2.399580
v 3.073917 0.596040 -2.423523
v 2.678488 0.451237 -2.374235
v 3.043492 0.670501 -2.448868
v 2.736698 0.393467 -2.354571
v 2.985281 0.728271 -2.468532
v 2.967752 0.625007 -2.433383
v 2.967753 0.630456 -2.417373
v 2.654937 0.533311 -2.635462
v 3.067042 0.446103 -2.605778
v 2.652995 0.455345 -2.608924
v 3.068984 0.524069 -2.632316
v 2.682719 0.382610 -2.584166
v 3.039260 0.596804 -2.657073
v 2.739582 0.326180 -2.564959
v 2.982397 0.653234 -2.676281
v 2.814929 0.294645 -2.554225
v 2.824691 0.686607 -2.687641
v 2.907050 0.684769 -2.687015
v 2.897288 0.292806 -2.553599
v 2.747858 0.658469 -2.678063
v 2.974120 0.320944 -2.563177
v 2.688249 0.604639 -2.659740
v 3.033730 0.374775 -2.581499
v 2.682722 0.372583 -2.613608
v 3.039257 0.586786 -2.686518
v 2.739587 0.316154 -2.594401
v 2.982392 0.643215 -2.705726
v 2.814934 0.284621 -2.583668
v 2.824686 0.676584 -2.717084
v 2.907045 0.674748 -2.716459
v 2.897293 0.282785 -2.583043
v 2.747854 0.648444 -2.707506
v 2.974125 0.310925 -2.592621
v 2.688246 0.594612 -2.689182
v 3.033733 0.364757 -2.610945
v 2.654936 0.523283 -2.664904
v 3.067043 0.436086 -2.635223
v 2.652996 0.445317 -2.638366
v 3.068983 0.514052 -2.661761
v 2.839252 0.678789 -2.451689
v 2.757539 0.629700 -2.434980
v 2.736426 0.540291 -2.404547
v 2.788281 0.462936 -2.378217
v 2.882728 0.442950 -2.371414
v 2.964440 0.492039 -2.388123
v 2.985553 0.581448 -2.418556
v 2.933698 0.658802 -2.444886
v 2.793238 0.667387 -2.429944
v 2.757539 0.635149 -2.418971
v 2.737589 0.592432 -2.404431
v 2.736426 0.545740 -2.388537
v 2.754227 0.502181 -2.373711
v 2.788281 0.468386 -2.362208
v 2.833405 0.449500 -2.355779
v 2.882728 0.448399 -2.355405
v 2.928741 0.465250 -2.361140
v 2.964440 0.497488 -2.372113
v 2.984390 0.540205 -2.386653
v 2.985553 0.586897 -2.402546
v 2.933698 0.664252 -2.428876
v 2.888575 0.683137 -2.435305
v 2.839252 0.684238 -2.435679
v 2.833405 0.444051 -2.371789
v 2.888575 0.677688 -2.451314
v 2.793238 0.661938 -2.445953
v 2.928741 0.459801 -2.377150
v 2.737589 0.586983 -2.420440
v 2.984390 0.534756 -2.402663
v 2.754227 0.496731 -2.389720
v 2.866334 0.755127 -2.543564
v 2.866036 0.738563 -2.552831
v 2.866325 0.760470 -2.527282
v 2.866084 0.755372 -2.510642
v 2.952580 0.736873 -2.537351
v 2.947447 0.721333 -2.546966
v 2.952500 0.742233 -2.521075
v 2.948377 0.737957 -2.504714
v 2.855645 0.326413 -2.397638
v 2.855943 0.333883 -2.415086
v 2.855654 0.332113 -2.381479
v 2.855895 0.346305 -2.371404
v 2.779339 0.746099 -2.522391
v 2.783014 0.741648 -2.505970
v 2.779275 0.740746 -2.538669
v 2.783857 0.724989 -2.548211
v 2.942640 0.346483 -2.386370
v 2.938965 0.360028 -2.376075
v 2.942704 0.340794 -2.402533
v 2.938122 0.347457 -2.419707
v 2.704783 0.701310 -2.507146
v 2.711816 0.698875 -2.491411
v 2.704656 0.695921 -2.523411
v 2.713421 0.682678 -2.533809
v 3.017196 0.391273 -2.401615
v 3.010163 0.402801 -2.390634
v 3.017323 0.385619 -2.417791
v 3.008558 0.389769 -2.434109
v 2.654008 0.632921 -2.483867
v 2.663328 0.633565 -2.469181
v 2.653837 0.627475 -2.500113
v 2.665450 0.618069 -2.511817
v 3.067971 0.459662 -2.424894
v 3.058651 0.468111 -2.412864
v 3.068142 0.454065 -2.441088
v 3.056528 0.454377 -2.456100
v 2.634744 0.551343 -2.456100
v 2.644932 0.555661 -2.442664
v 2.634555 0.545829 -2.472323
v 2.647249 0.541001 -2.485585
v 3.087235 0.541240 -2.452661
v 3.077047 0.546016 -2.439381
v 3.087423 0.535710 -2.468879
v 3.074730 0.531446 -2.482333
v 2.649924 0.468996 -2.428071
v 2.659429 0.477022 -2.415897
v 2.649746 0.463414 -2.444270
v 2.661588 0.463205 -2.459105
v 3.072055 0.623587 -2.480690
v 3.062550 0.624654 -2.466148
v 3.072233 0.618126 -2.496932
v 3.060391 0.609241 -2.508813
v 2.697237 0.398416 -2.404047
v 2.704612 0.409621 -2.392955
v 2.697097 0.392774 -2.420226
v 2.706284 0.396525 -2.436409
v 3.024742 0.694166 -2.504714
v 3.017367 0.692055 -2.489090
v 3.024882 0.688765 -2.520976
v 3.015695 0.675921 -2.531509
v 2.769479 0.350349 -2.387686
v 2.773602 0.363719 -2.377331
v 2.769399 0.344666 -2.403851
v 2.774532 0.351113 -2.420951
v 2.866330 0.733620 -2.606823
v 2.866032 0.717016 -2.616077
v 2.866329 0.739141 -2.590602
v 2.866031 0.731630 -2.573141
v 2.779261 0.724756 -2.585706
v 2.783860 0.718056 -2.568520
v 2.779262 0.719236 -2.601927
v 2.783861 0.703442 -2.611456
v 2.952585 0.715366 -2.600610
v 2.947436 0.699788 -2.610213
v 2.952584 0.720888 -2.584389
v 2.947435 0.714403 -2.567277
v 2.855650 0.304862 -2.460882
v 2.855947 0.312372 -2.478344
v 2.855650 0.310383 -2.444662
v 2.855948 0.326986 -2.435408
v 2.942718 0.324767 -2.449558
v 2.938119 0.340561 -2.440028
v 2.942718 0.319246 -2.465779
v 2.938118 0.325946 -2.482965
v 2.704635 0.679924 -2.570446
v 2.713431 0.675746 -2.554119
v 2.704636 0.674404 -2.586667
v 2.713432 0.661133 -2.597055
v 3.017344 0.369599 -2.464818
v 3.008548 0.382870 -2.454430
v 3.017343 0.364077 -2.481038
v 3.008547 0.368255 -2.497366
v 2.653813 0.611471 -2.547146
v 2.665466 0.611143 -2.532129
v 2.653814 0.605950 -2.563367
v 2.665467 0.596530 -2.575066
v 3.068166 0.438052 -2.488118
v 3.056513 0.447473 -2.476419
v 3.068166 0.432531 -2.504339
v 3.056512 0.432858 -2.519355
v 2.634532 0.529816 -2.519352
v 2.647268 0.534081 -2.505899
v 2.634532 0.524296 -2.535573
v 2.647268 0.519468 -2.548835
v 3.087447 0.519707 -2.515912
v 3.074711 0.524535 -2.502650
v 3.087447 0.514185 -2.532132
v 3.074711 0.509920 -2.545586
v 2.649727 0.447392 -2.491297
v 2.661608 0.456293 -2.479421
v 2.649726 0.441872 -2.507518
v 2.661607 0.441679 -2.522358
v 3.072252 0.602131 -2.543967
v 3.060372 0.602324 -2.529127
v 3.072253 0.596609 -2.560188
v 3.060372 0.587709 -2.572063
v 2.697084 0.376747 -2.467251
v 2.706301 0.389620 -2.456727
v 2.697084 0.371226 -2.483472
v 2.706300 0.375006 -2.499664
v 3.024895 0.672776 -2.568013
v 3.015678 0.668997 -2.551821
v 3.024895 0.667255 -2.584234
v 3.015679 0.654381 -2.594757
v 2.769395 0.328635 -2.450875
v 2.774544 0.344214 -2.441272
v 2.769394 0.323115 -2.467095
v 2.774543 0.329599 -2.484208
v 2.779269 0.703206 -2.648951
v 2.783853 0.696543 -2.631778
v 2.779338 0.697519 -2.665115
v 2.783015 0.683974 -2.675410
v 2.942710 0.303258 -2.512817
v 2.938126 0.319014 -2.503274
v 2.942641 0.297903 -2.529094
v 2.938964 0.302354 -2.545514
v 2.704652 0.658379 -2.633692
v 2.713418 0.654230 -2.617375
v 2.704782 0.652729 -2.649869
v 2.711817 0.641202 -2.660851
v 3.017328 0.348085 -2.528075
v 3.008561 0.361327 -2.517677
v 3.017197 0.342693 -2.544339
v 3.010163 0.345127 -2.560073
v 2.653835 0.589932 -2.610394
v 2.665449 0.589621 -2.595383
v 2.654007 0.584340 -2.626591
v 2.663328 0.575892 -2.638621
v 3.068144 0.416532 -2.551373
v 3.056530 0.425936 -2.539669
v 3.067972 0.411083 -2.567618
v 3.058651 0.410437 -2.582304
v 2.634555 0.508286 -2.582604
v 2.647249 0.512552 -2.569151
v 2.634744 0.502761 -2.598823
v 2.644932 0.497988 -2.612104
v 3.087424 0.498178 -2.579163
v 3.074730 0.503005 -2.565901
v 3.087235 0.492661 -2.595385
v 3.077047 0.488341 -2.608820
v 2.649749 0.425870 -2.554551
v 2.661589 0.434757 -2.542671
v 2.649924 0.420414 -2.570794
v 2.659429 0.419349 -2.585337
v 3.072231 0.580594 -2.607216
v 3.060390 0.580801 -2.592381
v 3.072055 0.575008 -2.623415
v 3.062550 0.566980 -2.635587
v 2.697101 0.355232 -2.530508
v 2.706287 0.368078 -2.519975
v 2.697237 0.349835 -2.546770
v 2.704611 0.351948 -2.562395
v 3.024878 0.651232 -2.631260
v 3.015692 0.647479 -2.615077
v 3.024742 0.645587 -2.647438
v 3.017368 0.634381 -2.658529
v 2.769405 0.307126 -2.514133
v 2.774536 0.322667 -2.504518
v 2.769480 0.301769 -2.530410
v 2.773601 0.306046 -2.546771
v 2.866324 0.711890 -2.670006
v 2.866084 0.697698 -2.680081
v 2.866328 0.717589 -2.653846
v 2.866032 0.710119 -2.636398
v 2.952499 0.693654 -2.663799
v 2.948378 0.680283 -2.674153
v 2.952575 0.699338 -2.647634
v 2.947443 0.692890 -2.630534
v 2.855655 0.283533 -2.524203
v 2.855895 0.288631 -2.540843
v 2.855651 0.288875 -2.507921
v 2.855947 0.305438 -2.498653
v 2.823835 0.752382 -2.509624
v 2.822084 0.757340 -2.526217
v 2.908137 0.750501 -2.508984
v 2.910361 0.755369 -2.525546
v 2.898144 0.349294 -2.372421
v 2.899895 0.335243 -2.382544
v 2.745190 0.723581 -2.499821
v 2.739731 0.727180 -2.515951
v 2.976789 0.378096 -2.382225
v 2.982248 0.365402 -2.392810
v 2.684175 0.668480 -2.481066
v 2.675838 0.669482 -2.496312
v 3.037804 0.433196 -2.400980
v 3.046141 0.423100 -2.412449
v 2.650078 0.595470 -2.456215
v 2.640132 0.593030 -2.470289
v 3.071902 0.506206 -2.425831
v 3.081847 0.499553 -2.438472
v 2.648090 0.515665 -2.429051
v 2.638050 0.509461 -2.441844
v 3.073889 0.586011 -2.452995
v 3.083929 0.583121 -2.466917
v 2.678514 0.441215 -2.403709
v 2.669909 0.431500 -2.415308
v 3.043465 0.660461 -2.478336
v 3.052070 0.661083 -2.493453
v 2.736719 0.383454 -2.384049
v 2.730858 0.371015 -2.394720
v 2.985260 0.718222 -2.497997
v 2.991121 0.721568 -2.514041
v 2.813843 0.351176 -2.373062
v 2.811618 0.337214 -2.383215
v 2.814345 0.310258 -2.500294
v 2.811578 0.293980 -2.509659
v 2.814350 0.331805 -2.437048
v 2.811573 0.315488 -2.446399
v 2.983930 0.673366 -2.623888
v 2.991229 0.678655 -2.640594
v 2.983919 0.694881 -2.560632
v 2.991242 0.700203 -2.577349
v 2.738049 0.342191 -2.511163
v 2.730751 0.327809 -2.521173
v 2.738060 0.363735 -2.447917
v 2.730737 0.349320 -2.457915
v 3.041510 0.616224 -2.604438
v 3.052229 0.618120 -2.619989
v 3.041493 0.637744 -2.541183
v 3.052249 0.639661 -2.556742
v 2.680469 0.399334 -2.530613
v 2.669750 0.388344 -2.541778
v 2.680486 0.420873 -2.467365
v 2.669731 0.409862 -2.478522
v 3.071607 0.542571 -2.579369
v 3.084114 0.540094 -2.593431
v 3.071588 0.564098 -2.516116
v 3.084138 0.561627 -2.530180
v 2.650372 0.472986 -2.555683
v 2.637865 0.466370 -2.568336
v 2.650391 0.494518 -2.492432
v 2.637842 0.487896 -2.505084
v 3.069639 0.463622 -2.552496
v 3.082031 0.456456 -2.564962
v 3.069621 0.485156 -2.489246
v 3.082054 0.477981 -2.501709
v 2.652340 0.551935 -2.582556
v 2.639948 0.550008 -2.596805
v 2.652359 0.573460 -2.519303
v 2.639925 0.571542 -2.533555
v 3.035907 0.391395 -2.527911
v 3.046297 0.379939 -2.538918
v 3.035891 0.412936 -2.464664
v 3.046316 0.401456 -2.475662
v 2.686072 0.624162 -2.607140
v 2.675682 0.626525 -2.622850
v 2.686088 0.645681 -2.543885
v 2.675663 0.648067 -2.559602
v 2.975545 0.336887 -2.509358
v 2.982351 0.322193 -2.519262
v 2.975535 0.358432 -2.446111
v 2.982363 0.343704 -2.456004
v 2.746434 0.678670 -2.625694
v 2.739628 0.684271 -2.642506
v 2.746444 0.700184 -2.562437
v 2.739616 0.705819 -2.579260
v 2.897743 0.308395 -2.499660
v 2.899929 0.292008 -2.508987
v 2.897740 0.329943 -2.436414
v 2.899933 0.313516 -2.445728
v 2.907634 0.705300 -2.634758
v 2.910401 0.712484 -2.652109
v 2.907629 0.726812 -2.571500
v 2.910406 0.734035 -2.588865
v 2.824236 0.707162 -2.635392
v 2.822051 0.714456 -2.652780
v 2.824239 0.728674 -2.572134
v 2.822047 0.736007 -2.589536
v 2.814341 0.338703 -2.416727
v 2.811572 0.331519 -2.399376
v 2.983933 0.701808 -2.540321
v 2.991233 0.716190 -2.530310
v 2.738045 0.370638 -2.427597
v 2.730746 0.365350 -2.410892
v 3.041512 0.644665 -2.520870
v 3.052232 0.655653 -2.509705
v 2.680467 0.427781 -2.447047
v 2.669747 0.425887 -2.431497
v 3.071607 0.571012 -2.495800
v 3.084115 0.577626 -2.483146
v 2.650371 0.501434 -2.472117
v 2.637864 0.503913 -2.458056
v 3.069638 0.492063 -2.468928
v 3.082030 0.493989 -2.454678
v 2.652341 0.580384 -2.498990
v 2.639949 0.587551 -2.486524
v 3.035904 0.419837 -2.444343
v 3.046293 0.417473 -2.428633
v 2.686075 0.652610 -2.523574
v 2.675686 0.664067 -2.512569
v 2.975541 0.365329 -2.425790
v 2.982346 0.359728 -2.408978
v 2.746438 0.707117 -2.542127
v 2.739633 0.721812 -2.532224
v 2.897738 0.336839 -2.416092
v 2.899923 0.329545 -2.398704
v 2.907638 0.733743 -2.551190
v 2.910407 0.750021 -2.541826
v 2.824241 0.735607 -2.551825
v 2.822056 0.751995 -2.542498
v 2.824241 0.714059 -2.615070
v 2.822047 0.730487 -2.605757
v 2.907630 0.712197 -2.614436
v 2.910407 0.728514 -2.605085
v 2.897739 0.315328 -2.479350
v 2.899932 0.307995 -2.461949
v 2.746445 0.685571 -2.605373
v 2.739617 0.700299 -2.595481
v 2.975534 0.343817 -2.489048
v 2.982363 0.338182 -2.472224
v 2.686089 0.631067 -2.586822
v 2.675664 0.642547 -2.575824
v 3.035891 0.398320 -2.507599
v 3.046315 0.395935 -2.491882
v 2.652359 0.558847 -2.562239
v 2.639925 0.566022 -2.549776
v 3.069620 0.470541 -2.532182
v 3.082054 0.472459 -2.517929
v 2.650391 0.479905 -2.535369
v 2.637841 0.482376 -2.521305
v 3.071588 0.549483 -2.559052
v 3.084138 0.556106 -2.546401
v 2.680485 0.406259 -2.510302
v 2.669730 0.404341 -2.494743
v 3.041494 0.623128 -2.584120
v 3.052249 0.634140 -2.572962
v 2.738059 0.349121 -2.490853
v 2.730736 0.343800 -2.474136
v 2.983920 0.680266 -2.603568
v 2.991243 0.694682 -2.593569
v 2.814349 0.317191 -2.479985
v 2.811572 0.309967 -2.462620
v 2.823836 0.694709 -2.679064
v 2.822084 0.708759 -2.668941
v 2.908137 0.692827 -2.678423
v 2.910360 0.706789 -2.668270
v 2.898143 0.291620 -2.541861
v 2.899896 0.286663 -2.525268
v 2.745191 0.665907 -2.669260
v 2.739730 0.678600 -2.658675
v 2.976788 0.320422 -2.551664
v 2.982249 0.316822 -2.535534
v 2.684175 0.610807 -2.650505
v 2.675837 0.620901 -2.639036
v 3.037804 0.375522 -2.570419
v 3.046142 0.374521 -2.555173
v 2.650078 0.537797 -2.625654
v 2.640132 0.544449 -2.613013
v 3.071901 0.448532 -2.595270
v 3.081847 0.450974 -2.581196
v 2.648090 0.457992 -2.598490
v 2.638050 0.460880 -2.584568
v 3.073889 0.528337 -2.622434
v 3.083929 0.534542 -2.609641
v 2.678514 0.383542 -2.573149
v 2.669909 0.382919 -2.558032
v 3.043465 0.602787 -2.647775
v 3.052070 0.612503 -2.636177
v 2.736718 0.325781 -2.553488
v 2.730858 0.322434 -2.537444
v 2.985261 0.660548 -2.667436
v 2.991121 0.672988 -2.656765
v 2.813842 0.293502 -2.542501
v 2.811619 0.288633 -2.525939
v 2.861312 2.640463 -2.783042
v 2.867144 2.626837 -2.776874
v 2.860569 2.593323 -2.835493
v 2.866537 2.585728 -2.822612
v 2.958427 2.591116 -2.834774
v 2.951962 2.583762 -2.822028
v 2.959144 2.638247 -2.782332
v 2.952584 2.624880 -2.776278
v 2.910083 2.640051 -2.760796
v 2.962529 2.604083 -2.799079
v 2.909034 2.570554 -2.838120
v 2.856566 2.606513 -2.799814
v 2.910465 2.655653 -2.764544
v 2.849222 2.617166 -2.809349
v 2.909258 2.575927 -2.853249
v 2.970521 2.614416 -2.808475
v 2.940928 2.632804 -2.767849
v 2.945802 2.647335 -2.772655
v 2.879042 2.634215 -2.768287
v 2.874910 2.648939 -2.773168
v 2.944818 2.582643 -2.844634
v 2.940075 2.576381 -2.830628
v 2.878196 2.577811 -2.831044
v 2.873912 2.584231 -2.845166
v 2.959727 2.593310 -2.811153
v 2.967315 2.602067 -2.822311
v 2.852033 2.604677 -2.823146
v 2.859051 2.595619 -2.811850
v 2.638179 0.088742 -2.399809
v 2.625772 0.093051 -2.388054
v 2.634545 0.091675 -2.391458
v 2.598131 0.093667 -2.388265
v 2.585724 0.089910 -2.400209
v 2.589358 0.092681 -2.391802
v 2.637489 0.058514 -2.397806
v 2.624935 0.056359 -2.385622
v 2.633751 0.056876 -2.389152
v 2.585034 0.059681 -2.398203
v 2.597294 0.056975 -2.385831
v 2.588564 0.057882 -2.389494
v 2.636984 0.031327 -2.411186
v 2.624322 0.023362 -2.401862
v 2.633169 0.025580 -2.404554
v 2.584529 0.032497 -2.411584
v 2.596680 0.023978 -2.402072
v 2.587982 0.026588 -2.404897
v 2.636799 0.014473 -2.436367
v 2.624097 0.002903 -2.432429
v 2.632956 0.006177 -2.433543
v 2.584344 0.015644 -2.436767
v 2.596456 0.003520 -2.432640
v 2.587769 0.007186 -2.433888
v 2.636984 0.012465 -2.466602
v 2.624322 0.000466 -2.469130
v 2.633169 0.003865 -2.468350
v 2.584529 0.013636 -2.467002
v 2.596681 0.001083 -2.469341
v 2.587982 0.004874 -2.468695
v 2.637489 0.025838 -2.493790
v 2.624935 0.016699 -2.502131
v 2.633751 0.019261 -2.499649
v 2.585034 0.027010 -2.494190
v 2.597294 0.017317 -2.502341
v 2.588564 0.020271 -2.499993
v 2.638179 0.051012 -2.510644
v 2.625772 0.047256 -2.522588
v 2.634545 0.048241 -2.519051
v 2.585724 0.052184 -2.511043
v 2.598131 0.047873 -2.522799
v 2.589358 0.049251 -2.519395
v 2.638869 0.081241 -2.512649
v 2.626610 0.083948 -2.525022
v 2.635339 0.083040 -2.521359
v 2.586414 0.082413 -2.513048
v 2.598969 0.084566 -2.525232
v 2.590153 0.084050 -2.521702
v 2.639374 0.108425 -2.499269
v 2.627223 0.116945 -2.508781
v 2.635921 0.114335 -2.505956
v 2.586920 0.109597 -2.499667
v 2.599582 0.117562 -2.508991
v 2.590734 0.115344 -2.506299
v 2.639559 0.125279 -2.474088
v 2.627447 0.137403 -2.478214
v 2.636134 0.133737 -2.476967
v 2.587104 0.126450 -2.474486
v 2.599806 0.138020 -2.478423
v 2.590947 0.134746 -2.477309
v 2.639374 0.127286 -2.443852
v 2.627223 0.139839 -2.441513
v 2.635921 0.136048 -2.442159
v 2.586919 0.128458 -2.444249
v 2.599582 0.140457 -2.441722
v 2.590734 0.137057 -2.442501
v 2.638869 0.113914 -2.416662
v 2.626610 0.123608 -2.408511
v 2.635340 0.120654 -2.410860
v 2.598969 0.124224 -2.408721
v 2.586414 0.115084 -2.417061
v 2.590153 0.121662 -2.411203
v 2.597698 0.075482 -2.384632
v 2.585367 0.074928 -2.397215
v 2.588947 0.075434 -2.388356
v 2.625339 0.074866 -2.384422
v 2.637822 0.073760 -2.396817
v 2.634134 0.074428 -2.388013
v 2.596947 0.039408 -2.391780
v 2.584748 0.045209 -2.403105
v 2.588235 0.041222 -2.395136
v 2.624588 0.038793 -2.391571
v 2.637203 0.044040 -2.402708
v 2.633422 0.040215 -2.394794
v 2.596513 0.011738 -2.416010
v 2.584391 0.022414 -2.423066
v 2.587824 0.014980 -2.418116
v 2.624154 0.011121 -2.415799
v 2.636846 0.021243 -2.422667
v 2.633011 0.013971 -2.417771
v 2.596513 -0.000114 -2.450830
v 2.584391 0.012650 -2.451752
v 2.587824 0.003739 -2.451139
v 2.624154 -0.000731 -2.450619
v 2.636846 0.011479 -2.451352
v 2.633011 0.002731 -2.450795
v 2.596947 0.007028 -2.486910
v 2.584749 0.018534 -2.481477
v 2.588235 0.010513 -2.485358
v 2.624588 0.006411 -2.486699
v 2.637203 0.017363 -2.481077
v 2.633422 0.009504 -2.485013
v 2.597698 0.031248 -2.514582
v 2.585367 0.038488 -2.504274
v 2.588947 0.033484 -2.511602
v 2.625339 0.030631 -2.514371
v 2.637822 0.037316 -2.503875
v 2.634134 0.032474 -2.511258
v 2.598565 0.066059 -2.526431
v 2.586082 0.067166 -2.514035
v 2.589769 0.066498 -2.522839
v 2.626206 0.065441 -2.526221
v 2.638536 0.065994 -2.513637
v 2.634956 0.065488 -2.522496
v 2.599316 0.102132 -2.519283
v 2.586700 0.096886 -2.508147
v 2.590482 0.100710 -2.516061
v 2.626957 0.101515 -2.519074
v 2.639155 0.095714 -2.507749
v 2.635669 0.099701 -2.515718
v 2.599749 0.129803 -2.495054
v 2.587057 0.119681 -2.488186
v 2.590893 0.126953 -2.493081
v 2.627390 0.129185 -2.494844
v 2.639512 0.118509 -2.487788
v 2.636080 0.125944 -2.492739
v 2.599749 0.141653 -2.460233
v 2.587057 0.129443 -2.459500
v 2.590893 0.138192 -2.460057
v 2.627390 0.141036 -2.460024
v 2.639512 0.128272 -2.459102
v 2.636080 0.137183 -2.459715
v 2.586082 0.103607 -2.406978
v 2.598565 0.110292 -2.396481
v 2.589769 0.108448 -2.399594
v 2.586700 0.123560 -2.429774
v 2.599316 0.134512 -2.424153
v 2.590482 0.131419 -2.425838
v 2.626957 0.133895 -2.423944
v 2.639155 0.122388 -2.429376
v 2.635669 0.130410 -2.425496
v 2.626206 0.109677 -2.396270
v 2.638536 0.102438 -2.406578
v 2.634956 0.107442 -2.399250
v 2.587306 0.085308 -2.413727
v 2.586785 0.062454 -2.412211
v 2.586403 0.041901 -2.422328
v 2.586263 0.029159 -2.441367
v 2.586403 0.027641 -2.464227
v 2.586785 0.037753 -2.484782
v 2.587306 0.056786 -2.497524
v 2.587828 0.079640 -2.499040
v 2.588210 0.100193 -2.488924
v 2.588350 0.112935 -2.469885
v 2.588210 0.114453 -2.447025
v 2.587828 0.104341 -2.426469
v 2.587036 0.073981 -2.411464
v 2.586568 0.051512 -2.415917
v 2.586298 0.034278 -2.431009
v 2.586298 0.026896 -2.452697
v 2.586569 0.031344 -2.475170
v 2.587036 0.046430 -2.492407
v 2.587576 0.068113 -2.499787
v 2.588044 0.090582 -2.495335
v 2.588314 0.107817 -2.480243
v 2.588314 0.115198 -2.458555
v 2.587576 0.095664 -2.418845
v 2.588044 0.110750 -2.436081
v 2.585724 0.085906 -2.411972
v 2.585181 0.062094 -2.410393
v 2.584783 0.040680 -2.420933
v 2.584637 0.027404 -2.440770
v 2.584783 0.025822 -2.464587
v 2.585181 0.036358 -2.486004
v 2.585724 0.056188 -2.499280
v 2.586268 0.080000 -2.500859
v 2.586666 0.101414 -2.490319
v 2.586811 0.114690 -2.470482
v 2.586666 0.116271 -2.446664
v 2.586268 0.105736 -2.425247
v 2.585443 0.074104 -2.409614
v 2.584956 0.050693 -2.414253
v 2.584674 0.032737 -2.429977
v 2.584674 0.025046 -2.452575
v 2.584956 0.029681 -2.475989
v 2.585443 0.045399 -2.493948
v 2.586006 0.067990 -2.501637
v 2.586493 0.091401 -2.496998
v 2.586774 0.109357 -2.481274
v 2.586774 0.117047 -2.458677
v 2.586006 0.096695 -2.417304
v 2.586493 0.112413 -2.435262
v 2.586414 0.108147 -2.437362
v 2.585977 0.094050 -2.421256
v 2.586666 0.112304 -2.458363
v 2.586666 0.105407 -2.478630
v 2.586414 0.089302 -2.492732
v 2.585977 0.068305 -2.496892
v 2.585472 0.048044 -2.489996
v 2.585035 0.033946 -2.473889
v 2.584783 0.029789 -2.452889
v 2.584783 0.036688 -2.432622
v 2.585035 0.052792 -2.418519
v 2.585472 0.073789 -2.414359
v 2.586212 0.102159 -2.428380
v 2.586569 0.111608 -2.447588
v 2.586699 0.110190 -2.468950
v 2.586569 0.098283 -2.486741
v 2.586212 0.079077 -2.496194
v 2.585724 0.057720 -2.494778
v 2.585237 0.039935 -2.482871
v 2.584880 0.030486 -2.463663
v 2.584749 0.031905 -2.442302
v 2.584880 0.043811 -2.424510
v 2.585237 0.063017 -2.415057
v 2.585724 0.084373 -2.416473
v 2.593023 0.107479 -2.437753
v 2.592603 0.093645 -2.421999
v 2.593266 0.111574 -2.458335
v 2.593266 0.104811 -2.478206
v 2.593023 0.089011 -2.492015
v 2.592603 0.068438 -2.496056
v 2.592120 0.048623 -2.489269
v 2.591702 0.034866 -2.473499
v 2.591461 0.030824 -2.452978
v 2.591461 0.037562 -2.433183
v 2.591702 0.053283 -2.419390
v 2.592120 0.073804 -2.415288
v 2.592829 0.101599 -2.428962
v 2.593173 0.110883 -2.447772
v 2.593299 0.109503 -2.468717
v 2.593173 0.097821 -2.486153
v 2.592829 0.078988 -2.495391
v 2.592361 0.058080 -2.493966
v 2.591895 0.040706 -2.482287
v 2.591554 0.031497 -2.463503
v 2.591430 0.032893 -2.442638
v 2.591554 0.044515 -2.425253
v 2.591895 0.063272 -2.415990
v 2.592361 0.084163 -2.417337
v 2.592908 0.104302 -2.439317
v 2.592561 0.091675 -2.424943
v 2.593109 0.108041 -2.458100
v 2.593109 0.101869 -2.476236
v 2.592908 0.087448 -2.488837
v 2.592561 0.068672 -2.492522
v 2.592162 0.050592 -2.486326
v 2.591817 0.038043 -2.471935
v 2.591618 0.034357 -2.453213
v 2.591618 0.040505 -2.435153
v 2.591817 0.054846 -2.422567
v 2.592162 0.073569 -2.418822
v 2.592748 0.098935 -2.431295
v 2.593032 0.107410 -2.448461
v 2.593136 0.106151 -2.467576
v 2.593032 0.095489 -2.483489
v 2.592748 0.078301 -2.491917
v 2.592361 0.059222 -2.490613
v 2.591976 0.043370 -2.479954
v 2.591695 0.034970 -2.462815
v 2.591592 0.036245 -2.443779
v 2.591695 0.046847 -2.427918
v 2.591976 0.063959 -2.419464
v 2.592361 0.083022 -2.420689
v 2.589319 0.103888 -2.439458
v 2.579560 0.093989 -2.444331
v 2.582485 0.100989 -2.440886
v 2.588981 0.091410 -2.425201
v 2.579323 0.085272 -2.434372
v 2.582176 0.089612 -2.427887
v 2.589514 0.107568 -2.458048
v 2.579697 0.096560 -2.457319
v 2.582663 0.104344 -2.457835
v 2.579697 0.092295 -2.469851
v 2.589513 0.101463 -2.475989
v 2.582663 0.098777 -2.474191
v 2.579560 0.082337 -2.478572
v 2.589318 0.087206 -2.488472
v 2.582485 0.085780 -2.485572
v 2.579323 0.069352 -2.481144
v 2.588980 0.068620 -2.492155
v 2.582176 0.068834 -2.488930
v 2.579049 0.056822 -2.476880
v 2.588589 0.050685 -2.486050
v 2.581819 0.052482 -2.483364
v 2.578812 0.048105 -2.466920
v 2.588248 0.038206 -2.471793
v 2.581509 0.041105 -2.470366
v 2.578675 0.045534 -2.453933
v 2.588051 0.034526 -2.453203
v 2.581330 0.037750 -2.453417
v 2.578675 0.049800 -2.441400
v 2.588051 0.040632 -2.435263
v 2.581330 0.043317 -2.437060
v 2.578812 0.059758 -2.432680
v 2.588248 0.054888 -2.422779
v 2.581509 0.056314 -2.425679
v 2.588588 0.073474 -2.419096
v 2.579049 0.072742 -2.430107
v 2.581819 0.073260 -2.422321
v 2.579450 0.090286 -2.438777
v 2.589163 0.098588 -2.431508
v 2.582342 0.096156 -2.433637
v 2.579644 0.096129 -2.450656
v 2.589439 0.106951 -2.448511
v 2.582595 0.103782 -2.449139
v 2.579715 0.095252 -2.463866
v 2.589539 0.105696 -2.467421
v 2.582687 0.102637 -2.466380
v 2.589438 0.095156 -2.483169
v 2.579644 0.087890 -2.474867
v 2.582594 0.093028 -2.480738
v 2.589162 0.078155 -2.491537
v 2.579450 0.076013 -2.480713
v 2.582342 0.077528 -2.488367
v 2.588785 0.059250 -2.490284
v 2.579186 0.062806 -2.479837
v 2.581997 0.060292 -2.487224
v 2.588406 0.043507 -2.479743
v 2.578921 0.051808 -2.472474
v 2.581652 0.045938 -2.477614
v 2.588127 0.035142 -2.462740
v 2.578728 0.045964 -2.460595
v 2.581399 0.038312 -2.462112
v 2.578657 0.046842 -2.447386
v 2.588025 0.036398 -2.443831
v 2.581306 0.039457 -2.444873
v 2.588127 0.046938 -2.428082
v 2.578728 0.054205 -2.436384
v 2.581399 0.049066 -2.430514
v 2.588405 0.063939 -2.419714
v 2.578921 0.066081 -2.430538
v 2.581652 0.064566 -2.422884
v 2.579186 0.079288 -2.431414
v 2.588785 0.082844 -2.420968
v 2.581997 0.081802 -2.424028
v 2.588573 0.085906 -2.411972
v 2.588030 0.062094 -2.410393
v 2.587632 0.040680 -2.420933
v 2.587486 0.027404 -2.440770
v 2.587632 0.025822 -2.464587
v 2.588030 0.036358 -2.486004
v 2.588573 0.056188 -2.499280
v 2.589117 0.080000 -2.500859
v 2.589515 0.101414 -2.490319
v 2.589660 0.114690 -2.470482
v 2.589515 0.116271 -2.446664
v 2.589117 0.105736 -2.425247
v 2.588292 0.074104 -2.409614
v 2.587805 0.050693 -2.414253
v 2.587523 0.032737 -2.429977
v 2.587523 0.025046 -2.452575
v 2.587805 0.029681 -2.475989
v 2.588292 0.045399 -2.493948
v 2.588855 0.067990 -2.501637
v 2.589342 0.091401 -2.496998
v 2.589623 0.109357 -2.481274
v 2.589623 0.117047 -2.458677
v 2.588855 0.096695 -2.417304
v 2.589342 0.112413 -2.435262
v 3.062206 0.080066 -2.511293
v 3.074801 0.083792 -2.523049
v 3.065973 0.082826 -2.519645
v 3.102440 0.083119 -2.522838
v 3.114659 0.078788 -2.510894
v 3.111158 0.081725 -2.519300
v 3.061487 0.049838 -2.513296
v 3.073928 0.047101 -2.525480
v 3.065145 0.048028 -2.521950
v 3.113940 0.048560 -2.512899
v 3.101567 0.046428 -2.525271
v 3.110330 0.046928 -2.521609
v 3.060725 0.022657 -2.499916
v 3.073003 0.014111 -2.509240
v 3.064268 0.016739 -2.506548
v 3.113178 0.021382 -2.499519
v 3.100643 0.013438 -2.509030
v 3.109453 0.015640 -2.506205
v 3.060125 0.005813 -2.474736
v 3.072274 -0.006336 -2.478673
v 3.063577 -0.002653 -2.477559
v 3.112577 0.004539 -2.474336
v 3.099914 -0.007007 -2.478462
v 3.108762 -0.003751 -2.477215
v 3.059846 0.003815 -2.444500
v 3.071936 -0.008761 -2.441972
v 3.063256 -0.004952 -2.442752
v 3.112299 0.002541 -2.444100
v 3.099576 -0.009432 -2.441762
v 3.108441 -0.006050 -2.442408
v 3.059965 0.017198 -2.417312
v 3.072080 0.007484 -2.408972
v 3.063393 0.010454 -2.411454
v 3.112417 0.015925 -2.416913
v 3.099720 0.006813 -2.408761
v 3.108578 0.009357 -2.411110
v 3.060449 0.042377 -2.400458
v 3.072667 0.038046 -2.388514
v 3.063949 0.039439 -2.392051
v 3.112901 0.041103 -2.400059
v 3.100307 0.037375 -2.388304
v 3.109134 0.038343 -2.391708
v 3.061168 0.072605 -2.398453
v 3.073540 0.074738 -2.386080
v 3.064777 0.074238 -2.389743
v 3.113620 0.071332 -2.398055
v 3.101180 0.074067 -2.385870
v 3.109962 0.073141 -2.389400
v 3.061930 0.099783 -2.411833
v 3.074465 0.107727 -2.402321
v 3.065655 0.105525 -2.405146
v 3.114382 0.098510 -2.411435
v 3.102105 0.107056 -2.402112
v 3.110839 0.104428 -2.404804
v 3.062530 0.116627 -2.437014
v 3.075194 0.128174 -2.432888
v 3.066346 0.124917 -2.434136
v 3.114983 0.115353 -2.436617
v 3.102834 0.127502 -2.432679
v 3.111531 0.123819 -2.433794
v 3.062809 0.118624 -2.467250
v 3.075532 0.130597 -2.469589
v 3.066666 0.127215 -2.468943
v 3.115261 0.117350 -2.466853
v 3.103171 0.129926 -2.469380
v 3.111851 0.126118 -2.468601
v 3.062690 0.105243 -2.494440
v 3.075388 0.114355 -2.502591
v 3.066530 0.111811 -2.500243
v 3.103027 0.113682 -2.502381
v 3.115142 0.103967 -2.494041
v 3.111715 0.110712 -2.499899
v 3.102026 0.064933 -2.526471
v 3.114318 0.063806 -2.513887
v 3.110765 0.064478 -2.522746
v 3.074386 0.065606 -2.526681
v 3.061865 0.065084 -2.514285
v 3.065580 0.065578 -2.523089
v 3.101096 0.028864 -2.519322
v 3.113551 0.034090 -2.507998
v 3.109882 0.030270 -2.515967
v 3.073456 0.029537 -2.519532
v 3.061099 0.035366 -2.508395
v 3.064698 0.031370 -2.516309
v 3.100239 0.001204 -2.495092
v 3.112846 0.011304 -2.488036
v 3.109071 0.004037 -2.492987
v 3.072600 0.001875 -2.495304
v 3.060393 0.012578 -2.488436
v 3.063886 0.005135 -2.493331
v 3.099687 -0.010635 -2.460272
v 3.112391 0.001550 -2.459350
v 3.108547 -0.007191 -2.459963
v 3.072047 -0.009963 -2.460483
v 3.059938 0.002825 -2.459750
v 3.063362 -0.006093 -2.460307
v 3.099587 -0.003481 -2.424192
v 3.112308 0.007444 -2.429626
v 3.108452 -0.000405 -2.425745
v 3.071947 -0.002809 -2.424403
v 3.059856 0.008718 -2.430025
v 3.063267 0.000692 -2.426089
v 3.099965 0.020748 -2.396520
v 3.112620 0.027405 -2.406828
v 3.108811 0.022573 -2.399500
v 3.072325 0.021419 -2.396731
v 3.060167 0.028679 -2.407228
v 3.063626 0.023670 -2.399844
v 3.100721 0.055562 -2.384672
v 3.113242 0.056086 -2.397067
v 3.109527 0.055590 -2.388263
v 3.073081 0.056232 -2.384882
v 3.060790 0.057359 -2.397466
v 3.064342 0.056687 -2.388607
v 3.101652 0.091631 -2.391819
v 3.114009 0.085802 -2.402956
v 3.110410 0.089799 -2.395042
v 3.074012 0.092302 -2.392029
v 3.061557 0.087075 -2.403354
v 3.065225 0.090896 -2.395385
v 3.102508 0.119291 -2.416049
v 3.114714 0.108589 -2.422916
v 3.111222 0.116032 -2.418021
v 3.074868 0.119963 -2.416258
v 3.062262 0.109863 -2.423314
v 3.066037 0.117129 -2.418364
v 3.103060 0.131129 -2.450870
v 3.115169 0.118341 -2.451603
v 3.111746 0.127258 -2.451046
v 3.075420 0.131800 -2.451079
v 3.062717 0.119615 -2.452000
v 3.066561 0.128356 -2.451387
v 3.114940 0.092487 -2.504125
v 3.102782 0.099747 -2.514622
v 3.111482 0.097495 -2.511508
v 3.115252 0.112447 -2.481328
v 3.103160 0.123975 -2.486949
v 3.111841 0.120474 -2.485264
v 3.075521 0.124646 -2.487159
v 3.062800 0.113721 -2.481726
v 3.066656 0.121571 -2.485606
v 3.075142 0.100420 -2.514832
v 3.062488 0.093764 -2.504524
v 3.066297 0.098595 -2.511852
v 3.112864 0.074265 -2.497375
v 3.112320 0.051412 -2.498891
v 3.111744 0.030863 -2.488775
v 3.111290 0.018129 -2.469735
v 3.111080 0.016618 -2.446876
v 3.111169 0.026737 -2.426320
v 3.111535 0.045774 -2.413578
v 3.112079 0.068628 -2.412062
v 3.112655 0.089176 -2.422179
v 3.113109 0.101911 -2.441217
v 3.113319 0.103420 -2.464078
v 3.113230 0.093302 -2.484633
v 3.112606 0.062938 -2.499638
v 3.112026 0.040471 -2.495186
v 3.111493 0.023243 -2.480094
v 3.111149 0.015869 -2.458405
v 3.111087 0.020326 -2.435932
v 3.111322 0.035417 -2.418696
v 3.111793 0.057101 -2.411316
v 3.112373 0.079568 -2.415768
v 3.112906 0.096797 -2.430859
v 3.113250 0.104170 -2.452548
v 3.113077 0.084622 -2.492257
v 3.113313 0.099713 -2.475022
v 3.114472 0.074788 -2.499130
v 3.113906 0.050977 -2.500710
v 3.113305 0.029568 -2.490170
v 3.112832 0.016300 -2.470332
v 3.112613 0.014727 -2.446515
v 3.112707 0.025269 -2.425099
v 3.113088 0.045103 -2.411823
v 3.113654 0.068915 -2.410244
v 3.114254 0.090324 -2.420784
v 3.114727 0.103592 -2.440620
v 3.114947 0.105165 -2.464438
v 3.114853 0.094623 -2.485855
v 3.114203 0.062986 -2.501488
v 3.113599 0.039578 -2.496849
v 3.113044 0.021629 -2.481125
v 3.112686 0.013946 -2.458528
v 3.112620 0.018589 -2.435113
v 3.112866 0.034313 -2.417155
v 3.113356 0.056905 -2.409466
v 3.113960 0.080313 -2.414104
v 3.114516 0.098264 -2.429828
v 3.114874 0.105945 -2.452425
v 3.114694 0.085579 -2.493798
v 3.114939 0.101303 -2.475841
v 3.114820 0.097038 -2.473741
v 3.114600 0.082936 -2.489847
v 3.114761 0.101202 -2.452740
v 3.114440 0.094313 -2.432473
v 3.113942 0.078213 -2.418370
v 3.113400 0.057219 -2.414210
v 3.112960 0.036956 -2.421107
v 3.112740 0.022854 -2.437213
v 3.112798 0.018689 -2.458213
v 3.113120 0.025580 -2.478480
v 3.113618 0.041679 -2.492583
v 3.114160 0.062673 -2.496744
v 3.114743 0.091047 -2.482723
v 3.114826 0.100502 -2.463514
v 3.114630 0.099091 -2.442152
v 3.114205 0.087192 -2.424361
v 3.113667 0.067990 -2.414908
v 3.113159 0.046634 -2.416324
v 3.112817 0.028845 -2.428231
v 3.112733 0.019389 -2.447439
v 3.112930 0.020800 -2.468801
v 3.113354 0.032701 -2.486593
v 3.113893 0.051902 -2.496046
v 3.114401 0.073258 -2.494629
v 3.108186 0.096679 -2.473349
v 3.107961 0.082840 -2.489103
v 3.108134 0.100780 -2.452768
v 3.107819 0.094025 -2.432896
v 3.107326 0.078231 -2.419088
v 3.106787 0.057660 -2.415047
v 3.106347 0.037844 -2.421834
v 3.106123 0.024083 -2.437603
v 3.106175 0.020034 -2.458124
v 3.106489 0.026765 -2.477919
v 3.106981 0.042479 -2.491713
v 3.107520 0.062998 -2.495815
v 3.108106 0.090796 -2.482140
v 3.108196 0.100086 -2.463330
v 3.108006 0.098713 -2.442386
v 3.107587 0.087038 -2.424949
v 3.107053 0.068210 -2.415711
v 3.106546 0.047303 -2.417136
v 3.106202 0.029925 -2.428815
v 3.106114 0.020710 -2.447599
v 3.106303 0.022099 -2.468464
v 3.106720 0.033714 -2.485849
v 3.107254 0.052467 -2.495113
v 3.107761 0.073357 -2.493766
v 3.108153 0.093500 -2.471786
v 3.107911 0.080870 -2.486160
v 3.108127 0.097244 -2.453002
v 3.107839 0.091078 -2.434866
v 3.107368 0.076664 -2.422265
v 3.106840 0.057892 -2.418581
v 3.106396 0.039813 -2.424777
v 3.106156 0.027262 -2.439167
v 3.106183 0.023571 -2.457890
v 3.106469 0.029711 -2.475950
v 3.106939 0.044046 -2.488535
v 3.107467 0.062765 -2.492281
v 3.108063 0.088130 -2.479807
v 3.108175 0.096610 -2.462642
v 3.108012 0.095357 -2.443527
v 3.107619 0.084701 -2.427614
v 3.107102 0.067519 -2.419185
v 3.106599 0.048443 -2.420489
v 3.106245 0.032590 -2.431148
v 3.106135 0.024186 -2.448287
v 3.106297 0.025455 -2.467323
v 3.106688 0.036051 -2.483184
v 3.107205 0.053157 -2.491639
v 3.107708 0.072217 -2.490413
v 3.111719 0.092919 -2.471644
v 3.121007 0.082576 -2.466771
v 3.118411 0.089704 -2.470217
v 3.111476 0.080438 -2.485901
v 3.120837 0.073857 -2.476730
v 3.118189 0.078325 -2.483215
v 3.111696 0.096604 -2.453054
v 3.120990 0.085150 -2.453783
v 3.118389 0.093064 -2.453268
v 3.120791 0.080890 -2.441251
v 3.111412 0.090505 -2.435113
v 3.118130 0.087504 -2.436911
v 3.120464 0.070936 -2.432531
v 3.110943 0.076255 -2.422630
v 3.117702 0.074512 -2.425530
v 3.120095 0.057954 -2.429958
v 3.110414 0.057673 -2.418947
v 3.117221 0.057570 -2.422172
v 3.119785 0.045426 -2.434222
v 3.109970 0.039739 -2.425052
v 3.116816 0.041219 -2.427738
v 3.119616 0.036706 -2.444183
v 3.109728 0.027258 -2.439310
v 3.116596 0.029840 -2.440737
v 3.119633 0.034132 -2.457169
v 3.109754 0.023573 -2.457899
v 3.116618 0.026480 -2.457685
v 3.119831 0.038393 -2.469702
v 3.110039 0.029672 -2.475839
v 3.116878 0.032041 -2.474042
v 3.120159 0.048347 -2.478423
v 3.110506 0.043922 -2.488323
v 3.117304 0.045033 -2.485423
v 3.111032 0.062504 -2.492006
v 3.120527 0.061328 -2.480996
v 3.117784 0.061974 -2.488781
v 3.120944 0.078872 -2.472325
v 3.111628 0.087617 -2.479595
v 3.118328 0.084870 -2.477465
v 3.121022 0.084718 -2.460447
v 3.111743 0.095984 -2.462591
v 3.118431 0.092499 -2.461963
v 3.120911 0.083845 -2.447236
v 3.111584 0.094735 -2.443682
v 3.118286 0.091360 -2.444723
v 3.111194 0.084202 -2.427933
v 3.120638 0.076487 -2.436235
v 3.117931 0.081757 -2.430365
v 3.110677 0.067207 -2.419565
v 3.120278 0.064615 -2.430389
v 3.117460 0.066262 -2.422735
v 3.110173 0.048304 -2.420819
v 3.119927 0.051409 -2.431265
v 3.117002 0.049028 -2.423878
v 3.109818 0.032560 -2.431359
v 3.119679 0.040411 -2.438628
v 3.116678 0.034674 -2.433488
v 3.109707 0.024192 -2.448362
v 3.119600 0.034565 -2.450507
v 3.116575 0.027045 -2.448990
v 3.119712 0.035438 -2.463716
v 3.109867 0.025442 -2.467271
v 3.116721 0.028184 -2.466230
v 3.110257 0.035975 -2.483020
v 3.119984 0.042796 -2.474719
v 3.117077 0.037788 -2.480589
v 3.110771 0.052970 -2.491388
v 3.120344 0.054669 -2.480564
v 3.117546 0.053283 -2.488218
v 3.120695 0.067873 -2.479688
v 3.111273 0.071872 -2.490134
v 3.118004 0.070516 -2.487075
v 3.111626 0.074921 -2.499130
v 3.111060 0.051110 -2.500710
v 3.110460 0.029701 -2.490170
v 3.109986 0.016433 -2.470332
v 3.109767 0.014859 -2.446515
v 3.109861 0.025402 -2.425099
v 3.110242 0.045236 -2.411823
v 3.110808 0.069048 -2.410244
v 3.111408 0.090457 -2.420784
v 3.111881 0.103725 -2.440620
v 3.112101 0.105297 -2.464438
v 3.112007 0.094756 -2.485855
v 3.111357 0.063119 -2.501488
v 3.110753 0.039711 -2.496849
v 3.110198 0.021762 -2.481125
v 3.109840 0.014079 -2.458528
v 3.109774 0.018722 -2.435113
v 3.110020 0.034445 -2.417155
v 3.110510 0.057038 -2.409466
v 3.111114 0.080446 -2.414104
v 3.111670 0.098396 -2.429828
v 3.112028 0.106078 -2.452425
v 3.111848 0.085712 -2.493798
v 3.112093 0.101435 -2.475841
v 2.818521 0.415341 -2.362016
v 2.729978 0.470554 -2.380810
v 2.722258 0.486393 -2.386201
v 2.700890 0.584705 -2.419665
v 2.707262 0.601072 -2.425236
v 2.765586 0.684893 -2.453766
v 2.886168 0.712430 -2.463139
v 2.782317 0.692201 -2.456254
v 2.772793 0.764884 -2.747484
v 2.963293 0.760632 -2.746037
v 2.774613 0.837957 -2.772356
v 2.965114 0.833704 -2.770909
v 2.774613 0.842958 -2.757662
v 2.772793 0.769886 -2.732790
v 2.963293 0.765634 -2.731342
v 2.965114 0.838706 -2.756214
v 2.885273 2.345147 -2.641692
v 2.893835 2.345531 -2.656235
v 2.893587 2.344387 -2.627020
v 2.888080 2.344728 -2.632614
v 2.887605 2.345428 -2.650108
v 2.910463 2.344010 -2.626892
v 2.919025 2.344394 -2.641435
v 2.916836 2.344775 -2.649886
v 2.916693 2.344114 -2.633019
v 2.902292 2.345431 -2.658431
v 2.910711 2.345155 -2.656107
v 2.902006 2.344110 -2.624696
v 2.883595 2.269238 -2.643885
v 2.892157 2.269622 -2.658428
v 2.891909 2.268477 -2.629213
v 2.886402 2.268819 -2.634807
v 2.885928 2.269518 -2.652301
v 2.908785 2.268101 -2.629085
v 2.917347 2.268485 -2.643629
v 2.915158 2.268866 -2.652079
v 2.915015 2.268205 -2.635212
v 2.900614 2.269522 -2.660624
v 2.909033 2.269246 -2.658300
v 2.900328 2.268201 -2.626889
v 2.891253 2.269560 -2.645227
v 2.893316 2.269265 -2.638905
v 2.894582 2.269715 -2.651032
v 2.909150 2.269096 -2.643484
v 2.907094 2.269391 -2.649804
v 2.905793 2.268943 -2.637690
v 2.901083 2.269645 -2.652907
v 2.899316 2.269010 -2.635789
v 2.890431 2.217322 -2.647226
v 2.892542 2.219497 -2.640372
v 2.893771 2.218023 -2.652957
v 2.908325 2.216709 -2.645504
v 2.906280 2.217593 -2.651743
v 2.905021 2.219175 -2.639158
v 2.900276 2.218134 -2.654809
v 2.898543 2.219243 -2.637257
v 2.892417 2.213378 -2.641594
v 2.904890 2.212845 -2.640408
v 2.898405 2.212548 -2.638556
v 2.890255 2.208102 -2.651138
v 2.892306 2.207597 -2.643946
v 2.893636 2.210873 -2.656176
v 2.908137 2.206919 -2.649606
v 2.906137 2.210041 -2.655097
v 2.904775 2.206864 -2.642826
v 2.900154 2.211668 -2.657799
v 2.898283 2.206217 -2.641091
v 2.892213 2.202360 -2.647342
v 2.904679 2.201444 -2.646327
v 2.898182 2.200476 -2.644773
v 2.888268 2.087080 -2.745097
v 2.890264 2.083437 -2.739896
v 2.891658 2.090331 -2.749866
v 2.906148 2.085765 -2.743641
v 2.904156 2.089406 -2.748840
v 2.902730 2.082520 -2.738881
v 2.898178 2.091285 -2.751401
v 2.896233 2.081553 -2.737327
v 2.835811 0.409309 -2.359963
v 2.939662 0.429537 -2.366849
v 2.956393 0.436846 -2.369336
v 3.016571 0.517901 -2.396926
v 3.018168 0.535279 -2.402841
v 2.999721 0.635346 -2.436902
v 2.992001 0.651184 -2.442293
v 2.903458 0.706398 -2.461086
v 2.774597 0.708040 -2.461645
v 2.892540 0.728797 -2.468710
v 2.757866 0.700732 -2.459157
v 2.689972 0.607104 -2.427289
v 2.683601 0.590737 -2.421718
v 2.705527 0.479085 -2.383713
v 2.713247 0.463246 -2.378322
v 2.812150 0.398973 -2.356445
v 2.829439 0.392942 -2.354392
v 2.947382 0.413699 -2.361458
v 2.964113 0.421007 -2.363945
v 3.034928 0.516389 -2.396411
v 3.036525 0.533767 -2.402326
v 3.016452 0.642654 -2.439389
v 3.008732 0.658493 -2.444780
v 2.909829 0.722765 -2.466657
v 2.764633 0.707666 -2.461518
v 2.683206 0.600170 -2.424928
v 2.705922 0.469652 -2.380503
v 2.819475 0.392568 -2.354265
v 2.957347 0.414073 -2.361585
v 3.039528 0.524765 -2.399262
v 3.016057 0.652087 -2.442600
v 2.902504 0.729171 -2.468838
v 2.775550 0.685267 -2.453894
v 2.707657 0.591640 -2.422025
v 2.729583 0.479987 -2.384021
v 2.828486 0.415715 -2.362144
v 2.946429 0.436472 -2.369209
v 3.013568 0.526903 -2.399990
v 2.992396 0.641752 -2.439082
v 2.893493 0.706024 -2.460959
v 2.781922 0.701634 -2.459465
v 2.885773 0.721863 -2.466350
v 2.758261 0.691299 -2.455947
v 2.699936 0.607478 -2.427416
v 2.690926 0.584331 -2.419537
v 2.712294 0.486019 -2.386074
v 2.723212 0.463620 -2.378450
v 2.811755 0.408406 -2.359656
v 2.836206 0.399876 -2.356753
v 2.940057 0.420104 -2.363638
v 2.963718 0.430440 -2.367156
v 3.025419 0.513546 -2.395443
v 3.027677 0.538122 -2.403809
v 3.009686 0.635720 -2.437029
v 2.998768 0.658119 -2.444653
v 2.910224 0.713332 -2.463447
v 2.764633 0.711358 -2.450670
v 2.774597 0.711732 -2.450797
v 2.683206 0.603862 -2.414081
v 2.689972 0.610796 -2.416441
v 2.705922 0.473344 -2.369655
v 2.705527 0.482777 -2.372866
v 2.819475 0.396260 -2.343417
v 2.812150 0.402666 -2.345598
v 2.957347 0.417765 -2.350737
v 2.947382 0.417391 -2.350610
v 3.039528 0.528458 -2.388414
v 3.034928 0.520082 -2.385564
v 3.016057 0.655779 -2.431752
v 3.016452 0.646347 -2.428541
v 2.902504 0.732863 -2.457990
v 2.909829 0.726458 -2.455810
v 2.775550 0.688959 -2.443046
v 2.782317 0.695894 -2.445406
v 2.707657 0.595332 -2.411177
v 2.707262 0.604765 -2.414388
v 2.729583 0.483680 -2.373173
v 2.722258 0.490085 -2.375353
v 2.828486 0.419407 -2.351296
v 2.818521 0.419033 -2.351169
v 2.946429 0.440164 -2.358361
v 2.939662 0.433230 -2.356001
v 3.013568 0.530595 -2.389142
v 3.016571 0.521593 -2.386078
v 2.992396 0.645444 -2.428234
v 2.999721 0.639038 -2.426054
v 2.893493 0.709716 -2.450111
v 2.903458 0.710090 -2.450238
v 2.781922 0.705327 -2.448617
v 2.885773 0.725555 -2.455502
v 2.892540 0.732489 -2.457863
v 2.758261 0.694991 -2.445099
v 2.765586 0.688585 -2.442919
v 2.699936 0.611170 -2.416568
v 2.690926 0.588023 -2.408689
v 2.700890 0.588397 -2.408817
v 2.712294 0.489711 -2.375226
v 2.723212 0.467312 -2.367602
v 2.729978 0.474247 -2.369962
v 2.811755 0.412099 -2.348808
v 2.836206 0.403569 -2.345905
v 2.835811 0.413001 -2.349116
v 2.940057 0.423797 -2.352790
v 2.963718 0.434132 -2.356308
v 2.956393 0.440538 -2.358489
v 3.025419 0.517239 -2.384596
v 3.027677 0.541814 -2.392961
v 3.018168 0.538971 -2.391993
v 3.009686 0.639412 -2.426181
v 2.998768 0.661811 -2.433805
v 2.992001 0.654877 -2.431445
v 2.910224 0.717025 -2.452599
v 2.757866 0.704424 -2.448310
v 2.683601 0.594429 -2.410870
v 2.713247 0.466938 -2.367475
v 2.829439 0.396634 -2.343544
v 2.964113 0.424699 -2.353097
v 3.036525 0.537460 -2.391479
v 3.008732 0.662185 -2.433933
v 2.886168 0.716122 -2.452291
v 2.607956 0.712084 -2.729167
v 2.596250 0.242119 -2.569201
v 3.113607 0.230571 -2.565270
v 3.125313 0.700535 -2.725236
v 2.985972 0.850897 -2.776416
v 2.754629 0.856061 -2.778174
v 2.607956 0.706837 -2.744584
v 2.596250 0.236872 -2.584618
v 3.113607 0.225323 -2.580687
v 3.125313 0.695288 -2.740653
v 2.985972 0.845650 -2.791833
v 2.754629 0.850814 -2.793591
v 2.691584 0.187175 -2.550499
v 3.015643 0.179941 -2.548037
v 3.015643 0.174694 -2.563454
v 2.691584 0.181927 -2.565916
v 2.657387 0.138642 -2.533980
v 2.657387 0.133394 -2.549397
v 3.047385 0.124689 -2.546433
v 2.655950 0.080569 -2.515502
v 2.641559 0.138995 -2.534100
v 2.641559 0.133748 -2.549517
v 3.063213 0.124335 -2.546313
v 3.063213 0.129583 -2.530896
v 2.640272 0.082061 -2.531924
v 3.061926 0.072648 -2.528720
v 2.654816 0.067002 -2.406090
v 2.638989 0.067355 -2.406211
v 2.640000 0.079380 -2.504005
v 2.641194 0.133499 -2.502206
v 2.657022 0.133146 -2.502086
v 2.655828 0.079026 -2.503885
v 2.654817 0.097729 -2.315818
v 2.638989 0.098082 -2.315938
v 2.656681 0.135319 -2.450786
v 2.655981 0.113761 -2.422006
v 2.640153 0.114115 -2.422127
v 2.640853 0.135672 -2.450906
v 2.637724 0.047311 -2.298657
v 2.653552 0.046957 -2.298536
v 3.047385 0.129936 -2.531016
v 3.045948 0.071863 -2.512539
v 3.060642 0.057943 -2.403007
v 3.044815 0.058296 -2.403127
v 3.045826 0.070321 -2.500921
v 3.047020 0.124440 -2.499123
v 3.062848 0.124086 -2.499002
v 3.061654 0.069967 -2.500801
v 3.060643 0.088670 -2.312734
v 3.044815 0.089023 -2.312855
v 3.062507 0.126260 -2.447702
v 3.061807 0.104702 -2.418923
v 3.045979 0.105056 -2.419043
v 3.046679 0.126613 -2.447823
v 3.043550 0.038252 -2.295573
v 3.059378 0.037898 -2.295453
v 2.656500 0.132350 -2.438412
v 2.656255 0.124785 -2.428359
v 2.640427 0.125139 -2.428479
v 2.640672 0.132704 -2.438532
v 3.062326 0.123291 -2.435329
v 3.062081 0.115726 -2.425276
v 3.046253 0.116080 -2.425396
v 3.046498 0.123644 -2.435449
v 2.639039 0.041667 -2.491130
v 2.637724 0.006380 -2.421439
v 2.638633 0.026513 -2.483135
v 2.638266 0.014441 -2.470827
v 2.637975 0.006635 -2.455409
v 2.637788 0.003857 -2.438391
v 2.653552 0.006027 -2.421319
v 2.654867 0.041314 -2.491010
v 2.653616 0.003504 -2.438271
v 2.653803 0.006281 -2.455288
v 2.654094 0.014088 -2.470706
v 2.654460 0.026159 -2.483015
v 3.044865 0.032608 -2.488047
v 3.043550 -0.002679 -2.418355
v 3.044459 0.017453 -2.480052
v 3.044092 0.005382 -2.467743
v 3.043801 -0.002424 -2.452325
v 3.043614 -0.005202 -2.435307
v 3.059378 -0.003032 -2.418235
v 3.060693 0.032254 -2.487926
v 3.059442 -0.005555 -2.435187
v 3.059629 -0.002778 -2.452205
v 3.059920 0.005029 -2.467623
v 3.060286 0.017100 -2.479932
v 2.691271 0.174606 -2.546221
v 2.682451 0.158581 -2.540766
v 2.688593 0.166106 -2.543328
v 3.023342 0.150972 -2.538176
v 3.015329 0.167372 -2.543759
v 3.017582 0.158762 -2.540828
v 2.682451 0.153334 -2.556184
v 2.691271 0.169358 -2.561638
v 2.688593 0.160859 -2.558745
v 3.015329 0.162124 -2.559176
v 3.023342 0.145724 -2.553593
v 3.017582 0.153515 -2.556245
vn 0.2743 0.3505 -0.8955
vn 0.4114 0.3289 -0.8500
vn 0.3900 0.2885 -0.8744
vn -0.0169 -0.9022 -0.4310
vn -0.1480 -0.8634 -0.4823
vn -0.0160 -0.8787 -0.4771
vn -0.2200 0.7938 0.5669
vn -0.1238 0.8952 0.4281
vn -0.2598 0.8594 0.4404
vn -0.3833 0.3467 -0.8561
vn -0.2447 0.3621 -0.8995
vn -0.3634 0.3054 -0.8801
vn 0.3833 -0.7970 -0.4668
vn 0.2447 -0.8356 -0.4918
vn 0.3634 -0.7789 -0.5111
vn -0.5853 0.1643 -0.7940
vn -0.4682 0.2278 -0.8538
vn -0.5549 0.1325 -0.8213
vn 0.5549 -0.6060 -0.5699
vn 0.4938 -0.7152 -0.4947
vn 0.4682 -0.7014 -0.5375
vn -0.6982 -0.0774 -0.7117
vn -0.6203 0.0229 -0.7840
vn -0.6619 -0.0967 -0.7433
vn 0.6981 -0.3729 -0.6112
vn 0.6204 -0.4964 -0.6072
vn 0.6619 -0.3769 -0.6479
vn -0.7048 -0.3415 -0.6218
vn -0.6781 -0.2216 -0.7008
vn -0.6682 -0.3471 -0.6581
vn 0.7048 -0.1087 -0.7010
vn 0.6781 -0.2519 -0.6905
vn 0.6682 -0.1264 -0.7332
vn -0.5727 -0.5808 -0.5785
vn -0.6673 -0.4695 -0.5782
vn -0.6326 -0.4684 -0.6167
vn 0.6041 0.1377 -0.7849
vn 0.6326 -0.0051 -0.7745
vn 0.5727 0.1073 -0.8127
vn -0.4114 -0.7792 -0.4729
vn -0.4908 -0.6800 -0.5448
vn -0.3900 -0.7621 -0.5168
vn 0.5176 0.2422 -0.8206
vn 0.4908 0.2064 -0.8464
vn -0.1561 -0.8861 -0.4365
vn -0.2743 -0.8240 -0.4957
vn -0.2912 -0.8471 -0.4445
vn -0.3507 -0.7277 -0.5894
vn -0.2466 -0.7834 -0.5705
vn -0.2745 -0.8244 -0.4950
vn -0.4112 -0.7790 -0.4733
vn -0.3904 -0.7624 -0.5161
vn 0.5210 0.2468 -0.8171
vn 0.5150 0.0540 -0.8555
vn 0.4413 0.1432 -0.8859
vn 0.4912 0.2070 -0.8461
vn 0.6037 0.1374 -0.7853
vn 0.5732 0.1077 -0.8123
vn -0.5211 -0.6941 -0.4967
vn -0.5150 -0.5647 -0.6449
vn -0.4413 -0.6539 -0.6145
vn -0.4912 -0.6802 -0.5441
vn -0.6037 -0.5880 -0.5383
vn -0.5732 -0.5809 -0.5779
vn 0.5688 -0.0470 -0.8211
vn 0.7093 -0.1064 -0.6968
vn 0.6008 -0.1561 -0.7840
vn 0.6332 -0.0047 -0.7740
vn 0.7045 -0.1088 -0.7013
vn 0.6688 -0.1261 -0.7327
vn -0.6715 -0.4695 -0.5733
vn -0.6008 -0.3546 -0.7164
vn -0.5688 -0.4637 -0.6793
vn -0.6332 -0.4684 -0.6162
vn -0.7045 -0.3416 -0.6221
vn -0.6688 -0.3471 -0.6575
vn 0.6097 -0.2690 -0.7456
vn 0.7028 -0.3723 -0.6062
vn 0.5952 -0.3813 -0.7073
vn 0.6787 -0.2518 -0.6899
vn 0.6979 -0.3729 -0.6115
vn 0.6625 -0.3768 -0.6474
vn -0.7200 -0.2075 -0.6622
vn -0.5952 -0.1294 -0.7931
vn -0.6097 -0.2417 -0.7548
vn -0.6787 -0.2214 -0.7002
vn -0.6978 -0.0776 -0.7121
vn -0.6625 -0.0964 -0.7428
vn 0.5578 -0.4888 -0.6707
vn 0.5891 -0.6156 -0.5235
vn 0.4990 -0.5874 -0.6372
vn 0.6209 -0.4965 -0.6066
vn 0.5850 -0.6145 -0.5293
vn 0.5554 -0.6062 -0.5693
vn -0.5578 -0.0219 -0.8297
vn -0.5892 0.1684 -0.7903
vn -0.4990 0.0767 -0.8632
vn -0.6209 0.0233 -0.7836
vn -0.5850 0.1640 -0.7943
vn -0.5554 0.1330 -0.8209
vn 0.4210 -0.6731 -0.6080
vn 0.3858 -0.7992 -0.4609
vn 0.3268 -0.7429 -0.5843
vn 0.4686 -0.7016 -0.5368
vn 0.3831 -0.7968 -0.4673
vn 0.3637 -0.7792 -0.5104
vn -0.4970 0.2696 -0.8248
vn -0.3268 0.2322 -0.9161
vn -0.4210 0.1624 -0.8924
vn -0.4686 0.2285 -0.8534
vn -0.3831 0.3462 -0.8564
vn -0.3637 0.3060 -0.8798
vn 0.2599 -0.8594 -0.4402
vn 0.1049 -0.8241 -0.5566
vn 0.2201 -0.7938 -0.5669
vn 0.2449 -0.8360 -0.4910
vn 0.1229 -0.8920 -0.4350
vn 0.1167 -0.8697 -0.4795
vn -0.2598 0.4121 -0.8733
vn -0.1049 0.3134 -0.9438
vn -0.2201 0.2831 -0.9335
vn -0.2449 0.3628 -0.8991
vn -0.1229 0.4416 -0.8888
vn -0.1167 0.3965 -0.9106
vn 0.2449 -0.3628 0.8991
vn 0.1229 -0.4415 0.8888
vn 0.2580 -0.4061 0.8767
vn 0.1633 -0.9866 0.0065
vn -0.0219 -0.7624 0.6467
vn -0.0224 -0.9997 0.0109
vn 0.1595 -0.9855 -0.0581
vn -0.0219 -0.7582 0.6516
vn -0.0219 -0.9983 -0.0537
vn 0.2030 0.9777 0.0545
vn 0.3842 0.7222 -0.5751
vn 0.2073 0.7774 -0.5939
vn -0.2449 0.8360 0.4911
vn -0.1229 0.8921 0.4349
vn -0.2580 0.8566 0.4469
vn -0.2893 -0.8445 -0.4507
vn -0.1331 -0.3081 0.9420
vn -0.2912 -0.3998 0.8691
vn -0.1571 -0.4417 0.8833
vn 0.3507 0.7277 0.5894
vn 0.5211 0.6941 0.4966
vn 0.4141 0.7813 0.4669
vn -0.6040 -0.5880 -0.5380
vn -0.3507 -0.2170 0.9110
vn -0.5210 -0.2469 0.8171
vn -0.4141 -0.3341 0.8467
vn 0.6673 0.0192 -0.7446
vn 0.5150 0.5647 0.6449
vn 0.6716 0.4695 0.5731
vn 0.6080 0.5888 0.5325
vn -0.5149 -0.0540 0.8555
vn -0.6716 -0.0224 0.7405
vn -0.6080 -0.1417 0.7812
vn 0.6008 0.3546 0.7164
vn 0.7199 0.2075 0.6623
vn 0.7094 0.3408 0.6169
vn -0.7152 -0.2091 -0.6669
vn -0.6008 0.1561 0.7840
vn -0.7200 0.2396 0.6513
vn -0.7094 0.1064 0.6968
vn 0.6543 -0.4990 -0.5682
vn 0.5952 0.1294 0.7931
vn 0.6586 -0.0521 0.7507
vn 0.7028 0.0748 0.7074
vn -0.6542 0.0487 -0.7548
vn -0.5952 0.3813 0.7073
vn -0.6585 0.4992 0.5631
vn -0.7028 0.3723 0.6063
vn 0.4990 -0.0767 0.8632
vn 0.4970 -0.2697 0.8247
vn 0.5892 -0.1684 0.7902
vn -0.4938 0.2649 -0.8283
vn -0.4990 0.5874 0.6372
vn -0.4970 0.7168 0.4890
vn -0.5892 0.6156 0.5233
vn 0.2581 -0.8568 -0.4464
vn 0.1166 -0.8693 -0.4803
vn 0.3268 -0.2322 0.9161
vn 0.2598 -0.4122 0.8733
vn 0.3858 -0.3521 0.8528
vn -0.2581 0.4064 -0.8765
vn -0.1166 0.3958 -0.9109
vn -0.3268 0.7429 0.5843
vn -0.3858 0.7992 0.4609
vn -0.0220 -0.9986 -0.0473
vn -0.2073 -0.7774 0.5939
vn -0.2030 -0.9777 -0.0543
vn -0.0170 -0.4580 0.8888
vn 0.3762 0.6874 -0.6212
vn 0.5464 0.8363 0.0445
vn 0.5350 0.6025 -0.5922
vn 0.2466 0.7834 0.5705
vn 0.2912 0.8470 0.4447
vn 0.0220 0.7624 -0.6467
vn 0.2073 0.9783 -0.0037
vn 0.2030 0.7414 -0.6396
vn 0.0144 0.8326 0.5537
vn 0.1571 0.8889 0.4304
vn 0.0170 0.9051 0.4248
vn 0.0219 0.7583 -0.6516
vn 0.2025 0.9774 0.0608
vn 0.2025 0.7373 -0.6445
vn 0.0169 0.4515 -0.8921
vn 0.0160 0.4059 -0.9138
vn 0.3753 0.6835 -0.6261
vn 0.5336 0.8388 0.1080
vn 0.5336 0.5988 -0.5972
vn 0.1481 0.3906 -0.9086
vn 0.2891 0.3939 -0.8725
vn 0.2745 0.3512 -0.8952
vn -0.2025 -0.7373 0.6445
vn -0.2025 -0.9774 -0.0608
vn -0.0169 -0.9020 -0.4314
vn -0.0160 -0.8791 -0.4764
vn 0.3753 0.9235 0.0791
vn -0.3637 0.7792 0.5104
vn -0.3832 0.7968 0.4672
vn -0.4686 0.7016 0.5368
vn -0.4936 0.7151 0.4950
vn 0.3637 -0.3060 0.8798
vn 0.3831 -0.3463 0.8563
vn 0.4686 -0.2285 0.8534
vn 0.4936 -0.2645 0.8285
vn -0.5554 0.6062 0.5693
vn -0.5850 0.6145 0.5293
vn -0.6209 0.4965 0.6066
vn -0.6540 0.4990 0.5686
vn 0.5554 -0.1330 0.8209
vn 0.5850 -0.1640 0.7943
vn 0.6209 -0.0233 0.7836
vn 0.6540 -0.0485 0.7549
vn -0.6626 0.3768 0.6473
vn -0.6979 0.3729 0.6115
vn -0.6787 0.2518 0.6899
vn -0.7149 0.2412 0.6563
vn 0.6625 0.0964 0.7428
vn 0.6979 0.0776 0.7120
vn 0.6787 0.2214 0.7003
vn 0.7149 0.2093 0.6672
vn -0.6687 0.1262 0.7327
vn -0.7045 0.1088 0.7013
vn -0.6332 0.0047 0.7740
vn -0.6669 -0.0190 0.7449
vn 0.6688 0.3471 0.6575
vn 0.7044 0.3416 0.6222
vn 0.6332 0.4684 0.6162
vn 0.6669 0.4695 0.5786
vn -0.5732 -0.1077 0.8123
vn -0.6038 -0.1375 0.7852
vn -0.4913 -0.2070 0.8461
vn -0.5174 -0.2419 0.8208
vn 0.5732 0.5809 0.5779
vn 0.6038 0.5880 0.5383
vn 0.4912 0.6802 0.5441
vn 0.5174 0.6925 0.5028
vn -0.3904 -0.2892 0.8740
vn -0.4112 -0.3285 0.8503
vn -0.2745 -0.3512 0.8951
vn -0.2892 -0.3938 0.8725
vn 0.3904 0.7624 0.5161
vn 0.4112 0.7791 0.4732
vn -0.2447 0.8356 0.4918
vn -0.1230 0.8923 0.4344
vn -0.2581 0.8568 0.4465
vn -0.1481 -0.3906 0.9086
vn -0.1560 -0.4354 0.8866
vn 0.0224 0.7988 -0.6012
vn 0.0170 0.4580 -0.8888
vn 0.0144 0.3219 -0.9467
vn 0.5350 0.8387 0.1017
vn 0.5463 0.6354 -0.5457
vn 0.1331 0.3081 -0.9420
vn 0.2912 0.3999 -0.8691
vn 0.2466 0.2727 -0.9299
vn -0.2030 -0.7414 0.6396
vn -0.2073 -0.9783 0.0037
vn 0.1238 -0.8951 -0.4283
vn -0.0144 -0.8326 -0.5537
vn 0.2447 -0.3621 0.8995
vn 0.1230 -0.4421 0.8885
vn 0.2581 -0.4064 0.8765
vn -0.3634 0.7789 0.5111
vn -0.3833 0.7970 0.4668
vn -0.4681 0.7014 0.5375
vn -0.4938 0.7152 0.4946
vn 0.3634 -0.3054 0.8802
vn 0.3833 -0.3467 0.8561
vn 0.4682 -0.2278 0.8538
vn 0.4938 -0.2650 0.8282
vn -0.5549 0.6060 0.5700
vn -0.5852 0.6146 0.5289
vn -0.6203 0.4964 0.6072
vn -0.6544 0.4990 0.5682
vn 0.5549 -0.1324 0.8213
vn 0.5854 -0.1644 0.7939
vn 0.6204 -0.0229 0.7840
vn 0.6543 -0.0487 0.7547
vn -0.6619 0.3769 0.6479
vn -0.6982 0.3729 0.6111
vn -0.6781 0.2519 0.6904
vn -0.7153 0.2411 0.6559
vn 0.6620 0.0967 0.7433
vn 0.6982 0.0774 0.7117
vn 0.6781 0.2216 0.7008
vn 0.7152 0.2092 0.6669
vn -0.6682 0.1264 0.7332
vn -0.7048 0.1087 0.7010
vn -0.6326 0.0051 0.7745
vn -0.6672 -0.0192 0.7447
vn 0.6682 0.3471 0.6580
vn 0.7048 0.3416 0.6218
vn 0.6326 0.4684 0.6168
vn 0.6671 0.4695 0.5783
vn -0.5727 -0.1072 0.8127
vn -0.6041 -0.1378 0.7849
vn -0.4908 -0.2064 0.8465
vn -0.5177 -0.2423 0.8206
vn 0.5727 0.5808 0.5785
vn 0.6040 0.5880 0.5380
vn 0.4908 0.6800 0.5447
vn 0.5177 0.6926 0.5023
vn -0.3900 -0.2885 0.8744
vn -0.4114 -0.3289 0.8500
vn -0.2743 -0.3505 0.8955
vn -0.2893 -0.3943 0.8723
vn 0.3900 0.7621 0.5168
vn 0.4114 0.7792 0.4728
vn -0.1633 0.7857 -0.5967
vn 0.0219 0.9986 0.0473
vn -0.1480 -0.3899 0.9089
vn -0.1561 -0.4358 0.8864
vn -0.0000 -0.3222 -0.9467
vn -0.0000 -0.3223 -0.9467
vn -0.0000 -0.3223 -0.9466
vn 0.0001 -0.3222 -0.9467
vn -0.2182 -0.9239 0.3144
vn -0.4043 -0.8658 0.2947
vn -0.2181 -0.9239 0.3144
vn -0.1719 0.9326 -0.3174
vn 0.0236 0.9464 -0.3221
vn 0.2182 0.9239 -0.3145
vn 0.4043 0.8658 -0.2947
vn 0.2181 0.9239 -0.3145
vn 0.1719 -0.9326 0.3174
vn -0.0236 -0.9464 0.3221
vn -0.5358 0.7993 -0.2720
vn -0.3608 0.8829 -0.3005
vn -0.5358 0.7993 -0.2721
vn 0.5358 -0.7993 0.2721
vn 0.3608 -0.8829 0.3005
vn 0.5358 -0.7993 0.2720
vn -0.8181 0.5444 -0.1853
vn -0.6902 0.6850 -0.2332
vn -0.8181 0.5443 -0.1853
vn 0.8181 -0.5444 0.1853
vn 0.6902 -0.6850 0.2332
vn 0.8181 -0.5443 0.1853
vn -0.9759 0.2065 -0.0703
vn -0.9146 0.3828 -0.1303
vn 0.9759 -0.2066 0.0703
vn 0.9146 -0.3828 0.1302
vn 0.9759 -0.2065 0.0703
vn -0.9851 -0.1627 0.0554
vn -0.9997 0.0223 -0.0076
vn 0.9851 0.1627 -0.0553
vn 0.9997 -0.0223 0.0076
vn 0.9851 0.1628 -0.0554
vn -0.8443 -0.5072 0.1726
vn -0.9326 -0.3416 0.1163
vn -0.8443 -0.5073 0.1726
vn 0.8444 0.5072 -0.1726
vn 0.9326 0.3416 -0.1163
vn 0.8443 0.5072 -0.1727
vn -0.5750 -0.7745 0.2636
vn -0.7236 -0.6534 0.2224
vn 0.5750 0.7745 -0.2636
vn 0.7236 0.6534 -0.2224
vn -0.0000 0.3222 0.9467
vn -0.0001 0.3222 0.9467
vn 0.0001 0.3222 0.9467
vn 0.0001 0.3223 0.9467
vn 0.0001 0.3223 0.9466
vn -0.0000 0.3223 0.9467
vn -0.0001 0.3223 0.9466
vn -0.8443 -0.5072 0.1727
vn -0.8443 -0.5073 0.1727
vn 0.8443 0.5073 -0.1727
vn -0.7236 -0.6535 0.2224
vn -0.2182 -0.9239 0.3145
vn -0.2181 -0.9239 0.3145
vn 0.0235 0.9464 -0.3222
vn -0.0235 -0.9464 0.3221
vn -0.6903 0.6850 -0.2332
vn -0.8182 0.5443 -0.1853
vn 0.6903 -0.6850 0.2331
vn 0.8182 -0.5443 0.1853
vn 0.9146 -0.3828 0.1303
vn -0.9851 -0.1628 0.0554
vn 0.9851 0.1627 -0.0554
vn -0.5750 -0.7745 0.2637
vn 0.4044 0.8658 -0.2947
vn -0.6902 0.6850 -0.2331
vn 0.6902 -0.6850 0.2331
vn 0.9997 -0.0223 0.0075
vn -0.9326 -0.3415 0.1163
vn 0.9326 0.3415 -0.1163
vn 0.8557 0.1475 0.4959
vn 0.9997 -0.0225 0.0067
vn 0.8560 0.1471 0.4957
vn 0.8555 -0.1858 -0.4832
vn 0.4918 -0.2903 -0.8209
vn 0.4920 -0.2915 -0.8203
vn -0.8556 -0.1476 -0.4962
vn -0.4917 -0.2684 -0.8284
vn -0.4920 -0.2695 -0.8278
vn -0.9997 0.0221 -0.0086
vn -0.8553 -0.1471 -0.4968
vn -0.9997 0.0223 -0.0077
vn -0.8560 0.1853 0.4826
vn -0.4920 0.2915 0.8203
vn -0.0000 0.3220 0.9467
vn -0.4924 0.2912 0.8202
vn 0.5115 0.1982 0.8361
vn 0.4923 0.2692 0.8277
vn 0.8553 -0.1853 -0.4838
vn 0.9992 -0.0295 -0.0267
vn 0.8722 0.0962 0.4796
vn -0.4802 -0.1836 -0.8577
vn -0.8410 -0.0364 -0.5398
vn -0.4778 -0.0780 -0.8750
vn -0.0000 -0.3207 -0.9472
vn 0.4846 -0.2051 -0.8504
vn -0.8742 0.1355 0.4663
vn -0.9990 0.0151 -0.0419
vn -0.0018 0.2476 0.9689
vn -0.5148 0.2212 0.8283
vn 0.5091 0.0952 0.8554
vn -0.8425 -0.1011 -0.5291
vn -0.0044 0.1289 0.9916
vn -0.5172 0.1181 0.8477
vn 0.8513 -0.0462 0.5227
vn 0.9997 -0.0223 0.0074
vn 0.8511 -0.0465 0.5230
vn -0.8510 0.0460 -0.5231
vn -0.4843 0.0562 -0.8731
vn 0.8708 0.0377 0.4902
vn -0.9989 0.0198 -0.0425
vn 0.8451 -0.1388 -0.5163
vn 0.9993 -0.0252 -0.0273
vn -0.8756 0.0770 0.4769
vn 0.0025 -0.2209 -0.9753
vn 0.4870 -0.0996 -0.8677
vn -0.9997 0.0223 -0.0079
vn -0.8511 0.0465 -0.5229
vn 0.8467 -0.0741 -0.5270
vn 0.9997 -0.0223 0.0073
vn -0.8603 -0.0079 0.5097
vn 0.0053 -0.1003 -0.9949
vn 0.4996 0.0342 -0.8656
vn 0.4846 -0.0566 0.8729
vn -0.0088 -0.0524 0.9986
vn -0.4998 -0.0346 0.8654
vn 0.8602 0.0083 -0.5099
vn 0.4840 -0.0423 0.8740
vn 0.8477 0.0762 0.5249
vn 0.4837 0.1481 0.8626
vn -0.9997 0.0223 -0.0074
vn -0.8519 0.0397 -0.5222
vn -0.8509 0.0443 -0.5234
vn 0.0088 0.0530 -0.9986
vn 0.4993 0.0352 -0.8657
vn -0.4845 0.0535 -0.8732
vn 0.0084 0.0410 -0.9991
vn 0.0085 0.0488 -0.9988
vn 0.4843 -0.0571 0.8730
vn -0.4844 0.0571 -0.8730
vn -0.4997 -0.0352 0.8655
vn -0.8520 0.0443 -0.5216
vn -0.4844 0.0535 -0.8732
vn -0.4843 0.0535 -0.8733
vn 0.8597 0.0062 -0.5107
vn 0.9997 -0.0222 0.0093
vn 0.8510 -0.0444 0.5233
vn 0.8505 -0.0381 0.5246
vn -0.8591 0.0001 0.5117
vn -0.8602 -0.0061 0.5099
vn -0.7559 -0.4441 -0.4811
vn -0.8839 -0.4667 -0.0305
vn -0.8839 -0.4667 -0.0306
vn 0.9997 -0.0223 0.0078
vn 0.8519 -0.0443 0.5219
vn 0.8519 -0.0443 0.5218
vn -0.4994 -0.0315 0.8658
vn -0.0083 -0.0355 0.9993
vn -0.4985 -0.0203 0.8666
vn -0.0086 -0.0488 0.9988
vn 0.4843 -0.0535 0.8732
vn 0.5000 0.0244 -0.8657
vn 0.4994 0.0315 -0.8658
vn 0.8839 0.4668 0.0304
vn 0.7638 0.4882 -0.4222
vn 0.7637 0.4883 -0.4223
vn -0.8625 0.5058 0.0174
vn -0.7426 0.4775 0.4696
vn -0.7426 0.4776 0.4694
vn 0.7560 0.4442 0.4809
vn 0.7560 0.4442 0.4808
vn 0.0180 0.5238 -0.8516
vn -0.4137 0.5278 -0.7418
vn -0.4138 0.5278 -0.7418
vn -0.4274 0.4533 0.7822
vn -0.4272 0.4533 0.7823
vn 0.0031 0.4382 0.8989
vn 0.4348 0.4340 0.7890
vn 0.4351 0.4340 0.7889
vn -0.4481 -0.5085 0.7353
vn -0.0182 -0.5238 0.8516
vn -0.0183 -0.5236 0.8517
vn 0.4480 0.5086 -0.7353
vn 0.4482 0.5086 -0.7352
vn 0.7346 -0.5218 0.4337
vn 0.8625 -0.5057 -0.0172
vn 0.8626 -0.5056 -0.0171
vn 0.7427 -0.4775 -0.4694
vn 0.7426 -0.4776 -0.4695
vn -0.7643 -0.4882 0.4213
vn 0.4270 -0.4534 -0.7824
vn 0.4273 -0.4534 -0.7822
vn 0.4136 -0.5278 0.7419
vn 0.4140 -0.5278 0.7416
vn -0.4357 -0.4340 -0.7886
vn -0.7560 -0.4441 -0.4809
vn 0.4842 -0.0535 0.8733
vn 0.4843 -0.0535 0.8733
vn 0.4995 0.0315 -0.8657
vn 0.8609 0.0060 -0.5087
vn 0.8610 0.0060 -0.5085
vn -0.8607 -0.0061 0.5091
vn -0.9997 0.0223 -0.0075
vn -0.9997 0.0223 -0.0078
vn -0.8519 0.0443 -0.5219
vn -0.0088 -0.0488 0.9988
vn -0.4995 -0.0315 0.8658
vn -0.4997 -0.0315 0.8656
vn -0.7347 0.5218 -0.4335
vn -0.8626 0.5056 0.0172
vn 0.4919 0.2695 0.8279
vn -0.8514 0.1141 0.5119
vn -0.9995 0.0296 0.0067
vn -0.9996 0.0257 0.0082
vn -0.4897 0.1698 0.8552
vn -0.9997 0.0224 -0.0058
vn -0.8608 -0.0678 -0.5044
vn 0.0038 -0.1687 -0.9857
vn 0.5028 -0.1580 -0.8499
vn 0.9995 -0.0189 0.0234
vn -0.4958 -0.1358 -0.8577
vn -0.4853 0.0463 -0.8731
vn 0.8645 -0.1063 -0.4912
vn 0.4973 -0.3728 -0.7834
vn -0.0079 -0.6219 -0.7830
vn 0.4880 -0.5509 -0.6770
vn -0.5012 -0.3506 -0.7911
vn 0.8615 -0.2315 -0.4520
vn 0.9996 -0.0149 0.0221
vn 0.8509 0.2065 0.4830
vn 0.4890 0.3638 0.7928
vn -0.0035 0.1825 0.9832
vn -0.4844 0.3855 0.7853
vn -0.8639 -0.1930 -0.4653
vn -0.0023 -0.4166 -0.9091
vn 0.0092 0.6684 0.7437
vn -0.4842 0.5928 0.6436
vn -0.4840 0.5929 0.6436
vn 0.9997 -0.0186 0.0131
vn 0.8569 0.3018 0.4178
vn -0.8482 0.2444 0.4699
vn -0.9997 0.0260 -0.0022
vn -0.5016 -0.5289 -0.6845
vn 0.8543 -0.3370 -0.3956
vn 0.4962 0.5244 0.6920
vn 0.0026 0.4294 0.9031
vn -0.4828 0.5463 0.6845
vn -0.8624 -0.2987 -0.4087
vn -0.8605 -0.3265 -0.3910
vn -0.8601 -0.3270 -0.3915
vn -0.0092 -0.6684 -0.7437
vn 0.4840 -0.5929 -0.6437
vn 0.4843 -0.5928 -0.6435
vn 0.8604 0.3266 0.3911
vn 0.9997 -0.0224 0.0075
vn 0.8606 0.3264 0.3909
vn -0.8505 0.3651 0.3785
vn -0.9997 0.0224 -0.0075
vn -0.4995 -0.5711 -0.6514
vn -0.4997 -0.5711 -0.6513
vn 0.8506 -0.3651 -0.3785
vn 0.5001 0.5709 0.6512
vn 0.8601 0.3270 0.3916
vn 0.5002 0.5708 0.6511
vn 0.9997 -0.0223 0.0077
vn -0.4999 -0.5710 -0.6512
vn -0.8506 0.3651 0.3785
vn 0.4839 -0.5929 -0.6436
vn 0.0093 0.6684 0.7437
vn -0.4839 0.5928 0.6437
vn -0.8462 -0.5220 0.1074
vn -0.7190 -0.6910 -0.0746
vn -0.7192 -0.6908 -0.0744
vn 0.8678 -0.3754 0.3256
vn 0.8201 -0.5597 0.1188
vn 0.8679 -0.3753 0.3255
vn 0.2306 -0.6256 0.7453
vn 0.2600 -0.6570 0.7077
vn 0.2066 -0.5906 0.7801
vn -0.0180 -0.5173 0.8556
vn 0.0677 -0.5214 0.8506
vn -0.0178 -0.5172 0.8557
vn 0.8255 -0.1884 0.5321
vn 0.7001 -0.0200 0.7138
vn 0.6989 -0.0196 0.7150
vn -0.8895 -0.3338 0.3121
vn -0.8421 -0.1487 0.5184
vn -0.8892 -0.3338 0.3128
vn 0.1153 -0.5442 0.8310
vn 0.1630 -0.5598 0.8124
vn -0.0220 -0.9990 -0.0393
vn -0.0085 -0.0392 0.9992
vn 0.0220 0.9990 0.0393
vn 0.0085 0.0392 -0.9992
vn 0.0220 0.9990 0.0394
vn 0.0085 0.0391 -0.9992
vn -0.4925 0.0450 -0.8691
vn -0.4926 0.0451 -0.8691
vn 0.9679 -0.0114 -0.2512
vn 0.8700 0.0002 -0.4930
vn -0.8616 0.0389 -0.5062
vn -0.8700 -0.0003 0.4930
vn -0.5072 -0.0227 0.8615
vn -0.0085 -0.0391 0.9992
vn 0.4925 -0.0451 0.8691
vn 0.8616 -0.0389 0.5061
vn 0.8616 -0.0389 0.5062
vn 0.5072 0.0227 -0.8615
vn 0.7128 0.0119 -0.7012
vn 0.8700 0.0002 -0.4931
vn 0.0221 0.9990 0.0391
vn -0.0234 -0.9780 0.2073
vn -0.0209 -0.6902 0.7234
vn -0.0209 -0.6903 0.7232
vn 0.0175 0.9185 0.3950
vn 0.0051 0.5190 0.8548
vn 0.0051 0.5187 0.8549
vn -0.0102 -0.1179 0.9930
vn -0.0175 -0.9186 -0.3949
vn -0.0045 -0.4973 -0.8676
vn 0.0099 0.1049 -0.9944
vn 0.0099 0.1042 -0.9945
vn 0.0207 0.6772 -0.7355
vn 0.0234 0.9812 -0.1914
vn 0.0234 0.9813 -0.1911
vn 0.9986 -0.0294 0.0434
vn 0.9992 -0.0326 -0.0229
vn 0.9990 -0.0202 0.0397
vn 0.9958 -0.0880 -0.0247
vn 0.9978 -0.0432 0.0502
vn 0.9955 -0.0704 0.0627
vn -0.9956 -0.0525 0.0779
vn -0.9912 0.1134 -0.0686
vn -0.9959 -0.0720 0.0555
vn -0.1099 -0.7464 -0.6563
vn 0.0921 -0.5557 -0.8263
vn 0.0865 -0.7508 -0.6548
vn 0.0983 -0.3229 -0.9413
vn -0.0922 -0.0638 -0.9937
vn 0.1044 -0.0682 -0.9922
vn -0.0866 0.1953 -0.9769
vn 0.1148 0.4370 -0.8921
vn 0.1100 0.1910 -0.9754
vn -0.9905 0.1298 -0.0442
vn -0.9961 -0.0695 0.0538
vn -0.9962 -0.0823 0.0280
vn 0.9983 0.0435 0.0399
vn 0.9994 -0.0014 -0.0351
vn 0.9985 0.0259 -0.0476
vn -0.9906 0.1167 -0.0708
vn -0.9959 -0.0505 0.0754
vn -0.0865 0.7508 0.6548
vn 0.1043 0.5513 0.8278
vn 0.1100 0.7465 0.6563
vn 0.9995 -0.0152 -0.0281
vn 0.9992 -0.0120 0.0380
vn 0.9994 -0.0244 -0.0245
vn -0.1090 -0.8982 0.4259
vn -0.0235 -0.9055 0.4236
vn -0.1568 -0.8795 0.4493
vn -0.5112 0.1379 0.8483
vn -0.2674 0.2127 0.9398
vn -0.5113 0.1379 0.8482
vn 0.0076 0.6136 0.7896
vn 0.0094 0.6684 0.7437
vn 0.7348 -0.5217 0.4336
vn -0.0088 -0.0530 0.9986
vn 0.2581 -0.7769 0.5744
vn 0.2651 -0.7188 0.6427
vn 0.2277 -0.8105 0.5397
vn 0.2635 0.2003 0.9436
vn -0.0017 0.2339 0.9723
vn -0.0017 0.2336 0.9723
vn -0.8489 0.3398 0.4048
vn -0.8504 0.3653 0.3787
vn -0.8610 -0.0061 0.5085
vn -0.7639 -0.4882 0.4221
vn 0.0030 0.4380 0.8990
vn -0.8602 -0.0083 0.5098
vn -0.8554 0.1859 0.4835
vn -0.1519 -0.5382 0.8290
vn -0.1034 -0.5176 0.8494
vn -0.1999 -0.5516 0.8098
vn -0.2832 -0.9093 -0.3048
vn -0.0190 -0.9421 -0.3349
vn -0.0191 -0.9421 -0.3349
vn 0.8508 -0.3649 -0.3782
vn 0.8509 -0.3648 -0.3781
vn 0.8606 0.0015 -0.5093
vn 0.0088 0.0488 -0.9988
vn 0.4996 0.0315 -0.8657
vn -0.0030 -0.4385 -0.8987
vn -0.0029 -0.4382 -0.8989
vn 0.0181 0.5236 -0.8517
vn 0.8600 0.0078 -0.5102
vn 0.1582 -0.8694 0.4680
vn 0.1102 -0.8855 0.4513
vn 0.4900 -0.8456 -0.2120
vn 0.2473 -0.9202 -0.3035
vn 0.4904 -0.8454 -0.2119
vn -0.0094 -0.6684 -0.7437
vn -0.7346 0.5218 -0.4336
vn 0.0086 0.0488 -0.9988
vn 0.0088 0.0518 -0.9986
vn 0.0217 0.7434 -0.6685
vn 0.0217 0.7434 -0.6684
vn 0.0217 0.7436 -0.6683
vn -0.0236 -0.9464 0.3222
vn -0.0236 -0.9464 0.3223
vn -0.0817 0.8949 0.4387
vn 0.1148 0.8906 0.4401
vn -0.0755 0.9949 -0.0665
vn 0.1185 0.9738 0.1942
vn 0.1210 0.9905 -0.0650
vn 0.9663 0.2571 -0.0112
vn 0.9933 0.0926 -0.0692
vn 0.9665 0.2429 -0.0827
vn 0.9930 0.1132 0.0343
vn 0.9992 0.0134 0.0388
vn -0.1043 -0.5513 -0.8277
vn -0.1148 -0.8905 -0.4402
vn 0.0816 -0.8949 -0.4387
vn -0.1210 -0.9905 0.0650
vn 0.0779 -0.9782 -0.1927
vn 0.0755 -0.9949 0.0665
vn 0.9536 -0.3000 0.0258
vn 0.9870 -0.1367 0.0842
vn 0.9534 -0.2857 0.0972
vn 0.9873 -0.1574 -0.0193
vn 0.9988 -0.0426 -0.0227
vn -0.0779 0.9782 0.1927
vn -0.0748 0.9440 -0.3213
vn 0.1217 0.9396 -0.3198
vn -0.9906 0.1356 -0.0151
vn -0.9959 -0.0860 -0.0290
vn -0.9909 0.1337 0.0146
vn -0.0779 0.6575 -0.7494
vn 0.1210 0.8245 -0.5527
vn 0.1186 0.6531 -0.7479
vn -0.1100 -0.1910 0.9754
vn 0.0817 -0.4413 0.8936
vn 0.0866 -0.1954 0.9769
vn -0.9939 0.0298 0.1057
vn -0.9924 0.0435 -0.1154
vn -0.9946 0.0001 0.1038
vn -0.9959 -0.0909 -0.0001
vn -0.9911 0.1261 -0.0429
vn -0.9912 0.1317 -0.0148
vn -0.1185 -0.6531 0.7480
vn 0.0755 -0.8289 0.5542
vn 0.0780 -0.6574 0.7495
vn -0.9926 0.0855 0.0868
vn -0.9936 -0.0133 -0.1117
vn -0.9932 0.0588 0.1000
vn -0.1217 -0.9396 0.3198
vn 0.0747 -0.9440 0.3213
vn -0.1186 -0.9738 -0.1942
vn -0.0756 0.8289 -0.5542
vn -0.0816 0.4414 -0.8936
vn -0.9952 -0.0278 0.0943
vn -0.9914 0.0945 -0.0902
vn -0.9961 -0.0879 -0.0002
vn -0.0923 0.5557 0.8263
vn 0.0982 0.3185 0.9428
vn -0.9952 -0.0796 -0.0576
vn -0.9914 0.1299 0.0138
vn -0.9918 0.1207 0.0410
vn -0.1043 0.0682 0.9922
vn 0.0921 0.0638 0.9937
vn -0.9959 -0.0851 0.0290
vn -0.1148 -0.4370 0.8921
vn -0.1210 -0.8245 0.5527
vn -0.3608 0.8829 -0.3006
vn 0.9326 0.3416 -0.1162
vn -0.4044 -0.8658 0.2947
vn -0.0001 0.3223 0.9467
vn -0.0000 0.3223 0.9466
vn 0.9327 0.3415 -0.1162
vn -0.9327 -0.3415 0.1163
vn -0.1571 -0.8889 -0.4303
vn -0.1331 -0.8188 -0.5584
vn -0.0160 -0.4051 0.9141
vn -0.0169 -0.4519 0.8919
vn 0.4141 0.3342 -0.8467
vn 0.3507 0.2170 -0.9110
vn 0.2743 0.8240 0.4957
vn 0.2893 0.8445 0.4507
vn -0.3762 -0.6874 0.6212
vn -0.3842 -0.9231 -0.0151
vn 0.6732 0.7261 0.1401
vn 0.6875 0.5204 -0.5065
vn -0.5464 -0.8363 -0.0446
vn -0.6732 -0.4898 0.5540
vn -0.6875 -0.7213 -0.0838
vn -0.4141 -0.7813 -0.4669
vn 0.8023 0.3815 -0.4592
vn 0.8677 0.4359 0.2389
vn 0.8862 0.2241 -0.4056
vn 0.6080 0.1417 -0.7812
vn -0.8022 -0.5824 -0.1311
vn -0.8677 -0.1997 0.4552
vn -0.8862 -0.4250 -0.1847
vn -0.6081 -0.5888 -0.5325
vn 0.9165 0.2695 0.2955
vn 0.9499 -0.1217 -0.2879
vn 0.9360 0.0542 -0.3478
vn 0.7199 -0.2396 -0.6514
vn -0.9360 -0.2551 -0.2425
vn -0.9301 0.1389 0.3400
vn -0.9499 -0.0793 -0.3023
vn 0.9080 -0.0740 0.4123
vn 0.8690 -0.4642 -0.1713
vn 0.9273 -0.2967 -0.2283
vn 0.6587 -0.4992 -0.5629
vn -0.9273 0.0958 -0.3620
vn -0.8509 0.4743 0.2258
vn -0.8690 0.2633 -0.4189
vn -0.7027 -0.0749 -0.7075
vn 0.7774 -0.6177 -0.1191
vn 0.6422 -0.5192 0.5639
vn 0.6558 -0.7513 -0.0735
vn 0.4970 -0.7168 -0.4890
vn -0.7774 0.4167 -0.4712
vn -0.6422 0.7554 0.1301
vn -0.6558 0.5504 -0.5167
vn 0.5091 -0.8599 -0.0366
vn 0.3357 -0.7033 0.6266
vn 0.3428 -0.9394 -0.0096
vn 0.1571 0.4417 -0.8833
vn 0.0160 0.8787 0.4771
vn 0.1561 0.8861 0.4365
vn 0.0169 0.9022 0.4311
vn -0.5091 0.6591 -0.5535
vn -0.3357 0.9396 0.0674
vn -0.3428 0.7384 -0.5807
vn -0.3858 0.3521 -0.8528
vn -0.1560 -0.8859 -0.4369
vn -0.1481 -0.8638 -0.4816
vn -0.0160 -0.4059 0.9138
vn -0.0169 -0.4514 0.8922
vn 0.4111 0.3285 -0.8503
vn 0.3904 0.2892 -0.8740
vn 0.2745 0.8244 0.4950
vn 0.2892 0.8444 0.4510
vn -0.3753 -0.6835 0.6261
vn -0.3753 -0.9235 -0.0791
vn -0.2892 -0.8444 -0.4510
vn 0.6715 0.7264 0.1462
vn 0.6715 0.4864 -0.5590
vn 0.5174 0.2420 -0.8208
vn -0.5336 -0.8388 -0.1080
vn -0.6715 -0.4864 0.5590
vn -0.6715 -0.7264 -0.1462
vn -0.5174 -0.6925 -0.5028
vn 0.7836 0.3507 -0.5129
vn 0.8655 0.4370 0.2447
vn 0.8655 0.1969 -0.4605
vn 0.6669 0.0190 -0.7449
vn -0.7836 -0.5908 -0.1924
vn -0.8655 -0.1969 0.4605
vn -0.8655 -0.4370 -0.2447
vn -0.6669 -0.4695 -0.5787
vn 0.9142 0.0310 -0.4040
vn 0.9278 0.0993 0.3597
vn 0.9278 -0.1407 -0.3456
vn 0.7149 -0.2412 -0.6564
vn -0.9142 -0.2711 -0.3012
vn -0.9278 0.1407 0.3456
vn -0.9278 -0.0993 -0.3596
vn -0.7149 -0.2093 -0.6672
vn 0.9057 -0.3117 -0.2874
vn 0.8488 -0.2352 0.4736
vn 0.8488 -0.4753 -0.2317
vn 0.6540 -0.4990 -0.5686
vn -0.9057 0.0716 -0.4178
vn -0.8488 0.4753 0.2317
vn -0.8488 0.2352 -0.4735
vn -0.6540 0.0485 -0.7549
vn 0.7593 -0.6252 -0.1807
vn 0.6406 -0.5157 0.5689
vn 0.6406 -0.7557 -0.1362
vn 0.4935 -0.7151 -0.4951
vn -0.7593 0.3851 -0.5246
vn -0.6406 0.7557 0.1363
vn -0.6406 0.5157 -0.5689
vn -0.4936 0.2646 -0.8285
vn 0.4973 -0.8618 -0.1002
vn 0.3348 -0.6994 0.6315
vn 0.3348 -0.9394 -0.0737
vn 0.2580 -0.8565 -0.4470
vn 0.1560 0.4352 -0.8867
vn 0.0160 0.8791 0.4763
vn 0.1560 0.8859 0.4368
vn 0.0169 0.9020 0.4314
vn -0.4973 0.6218 -0.6050
vn -0.3348 0.9394 0.0738
vn -0.3348 0.6993 -0.6315
vn -0.2580 0.4061 -0.8767
vn -0.4985 0.6255 -0.6002
vn -0.3428 0.9394 0.0096
vn -0.3357 0.7033 -0.6266
vn 0.2201 -0.2831 0.9335
vn 0.1238 -0.4480 0.8854
vn -0.1599 0.7495 -0.6424
vn 0.0224 0.9997 -0.0110
vn -0.1230 0.4421 -0.8885
vn 0.0160 0.4052 -0.9141
vn 0.4985 -0.8618 -0.0939
vn 0.3428 -0.7384 0.5807
vn 0.3357 -0.9396 -0.0673
vn -0.4210 0.6731 0.6080
vn -0.7612 0.3883 -0.5194
vn -0.6558 0.7513 0.0736
vn -0.6422 0.5192 -0.5639
vn 0.4210 -0.1624 0.8924
vn 0.7612 -0.6246 -0.1746
vn 0.6558 -0.5504 0.5167
vn 0.6422 -0.7554 -0.1301
vn -0.5578 0.4888 0.6707
vn -0.9080 0.0740 -0.4123
vn -0.8690 0.4642 0.1713
vn -0.8509 0.2380 -0.4683
vn 0.5578 0.0219 0.8297
vn 0.9080 -0.3103 -0.2815
vn 0.8690 -0.2633 0.4189
vn 0.8509 -0.4743 -0.2258
vn -0.6097 0.2690 0.7456
vn -0.9165 -0.2695 -0.2955
vn -0.9499 0.1217 0.2879
vn -0.9301 -0.0973 -0.3541
vn 0.6097 0.2417 0.7548
vn 0.9165 0.0333 -0.3986
vn 0.9499 0.0792 0.3023
vn 0.9301 -0.1389 -0.3400
vn -0.5688 0.0470 0.8211
vn -0.7856 -0.5900 -0.1864
vn -0.8862 -0.2241 0.4056
vn -0.8677 -0.4359 -0.2389
vn 0.7856 0.3538 -0.5076
vn 0.8862 0.4250 0.1847
vn 0.8677 0.1996 -0.4552
vn -0.4413 -0.1432 0.8859
vn -0.5350 -0.8387 -0.1017
vn -0.6875 -0.5204 0.5065
vn -0.6732 -0.7260 -0.1401
vn 0.4413 0.6539 0.6145
vn 0.6875 0.7213 0.0838
vn 0.6732 0.4898 -0.5540
vn -0.2466 -0.2727 0.9299
vn -0.3842 -0.7222 0.5752
vn -0.3762 -0.9237 -0.0728
vn -0.1595 0.7454 -0.6472
vn 0.0219 0.9983 0.0537
vn 0.3842 0.9231 0.0151
vn 0.1561 0.4357 -0.8865
vn 0.1480 0.3899 -0.9089
vn 0.1599 -0.9858 -0.0517
vn -0.0224 -0.7987 0.6013
vn 0.1230 -0.8923 -0.4343
vn -0.1595 0.9855 0.0581
vn -0.1599 0.9858 0.0517
vn -0.1167 0.8697 0.4796
vn -0.1166 0.8693 0.4803
vn 0.1595 -0.7455 0.6472
vn 0.1599 -0.7495 0.6424
vn -0.4973 0.8618 0.1001
vn -0.4985 0.8618 0.0939
vn 0.4973 -0.6218 0.6051
vn 0.4985 -0.6256 0.6001
vn -0.7593 0.6252 0.1807
vn -0.7612 0.6246 0.1747
vn 0.7593 -0.3851 0.5245
vn 0.7612 -0.3883 0.5194
vn -0.9057 0.3117 0.2874
vn -0.9080 0.3103 0.2816
vn 0.9057 -0.0716 0.4179
vn 0.9301 0.0974 0.3541
vn -0.9142 -0.0310 0.4040
vn -0.9165 -0.0333 0.3986
vn 0.9142 0.2710 0.3012
vn -0.7836 -0.3507 0.5129
vn -0.7856 -0.3538 0.5077
vn 0.7856 0.5900 0.1864
vn -0.5336 -0.5988 0.5973
vn -0.5350 -0.6025 0.5922
vn 0.1481 0.8638 0.4816
vn 0.1480 0.8634 0.4823
vn 0.1167 -0.3965 0.9106
vn 0.1166 -0.3958 0.9109
vn 0.1048 -0.3134 0.9438
vn 0.1331 0.8188 0.5584
vn -0.5464 -0.6354 0.5456
vn 0.8023 0.5824 0.1311
vn -0.8023 -0.3815 0.4592
vn 0.9360 0.2551 0.2425
vn -0.9360 -0.0542 0.3477
vn 0.9273 -0.0958 0.3619
vn -0.9273 0.2967 0.2282
vn 0.7774 -0.4168 0.4712
vn -0.7774 0.6177 0.1191
vn 0.5091 -0.6591 0.5536
vn -0.5091 0.8599 0.0366
vn 0.1633 -0.7857 0.5967
vn -0.1049 0.8241 0.5566
vn -0.1633 0.9866 -0.0065
vn -0.0000 0.3224 0.9466
vn -0.0000 0.3221 0.9467
vn 0.7836 0.5908 0.1924
vn 0.5853 -0.6146 -0.5289
vn -0.1238 0.4479 -0.8855
vn -0.6586 0.0520 -0.7507
vn -0.7094 -0.3408 -0.6169
vn 0.8510 -0.2381 0.4682
vn 0.3762 0.9237 0.0728
vn 0.2893 0.3942 -0.8723
vn -0.5177 -0.6926 -0.5023
vn 0.7153 -0.2411 -0.6559
vn 0.0169 0.4520 -0.8919
vn 0.6717 0.0224 -0.7405
vn -0.0170 -0.9050 -0.4250
vn -0.3072 -0.7058 0.6383
vn -0.3002 -0.6441 0.7036
vn -0.3072 -0.7058 0.6384
vn -0.2697 -0.6141 0.7417
vn -0.2446 -0.5804 0.7767
vn -0.2724 -0.7991 0.5359
vn -0.2044 -0.8612 0.4653
vn -0.3019 -0.7641 0.5701
vn 0.0621 -0.9021 0.4271
vn -0.2482 -0.8308 0.4981
vn 0.5045 0.1139 0.8559
vn 0.5044 0.1140 0.8559
vn 0.8199 -0.5602 0.1183
vn 0.6891 -0.7216 -0.0665
vn -0.5249 -0.8234 -0.2156
vn -0.5244 -0.8237 -0.2158
vn -0.8417 -0.1480 0.5193
vn -0.7104 0.0142 0.7037
vn 0.8257 -0.1889 0.5316
vn 0.2460 -0.9206 -0.3032
vn -0.8463 -0.5218 0.1076
vn -0.2671 0.2127 0.9399
vn 0.0236 0.9565 -0.2909
vn 0.1479 0.9444 -0.2938
vn 0.2183 0.9191 -0.3281
vn -0.3984 0.6848 -0.6101
vn -0.3877 0.7681 -0.5096
vn -0.3440 0.8188 -0.4595
vn 0.3834 0.5319 -0.7551
vn 0.4269 0.5749 -0.6981
vn 0.3455 0.4820 -0.8052
vn -0.1009 0.9500 -0.2956
vn -0.1718 0.9279 -0.3309
vn 0.2631 0.2003 0.9437
vn 0.2874 0.8911 -0.3512
vn 0.6889 -0.7218 -0.0669
vn 0.2027 -0.8411 0.5015
vn 0.3873 0.8023 -0.4542
vn 0.3509 0.8473 -0.3987
vn 0.4295 0.7496 -0.5037
vn -0.1785 0.4306 -0.8847
vn -0.1084 0.3968 -0.9115
vn -0.2476 0.4530 -0.8564
vn 0.2111 0.4211 -0.8821
vn 0.2808 0.4403 -0.8528
vn 0.1399 0.3907 -0.9098
vn -0.2836 -0.9093 -0.3045
vn -0.2418 0.9030 -0.3551
vn -0.3064 0.8621 -0.4035
vn -0.3898 0.5939 -0.7038
vn -0.3473 0.5490 -0.7603
vn -0.3111 0.4976 -0.8097
vn 0.0153 0.3909 -0.9203
vn 0.4381 0.6658 -0.6040
vn -0.0219 -0.9990 -0.0393
vn -0.0218 -0.9990 -0.0392
vn -0.0221 -0.9990 -0.0392
vn -0.7044 -0.1238 0.6990
vn -0.7004 0.0631 0.7110
vn 0.6916 0.0320 0.7216
vn -0.7079 -0.3013 0.6388
vn 0.6875 -0.1549 0.7094
vn 0.6840 -0.3323 0.6494
vn -0.7124 -0.5808 0.3939
vn 0.6796 -0.6119 0.4046
vn 0.6813 -0.4882 0.5454
vn -0.7107 -0.6885 -0.1448
vn -0.7123 -0.7006 0.0422
vn 0.6797 -0.7316 0.0528
vn 0.6790 -0.6950 0.2365
vn -0.9946 -0.0632 -0.0823
vn -0.7080 -0.6284 -0.3223
vn 0.6840 -0.6595 -0.3117
vn -0.9932 -0.0144 -0.1151
vn -0.7004 -0.3837 -0.6018
vn -0.9939 -0.0410 -0.1019
vn -0.0982 -0.3185 -0.9428
vn 0.6875 -0.5556 -0.4676
vn 0.6917 -0.4148 -0.5912
vn -0.9919 0.0442 -0.1190
vn -0.6916 -0.0321 -0.7216
vn -0.9925 0.0146 -0.1210
vn -0.6875 0.1549 -0.7095
vn 0.6959 -0.2469 -0.6744
vn 0.7003 -0.0631 -0.7110
vn -0.9913 0.0723 -0.1096
vn -0.6813 0.4882 -0.5454
vn -0.6841 0.3323 -0.6493
vn 0.7043 0.1238 -0.6991
vn 0.7080 0.3012 -0.6388
vn -0.6797 0.6119 -0.4045
vn 0.7107 0.4571 -0.5348
vn 0.7123 0.5809 -0.3940
vn -0.6796 0.7317 -0.0527
vn 0.7122 0.7007 -0.0422
vn 0.7128 0.6640 -0.2259
vn -0.6876 0.5555 0.4676
vn -0.6916 0.4148 0.5913
vn -0.9919 0.1077 0.0673
vn -0.6813 0.7196 0.1342
vn -0.6841 0.6595 0.3117
vn -0.9913 0.1241 0.0427
vn 0.7080 0.6284 0.3222
vn 0.7107 0.6885 0.1448
vn 0.7003 0.3838 0.6019
vn 0.9993 -0.0020 0.0379
vn -0.6959 0.2469 0.6743
vn -0.0982 0.3229 0.9413
vn -0.7106 -0.4572 0.5348
vn -0.7129 -0.6638 0.2260
vn 0.6813 -0.7196 -0.1342
vn -0.9956 -0.0891 -0.0297
vn 0.9980 -0.0580 -0.0237
vn -0.7044 -0.5245 -0.4782
vn -0.6960 -0.2158 -0.6849
vn -0.9909 0.0971 -0.0931
vn -0.6791 0.6949 -0.2365
vn 0.7045 0.5245 0.4781
vn 0.6959 0.2158 0.6849
vn -0.9949 0.0008 0.1006
vn -0.9955 -0.0265 0.0914
vn -0.9955 -0.0768 -0.0562
vn -0.9949 -0.0607 -0.0802
vn -0.9943 0.0294 0.1023
vn -0.9918 0.0706 -0.1062
vn -0.9936 0.0576 0.0966
vn -0.9930 0.0148 -0.1173
vn -0.9930 0.0833 0.0839
vn -0.9924 0.1049 0.0649
vn -0.9943 -0.0391 -0.0990
vn -0.9997 0.0224 -0.0076
vn -0.9997 0.0225 -0.0076
vn -0.9997 0.0225 -0.0077
vn -0.1479 0.4397 -0.8859
vn -0.1513 0.6527 -0.7424
vn -0.1514 0.6530 -0.7421
vn -0.1125 -0.9744 -0.1949
vn -0.1162 -0.8900 -0.4408
vn -0.1162 -0.8900 -0.4409
vn -0.1535 0.8217 -0.5488
vn -0.1536 0.8220 -0.5484
vn -0.1264 0.0696 0.9895
vn -0.1322 0.3232 0.9371
vn -0.1264 0.0694 0.9896
vn -0.1514 0.9702 0.1894
vn -0.1535 0.9859 -0.0664
vn -0.1513 0.9701 0.1900
vn -0.1479 0.8889 0.4336
vn -0.1479 0.8887 0.4340
vn -0.1380 -0.0615 -0.9885
vn -0.1433 0.1958 -0.9701
vn -0.1433 0.1960 -0.9701
vn -0.1322 -0.3156 -0.9396
vn -0.1380 -0.0616 -0.9885
vn -0.1209 -0.1896 0.9744
vn -0.1209 -0.1899 0.9743
vn -0.1264 -0.5487 -0.8264
vn -0.1102 -0.9918 0.0648
vn -0.1125 -0.9744 -0.1945
vn -0.1209 -0.7448 -0.6563
vn -0.1264 -0.5486 -0.8265
vn -0.1162 -0.4362 0.8923
vn -0.1162 -0.4365 0.8922
vn -0.1094 -0.9410 0.3202
vn -0.1102 -0.8256 0.5535
vn -0.1096 -0.9410 0.3202
vn -0.1099 -0.9918 0.0655
vn -0.1380 0.5545 0.8207
vn -0.1433 0.7472 0.6489
vn -0.1380 0.5543 0.8208
vn -0.1322 0.3234 0.9370
vn -0.1479 0.4394 -0.8861
vn -0.1433 0.7472 0.6490
vn -0.1103 -0.8251 0.5542
vn -0.1125 -0.6532 0.7488
vn -0.1542 0.9353 -0.3184
vn -0.1543 0.9353 -0.3184
vn -0.1537 0.9858 -0.0672
vn -0.1209 -0.7447 -0.6563
vn -0.9990 0.0436 -0.0087
vn -0.9990 0.0433 -0.0148
vn -0.9997 0.0207 -0.0126
vn -0.9997 0.0213 -0.0072
vn -0.9997 0.0208 -0.0132
vn -0.9994 0.0285 -0.0219
vn -0.9996 0.0235 -0.0184
vn -0.9994 0.0284 -0.0219
vn -0.9997 0.0247 -0.0022
vn -0.9998 0.0211 -0.0071
vn -0.9998 0.0209 -0.0078
vn -0.9996 0.0299 0.0003
vn -0.9997 0.0245 -0.0022
vn -0.9992 0.0410 -0.0033
vn -0.9992 0.0409 -0.0035
vn -0.9994 0.0285 -0.0220
vn -0.9992 0.0343 -0.0224
vn -0.9992 0.0345 -0.0223
vn -0.9994 0.0358 -0.0001
vn -0.9994 0.0355 0.0001
vn -0.9990 0.0398 -0.0197
vn -0.9990 0.0398 -0.0196
vn -0.9994 0.0359 -0.0000
vn -0.9996 0.0299 0.0004
vn -0.9997 0.0209 -0.0132
vn -0.9997 0.0208 -0.0133
vn -0.9996 0.0298 0.0003
vn -0.9990 0.0431 -0.0147
vn -0.9990 0.0439 -0.0085
vn -0.9990 0.0436 -0.0086
vn -0.9996 0.0234 -0.0184
vn -0.9990 0.0396 -0.0192
vn -0.9992 0.0344 -0.0224
vn -0.9990 0.0397 -0.0197
vn -0.9992 0.0410 -0.0032
vn -0.9992 0.0408 -0.0032
vn -0.9990 0.0429 -0.0148
vn -0.9996 0.0235 -0.0185
vn -0.9996 0.0235 -0.0186
vn -0.9990 0.0433 -0.0147
vn -0.9997 0.0213 -0.0070
vn -0.9997 0.0246 -0.0023
vn -0.9997 0.0246 -0.0022
vn -0.9992 0.0347 -0.0221
vn -0.9994 0.0281 -0.0218
vn -0.0781 0.0665 0.9947
vn -0.3207 0.3112 0.8946
vn -0.3177 0.0688 0.9457
vn -0.0455 -0.9457 0.3219
vn -0.3096 -0.7894 0.5301
vn -0.3092 -0.9003 0.3064
vn -0.0471 -0.8298 0.5561
vn -0.3107 -0.6239 0.7171
vn -0.1110 0.1943 -0.9746
vn -0.3282 0.4212 -0.8455
vn -0.1198 0.4395 -0.8902
vn -0.0586 -0.8957 -0.4409
vn -0.3150 -0.7106 -0.6291
vn -0.0677 -0.7505 -0.6574
vn -0.3178 -0.5225 -0.7912
vn -0.0783 -0.5541 -0.8288
vn -0.0586 -0.4407 0.8957
vn -0.3150 -0.1792 0.9320
vn -0.3127 -0.4156 0.8541
vn -0.1007 0.5544 0.8261
vn -0.3260 0.7150 0.6184
vn -0.3235 0.5315 0.7829
vn -0.1265 0.9733 0.1918
vn -0.3310 0.9414 -0.0642
vn -0.3299 0.9267 0.1801
vn -0.0677 -0.1936 0.9787
vn -0.3300 0.6243 -0.7081
vn -0.1266 0.6542 -0.7457
vn -0.3310 0.7852 -0.5234
vn -0.1307 0.8239 -0.5514
vn -0.0516 -0.6577 0.7515
vn -0.0516 -0.9796 -0.1942
vn -0.3125 -0.8504 -0.4232
vn -0.3206 -0.2992 -0.8987
vn -0.0895 -0.3201 -0.9431
vn -0.1308 0.9892 -0.0664
vn -0.3313 0.8932 -0.3040
vn -0.3235 -0.0565 -0.9445
vn -0.1007 -0.0648 -0.9928
vn -0.1110 0.7486 0.6537
vn -0.3283 0.8496 0.4128
vn -0.1321 0.9384 -0.3193
vn -0.3096 -0.9489 0.0614
vn -0.0472 -0.9967 0.0662
vn -0.3261 0.1892 -0.9262
vn -0.0896 0.3218 0.9426
vn -0.3107 -0.9318 -0.1876
vn -0.1198 0.8913 0.4372
vn -0.9971 -0.0245 -0.0723
vn -0.7346 -0.5018 -0.4567
vn -0.9944 -0.0666 -0.0820
vn -0.7327 -0.3663 -0.5735
vn -0.9910 0.1141 -0.0700
vn -0.7244 0.4598 -0.5137
vn -0.9953 0.0715 -0.0660
vn -0.7236 0.5757 -0.3806
vn -0.9798 0.1852 0.0752
vn -0.7271 0.5251 0.4423
vn -0.7256 0.6221 0.2942
vn -0.9981 -0.0326 0.0529
vn -0.7382 -0.5584 0.3785
vn -0.7374 -0.4392 0.5131
vn -0.9849 -0.1484 -0.0889
vn -0.7373 -0.6611 -0.1387
vn -0.9618 -0.2664 -0.0629
vn -0.7361 -0.6025 -0.3084
vn -0.9962 0.0634 0.0590
vn -0.7308 0.2342 0.6412
vn -0.7288 0.3929 0.5607
vn -0.9969 0.0470 -0.0626
vn -0.7271 0.1462 -0.6708
vn -0.9977 0.0303 -0.0612
vn -0.7255 0.3134 -0.6127
vn -0.9988 0.0088 0.0478
vn -0.7362 -0.2891 0.6119
vn -0.7346 -0.1189 0.6680
vn -0.9979 0.0159 -0.0622
vn -0.7308 -0.2056 -0.6509
vn -0.9978 -0.0005 -0.0657
vn -0.7289 -0.0308 -0.6839
vn -0.9985 0.0232 0.0489
vn -0.7327 0.0597 0.6779
vn -0.9786 0.1948 -0.0663
vn -0.7234 0.6536 -0.2224
vn -0.9955 -0.0757 0.0570
vn -0.7385 -0.6383 0.2173
vn -0.9987 -0.0080 0.0494
vn -0.9978 0.0396 0.0524
vn -0.9518 0.3058 -0.0254
vn -0.7243 0.6778 0.1265
vn -0.7236 0.6884 -0.0496
vn -0.9623 -0.2716 0.0127
vn -0.9860 -0.1578 0.0537
vn -0.7382 -0.6734 0.0407
vn -0.9921 0.1053 0.0686
vn -0.9523 0.3013 0.0493
vn -0.0000 -0.1943 0.9809
vn -0.0000 -0.4415 0.8973
vn -0.0000 -0.1945 0.9809
vn -0.0000 -0.9812 -0.1932
vn -0.0000 -0.9978 0.0658
vn -0.0000 -0.9978 0.0659
vn -0.0000 0.9467 -0.3222
vn -0.0000 0.9978 -0.0662
vn -0.0000 -0.6588 0.7523
vn -0.0000 -0.8312 0.5560
vn -0.0000 -0.6589 0.7523
vn -0.0000 -0.8310 0.5562
vn -0.0000 -0.9467 0.3222
vn -0.0000 0.5561 0.8311
vn -0.0000 0.5563 0.8310
vn -0.0000 0.9978 -0.0663
vn -0.0000 0.9810 0.1940
vn -0.0000 -0.4416 0.8972
vn -0.0000 0.8972 0.4416
vn -0.0000 0.7525 0.6586
vn -0.0000 0.8973 0.4415
vn -0.0000 0.8311 -0.5562
vn -0.0000 0.8308 -0.5566
vn -0.0000 -0.8974 -0.4413
vn -0.0000 -0.9810 -0.1940
vn -0.0000 0.0662 0.9978
vn -0.0000 0.0661 0.9978
vn -0.0000 0.6581 -0.7530
vn -0.0000 0.4415 -0.8973
vn -0.0000 -0.5564 -0.8309
vn -0.0000 -0.7523 -0.6588
vn -0.0000 -0.7524 -0.6587
vn -0.0000 0.1944 -0.9809
vn -0.0000 -0.0661 -0.9978
vn -0.0000 0.9809 0.1944
vn -0.0000 -0.5563 -0.8310
vn -0.0000 0.1945 -0.9809
vn -0.0000 -0.8972 -0.4417
vn -0.0000 0.6588 -0.7523
vn -0.9989 0.0172 -0.0434
vn -0.9996 0.0140 0.0229
vn -0.9989 0.0264 -0.0397
vn -0.9988 -0.0415 0.0247
vn -0.9987 0.0033 -0.0502
vn -0.9977 -0.0241 -0.0627
vn 0.9921 -0.0988 -0.0779
vn 0.9954 0.0671 0.0686
vn 0.9914 -0.1183 -0.0555
vn 0.0750 -0.7508 0.6563
vn -0.1179 -0.5508 0.8263
vn -0.1214 -0.7460 0.6548
vn 0.0833 -0.3227 0.9428
vn -0.1073 -0.0632 0.9922
vn -0.1131 -0.3179 0.9413
vn 0.0955 0.1911 0.9769
vn -0.0944 0.4418 0.8921
vn -0.1009 0.1959 0.9754
vn 0.9955 0.0835 0.0442
vn 0.9918 -0.1158 -0.0538
vn 0.9913 -0.1286 -0.0280
vn -0.9951 0.0899 -0.0399
vn -0.9984 0.0452 0.0351
vn -0.9962 0.0724 0.0475
vn 0.9950 0.0704 0.0708
vn 0.9924 -0.0968 -0.0754
vn 0.1214 0.7460 -0.6548
vn -0.0784 0.5556 -0.8278
vn -0.0750 0.7508 -0.6563
vn -0.9991 0.0313 0.0281
vn -0.9987 0.0346 -0.0380
vn -0.9995 0.0222 0.0244
vn 0.1232 0.8901 -0.4387
vn -0.0733 0.8949 -0.4401
vn 0.1218 0.9903 0.0665
vn -0.0730 0.9782 -0.1942
vn -0.0747 0.9951 0.0650
vn -0.9533 0.3018 0.0112
vn -0.9879 0.1387 0.0692
vn -0.9542 0.2877 0.0827
vn -0.9866 0.1594 -0.0343
vn -0.9974 0.0599 -0.0388
vn 0.0786 -0.5556 0.8277
vn 0.0732 -0.8949 0.4402
vn -0.1232 -0.8901 0.4387
vn 0.0746 -0.9951 -0.0650
vn -0.1235 -0.9735 0.1927
vn -0.1218 -0.9903 -0.0666
vn -0.9665 -0.2553 -0.0258
vn -0.9923 -0.0905 -0.0842
vn -0.9657 -0.2410 -0.0972
vn -0.9936 -0.1113 0.0193
vn -0.9997 0.0040 0.0227
vn 0.1235 0.9735 -0.1927
vn 0.1187 0.9395 0.3213
vn -0.0778 0.9443 0.3198
vn 0.9959 0.0893 0.0151
vn 0.9908 -0.1323 0.0290
vn 0.9961 0.0875 -0.0146
vn 0.1085 0.6531 0.7495
vn -0.0823 0.8293 0.5527
vn -0.0880 0.6579 0.7480
vn 0.1010 -0.1959 -0.9754
vn -0.1021 -0.4371 -0.8936
vn -0.0956 -0.1912 -0.9769
vn 0.9943 -0.0165 -0.1057
vn 0.9933 -0.0028 0.1154
vn 0.9935 -0.0462 -0.1038
vn 0.9905 -0.1372 0.0001
vn 0.9959 0.0798 0.0429
vn 0.9962 0.0854 0.0148
vn 0.0880 -0.6579 -0.7480
vn -0.1142 -0.8245 -0.5542
vn -0.1084 -0.6531 -0.7495
vn 0.9955 0.0391 -0.0868
vn 0.9919 -0.0596 0.1118
vn 0.9949 0.0124 -0.1000
vn -0.1187 -0.9395 -0.3213
vn 0.0730 -0.9782 0.1942
vn 0.1141 0.8245 0.5542
vn 0.1021 0.4371 0.8936
vn 0.9928 -0.0742 -0.0943
vn 0.9948 0.0482 0.0902
vn 0.0891 -0.0680 0.9937
vn 0.9910 -0.1342 0.0002
vn 0.1179 0.5508 -0.8263
vn -0.0832 0.3227 -0.9428
vn 0.9904 -0.1259 0.0576
vn 0.9964 0.0835 -0.0138
vn 0.9964 0.0744 -0.0410
vn 0.1074 0.0632 -0.9922
vn -0.0890 0.0680 -0.9937
vn 0.9909 -0.1315 -0.0290
vn 0.0943 -0.4418 -0.8921
vn 0.0823 -0.8293 -0.5527
vn 0.6980 -0.1565 -0.6988
vn 0.7025 0.0304 -0.7110
vn -0.6851 0.2480 -0.6849
vn -0.6893 0.0642 -0.7216
vn 0.6931 -0.3339 -0.6388
vn 0.6886 -0.4898 -0.5347
vn -0.6941 -0.1227 -0.7093
vn -0.6988 -0.3001 -0.6494
vn 0.6845 -0.6134 -0.3939
vn 0.6812 -0.6964 -0.2259
vn -0.7033 -0.4559 -0.5454
vn -0.7073 -0.5797 -0.4046
vn 0.6777 -0.7209 0.1448
vn 0.6789 -0.7330 -0.0422
vn -0.7107 -0.6626 -0.2365
vn -0.7129 -0.6993 -0.0528
vn 0.9906 -0.1095 0.0823
vn 0.6779 -0.6607 0.3223
vn 0.6791 -0.5568 0.4783
vn -0.7141 -0.6870 0.1342
vn -0.7140 -0.6269 0.3117
vn 0.9915 -0.0607 0.1152
vn 0.6817 -0.4160 0.6019
vn 0.9910 -0.0872 0.1019
vn -0.9997 -0.0114 0.0236
vn -0.7102 -0.3821 0.5913
vn -0.7127 -0.5229 0.4676
vn 0.9922 -0.0316 0.1209
vn 0.6940 0.1227 0.7094
vn 0.6894 -0.0642 0.7215
vn -0.7026 -0.0304 0.7109
vn -0.7066 -0.2142 0.6744
vn 0.9944 0.0508 0.0931
vn 0.6987 0.3001 0.6494
vn 0.9936 0.0261 0.1095
vn -0.6980 0.1565 0.6988
vn -0.6932 0.3339 0.6387
vn 0.7074 0.5796 0.4045
vn -0.6845 0.6134 0.3940
vn 0.7130 0.6992 0.0527
vn -0.6789 0.7330 0.0422
vn 0.7127 0.5229 -0.4676
vn 0.7102 0.3821 -0.5913
vn 0.9958 0.0613 -0.0673
vn 0.7140 0.6871 -0.1342
vn 0.7141 0.6269 -0.3117
vn 0.9961 0.0778 -0.0427
vn -0.6779 0.6608 -0.3222
vn -0.9983 0.0445 -0.0379
vn -0.6793 0.5568 -0.4781
vn -0.6817 0.4160 -0.6019
vn 0.7067 0.2142 -0.6743
vn 0.1133 0.3179 -0.9413
vn 0.0777 -0.9443 -0.3198
vn 0.9904 -0.1353 0.0297
vn 0.6851 -0.2480 0.6849
vn 0.9929 -0.0020 0.1191
vn -0.6885 0.4898 0.5348
vn 0.7034 0.4559 0.5453
vn -0.6813 0.6963 0.2259
vn 0.7107 0.6625 0.2365
vn -0.6778 0.7209 -0.1448
vn 0.9939 -0.0456 -0.1005
vn 0.9931 -0.0728 -0.0914
vn 0.9908 -0.1230 0.0562
vn 0.9910 -0.1070 0.0801
vn 0.9946 -0.0169 -0.1023
vn 0.9940 0.0244 0.1062
vn 0.9953 0.0112 -0.0967
vn 0.9926 -0.0314 0.1173
vn 0.9958 0.0370 -0.0839
vn 0.9962 0.0585 -0.0649
vn 0.9914 -0.0854 0.0990
vn 0.9997 -0.0241 0.0076
vn 0.9997 -0.0243 0.0076
vn 0.9997 -0.0241 0.0077
vn 0.9997 -0.0243 0.0075
vn 0.9997 -0.0244 0.0076
vn 0.9997 -0.0242 0.0075
vn 0.9997 -0.0242 0.0077
vn 0.9997 -0.0243 0.0077
vn 0.9997 -0.0242 0.0076
vn 0.9997 -0.0241 0.0075
vn 0.1682 0.4323 0.8859
vn 0.1816 0.6450 0.7423
vn 0.1816 0.6452 0.7421
vn 0.0670 -0.9786 0.1947
vn 0.0746 -0.8946 0.4406
vn 0.0746 -0.8945 0.4408
vn 0.1916 0.8134 0.5492
vn 0.1919 0.8141 0.5481
vn 0.1295 0.0636 -0.9895
vn 0.1471 0.3168 -0.9370
vn 0.1964 0.9620 -0.1897
vn 0.1993 0.9777 0.0665
vn 0.1964 0.9620 -0.1898
vn 0.1891 0.8810 -0.4338
vn 0.1891 0.8810 -0.4337
vn 0.1350 -0.0679 0.9885
vn 0.1523 0.1892 0.9700
vn 0.1523 0.1892 0.9701
vn 0.1174 -0.3213 0.9397
vn 0.1350 -0.0678 0.9885
vn 0.1119 -0.1951 -0.9744
vn 0.1119 -0.1954 -0.9743
vn 0.1007 -0.5540 0.8264
vn 0.1174 -0.3214 0.9397
vn 0.0639 -0.9959 -0.0648
vn 0.0670 -0.9786 0.1944
vn 0.0861 -0.7497 0.6562
vn 0.1007 -0.5541 0.8264
vn 0.0957 -0.4411 -0.8923
vn 0.0957 -0.4412 -0.8923
vn 0.0654 -0.9451 -0.3202
vn 0.0717 -0.8295 -0.5539
vn 0.0652 -0.9451 -0.3202
vn 0.0639 -0.9959 -0.0647
vn 0.1637 0.5474 -0.8207
vn 0.1780 0.7396 -0.6491
vn 0.1636 0.5474 -0.8207
vn 0.1780 0.7398 -0.6489
vn 0.0717 -0.8296 -0.5537
vn 0.0820 -0.6579 -0.7486
vn 0.1978 0.9271 0.3184
vn 0.1979 0.9271 0.3184
vn 0.0820 -0.6578 -0.7487
vn 0.1994 0.9776 0.0669
vn 1.0000 -0.0029 0.0087
vn 0.9999 -0.0033 0.0147
vn 1.0000 -0.0028 0.0087
vn 0.9996 -0.0257 0.0131
vn 0.9996 -0.0255 0.0073
vn 0.9996 -0.0258 0.0132
vn 0.9996 -0.0184 0.0217
vn 0.9996 -0.0231 0.0185
vn 0.9996 -0.0182 0.0220
vn 0.9998 -0.0220 0.0022
vn 0.9997 -0.0254 0.0070
vn 0.9996 -0.0255 0.0075
vn 0.9999 -0.0168 -0.0003
vn 0.9998 -0.0220 0.0020
vn 1.0000 -0.0056 0.0033
vn 1.0000 -0.0058 0.0031
vn 0.9996 -0.0182 0.0218
vn 0.9997 -0.0124 0.0223
vn 0.9997 -0.0122 0.0223
vn 0.9999 -0.0105 -0.0001
vn 0.9999 -0.0111 -0.0002
vn 0.9998 -0.0067 0.0197
vn 0.9999 -0.0107 0.0001
vn 0.9999 -0.0167 -0.0005
vn 0.9996 -0.0258 0.0131
vn 0.9999 -0.0167 -0.0003
vn 0.9999 -0.0037 0.0146
vn 1.0000 -0.0032 0.0087
vn 1.0000 -0.0031 0.0086
vn 0.9996 -0.0232 0.0184
vn 0.9998 -0.0068 0.0198
vn 0.9997 -0.0122 0.0222
vn 0.9998 -0.0068 0.0196
vn 1.0000 -0.0057 0.0033
vn 1.0000 -0.0058 0.0032
vn 0.9999 -0.0032 0.0148
vn 0.9999 -0.0107 -0.0000
vn 0.9996 -0.0231 0.0188
vn 0.9999 -0.0035 0.0146
vn 0.9997 -0.0253 0.0071
vn 0.9997 -0.0222 0.0024
vn 0.9998 -0.0219 0.0021
vn 0.0813 0.0629 -0.9947
vn 0.3348 0.2959 -0.8946
vn 0.3206 0.0539 -0.9457
vn 0.0014 -0.9468 -0.3219
vn 0.2725 -0.8029 -0.5301
vn 0.2669 -0.9137 -0.3065
vn 0.0085 -0.8315 -0.5555
vn 0.2814 -0.6377 -0.7171
vn 0.1200 0.1889 0.9746
vn 0.3476 0.4055 0.8455
vn 0.1402 0.4333 0.8903
vn 0.0168 -0.8974 0.4409
vn 0.2816 -0.7245 0.6291
vn 0.0327 -0.7527 0.6575
vn 0.2931 -0.5367 0.7912
vn 0.0524 -0.5572 0.8287
vn 0.0380 -0.4428 -0.8958
vn 0.3063 -0.1937 -0.9320
vn 0.2930 -0.4297 -0.8541
vn 0.1264 0.5490 -0.8262
vn 0.3590 0.6990 -0.6184
vn 0.3478 0.5158 -0.7829
vn 0.1717 0.9663 -0.1919
vn 0.3745 0.9250 0.0642
vn 0.3727 0.9103 -0.1801
vn 0.0585 -0.1966 -0.9787
vn 0.3586 0.6083 0.7081
vn 0.1567 0.6478 0.7455
vn 0.3672 0.7689 0.5234
vn 0.1692 0.8175 0.5504
vn 0.0209 -0.6597 -0.7513
vn 0.0059 -0.9810 0.1941
vn 0.2726 -0.8640 0.4232
vn 0.3064 -0.3139 0.8987
vn 0.0745 -0.3239 0.9431
vn 0.1767 0.9820 0.0661
vn 0.3726 0.8768 0.3040
vn 0.3204 -0.0715 0.9446
vn 0.0974 -0.0694 0.9928
vn 0.1458 0.7427 -0.6536
vn 0.3674 0.8334 -0.4128
vn 0.1760 0.9311 0.3194
vn 0.2650 -0.9623 -0.0614
vn 0.0007 -0.9978 -0.0664
vn 0.3345 0.1738 0.9262
vn 0.1044 0.3172 -0.9426
vn 0.2670 -0.9453 0.1876
vn 0.1612 0.8849 -0.4371
vn 0.9949 -0.0709 0.0723
vn 0.7104 -0.5355 0.4567
vn 0.9902 -0.1130 0.0819
vn 0.7149 -0.4001 0.5735
vn 0.9952 0.0678 0.0700
vn 0.7450 0.4255 0.5137
vn 0.9975 0.0250 0.0661
vn 0.7497 0.5414 0.3806
vn 0.9874 0.1393 -0.0752
vn 0.7507 0.4907 -0.4423
vn 0.7537 0.5876 -0.2942
vn 0.9955 -0.0791 -0.0529
vn 0.7114 -0.5922 -0.3785
vn 0.7162 -0.4731 -0.5131
vn 0.9770 -0.1940 0.0889
vn 0.7058 -0.6947 0.1387
vn 0.9483 -0.3110 0.0629
vn 0.7073 -0.6361 0.3084
vn 0.9981 0.0169 -0.0589
vn 0.7409 0.1999 -0.6411
vn 0.7463 0.3585 -0.5608
vn 0.9980 0.0005 0.0626
vn 0.7331 0.1121 0.6708
vn 0.9980 -0.0162 0.0612
vn 0.7394 0.2792 0.6127
vn 0.9981 -0.0378 -0.0479
vn 0.7219 -0.3231 -0.6119
vn 0.7283 -0.1530 -0.6680
vn 0.9976 -0.0306 0.0622
vn 0.7204 -0.2394 0.6509
vn 0.9967 -0.0470 0.0656
vn 0.7267 -0.0647 0.6839
vn 0.9985 -0.0233 -0.0489
vn 0.7348 0.0254 -0.6778
vn 0.9868 0.1481 0.0660
vn 0.7531 0.6192 0.2224
vn 0.9909 -0.1219 -0.0570
vn 0.7079 -0.6720 -0.2173
vn 0.9973 -0.0545 -0.0494
vn 0.9986 -0.0069 -0.0523
vn 0.9650 0.2611 0.0254
vn 0.7552 0.6432 -0.1265
vn 0.7549 0.6539 0.0496
vn 0.9487 -0.3159 -0.0127
vn 0.9776 -0.2035 -0.0538
vn 0.7060 -0.7070 -0.0407
vn 0.9959 0.0590 -0.0686
vn 0.9653 0.2565 -0.0493
vn -0.0091 -0.1943 -0.9809
vn -0.0206 -0.4413 -0.8971
vn -0.0091 -0.1940 -0.9810
vn -0.0457 -0.9799 0.1941
vn -0.0465 -0.9967 -0.0665
vn -0.0465 -0.9967 -0.0659
vn 0.0442 0.9456 0.3222
vn 0.0466 0.9967 0.0667
vn -0.0307 -0.6584 -0.7520
vn -0.0387 -0.8303 -0.5560
vn -0.0307 -0.6581 -0.7523
vn -0.0387 -0.8302 -0.5561
vn -0.0442 -0.9456 -0.3222
vn 0.0259 0.5558 -0.8309
vn 0.0150 0.3219 -0.9467
vn 0.0259 0.5556 -0.8310
vn 0.0465 0.9967 0.0661
vn 0.0457 0.9798 -0.1945
vn -0.0206 -0.4411 -0.8972
vn 0.0418 0.8962 -0.4417
vn 0.0351 0.7518 -0.6585
vn 0.0418 0.8963 -0.4414
vn 0.0386 0.8301 0.5563
vn 0.0390 0.8298 0.5567
vn -0.0418 -0.8963 0.4416
vn 0.0031 0.0658 -0.9978
vn 0.0031 0.0663 -0.9978
vn 0.0308 0.6577 0.7527
vn 0.0207 0.4411 0.8972
vn 0.0206 0.4409 0.8973
vn -0.0259 -0.5557 0.8310
vn -0.0351 -0.7516 0.6586
vn -0.0351 -0.7515 0.6588
vn 0.0351 0.7516 -0.6587
vn 0.0090 0.1943 0.9809
vn -0.0030 -0.0661 0.9978
vn -0.0030 -0.0663 0.9978
vn -0.0150 -0.3218 0.9467
vn 0.0454 0.9797 -0.1951
vn -0.0259 -0.5556 0.8311
vn 0.0150 0.3218 -0.9467
vn -0.0418 -0.8963 0.4415
vn 0.0308 0.6583 0.7522
vn -0.4189 0.8596 -0.2926
vn 0.3458 0.8883 -0.3023
vn 0.4190 -0.8596 0.2925
vn -0.3458 -0.8883 0.3023
vn 0.9080 0.3967 -0.1350
vn 0.9080 0.3966 -0.1350
vn 0.4190 -0.8596 0.2926
vn 0.9383 -0.3274 0.1114
vn -0.4190 0.8596 -0.2926
vn 0.9383 -0.3273 0.1114
vn -0.9383 0.3273 -0.1114
vn -0.9962 0.0821 -0.0279
vn -0.6432 0.7249 -0.2467
vn -0.9080 -0.3966 0.1350
vn -0.9383 0.3274 -0.1114
vn -0.0867 -0.9431 0.3211
vn -0.7657 -0.6089 0.2073
vn -0.7658 -0.6088 0.2072
vn -0.4190 0.8596 -0.2925
vn 0.0866 0.9431 -0.3210
vn 0.0867 0.9431 -0.3210
vn 0.3457 0.8883 -0.3023
vn 0.9962 -0.0821 0.0279
vn 0.6432 -0.7248 0.2468
vn 0.6432 -0.7249 0.2468
vn -0.9080 -0.3967 0.1350
vn -0.0082 -0.0287 0.9996
vn -0.4947 -0.0142 0.8689
vn 0.8698 -0.0050 -0.4933
vn 0.5070 0.0137 -0.8618
vn 0.5068 0.0137 -0.8619
vn 0.4925 -0.0360 0.8696
vn 0.4928 -0.0360 0.8694
vn 0.0082 0.0287 -0.9996
vn 0.8616 -0.0337 0.5065
vn 0.8617 -0.0337 0.5062
vn -0.4920 0.0360 -0.8699
vn -0.8617 0.0337 -0.5063
vn -0.9994 0.0213 0.0280
vn -0.8614 0.0337 -0.5068
vn 0.8699 -0.0050 -0.4932
vn -0.8699 0.0050 0.4932
vn -0.8699 0.0052 0.4933
vn -0.4931 0.0360 -0.8692
vn -0.9994 0.0212 0.0280
vn 0.7599 0.0124 -0.6500
vn 0.1006 0.0843 -0.9913
vn 0.0983 0.0354 -0.9945
vn -0.0220 -0.9990 -0.0394
vn -0.0221 -0.9990 -0.0393
vn -0.0223 -0.9990 -0.0393
vn 0.9949 -0.0184 0.0997
vn 0.7657 0.0446 -0.6416
vn 0.6318 -0.0340 0.7744
vn -0.0976 -0.0469 0.9941
vn 0.6209 -0.0467 0.7825
vn -0.0975 -0.0278 0.9948
vn -0.7626 -0.0184 0.6467
vn -0.9942 0.0202 -0.1052
vn -0.7710 -0.0074 0.6368
vn -0.6147 0.0390 -0.7878
vn -0.6197 0.0790 -0.7808
vn -0.0997 -0.2810 0.9545
vn 0.6089 -0.2480 0.7535
vn 0.9939 -0.0255 0.1077
vn -0.9951 0.0255 -0.0952
vn -0.7548 -0.1807 0.6306
vn 0.7663 0.3799 -0.5181
vn 0.1101 0.6001 -0.7923
vn -0.1029 -0.4558 0.8841
vn 0.6065 -0.3663 0.7057
vn -0.7567 -0.2852 0.5883
vn -0.6054 0.4872 -0.6293
vn 0.9928 -0.0819 0.0870
vn -0.9935 0.0785 -0.0819
vn -0.1085 -0.6065 0.7876
vn 0.6093 -0.4912 0.6225
vn -0.7685 -0.3833 0.5124
vn 0.7649 0.3874 -0.5146
vn 0.1090 0.6090 -0.7857
vn -0.9931 0.0814 -0.0839
vn 0.9932 -0.0814 0.0836
vn -0.1086 -0.6094 0.7854
vn 0.6129 -0.4914 0.6188
vn -0.7715 -0.3828 0.5082
vn -0.6037 0.4954 -0.6246
vn -0.0866 -0.9431 0.3211
vn -0.9962 0.0820 -0.0279
vn 0.7657 0.6088 -0.2073
vn 0.7657 0.6089 -0.2073
vn 0.9962 -0.0820 0.0279
vn -0.0001 0.3221 0.9467
vn 0.0001 0.3224 0.9466
vn 0.0001 0.3221 0.9467
vn -0.9714 0.2249 -0.0764
vn 0.4792 -0.8309 0.2828
vn 0.9815 0.1813 -0.0617
vn 0.9815 0.1813 -0.0616
vn -0.3616 0.8826 -0.3004
vn -0.9714 0.2249 -0.0765
vn 0.4052 0.8655 -0.2946
vn -0.5200 -0.8086 0.2752
vn -0.0004 0.3078 0.9514
vn 0.7147 0.6621 -0.2254
vn 0.6787 0.6952 -0.2366
vn 0.7147 0.6622 -0.2254
vn -0.6809 0.6933 -0.2360
vn -0.6433 0.7247 -0.2467
vn -0.0005 0.3032 0.9529
vn 0.9997 -0.0224 0.0076
vn 0.9963 0.0818 -0.0278
vn 0.0223 0.9997 0.0054
vn -0.0209 -0.9972 -0.0715
vn -0.0226 -0.9972 -0.0716
vn -0.0403 -0.9935 -0.1065
vn -0.0226 -0.9972 -0.0715
vn -0.0025 -0.9943 -0.1063
vn -0.0001 -0.3222 -0.9467
vn 0.0220 0.9990 0.0401
vn 0.0222 0.9997 0.0127
vn 0.9997 -0.0225 0.0078
vn 0.0009 0.3597 0.9331
vn -0.9997 0.0226 -0.0075
vn 0.0170 0.9049 0.4253
vn 0.0170 0.9049 0.4252
vn -0.9997 0.0229 -0.0075
vn -0.9997 0.0228 -0.0075
vn 0.0009 0.3596 0.9331
vn 0.0091 0.6614 0.7500
vn 0.0091 0.6616 0.7498
vn 0.9997 -0.0226 0.0081
vn -0.0011 -0.3672 -0.9301
vn -0.0000 -0.3231 -0.9464
vn -0.0235 -0.9547 0.2968
vn -0.0236 -0.9484 0.3162
vn -0.0235 -0.9546 0.2969
vn 0.0223 0.9997 0.0053
vn 0.0170 0.9048 0.4254
vn 0.0010 0.3596 0.9331
vn 0.0091 0.6620 0.7495
vn 0.0091 0.6618 0.7497
vn 0.9997 -0.0225 0.0075
vn 0.9997 -0.0225 0.0073
vn 0.9997 -0.0226 0.0072
vn -0.0001 -0.3231 -0.9464
vn 0.0236 0.9464 -0.3222
vn -0.0222 -0.9997 -0.0071
vn -0.0223 -0.9997 -0.0072
vn -0.0189 -0.9505 -0.3102
vn -0.0189 -0.9503 -0.3109
vn -0.0137 -0.8124 -0.5830
vn -0.0073 -0.5976 -0.8018
vn -0.0072 -0.5977 -0.8017
vn -0.0223 -0.9997 -0.0077
vn -0.0189 -0.9505 -0.3103
vn -0.0072 -0.5973 -0.8020
vn -0.0073 -0.5975 -0.8018
vn -0.9997 0.0227 -0.0074
vn 0.9997 -0.0227 0.0075
vn 0.9997 -0.0228 0.0075
vn 0.9076 0.3974 -0.1353
vn -0.8868 0.4375 -0.1489
vn -0.9997 0.0224 -0.0077
vn 0.9997 -0.0214 0.0073
vn 0.9997 -0.0221 0.0074
vn -0.9997 0.0216 -0.0073
vn -0.9997 0.0214 -0.0073
vn 0.9997 -0.0226 0.0074
vn 0.9997 -0.0227 0.0074
vn 0.9997 -0.0226 0.0076
vn -0.9997 0.0226 -0.0081
vn -0.9997 0.0225 -0.0075
vn -0.9997 0.0226 -0.0072
vn -0.9997 0.0226 -0.0073
vn -0.9997 0.0219 -0.0072
vn 0.9997 -0.0216 0.0073
vn 0.9997 -0.0229 0.0075
vn 0.0218 0.9990 0.0394
vn 0.0221 0.9990 0.0393
vn 0.0217 0.9990 0.0394
vn 0.0219 0.9990 0.0393
vn 0.5688 0.4637 0.6793
vn -0.0144 -0.3219 0.9467
vn 0.8839 0.4666 0.0304
vn -0.4484 -0.5085 0.7351
vn -0.4352 -0.4340 -0.7888
vn -0.0102 -0.1185 0.9929
vn -0.0045 -0.4975 -0.8675
vn 0.2651 -0.7189 0.6426
vn 0.0237 0.9565 -0.2909
vn 0.0160 0.3909 -0.9203
vn 0.4381 0.6657 -0.6041
vn -0.0137 -0.8124 -0.5829
vt 0.480539 0.670771
vt 0.505624 0.661334
vt 0.505624 0.670771
vt 0.028996 0.661333
vt 0.054082 0.670770
vt 0.028996 0.670770
vt 0.380196 0.618909
vt 0.405281 0.629404
vt 0.380196 0.629404
vt 0.355110 0.661334
vt 0.380196 0.670771
vt 0.355110 0.670770
vt 0.756481 0.661334
vt 0.781567 0.670771
vt 0.756481 0.670771
vt 0.304939 0.661333
vt 0.330024 0.670770
vt 0.304939 0.670770
vt 0.706310 0.670771
vt 0.731395 0.661334
vt 0.731395 0.670771
vt 0.254767 0.661333
vt 0.279853 0.670770
vt 0.254767 0.670770
vt 0.656138 0.661334
vt 0.681224 0.670771
vt 0.656138 0.670771
vt 0.204596 0.661333
vt 0.229682 0.670770
vt 0.204596 0.670770
vt 0.605967 0.661334
vt 0.631053 0.670771
vt 0.605967 0.670771
vt 0.154425 0.670770
vt 0.179510 0.661333
vt 0.179510 0.670770
vt 0.555796 0.661334
vt 0.580881 0.670771
vt 0.555796 0.670771
vt 0.104253 0.661333
vt 0.129339 0.670770
vt 0.104253 0.670770
vt 0.530710 0.661334
vt 0.530710 0.670771
vt 0.054082 0.661333
vt 0.079167 0.670770
vt 0.079167 0.604476
vt 0.104253 0.614971
vt 0.079167 0.614971
vt 0.730490 0.674709
vt 0.705435 0.684142
vt 0.705435 0.674709
vt 0.530710 0.604476
vt 0.555796 0.614971
vt 0.530710 0.614971
vt 0.279509 0.674709
vt 0.254454 0.684142
vt 0.254454 0.674709
vt 0.129339 0.604476
vt 0.154425 0.614971
vt 0.129339 0.614971
vt 0.680381 0.674709
vt 0.655326 0.684142
vt 0.655326 0.674709
vt 0.580882 0.614971
vt 0.605967 0.604476
vt 0.605967 0.614971
vt 0.229400 0.674709
vt 0.204345 0.684142
vt 0.204345 0.674709
vt 0.179510 0.604476
vt 0.204596 0.614971
vt 0.179510 0.614971
vt 0.630272 0.674709
vt 0.605217 0.684142
vt 0.605217 0.674709
vt 0.631053 0.614971
vt 0.656139 0.604476
vt 0.656139 0.614971
vt 0.179291 0.674709
vt 0.154236 0.684142
vt 0.154236 0.674709
vt 0.229682 0.604476
vt 0.254767 0.614971
vt 0.229682 0.614971
vt 0.580163 0.674709
vt 0.555108 0.684142
vt 0.555108 0.674709
vt 0.681224 0.614971
vt 0.706310 0.604476
vt 0.706310 0.614971
vt 0.129182 0.674709
vt 0.104127 0.684142
vt 0.104127 0.674709
vt 0.279853 0.614971
vt 0.304939 0.604476
vt 0.304939 0.614971
vt 0.530054 0.674709
vt 0.504999 0.684142
vt 0.504999 0.674709
vt 0.731396 0.614971
vt 0.756481 0.604476
vt 0.756481 0.614971
vt 0.079073 0.674709
vt 0.054018 0.684142
vt 0.054018 0.674709
vt 0.330025 0.604476
vt 0.355110 0.614971
vt 0.330025 0.614971
vt 0.479945 0.674709
vt 0.454890 0.684142
vt 0.454890 0.674709
vt 0.781567 0.604476
vt 0.806653 0.614971
vt 0.781567 0.614971
vt 0.028964 0.674709
vt 0.003909 0.684142
vt 0.003909 0.674709
vt 0.380196 0.604476
vt 0.405282 0.614971
vt 0.380196 0.614971
vt 0.429836 0.674709
vt 0.404781 0.684142
vt 0.404781 0.674709
vt 0.028964 0.726490
vt 0.003909 0.717058
vt 0.028964 0.717058
vt 0.003910 0.594092
vt 0.028996 0.583870
vt 0.028996 0.594092
vt 0.805653 0.695487
vt 0.780599 0.705713
vt 0.780599 0.695487
vt 0.455453 0.583870
vt 0.480539 0.594093
vt 0.455453 0.594092
vt 0.429836 0.726490
vt 0.404781 0.717058
vt 0.429836 0.717058
vt 0.079167 0.661333
vt 0.054082 0.618909
vt 0.079167 0.629404
vt 0.054082 0.629404
vt 0.505624 0.618910
vt 0.530710 0.629404
vt 0.505624 0.629404
vt 0.154425 0.661333
vt 0.104253 0.618909
vt 0.129339 0.629404
vt 0.104253 0.629404
vt 0.580881 0.661334
vt 0.555796 0.618910
vt 0.580881 0.629404
vt 0.555796 0.629404
vt 0.154425 0.618909
vt 0.179510 0.629404
vt 0.154425 0.629404
vt 0.605967 0.618910
vt 0.631053 0.629404
vt 0.605967 0.629404
vt 0.229682 0.661333
vt 0.204596 0.618909
vt 0.229682 0.629404
vt 0.204596 0.629404
vt 0.681224 0.661334
vt 0.656138 0.618910
vt 0.681224 0.629404
vt 0.656138 0.629404
vt 0.279853 0.661333
vt 0.254767 0.618909
vt 0.279853 0.629404
vt 0.254767 0.629404
vt 0.706310 0.618910
vt 0.731395 0.629404
vt 0.706310 0.629404
vt 0.330024 0.661333
vt 0.304939 0.618909
vt 0.330024 0.629404
vt 0.304939 0.629404
vt 0.781567 0.661334
vt 0.806652 0.670771
vt 0.756481 0.618910
vt 0.781567 0.629404
vt 0.756481 0.629404
vt 0.380196 0.661334
vt 0.405281 0.670771
vt 0.355110 0.618909
vt 0.355110 0.629404
vt 0.028996 0.650010
vt 0.054082 0.639788
vt 0.054082 0.650010
vt 0.028996 0.629404
vt 0.480539 0.650010
vt 0.505624 0.639788
vt 0.505624 0.650010
vt 0.480539 0.618910
vt 0.480539 0.629404
vt 0.430367 0.650010
vt 0.455453 0.639788
vt 0.455453 0.650010
vt 0.430367 0.618909
vt 0.455453 0.629404
vt 0.430367 0.629404
vt 0.379727 0.695487
vt 0.354672 0.705713
vt 0.354672 0.695487
vt 0.379727 0.684142
vt 0.379727 0.674709
vt 0.329618 0.695487
vt 0.304563 0.705713
vt 0.304563 0.695487
vt 0.354672 0.674709
vt 0.329618 0.684142
vt 0.329618 0.674709
vt 0.755544 0.705713
vt 0.755544 0.695487
vt 0.805653 0.674709
vt 0.780599 0.684142
vt 0.780599 0.674709
vt 0.329618 0.705713
vt 0.454890 0.726490
vt 0.454890 0.717058
vt 0.479945 0.726490
vt 0.479945 0.717058
vt 0.054018 0.726490
vt 0.054018 0.717058
vt 0.079073 0.726490
vt 0.079073 0.717058
vt 0.504999 0.726490
vt 0.504999 0.717058
vt 0.530054 0.726490
vt 0.530054 0.717058
vt 0.104127 0.726490
vt 0.104127 0.717058
vt 0.129182 0.726490
vt 0.129182 0.717058
vt 0.555108 0.726490
vt 0.555108 0.717058
vt 0.580163 0.726490
vt 0.580163 0.717058
vt 0.154236 0.726490
vt 0.154236 0.717058
vt 0.179291 0.726490
vt 0.179291 0.717058
vt 0.605217 0.726490
vt 0.605217 0.717058
vt 0.630272 0.726490
vt 0.630272 0.717058
vt 0.204345 0.726490
vt 0.204345 0.717058
vt 0.229400 0.726490
vt 0.229400 0.717058
vt 0.655326 0.726490
vt 0.655326 0.717058
vt 0.680381 0.726490
vt 0.680381 0.717058
vt 0.254454 0.726490
vt 0.254454 0.717058
vt 0.279509 0.726490
vt 0.279509 0.717058
vt 0.705435 0.726490
vt 0.705435 0.717058
vt 0.730490 0.726490
vt 0.730490 0.717058
vt 0.304563 0.726490
vt 0.304563 0.717058
vt 0.380196 0.563110
vt 0.405282 0.572547
vt 0.380196 0.572547
vt 0.755544 0.726490
vt 0.755544 0.717058
vt 0.430367 0.594092
vt 0.430367 0.604476
vt 0.430367 0.614971
vt 0.505624 0.583870
vt 0.505624 0.594093
vt 0.455453 0.614971
vt 0.480539 0.604476
vt 0.480539 0.614971
vt 0.054082 0.583870
vt 0.054082 0.594092
vt 0.003910 0.604476
vt 0.028996 0.614971
vt 0.003910 0.614971
vt 0.781567 0.563110
vt 0.806653 0.572547
vt 0.781567 0.572547
vt 0.355110 0.563110
vt 0.355110 0.572547
vt 0.330025 0.563110
vt 0.330025 0.572547
vt 0.756481 0.563110
vt 0.756481 0.572547
vt 0.731396 0.563110
vt 0.731396 0.572547
vt 0.304939 0.563110
vt 0.304939 0.572547
vt 0.279853 0.563110
vt 0.279853 0.572547
vt 0.706310 0.563110
vt 0.706310 0.572547
vt 0.681224 0.563110
vt 0.681224 0.572547
vt 0.254767 0.563110
vt 0.254767 0.572547
vt 0.229682 0.563110
vt 0.229682 0.572547
vt 0.656139 0.563110
vt 0.656139 0.572547
vt 0.631053 0.563110
vt 0.631053 0.572547
vt 0.204596 0.563110
vt 0.204596 0.572547
vt 0.179510 0.563110
vt 0.179510 0.572547
vt 0.605967 0.563110
vt 0.605967 0.572547
vt 0.580882 0.563110
vt 0.580882 0.572547
vt 0.154425 0.563110
vt 0.154425 0.572547
vt 0.129339 0.563110
vt 0.129339 0.572547
vt 0.555796 0.563110
vt 0.555796 0.572547
vt 0.530710 0.563110
vt 0.530710 0.572547
vt 0.104253 0.563110
vt 0.104253 0.572547
vt 0.079167 0.563110
vt 0.079167 0.572547
vt 0.505624 0.563110
vt 0.505624 0.572547
vt 0.405282 0.594092
vt 0.430367 0.583870
vt 0.054082 0.563110
vt 0.054082 0.572547
vt 0.368863 0.949380
vt 0.344588 0.941110
vt 0.368863 0.941110
vt 0.805803 0.949381
vt 0.781529 0.941111
vt 0.805803 0.941111
vt 0.465961 0.949380
vt 0.441686 0.941110
vt 0.465961 0.941110
vt 0.417412 0.941110
vt 0.393137 0.949380
vt 0.393137 0.941110
vt 0.854352 0.949381
vt 0.830077 0.941111
vt 0.854352 0.941111
vt 0.514509 0.949380
vt 0.490235 0.941110
vt 0.514509 0.941110
vt 0.126118 0.941110
vt 0.101844 0.949380
vt 0.101844 0.941110
vt 0.563058 0.949381
vt 0.538784 0.941110
vt 0.563058 0.941110
vt 0.174667 0.949380
vt 0.150393 0.941110
vt 0.174667 0.941110
vt 0.611607 0.949381
vt 0.587333 0.941110
vt 0.611607 0.941110
vt 0.223216 0.941110
vt 0.198941 0.949380
vt 0.198941 0.941110
vt 0.660156 0.949381
vt 0.635882 0.941110
vt 0.660156 0.941110
vt 0.271765 0.949380
vt 0.247490 0.941110
vt 0.271765 0.941110
vt 0.708705 0.941110
vt 0.684431 0.949381
vt 0.684431 0.941110
vt 0.320314 0.949380
vt 0.296039 0.941110
vt 0.320314 0.941110
vt 0.757254 0.941111
vt 0.732980 0.949381
vt 0.732980 0.941111
vt 0.758272 0.873210
vt 0.733126 0.861102
vt 0.758272 0.861102
vt 0.406232 0.873209
vt 0.381087 0.861102
vt 0.406233 0.861102
vt 0.355941 0.873209
vt 0.330796 0.861102
vt 0.355941 0.861102
vt 0.808563 0.873210
vt 0.783417 0.861102
vt 0.808563 0.861102
vt 0.456524 0.873209
vt 0.431378 0.861102
vt 0.456524 0.861102
vt 0.054193 0.873209
vt 0.029048 0.861102
vt 0.054193 0.861102
vt 0.506815 0.873210
vt 0.481670 0.861102
vt 0.506815 0.861102
vt 0.104485 0.873209
vt 0.079339 0.861102
vt 0.104485 0.861102
vt 0.557106 0.873210
vt 0.531961 0.861102
vt 0.557106 0.861102
vt 0.154776 0.873209
vt 0.129630 0.861102
vt 0.154776 0.861102
vt 0.607398 0.873210
vt 0.582252 0.861102
vt 0.607398 0.861102
vt 0.205067 0.873209
vt 0.179922 0.861102
vt 0.205067 0.861102
vt 0.657689 0.873210
vt 0.632543 0.861102
vt 0.657689 0.861102
vt 0.255358 0.873209
vt 0.230213 0.861102
vt 0.255359 0.861102
vt 0.707980 0.873210
vt 0.682835 0.861102
vt 0.707980 0.861102
vt 0.305650 0.873209
vt 0.280504 0.861102
vt 0.305650 0.861102
vt 0.475212 0.911140
vt 0.460502 0.901103
vt 0.475212 0.901103
vt 0.310216 0.953305
vt 0.334200 0.958611
vt 0.310216 0.958610
vt 0.693959 0.953305
vt 0.717943 0.958611
vt 0.693959 0.958611
vt 0.262248 0.953305
vt 0.286232 0.958610
vt 0.262248 0.958610
vt 0.645991 0.953305
vt 0.669975 0.958611
vt 0.645991 0.958611
vt 0.214280 0.953305
vt 0.238264 0.958610
vt 0.214280 0.958610
vt 0.598023 0.953305
vt 0.622007 0.958611
vt 0.598023 0.958611
vt 0.166312 0.953305
vt 0.190296 0.958610
vt 0.166312 0.958610
vt 0.550055 0.953305
vt 0.574039 0.958611
vt 0.550055 0.958611
vt 0.118344 0.953305
vt 0.142328 0.958610
vt 0.118344 0.958610
vt 0.454120 0.953305
vt 0.478104 0.958611
vt 0.454120 0.958611
vt 0.502087 0.953305
vt 0.526071 0.958611
vt 0.502087 0.958611
vt 0.070376 0.953305
vt 0.094360 0.958610
vt 0.070376 0.958610
vt 0.406152 0.953305
vt 0.430136 0.958611
vt 0.406152 0.958611
vt 0.813879 0.953305
vt 0.789895 0.958611
vt 0.789895 0.953305
vt 0.358184 0.953305
vt 0.382168 0.958611
vt 0.358184 0.958611
vt 0.741927 0.953305
vt 0.765911 0.958611
vt 0.741927 0.958611
vt 0.151280 0.730502
vt 0.175843 0.748960
vt 0.151280 0.748960
vt 0.544291 0.730502
vt 0.568854 0.748960
vt 0.544291 0.748960
vt 0.102154 0.730502
vt 0.126717 0.748960
vt 0.102154 0.748960
vt 0.495164 0.730502
vt 0.519727 0.748960
vt 0.495164 0.748960
vt 0.053028 0.730502
vt 0.077591 0.748960
vt 0.053028 0.748960
vt 0.396912 0.730502
vt 0.421475 0.748960
vt 0.396912 0.748960
vt 0.446038 0.730502
vt 0.470601 0.748960
vt 0.446038 0.748960
vt 0.003902 0.730502
vt 0.028465 0.748960
vt 0.003902 0.748960
vt 0.347786 0.730502
vt 0.372349 0.748960
vt 0.347786 0.748960
vt 0.740796 0.730502
vt 0.765359 0.748960
vt 0.740796 0.748960
vt 0.298659 0.730502
vt 0.323222 0.748960
vt 0.298659 0.748960
vt 0.691669 0.730502
vt 0.716233 0.748960
vt 0.691669 0.748960
vt 0.249533 0.730502
vt 0.274096 0.748960
vt 0.249533 0.748960
vt 0.642543 0.730502
vt 0.667106 0.748960
vt 0.642543 0.748960
vt 0.200407 0.730502
vt 0.224970 0.748960
vt 0.200407 0.748960
vt 0.593417 0.730502
vt 0.617980 0.748960
vt 0.593417 0.748960
vt 0.210426 0.911140
vt 0.195715 0.901103
vt 0.210426 0.901103
vt 0.431081 0.911140
vt 0.445792 0.901103
vt 0.445792 0.911140
vt 0.181005 0.911140
vt 0.166295 0.901103
vt 0.181005 0.901103
vt 0.386950 0.911140
vt 0.372240 0.901103
vt 0.386950 0.901103
vt 0.416371 0.911140
vt 0.401660 0.901103
vt 0.416371 0.901103
vt 0.622316 0.911140
vt 0.607605 0.901103
vt 0.622316 0.901103
vt 0.357529 0.911140
vt 0.342819 0.901103
vt 0.357529 0.901103
vt 0.592895 0.911140
vt 0.578185 0.901103
vt 0.592895 0.901103
vt 0.313398 0.911140
vt 0.328109 0.901103
vt 0.328109 0.911140
vt 0.563474 0.911140
vt 0.548764 0.901103
vt 0.563474 0.901103
vt 0.283978 0.911140
vt 0.298688 0.901103
vt 0.298688 0.911140
vt 0.534054 0.911140
vt 0.519343 0.901103
vt 0.534054 0.901103
vt 0.269267 0.911140
vt 0.254557 0.901103
vt 0.269267 0.901103
vt 0.504633 0.911140
vt 0.489923 0.901103
vt 0.504633 0.901103
vt 0.239846 0.911140
vt 0.225136 0.901103
vt 0.239846 0.901103
vt 0.927952 0.478123
vt 0.960938 0.524116
vt 0.919782 0.490356
vt 0.909382 0.500759
vt 0.922256 0.555875
vt 0.897152 0.508934
vt 0.883562 0.514565
vt 0.874365 0.570412
vt 0.869135 0.517437
vt 0.854424 0.517440
vt 0.824555 0.565516
vt 0.839996 0.514572
vt 0.826405 0.508945
vt 0.780412 0.541931
vt 0.814172 0.500774
vt 0.803769 0.490374
vt 0.748653 0.503248
vt 0.795594 0.478144
vt 0.789962 0.464555
vt 0.734116 0.455357
vt 0.787090 0.450127
vt 0.787088 0.435417
vt 0.739012 0.405548
vt 0.789955 0.420989
vt 0.795583 0.407397
vt 0.762597 0.361404
vt 0.803753 0.395165
vt 0.814153 0.384761
vt 0.801279 0.329646
vt 0.826383 0.376587
vt 0.839973 0.370955
vt 0.849171 0.315108
vt 0.854400 0.368083
vt 0.869111 0.368081
vt 0.898980 0.320005
vt 0.883539 0.370948
vt 0.897130 0.376575
vt 0.943124 0.343589
vt 0.909363 0.384746
vt 0.919766 0.395146
vt 0.974882 0.382272
vt 0.927941 0.407376
vt 0.933573 0.420966
vt 0.989420 0.430163
vt 0.936445 0.435393
vt 0.936447 0.450103
vt 0.984523 0.479972
vt 0.933580 0.464531
vt 0.730972 0.387805
vt 0.554486 0.396949
vt 0.554486 0.387805
vt 0.730972 0.406093
vt 0.730972 0.396949
vt 0.730972 0.424231
vt 0.554486 0.415194
vt 0.730972 0.415195
vt 0.730972 0.333241
vt 0.554486 0.324140
vt 0.730972 0.324140
vt 0.554486 0.342385
vt 0.554486 0.333241
vt 0.730972 0.342386
vt 0.554486 0.351530
vt 0.730972 0.360631
vt 0.554486 0.369667
vt 0.554486 0.360631
vt 0.549848 0.378704
vt 0.554486 0.378704
vt 0.554486 0.406093
vt 0.549848 0.396949
vt 0.549848 0.387805
vt 0.549848 0.324140
vt 0.545210 0.333241
vt 0.545210 0.324140
vt 0.554486 0.424231
vt 0.549848 0.415194
vt 0.549848 0.351530
vt 0.549848 0.342385
vt 0.549848 0.369667
vt 0.549848 0.360631
vt 0.545210 0.378704
vt 0.549848 0.333241
vt 0.545210 0.369667
vt 0.545210 0.360631
vt 0.540573 0.387805
vt 0.003903 0.396949
vt 0.003903 0.387805
vt 0.540573 0.333241
vt 0.540573 0.324140
vt 0.545210 0.387805
vt 0.545210 0.342385
vt 0.549848 0.406093
vt 0.545210 0.396949
vt 0.545210 0.351530
vt 0.549848 0.424231
vt 0.545210 0.415194
vt 0.540573 0.342385
vt 0.003903 0.333241
vt 0.545210 0.406093
vt 0.540573 0.396949
vt 0.540573 0.351530
vt 0.545210 0.424231
vt 0.540573 0.415194
vt 0.540573 0.378704
vt 0.540573 0.369667
vt 0.540573 0.360631
vt 0.003903 0.406093
vt 0.095070 0.492020
vt 0.074723 0.501138
vt 0.074723 0.492020
vt 0.263341 0.455635
vt 0.095070 0.446474
vt 0.263341 0.446474
vt 0.003903 0.342385
vt 0.003903 0.424231
vt 0.003903 0.415194
vt 0.263341 0.437356
vt 0.095070 0.428303
vt 0.263341 0.428303
vt 0.003903 0.378704
vt 0.003903 0.324140
vt 0.003903 0.360631
vt 0.443232 0.428303
vt 0.431537 0.544763
vt 0.431541 0.428302
vt 0.263341 0.519460
vt 0.095070 0.510299
vt 0.263341 0.510299
vt 0.263341 0.501138
vt 0.095070 0.501138
vt 0.095070 0.464796
vt 0.263341 0.464796
vt 0.107596 0.805107
vt 0.097157 0.815500
vt 0.097157 0.805107
vt 0.525287 0.428308
vt 0.513474 0.544768
vt 0.513475 0.428307
vt 0.263341 0.473914
vt 0.095070 0.482967
vt 0.095070 0.473914
vt 0.263341 0.482967
vt 0.263341 0.492020
vt 0.095070 0.528578
vt 0.263341 0.528578
vt 0.451005 0.548710
vt 0.440566 0.559103
vt 0.440566 0.548710
vt 0.513175 0.548710
vt 0.502736 0.559103
vt 0.502736 0.548710
vt 0.461444 0.559103
vt 0.461444 0.548710
vt 0.544261 0.548710
vt 0.533972 0.559103
vt 0.533972 0.548710
vt 0.492379 0.559103
vt 0.492379 0.548710
vt 0.482090 0.548710
vt 0.471801 0.559103
vt 0.471801 0.548710
vt 0.076361 0.805107
vt 0.066072 0.815500
vt 0.066072 0.805107
vt 0.430208 0.559103
vt 0.430208 0.548709
vt 0.045426 0.805107
vt 0.034988 0.815500
vt 0.034988 0.805107
vt 0.024549 0.805107
vt 0.024549 0.815500
vt 0.086718 0.805107
vt 0.014192 0.805107
vt 0.014192 0.815500
vt 0.055784 0.805107
vt 0.055784 0.815500
vt 0.117953 0.805107
vt 0.107596 0.815500
vt 0.501782 0.544767
vt 0.501784 0.428307
vt 0.548791 0.428309
vt 0.537098 0.544769
vt 0.537099 0.428308
vt 0.466856 0.428305
vt 0.455041 0.544765
vt 0.455044 0.428304
vt 0.525286 0.544769
vt 0.443228 0.544764
vt 0.490166 0.428306
vt 0.478545 0.544766
vt 0.478548 0.428305
vt 0.523614 0.559103
vt 0.513175 0.559103
vt 0.730972 0.378704
vt 0.074723 0.464796
vt 0.054376 0.455635
vt 0.074723 0.455635
vt 0.074723 0.473914
vt 0.095070 0.455635
vt 0.074723 0.446474
vt 0.074723 0.537631
vt 0.074723 0.528578
vt 0.074723 0.510299
vt 0.074723 0.437356
vt 0.095070 0.437356
vt 0.074723 0.519459
vt 0.054376 0.528578
vt 0.034029 0.537631
vt 0.034029 0.528578
vt 0.054376 0.437356
vt 0.054376 0.519459
vt 0.054376 0.510299
vt 0.054376 0.501138
vt 0.054376 0.492020
vt 0.074723 0.482967
vt 0.054376 0.473914
vt 0.054376 0.446474
vt 0.054376 0.537631
vt 0.416014 0.492316
vt 0.267249 0.481718
vt 0.416014 0.481716
vt 0.034029 0.510299
vt 0.034029 0.501138
vt 0.054376 0.464796
vt 0.034029 0.455635
vt 0.034029 0.437356
vt 0.034029 0.519459
vt 0.034029 0.492020
vt 0.054376 0.482967
vt 0.034029 0.473914
vt 0.034029 0.446474
vt 0.416014 0.460313
vt 0.267250 0.449590
vt 0.416014 0.449586
vt 0.416012 0.556321
vt 0.267248 0.545721
vt 0.416012 0.545721
vt 0.416013 0.513592
vt 0.267249 0.524319
vt 0.267249 0.513593
vt 0.416014 0.471039
vt 0.267249 0.460316
vt 0.267250 0.438913
vt 0.416014 0.438909
vt 0.416013 0.535044
vt 0.416013 0.524318
vt 0.267249 0.502917
vt 0.416013 0.502915
vt 0.003903 0.501138
vt 0.003903 0.492020
vt 0.003903 0.510299
vt 0.003903 0.446474
vt 0.003903 0.437356
vt 0.003903 0.464796
vt 0.003903 0.455635
vt 0.003903 0.537631
vt 0.003903 0.528578
vt 0.003903 0.482967
vt 0.003903 0.473914
vt 0.171006 0.551234
vt 0.181450 0.541711
vt 0.181450 0.551234
vt 0.056128 0.551234
vt 0.045684 0.541711
vt 0.056128 0.541711
vt 0.949694 0.559722
vt 0.934871 0.556379
vt 0.940726 0.548449
vt 0.965925 0.553602
vt 0.958158 0.539706
vt 0.968035 0.539706
vt 0.066571 0.551234
vt 0.077014 0.541711
vt 0.077014 0.551234
vt 0.160563 0.551234
vt 0.150119 0.541711
vt 0.160563 0.541711
vt 0.957049 0.554564
vt 0.948737 0.542715
vt 0.809564 0.831311
vt 0.809564 0.727102
vt 0.836151 0.779278
vt 0.925021 0.831311
vt 0.859704 0.785589
vt 0.861395 0.779278
vt 0.668522 0.428309
vt 0.564314 0.543767
vt 0.564314 0.428309
vt 0.348332 0.857118
vt 0.244124 0.857118
vt 0.296299 0.804740
vt 0.244124 0.752909
vt 0.348332 0.752909
vt 0.296299 0.779497
vt 0.456446 0.752910
vt 0.352237 0.857119
vt 0.352238 0.752910
vt 0.683670 0.443505
vt 0.672420 0.547713
vt 0.672421 0.443505
vt 0.568212 0.558963
vt 0.683670 0.558962
vt 0.236354 0.805111
vt 0.132145 0.816360
vt 0.132145 0.805111
vt 0.940171 0.741905
vt 0.928922 0.846113
vt 0.928921 0.741905
vt 0.824713 0.857363
vt 0.940171 0.857363
vt 0.687380 0.764160
vt 0.791589 0.752911
vt 0.791589 0.764160
vt 0.003907 0.293960
vt 0.010441 0.282711
vt 0.010441 0.293960
vt 0.067725 0.293960
vt 0.062710 0.282711
vt 0.069243 0.282711
vt 0.023508 0.293960
vt 0.016974 0.282711
vt 0.023508 0.282711
vt 0.030041 0.293960
vt 0.030042 0.282711
vt 0.036575 0.293960
vt 0.036575 0.282711
vt 0.043109 0.282711
vt 0.049642 0.293960
vt 0.049642 0.282711
vt 0.056176 0.293960
vt 0.056176 0.282711
vt 0.075777 0.293960
vt 0.082310 0.282711
vt 0.082310 0.293960
vt 0.069902 0.293960
vt 0.069243 0.293960
vt 0.003905 0.006154
vt 0.003905 0.004039
vt 0.004142 0.005539
vt 0.992788 0.660709
vt 0.989484 0.898473
vt 0.989484 0.660709
vt 0.979647 0.660709
vt 0.982944 0.898473
vt 0.979647 0.898473
vt 0.982944 0.660709
vt 0.986206 0.898473
vt 0.992788 0.898473
vt 0.996090 0.660709
vt 0.996090 0.898473
vt 0.963265 0.660709
vt 0.966522 0.898473
vt 0.963265 0.898473
vt 0.969792 0.660709
vt 0.969792 0.898473
vt 0.973058 0.898473
vt 0.976342 0.660709
vt 0.976342 0.898473
vt 0.951297 0.902309
vt 0.976894 0.964102
vt 0.942566 0.904647
vt 0.990143 0.941153
vt 0.960336 0.902309
vt 0.969067 0.904647
vt 0.033448 0.792552
vt 0.023602 0.801209
vt 0.023602 0.792552
vt 0.210678 0.781058
vt 0.200832 0.764401
vt 0.210678 0.764401
vt 0.190986 0.764401
vt 0.181139 0.781058
vt 0.181139 0.764401
vt 0.171293 0.781058
vt 0.161447 0.764401
vt 0.171293 0.764401
vt 0.131909 0.792552
vt 0.141755 0.801209
vt 0.131909 0.801209
vt 0.921491 0.932115
vt 0.951297 0.970962
vt 0.942566 0.968623
vt 0.141755 0.792552
vt 0.151601 0.801209
vt 0.092524 0.781058
vt 0.082679 0.764401
vt 0.092524 0.764401
vt 0.960335 0.970961
vt 0.934738 0.909166
vt 0.969066 0.968622
vt 0.968430 0.601439
vt 0.960685 0.587535
vt 0.969562 0.586583
vt 0.129232 0.551234
vt 0.118789 0.541711
vt 0.129232 0.541711
vt 0.034029 0.482967
vt 0.267249 0.492317
vt 0.730972 0.369667
vt 0.490164 0.544767
vt 0.045426 0.815500
vt 0.003903 0.369667
vt 0.931916 0.575597
vt 0.945867 0.567883
vt 0.947052 0.576817
vt 0.097901 0.551234
vt 0.108345 0.541711
vt 0.108345 0.551234
vt 0.034029 0.464796
vt 0.267250 0.471042
vt 0.466854 0.544766
vt 0.086718 0.815500
vt 0.482090 0.559103
vt 0.003903 0.351530
vt 0.730972 0.351530
vt 0.974097 0.557196
vt 0.977458 0.542661
vt 0.985545 0.548355
vt 0.202337 0.551234
vt 0.212780 0.541711
vt 0.212780 0.551234
vt 0.003903 0.519459
vt 0.267248 0.535045
vt 0.095070 0.519459
vt 0.560409 0.428309
vt 0.548790 0.544770
vt 0.003903 0.805107
vt 0.003903 0.815500
vt 0.419920 0.548709
vt 0.419920 0.559103
vt 0.095070 0.537631
vt 0.263341 0.537631
vt 0.540573 0.406093
vt 0.941049 0.592784
vt 0.952509 0.583949
vt 0.024797 0.551234
vt 0.014354 0.541711
vt 0.024797 0.541711
vt 0.034029 0.428303
vt 0.003903 0.428303
vt 0.267250 0.428314
vt 0.416014 0.428310
vt 0.054376 0.428303
vt 0.074723 0.428303
vt 0.128242 0.815500
vt 0.128242 0.805107
vt 0.523614 0.548710
vt 0.419918 0.544762
vt 0.419923 0.428301
vt 0.003903 0.315103
vt 0.540573 0.315104
vt 0.545210 0.315104
vt 0.554486 0.315104
vt 0.549848 0.315104
vt 0.730972 0.315104
vt 0.964237 0.014645
vt 0.969717 0.023719
vt 0.954968 0.009505
vt 0.944292 0.009505
vt 0.934981 0.014829
vt 0.970111 0.034388
vt 0.965135 0.043889
vt 0.955823 0.049213
vt 0.930004 0.024330
vt 0.945147 0.049212
vt 0.930397 0.034999
vt 0.935877 0.044072
vt 0.033117 0.008291
vt 0.037793 0.016027
vt 0.025210 0.003909
vt 0.038133 0.025125
vt 0.016105 0.003911
vt 0.033891 0.033229
vt 0.008167 0.008455
vt 0.025951 0.037773
vt 0.003924 0.016559
vt 0.016847 0.037776
vt 0.004264 0.025658
vt 0.008940 0.033394
vt 0.102370 0.781058
vt 0.102370 0.764401
vt 0.122063 0.781058
vt 0.112217 0.764401
vt 0.122063 0.764401
vt 0.923830 0.949885
vt 0.934739 0.964104
vt 0.928348 0.957713
vt 0.921491 0.941154
vt 0.923828 0.923384
vt 0.200832 0.781058
vt 0.220524 0.781058
vt 0.220524 0.764401
vt 0.240216 0.781058
vt 0.230370 0.764401
vt 0.240216 0.764401
vt 0.987804 0.923384
vt 0.976894 0.909165
vt 0.983285 0.915556
vt 0.990143 0.932115
vt 0.983285 0.957711
vt 0.112217 0.781058
vt 0.131909 0.781058
vt 0.131909 0.764401
vt 0.122063 0.792552
vt 0.112217 0.801209
vt 0.112217 0.792552
vt 0.151601 0.781058
vt 0.141755 0.764401
vt 0.151601 0.764401
vt 0.053140 0.781058
vt 0.043294 0.764401
vt 0.053140 0.764401
vt 0.062986 0.792552
vt 0.053140 0.801209
vt 0.053140 0.792552
vt 0.003910 0.792552
vt 0.013756 0.801209
vt 0.003910 0.801209
vt 0.033448 0.781058
vt 0.023602 0.764401
vt 0.033448 0.764401
vt 0.082679 0.792552
vt 0.072832 0.801209
vt 0.072832 0.792552
vt 0.013756 0.781058
vt 0.003910 0.764401
vt 0.013756 0.764401
vt 0.230370 0.781058
vt 0.141755 0.781058
vt 0.161447 0.781058
vt 0.043294 0.792552
vt 0.033448 0.801209
vt 0.122063 0.801209
vt 0.082679 0.781058
vt 0.072832 0.764401
vt 0.220524 0.792552
vt 0.230370 0.801209
vt 0.220524 0.801209
vt 0.062986 0.781058
vt 0.062986 0.764401
vt 0.013756 0.792552
vt 0.043294 0.781058
vt 0.023602 0.781058
vt 0.974905 0.503206
vt 0.989424 0.455309
vt 0.984509 0.405502
vt 0.960908 0.361367
vt 0.922213 0.329623
vt 0.874317 0.315104
vt 0.824509 0.320019
vt 0.780374 0.343620
vt 0.748631 0.382315
vt 0.734111 0.430211
vt 0.739026 0.480019
vt 0.762627 0.524154
vt 0.801322 0.555897
vt 0.849219 0.570417
vt 0.899026 0.565502
vt 0.943161 0.541900
vt 0.254557 0.911140
vt 0.519343 0.911140
vt 0.283978 0.901103
vt 0.548764 0.911140
vt 0.313398 0.901103
vt 0.578185 0.911140
vt 0.342819 0.911140
vt 0.607605 0.911140
vt 0.372240 0.911140
vt 0.166295 0.911140
vt 0.151584 0.901103
vt 0.431081 0.901103
vt 0.401660 0.911140
vt 0.195715 0.911140
vt 0.460502 0.911140
vt 0.225136 0.911140
vt 0.568854 0.730502
vt 0.175843 0.730502
vt 0.617980 0.730502
vt 0.224970 0.730502
vt 0.667106 0.730502
vt 0.274096 0.730502
vt 0.716233 0.730502
vt 0.323222 0.730502
vt 0.765359 0.730502
vt 0.789922 0.748960
vt 0.421475 0.730502
vt 0.372349 0.730502
vt 0.028465 0.730502
vt 0.470601 0.730502
vt 0.077591 0.730502
vt 0.519727 0.730502
vt 0.126717 0.730502
vt 0.717943 0.953305
vt 0.334200 0.953305
vt 0.765911 0.953305
vt 0.382168 0.953305
vt 0.837863 0.958611
vt 0.813879 0.958611
vt 0.478104 0.953305
vt 0.430136 0.953305
vt 0.094360 0.953305
vt 0.526071 0.953305
vt 0.142328 0.953305
vt 0.574039 0.953305
vt 0.190296 0.953305
vt 0.622007 0.953305
vt 0.238264 0.953305
vt 0.669975 0.953305
vt 0.286232 0.953305
vt 0.489923 0.911140
vt 0.330795 0.873209
vt 0.733126 0.873210
vt 0.280504 0.873209
vt 0.682835 0.873210
vt 0.230213 0.873209
vt 0.632543 0.873210
vt 0.179922 0.873209
vt 0.582252 0.873210
vt 0.129630 0.873209
vt 0.531961 0.873210
vt 0.079339 0.873209
vt 0.481669 0.873210
vt 0.029048 0.873209
vt 0.003902 0.861102
vt 0.381087 0.873209
vt 0.431378 0.873209
vt 0.783417 0.873210
vt 0.757254 0.949381
vt 0.344588 0.949380
vt 0.708705 0.949381
vt 0.296039 0.949380
vt 0.247490 0.949380
vt 0.635882 0.949381
vt 0.126118 0.949380
vt 0.538784 0.949381
vt 0.077569 0.941110
vt 0.417412 0.949380
vt 0.490235 0.949380
vt 0.830077 0.949381
vt 0.054082 0.604476
vt 0.054082 0.614971
vt 0.028996 0.563110
vt 0.028996 0.572547
vt 0.505624 0.604476
vt 0.505624 0.614971
vt 0.480539 0.563110
vt 0.480539 0.572547
vt 0.079167 0.583870
vt 0.079167 0.594092
vt 0.530710 0.583870
vt 0.530710 0.594093
vt 0.104253 0.594092
vt 0.129339 0.583870
vt 0.129339 0.594092
vt 0.104253 0.604476
vt 0.555796 0.594093
vt 0.580882 0.583870
vt 0.580882 0.594093
vt 0.555796 0.604476
vt 0.154425 0.594092
vt 0.179510 0.583870
vt 0.179510 0.594092
vt 0.154425 0.604476
vt 0.605967 0.583870
vt 0.631053 0.594093
vt 0.605967 0.594093
vt 0.631053 0.604476
vt 0.204596 0.594092
vt 0.229682 0.583870
vt 0.229682 0.594092
vt 0.656139 0.583870
vt 0.681224 0.594093
vt 0.656139 0.594093
vt 0.681224 0.604476
vt 0.254767 0.594092
vt 0.279853 0.583870
vt 0.279853 0.594092
vt 0.254767 0.604476
vt 0.706310 0.594093
vt 0.731396 0.583870
vt 0.731396 0.594093
vt 0.731396 0.604476
vt 0.304939 0.594092
vt 0.330025 0.583870
vt 0.330025 0.594092
vt 0.756481 0.594093
vt 0.781567 0.583870
vt 0.781567 0.594093
vt 0.455453 0.604476
vt 0.430367 0.563110
vt 0.455453 0.572547
vt 0.430367 0.572547
vt 0.355110 0.594092
vt 0.380196 0.583870
vt 0.380196 0.594092
vt 0.355110 0.604476
vt 0.755544 0.684142
vt 0.755544 0.674709
vt 0.780599 0.726490
vt 0.780599 0.717058
vt 0.304563 0.684142
vt 0.304563 0.674709
vt 0.329618 0.726490
vt 0.329618 0.717058
vt 0.730490 0.705713
vt 0.730490 0.695487
vt 0.730490 0.684142
vt 0.279509 0.705713
vt 0.279509 0.695487
vt 0.279509 0.684142
vt 0.705435 0.695487
vt 0.680381 0.705713
vt 0.680381 0.695487
vt 0.680381 0.684142
vt 0.254454 0.695487
vt 0.229400 0.705713
vt 0.229400 0.695487
vt 0.229400 0.684142
vt 0.655326 0.695487
vt 0.630272 0.705713
vt 0.630272 0.695487
vt 0.630272 0.684142
vt 0.204345 0.695487
vt 0.179291 0.705713
vt 0.179291 0.695487
vt 0.179291 0.684142
vt 0.605217 0.695487
vt 0.580163 0.705713
vt 0.580163 0.695487
vt 0.580163 0.684142
vt 0.154236 0.695487
vt 0.129182 0.705713
vt 0.129182 0.695487
vt 0.129182 0.684142
vt 0.555108 0.695487
vt 0.530054 0.705713
vt 0.530054 0.695487
vt 0.530054 0.684142
vt 0.104127 0.695487
vt 0.079073 0.705713
vt 0.079073 0.695487
vt 0.079073 0.684142
vt 0.504999 0.695487
vt 0.479945 0.705713
vt 0.479945 0.695487
vt 0.479945 0.684142
vt 0.054018 0.695487
vt 0.028964 0.705713
vt 0.028964 0.695487
vt 0.028964 0.684142
vt 0.354672 0.684142
vt 0.379727 0.726490
vt 0.354672 0.717058
vt 0.379727 0.717058
vt 0.454890 0.695487
vt 0.429836 0.705713
vt 0.429836 0.695487
vt 0.429836 0.684142
vt 0.355110 0.650010
vt 0.380196 0.639788
vt 0.380196 0.650010
vt 0.781567 0.618910
vt 0.806652 0.629404
vt 0.405281 0.650010
vt 0.430367 0.639788
vt 0.405281 0.661334
vt 0.430367 0.670771
vt 0.756481 0.650010
vt 0.781567 0.639788
vt 0.781567 0.650010
vt 0.330024 0.618909
vt 0.304939 0.650010
vt 0.330024 0.639788
vt 0.330024 0.650010
vt 0.731395 0.618910
vt 0.706310 0.650010
vt 0.731395 0.639788
vt 0.731395 0.650010
vt 0.279853 0.618909
vt 0.254767 0.650010
vt 0.279853 0.639788
vt 0.279853 0.650010
vt 0.681224 0.618910
vt 0.656138 0.650010
vt 0.681224 0.639788
vt 0.681224 0.650010
vt 0.229682 0.618909
vt 0.204596 0.650010
vt 0.229682 0.639788
vt 0.229682 0.650010
vt 0.631053 0.618910
vt 0.605967 0.650010
vt 0.631053 0.639788
vt 0.631053 0.650010
vt 0.179510 0.618909
vt 0.154425 0.650010
vt 0.179510 0.639788
vt 0.179510 0.650010
vt 0.555796 0.650010
vt 0.580881 0.639788
vt 0.580881 0.650010
vt 0.129339 0.618909
vt 0.104253 0.650010
vt 0.129339 0.639788
vt 0.129339 0.650010
vt 0.530710 0.618910
vt 0.530710 0.639788
vt 0.530710 0.650010
vt 0.079167 0.618909
vt 0.079167 0.639788
vt 0.079167 0.650010
vt 0.404781 0.695487
vt 0.379727 0.705713
vt 0.480539 0.639788
vt 0.455453 0.661334
vt 0.455453 0.670771
vt 0.003910 0.650010
vt 0.028996 0.639788
vt 0.003910 0.661333
vt 0.003910 0.670770
vt 0.404781 0.705713
vt 0.405282 0.583870
vt 0.404781 0.726490
vt 0.405282 0.563110
vt 0.003909 0.705713
vt 0.003909 0.695487
vt 0.806653 0.583870
vt 0.806653 0.594092
vt 0.454890 0.705713
vt 0.355110 0.583870
vt 0.054018 0.705713
vt 0.756481 0.583870
vt 0.504999 0.705713
vt 0.304939 0.583870
vt 0.104127 0.705713
vt 0.706310 0.583870
vt 0.555108 0.705713
vt 0.254767 0.583870
vt 0.154236 0.705713
vt 0.631053 0.583870
vt 0.605217 0.705713
vt 0.204596 0.583870
vt 0.204345 0.705713
vt 0.655326 0.705713
vt 0.154425 0.583870
vt 0.555796 0.583870
vt 0.705435 0.705713
vt 0.104253 0.583870
vt 0.354672 0.726490
vt 0.455453 0.563110
vt 0.805653 0.726490
vt 0.805653 0.717058
vt 0.003910 0.563110
vt 0.003910 0.572547
vt 0.003910 0.618909
vt 0.003910 0.629404
vt 0.455453 0.618909
vt 0.104253 0.639788
vt 0.555796 0.639788
vt 0.154425 0.639788
vt 0.605967 0.639788
vt 0.204596 0.639788
vt 0.656138 0.639788
vt 0.254767 0.639788
vt 0.706310 0.639788
vt 0.304939 0.639788
vt 0.756481 0.639788
vt 0.355110 0.639788
vt 0.806652 0.639788
vt 0.806652 0.650010
vt 0.405281 0.618909
vt 0.405281 0.639788
vt 0.951431 0.683759
vt 0.943258 0.695991
vt 0.957060 0.670169
vt 0.959930 0.655741
vt 0.959930 0.641031
vt 0.932856 0.706392
vt 0.920625 0.714565
vt 0.907034 0.720194
vt 0.957060 0.626603
vt 0.892607 0.723064
vt 0.951431 0.613012
vt 0.943258 0.600781
vt 0.863468 0.720194
vt 0.932856 0.590379
vt 0.920625 0.582207
vt 0.837647 0.706392
vt 0.907034 0.576577
vt 0.892607 0.573708
vt 0.819072 0.683759
vt 0.827245 0.695991
vt 0.863469 0.576577
vt 0.877896 0.573707
vt 0.810573 0.655741
vt 0.849878 0.582207
vt 0.810573 0.641031
vt 0.827245 0.600781
vt 0.813443 0.626603
vt 0.819072 0.613012
vt 0.254454 0.705713
vt 0.706310 0.661334
vt 0.805653 0.684142
vt 0.405282 0.604476
vt 0.279853 0.604476
vt 0.204596 0.604476
vt 0.003910 0.639788
vt 0.681224 0.583870
vt 0.480539 0.583870
vt 0.480539 0.661334
vt 0.129339 0.661333
vt 0.631053 0.661334
vt 0.430367 0.661334
vt 0.580882 0.604476
vt 0.028996 0.604476
vt 0.980741 0.573268
vt 0.994662 0.565554
vt 0.994740 0.575403
vt 0.979553 0.564335
vt 0.991465 0.556229
vt 0.976915 0.581427
vt 0.977852 0.598439
vt 0.991710 0.584774
vt 0.949137 0.598471
vt 0.985862 0.592708
vt 0.087458 0.541711
vt 0.087458 0.551234
vt 0.045684 0.551234
vt 0.035241 0.541711
vt 0.191893 0.541711
vt 0.191893 0.551234
vt 0.150119 0.551234
vt 0.139676 0.541711
vt 0.066571 0.541711
vt 0.014354 0.551234
vt 0.003910 0.541711
vt 0.171006 0.541711
vt 0.118789 0.551234
vt 0.957886 0.283692
vt 0.971368 0.270728
vt 0.967332 0.287807
vt 0.934752 0.300172
vt 0.921875 0.286781
vt 0.939150 0.290775
vt 0.970646 0.315676
vt 0.987911 0.319692
vt 0.981122 0.328915
vt 0.948896 0.267305
vt 0.947638 0.284829
vt 0.097901 0.541711
vt 0.139676 0.551234
vt 0.980786 0.277382
vt 0.035241 0.551234
vt 0.935121 0.584918
vt 0.973654 0.296002
vt 0.987624 0.286546
vt 0.991335 0.297379
vt 0.942464 0.318646
vt 0.938402 0.335739
vt 0.928980 0.329091
vt 0.962158 0.321624
vt 0.971852 0.335613
vt 0.960877 0.339151
vt 0.202337 0.541711
vt 0.937922 0.270849
vt 0.928658 0.277555
vt 0.918438 0.309093
vt 0.936142 0.310451
vt 0.922143 0.319927
vt 0.951911 0.322761
vt 0.975044 0.306280
vt 0.308921 0.792119
vt 0.307230 0.785808
vt 0.283677 0.792119
vt 0.285368 0.785808
vt 0.307230 0.798429
vt 0.285368 0.798430
vt 0.289988 0.803050
vt 0.302610 0.803049
vt 0.289988 0.781188
vt 0.302610 0.781188
vt 0.842462 0.768347
vt 0.848773 0.766656
vt 0.925021 0.727102
vt 0.853617 0.790601
vt 0.855550 0.789742
vt 0.842462 0.790209
vt 0.848773 0.791900
vt 0.855084 0.768347
vt 0.859704 0.772967
vt 0.837842 0.785589
vt 0.837842 0.772967
vt 0.053140 0.786787
vt 0.062986 0.786787
vt 0.072832 0.752907
vt 0.062986 0.758671
vt 0.062986 0.752907
vt 0.043294 0.786787
vt 0.043294 0.752907
vt 0.053140 0.758671
vt 0.043294 0.758671
vt 0.023602 0.786787
vt 0.033448 0.752907
vt 0.023602 0.758671
vt 0.023602 0.752907
vt 0.033448 0.758671
vt 0.240216 0.792552
vt 0.230370 0.786787
vt 0.240216 0.786787
vt 0.013756 0.752907
vt 0.003910 0.758671
vt 0.003910 0.752907
vt 0.013756 0.758671
vt 0.210678 0.792552
vt 0.220524 0.786787
vt 0.230370 0.752907
vt 0.220524 0.758671
vt 0.220524 0.752907
vt 0.190986 0.792552
vt 0.200832 0.786787
vt 0.200832 0.792552
vt 0.190986 0.781058
vt 0.200832 0.752907
vt 0.210678 0.758671
vt 0.200832 0.758671
vt 0.171293 0.792552
vt 0.181139 0.786787
vt 0.181139 0.792552
vt 0.171293 0.786787
vt 0.181139 0.752907
vt 0.190986 0.758671
vt 0.181139 0.758671
vt 0.161447 0.792552
vt 0.151601 0.786787
vt 0.161447 0.786787
vt 0.161447 0.752907
vt 0.171293 0.758671
vt 0.161447 0.758671
vt 0.141755 0.786787
vt 0.141755 0.752907
vt 0.151601 0.758671
vt 0.141755 0.758671
vt 0.122063 0.786787
vt 0.131909 0.752907
vt 0.122063 0.758671
vt 0.122063 0.752907
vt 0.131909 0.758671
vt 0.092524 0.786787
vt 0.082679 0.786787
vt 0.092524 0.792552
vt 0.112217 0.786787
vt 0.102370 0.786787
vt 0.102370 0.792552
vt 0.112217 0.752907
vt 0.102370 0.758671
vt 0.102370 0.752907
vt 0.112217 0.758671
vt 0.092524 0.752907
vt 0.082679 0.758671
vt 0.082679 0.752907
vt 0.072832 0.786787
vt 0.072832 0.781058
vt 0.053140 0.752907
vt 0.033448 0.786787
vt 0.003910 0.786787
vt 0.013756 0.786787
vt 0.240216 0.758671
vt 0.230370 0.758671
vt 0.230370 0.792552
vt 0.210678 0.752907
vt 0.210678 0.786787
vt 0.190986 0.752907
vt 0.190986 0.786787
vt 0.171293 0.752907
vt 0.151601 0.752907
vt 0.151601 0.792552
vt 0.131909 0.786787
vt 0.092524 0.758671
vt 0.072832 0.758671
vt 0.171293 0.801209
vt 0.161447 0.801209
vt 0.102370 0.801209
vt 0.092524 0.801209
vt 0.181139 0.801209
vt 0.043294 0.801209
vt 0.190986 0.801209
vt 0.062986 0.801209
vt 0.200832 0.801209
vt 0.210678 0.801209
vt 0.082679 0.801209
vt 0.240216 0.801209
vt 0.564637 0.310104
vt 0.571360 0.307304
vt 0.571360 0.310104
vt 0.531018 0.310104
vt 0.537741 0.307304
vt 0.537741 0.310104
vt 0.557913 0.310104
vt 0.564637 0.307304
vt 0.517570 0.310104
vt 0.510846 0.307304
vt 0.517570 0.307304
vt 0.463780 0.310104
vt 0.470503 0.307304
vt 0.470503 0.310104
vt 0.490674 0.310104
vt 0.483951 0.307304
vt 0.490674 0.307304
vt 0.443608 0.310104
vt 0.450332 0.307304
vt 0.450332 0.310104
vt 0.544465 0.310104
vt 0.551189 0.307304
vt 0.551189 0.310104
vt 0.497398 0.307304
vt 0.497398 0.310104
vt 0.423437 0.310104
vt 0.430160 0.307304
vt 0.430160 0.310104
vt 0.477227 0.310104
vt 0.483951 0.310104
vt 0.436884 0.310104
vt 0.443608 0.307304
vt 0.504122 0.310104
vt 0.510846 0.310104
vt 0.557913 0.307304
vt 0.457056 0.310104
vt 0.463780 0.307304
vt 0.436884 0.307304
vt 0.416713 0.307304
vt 0.423437 0.307304
vt 0.524294 0.310104
vt 0.524294 0.307304
vt 0.477227 0.307304
vt 0.457056 0.307304
vt 0.544465 0.307304
vt 0.416713 0.310104
vt 0.409989 0.307304
vt 0.504122 0.307304
vt 0.531018 0.307304
vt 0.485891 0.834911
vt 0.479503 0.840956
vt 0.479506 0.834911
vt 0.530587 0.834911
vt 0.524197 0.840870
vt 0.524202 0.834911
vt 0.473120 0.840962
vt 0.473120 0.834911
vt 0.575284 0.834911
vt 0.581682 0.840909
vt 0.575295 0.840895
vt 0.607210 0.834911
vt 0.613528 0.840961
vt 0.607213 0.840956
vt 0.600825 0.834911
vt 0.600831 0.840948
vt 0.498661 0.834911
vt 0.492267 0.840937
vt 0.492276 0.834911
vt 0.505046 0.834911
vt 0.498650 0.840924
vt 0.568899 0.834911
vt 0.568907 0.840882
vt 0.511432 0.834911
vt 0.505034 0.840909
vt 0.536973 0.834911
vt 0.530585 0.840861
vt 0.517817 0.834911
vt 0.511421 0.840895
vt 0.562513 0.834911
vt 0.562518 0.840870
vt 0.543358 0.834911
vt 0.549744 0.840855
vt 0.543358 0.840853
vt 0.536973 0.840855
vt 0.588055 0.834911
vt 0.594449 0.840937
vt 0.588066 0.840924
vt 0.581669 0.834911
vt 0.485885 0.840948
vt 0.594440 0.834911
vt 0.549743 0.834911
vt 0.556130 0.840861
vt 0.466735 0.840964
vt 0.466735 0.834911
vt 0.556128 0.834911
vt 0.460350 0.834911
vt 0.460419 0.840963
vt 0.517809 0.840881
vt 0.075822 0.555828
vt 0.081815 0.557915
vt 0.075822 0.557915
vt 0.039862 0.555828
vt 0.045856 0.557915
vt 0.039862 0.557915
vt 0.027876 0.555828
vt 0.033869 0.557915
vt 0.027876 0.557915
vt 0.123767 0.555828
vt 0.117774 0.557915
vt 0.117774 0.555828
vt 0.129760 0.555828
vt 0.123767 0.557915
vt 0.069828 0.555828
vt 0.069828 0.557915
vt 0.099794 0.555828
vt 0.093801 0.557915
vt 0.093801 0.555828
vt 0.063835 0.555828
vt 0.063835 0.557915
vt 0.087808 0.557915
vt 0.087808 0.555828
vt 0.135754 0.555828
vt 0.129760 0.557915
vt 0.111781 0.557915
vt 0.111781 0.555828
vt 0.057842 0.555828
vt 0.057842 0.557915
vt 0.009896 0.555828
vt 0.003903 0.557915
vt 0.003903 0.555828
vt 0.033869 0.555828
vt 0.015890 0.555828
vt 0.021883 0.557915
vt 0.015890 0.557915
vt 0.147740 0.555828
vt 0.141747 0.557915
vt 0.141747 0.555828
vt 0.081815 0.555828
vt 0.135754 0.557915
vt 0.105788 0.557915
vt 0.105788 0.555828
vt 0.009896 0.557915
vt 0.045856 0.555828
vt 0.051849 0.557915
vt 0.051849 0.555828
vt 0.021883 0.555828
vt 0.099794 0.557915
vt 0.451333 0.003918
vt 0.456461 0.008120
vt 0.451332 0.008120
vt 0.425686 0.003943
vt 0.430815 0.008120
vt 0.425686 0.008120
vt 0.430815 0.003941
vt 0.435944 0.008120
vt 0.507753 0.003892
vt 0.502624 0.008120
vt 0.502624 0.003885
vt 0.533398 0.003933
vt 0.528270 0.008120
vt 0.528269 0.003926
vt 0.523141 0.008120
vt 0.523140 0.003918
vt 0.441074 0.003933
vt 0.446203 0.008120
vt 0.441073 0.008120
vt 0.461591 0.003900
vt 0.466719 0.008120
vt 0.461590 0.008120
vt 0.476978 0.003880
vt 0.482107 0.008120
vt 0.476978 0.008120
vt 0.446204 0.003926
vt 0.497495 0.008120
vt 0.497495 0.003880
vt 0.492366 0.008120
vt 0.492366 0.003877
vt 0.435945 0.003938
vt 0.538528 0.003938
vt 0.533399 0.008120
vt 0.518012 0.008120
vt 0.518011 0.003909
vt 0.482107 0.003877
vt 0.487237 0.008120
vt 0.512883 0.008120
vt 0.512882 0.003900
vt 0.466719 0.003892
vt 0.471848 0.008120
vt 0.487237 0.003876
vt 0.420556 0.008120
vt 0.420534 0.003942
vt 0.507753 0.008120
vt 0.456462 0.003909
vt 0.543680 0.003941
vt 0.538529 0.008120
vt 0.471848 0.003885
vt 0.523141 0.017519
vt 0.528270 0.012589
vt 0.528270 0.017519
vt 0.523141 0.012589
vt 0.492366 0.017519
vt 0.497495 0.012589
vt 0.497495 0.017519
vt 0.492366 0.012589
vt 0.471848 0.017519
vt 0.466719 0.012589
vt 0.471848 0.012589
vt 0.435944 0.017519
vt 0.430815 0.012589
vt 0.435944 0.012589
vt 0.533399 0.017519
vt 0.538529 0.012589
vt 0.538529 0.017519
vt 0.533399 0.012589
vt 0.461590 0.017519
vt 0.456461 0.012589
vt 0.461590 0.012589
vt 0.502624 0.017519
vt 0.507753 0.012589
vt 0.507753 0.017519
vt 0.502624 0.012589
vt 0.446203 0.017519
vt 0.441073 0.012589
vt 0.446203 0.012589
vt 0.512883 0.017519
vt 0.518012 0.012589
vt 0.518012 0.017519
vt 0.512883 0.012589
vt 0.451332 0.017519
vt 0.451332 0.012589
vt 0.487237 0.017519
vt 0.487237 0.012589
vt 0.430815 0.017519
vt 0.425686 0.012589
vt 0.441073 0.017519
vt 0.456461 0.017519
vt 0.482107 0.017519
vt 0.476978 0.012589
vt 0.482107 0.012589
vt 0.420556 0.017519
vt 0.425686 0.017519
vt 0.420556 0.012589
vt 0.543658 0.012589
vt 0.543658 0.017519
vt 0.543658 0.008120
vt 0.466719 0.017519
vt 0.476978 0.017519
vt 0.071883 0.016926
vt 0.070861 0.024689
vt 0.070861 0.013111
vt 0.945879 0.836977
vt 0.944194 0.844097
vt 0.944194 0.836977
vt 0.945879 0.708829
vt 0.944194 0.701710
vt 0.945879 0.701710
vt 0.945879 0.780022
vt 0.944194 0.787142
vt 0.944194 0.780022
vt 0.945879 0.851216
vt 0.944194 0.858335
vt 0.944194 0.851216
vt 0.945879 0.858335
vt 0.944194 0.865455
vt 0.945879 0.815619
vt 0.944194 0.822739
vt 0.944194 0.815619
vt 0.945879 0.787142
vt 0.944194 0.794261
vt 0.945879 0.872574
vt 0.945879 0.865455
vt 0.945879 0.844097
vt 0.945879 0.801381
vt 0.944194 0.808500
vt 0.944194 0.801381
vt 0.944194 0.772903
vt 0.945879 0.772903
vt 0.945879 0.715949
vt 0.944194 0.708829
vt 0.945879 0.829858
vt 0.944194 0.829858
vt 0.945879 0.765784
vt 0.944194 0.758665
vt 0.945879 0.758665
vt 0.945879 0.730187
vt 0.944194 0.723068
vt 0.945879 0.723068
vt 0.945879 0.808500
vt 0.945879 0.751546
vt 0.944194 0.744426
vt 0.945879 0.744426
vt 0.944194 0.737307
vt 0.945879 0.737307
vt 0.945879 0.794261
vt 0.944194 0.730187
vt 0.944194 0.751546
vt 0.945879 0.822739
vt 0.944194 0.715949
vt 0.944194 0.765784
vt 0.068887 0.028109
vt 0.068887 0.009691
vt 0.066096 0.006900
vt 0.066096 0.030901
vt 0.062676 0.032875
vt 0.062676 0.004925
vt 0.058862 0.003903
vt 0.058861 0.033897
vt 0.054913 0.033897
vt 0.054913 0.003903
vt 0.051098 0.004925
vt 0.051098 0.032875
vt 0.047679 0.006899
vt 0.044887 0.028108
vt 0.047679 0.030900
vt 0.044887 0.009691
vt 0.042913 0.024688
vt 0.042913 0.013111
vt 0.041891 0.016925
vt 0.041891 0.020874
vt 1.951297 0.902309
vt 1.976894 0.964102
vt 1.942566 0.904647
vt 1.990143 0.941153
vt 1.960336 0.902309
vt 1.969067 0.904647
vt 1.033448 0.792552
vt 1.023602 0.801209
vt 1.023602 0.792552
vt 1.210678 0.781058
vt 1.200832 0.764401
vt 1.210678 0.764401
vt 1.190986 0.781058
vt 1.181139 0.764401
vt 1.190986 0.764401
vt 1.171293 0.781058
vt 1.161447 0.764401
vt 1.171293 0.764401
vt 1.131909 0.792552
vt 1.141755 0.801209
vt 1.131909 0.801209
vt 1.921491 0.932115
vt 1.951297 0.970962
vt 1.942566 0.968623
vt 1.141755 0.792552
vt 1.151601 0.801209
vt 1.092524 0.781058
vt 1.082679 0.764401
vt 1.092524 0.764401
vt 1.960335 0.970961
vt 1.934738 0.909166
vt 1.969066 0.968622
vt 1.102371 0.781058
vt 1.102371 0.764401
vt 1.122063 0.781058
vt 1.112217 0.764401
vt 1.122063 0.764401
vt 1.923830 0.949885
vt 1.934739 0.964104
vt 1.928348 0.957713
vt 1.921491 0.941154
vt 1.923828 0.923384
vt 1.200832 0.781058
vt 1.220524 0.781058
vt 1.220524 0.764401
vt 1.240216 0.781058
vt 1.230370 0.764401
vt 1.240216 0.764401
vt 1.987804 0.923384
vt 1.976894 0.909165
vt 1.983285 0.915556
vt 1.990143 0.932115
vt 1.983284 0.957711
vt 1.112217 0.781058
vt 1.131909 0.781058
vt 1.131909 0.764401
vt 1.122063 0.792552
vt 1.112217 0.801209
vt 1.112217 0.792552
vt 1.151601 0.781058
vt 1.141755 0.764401
vt 1.151601 0.764401
vt 1.053140 0.781058
vt 1.043294 0.764401
vt 1.053140 0.764401
vt 1.062986 0.792552
vt 1.053140 0.801209
vt 1.053140 0.792552
vt 1.003910 0.792552
vt 1.013756 0.801209
vt 1.003910 0.801209
vt 1.033448 0.781058
vt 1.023602 0.764401
vt 1.033448 0.764401
vt 1.082679 0.792552
vt 1.072832 0.801209
vt 1.072832 0.792552
vt 1.013756 0.764401
vt 1.003910 0.781058
vt 1.003910 0.764401
vt 1.230370 0.781058
vt 1.141755 0.781058
vt 1.161447 0.781058
vt 1.043294 0.792552
vt 1.033448 0.801209
vt 1.181139 0.781058
vt 1.122063 0.801209
vt 1.082679 0.781058
vt 1.072832 0.764401
vt 1.220524 0.792552
vt 1.230370 0.801209
vt 1.220524 0.801209
vt 1.062986 0.781058
vt 1.062986 0.764401
vt 1.013756 0.792552
vt 1.043294 0.781058
vt 1.023602 0.781058
vt 1.053140 0.786787
vt 1.062986 0.786787
vt 1.062986 0.752907
vt 1.072832 0.758671
vt 1.062986 0.758671
vt 1.043294 0.786787
vt 1.033448 0.786787
vt 1.043294 0.752907
vt 1.053140 0.758671
vt 1.043294 0.758671
vt 1.023602 0.786787
vt 1.013756 0.786787
vt 1.023602 0.752907
vt 1.033448 0.758671
vt 1.023602 0.758671
vt 1.240216 0.792552
vt 1.230370 0.786787
vt 1.240216 0.786787
vt 1.003910 0.752907
vt 1.013756 0.758671
vt 1.003910 0.758671
vt 1.210678 0.792552
vt 1.220524 0.786787
vt 1.210678 0.786787
vt 1.220524 0.752907
vt 1.230370 0.758671
vt 1.220524 0.758671
vt 1.190986 0.792552
vt 1.200832 0.786787
vt 1.200832 0.792552
vt 1.210678 0.752907
vt 1.200832 0.758671
vt 1.200832 0.752907
vt 1.210678 0.758671
vt 1.181139 0.792552
vt 1.171293 0.786787
vt 1.181139 0.786787
vt 1.190986 0.752907
vt 1.181139 0.758671
vt 1.181139 0.752907
vt 1.190986 0.758671
vt 1.151601 0.792552
vt 1.161447 0.786787
vt 1.161447 0.792552
vt 1.161447 0.752907
vt 1.171293 0.758671
vt 1.161447 0.758671
vt 1.141755 0.786787
vt 1.151601 0.752907
vt 1.141755 0.758671
vt 1.141755 0.752907
vt 1.122063 0.786787
vt 1.131909 0.752907
vt 1.122063 0.758671
vt 1.122063 0.752907
vt 1.092524 0.786787
vt 1.082679 0.786787
vt 1.092524 0.792552
vt 1.112217 0.786787
vt 1.102371 0.786787
vt 1.102371 0.792552
vt 1.112217 0.752907
vt 1.102371 0.758671
vt 1.102371 0.752907
vt 1.082679 0.752907
vt 1.092524 0.758671
vt 1.082679 0.758671
vt 1.072832 0.786787
vt 1.072832 0.781058
vt 1.053140 0.752907
vt 1.033448 0.752907
vt 1.013756 0.752907
vt 1.003910 0.786787
vt 1.013756 0.781058
vt 1.230370 0.752907
vt 1.240216 0.758671
vt 1.230370 0.792552
vt 1.190986 0.786787
vt 1.171293 0.752907
vt 1.171293 0.792552
vt 1.151601 0.758671
vt 1.151601 0.786787
vt 1.131909 0.758671
vt 1.131909 0.786787
vt 1.112217 0.758671
vt 1.092524 0.752907
vt 1.072832 0.752907
vt 1.171293 0.801209
vt 1.161447 0.801209
vt 1.102371 0.801209
vt 1.092524 0.801209
vt 1.181139 0.801209
vt 1.043294 0.801209
vt 1.190986 0.801209
vt 1.062986 0.801209
vt 1.200832 0.801209
vt 1.210678 0.801209
vt 1.082679 0.801209
vt 1.240216 0.801209
vt 1.571360 0.310104
vt 1.564637 0.307304
vt 1.571360 0.307304
vt 1.531018 0.310104
vt 1.537741 0.307304
vt 1.537741 0.310104
vt 1.557913 0.310104
vt 1.564637 0.310104
vt 1.517570 0.310104
vt 1.510846 0.307304
vt 1.517570 0.307304
vt 1.463780 0.310104
vt 1.470503 0.307304
vt 1.470503 0.310104
vt 1.490674 0.310104
vt 1.483951 0.307304
vt 1.490674 0.307304
vt 1.450332 0.310104
vt 1.443608 0.307304
vt 1.450332 0.307304
vt 1.544465 0.310104
vt 1.551189 0.307304
vt 1.551189 0.310104
vt 1.497398 0.310104
vt 1.497398 0.307304
vt 1.423437 0.310104
vt 1.430161 0.307304
vt 1.430161 0.310104
vt 1.483951 0.310104
vt 1.477227 0.307304
vt 1.436884 0.310104
vt 1.443608 0.310104
vt 1.510846 0.310104
vt 1.504122 0.307304
vt 1.557913 0.307304
vt 1.457056 0.310104
vt 1.463780 0.307304
vt 1.436884 0.307304
vt 1.416713 0.307304
vt 1.423437 0.307304
vt 1.524294 0.310104
vt 1.524294 0.307304
vt 1.477227 0.310104
vt 1.457056 0.307304
vt 1.544465 0.307304
vt 1.416713 0.310104
vt 1.409989 0.307304
vt 1.504122 0.310104
vt 1.531018 0.307304
vt 1.485891 0.834911
vt 1.479503 0.840956
vt 1.479506 0.834911
vt 1.530587 0.834911
vt 1.524197 0.840870
vt 1.524202 0.834911
vt 1.473120 0.840962
vt 1.473120 0.834911
vt 1.575284 0.834911
vt 1.581682 0.840909
vt 1.575295 0.840895
vt 1.607210 0.834911
vt 1.613528 0.840961
vt 1.607213 0.840956
vt 1.600825 0.834911
vt 1.600831 0.840948
vt 1.498661 0.834911
vt 1.492267 0.840937
vt 1.492276 0.834911
vt 1.505046 0.834911
vt 1.498650 0.840924
vt 1.568899 0.834911
vt 1.568907 0.840882
vt 1.511432 0.834911
vt 1.505034 0.840909
vt 1.536973 0.834911
vt 1.530585 0.840861
vt 1.517817 0.834911
vt 1.511421 0.840895
vt 1.562513 0.834911
vt 1.562518 0.840870
vt 1.543358 0.834911
vt 1.549744 0.840855
vt 1.543358 0.840853
vt 1.536973 0.840855
vt 1.588055 0.834911
vt 1.594449 0.840937
vt 1.588066 0.840924
vt 1.581669 0.834911
vt 1.485885 0.840948
vt 1.594440 0.834911
vt 1.549743 0.834911
vt 1.556130 0.840861
vt 1.466735 0.840964
vt 1.466735 0.834911
vt 1.556128 0.834911
vt 1.460350 0.834911
vt 1.460419 0.840963
vt 1.517809 0.840881
vt 1.075822 0.555828
vt 1.081815 0.557915
vt 1.075822 0.557915
vt 1.039862 0.555828
vt 1.045856 0.557915
vt 1.039862 0.557915
vt 1.027876 0.555828
vt 1.033869 0.557915
vt 1.027876 0.557915
vt 1.123767 0.555828
vt 1.117774 0.557915
vt 1.117774 0.555828
vt 1.129760 0.555828
vt 1.123767 0.557915
vt 1.069828 0.555828
vt 1.069828 0.557915
vt 1.099795 0.555828
vt 1.093801 0.557915
vt 1.093801 0.555828
vt 1.063835 0.555828
vt 1.063835 0.557915
vt 1.087808 0.557915
vt 1.087808 0.555828
vt 1.135754 0.555828
vt 1.129760 0.557915
vt 1.111781 0.557915
vt 1.111781 0.555828
vt 1.057842 0.555828
vt 1.057842 0.557915
vt 1.009896 0.555828
vt 1.003903 0.557915
vt 1.003903 0.555828
vt 1.033869 0.555828
vt 1.015890 0.555828
vt 1.021883 0.557915
vt 1.015890 0.557915
vt 1.147740 0.555828
vt 1.141747 0.557915
vt 1.141747 0.555828
vt 1.081815 0.555828
vt 1.135754 0.557915
vt 1.105788 0.557915
vt 1.105788 0.555828
vt 1.009896 0.557915
vt 1.045856 0.555828
vt 1.051849 0.557915
vt 1.051849 0.555828
vt 1.021883 0.555828
vt 1.099795 0.557915
vt 1.451333 0.003918
vt 1.456461 0.008120
vt 1.451332 0.008120
vt 1.425686 0.003943
vt 1.430815 0.008120
vt 1.425686 0.008120
vt 1.430815 0.003941
vt 1.435944 0.008120
vt 1.507753 0.003892
vt 1.502624 0.008120
vt 1.502624 0.003885
vt 1.533398 0.003933
vt 1.528270 0.008120
vt 1.528269 0.003926
vt 1.523141 0.008120
vt 1.523140 0.003918
vt 1.441074 0.003933
vt 1.446203 0.008120
vt 1.441073 0.008120
vt 1.461591 0.003900
vt 1.466719 0.008120
vt 1.461590 0.008120
vt 1.476978 0.003880
vt 1.482107 0.008120
vt 1.476978 0.008120
vt 1.446204 0.003926
vt 1.497495 0.008120
vt 1.497495 0.003880
vt 1.492366 0.008120
vt 1.492366 0.003877
vt 1.435945 0.003938
vt 1.538528 0.003938
vt 1.533399 0.008120
vt 1.518012 0.008120
vt 1.518011 0.003909
vt 1.482107 0.003877
vt 1.487237 0.008120
vt 1.512883 0.008120
vt 1.512882 0.003900
vt 1.466719 0.003892
vt 1.471848 0.008120
vt 1.487237 0.003876
vt 1.420557 0.008120
vt 1.420534 0.003942
vt 1.507753 0.008120
vt 1.456462 0.003909
vt 1.543680 0.003941
vt 1.538529 0.008120
vt 1.471848 0.003885
vt 1.523141 0.017519
vt 1.528270 0.012589
vt 1.528270 0.017519
vt 1.523141 0.012589
vt 1.492366 0.017519
vt 1.497495 0.012589
vt 1.497495 0.017519
vt 1.492366 0.012589
vt 1.471848 0.017519
vt 1.466719 0.012589
vt 1.471848 0.012589
vt 1.435944 0.017519
vt 1.430815 0.012589
vt 1.435944 0.012589
vt 1.533399 0.017519
vt 1.538529 0.012589
vt 1.538529 0.017519
vt 1.533399 0.012589
vt 1.461590 0.017519
vt 1.456461 0.012589
vt 1.461590 0.012589
vt 1.502624 0.017519
vt 1.507753 0.012589
vt 1.507753 0.017519
vt 1.502624 0.012589
vt 1.446203 0.017519
vt 1.441073 0.012589
vt 1.446203 0.012589
vt 1.512883 0.017519
vt 1.518012 0.012589
vt 1.518012 0.017519
vt 1.512883 0.012589
vt 1.451332 0.017519
vt 1.451332 0.012589
vt 1.487237 0.017519
vt 1.487237 0.012589
vt 1.430815 0.017519
vt 1.425686 0.012589
vt 1.441073 0.017519
vt 1.456461 0.017519
vt 1.482107 0.017519
vt 1.476978 0.012589
vt 1.482107 0.012589
vt 1.420557 0.017519
vt 1.425686 0.017519
vt 1.420557 0.012589
vt 1.543658 0.012589
vt 1.543658 0.017519
vt 1.543658 0.008120
vt 1.466719 0.017519
vt 1.476978 0.017519
vt 1.071883 0.020875
vt 1.070861 0.013111
vt 1.071883 0.016926
vt 1.945879 0.836977
vt 1.944194 0.844097
vt 1.944194 0.836977
vt 1.945879 0.708829
vt 1.944194 0.701710
vt 1.945879 0.701710
vt 1.945879 0.780022
vt 1.944194 0.787142
vt 1.944194 0.780022
vt 1.945879 0.851216
vt 1.944194 0.858335
vt 1.944194 0.851216
vt 1.945879 0.858335
vt 1.944194 0.865455
vt 1.945879 0.815619
vt 1.944194 0.822739
vt 1.944194 0.815619
vt 1.945879 0.787142
vt 1.944194 0.794261
vt 1.945879 0.872574
vt 1.945879 0.865455
vt 1.945879 0.844097
vt 1.945879 0.801381
vt 1.944194 0.808500
vt 1.944194 0.801381
vt 1.944194 0.772903
vt 1.945879 0.772903
vt 1.945879 0.715949
vt 1.944194 0.708829
vt 1.945879 0.829858
vt 1.944194 0.829858
vt 1.945879 0.765784
vt 1.944194 0.758665
vt 1.945879 0.758665
vt 1.945879 0.730187
vt 1.944194 0.723068
vt 1.945879 0.723068
vt 1.945879 0.808500
vt 1.945879 0.751546
vt 1.944194 0.744426
vt 1.945879 0.744426
vt 1.944194 0.737307
vt 1.945879 0.737307
vt 1.945879 0.794261
vt 1.944194 0.730187
vt 1.944194 0.751546
vt 1.945879 0.822739
vt 1.944194 0.715949
vt 1.944194 0.765784
vt 1.068887 0.028109
vt 1.068887 0.009691
vt 1.066096 0.006900
vt 1.066096 0.030901
vt 1.062676 0.032875
vt 1.062676 0.004925
vt 1.058862 0.003903
vt 1.058861 0.033897
vt 1.054913 0.033897
vt 1.054913 0.003903
vt 1.051098 0.032875
vt 1.051098 0.004925
vt 1.047679 0.030900
vt 1.047679 0.006899
vt 1.044887 0.009691
vt 1.044887 0.028108
vt 1.042913 0.013111
vt 1.041891 0.020874
vt 1.042913 0.024688
vt 0.062710 0.293960
vt 0.075777 0.282711
vt 0.741672 0.358310
vt 0.734869 0.352390
vt 0.741672 0.352390
vt 0.796344 0.458750
vt 0.803146 0.464670
vt 0.796344 0.464670
vt 0.996063 0.501584
vt 0.989261 0.495664
vt 0.996063 0.495664
vt 0.532731 0.028313
vt 0.526811 0.021510
vt 0.532731 0.021510
vt 0.996063 0.477904
vt 0.989261 0.483824
vt 0.989261 0.477904
vt 0.996063 0.489744
vt 0.996063 0.483824
vt 0.919448 0.438790
vt 0.926251 0.432870
vt 0.926251 0.438790
vt 0.919448 0.444710
vt 0.926251 0.450630
vt 0.919448 0.450630
vt 0.926251 0.456550
vt 0.919448 0.456550
vt 0.723707 0.488710
vt 0.730510 0.482790
vt 0.730510 0.488710
vt 0.723707 0.470950
vt 0.730510 0.476870
vt 0.723707 0.476870
vt 0.796344 0.435070
vt 0.803146 0.440990
vt 0.796344 0.440990
vt 0.730510 0.494630
vt 0.723707 0.494630
vt 0.905764 0.477302
vt 0.899844 0.484104
vt 0.899844 0.477302
vt 0.796344 0.429150
vt 0.803146 0.423230
vt 0.803146 0.429150
vt 0.911684 0.466506
vt 0.905764 0.473308
vt 0.905764 0.466506
vt 0.796344 0.446910
vt 0.803146 0.446910
vt 0.509051 0.028313
vt 0.503131 0.021510
vt 0.509051 0.021510
vt 0.741672 0.370150
vt 0.734869 0.376070
vt 0.734869 0.370150
vt 0.917604 0.477302
vt 0.911684 0.484104
vt 0.911684 0.477302
vt 0.996063 0.513424
vt 0.989261 0.507504
vt 0.996063 0.507504
vt 0.514971 0.021510
vt 0.514971 0.028313
vt 0.893924 0.484104
vt 0.893924 0.477302
vt 0.919448 0.421030
vt 0.926251 0.426950
vt 0.919448 0.426950
vt 0.734869 0.364230
vt 0.741672 0.364230
vt 0.876165 0.466506
vt 0.870245 0.473308
vt 0.870245 0.466506
vt 0.989261 0.501584
vt 0.741672 0.334630
vt 0.734869 0.340550
vt 0.734869 0.334630
vt 0.882085 0.477302
vt 0.876165 0.484104
vt 0.876165 0.477302
vt 0.723707 0.459111
vt 0.730510 0.465030
vt 0.723707 0.465030
vt 0.497211 0.028313
vt 0.491291 0.021510
vt 0.497211 0.021510
vt 0.899844 0.466506
vt 0.899844 0.473308
vt 0.820504 0.386109
vt 0.866340 0.499230
vt 0.820504 0.499230
vt 0.434691 0.030540
vt 0.481465 0.021510
vt 0.481465 0.030540
vt 0.556593 0.003906
vt 0.547563 0.050680
vt 0.547563 0.003906
vt 0.119346 0.842340
vt 0.003909 0.833310
vt 0.119346 0.833310
vt 0.234528 0.829339
vt 0.119091 0.820309
vt 0.234528 0.820309
vt 0.915334 0.428829
vt 0.870255 0.434016
vt 0.870241 0.428829
vt 0.915491 0.408080
vt 0.870436 0.402893
vt 0.915530 0.402893
vt 0.870255 0.423641
vt 0.915348 0.423642
vt 0.870450 0.397706
vt 0.915544 0.397706
vt 0.870293 0.418454
vt 0.915386 0.418454
vt 0.870450 0.459888
vt 0.915530 0.454701
vt 0.915543 0.459888
vt 0.870345 0.413267
vt 0.915439 0.413267
vt 0.870398 0.449514
vt 0.915439 0.444326
vt 0.915491 0.449514
vt 0.870398 0.408080
vt 0.870289 0.438680
vt 0.915348 0.434016
vt 0.915382 0.438680
vt 0.870436 0.454701
vt 0.870346 0.444326
vt 0.715589 0.555636
vt 0.719796 0.523648
vt 0.719796 0.555636
vt 0.924621 0.006496
vt 0.914941 0.003903
vt 0.920129 0.003903
vt 0.927215 0.016176
vt 0.910449 0.006496
vt 0.907855 0.010989
vt 0.924621 0.020669
vt 0.907855 0.016176
vt 0.920129 0.023262
vt 0.915465 0.023262
vt 0.910449 0.020669
vt 0.712088 0.555636
vt 0.715267 0.524009
vt 0.707918 0.555636
vt 0.703765 0.526960
vt 0.707334 0.526759
vt 0.703714 0.555636
vt 0.700135 0.526711
vt 0.695397 0.555636
vt 0.699524 0.555636
vt 0.691792 0.555636
vt 0.687579 0.523639
vt 0.692053 0.523917
vt 0.703765 0.523523
vt 0.707199 0.523393
vt 0.711101 0.524588
vt 0.696291 0.524504
vt 0.700280 0.523372
vt 0.715291 0.518715
vt 0.719796 0.518859
vt 0.703752 0.520116
vt 0.707263 0.520064
vt 0.700201 0.520081
vt 0.692038 0.518805
vt 0.711243 0.518480
vt 0.696149 0.518564
vt 0.703712 0.516557
vt 0.707421 0.516626
vt 0.699980 0.516704
vt 0.715432 0.428302
vt 0.719796 0.428302
vt 0.695635 0.428302
vt 0.711710 0.428302
vt 0.703660 0.428302
vt 0.707702 0.428302
vt 0.699613 0.428302
vt 0.687579 0.518919
vt 0.691901 0.428302
vt 0.996063 0.525264
vt 0.989261 0.519344
vt 0.996063 0.519344
vt 0.882085 0.466506
vt 0.888005 0.473308
vt 0.882085 0.473308
vt 0.919448 0.432870
vt 0.734869 0.346470
vt 0.741672 0.346470
vt 0.919448 0.462470
vt 0.926251 0.462470
vt 0.520891 0.028313
vt 0.526811 0.028313
vt 0.730510 0.470950
vt 0.989261 0.489744
vt 0.723707 0.500550
vt 0.730510 0.500550
vt 0.926251 0.444710
vt 0.796344 0.423230
vt 0.803146 0.417311
vt 0.723707 0.482790
vt 0.796344 0.452830
vt 0.803146 0.452830
vt 0.503131 0.028313
vt 0.803146 0.435070
vt 0.870245 0.484104
vt 0.870245 0.477302
vt 0.989261 0.513424
vt 0.905764 0.484104
vt 0.888005 0.477302
vt 0.888005 0.484104
vt 0.919448 0.415110
vt 0.926251 0.421030
vt 0.917604 0.473308
vt 0.911684 0.473308
vt 0.876165 0.473308
vt 0.730510 0.506470
vt 0.723707 0.506470
vt 0.734869 0.328711
vt 0.741672 0.328711
vt 0.893924 0.473308
vt 0.893924 0.466506
vt 0.803146 0.458750
vt 0.520891 0.021510
vt 0.741672 0.340550
vt 0.882085 0.484104
vt 0.734869 0.358310
vt 0.888005 0.466506
vt 0.485371 0.028313
vt 0.491291 0.028313
vt 0.059455 0.273197
vt 0.069561 0.269011
vt 0.065375 0.273197
vt 0.055269 0.269011
vt 0.069561 0.263091
vt 0.059455 0.258905
vt 0.065375 0.258905
vt 0.085385 0.018203
vt 0.089571 0.008097
vt 0.089571 0.014017
vt 0.075279 0.014017
vt 0.079465 0.018203
vt 0.085385 0.003911
vt 0.075279 0.008097
vt 0.079465 0.003911
vt 0.474230 0.062402
vt 0.464124 0.058216
vt 0.478416 0.058216
vt 0.478416 0.052296
vt 0.464124 0.052296
vt 0.468310 0.048110
vt 0.474230 0.048110
vt 0.065186 0.042090
vt 0.061000 0.052196
vt 0.055080 0.052196
vt 0.050894 0.048010
vt 0.055080 0.037903
vt 0.050894 0.042090
vt 0.976705 0.268409
vt 0.986811 0.272595
vt 0.980891 0.272595
vt 0.990997 0.268409
vt 0.976705 0.262489
vt 0.990997 0.262489
vt 0.986811 0.258303
vt 0.449686 0.276015
vt 0.459792 0.280201
vt 0.453872 0.280201
vt 0.463978 0.276015
vt 0.449686 0.270095
vt 0.453872 0.265909
vt 0.459792 0.265909
vt 0.463978 0.270095
vt 0.967470 0.261594
vt 0.957364 0.257408
vt 0.971656 0.257408
vt 0.971656 0.251488
vt 0.967470 0.247302
vt 0.957364 0.251488
vt 0.961550 0.247302
vt 0.969785 0.055897
vt 0.959679 0.051711
vt 0.965599 0.051711
vt 0.955493 0.055897
vt 0.969785 0.061817
vt 0.965599 0.066003
vt 0.955493 0.061817
vt 0.443459 0.915110
vt 0.148665 0.924778
vt 0.148665 0.915110
vt 0.734877 0.315102
vt 0.801135 0.324770
vt 0.734877 0.324770
vt 0.398904 0.003905
vt 0.491219 0.226199
vt 0.398904 0.311118
vt 0.370084 0.877102
vt 0.664879 0.886770
vt 0.370084 0.886770
vt 0.568892 0.915110
vt 0.443459 0.924778
vt 0.244652 0.877102
vt 0.244652 0.886770
vt 0.107278 0.877102
vt 0.107278 0.886770
vt 0.488323 0.044175
vt 0.480438 0.034507
vt 0.488323 0.034507
vt 0.591573 0.003906
vt 0.558461 0.253727
vt 0.558461 0.061297
vt 0.003902 0.307570
vt 0.070161 0.297903
vt 0.070161 0.307570
vt 0.052944 0.258724
vt 0.040093 0.041719
vt 0.052944 0.056298
vt 0.481520 0.260943
vt 0.491188 0.241508
vt 0.491188 0.260943
vt 0.468913 0.034507
vt 0.449478 0.044175
vt 0.449478 0.034507
vt 0.040093 0.273304
vt 0.003905 0.041719
vt 0.491188 0.280353
vt 0.481520 0.272468
vt 0.491188 0.272468
vt 0.550577 0.253727
vt 0.550577 0.061297
vt 0.540408 0.258725
vt 0.527557 0.041719
vt 0.540408 0.056299
vt 0.804893 0.832116
vt 0.795494 0.841784
vt 0.795494 0.832116
vt 0.992288 0.003914
vt 0.982587 0.244899
vt 0.982587 0.013313
vt 0.469919 0.830804
vt 0.460901 0.827319
vt 0.472588 0.797077
vt 0.975637 0.254303
vt 0.992288 0.254297
vt 0.606934 0.756444
vt 0.615952 0.752959
vt 0.618620 0.786686
vt 0.495135 0.032320
vt 0.527557 0.273305
vt 0.495135 0.282704
vt 0.527557 0.032320
vt 0.975637 0.003908
vt 0.527557 0.282704
vt 0.795494 0.812902
vt 0.804893 0.782420
vt 0.804893 0.812902
vt 0.635246 0.787604
vt 0.635003 0.755451
vt 0.665381 0.752926
vt 0.804893 0.759839
vt 0.795494 0.730509
vt 0.804893 0.730509
vt 0.904044 0.904862
vt 0.897574 0.936424
vt 0.897111 0.904274
vt 0.547513 0.791381
vt 0.611797 0.782079
vt 0.600318 0.811786
vt 0.564791 0.274307
vt 0.532943 0.283706
vt 0.532943 0.274307
vt 0.804880 0.774865
vt 0.795494 0.782420
vt 0.795481 0.774865
vt 0.082767 0.915699
vt 0.033136 0.898073
vt 0.038305 0.889309
vt 0.795494 0.759839
vt 0.804880 0.767395
vt 0.795481 0.767394
vt 0.672793 0.754390
vt 0.552477 0.303296
vt 0.576141 0.293910
vt 0.576141 0.303309
vt 0.501394 0.303297
vt 0.424561 0.293910
vt 0.501394 0.293898
vt 0.807118 0.398511
vt 0.816517 0.455120
vt 0.807118 0.455120
vt 0.032792 0.828900
vt 0.063274 0.819502
vt 0.063274 0.828900
vt 0.085854 0.828900
vt 0.115185 0.819502
vt 0.115185 0.828900
vt 0.013578 0.828900
vt 0.032792 0.819502
vt 0.017503 0.920667
vt 0.023974 0.952229
vt 0.004906 0.954592
vt 0.147113 0.906836
vt 0.135431 0.936464
vt 0.477443 0.285755
vt 0.468044 0.253907
vt 0.477443 0.253907
vt 0.070829 0.828888
vt 0.070829 0.819489
vt 0.104110 0.003905
vt 0.070998 0.253726
vt 0.070998 0.061296
vt 0.085854 0.819502
vt 0.078299 0.828888
vt 0.078299 0.819489
vt 0.693546 0.792382
vt 0.685989 0.828926
vt 0.675994 0.830831
vt 0.949853 0.822422
vt 0.959239 0.846086
vt 0.949840 0.846086
vt 0.949852 0.771339
vt 0.959239 0.694506
vt 0.959251 0.771339
vt 0.986636 0.329311
vt 0.996035 0.385920
vt 0.986636 0.385920
vt 0.838780 0.899895
vt 0.846087 0.863301
vt 0.856068 0.861327
vt 0.488971 0.828311
vt 0.003910 0.819502
vt 0.003910 0.828900
vt 0.867215 0.939157
vt 0.511569 0.303292
vt 0.511569 0.293894
vt 0.521806 0.303290
vt 0.521805 0.293891
vt 0.532066 0.303290
vt 0.542303 0.293893
vt 0.542303 0.303292
vt 0.552477 0.293897
vt 0.949857 0.781513
vt 0.959256 0.781513
vt 0.949859 0.791750
vt 0.959258 0.791750
vt 0.949860 0.802011
vt 0.959256 0.812248
vt 0.949857 0.812248
vt 0.959252 0.822422
vt 0.045945 0.882496
vt 0.774434 0.891035
vt 0.786117 0.920662
vt 0.757830 0.801683
vt 0.746350 0.771977
vt 0.063114 0.061296
vt 0.057748 0.255190
vt 0.057748 0.059833
vt 0.545211 0.059833
vt 0.545211 0.255191
vt 0.481520 0.266906
vt 0.491188 0.266906
vt 0.468913 0.044175
vt 0.474876 0.034507
vt 0.474876 0.044175
vt 0.480439 0.044175
vt 0.859793 0.937745
vt 0.489214 0.796158
vt 0.519348 0.830836
vt 0.853618 0.933541
vt 0.849539 0.927181
vt 0.536941 0.818740
vt 0.532906 0.825127
vt 0.866238 0.862495
vt 0.875601 0.866691
vt 0.883242 0.873505
vt 0.888411 0.882268
vt 0.526760 0.829373
vt 0.497763 0.774093
vt 0.502872 0.765295
vt 0.510466 0.758429
vt 0.519800 0.754169
vt 0.529962 0.752931
vt 0.539956 0.754837
vt 0.055308 0.878299
vt 0.065478 0.877131
vt 0.075459 0.879104
vt 0.024436 0.920079
vt 0.072008 0.942985
vt 0.067930 0.949345
vt 0.054333 0.954961
vt 0.061755 0.953549
vt 0.678939 0.758635
vt 0.682974 0.765023
vt 0.886368 0.311119
vt 0.886368 0.003906
vt 0.665833 0.829593
vt 0.656498 0.825333
vt 0.648905 0.818468
vt 0.643796 0.809669
vt 0.104110 0.311118
vt 0.978682 0.088825
vt 0.978682 0.226199
vt 0.562831 0.020214
vt 0.572771 0.023264
vt 0.567584 0.023262
vt 0.577265 0.020672
vt 0.560500 0.016174
vt 0.560502 0.010987
vt 0.563097 0.006495
vt 0.579861 0.010993
vt 0.579860 0.016180
vt 0.572778 0.003904
vt 0.577269 0.006499
vt 0.806653 0.604476
vt 0.003909 0.726490
vt 0.003910 0.583870
vt 0.805653 0.705713
vt 0.580881 0.618910
vt 0.806652 0.661334
vt 0.028996 0.618909
vt 0.806653 0.563110
vt 0.781529 0.949381
vt 0.441686 0.949380
vt 0.150393 0.949380
vt 0.587333 0.949381
vt 0.223216 0.949380
vt 0.540573 0.424231
vt 0.451005 0.559103
vt 0.544261 0.559103
vt 0.076361 0.815500
vt 0.117953 0.815500
vt 0.267248 0.556321
vt 0.668522 0.543767
vt 0.456446 0.857119
vt 0.568212 0.547713
vt 0.236354 0.816360
vt 0.824713 0.846114
vt 0.687380 0.752911
vt 0.003907 0.282711
vt 0.016974 0.293960
vt 0.043109 0.293960
vt 0.986206 0.660709
vt 0.966522 0.660709
vt 0.973058 0.660709
vt 0.987804 0.949884
vt 0.928347 0.915557
vt 0.958557 0.601429
vt 0.931837 0.565749
vt 0.560409 0.544770
vt 0.003910 0.781058
vt 0.151584 0.911139
vt 0.789922 0.730502
vt 0.837863 0.953305
vt 0.003902 0.873209
vt 0.077569 0.949380
vt 0.806652 0.618910
vt 0.877896 0.723064
vt 0.849878 0.714565
vt 0.813443 0.670169
vt 0.837647 0.590379
vt 0.003910 0.551234
vt 0.960393 0.267307
vt 0.918377 0.297663
vt 0.949379 0.339151
vt 0.991406 0.308809
vt 0.240216 0.752907
vt 0.409989 0.310104
vt 0.613596 0.834911
vt 0.147740 0.557915
vt 0.071883 0.020875
vt 0.944194 0.872574
vt 1.987804 0.949884
vt 1.928347 0.915557
vt 1.240216 0.752907
vt 1.409989 0.310104
vt 1.613596 0.834911
vt 1.147740 0.557915
vt 1.070861 0.024689
vt 1.944194 0.872574
vt 1.041891 0.016925
vt 0.741672 0.376070
vt 0.917604 0.484104
vt 0.730510 0.459111
vt 0.866340 0.386109
vt 0.434691 0.021510
vt 0.556593 0.050680
vt 0.003909 0.842340
vt 0.119091 0.829339
vt 0.927215 0.010989
vt 0.687579 0.555636
vt 0.687579 0.428302
vt 0.989261 0.525264
vt 0.796344 0.417311
vt 0.926251 0.415110
vt 0.917604 0.466506
vt 0.485371 0.021510
vt 0.055269 0.263091
vt 0.468310 0.062402
vt 0.065186 0.048010
vt 0.061000 0.037903
vt 0.980891 0.258303
vt 0.961550 0.261594
vt 0.959679 0.066003
vt 0.801135 0.315102
vt 0.491219 0.088824
vt 0.664879 0.877102
vt 0.568892 0.924778
vt 0.591573 0.311119
vt 0.003902 0.297903
vt 0.481520 0.241508
vt 0.003905 0.273304
vt 0.481520 0.280353
vt 0.804893 0.841784
vt 0.975629 0.244904
vt 0.975629 0.013307
vt 0.916642 0.938786
vt 0.564791 0.283706
vt 0.424561 0.303309
vt 0.816517 0.398511
vt 0.013578 0.819502
vt 0.468044 0.285755
vt 0.949840 0.694506
vt 0.996035 0.329311
vt 0.532066 0.293891
vt 0.959258 0.802011
vt 0.063114 0.253726
vt 0.567590 0.003903
s 1
usemtl mat_garage_car_jack
f 38/1/1 873/2/2 442/3/3
f 592/4/4 440/5/5 40/6/6
f 18/7/7 775/8/8 596/9/9
f 895/10/10 35/11/11 464/12/12
f 893/13/13 41/14/14 462/15/15
f 891/16/16 43/17/17 460/18/18
f 458/19/19 610/20/20 45/21/21
f 887/22/22 47/23/23 456/24/24
f 885/25/25 49/26/26 454/27/27
f 883/28/28 51/29/29 452/30/30
f 881/31/31 53/32/32 450/33/33
f 448/34/34 630/35/35 55/36/36
f 877/37/37 57/38/38 446/39/39
f 875/40/40 59/41/41 444/42/42
f 442/3/3 642/43/43 61/44/44
f 871/45/45 63/46/46 440/5/5
f 762/47/47 484/48/48 8/49/49
f 64/50/50 929/51/51 443/52/52
f 758/53/53 483/54/54 15/55/55
f 62/56/56 927/57/57 445/58/58
f 754/59/59 482/60/60 7/61/61
f 60/62/62 925/63/63 447/64/64
f 14/65/65 955/66/66 481/67/67
f 58/68/68 923/69/69 449/70/70
f 746/71/71 480/72/72 6/73/73
f 56/74/74 921/75/75 451/76/76
f 13/77/77 951/78/78 479/79/79
f 54/80/80 919/81/81 453/82/82
f 738/83/83 478/84/84 5/85/85
f 52/86/86 917/87/87 455/88/88
f 12/89/89 947/90/90 477/91/91
f 50/92/92 915/93/93 457/94/94
f 4/95/95 945/96/96 476/97/97
f 48/98/98 913/99/99 459/100/100
f 11/101/101 943/102/102 475/103/103
f 46/104/104 911/105/105 461/106/106
f 722/107/107 474/108/108 3/109/109
f 44/110/110 909/111/111 463/112/112
f 718/113/113 473/114/114 10/115/115
f 42/116/116 907/117/117 465/118/118
f 714/119/119 471/120/120 2/121/121
f 36/122/122 903/123/123 469/124/124
f 41/125/125 861/126/126 664/127/127
f 940/128/128 773/129/129 771/130/130
f 908/131/131 661/132/132 659/133/133
f 864/134/134 767/135/135 938/136/136
f 35/137/137 869/138/138 652/139/139
f 646/140/140 444/42/42 63/46/46
f 438/141/141 644/142/142 805/143/143
f 642/43/43 446/39/39 61/44/44
f 437/144/144 640/145/145 803/146/146
f 59/41/41 879/147/147 448/34/34
f 436/148/148 636/149/149 801/150/150
f 634/151/151 450/33/33 57/38/38
f 435/152/152 632/153/153 799/154/154
f 630/35/35 452/30/30 55/36/36
f 434/155/155 628/156/156 797/157/157
f 53/32/32 885/25/25 454/27/27
f 433/158/158 624/159/159 795/160/160
f 622/161/161 456/24/24 51/29/29
f 432/162/162 620/163/163 793/164/164
f 618/165/165 458/19/19 49/26/26
f 431/166/166 616/167/167 791/168/168
f 614/169/169 460/18/18 47/23/23
f 430/170/170 612/171/171 789/172/172
f 610/20/20 462/15/15 45/21/21
f 429/173/173 608/174/174 787/175/175
f 606/176/176 464/12/12 43/17/17
f 428/177/177 604/178/178 785/179/179
f 602/180/180 466/181/181 41/14/14
f 427/182/182 600/183/183 783/184/184
f 598/185/185 470/186/186 35/11/11
f 426/187/187 596/9/9 781/188/188
f 591/189/189 806/190/190 872/191/191
f 594/192/192 438/141/141 805/143/143
f 587/193/193 804/194/194 874/195/195
f 32/196/196 803/146/146 590/197/197
f 583/198/198 778/199/199 900/200/200
f 17/201/201 777/202/202 586/203/203
f 647/204/204 866/205/205 906/206/206
f 469/124/124 648/207/207 33/208/208
f 655/209/209 814/210/210 932/211/211
f 467/212/212 656/213/213 37/214/214
f 659/133/133 810/215/215 934/216/216
f 465/217/118 660/218/217 39/219/218
f 906/206/206 657/220/219 655/209/209
f 464/221/220 652/139/139 857/222/221
f 43/223/222 857/222/221 668/224/223
f 462/225/224 664/127/127 853/226/225
f 45/227/226 853/226/225 672/228/227
f 460/229/228 668/224/223 849/230/229
f 47/231/230 849/230/229 676/232/231
f 458/233/232 672/228/227 845/234/233
f 49/235/234 845/234/233 680/236/235
f 456/237/236 676/232/231 841/238/237
f 51/239/238 841/238/237 684/240/239
f 454/241/240 680/236/235 837/242/241
f 53/243/242 837/242/241 688/244/243
f 452/245/244 684/240/239 833/246/245
f 55/247/246 833/246/245 692/248/247
f 450/249/248 688/244/243 829/250/249
f 57/251/250 829/250/249 696/252/251
f 448/253/252 692/248/247 825/254/253
f 59/255/254 825/254/253 700/256/255
f 446/257/256 696/252/251 821/258/257
f 61/259/258 821/258/257 704/260/259
f 444/261/260 700/256/255 817/262/261
f 63/263/262 817/262/261 708/264/263
f 442/265/264 704/260/259 813/266/265
f 36/267/266 867/268/267 712/269/268
f 440/270/269 708/264/263 809/271/270
f 763/272/271 864/134/134 938/136/136
f 471/120/120 764/273/272 1/274/273
f 767/135/135 812/275/274 964/276/275
f 472/277/276 768/278/277 16/279/278
f 771/130/130 808/280/279 966/281/280
f 939/282/281 9/283/282 473/284/114
f 42/285/283 859/286/284 716/287/285
f 463/288/286 712/269/268 855/289/287
f 44/290/288 855/289/287 720/291/289
f 461/292/290 716/287/285 851/293/291
f 46/294/292 851/293/291 724/295/293
f 459/296/294 720/291/289 847/297/295
f 48/298/296 847/297/295 728/299/297
f 457/300/298 724/295/293 843/301/299
f 50/302/300 843/301/299 732/303/301
f 455/304/302 728/299/297 839/305/303
f 52/306/304 839/305/303 736/307/305
f 453/308/306 732/303/301 835/309/307
f 54/310/308 835/309/307 740/311/309
f 451/312/310 736/307/305 831/313/311
f 56/314/312 831/313/311 744/315/313
f 449/316/314 740/311/309 827/317/315
f 58/318/316 827/317/315 748/319/317
f 447/320/318 744/315/313 823/321/319
f 60/322/320 823/321/319 752/323/321
f 445/324/322 748/319/317 819/325/323
f 62/326/324 819/325/323 756/327/325
f 443/328/326 752/323/321 815/329/327
f 64/330/328 815/329/327 760/331/329
f 441/332/330 756/327/325 811/333/331
f 936/334/332 765/335/333 763/272/271
f 439/336/334 760/331/329 807/337/335
f 487/338/336 31/339/336 437/340/336
f 488/341/336 24/342/336 438/343/337
f 489/344/336 17/345/336 423/346/336
f 424/347/336 80/348/336 32/349/336
f 491/350/336 25/351/336 425/352/336
f 492/353/338 18/354/336 426/355/338
f 427/356/336 74/357/336 26/358/336
f 494/359/336 19/360/336 428/361/336
f 495/362/336 27/363/336 429/364/336
f 496/365/336 20/366/336 430/367/336
f 431/368/336 76/369/336 28/370/336
f 498/371/336 21/372/336 432/373/336
f 499/374/339 29/375/336 433/376/339
f 434/377/336 70/378/336 22/379/336
f 501/380/336 30/381/339 435/382/336
f 436/383/336 71/384/336 23/385/336
f 503/386/340 72/387/341 488/388/342
f 504/389/343 65/390/344 489/391/343
f 505/392/345 80/393/346 490/394/347
f 506/395/348 73/396/349 491/397/348
f 507/398/350 66/399/351 492/400/352
f 508/401/353 74/402/354 493/403/355
f 509/404/356 67/405/357 494/406/358
f 510/407/359 75/408/360 495/409/361
f 511/410/362 68/411/363 496/412/362
f 512/413/364 76/414/365 497/415/366
f 513/416/367 69/417/368 498/418/367
f 514/419/369 77/420/370 499/421/371
f 515/422/372 70/423/373 500/424/374
f 516/425/375 78/426/376 501/427/377
f 517/428/378 71/429/379 502/430/378
f 518/431/380 79/432/381 487/433/380
f 519/434/377 127/435/381 520/436/377
f 478/437/382 84/438/382 521/439/382
f 479/440/382 92/441/383 522/442/382
f 480/443/382 85/444/384 523/445/382
f 481/446/384 93/447/382 524/448/384
f 482/449/385 86/450/382 525/451/385
f 483/452/382 94/453/382 526/454/382
f 484/455/382 87/456/386 527/457/382
f 485/458/387 95/459/382 528/460/387
f 486/461/382 88/462/382 529/463/382
f 471/464/387 81/465/387 530/466/387
f 472/467/382 96/468/382 531/469/382
f 473/470/382 89/471/382 532/472/382
f 474/473/382 82/474/382 533/475/382
f 10/476/387 534/477/382 475/478/382
f 476/479/384 83/480/382 535/481/384
f 477/482/387 91/483/388 536/484/387
f 525/485/389 102/486/373 537/487/390
f 526/488/377 110/489/376 538/490/391
f 527/491/378 103/492/392 539/493/378
f 528/494/380 111/495/381 540/496/380
f 529/497/393 104/498/341 541/499/394
f 530/500/343 97/501/395 542/502/343
f 531/503/345 112/504/346 543/505/347
f 532/506/348 105/507/396 544/508/348
f 533/509/352 98/510/351 545/511/352
f 534/512/353 106/513/354 546/514/353
f 535/515/356 99/516/397 547/517/398
f 536/518/361 107/519/399 548/520/400
f 521/521/362 100/522/363 549/523/362
f 522/524/366 108/525/401 550/526/366
f 523/527/367 101/528/368 551/529/402
f 524/530/403 109/531/370 552/532/371
f 556/533/404 120/534/341 566/535/404
f 160/536/405 573/537/380 560/538/380
f 576/539/340 121/540/349 567/541/340
f 553/542/343 113/543/351 575/544/343
f 577/545/345 114/546/344 574/547/345
f 557/548/348 122/549/354 568/550/348
f 578/551/352 115/552/406 561/553/352
f 579/554/355 123/555/407 569/556/355
f 148/557/363 562/558/356 554/559/356
f 558/560/361 124/561/401 570/562/361
f 147/563/368 563/564/362 580/565/362
f 581/566/366 125/567/408 571/568/366
f 555/569/367 118/570/409 564/571/402
f 559/572/403 126/573/410 572/574/403
f 582/575/389 119/576/379 565/577/389
f 152/578/382 503/579/382 576/580/382
f 151/581/382 506/582/382 557/583/382
f 154/584/382 508/585/382 579/586/382
f 153/587/382 510/588/382 558/589/382
f 156/590/382 512/591/382 581/592/382
f 155/593/382 514/594/382 559/595/382
f 158/596/382 516/597/382 519/598/382
f 157/599/382 518/600/382 560/601/382
f 160/602/382 505/603/382 577/604/382
f 159/605/382 504/606/382 553/607/382
f 146/608/382 507/609/382 578/610/382
f 145/611/382 509/612/382 554/613/382
f 148/614/382 511/615/382 580/616/382
f 147/617/382 513/618/382 555/619/382
f 150/620/382 515/621/382 582/622/382
f 149/623/382 517/624/382 556/625/382
f 164/626/411 165/627/412 163/628/413
f 168/629/414 165/627/412 166/630/370
f 170/631/336 390/632/415 389/633/416
f 172/634/417 407/635/418 406/636/419
f 172/634/417 173/637/420 171/638/421
f 174/639/422 175/640/423 173/637/420
f 372/641/424 161/642/425 373/643/426
f 163/628/413 356/644/427 355/645/428
f 167/646/429 179/647/430 165/627/412
f 165/627/412 178/648/431 163/628/413
f 408/649/432 190/650/433 409/651/434
f 169/652/435 391/653/436 390/632/415
f 173/637/420 184/654/437 183/655/438
f 373/643/426 177/656/439 374/657/440
f 178/648/431 358/658/441 356/644/427
f 171/638/421 183/655/438 182/659/442
f 407/635/418 182/659/442 408/649/432
f 374/657/440 185/660/443 375/661/444
f 194/662/445 210/663/446 222/664/447
f 409/651/434 198/665/448 410/666/449
f 179/647/430 186/667/450 178/648/431
f 182/659/442 191/668/451 190/650/433
f 180/669/452 187/670/453 179/647/430
f 183/655/438 192/671/454 191/668/451
f 181/672/455 392/673/456 391/653/436
f 190/650/433 199/674/457 198/665/448
f 199/674/457 224/675/458 198/665/448
f 187/670/453 194/662/445 186/667/450
f 188/676/459 195/677/460 187/670/453
f 191/668/451 200/678/461 199/674/457
f 189/679/462 393/680/463 392/673/456
f 186/667/450 359/681/464 358/658/441
f 375/661/444 193/682/465 376/683/466
f 195/677/460 214/684/467 210/663/446
f 360/685/468 242/686/469 361/687/470
f 211/688/471 206/689/472 223/690/473
f 200/678/461 212/691/471 199/674/457
f 393/680/463 220/692/474 394/693/475
f 412/694/476 205/695/477 219/696/478
f 359/681/464 222/664/447 362/697/479
f 198/665/448 413/698/480 410/666/449
f 193/682/465 377/699/481 376/683/466
f 240/700/482 415/701/483 414/702/484
f 213/703/485 203/704/486 209/705/446
f 221/706/487 203/704/486 202/707/488
f 208/708/489 211/688/471 217/709/490
f 240/710/491 212/711/492 227/712/493
f 225/713/494 235/714/495 236/715/496
f 378/716/497 201/717/498 379/718/499
f 360/685/468 216/719/500 363/720/501
f 395/721/502 213/703/485 396/722/503
f 209/723/504 230/724/505 213/725/506
f 211/726/507 232/727/508 217/728/509
f 235/729/510 209/723/504 221/730/511
f 219/731/512 415/732/513 412/733/514
f 217/728/509 380/734/515 378/735/516
f 216/736/517 364/737/518 363/738/519
f 381/739/520 215/740/521 238/741/522
f 213/725/506 397/742/523 396/743/524
f 236/744/525 210/745/526 225/746/527
f 229/747/528 210/745/526 214/748/529
f 212/711/492 231/749/530 227/712/493
f 398/750/531 214/748/529 394/751/532
f 365/752/533 215/740/521 362/753/534
f 414/754/535 224/755/536 240/710/491
f 236/715/496 364/756/537 365/757/538
f 398/758/539 230/759/540 229/760/541
f 231/761/542 228/762/543 227/763/544
f 229/760/541 226/764/408 225/713/494
f 227/763/544 239/765/545 240/700/482
f 238/766/546 380/767/547 381/768/548
f 211/726/507 239/769/549 228/770/550
f 164/626/411 355/645/428 357/771/551
f 248/772/552 255/773/553 247/774/554
f 201/717/498 382/775/555 379/718/499
f 207/776/556 246/777/557 206/689/472
f 395/721/502 245/778/558 399/779/559
f 202/707/488 243/780/560 242/686/469
f 208/708/489 247/774/554 207/776/556
f 206/689/472 416/781/561 411/782/562
f 203/704/486 244/783/563 243/780/560
f 400/784/564 261/785/565 401/786/566
f 246/777/557 417/787/567 416/781/561
f 243/780/560 252/788/568 251/789/569
f 361/687/470 250/790/570 366/791/571
f 241/792/572 383/793/573 382/775/555
f 247/774/554 254/794/574 246/777/557
f 399/779/559 253/795/575 400/784/564
f 242/686/469 251/789/569 250/790/570
f 281/796/576 385/797/577 384/798/578
f 250/790/570 259/799/579 258/800/580
f 256/801/581 263/802/582 255/773/553
f 254/794/574 418/803/583 417/787/567
f 251/789/569 260/804/584 259/799/579
f 366/791/571 258/800/580 367/805/585
f 249/806/586 386/807/587 383/793/573
f 255/773/553 262/808/588 254/794/574
f 282/809/422 270/810/589 286/811/590
f 283/812/591 402/813/592 403/814/593
f 288/815/594 267/816/595 266/817/596
f 285/818/597 271/819/598 282/809/422
f 286/811/590 419/820/599 420/821/600
f 287/822/601 267/816/595 284/823/370
f 288/815/594 368/824/602 369/825/602
f 367/805/585 280/826/603 370/827/604
f 260/804/584 279/828/605 259/799/579
f 418/803/583 276/829/590 421/830/606
f 263/802/582 274/831/607 275/832/368
f 258/800/580 279/828/605 280/826/603
f 401/786/566 277/833/591 404/834/608
f 262/808/588 275/832/368 276/829/590
f 386/807/587 273/835/609 387/836/610
f 994/837/611 969/838/612 970/839/613
f 976/840/614 992/841/615 982/842/616
f 276/843/617 994/844/618 970/845/619
f 277/846/620 371/847/621 977/848/622
f 289/849/623 973/850/624 974/851/625
f 978/852/626 292/853/627 980/854/628
f 421/855/629 989/856/630 371/847/621
f 297/857/631 300/858/631 320/859/631
f 298/860/631 313/861/631 322/862/631
f 299/863/632 301/864/632 302/865/632
f 304/866/633 308/867/633 328/868/633
f 307/869/633 303/870/633 331/871/633
f 308/872/634 305/873/634 309/874/634
f 297/875/368 304/876/368 303/877/368
f 299/878/368 304/876/368 298/879/368
f 302/880/633 305/881/635 299/882/635
f 302/883/370 308/884/370 309/885/370
f 300/886/370 308/884/370 301/887/370
f 297/888/634 307/889/634 300/890/634
f 322/891/636 333/892/637 316/893/638
f 310/894/639 323/895/370 326/896/640
f 317/897/368 334/898/641 330/899/368
f 318/900/642 330/899/368 329/901/642
f 321/902/643 329/901/642 332/903/643
f 331/904/644 321/902/643 332/903/643
f 312/905/645 331/904/644 325/906/645
f 315/907/646 325/906/645 324/908/647
f 323/895/370 315/907/646 324/908/647
f 313/909/648 328/910/636 322/911/636
f 314/912/649 306/913/650 326/896/640
f 334/898/641 316/893/638 333/892/637
f 314/914/651 310/915/651 306/916/651
f 346/917/652 343/918/653 344/919/654
f 338/920/655 339/921/656 337/922/655
f 340/923/657 341/924/658 339/921/656
f 341/924/658 344/919/654 343/918/653
f 345/925/652 348/926/659 347/927/659
f 348/928/659 349/929/660 347/930/659
f 349/929/660 352/931/661 351/932/662
f 352/931/661 353/933/663 351/932/662
f 353/933/663 336/934/664 335/935/665
f 1001/936/666 1031/937/667 1071/938/668
f 1095/939/669 1077/940/670 1007/941/671
f 1010/942/672 1153/943/673 1080/944/674
f 1029/945/675 1100/946/676 1026/947/677
f 1032/948/678 1103/949/679 1106/950/680
f 1041/951/681 1112/952/682 1038/953/683
f 1052/954/684 1159/955/685 1148/956/686
f 1134/957/687 1113/958/688 1043/959/689
f 1116/960/690 1147/961/691 1159/955/685
f 1064/962/692 1136/963/693 1062/964/694
f 1037/965/695 995/966/696 1107/967/697
f 295/968/698 273/969/699 370/970/700
f 985/971/701 293/972/702 986/973/703
f 367/805/585 273/835/609 257/974/704
f 281/796/576 368/824/602 265/975/705
f 249/806/586 367/805/585 257/974/704
f 241/792/572 366/791/571 249/806/586
f 357/771/551 161/642/425 162/976/382
f 365/757/538 237/977/500 238/766/546
f 365/752/533 222/978/706 236/744/525
f 221/730/511 364/737/518 235/729/510
f 202/707/488 363/720/501 221/706/487
f 193/682/465 362/697/479 215/979/707
f 201/717/498 361/687/470 241/792/572
f 358/658/441 193/682/465 185/660/443
f 356/644/427 185/660/443 177/656/439
f 355/645/428 177/656/439 161/642/425
f 291/980/708 275/981/709 274/982/710
f 295/983/711 979/984/712 975/985/713
f 264/986/714 387/836/610 274/831/607
f 383/793/573 264/986/714 256/801/581
f 384/798/578 272/987/715 285/818/597
f 382/775/555 256/801/581 248/772/552
f 379/718/499 248/772/552 208/708/489
f 381/768/548 232/988/716 231/761/542
f 218/989/717 381/739/520 231/749/530
f 216/736/517 380/734/515 237/990/718
f 217/709/490 379/718/499 208/708/489
f 376/683/466 218/991/719 200/678/461
f 192/671/454 376/683/466 200/678/461
f 184/654/437 375/661/444 192/671/454
f 175/640/423 374/657/440 184/654/437
f 372/641/424 175/640/423 176/992/720
f 404/993/721 405/994/722 988/995/723
f 371/996/724 981/997/725 977/998/726
f 260/804/584 404/834/608 278/999/727
f 403/814/593 268/1000/728 287/822/601
f 244/783/563 400/784/564 252/788/568
f 252/788/568 401/786/566 260/804/584
f 204/1001/729 399/779/559 244/783/563
f 234/1002/730 397/1003/731 398/758/539
f 234/1004/732 394/751/532 220/1005/733
f 219/1006/512 397/742/523 233/1007/734
f 205/1008/477 396/722/503 219/1009/478
f 196/1010/735 394/693/475 214/684/467
f 392/673/456 196/1010/735 188/676/459
f 391/653/436 188/676/459 180/669/452
f 390/632/415 180/669/452 167/646/429
f 168/629/414 390/632/415 167/646/429
f 985/1011/736 274/982/710 387/1012/737
f 988/1013/738 422/1014/739 987/1015/740
f 261/1016/565 421/830/606 277/1017/591
f 420/821/600 269/1018/741 283/1019/591
f 417/787/567 261/1016/565 253/1020/575
f 416/781/561 253/1020/575 245/1021/558
f 411/782/562 245/1021/558 205/695/477
f 220/1022/733 414/754/535 234/1023/732
f 223/1024/742 415/732/513 239/769/549
f 414/702/484 233/1025/743 234/1026/730
f 410/666/449 220/1027/474 197/1028/744
f 206/689/472 412/694/476 223/690/473
f 189/1029/462 410/666/449 197/1028/744
f 169/1030/435 408/649/432 181/1031/455
f 181/1031/455 409/651/434 189/1029/462
f 406/636/419 169/1030/435 170/1032/336
f 269/1033/745 419/1034/745 402/1035/745
f 419/1034/745 268/1036/745 402/1035/745
f 267/1037/745 270/1038/745 271/1039/745
f 267/1037/745 272/1040/745 266/1041/745
f 385/1042/745 266/1041/745 272/1040/745
f 368/1043/746 385/1042/745 265/1044/747
f 162/1045/748 372/1046/349 357/1047/349
f 357/1047/349 176/1048/349 164/1049/349
f 164/1049/349 174/1050/349 166/1051/349
f 166/1051/349 172/1052/349 168/1053/349
f 406/1054/748 168/1053/349 172/1052/349
f 389/1055/349 406/1054/748 170/1056/749
f 338/920/655 335/935/665 336/934/664
f 1131/1057/750 1062/964/694 1133/1058/751
f 1121/1059/752 1056/1060/753 1124/1061/754
f 1125/1062/755 1119/1063/756 1049/1064/757
f 1055/1065/758 1043/959/689 1119/1063/756
f 1061/1066/759 1037/965/695 1113/958/688
f 1097/1067/760 1032/948/678 1100/946/676
f 1091/1068/761 1026/947/677 1094/1069/762
f 1085/1070/763 1020/1071/764 1088/1072/765
f 1089/1073/766 1083/1074/767 1013/1075/768
f 1019/1076/769 1007/941/671 1083/1074/767
f 1077/940/670 1101/1077/770 1001/936/666
f 1071/938/668 1107/967/697 995/966/696
f 1059/1078/771 1133/1058/751 1056/1060/753
f 1053/1079/772 1124/1061/754 1050/1080/773
f 1122/1081/774 1149/1082/775 1058/1083/776
f 1047/1084/777 1118/1085/778 1044/1086/779
f 1005/1087/780 1076/1088/781 1002/1089/782
f 1068/1090/783 1140/1091/784 1004/1092/785
f 1086/1093/786 1142/1094/787 1154/1095/788
f 1011/1096/789 1082/1097/790 1008/1098/791
f 1127/1099/792 1139/1100/793 999/1101/794
f 1017/1102/795 1088/1103/765 1014/1104/796
f 1023/1105/797 1094/1069/762 1020/1071/764
f 1115/1106/798 1050/1080/773 1118/1085/778
f 1109/1107/799 1044/1086/779 1112/952/682
f 1074/1108/800 1141/1109/801 1010/942/672
f 1103/949/679 1038/953/683 1106/950/680
f 1052/954/684 1160/1110/802 1122/1081/774
f 1128/1111/803 996/1112/804 1136/963/693
f 1092/1113/805 1143/1114/806 1155/1115/807
f 1067/1116/808 1002/1089/782 1070/1117/809
f 1080/944/674 1142/1094/787 1016/1118/810
f 1073/1119/811 1008/1098/791 1076/1088/781
f 1079/1120/812 1014/1104/796 1082/1097/790
f 556/625/382 136/1121/382 152/578/382
f 582/622/382 133/1122/382 149/623/382
f 555/619/382 134/1123/382 150/620/382
f 580/616/382 131/1124/382 147/617/382
f 554/613/382 132/1125/382 148/614/382
f 578/610/382 129/1126/382 145/611/382
f 553/607/382 130/1127/382 146/608/382
f 577/604/382 143/1128/382 159/605/382
f 560/601/382 144/1129/382 160/602/382
f 519/598/382 141/1130/382 157/599/382
f 559/595/382 142/1131/382 158/596/382
f 581/592/382 139/1132/382 155/593/382
f 558/589/382 140/1133/382 156/590/382
f 579/586/382 137/1134/382 153/587/382
f 557/583/382 138/1135/382 154/584/382
f 576/580/382 135/1136/382 151/581/382
f 150/1137/373 565/577/389 118/570/409
f 155/1138/408 572/574/403 125/567/408
f 555/569/367 117/1139/368 147/563/368
f 156/1140/401 571/568/366 124/561/401
f 148/557/363 563/564/362 116/1141/363
f 153/1142/407 570/562/361 123/555/407
f 145/1143/406 562/558/356 115/552/406
f 154/1144/354 569/556/355 122/549/354
f 146/1145/813 561/553/352 113/543/351
f 151/1146/349 568/1147/348 121/540/349
f 160/536/405 574/547/345 128/1148/405
f 159/1149/344 575/544/343 114/546/344
f 576/539/340 120/534/341 152/1150/341
f 560/538/380 127/435/381 157/1151/381
f 149/1152/379 566/535/404 119/576/379
f 94/1153/814 552/532/371 110/489/376
f 86/1154/409 551/529/402 102/486/373
f 93/1155/370 550/526/366 109/531/370
f 85/1156/368 549/523/362 101/528/368
f 92/1157/401 548/520/400 108/525/401
f 84/1158/363 547/517/398 100/522/363
f 91/1159/360 546/514/353 107/519/399
f 83/1160/357 545/511/352 99/516/397
f 90/1161/354 544/1162/348 106/513/354
f 81/1163/344 543/505/347 97/501/395
f 82/1164/351 542/502/343 98/510/351
f 89/1165/349 541/499/394 105/507/396
f 96/1166/405 540/496/380 112/504/346
f 88/1167/815 539/493/378 104/498/341
f 95/1168/381 538/490/391 111/495/381
f 87/1169/379 537/487/390 103/492/392
f 12/1170/383 536/484/387 92/441/383
f 4/1171/382 535/481/384 84/438/382
f 11/1172/816 534/477/382 91/483/388
f 3/1173/382 533/475/382 83/480/382
f 10/476/387 532/1174/382 90/1175/817
f 1/1176/387 531/469/382 81/465/387
f 2/1177/382 530/466/387 82/474/382
f 9/1178/382 529/463/382 89/471/382
f 16/1179/382 528/460/387 96/468/382
f 8/1180/382 527/457/382 88/462/382
f 15/1181/382 526/454/382 95/459/382
f 7/1182/386 525/451/385 87/456/386
f 14/1183/382 524/448/384 94/453/382
f 6/1184/382 523/445/382 86/450/382
f 13/1185/382 522/442/382 93/447/382
f 5/1186/384 521/439/382 85/444/384
f 158/1187/376 520/436/377 126/573/410
f 144/1188/405 487/433/380 80/393/346
f 136/1189/815 502/430/378 72/387/341
f 141/1190/381 501/427/377 79/432/381
f 133/1191/379 500/424/374 71/429/379
f 142/1192/818 499/421/371 78/426/376
f 134/1193/819 498/418/367 70/423/373
f 139/1194/370 497/415/366 77/420/370
f 131/1195/368 496/412/362 69/417/368
f 140/1196/401 495/409/361 76/414/365
f 132/1197/363 494/406/358 68/411/363
f 137/1198/360 493/403/355 75/408/360
f 129/1199/406 492/400/352 67/405/357
f 138/1200/354 491/1201/348 74/402/354
f 143/1202/344 490/394/347 65/390/344
f 130/1203/351 489/391/343 66/399/351
f 135/1204/349 488/388/342 73/396/349
f 24/342/336 502/1205/336 436/383/336
f 79/1206/336 435/382/336 31/339/336
f 23/385/336 500/1207/336 434/377/336
f 78/1208/339 433/376/339 30/381/339
f 22/379/336 498/371/336 432/373/336
f 77/1209/336 431/368/336 29/375/336
f 69/1210/336 430/367/336 21/372/336
f 28/370/336 495/362/336 429/364/336
f 20/366/336 494/359/336 428/361/336
f 27/363/336 493/1211/336 427/356/336
f 67/1212/336 426/355/338 19/360/336
f 74/357/336 425/1213/336 26/358/336
f 17/345/336 490/1214/336 424/347/336
f 66/1215/336 423/346/336 18/354/336
f 73/1216/336 438/343/337 25/351/336
f 80/348/336 437/340/336 32/349/336
f 9/283/282 965/1217/820 486/1218/821
f 39/1219/822 807/337/335 774/1220/823
f 16/279/278 963/1221/824 485/1222/825
f 37/1223/826 811/333/331 770/1224/827
f 966/281/280 759/1225/828 761/1226/829
f 965/1217/820 8/49/49 486/1218/821
f 964/276/275 755/1227/830 757/1228/831
f 963/1221/824 15/55/55 485/1222/825
f 962/1229/832 751/1230/833 753/1231/834
f 961/1232/835 7/61/61 484/48/48
f 960/1233/836 747/1234/837 749/1235/838
f 959/1236/839 14/65/65 483/54/54
f 958/1237/840 743/1238/841 745/1239/842
f 957/1240/843 6/73/73 482/60/60
f 828/1241/844 741/1242/845 956/1243/846
f 481/67/67 742/1244/847 13/77/77
f 954/1245/848 735/1246/849 737/1247/850
f 480/72/72 738/83/83 5/85/85
f 836/1248/851 733/1249/852 952/1250/853
f 479/79/79 734/1251/854 12/89/89
f 950/1252/855 727/1253/856 729/1254/857
f 949/1255/858 4/95/95 478/84/84
f 948/1256/859 723/1257/860 725/1258/861
f 477/91/91 726/1259/862 11/101/101
f 946/1260/863 719/1261/864 721/1262/865
f 476/97/97 722/107/107 3/109/109
f 944/1263/866 715/1264/867 717/1265/868
f 943/102/102 10/115/115 475/103/103
f 1/274/273 937/1266/869 472/277/276
f 33/1267/870 863/1268/871 766/1269/872
f 942/1270/873 711/1271/874 713/1272/875
f 941/1273/876 2/121/121 474/108/108
f 39/219/218 933/1274/877 439/1275/878
f 40/1276/879 809/271/270 662/1277/880
f 37/214/214 931/1278/881 441/1279/882
f 38/1280/883 813/266/265 658/1281/884
f 934/216/216 707/1282/885 709/1283/886
f 439/1275/878 710/1284/887 64/50/50
f 932/211/211 703/1285/888 705/1286/889
f 441/1279/882 706/1287/890 62/56/56
f 930/1288/891 699/1289/892 701/1290/893
f 443/52/52 702/1291/894 60/62/62
f 928/1292/895 695/1293/896 697/1294/897
f 445/58/58 698/1295/898 58/68/68
f 926/1296/899 691/1297/900 693/1298/901
f 447/64/64 694/1299/902 56/74/74
f 924/1300/903 687/1301/904 689/1302/905
f 449/70/70 690/1303/906 54/80/80
f 922/1304/907 683/1305/908 685/1306/909
f 451/76/76 686/1307/910 52/86/86
f 920/1308/911 679/1309/912 681/1310/913
f 453/82/82 682/1311/914 50/92/92
f 918/1312/915 675/1313/916 677/1314/917
f 455/88/88 678/1315/918 48/98/98
f 916/1316/919 671/1317/920 673/1318/921
f 457/94/94 674/1319/922 46/104/104
f 914/1320/923 667/1321/924 669/1322/925
f 459/100/100 670/1323/926 44/110/110
f 912/1324/927 663/1325/928 665/1326/929
f 461/106/106 666/1327/930 42/116/116
f 33/208/208 905/1328/931 467/212/212
f 34/1329/932 865/1330/933 650/1331/934
f 910/1332/935 651/1333/936 653/1334/937
f 463/112/112 654/1335/938 36/122/122
f 896/1336/939 595/1337/940 597/1338/941
f 26/1339/942 779/1340/943 600/183/183
f 902/1341/944 585/1342/945 583/198/198
f 901/1343/946 34/1344/947 470/186/186
f 894/1345/948 599/1346/949 601/1347/950
f 19/1348/951 781/188/188 604/178/178
f 892/1349/952 603/1350/953 605/1351/954
f 27/1352/955 783/184/184 608/174/174
f 890/1353/956 607/1354/957 609/1355/958
f 20/1356/959 785/179/179 612/171/171
f 888/1357/960 611/1358/961 613/1359/962
f 28/1360/963 787/175/175 616/167/167
f 886/1361/964 615/1362/965 617/1363/966
f 21/1364/967 789/172/172 620/163/163
f 884/1365/968 619/1366/969 621/1367/970
f 29/1368/971 791/168/168 624/159/159
f 882/1369/972 623/1370/973 625/1371/974
f 22/1372/975 793/164/164 628/156/156
f 880/1373/976 627/1374/977 629/1375/978
f 632/153/153 433/158/158 795/160/160
f 878/1376/979 631/1377/980 633/1378/981
f 23/1379/982 797/157/157 636/149/149
f 876/1380/983 635/1381/984 637/1382/985
f 31/1383/986 799/154/154 640/145/145
f 874/195/195 639/1384/987 641/1385/988
f 24/1386/989 801/150/150 644/142/142
f 872/191/191 643/1387/990 645/1388/991
f 904/1389/992 649/1390/993 647/204/204
f 900/200/200 589/1391/994 587/193/193
f 899/1392/995 38/1/1 468/1393/996
f 898/1394/997 593/1395/998 591/189/189
f 897/1396/999 40/6/6 466/1397/181
f 653/1334/937 870/1398/1000 904/1389/992
f 713/1272/875 868/1399/1001 936/334/332
f 470/1400/1002 650/1331/934 869/138/138
f 469/1401/1003 766/1269/872 867/268/267
f 665/1326/929 862/1402/1004 908/1403/131
f 717/1265/868 860/1404/1005 940/1405/128
f 669/1322/925 858/1406/1006 910/1332/935
f 721/1262/865 856/1407/1007 942/1270/873
f 673/1318/921 854/1408/1008 912/1324/927
f 725/1258/861 852/1409/1009 944/1263/866
f 677/1314/917 850/1410/1010 914/1320/923
f 729/1254/857 848/1411/1011 946/1260/863
f 681/1310/913 846/1412/1012 916/1316/919
f 733/1249/852 844/1413/1013 948/1256/859
f 685/1306/909 842/1414/1014 918/1312/915
f 737/1247/850 840/1415/1015 950/1252/855
f 689/1302/905 838/1416/1016 920/1308/911
f 739/1417/1017 952/1250/853 741/1242/845
f 693/1298/901 834/1418/1018 922/1304/907
f 745/1239/842 832/1419/1019 954/1245/848
f 697/1294/897 830/1420/1020 924/1300/903
f 749/1235/838 828/1241/844 956/1243/846
f 701/1290/893 826/1421/1021 926/1296/899
f 753/1231/834 824/1422/1022 958/1237/840
f 703/1285/888 928/1292/895 705/1286/889
f 757/1228/831 820/1423/1023 960/1233/836
f 709/1283/886 818/1424/1024 930/1288/891
f 761/1226/829 816/1425/1025 962/1229/832
f 468/1426/1026 658/1281/884 865/1330/933
f 467/1427/1027 770/1224/827 863/1268/871
f 466/1428/1028 662/1277/880 861/1429/126
f 465/1430/1029 774/1220/823 859/1431/284
f 425/1432/1030 594/192/192 779/1433/943
f 424/1434/1031 590/197/197 777/202/202
f 645/1388/991 802/1435/1032 876/1380/983
f 641/1385/988 800/1436/1033 878/1376/979
f 637/1382/985 798/1437/1034 880/1373/976
f 633/1378/981 796/1438/1035 882/1369/972
f 629/1375/978 794/1439/1036 884/1365/968
f 625/1371/974 792/1440/1037 886/1361/964
f 621/1367/970 790/1441/1038 888/1357/960
f 617/1363/966 788/1442/1039 890/1353/956
f 613/1359/962 786/1443/1040 892/1349/952
f 609/1355/958 784/1444/1041 894/1345/948
f 605/1351/954 782/1445/1042 896/1336/939
f 601/1347/950 780/1446/1043 898/1447/997
f 423/1448/1044 586/203/203 775/8/8
f 597/1338/941 776/1449/1045 902/1341/944
f 121/1450/817 568/1451/382 567/1452/1046
f 568/1451/382 120/1453/382 567/1452/1046
f 566/1454/382 122/1455/382 569/1456/382
f 123/1457/382 566/1454/382 569/1456/382
f 119/1458/382 570/1459/382 565/1460/382
f 570/1459/382 118/1461/382 565/1460/382
f 118/1461/382 571/1462/382 564/1463/382
f 571/1462/382 117/1464/382 564/1463/382
f 117/1464/382 572/1465/382 563/1466/382
f 572/1465/382 116/1467/382 563/1466/382
f 520/1468/382 116/1467/382 126/1469/382
f 520/1468/382 115/1470/382 562/1471/382
f 115/1470/382 573/1472/382 561/1473/382
f 128/1474/382 561/1473/382 573/1472/382
f 575/1475/382 128/1474/382 574/1476/1047
f 574/1476/1047 114/1477/817 575/1475/382
f 595/1337/940 775/8/8 776/1449/1045
f 585/1342/945 777/202/202 778/199/199
f 599/1346/949 779/1340/943 780/1446/1043
f 603/1350/953 781/188/188 782/1445/1042
f 607/1354/957 783/184/184 784/1444/1041
f 611/1358/961 785/179/179 786/1443/1040
f 615/1362/965 787/175/175 788/1442/1039
f 619/1366/969 789/172/172 790/1441/1038
f 623/1370/973 791/168/168 792/1440/1037
f 627/1374/977 793/164/164 794/1439/1036
f 631/1377/980 795/160/160 796/1438/1035
f 635/1381/984 797/157/157 798/1437/1034
f 639/1384/987 799/154/154 800/1436/1033
f 643/1387/990 801/150/150 802/1435/1032
f 589/1391/994 803/146/146 804/194/194
f 593/1395/998 805/143/143 806/190/190
f 808/280/279 774/1220/823 807/337/335
f 810/215/215 662/1277/880 809/271/270
f 812/275/274 770/1224/827 811/333/331
f 814/210/210 658/1281/884 813/266/265
f 816/1425/1025 760/331/329 815/329/327
f 818/1424/1024 708/264/263 817/262/261
f 820/1423/1023 756/327/325 819/325/323
f 822/1478/1048 704/260/259 821/258/257
f 824/1422/1022 752/323/321 823/321/319
f 826/1421/1021 700/256/255 825/254/253
f 828/1241/844 748/319/317 827/317/315
f 830/1420/1020 696/252/251 829/250/249
f 832/1419/1019 744/315/313 831/313/311
f 834/1418/1018 692/248/247 833/246/245
f 836/1248/851 740/311/309 835/309/307
f 838/1416/1016 688/244/243 837/242/241
f 840/1415/1015 736/307/305 839/305/303
f 842/1414/1014 684/240/239 841/238/237
f 844/1413/1013 732/303/301 843/301/299
f 846/1412/1012 680/236/235 845/234/233
f 848/1411/1011 728/299/297 847/297/295
f 850/1410/1010 676/232/231 849/230/229
f 852/1409/1009 724/295/293 851/293/291
f 854/1408/1008 672/228/227 853/226/225
f 856/1407/1007 720/291/289 855/289/287
f 858/1406/1006 668/224/223 857/222/221
f 860/1404/1005 716/287/285 859/286/284
f 862/1402/1004 664/127/127 861/126/126
f 864/134/134 766/1269/872 863/1268/871
f 866/205/205 650/1331/934 865/1330/933
f 868/1399/1001 712/269/268 867/268/267
f 870/1398/1000 652/139/139 869/138/138
f 645/1388/991 871/45/45 872/191/191
f 641/1385/988 873/2/2 874/195/195
f 637/1382/985 875/40/40 876/1380/983
f 633/1378/981 877/37/37 878/1376/979
f 629/1375/978 879/147/147 880/1373/976
f 625/1371/974 881/31/31 882/1369/972
f 621/1367/970 883/28/28 884/1365/968
f 617/1363/966 885/25/25 886/1361/964
f 613/1359/962 887/22/22 888/1357/960
f 609/1355/958 889/1479/1049 890/1353/956
f 605/1351/954 891/16/16 892/1349/952
f 601/1347/950 893/13/13 894/1345/948
f 597/1338/941 895/10/10 896/1336/939
f 591/189/189 897/1396/999 898/1394/997
f 587/193/193 899/1392/995 900/200/200
f 583/198/198 901/1343/946 902/1341/944
f 647/204/204 903/123/123 904/1389/992
f 655/209/209 905/1328/931 906/206/206
f 659/133/133 907/1480/117 908/131/131
f 653/1334/937 909/111/111 910/1332/935
f 665/1326/929 911/105/105 912/1324/927
f 669/1322/925 913/99/99 914/1320/923
f 673/1318/921 915/93/93 916/1316/919
f 677/1314/917 917/87/87 918/1312/915
f 681/1310/913 919/81/81 920/1308/911
f 685/1306/909 921/75/75 922/1304/907
f 689/1302/905 923/69/69 924/1300/903
f 693/1298/901 925/63/63 926/1296/899
f 697/1294/897 927/57/57 928/1292/895
f 701/1290/893 929/51/51 930/1288/891
f 705/1286/889 931/1278/881 932/211/211
f 709/1283/886 933/1274/877 934/216/216
f 936/334/332 764/273/272 935/1481/1050
f 767/135/135 937/1266/869 938/136/136
f 771/130/130 939/282/281 940/128/128
f 713/1272/875 941/1273/876 942/1270/873
f 944/1263/866 718/113/113 943/102/102
f 721/1262/865 945/96/96 946/1260/863
f 948/1256/859 726/1259/862 947/90/90
f 950/1252/855 730/1482/1051 949/1255/858
f 733/1249/852 951/78/78 952/1250/853
f 737/1247/850 953/1483/1052 954/1245/848
f 741/1242/845 955/66/66 956/1243/846
f 745/1239/842 957/1240/843 958/1237/840
f 749/1235/838 959/1236/839 960/1233/836
f 753/1231/834 961/1232/835 962/1229/832
f 757/1228/831 963/1221/824 964/276/275
f 761/1226/829 965/1217/820 966/281/280
f 776/1449/1045 586/203/203 585/1342/945
f 778/199/199 590/197/197 589/1391/994
f 780/1484/1043 594/192/192 593/1395/998
f 782/1445/1042 596/9/9 595/1337/940
f 784/1444/1041 600/183/183 599/1346/949
f 786/1443/1040 604/178/178 603/1350/953
f 788/1442/1039 608/174/174 607/1354/957
f 790/1441/1038 612/171/171 611/1358/961
f 792/1440/1037 616/167/167 615/1362/965
f 794/1439/1036 620/163/163 619/1366/969
f 796/1438/1035 624/159/159 623/1370/973
f 798/1437/1034 628/156/156 627/1374/977
f 800/1436/1033 632/153/153 631/1377/980
f 802/1435/1032 636/149/149 635/1381/984
f 804/194/194 640/145/145 639/1384/987
f 806/190/190 644/142/142 643/1387/990
f 759/1225/828 807/337/335 760/331/329
f 707/1282/885 809/271/270 708/264/263
f 755/1227/830 811/333/331 756/327/325
f 703/1285/888 813/266/265 704/260/259
f 751/1230/833 815/329/327 752/323/321
f 699/1289/892 817/262/261 700/256/255
f 747/1234/837 819/325/323 748/319/317
f 695/1293/896 821/258/257 696/252/251
f 743/1238/841 823/321/319 744/315/313
f 691/1297/900 825/254/253 692/248/247
f 739/1417/1017 827/317/315 740/311/309
f 687/1301/904 829/250/249 688/244/243
f 735/1246/849 831/313/311 736/307/305
f 683/1305/908 833/246/245 684/240/239
f 731/1485/1053 835/309/307 732/303/301
f 679/1309/912 837/242/241 680/236/235
f 727/1253/856 839/305/303 728/299/297
f 675/1313/916 841/238/237 676/232/231
f 723/1257/860 843/301/299 724/295/293
f 671/1317/920 845/234/233 672/228/227
f 719/1261/864 847/297/295 720/291/289
f 667/1321/924 849/230/229 668/224/223
f 715/1264/867 851/293/291 716/287/285
f 663/1325/928 853/226/225 664/127/127
f 711/1271/874 855/289/287 712/269/268
f 651/1333/936 857/222/221 652/139/139
f 773/129/129 859/1431/284 774/1220/823
f 661/132/132 861/1429/126 662/1277/880
f 769/1486/1054 863/1268/871 770/1224/827
f 657/220/219 865/1330/933 658/1281/884
f 765/335/333 867/268/267 766/1269/872
f 649/1390/993 869/138/138 650/1331/934
f 872/191/191 592/4/4 591/189/189
f 874/195/195 588/1487/1055 587/193/193
f 876/1380/983 646/140/140 645/1388/991
f 878/1376/979 642/43/43 641/1385/988
f 880/1373/976 638/1488/1056 637/1382/985
f 882/1369/972 634/151/151 633/1378/981
f 884/1365/968 630/35/35 629/1375/978
f 886/1361/964 626/1489/1057 625/1371/974
f 888/1357/960 622/161/161 621/1367/970
f 890/1353/956 618/165/165 617/1363/966
f 892/1349/952 614/169/169 613/1359/962
f 894/1345/948 610/20/20 609/1355/958
f 896/1336/939 606/176/176 605/1351/954
f 898/1447/997 602/180/180 601/1347/950
f 900/200/200 584/1490/1058 583/198/198
f 902/1341/944 598/185/185 597/1338/941
f 904/1389/992 654/1335/938 653/1334/937
f 906/206/206 648/207/207 647/204/204
f 908/1403/131 666/1327/930 665/1326/929
f 910/1332/935 670/1323/926 669/1322/925
f 912/1324/927 674/1319/922 673/1318/921
f 914/1320/923 678/1315/918 677/1314/917
f 916/1316/919 682/1311/914 681/1310/913
f 918/1312/915 686/1307/910 685/1306/909
f 920/1308/911 690/1303/906 689/1302/905
f 922/1304/907 694/1299/902 693/1298/901
f 924/1300/903 698/1295/898 697/1294/897
f 926/1296/899 702/1291/894 701/1290/893
f 928/1292/895 706/1287/890 705/1286/889
f 930/1288/891 710/1284/887 709/1283/886
f 932/211/211 656/213/213 655/209/209
f 934/216/216 660/218/217 659/133/133
f 713/1272/875 935/1481/1050 714/119/119
f 938/136/136 764/273/272 763/272/271
f 940/1405/128 718/113/113 717/1265/868
f 942/1270/873 722/107/107 721/1262/865
f 944/1263/866 726/1259/862 725/1258/861
f 946/1260/863 730/1482/1051 729/1254/857
f 948/1256/859 734/1251/854 733/1249/852
f 950/1252/855 738/83/83 737/1247/850
f 952/1250/853 742/1244/847 741/1242/845
f 954/1245/848 746/71/71 745/1239/842
f 956/1243/846 750/1491/1059 749/1235/838
f 958/1237/840 754/59/59 753/1231/834
f 960/1233/836 758/53/53 757/1228/831
f 962/1229/832 762/47/47 761/1226/829
f 964/276/275 768/278/277 767/135/135
f 966/281/280 772/1492/1060 771/130/130
f 584/1490/1058 468/1393/996 34/1344/947
f 279/1493/1061 991/1494/1062 976/1495/1063
f 278/1496/1064 972/1497/1065 991/1494/1062
f 280/1498/1066 983/1499/1067 370/970/700
f 279/1493/1061 289/1500/1068 280/1498/1066
f 277/846/620 405/994/722 404/993/721
f 275/981/709 994/844/618 276/843/617
f 273/969/699 294/1501/1069 387/1012/737
f 280/1498/1066 289/1500/1068 974/1502/1070
f 974/851/625 984/1503/1071 983/1504/1072
f 991/1505/1073 971/1506/1074 992/841/615
f 970/839/613 990/1507/1075 989/1508/1076
f 291/1509/1077 967/1510/1078 292/853/627
f 976/840/614 290/1511/1079 289/849/623
f 405/1512/1080 981/1513/725 422/1014/739
f 994/837/611 980/854/628 993/1514/1081
f 294/1515/1082 979/984/712 293/972/702
f 276/843/617 989/856/630 421/855/629
f 370/970/700 983/1499/1067 295/968/698
f 281/1516/1083 296/1517/1084 369/1518/1085
f 282/1519/1086 292/1520/1087 285/1521/1088
f 287/1522/1089 992/1523/1090 971/1524/1091
f 293/1525/1092 281/1516/1083 384/1526/1093
f 387/1012/737 294/1501/1069 985/1011/736
f 983/1504/1072 296/1527/1094 295/983/711
f 968/1528/1078 986/973/703 967/1510/1078
f 369/1518/1085 296/1517/1084 984/1529/1095
f 972/1530/1096 987/1015/740 971/1506/1074
f 274/982/710 968/1531/1097 291/980/708
f 288/1532/1098 973/1533/1099 290/1534/1100
f 420/1535/1101 388/1536/1102 990/1537/1103
f 403/1538/1104 987/1539/1105 422/1540/1106
f 989/1508/1076 388/1541/1107 371/996/724
f 278/1496/1064 988/995/723 972/1497/1065
f 384/1526/1093 986/1542/1108 293/1525/1092
f 285/1521/1088 292/1520/1087 967/1543/1109
f 993/1544/1110 282/1519/1086 286/1545/1111
f 286/1545/1111 969/1546/1112 993/1544/1110
f 283/1547/1113 388/1536/1102 420/1535/1101
f 990/1537/1103 286/1545/1111 420/1535/1101
f 284/1548/1114 992/1523/1090 287/1522/1089
f 986/1542/1108 285/1521/1088 967/1543/1109
f 422/1540/1106 283/1547/1113 403/1538/1104
f 984/1529/1095 288/1532/1098 369/1518/1085
f 290/1534/1100 284/1548/1114 288/1532/1098
f 987/1539/1105 287/1522/1089 971/1524/1091
f 323/1549/633 324/1550/635 303/870/633
f 308/867/633 307/869/633 330/1551/633
f 307/869/633 329/1552/633 330/1551/633
f 323/1549/633 303/870/633 304/866/633
f 326/1553/633 323/1549/633 304/866/633
f 308/867/633 330/1551/633 334/1554/633
f 308/867/633 334/1554/633 333/1555/633
f 327/1556/633 326/1553/633 304/866/633
f 308/867/633 333/1555/633 328/868/633
f 328/868/633 327/1556/633 304/866/633
f 332/1557/633 329/1552/633 307/869/633
f 303/870/633 324/1550/635 325/1558/633
f 331/871/633 332/1557/633 307/869/633
f 303/870/633 325/1558/633 331/871/633
f 318/1559/631 300/858/631 317/1560/631
f 300/858/631 301/1561/631 317/1560/631
f 301/1561/631 298/860/631 322/862/631
f 298/860/631 297/857/631 310/1562/1115
f 314/1563/1116 298/860/631 310/1562/1115
f 297/857/631 315/1564/631 311/1565/1117
f 297/857/631 311/1565/1117 310/1562/1115
f 319/1566/631 317/1560/631 301/1561/631
f 298/860/631 314/1563/1116 313/861/631
f 316/1567/631 319/1566/631 301/1561/631
f 322/862/631 316/1567/631 301/1561/631
f 312/1568/631 315/1564/631 297/857/631
f 300/858/631 318/1559/631 321/1569/631
f 320/859/631 312/1568/631 297/857/631
f 300/858/631 321/1569/631 320/859/631
f 1068/1090/783 1006/1570/1118 1069/1571/1119
f 1069/1571/1119 1005/1087/780 1067/1116/808
f 995/1572/696 1072/1573/1120 1071/1574/668
f 1072/1573/1120 996/1112/804 1070/1117/809
f 1010/942/672 1075/1575/1121 1074/1108/800
f 1075/1575/1121 1011/1096/789 1073/1119/811
f 1077/1576/670 1003/1577/1122 1078/1578/1123
f 1078/1578/1123 1002/1089/782 1076/1088/781
f 1016/1118/810 1081/1579/1124 1080/944/674
f 1081/1579/1124 1017/1102/795 1079/1120/812
f 1007/1580/671 1084/1581/1125 1083/1582/767
f 1009/1583/1126 1082/1097/790 1084/1581/1125
f 1086/1584/786 1024/1585/1127 1087/1586/1128
f 1087/1586/1128 1023/1105/797 1085/1070/763
f 1013/1587/768 1090/1588/1129 1089/1589/766
f 1015/1590/1130 1088/1103/765 1090/1588/1129
f 1028/1591/1131 1093/1592/1132 1092/1113/805
f 1093/1592/1132 1029/945/675 1091/1068/761
f 1019/1593/769 1096/1594/1133 1095/1595/669
f 1096/1594/1133 1020/1071/764 1094/1069/762
f 1034/1596/1134 1099/1597/1135 1098/1598/1136
f 1099/1597/1135 1035/1599/1137 1097/1067/760
f 1101/1600/770 1027/1601/1138 1102/1602/1139
f 1102/1602/1139 1026/947/677 1100/946/676
f 1040/1603/1140 1105/1604/1141 1104/1605/1142
f 1042/1606/1143 1103/949/679 1105/1604/1141
f 1107/1607/697 1033/1608/1144 1108/1609/1145
f 1108/1609/1145 1032/948/678 1106/950/680
f 1110/1610/1146 1048/1611/1147 1111/1612/1148
f 1111/1612/1148 1047/1084/777 1109/1107/799
f 1113/1613/688 1039/1614/1149 1114/1615/1150
f 1114/1615/1150 1038/953/683 1112/952/682
f 1052/954/684 1117/1616/1151 1116/960/690
f 1117/1616/1151 1053/1079/772 1115/1106/798
f 1119/1617/756 1045/1618/1152 1120/1619/1153
f 1045/1618/1152 1118/1085/778 1120/1619/1153
f 1058/1083/776 1123/1620/1154 1122/1081/774
f 1123/1620/1154 1059/1078/771 1121/1059/752
f 1049/1621/757 1126/1622/1155 1125/1623/755
f 1051/1624/1156 1124/1061/754 1126/1622/1155
f 1128/1111/803 1066/1625/1157 1129/1626/1158
f 1129/1626/1158 1065/1627/1159 1127/1099/792
f 1131/1057/750 1060/1628/1160 1132/1629/1161
f 1060/1628/1160 1130/1630/1162 1132/1629/1161
f 1055/1631/758 1135/1632/1163 1134/1633/687
f 1057/1634/1164 1133/1058/751 1135/1632/1163
f 1061/1635/759 1138/1636/1165 1137/1637/1166
f 1138/1636/1165 1062/964/694 1136/963/693
f 1068/1090/783 1000/1638/1167 999/1101/794
f 1000/1638/1167 1067/1116/808 998/1639/1168
f 1071/1574/668 1003/1577/1122 1001/1640/666
f 1003/1577/1122 1070/1117/809 1002/1089/782
f 1004/1092/785 1075/1575/1121 1006/1570/1118
f 1006/1570/1118 1073/1119/811 1005/1087/780
f 1007/1580/671 1078/1578/1123 1009/1583/1126
f 1009/1583/1126 1076/1088/781 1008/1098/791
f 1010/942/672 1081/1579/1124 1012/1641/1169
f 1012/1641/1169 1079/1120/812 1011/1096/789
f 1083/1582/767 1015/1590/1130 1013/1587/768
f 1015/1590/1130 1082/1097/790 1014/1104/796
f 1016/1118/810 1087/1642/1128 1018/1643/1170
f 1087/1642/1128 1017/1102/795 1018/1643/1170
f 1019/1593/769 1090/1644/1129 1021/1645/1171
f 1021/1645/1171 1088/1072/765 1020/1071/764
f 1092/1113/805 1024/1585/1127 1022/1646/1172
f 1093/1592/1132 1023/1105/797 1024/1585/1127
f 1025/1647/1173 1096/1594/1133 1027/1601/1138
f 1027/1601/1138 1094/1069/762 1026/947/677
f 1028/1591/1131 1099/1597/1135 1030/1648/1174
f 1030/1648/1174 1097/1067/760 1029/945/675
f 1031/1649/667 1102/1602/1139 1033/1608/1144
f 1033/1608/1144 1100/946/676 1032/948/678
f 1034/1596/1134 1105/1604/1141 1036/1650/1175
f 1036/1650/1175 1103/949/679 1035/1599/1137
f 1107/1607/697 1039/1614/1149 1037/1651/695
f 1039/1614/1149 1106/950/680 1038/953/683
f 1040/1603/1140 1111/1612/1148 1042/1606/1143
f 1111/1612/1148 1041/951/681 1042/1606/1143
f 1043/1652/689 1114/1615/1150 1045/1618/1152
f 1045/1618/1152 1112/952/682 1044/1086/779
f 1046/1653/1176 1117/1616/1151 1048/1611/1147
f 1048/1611/1147 1115/1106/798 1047/1084/777
f 1119/1617/756 1051/1624/1156 1049/1621/757
f 1051/1624/1156 1118/1085/778 1050/1080/773
f 1122/1081/774 1054/1654/1177 1052/954/684
f 1054/1654/1177 1121/1059/752 1053/1079/772
f 1125/1623/755 1057/1634/1164 1055/1631/758
f 1126/1622/1155 1056/1060/753 1057/1634/1164
f 998/1639/1168 1129/1626/1158 1000/1638/1167
f 1129/1626/1158 999/1101/794 1000/1638/1167
f 1131/1057/750 1066/1625/1157 1064/962/692
f 1066/1625/1157 1130/1630/1162 1065/1627/1159
f 1061/1635/759 1135/1632/1163 1063/1655/1178
f 1063/1655/1178 1133/1058/751 1062/964/694
f 995/1572/696 1138/1636/1165 997/1656/1179
f 997/1656/1179 1136/963/693 996/1112/804
f 998/1639/1168 1070/1117/809 996/1112/804
f 1110/1610/1146 1146/1657/1180 1158/1658/1181
f 1046/1653/1176 1158/1658/1181 1147/961/691
f 1058/1083/776 1162/1659/1182 1130/1630/1162
f 1130/1630/1162 1150/1660/1183 1065/1627/1159
f 1040/1603/1140 1157/1661/1184 1146/1657/1180
f 1004/1092/785 1152/1662/1185 1074/1108/800
f 1104/1605/1142 1145/1663/1186 1157/1661/1184
f 999/1101/794 1151/1664/1187 1068/1090/783
f 1034/1596/1134 1156/1665/1188 1145/1663/1186
f 1028/1591/1131 1155/1115/807 1144/1666/1189
f 1065/1627/1159 1161/1667/1190 1127/1099/792
f 1098/1598/1136 1144/1666/1189 1156/1665/1188
f 1022/1646/1172 1154/1668/788 1143/1114/806
f 1166/1669/368 1195/1670/1191 1178/1671/1192
f 1175/1672/368 1209/1673/368 1164/1674/368
f 1177/1675/1191 1207/1676/368 1166/1669/368
f 1185/1677/368 1199/1678/368 1188/1679/368
f 1182/1680/368 1202/1681/368 1171/1682/368
f 1184/1683/368 1201/1684/368 1189/1685/368
f 1169/1686/368 1192/1687/368 1181/1688/368
f 1176/1689/368 1208/1690/368 1165/1691/368
f 1184/1683/368 1200/1692/368 1173/1693/368
f 1179/1694/368 1205/1695/368 1168/1696/368
f 1183/1697/368 1201/1684/368 1172/1698/368
f 1180/1699/368 1204/1700/368 1169/1686/368
f 1186/1701/368 1199/1678/368 1174/1702/368
f 1177/1675/1191 1208/1690/368 1196/1703/1193
f 1170/1704/368 1191/1705/368 1182/1680/368
f 1168/1696/368 1193/1706/368 1180/1699/368
f 1179/1694/368 1206/1707/368 1194/1708/368
f 1163/1709/368 1188/1679/368 1210/1710/368
f 1183/1697/368 1202/1681/368 1190/1711/368
f 1181/1688/368 1203/1712/368 1170/1704/368
f 1164/1674/368 1197/1713/368 1176/1689/368
f 1167/1714/368 1195/1715/1191 1206/1707/368
f 1186/1701/368 1200/1692/368 1187/1716/368
f 1175/1672/368 1210/1710/368 1198/1717/368
f 1197/1718/1194 1232/1719/1195 1208/1720/1196
f 1200/1721/1197 1211/1722/1198 1187/1723/1199
f 1208/1720/1196 1220/1724/1200 1196/1725/1201
f 1192/1726/1202 1228/1727/1203 1216/1728/1204
f 1206/1729/1205 1219/1730/1206 1230/1731/1207
f 1194/1732/1208 1230/1731/1207 1218/1733/1209
f 1198/1734/1210 1233/1735/1211 1209/1736/1212
f 1210/1737/1213 1222/1738/1214 1198/1734/1210
f 1203/1739/1215 1216/1728/1204 1227/1740/1216
f 1188/1741/1217 1234/1742/1213 1210/1737/1213
f 1189/1743/1218 1224/1744/1219 1200/1721/1197
f 1199/1745/1220 1212/1746/1221 1188/1741/1217
f 1191/1747/1222 1227/1740/1216 1215/1748/1223
f 1201/1749/1224 1214/1750/1225 1225/1751/1226
f 1201/1749/1224 1213/1752/1227 1189/1743/1218
f 1193/1753/1228 1229/1754/1229 1217/1755/1230
f 1204/1756/1231 1217/1755/1230 1228/1727/1203
f 1209/1736/1212 1221/1757/1232 1197/1718/1194
f 1205/1758/1233 1218/1733/1209 1229/1754/1229
f 1190/1759/1234 1226/1760/1235 1214/1750/1225
f 1196/1725/1201 1231/1761/1236 1207/1762/1237
f 1202/1763/1235 1215/1748/1223 1226/1760/1235
f 1195/1764/1238 1231/1761/1236 1219/1765/1206
f 1187/1723/1199 1223/1766/1239 1199/1745/1220
f 1213/1767/1240 1249/1768/1241 1237/1769/1240
f 1222/1770/1242 1258/1771/1243 1246/1772/1244
f 1221/1773/1245 1257/1774/1246 1245/1775/1247
f 1217/1776/1248 1252/1777/1249 1228/1778/1250
f 1229/1779/1251 1241/1780/1252 1217/1776/1248
f 1224/1781/1253 1237/1769/1240 1248/1782/1254
f 1215/1783/1255 1250/1784/1256 1226/1785/1257
f 1211/1786/1258 1248/1782/1254 1235/1787/1259
f 1226/1785/1257 1238/1788/1260 1214/1789/1261
f 1218/1790/1262 1253/1791/1263 1229/1779/1251
f 1228/1778/1250 1240/1792/1264 1216/1793/1265
f 1223/1794/1263 1235/1787/1259 1247/1795/1266
f 1231/1796/1267 1243/1797/1268 1219/1798/1269
f 1233/1799/1270 1246/1772/1244 1257/1774/1246
f 1220/1800/1271 1256/1801/1272 1244/1802/1273
f 1219/1803/1269 1254/1804/1274 1230/1805/1275
f 1214/1789/1261 1249/1768/1241 1225/1806/1276
f 1230/1805/1275 1242/1807/1262 1218/1790/1262
f 1216/1793/1265 1251/1808/1277 1227/1809/1278
f 1231/1796/1267 1244/1802/1273 1255/1810/1279
f 1234/1811/1280 1236/1812/1281 1258/1771/1243
f 1212/1813/1282 1247/1795/1266 1236/1812/1281
f 1232/1814/1283 1245/1775/1247 1256/1801/1272
f 1227/1809/1278 1239/1815/1284 1215/1783/1255
f 1246/1816/1285 1329/1817/1286 1292/1818/1287
f 1255/1819/1288 1287/1820/1289 1320/1821/1290
f 1244/1822/1291 1322/1823/1292 1287/1820/1289
f 1251/1824/1293 1272/1825/1294 1239/1826/1295
f 1242/1827/1296 1313/1828/1297 1253/1829/1298
f 1253/1829/1298 1278/1830/1299 1241/1831/1300
f 1245/1832/1301 1325/1833/1302 1290/1834/1303
f 1236/1835/1304 1296/1836/1305 1262/1837/1306
f 1248/1838/1307 1265/1839/1308 1299/1840/1309
f 1257/1841/1310 1292/1818/1287 1325/1833/1302
f 1239/1826/1295 1304/1842/1311 1250/1843/1312
f 1250/1843/1312 1269/1844/1313 1238/1845/1314
f 1256/1846/1315 1290/1834/1303 1322/1823/1292
f 1254/1847/1316 1281/1848/1317 1242/1827/1296
f 1241/1831/1300 1310/1849/1318 1252/1850/1319
f 1237/1851/1320 1302/1852/1321 1265/1839/1308
f 1252/1850/1319 1275/1853/1322 1240/1854/1323
f 1247/1855/1324 1259/1856/1325 1296/1836/1305
f 1238/1845/1314 1302/1852/1321 1249/1857/1326
f 1255/1819/1288 1284/1858/1327 1243/1859/1328
f 1240/1854/1323 1307/1860/1329 1251/1824/1293
f 1258/1861/1330 1262/1837/1306 1329/1817/1286
f 1243/1862/1328 1316/1863/1331 1254/1847/1316
f 1235/1864/1332 1299/1840/1309 1259/1856/1325
f 1277/1865/1333 1315/1866/1334 1314/1867/1335
f 1279/1868/1336 1313/1828/1297 1315/1866/1334
f 1268/1869/1337 1306/1870/1338 1305/1871/1339
f 1270/1872/1340 1304/1842/1311 1306/1870/1338
f 1260/1873/1341 1297/1874/1342 1261/1875/1343
f 1261/1875/1343 1296/1836/1305 1259/1856/1325
f 1323/1876/1344 1288/1877/1345 1324/1878/1346
f 1324/1878/1346 1287/1820/1289 1322/1823/1292
f 1280/1879/1347 1318/1880/1348 1317/1881/1349
f 1282/1882/1350 1316/1863/1331 1318/1880/1348
f 1263/1883/1351 1330/1884/1352 1264/1885/1353
f 1264/1885/1353 1329/1817/1286 1262/1837/1306
f 1271/1886/1354 1309/1887/1355 1308/1888/1356
f 1273/1889/1357 1307/1860/1329 1309/1887/1355
f 1326/1890/1358 1291/1891/1359 1327/1892/1360
f 1327/1892/1360 1290/1834/1303 1325/1833/1302
f 1305/1871/1339 1273/1889/1357 1271/1886/1354
f 1306/1870/1338 1272/1825/1294 1273/1889/1357
f 1274/1893/1361 1312/1894/1362 1311/1895/1363
f 1276/1896/1364 1310/1849/1318 1312/1894/1362
f 1293/1897/1365 1327/1892/1360 1294/1898/1366
f 1294/1898/1366 1325/1833/1302 1292/1818/1287
f 1301/1899/1367 1270/1872/1340 1268/1869/1337
f 1303/1900/1368 1269/1844/1313 1270/1872/1340
f 1286/1901/1369 1321/1902/1370 1288/1877/1345
f 1288/1877/1345 1320/1821/1290 1287/1820/1289
f 1289/1903/1371 1324/1878/1346 1291/1891/1359
f 1291/1891/1359 1322/1823/1292 1290/1834/1303
f 1328/1904/1372 1294/1898/1366 1330/1884/1352
f 1330/1884/1352 1292/1818/1287 1329/1817/1286
f 1266/1905/1373 1300/1906/1374 1267/1907/1375
f 1267/1907/1375 1299/1840/1309 1265/1839/1308
f 1314/1867/1335 1282/1882/1350 1280/1879/1347
f 1315/1866/1334 1281/1848/1317 1282/1882/1350
f 1283/1908/1376 1321/1902/1370 1319/1909/1377
f 1285/1910/1378 1320/1821/1290 1321/1902/1370
f 1317/1881/1349 1285/1911/1378 1283/1912/1376
f 1318/1880/1348 1284/1913/1327 1285/1911/1378
f 1308/1888/1356 1276/1896/1364 1274/1893/1361
f 1309/1887/1355 1275/1853/1322 1276/1896/1364
f 1295/1914/1379 1264/1885/1353 1297/1874/1342
f 1297/1874/1342 1262/1837/1306 1296/1836/1305
f 1301/1899/1367 1267/1907/1375 1303/1900/1368
f 1303/1900/1368 1265/1839/1308 1302/1852/1321
f 1311/1895/1363 1279/1868/1336 1277/1865/1333
f 1312/1894/1362 1278/1830/1299 1279/1868/1336
f 1298/1915/1380 1261/1875/1343 1300/1906/1374
f 1300/1906/1374 1259/1856/1325 1299/1840/1309
f 1298/1916/1380 1301/1917/1367 1260/1918/1341
f 1164/1919/1381 1344/1920/1382 1332/1921/1383
f 1167/1922/1384 1346/1923/1385 1178/1924/1386
f 1172/1925/1387 1352/1926/1388 1340/1927/1387
f 1165/1928/1389 1345/1929/1390 1333/1930/1391
f 1177/1931/1392 1334/1932/1393 1345/1929/1390
f 1185/1933/1394 1331/1934/817 1353/1935/1395
f 1184/1936/1396 1341/1937/1397 1352/1926/1388
f 1178/1938/1386 1334/1932/1393 1166/1939/1393
f 1176/1940/1398 1333/1930/1391 1344/1920/1382
f 1186/1941/1399 1342/1942/1400 1354/1943/1401
f 1172/1925/1387 1351/1944/1402 1183/1945/1403
f 1179/1946/1404 1335/1947/1405 1167/1922/1384
f 1175/1948/1406 1332/1921/1383 1343/1949/1407
f 1171/1950/1408 1350/1951/1409 1182/1952/1409
f 1180/1953/1410 1336/1954/1411 1168/1955/1412
f 1174/1956/1400 1353/1935/1395 1342/1942/1400
f 1170/1957/1413 1349/1958/1414 1181/1959/1414
f 1181/1959/1414 1337/1960/336 1169/1961/336
f 1173/1962/1415 1354/1943/1401 1341/1937/1397
f 1169/1961/336 1348/1963/1416 1180/1953/1410
f 1182/1952/1409 1338/1964/1417 1170/1957/1413
f 1163/1965/382 1343/1949/1407 1331/1934/817
f 1168/1955/1412 1347/1966/1418 1179/1946/1404
f 1183/1945/1403 1339/1967/1419 1171/1950/1408
f 1260/1918/1341 1268/1968/1337 1295/1969/1379
f 1263/1970/1351 1268/1968/1337 1305/1971/1339
f 1263/1970/1351 1271/1972/1354 1328/1973/1372
f 1293/1974/1365 1271/1972/1354 1308/1975/1356
f 1293/1974/1365 1274/1976/1361 1326/1977/1358
f 1274/1976/1361 1289/1978/1371 1326/1977/1358
f 1311/1979/1363 1323/1980/1344 1289/1978/1371
f 1314/1981/1335 1323/1980/1344 1277/1982/1333
f 1286/1983/1369 1280/1984/1347 1319/1985/1377
f 1283/1986/1376 1280/1984/1347 1317/1987/1349
f 1361/1988/1420 1391/1989/1421 1431/1990/1422
f 1455/1991/1423 1437/1992/1424 1367/1993/1425
f 1370/1994/1426 1513/1995/1427 1440/1996/1428
f 1389/1997/1429 1460/1998/1430 1386/1999/1431
f 1395/2000/1432 1466/2001/1433 1392/2002/1434
f 1401/2003/1435 1472/2004/1436 1398/2005/1437
f 1412/2006/1438 1519/2007/1439 1508/2008/1440
f 1494/2009/1441 1473/2010/1442 1403/2011/1443
f 1476/2012/1444 1507/2013/1445 1519/2007/1439
f 1424/2014/1446 1496/2015/1447 1422/2016/1448
f 1397/2017/1449 1355/2018/1450 1467/2019/1451
f 1491/2020/1452 1422/2016/1448 1493/2021/1453
f 1481/2022/1454 1416/2023/1455 1484/2024/1456
f 1485/2025/1457 1479/2026/1458 1409/2027/1459
f 1415/2028/1460 1403/2011/1443 1479/2026/1458
f 1421/2029/1461 1397/2017/1449 1473/2010/1442
f 1457/2030/1462 1392/2002/1434 1460/1998/1430
f 1451/2031/1463 1386/1999/1431 1454/2032/1464
f 1445/2033/1465 1380/2034/1466 1448/2035/1467
f 1449/2036/1468 1443/2037/1469 1373/2038/1470
f 1379/2039/1471 1367/1993/1425 1443/2037/1469
f 1437/1992/1424 1461/2040/1472 1361/1988/1420
f 1431/1990/1422 1467/2019/1451 1355/2018/1450
f 1419/2041/1473 1493/2021/1453 1416/2023/1455
f 1413/2042/1474 1484/2024/1456 1410/2043/1475
f 1482/2044/1476 1509/2045/1477 1418/2046/1478
f 1407/2047/1479 1478/2048/1480 1404/2049/1481
f 1365/2050/1482 1436/2051/1483 1362/2052/1484
f 1428/2053/1485 1500/2054/1486 1364/2055/1487
f 1446/2056/1488 1502/2057/1489 1514/2058/1490
f 1371/2059/1491 1442/2060/1492 1368/2061/1493
f 1487/2062/1494 1499/2063/1495 1359/2064/1496
f 1374/2065/1497 1445/2066/1465 1448/2067/1467
f 1383/2068/1498 1454/2032/1464 1380/2034/1466
f 1475/2069/1499 1410/2043/1475 1478/2048/1480
f 1469/2070/1500 1404/2049/1481 1472/2004/1436
f 1434/2071/1501 1501/2072/1502 1370/1994/1426
f 1463/2073/1503 1398/2005/1437 1466/2001/1433
f 1412/2006/1438 1520/2074/1504 1482/2044/1476
f 1488/2075/1505 1356/2076/1506 1496/2015/1447
f 1452/2077/1507 1503/2078/1508 1515/2079/1509
f 1427/2080/1510 1362/2052/1484 1430/2081/1511
f 1440/1996/1428 1502/2057/1489 1376/2082/1512
f 1433/2083/1513 1368/2061/1493 1436/2051/1483
f 1439/2084/1514 1374/2065/1497 1442/2060/1492
f 1428/2053/1485 1366/2085/1515 1429/2086/1516
f 1366/2085/1515 1427/2080/1510 1429/2086/1516
f 1431/2087/1422 1357/2088/1517 1432/2089/1518
f 1432/2089/1518 1356/2076/1506 1430/2081/1511
f 1370/1994/1426 1435/2090/1519 1434/2071/1501
f 1372/2091/1520 1433/2083/1513 1435/2090/1519
f 1437/2092/1424 1363/2093/1521 1438/2094/1522
f 1438/2094/1522 1362/2052/1484 1436/2051/1483
f 1376/2082/1512 1441/2095/1523 1440/1996/1428
f 1378/2096/1524 1439/2084/1514 1441/2095/1523
f 1443/2097/1469 1369/2098/1525 1444/2099/1526
f 1369/2098/1525 1442/2060/1492 1444/2099/1526
f 1446/2100/1488 1384/2101/1527 1447/2102/1528
f 1384/2101/1527 1445/2033/1465 1447/2102/1528
f 1449/2103/1468 1375/2104/1529 1450/2105/1530
f 1375/2104/1529 1448/2067/1467 1450/2105/1530
f 1388/2106/1531 1453/2107/1532 1452/2077/1507
f 1390/2108/1533 1451/2031/1463 1453/2107/1532
f 1455/2109/1423 1381/2110/1534 1456/2111/1535
f 1456/2111/1535 1380/2034/1466 1454/2032/1464
f 1394/2112/1536 1459/2113/1537 1458/2114/1538
f 1459/2113/1537 1395/2000/1432 1457/2030/1462
f 1385/2115/1539 1462/2116/1540 1461/2117/1472
f 1387/2118/1541 1460/1998/1430 1462/2116/1540
f 1464/2119/1542 1402/2120/1543 1465/2121/1544
f 1402/2120/1543 1463/2073/1503 1465/2121/1544
f 1391/2122/1421 1468/2123/1545 1467/2124/1451
f 1393/2125/1546 1466/2001/1433 1468/2123/1545
f 1406/2126/1547 1471/2127/1548 1470/2128/1549
f 1471/2127/1548 1407/2047/1479 1469/2070/1500
f 1473/2129/1442 1399/2130/1550 1474/2131/1551
f 1474/2131/1551 1398/2005/1437 1472/2004/1436
f 1412/2006/1438 1477/2132/1552 1476/2012/1444
f 1477/2132/1552 1413/2042/1474 1475/2069/1499
f 1403/2133/1443 1480/2134/1553 1479/2135/1458
f 1480/2134/1553 1404/2049/1481 1478/2048/1480
f 1418/2046/1478 1483/2136/1554 1482/2044/1476
f 1483/2136/1554 1419/2041/1473 1481/2022/1454
f 1409/2137/1459 1486/2138/1555 1485/2139/1457
f 1486/2138/1555 1410/2043/1475 1484/2024/1456
f 1488/2075/1505 1426/2140/1556 1489/2141/1557
f 1489/2141/1557 1425/2142/1558 1487/2062/1494
f 1491/2020/1452 1420/2143/1559 1492/2144/1560
f 1492/2144/1560 1418/2046/1478 1490/2145/1561
f 1415/2146/1460 1495/2147/1562 1494/2148/1441
f 1495/2147/1562 1416/2023/1455 1493/2021/1453
f 1497/2149/1563 1423/2150/1564 1498/2151/1565
f 1423/2150/1564 1496/2015/1447 1498/2151/1565
f 1428/2053/1485 1360/2152/1566 1359/2064/1496
f 1360/2152/1566 1427/2080/1510 1358/2153/1567
f 1361/2154/1420 1432/2089/1518 1363/2093/1521
f 1363/2093/1521 1430/2081/1511 1362/2052/1484
f 1364/2055/1487 1435/2090/1519 1366/2085/1515
f 1435/2090/1519 1365/2050/1482 1366/2085/1515
f 1437/2092/1424 1369/2098/1525 1367/2155/1425
f 1369/2098/1525 1436/2051/1483 1368/2061/1493
f 1370/1994/1426 1441/2095/1523 1372/2091/1520
f 1372/2091/1520 1439/2084/1514 1371/2059/1491
f 1373/2156/1470 1444/2099/1526 1375/2104/1529
f 1444/2099/1526 1374/2065/1497 1375/2104/1529
f 1376/2082/1512 1447/2157/1528 1378/2096/1524
f 1447/2157/1528 1377/2158/1568 1378/2096/1524
f 1379/2159/1471 1450/2160/1530 1381/2110/1534
f 1381/2110/1534 1448/2035/1467 1380/2034/1466
f 1382/2161/1569 1453/2107/1532 1384/2101/1527
f 1384/2101/1527 1451/2031/1463 1383/2068/1498
f 1385/2115/1539 1456/2111/1535 1387/2118/1541
f 1387/2118/1541 1454/2032/1464 1386/1999/1431
f 1458/2114/1538 1390/2108/1533 1388/2106/1531
f 1459/2113/1537 1389/1997/1429 1390/2108/1533
f 1391/2122/1421 1462/2116/1540 1393/2125/1546
f 1462/2116/1540 1392/2002/1434 1393/2125/1546
f 1394/2112/1536 1465/2121/1544 1396/2162/1570
f 1396/2162/1570 1463/2073/1503 1395/2000/1432
f 1397/2163/1449 1468/2123/1545 1399/2130/1550
f 1399/2130/1550 1466/2001/1433 1398/2005/1437
f 1400/2164/1571 1471/2127/1548 1402/2120/1543
f 1402/2120/1543 1469/2070/1500 1401/2003/1435
f 1403/2133/1443 1474/2131/1551 1405/2165/1572
f 1405/2165/1572 1472/2004/1436 1404/2049/1481
f 1476/2012/1444 1408/2166/1573 1406/2126/1547
f 1408/2166/1573 1475/2069/1499 1407/2047/1479
f 1409/2137/1459 1480/2134/1553 1411/2167/1574
f 1480/2134/1553 1410/2043/1475 1411/2167/1574
f 1482/2044/1476 1414/2168/1575 1412/2006/1438
f 1414/2168/1575 1481/2022/1454 1413/2042/1474
f 1485/2139/1457 1417/2169/1576 1415/2146/1460
f 1417/2169/1576 1484/2024/1456 1416/2023/1455
f 1358/2153/1567 1489/2141/1557 1360/2152/1566
f 1360/2152/1566 1487/2062/1494 1359/2064/1496
f 1491/2020/1452 1426/2140/1556 1424/2014/1446
f 1426/2140/1556 1490/2145/1561 1425/2142/1558
f 1421/2170/1461 1495/2147/1562 1423/2150/1564
f 1423/2150/1564 1493/2021/1453 1422/2016/1448
f 1355/2171/1450 1498/2151/1565 1357/2088/1517
f 1357/2088/1517 1496/2015/1447 1356/2076/1506
f 1358/2153/1567 1430/2081/1511 1356/2076/1506
f 1470/2128/1549 1506/2172/1577 1518/2173/1578
f 1406/2126/1547 1518/2173/1578 1507/2013/1445
f 1418/2046/1478 1522/2174/1579 1490/2145/1561
f 1490/2145/1561 1510/2175/1580 1425/2142/1558
f 1400/2164/1571 1517/2176/1581 1506/2172/1577
f 1364/2055/1487 1512/2177/1582 1434/2071/1501
f 1464/2119/1542 1505/2178/1583 1517/2176/1581
f 1359/2064/1496 1511/2179/1584 1428/2053/1485
f 1394/2112/1536 1516/2180/1585 1505/2178/1583
f 1388/2106/1531 1515/2079/1509 1504/2181/1586
f 1425/2142/1558 1521/2182/1587 1487/2062/1494
f 1458/2114/1538 1504/2181/1586 1516/2180/1585
f 1382/2161/1569 1514/2183/1490 1503/2078/1508
f 1538/2184/1588 1567/2185/1589 1555/2186/1590
f 1535/2187/1591 1569/2188/1589 1524/2189/1589
f 1537/2190/1589 1567/2185/1589 1526/2191/1592
f 1545/2192/1591 1559/2193/1593 1548/2194/1591
f 1542/2195/1594 1562/2196/1589 1531/2197/1589
f 1544/2198/1589 1561/2199/1594 1549/2200/1589
f 1541/2201/1589 1564/2202/1593 1552/2203/1595
f 1536/2204/1589 1568/2205/1589 1525/2206/1589
f 1533/2207/1592 1549/2200/1589 1560/2208/1592
f 1539/2209/1592 1565/2210/1593 1528/2211/1593
f 1532/2212/1596 1550/2213/1589 1561/2199/1594
f 1540/2214/1593 1564/2202/1593 1529/2215/1593
f 1534/2216/1597 1547/2217/1588 1559/2193/1593
f 1537/2190/1589 1568/2205/1589 1556/2218/1589
f 1530/2219/1589 1551/2220/1594 1542/2195/1594
f 1540/2214/1593 1565/2210/1593 1553/2221/1591
f 1539/2209/1592 1566/2222/1589 1554/2223/1592
f 1523/2224/1591 1548/2194/1591 1570/2225/1591
f 1543/2226/1589 1562/2196/1589 1550/2213/1589
f 1541/2201/1589 1563/2227/1589 1530/2219/1589
f 1524/2189/1589 1557/2228/1589 1536/2204/1589
f 1527/2229/1596 1555/2230/1590 1566/2222/1589
f 1546/2231/1596 1560/2208/1592 1547/2217/1588
f 1523/2224/1591 1558/2232/1591 1535/2187/1591
f 1557/2233/1598 1592/2234/1599 1568/2235/1600
f 1560/2236/1601 1571/2237/1602 1547/2238/1603
f 1568/2235/1600 1580/2239/1604 1556/2240/1605
f 1552/2241/1606 1588/2242/1607 1576/2243/1606
f 1566/2244/1608 1579/2245/1609 1590/2246/1610
f 1554/2247/1611 1590/2246/1610 1578/2248/1612
f 1558/2249/1613 1593/2250/1614 1569/2251/1615
f 1570/2252/1616 1582/2253/1617 1558/2249/1613
f 1563/2254/1618 1576/2243/1606 1587/2255/1619
f 1548/2256/1620 1594/2257/1621 1570/2252/1616
f 1549/2258/1622 1584/2259/1623 1560/2236/1601
f 1559/2260/1624 1572/2261/1625 1548/2256/1620
f 1551/2262/1626 1587/2255/1619 1575/2263/1627
f 1561/2264/1628 1574/2265/1629 1585/2266/1630
f 1561/2264/1628 1573/2267/1631 1549/2258/1622
f 1553/2268/1632 1589/2269/1633 1577/2270/1634
f 1564/2271/1607 1577/2270/1634 1588/2242/1607
f 1569/2251/1615 1581/2272/1598 1557/2233/1598
f 1565/2273/1635 1578/2248/1612 1589/2269/1633
f 1550/2274/1636 1586/2275/1637 1574/2265/1629
f 1556/2240/1605 1591/2276/1638 1567/2277/1639
f 1562/2278/1640 1575/2263/1627 1586/2275/1637
f 1555/2279/1641 1591/2276/1638 1579/2280/1609
f 1547/2238/1603 1583/2281/1624 1559/2260/1624
f 1573/2282/1642 1609/2283/1643 1597/2284/1644
f 1582/2285/1645 1618/2286/1646 1606/2287/1647
f 1581/2288/1648 1617/2289/1649 1605/2290/1650
f 1577/2291/1651 1612/2292/1652 1588/2293/1653
f 1589/2294/1654 1601/2295/1655 1577/2291/1651
f 1584/2296/1656 1597/2284/1644 1608/2297/1657
f 1575/2298/1658 1610/2299/1659 1586/2300/1660
f 1571/2301/1661 1608/2297/1657 1595/2302/1662
f 1586/2300/1660 1598/2303/1663 1574/2304/1663
f 1578/2305/1664 1613/2306/1665 1589/2294/1654
f 1588/2293/1653 1600/2307/1666 1576/2308/1645
f 1583/2309/1667 1595/2302/1662 1607/2310/1667
f 1591/2311/1668 1603/2312/1669 1579/2313/1670
f 1593/2314/1671 1606/2287/1647 1617/2289/1649
f 1580/2315/1672 1616/2316/1673 1604/2317/1674
f 1579/2318/1670 1614/2319/1675 1590/2320/1676
f 1574/2304/1663 1609/2283/1643 1585/2321/1677
f 1590/2320/1676 1602/2322/1678 1578/2305/1664
f 1576/2308/1645 1611/2323/1649 1587/2324/1679
f 1591/2311/1668 1604/2317/1674 1615/2325/1680
f 1594/2326/1681 1596/2327/1682 1618/2286/1646
f 1572/2328/1683 1607/2310/1667 1596/2327/1682
f 1592/2329/1659 1605/2290/1650 1616/2316/1673
f 1587/2324/1679 1599/2330/1658 1575/2298/1658
f 1606/2331/1684 1689/2332/1685 1652/2333/1686
f 1615/2334/1687 1647/2335/1688 1680/2336/1689
f 1604/2337/1690 1682/2338/1691 1647/2335/1688
f 1611/2339/1692 1632/2340/1693 1599/2341/1694
f 1602/2342/1695 1673/2343/1696 1613/2344/1697
f 1613/2344/1697 1638/2345/1698 1601/2346/1699
f 1605/2347/1700 1685/2348/1701 1650/2349/1702
f 1596/2350/1703 1656/2351/1704 1622/2352/1705
f 1608/2353/1706 1625/2354/1707 1659/2355/1708
f 1617/2356/1709 1652/2333/1686 1685/2348/1701
f 1599/2341/1694 1664/2357/1710 1610/2358/1711
f 1610/2358/1711 1629/2359/1712 1598/2360/1713
f 1616/2361/1714 1650/2349/1702 1682/2338/1691
f 1614/2362/1715 1641/2363/1716 1602/2342/1695
f 1601/2346/1699 1670/2364/1717 1612/2365/1718
f 1597/2366/1719 1662/2367/1720 1625/2354/1707
f 1612/2365/1718 1635/2368/1721 1600/2369/1722
f 1607/2370/1723 1619/2371/1724 1656/2351/1704
f 1598/2360/1713 1662/2367/1720 1609/2372/1725
f 1615/2334/1687 1644/2373/1726 1603/2374/1727
f 1600/2369/1722 1667/2375/1728 1611/2339/1692
f 1618/2376/1729 1622/2352/1705 1689/2332/1685
f 1603/2377/1727 1676/2378/1730 1614/2362/1715
f 1595/2379/1731 1659/2355/1708 1619/2371/1724
f 1637/2380/1732 1675/2381/1733 1674/2382/1734
f 1639/2383/1735 1673/2343/1696 1675/2381/1733
f 1628/2384/1736 1666/2385/1737 1665/2386/1738
f 1630/2387/1739 1664/2357/1710 1666/2385/1737
f 1620/2388/1740 1657/2389/1741 1621/2390/1742
f 1621/2390/1742 1656/2351/1704 1619/2371/1724
f 1683/2391/1743 1648/2392/1744 1684/2393/1745
f 1684/2393/1745 1647/2335/1688 1682/2338/1691
f 1640/2394/1746 1678/2395/1747 1677/2396/1748
f 1642/2397/1749 1676/2378/1730 1678/2395/1747
f 1623/2398/1750 1690/2399/1751 1624/2400/1752
f 1624/2400/1752 1689/2332/1685 1622/2352/1705
f 1631/2401/1753 1669/2402/1754 1668/2403/1755
f 1633/2404/1756 1667/2375/1728 1669/2402/1754
f 1686/2405/1757 1651/2406/1758 1687/2407/1759
f 1687/2407/1759 1650/2349/1702 1685/2348/1701
f 1665/2386/1738 1633/2404/1756 1631/2401/1753
f 1666/2385/1737 1632/2340/1693 1633/2404/1756
f 1634/2408/1760 1672/2409/1761 1671/2410/1762
f 1636/2411/1763 1670/2364/1717 1672/2409/1761
f 1653/2412/1764 1687/2407/1759 1654/2413/1765
f 1654/2413/1765 1685/2348/1701 1652/2333/1686
f 1661/2414/1766 1630/2387/1739 1628/2384/1736
f 1663/2415/1767 1629/2359/1712 1630/2387/1739
f 1646/2416/1768 1681/2417/1769 1648/2392/1744
f 1648/2392/1744 1680/2336/1689 1647/2335/1688
f 1649/2418/1770 1684/2393/1745 1651/2406/1758
f 1651/2406/1758 1682/2338/1691 1650/2349/1702
f 1688/2419/1771 1654/2413/1765 1690/2399/1751
f 1690/2399/1751 1652/2333/1686 1689/2332/1685
f 1626/2420/1772 1660/2421/1773 1627/2422/1774
f 1627/2422/1774 1659/2355/1708 1625/2354/1707
f 1674/2382/1734 1642/2397/1749 1640/2394/1746
f 1675/2381/1733 1641/2363/1716 1642/2397/1749
f 1643/2423/1775 1681/2417/1769 1679/2424/1776
f 1645/2425/1777 1680/2336/1689 1681/2417/1769
f 1677/2396/1748 1645/2426/1777 1643/2427/1775
f 1678/2395/1747 1644/2428/1726 1645/2426/1777
f 1668/2403/1755 1636/2411/1763 1634/2408/1760
f 1669/2402/1754 1635/2368/1721 1636/2411/1763
f 1655/2429/1778 1624/2400/1752 1657/2389/1741
f 1657/2389/1741 1622/2352/1705 1656/2351/1704
f 1661/2414/1766 1627/2422/1774 1663/2415/1767
f 1663/2415/1767 1625/2354/1707 1662/2367/1720
f 1671/2410/1762 1639/2383/1735 1637/2380/1732
f 1672/2409/1761 1638/2345/1698 1639/2383/1735
f 1658/2430/1779 1621/2390/1742 1660/2421/1773
f 1660/2421/1773 1619/2371/1724 1659/2355/1708
f 1626/2431/1772 1620/2432/1740 1658/2433/1779
f 1524/2434/1780 1704/2435/1781 1692/2436/1782
f 1527/2437/1783 1706/2438/1784 1538/2439/1785
f 1532/2440/1786 1712/2441/1787 1700/2442/1786
f 1525/2443/1788 1705/2444/1789 1693/2445/1790
f 1537/2446/1791 1694/2447/1792 1705/2444/1789
f 1545/2448/1793 1691/2449/1794 1713/2450/1795
f 1544/2451/1796 1701/2452/1797 1712/2441/1787
f 1538/2453/1785 1694/2447/1792 1526/2454/1792
f 1536/2455/1798 1693/2445/1790 1704/2435/1781
f 1546/2456/1799 1702/2457/1800 1714/2458/1801
f 1532/2440/1786 1711/2459/1802 1543/2460/1803
f 1539/2461/1804 1695/2462/1783 1527/2437/1783
f 1535/2463/1805 1692/2436/1782 1703/2464/1806
f 1531/2465/1807 1710/2466/1808 1542/2467/1809
f 1540/2468/1810 1696/2469/1811 1528/2470/1812
f 1534/2471/1813 1713/2450/1795 1702/2457/1800
f 1530/2472/1814 1709/2473/1815 1541/2474/1816
f 1541/2474/1816 1697/2475/1817 1529/2476/1817
f 1533/2477/1818 1714/2458/1801 1701/2452/1797
f 1529/2476/1817 1708/2478/1819 1540/2468/1810
f 1542/2467/1809 1698/2479/1814 1530/2472/1814
f 1523/2480/1820 1703/2464/1806 1691/2449/1794
f 1528/2470/1812 1707/2481/1821 1539/2461/1804
f 1543/2460/1803 1699/2482/1822 1531/2465/1807
f 1620/2432/1740 1628/2483/1736 1655/2484/1778
f 1623/2485/1750 1628/2483/1736 1665/2486/1738
f 1623/2485/1750 1631/2487/1753 1688/2488/1771
f 1653/2489/1764 1631/2487/1753 1668/2490/1755
f 1653/2489/1764 1634/2491/1760 1686/2492/1757
f 1686/2492/1757 1671/2493/1762 1649/2494/1770
f 1649/2494/1770 1637/2495/1732 1683/2496/1743
f 1646/2497/1768 1637/2495/1732 1674/2498/1734
f 1674/2498/1734 1679/2499/1776 1646/2497/1768
f 1677/2500/1748 1679/2499/1776 1640/2501/1746
f 326/896/640 306/913/650 310/894/639
f 310/894/639 311/2502/370 323/895/370
f 326/896/640 327/2503/648 314/912/649
f 327/2503/648 313/909/648 314/912/649
f 1802/2504/1823 1863/2505/1824 1824/2506/1824
f 1821/2507/1825 1858/2508/1826 1810/2509/1826
f 1836/2510/1824 1868/2511/1827 1719/2512/1828
f 1720/2513/1826 1865/2514/1829 1885/2515/1826
f 1837/2516/1826 1888/2517/1825 1887/2518/1826
f 1826/2519/1830 1888/2517/1825 1718/2520/1829
f 1717/2521/1824 1889/2522/1831 1870/2523/1824
f 1827/2524/1828 1891/2525/1832 1716/2526/1832
f 1716/2526/1832 1890/2527/1829 1839/2528/1825
f 1793/2529/1828 1871/2530/1824 1894/2531/1828
f 1840/2532/1833 1872/2533/1831 1715/2534/1831
f 1829/2535/1831 1897/2536/1824 1795/2537/1824
f 1793/2529/1828 1893/2538/1830 1841/2539/1830
f 1830/2540/1834 1900/2541/1835 1797/2542/1835
f 1794/2543/1833 1895/2544/1836 1874/2545/1837
f 1831/2546/1836 1903/2547/1837 1799/2548/1833
f 1843/2549/1828 1897/2536/1824 1896/2550/1828
f 1801/2551/1824 1849/2552/1831 1850/2553/1824
f 1721/2554/1836 1879/2555/1826 1912/2556/1836
f 1844/2557/1838 1876/2558/1839 1796/2559/1840
f 1818/2560/1833 1852/2561/1831 1804/2562/1841
f 1801/2551/1824 1881/2563/1828 1833/2564/1828
f 1797/2542/1835 1899/2565/1842 1845/2566/1843
f 1819/2567/1836 1854/2568/1837 1806/2569/1837
f 1721/2554/1836 1882/2570/1837 1834/2571/1837
f 1846/2572/1829 1878/2573/1826 1798/2574/1826
f 1836/2510/1824 1852/2561/1831 1886/2575/1844
f 1800/2576/1829 1904/2577/1832 1880/2578/1825
f 1822/2579/1845 1860/2580/1846 1812/2581/1847
f 1820/2582/1826 1856/2583/1836 1808/2584/1848
f 1803/2585/1837 1884/2586/1836 1905/2587/1837
f 1847/2588/1831 1903/2547/1837 1902/2589/1831
f 1729/2590/382 1727/2591/382 1728/2592/382
f 1726/2593/370 1729/2594/370 1724/2595/370
f 1725/2596/368 1728/2597/368 1727/2598/368
f 1726/2599/344 1727/2600/344 1730/2601/344
f 1723/2602/748 1729/2603/349 1728/2604/748
f 1742/2605/1849 1745/2606/1850 1754/2607/1849
f 1738/2608/1851 1753/2609/1852 1741/2610/1853
f 1742/2605/1849 1748/2611/1854 1736/2612/1855
f 1741/2610/1853 1752/2613/1856 1740/2614/1856
f 1736/2612/1855 1751/2615/1857 1739/2616/1858
f 1752/2617/1856 1732/2618/1859 1740/2619/1856
f 1739/2616/1858 1749/2620/494 1737/2621/408
f 1747/2622/1860 1731/2623/1861 1735/2624/1862
f 1737/2621/408 1750/2625/1863 1738/2608/1851
f 1746/2626/1864 1733/2627/1850 1734/2628/1865
f 1735/2624/1862 1744/2629/1866 1747/2622/1860
f 1734/2628/1865 1743/2630/1867 1746/2626/1864
f 1759/2631/1868 1769/2632/1869 1761/2633/1870
f 1749/2634/1871 1753/2635/1115 1750/2636/631
f 1753/2635/1115 1748/2637/631 1752/2638/631
f 1744/2639/631 1748/2637/631 1754/2640/631
f 1747/2641/631 1754/2640/631 1745/2642/1115
f 1747/2641/631 1746/2643/1872 1743/2644/1873
f 1758/2645/1874 1767/2646/1875 1759/2631/1868
f 1760/2647/1876 1770/2648/1877 1768/2649/1878
f 1762/2650/1879 1764/2651/1880 1770/2648/1877
f 1755/2652/1881 1764/2651/1880 1756/2653/1882
f 1757/2654/1883 1769/2655/1869 1765/2656/1884
f 1768/2649/1878 1773/2657/1885 1772/2658/1886
f 1758/2645/1874 1768/2649/1878 1766/2659/1887
f 1755/2652/1881 1765/2656/1884 1763/2660/1888
f 1764/2651/1880 1763/2660/1888 1771/2661/1889
f 1764/2651/1880 1773/2657/1885 1770/2648/1877
f 1769/2632/1869 1778/2662/1890 1780/2663/1891
f 1766/2659/1887 1768/2649/1878 1772/2658/1886
f 1772/2658/1886 1781/2664/1892 1779/2665/1893
f 1771/2661/1889 1781/2664/1892 1773/2657/1885
f 1763/2660/1888 1775/2666/1894 1771/2661/1889
f 1769/2655/1869 1776/2667/1895 1765/2656/1884
f 1766/2659/1887 1779/2665/1893 1777/2668/1896
f 1765/2656/1884 1774/2669/1897 1763/2660/1888
f 1767/2646/1875 1777/2668/1896 1778/2662/1890
f 1779/2665/1893 1784/2670/1898 1783/2671/1899
f 1775/2666/1894 1784/2670/1898 1781/2664/1892
f 1775/2666/1894 1774/2669/1897 1782/2672/1900
f 1780/2663/1891 1789/2673/1901 1791/2674/1902
f 1777/2668/1896 1779/2665/1893 1783/2671/1899
f 1776/2667/1895 1785/2675/1903 1774/2669/1897
f 1778/2662/1890 1788/2676/1904 1789/2673/1901
f 1783/2671/1899 1792/2677/1905 1790/2678/1906
f 1782/2672/1900 1792/2677/1905 1784/2670/1898
f 1782/2672/1900 1785/2675/1903 1786/2679/1907
f 1780/2680/1891 1787/2681/1908 1776/2667/1895
f 1783/2671/1899 1788/2676/1904 1777/2668/1896
f 1837/2682/1826 1906/2683/1836 1805/2684/1836
f 1814/2685/1832 1861/2686/1828 1862/2687/1832
f 1806/2569/1837 1889/2522/1831 1838/2688/1831
f 1824/2506/1824 1864/2689/1827 1816/2690/1828
f 1807/2691/1826 1890/2527/1829 1907/2692/1826
f 1722/2693/1830 1865/2514/1829 1825/2694/1829
f 1840/2532/1833 1856/2583/1836 1892/2695/1833
f 1826/2519/1830 1868/2511/1827 1867/2696/1830
f 1809/2697/1829 1893/2538/1830 1908/2698/1825
f 1717/2521/1824 1869/2699/1827 1827/2524/1828
f 1842/2700/1848 1858/2701/1826 1895/2544/1836
f 1715/2534/1831 1871/2530/1824 1828/2702/1824
f 1811/2703/1832 1896/2550/1828 1909/2704/1830
f 1803/2585/1837 1849/2552/1831 1817/2705/1831
f 1829/2535/1831 1874/2545/1837 1873/2706/1831
f 1812/2581/1847 1898/2707/1909 1844/2708/1838
f 1818/2560/1833 1906/2683/1836 1851/2709/1837
f 1796/2559/1840 1875/2710/1910 1830/2540/1834
f 1813/2711/1911 1899/2565/1842 1910/2712/1912
f 1807/2713/1826 1853/2714/1836 1819/2567/1836
f 1831/2546/1836 1878/2715/1826 1877/2716/1836
f 1814/2685/1832 1901/2717/1829 1846/2572/1829
f 1809/2697/1829 1855/2718/1826 1820/2719/1826
f 1800/2576/1829 1879/2720/1826 1832/2721/1826
f 1847/2588/1831 1911/2722/1824 1815/2723/1824
f 1821/2507/1825 1909/2704/1830 1857/2724/1825
f 1833/2564/1828 1866/2725/1832 1722/2693/1830
f 1816/2690/1828 1904/2577/1832 1848/2726/1832
f 1813/2711/1911 1859/2727/1913 1822/2579/1845
f 1834/2571/1837 1883/2728/1831 1802/2504/1823
f 1823/2729/1828 1911/2722/1824 1861/2686/1828
f 1720/2730/1826 1884/2586/1836 1835/2731/1836
f 1883/2732/817 1864/2733/382 1863/2734/1914
f 1882/2735/817 1904/2736/387 1864/2733/382
f 1904/2736/387 1879/2737/382 1880/2738/817
f 1902/2739/382 1861/2740/817 1911/2741/1915
f 1877/2742/382 1861/2740/817 1903/2743/382
f 1862/2744/382 1878/2745/382 1901/2746/382
f 1899/2747/382 1875/2748/382 1910/2749/817
f 1859/2750/382 1875/2748/382 1876/2751/382
f 1859/2750/382 1898/2752/1047 1860/2753/1916
f 1896/2754/387 1873/2755/382 1874/2756/382
f 1895/2757/382 1896/2754/387 1874/2756/382
f 1857/2758/382 1895/2757/382 1858/2759/382
f 1892/2760/382 1871/2761/382 1872/2762/1916
f 1894/2763/382 1856/2764/382 1893/2765/817
f 1856/2764/382 1908/2766/817 1893/2765/817
f 1889/2767/382 1869/2768/382 1870/2769/382
f 1891/2770/382 1854/2771/382 1853/2772/382
f 1891/2770/382 1907/2773/1047 1890/2774/383
f 1886/2775/382 1851/2776/382 1868/2777/382
f 1851/2776/382 1867/2778/382 1868/2777/382
f 1888/2779/382 1906/2780/387 1887/2781/1046
f 1865/2782/382 1884/2783/382 1885/2784/382
f 1905/2785/382 1866/2786/382 1881/2787/382
f 1881/2787/382 1849/2788/382 1905/2785/382
f 1913/2789/1917 1920/2790/368 1914/2791/368
f 1915/2792/1918 1927/2793/1918 1921/2794/1918
f 1916/2795/382 1918/2796/382 1913/2797/382
f 1916/2798/1919 1921/2799/370 1922/2800/1920
f 1918/2801/1921 1919/2802/1922 1913/2789/1917
f 1917/2803/1923 1922/2800/1920 1923/2804/1923
f 1918/2805/1921 1923/2804/1923 1924/2806/1921
f 1928/2807/368 2001/2808/787 1925/2809/368
f 1920/2810/336 1927/2811/336 1928/2812/336
f 1914/2813/1924 1928/2814/1924 1925/2815/1924
f 2002/2816/382 1953/2817/1925 2004/2818/382
f 2004/2819/1926 1931/2820/1927 2011/2821/1928
f 2002/2822/1929 1930/2823/1930 1929/2824/1930
f 1929/2825/1925 1954/2826/1931 1953/2817/1925
f 1927/2827/1932 2005/2828/1933 2010/2829/1933
f 1928/2812/336 2010/2830/336 2008/2831/336
f 2011/2832/336 1930/2833/336 2007/2834/336
f 1929/2835/1934 1934/2836/344 1933/2837/1934
f 1937/2838/1935 1954/2839/1936 1932/2840/1935
f 1933/2841/368 1934/2842/368 1937/2843/368
f 1960/2844/1937 1954/2839/1936 1938/2845/1938
f 1935/2846/370 1936/2847/370 1938/2848/370
f 1937/2849/336 1931/2850/336 1938/2851/336
f 1934/2852/336 1930/2833/336 1937/2849/336
f 1932/2840/1935 1941/2853/1939 1937/2838/1935
f 1931/2850/336 1935/2854/1940 1938/2851/336
f 1942/2855/1941 1947/2856/1942 1943/2857/1941
f 1960/2858/1932 1959/2859/370 1963/2860/1943
f 1948/2861/1944 1940/2862/382 1939/2863/382
f 1932/2864/370 1943/2865/370 1944/2866/1932
f 1933/2837/1934 1943/2857/1941 1929/2835/1934
f 1959/2859/370 1938/2848/370 1936/2847/370
f 1940/2867/1945 1951/2868/1191 1946/2869/368
f 1945/2870/382 1951/2871/382 1952/2872/382
f 1969/2873/1946 1950/2874/1942 1972/2875/1947
f 1956/2876/1945 1989/2877/1948 1991/2878/1949
f 1949/2879/1950 1970/2880/1951 1971/2881/1952
f 1960/2858/1932 1963/2860/1943 1973/2882/1953
f 1984/2883/1954 1941/2884/1955 1944/2885/1955
f 1983/2886/1956 1951/2887/1957 1978/2888/1958
f 1939/2889/344 1946/2890/344 1945/2891/344
f 1959/2892/1941 1966/2893/1942 1963/2894/1942
f 1964/2895/1950 1956/2896/382 1955/2897/382
f 1936/2898/1959 1958/2899/1941 1959/2892/1941
f 1954/2900/368 1958/2901/368 1953/2902/368
f 1956/2876/1945 1967/2903/1191 1962/2904/368
f 1961/2905/382 1967/2906/382 1968/2907/382
f 1973/2908/1960 1966/2893/1942 1976/2909/1947
f 1915/2910/382 1925/2911/382 1926/2912/382
f 1965/2913/1961 1974/2914/1962 1975/2915/1963
f 1955/2916/1964 1995/2917/1965 1997/2918/1966
f 1996/2919/1954 1957/2920/1955 1960/2921/1967
f 1995/2922/1956 1967/2923/1957 1990/2924/1958
f 1955/2925/344 1962/2926/344 1961/2927/344
f 1939/2928/1964 1983/2929/1965 1985/2930/1966
f 1937/2843/368 1942/2931/368 1933/2841/368
f 1931/2932/344 1936/2898/1959 1935/2933/1968
f 1969/2873/1946 1971/2881/1952 1970/2880/1951
f 1973/2908/1960 1975/2915/1963 1974/2914/1962
f 1944/2866/1932 1943/2865/370 1947/2934/1943
f 1978/2888/1958 1985/2935/1969 1983/2886/1956
f 1982/2936/1970 1986/2937/1971 1985/2935/1969
f 1981/2938/1972 1987/2939/1973 1986/2937/1971
f 1987/2939/1973 1979/2940/1974 1988/2941/1975
f 1988/2941/1975 1977/2942/1954 1984/2883/1954
f 1990/2924/1958 1997/2943/1969 1995/2922/1956
f 1994/2944/1976 1998/2945/1971 1997/2943/1969
f 1993/2946/1977 1999/2947/1973 1998/2945/1971
f 1999/2947/1973 1991/2948/1978 2000/2949/1979
f 2000/2949/1979 1989/2950/1954 1996/2919/1954
f 1956/2876/1945 1991/2878/1949 1992/2951/1980
f 1952/2952/1932 1939/2928/1964 1945/2953/1981
f 1968/2954/1932 1955/2916/1964 1961/2955/1982
f 2005/2956/382 2003/2957/817 2006/2958/817
f 2006/2958/817 2002/2816/382 2004/2818/382
f 2011/2832/336 2009/2959/336 2012/2960/338
f 2009/2959/336 2010/2830/336 2012/2960/338
f 2011/2821/1928 2006/2961/1983 2004/2819/1926
f 2012/2962/1983 2005/2828/1933 2006/2961/1983
f 2007/2963/1929 2003/2964/1984 2009/2965/1984
f 2009/2965/1984 2001/2808/787 2008/2966/787
f 1925/2911/382 2005/2956/382 1926/2912/382
f 1944/2866/1932 1947/2934/1943 1969/2967/1953
f 1942/2931/368 1941/2968/1191 1950/2969/1985
f 1944/2866/1932 1969/2967/1953 1970/2970/1986
f 1948/2971/1987 1944/2866/1932 1970/2970/1986
f 1941/2968/1191 1949/2972/1988 1971/2973/1989
f 1939/2928/1964 1985/2930/1966 1986/2974/1990
f 1939/2928/1964 1986/2974/1990 1987/2975/1991
f 1939/2928/1964 1987/2975/1991 1988/2976/1982
f 1984/2977/1992 1939/2928/1964 1988/2976/1982
f 1944/2866/1932 1939/2928/1964 1984/2977/1992
f 1941/2968/1191 1971/2973/1989 1972/2978/1993
f 1950/2969/1985 1941/2968/1191 1972/2978/1993
f 1940/2867/1945 1977/2979/1994 1979/2980/1949
f 1940/2867/1945 1979/2980/1949 1980/2981/1980
f 1940/2867/1945 1980/2981/1980 1981/2982/1980
f 1940/2867/1945 1981/2982/1980 1982/2983/1995
f 1978/2984/1193 1940/2867/1945 1982/2983/1995
f 1941/2968/1191 1940/2867/1945 1949/2972/1988
f 1956/2876/1945 1992/2951/1980 1993/2985/1980
f 1956/2876/1945 1993/2985/1980 1994/2986/1995
f 1990/2987/1996 1956/2876/1945 1994/2986/1995
f 1957/2988/1191 1965/2989/1997 1975/2990/1989
f 1958/2901/368 1957/2988/1191 1966/2991/1985
f 1957/2988/1191 1975/2990/1989 1976/2992/1993
f 1966/2991/1985 1957/2988/1191 1976/2992/1993
f 1956/2876/1945 1957/2988/1191 1989/2877/1948
f 1960/2858/1932 1973/2882/1953 1974/2993/1986
f 1964/2994/1998 1960/2858/1932 1974/2993/1986
f 1922/2995/336 1920/2810/336 1919/2996/336
f 1955/2916/1964 1997/2918/1966 1998/2997/1990
f 1955/2916/1964 1998/2997/1990 1999/2998/1991
f 1955/2916/1964 1999/2998/1991 2000/2999/1982
f 1996/3000/1999 1955/2916/1964 2000/2999/1982
f 1955/2916/1964 1960/2858/1932 1964/2994/1998
f 1916/2795/382 1914/3001/382 1915/2910/382
f 1922/2995/336 1924/3002/336 1923/3003/336
f 1734/3004/2000 1735/3005/2001 1731/3006/2002
f 1732/3007/633 1733/3008/633 1742/3009/633
f 1736/3010/633 1732/3007/633 1742/3009/633
f 1736/3010/633 1741/3011/2003 1740/3012/633
f 1741/3011/2003 1737/3013/633 1738/3014/633
f 38/1/1 588/1487/1055 873/2/2
f 592/4/4 871/45/45 440/5/5
f 18/7/7 423/1448/1044 775/8/8
f 895/10/10 598/185/185 35/11/11
f 893/13/13 602/180/180 41/14/14
f 891/16/16 606/176/176 43/17/17
f 458/19/19 889/1479/1049 610/20/20
f 887/22/22 614/169/169 47/23/23
f 885/25/25 618/165/165 49/26/26
f 883/28/28 622/161/161 51/29/29
f 881/31/31 626/1489/1057 53/32/32
f 448/34/34 879/147/147 630/35/35
f 877/37/37 634/151/151 57/38/38
f 875/40/40 638/1488/1056 59/41/41
f 442/3/3 873/2/2 642/43/43
f 871/45/45 646/140/140 63/46/46
f 762/47/47 961/1232/835 484/48/48
f 64/50/50 710/1284/887 929/51/51
f 758/53/53 959/1236/839 483/54/54
f 62/56/56 706/1287/890 927/57/57
f 754/59/59 957/1240/843 482/60/60
f 60/62/62 702/1291/894 925/63/63
f 14/65/65 750/1491/1059 955/66/66
f 58/68/68 698/1295/898 923/69/69
f 746/71/71 953/1483/1052 480/72/72
f 56/74/74 694/1299/902 921/75/75
f 13/77/77 742/1244/847 951/78/78
f 54/80/80 690/1303/906 919/81/81
f 738/83/83 949/1255/858 478/84/84
f 52/86/86 686/1307/910 917/87/87
f 12/89/89 734/1251/854 947/90/90
f 50/92/92 682/1311/914 915/93/93
f 4/95/95 730/1482/1051 945/96/96
f 48/98/98 678/1315/918 913/99/99
f 11/101/101 726/1259/862 943/102/102
f 46/104/104 674/1319/922 911/105/105
f 722/107/107 941/1273/876 474/108/108
f 44/110/110 670/1323/926 909/111/111
f 718/113/113 939/3015/281 473/114/114
f 42/116/116 666/1327/930 907/117/117
f 714/119/119 935/1481/1050 471/120/120
f 36/122/122 654/1335/938 903/123/123
f 41/125/125 466/3016/1028 861/126/126
f 940/128/128 860/3017/1005 773/129/129
f 908/131/131 862/3018/1004 661/132/132
f 864/134/134 769/1486/1054 767/135/135
f 35/137/137 470/1400/1002 869/138/138
f 646/140/140 875/40/40 444/42/42
f 438/141/141 24/1386/989 644/142/142
f 642/43/43 877/37/37 446/39/39
f 437/144/144 31/1383/986 640/145/145
f 59/41/41 638/1488/1056 879/147/147
f 436/148/148 23/1379/982 636/149/149
f 634/151/151 881/31/31 450/33/33
f 435/152/152 30/3019/2004 632/153/153
f 630/35/35 883/28/28 452/30/30
f 434/155/155 22/1372/975 628/156/156
f 53/32/32 626/1489/1057 885/25/25
f 433/158/158 29/1368/971 624/159/159
f 622/161/161 887/22/22 456/24/24
f 432/162/162 21/1364/967 620/163/163
f 618/165/165 889/1479/1049 458/19/19
f 431/166/166 28/1360/963 616/167/167
f 614/169/169 891/16/16 460/18/18
f 430/170/170 20/1356/959 612/171/171
f 610/20/20 893/13/13 462/15/15
f 429/173/173 27/1352/955 608/174/174
f 606/176/176 895/10/10 464/12/12
f 428/177/177 19/1348/951 604/178/178
f 602/180/180 897/3020/999 466/181/181
f 427/182/182 26/1339/942 600/183/183
f 598/185/185 901/1343/946 470/186/186
f 426/187/187 18/7/7 596/9/9
f 591/189/189 593/1395/998 806/190/190
f 594/192/192 25/3021/2005 438/141/141
f 587/193/193 589/1391/994 804/194/194
f 32/196/196 437/144/144 803/146/146
f 583/198/198 585/1342/945 778/199/199
f 17/201/201 424/1434/1031 777/202/202
f 647/204/204 649/1390/993 866/205/205
f 469/124/124 903/123/123 648/207/207
f 655/209/209 657/220/219 814/210/210
f 467/212/212 905/1328/931 656/213/213
f 659/133/133 661/132/132 810/215/215
f 465/217/118 907/1480/117 660/218/217
f 906/206/206 866/205/205 657/220/219
f 464/221/220 35/137/137 652/139/139
f 43/223/222 464/221/220 857/222/221
f 462/225/224 41/125/125 664/127/127
f 45/227/226 462/225/224 853/226/225
f 460/229/228 43/223/222 668/224/223
f 47/231/230 460/229/228 849/230/229
f 458/233/232 45/227/226 672/228/227
f 49/235/234 458/233/232 845/234/233
f 456/237/236 47/231/230 676/232/231
f 51/239/238 456/237/236 841/238/237
f 454/241/240 49/235/234 680/236/235
f 53/243/242 454/241/240 837/242/241
f 452/245/244 51/239/238 684/240/239
f 55/247/246 452/245/244 833/246/245
f 450/249/248 53/243/242 688/244/243
f 57/251/250 450/249/248 829/250/249
f 448/253/252 55/247/246 692/248/247
f 59/255/254 448/253/252 825/254/253
f 446/257/256 57/251/250 696/252/251
f 61/259/258 446/257/256 821/258/257
f 444/261/260 59/255/254 700/256/255
f 63/263/262 444/261/260 817/262/261
f 442/265/264 61/259/258 704/260/259
f 36/267/266 469/1401/1003 867/268/267
f 440/270/269 63/263/262 708/264/263
f 763/272/271 765/335/333 864/134/134
f 471/120/120 935/1481/1050 764/273/272
f 767/135/135 769/1486/1054 812/275/274
f 472/277/276 937/1266/869 768/278/277
f 771/130/130 773/129/129 808/280/279
f 939/282/281 772/1492/1060 9/283/282
f 42/285/283 465/3022/1029 859/286/284
f 463/288/286 36/267/266 712/269/268
f 44/290/288 463/288/286 855/289/287
f 461/292/290 42/285/283 716/287/285
f 46/294/292 461/292/290 851/293/291
f 459/296/294 44/290/288 720/291/289
f 48/298/296 459/296/294 847/297/295
f 457/300/298 46/294/292 724/295/293
f 50/302/300 457/300/298 843/301/299
f 455/304/302 48/298/296 728/299/297
f 52/306/304 455/304/302 839/305/303
f 453/308/306 50/302/300 732/303/301
f 54/310/308 453/308/306 835/309/307
f 451/312/310 52/306/304 736/307/305
f 56/314/312 451/312/310 831/313/311
f 449/316/314 54/310/308 740/311/309
f 58/318/316 449/316/314 827/317/315
f 447/320/318 56/314/312 744/315/313
f 60/322/320 447/320/318 823/321/319
f 445/324/322 58/318/316 748/319/317
f 62/326/324 445/324/322 819/325/323
f 443/328/326 60/322/320 752/323/321
f 64/330/328 443/328/326 815/329/327
f 441/332/330 62/326/324 756/327/325
f 936/334/332 868/1399/1001 765/335/333
f 439/336/334 64/330/328 760/331/329
f 487/338/336 79/1206/336 31/339/336
f 488/341/336 72/3023/336 24/342/336
f 489/344/336 65/3024/336 17/345/336
f 424/347/336 490/1214/336 80/348/336
f 491/350/336 73/1216/336 25/351/336
f 492/353/338 66/1215/336 18/354/336
f 427/356/336 493/1211/336 74/357/336
f 494/359/336 67/1212/336 19/360/336
f 495/362/336 75/3025/336 27/363/336
f 496/365/336 68/3026/336 20/366/336
f 431/368/336 497/3027/336 76/369/336
f 498/371/336 69/1210/336 21/372/336
f 499/374/339 77/1209/336 29/375/336
f 434/377/336 500/1207/336 70/378/336
f 501/380/336 78/1208/339 30/381/339
f 436/383/336 502/1205/336 71/384/336
f 503/386/340 136/1189/815 72/387/341
f 504/389/343 143/1202/344 65/390/344
f 505/392/345 144/1188/405 80/393/346
f 506/395/348 135/1204/349 73/396/349
f 507/398/350 130/1203/351 66/399/351
f 508/401/353 138/1200/354 74/402/354
f 509/404/356 129/1199/406 67/405/357
f 510/407/359 137/1198/360 75/408/360
f 511/410/362 132/1197/363 68/411/363
f 512/413/364 140/1196/401 76/414/365
f 513/416/367 131/1195/368 69/417/368
f 514/419/369 139/1194/370 77/420/370
f 515/422/372 134/1193/819 70/423/373
f 516/425/375 142/1192/818 78/426/376
f 517/428/378 133/1191/379 71/429/379
f 518/431/380 141/1190/381 79/432/381
f 519/434/377 157/1151/381 127/435/381
f 478/437/382 4/1171/382 84/438/382
f 479/440/382 12/1170/383 92/441/383
f 480/443/382 5/1186/384 85/444/384
f 481/446/384 13/1185/382 93/447/382
f 482/449/385 6/1184/382 86/450/382
f 483/452/382 14/1183/382 94/453/382
f 484/455/382 7/1182/386 87/456/386
f 485/458/387 15/1181/382 95/459/382
f 486/461/382 8/1180/382 88/462/382
f 471/464/387 1/1176/387 81/465/387
f 472/467/382 16/1179/382 96/468/382
f 473/470/382 9/1178/382 89/471/382
f 474/473/382 2/1177/382 82/474/382
f 10/476/387 90/1175/817 534/477/382
f 476/479/384 3/1173/382 83/480/382
f 477/482/387 11/1172/816 91/483/388
f 525/485/389 86/1154/409 102/486/373
f 526/488/377 94/1153/814 110/489/376
f 527/491/378 87/1169/379 103/492/392
f 528/494/380 95/1168/381 111/495/381
f 529/497/393 88/1167/815 104/498/341
f 530/500/343 81/1163/344 97/501/395
f 531/503/345 96/1166/405 112/504/346
f 532/506/348 89/1165/349 105/507/396
f 533/509/352 82/1164/351 98/510/351
f 534/512/353 90/1161/354 106/513/354
f 535/515/356 83/1160/357 99/516/397
f 536/518/361 91/1159/360 107/519/399
f 521/521/362 84/1158/363 100/522/363
f 522/524/366 92/1157/401 108/525/401
f 523/527/367 85/1156/368 101/528/368
f 524/530/403 93/1155/370 109/531/370
f 556/533/404 152/1150/341 120/534/341
f 160/536/405 128/1148/405 573/537/380
f 576/539/340 151/1146/349 121/540/349
f 553/542/343 146/1145/813 113/543/351
f 577/545/345 159/1149/344 114/546/344
f 557/548/348 154/1144/354 122/549/354
f 578/551/352 145/1143/406 115/552/406
f 579/554/355 153/1142/407 123/555/407
f 148/557/363 116/1141/363 562/558/356
f 558/560/361 156/1140/401 124/561/401
f 147/563/368 117/1139/368 563/564/362
f 581/566/366 155/1138/408 125/567/408
f 555/569/367 150/1137/373 118/570/409
f 559/572/403 158/1187/376 126/573/410
f 582/575/389 149/1152/379 119/576/379
f 152/578/382 136/1121/382 503/579/382
f 151/581/382 135/1136/382 506/582/382
f 154/584/382 138/1135/382 508/585/382
f 153/587/382 137/1134/382 510/588/382
f 156/590/382 140/1133/382 512/591/382
f 155/593/382 139/1132/382 514/594/382
f 158/596/382 142/1131/382 516/597/382
f 157/599/382 141/1130/382 518/600/382
f 160/602/382 144/1129/382 505/603/382
f 159/605/382 143/1128/382 504/606/382
f 146/608/382 130/1127/382 507/609/382
f 145/611/382 129/1126/382 509/612/382
f 148/614/382 132/1125/382 511/615/382
f 147/617/382 131/1124/382 513/618/382
f 150/620/382 134/1123/382 515/621/382
f 149/623/382 133/1122/382 517/624/382
f 164/626/411 166/630/370 165/627/412
f 168/629/414 167/646/429 165/627/412
f 170/631/336 169/652/435 390/632/415
f 172/634/417 171/638/421 407/635/418
f 172/634/417 174/639/422 173/637/420
f 174/639/422 176/992/720 175/640/423
f 372/641/424 162/976/382 161/642/425
f 163/628/413 178/648/431 356/644/427
f 167/646/429 180/669/452 179/647/430
f 165/627/412 179/647/430 178/648/431
f 408/649/432 182/659/442 190/650/433
f 169/652/435 181/672/455 391/653/436
f 173/637/420 175/640/423 184/654/437
f 373/643/426 161/642/425 177/656/439
f 178/648/431 186/667/450 358/658/441
f 171/638/421 173/637/420 183/655/438
f 407/635/418 171/638/421 182/659/442
f 374/657/440 177/656/439 185/660/443
f 194/662/445 195/677/460 210/663/446
f 409/651/434 190/650/433 198/665/448
f 179/647/430 187/670/453 186/667/450
f 182/659/442 183/655/438 191/668/451
f 180/669/452 188/676/459 187/670/453
f 183/655/438 184/654/437 192/671/454
f 181/672/455 189/679/462 392/673/456
f 190/650/433 191/668/451 199/674/457
f 199/674/457 212/691/471 224/675/458
f 187/670/453 195/677/460 194/662/445
f 188/676/459 196/1010/735 195/677/460
f 191/668/451 192/671/454 200/678/461
f 189/679/462 197/3028/744 393/680/463
f 186/667/450 194/662/445 359/681/464
f 375/661/444 185/660/443 193/682/465
f 195/677/460 196/1010/735 214/684/467
f 360/685/468 202/707/488 242/686/469
f 211/688/471 207/776/556 206/689/472
f 200/678/461 218/991/719 212/691/471
f 393/680/463 197/3028/744 220/692/474
f 412/694/476 411/782/562 205/695/477
f 359/681/464 194/662/445 222/664/447
f 198/665/448 224/675/458 413/698/480
f 193/682/465 215/979/707 377/699/481
f 240/700/482 239/765/545 415/701/483
f 213/703/485 204/1001/729 203/704/486
f 221/706/487 209/705/446 203/704/486
f 208/708/489 207/776/556 211/688/471
f 240/710/491 224/755/536 212/711/492
f 225/713/494 226/764/408 235/714/495
f 378/716/497 216/719/500 201/717/498
f 360/685/468 201/717/498 216/719/500
f 395/721/502 204/1001/729 213/703/485
f 209/723/504 226/3029/2006 230/724/505
f 211/726/507 228/770/550 232/727/508
f 235/729/510 226/3029/2006 209/723/504
f 219/731/512 233/3030/734 415/732/513
f 217/728/509 232/727/508 380/734/515
f 216/736/517 237/990/718 364/737/518
f 381/739/520 377/3031/2007 215/740/521
f 213/725/506 230/724/505 397/742/523
f 236/744/525 222/978/706 210/745/526
f 229/747/528 225/746/527 210/745/526
f 212/711/492 218/989/717 231/749/530
f 398/750/531 229/747/528 214/748/529
f 365/752/533 238/741/522 215/740/521
f 414/754/535 413/3032/2008 224/755/536
f 236/715/496 235/714/495 364/756/537
f 398/758/539 397/1003/731 230/759/540
f 231/761/542 232/988/716 228/762/543
f 229/760/541 230/759/540 226/764/408
f 227/763/544 228/762/543 239/765/545
f 238/766/546 237/977/500 380/767/547
f 211/726/507 223/1024/742 239/769/549
f 164/626/411 163/628/413 355/645/428
f 248/772/552 256/801/581 255/773/553
f 201/717/498 241/792/572 382/775/555
f 207/776/556 247/774/554 246/777/557
f 395/721/502 205/1008/477 245/778/558
f 202/707/488 203/704/486 243/780/560
f 208/708/489 248/772/552 247/774/554
f 206/689/472 246/777/557 416/781/561
f 203/704/486 204/1001/729 244/783/563
f 400/784/564 253/795/575 261/785/565
f 246/777/557 254/794/574 417/787/567
f 243/780/560 244/783/563 252/788/568
f 361/687/470 242/686/469 250/790/570
f 241/792/572 249/806/586 383/793/573
f 247/774/554 255/773/553 254/794/574
f 399/779/559 245/778/558 253/795/575
f 242/686/469 243/780/560 251/789/569
f 281/796/576 265/975/705 385/797/577
f 250/790/570 251/789/569 259/799/579
f 256/801/581 264/986/714 263/802/582
f 254/794/574 262/808/588 418/803/583
f 251/789/569 252/788/568 260/804/584
f 366/791/571 250/790/570 258/800/580
f 249/806/586 257/974/704 386/807/587
f 255/773/553 263/802/582 262/808/588
f 282/809/422 271/819/598 270/810/589
f 283/812/591 269/3033/741 402/813/592
f 288/815/594 284/823/370 267/816/595
f 285/818/597 272/987/715 271/819/598
f 286/811/590 270/810/589 419/820/599
f 287/822/601 268/1000/728 267/816/595
f 288/815/594 266/817/596 368/824/602
f 367/805/585 258/800/580 280/826/603
f 260/804/584 278/999/727 279/828/605
f 418/803/583 262/808/588 276/829/590
f 263/802/582 264/986/714 274/831/607
f 258/800/580 259/799/579 279/828/605
f 401/786/566 261/785/565 277/833/591
f 262/808/588 263/802/582 275/832/368
f 386/807/587 257/974/704 273/835/609
f 994/837/611 993/1514/1081 969/838/612
f 976/840/614 991/1505/1073 992/841/615
f 277/846/620 421/855/629 371/847/621
f 289/849/623 290/1511/1079 973/850/624
f 978/852/626 291/1509/1077 292/853/627
f 299/863/632 298/3034/632 301/864/632
f 308/872/634 304/3035/634 305/873/634
f 297/875/368 298/879/368 304/876/368
f 299/878/368 305/3036/368 304/876/368
f 302/880/633 309/3037/633 305/881/635
f 302/883/370 301/887/370 308/884/370
f 300/886/370 307/3038/370 308/884/370
f 297/888/634 303/3039/634 307/889/634
f 322/891/636 328/3040/636 333/892/637
f 317/897/368 319/3041/641 334/898/641
f 318/900/642 317/897/368 330/899/368
f 321/902/643 318/900/642 329/901/642
f 331/904/644 320/3042/644 321/902/643
f 312/905/645 320/3042/644 331/904/644
f 315/907/646 312/905/645 325/906/645
f 323/895/370 311/2502/370 315/907/646
f 313/909/648 327/2503/648 328/910/636
f 334/898/641 319/3041/641 316/893/638
f 346/917/652 345/925/652 343/918/653
f 338/920/655 340/923/657 339/921/656
f 340/923/657 342/3043/2009 341/924/658
f 341/924/658 342/3043/2009 344/919/654
f 345/925/652 346/917/652 348/926/659
f 348/928/659 350/3044/2010 349/929/660
f 349/929/660 350/3044/2010 352/931/661
f 352/931/661 354/3045/663 353/933/663
f 353/933/663 354/3045/663 336/934/664
f 1001/936/666 1101/1077/770 1031/937/667
f 1095/939/669 1025/3046/1173 1077/940/670
f 1010/942/672 1141/1109/801 1153/943/673
f 1029/945/675 1097/1067/760 1100/946/676
f 1032/948/678 1035/1599/1137 1103/949/679
f 1041/951/681 1109/1107/799 1112/952/682
f 1052/954/684 1116/960/690 1159/955/685
f 1134/957/687 1061/1066/759 1113/958/688
f 1116/960/690 1046/1653/1176 1147/961/691
f 1064/962/692 1128/1111/803 1136/963/693
f 1037/965/695 1137/3047/1166 995/966/696
f 295/968/698 975/3048/699 273/969/699
f 985/971/701 294/1515/1082 293/972/702
f 367/805/585 370/827/604 273/835/609
f 281/796/576 369/825/602 368/824/602
f 249/806/586 366/791/571 367/805/585
f 241/792/572 361/687/470 366/791/571
f 357/771/551 355/645/428 161/642/425
f 365/757/538 364/756/537 237/977/500
f 365/752/533 362/753/534 222/978/706
f 221/730/511 363/738/519 364/737/518
f 202/707/488 360/685/468 363/720/501
f 193/682/465 359/681/464 362/697/479
f 201/717/498 360/685/468 361/687/470
f 358/658/441 359/681/464 193/682/465
f 356/644/427 358/658/441 185/660/443
f 355/645/428 356/644/427 177/656/439
f 291/980/708 978/3049/2011 275/981/709
f 295/983/711 296/1527/1094 979/984/712
f 264/986/714 386/807/587 387/836/610
f 383/793/573 386/807/587 264/986/714
f 384/798/578 385/797/577 272/987/715
f 382/775/555 383/793/573 256/801/581
f 379/718/499 382/775/555 248/772/552
f 381/768/548 380/767/547 232/988/716
f 218/989/717 377/3031/2007 381/739/520
f 216/736/517 378/735/516 380/734/515
f 217/709/490 378/716/497 379/718/499
f 376/683/466 377/699/481 218/991/719
f 192/671/454 375/661/444 376/683/466
f 184/654/437 374/657/440 375/661/444
f 175/640/423 373/643/426 374/657/440
f 372/641/424 373/643/426 175/640/423
f 371/996/724 388/1541/1107 981/997/725
f 260/804/584 401/786/566 404/834/608
f 403/814/593 402/813/592 268/1000/728
f 244/783/563 399/779/559 400/784/564
f 252/788/568 400/784/564 401/786/566
f 204/1001/729 395/721/502 399/779/559
f 234/1002/730 233/3050/743 397/1003/731
f 234/1004/732 398/750/531 394/751/532
f 219/1006/512 396/743/524 397/742/523
f 205/1008/477 395/721/502 396/722/503
f 196/1010/735 393/680/463 394/693/475
f 392/673/456 393/680/463 196/1010/735
f 391/653/436 392/673/456 188/676/459
f 390/632/415 391/653/436 180/669/452
f 168/629/414 389/633/416 390/632/415
f 985/1011/736 968/1531/1097 274/982/710
f 988/1013/738 405/1512/1080 422/1014/739
f 261/1016/565 418/803/583 421/830/606
f 420/821/600 419/820/599 269/1018/741
f 417/787/567 418/803/583 261/1016/565
f 416/781/561 417/787/567 253/1020/575
f 411/782/562 416/781/561 245/1021/558
f 220/1022/733 413/3032/2008 414/754/535
f 223/1024/742 412/733/514 415/732/513
f 414/702/484 415/701/483 233/1025/743
f 410/666/449 413/698/480 220/1027/474
f 206/689/472 411/782/562 412/694/476
f 189/1029/462 409/651/434 410/666/449
f 169/1030/435 407/635/418 408/649/432
f 181/1031/455 408/649/432 409/651/434
f 406/636/419 407/635/418 169/1030/435
f 419/1034/745 270/1038/745 268/1036/745
f 267/1037/745 268/1036/745 270/1038/745
f 267/1037/745 271/1039/745 272/1040/745
f 385/1042/745 368/1043/746 266/1041/745
f 357/1047/349 372/1046/349 176/1048/349
f 164/1049/349 176/1048/349 174/1050/349
f 166/1051/349 174/1050/349 172/1052/349
f 406/1054/748 389/1055/349 168/1053/349
f 338/920/655 337/922/655 335/935/665
f 1131/1057/750 1064/962/692 1062/964/694
f 1121/1059/752 1059/1078/771 1056/1060/753
f 1125/1062/755 1055/1065/758 1119/1063/756
f 1055/1065/758 1134/957/687 1043/959/689
f 1061/1066/759 1137/3047/1166 1037/965/695
f 1097/1067/760 1035/1599/1137 1032/948/678
f 1091/1068/761 1029/945/675 1026/947/677
f 1085/1070/763 1023/1105/797 1020/1071/764
f 1089/1073/766 1019/1076/769 1083/1074/767
f 1019/1076/769 1095/939/669 1007/941/671
f 1077/940/670 1025/3046/1173 1101/1077/770
f 1071/938/668 1031/937/667 1107/967/697
f 1059/1078/771 1131/1057/750 1133/1058/751
f 1053/1079/772 1121/1059/752 1124/1061/754
f 1122/1081/774 1160/1110/802 1149/1082/775
f 1047/1084/777 1115/1106/798 1118/1085/778
f 1005/1087/780 1073/1119/811 1076/1088/781
f 1068/1090/783 1151/1664/1187 1140/1091/784
f 1086/1093/786 1016/1118/810 1142/1094/787
f 1011/1096/789 1079/1120/812 1082/1097/790
f 1127/1099/792 1161/1667/1190 1139/1100/793
f 1017/1102/795 1085/3051/763 1088/1103/765
f 1023/1105/797 1091/1068/761 1094/1069/762
f 1115/1106/798 1053/1079/772 1050/1080/773
f 1109/1107/799 1047/1084/777 1044/1086/779
f 1074/1108/800 1152/1662/1185 1141/1109/801
f 1103/949/679 1041/951/681 1038/953/683
f 1052/954/684 1148/956/686 1160/1110/802
f 1128/1111/803 998/1639/1168 996/1112/804
f 1092/1113/805 1022/1646/1172 1143/1114/806
f 1067/1116/808 1005/1087/780 1002/1089/782
f 1080/944/674 1153/943/673 1142/1094/787
f 1073/1119/811 1011/1096/789 1008/1098/791
f 1079/1120/812 1017/1102/795 1014/1104/796
f 556/625/382 517/624/382 136/1121/382
f 582/622/382 515/621/382 133/1122/382
f 555/619/382 513/618/382 134/1123/382
f 580/616/382 511/615/382 131/1124/382
f 554/613/382 509/612/382 132/1125/382
f 578/610/382 507/609/382 129/1126/382
f 553/607/382 504/606/382 130/1127/382
f 577/604/382 505/603/382 143/1128/382
f 560/601/382 518/600/382 144/1129/382
f 519/598/382 516/597/382 141/1130/382
f 559/595/382 514/594/382 142/1131/382
f 581/592/382 512/591/382 139/1132/382
f 558/589/382 510/588/382 140/1133/382
f 579/586/382 508/585/382 137/1134/382
f 557/583/382 506/582/382 138/1135/382
f 576/580/382 503/579/382 135/1136/382
f 150/1137/373 582/575/389 565/577/389
f 155/1138/408 559/572/403 572/574/403
f 555/569/367 564/571/402 117/1139/368
f 156/1140/401 581/566/366 571/568/366
f 148/557/363 580/565/362 563/564/362
f 153/1142/407 558/560/361 570/562/361
f 145/1143/406 554/559/356 562/558/356
f 154/1144/354 579/554/355 569/556/355
f 146/1145/813 578/551/352 561/553/352
f 151/1146/349 557/3052/348 568/1147/348
f 160/536/405 577/545/345 574/547/345
f 159/1149/344 553/542/343 575/544/343
f 576/539/340 567/541/340 120/534/341
f 560/538/380 573/537/380 127/435/381
f 149/1152/379 556/533/404 566/535/404
f 94/1153/814 524/530/403 552/532/371
f 86/1154/409 523/527/367 551/529/402
f 93/1155/370 522/524/366 550/526/366
f 85/1156/368 521/521/362 549/523/362
f 92/1157/401 536/518/361 548/520/400
f 84/1158/363 535/515/356 547/517/398
f 91/1159/360 534/512/353 546/514/353
f 83/1160/357 533/509/352 545/511/352
f 90/1161/354 532/3053/348 544/1162/348
f 81/1163/344 531/503/345 543/505/347
f 82/1164/351 530/500/343 542/502/343
f 89/1165/349 529/497/393 541/499/394
f 96/1166/405 528/494/380 540/496/380
f 88/1167/815 527/491/378 539/493/378
f 95/1168/381 526/488/377 538/490/391
f 87/1169/379 525/485/389 537/487/390
f 12/1170/383 477/482/387 536/484/387
f 4/1171/382 476/479/384 535/481/384
f 11/1172/816 475/478/382 534/477/382
f 3/1173/382 474/473/382 533/475/382
f 10/476/387 473/3054/382 532/1174/382
f 1/1176/387 472/467/382 531/469/382
f 2/1177/382 471/464/387 530/466/387
f 9/1178/382 486/461/382 529/463/382
f 16/1179/382 485/458/387 528/460/387
f 8/1180/382 484/455/382 527/457/382
f 15/1181/382 483/452/382 526/454/382
f 7/1182/386 482/449/385 525/451/385
f 14/1183/382 481/446/384 524/448/384
f 6/1184/382 480/443/382 523/445/382
f 13/1185/382 479/440/382 522/442/382
f 5/1186/384 478/437/382 521/439/382
f 158/1187/376 519/434/377 520/436/377
f 144/1188/405 518/431/380 487/433/380
f 136/1189/815 517/428/378 502/430/378
f 141/1190/381 516/425/375 501/427/377
f 133/1191/379 515/422/372 500/424/374
f 142/1192/818 514/419/369 499/421/371
f 134/1193/819 513/416/367 498/418/367
f 139/1194/370 512/413/364 497/415/366
f 131/1195/368 511/410/362 496/412/362
f 140/1196/401 510/407/359 495/409/361
f 132/1197/363 509/404/356 494/406/358
f 137/1198/360 508/401/353 493/403/355
f 129/1199/406 507/398/350 492/400/352
f 138/1200/354 506/3055/348 491/1201/348
f 143/1202/344 505/392/345 490/394/347
f 130/1203/351 504/389/343 489/391/343
f 135/1204/349 503/386/340 488/388/342
f 24/342/336 72/3023/336 502/1205/336
f 79/1206/336 501/380/336 435/382/336
f 23/385/336 71/384/336 500/1207/336
f 78/1208/339 499/374/339 433/376/339
f 22/379/336 70/378/336 498/371/336
f 77/1209/336 497/3027/336 431/368/336
f 69/1210/336 496/365/336 430/367/336
f 28/370/336 76/369/336 495/362/336
f 20/366/336 68/3026/336 494/359/336
f 27/363/336 75/3025/336 493/1211/336
f 67/1212/336 492/353/338 426/355/338
f 74/357/336 491/3056/336 425/1213/336
f 17/345/336 65/3024/336 490/1214/336
f 66/1215/336 489/344/336 423/346/336
f 73/1216/336 488/341/336 438/343/337
f 80/348/336 487/338/336 437/340/336
f 9/283/282 772/1492/1060 965/1217/820
f 39/1219/822 439/336/334 807/337/335
f 16/279/278 768/278/277 963/1221/824
f 37/1223/826 441/332/330 811/333/331
f 966/281/280 808/280/279 759/1225/828
f 965/1217/820 762/47/47 8/49/49
f 964/276/275 812/275/274 755/1227/830
f 963/1221/824 758/53/53 15/55/55
f 962/1229/832 816/1425/1025 751/1230/833
f 961/1232/835 754/59/59 7/61/61
f 960/1233/836 820/1423/1023 747/1234/837
f 959/1236/839 750/1491/1059 14/65/65
f 958/1237/840 824/1422/1022 743/1238/841
f 957/1240/843 746/71/71 6/73/73
f 828/1241/844 739/1417/1017 741/1242/845
f 481/67/67 955/66/66 742/1244/847
f 954/1245/848 832/1419/1019 735/1246/849
f 480/72/72 953/1483/1052 738/83/83
f 836/1248/851 731/1485/1053 733/1249/852
f 479/79/79 951/78/78 734/1251/854
f 950/1252/855 840/1415/1015 727/1253/856
f 949/1255/858 730/1482/1051 4/95/95
f 948/1256/859 844/1413/1013 723/1257/860
f 477/91/91 947/90/90 726/1259/862
f 946/1260/863 848/1411/1011 719/1261/864
f 476/97/97 945/96/96 722/107/107
f 944/1263/866 852/1409/1009 715/1264/867
f 943/102/102 718/113/113 10/115/115
f 1/274/273 764/273/272 937/1266/869
f 33/1267/870 467/1427/1027 863/1268/871
f 942/1270/873 856/1407/1007 711/1271/874
f 941/1273/876 714/119/119 2/121/121
f 39/219/218 660/218/217 933/1274/877
f 40/1276/879 440/270/269 809/271/270
f 37/214/214 656/213/213 931/1278/881
f 38/1280/883 442/265/264 813/266/265
f 934/216/216 810/215/215 707/1282/885
f 439/1275/878 933/1274/877 710/1284/887
f 932/211/211 814/210/210 703/1285/888
f 441/1279/882 931/1278/881 706/1287/890
f 930/1288/891 818/1424/1024 699/1289/892
f 443/52/52 929/51/51 702/1291/894
f 928/1292/895 822/1478/1048 695/1293/896
f 445/58/58 927/57/57 698/1295/898
f 926/1296/899 826/1421/1021 691/1297/900
f 447/64/64 925/63/63 694/1299/902
f 924/1300/903 830/1420/1020 687/1301/904
f 449/70/70 923/69/69 690/1303/906
f 922/1304/907 834/1418/1018 683/1305/908
f 451/76/76 921/75/75 686/1307/910
f 920/1308/911 838/1416/1016 679/1309/912
f 453/82/82 919/81/81 682/1311/914
f 918/1312/915 842/1414/1014 675/1313/916
f 455/88/88 917/87/87 678/1315/918
f 916/1316/919 846/1412/1012 671/1317/920
f 457/94/94 915/93/93 674/1319/922
f 914/1320/923 850/1410/1010 667/1321/924
f 459/100/100 913/99/99 670/1323/926
f 912/1324/927 854/1408/1008 663/1325/928
f 461/106/106 911/105/105 666/1327/930
f 33/208/208 648/207/207 905/1328/931
f 34/1329/932 468/1426/1026 865/1330/933
f 910/1332/935 858/1406/1006 651/1333/936
f 463/112/112 909/111/111 654/1335/938
f 896/1336/939 782/1445/1042 595/1337/940
f 26/1339/942 425/3057/1030 779/1340/943
f 902/1341/944 776/1449/1045 585/1342/945
f 901/1343/946 584/1490/1058 34/1344/947
f 894/1345/948 784/1444/1041 599/1346/949
f 19/1348/951 426/187/187 781/188/188
f 892/1349/952 786/1443/1040 603/1350/953
f 27/1352/955 427/182/182 783/184/184
f 890/1353/956 788/1442/1039 607/1354/957
f 20/1356/959 428/177/177 785/179/179
f 888/1357/960 790/1441/1038 611/1358/961
f 28/1360/963 429/173/173 787/175/175
f 886/1361/964 792/1440/1037 615/1362/965
f 21/1364/967 430/170/170 789/172/172
f 884/1365/968 794/1439/1036 619/1366/969
f 29/1368/971 431/166/166 791/168/168
f 882/1369/972 796/1438/1035 623/1370/973
f 22/1372/975 432/162/162 793/164/164
f 880/1373/976 798/1437/1034 627/1374/977
f 632/153/153 30/3019/2004 433/158/158
f 878/1376/979 800/1436/1033 631/1377/980
f 23/1379/982 434/155/155 797/157/157
f 876/1380/983 802/1435/1032 635/1381/984
f 31/1383/986 435/152/152 799/154/154
f 874/195/195 804/194/194 639/1384/987
f 24/1386/989 436/148/148 801/150/150
f 872/191/191 806/190/190 643/1387/990
f 904/1389/992 870/1398/1000 649/1390/993
f 900/200/200 778/199/199 589/1391/994
f 899/1392/995 588/1487/1055 38/1/1
f 898/1394/997 780/1484/1043 593/1395/998
f 897/1396/999 592/4/4 40/6/6
f 653/1334/937 651/1333/936 870/1398/1000
f 713/1272/875 711/1271/874 868/1399/1001
f 470/1400/1002 34/1329/932 650/1331/934
f 469/1401/1003 33/1267/870 766/1269/872
f 665/1326/929 663/1325/928 862/1402/1004
f 717/1265/868 715/1264/867 860/1404/1005
f 669/1322/925 667/1321/924 858/1406/1006
f 721/1262/865 719/1261/864 856/1407/1007
f 673/1318/921 671/1317/920 854/1408/1008
f 725/1258/861 723/1257/860 852/1409/1009
f 677/1314/917 675/1313/916 850/1410/1010
f 729/1254/857 727/1253/856 848/1411/1011
f 681/1310/913 679/1309/912 846/1412/1012
f 733/1249/852 731/1485/1053 844/1413/1013
f 685/1306/909 683/1305/908 842/1414/1014
f 737/1247/850 735/1246/849 840/1415/1015
f 689/1302/905 687/1301/904 838/1416/1016
f 739/1417/1017 836/1248/851 952/1250/853
f 693/1298/901 691/1297/900 834/1418/1018
f 745/1239/842 743/1238/841 832/1419/1019
f 697/1294/897 695/1293/896 830/1420/1020
f 749/1235/838 747/1234/837 828/1241/844
f 701/1290/893 699/1289/892 826/1421/1021
f 753/1231/834 751/1230/833 824/1422/1022
f 703/1285/888 822/1478/1048 928/1292/895
f 757/1228/831 755/1227/830 820/1423/1023
f 709/1283/886 707/1282/885 818/1424/1024
f 761/1226/829 759/1225/828 816/1425/1025
f 468/1426/1026 38/1280/883 658/1281/884
f 467/1427/1027 37/1223/826 770/1224/827
f 466/1428/1028 40/1276/879 662/1277/880
f 465/1430/1029 39/1219/822 774/1220/823
f 425/1432/1030 25/3021/2005 594/192/192
f 424/1434/1031 32/196/196 590/197/197
f 645/1388/991 643/1387/990 802/1435/1032
f 641/1385/988 639/1384/987 800/1436/1033
f 637/1382/985 635/1381/984 798/1437/1034
f 633/1378/981 631/1377/980 796/1438/1035
f 629/1375/978 627/1374/977 794/1439/1036
f 625/1371/974 623/1370/973 792/1440/1037
f 621/1367/970 619/1366/969 790/1441/1038
f 617/1363/966 615/1362/965 788/1442/1039
f 613/1359/962 611/1358/961 786/1443/1040
f 609/1355/958 607/1354/957 784/1444/1041
f 605/1351/954 603/1350/953 782/1445/1042
f 601/1347/950 599/1346/949 780/1446/1043
f 423/1448/1044 17/201/201 586/203/203
f 597/1338/941 595/1337/940 776/1449/1045
f 568/1451/382 122/1455/382 120/1453/382
f 566/1454/382 120/1453/382 122/1455/382
f 123/1457/382 119/1458/382 566/1454/382
f 119/1458/382 123/1457/382 570/1459/382
f 570/1459/382 124/3058/382 118/1461/382
f 118/1461/382 124/3058/382 571/1462/382
f 571/1462/382 125/3059/382 117/1464/382
f 117/1464/382 125/3059/382 572/1465/382
f 572/1465/382 126/1469/382 116/1467/382
f 520/1468/382 562/1471/382 116/1467/382
f 520/1468/382 127/3060/382 115/1470/382
f 115/1470/382 127/3060/382 573/1472/382
f 128/1474/382 113/3061/382 561/1473/382
f 575/1475/382 113/3061/382 128/1474/382
f 595/1337/940 596/9/9 775/8/8
f 585/1342/945 586/203/203 777/202/202
f 599/1346/949 600/183/183 779/1340/943
f 603/1350/953 604/178/178 781/188/188
f 607/1354/957 608/174/174 783/184/184
f 611/1358/961 612/171/171 785/179/179
f 615/1362/965 616/167/167 787/175/175
f 619/1366/969 620/163/163 789/172/172
f 623/1370/973 624/159/159 791/168/168
f 627/1374/977 628/156/156 793/164/164
f 631/1377/980 632/153/153 795/160/160
f 635/1381/984 636/149/149 797/157/157
f 639/1384/987 640/145/145 799/154/154
f 643/1387/990 644/142/142 801/150/150
f 589/1391/994 590/197/197 803/146/146
f 593/1395/998 594/192/192 805/143/143
f 808/280/279 773/129/129 774/1220/823
f 810/215/215 661/132/132 662/1277/880
f 812/275/274 769/1486/1054 770/1224/827
f 814/210/210 657/220/219 658/1281/884
f 816/1425/1025 759/1225/828 760/331/329
f 818/1424/1024 707/1282/885 708/264/263
f 820/1423/1023 755/1227/830 756/327/325
f 822/1478/1048 703/1285/888 704/260/259
f 824/1422/1022 751/1230/833 752/323/321
f 826/1421/1021 699/1289/892 700/256/255
f 828/1241/844 747/1234/837 748/319/317
f 830/1420/1020 695/1293/896 696/252/251
f 832/1419/1019 743/1238/841 744/315/313
f 834/1418/1018 691/1297/900 692/248/247
f 836/1248/851 739/1417/1017 740/311/309
f 838/1416/1016 687/1301/904 688/244/243
f 840/1415/1015 735/1246/849 736/307/305
f 842/1414/1014 683/1305/908 684/240/239
f 844/1413/1013 731/1485/1053 732/303/301
f 846/1412/1012 679/1309/912 680/236/235
f 848/1411/1011 727/1253/856 728/299/297
f 850/1410/1010 675/1313/916 676/232/231
f 852/1409/1009 723/1257/860 724/295/293
f 854/1408/1008 671/1317/920 672/228/227
f 856/1407/1007 719/1261/864 720/291/289
f 858/1406/1006 667/1321/924 668/224/223
f 860/1404/1005 715/1264/867 716/287/285
f 862/1402/1004 663/1325/928 664/127/127
f 864/134/134 765/335/333 766/1269/872
f 866/205/205 649/1390/993 650/1331/934
f 868/1399/1001 711/1271/874 712/269/268
f 870/1398/1000 651/1333/936 652/139/139
f 645/1388/991 646/140/140 871/45/45
f 641/1385/988 642/43/43 873/2/2
f 637/1382/985 638/1488/1056 875/40/40
f 633/1378/981 634/151/151 877/37/37
f 629/1375/978 630/35/35 879/147/147
f 625/1371/974 626/1489/1057 881/31/31
f 621/1367/970 622/161/161 883/28/28
f 617/1363/966 618/165/165 885/25/25
f 613/1359/962 614/169/169 887/22/22
f 609/1355/958 610/20/20 889/1479/1049
f 605/1351/954 606/176/176 891/16/16
f 601/1347/950 602/180/180 893/13/13
f 597/1338/941 598/185/185 895/10/10
f 591/189/189 592/4/4 897/1396/999
f 587/193/193 588/1487/1055 899/1392/995
f 583/198/198 584/1490/1058 901/1343/946
f 647/204/204 648/207/207 903/123/123
f 655/209/209 656/213/213 905/1328/931
f 659/133/133 660/218/217 907/1480/117
f 653/1334/937 654/1335/938 909/111/111
f 665/1326/929 666/1327/930 911/105/105
f 669/1322/925 670/1323/926 913/99/99
f 673/1318/921 674/1319/922 915/93/93
f 677/1314/917 678/1315/918 917/87/87
f 681/1310/913 682/1311/914 919/81/81
f 685/1306/909 686/1307/910 921/75/75
f 689/1302/905 690/1303/906 923/69/69
f 693/1298/901 694/1299/902 925/63/63
f 697/1294/897 698/1295/898 927/57/57
f 701/1290/893 702/1291/894 929/51/51
f 705/1286/889 706/1287/890 931/1278/881
f 709/1283/886 710/1284/887 933/1274/877
f 936/334/332 763/272/271 764/273/272
f 767/135/135 768/278/277 937/1266/869
f 771/130/130 772/1492/1060 939/282/281
f 713/1272/875 714/119/119 941/1273/876
f 944/1263/866 717/1265/868 718/113/113
f 721/1262/865 722/107/107 945/96/96
f 948/1256/859 725/1258/861 726/1259/862
f 950/1252/855 729/1254/857 730/1482/1051
f 733/1249/852 734/1251/854 951/78/78
f 737/1247/850 738/83/83 953/1483/1052
f 741/1242/845 742/1244/847 955/66/66
f 745/1239/842 746/71/71 957/1240/843
f 749/1235/838 750/1491/1059 959/1236/839
f 753/1231/834 754/59/59 961/1232/835
f 757/1228/831 758/53/53 963/1221/824
f 761/1226/829 762/47/47 965/1217/820
f 776/1449/1045 775/8/8 586/203/203
f 778/199/199 777/202/202 590/197/197
f 780/1484/1043 779/1433/943 594/192/192
f 782/1445/1042 781/188/188 596/9/9
f 784/1444/1041 783/184/184 600/183/183
f 786/1443/1040 785/179/179 604/178/178
f 788/1442/1039 787/175/175 608/174/174
f 790/1441/1038 789/172/172 612/171/171
f 792/1440/1037 791/168/168 616/167/167
f 794/1439/1036 793/164/164 620/163/163
f 796/1438/1035 795/160/160 624/159/159
f 798/1437/1034 797/157/157 628/156/156
f 800/1436/1033 799/154/154 632/153/153
f 802/1435/1032 801/150/150 636/149/149
f 804/194/194 803/146/146 640/145/145
f 806/190/190 805/143/143 644/142/142
f 759/1225/828 808/280/279 807/337/335
f 707/1282/885 810/215/215 809/271/270
f 755/1227/830 812/275/274 811/333/331
f 703/1285/888 814/210/210 813/266/265
f 751/1230/833 816/1425/1025 815/329/327
f 699/1289/892 818/1424/1024 817/262/261
f 747/1234/837 820/1423/1023 819/325/323
f 695/1293/896 822/1478/1048 821/258/257
f 743/1238/841 824/1422/1022 823/321/319
f 691/1297/900 826/1421/1021 825/254/253
f 739/1417/1017 828/1241/844 827/317/315
f 687/1301/904 830/1420/1020 829/250/249
f 735/1246/849 832/1419/1019 831/313/311
f 683/1305/908 834/1418/1018 833/246/245
f 731/1485/1053 836/1248/851 835/309/307
f 679/1309/912 838/1416/1016 837/242/241
f 727/1253/856 840/1415/1015 839/305/303
f 675/1313/916 842/1414/1014 841/238/237
f 723/1257/860 844/1413/1013 843/301/299
f 671/1317/920 846/1412/1012 845/234/233
f 719/1261/864 848/1411/1011 847/297/295
f 667/1321/924 850/1410/1010 849/230/229
f 715/1264/867 852/1409/1009 851/293/291
f 663/1325/928 854/1408/1008 853/226/225
f 711/1271/874 856/1407/1007 855/289/287
f 651/1333/936 858/1406/1006 857/222/221
f 773/129/129 860/3017/1005 859/1431/284
f 661/132/132 862/3018/1004 861/1429/126
f 769/1486/1054 864/134/134 863/1268/871
f 657/220/219 866/205/205 865/1330/933
f 765/335/333 868/1399/1001 867/268/267
f 649/1390/993 870/1398/1000 869/138/138
f 872/191/191 871/45/45 592/4/4
f 874/195/195 873/2/2 588/1487/1055
f 876/1380/983 875/40/40 646/140/140
f 878/1376/979 877/37/37 642/43/43
f 880/1373/976 879/147/147 638/1488/1056
f 882/1369/972 881/31/31 634/151/151
f 884/1365/968 883/28/28 630/35/35
f 886/1361/964 885/25/25 626/1489/1057
f 888/1357/960 887/22/22 622/161/161
f 890/1353/956 889/1479/1049 618/165/165
f 892/1349/952 891/16/16 614/169/169
f 894/1345/948 893/13/13 610/20/20
f 896/1336/939 895/10/10 606/176/176
f 898/1447/997 897/3020/999 602/180/180
f 900/200/200 899/1392/995 584/1490/1058
f 902/1341/944 901/1343/946 598/185/185
f 904/1389/992 903/123/123 654/1335/938
f 906/206/206 905/1328/931 648/207/207
f 908/1403/131 907/117/117 666/1327/930
f 910/1332/935 909/111/111 670/1323/926
f 912/1324/927 911/105/105 674/1319/922
f 914/1320/923 913/99/99 678/1315/918
f 916/1316/919 915/93/93 682/1311/914
f 918/1312/915 917/87/87 686/1307/910
f 920/1308/911 919/81/81 690/1303/906
f 922/1304/907 921/75/75 694/1299/902
f 924/1300/903 923/69/69 698/1295/898
f 926/1296/899 925/63/63 702/1291/894
f 928/1292/895 927/57/57 706/1287/890
f 930/1288/891 929/51/51 710/1284/887
f 932/211/211 931/1278/881 656/213/213
f 934/216/216 933/1274/877 660/218/217
f 713/1272/875 936/334/332 935/1481/1050
f 938/136/136 937/1266/869 764/273/272
f 940/1405/128 939/3015/281 718/113/113
f 942/1270/873 941/1273/876 722/107/107
f 944/1263/866 943/102/102 726/1259/862
f 946/1260/863 945/96/96 730/1482/1051
f 948/1256/859 947/90/90 734/1251/854
f 950/1252/855 949/1255/858 738/83/83
f 952/1250/853 951/78/78 742/1244/847
f 954/1245/848 953/1483/1052 746/71/71
f 956/1243/846 955/66/66 750/1491/1059
f 958/1237/840 957/1240/843 754/59/59
f 960/1233/836 959/1236/839 758/53/53
f 962/1229/832 961/1232/835 762/47/47
f 964/276/275 963/1221/824 768/278/277
f 966/281/280 965/1217/820 772/1492/1060
f 584/1490/1058 899/1392/995 468/1393/996
f 279/1493/1061 278/1496/1064 991/1494/1062
f 280/1498/1066 974/1502/1070 983/1499/1067
f 279/1493/1061 976/1495/1063 289/1500/1068
f 277/846/620 977/848/622 405/994/722
f 275/981/709 978/3049/2011 994/844/618
f 273/969/699 975/3048/699 294/1501/1069
f 974/851/625 973/850/624 984/1503/1071
f 991/1505/1073 972/1530/1096 971/1506/1074
f 970/839/613 969/838/612 990/1507/1075
f 291/1509/1077 968/1528/1078 967/1510/1078
f 976/840/614 982/842/616 290/1511/1079
f 405/1512/1080 977/3062/726 981/1513/725
f 994/837/611 978/852/626 980/854/628
f 294/1515/1082 975/985/713 979/984/712
f 276/843/617 970/845/619 989/856/630
f 281/1516/1083 979/3063/2012 296/1517/1084
f 282/1519/1086 980/3064/1086 292/1520/1087
f 293/1525/1092 979/3063/2012 281/1516/1083
f 983/1504/1072 984/1503/1071 296/1527/1094
f 968/1528/1078 985/971/701 986/973/703
f 972/1530/1096 988/1013/738 987/1015/740
f 989/1508/1076 990/1507/1075 388/1541/1107
f 278/1496/1064 404/993/721 988/995/723
f 993/1544/1110 980/3064/1086 282/1519/1086
f 283/1547/1113 981/3065/2013 388/1536/1102
f 990/1537/1103 969/1546/1112 286/1545/1111
f 284/1548/1114 982/3066/2014 992/1523/1090
f 986/1542/1108 384/1526/1093 285/1521/1088
f 422/1540/1106 981/3065/2013 283/1547/1113
f 984/1529/1095 973/1533/1099 288/1532/1098
f 290/1534/1100 982/3066/2014 284/1548/1114
f 987/1539/1105 403/1538/1104 287/1522/1089
f 1068/1090/783 1004/1092/785 1006/1570/1118
f 1069/1571/1119 1006/1570/1118 1005/1087/780
f 995/1572/696 997/1656/1179 1072/1573/1120
f 1072/1573/1120 997/1656/1179 996/1112/804
f 1010/942/672 1012/1641/1169 1075/1575/1121
f 1075/1575/1121 1012/1641/1169 1011/1096/789
f 1077/1576/670 1001/1640/666 1003/1577/1122
f 1078/1578/1123 1003/1577/1122 1002/1089/782
f 1016/1118/810 1018/1643/1170 1081/1579/1124
f 1081/1579/1124 1018/1643/1170 1017/1102/795
f 1007/1580/671 1009/1583/1126 1084/1581/1125
f 1009/1583/1126 1008/1098/791 1082/1097/790
f 1086/1584/786 1022/1646/1172 1024/1585/1127
f 1087/1586/1128 1024/1585/1127 1023/1105/797
f 1013/1587/768 1015/1590/1130 1090/1588/1129
f 1015/1590/1130 1014/1104/796 1088/1103/765
f 1028/1591/1131 1030/1648/1174 1093/1592/1132
f 1093/1592/1132 1030/1648/1174 1029/945/675
f 1019/1593/769 1021/1645/1171 1096/1594/1133
f 1096/1594/1133 1021/1645/1171 1020/1071/764
f 1034/1596/1134 1036/1650/1175 1099/1597/1135
f 1099/1597/1135 1036/1650/1175 1035/1599/1137
f 1101/1600/770 1025/1647/1173 1027/1601/1138
f 1102/1602/1139 1027/1601/1138 1026/947/677
f 1040/1603/1140 1042/1606/1143 1105/1604/1141
f 1042/1606/1143 1041/951/681 1103/949/679
f 1107/1607/697 1031/1649/667 1033/1608/1144
f 1108/1609/1145 1033/1608/1144 1032/948/678
f 1110/1610/1146 1046/1653/1176 1048/1611/1147
f 1111/1612/1148 1048/1611/1147 1047/1084/777
f 1113/1613/688 1037/1651/695 1039/1614/1149
f 1114/1615/1150 1039/1614/1149 1038/953/683
f 1052/954/684 1054/1654/1177 1117/1616/1151
f 1117/1616/1151 1054/1654/1177 1053/1079/772
f 1119/1617/756 1043/1652/689 1045/1618/1152
f 1045/1618/1152 1044/1086/779 1118/1085/778
f 1058/1083/776 1060/1628/1160 1123/1620/1154
f 1123/1620/1154 1060/1628/1160 1059/1078/771
f 1049/1621/757 1051/1624/1156 1126/1622/1155
f 1051/1624/1156 1050/1080/773 1124/1061/754
f 1128/1111/803 1064/962/692 1066/1625/1157
f 1129/1626/1158 1066/1625/1157 1065/1627/1159
f 1131/1057/750 1059/1078/771 1060/1628/1160
f 1060/1628/1160 1058/1083/776 1130/1630/1162
f 1055/1631/758 1057/1634/1164 1135/1632/1163
f 1057/1634/1164 1056/1060/753 1133/1058/751
f 1061/1635/759 1063/1655/1178 1138/1636/1165
f 1138/1636/1165 1063/1655/1178 1062/964/694
f 1068/1090/783 1069/1571/1119 1000/1638/1167
f 1000/1638/1167 1069/1571/1119 1067/1116/808
f 1071/1574/668 1072/1573/1120 1003/1577/1122
f 1003/1577/1122 1072/1573/1120 1070/1117/809
f 1004/1092/785 1074/1108/800 1075/1575/1121
f 1006/1570/1118 1075/1575/1121 1073/1119/811
f 1007/1580/671 1077/1576/670 1078/1578/1123
f 1009/1583/1126 1078/1578/1123 1076/1088/781
f 1010/942/672 1080/944/674 1081/1579/1124
f 1012/1641/1169 1081/1579/1124 1079/1120/812
f 1083/1582/767 1084/1581/1125 1015/1590/1130
f 1015/1590/1130 1084/1581/1125 1082/1097/790
f 1016/1118/810 1086/1093/786 1087/1642/1128
f 1087/1642/1128 1085/3051/763 1017/1102/795
f 1019/1593/769 1089/3067/766 1090/1644/1129
f 1021/1645/1171 1090/1644/1129 1088/1072/765
f 1092/1113/805 1093/1592/1132 1024/1585/1127
f 1093/1592/1132 1091/1068/761 1023/1105/797
f 1025/1647/1173 1095/1595/669 1096/1594/1133
f 1027/1601/1138 1096/1594/1133 1094/1069/762
f 1028/1591/1131 1098/1598/1136 1099/1597/1135
f 1030/1648/1174 1099/1597/1135 1097/1067/760
f 1031/1649/667 1101/1600/770 1102/1602/1139
f 1033/1608/1144 1102/1602/1139 1100/946/676
f 1034/1596/1134 1104/1605/1142 1105/1604/1141
f 1036/1650/1175 1105/1604/1141 1103/949/679
f 1107/1607/697 1108/1609/1145 1039/1614/1149
f 1039/1614/1149 1108/1609/1145 1106/950/680
f 1040/1603/1140 1110/1610/1146 1111/1612/1148
f 1111/1612/1148 1109/1107/799 1041/951/681
f 1043/1652/689 1113/1613/688 1114/1615/1150
f 1045/1618/1152 1114/1615/1150 1112/952/682
f 1046/1653/1176 1116/960/690 1117/1616/1151
f 1048/1611/1147 1117/1616/1151 1115/1106/798
f 1119/1617/756 1120/1619/1153 1051/1624/1156
f 1051/1624/1156 1120/1619/1153 1118/1085/778
f 1122/1081/774 1123/1620/1154 1054/1654/1177
f 1054/1654/1177 1123/1620/1154 1121/1059/752
f 1125/1623/755 1126/1622/1155 1057/1634/1164
f 1126/1622/1155 1124/1061/754 1056/1060/753
f 998/1639/1168 1128/1111/803 1129/1626/1158
f 1129/1626/1158 1127/1099/792 999/1101/794
f 1131/1057/750 1132/1629/1161 1066/1625/1157
f 1066/1625/1157 1132/1629/1161 1130/1630/1162
f 1061/1635/759 1134/1633/687 1135/1632/1163
f 1063/1655/1178 1135/1632/1163 1133/1058/751
f 995/1572/696 1137/1637/1166 1138/1636/1165
f 997/1656/1179 1138/1636/1165 1136/963/693
f 998/1639/1168 1067/1116/808 1070/1117/809
f 1110/1610/1146 1040/1603/1140 1146/1657/1180
f 1046/1653/1176 1110/1610/1146 1158/1658/1181
f 1058/1083/776 1149/1082/775 1162/1659/1182
f 1130/1630/1162 1162/1659/1182 1150/1660/1183
f 1040/1603/1140 1104/1605/1142 1157/1661/1184
f 1004/1092/785 1140/1091/784 1152/1662/1185
f 1104/1605/1142 1034/1596/1134 1145/1663/1186
f 999/1101/794 1139/1100/793 1151/1664/1187
f 1034/1596/1134 1098/1598/1136 1156/1665/1188
f 1028/1591/1131 1092/1113/805 1155/1115/807
f 1065/1627/1159 1150/1660/1183 1161/1667/1190
f 1098/1598/1136 1028/1591/1131 1144/1666/1189
f 1022/1646/1172 1086/1584/786 1154/1668/788
f 1166/1669/368 1207/1676/368 1195/1670/1191
f 1175/1672/368 1198/1717/368 1209/1673/368
f 1177/1675/1191 1196/1703/1193 1207/1676/368
f 1185/1677/368 1174/1702/368 1199/1678/368
f 1182/1680/368 1191/1705/368 1202/1681/368
f 1184/1683/368 1172/1698/368 1201/1684/368
f 1169/1686/368 1204/1700/368 1192/1687/368
f 1176/1689/368 1197/1713/368 1208/1690/368
f 1184/1683/368 1189/1685/368 1200/1692/368
f 1179/1694/368 1194/1708/368 1205/1695/368
f 1183/1697/368 1190/1711/368 1201/1684/368
f 1180/1699/368 1193/1706/368 1204/1700/368
f 1186/1701/368 1187/1716/368 1199/1678/368
f 1177/1675/1191 1165/1691/368 1208/1690/368
f 1170/1704/368 1203/1712/368 1191/1705/368
f 1168/1696/368 1205/1695/368 1193/1706/368
f 1179/1694/368 1167/1714/368 1206/1707/368
f 1163/1709/368 1185/1677/368 1188/1679/368
f 1183/1697/368 1171/1682/368 1202/1681/368
f 1181/1688/368 1192/1687/368 1203/1712/368
f 1164/1674/368 1209/1673/368 1197/1713/368
f 1167/1714/368 1178/3068/1192 1195/1715/1191
f 1186/1701/368 1173/1693/368 1200/1692/368
f 1175/1672/368 1163/1709/368 1210/1710/368
f 1197/1718/1194 1221/1757/1232 1232/1719/1195
f 1200/1721/1197 1224/1744/1219 1211/1722/1198
f 1208/1720/1196 1232/1719/1195 1220/1724/1200
f 1192/1726/1202 1204/1756/1231 1228/1727/1203
f 1206/1729/1205 1195/3069/1238 1219/1730/1206
f 1194/1732/1208 1206/1729/1205 1230/1731/1207
f 1198/1734/1210 1222/1738/1214 1233/1735/1211
f 1210/1737/1213 1234/1742/1213 1222/1738/1214
f 1203/1739/1215 1192/1726/1202 1216/1728/1204
f 1188/1741/1217 1212/1746/1221 1234/1742/1213
f 1189/1743/1218 1213/1752/1227 1224/1744/1219
f 1199/1745/1220 1223/1766/1239 1212/1746/1221
f 1191/1747/1222 1203/1739/1215 1227/1740/1216
f 1201/1749/1224 1190/1759/1234 1214/1750/1225
f 1201/1749/1224 1225/1751/1226 1213/1752/1227
f 1193/1753/1228 1205/1758/1233 1229/1754/1229
f 1204/1756/1231 1193/1753/1228 1217/1755/1230
f 1209/1736/1212 1233/1735/1211 1221/1757/1232
f 1205/1758/1233 1194/1732/1208 1218/1733/1209
f 1190/1759/1234 1202/1763/1235 1226/1760/1235
f 1196/1725/1201 1220/1724/1200 1231/1761/1236
f 1202/1763/1235 1191/1747/1222 1215/1748/1223
f 1195/1764/1238 1207/1762/1237 1231/1761/1236
f 1187/1723/1199 1211/1722/1198 1223/1766/1239
f 1213/1767/1240 1225/1806/1276 1249/1768/1241
f 1222/1770/1242 1234/1811/1280 1258/1771/1243
f 1221/1773/1245 1233/1799/1270 1257/1774/1246
f 1217/1776/1248 1241/1780/1252 1252/1777/1249
f 1229/1779/1251 1253/1791/1263 1241/1780/1252
f 1224/1781/1253 1213/1767/1240 1237/1769/1240
f 1215/1783/1255 1239/1815/1284 1250/1784/1256
f 1211/1786/1258 1224/1781/1253 1248/1782/1254
f 1226/1785/1257 1250/1784/1256 1238/1788/1260
f 1218/1790/1262 1242/1807/1262 1253/1791/1263
f 1228/1778/1250 1252/1777/1249 1240/1792/1264
f 1223/1794/1263 1211/1786/1258 1235/1787/1259
f 1231/1796/1267 1255/1810/1279 1243/1797/1268
f 1233/1799/1270 1222/1770/1242 1246/1772/1244
f 1220/1800/1271 1232/1814/1283 1256/1801/1272
f 1219/1803/1269 1243/3070/1268 1254/1804/1274
f 1214/1789/1261 1238/1788/1260 1249/1768/1241
f 1230/1805/1275 1254/1804/1274 1242/1807/1262
f 1216/1793/1265 1240/1792/1264 1251/1808/1277
f 1231/1796/1267 1220/1800/1271 1244/1802/1273
f 1234/1811/1280 1212/1813/1282 1236/1812/1281
f 1212/1813/1282 1223/1794/1263 1247/1795/1266
f 1232/1814/1283 1221/1773/1245 1245/1775/1247
f 1227/1809/1278 1251/1808/1277 1239/1815/1284
f 1246/1816/1285 1258/1861/1330 1329/1817/1286
f 1255/1819/1288 1244/1822/1291 1287/1820/1289
f 1244/1822/1291 1256/1846/1315 1322/1823/1292
f 1251/1824/1293 1307/1860/1329 1272/1825/1294
f 1242/1827/1296 1281/1848/1317 1313/1828/1297
f 1253/1829/1298 1313/1828/1297 1278/1830/1299
f 1245/1832/1301 1257/1841/1310 1325/1833/1302
f 1236/1835/1304 1247/1855/1324 1296/1836/1305
f 1248/1838/1307 1237/1851/1320 1265/1839/1308
f 1257/1841/1310 1246/1816/1285 1292/1818/1287
f 1239/1826/1295 1272/1825/1294 1304/1842/1311
f 1250/1843/1312 1304/1842/1311 1269/1844/1313
f 1256/1846/1315 1245/1832/1301 1290/1834/1303
f 1254/1847/1316 1316/1863/1331 1281/1848/1317
f 1241/1831/1300 1278/1830/1299 1310/1849/1318
f 1237/1851/1320 1249/1857/1326 1302/1852/1321
f 1252/1850/1319 1310/1849/1318 1275/1853/1322
f 1247/1855/1324 1235/1864/1332 1259/1856/1325
f 1238/1845/1314 1269/1844/1313 1302/1852/1321
f 1255/1819/1288 1320/1821/1290 1284/1858/1327
f 1240/1854/1323 1275/1853/1322 1307/1860/1329
f 1258/1861/1330 1236/1835/1304 1262/1837/1306
f 1243/1862/1328 1284/1913/1327 1316/1863/1331
f 1235/1864/1332 1248/1838/1307 1299/1840/1309
f 1277/1865/1333 1279/1868/1336 1315/1866/1334
f 1279/1868/1336 1278/1830/1299 1313/1828/1297
f 1268/1869/1337 1270/1872/1340 1306/1870/1338
f 1270/1872/1340 1269/1844/1313 1304/1842/1311
f 1260/1873/1341 1295/1914/1379 1297/1874/1342
f 1261/1875/1343 1297/1874/1342 1296/1836/1305
f 1323/1876/1344 1286/1901/1369 1288/1877/1345
f 1324/1878/1346 1288/1877/1345 1287/1820/1289
f 1280/1879/1347 1282/1882/1350 1318/1880/1348
f 1282/1882/1350 1281/1848/1317 1316/1863/1331
f 1263/1883/1351 1328/1904/1372 1330/1884/1352
f 1264/1885/1353 1330/1884/1352 1329/1817/1286
f 1271/1886/1354 1273/1889/1357 1309/1887/1355
f 1273/1889/1357 1272/1825/1294 1307/1860/1329
f 1326/1890/1358 1289/1903/1371 1291/1891/1359
f 1327/1892/1360 1291/1891/1359 1290/1834/1303
f 1305/1871/1339 1306/1870/1338 1273/1889/1357
f 1306/1870/1338 1304/1842/1311 1272/1825/1294
f 1274/1893/1361 1276/1896/1364 1312/1894/1362
f 1276/1896/1364 1275/1853/1322 1310/1849/1318
f 1293/1897/1365 1326/1890/1358 1327/1892/1360
f 1294/1898/1366 1327/1892/1360 1325/1833/1302
f 1301/1899/1367 1303/1900/1368 1270/1872/1340
f 1303/1900/1368 1302/1852/1321 1269/1844/1313
f 1286/1901/1369 1319/1909/1377 1321/1902/1370
f 1288/1877/1345 1321/1902/1370 1320/1821/1290
f 1289/1903/1371 1323/1876/1344 1324/1878/1346
f 1291/1891/1359 1324/1878/1346 1322/1823/1292
f 1328/1904/1372 1293/1897/1365 1294/1898/1366
f 1330/1884/1352 1294/1898/1366 1292/1818/1287
f 1266/1905/1373 1298/1915/1380 1300/1906/1374
f 1267/1907/1375 1300/1906/1374 1299/1840/1309
f 1314/1867/1335 1315/1866/1334 1282/1882/1350
f 1315/1866/1334 1313/1828/1297 1281/1848/1317
f 1283/1908/1376 1285/1910/1378 1321/1902/1370
f 1285/1910/1378 1284/1858/1327 1320/1821/1290
f 1317/1881/1349 1318/1880/1348 1285/1911/1378
f 1318/1880/1348 1316/1863/1331 1284/1913/1327
f 1308/1888/1356 1309/1887/1355 1276/1896/1364
f 1309/1887/1355 1307/1860/1329 1275/1853/1322
f 1295/1914/1379 1263/1883/1351 1264/1885/1353
f 1297/1874/1342 1264/1885/1353 1262/1837/1306
f 1301/1899/1367 1266/1905/1373 1267/1907/1375
f 1303/1900/1368 1267/1907/1375 1265/1839/1308
f 1311/1895/1363 1312/1894/1362 1279/1868/1336
f 1312/1894/1362 1310/1849/1318 1278/1830/1299
f 1298/1915/1380 1260/1873/1341 1261/1875/1343
f 1300/1906/1374 1261/1875/1343 1259/1856/1325
f 1298/1916/1380 1266/3071/1373 1301/1917/1367
f 1164/1919/1381 1176/1940/1398 1344/1920/1382
f 1167/1922/1384 1335/1947/1405 1346/1923/1385
f 1172/1925/1387 1184/1936/1396 1352/1926/1388
f 1165/1928/1389 1177/1931/1392 1345/1929/1390
f 1177/1931/1392 1166/1939/1393 1334/1932/1393
f 1185/1933/1394 1163/1965/382 1331/1934/817
f 1184/1936/1396 1173/1962/1415 1341/1937/1397
f 1178/1938/1386 1346/3072/1385 1334/1932/1393
f 1176/1940/1398 1165/1928/1389 1333/1930/1391
f 1186/1941/1399 1174/1956/1400 1342/1942/1400
f 1172/1925/1387 1340/1927/1387 1351/1944/1402
f 1179/1946/1404 1347/1966/1418 1335/1947/1405
f 1175/1948/1406 1164/1919/1381 1332/1921/1383
f 1171/1950/1408 1339/1967/1419 1350/1951/1409
f 1180/1953/1410 1348/1963/1416 1336/1954/1411
f 1174/1956/1400 1185/1933/1394 1353/1935/1395
f 1170/1957/1413 1338/1964/1417 1349/1958/1414
f 1181/1959/1414 1349/1958/1414 1337/1960/336
f 1173/1962/1415 1186/1941/1399 1354/1943/1401
f 1169/1961/336 1337/1960/336 1348/1963/1416
f 1182/1952/1409 1350/1951/1409 1338/1964/1417
f 1163/1965/382 1175/1948/1406 1343/1949/1407
f 1168/1955/1412 1336/1954/1411 1347/1966/1418
f 1183/1945/1403 1351/1944/1402 1339/1967/1419
f 1260/1918/1341 1301/1917/1367 1268/1968/1337
f 1263/1970/1351 1295/1969/1379 1268/1968/1337
f 1263/1970/1351 1305/1971/1339 1271/1972/1354
f 1293/1974/1365 1328/1973/1372 1271/1972/1354
f 1293/1974/1365 1308/1975/1356 1274/1976/1361
f 1274/1976/1361 1311/1979/1363 1289/1978/1371
f 1311/1979/1363 1277/1982/1333 1323/1980/1344
f 1314/1981/1335 1286/1983/1369 1323/1980/1344
f 1286/1983/1369 1314/1981/1335 1280/1984/1347
f 1283/1986/1376 1319/1985/1377 1280/1984/1347
f 1361/1988/1420 1461/2040/1472 1391/1989/1421
f 1455/1991/1423 1385/3073/1539 1437/1992/1424
f 1370/1994/1426 1501/2072/1502 1513/1995/1427
f 1389/1997/1429 1457/2030/1462 1460/1998/1430
f 1395/2000/1432 1463/2073/1503 1466/2001/1433
f 1401/2003/1435 1469/2070/1500 1472/2004/1436
f 1412/2006/1438 1476/2012/1444 1519/2007/1439
f 1494/2009/1441 1421/2029/1461 1473/2010/1442
f 1476/2012/1444 1406/2126/1547 1507/2013/1445
f 1424/2014/1446 1488/2075/1505 1496/2015/1447
f 1397/2017/1449 1497/3074/1563 1355/2018/1450
f 1491/2020/1452 1424/2014/1446 1422/2016/1448
f 1481/2022/1454 1419/2041/1473 1416/2023/1455
f 1485/2025/1457 1415/2028/1460 1479/2026/1458
f 1415/2028/1460 1494/2009/1441 1403/2011/1443
f 1421/2029/1461 1497/3074/1563 1397/2017/1449
f 1457/2030/1462 1395/2000/1432 1392/2002/1434
f 1451/2031/1463 1389/1997/1429 1386/1999/1431
f 1445/2033/1465 1383/2068/1498 1380/2034/1466
f 1449/2036/1468 1379/2039/1471 1443/2037/1469
f 1379/2039/1471 1455/1991/1423 1367/1993/1425
f 1437/1992/1424 1385/3073/1539 1461/2040/1472
f 1431/1990/1422 1391/1989/1421 1467/2019/1451
f 1419/2041/1473 1491/2020/1452 1493/2021/1453
f 1413/2042/1474 1481/2022/1454 1484/2024/1456
f 1482/2044/1476 1520/2074/1504 1509/2045/1477
f 1407/2047/1479 1475/2069/1499 1478/2048/1480
f 1365/2050/1482 1433/2083/1513 1436/2051/1483
f 1428/2053/1485 1511/2179/1584 1500/2054/1486
f 1446/2056/1488 1376/2082/1512 1502/2057/1489
f 1371/2059/1491 1439/2084/1514 1442/2060/1492
f 1487/2062/1494 1521/2182/1587 1499/2063/1495
f 1374/2065/1497 1377/2158/1568 1445/2066/1465
f 1383/2068/1498 1451/2031/1463 1454/2032/1464
f 1475/2069/1499 1413/2042/1474 1410/2043/1475
f 1469/2070/1500 1407/2047/1479 1404/2049/1481
f 1434/2071/1501 1512/2177/1582 1501/2072/1502
f 1463/2073/1503 1401/2003/1435 1398/2005/1437
f 1412/2006/1438 1508/2008/1440 1520/2074/1504
f 1488/2075/1505 1358/2153/1567 1356/2076/1506
f 1452/2077/1507 1382/2161/1569 1503/2078/1508
f 1427/2080/1510 1365/2050/1482 1362/2052/1484
f 1440/1996/1428 1513/1995/1427 1502/2057/1489
f 1433/2083/1513 1371/2059/1491 1368/2061/1493
f 1439/2084/1514 1377/2158/1568 1374/2065/1497
f 1428/2053/1485 1364/2055/1487 1366/2085/1515
f 1366/2085/1515 1365/2050/1482 1427/2080/1510
f 1431/2087/1422 1355/2171/1450 1357/2088/1517
f 1432/2089/1518 1357/2088/1517 1356/2076/1506
f 1370/1994/1426 1372/2091/1520 1435/2090/1519
f 1372/2091/1520 1371/2059/1491 1433/2083/1513
f 1437/2092/1424 1361/2154/1420 1363/2093/1521
f 1438/2094/1522 1363/2093/1521 1362/2052/1484
f 1376/2082/1512 1378/2096/1524 1441/2095/1523
f 1378/2096/1524 1377/2158/1568 1439/2084/1514
f 1443/2097/1469 1367/2155/1425 1369/2098/1525
f 1369/2098/1525 1368/2061/1493 1442/2060/1492
f 1446/2100/1488 1382/2161/1569 1384/2101/1527
f 1384/2101/1527 1383/2068/1498 1445/2033/1465
f 1449/2103/1468 1373/2156/1470 1375/2104/1529
f 1375/2104/1529 1374/2065/1497 1448/2067/1467
f 1388/2106/1531 1390/2108/1533 1453/2107/1532
f 1390/2108/1533 1389/1997/1429 1451/2031/1463
f 1455/2109/1423 1379/2159/1471 1381/2110/1534
f 1456/2111/1535 1381/2110/1534 1380/2034/1466
f 1394/2112/1536 1396/2162/1570 1459/2113/1537
f 1459/2113/1537 1396/2162/1570 1395/2000/1432
f 1385/2115/1539 1387/2118/1541 1462/2116/1540
f 1387/2118/1541 1386/1999/1431 1460/1998/1430
f 1464/2119/1542 1400/2164/1571 1402/2120/1543
f 1402/2120/1543 1401/2003/1435 1463/2073/1503
f 1391/2122/1421 1393/2125/1546 1468/2123/1545
f 1393/2125/1546 1392/2002/1434 1466/2001/1433
f 1406/2126/1547 1408/2166/1573 1471/2127/1548
f 1471/2127/1548 1408/2166/1573 1407/2047/1479
f 1473/2129/1442 1397/2163/1449 1399/2130/1550
f 1474/2131/1551 1399/2130/1550 1398/2005/1437
f 1412/2006/1438 1414/2168/1575 1477/2132/1552
f 1477/2132/1552 1414/2168/1575 1413/2042/1474
f 1403/2133/1443 1405/2165/1572 1480/2134/1553
f 1480/2134/1553 1405/2165/1572 1404/2049/1481
f 1418/2046/1478 1420/2143/1559 1483/2136/1554
f 1483/2136/1554 1420/2143/1559 1419/2041/1473
f 1409/2137/1459 1411/2167/1574 1486/2138/1555
f 1486/2138/1555 1411/2167/1574 1410/2043/1475
f 1488/2075/1505 1424/2014/1446 1426/2140/1556
f 1489/2141/1557 1426/2140/1556 1425/2142/1558
f 1491/2020/1452 1419/2041/1473 1420/2143/1559
f 1492/2144/1560 1420/2143/1559 1418/2046/1478
f 1415/2146/1460 1417/2169/1576 1495/2147/1562
f 1495/2147/1562 1417/2169/1576 1416/2023/1455
f 1497/2149/1563 1421/2170/1461 1423/2150/1564
f 1423/2150/1564 1422/2016/1448 1496/2015/1447
f 1428/2053/1485 1429/2086/1516 1360/2152/1566
f 1360/2152/1566 1429/2086/1516 1427/2080/1510
f 1361/2154/1420 1431/2087/1422 1432/2089/1518
f 1363/2093/1521 1432/2089/1518 1430/2081/1511
f 1364/2055/1487 1434/2071/1501 1435/2090/1519
f 1435/2090/1519 1433/2083/1513 1365/2050/1482
f 1437/2092/1424 1438/2094/1522 1369/2098/1525
f 1369/2098/1525 1438/2094/1522 1436/2051/1483
f 1370/1994/1426 1440/1996/1428 1441/2095/1523
f 1372/2091/1520 1441/2095/1523 1439/2084/1514
f 1373/2156/1470 1443/2097/1469 1444/2099/1526
f 1444/2099/1526 1442/2060/1492 1374/2065/1497
f 1376/2082/1512 1446/2056/1488 1447/2157/1528
f 1447/2157/1528 1445/2066/1465 1377/2158/1568
f 1379/2159/1471 1449/3075/1468 1450/2160/1530
f 1381/2110/1534 1450/2160/1530 1448/2035/1467
f 1382/2161/1569 1452/2077/1507 1453/2107/1532
f 1384/2101/1527 1453/2107/1532 1451/2031/1463
f 1385/2115/1539 1455/2109/1423 1456/2111/1535
f 1387/2118/1541 1456/2111/1535 1454/2032/1464
f 1458/2114/1538 1459/2113/1537 1390/2108/1533
f 1459/2113/1537 1457/2030/1462 1389/1997/1429
f 1391/2122/1421 1461/2117/1472 1462/2116/1540
f 1462/2116/1540 1460/1998/1430 1392/2002/1434
f 1394/2112/1536 1464/2119/1542 1465/2121/1544
f 1396/2162/1570 1465/2121/1544 1463/2073/1503
f 1397/2163/1449 1467/2124/1451 1468/2123/1545
f 1399/2130/1550 1468/2123/1545 1466/2001/1433
f 1400/2164/1571 1470/2128/1549 1471/2127/1548
f 1402/2120/1543 1471/2127/1548 1469/2070/1500
f 1403/2133/1443 1473/2129/1442 1474/2131/1551
f 1405/2165/1572 1474/2131/1551 1472/2004/1436
f 1476/2012/1444 1477/2132/1552 1408/2166/1573
f 1408/2166/1573 1477/2132/1552 1475/2069/1499
f 1409/2137/1459 1479/2135/1458 1480/2134/1553
f 1480/2134/1553 1478/2048/1480 1410/2043/1475
f 1482/2044/1476 1483/2136/1554 1414/2168/1575
f 1414/2168/1575 1483/2136/1554 1481/2022/1454
f 1485/2139/1457 1486/2138/1555 1417/2169/1576
f 1417/2169/1576 1486/2138/1555 1484/2024/1456
f 1358/2153/1567 1488/2075/1505 1489/2141/1557
f 1360/2152/1566 1489/2141/1557 1487/2062/1494
f 1491/2020/1452 1492/2144/1560 1426/2140/1556
f 1426/2140/1556 1492/2144/1560 1490/2145/1561
f 1421/2170/1461 1494/2148/1441 1495/2147/1562
f 1423/2150/1564 1495/2147/1562 1493/2021/1453
f 1355/2171/1450 1497/2149/1563 1498/2151/1565
f 1357/2088/1517 1498/2151/1565 1496/2015/1447
f 1358/2153/1567 1427/2080/1510 1430/2081/1511
f 1470/2128/1549 1400/2164/1571 1506/2172/1577
f 1406/2126/1547 1470/2128/1549 1518/2173/1578
f 1418/2046/1478 1509/2045/1477 1522/2174/1579
f 1490/2145/1561 1522/2174/1579 1510/2175/1580
f 1400/2164/1571 1464/2119/1542 1517/2176/1581
f 1364/2055/1487 1500/2054/1486 1512/2177/1582
f 1464/2119/1542 1394/2112/1536 1505/2178/1583
f 1359/2064/1496 1499/2063/1495 1511/2179/1584
f 1394/2112/1536 1458/2114/1538 1516/2180/1585
f 1388/2106/1531 1452/2077/1507 1515/2079/1509
f 1425/2142/1558 1510/2175/1580 1521/2182/1587
f 1458/2114/1538 1388/2106/1531 1504/2181/1586
f 1382/2161/1569 1446/2100/1488 1514/2183/1490
f 1538/2184/1588 1526/2191/1592 1567/2185/1589
f 1535/2187/1591 1558/2232/1591 1569/2188/1589
f 1537/2190/1589 1556/2218/1589 1567/2185/1589
f 1545/2192/1591 1534/2216/1597 1559/2193/1593
f 1542/2195/1594 1551/2220/1594 1562/2196/1589
f 1544/2198/1589 1532/2212/1596 1561/2199/1594
f 1541/2201/1589 1529/2215/1593 1564/2202/1593
f 1536/2204/1589 1557/2228/1589 1568/2205/1589
f 1533/2207/1592 1544/2198/1589 1549/2200/1589
f 1539/2209/1592 1554/2223/1592 1565/2210/1593
f 1532/2212/1596 1543/2226/1589 1550/2213/1589
f 1540/2214/1593 1553/2221/1591 1564/2202/1593
f 1534/2216/1597 1546/2231/1596 1547/2217/1588
f 1537/2190/1589 1525/2206/1589 1568/2205/1589
f 1530/2219/1589 1563/2227/1589 1551/2220/1594
f 1540/2214/1593 1528/2211/1593 1565/2210/1593
f 1539/2209/1592 1527/2229/1596 1566/2222/1589
f 1523/2224/1591 1545/2192/1591 1548/2194/1591
f 1543/2226/1589 1531/2197/1589 1562/2196/1589
f 1541/2201/1589 1552/2203/1595 1563/2227/1589
f 1524/2189/1589 1569/2188/1589 1557/2228/1589
f 1527/2229/1596 1538/3076/1588 1555/2230/1590
f 1546/2231/1596 1533/2207/1592 1560/2208/1592
f 1523/2224/1591 1570/2225/1591 1558/2232/1591
f 1557/2233/1598 1581/2272/1598 1592/2234/1599
f 1560/2236/1601 1584/2259/1623 1571/2237/1602
f 1568/2235/1600 1592/2234/1599 1580/2239/1604
f 1552/2241/1606 1564/2271/1607 1588/2242/1607
f 1566/2244/1608 1555/3077/1641 1579/2245/1609
f 1554/2247/1611 1566/2244/1608 1590/2246/1610
f 1558/2249/1613 1582/2253/1617 1593/2250/1614
f 1570/2252/1616 1594/2257/1621 1582/2253/1617
f 1563/2254/1618 1552/2241/1606 1576/2243/1606
f 1548/2256/1620 1572/2261/1625 1594/2257/1621
f 1549/2258/1622 1573/2267/1631 1584/2259/1623
f 1559/2260/1624 1583/2281/1624 1572/2261/1625
f 1551/2262/1626 1563/2254/1618 1587/2255/1619
f 1561/2264/1628 1550/2274/1636 1574/2265/1629
f 1561/2264/1628 1585/2266/1630 1573/2267/1631
f 1553/2268/1632 1565/2273/1635 1589/2269/1633
f 1564/2271/1607 1553/2268/1632 1577/2270/1634
f 1569/2251/1615 1593/2250/1614 1581/2272/1598
f 1565/2273/1635 1554/2247/1611 1578/2248/1612
f 1550/2274/1636 1562/2278/1640 1586/2275/1637
f 1556/2240/1605 1580/2239/1604 1591/2276/1638
f 1562/2278/1640 1551/2262/1626 1575/2263/1627
f 1555/2279/1641 1567/2277/1639 1591/2276/1638
f 1547/2238/1603 1571/2237/1602 1583/2281/1624
f 1573/2282/1642 1585/2321/1677 1609/2283/1643
f 1582/2285/1645 1594/2326/1681 1618/2286/1646
f 1581/2288/1648 1593/2314/1671 1617/2289/1649
f 1577/2291/1651 1601/2295/1655 1612/2292/1652
f 1589/2294/1654 1613/2306/1665 1601/2295/1655
f 1584/2296/1656 1573/2282/1642 1597/2284/1644
f 1575/2298/1658 1599/2330/1658 1610/2299/1659
f 1571/2301/1661 1584/2296/1656 1608/2297/1657
f 1586/2300/1660 1610/2299/1659 1598/2303/1663
f 1578/2305/1664 1602/2322/1678 1613/2306/1665
f 1588/2293/1653 1612/2292/1652 1600/2307/1666
f 1583/2309/1667 1571/2301/1661 1595/2302/1662
f 1591/2311/1668 1615/2325/1680 1603/2312/1669
f 1593/2314/1671 1582/2285/1645 1606/2287/1647
f 1580/2315/1672 1592/2329/1659 1616/2316/1673
f 1579/2318/1670 1603/3078/1669 1614/2319/1675
f 1574/2304/1663 1598/2303/1663 1609/2283/1643
f 1590/2320/1676 1614/2319/1675 1602/2322/1678
f 1576/2308/1645 1600/2307/1666 1611/2323/1649
f 1591/2311/1668 1580/2315/1672 1604/2317/1674
f 1594/2326/1681 1572/2328/1683 1596/2327/1682
f 1572/2328/1683 1583/2309/1667 1607/2310/1667
f 1592/2329/1659 1581/2288/1648 1605/2290/1650
f 1587/2324/1679 1611/2323/1649 1599/2330/1658
f 1606/2331/1684 1618/2376/1729 1689/2332/1685
f 1615/2334/1687 1604/2337/1690 1647/2335/1688
f 1604/2337/1690 1616/2361/1714 1682/2338/1691
f 1611/2339/1692 1667/2375/1728 1632/2340/1693
f 1602/2342/1695 1641/2363/1716 1673/2343/1696
f 1613/2344/1697 1673/2343/1696 1638/2345/1698
f 1605/2347/1700 1617/2356/1709 1685/2348/1701
f 1596/2350/1703 1607/2370/1723 1656/2351/1704
f 1608/2353/1706 1597/2366/1719 1625/2354/1707
f 1617/2356/1709 1606/2331/1684 1652/2333/1686
f 1599/2341/1694 1632/2340/1693 1664/2357/1710
f 1610/2358/1711 1664/2357/1710 1629/2359/1712
f 1616/2361/1714 1605/2347/1700 1650/2349/1702
f 1614/2362/1715 1676/2378/1730 1641/2363/1716
f 1601/2346/1699 1638/2345/1698 1670/2364/1717
f 1597/2366/1719 1609/2372/1725 1662/2367/1720
f 1612/2365/1718 1670/2364/1717 1635/2368/1721
f 1607/2370/1723 1595/2379/1731 1619/2371/1724
f 1598/2360/1713 1629/2359/1712 1662/2367/1720
f 1615/2334/1687 1680/2336/1689 1644/2373/1726
f 1600/2369/1722 1635/2368/1721 1667/2375/1728
f 1618/2376/1729 1596/2350/1703 1622/2352/1705
f 1603/2377/1727 1644/2428/1726 1676/2378/1730
f 1595/2379/1731 1608/2353/1706 1659/2355/1708
f 1637/2380/1732 1639/2383/1735 1675/2381/1733
f 1639/2383/1735 1638/2345/1698 1673/2343/1696
f 1628/2384/1736 1630/2387/1739 1666/2385/1737
f 1630/2387/1739 1629/2359/1712 1664/2357/1710
f 1620/2388/1740 1655/2429/1778 1657/2389/1741
f 1621/2390/1742 1657/2389/1741 1656/2351/1704
f 1683/2391/1743 1646/2416/1768 1648/2392/1744
f 1684/2393/1745 1648/2392/1744 1647/2335/1688
f 1640/2394/1746 1642/2397/1749 1678/2395/1747
f 1642/2397/1749 1641/2363/1716 1676/2378/1730
f 1623/2398/1750 1688/2419/1771 1690/2399/1751
f 1624/2400/1752 1690/2399/1751 1689/2332/1685
f 1631/2401/1753 1633/2404/1756 1669/2402/1754
f 1633/2404/1756 1632/2340/1693 1667/2375/1728
f 1686/2405/1757 1649/2418/1770 1651/2406/1758
f 1687/2407/1759 1651/2406/1758 1650/2349/1702
f 1665/2386/1738 1666/2385/1737 1633/2404/1756
f 1666/2385/1737 1664/2357/1710 1632/2340/1693
f 1634/2408/1760 1636/2411/1763 1672/2409/1761
f 1636/2411/1763 1635/2368/1721 1670/2364/1717
f 1653/2412/1764 1686/2405/1757 1687/2407/1759
f 1654/2413/1765 1687/2407/1759 1685/2348/1701
f 1661/2414/1766 1663/2415/1767 1630/2387/1739
f 1663/2415/1767 1662/2367/1720 1629/2359/1712
f 1646/2416/1768 1679/2424/1776 1681/2417/1769
f 1648/2392/1744 1681/2417/1769 1680/2336/1689
f 1649/2418/1770 1683/2391/1743 1684/2393/1745
f 1651/2406/1758 1684/2393/1745 1682/2338/1691
f 1688/2419/1771 1653/2412/1764 1654/2413/1765
f 1690/2399/1751 1654/2413/1765 1652/2333/1686
f 1626/2420/1772 1658/2430/1779 1660/2421/1773
f 1627/2422/1774 1660/2421/1773 1659/2355/1708
f 1674/2382/1734 1675/2381/1733 1642/2397/1749
f 1675/2381/1733 1673/2343/1696 1641/2363/1716
f 1643/2423/1775 1645/2425/1777 1681/2417/1769
f 1645/2425/1777 1644/2373/1726 1680/2336/1689
f 1677/2396/1748 1678/2395/1747 1645/2426/1777
f 1678/2395/1747 1676/2378/1730 1644/2428/1726
f 1668/2403/1755 1669/2402/1754 1636/2411/1763
f 1669/2402/1754 1667/2375/1728 1635/2368/1721
f 1655/2429/1778 1623/2398/1750 1624/2400/1752
f 1657/2389/1741 1624/2400/1752 1622/2352/1705
f 1661/2414/1766 1626/2420/1772 1627/2422/1774
f 1663/2415/1767 1627/2422/1774 1625/2354/1707
f 1671/2410/1762 1672/2409/1761 1639/2383/1735
f 1672/2409/1761 1670/2364/1717 1638/2345/1698
f 1658/2430/1779 1620/2388/1740 1621/2390/1742
f 1660/2421/1773 1621/2390/1742 1619/2371/1724
f 1626/2431/1772 1661/3079/1766 1620/2432/1740
f 1524/2434/1780 1536/2455/1798 1704/2435/1781
f 1527/2437/1783 1695/2462/1783 1706/2438/1784
f 1532/2440/1786 1544/2451/1796 1712/2441/1787
f 1525/2443/1788 1537/2446/1791 1705/2444/1789
f 1537/2446/1791 1526/2454/1792 1694/2447/1792
f 1545/2448/1793 1523/2480/1820 1691/2449/1794
f 1544/2451/1796 1533/2477/1818 1701/2452/1797
f 1538/2453/1785 1706/3080/1784 1694/2447/1792
f 1536/2455/1798 1525/2443/1788 1693/2445/1790
f 1546/2456/1799 1534/2471/1813 1702/2457/1800
f 1532/2440/1786 1700/2442/1786 1711/2459/1802
f 1539/2461/1804 1707/2481/1821 1695/2462/1783
f 1535/2463/1805 1524/2434/1780 1692/2436/1782
f 1531/2465/1807 1699/2482/1822 1710/2466/1808
f 1540/2468/1810 1708/2478/1819 1696/2469/1811
f 1534/2471/1813 1545/2448/1793 1713/2450/1795
f 1530/2472/1814 1698/2479/1814 1709/2473/1815
f 1541/2474/1816 1709/2473/1815 1697/2475/1817
f 1533/2477/1818 1546/2456/1799 1714/2458/1801
f 1529/2476/1817 1697/2475/1817 1708/2478/1819
f 1542/2467/1809 1710/2466/1808 1698/2479/1814
f 1523/2480/1820 1535/2463/1805 1703/2464/1806
f 1528/2470/1812 1696/2469/1811 1707/2481/1821
f 1543/2460/1803 1711/2459/1802 1699/2482/1822
f 1620/2432/1740 1661/3079/1766 1628/2483/1736
f 1623/2485/1750 1655/2484/1778 1628/2483/1736
f 1623/2485/1750 1665/2486/1738 1631/2487/1753
f 1653/2489/1764 1688/2488/1771 1631/2487/1753
f 1653/2489/1764 1668/2490/1755 1634/2491/1760
f 1686/2492/1757 1634/2491/1760 1671/2493/1762
f 1649/2494/1770 1671/2493/1762 1637/2495/1732
f 1646/2497/1768 1683/2496/1743 1637/2495/1732
f 1674/2498/1734 1640/2501/1746 1679/2499/1776
f 1677/2500/1748 1643/3081/1775 1679/2499/1776
f 1802/2504/1823 1883/2728/1831 1863/2505/1824
f 1821/2507/1825 1857/2724/1825 1858/2508/1826
f 1836/2510/1824 1886/2575/1844 1868/2511/1827
f 1720/2513/1826 1825/2694/1829 1865/2514/1829
f 1837/2516/1826 1718/2520/1829 1888/2517/1825
f 1826/2519/1830 1867/2696/1830 1888/2517/1825
f 1717/2521/1824 1838/2688/1831 1889/2522/1831
f 1827/2524/1828 1869/2699/1827 1891/2525/1832
f 1716/2526/1832 1891/2525/1832 1890/2527/1829
f 1793/2529/1828 1828/2702/1824 1871/2530/1824
f 1840/2532/1833 1892/2695/1833 1872/2533/1831
f 1829/2535/1831 1873/2706/1831 1897/2536/1824
f 1793/2529/1828 1894/2531/1828 1893/2538/1830
f 1830/2540/1834 1875/2710/1910 1900/2541/1835
f 1794/2543/1833 1842/2700/1848 1895/2544/1836
f 1831/2546/1836 1877/2716/1836 1903/2547/1837
f 1843/2549/1828 1795/2537/1824 1897/2536/1824
f 1801/2551/1824 1817/2705/1831 1849/2552/1831
f 1721/2554/1836 1832/3082/1826 1879/2555/1826
f 1844/2557/1838 1898/3083/1909 1876/2558/1839
f 1818/2560/1833 1851/2709/1837 1852/2561/1831
f 1801/2551/1824 1850/2553/1824 1881/2563/1828
f 1797/2542/1835 1900/2541/1835 1899/2565/1842
f 1819/2567/1836 1853/2714/1836 1854/2568/1837
f 1721/2554/1836 1912/2556/1836 1882/2570/1837
f 1846/2572/1829 1901/2717/1829 1878/2573/1826
f 1836/2510/1824 1804/2562/1841 1852/2561/1831
f 1800/2576/1829 1848/2726/1832 1904/2577/1832
f 1822/2579/1845 1859/2727/1913 1860/2580/1846
f 1820/2582/1826 1855/3084/1826 1856/2583/1836
f 1803/2585/1837 1835/2731/1836 1884/2586/1836
f 1847/2588/1831 1799/2548/1833 1903/2547/1837
f 1729/2590/382 1730/3085/382 1727/2591/382
f 1726/2593/370 1730/3086/370 1729/2594/370
f 1725/2596/368 1723/3087/368 1728/2597/368
f 1726/2599/344 1725/3088/344 1727/2600/344
f 1723/2602/748 1724/3089/349 1729/2603/349
f 1742/2605/1849 1733/2627/1850 1745/2606/1850
f 1738/2608/1851 1750/2625/1863 1753/2609/1852
f 1742/2605/1849 1754/2607/1849 1748/2611/1854
f 1741/2610/1853 1753/2609/1852 1752/2613/1856
f 1736/2612/1855 1748/2611/1854 1751/2615/1857
f 1752/2617/1856 1744/2629/1866 1732/2618/1859
f 1739/2616/1858 1751/2615/1857 1749/2620/494
f 1747/2622/1860 1743/2630/1867 1731/2623/1861
f 1737/2621/408 1749/2620/494 1750/2625/1863
f 1746/2626/1864 1745/2606/1850 1733/2627/1850
f 1735/2624/1862 1732/2618/1859 1744/2629/1866
f 1734/2628/1865 1731/2623/1861 1743/2630/1867
f 1759/2631/1868 1767/2646/1875 1769/2632/1869
f 1749/2634/1871 1751/3090/631 1753/2635/1115
f 1753/2635/1115 1751/3090/631 1748/2637/631
f 1744/2639/631 1752/2638/631 1748/2637/631
f 1747/2641/631 1744/2639/631 1754/2640/631
f 1747/2641/631 1745/2642/1115 1746/2643/1872
f 1758/2645/1874 1766/2659/1887 1767/2646/1875
f 1760/2647/1876 1762/2650/1879 1770/2648/1877
f 1762/2650/1879 1756/2653/1882 1764/2651/1880
f 1755/2652/1881 1763/2660/1888 1764/2651/1880
f 1757/2654/1883 1761/3091/1870 1769/2655/1869
f 1768/2649/1878 1770/2648/1877 1773/2657/1885
f 1758/2645/1874 1760/2647/1876 1768/2649/1878
f 1755/2652/1881 1757/2654/1883 1765/2656/1884
f 1764/2651/1880 1771/2661/1889 1773/2657/1885
f 1769/2632/1869 1767/2646/1875 1778/2662/1890
f 1772/2658/1886 1773/2657/1885 1781/2664/1892
f 1771/2661/1889 1775/2666/1894 1781/2664/1892
f 1763/2660/1888 1774/2669/1897 1775/2666/1894
f 1769/2655/1869 1780/2680/1891 1776/2667/1895
f 1766/2659/1887 1772/2658/1886 1779/2665/1893
f 1765/2656/1884 1776/2667/1895 1774/2669/1897
f 1767/2646/1875 1766/2659/1887 1777/2668/1896
f 1779/2665/1893 1781/2664/1892 1784/2670/1898
f 1775/2666/1894 1782/2672/1900 1784/2670/1898
f 1780/2663/1891 1778/2662/1890 1789/2673/1901
f 1776/2667/1895 1787/2681/1908 1785/2675/1903
f 1778/2662/1890 1777/2668/1896 1788/2676/1904
f 1783/2671/1899 1784/2670/1898 1792/2677/1905
f 1782/2672/1900 1786/2679/1907 1792/2677/1905
f 1782/2672/1900 1774/2669/1897 1785/2675/1903
f 1780/2680/1891 1791/3092/1902 1787/2681/1908
f 1783/2671/1899 1790/2678/1906 1788/2676/1904
f 1837/2682/1826 1887/3093/1826 1906/2683/1836
f 1814/2685/1832 1823/2729/1828 1861/2686/1828
f 1806/2569/1837 1854/2568/1837 1889/2522/1831
f 1824/2506/1824 1863/2505/1824 1864/2689/1827
f 1807/2691/1826 1839/2528/1825 1890/2527/1829
f 1722/2693/1830 1866/2725/1832 1865/2514/1829
f 1840/2532/1833 1808/2584/1848 1856/2583/1836
f 1826/2519/1830 1719/2512/1828 1868/2511/1827
f 1809/2697/1829 1841/2539/1830 1893/2538/1830
f 1717/2521/1824 1870/2523/1824 1869/2699/1827
f 1842/2700/1848 1810/3094/1826 1858/2701/1826
f 1715/2534/1831 1872/2533/1831 1871/2530/1824
f 1811/2703/1832 1843/2549/1828 1896/2550/1828
f 1803/2585/1837 1905/2587/1837 1849/2552/1831
f 1829/2535/1831 1794/2543/1833 1874/2545/1837
f 1812/2581/1847 1860/2580/1846 1898/2707/1909
f 1818/2560/1833 1805/2684/1836 1906/2683/1836
f 1796/2559/1840 1876/2558/1839 1875/2710/1910
f 1813/2711/1911 1845/2566/1843 1899/2565/1842
f 1807/2713/1826 1907/3095/1826 1853/2714/1836
f 1831/2546/1836 1798/3096/1826 1878/2715/1826
f 1814/2685/1832 1862/2687/1832 1901/2717/1829
f 1809/2697/1829 1908/2698/1825 1855/2718/1826
f 1800/2576/1829 1880/2578/1825 1879/2720/1826
f 1847/2588/1831 1902/2589/1831 1911/2722/1824
f 1821/2507/1825 1811/2703/1832 1909/2704/1830
f 1833/2564/1828 1881/2563/1828 1866/2725/1832
f 1816/2690/1828 1864/2689/1827 1904/2577/1832
f 1813/2711/1911 1910/2712/1912 1859/2727/1913
f 1834/2571/1837 1882/2570/1837 1883/2728/1831
f 1823/2729/1828 1815/2723/1824 1911/2722/1824
f 1720/2730/1826 1885/3097/1826 1884/2586/1836
f 1883/2732/817 1882/2735/817 1864/2733/382
f 1882/2735/817 1912/3098/382 1904/2736/387
f 1904/2736/387 1912/3098/382 1879/2737/382
f 1902/2739/382 1903/2743/382 1861/2740/817
f 1877/2742/382 1862/2744/382 1861/2740/817
f 1862/2744/382 1877/2742/382 1878/2745/382
f 1899/2747/382 1900/3099/382 1875/2748/382
f 1859/2750/382 1910/2749/817 1875/2748/382
f 1859/2750/382 1876/2751/382 1898/2752/1047
f 1896/2754/387 1897/3100/1046 1873/2755/382
f 1895/2757/382 1909/3101/382 1896/2754/387
f 1857/2758/382 1909/3101/382 1895/2757/382
f 1892/2760/382 1894/2763/382 1871/2761/382
f 1894/2763/382 1892/2760/382 1856/2764/382
f 1856/2764/382 1855/3102/817 1908/2766/817
f 1889/2767/382 1854/2771/382 1869/2768/382
f 1891/2770/382 1869/2768/382 1854/2771/382
f 1891/2770/382 1853/2772/382 1907/2773/1047
f 1886/2775/382 1852/3103/382 1851/2776/382
f 1851/2776/382 1906/2780/387 1867/2778/382
f 1888/2779/382 1867/2778/382 1906/2780/387
f 1865/2782/382 1866/2786/382 1884/2783/382
f 1905/2785/382 1884/2783/382 1866/2786/382
f 1881/2787/382 1850/3104/382 1849/2788/382
f 1913/2789/1917 1919/2802/1922 1920/2790/368
f 1915/2792/1918 1926/3105/1918 1927/2793/1918
f 1916/2795/382 1917/3106/382 1918/2796/382
f 1916/2798/1919 1915/3107/370 1921/2799/370
f 1918/2801/1921 1924/3108/1921 1919/2802/1922
f 1917/2803/1923 1916/2798/1919 1922/2800/1920
f 1918/2805/1921 1917/2803/1923 1923/2804/1923
f 1928/2807/368 2008/2966/787 2001/2808/787
f 1920/2810/336 1921/3109/336 1927/2811/336
f 1914/2813/1924 1920/3110/1924 1928/2814/1924
f 2002/2816/382 1929/2825/1925 1953/2817/1925
f 2004/2819/1926 1953/3111/1927 1931/2820/1927
f 2002/2822/1929 2007/2963/1929 1930/2823/1930
f 1929/2825/1925 1932/3112/1931 1954/2826/1931
f 1927/2827/1932 1926/3113/1932 2005/2828/1933
f 1928/2812/336 1927/2811/336 2010/2830/336
f 2011/2832/336 1931/2850/336 1930/2833/336
f 1929/2835/1934 1930/3114/1968 1934/2836/344
f 1937/2838/1935 1938/2845/1938 1954/2839/1936
f 1960/2844/1937 1957/3115/1937 1954/2839/1936
f 1937/2849/336 1930/2833/336 1931/2850/336
f 1932/2840/1935 1944/3116/1939 1941/2853/1939
f 1942/2855/1941 1950/2874/1942 1947/2856/1942
f 1948/2861/1944 1949/2879/1950 1940/2862/382
f 1932/2864/370 1929/3117/370 1943/2865/370
f 1933/2837/1934 1942/2855/1941 1943/2857/1941
f 1959/2859/370 1960/2858/1932 1938/2848/370
f 1940/2867/1945 1978/2984/1193 1951/2868/1191
f 1945/2870/382 1946/3118/382 1951/2871/382
f 1969/2873/1946 1947/2856/1942 1950/2874/1942
f 1949/2879/1950 1948/2861/1944 1970/2880/1951
f 1984/2883/1954 1977/2942/1954 1941/2884/1955
f 1983/2886/1956 1952/3119/1957 1951/2887/1957
f 1939/2889/344 1940/3120/344 1946/2890/344
f 1959/2892/1941 1958/2899/1941 1966/2893/1942
f 1964/2895/1950 1965/2913/1961 1956/2896/382
f 1936/2898/1959 1953/3121/1959 1958/2899/1941
f 1954/2900/368 1957/2988/1191 1958/2901/368
f 1956/2876/1945 1990/2987/1996 1967/2903/1191
f 1961/2905/382 1962/3122/383 1967/2906/382
f 1973/2908/1960 1963/2894/1942 1966/2893/1942
f 1915/2910/382 1914/3001/382 1925/2911/382
f 1965/2913/1961 1964/2895/1950 1974/2914/1962
f 1996/2919/1954 1989/2950/1954 1957/2920/1955
f 1995/2922/1956 1968/3123/1957 1967/2923/1957
f 1955/2925/344 1956/3124/344 1962/2926/344
f 1937/2843/368 1941/2968/1191 1942/2931/368
f 1931/2932/344 1953/3121/1959 1936/2898/1959
f 1969/2873/1946 1972/2875/1947 1971/2881/1952
f 1973/2908/1960 1976/2909/1947 1975/2915/1963
f 1978/2888/1958 1982/2936/1970 1985/2935/1969
f 1982/2936/1970 1981/2938/1972 1986/2937/1971
f 1981/2938/1972 1980/3125/1973 1987/2939/1973
f 1987/2939/1973 1980/3125/1973 1979/2940/1974
f 1988/2941/1975 1979/2940/1974 1977/2942/1954
f 1990/2924/1958 1994/2944/1976 1997/2943/1969
f 1994/2944/1976 1993/2946/1977 1998/2945/1971
f 1993/2946/1977 1992/3126/2015 1999/2947/1973
f 1999/2947/1973 1992/3126/2015 1991/2948/1978
f 2000/2949/1979 1991/2948/1978 1989/2950/1954
f 1952/2952/1932 1983/2929/1965 1939/2928/1964
f 1968/2954/1932 1995/2917/1965 1955/2916/1964
f 2005/2956/382 2001/3127/382 2003/2957/817
f 2006/2958/817 2003/2957/817 2002/2816/382
f 2011/2832/336 2007/2834/336 2009/2959/336
f 2009/2959/336 2008/2831/336 2010/2830/336
f 2011/2821/1928 2012/2962/1983 2006/2961/1983
f 2012/2962/1983 2010/2829/1933 2005/2828/1933
f 2007/2963/1929 2002/2822/1929 2003/2964/1984
f 2009/2965/1984 2003/2964/1984 2001/2808/787
f 1925/2911/382 2001/3127/382 2005/2956/382
f 1944/2866/1932 1948/2971/1987 1939/2928/1964
f 1941/2968/1191 1977/2979/1994 1940/2867/1945
f 1956/2876/1945 1965/2989/1997 1957/2988/1191
f 1922/2995/336 1921/3109/336 1920/2810/336
f 1955/2916/1964 1996/3000/1999 1960/2858/1932
f 1916/2795/382 1913/2797/382 1914/3001/382
f 1922/2995/336 1919/2996/336 1924/3002/336
f 1734/3004/2000 1733/3008/633 1735/3005/2001
f 1732/3007/633 1735/3005/2001 1733/3008/633
f 1736/3010/633 1740/3012/633 1732/3007/633
f 1736/3010/633 1739/3128/633 1741/3011/2003
f 1741/3011/2003 1739/3128/633 1737/3013/633
