# Blender 4.5.3 LTS
# www.blender.org
mtllib mat_garage_canister.mtl
o prop_garage_canister
v 0.868582 0.576750 -2.448560
v 0.857114 0.541550 -2.441808
v 0.819707 0.541459 -2.364174
v 0.801543 0.564711 -2.362943
v 0.848358 0.567053 -2.446197
v 0.869424 0.755386 -2.449490
v 0.896642 0.848909 -2.431968
v 0.890965 0.861370 -2.424068
v 0.872828 0.755155 -2.455057
v 0.902132 0.847146 -2.437131
v 0.874698 0.559393 -2.453945
v 0.873260 0.577244 -2.454025
v 1.020402 0.911877 -2.550976
v 1.025523 0.895732 -2.559555
v 0.866183 0.756882 -2.474317
v 0.978179 0.915286 -2.480250
v 0.865470 0.573685 -2.474231
v 0.954107 0.914326 -2.439929
v 0.950156 0.909947 -2.433310
v 0.953135 0.544702 -2.612027
v 1.015502 0.565053 -2.680592
v 0.952712 0.563426 -2.617045
v 0.951387 0.756969 -2.611765
v 0.953200 0.777636 -2.608358
v 1.000089 0.802951 -2.640987
v 1.014718 0.807455 -2.643683
v 1.004090 0.861677 -2.585930
v 0.981987 0.862012 -2.570379
v 0.965082 0.864047 -2.549985
v 0.902761 0.862148 -2.449555
v 0.937409 0.888702 -2.411959
v 1.001822 0.913006 -2.519853
v 1.005541 0.909659 -2.526083
v 1.010315 0.889541 -2.534080
v 0.937941 0.920358 -2.412850
v 1.002881 0.933154 -2.521627
v 0.952550 0.869673 -2.437320
v 0.991232 0.866460 -2.539305
v 1.006183 0.868964 -2.527158
v 1.009887 0.875581 -2.533363
v 0.931376 0.928385 -2.424925
v 0.936705 0.932043 -2.436084
v 0.966419 0.933879 -2.484028
v 0.994125 0.930204 -2.530482
v 0.976675 0.936340 -2.477732
v 0.944406 0.934354 -2.423680
v 0.939990 0.930037 -2.416282
v 0.928765 0.916912 -2.422065
v 0.928333 0.914538 -2.432945
v 0.930027 0.922846 -2.435225
v 0.935723 0.925867 -2.444799
v 0.960590 0.925503 -2.487331
v 0.987897 0.925348 -2.531845
v 1.002395 0.924471 -2.544501
v 0.990092 0.866665 -2.558905
v 0.995456 0.921059 -2.544758
v 0.996956 0.909214 -2.551495
v 0.999183 0.894763 -2.559292
v 0.998503 0.880967 -2.561384
v 0.997213 0.876885 -2.542546
v 0.998422 0.891685 -2.541777
v 0.997651 0.903108 -2.537920
v 0.992322 0.913650 -2.538928
v 0.986075 0.918856 -2.529520
v 0.961406 0.919640 -2.486514
v 0.942280 0.917899 -2.452803
v 0.938433 0.915968 -2.445091
v 0.948772 0.903005 -2.430993
v 0.935586 0.909723 -2.439686
v 0.932190 0.868439 -2.447330
v 0.934998 0.891714 -2.438884
v 0.922887 0.869175 -2.433521
v 0.927575 0.891242 -2.433148
v 0.925552 0.862012 -2.422226
v 0.928155 0.889260 -2.420364
v 1.011464 0.879573 -2.574694
v 0.948841 0.888219 -2.431108
v 1.009059 0.901168 -2.531977
v 1.030696 0.879846 -2.568219
v 1.009079 0.895633 -2.564986
v 1.005442 0.910948 -2.555739
v 1.013900 0.925542 -2.540086
v 1.029336 0.766033 -2.672196
v 1.024914 0.565232 -2.679968
v 1.034009 0.782085 -2.664577
v 1.012667 0.865391 -2.586509
v 0.877859 0.862701 -2.405771
v 0.805944 0.779088 -2.360476
v 0.870565 0.558984 -2.447609
v 0.867537 0.773487 -2.469132
v 0.867937 0.546237 -2.475295
v 1.021212 0.741618 -2.678569
v 1.003206 0.768080 -2.667912
v 1.004188 0.788944 -2.657532
v 1.011741 0.741767 -2.677995
v 1.003022 0.546588 -2.665009
v 1.008516 0.542544 -2.661818
v 0.957891 0.538932 -2.608747
v 0.872311 0.540442 -2.470648
v 0.854772 0.772633 -2.447624
v 0.849584 0.758389 -2.446233
v 0.812517 0.545175 -2.371460
v 0.850764 0.549651 -2.444769
v 0.804391 0.767610 -2.352809
v 0.801323 0.768562 -2.360908
v 0.803017 0.563632 -2.354223
v 1.062244 0.810553 -2.621064
v 1.076040 0.781165 -2.644173
v 1.079210 0.765934 -2.649482
v 1.080192 0.742533 -2.651127
v 1.079107 0.565471 -2.649311
v 1.066313 0.541535 -2.627879
v 1.028666 0.536865 -2.564819
v 0.945601 0.540091 -2.425681
v 0.939178 0.558204 -2.414922
v 0.935745 0.557665 -2.409172
v 0.930473 0.540901 -2.400340
v 0.885171 0.541263 -2.324456
v 0.876157 0.563430 -2.309358
v 0.876140 0.768817 -2.309329
v 0.878429 0.778806 -2.313164
v 0.918830 0.863890 -2.380837
v 0.930881 0.862675 -2.401023
v 0.935904 0.849247 -2.409438
v 0.939332 0.849066 -2.415179
v 0.939774 0.862075 -2.415921
v 1.034651 0.866507 -2.574845
v 1.017794 0.551733 -2.672701
v 1.010341 0.553666 -2.674608
v 1.073789 0.551348 -2.640403
v 0.805348 0.552563 -2.364383
v 0.809680 0.550166 -2.356380
v 0.878981 0.549967 -2.314089
v 1.002286 0.576750 -2.368740
v 1.001783 0.541550 -2.355441
v 0.951194 0.541459 -2.285677
v 0.958729 0.564711 -2.269104
v 1.009801 0.567053 -2.349816
v 1.002704 0.755386 -2.369922
v 0.974366 0.848909 -2.385567
v 0.970106 0.861370 -2.376822
v 1.005989 0.755155 -2.375560
v 0.976306 0.847146 -2.392849
v 1.004124 0.559393 -2.376679
v 1.004876 0.577244 -2.375450
v 1.026096 0.756882 -2.378849
v 1.026360 0.573685 -2.378181
v 1.106060 0.544702 -2.520732
v 1.136822 0.565053 -2.608165
v 1.110678 0.563426 -2.522740
v 1.106659 0.756969 -2.519069
v 1.102799 0.777636 -2.519048
v 1.109274 0.802951 -2.575805
v 1.104705 0.807455 -2.589961
v 1.058910 0.861677 -2.553203
v 1.055709 0.862012 -2.526367
v 1.045778 0.864047 -2.501811
v 0.986944 0.862148 -2.399298
v 1.023969 0.866460 -2.519761
v 0.951686 0.928385 -2.412801
v 0.958980 0.932043 -2.422786
v 0.987084 0.933879 -2.471691
v 1.014830 0.930204 -2.518122
v 0.950407 0.916912 -2.409146
v 0.960189 0.914538 -2.413927
v 0.961392 0.922846 -2.416500
v 0.967117 0.925867 -2.426057
v 0.992757 0.925503 -2.468127
v 1.018985 0.925348 -2.513286
v 1.023246 0.924471 -2.532053
v 1.041763 0.866665 -2.528057
v 1.026765 0.921059 -2.526067
v 1.031983 0.909214 -2.530584
v 1.037790 0.894763 -2.536244
v 1.039954 0.880967 -2.536638
v 1.023983 0.876885 -2.526564
v 1.022733 0.891685 -2.527264
v 1.019704 0.903108 -2.524755
v 1.023120 0.913650 -2.520541
v 1.017802 0.918856 -2.510579
v 0.991651 0.919640 -2.468458
v 0.971052 0.917899 -2.435627
v 0.966088 0.915968 -2.428581
v 0.962681 0.909723 -2.423511
v 0.971021 0.868439 -2.424148
v 0.962255 0.891714 -2.422612
v 0.963280 0.869175 -2.409406
v 0.960727 0.891242 -2.413357
v 0.952073 0.862012 -2.406393
v 0.949199 0.889260 -2.407801
v 1.045521 0.879573 -2.554362
v 1.038107 0.895633 -2.547657
v 1.031692 0.910948 -2.540067
v 1.122868 0.766033 -2.616358
v 1.131807 0.565232 -2.616153
v 1.113944 0.782085 -2.616857
v 1.055350 0.865391 -2.561027
v 0.960219 0.862701 -2.356603
v 0.954469 0.779088 -2.271807
v 1.000507 0.558984 -2.370034
v 1.020890 0.773487 -2.377581
v 1.026125 0.546237 -2.380857
v 1.132332 0.741618 -2.612231
v 1.131495 0.768080 -2.591324
v 1.121893 0.788944 -2.587263
v 1.136322 0.741767 -2.603621
v 1.129027 0.546588 -2.589784
v 1.123612 0.542544 -2.593107
v 1.100916 0.538932 -2.523362
v 1.019960 0.540442 -2.382502
v 1.008014 0.772633 -2.356139
v 1.009251 0.758389 -2.350913
v 0.961019 0.545175 -2.282805
v 1.007403 0.549651 -2.351257
v 0.948457 0.767610 -2.266803
v 0.957042 0.768562 -2.267944
v 0.950354 0.563632 -2.266264
v 1.128789 0.551733 -2.606438
v 1.134004 0.553666 -2.600782
v 0.958192 0.552563 -2.273136
v 0.949091 0.550166 -2.273152
v 1.100637 0.961473 -2.716869
v 1.073942 0.904302 -2.658726
v 1.101924 0.955055 -2.723996
v 1.111052 0.967876 -2.702784
v 1.134050 0.955049 -2.704795
v 1.097769 0.898918 -2.649378
v 1.102992 0.891823 -2.653248
v 1.104107 0.886947 -2.672730
v 1.070276 0.898923 -2.665810
v 1.071207 0.891828 -2.672245
v 1.077507 0.886909 -2.677883
v 1.085128 0.882374 -2.677715
v 1.112458 0.942600 -2.726123
v 1.107468 0.948524 -2.728702
v 1.151046 0.976776 -2.785790
v 1.154600 0.973384 -2.784849
v 1.158841 0.972166 -2.782745
v 1.149187 0.981495 -2.785240
v 1.165616 0.981493 -2.775420
v 1.103974 0.966161 -2.709115
v 1.119980 0.966157 -2.699550
v 1.128387 0.961468 -2.700284
v 1.142069 0.956072 -2.727606
v 1.135564 0.948520 -2.711909
v 1.137947 0.951862 -2.733382
v 1.124822 0.941613 -2.725828
v 1.118187 0.956103 -2.741838
v 1.125271 0.951885 -2.740967
v 1.113853 0.944600 -2.727578
v 1.128194 0.978331 -2.731460
v 1.122313 0.976567 -2.735742
v 1.117953 0.964750 -2.743480
v 1.173249 0.998720 -2.833902
v 1.122111 0.958164 -2.743449
v 1.140442 0.971722 -2.727032
v 1.194445 1.005373 -2.818884
v 1.197084 0.998716 -2.819656
v 1.141731 0.958409 -2.731740
v 1.138208 0.952858 -2.734685
v 1.132445 0.951058 -2.738630
v 1.187224 0.985397 -2.830229
v 1.183107 1.012006 -2.823326
v 1.177437 1.010231 -2.827345
v 1.180662 1.006150 -2.827560
v 1.173822 1.005376 -2.831211
v 1.178058 0.998860 -2.831713
v 1.175868 0.992062 -2.834676
v 1.179701 0.994688 -2.832194
v 1.180990 0.987186 -2.833334
v 1.182888 0.991621 -2.831336
v 1.186790 0.990507 -2.829386
v 1.184101 1.007242 -2.825105
v 1.187992 1.006149 -2.823179
v 1.189332 1.010229 -2.820236
v 1.191204 1.003119 -2.822354
v 1.196522 0.992058 -2.822331
v 1.192522 0.994687 -2.824531
v 1.192912 0.987184 -2.826209
v 1.152095 0.989586 -2.780628
v 1.178412 1.003120 -2.829999
v 1.149589 0.986208 -2.783332
v 1.155951 0.990798 -2.777897
v 1.160181 0.989585 -2.775795
v 1.163748 0.986206 -2.774870
v 1.192879 0.998858 -2.822855
v 1.165217 0.976774 -2.777320
v 1.190255 0.991620 -2.826933
v 1.162704 0.973383 -2.780006
v 1.072631 0.892812 -2.638537
v 1.064619 0.890859 -2.645709
v 1.067815 0.899751 -2.666104
v 1.069303 0.892478 -2.674108
v 1.068702 0.870976 -2.667620
v 1.078205 0.865649 -2.668458
v 1.087617 0.884977 -2.684637
v 1.079584 0.907024 -2.650162
v 1.105534 0.892472 -2.652453
v 1.100095 0.870970 -2.648857
v 1.096329 0.865646 -2.657625
v 1.104101 0.879772 -2.669132
v 1.097803 0.883024 -2.680661
v 1.071575 0.905077 -2.657330
v 1.075670 0.885206 -2.679179
v 1.084958 0.879661 -2.680755
v 1.080226 0.904587 -2.651231
v 1.089797 0.904300 -2.649250
v 1.089689 0.905074 -2.646504
v 1.099193 0.899746 -2.647349
v 1.107017 0.885195 -2.660470
v 1.104971 0.886905 -2.661469
v 1.087834 0.886950 -2.682456
v 1.064143 0.882571 -2.652699
v 1.065331 0.876775 -2.659082
v 1.070382 0.870987 -2.663149
v 1.073513 0.888357 -2.640013
v 1.081562 0.886802 -2.637104
v 1.094175 0.876770 -2.641842
v 1.095361 0.870983 -2.648219
v 1.085991 0.865195 -2.660908
v 1.077953 0.866744 -2.663824
v 1.062353 0.878253 -2.662504
v 1.060857 0.885537 -2.654486
v 1.067137 0.886804 -2.645725
v 1.082742 0.890856 -2.634877
v 1.089119 0.882567 -2.637771
v 1.092251 0.885532 -2.635723
v 1.098600 0.878247 -2.640839
v 1.092368 0.866742 -2.655209
v 1.088320 0.863697 -2.664804
v 1.118555 0.971656 -2.740124
v 1.134750 0.976573 -2.728306
v 1.143646 0.964604 -2.728184
v 1.129011 0.939262 -2.742671
v 1.138982 0.940039 -2.739568
v 1.137660 0.939257 -2.737496
v 1.140499 0.942474 -2.734591
v 1.141776 0.946815 -2.732016
v 1.143453 0.952995 -2.732915
v 1.126335 0.943402 -2.745999
v 1.123720 0.948002 -2.746114
v 1.122254 0.946828 -2.743715
v 1.120165 0.951468 -2.742729
v 1.125117 0.942486 -2.743801
v 1.133595 0.938709 -2.740517
v 1.141904 0.951458 -2.729715
v 1.131941 0.950024 -2.737793
v 1.127130 0.936650 -2.748297
v 1.143506 0.936647 -2.738510
v 1.143150 0.935477 -2.733250
v 1.131559 0.944625 -2.717022
v 1.130943 0.942772 -2.715155
v 1.124723 0.934562 -2.747540
v 1.125146 0.937185 -2.748245
v 1.122664 0.935480 -2.745495
v 1.123083 0.938038 -2.746180
v 1.144400 0.937182 -2.736738
v 1.143559 0.938036 -2.733942
v 1.130205 0.940041 -2.744807
v 1.122219 0.952989 -2.745574
v 1.126273 0.952848 -2.741822
v 1.141875 0.943400 -2.736730
v 1.143222 0.948004 -2.734491
v 1.134786 0.938870 -2.742511
v 1.097145 0.885630 -2.679594
v 1.124312 0.941693 -2.724979
v 1.126763 0.934385 -2.747684
v 1.143138 0.934382 -2.737897
v 1.143977 0.934558 -2.736031
v 1.101100 0.882444 -2.668362
v 1.106129 0.884974 -2.673572
v 0.888501 0.852686 -2.363738
v 0.901194 0.861646 -2.351694
v 0.924086 0.843716 -2.332360
v 0.920052 0.849644 -2.326943
v 0.921929 0.831426 -2.319836
v 0.908165 0.825639 -2.307066
v 0.896746 0.810146 -2.310996
v 0.893335 0.816852 -2.306057
v 0.880454 0.806826 -2.317020
v 0.860680 0.837650 -2.348938
v 0.858572 0.825647 -2.336707
v 0.867434 0.810151 -2.328516
v 0.861146 0.819144 -2.342351
v 0.863303 0.831435 -2.354876
v 0.858566 0.832465 -2.356468
v 0.873317 0.843724 -2.362705
v 0.868814 0.845268 -2.364829
v 0.879038 0.805636 -2.314651
v 0.904797 0.855983 -2.357725
v 0.917810 0.852682 -2.346219
v 0.922970 0.855818 -2.343672
v 0.928086 0.845327 -2.329473
v 0.915288 0.819508 -2.308110
v 0.911914 0.819136 -2.312008
v 0.900076 0.809563 -2.305401
v 0.885046 0.857716 -2.354302
v 0.871538 0.849715 -2.353387
v 0.873631 0.878894 -2.334468
v 0.860449 0.871083 -2.333574
v 0.851755 0.860415 -2.326780
v 0.860702 0.827832 -2.335264
v 0.849880 0.849741 -2.315899
v 0.866287 0.819831 -2.322939
v 0.855331 0.841927 -2.303868
v 0.866642 0.839070 -2.293890
v 0.854757 0.844919 -2.301982
v 0.865613 0.846543 -2.292164
v 0.855821 0.849024 -2.300799
v 0.867826 0.849998 -2.295843
v 0.851104 0.855789 -2.311216
v 0.857672 0.864531 -2.318245
v 0.877882 0.816890 -2.312711
v 0.849481 0.852483 -2.313632
v 0.851294 0.862811 -2.324157
v 0.859709 0.873138 -2.330734
v 0.872472 0.880700 -2.331603
v 0.887776 0.881753 -2.329230
v 0.899544 0.860645 -2.348933
v 0.899087 0.878890 -2.319253
v 0.904540 0.871076 -2.307221
v 0.914808 0.838767 -2.315231
v 0.897114 0.880695 -2.316874
v 0.886162 0.883468 -2.326529
v 0.871665 0.881024 -2.327292
v 0.860249 0.874261 -2.326507
v 0.852724 0.865026 -2.320626
v 0.863590 0.871800 -2.322883
v 0.872572 0.877125 -2.323500
v 0.883903 0.883495 -2.322748
v 0.893700 0.881021 -2.314122
v 0.902390 0.873131 -2.305224
v 0.902669 0.860407 -2.296349
v 0.893969 0.849734 -2.289547
v 0.892383 0.819827 -2.307342
v 0.882205 0.879073 -2.319932
v 0.898412 0.874255 -2.303698
v 0.900578 0.862803 -2.294700
v 0.892163 0.852476 -2.288122
v 0.880787 0.841923 -2.288653
v 0.893637 0.871795 -2.304924
v 0.896792 0.865019 -2.294286
v 0.889267 0.855783 -2.288405
v 0.879400 0.844915 -2.287253
v 0.865708 0.842145 -2.292327
v 0.877856 0.849020 -2.287629
v 0.877442 0.851946 -2.292287
v 0.862576 0.873574 -2.320522
v 0.888481 0.878826 -2.310927
v 0.889930 0.877122 -2.313126
v 0.892352 0.864526 -2.297517
v 0.890710 0.866445 -2.295719
v 0.886427 0.857260 -2.292892
v 0.884876 0.859375 -2.291269
v 0.856401 0.857265 -2.310838
v 0.860121 0.851949 -2.302640
v 0.859389 0.854236 -2.300722
v 0.885289 0.858433 -2.357593
v 0.870460 0.849652 -2.356584
v 0.911138 0.857712 -2.338707
v 0.913921 0.858429 -2.340480
v 0.916725 0.849709 -2.326378
v 0.917944 0.837641 -2.314712
v 0.905887 0.827825 -2.308259
v 0.877429 0.813639 -2.311955
v 0.862623 0.838776 -2.346422
v 0.864703 0.816857 -2.323170
v 0.907425 0.878007 -2.362110
v 0.920906 0.878609 -2.349233
v 0.922317 0.876320 -2.351525
v 0.902006 0.863433 -2.353127
v 0.893216 0.857258 -2.364660
v 0.905239 0.858492 -2.358463
v 0.913516 0.862393 -2.345626
v 0.902613 0.867438 -2.354064
v 0.888813 0.865894 -2.359802
v 0.900700 0.844474 -2.377873
v 0.891049 0.876325 -2.370214
v 0.891859 0.858181 -2.365480
v 0.890016 0.862397 -2.359672
v 0.889700 0.878614 -2.367885
v 0.906158 0.880146 -2.359988
v 0.901814 0.871323 -2.352728
v 0.888707 0.869803 -2.359577
v 0.889125 0.868687 -2.363190
v 0.863086 0.809826 -2.316566
v 0.875037 0.808426 -2.307955
v 0.867883 0.806500 -2.322633
v 0.855707 0.859380 -2.308702
v 0.842988 0.886518 -2.272350
v 0.839717 0.891431 -2.279832
v 0.856867 0.866451 -2.315947
v 0.841005 0.898029 -2.286471
v 0.846410 0.904512 -2.290537
v 0.871322 0.878828 -2.321182
v 0.866828 0.852371 -2.294194
v 0.827578 0.925525 -2.228478
v 0.821110 0.927360 -2.234121
v 0.799897 0.967083 -2.194501
v 0.789319 0.984156 -2.164427
v 0.783924 0.985802 -2.168771
v 0.769028 1.004550 -2.142505
v 0.766158 1.008635 -2.146493
v 0.781056 0.990147 -2.173424
v 0.766116 1.014203 -2.149613
v 0.781379 0.995950 -2.177174
v 0.784712 1.001638 -2.179030
v 0.773772 1.023817 -2.150379
v 0.795670 0.970431 -2.199649
v 0.818109 0.932115 -2.240599
v 0.819186 0.938394 -2.246137
v 0.796537 0.976354 -2.203912
v 0.800449 0.981916 -2.206056
v 0.823866 0.944465 -2.249309
v 0.830834 0.948818 -2.249425
v 0.806200 0.985798 -2.205731
v 0.790136 1.005741 -2.178572
v 0.796209 1.007234 -2.175942
v 0.779415 1.025304 -2.147831
v 0.784332 1.023816 -2.144068
v 0.801401 1.005739 -2.171839
v 0.804371 1.001635 -2.167280
v 0.787211 1.019754 -2.140091
v 0.804312 0.995946 -2.163467
v 0.787279 1.014200 -2.136963
v 0.801160 0.990143 -2.161409
v 0.784508 1.008632 -2.135523
v 0.795702 0.985800 -2.161732
v 0.779634 1.004547 -2.136165
v 0.810787 0.967082 -2.187992
v 0.804742 0.965573 -2.190388
v 0.835613 0.927358 -2.225453
v 0.858899 0.886515 -2.262841
v 0.850038 0.884685 -2.266081
v 0.876101 0.854233 -2.290734
v 0.867039 0.891427 -2.263501
v 0.872279 0.898024 -2.267779
v 0.892039 0.873569 -2.302913
v 0.873303 0.904508 -2.274463
v 0.869930 0.909208 -2.281776
v 0.880921 0.880789 -2.317653
v 0.863043 0.910929 -2.287828
v 0.854450 0.909210 -2.291028
v 0.838356 0.950412 -2.246498
v 0.844496 0.948815 -2.241260
v 0.847691 0.944462 -2.235068
v 0.847112 0.938389 -2.229446
v 0.842741 0.932111 -2.225877
v 0.817324 0.970427 -2.186707
v 0.820671 0.976350 -2.189488
v 0.820708 0.981913 -2.193947
v 0.817700 0.985797 -2.198858
v 0.812455 0.987214 -2.203137
v 0.788995 0.998839 -2.178436
v 0.792514 1.001608 -2.178136
v 0.796490 1.002615 -2.176415
v 0.801729 0.995032 -2.168353
v 0.799632 0.991223 -2.167123
v 0.796117 0.988452 -2.167425
v 0.792140 0.987444 -2.169145
v 0.788742 0.988453 -2.171833
v 0.769935 1.014329 -2.146742
v 0.768905 1.019756 -2.151033
v 0.781144 1.020431 -2.143241
v 0.782911 1.017844 -2.140827
v 0.773964 1.003052 -2.138722
v 0.771915 1.008360 -2.142461
v 0.770074 1.010850 -2.144852
v 0.786813 0.991224 -2.174785
v 0.786904 0.995034 -2.177214
v 0.771582 1.017851 -2.147603
v 0.774551 1.020437 -2.147185
v 0.778021 1.021397 -2.145614
v 0.799888 1.001606 -2.173728
v 0.801818 0.998838 -2.170772
v 0.782927 1.014326 -2.138975
v 0.781198 1.010852 -2.138205
v 0.778225 1.008364 -2.138693
v 0.774814 1.007486 -2.140278
v 0.883801 0.855797 -2.367160
v 0.891830 0.841548 -2.379638
v 0.877075 0.831699 -2.376997
v 0.856105 0.819581 -2.343558
v 0.864850 0.806705 -2.356202
v 0.860903 0.809505 -2.328854
v 0.867388 0.806632 -2.322070
v 0.914115 0.848993 -2.373324
v 0.890060 0.863888 -2.363276
v 0.901057 0.846668 -2.380443
v 0.926568 0.846663 -2.365195
v 0.930266 0.841488 -2.356610
v 0.934883 0.831723 -2.342476
v 0.872688 0.790874 -2.333782
v 0.885296 0.788798 -2.325136
v 0.867287 0.819182 -2.368768
v 0.869271 0.796396 -2.342123
v 0.874900 0.793239 -2.335128
v 0.903889 0.865026 -2.356146
v 0.890299 0.866910 -2.363501
v 0.904309 0.868399 -2.356901
v 0.903563 0.870573 -2.355636
v 0.917039 0.868681 -2.346507
v 0.916755 0.866906 -2.347692
v 0.876116 0.811659 -2.309728
v 0.865097 0.812411 -2.318180
v 0.916672 0.863887 -2.347378
v 0.916701 0.858352 -2.350746
v 0.916390 0.857254 -2.350809
v 0.914202 0.865892 -2.344626
v 0.914055 0.869799 -2.344427
v 0.888752 0.812407 -2.304042
v 0.888281 0.809823 -2.301506
v 0.891965 0.806863 -2.307830
v 0.899022 0.793235 -2.320711
v 0.898883 0.790870 -2.318125
v 0.891351 0.806496 -2.308606
v 0.924472 0.844471 -2.363664
v 0.925565 0.832452 -2.316424
v 0.932279 0.819199 -2.329960
v 0.922352 0.806701 -2.321837
v 0.907931 0.796435 -2.319071
v 1.060810 0.850949 -2.585866
v 1.047935 0.860053 -2.597606
v 1.025402 0.842328 -2.617541
v 1.029314 0.848516 -2.622754
v 1.027803 0.830513 -2.630472
v 1.041676 0.825439 -2.643425
v 1.053406 0.810055 -2.640016
v 1.056679 0.816992 -2.644725
v 1.069763 0.806863 -2.634102
v 1.088924 0.836985 -2.601156
v 1.091268 0.825446 -2.613784
v 1.082718 0.810060 -2.622496
v 1.088828 0.818706 -2.608363
v 1.086428 0.830522 -2.595432
v 1.091139 0.831582 -2.593816
v 1.076172 0.842335 -2.587197
v 1.080558 0.843955 -2.585000
v 1.071202 0.805783 -2.636509
v 1.044449 0.854119 -2.591771
v 1.031501 0.850946 -2.603385
v 1.026277 0.854040 -2.605814
v 1.021393 0.843944 -2.620364
v 1.034679 0.819134 -2.642589
v 1.038060 0.818699 -2.638707
v 1.050089 0.809601 -2.645639
v 1.064160 0.856364 -2.595126
v 1.077826 0.848672 -2.596306
v 1.075142 0.878439 -2.614208
v 1.088490 0.870923 -2.615361
v 1.097403 0.860658 -2.622515
v 1.089095 0.827635 -2.615153
v 1.099491 0.850388 -2.633760
v 1.083667 0.819944 -2.627743
v 1.094189 0.842869 -2.646061
v 1.082925 0.840120 -2.656142
v 1.094685 0.845948 -2.647838
v 1.083793 0.847687 -2.657599
v 1.093536 0.850072 -2.648882
v 1.081538 0.850991 -2.653802
v 1.098120 0.856576 -2.638242
v 1.091372 0.864975 -2.630926
v 1.072131 0.817117 -2.638069
v 1.099812 0.853221 -2.635936
v 1.097795 0.863151 -2.625068
v 1.089175 0.873080 -2.618148
v 1.076261 0.880350 -2.617029
v 1.060927 0.881190 -2.619356
v 1.049604 0.859179 -2.600398
v 1.049662 0.878436 -2.629437
v 1.044359 0.870917 -2.641738
v 1.034772 0.838148 -2.634825
v 1.051616 0.880346 -2.631760
v 1.062514 0.883011 -2.622012
v 1.077059 0.880835 -2.621329
v 1.088609 0.874333 -2.622339
v 1.096317 0.865455 -2.628526
v 1.085304 0.871957 -2.626057
v 1.076238 0.877060 -2.625269
v 1.064773 0.883210 -2.625792
v 1.055024 0.880832 -2.634500
v 1.046489 0.873074 -2.643662
v 1.046443 0.860651 -2.652974
v 1.055362 0.850382 -2.660135
v 1.057571 0.819940 -2.643340
v 1.066569 0.878932 -2.628772
v 1.050446 0.874328 -2.645149
v 1.048505 0.863144 -2.654529
v 1.057125 0.853215 -2.661449
v 1.068710 0.842866 -2.661289
v 1.055286 0.871952 -2.643997
v 1.052249 0.865449 -2.654865
v 1.059956 0.856570 -2.661052
v 1.070039 0.845945 -2.662569
v 1.083787 0.843282 -2.657586
v 1.071501 0.850069 -2.662052
v 1.071866 0.852862 -2.657305
v 1.058898 0.877065 -2.635622
v 1.056703 0.864969 -2.651646
v 1.062761 0.857984 -2.656518
v 1.092798 0.857989 -2.638566
v 1.089195 0.852874 -2.646938
v 1.063903 0.856965 -2.591813
v 1.078907 0.848523 -2.593113
v 1.038068 0.856360 -2.610721
v 1.035271 0.856960 -2.608926
v 1.032639 0.848667 -2.623315
v 1.031659 0.836977 -2.635382
v 1.043909 0.827629 -2.642159
v 1.072648 0.813903 -2.638933
v 1.086957 0.838156 -2.603633
v 1.085311 0.816996 -2.627612
v 1.041380 0.875924 -2.586646
v 1.027885 0.876689 -2.599499
v 1.026520 0.874296 -2.597286
v 1.047088 0.861774 -2.596113
v 1.056004 0.855392 -2.584792
v 1.043957 0.856592 -2.590949
v 1.035599 0.860756 -2.603652
v 1.046400 0.865732 -2.595042
v 1.060233 0.864275 -2.589359
v 1.051346 0.845456 -2.576313
v 1.057788 0.874301 -2.578598
v 1.056186 0.856457 -2.584474
v 1.059101 0.860759 -2.589605
v 1.059090 0.876693 -2.580848
v 1.042603 0.878159 -2.588694
v 1.047121 0.869675 -2.596246
v 1.060258 0.868190 -2.589448
v 1.059901 0.866965 -2.585918
v 1.087080 0.810232 -2.634451
v 1.075157 0.808874 -2.643127
v 1.082340 0.806601 -2.628499
v 1.065423 0.854047 -2.582417
v 1.060337 0.842544 -2.574605
v 1.075199 0.833230 -2.577588
v 1.093862 0.819142 -2.607221
v 1.087934 0.809156 -2.599212
v 1.089239 0.809605 -2.622236
v 1.082869 0.806409 -2.629123
v 1.037817 0.849835 -2.580671
v 1.058859 0.862205 -2.585786
v 1.050938 0.847533 -2.573655
v 1.025425 0.847530 -2.588904
v 1.021813 0.842538 -2.597631
v 1.017405 0.833220 -2.612132
v 1.080413 0.793942 -2.622173
v 1.067841 0.791893 -2.630877
v 1.085234 0.821176 -2.586214
v 1.083755 0.799290 -2.613572
v 1.078144 0.796193 -2.620731
v 1.045340 0.863213 -2.593345
v 1.058726 0.865134 -2.585624
v 1.044687 0.866562 -2.592175
v 1.045388 0.868793 -2.593366
v 1.031976 0.866966 -2.602624
v 1.032270 0.865131 -2.601434
v 1.074028 0.812026 -2.641209
v 1.085005 0.812714 -2.632749
v 1.032345 0.862209 -2.601614
v 1.032470 0.856510 -2.598664
v 1.032830 0.855389 -2.598644
v 1.034844 0.864274 -2.604534
v 1.034910 0.868186 -2.604598
v 1.061350 0.812711 -2.646887
v 1.061867 0.810229 -2.649521
v 1.059092 0.806686 -2.643168
v 1.054023 0.796188 -2.635147
v 1.054220 0.793938 -2.637829
v 1.058872 0.806598 -2.642526
v 1.027575 0.845454 -2.590523
v 1.024162 0.831569 -2.633846
v 1.020256 0.821165 -2.625053
v 1.030431 0.809147 -2.633583
v 1.045061 0.799284 -2.636699
v 1.062558 0.878663 -2.638502
v 1.061222 0.878034 -2.637441
v 1.057940 0.873414 -2.645092
v 1.059395 0.874311 -2.645736
v 1.065767 0.862292 -2.656666
v 1.064751 0.860766 -2.656542
v 1.082166 0.856208 -2.654309
v 1.081891 0.854398 -2.654068
v 1.068210 0.879709 -2.631178
v 1.069188 0.880223 -2.632615
v 1.059236 0.867095 -2.652082
v 1.060564 0.868322 -2.652389
v 1.073055 0.856107 -2.657282
v 1.073708 0.857818 -2.657403
v 1.077459 0.878610 -2.629645
v 1.076991 0.877999 -2.628008
v 1.085227 0.873379 -2.628725
v 1.085225 0.874268 -2.630318
v 1.090489 0.868298 -2.634491
v 1.090779 0.867044 -2.633178
v 1.091786 0.862284 -2.641085
v 1.092096 0.860712 -2.640165
v 1.088746 0.857859 -2.648337
v 1.088839 0.856089 -2.647808
v 0.862895 0.839080 -2.361373
v 0.857752 0.814147 -2.336336
v 0.908187 0.814110 -2.306168
v 0.884076 0.836944 -2.378859
v 0.926380 0.850834 -2.336556
v 0.928042 0.812738 -2.325224
v 0.933249 0.836844 -2.349356
v 0.915583 0.801314 -2.319884
v 0.921217 0.825728 -2.311524
v 0.875893 0.850820 -2.366698
v 0.866362 0.801251 -2.349223
v 0.934701 0.825754 -2.335857
v 0.927860 0.839128 -2.322611
v 0.865144 0.812763 -2.362833
v 0.871300 0.825675 -2.373648
v 0.856325 0.825801 -2.350377
v 1.086630 0.838006 -2.588642
v 1.092320 0.813955 -2.614576
v 1.041883 0.813948 -2.644718
v 1.068255 0.838136 -2.575594
v 1.022992 0.849234 -2.613102
v 1.024621 0.814953 -2.630001
v 1.018935 0.838129 -2.605073
v 1.037307 0.803967 -2.635714
v 1.028635 0.825115 -2.638962
v 1.073400 0.849243 -2.582972
v 1.086557 0.803974 -2.606277
v 1.017704 0.827464 -2.618938
v 1.021734 0.837993 -2.627430
v 1.087528 0.814964 -2.592401
v 1.081055 0.827475 -2.581072
v 1.093531 0.825126 -2.600178
vn -0.7957 0.0210 -0.6053
vn -0.3192 -0.0100 -0.9476
vn -0.7939 -0.0141 -0.6079
vn 0.5041 0.1818 -0.8443
vn 0.2275 0.5896 -0.7750
vn 0.4092 0.6023 -0.6854
vn -0.8116 0.0193 -0.5839
vn -0.8954 -0.0061 -0.4452
vn -0.8930 0.0210 -0.4495
vn 0.0034 -1.0000 -0.0056
vn 0.0166 -0.9846 -0.1738
vn 0.0754 -0.9891 -0.1264
vn 0.2289 -0.6248 -0.7465
vn -0.5124 -0.0259 0.8583
vn -0.5746 0.0256 0.8181
vn -0.5755 -0.0263 0.8174
vn -0.8705 -0.2777 -0.4064
vn -0.4566 -0.6217 0.6364
vn -0.6001 0.2822 -0.7485
vn -0.7640 0.3777 -0.5231
vn -0.5549 -0.6374 0.5345
vn -0.8666 -0.2666 -0.4218
vn -0.1229 -0.9908 0.0569
vn -0.8347 0.3746 -0.4036
vn -0.9861 0.0904 0.1391
vn -0.8296 -0.5509 0.0913
vn -0.0526 -0.9947 0.0882
vn -0.5282 -0.8203 -0.2194
vn -0.9535 0.1260 -0.2737
vn -0.0661 -0.1561 -0.9855
vn -0.0244 0.2097 -0.9775
vn 0.0819 0.7077 -0.7018
vn -0.4572 0.4925 -0.7405
vn -0.7839 -0.4652 -0.4112
vn 0.0235 -0.9840 -0.1769
vn -0.1040 -0.9937 0.0407
vn -0.3166 0.0854 -0.9447
vn -0.6944 0.3901 -0.6047
vn -0.7393 0.2954 -0.6051
vn -0.0080 0.5606 -0.8281
vn -0.8540 0.1323 -0.5032
vn -0.7213 0.6744 0.1580
vn -0.8977 0.0235 -0.4400
vn -0.7109 -0.4183 -0.5654
vn -0.9216 -0.0521 0.3847
vn -0.9039 -0.2795 0.3236
vn -0.6442 -0.2215 -0.7321
vn 0.3075 -0.7208 -0.6212
vn -0.8988 -0.0153 -0.4380
vn -0.6030 0.5142 -0.6099
vn -0.8635 0.4034 0.3028
vn -0.8122 -0.0066 -0.5833
vn -0.6767 -0.0101 -0.7362
vn -0.6508 -0.3583 -0.6694
vn -0.6727 0.0203 -0.7396
vn -0.7826 -0.2906 -0.5505
vn -0.6471 0.7468 0.1532
vn -0.0609 -0.9969 -0.0493
vn -0.5173 0.8008 -0.3017
vn -0.3731 0.6924 -0.6176
vn -0.5570 0.6020 -0.5721
vn -0.8324 0.5489 0.0758
vn -0.7040 0.1686 0.6898
vn 0.1172 0.7095 -0.6949
vn -0.1103 0.9795 -0.1686
vn -0.0252 0.9988 0.0424
vn -0.1584 0.9861 -0.0508
vn -0.8677 0.3417 0.3610
vn -0.5103 -0.0938 0.8549
vn -0.3185 -0.6157 -0.7207
vn -0.8285 0.3182 -0.4609
vn -0.4267 -0.8431 -0.3273
vn -0.1142 0.4868 -0.8660
vn -0.7996 0.5732 0.1792
vn -0.0430 0.9965 0.0720
vn -0.4386 0.8803 -0.1809
vn -0.3795 0.8930 -0.2419
vn -0.7885 0.3891 -0.4763
vn -0.6911 0.5613 -0.4554
vn -0.5125 -0.0220 0.8584
vn -0.8964 0.1139 0.4283
vn -0.8505 0.0273 0.5252
vn -0.9183 0.1373 -0.3713
vn -0.4533 -0.8516 -0.2630
vn -0.9478 0.0367 -0.3168
vn -0.9912 -0.0102 0.1323
vn -0.4851 0.3230 0.8126
vn -0.7552 0.5635 -0.3348
vn 0.0936 0.9832 -0.1567
vn 0.5016 -0.2058 -0.8403
vn 0.3111 -0.7948 -0.5211
vn 0.0423 -0.9966 -0.0709
vn -0.0028 -1.0000 0.0046
vn -0.3416 -0.7456 0.5722
vn -0.4787 -0.3576 0.8019
vn -0.8525 0.3447 -0.3930
vn -0.0582 0.4862 -0.8719
vn -0.1791 0.5161 -0.8376
vn 0.4320 0.5382 -0.7236
vn 0.4263 0.5554 -0.7140
vn 0.4090 0.6029 -0.6851
vn -0.8987 0.1485 -0.4127
vn 0.0718 0.9901 -0.1202
vn -0.3007 0.9005 -0.3141
vn -0.7488 0.4331 -0.5017
vn 0.2851 0.8311 -0.4775
vn -0.0521 0.7827 -0.6202
vn 0.2552 0.2559 -0.9324
vn 0.3897 0.0220 -0.9207
vn -0.5082 0.1313 0.8512
vn -0.3655 0.7011 0.6123
vn 0.0068 0.9999 -0.0115
vn 0.3695 0.6931 -0.6189
vn 0.3783 0.6747 -0.6337
vn -0.3927 0.6428 0.6578
vn 0.3307 0.7641 -0.5539
vn 0.2017 0.9193 -0.3379
vn -0.3401 0.7482 0.5697
vn -0.5598 0.5563 -0.6141
vn -0.3864 0.6571 0.6472
vn 0.0872 -0.9854 -0.1460
vn -0.0450 -0.9961 0.0755
vn 0.3610 -0.7103 -0.6043
vn -0.0587 -0.9934 0.0984
vn 0.5119 -0.0511 -0.8575
vn 0.4060 -0.0483 -0.9126
vn 0.5126 0.0123 -0.8586
vn -0.5116 -0.0608 0.8570
vn 0.3527 -0.7256 -0.5909
vn -0.4059 -0.6108 0.6798
vn 0.9856 -0.0100 -0.1686
vn 0.9104 0.0209 0.4132
vn 0.9118 -0.0139 0.4104
vn 0.5743 0.5896 -0.5680
vn 0.8991 0.0193 0.4374
vn 0.8167 -0.0061 0.5770
vn 0.8989 -0.0066 0.4382
vn 0.1451 -0.9846 -0.0971
vn 0.5485 -0.6248 -0.5557
vn 0.8350 -0.4182 0.3575
vn -0.4474 0.0256 0.8939
vn -0.5124 0.0265 0.8583
vn 0.7708 -0.2776 0.5734
vn -0.4464 -0.0263 0.8944
vn -0.3435 -0.6217 0.7039
vn 0.9436 0.2822 0.1731
vn 0.9703 0.0203 0.2412
vn -0.2072 -0.6373 0.7422
vn 0.0083 -0.9908 0.1352
vn 0.7825 -0.2664 0.5628
vn 0.7513 0.3745 0.5433
vn 0.3455 0.0904 0.9341
vn 0.8194 0.0210 0.5729
vn 0.3133 -0.5508 0.7736
vn 0.6933 0.1260 0.7096
vn 0.8989 -0.1560 -0.4094
vn 0.7286 0.0367 0.6840
vn 0.5789 0.7077 -0.4050
vn 0.8688 0.4925 0.0511
vn 0.7339 -0.4652 0.4949
vn 0.1445 -0.9840 -0.1046
vn 0.9818 0.0854 -0.1695
vn 0.8618 0.3901 0.3244
vn 0.8834 0.2954 0.3637
vn 0.7327 0.5606 -0.3859
vn 0.5706 0.7827 -0.2484
vn 0.2031 0.6744 0.7099
vn 0.8133 0.0235 0.5814
vn 0.0988 -0.0521 0.9937
vn 0.8482 0.1323 0.5129
vn 0.1440 -0.2795 0.9493
vn 0.9501 -0.2215 0.2196
vn 0.4009 -0.7208 -0.5654
vn 0.8229 0.3777 0.4244
vn 0.8120 -0.0154 0.5834
vn 0.8230 0.5142 0.2414
vn 0.1432 0.4034 0.9038
vn 0.8981 -0.3582 0.2552
vn 0.9691 -0.0100 0.2463
vn 0.8559 -0.2906 0.4278
vn 0.1723 0.7468 0.6424
vn 0.0723 -0.9969 0.0302
vn 0.5112 0.8008 0.3121
vn 0.7207 0.6923 0.0354
vn 0.5560 0.7095 -0.4329
vn 0.3283 0.5489 0.7687
vn -0.2731 0.1687 0.9471
vn 0.7680 0.6019 0.2189
vn 0.2008 0.9795 0.0171
vn 0.1198 0.9861 0.1154
vn 0.0939 0.3417 0.9351
vn 0.7504 0.3447 0.5640
vn 0.7988 0.3182 0.5106
vn 0.7856 -0.6157 -0.0615
vn 0.4906 -0.8430 0.2204
vn 0.8165 0.4867 -0.3104
vn 0.8063 0.5562 0.2014
vn 0.2218 0.5732 0.7889
vn 0.3673 0.8803 0.3002
vn 0.3930 0.8930 0.2193
vn 0.7931 0.3891 0.4686
vn 0.7288 0.5613 0.3921
vn 0.6529 0.5637 0.5059
vn 0.0484 0.1139 0.9923
vn 0.7626 0.1373 0.6321
vn 0.4467 -0.8516 0.2743
vn -0.0589 0.0273 0.9979
vn 0.3538 -0.0102 0.9353
vn 0.8720 0.2097 -0.4423
vn 0.5041 0.1810 -0.8444
vn 0.4438 -0.8202 0.3609
vn 0.7896 0.1485 0.5954
vn 0.7951 0.4862 -0.3625
vn 0.8223 0.5161 -0.2398
vn 0.4191 0.9005 0.1157
vn 0.7970 0.4331 0.4211
vn 0.6996 0.2559 -0.6671
vn 0.6255 0.0221 -0.7799
vn 0.0135 -0.9937 0.1109
vn -0.3495 -0.7315 0.5855
vn 0.6106 -0.0483 -0.7904
vn -0.3233 0.7761 0.5414
vn -0.7472 0.5985 0.2890
vn -0.3721 0.6882 0.6229
vn 0.3719 0.8654 -0.3358
vn 0.6596 0.6540 0.3706
vn 0.2650 0.8716 0.4123
vn 0.7811 -0.5756 0.2422
vn 0.8842 -0.2979 0.3598
vn 0.7808 -0.5760 0.2420
vn 0.8587 -0.0000 0.5124
vn 0.9274 -0.3418 0.1520
vn 0.8587 -0.0001 0.5125
vn 0.2316 0.8917 -0.3889
vn -0.4621 0.8847 -0.0607
vn 0.1256 0.8620 -0.4912
vn 0.1077 0.5974 0.7947
vn -0.3714 0.6898 0.6215
vn 0.1076 0.5973 0.7947
vn -0.5041 -0.3883 -0.7714
vn -0.8238 0.0036 -0.5669
vn -0.5468 -0.5055 -0.6675
vn 0.2818 0.6910 -0.6657
vn 0.3876 0.7211 -0.5743
vn 0.2820 0.6900 -0.6667
vn 0.8225 0.0610 0.5655
vn 0.5305 -0.2974 0.7938
vn 0.5303 -0.2982 0.7936
vn -0.1521 0.6818 -0.7156
vn -0.5952 0.4200 -0.6850
vn -0.5952 0.4198 -0.6852
vn -0.8876 0.0615 -0.4565
vn -0.9503 -0.2974 -0.0915
vn 0.5810 0.3993 0.7092
vn 0.2795 0.8367 0.4710
vn 0.1469 0.6750 0.7231
vn -0.6746 -0.4799 -0.5609
vn -0.8663 -0.0042 -0.4995
vn -0.8662 -0.0045 -0.4996
vn -0.6453 -0.5042 -0.5739
vn -0.8039 0.5059 -0.3128
vn -0.8540 0.0295 -0.5195
vn -0.8994 0.4002 -0.1760
vn 0.9176 -0.3696 0.1464
vn 0.7384 -0.6080 -0.2917
vn 0.7338 -0.5948 -0.3283
vn 0.9211 -0.3574 0.1547
vn 0.8003 -0.5962 -0.0636
vn 0.5587 -0.8280 0.0477
vn 0.1481 -0.9580 -0.2454
vn 0.5577 -0.8287 0.0468
vn -0.2740 -0.4002 0.8745
vn -0.0810 -0.5073 0.8579
vn -0.0807 -0.5073 0.8580
vn 0.3296 0.7664 -0.5514
vn 0.3641 0.7868 -0.4984
vn 0.3656 0.7870 -0.4971
vn -0.5582 -0.8023 0.2118
vn -0.3656 -0.9101 0.1951
vn -0.5583 -0.8022 0.2118
vn -0.8300 0.4688 -0.3023
vn -0.5762 0.8171 -0.0206
vn -0.5756 0.8175 -0.0203
vn 0.8749 0.0388 0.4828
vn 0.9632 -0.2577 0.0764
vn 0.9470 -0.3042 0.1037
vn -0.5488 0.8356 -0.0251
vn -0.1536 0.9541 0.2572
vn -0.5564 0.8304 -0.0299
vn -0.9314 0.3342 -0.1442
vn -0.8649 0.0086 -0.5019
vn 0.6572 0.5041 0.5604
vn 0.8622 0.0264 0.5059
vn 0.8908 -0.0028 0.4544
vn 0.5683 0.3338 0.7521
vn 0.8517 0.0080 0.5240
vn 0.3751 -0.6859 -0.6236
vn -0.0665 -0.6144 -0.7862
vn 0.1719 -0.6356 -0.7526
vn -0.7362 -0.2971 -0.6081
vn -0.7110 -0.0377 -0.7022
vn -0.7064 -0.0320 -0.7071
vn 0.5756 -0.6490 -0.4975
vn 0.7265 -0.6150 -0.3066
vn 0.0996 0.5982 0.7951
vn -0.5727 -0.3539 -0.7394
vn -0.0942 -0.6042 -0.7913
vn -0.3282 -0.5791 -0.7463
vn 0.8478 -0.5048 0.1624
vn 0.9157 -0.3930 0.0837
vn -0.0556 -0.5907 -0.8050
vn 0.3773 -0.6798 -0.6288
vn 0.8581 0.0591 0.5101
vn 0.9879 -0.1529 0.0246
vn 0.8555 0.0559 0.5148
vn -0.1552 0.9532 0.2596
vn 0.4907 0.2921 -0.8209
vn 0.4907 0.2918 -0.8210
vn 0.4908 0.2921 -0.8209
vn 0.4908 0.2912 -0.8212
vn 0.4909 0.2907 -0.8213
vn 0.4911 0.2895 -0.8216
vn 0.4910 0.2903 -0.8214
vn 0.4911 0.2893 -0.8216
vn 0.4912 0.2885 -0.8219
vn -0.7068 0.6749 0.2121
vn 0.5205 0.3812 -0.7640
vn 0.4716 0.3941 -0.7889
vn 0.5211 0.3809 -0.7638
vn -0.1301 -0.7700 -0.6247
vn -0.5635 -0.3675 -0.7399
vn 0.2435 -0.8796 -0.4086
vn -0.1880 -0.7695 -0.6104
vn 0.2429 -0.8796 -0.4090
vn 0.2870 0.8322 0.4745
vn 0.8111 -0.5040 0.2967
vn 0.8679 -0.0472 0.4945
vn 0.5743 -0.8178 0.0377
vn 0.1572 -0.9519 -0.2631
vn 0.5805 -0.8131 0.0441
vn -0.3045 -0.8293 -0.4686
vn -0.6757 -0.4783 -0.5609
vn -0.8134 0.4909 -0.3120
vn -0.8477 -0.0419 -0.5288
vn -0.3122 -0.8138 -0.4901
vn -0.3043 -0.8181 -0.4879
vn -0.9247 0.3149 -0.2141
vn 0.5859 0.2872 -0.7578
vn 0.5804 0.2327 -0.7804
vn 0.5799 0.2323 -0.7809
vn 0.5497 0.1947 -0.8123
vn 0.5048 0.1818 -0.8439
vn 0.5493 0.1946 -0.8127
vn 0.4264 0.3813 -0.8202
vn 0.4712 0.3941 -0.7891
vn 0.4257 0.3813 -0.8206
vn 0.3952 0.3428 -0.8523
vn 0.3951 0.3423 -0.8525
vn 0.3899 0.2873 -0.8749
vn 0.3899 0.2876 -0.8748
vn -0.3055 -0.8287 -0.4689
vn -0.8303 0.4681 -0.3026
vn -0.1655 0.9475 0.2735
vn -0.1651 0.9475 0.2737
vn 0.8139 -0.4787 0.3292
vn 0.8137 -0.4794 0.3289
vn 0.8502 -0.0047 0.5264
vn 0.8503 -0.0051 0.5263
vn 0.2901 0.8176 0.4974
vn 0.6595 0.4684 0.5880
vn 0.2893 0.8181 0.4971
vn 0.4720 -0.3002 -0.8289
vn -0.4894 -0.1511 -0.8589
vn -0.4895 -0.1522 -0.8586
vn -0.9289 0.3453 -0.1337
vn -0.8577 0.0005 -0.5141
vn -0.8576 0.0002 -0.5144
vn 0.5578 0.3448 0.7549
vn 0.5579 0.3449 0.7548
vn 0.3697 -0.6989 -0.6123
vn 0.7339 -0.6153 -0.2876
vn -0.7507 0.5976 0.2816
vn -0.9289 0.3454 -0.1338
vn -0.0939 -0.6156 -0.7824
vn -0.5717 -0.3410 -0.7462
vn 0.4846 -0.8739 0.0385
vn 0.4881 -0.8718 0.0425
vn -0.6170 -0.3047 -0.7256
vn -0.6421 -0.3088 -0.7016
vn -0.6170 -0.3046 -0.7256
vn 0.2944 0.5981 -0.7454
vn 0.4638 0.6847 -0.5621
vn 0.5367 0.5864 -0.6067
vn 0.2667 0.7868 -0.5566
vn 0.2648 0.7870 -0.5573
vn 0.3201 0.7388 -0.5930
vn 0.3211 0.7385 -0.5929
vn 0.3863 0.7217 -0.5743
vn 0.3710 0.7388 -0.5627
vn 0.5740 0.3667 0.7322
vn -0.5727 -0.3402 -0.7459
vn 0.0977 -0.9816 -0.1639
vn 0.3214 0.7215 -0.6133
vn 0.4628 0.6859 -0.5616
vn 0.9751 0.0841 0.2054
vn 0.9553 -0.0406 0.2927
vn -0.1388 -0.9628 0.2319
vn -0.1746 -0.9473 0.2685
vn -0.1511 -0.9478 0.2807
vn -0.5833 -0.5752 -0.5735
vn -0.7355 -0.2979 -0.6085
vn -0.8159 0.0898 -0.5712
vn -0.9084 0.3852 -0.1627
vn -0.8383 0.0423 -0.5435
vn -0.1389 -0.9628 0.2320
vn -0.0768 -0.9888 0.1282
vn -0.0765 -0.9889 0.1276
vn 0.4553 0.1951 -0.8687
vn 0.4131 0.2323 -0.8805
vn 0.4559 0.1946 -0.8685
vn 0.3221 0.7222 -0.6121
vn 0.5864 0.6897 -0.4249
vn 0.9749 0.0936 -0.2018
vn 0.9190 0.3677 0.1424
vn -0.0652 -0.5083 -0.8587
vn 0.3922 -0.6478 -0.6530
vn 0.4150 -0.6013 -0.6828
vn -0.2642 -0.8736 -0.4087
vn 0.0976 -0.9816 -0.1640
vn 0.5453 0.5291 -0.6502
vn 0.5085 -0.1504 -0.8478
vn 0.8217 -0.0941 -0.5621
vn 0.0823 0.7888 -0.6092
vn -0.5129 0.4063 -0.7562
vn 0.1080 0.6933 -0.7125
vn -0.2527 0.1343 -0.9582
vn 0.1927 0.6017 -0.7751
vn 0.6001 0.5955 -0.5341
vn -0.1609 -0.9496 0.2690
vn 0.0009 -0.9102 0.4142
vn -0.1609 -0.9496 0.2689
vn 0.0775 -0.8024 0.5917
vn 0.0010 -0.9101 0.4145
vn 0.0476 -0.6548 0.7543
vn 0.0776 -0.8024 0.5918
vn -0.4786 -0.3603 0.8007
vn -0.4786 -0.3605 0.8006
vn -0.3658 -0.9100 0.1951
vn -0.6406 -0.4000 0.6555
vn -0.7173 -0.5072 0.4777
vn -0.6407 -0.4000 0.6554
vn -0.7175 -0.5072 0.4775
vn -0.6871 -0.6546 0.3153
vn -0.6871 -0.6546 0.3152
vn 0.4410 0.5088 -0.7393
vn 0.1180 -0.0667 -0.9908
vn 0.5045 0.1819 -0.8440
vn 0.4916 0.2879 -0.8218
vn 0.4913 0.2880 -0.8220
vn -0.5829 -0.5757 -0.5734
vn 0.8841 -0.2972 0.3605
vn 0.9531 -0.0465 0.2990
vn 0.6561 0.2863 -0.6982
vn 0.5955 0.3193 -0.7372
vn 0.6238 0.3077 -0.7184
vn -0.5911 -0.2681 0.7607
vn -0.6647 -0.2991 0.6846
vn -0.6662 -0.2902 0.6870
vn -0.4944 -0.2711 0.8259
vn -0.4964 -0.2572 0.8291
vn -0.4527 -0.2619 0.8523
vn -0.3357 -0.2869 0.8972
vn -0.3915 -0.2701 0.8796
vn -0.2886 -0.3050 0.9076
vn -0.4449 -0.2553 0.8584
vn -0.1474 0.9563 0.2525
vn -0.8581 0.0587 -0.5102
vn 0.3323 0.3078 -0.8915
vn 0.3642 0.3180 -0.8753
vn 0.2997 0.2839 -0.9108
vn 0.9881 -0.1520 0.0245
vn 0.5064 -0.3007 -0.8081
vn 0.8378 0.1149 0.5337
vn 0.8379 0.1150 0.5337
vn 0.1019 0.9647 -0.2429
vn 0.1407 0.9613 -0.2369
vn 0.0302 0.9385 -0.3441
vn -0.1619 -0.9464 0.2796
vn -0.1012 -0.9499 0.2958
vn 0.1653 0.9648 -0.2047
vn 0.1698 0.9437 -0.2839
vn 0.1696 0.9438 -0.2836
vn 0.5043 0.3437 -0.7922
vn 0.4812 0.3446 -0.8060
vn 0.4805 0.3485 -0.8048
vn 0.4580 0.3440 -0.8197
vn 0.4210 0.3387 -0.8415
vn 0.6254 -0.7705 -0.1234
vn -0.2894 -0.2984 0.9095
vn -0.5375 -0.2621 0.8015
vn -0.6342 -0.2861 0.7183
vn 0.2990 0.2922 -0.9084
vn 0.5398 0.3383 -0.7708
vn 0.1572 -0.9519 -0.2629
vn 0.6066 -0.7757 -0.1739
vn 0.6537 0.2991 -0.6951
vn -0.6329 0.1014 -0.7675
vn -0.6329 0.1014 -0.7676
vn 0.4230 0.5650 -0.7084
vn 0.3561 0.5632 -0.7456
vn 0.5639 0.3423 -0.7515
vn 0.5637 0.3427 -0.7515
vn -0.8662 0.1173 -0.4857
vn -0.8557 0.0603 -0.5139
vn 0.2860 0.9393 -0.1894
vn 0.5066 -0.3010 -0.8079
vn 0.4717 -0.3007 -0.8289
vn 0.6611 0.4897 0.5685
vn -0.5474 -0.2554 0.7970
vn 0.4125 0.2328 -0.8807
vn -0.3713 0.6899 0.6214
vn 0.4880 0.5635 -0.6666
vn -0.2060 -0.9479 0.2431
vn -0.4479 0.4875 0.7495
vn -0.4480 0.4872 0.7496
vn -0.4478 0.4879 0.7493
vn -0.5188 -0.2527 -0.8167
vn -0.5380 -0.3022 -0.7869
vn 0.6600 0.4676 0.5880
vn 0.3791 -0.6799 -0.6278
vn -0.1523 0.6817 -0.7156
vn 0.3226 0.7777 -0.5395
vn 0.3226 0.7777 -0.5396
vn 0.7026 0.6815 -0.2048
vn -0.5489 0.7165 0.4304
vn -0.5727 0.6722 0.4693
vn -0.4995 0.7672 0.4025
vn -0.1523 0.9548 0.2551
vn 0.0313 0.9085 0.4167
vn -0.1522 0.9550 0.2546
vn -0.1195 0.7659 0.6318
vn -0.1203 0.7572 0.6420
vn -0.1196 0.8040 0.5824
vn -0.5913 0.4759 0.6511
vn -0.6299 0.4056 0.6623
vn -0.5559 0.4480 0.7002
vn -0.3697 0.4686 0.8023
vn -0.4496 0.4814 0.7524
vn -0.2135 0.5751 0.7898
vn -0.2054 0.5846 0.7849
vn -0.1646 0.6253 0.7628
vn -0.1149 0.8428 0.5258
vn -0.0491 0.8768 0.4783
vn -0.1486 0.8663 0.4770
vn -0.2691 0.8513 0.4504
vn 0.3418 0.7464 -0.5710
vn 0.7287 0.6396 -0.2449
vn 0.3474 0.7360 -0.5810
vn -0.4792 0.3530 0.8036
vn -0.3037 0.4317 0.8493
vn -0.2916 0.3925 0.8723
vn -0.0017 0.6388 0.7694
vn -0.1480 0.5242 0.8386
vn -0.0453 0.6502 0.7584
vn 0.5505 -0.3326 0.7657
vn -0.0864 -0.1777 0.9803
vn 0.1064 -0.5957 0.7961
vn 0.8433 0.0268 0.5368
vn 0.2947 0.0478 0.9544
vn 0.6009 0.6651 0.4433
vn 0.5465 0.3564 0.7578
vn -0.9300 -0.3432 -0.1315
vn -0.7517 -0.5955 0.2832
vn -0.9352 -0.3324 -0.1220
vn -0.5791 0.3872 -0.7174
vn -0.8669 0.0168 -0.4982
vn -0.8721 0.0276 -0.4886
vn -0.6743 0.6659 -0.3193
vn -0.1352 0.6501 -0.7477
vn -0.2932 0.8915 -0.3454
vn 0.1160 0.9742 -0.1938
vn -0.0876 0.8684 0.4880
vn 0.4431 0.8915 0.0945
vn -0.6462 0.6504 0.3992
vn -0.9802 0.0485 0.1920
vn -0.6684 0.5243 0.5276
vn -0.3717 0.5316 0.7611
vn -0.3523 0.4792 0.8039
vn -0.3719 0.5320 0.7607
vn -0.4706 0.3980 0.7875
vn -0.6314 0.3934 0.6683
vn -0.6041 0.4320 0.6696
vn -0.7664 -0.6259 0.1446
vn -0.6684 -0.6860 0.2874
vn -0.5436 0.7764 0.3191
vn -0.3881 0.8685 0.3084
vn 0.7226 0.6500 -0.2351
vn -0.1293 0.6398 -0.7576
vn -0.4954 -0.2604 0.8287
vn -0.3701 -0.6921 0.6197
vn -0.5597 0.7816 0.2753
vn -0.8225 -0.1775 0.5403
vn 0.0231 0.7803 0.6250
vn 0.7887 0.4761 -0.3890
vn 0.9768 0.2137 0.0156
vn 0.9168 -0.1402 0.3739
vn 0.4082 0.5661 -0.7161
vn -0.0457 0.8817 0.4696
vn -0.1978 0.9212 0.3352
vn -0.0396 0.4736 -0.8799
vn -0.4952 0.1981 -0.8459
vn -0.1159 0.4984 0.8591
vn 0.6314 -0.4931 0.5984
vn 0.1986 -0.7523 0.6282
vn -0.5941 0.6251 0.5062
vn -0.5956 0.5733 0.5626
vn -0.7358 0.6093 0.2955
vn -0.7666 0.4361 0.4713
vn -0.7666 0.4358 0.4717
vn -0.3817 0.9086 0.1698
vn -0.3816 0.9085 0.1701
vn -0.5950 0.7821 0.1852
vn 0.1192 0.7819 0.6120
vn 0.1192 0.7817 0.6122
vn 0.0883 0.6090 0.7882
vn 0.0887 0.6088 0.7883
vn -0.0521 0.4360 0.8984
vn -0.0524 0.4358 0.8985
vn -0.2659 0.3092 0.9131
vn -0.2657 0.3094 0.9131
vn -0.4950 0.2624 0.8283
vn -0.4950 0.2625 0.8283
vn -0.2369 -0.8863 0.3980
vn -0.6362 -0.7671 0.0820
vn -0.2364 -0.8863 0.3983
vn 0.4526 -0.4719 -0.7566
vn 0.3505 -0.6929 -0.6301
vn 0.3520 -0.5091 -0.7854
vn 0.3148 0.7898 -0.5265
vn 0.7102 0.6682 -0.2218
vn 0.3300 0.7663 -0.5513
vn -0.3280 -0.7692 0.5484
vn -0.5423 -0.4767 0.6918
vn -0.4409 -0.5073 0.7404
vn -0.1603 0.7207 -0.6744
vn -0.6016 0.4541 -0.6572
vn -0.1933 0.7521 -0.6300
vn -0.3522 -0.4770 0.8052
vn -0.5116 -0.0787 0.8556
vn -0.4176 -0.0761 0.9054
vn 0.4155 0.1521 -0.8968
vn 0.5072 0.1461 -0.8494
vn -0.4718 0.4935 0.7306
vn -0.4353 0.5295 0.7282
vn 0.3268 0.7709 -0.5468
vn 0.4245 0.6535 -0.6267
vn 0.4275 0.7652 -0.4814
vn -0.3791 0.6736 0.6344
vn -0.4199 0.4935 0.7617
vn -0.8940 -0.1822 -0.4094
vn -0.9258 -0.2624 -0.2721
vn -0.9413 -0.1706 -0.2913
vn 0.3339 0.7595 -0.5583
vn 0.2267 0.7539 -0.6167
vn 0.2267 0.7538 -0.6167
vn 0.3888 -0.6930 -0.6072
vn 0.3697 -0.6931 -0.6188
vn 0.6742 -0.1274 0.7275
vn 0.6787 -0.0635 0.7316
vn 0.6735 -0.1306 0.7275
vn -0.9659 -0.0629 -0.2512
vn -0.9602 -0.1269 -0.2488
vn -0.9599 -0.1297 -0.2486
vn -0.4327 0.6141 0.6600
vn -0.4048 0.6144 0.6772
vn -0.4046 0.6144 0.6773
vn -0.7345 0.1904 -0.6513
vn -0.6795 0.2766 -0.6796
vn -0.7968 0.0570 -0.6015
vn 0.3511 0.6531 -0.6710
vn 0.2216 0.7654 -0.6042
vn -0.3581 -0.7163 0.5989
vn -0.4695 -0.7098 0.5251
vn -0.3762 0.6142 0.6937
vn 0.7591 -0.1564 0.6319
vn 0.6718 -0.1717 0.7205
vn 0.6462 -0.2762 0.7115
vn 0.9000 0.4009 0.1709
vn 0.8498 0.0324 0.5261
vn 0.5686 -0.3412 0.7485
vn 0.1284 -0.6183 0.7754
vn -0.1405 0.6686 -0.7302
vn 0.1179 -0.6398 0.7594
vn -0.3169 -0.7889 0.5266
vn -0.3481 -0.7355 0.5812
vn 0.6558 0.7440 -0.1280
vn 0.2641 0.8595 -0.4376
vn 0.2635 0.8595 -0.4379
vn -0.1451 0.6925 -0.7067
vn 0.5944 -0.4205 0.6855
vn 0.1961 -0.7284 0.6565
vn 0.1751 -0.7400 0.6494
vn 0.8552 0.0364 0.5170
vn 0.6068 -0.4084 0.6819
vn -0.6716 -0.7279 0.1382
vn -0.8855 -0.4198 -0.1990
vn -0.6556 -0.7394 0.1529
vn -0.5774 0.4453 -0.6844
vn 0.5661 -0.3579 0.7426
vn 0.8787 0.4284 0.2106
vn 0.8717 -0.0073 0.4900
vn 0.8718 -0.0068 0.4898
vn -0.7310 0.1572 -0.6641
vn 0.8576 0.0555 0.5113
vn 0.8892 0.4243 0.1709
vn 0.8556 0.0485 0.5154
vn 0.8764 0.4449 0.1844
vn 0.6916 0.6920 -0.2069
vn 0.6702 0.7205 -0.1782
vn 0.8641 0.4533 0.2188
vn 0.6465 0.7521 -0.1280
vn 0.2612 0.8608 -0.4367
vn -0.2106 0.7631 -0.6110
vn 0.2477 0.8758 -0.4143
vn -0.6181 0.4535 -0.6421
vn -0.8674 0.0251 -0.4969
vn -0.8604 0.0370 -0.5082
vn 0.8485 0.0245 0.5286
vn -0.8575 -0.4441 -0.2597
vn -0.8441 -0.0062 -0.5361
vn -0.8576 -0.4439 -0.2598
vn -0.7253 -0.6394 0.2553
vn -0.6799 -0.6963 0.2302
vn -0.2715 -0.8492 0.4529
vn 0.6381 0.7629 -0.1040
vn 0.2786 0.6733 -0.6848
vn 0.3775 0.6775 -0.6312
vn 0.3772 0.6775 -0.6314
vn -0.8255 -0.4967 -0.2680
vn -0.8658 0.0330 -0.4993
vn -0.7596 -0.1305 -0.6371
vn 0.2932 0.8207 -0.4903
vn -0.6432 -0.7549 0.1278
vn -0.9287 -0.3407 -0.1463
vn 0.1178 -0.6970 0.7073
vn 0.6572 -0.3252 0.6799
vn 0.6196 -0.3812 0.6861
vn -0.5767 0.4014 -0.7116
vn -0.8590 0.0491 -0.5096
vn 0.6554 0.7443 -0.1284
vn 0.8788 0.4281 0.2108
vn -0.9223 -0.3573 -0.1471
vn -0.9048 -0.3976 -0.1526
vn 0.5628 -0.3981 0.7244
vn -0.8565 0.0561 -0.5131
vn -0.5716 0.4248 -0.7021
vn -0.2735 -0.8462 0.4573
vn -0.3554 -0.7213 0.5945
vn -0.7436 -0.6183 0.2545
vn -0.4479 0.4873 0.7496
vn -0.4479 0.4876 0.7494
vn -0.8388 -0.0449 -0.5426
vn -0.8913 -0.2241 -0.3941
vn -0.8914 -0.2240 -0.3940
vn -0.4478 0.4878 0.7493
vn -0.4479 0.4877 0.7494
vn -0.3523 0.4787 0.8042
vn -0.3706 0.4227 0.8270
vn -0.4270 0.5539 0.7148
vn -0.5412 0.4793 0.6909
vn -0.4944 0.5319 0.6875
vn -0.4940 0.5322 0.6875
vn -0.5352 0.3849 0.7519
vn -0.5529 0.4219 0.7185
vn -0.5531 0.4227 0.7179
vn -0.4276 0.5539 0.7144
vn -0.4771 0.3674 0.7984
vn -0.4480 0.3698 0.8140
vn -0.4773 0.3675 0.7982
vn -0.6018 0.4282 -0.6742
vn -0.1956 0.7449 -0.6378
vn -0.6015 0.4286 -0.6741
vn -0.8442 -0.0067 -0.5360
vn 0.6344 -0.4445 0.6324
vn 0.2288 -0.7671 0.5993
vn 0.2297 -0.7666 0.5996
vn 0.6342 -0.4449 0.6324
vn -0.2437 -0.7655 0.5956
vn 0.5562 -0.3437 0.7567
vn 0.1119 -0.6068 0.7870
vn -0.2701 -0.8495 0.4532
vn 0.9327 0.1447 0.3305
vn 0.8753 -0.0446 0.4815
vn 0.9327 0.1451 0.3301
vn -0.5052 0.3700 0.7797
vn 0.8585 0.4530 0.2403
vn -0.5952 0.7819 0.1853
vn 0.0879 -0.5601 0.8238
vn -0.3873 -0.6560 0.6479
vn -0.3874 -0.6559 0.6479
vn -0.7673 -0.5599 0.3126
vn -0.5058 0.3700 0.7792
vn -0.5345 0.3844 0.7527
vn -0.7017 0.4986 0.5090
vn 0.0878 -0.5602 0.8237
vn -0.3649 -0.7030 0.6104
vn 0.8855 0.4196 0.1998
vn 0.7025 0.6816 -0.2047
vn 0.8854 0.4195 0.2003
vn 0.9015 0.3767 0.2133
vn 0.9084 0.2161 0.3580
vn 0.9015 0.3767 0.2132
vn 0.8494 0.0162 0.5275
vn 0.9064 0.3866 0.1704
vn -0.7672 -0.5601 0.3127
vn -0.4549 0.8065 0.3776
vn -0.4120 0.8391 0.3553
vn -0.6783 0.3089 0.6667
vn -0.6784 0.3090 0.6666
vn -0.2960 0.4955 0.8166
vn -0.2937 0.4473 0.8448
vn -0.2616 0.5094 0.8198
vn 0.8224 0.0611 0.5656
vn -0.4101 0.3845 0.8271
vn -0.4469 0.3703 0.8144
vn -0.4091 0.3850 0.8273
vn -0.3860 0.8836 0.2650
vn -0.2213 0.9022 0.3702
vn -0.0233 0.7763 0.6299
vn -0.6751 0.6419 0.3636
vn -0.1423 0.6721 0.7266
vn -0.1423 0.6721 0.7267
vn -0.1195 0.7163 0.6875
vn -0.5935 0.5271 0.6082
vn -0.2540 0.5308 0.8085
vn -0.3713 0.4218 0.8272
vn -0.1962 0.7446 -0.6380
vn 0.4714 0.6731 -0.5698
vn 0.4011 0.6230 -0.6715
vn 0.9125 0.3762 0.1608
vn -0.9531 -0.1710 -0.2495
vn -0.9527 -0.1745 -0.2488
vn -0.2092 0.5762 -0.7901
vn -0.4329 0.4388 -0.7874
vn -0.4314 0.4397 -0.7877
vn -0.4090 0.8677 0.2825
vn -0.3372 0.8613 0.3800
vn -0.5996 -0.0758 0.7967
vn -0.8882 -0.4079 -0.2116
vn -0.8959 -0.3789 -0.2319
vn -0.8640 -0.4978 -0.0761
vn -0.8638 -0.4982 -0.0753
vn -0.5415 0.4788 0.6911
vn 0.6795 0.6588 -0.3229
vn 0.7874 0.5846 -0.1955
vn 0.8975 0.4411 0.0051
vn 0.9359 0.3134 0.1608
vn 0.8978 0.4403 0.0068
vn 0.7691 -0.2244 0.5984
vn 0.6281 -0.3798 0.6791
vn 0.7691 -0.2246 0.5984
vn 0.4736 -0.4994 0.7255
vn 0.2377 -0.6240 0.7444
vn 0.4745 -0.4990 0.7252
vn 0.0638 -0.6848 0.7259
vn 0.0639 -0.6848 0.7259
vn -0.6360 -0.7673 0.0823
vn -0.0484 0.6475 -0.7606
vn -0.2068 0.5772 -0.7900
vn 0.5930 0.1527 -0.7906
vn 0.6709 -0.1751 0.7206
vn 0.4360 0.7538 -0.4917
vn 0.4360 0.7538 -0.4916
vn -0.2403 -0.7099 0.6620
vn -0.5847 0.3138 -0.7481
vn -0.7326 0.1449 -0.6650
vn -0.7328 0.1445 -0.6649
vn 0.9123 0.1491 0.3814
vn 0.9104 0.2060 0.3587
vn -0.9459 -0.3074 -0.1037
vn -0.8237 0.0634 -0.5634
vn -0.5246 -0.2810 -0.8036
vn -0.5245 -0.2815 -0.8035
vn 0.1386 0.6602 0.7382
vn 0.5869 0.4085 0.6991
vn 0.5869 0.4084 0.6991
vn 0.8863 0.0639 0.4587
vn 0.9562 -0.2810 0.0814
vn 0.8863 0.0639 0.4586
vn 0.1387 0.6601 0.7383
vn -0.3380 0.7524 0.5653
vn -0.7161 0.6600 0.2274
vn 0.5342 0.7416 -0.4059
vn 0.5590 0.6989 -0.4461
vn 0.4837 0.7904 -0.3758
vn 0.1330 0.9658 -0.2227
vn -0.0499 0.9213 -0.3857
vn 0.1019 0.7903 -0.6042
vn 0.1033 0.7821 -0.6145
vn 0.1002 0.8280 -0.5518
vn 0.5799 0.5109 -0.6346
vn 0.6188 0.4428 -0.6489
vn 0.5453 0.4835 -0.6848
vn 0.3448 0.4863 -0.8029
vn 0.4396 0.5154 -0.7356
vn 0.4397 0.5153 -0.7356
vn 0.2014 0.6043 -0.7709
vn 0.1934 0.6133 -0.7658
vn 0.1513 0.6535 -0.7417
vn 0.0852 0.8398 -0.5362
vn 0.1385 0.8746 -0.4647
vn 0.1084 0.8537 -0.5094
vn 0.2517 0.8713 -0.4213
vn -0.3557 0.7214 0.5942
vn -0.7417 0.6155 0.2666
vn -0.3622 0.7083 0.6059
vn 0.4626 0.4324 -0.7740
vn 0.3129 0.5352 -0.7846
vn 0.0306 0.6760 -0.7363
vn -0.5430 -0.3159 -0.7780
vn 0.0908 -0.1397 -0.9860
vn -0.0938 -0.5686 -0.8172
vn -0.8429 0.0296 -0.5373
vn -0.2940 0.0767 -0.9527
vn -0.6117 0.6690 -0.4223
vn -0.5514 0.3728 -0.7463
vn 0.9365 -0.3292 0.1207
vn 0.7644 -0.5685 -0.3043
vn 0.9425 -0.3156 0.1096
vn 0.5723 0.3761 0.7287
vn 0.8663 0.0168 0.4993
vn 0.8723 0.0305 0.4881
vn 0.6609 0.6697 0.3387
vn 0.1233 0.6288 0.7677
vn 0.2761 0.8861 0.3722
vn -0.1339 0.9654 0.2239
vn 0.0687 0.8865 -0.4577
vn -0.4587 0.8861 -0.0668
vn 0.6339 0.6760 -0.3757
vn 0.9784 0.0774 -0.1919
vn 0.6587 0.5543 -0.5088
vn 0.1361 0.5542 -0.8212
vn 0.5960 0.4651 -0.6546
vn 0.7101 -0.6240 -0.3261
vn 0.7984 -0.5738 -0.1827
vn 0.5283 0.7976 -0.2911
vn 0.3704 0.8865 -0.2774
vn -0.7346 0.6287 0.2552
vn 0.1164 0.6158 0.7793
vn 0.5006 -0.2189 -0.8375
vn 0.3846 -0.6612 -0.6441
vn 0.2943 0.4650 -0.8349
vn 0.8255 -0.1394 -0.5469
vn 0.0059 0.7976 -0.6032
vn 0.7706 -0.5555 -0.3124
vn -0.0870 -0.5554 -0.8270
vn 0.1257 0.6336 0.7634
vn -0.3274 0.7603 0.5610
vn 0.1430 0.6668 0.7314
vn 0.5864 0.4198 0.6928
vn 0.5742 0.3821 0.7241
vn -0.8829 0.4296 -0.1897
vn -0.7301 0.6350 0.2525
vn 0.5814 0.6535 -0.4846
vn 0.5835 0.6044 -0.5425
vn 0.7234 0.6336 -0.2745
vn 0.7576 0.4670 -0.4560
vn 0.7576 0.4667 -0.4563
vn 0.3632 0.9213 -0.1391
vn 0.1331 0.9658 -0.2227
vn 0.5790 0.7997 -0.1587
vn 0.3632 0.9212 -0.1393
vn -0.1351 0.7995 -0.5852
vn -0.1356 0.7994 -0.5853
vn -0.1010 0.6333 -0.7673
vn -0.1009 0.6333 -0.7673
vn 0.0428 0.4669 -0.8833
vn 0.0434 0.4669 -0.8833
vn 0.2594 0.3444 -0.9023
vn 0.2591 0.3449 -0.9022
vn 0.4894 0.2999 -0.8189
vn -0.4436 -0.5043 0.7409
vn -0.3363 -0.7231 0.6033
vn -0.3449 -0.5375 0.7695
vn 0.3433 -0.7436 -0.5738
vn 0.5517 -0.4424 -0.7070
vn 0.4507 -0.4732 -0.7570
vn 0.3612 -0.4426 -0.8207
vn 0.5128 -0.0393 -0.8576
vn 0.4186 -0.0369 -0.9074
vn -0.4263 0.1110 0.8977
vn -0.5101 0.1026 0.8540
vn 0.4615 0.5274 -0.7133
vn 0.4243 0.5625 -0.7097
vn -0.3558 0.7202 0.5956
vn -0.4554 0.5749 0.6798
vn -0.4437 0.7160 0.5390
vn 0.3652 0.7022 -0.6112
vn 0.4095 0.5275 -0.7443
vn 0.9312 -0.3041 0.2009
vn 0.9224 -0.3094 0.2314
vn 0.9211 -0.1610 0.3544
vn -0.3489 0.7334 0.5835
vn -0.2417 0.7279 0.6417
vn -0.3725 -0.7226 0.5823
vn -0.3544 -0.7231 0.5929
vn -0.6691 -0.1170 -0.7339
vn -0.6759 -0.0481 -0.7355
vn -0.6687 -0.1201 -0.7337
vn 0.9677 -0.0484 0.2475
vn 0.9632 -0.1163 0.2421
vn 0.9630 -0.1193 0.2418
vn 0.4187 0.6473 -0.6369
vn 0.3908 0.6478 -0.6540
vn 0.3909 0.6478 -0.6539
vn 0.7206 0.1775 0.6703
vn 0.6674 0.2580 0.6986
vn 0.7902 0.0518 0.6107
vn -0.3833 0.5738 0.7238
vn -0.2642 0.7164 0.6457
vn 0.3918 -0.6457 -0.6554
vn 0.5019 -0.6399 -0.5819
vn 0.3919 -0.6456 -0.6555
vn 0.3625 0.6475 -0.6703
vn -0.7500 -0.1609 -0.6415
vn -0.6755 -0.1744 -0.7165
vn -0.6579 -0.2616 -0.7062
vn 0.7333 0.1348 0.6664
vn -0.2921 0.6439 0.7071
vn -0.3907 0.6481 0.6537
vn -0.3909 0.6481 0.6536
vn -0.6333 -0.3464 -0.6920
vn 0.8925 -0.2248 0.3911
vn 0.8304 -0.0619 0.5538
vn 0.8924 -0.2246 0.3913
vn 0.2587 -0.7400 -0.6209
vn -0.5497 -0.3297 -0.7675
vn -0.1003 -0.5827 -0.8065
vn -0.9462 0.1109 -0.3038
vn -0.8808 -0.0615 -0.4695
vn -0.8806 -0.0619 -0.4699
vn 0.5794 0.7995 -0.1585
vn -0.0769 -0.5336 -0.8422
vn 0.4002 -0.6259 -0.6694
vn 0.4003 -0.6258 -0.6695
vn 0.7782 -0.5339 -0.3308
vn -0.0768 -0.5337 -0.8422
vn 0.3785 -0.6752 -0.6331
vn -0.8938 0.4081 -0.1858
vn -0.7160 0.6600 0.2274
vn -0.8938 0.4080 -0.1860
vn -0.9347 0.1519 -0.3213
vn -0.9292 0.1749 -0.3257
vn -0.9349 0.1515 -0.3209
vn -0.8501 0.0163 -0.5264
vn -0.9130 0.3756 -0.1590
vn 0.7782 -0.5336 -0.3312
vn 0.4383 0.8281 -0.3494
vn 0.3946 0.8602 -0.3230
vn 0.6717 0.3448 -0.6557
vn 0.6718 0.3450 -0.6555
vn 0.2841 0.5133 -0.8098
vn 0.2783 0.4486 -0.8493
vn 0.2494 0.5309 -0.8099
vn 0.2022 0.9190 -0.3384
vn 0.1281 0.6988 -0.7037
vn 0.1281 0.6990 -0.7036
vn 0.1044 0.7415 -0.6628
vn 0.5820 0.5602 -0.5895
vn 0.2435 0.5600 -0.7919
vn -0.4846 0.6441 0.5919
vn -0.4367 0.5268 0.7292
vn -0.9203 0.3623 -0.1478
vn 0.5019 0.7911 -0.3497
vn 0.9513 -0.1730 0.2550
vn 0.9519 -0.1744 0.2520
vn 0.3977 0.3776 0.8362
vn 0.1670 0.5079 0.8451
vn 0.3985 0.3769 0.8362
vn -0.7032 0.6745 0.2249
vn -0.3517 0.7259 0.5911
vn 0.3902 0.8876 -0.2447
vn 0.3372 0.8819 -0.3295
vn 0.8882 0.0803 0.4523
vn 0.7900 -0.5093 -0.3413
vn 0.6009 -0.0366 -0.7985
vn 0.8827 -0.4680 0.0432
vn 0.9066 -0.3631 0.2152
vn 0.8830 -0.4673 0.0445
vn 0.6298 -0.3348 0.7009
vn -0.7197 0.5775 0.3854
vn -0.8225 0.5083 0.2553
vn -0.8240 0.5071 0.2528
vn -0.9253 0.3765 0.0449
vn -0.9573 0.2633 -0.1196
vn -0.9572 0.2634 -0.1197
vn -0.7668 -0.2244 -0.6013
vn -0.6183 -0.3632 -0.6970
vn -0.6187 -0.3628 -0.6968
vn -0.4559 -0.4680 -0.7570
vn -0.2095 -0.5735 -0.7920
vn -0.4574 -0.4672 -0.7566
vn -0.0328 -0.6217 -0.7825
vn 0.0005 0.5787 0.8156
vn 0.1645 0.5088 0.8450
vn -0.5888 0.1132 0.8003
vn -0.6733 -0.1759 -0.7181
vn -0.4509 0.7279 0.5167
vn -0.4509 0.7278 0.5167
vn 0.2749 -0.6399 -0.7176
vn 0.2750 -0.6400 -0.7175
vn 0.7150 0.1114 0.6902
vn 0.5584 0.2638 0.7865
vn 0.7151 0.1114 0.6901
vn -0.9314 0.2422 -0.2716
vn -0.9134 0.0640 -0.4021
vn 0.9344 -0.2619 0.2415
vn -0.5925 0.6814 -0.4297
vn 0.2305 0.8935 -0.3855
vn 0.2305 0.8934 -0.3855
vn -0.8386 -0.0444 -0.5429
vn 0.6283 -0.3795 0.6791
vn 0.8751 -0.0451 0.4818
vn 0.7884 0.5838 -0.1941
vn -0.7680 -0.6245 0.1423
vn -0.5855 0.3129 -0.7478
vn 0.9358 0.3143 0.1598
vn -0.8958 -0.3792 -0.2317
vn 0.8303 -0.0617 0.5539
vn -0.7670 -0.2244 -0.6012
vn -0.9250 0.3773 0.0457
vn 0.7990 -0.5733 -0.1816
vn 0.5584 0.2637 0.7865
vn -0.9463 0.1113 -0.3035
vn 0.9065 -0.3636 0.2147
vn -0.5078 0.7587 0.4082
vn -0.5727 0.6721 0.4693
vn -0.0966 0.8245 0.5576
vn -0.5949 0.5828 0.5536
vn -0.4474 0.8226 0.3509
vn -0.6075 0.4951 0.6211
vn 0.4921 0.7822 -0.3820
vn 0.5589 0.6990 -0.4460
vn 0.5827 0.6134 -0.5331
vn 0.4302 0.8442 -0.3198
vn 0.5960 0.5292 -0.6039
vn 0.9275 -0.3410 0.1529
vn -0.9504 -0.2974 -0.0908
vn 0.1486 -0.9580 -0.2452
vn -0.2738 -0.4001 0.8746
vn 0.3297 0.7664 -0.5513
vn 0.5861 0.2876 -0.7575
vn -0.7507 0.5975 0.2817
vn 0.3705 0.7384 -0.5634
vn -0.2692 -0.8715 -0.4098
vn 0.4236 0.5650 -0.7081
vn -0.4480 0.4871 0.7496
vn 0.0309 0.9084 0.4169
vn -0.7463 -0.6065 0.2740
vn -0.5737 0.3767 -0.7273
vn -0.9261 0.3569 -0.1223
vn -0.7359 0.6091 0.2957
vn -0.4089 -0.7658 0.4964
vn 0.5243 -0.5092 -0.6824
vn -0.3844 0.6736 0.6312
vn 0.3338 0.7595 -0.5583
vn -0.3738 0.6736 0.6376
vn 0.6787 -0.0634 0.7316
vn -0.4328 0.6141 0.6600
vn -0.4694 -0.7099 0.5251
vn -0.7305 0.1575 -0.6644
vn 0.2350 -0.6255 0.7440
vn -0.0483 0.6475 -0.7606
vn 0.9123 0.1491 0.3815
vn -0.9001 -0.4346 0.0299
vn 0.9562 -0.2813 0.0815
vn 0.0555 0.8751 -0.4808
vn 0.7580 -0.5825 -0.2935
vn 0.5659 0.3628 0.7404
vn 0.9183 0.3732 0.1320
vn 0.7234 0.6334 -0.2746
vn 0.4241 -0.7402 -0.5217
vn -0.5140 -0.5385 0.6677
vn 0.3705 0.7022 -0.6080
vn -0.3488 0.7334 0.5835
vn 0.3599 0.7021 -0.6144
vn -0.6759 -0.0481 -0.7354
vn 0.5018 -0.6399 -0.5819
vn 0.7336 0.1346 0.6661
vn -0.2101 -0.5732 -0.7920
vn 0.9099 -0.3487 0.2246
vt 0.826468 0.171762
vt 0.552589 0.208746
vt 0.536037 0.176495
vt 0.233759 0.448312
vt 0.221133 0.525116
vt 0.207827 0.454315
vt 0.324813 0.293785
vt 0.058729 0.041053
vt 0.330572 0.062189
vt 0.714943 0.408836
vt 0.599000 0.508679
vt 0.596937 0.406705
vt 0.526103 0.212814
vt 0.411743 0.559711
vt 0.689748 0.708436
vt 0.419046 0.685714
vt 0.394547 0.704790
vt 0.395662 0.680830
vt 0.344248 0.409002
vt 0.356474 0.291333
vt 0.965635 0.556356
vt 0.925683 0.574336
vt 0.924624 0.552528
vt 0.355347 0.058047
vt 0.333062 0.029772
vt 0.120979 0.783671
vt 0.112942 0.754047
vt 0.135369 0.769739
vt 0.098239 0.595858
vt 0.130702 0.619866
vt 0.098065 0.612065
vt 0.169211 0.552631
vt 0.205406 0.571604
vt 0.372806 0.702031
vt 0.251868 0.700444
vt 0.372278 0.675947
vt 0.824995 0.204552
vt 0.847542 0.177491
vt 0.131054 0.798506
vt 0.111187 0.821585
vt 0.108894 0.804656
vt 0.717801 0.715559
vt 0.690047 0.723662
vt 0.249457 0.723569
vt 0.215452 0.699744
vt 0.083767 0.782407
vt 0.102014 0.779917
vt 0.573203 0.522970
vt 0.572724 0.505619
vt 0.242810 0.574347
vt 0.501880 0.043858
vt 0.540365 0.026620
vt 0.853137 0.020829
vt 0.378366 0.397620
vt 0.402398 0.373506
vt 0.417236 0.392110
vt 0.473700 0.024471
vt 0.035782 0.296220
vt 0.033345 0.435900
vt 0.003904 0.402412
vt 0.304096 0.433185
vt 0.003904 0.289647
vt 0.015275 0.041653
vt 0.996004 0.157555
vt 0.702982 0.541337
vt 0.595669 0.523979
vt 0.031931 0.796273
vt 0.017609 0.846858
vt 0.008388 0.803580
vt 0.053104 0.587493
vt 0.004207 0.570484
vt 0.052513 0.564527
vt 0.042659 0.561208
vt 0.040135 0.546407
vt 0.509182 0.310504
vt 0.052055 0.618559
vt 0.065595 0.751095
vt 0.045347 0.766437
vt 0.700431 0.558052
vt 0.061070 0.776954
vt 0.084921 0.763165
vt 0.141812 0.629832
vt 0.160881 0.625108
vt 0.147561 0.643538
vt 0.969514 0.212039
vt 0.557773 0.901222
vt 0.544508 0.921746
vt 0.536449 0.899798
vt 0.178205 0.703318
vt 0.160794 0.701286
vt 0.003912 0.762659
vt 0.505408 0.227931
vt 0.622416 0.912690
vt 0.577428 0.899006
vt 0.618524 0.893897
vt 0.155253 0.606412
vt 0.147332 0.581596
vt 0.169107 0.588763
vt 0.174911 0.612705
vt 0.151364 0.700054
vt 0.099048 0.573438
vt 0.141133 0.601237
vt 0.066776 0.007456
vt 0.072654 0.757850
vt 0.008541 0.597363
vt 0.079303 0.643062
vt 0.110978 0.636090
vt 0.117433 0.639463
vt 0.122316 0.647431
vt 0.127340 0.702698
vt 0.107013 0.760683
vt 0.096686 0.763897
vt 0.057187 0.811107
vt 0.082399 0.832552
vt 0.053806 0.843708
vt 0.268219 0.851590
vt 0.285521 0.887243
vt 0.258135 0.881022
vt 0.313034 0.893645
vt 0.294078 0.862689
vt 0.320108 0.870579
vt 0.081665 0.812767
vt 0.452455 0.893262
vt 0.374901 0.904266
vt 0.372034 0.884467
vt 0.144107 0.776968
vt 0.155756 0.784105
vt 0.340520 0.899332
vt 0.345451 0.880445
vt 0.967339 0.221844
vt 0.824487 0.215148
vt 0.502508 0.269520
vt 0.248579 0.532078
vt 0.289323 0.561623
vt 0.288197 0.540892
vt 0.550737 0.521962
vt 0.553984 0.219014
vt 0.416288 0.707548
vt 0.575798 0.920144
vt 0.559852 0.921479
vt 0.450832 0.912111
vt 0.527637 0.221742
vt 0.039498 0.004044
vt 0.146446 0.472192
vt 0.028470 0.508414
vt 0.681431 0.902327
vt 0.657940 0.883148
vt 0.672676 0.838639
vt 0.984774 0.597812
vt 0.992690 0.664971
vt 0.982036 0.668274
vt 0.959081 0.596813
vt 0.922004 0.593519
vt 0.954828 0.671222
vt 0.915096 0.669488
vt 0.730483 0.576103
vt 0.224357 0.580545
vt 0.363793 0.563076
vt 0.206126 0.701304
vt 0.193356 0.587094
vt 0.961270 0.439669
vt 0.540212 0.409339
vt 0.546448 0.502559
vt 0.269878 0.441050
vt 0.661849 0.905718
vt 0.235638 0.875727
vt 0.568574 0.408022
vt 0.387768 0.561393
vt 1.552589 0.208746
vt 1.826468 0.171762
vt 1.536037 0.176495
vt 1.221133 0.525116
vt 1.233759 0.448312
vt 1.207827 0.454315
vt 1.324813 0.293785
vt 1.058729 0.041053
vt 1.035782 0.296220
vt 1.599000 0.508679
vt 1.714943 0.408836
vt 1.596937 0.406705
vt 1.526103 0.212814
vt 1.505806 0.177855
vt 1.411743 0.559711
vt 1.689749 0.708436
vt 1.700673 0.573462
vt 1.394547 0.704790
vt 1.419046 0.685714
vt 1.395662 0.680830
vt 1.344248 0.409002
vt 1.304096 0.433185
vt 1.965635 0.556356
vt 1.924624 0.552528
vt 1.925683 0.574336
vt 1.355347 0.058047
vt 1.333062 0.029772
vt 1.330572 0.062189
vt 1.120980 0.783671
vt 1.112942 0.754047
vt 1.107013 0.760683
vt 1.098239 0.595858
vt 1.130702 0.619866
vt 1.141133 0.601237
vt 1.169211 0.552631
vt 1.205406 0.571604
vt 1.372806 0.702031
vt 1.251868 0.700444
vt 1.249457 0.723569
vt 1.824995 0.204552
vt 1.847542 0.177491
vt 1.131054 0.798506
vt 1.111187 0.821585
vt 1.139647 0.809427
vt 1.717801 0.715559
vt 1.690047 0.723662
vt 1.215452 0.699744
vt 1.083767 0.782407
vt 1.108894 0.804656
vt 1.102014 0.779917
vt 1.573203 0.522970
vt 1.572724 0.505619
vt 1.242810 0.574347
vt 1.356474 0.291333
vt 1.540365 0.026620
vt 1.521122 0.035239
vt 1.501880 0.043858
vt 1.853137 0.020829
vt 1.378366 0.397620
vt 1.417236 0.392110
vt 1.402398 0.373506
vt 1.473700 0.024471
vt 1.003904 0.402412
vt 1.033345 0.435900
vt 1.003904 0.289647
vt 1.015275 0.041653
vt 1.996004 0.157555
vt 1.595669 0.523979
vt 1.702982 0.541337
vt 1.031931 0.796273
vt 1.017609 0.846858
vt 1.028737 0.856953
vt 1.004207 0.570484
vt 1.053104 0.587493
vt 1.052513 0.564527
vt 1.040135 0.546407
vt 1.042659 0.561208
vt 1.509182 0.310504
vt 1.502508 0.269520
vt 1.065595 0.751095
vt 1.052055 0.618559
vt 1.045347 0.766437
vt 1.700431 0.558052
vt 1.084921 0.763165
vt 1.061070 0.776954
vt 1.057187 0.811107
vt 1.160881 0.625108
vt 1.141812 0.629832
vt 1.147561 0.643538
vt 1.969514 0.212039
vt 1.991483 0.196727
vt 1.544508 0.921746
vt 1.557773 0.901222
vt 1.536449 0.899798
vt 1.178205 0.703318
vt 1.160794 0.701286
vt 1.003912 0.762659
vt 1.505408 0.227931
vt 1.492619 0.046782
vt 1.622416 0.912690
vt 1.577428 0.899006
vt 1.575798 0.920144
vt 1.147332 0.581596
vt 1.155253 0.606412
vt 1.169107 0.588763
vt 1.174911 0.612705
vt 1.151364 0.700054
vt 1.099048 0.573438
vt 1.066776 0.007456
vt 1.072654 0.757850
vt 1.098065 0.612065
vt 1.079303 0.643062
vt 1.096733 0.636648
vt 1.110978 0.636090
vt 1.117433 0.639463
vt 1.122316 0.647431
vt 1.135369 0.769739
vt 1.127340 0.702698
vt 1.096686 0.763897
vt 1.081665 0.812767
vt 1.082399 0.832552
vt 1.053806 0.843708
vt 1.285521 0.887243
vt 1.268219 0.851590
vt 1.258135 0.881022
vt 1.313034 0.893645
vt 1.294078 0.862689
vt 1.374901 0.904266
vt 1.452455 0.893262
vt 1.372034 0.884467
vt 1.144107 0.776968
vt 1.340520 0.899332
vt 1.345451 0.880445
vt 1.155756 0.784105
vt 1.320108 0.870579
vt 1.967340 0.221844
vt 1.289323 0.561623
vt 1.248579 0.532078
vt 1.550737 0.521962
vt 1.288197 0.540892
vt 1.553984 0.219014
vt 1.416288 0.707548
vt 1.559852 0.921479
vt 1.450832 0.912111
vt 1.527637 0.221742
vt 1.039498 0.004044
vt 1.146446 0.472192
vt 1.028470 0.508414
vt 1.008541 0.597363
vt 1.657940 0.883148
vt 1.681431 0.902327
vt 1.672676 0.838639
vt 1.992690 0.664971
vt 1.984774 0.597812
vt 1.982036 0.668274
vt 1.959080 0.596813
vt 1.954828 0.671222
vt 1.922004 0.593519
vt 1.915096 0.669488
vt 1.730483 0.576103
vt 1.387768 0.561393
vt 1.372278 0.675947
vt 1.224357 0.580545
vt 1.193356 0.587094
vt 1.206126 0.701304
vt 1.183290 0.589098
vt 1.961270 0.439669
vt 1.568574 0.408022
vt 1.540212 0.409339
vt 1.269878 0.441050
vt 1.618524 0.893897
vt 1.661849 0.905718
vt 1.235638 0.875727
vt 1.546448 0.502559
vt 1.363793 0.563076
vt 0.505806 0.177855
vt 0.521123 0.035239
vt 0.018624 0.419156
vt 1.018624 0.419156
vt 0.438497 0.793219
vt 0.327927 0.779016
vt 0.327768 0.792787
vt 0.795023 0.754747
vt 0.813601 0.750693
vt 0.795023 0.750693
vt 0.970358 0.010084
vt 0.977659 0.006400
vt 0.970143 0.006669
vt 0.909588 0.371579
vt 0.938652 0.387747
vt 0.938648 0.371563
vt 0.776444 0.754747
vt 0.757865 0.750693
vt 0.757865 0.754747
vt 0.938650 0.339199
vt 0.909586 0.323018
vt 0.909577 0.339201
vt 0.477273 0.746884
vt 0.484009 0.759045
vt 0.484184 0.747209
vt 0.946641 0.379754
vt 0.942566 0.364902
vt 0.942566 0.379754
vt 0.767232 0.016266
vt 0.741356 0.003908
vt 0.741356 0.016266
vt 0.560241 0.003908
vt 0.586112 0.016266
vt 0.586112 0.003908
vt 0.611988 0.016266
vt 0.637864 0.003908
vt 0.611988 0.003908
vt 0.441210 0.815573
vt 0.484441 0.804670
vt 0.439224 0.804341
vt 0.962598 0.762288
vt 0.955395 0.679308
vt 0.955395 0.762288
vt 0.660775 0.748768
vt 0.484259 0.770697
vt 0.444606 0.759339
vt 0.441383 0.770884
vt 0.448338 0.839283
vt 0.340053 0.860411
vt 0.444234 0.850247
vt 0.329442 0.847623
vt 0.330239 0.860924
vt 0.898744 0.679308
vt 0.891864 0.762288
vt 0.898744 0.762288
vt 0.677802 0.838504
vt 0.691995 0.845464
vt 0.691995 0.838504
vt 0.942566 0.320358
vt 0.946641 0.305508
vt 0.942566 0.305508
vt 0.777166 0.838504
vt 0.762973 0.845464
vt 0.777166 0.845464
vt 0.948184 0.762288
vt 0.941110 0.679308
vt 0.941110 0.762288
vt 0.832177 0.727706
vt 0.850754 0.746974
vt 0.850754 0.727706
vt 0.484529 0.782125
vt 0.661088 0.794085
vt 0.661088 0.782761
vt 0.328349 0.765252
vt 0.329015 0.751552
vt 0.484082 0.816094
vt 0.444344 0.827141
vt 0.483743 0.827742
vt 0.328137 0.820323
vt 0.328697 0.834026
vt 0.949044 0.225915
vt 0.938660 0.242095
vt 0.949050 0.242097
vt 0.932391 0.010177
vt 0.925243 0.005765
vt 0.924790 0.010523
vt 0.949051 0.403940
vt 0.938660 0.403942
vt 0.949041 0.420124
vt 0.327822 0.806557
vt 0.329866 0.737962
vt 0.340578 0.725259
vt 0.330768 0.724670
vt 0.483825 0.839580
vt 0.476911 0.839851
vt 0.444677 0.736235
vt 0.341622 0.711850
vt 0.913194 0.578603
vt 0.909016 0.582036
vt 0.913193 0.582032
vt 0.484671 0.793399
vt 0.996050 0.565948
vt 0.986462 0.575557
vt 0.992542 0.572034
vt 0.996048 0.558746
vt 0.979258 0.575573
vt 0.972884 0.571916
vt 0.992376 0.552382
vt 0.986006 0.548704
vt 0.969191 0.565557
vt 0.439310 0.782102
vt 0.993564 0.214174
vt 0.986738 0.205707
vt 0.986738 0.214174
vt 0.449238 0.737019
vt 0.448695 0.747229
vt 0.455369 0.718943
vt 0.478306 0.734509
vt 0.479204 0.722040
vt 0.661000 0.805408
vt 0.660423 0.839395
vt 0.660623 0.827975
vt 0.483325 0.851341
vt 0.660280 0.862222
vt 0.660307 0.850815
vt 0.969653 0.762288
vt 0.962598 0.679308
vt 0.660996 0.771468
vt 0.660887 0.760188
vt 0.660748 0.737349
vt 0.483775 0.735447
vt 0.197166 0.003905
vt 0.186771 0.008059
vt 0.197122 0.007831
vt 0.993564 0.231379
vt 0.986738 0.240027
vt 0.993564 0.240027
vt 0.986738 0.248608
vt 0.993564 0.257104
vt 0.993564 0.248608
vt 0.993564 0.300032
vt 0.986738 0.308500
vt 0.993564 0.308500
vt 0.986738 0.300032
vt 0.993564 0.291472
vt 0.986738 0.291472
vt 0.993564 0.282825
vt 0.986738 0.282825
vt 0.976532 0.762288
vt 0.969653 0.679308
vt 0.948184 0.679308
vt 0.934198 0.679308
vt 0.934198 0.762288
vt 0.905801 0.679308
vt 0.905801 0.762288
vt 0.913005 0.679308
vt 0.913005 0.762288
vt 0.927288 0.679308
vt 0.920215 0.762288
vt 0.927288 0.762288
vt 0.878107 0.582022
vt 0.875163 0.578593
vt 0.875161 0.582033
vt 0.909588 0.290646
vt 0.938645 0.274471
vt 0.909585 0.274454
vt 0.909592 0.355388
vt 0.938656 0.355392
vt 0.909598 0.420130
vt 0.909595 0.403943
vt 0.938648 0.306837
vt 0.938653 0.290643
vt 0.909595 0.242093
vt 0.938650 0.258287
vt 0.962771 0.010092
vt 0.962664 0.006695
vt 0.188739 0.440671
vt 0.171047 0.453575
vt 0.190354 0.444009
vt 0.942566 0.394607
vt 0.946641 0.394607
vt 0.942566 0.260964
vt 0.946641 0.246109
vt 0.942566 0.246109
vt 0.946641 0.335208
vt 0.942566 0.335208
vt 0.942566 0.350062
vt 0.946641 0.350062
vt 0.946641 0.364902
vt 0.942566 0.290656
vt 0.012754 0.003952
vt 0.023149 0.008106
vt 0.023105 0.004181
vt 0.909590 0.258270
vt 0.955190 0.006672
vt 0.942566 0.275817
vt 0.946641 0.260964
vt 0.992623 0.004915
vt 0.985590 0.010523
vt 0.993221 0.011101
vt 0.875990 0.004893
vt 0.880053 0.038221
vt 0.880053 0.003913
vt 0.940022 0.010084
vt 0.932721 0.006400
vt 0.720717 0.746974
vt 0.739290 0.727706
vt 0.720717 0.727706
vt 0.875990 0.037241
vt 0.874025 0.007085
vt 0.874025 0.035049
vt 0.986738 0.265598
vt 0.993564 0.274178
vt 0.993564 0.265598
vt 0.946641 0.275817
vt 0.832177 0.754747
vt 0.850754 0.750693
vt 0.832177 0.750693
vt 0.683571 0.746974
vt 0.664997 0.727706
vt 0.664997 0.746974
vt 0.947609 0.010092
vt 0.955190 0.010105
vt 0.869326 0.754747
vt 0.887901 0.750693
vt 0.869326 0.750693
vt 0.739290 0.754747
vt 0.720717 0.750693
vt 0.720717 0.754747
vt 0.702142 0.750693
vt 0.702142 0.754747
vt 0.850754 0.754747
vt 0.748779 0.838504
vt 0.734584 0.845464
vt 0.748779 0.845464
vt 0.720389 0.838504
vt 0.734584 0.838504
vt 0.706195 0.838504
vt 0.720389 0.845464
vt 0.833950 0.845464
vt 0.848144 0.838504
vt 0.833950 0.838504
vt 0.762973 0.838504
vt 0.819755 0.838504
vt 0.805560 0.845464
vt 0.819755 0.845464
vt 0.805560 0.838504
vt 0.791359 0.845464
vt 0.706195 0.845464
vt 0.791359 0.838504
vt 0.664997 0.754747
vt 0.683571 0.750693
vt 0.664997 0.750693
vt 0.986738 0.257104
vt 0.969176 0.558346
vt 0.978793 0.548707
vt 0.972688 0.552233
vt 0.940237 0.006669
vt 0.977988 0.010177
vt 0.985138 0.005765
vt 0.456893 0.405526
vt 0.456802 0.398329
vt 0.449406 0.404161
vt 0.034100 0.481995
vt 0.041156 0.481588
vt 0.042169 0.474123
vt 0.023120 0.502265
vt 0.023121 0.484869
vt 0.015841 0.500570
vt 0.006881 0.488877
vt 0.012144 0.481995
vt 0.005086 0.481589
vt 0.010251 0.495599
vt 0.776444 0.750693
vt 0.870985 0.582028
vt 0.449407 0.371748
vt 0.456802 0.377576
vt 0.456893 0.370381
vt 0.909014 0.578596
vt 0.906071 0.582025
vt 0.944192 0.582168
vt 0.946217 0.577967
vt 0.961761 0.082112
vt 0.986534 0.099264
vt 0.992745 0.083088
vt 0.906184 0.021070
vt 0.913066 0.004979
vt 0.961761 0.116420
vt 0.957701 0.083092
vt 0.957701 0.115440
vt 0.437382 0.395333
vt 0.454105 0.387953
vt 0.435640 0.387955
vt 0.437383 0.380577
vt 0.442486 0.374963
vt 0.477848 0.852236
vt 0.454789 0.867624
vt 0.478647 0.864713
vt 0.004077 0.474123
vt 0.030398 0.500568
vt 0.039360 0.488875
vt 0.464535 0.369977
vt 0.442485 0.400948
vt 0.660810 0.725943
vt 0.483665 0.723807
vt 0.448800 0.849498
vt 0.464535 0.405926
vt 0.917757 0.004915
vt 0.917159 0.011101
vt 0.366099 0.410894
vt 0.350467 0.411161
vt 0.352449 0.414550
vt 0.986738 0.222733
vt 0.993564 0.222733
vt 0.839986 0.582168
vt 0.870984 0.578599
vt 0.837960 0.577967
vt 0.992745 0.115438
vt 0.906070 0.578596
vt 0.878107 0.578593
vt 0.660821 0.816698
vt 0.035987 0.495597
vt 0.986738 0.274178
vt 0.938650 0.323019
vt 0.381731 0.411161
vt 0.379750 0.414550
vt 0.913066 0.037161
vt 0.986083 0.440687
vt 0.994791 0.431977
vt 0.994791 0.425547
vt 0.702142 0.746974
vt 0.702142 0.727706
vt 0.920215 0.679308
vt 0.340991 0.873828
vt 0.448592 0.866323
vt 0.560241 0.016266
vt 0.534367 0.003908
vt 0.534367 0.016266
vt 0.844850 0.003908
vt 0.818977 0.016266
vt 0.844850 0.016266
vt 0.165331 0.764278
vt 0.171650 0.778036
vt 0.178328 0.753065
vt 0.147934 0.893308
vt 0.123930 0.898934
vt 0.147934 0.898934
vt 0.264830 0.753042
vt 0.273095 0.751468
vt 0.265079 0.740367
vt 0.196661 0.821231
vt 0.200433 0.831169
vt 0.201796 0.828831
vt 0.241435 0.828849
vt 0.221616 0.827933
vt 0.221614 0.831560
vt 0.264846 0.802991
vt 0.273111 0.804565
vt 0.277878 0.791661
vt 0.246538 0.734781
vt 0.242759 0.724842
vt 0.241641 0.726493
vt 0.221566 0.728100
vt 0.221565 0.723923
vt 0.862218 0.313165
vt 0.905694 0.327710
vt 0.905694 0.313165
vt 0.843386 0.400423
vt 0.850823 0.385875
vt 0.843386 0.385875
vt 0.843386 0.356790
vt 0.850823 0.371332
vt 0.850823 0.356790
vt 0.862218 0.371332
vt 0.857158 0.385875
vt 0.862218 0.385875
vt 0.862218 0.356790
vt 0.857158 0.371332
vt 0.857158 0.342252
vt 0.857158 0.356790
vt 0.905694 0.254994
vt 0.862218 0.240453
vt 0.862218 0.254994
vt 0.862218 0.284074
vt 0.905694 0.269536
vt 0.862218 0.269536
vt 0.857158 0.284074
vt 0.862218 0.298618
vt 0.857158 0.298618
vt 0.857158 0.313165
vt 0.850823 0.327710
vt 0.857158 0.327710
vt 0.850823 0.269536
vt 0.857158 0.254994
vt 0.850823 0.254994
vt 0.768427 0.410507
vt 0.776007 0.404506
vt 0.768427 0.404506
vt 0.850823 0.225907
vt 0.843386 0.240452
vt 0.850823 0.240453
vt 0.982755 0.347355
vt 0.952956 0.360813
vt 0.982755 0.360813
vt 0.850823 0.284074
vt 0.850823 0.298618
vt 0.862218 0.327710
vt 0.905694 0.298618
vt 0.857158 0.400423
vt 0.862218 0.400423
vt 0.843386 0.284074
vt 0.850823 0.400423
vt 0.857158 0.225907
vt 0.857158 0.240453
vt 0.843386 0.342252
vt 0.839908 0.327710
vt 0.839908 0.342252
vt 0.839908 0.356790
vt 0.839908 0.313165
vt 0.843386 0.327710
vt 0.843386 0.313165
vt 0.839908 0.298618
vt 0.839908 0.284074
vt 0.843386 0.371332
vt 0.839908 0.371332
vt 0.839908 0.385875
vt 0.165351 0.791805
vt 0.178363 0.802994
vt 0.219947 0.893308
vt 0.243955 0.898934
vt 0.243955 0.893308
vt 0.171939 0.893308
vt 0.171939 0.898934
vt 0.195940 0.893308
vt 0.099931 0.893308
vt 0.099931 0.898934
vt 0.075925 0.893308
vt 0.075925 0.898934
vt 0.051916 0.898934
vt 0.051916 0.893308
vt 0.027912 0.898934
vt 0.027912 0.893308
vt 0.003906 0.893308
vt 0.003906 0.898934
vt 0.994936 0.020705
vt 0.988709 0.078052
vt 0.994936 0.078052
vt 0.221530 0.754251
vt 0.198943 0.739105
vt 0.198943 0.754251
vt 0.694600 0.313165
vt 0.777388 0.327710
vt 0.777388 0.313165
vt 0.509165 0.374626
vt 0.498308 0.352507
vt 0.498308 0.374626
vt 0.611783 0.298618
vt 0.562426 0.284074
vt 0.562426 0.298618
vt 0.498308 0.396745
vt 0.492892 0.374625
vt 0.492892 0.396745
vt 0.244117 0.757305
vt 0.221530 0.757305
vt 0.486908 0.352507
vt 0.486908 0.374625
vt 0.221530 0.799516
vt 0.198943 0.761651
vt 0.198943 0.799516
vt 0.468931 0.374626
vt 0.486908 0.396745
vt 0.004639 0.554044
vt 0.020245 0.527571
vt 0.021069 0.518635
vt 0.004169 0.030700
vt 0.008793 0.003939
vt 0.003923 0.004030
vt 0.244117 0.739105
vt 0.221530 0.739105
vt 0.430217 0.401745
vt 0.440497 0.413839
vt 0.433673 0.397297
vt 0.006742 0.501257
vt 0.018836 0.511536
vt 0.023284 0.508079
vt 0.994285 0.314303
vt 0.986672 0.334340
vt 0.991656 0.334341
vt 0.337666 0.023351
vt 0.367298 0.020308
vt 0.327353 0.020308
vt 0.244117 0.761651
vt 0.244117 0.799516
vt 0.282215 0.743501
vt 0.322156 0.765492
vt 0.323147 0.743509
vt 0.994285 0.354379
vt 0.989475 0.355668
vt 0.423116 0.399513
vt 0.427778 0.396423
vt 0.422837 0.394258
vt 0.777388 0.342252
vt 0.777388 0.356790
vt 0.777388 0.371332
vt 0.777388 0.385875
vt 0.777388 0.298618
vt 0.694600 0.385875
vt 0.611783 0.400422
vt 0.694600 0.400422
vt 0.951115 0.020705
vt 0.957325 0.078052
vt 0.957325 0.020705
vt 0.694600 0.298618
vt 0.562426 0.371332
vt 0.513221 0.385875
vt 0.562426 0.385875
vt 0.562426 0.356790
vt 0.513221 0.371332
vt 0.513221 0.240452
vt 0.562426 0.254994
vt 0.562426 0.240453
vt 0.611783 0.284074
vt 0.694600 0.371332
vt 0.944852 0.078052
vt 0.938537 0.020705
vt 0.938537 0.078052
vt 0.327367 0.025289
vt 0.611783 0.356790
vt 0.694600 0.342252
vt 0.694600 0.356790
vt 0.611783 0.342252
vt 0.694600 0.327710
vt 0.611783 0.327710
vt 0.562426 0.342252
vt 0.562426 0.327710
vt 0.562426 0.313164
vt 0.513221 0.298618
vt 0.513221 0.313164
vt 0.513221 0.284074
vt 0.513221 0.269536
vt 0.562426 0.269536
vt 0.513221 0.356790
vt 0.982432 0.020705
vt 0.976115 0.078052
vt 0.982432 0.078052
vt 0.694600 0.240453
vt 0.611783 0.225906
vt 0.611783 0.240453
vt 0.562427 0.225906
vt 0.513221 0.327710
vt 0.985103 0.540352
vt 0.996086 0.520141
vt 0.985112 0.520142
vt 0.839908 0.254994
vt 0.777388 0.269536
vt 0.839908 0.269536
vt 0.611783 0.313164
vt 0.839908 0.240453
vt 0.777388 0.254994
vt 0.611783 0.385875
vt 0.562427 0.400422
vt 0.414181 0.400337
vt 0.412827 0.397994
vt 0.777388 0.284074
vt 0.694600 0.269536
vt 0.951115 0.078052
vt 0.944852 0.020705
vt 0.694600 0.254994
vt 0.611783 0.254994
vt 0.611783 0.371332
vt 0.611783 0.269536
vt 0.694600 0.284074
vt 0.513221 0.225906
vt 0.777388 0.225906
vt 0.777388 0.240453
vt 0.513221 0.400422
vt 0.970812 0.431849
vt 0.985953 0.416704
vt 0.979523 0.416708
vt 0.982755 0.293362
vt 0.952956 0.306856
vt 0.982755 0.306856
vt 0.979654 0.440687
vt 0.991554 0.419937
vt 0.776007 0.410507
vt 0.783608 0.404506
vt 0.760870 0.404506
vt 0.974044 0.437450
vt 0.836613 0.404506
vt 0.844194 0.410507
vt 0.844194 0.404506
vt 0.821418 0.404506
vt 0.829011 0.410507
vt 0.829011 0.404506
vt 0.851752 0.410507
vt 0.851752 0.404506
vt 0.806311 0.404506
vt 0.798770 0.410507
vt 0.806311 0.410507
vt 0.969800 0.020705
vt 0.963535 0.078052
vt 0.969800 0.078052
vt 0.976115 0.020705
vt 0.932219 0.078052
vt 0.925941 0.020705
vt 0.925941 0.078052
vt 0.932219 0.020705
vt 0.509165 0.396745
vt 0.905694 0.371332
vt 0.905694 0.385875
vt 0.839908 0.400423
vt 0.839908 0.225907
vt 0.970815 0.425417
vt 0.057697 0.469704
vt 0.071315 0.439905
vt 0.057697 0.439905
vt 0.813851 0.410507
vt 0.513221 0.342252
vt 0.195940 0.898934
vt 0.715482 0.016266
vt 0.689608 0.003908
vt 0.689608 0.016266
vt 0.663736 0.016266
vt 0.813851 0.404506
vt 0.821418 0.410507
vt 0.843386 0.254994
vt 0.715482 0.003908
vt 0.905694 0.400423
vt 0.793108 0.016266
vt 0.818977 0.003908
vt 0.793108 0.003908
vt 0.008886 0.061522
vt 0.006950 0.071821
vt 0.008925 0.072087
vt 0.905694 0.225907
vt 0.862218 0.225907
vt 0.905694 0.356790
vt 0.862218 0.342252
vt 0.663736 0.003908
vt 0.178090 0.740328
vt 0.196601 0.734796
vt 0.267957 0.898934
vt 0.267957 0.893308
vt 0.246572 0.821255
vt 0.242796 0.831187
vt 0.255008 0.825066
vt 0.291962 0.893308
vt 0.291962 0.898934
vt 0.767232 0.003908
vt 0.791202 0.410507
vt 0.798770 0.404506
vt 0.791202 0.404506
vt 0.843386 0.298618
vt 0.850823 0.313165
vt 0.850823 0.342252
vt 0.843386 0.269536
vt 0.271535 0.778015
vt 0.279448 0.778016
vt 0.277871 0.764370
vt 0.178142 0.815732
vt 0.265103 0.815669
vt 0.783608 0.410507
vt 0.963535 0.020705
vt 0.919713 0.020705
vt 0.919713 0.078052
vt 0.985103 0.499933
vt 0.221530 0.761651
vt 0.905694 0.342252
vt 0.843386 0.225907
vt 0.024158 0.513974
vt 0.019234 0.514615
vt 0.982755 0.239364
vt 0.952956 0.252894
vt 0.982755 0.252894
vt 0.200372 0.724857
vt 0.201491 0.726507
vt 0.492892 0.352507
vt 0.513221 0.254994
vt 0.982755 0.320364
vt 0.952956 0.333826
vt 0.982755 0.333826
vt 0.836613 0.410507
vt 0.003908 0.469704
vt 0.017389 0.439905
vt 0.003908 0.439905
vt 0.030960 0.469704
vt 0.044235 0.439905
vt 0.030960 0.439905
vt 0.084912 0.469704
vt 0.098411 0.439905
vt 0.084912 0.439905
vt 0.111745 0.469704
vt 0.125284 0.439905
vt 0.111745 0.439905
vt 0.138763 0.469704
vt 0.138763 0.439905
vt 0.988709 0.020705
vt 0.982755 0.225906
vt 0.952956 0.239364
vt 0.198943 0.757305
vt 0.777388 0.400423
vt 0.427137 0.401347
vt 0.008793 0.057459
vt 0.003923 0.057369
vt 0.322156 0.721526
vt 0.282213 0.721990
vt 0.982755 0.266359
vt 0.952956 0.279869
vt 0.982755 0.279869
vt 0.003906 0.101453
vt 0.003906 0.061508
vt 0.026323 0.518914
vt 0.452838 0.003908
vt 0.478714 0.016266
vt 0.478714 0.003908
vt 0.349347 0.016266
vt 0.323476 0.003908
vt 0.323476 0.016266
vt 0.297600 0.003908
vt 0.271725 0.016266
vt 0.297600 0.016266
vt 0.349347 0.003908
vt 0.375221 0.016266
vt 0.375221 0.003908
vt 0.401093 0.003908
vt 0.955710 0.798326
vt 0.941937 0.804626
vt 0.966908 0.811344
vt 0.147947 0.908531
vt 0.123942 0.902905
vt 0.123942 0.908531
vt 0.966850 0.897847
vt 0.968535 0.906023
vt 0.979585 0.898092
vt 0.898687 0.829565
vt 0.888754 0.833334
vt 0.891091 0.834697
vt 0.891093 0.874335
vt 0.891999 0.854517
vt 0.888372 0.854516
vt 0.916921 0.897783
vt 0.915208 0.905953
vt 0.928101 0.910800
vt 0.988802 0.887864
vt 0.993417 0.874697
vt 0.985126 0.879583
vt 0.991832 0.854622
vt 0.996009 0.854625
vt 0.776444 0.776041
vt 0.757865 0.825200
vt 0.776444 0.825200
vt 0.664997 0.763156
vt 0.683571 0.754747
vt 0.720717 0.763156
vt 0.702142 0.776041
vt 0.683571 0.770319
vt 0.683571 0.776041
vt 0.720717 0.776041
vt 0.702142 0.770319
vt 0.739290 0.770319
vt 0.720717 0.770319
vt 0.850754 0.825200
vt 0.869326 0.776041
vt 0.850754 0.776041
vt 0.813601 0.776041
vt 0.832177 0.825200
vt 0.832177 0.776041
vt 0.813601 0.770319
vt 0.795023 0.776041
vt 0.795023 0.770319
vt 0.776444 0.770319
vt 0.757865 0.763156
vt 0.757865 0.770319
vt 0.832177 0.763156
vt 0.850754 0.770319
vt 0.850754 0.763156
vt 0.702142 0.763156
vt 0.869326 0.763156
vt 0.887901 0.754747
vt 0.088847 0.644509
vt 0.081811 0.743351
vt 0.087597 0.644528
vt 0.813601 0.763156
vt 0.795023 0.763156
vt 0.757865 0.776041
vt 0.795023 0.825200
vt 0.664997 0.770319
vt 0.664997 0.776041
vt 0.683571 0.763156
vt 0.887901 0.770319
vt 0.869326 0.770319
vt 0.739290 0.763156
vt 0.869326 0.727706
vt 0.887901 0.746974
vt 0.887901 0.727706
vt 0.683571 0.727706
vt 0.795023 0.727706
vt 0.776444 0.746974
vt 0.795023 0.746974
vt 0.813601 0.746974
vt 0.813601 0.727706
vt 0.739290 0.746974
vt 0.757865 0.727706
vt 0.928174 0.798302
vt 0.916959 0.811300
vt 0.219967 0.902905
vt 0.243977 0.908531
vt 0.243977 0.902905
vt 0.171954 0.908531
vt 0.147947 0.902905
vt 0.195958 0.902905
vt 0.171954 0.902905
vt 0.099940 0.902905
vt 0.099940 0.908531
vt 0.075932 0.902905
vt 0.075932 0.908531
vt 0.051921 0.908531
vt 0.051921 0.902905
vt 0.027915 0.908531
vt 0.027915 0.902905
vt 0.003907 0.902905
vt 0.003907 0.908531
vt 0.931507 0.842541
vt 0.918162 0.868706
vt 0.933095 0.865487
vt 0.992755 0.391732
vt 0.982931 0.371358
vt 0.981520 0.391728
vt 0.982921 0.412128
vt 0.976027 0.391723
vt 0.977738 0.413001
vt 0.936296 0.820100
vt 0.934666 0.842552
vt 0.971991 0.369589
vt 0.969946 0.391722
vt 0.968412 0.842578
vt 0.940530 0.864378
vt 0.970424 0.863639
vt 0.951902 0.391653
vt 0.971826 0.413875
vt 0.858549 0.406067
vt 0.876240 0.418971
vt 0.885010 0.420872
vt 0.156078 0.004168
vt 0.182840 0.008792
vt 0.182748 0.003922
vt 0.918760 0.816347
vt 0.916002 0.842242
vt 0.154959 0.454120
vt 0.143288 0.443362
vt 0.152067 0.458954
vt 0.903997 0.408759
vt 0.892327 0.419517
vt 0.895220 0.424351
vt 0.484502 0.023314
vt 0.504539 0.030928
vt 0.504539 0.025944
vt 0.498654 0.344819
vt 0.477480 0.348423
vt 0.508785 0.348423
vt 0.940539 0.820793
vt 0.970424 0.821524
vt 0.865382 0.690682
vt 0.843404 0.721824
vt 0.865377 0.722999
vt 0.524577 0.023314
vt 0.525867 0.028125
vt 0.162277 0.455475
vt 0.158024 0.459107
vt 0.163191 0.460658
vt 0.509044 0.343449
vt 0.086666 0.484692
vt 0.066454 0.473709
vt 0.066456 0.484684
vt 0.172674 0.455736
vt 0.103077 0.706083
vt 0.083441 0.693918
vt 0.083417 0.706382
vt 0.993242 0.411362
vt 0.702142 0.825200
vt 0.683571 0.825200
vt 0.529788 0.537505
vt 0.543408 0.558644
vt 0.543408 0.537505
vt 0.195958 0.908531
vt 0.504588 0.003908
vt 0.530461 0.016266
vt 0.530461 0.003908
vt 0.219980 0.016266
vt 0.245853 0.003908
vt 0.219980 0.003908
vt 0.504588 0.016266
vt 0.664997 0.825200
vt 0.426963 0.003908
vt 0.401093 0.016266
vt 0.426963 0.016266
vt 0.468563 0.401449
vt 0.478953 0.402819
vt 0.479110 0.400832
vt 0.887901 0.825200
vt 0.887901 0.776041
vt 0.720717 0.825200
vt 0.739290 0.776041
vt 0.245853 0.016266
vt 0.979650 0.811124
vt 0.985160 0.829648
vt 0.267981 0.908531
vt 0.267981 0.902905
vt 0.898691 0.879475
vt 0.888755 0.875697
vt 0.894992 0.887750
vt 0.291988 0.902905
vt 0.291988 0.908531
vt 0.452838 0.016266
vt 0.776444 0.763156
vt 0.941876 0.904510
vt 0.941862 0.912415
vt 0.955628 0.910838
vt 0.904215 0.811056
vt 0.904181 0.897996
vt 0.046246 0.484692
vt 0.939180 0.842577
vt 0.739290 0.825200
vt 0.813601 0.754747
vt 0.889262 0.424504
vt 0.889223 0.419539
vt 0.101457 0.656770
vt 0.099078 0.644353
vt 0.081764 0.657070
vt 0.757865 0.746974
vt 0.776444 0.727706
vt 0.995098 0.833431
vt 0.993446 0.834548
vt 0.832177 0.746974
vt 0.869326 0.746974
vt 0.977758 0.370484
vt 0.102171 0.730636
vt 0.083128 0.718739
vt 0.082570 0.730935
vt 0.387708 0.415945
vt 0.386510 0.412436
vt 0.475990 0.537505
vt 0.489474 0.558644
vt 0.489474 0.537505
vt 0.503047 0.537505
vt 0.516324 0.558644
vt 0.516324 0.537505
vt 0.557006 0.537505
vt 0.570508 0.558644
vt 0.570508 0.537505
vt 0.583843 0.558644
vt 0.597385 0.537505
vt 0.583843 0.537505
vt 0.610866 0.558644
vt 0.610866 0.537505
vt 0.096999 0.644385
vt 0.100353 0.644334
vt 0.936126 0.865087
vt 0.158064 0.454142
vt 0.129319 0.008792
vt 0.129410 0.003922
vt 0.887351 0.721823
vt 0.886892 0.690522
vt 0.102822 0.681115
vt 0.082672 0.669136
vt 0.083209 0.681414
vt 0.500127 0.406422
vt 0.468822 0.406422
vt 0.884096 0.426055
vt 0.739290 0.750693
vt 0.909601 0.225907
vt 0.955734 0.113248
vt 0.955734 0.085284
vt 0.952956 0.293362
vt 0.098411 0.469704
vt 0.071315 0.469704
vt 0.017389 0.469704
vt 0.952956 0.347355
vt 0.952956 0.266359
vt 0.044235 0.469704
vt 0.952956 0.320364
vt 0.103092 0.693618
vt 0.557006 0.558644
vt 0.503047 0.558644
vt 0.101365 0.743053
vt 0.102280 0.668837
vt 0.529788 0.558644
vt 0.102768 0.718440
vt 0.170153 0.751375
vt 0.163745 0.778043
vt 0.254976 0.730972
vt 0.170191 0.804701
vt 0.188323 0.731117
vt 0.188383 0.824926
vt 0.968611 0.803169
vt 0.941943 0.796717
vt 0.915265 0.803122
vt 0.988851 0.821371
vt 0.895002 0.821286
vt 0.700673 0.573462
vt 0.139647 0.809427
vt 0.825579 0.025069
vt 0.492619 0.046782
vt 0.991483 0.196727
vt 0.028737 0.856953
vt 0.096733 0.636648
vt 0.995732 0.598191
vt 0.183290 0.589098
vt 0.994261 0.448865
vt 0.243927 0.839414
vt 1.825579 0.025069
vt 1.008388 0.803580
vt 1.824487 0.215148
vt 1.995732 0.598191
vt 1.994261 0.448865
vt 1.243927 0.839414
vt 0.909592 0.387763
vt 0.637864 0.016266
vt 0.891864 0.679308
vt 0.677802 0.845464
vt 0.946641 0.320358
vt 0.449163 0.720195
vt 0.993564 0.205707
vt 0.483124 0.862980
vt 0.186775 0.003905
vt 0.986738 0.231379
vt 0.976532 0.679308
vt 0.909575 0.306835
vt 0.946641 0.290656
vt 0.012758 0.008106
vt 0.947716 0.006695
vt 0.848144 0.845464
vt 0.366098 0.406976
vt 0.991610 0.437505
vt 0.123930 0.893308
vt 0.905694 0.240452
vt 0.905694 0.284074
vt 0.857158 0.269536
vt 0.219947 0.898934
vt 0.509165 0.352507
vt 0.244117 0.754251
vt 0.468931 0.396745
vt 0.008148 0.555242
vt 0.009053 0.030699
vt 0.468931 0.352507
vt 0.436116 0.415967
vt 0.004614 0.505639
vt 0.989475 0.313013
vt 0.367344 0.024185
vt 0.282213 0.765012
vt 0.337931 0.025326
vt 0.694600 0.225906
vt 0.995667 0.540370
vt 0.760870 0.410507
vt 0.973997 0.419890
vt 0.995667 0.499912
vt 0.125284 0.469704
vt 0.952956 0.225906
vt 0.007783 0.101499
vt 0.022589 0.528924
vt 0.271725 0.003908
vt 0.995067 0.875817
vt 0.869326 0.825200
vt 0.813601 0.825200
vt 0.832177 0.770319
vt 0.887901 0.763156
vt 0.219967 0.908531
vt 0.993242 0.372127
vt 0.933278 0.819680
vt 0.954567 0.417951
vt 0.856934 0.409405
vt 0.156079 0.009052
vt 0.954767 0.365380
vt 0.147380 0.440718
vt 0.899906 0.406115
vt 0.483212 0.028125
vt 0.477647 0.344550
vt 0.843872 0.690522
vt 0.498498 0.342833
vt 0.086683 0.474128
vt 0.046226 0.474128
vt 0.475990 0.558644
vt 0.597385 0.558644
vt 0.098281 0.644365
vt 0.499960 0.402549
vt 0.874613 0.421133
s 1
usemtl mat_garage_canister
f 101/1/1 1/2/2 5/3/3
f 109/4/4 85/5/5 108/6/6
f 23/7/7 17/8/8 15/9/9
f 113/10/10 97/11/11 112/12/12
f 89/13/13 5/3/3 1/2/2
f 119/14/14 104/15/15 106/16/16
f 106/16/16 131/17/17 132/18/18
f 93/19/19 23/7/7 24/20/20
f 11/21/21 91/22/22 99/23/23
f 90/24/24 15/9/9 9/25/25
f 63/26/26 32/27/27 64/28/28
f 73/29/29 69/30/30 71/31/31
f 26/32/32 85/5/5 94/33/33
f 102/34/34 2/35/35 3/36/36
f 6/37/37 101/1/1 100/38/38
f 56/39/39 81/40/40 57/41/41
f 88/42/42 105/43/43 104/15/15
f 103/44/44 89/45/13 2/35/35
f 57/41/41 61/46/45 62/47/46
f 97/11/11 129/48/47 128/49/48
f 85/5/5 93/50/19 94/33/33
f 24/20/20 15/9/9 90/24/24
f 102/51/34 4/52/49 5/3/3
f 4/52/49 101/1/1 5/3/3
f 101/1/1 88/53/42 100/38/38
f 94/54/33 25/55/50 26/56/32
f 10/57/51 90/24/24 9/25/25
f 22/58/52 21/59/53 96/60/54
f 95/61/55 22/58/52 23/7/7
f 17/8/8 20/62/56 91/63/22
f 87/64/57 100/38/38 88/53/42
f 98/65/58 96/66/54 97/11/11
f 94/54/33 24/20/20 25/55/50
f 55/67/59 27/68/60 28/69/61
f 72/70/62 10/71/51 74/72/63
f 26/32/32 27/73/60 86/74/64
f 25/55/50 27/75/60 26/56/32
f 70/76/65 39/77/66 38/78/67
f 98/65/58 91/22/22 20/79/56
f 60/80/68 34/81/69 61/46/45
f 60/80/68 55/67/59 38/78/67
f 67/82/70 51/83/71 66/84/72
f 100/38/38 7/85/73 6/37/37
f 41/86/74 46/87/75 42/88/76
f 51/83/71 43/89/77 52/90/78
f 55/67/59 29/91/79 38/78/67
f 90/24/24 29/92/79 24/20/20
f 31/93/80 48/94/81 75/95/82
f 50/96/83 48/97/81 41/98/74
f 50/96/83 42/99/76 51/83/71
f 66/84/72 52/90/78 65/100/84
f 75/101/82 49/102/85 73/29/29
f 12/103/86 15/9/9 17/8/8
f 72/70/62 75/101/82 73/29/29
f 60/80/68 39/77/66 40/104/87
f 71/31/31 72/70/62 73/29/29
f 70/76/65 29/91/79 30/105/88
f 71/31/31 37/106/89 70/76/65
f 68/107/90 71/31/31 69/30/30
f 19/108/91 69/30/30 67/82/70
f 18/109/92 67/82/70 66/84/72
f 64/28/28 16/110/93 65/100/84
f 62/47/46 33/111/94 63/26/26
f 61/46/45 78/112/95 62/47/46
f 61/46/45 59/113/96 60/80/68
f 59/113/96 80/114/97 76/115/98
f 76/115/98 55/67/59 59/113/96
f 76/116/98 14/117/99 79/118/100
f 13/119/101 80/120/97 81/121/40
f 81/40/40 58/122/102 57/41/41
f 43/123/77 36/124/103 44/125/104
f 63/26/26 57/41/41 62/47/46
f 53/126/105 63/26/26 64/28/28
f 64/28/28 52/90/78 53/126/105
f 53/126/105 43/89/77 44/127/104
f 82/128/106 44/125/104 36/124/103
f 44/127/104 56/39/39 53/126/105
f 54/129/107 13/119/101 81/121/40
f 69/30/30 50/96/83 67/82/70
f 6/37/37 10/130/51 9/131/25
f 24/20/20 28/132/61 25/55/50
f 83/133/108 95/134/55 93/50/19
f 92/135/109 21/136/53 95/134/55
f 16/110/93 66/84/72 65/100/84
f 12/137/86 6/37/37 9/131/25
f 104/15/15 4/138/49 106/16/16
f 41/86/74 35/139/110 47/140/111
f 45/141/112 42/88/76 46/87/75
f 11/142/21 1/2/2 12/137/86
f 11/143/21 17/8/8 91/63/22
f 107/144/113 86/74/64 127/145/114
f 72/70/62 70/76/65 30/105/88
f 85/5/5 107/144/113 108/6/6
f 113/10/10 99/23/23 98/65/58
f 125/146/115 74/147/63 10/148/51
f 124/149/116 10/150/51 7/151/73
f 7/151/73 123/152/117 124/149/116
f 122/153/118 8/154/119 87/155/57
f 121/156/120 87/155/57 88/42/42
f 104/15/15 121/156/120 88/42/42
f 132/18/18 119/14/14 106/16/16
f 3/36/36 117/157/121 118/158/122
f 89/45/13 117/157/121 2/35/35
f 11/159/21 116/160/123 89/45/13
f 114/161/124 11/21/21 99/23/23
f 128/49/48 112/12/12 97/11/11
f 92/135/109 111/162/125 84/163/126
f 83/133/108 110/164/127 92/135/109
f 126/165/128 75/95/82 74/147/63
f 127/166/114 76/116/98 79/118/100
f 84/163/126 130/167/129 128/49/48
f 128/49/48 21/136/53 84/163/126
f 3/36/36 133/168/130 132/18/18
f 132/18/18 102/34/34 3/36/36
f 134/169/131 212/170/132 138/171/133
f 196/172/134 109/173/4 108/174/6
f 151/175/135 147/176/136 150/177/137
f 208/178/138 113/179/10 112/180/12
f 200/181/139 138/171/133 214/182/140
f 119/183/14 215/184/141 120/185/142
f 220/186/143 217/187/144 221/188/145
f 204/189/146 151/175/135 206/190/147
f 144/191/148 210/192/149 202/193/150
f 201/194/151 142/195/152 146/196/153
f 179/197/154 32/198/27 33/199/94
f 188/200/155 184/201/156 165/202/157
f 154/203/158 205/204/159 196/172/134
f 213/205/160 135/206/161 214/207/140
f 139/208/162 211/209/163 212/170/132
f 172/210/164 193/211/165 170/212/166
f 199/213/167 215/184/141 216/214/168
f 214/207/140 135/206/161 200/215/139
f 177/216/169 173/217/170 178/218/171
f 219/219/172 208/178/138 218/220/173
f 204/221/146 196/172/134 205/204/159
f 152/222/174 146/196/153 151/175/135
f 137/223/175 220/224/143 213/225/160
f 212/170/132 137/223/175 138/171/133
f 199/226/167 212/170/132 211/209/163
f 205/227/159 154/228/158 153/229/176
f 201/194/151 143/230/177 142/195/152
f 150/177/137 207/231/178 149/232/179
f 206/190/147 150/177/137 149/232/179
f 148/233/180 147/176/136 202/234/150
f 211/209/163 198/235/181 199/226/167
f 207/236/178 209/237/182 208/178/138
f 152/222/174 205/227/159 153/229/176
f 171/238/183 155/239/184 197/240/185
f 143/241/177 187/242/186 189/243/187
f 154/203/158 197/244/185 155/245/184
f 153/229/176 155/246/184 156/247/188
f 39/248/66 185/249/189 159/250/190
f 202/193/150 209/237/182 148/251/180
f 34/252/69 176/253/191 177/216/169
f 176/253/191 171/238/183 175/254/192
f 167/255/193 183/256/194 182/257/195
f 211/209/163 140/258/196 141/259/197
f 46/260/75 160/261/198 161/262/199
f 162/263/200 167/255/193 168/264/201
f 157/265/202 171/238/183 159/250/190
f 201/194/151 157/266/202 158/267/203
f 31/268/80 164/269/204 35/270/110
f 164/271/204 166/272/205 160/273/198
f 161/274/199 166/272/205 167/255/193
f 168/264/201 182/257/195 181/275/206
f 190/276/207 165/202/157 164/271/204
f 145/277/208 146/196/153 142/195/152
f 190/276/207 187/242/186 188/200/155
f 39/248/66 176/253/191 40/278/87
f 186/279/209 187/242/186 185/249/189
f 185/249/189 157/265/202 159/250/190
f 186/279/209 37/280/89 77/281/210
f 186/279/209 68/282/90 184/201/156
f 184/201/156 19/283/91 183/256/194
f 183/256/194 18/284/92 182/257/195
f 180/285/211 16/286/93 32/198/27
f 178/218/171 33/199/94 78/287/95
f 177/216/169 78/287/95 34/252/69
f 177/216/169 175/254/192 174/288/212
f 175/254/192 192/289/213 174/288/212
f 171/238/183 191/290/214 175/254/192
f 14/291/99 191/292/214 79/293/100
f 13/294/101 192/295/213 14/291/99
f 174/288/212 193/211/165 173/217/170
f 36/296/103 162/297/200 163/298/215
f 173/217/170 179/197/154 178/218/171
f 179/197/154 169/299/216 180/285/211
f 180/285/211 168/264/201 181/275/206
f 169/299/216 162/263/200 168/264/201
f 82/300/106 163/298/215 170/301/166
f 172/210/164 163/302/215 169/299/216
f 13/294/101 170/301/166 193/303/165
f 166/272/205 184/201/156 183/256/194
f 139/208/162 143/304/177 140/258/196
f 152/222/174 156/247/188 157/266/202
f 206/305/147 194/306/217 204/221/146
f 149/307/179 203/308/218 206/305/147
f 182/257/195 16/286/93 181/275/206
f 145/309/208 139/208/162 134/169/131
f 215/184/141 137/310/175 216/214/168
f 35/270/110 160/261/198 47/311/111
f 45/312/112 161/262/199 162/297/200
f 134/169/131 144/313/148 145/309/208
f 147/176/136 144/314/148 202/234/150
f 197/244/185 107/315/113 127/316/114
f 187/242/186 158/317/203 185/249/189
f 196/172/134 107/315/113 154/203/158
f 210/192/149 113/179/10 209/237/182
f 189/318/187 125/319/115 143/320/177
f 143/321/177 124/322/116 140/323/196
f 140/323/196 123/324/117 141/325/197
f 141/325/197 122/326/118 198/327/181
f 198/327/181 121/328/120 199/213/167
f 215/184/141 121/328/120 120/185/142
f 221/188/145 119/183/14 133/329/130
f 136/330/219 117/331/121 135/206/161
f 200/215/139 117/331/121 116/332/123
f 144/333/148 116/332/123 115/334/220
f 144/191/148 114/335/124 210/192/149
f 218/220/173 112/180/12 130/336/129
f 203/308/218 111/337/125 110/338/127
f 194/306/217 110/338/127 109/173/4
f 190/339/207 126/340/128 189/318/187
f 191/292/214 127/341/114 79/293/100
f 195/342/221 130/336/129 111/337/125
f 149/307/179 218/220/173 195/342/221
f 136/330/219 133/329/130 118/343/122
f 213/205/160 221/188/145 136/330/219
f 5/3/3 103/344/44 102/51/34
f 102/51/34 131/345/17 4/52/49
f 129/346/47 96/60/54 21/59/53
f 96/60/54 20/62/56 22/58/52
f 213/225/160 214/182/140 138/171/133
f 138/171/133 137/223/175 213/225/160
f 148/233/180 207/231/178 150/177/137
f 207/231/178 219/347/172 149/232/179
f 225/348/222 223/349/223 306/350/224
f 679/351/225 792/352/226 791/353/227
f 362/354/228 338/355/229 337/356/230
f 328/357/231 310/358/232 298/359/233
f 686/360/234 777/361/235 698/362/236
f 308/363/237 290/364/238 325/365/239
f 248/366/240 253/367/241 255/368/242
f 304/369/243 231/370/244 232/371/245
f 376/372/246 377/373/247 395/374/248
f 458/375/249 387/376/250 459/377/251
f 385/378/252 382/379/253 381/380/252
f 243/381/254 332/382/255 242/383/256
f 285/384/257 286/385/258 240/386/259
f 253/367/241 268/387/260 255/368/242
f 331/388/261 224/389/262 222/390/263
f 245/391/264 229/392/265 352/393/266
f 229/392/265 311/394/267 370/395/268
f 265/396/269 283/397/270 280/398/271
f 325/399/272 326/400/273 327/401/274
f 306/402/275 308/403/276 307/404/277
f 294/405/278 321/406/279 315/407/280
f 287/408/281 288/409/282 289/410/283
f 318/411/284 796/412/285 319/413/286
f 252/414/287 263/415/288 264/416/289
f 230/417/290 224/389/262 231/418/291
f 256/419/292 226/420/293 333/421/294
f 226/420/293 227/422/295 228/423/296
f 302/424/297 305/425/298 296/426/299
f 226/420/293 311/394/267 245/391/264
f 341/427/300 343/428/301 360/429/302
f 371/430/303 301/431/304 302/432/297
f 307/433/305 225/348/222 306/350/224
f 243/381/254 307/433/305 227/422/295
f 232/434/306 312/435/307 233/436/308
f 259/437/309 333/421/294 244/438/310
f 234/439/311 365/440/312 312/435/307
f 224/389/262 232/434/306 231/418/291
f 350/441/313 357/442/314 358/443/315
f 251/444/316 242/383/256 332/382/255
f 284/445/317 280/446/318 283/447/319
f 285/448/320 282/449/321 280/446/318
f 239/450/322 240/451/323 287/452/324
f 287/452/324 236/453/325 239/450/322
f 226/420/293 244/438/310 333/421/294
f 252/414/287 222/390/263 241/454/326
f 274/455/327 263/456/328 275/457/329
f 248/366/240 250/458/330 235/459/331
f 247/460/332 249/461/333 347/462/334
f 251/444/316 241/454/326 225/348/222
f 263/415/288 332/382/255 275/463/335
f 333/421/294 277/464/336 258/465/337
f 260/466/338 262/467/339 279/468/340
f 284/469/341 276/470/342 285/384/257
f 331/388/261 264/416/289 266/471/343
f 253/367/241 266/471/343 254/472/344
f 259/437/309 279/468/340 277/464/336
f 255/368/242 270/473/345 361/474/346
f 296/475/347 233/476/347 312/477/347
f 286/478/348 277/479/349 278/480/350
f 279/481/351 272/482/352 288/483/353
f 265/484/354 263/485/328 273/486/355
f 264/487/356 281/488/357 266/489/358
f 266/489/358 267/490/359 254/491/360
f 283/492/270 274/493/361 284/469/341
f 240/386/259 278/494/362 287/408/281
f 289/410/283 272/495/363 238/496/364
f 281/497/365 280/398/271 282/498/366
f 267/499/367 282/498/366 239/500/368
f 271/501/369 236/502/370 237/503/371
f 348/504/372 353/505/373 354/506/374
f 323/507/375 293/508/376 322/509/377
f 308/363/237 327/510/378 309/511/379
f 327/510/378 298/359/233 309/511/379
f 330/512/380 301/431/304 300/513/381
f 323/507/375 303/514/382 292/515/383
f 295/516/384 304/517/385 305/425/298
f 335/518/386 337/356/230 336/519/387
f 744/520/388 761/521/389 771/522/390
f 304/369/243 233/523/391 305/524/391
f 311/525/392 301/526/393 370/527/393
f 303/528/394 306/402/275 223/529/395
f 303/528/394 230/530/396 292/531/397
f 293/532/398 230/530/396 231/370/244
f 308/403/276 227/533/399 307/404/277
f 370/534/400 371/535/400 229/536/400
f 310/358/232 300/513/381 301/431/304
f 322/509/377 304/517/385 294/537/401
f 278/480/350 279/481/351 288/483/353
f 345/538/402 335/518/386 336/519/387
f 228/539/403 310/540/404 311/525/392
f 244/541/405 339/542/406 259/543/405
f 353/544/407 350/545/408 355/546/409
f 340/547/410 342/548/411 341/427/300
f 787/549/412 313/550/413 314/551/414
f 369/552/415 367/553/416 368/554/417
f 270/555/418 269/556/419 271/557/420
f 227/533/399 298/558/421 228/539/403
f 662/559/422 797/560/423 795/561/424
f 789/562/425 320/563/426 782/564/427
f 345/538/402 359/565/428 364/566/429
f 702/567/430 783/568/431 799/569/432
f 691/570/433 786/571/434 699/572/435
f 699/572/435 781/573/436 700/574/437
f 701/575/438 799/569/432 797/560/423
f 330/576/439 329/577/440 320/578/441
f 299/579/442 329/577/440 300/580/443
f 328/581/444 319/582/445 299/579/442
f 316/583/446 325/584/272 290/585/447
f 330/576/439 321/406/279 295/586/448
f 291/587/449 316/583/446 290/585/447
f 291/587/449 313/588/450 324/589/451
f 323/590/452 314/591/453 313/588/450
f 327/401/274 318/592/444 328/581/444
f 322/593/454 315/407/280 314/591/453
f 660/594/455 788/595/456 783/596/431
f 224/389/262 248/366/240 235/459/331
f 262/597/457 271/557/420 272/482/352
f 237/598/458 289/599/459 238/600/458
f 359/565/428 344/601/460 340/547/410
f 272/495/363 237/503/371 238/496/364
f 363/602/461 346/603/462 338/355/229
f 360/604/463 361/605/464 341/606/465
f 246/607/466 346/608/467 244/609/468
f 345/610/469 347/611/470 334/612/471
f 342/613/472 249/614/473 343/615/474
f 344/616/475 249/614/473 342/613/472
f 344/616/475 347/611/470 249/614/473
f 679/351/225 784/617/476 686/360/234
f 353/505/373 356/618/477 354/506/374
f 363/619/478 260/620/479 339/621/480
f 369/622/481 349/623/482 357/442/314
f 350/441/313 351/624/483 352/625/484
f 358/626/485 247/627/486 351/628/487
f 355/546/409 366/629/488 234/630/489
f 350/545/408 366/629/488 355/546/409
f 356/631/490 357/632/491 354/633/492
f 359/634/493 261/635/494 364/636/495
f 364/636/495 261/635/494 335/637/496
f 362/638/497 261/635/494 260/620/479
f 362/638/497 260/620/479 363/619/478
f 246/639/498 247/640/332 347/641/334
f 343/615/474 249/614/473 248/642/499
f 336/643/500 347/611/470 345/610/469
f 346/608/467 246/607/466 338/644/501
f 339/621/480 260/620/479 259/645/502
f 261/635/494 340/646/503 361/605/464
f 361/474/346 262/647/339 261/648/504
f 244/438/310 351/649/505 246/639/498
f 341/606/465 361/605/464 340/646/503
f 255/650/506 361/605/464 360/604/463
f 360/429/302 248/651/507 255/652/508
f 365/653/509 296/654/510 312/655/510
f 257/656/511 286/478/348 276/657/512
f 250/658/513 355/659/514 234/660/513
f 247/627/486 356/631/490 250/661/515
f 348/504/372 368/662/516 367/663/517
f 257/664/518 333/421/294 258/465/337
f 338/644/501 246/607/466 337/665/519
f 268/666/520 267/490/359 269/556/419
f 303/514/382 290/364/238 297/667/521
f 371/668/522 365/653/509 229/669/522
f 356/631/490 247/627/486 358/626/485
f 366/629/488 350/545/408 352/670/523
f 561/671/524 559/672/525 558/673/526
f 780/674/527 314/551/414 315/675/528
f 275/463/335 256/419/292 257/664/518
f 269/676/529 239/500/368 236/502/370
f 235/459/331 312/435/307 232/434/306
f 352/393/266 365/677/312 366/678/530
f 275/457/329 276/657/512 274/455/327
f 372/679/531 373/680/532 390/681/533
f 373/682/532 391/683/534 390/684/533
f 808/685/535 376/686/536 395/687/537
f 419/688/538 461/689/539 373/690/540
f 384/691/541 583/692/542 801/693/543
f 391/694/544 607/695/545 608/696/546
f 472/697/547 390/698/548 473/699/548
f 387/700/549 388/701/550 800/702/551
f 383/703/552 586/704/553 488/705/554
f 380/706/555 488/705/554 389/707/555
f 418/708/556 460/709/557 419/710/558
f 410/711/559 446/712/560 447/713/561
f 451/714/562 443/715/563 442/716/564
f 434/717/565 444/718/566 440/719/567
f 433/720/568 439/721/569 434/717/565
f 433/720/568 432/722/570 438/723/571
f 402/724/572 405/725/573 403/726/574
f 400/727/575 466/728/576 401/729/577
f 416/730/578 399/731/579 400/727/575
f 418/708/556 417/732/580 424/733/581
f 424/733/581 431/734/582 423/735/583
f 427/736/584 414/737/585 411/738/586
f 432/722/570 442/716/564 438/723/571
f 439/721/569 442/716/564 443/715/563
f 564/739/587 523/740/588 520/741/589
f 408/742/590 456/743/591 409/744/592
f 585/745/593 597/746/594 586/747/594
f 417/732/580 426/748/595 425/749/596
f 420/750/597 424/733/581 423/735/583
f 397/751/598 400/727/575 399/731/579
f 440/719/567 445/752/599 406/753/600
f 399/731/579 419/710/558 397/751/598
f 427/736/584 428/754/601 426/748/595
f 416/730/578 427/736/584 426/748/595
f 408/755/590 444/718/566 446/712/560
f 405/725/573 445/756/599 407/757/602
f 445/756/599 409/744/592 407/757/602
f 442/716/564 441/758/603 451/714/562
f 441/758/603 449/759/604 538/760/605
f 451/714/562 538/760/605 452/761/606
f 541/762/607 450/763/608 436/764/609
f 495/765/610 428/754/601 448/766/611
f 453/767/612 452/761/606 454/768/613
f 447/713/561 454/768/613 535/769/614
f 535/769/614 410/711/559 447/713/561
f 812/770/615 374/771/616 376/686/536
f 466/772/617 382/773/618 402/774/619
f 373/690/540 397/775/620 419/688/538
f 458/776/621 398/777/622 397/775/620
f 461/689/539 462/778/623 375/779/624
f 375/779/624 422/780/625 463/781/626
f 377/782/627 422/780/625 464/783/628
f 379/784/629 464/783/628 435/785/630
f 379/784/629 413/786/631 465/787/632
f 556/788/633 564/789/634 573/790/635
f 601/791/636 470/792/637 602/793/638
f 544/794/639 540/795/640 542/796/641
f 473/797/642 474/798/643 471/799/644
f 516/800/645 507/801/646 517/802/647
f 480/803/648 475/804/649 476/805/650
f 599/806/651 601/791/636 600/807/652
f 475/804/649 610/808/653 483/809/654
f 587/810/655 606/811/656 590/812/657
f 482/813/658 484/814/659 483/809/654
f 589/815/660 479/816/661 588/817/662
f 482/818/663 478/819/664 481/820/665
f 610/808/653 482/813/658 483/809/654
f 601/791/636 478/821/666 468/822/667
f 602/823/668 469/824/669 610/825/670
f 481/826/671 485/827/672 484/828/673
f 605/829/674 487/830/675 604/831/676
f 586/832/677 593/833/678 486/834/679
f 588/835/680 587/810/655 589/836/681
f 487/837/682 593/838/683 594/839/682
f 611/840/684 487/830/675 612/841/684
f 606/842/685 609/843/686 474/844/687
f 452/761/606 539/845/688 537/846/689
f 535/769/614 536/847/690 533/848/691
f 542/796/641 495/765/610 543/849/692
f 532/850/693 531/851/694 497/852/695
f 561/853/696 579/854/697 560/855/698
f 516/800/645 544/794/639 515/856/699
f 526/857/700 529/858/701 528/859/702
f 524/860/703 527/861/704 526/857/700
f 502/862/705 504/863/706 501/864/707
f 515/856/699 513/865/708 516/800/645
f 533/848/691 548/866/709 532/850/693
f 568/867/710 570/868/711 562/869/712
f 605/870/713 586/832/677 486/834/679
f 526/857/700 550/871/714 524/860/703
f 537/846/689 546/872/715 547/873/716
f 551/874/717 545/875/718 552/876/719
f 522/877/720 552/876/719 521/878/721
f 518/879/722 508/880/723 519/881/724
f 563/882/725 517/802/647 507/801/646
f 505/883/726 507/801/646 506/884/727
f 522/877/720 525/885/728 524/860/703
f 575/886/729 576/887/730 565/888/731
f 498/889/732 531/890/694 499/891/733
f 499/891/733 500/892/734 501/864/707
f 518/879/722 520/893/735 521/878/721
f 611/894/736 389/895/737 604/896/738
f 538/760/605 540/795/640 539/845/688
f 489/897/739 493/898/740 492/899/741
f 552/876/719 544/794/639 553/900/742
f 457/901/743 491/902/744 489/897/739
f 530/903/745 500/904/734 531/851/694
f 607/905/746 474/844/687 608/906/747
f 494/907/748 515/856/699 543/849/692
f 536/847/690 547/873/716 548/866/709
f 491/902/744 511/908/749 493/898/740
f 567/909/750 569/910/751 568/867/710
f 499/891/733 510/911/752 498/889/732
f 501/864/707 509/912/753 499/891/733
f 549/913/754 547/873/716 550/871/714
f 504/863/706 512/914/755 509/912/753
f 550/871/714 546/872/715 551/874/717
f 512/914/755 514/915/756 511/908/749
f 501/864/707 566/916/757 502/862/705
f 517/802/647 553/900/742 516/800/645
f 534/917/758 498/889/732 490/918/759
f 528/859/702 566/919/757 500/904/734
f 506/884/727 513/865/708 512/914/755
f 554/920/760 575/921/761 574/922/526
f 386/923/762 813/924/763 815/925/764
f 569/926/765 558/673/526 557/927/766
f 565/928/767 525/929/768 523/740/588
f 519/930/769 564/739/587 520/741/589
f 557/927/766 570/931/761 569/926/765
f 563/932/770 572/933/771 508/934/772
f 503/935/773 562/936/774 505/937/775
f 508/934/772 573/938/776 519/939/769
f 566/940/777 578/941/778 579/942/779
f 558/943/780 578/944/781 577/945/782
f 557/946/783 577/945/782 576/887/730
f 493/898/740 514/915/756 494/907/748
f 490/918/759 510/911/752 491/902/744
f 571/947/784 555/948/785 572/949/786
f 562/869/712 554/950/787 571/947/784
f 548/866/709 530/903/745 532/850/693
f 471/799/644 472/951/788 473/797/642
f 464/952/789 440/719/567 435/953/790
f 533/848/691 496/954/791 535/769/614
f 490/918/759 496/955/791 534/917/758
f 574/922/526 555/956/526 554/920/760
f 812/957/792 619/958/793 811/959/794
f 567/960/795 566/940/777 579/942/779
f 539/845/688 545/875/718 546/872/715
f 521/878/721 523/961/796 522/877/720
f 459/962/797 466/772/617 398/777/622
f 448/766/611 543/849/692 495/765/610
f 492/899/741 494/907/748 448/766/611
f 543/849/692 544/794/639 542/796/641
f 449/759/604 542/796/641 540/795/640
f 454/768/613 537/846/689 536/847/690
f 378/963/798 465/964/799 380/965/800
f 465/964/799 383/966/801 380/965/800
f 502/967/802 568/968/803 503/935/773
f 409/744/592 455/969/804 411/738/586
f 395/374/248 379/970/805 378/963/798
f 435/953/790 406/753/600 413/971/806
f 374/972/807 461/973/808 375/974/809
f 611/975/810 613/976/811 616/977/812
f 405/725/573 413/978/806 406/979/600
f 422/980/813 421/981/814 433/720/568
f 382/379/253 383/966/801 467/982/815
f 401/729/577 402/724/572 403/726/574
f 802/983/816 395/687/537 378/984/817
f 402/774/619 467/985/818 404/986/819
f 372/987/820 479/988/821 580/989/822
f 413/990/631 467/985/818 465/991/632
f 376/372/246 375/974/809 463/992/823
f 464/952/789 433/720/568 434/717/565
f 577/993/824 529/994/825 527/995/826
f 446/712/560 453/767/612 447/713/561
f 426/748/595 429/996/827 425/749/596
f 444/718/566 443/715/563 446/712/560
f 421/981/814 423/735/583 432/722/570
f 425/749/596 436/764/609 430/997/828
f 437/998/829 450/763/608 441/758/603
f 411/738/586 412/999/830 427/736/584
f 430/997/828 450/763/608 431/734/582
f 424/733/581 425/749/596 430/997/828
f 407/757/602 411/738/586 414/737/585
f 414/737/585 401/729/577 403/726/574
f 385/1000/831 386/1001/832 815/1002/833
f 804/1003/834 391/694/544 374/771/616
f 372/987/820 580/989/822 809/1004/835
f 459/377/251 385/378/252 381/380/252
f 576/1005/836 527/995/826 525/929/768
f 579/854/697 559/1006/837 560/855/698
f 572/949/786 556/1007/633 573/1008/635
f 389/895/737 605/1009/838 604/896/738
f 549/913/754 528/859/702 530/903/745
f 598/1010/839 599/806/651 600/807/652
f 462/1011/840 420/750/597 421/981/814
f 457/901/743 410/1012/559 496/955/791
f 407/757/602 403/726/574 405/725/573
f 588/817/662 476/1013/841 599/1014/842
f 580/1015/843 803/1016/844 809/1017/845
f 489/897/739 456/743/591 457/901/743
f 613/1018/846 378/984/817 616/1019/847
f 492/899/741 455/969/804 489/897/739
f 423/735/583 437/998/829 432/722/570
f 429/996/827 541/762/607 436/764/609
f 485/827/672 476/1013/841 484/828/673
f 524/860/703 551/874/717 522/877/720
f 509/912/753 511/908/749 510/911/752
f 475/804/649 474/798/643 609/1020/848
f 475/804/649 484/814/659 476/805/650
f 503/1021/849 506/884/727 504/863/706
f 583/1022/850 810/1023/851 801/1024/852
f 505/937/775 571/1025/853 563/932/770
f 607/1026/854 591/1027/855 617/1028/854
f 804/1029/856 592/1030/857 806/1031/858
f 808/1032/859 620/1033/860 805/1034/861
f 802/1035/862 621/1036/863 807/1037/864
f 621/1036/863 613/1038/865 614/1039/866
f 574/1040/867 565/888/731 564/789/634
f 479/1041/868 581/1042/869 580/1015/843
f 598/1010/839 603/1043/870 606/811/656
f 601/791/636 603/1043/870 600/807/652
f 532/850/693 534/1044/758 533/848/691
f 448/766/611 412/999/830 492/899/741
f 602/823/668 609/843/686 603/1045/871
f 470/1046/872 482/818/663 469/1047/873
f 487/837/682 615/1048/874 612/1049/874
f 401/729/577 416/730/578 400/727/575
f 388/1050/875 814/1051/876 800/1052/877
f 521/878/721 553/900/742 518/879/722
f 616/1019/847 380/706/555 389/707/555
f 608/696/546 390/698/548 391/694/544
f 615/1053/878 613/976/811 612/1054/879
f 479/816/661 480/1055/880 588/817/662
f 626/1056/881 627/1057/882 645/1058/883
f 703/1059/884 637/1060/885 704/1061/886
f 635/1062/887 632/1063/888 631/1064/889
f 622/1065/890 623/1066/891 640/1067/891
f 623/1066/891 641/1068/892 640/1067/891
f 824/1069/893 626/1070/894 645/1071/895
f 623/1072/896 705/1073/897 706/1074/897
f 634/1075/898 737/1076/899 817/1077/900
f 641/1078/901 761/1079/902 762/1080/903
f 717/1081/904 640/1082/905 718/1083/906
f 637/1084/907 638/1085/908 816/1086/909
f 739/1087/910 733/1088/911 633/1089/912
f 630/1090/913 733/1088/911 639/1091/913
f 668/1092/914 705/1093/915 669/1094/916
f 658/1095/917 697/1096/918 660/594/455
f 700/574/437 692/1097/919 699/572/435
f 684/1098/920 694/1099/921 690/1100/922
f 683/1101/923 689/1102/924 684/1098/920
f 683/1101/923 682/1103/925 688/1104/926
f 652/1105/927 655/1106/928 653/1107/929
f 650/1108/930 711/1109/931 651/1110/932
f 666/1111/933 649/1112/934 650/1108/930
f 668/1092/914 667/1113/935 674/1114/936
f 674/1114/936 681/1115/937 673/1116/938
f 677/1117/939 664/1118/940 661/1119/941
f 682/1103/925 692/1097/919 688/1104/926
f 689/1102/924 692/1097/919 693/1120/942
f 659/1121/943 660/1122/455 702/567/430
f 740/1123/944 750/1124/945 751/1125/944
f 667/1113/935 676/1126/946 675/1127/947
f 670/1128/948 674/1114/936 673/1116/938
f 647/1129/949 650/1108/930 649/1112/934
f 690/1100/922 695/1130/950 656/1131/951
f 649/1112/934 669/1094/916 647/1129/949
f 662/559/422 676/1126/946 677/1117/939
f 666/1111/933 677/1117/939 676/1126/946
f 658/1095/917 694/1099/921 696/1132/952
f 655/1106/928 695/1133/950 657/1134/953
f 695/1133/950 659/1121/943 657/1134/953
f 687/1135/954 699/572/435 692/1097/919
f 329/1136/955 782/1137/427 320/1138/426
f 789/562/425 315/675/528 321/1139/956
f 317/1140/957 785/1141/958 790/1142/959
f 317/1140/957 793/1143/960 326/1144/961
f 779/1145/962 324/1146/963 313/550/413
f 828/1147/964 624/1148/965 626/1070/894
f 711/1149/966 632/1150/967 652/1151/968
f 703/1152/969 669/1153/970 623/1072/896
f 703/1152/969 648/1154/971 647/1155/972
f 706/1074/897 707/1156/973 625/1157/974
f 625/1157/974 672/1158/975 708/1159/976
f 627/1160/977 672/1158/975 709/1161/978
f 629/1162/979 709/1161/978 685/1163/980
f 629/1162/979 663/1164/981 710/1165/981
f 755/1166/982 715/1167/983 756/1168/984
f 718/1169/985 719/1170/986 716/1171/987
f 725/1172/988 720/1173/989 721/1174/990
f 753/1175/991 755/1166/982 754/1176/992
f 720/1173/989 764/1177/993 728/1178/994
f 741/1179/995 760/1180/996 744/1181/997
f 727/1182/998 729/1183/999 728/1178/994
f 743/1184/1000 724/1185/1001 742/1186/1002
f 727/1187/1003 723/1188/1004 726/1189/1004
f 764/1177/993 727/1182/998 728/1178/994
f 755/1166/982 723/1190/1005 713/1191/1006
f 756/1192/1007 714/1193/1008 764/1194/1009
f 726/1195/1010 730/1196/1011 729/1197/1012
f 759/1198/1013 732/1199/1014 758/1200/1015
f 740/1201/1016 747/1202/1017 731/1203/1018
f 742/1204/1019 741/1179/995 743/1205/1020
f 732/1206/1021 747/1207/1022 748/1208/1023
f 765/1209/1024 732/1199/1014 766/1210/1024
f 760/1211/1025 763/1212/1026 719/1213/1027
f 759/1214/1028 740/1201/1016 731/1203/1018
f 765/1215/1029 639/1216/1030 758/1217/1031
f 761/521/389 719/1213/1027 762/1218/1032
f 831/1219/1033 749/1220/1034 829/1221/1035
f 716/1171/987 717/1222/1036 718/1169/985
f 709/1223/1037 690/1100/922 685/1224/1038
f 827/1225/1039 772/1226/1040 773/1227/1041
f 704/1228/1042 711/1149/966 648/1154/971
f 628/1229/1043 710/1230/1044 630/1231/1045
f 710/1232/1044 633/1233/1046 630/1234/1045
f 702/567/430 661/1119/941 659/1121/943
f 645/1058/883 629/1235/1047 628/1229/1043
f 690/1100/922 663/1236/1048 685/1224/1038
f 624/1237/1049 706/1238/1050 625/1239/1051
f 765/1240/1052 767/1241/1053 770/1242/1054
f 655/1106/928 663/1243/1048 656/1244/951
f 672/1245/1055 671/1246/1056 683/1101/923
f 632/1063/888 633/1233/1046 712/1247/1057
f 651/1110/932 652/1105/927 653/1107/929
f 818/1248/1058 645/1071/895 628/1249/1059
f 652/1151/968 712/1250/1060 654/1251/1061
f 622/1252/1062 724/1253/1063 734/1254/1064
f 663/1255/981 712/1250/1060 710/1256/981
f 626/1056/881 625/1239/1051 708/1257/881
f 709/1223/1037 683/1101/923 684/1098/920
f 696/1132/952 700/574/437 697/1096/918
f 676/1126/946 679/351/225 675/1127/947
f 694/1099/921 693/1120/942 696/1132/952
f 671/1246/1056 673/1116/938 682/1103/925
f 675/1127/947 686/360/234 680/1258/1065
f 681/1115/937 691/570/433 687/1135/954
f 701/575/438 677/1117/939 661/1119/941
f 680/1258/1065 698/362/236 681/1115/937
f 674/1114/936 675/1127/947 680/1258/1065
f 657/1134/953 661/1119/941 664/1118/940
f 664/1118/940 651/1110/932 653/1107/929
f 635/1259/1066 636/1260/1067 831/1261/1068
f 820/1262/1069 641/1078/901 624/1148/965
f 622/1252/1062 734/1254/1064 825/1263/1070
f 704/1061/886 635/1062/887 631/1064/889
f 639/1216/1030 759/1264/1071 758/1217/1031
f 752/1265/1072 753/1175/991 754/1176/992
f 707/1266/1073 670/1128/948 671/1246/1056
f 678/1267/1074 795/561/424 792/352/226
f 657/1134/953 653/1107/929 655/1106/928
f 742/1186/1002 721/1268/1075 753/1269/1076
f 825/1270/1077 735/1271/1078 819/1272/1079
f 776/1273/1080 316/1274/1081 324/1146/963
f 767/1275/1082 628/1249/1059 770/1276/1083
f 326/1144/961 794/1277/1084 318/411/284
f 673/1116/938 687/1135/954 682/1103/925
f 319/413/286 798/1278/1085 329/1136/955
f 730/1196/1011 721/1268/1075 729/1197/1012
f 720/1173/989 719/1170/986 763/1279/1086
f 720/1173/989 729/1183/999 721/1174/990
f 817/1280/1087 738/1281/1088 826/1282/1089
f 590/1283/1090 607/905/746 617/1284/1090
f 771/1285/1091 642/1286/1092 745/1287/1093
f 822/1288/1094 643/1289/1095 746/1290/1096
f 821/1291/1097 644/1292/1098 774/1293/1099
f 818/1294/1100 775/1295/1101 823/1296/1102
f 775/1295/1101 767/1297/1103 768/1298/1103
f 724/1299/1104 735/1271/1078 734/1300/1105
f 752/1265/1072 757/1301/1106 760/1180/996
f 755/1166/982 757/1301/1106 754/1176/992
f 700/574/437 788/595/456 697/1096/918
f 756/1192/1007 763/1212/1026 757/1302/1107
f 715/1303/1108 727/1187/1003 714/1304/1109
f 732/1206/1021 769/1305/1110 766/1306/1111
f 651/1110/932 666/1111/933 650/1108/930
f 816/1307/1112 736/1308/1113 830/1309/1114
f 770/1276/1083 630/1090/913 639/1091/913
f 762/1080/903 640/1082/905 641/1078/901
f 769/1310/1115 767/1241/1053 766/1311/1116
f 724/1185/1001 725/1312/1117 742/1186/1002
f 785/1141/958 791/353/227 790/1142/959
f 792/352/226 794/1277/1084 793/1143/960
f 795/561/424 796/412/285 794/1277/1084
f 777/361/235 779/1145/962 778/1313/1118
f 797/560/423 798/1278/1085 796/412/285
f 791/353/227 793/1143/960 790/1142/959
f 799/569/432 782/1137/427 798/1278/1085
f 784/617/476 776/1273/1080 777/361/235
f 781/573/436 789/562/425 788/595/456
f 789/562/425 783/596/431 788/595/456
f 778/1313/1118 787/549/412 786/571/434
f 786/571/434 780/674/527 781/573/436
f 698/362/236 778/1313/1118 691/570/433
f 330/1314/380 305/425/298 302/424/297
f 347/611/470 337/665/519 246/607/466
f 348/1315/1119 357/632/491 349/1316/1120
f 351/649/505 245/391/264 352/393/266
f 250/458/330 234/439/311 235/459/331
f 222/390/263 223/349/223 241/454/326
f 800/1052/877 595/1317/1121 386/923/762
f 394/1318/1122 807/1037/864 620/1033/860
f 618/1319/1123 805/1034/861 619/958/793
f 392/1320/1124 806/1031/858 591/1027/855
f 801/1024/852 596/1321/1125 585/745/593
f 809/1017/845 582/1322/1126 388/1050/875
f 393/1323/1127 811/959/794 592/1030/857
f 815/925/764 584/1324/1128 583/1022/850
f 636/1325/1129 830/1309/1114 749/1220/1034
f 774/1293/1099 818/1294/1100 823/1296/1102
f 773/1227/1041 824/1326/1130 821/1291/1097
f 745/1287/1093 820/1327/1131 822/1288/1094
f 817/1280/1087 750/1124/945 739/1328/1132
f 638/1329/1133 819/1272/1079 736/1308/1113
f 746/1290/1096 828/1330/1134 827/1225/1039
f 737/1331/1135 829/1221/1035 738/1281/1088
f 395/687/537 394/1332/1136 808/685/535
f 808/685/535 618/1333/1137 376/686/536
f 801/693/543 585/1334/1138 383/703/552
f 383/703/552 384/691/541 801/693/543
f 800/702/551 386/1001/832 385/1000/831
f 385/1000/831 387/700/549 800/702/551
f 376/686/536 618/1333/1137 812/770/615
f 812/770/615 393/1335/1139 374/771/616
f 378/984/817 396/1336/1140 802/983/816
f 802/983/816 394/1332/1136 395/687/537
f 815/1002/833 583/692/542 384/691/541
f 384/691/541 385/1000/831 815/1002/833
f 374/771/616 393/1335/1139 804/1003/834
f 804/1003/834 392/1337/1141 391/694/544
f 809/1004/835 388/701/550 387/700/549
f 387/700/549 372/987/820 809/1004/835
f 645/1071/895 644/1338/1142 824/1069/893
f 824/1069/893 772/1339/1143 626/1070/894
f 817/1077/900 739/1087/910 633/1089/912
f 633/1089/912 634/1075/898 817/1077/900
f 816/1086/909 636/1260/1067 635/1259/1066
f 635/1259/1066 637/1084/907 816/1086/909
f 626/1070/894 772/1339/1143 828/1147/964
f 828/1147/964 643/1340/1144 624/1148/965
f 628/1249/1059 646/1341/1145 818/1248/1058
f 818/1248/1058 644/1338/1142 645/1071/895
f 831/1261/1068 737/1076/899 634/1075/898
f 634/1075/898 635/1259/1066 831/1261/1068
f 624/1148/965 643/1340/1144 820/1262/1069
f 820/1262/1069 642/1342/1146 641/1078/901
f 825/1263/1070 638/1085/908 637/1084/907
f 637/1084/907 622/1252/1062 825/1263/1070
f 101/1/1 6/37/37 1/2/2
f 109/4/4 83/133/108 85/5/5
f 23/7/7 22/58/52 17/8/8
f 113/10/10 98/65/58 97/11/11
f 89/13/13 103/344/44 5/3/3
f 119/14/14 120/1343/142 104/15/15
f 106/16/16 4/138/49 131/17/17
f 93/19/19 95/61/55 23/7/7
f 63/26/26 33/111/94 32/27/27
f 73/29/29 49/102/85 69/30/30
f 102/34/34 103/44/44 2/35/35
f 56/39/39 54/1344/107 81/40/40
f 57/41/41 58/122/102 61/46/45
f 97/11/11 96/66/54 129/48/47
f 85/5/5 83/133/108 93/50/19
f 24/20/20 23/7/7 15/9/9
f 4/52/49 105/1345/43 101/1/1
f 101/1/1 105/1345/43 88/53/42
f 10/57/51 30/1346/88 90/24/24
f 95/61/55 21/59/53 22/58/52
f 17/8/8 22/58/52 20/62/56
f 87/64/57 8/1347/119 100/38/38
f 98/65/58 20/79/56 96/66/54
f 94/54/33 93/19/19 24/20/20
f 55/67/59 86/1348/64 27/68/60
f 72/70/62 30/105/88 10/71/51
f 25/55/50 28/132/61 27/75/60
f 70/76/65 37/106/89 39/77/66
f 98/65/58 99/23/23 91/22/22
f 60/80/68 40/104/87 34/81/69
f 60/80/68 59/113/96 55/67/59
f 67/82/70 50/96/83 51/83/71
f 100/38/38 8/1347/119 7/85/73
f 41/86/74 47/140/111 46/87/75
f 51/83/71 42/99/76 43/89/77
f 55/67/59 28/69/61 29/91/79
f 90/24/24 30/1346/88 29/92/79
f 31/93/80 35/139/110 48/94/81
f 50/96/83 49/102/85 48/97/81
f 50/96/83 41/98/74 42/99/76
f 66/84/72 51/83/71 52/90/78
f 75/101/82 48/97/81 49/102/85
f 12/103/86 9/25/25 15/9/9
f 72/70/62 74/72/63 75/101/82
f 60/80/68 38/78/67 39/77/66
f 71/31/31 70/76/65 72/70/62
f 70/76/65 38/78/67 29/91/79
f 71/31/31 77/1349/210 37/106/89
f 68/107/90 77/1349/210 71/31/31
f 19/108/91 68/107/90 69/30/30
f 18/109/92 19/108/91 67/82/70
f 64/28/28 32/27/27 16/110/93
f 62/47/46 78/112/95 33/111/94
f 61/46/45 34/81/69 78/112/95
f 61/46/45 58/122/102 59/113/96
f 59/113/96 58/122/102 80/114/97
f 76/115/98 86/1348/64 55/67/59
f 76/116/98 80/120/97 14/117/99
f 13/119/101 14/117/99 80/120/97
f 81/40/40 80/114/97 58/122/102
f 43/123/77 45/141/112 36/124/103
f 63/26/26 56/39/39 57/41/41
f 53/126/105 56/39/39 63/26/26
f 64/28/28 65/100/84 52/90/78
f 53/126/105 52/90/78 43/89/77
f 82/128/106 54/129/107 44/125/104
f 44/127/104 54/1344/107 56/39/39
f 54/129/107 82/128/106 13/119/101
f 69/30/30 49/102/85 50/96/83
f 6/37/37 7/85/73 10/130/51
f 24/20/20 29/92/79 28/132/61
f 83/133/108 92/135/109 95/134/55
f 92/135/109 84/163/126 21/136/53
f 16/110/93 18/109/92 66/84/72
f 12/137/86 1/2/2 6/37/37
f 104/15/15 105/43/43 4/138/49
f 41/86/74 48/94/81 35/139/110
f 45/141/112 43/123/77 42/88/76
f 11/142/21 89/13/13 1/2/2
f 11/143/21 12/103/86 17/8/8
f 107/144/113 26/32/32 86/74/64
f 85/5/5 26/32/32 107/144/113
f 113/10/10 114/161/124 99/23/23
f 125/146/115 126/165/128 74/147/63
f 124/149/116 125/1350/115 10/150/51
f 7/151/73 8/154/119 123/152/117
f 122/153/118 123/152/117 8/154/119
f 121/156/120 122/153/118 87/155/57
f 104/15/15 120/1343/142 121/156/120
f 132/18/18 133/168/130 119/14/14
f 3/36/36 2/35/35 117/157/121
f 89/45/13 116/160/123 117/157/121
f 11/159/21 115/1351/220 116/160/123
f 114/161/124 115/1352/220 11/21/21
f 128/49/48 130/167/129 112/12/12
f 92/135/109 110/164/127 111/162/125
f 83/133/108 109/4/4 110/164/127
f 126/165/128 31/93/80 75/95/82
f 127/166/114 86/1353/64 76/116/98
f 84/163/126 111/162/125 130/167/129
f 128/49/48 129/48/47 21/136/53
f 3/36/36 118/158/122 133/168/130
f 132/18/18 131/17/17 102/34/34
f 134/169/131 139/208/162 212/170/132
f 196/172/134 194/306/217 109/173/4
f 151/175/135 146/196/153 147/176/136
f 208/178/138 209/237/182 113/179/10
f 200/181/139 134/169/131 138/171/133
f 119/183/14 217/187/144 215/184/141
f 220/186/143 137/310/175 217/187/144
f 204/189/146 152/222/174 151/175/135
f 179/197/154 180/285/211 32/198/27
f 188/200/155 186/279/209 184/201/156
f 213/205/160 136/330/219 135/206/161
f 172/210/164 173/217/170 193/211/165
f 177/216/169 174/288/212 173/217/170
f 219/219/172 207/236/178 208/178/138
f 204/221/146 194/306/217 196/172/134
f 152/222/174 201/194/151 146/196/153
f 212/170/132 216/1354/168 137/223/175
f 199/226/167 216/1354/168 212/170/132
f 201/194/151 158/267/203 143/230/177
f 206/190/147 151/175/135 150/177/137
f 148/233/180 150/177/137 147/176/136
f 211/209/163 141/259/197 198/235/181
f 207/236/178 148/251/180 209/237/182
f 152/222/174 204/189/146 205/227/159
f 171/238/183 156/1355/188 155/239/184
f 143/241/177 158/317/203 187/242/186
f 153/229/176 154/228/158 155/246/184
f 39/248/66 37/280/89 185/249/189
f 202/193/150 210/192/149 209/237/182
f 34/252/69 40/278/87 176/253/191
f 176/253/191 159/250/190 171/238/183
f 167/255/193 166/272/205 183/256/194
f 211/209/163 139/208/162 140/258/196
f 46/260/75 47/311/111 160/261/198
f 162/263/200 161/274/199 167/255/193
f 157/265/202 156/1355/188 171/238/183
f 201/194/151 152/222/174 157/266/202
f 31/268/80 190/339/207 164/269/204
f 164/271/204 165/202/157 166/272/205
f 161/274/199 160/273/198 166/272/205
f 168/264/201 167/255/193 182/257/195
f 190/276/207 188/200/155 165/202/157
f 145/277/208 147/176/136 146/196/153
f 190/276/207 189/243/187 187/242/186
f 39/248/66 159/250/190 176/253/191
f 186/279/209 188/200/155 187/242/186
f 185/249/189 158/317/203 157/265/202
f 186/279/209 185/249/189 37/280/89
f 186/279/209 77/281/210 68/282/90
f 184/201/156 68/282/90 19/283/91
f 183/256/194 19/283/91 18/284/92
f 180/285/211 181/275/206 16/286/93
f 178/218/171 179/197/154 33/199/94
f 177/216/169 178/218/171 78/287/95
f 177/216/169 176/253/191 175/254/192
f 175/254/192 191/290/214 192/289/213
f 171/238/183 197/240/185 191/290/214
f 14/291/99 192/295/213 191/292/214
f 13/294/101 193/303/165 192/295/213
f 174/288/212 192/289/213 193/211/165
f 36/296/103 45/312/112 162/297/200
f 173/217/170 172/210/164 179/197/154
f 179/197/154 172/210/164 169/299/216
f 180/285/211 169/299/216 168/264/201
f 169/299/216 163/302/215 162/263/200
f 82/300/106 36/296/103 163/298/215
f 172/210/164 170/212/166 163/302/215
f 13/294/101 82/300/106 170/301/166
f 166/272/205 165/202/157 184/201/156
f 139/208/162 142/1356/152 143/304/177
f 152/222/174 153/229/176 156/247/188
f 206/305/147 203/308/218 194/306/217
f 149/307/179 195/342/221 203/308/218
f 182/257/195 18/284/92 16/286/93
f 145/309/208 142/1356/152 139/208/162
f 215/184/141 217/187/144 137/310/175
f 35/270/110 164/269/204 160/261/198
f 45/312/112 46/260/75 161/262/199
f 134/169/131 200/181/139 144/313/148
f 147/176/136 145/277/208 144/314/148
f 197/244/185 154/203/158 107/315/113
f 196/172/134 108/174/6 107/315/113
f 210/192/149 114/335/124 113/179/10
f 189/318/187 126/340/128 125/319/115
f 143/321/177 125/1357/115 124/322/116
f 140/323/196 124/322/116 123/324/117
f 141/325/197 123/324/117 122/326/118
f 198/327/181 122/326/118 121/328/120
f 215/184/141 199/213/167 121/328/120
f 221/188/145 217/187/144 119/183/14
f 136/330/219 118/343/122 117/331/121
f 200/215/139 135/206/161 117/331/121
f 144/333/148 200/215/139 116/332/123
f 144/191/148 115/1358/220 114/335/124
f 218/220/173 208/178/138 112/180/12
f 203/308/218 195/342/221 111/337/125
f 194/306/217 203/308/218 110/338/127
f 190/339/207 31/268/80 126/340/128
f 191/292/214 197/1359/185 127/341/114
f 195/342/221 218/220/173 130/336/129
f 149/307/179 219/219/172 218/220/173
f 136/330/219 221/188/145 133/329/130
f 213/205/160 220/186/143 221/188/145
f 225/348/222 241/454/326 223/349/223
f 679/351/225 678/1267/1074 792/352/226
f 362/354/228 363/602/461 338/355/229
f 328/357/231 299/1360/1147 310/358/232
f 686/360/234 784/617/476 777/361/235
f 308/363/237 297/667/521 290/364/238
f 304/369/243 293/532/398 231/370/244
f 376/372/246 463/992/823 377/373/247
f 458/375/249 372/679/531 387/376/250
f 385/378/252 384/1361/1148 382/379/253
f 243/381/254 256/419/292 332/382/255
f 285/384/257 276/470/342 286/385/258
f 253/367/241 254/472/344 268/387/260
f 331/388/261 253/367/241 224/389/262
f 245/391/264 311/394/267 229/392/265
f 265/396/269 273/1362/1149 283/397/270
f 325/399/272 317/1363/1150 326/400/273
f 306/402/275 297/1364/1151 308/403/276
f 294/405/278 295/586/448 321/406/279
f 287/408/281 278/494/362 288/409/282
f 318/411/284 794/1277/1084 796/412/285
f 252/414/287 251/444/316 263/415/288
f 230/417/290 222/390/263 224/389/262
f 256/419/292 243/381/254 226/420/293
f 226/420/293 243/381/254 227/422/295
f 226/420/293 228/423/296 311/394/267
f 341/427/300 342/548/411 343/428/301
f 307/433/305 242/383/256 225/348/222
f 243/381/254 242/383/256 307/433/305
f 234/439/311 366/1365/530 365/440/312
f 224/389/262 235/459/331 232/434/306
f 350/441/313 369/622/481 357/442/314
f 251/444/316 225/348/222 242/383/256
f 284/445/317 285/448/320 280/446/318
f 285/448/320 240/451/323 282/449/321
f 239/450/322 282/449/321 240/451/323
f 287/452/324 289/599/459 236/453/325
f 226/420/293 245/391/264 244/438/310
f 252/414/287 331/388/261 222/390/263
f 274/455/327 273/1366/355 263/456/328
f 248/366/240 249/461/333 250/458/330
f 247/460/332 250/458/330 249/461/333
f 251/444/316 252/414/287 241/454/326
f 263/415/288 251/444/316 332/382/255
f 333/421/294 259/437/309 277/464/336
f 260/466/338 261/1367/504 262/467/339
f 284/469/341 274/493/361 276/470/342
f 331/388/261 252/414/287 264/416/289
f 253/367/241 331/388/261 266/471/343
f 259/437/309 260/466/338 279/468/340
f 255/368/242 268/387/260 270/473/345
f 296/475/347 305/1368/347 233/476/347
f 286/478/348 258/1369/1152 277/479/349
f 279/481/351 262/597/457 272/482/352
f 265/484/354 264/487/356 263/485/328
f 264/487/356 265/484/354 281/488/357
f 266/489/358 281/488/357 267/490/359
f 283/492/270 273/1370/1149 274/493/361
f 240/386/259 286/385/258 278/494/362
f 289/410/283 288/409/282 272/495/363
f 281/497/365 265/396/269 280/398/271
f 267/499/367 281/497/365 282/498/366
f 271/501/369 269/676/529 236/502/370
f 348/504/372 367/663/517 353/505/373
f 323/507/375 292/515/383 293/508/376
f 308/363/237 325/365/239 327/510/378
f 327/510/378 328/357/231 298/359/233
f 330/512/380 302/432/297 301/431/304
f 323/507/375 291/1371/1153 303/514/382
f 295/516/384 294/537/401 304/517/385
f 335/518/386 362/354/228 337/356/230
f 744/520/388 760/1211/1025 761/521/389
f 304/369/243 232/371/245 233/523/391
f 311/525/392 310/540/404 301/526/393
f 303/528/394 297/1364/1151 306/402/275
f 303/528/394 223/529/395 230/530/396
f 293/532/398 292/531/397 230/530/396
f 308/403/276 309/1372/1154 227/533/399
f 370/534/400 301/1373/400 371/535/400
f 310/358/232 299/1360/1147 300/513/381
f 322/509/377 293/508/376 304/517/385
f 278/480/350 277/479/349 279/481/351
f 345/538/402 364/566/429 335/518/386
f 228/539/403 298/558/421 310/540/404
f 244/541/405 346/603/462 339/542/406
f 353/544/407 369/552/415 350/545/408
f 340/547/410 344/601/460 342/548/411
f 787/549/412 779/1145/962 313/550/413
f 369/552/415 353/544/407 367/553/416
f 270/555/418 268/666/520 269/556/419
f 227/533/399 309/1372/1154 298/558/421
f 662/559/422 701/575/438 797/560/423
f 789/562/425 321/1139/956 320/563/426
f 345/538/402 334/1374/1155 359/565/428
f 702/567/430 660/1122/455 783/568/431
f 691/570/433 778/1313/1118 786/571/434
f 699/572/435 786/571/434 781/573/436
f 701/575/438 702/567/430 799/569/432
f 330/576/439 300/580/443 329/577/440
f 299/579/442 319/582/445 329/577/440
f 328/581/444 318/592/444 319/582/445
f 316/583/446 317/1375/1150 325/584/272
f 330/576/439 320/578/441 321/406/279
f 291/587/449 324/589/451 316/583/446
f 291/587/449 323/590/452 313/588/450
f 323/590/452 322/593/454 314/591/453
f 327/401/274 326/400/273 318/592/444
f 322/593/454 294/405/278 315/407/280
f 660/594/455 697/1096/918 788/595/456
f 224/389/262 253/367/241 248/366/240
f 262/597/457 270/555/418 271/557/420
f 237/598/458 236/453/325 289/599/459
f 359/565/428 334/1374/1155 344/601/460
f 272/495/363 271/501/369 237/503/371
f 363/602/461 339/542/406 346/603/462
f 344/616/475 334/612/471 347/611/470
f 679/351/225 791/353/227 784/617/476
f 353/505/373 355/659/514 356/618/477
f 369/622/481 368/662/516 349/623/482
f 350/441/313 358/443/315 351/624/483
f 356/631/490 358/626/485 357/632/491
f 362/638/497 335/637/496 261/635/494
f 246/639/498 351/649/505 247/640/332
f 261/635/494 359/634/493 340/646/503
f 361/474/346 270/473/345 262/647/339
f 244/438/310 245/391/264 351/649/505
f 360/429/302 343/428/301 248/651/507
f 365/653/509 302/1376/1156 296/654/510
f 257/656/511 258/1369/1152 286/478/348
f 250/658/513 356/618/477 355/659/514
f 348/504/372 349/623/482 368/662/516
f 257/664/518 256/419/292 333/421/294
f 268/666/520 254/491/360 267/490/359
f 303/514/382 291/1371/1153 290/364/238
f 371/668/522 302/1376/1156 365/653/509
f 561/671/524 560/1377/1157 559/672/525
f 780/674/527 787/549/412 314/551/414
f 275/463/335 332/382/255 256/419/292
f 269/676/529 267/499/367 239/500/368
f 235/459/331 234/439/311 312/435/307
f 352/393/266 229/392/265 365/677/312
f 275/457/329 257/656/511 276/657/512
f 372/679/531 458/375/249 373/680/532
f 373/682/532 461/973/808 391/683/534
f 419/688/538 460/1378/1158 461/689/539
f 391/694/544 392/1337/1141 607/695/545
f 472/697/547 372/987/820 390/698/548
f 383/703/552 585/1334/1138 586/704/553
f 380/706/555 383/703/552 488/705/554
f 418/708/556 420/750/597 460/709/557
f 410/711/559 408/755/590 446/712/560
f 451/714/562 453/767/612 443/715/563
f 434/717/565 439/721/569 444/718/566
f 433/720/568 438/723/571 439/721/569
f 433/720/568 421/981/814 432/722/570
f 402/724/572 404/1379/1159 405/725/573
f 400/727/575 398/1380/1160 466/728/576
f 416/730/578 417/732/580 399/731/579
f 418/708/556 399/731/579 417/732/580
f 424/733/581 430/997/828 431/734/582
f 427/736/584 415/1381/1161 414/737/585
f 432/722/570 437/998/829 442/716/564
f 439/721/569 438/723/571 442/716/564
f 564/739/587 565/928/767 523/740/588
f 408/742/590 410/1012/559 456/743/591
f 585/745/593 596/1321/1125 597/746/594
f 417/732/580 416/730/578 426/748/595
f 420/750/597 418/708/556 424/733/581
f 397/751/598 398/1380/1160 400/727/575
f 440/719/567 444/718/566 445/752/599
f 399/731/579 418/708/556 419/710/558
f 427/736/584 412/999/830 428/754/601
f 416/730/578 415/1381/1161 427/736/584
f 408/755/590 445/752/599 444/718/566
f 405/725/573 406/979/600 445/756/599
f 445/756/599 408/742/590 409/744/592
f 442/716/564 437/998/829 441/758/603
f 441/758/603 450/763/608 449/759/604
f 451/714/562 441/758/603 538/760/605
f 541/762/607 449/759/604 450/763/608
f 495/765/610 429/996/827 428/754/601
f 453/767/612 451/714/562 452/761/606
f 447/713/561 453/767/612 454/768/613
f 535/769/614 496/954/791 410/711/559
f 466/772/617 381/1382/1162 382/773/618
f 373/690/540 458/776/621 397/775/620
f 458/776/621 459/962/797 398/777/622
f 461/689/539 460/1378/1158 462/778/623
f 375/779/624 462/778/623 422/780/625
f 377/782/627 463/781/626 422/780/625
f 379/784/629 377/782/627 464/783/628
f 379/784/629 435/785/630 413/786/631
f 556/788/633 574/1040/867 564/789/634
f 601/791/636 468/822/667 470/792/637
f 544/794/639 545/875/718 540/795/640
f 473/797/642 608/1383/1163 474/798/643
f 516/800/645 513/865/708 507/801/646
f 480/803/648 471/799/644 475/804/649
f 599/806/651 485/1384/1164 601/791/636
f 475/804/649 609/1020/848 610/808/653
f 587/810/655 598/1010/839 606/811/656
f 482/813/658 481/1385/1165 484/814/659
f 589/815/660 477/1386/660 479/816/661
f 482/818/663 468/1387/1166 478/819/664
f 610/808/653 469/1388/1167 482/813/658
f 601/791/636 485/1384/1164 478/821/666
f 602/823/668 470/1389/1168 469/824/669
f 481/826/671 478/1390/671 485/827/672
f 605/829/674 486/1391/1169 487/830/675
f 586/832/677 597/1392/678 593/833/678
f 588/835/680 598/1010/839 587/810/655
f 487/837/682 486/1393/1170 593/838/683
f 611/840/684 604/831/676 487/830/675
f 606/842/685 603/1045/871 609/843/686
f 452/761/606 538/760/605 539/845/688
f 535/769/614 454/768/613 536/847/690
f 542/796/641 541/762/607 495/765/610
f 532/850/693 530/903/745 531/851/694
f 561/853/696 567/909/750 579/854/697
f 516/800/645 553/900/742 544/794/639
f 526/857/700 527/861/704 529/858/701
f 524/860/703 525/885/728 527/861/704
f 502/862/705 503/1021/849 504/863/706
f 515/856/699 514/915/756 513/865/708
f 533/848/691 536/847/690 548/866/709
f 568/867/710 569/910/751 570/868/711
f 605/870/713 488/1394/1171 586/832/677
f 526/857/700 549/913/754 550/871/714
f 537/846/689 539/845/688 546/872/715
f 551/874/717 546/872/715 545/875/718
f 522/877/720 551/874/717 552/876/719
f 518/879/722 517/802/647 508/880/723
f 563/882/725 508/880/723 517/802/647
f 505/883/726 563/882/725 507/801/646
f 522/877/720 523/961/796 525/885/728
f 575/886/729 557/946/783 576/887/730
f 498/889/732 497/1395/695 531/890/694
f 499/891/733 531/890/694 500/892/734
f 518/879/722 519/881/724 520/893/735
f 611/894/736 616/1396/736 389/895/737
f 538/760/605 449/759/604 540/795/640
f 489/897/739 491/902/744 493/898/740
f 552/876/719 545/875/718 544/794/639
f 457/901/743 490/918/759 491/902/744
f 530/903/745 528/859/702 500/904/734
f 607/905/746 606/842/685 474/844/687
f 494/907/748 514/915/756 515/856/699
f 536/847/690 537/846/689 547/873/716
f 491/902/744 510/911/752 511/908/749
f 567/909/750 561/853/696 569/910/751
f 499/891/733 509/912/753 510/911/752
f 501/864/707 504/863/706 509/912/753
f 549/913/754 548/866/709 547/873/716
f 504/863/706 506/884/727 512/914/755
f 550/871/714 547/873/716 546/872/715
f 512/914/755 513/865/708 514/915/756
f 501/864/707 500/892/734 566/916/757
f 517/802/647 518/879/722 553/900/742
f 534/917/758 497/1395/695 498/889/732
f 528/859/702 529/858/701 566/919/757
f 506/884/727 507/801/646 513/865/708
f 554/920/760 570/931/761 575/921/761
f 386/923/762 595/1317/1121 813/924/763
f 569/926/765 561/671/524 558/673/526
f 565/928/767 576/1005/836 525/929/768
f 519/930/769 573/1397/776 564/739/587
f 557/927/766 575/921/761 570/931/761
f 563/932/770 571/1025/853 572/933/771
f 503/935/773 568/968/803 562/936/774
f 508/934/772 572/933/771 573/938/776
f 566/940/777 529/994/825 578/941/778
f 558/943/780 559/1006/837 578/944/781
f 557/946/783 558/943/780 577/945/782
f 493/898/740 511/908/749 514/915/756
f 490/918/759 498/889/732 510/911/752
f 571/947/784 554/950/787 555/948/785
f 562/869/712 570/868/711 554/950/787
f 548/866/709 549/913/754 530/903/745
f 471/799/644 480/803/648 472/951/788
f 464/952/789 434/717/565 440/719/567
f 533/848/691 534/1044/758 496/954/791
f 490/918/759 457/901/743 496/955/791
f 574/922/526 556/1398/524 555/956/526
f 812/957/792 618/1319/1123 619/958/793
f 567/960/795 502/967/802 566/940/777
f 539/845/688 540/795/640 545/875/718
f 521/878/721 520/893/735 523/961/796
f 459/962/797 381/1382/1162 466/772/617
f 448/766/611 494/907/748 543/849/692
f 492/899/741 493/898/740 494/907/748
f 543/849/692 515/856/699 544/794/639
f 449/759/604 541/762/607 542/796/641
f 454/768/613 452/761/606 537/846/689
f 378/963/798 379/970/805 465/964/799
f 465/964/799 467/982/815 383/966/801
f 502/967/802 567/960/795 568/968/803
f 409/744/592 456/743/591 455/969/804
f 395/374/248 377/373/247 379/970/805
f 435/953/790 440/719/567 406/753/600
f 374/972/807 391/683/534 461/973/808
f 611/975/810 612/1054/879 613/976/811
f 405/725/573 404/1379/1159 413/978/806
f 422/980/813 462/1011/840 421/981/814
f 382/379/253 384/1361/1148 383/966/801
f 401/729/577 466/728/576 402/724/572
f 402/774/619 382/773/618 467/985/818
f 372/987/820 472/697/547 479/988/821
f 413/990/631 404/986/819 467/985/818
f 376/372/246 374/972/807 375/974/809
f 464/952/789 422/980/813 433/720/568
f 577/993/824 578/941/778 529/994/825
f 446/712/560 443/715/563 453/767/612
f 426/748/595 428/754/601 429/996/827
f 444/718/566 439/721/569 443/715/563
f 421/981/814 420/750/597 423/735/583
f 425/749/596 429/996/827 436/764/609
f 437/998/829 431/734/582 450/763/608
f 411/738/586 455/969/804 412/999/830
f 430/997/828 436/764/609 450/763/608
f 424/733/581 417/732/580 425/749/596
f 407/757/602 409/744/592 411/738/586
f 414/737/585 415/1381/1161 401/729/577
f 459/377/251 387/376/250 385/378/252
f 576/1005/836 577/993/824 527/995/826
f 579/854/697 578/944/781 559/1006/837
f 572/949/786 555/948/785 556/1007/633
f 389/895/737 488/1399/838 605/1009/838
f 549/913/754 526/857/700 528/859/702
f 598/1010/839 588/835/680 599/806/651
f 462/1011/840 460/709/557 420/750/597
f 457/901/743 456/743/591 410/1012/559
f 407/757/602 414/737/585 403/726/574
f 588/817/662 480/1055/880 476/1013/841
f 580/1015/843 581/1042/869 803/1016/844
f 489/897/739 455/969/804 456/743/591
f 613/1018/846 396/1336/1140 378/984/817
f 492/899/741 412/999/830 455/969/804
f 423/735/583 431/734/582 437/998/829
f 429/996/827 495/765/610 541/762/607
f 485/827/672 599/1014/842 476/1013/841
f 524/860/703 550/871/714 551/874/717
f 509/912/753 512/914/755 511/908/749
f 475/804/649 471/799/644 474/798/643
f 475/804/649 483/809/654 484/814/659
f 503/1021/849 505/883/726 506/884/727
f 583/1022/850 584/1324/1128 810/1023/851
f 505/937/775 562/936/774 571/1025/853
f 607/1026/854 392/1320/1124 591/1027/855
f 804/1029/856 393/1323/1127 592/1030/857
f 808/1032/859 394/1318/1122 620/1033/860
f 802/1035/862 396/1400/1172 621/1036/863
f 621/1036/863 396/1400/1172 613/1038/865
f 574/1040/867 575/886/729 565/888/731
f 479/1041/868 477/1401/1173 581/1042/869
f 598/1010/839 600/807/652 603/1043/870
f 601/791/636 602/793/638 603/1043/870
f 532/850/693 497/852/695 534/1044/758
f 448/766/611 428/754/601 412/999/830
f 602/823/668 610/825/670 609/843/686
f 470/1046/872 468/1387/1166 482/818/663
f 487/837/682 594/839/682 615/1048/874
f 401/729/577 415/1381/1161 416/730/578
f 388/1050/875 582/1322/1126 814/1051/876
f 521/878/721 552/876/719 553/900/742
f 616/1019/847 378/984/817 380/706/555
f 608/696/546 473/699/548 390/698/548
f 615/1053/878 614/1402/1174 613/976/811
f 479/816/661 472/1403/1175 480/1055/880
f 626/1056/881 708/1257/881 627/1057/882
f 703/1059/884 622/1065/890 637/1060/885
f 635/1062/887 634/1404/1176 632/1063/888
f 622/1065/890 703/1059/884 623/1066/891
f 623/1066/891 706/1238/1050 641/1068/892
f 623/1072/896 669/1153/970 705/1073/897
f 641/1078/901 642/1342/1146 761/1079/902
f 717/1081/904 622/1252/1062 640/1082/905
f 739/1087/910 740/1405/1177 733/1088/911
f 630/1090/913 633/1089/912 733/1088/911
f 668/1092/914 670/1128/948 705/1093/915
f 658/1095/917 696/1132/952 697/1096/918
f 700/574/437 693/1120/942 692/1097/919
f 684/1098/920 689/1102/924 694/1099/921
f 683/1101/923 688/1104/926 689/1102/924
f 683/1101/923 671/1246/1056 682/1103/925
f 652/1105/927 654/1406/1178 655/1106/928
f 650/1108/930 648/1407/1179 711/1109/931
f 666/1111/933 667/1113/935 649/1112/934
f 668/1092/914 649/1112/934 667/1113/935
f 674/1114/936 680/1258/1065 681/1115/937
f 677/1117/939 665/1408/1180 664/1118/940
f 682/1103/925 687/1135/954 692/1097/919
f 689/1102/924 688/1104/926 692/1097/919
f 659/1121/943 658/1409/917 660/1122/455
f 740/1123/944 739/1328/1132 750/1124/945
f 667/1113/935 666/1111/933 676/1126/946
f 670/1128/948 668/1092/914 674/1114/936
f 647/1129/949 648/1407/1179 650/1108/930
f 690/1100/922 694/1099/921 695/1130/950
f 649/1112/934 668/1092/914 669/1094/916
f 662/559/422 678/1267/1074 676/1126/946
f 666/1111/933 665/1408/1180 677/1117/939
f 658/1095/917 695/1130/950 694/1099/921
f 655/1106/928 656/1244/951 695/1133/950
f 695/1133/950 658/1409/917 659/1121/943
f 687/1135/954 691/570/433 699/572/435
f 329/1136/955 798/1278/1085 782/1137/427
f 789/562/425 780/674/527 315/675/528
f 317/1140/957 316/1274/1081 785/1141/958
f 317/1140/957 790/1142/959 793/1143/960
f 779/1145/962 776/1273/1080 324/1146/963
f 711/1149/966 631/1410/1181 632/1150/967
f 703/1152/969 647/1155/972 669/1153/970
f 703/1152/969 704/1228/1042 648/1154/971
f 706/1074/897 705/1073/897 707/1156/973
f 625/1157/974 707/1156/973 672/1158/975
f 627/1160/977 708/1159/976 672/1158/975
f 629/1162/979 627/1160/977 709/1161/978
f 629/1162/979 685/1163/980 663/1164/981
f 755/1166/982 713/1191/1006 715/1167/983
f 718/1169/985 762/1411/1182 719/1170/986
f 725/1172/988 716/1171/987 720/1173/989
f 753/1175/991 730/1412/1183 755/1166/982
f 720/1173/989 763/1279/1086 764/1177/993
f 741/1179/995 752/1265/1072 760/1180/996
f 727/1182/998 726/1413/1184 729/1183/999
f 743/1184/1000 722/1414/1000 724/1185/1001
f 727/1187/1003 713/1415/1185 723/1188/1004
f 764/1177/993 714/1416/1186 727/1182/998
f 755/1166/982 730/1412/1183 723/1190/1005
f 756/1192/1007 715/1417/1187 714/1193/1008
f 726/1195/1010 723/1418/1010 730/1196/1011
f 759/1198/1013 731/1419/1013 732/1199/1014
f 740/1201/1016 751/1420/1017 747/1202/1017
f 742/1204/1019 752/1265/1072 741/1179/995
f 732/1206/1021 731/1421/1188 747/1207/1022
f 765/1209/1024 758/1200/1015 732/1199/1014
f 760/1211/1025 757/1302/1107 763/1212/1026
f 759/1214/1028 733/1422/1189 740/1201/1016
f 765/1215/1029 770/1423/1029 639/1216/1030
f 761/521/389 760/1211/1025 719/1213/1027
f 831/1219/1033 636/1325/1129 749/1220/1034
f 716/1171/987 725/1172/988 717/1222/1036
f 709/1223/1037 684/1098/920 690/1100/922
f 827/1225/1039 828/1330/1134 772/1226/1040
f 704/1228/1042 631/1410/1181 711/1149/966
f 628/1229/1043 629/1235/1047 710/1230/1044
f 710/1232/1044 712/1247/1057 633/1233/1046
f 702/567/430 701/575/438 661/1119/941
f 645/1058/883 627/1057/882 629/1235/1047
f 690/1100/922 656/1131/951 663/1236/1048
f 624/1237/1049 641/1068/892 706/1238/1050
f 765/1240/1052 766/1311/1116 767/1241/1053
f 655/1106/928 654/1406/1178 663/1243/1048
f 672/1245/1055 707/1266/1073 671/1246/1056
f 632/1063/888 634/1404/1176 633/1233/1046
f 651/1110/932 711/1109/931 652/1105/927
f 652/1151/968 632/1150/967 712/1250/1060
f 622/1252/1062 717/1081/904 724/1253/1063
f 663/1255/981 654/1251/1061 712/1250/1060
f 626/1056/881 624/1237/1049 625/1239/1051
f 709/1223/1037 672/1245/1055 683/1101/923
f 696/1132/952 693/1120/942 700/574/437
f 676/1126/946 678/1267/1074 679/351/225
f 694/1099/921 689/1102/924 693/1120/942
f 671/1246/1056 670/1128/948 673/1116/938
f 675/1127/947 679/351/225 686/360/234
f 681/1115/937 698/362/236 691/570/433
f 701/575/438 662/559/422 677/1117/939
f 680/1258/1065 686/360/234 698/362/236
f 674/1114/936 667/1113/935 675/1127/947
f 657/1134/953 659/1121/943 661/1119/941
f 664/1118/940 665/1408/1180 651/1110/932
f 704/1061/886 637/1060/885 635/1062/887
f 639/1216/1030 733/1424/1071 759/1264/1071
f 752/1265/1072 742/1204/1019 753/1175/991
f 707/1266/1073 705/1093/915 670/1128/948
f 678/1267/1074 662/559/422 795/561/424
f 657/1134/953 664/1118/940 653/1107/929
f 742/1186/1002 725/1312/1117 721/1268/1075
f 825/1270/1077 734/1300/1105 735/1271/1078
f 776/1273/1080 785/1141/958 316/1274/1081
f 767/1275/1082 646/1341/1145 628/1249/1059
f 326/1144/961 793/1143/960 794/1277/1084
f 673/1116/938 681/1115/937 687/1135/954
f 319/413/286 796/412/285 798/1278/1085
f 730/1196/1011 753/1269/1076 721/1268/1075
f 720/1173/989 716/1171/987 719/1170/986
f 720/1173/989 728/1178/994 729/1183/999
f 817/1280/1087 737/1331/1135 738/1281/1088
f 590/1283/1090 606/842/685 607/905/746
f 771/1285/1091 761/1425/1091 642/1286/1092
f 822/1288/1094 820/1327/1131 643/1289/1095
f 821/1291/1097 824/1326/1130 644/1292/1098
f 818/1294/1100 646/1426/1190 775/1295/1101
f 775/1295/1101 646/1426/1190 767/1297/1103
f 724/1299/1104 722/1427/1104 735/1271/1078
f 752/1265/1072 754/1176/992 757/1301/1106
f 755/1166/982 756/1168/984 757/1301/1106
f 700/574/437 781/573/436 788/595/456
f 756/1192/1007 764/1194/1009 763/1212/1026
f 715/1303/1108 713/1415/1185 727/1187/1003
f 732/1206/1021 748/1208/1023 769/1305/1110
f 651/1110/932 665/1408/1180 666/1111/933
f 816/1307/1112 638/1329/1133 736/1308/1113
f 770/1276/1083 628/1249/1059 630/1090/913
f 762/1080/903 718/1083/906 640/1082/905
f 769/1310/1115 768/1428/1115 767/1241/1053
f 724/1185/1001 717/1429/1191 725/1312/1117
f 785/1141/958 784/617/476 791/353/227
f 792/352/226 795/561/424 794/1277/1084
f 795/561/424 797/560/423 796/412/285
f 777/361/235 776/1273/1080 779/1145/962
f 797/560/423 799/569/432 798/1278/1085
f 791/353/227 792/352/226 793/1143/960
f 799/569/432 783/568/431 782/1137/427
f 784/617/476 785/1141/958 776/1273/1080
f 781/573/436 780/674/527 789/562/425
f 789/562/425 782/564/427 783/596/431
f 778/1313/1118 779/1145/962 787/549/412
f 786/571/434 787/549/412 780/674/527
f 698/362/236 777/361/235 778/1313/1118
f 330/1314/380 295/516/384 305/425/298
f 347/611/470 336/643/500 337/665/519
f 348/1315/1119 354/633/492 357/632/491
f 222/390/263 230/417/290 223/349/223
f 800/1052/877 814/1051/876 595/1317/1121
f 394/1318/1122 802/1035/862 807/1037/864
f 618/1319/1123 808/1032/859 805/1034/861
f 392/1320/1124 804/1029/856 806/1031/858
f 801/1024/852 810/1023/851 596/1321/1125
f 809/1017/845 803/1016/844 582/1322/1126
f 393/1323/1127 812/957/792 811/959/794
f 815/925/764 813/924/763 584/1324/1128
f 636/1325/1129 816/1307/1112 830/1309/1114
f 774/1293/1099 644/1292/1098 818/1294/1100
f 773/1227/1041 772/1226/1040 824/1326/1130
f 745/1287/1093 642/1286/1092 820/1327/1131
f 817/1280/1087 826/1282/1089 750/1124/945
f 638/1329/1133 825/1270/1077 819/1272/1079
f 746/1290/1096 643/1289/1095 828/1330/1134
f 737/1331/1135 831/1219/1033 829/1221/1035
o prop_garage_canister.001
v -2.432320 0.308402 0.888884
v -2.425820 0.272918 0.899595
v -2.350020 0.272222 0.940585
v -2.349831 0.294920 0.959476
v -2.430823 0.298113 0.908896
v -2.434681 0.486971 0.893354
v -2.416678 0.581394 0.869805
v -2.409155 0.593731 0.876218
v -2.440080 0.486805 0.889687
v -2.421564 0.579763 0.864029
v -2.437270 0.291202 0.882003
v -2.437563 0.309001 0.883971
v -2.530290 0.647273 0.742539
v -2.538487 0.631232 0.736539
v -2.459643 0.488198 0.895470
v -2.461644 0.649882 0.788119
v -2.458081 0.305069 0.890694
v -2.422485 0.648469 0.814017
v -2.416022 0.644017 0.818141
v -2.591389 0.277818 0.795828
v -2.657131 0.299583 0.730949
v -2.596575 0.296486 0.796576
v -2.592958 0.489932 0.803949
v -2.589640 0.510667 0.802918
v -2.620251 0.537169 0.755330
v -2.622297 0.542096 0.740732
v -2.565553 0.596364 0.755680
v -2.551055 0.596134 0.778489
v -2.531490 0.597795 0.796385
v -2.434069 0.594692 0.863267
v -2.395115 0.622541 0.831233
v -2.500079 0.648051 0.762585
v -2.506102 0.644776 0.758479
v -2.513700 0.624757 0.752734
v -2.396241 0.654191 0.831609
v -2.501968 0.668209 0.762048
v -2.419584 0.603808 0.814355
v -2.519621 0.601073 0.770850
v -2.506810 0.604112 0.756568
v -2.512889 0.610795 0.752776
v -2.408676 0.661933 0.837838
v -2.419603 0.665675 0.832103
v -2.466120 0.668084 0.800240
v -2.511198 0.664934 0.770286
v -2.459373 0.670898 0.790369
v -2.406872 0.668303 0.825065
v -2.399653 0.663905 0.829693
v -2.405847 0.650406 0.840235
v -2.416714 0.647946 0.840085
v -2.418981 0.656286 0.838535
v -2.428303 0.659413 0.832490
v -2.469622 0.659513 0.805654
v -2.512810 0.659882 0.776296
v -2.524767 0.659359 0.761200
v -2.539253 0.601109 0.771075
v -2.525320 0.655736 0.768014
v -2.531882 0.643897 0.765844
v -2.539447 0.629467 0.762822
v -2.541454 0.615643 0.762989
v -2.522664 0.611652 0.765038
v -2.521962 0.626487 0.764311
v -2.518240 0.637907 0.765605
v -2.519581 0.648276 0.771194
v -2.510519 0.653353 0.778029
v -2.468721 0.653683 0.804702
v -2.435927 0.651592 0.825328
v -2.428387 0.649599 0.829473
v -2.413715 0.637052 0.819423
v -2.423069 0.643308 0.832382
v -2.430523 0.601888 0.834176
v -2.422147 0.625295 0.832467
v -2.417170 0.602436 0.844136
v -2.416761 0.624637 0.840134
v -2.405704 0.595434 0.841790
v -2.403948 0.622760 0.840095
v -2.554133 0.614552 0.749382
v -2.413705 0.622274 0.818906
v -2.511754 0.636355 0.754435
v -2.546769 0.615452 0.730491
v -2.544679 0.630598 0.752700
v -2.535739 0.645858 0.757225
v -2.519828 0.660808 0.749952
v -2.649755 0.500943 0.723557
v -2.656069 0.300052 0.721587
v -2.642058 0.517181 0.719729
v -2.565761 0.600332 0.747201
v -2.391502 0.594789 0.890202
v -2.348927 0.509344 0.961625
v -2.431130 0.290711 0.886415
v -2.454538 0.504872 0.894859
v -2.458803 0.277702 0.887358
v -2.656298 0.476250 0.730637
v -2.646713 0.502225 0.749908
v -2.636471 0.523180 0.750041
v -2.656169 0.476116 0.740125
v -2.641996 0.280855 0.743589
v -2.638519 0.277001 0.738131
v -2.587843 0.272218 0.791060
v -2.453909 0.272073 0.883035
v -2.433643 0.503778 0.908588
v -2.432379 0.489393 0.913406
v -2.357664 0.275668 0.947533
v -2.429142 0.280801 0.906039
v -2.341247 0.497877 0.963190
v -2.349488 0.498680 0.965903
v -2.341043 0.293946 0.958381
v -2.597510 0.546789 0.694435
v -2.619707 0.517676 0.678694
v -2.624736 0.502512 0.674824
v -2.626141 0.479141 0.673064
v -2.622917 0.302144 0.668924
v -2.601911 0.277978 0.681987
v -2.540641 0.272598 0.722395
v -2.405566 0.274254 0.811959
v -2.395270 0.292236 0.819419
v -2.389681 0.291632 0.823101
v -2.380968 0.274777 0.828277
v -2.307288 0.274283 0.877082
v -2.292811 0.296268 0.887454
v -2.294475 0.501556 0.893631
v -2.298281 0.511583 0.891464
v -2.364692 0.597389 0.850501
v -2.384282 0.596403 0.837485
v -2.392342 0.583076 0.831671
v -2.397915 0.582960 0.827974
v -2.398743 0.595971 0.827887
v -2.553093 0.602194 0.725831
v -2.649032 0.286393 0.728632
v -2.651301 0.288086 0.736042
v -2.614152 0.287928 0.674229
v -2.350991 0.282884 0.955245
v -2.342775 0.280674 0.951224
v -2.297293 0.282866 0.884009
v -2.346344 0.313002 0.759133
v -2.332794 0.277896 0.759204
v -2.265470 0.276747 0.812987
v -2.248756 0.300329 0.806938
v -2.327010 0.303668 0.752228
v -2.348977 0.491557 0.764016
v -2.366698 0.584068 0.794379
v -2.358265 0.596454 0.799417
v -2.354454 0.491387 0.760464
v -2.373868 0.582315 0.792048
v -2.354045 0.295656 0.756405
v -2.352930 0.313530 0.756247
v -2.356814 0.493701 0.740286
v -2.354624 0.310605 0.734562
v -2.493053 0.283080 0.647425
v -2.579118 0.303757 0.613217
v -2.494998 0.301921 0.643282
v -2.493113 0.495274 0.653270
v -2.493443 0.515815 0.657744
v -2.550042 0.540926 0.649374
v -2.564433 0.545192 0.653407
v -2.530302 0.598250 0.702481
v -2.503649 0.598671 0.706947
v -2.479601 0.600571 0.718076
v -2.379936 0.597589 0.781573
v -2.498570 0.602199 0.739081
v -2.395616 0.662632 0.818129
v -2.405280 0.666441 0.810487
v -2.452832 0.668795 0.780186
v -2.497884 0.665647 0.750194
v -2.391930 0.651151 0.819233
v -2.396229 0.649042 0.809171
v -2.398812 0.657365 0.808098
v -2.408116 0.660493 0.802024
v -2.448938 0.660620 0.774438
v -2.492819 0.660952 0.746127
v -2.511359 0.660076 0.740965
v -2.506027 0.602887 0.720932
v -2.505188 0.656814 0.737630
v -2.509358 0.645102 0.731853
v -2.514621 0.630795 0.725356
v -2.514800 0.617069 0.722764
v -2.505450 0.612574 0.739060
v -2.506329 0.627324 0.740719
v -2.504058 0.638666 0.744204
v -2.499777 0.649336 0.741307
v -2.490118 0.654445 0.747240
v -2.449272 0.654723 0.775351
v -2.417425 0.652582 0.797407
v -2.410603 0.650550 0.802636
v -2.405646 0.644240 0.806089
v -2.405553 0.603224 0.796494
v -2.404620 0.626233 0.806017
v -2.391196 0.603826 0.804937
v -2.395443 0.625778 0.807962
v -2.388651 0.596347 0.816054
v -2.390416 0.623484 0.819674
v -2.532233 0.615723 0.716331
v -2.526014 0.631597 0.724531
v -2.518859 0.646761 0.731750
v -2.589610 0.504161 0.632791
v -2.587334 0.303730 0.617855
v -2.590658 0.519932 0.642159
v -2.538314 0.601801 0.705780
v -2.338542 0.597623 0.810278
v -2.253420 0.514454 0.817492
v -2.347573 0.295183 0.760316
v -2.355928 0.510149 0.746041
v -2.357082 0.283145 0.733848
v -2.584845 0.480074 0.622803
v -2.564219 0.506640 0.625413
v -2.560783 0.527230 0.635817
v -2.576059 0.480402 0.619228
v -2.560970 0.285191 0.621310
v -2.564509 0.280962 0.626439
v -2.495873 0.277139 0.652265
v -2.358966 0.277154 0.739753
v -2.335104 0.509050 0.759879
v -2.329708 0.494887 0.758461
v -2.262173 0.280778 0.803423
v -2.328418 0.286191 0.754032
v -2.248608 0.502834 0.823385
v -2.249355 0.504038 0.814789
v -2.246301 0.299015 0.815401
v -2.577659 0.290212 0.620920
v -2.571782 0.292341 0.616036
v -2.252708 0.288143 0.806922
v -2.253129 0.285471 0.815935
v -2.692658 0.698147 0.656129
v -2.635356 0.640590 0.683798
v -2.699663 0.691721 0.654317
v -2.678154 0.704959 0.646583
v -2.678983 0.692822 0.623142
v -2.624860 0.635996 0.660285
v -2.628423 0.629036 0.654675
v -2.647792 0.624063 0.652501
v -2.642559 0.635054 0.686964
v -2.648884 0.627947 0.685520
v -2.654182 0.623183 0.678817
v -2.653620 0.618882 0.671081
v -2.701193 0.679578 0.643326
v -2.704052 0.685330 0.648365
v -2.759272 0.714500 0.603022
v -2.758138 0.711224 0.599416
v -2.755829 0.710150 0.595244
v -2.758849 0.719165 0.605045
v -2.748273 0.719728 0.589103
v -2.684795 0.702986 0.653302
v -2.674492 0.703533 0.637770
v -2.674795 0.699097 0.629200
v -2.701402 0.693931 0.614096
v -2.685965 0.686293 0.621101
v -2.707329 0.689559 0.617814
v -2.700313 0.678969 0.630965
v -2.716734 0.693141 0.637273
v -2.715498 0.689145 0.630115
v -2.702598 0.681609 0.641925
v -2.706083 0.715732 0.628435
v -2.710621 0.713762 0.634053
v -2.718456 0.701765 0.637689
v -2.806474 0.736779 0.579253
v -2.718177 0.695309 0.633341
v -2.701034 0.709528 0.616216
v -2.790538 0.744174 0.558994
v -2.791131 0.737595 0.556123
v -2.705567 0.696229 0.614309
v -2.708627 0.690554 0.617522
v -2.712822 0.688552 0.623037
v -2.802043 0.723911 0.565073
v -2.795559 0.750430 0.570305
v -2.799824 0.748456 0.575724
v -2.799854 0.744473 0.572372
v -2.803814 0.743468 0.579007
v -2.804064 0.737079 0.574559
v -2.807070 0.730198 0.576402
v -2.804433 0.732956 0.572770
v -2.805450 0.725489 0.571205
v -2.803403 0.729993 0.569537
v -2.801263 0.729011 0.565699
v -2.797250 0.745686 0.569086
v -2.795135 0.744725 0.565259
v -2.792167 0.748864 0.564182
v -2.794136 0.741799 0.562000
v -2.793774 0.730905 0.556360
v -2.796180 0.733396 0.560329
v -2.797775 0.725897 0.559636
v -2.754172 0.727372 0.602601
v -2.802371 0.741360 0.574413
v -2.756963 0.723900 0.604875
v -2.751275 0.728718 0.598915
v -2.748967 0.727649 0.594754
v -2.747849 0.724385 0.591135
v -2.794523 0.737588 0.560176
v -2.750150 0.714986 0.589270
v -2.798660 0.730245 0.562388
v -2.752922 0.711502 0.591552
v -2.615156 0.629204 0.685709
v -2.622678 0.626960 0.693314
v -2.642974 0.635805 0.689432
v -2.650839 0.628526 0.687352
v -2.644210 0.607060 0.687613
v -2.644559 0.602019 0.677926
v -2.660439 0.621512 0.668348
v -2.626560 0.643540 0.678648
v -2.627516 0.629767 0.652194
v -2.624001 0.608135 0.657149
v -2.632892 0.602640 0.660337
v -2.644139 0.616916 0.652462
v -2.655976 0.619896 0.658306
v -2.634078 0.641303 0.686250
v -2.655548 0.621416 0.680539
v -2.656642 0.616145 0.671026
v -2.627578 0.641117 0.677883
v -2.625149 0.641133 0.668412
v -2.622418 0.641923 0.668672
v -2.622774 0.636880 0.658983
v -2.635396 0.622484 0.650119
v -2.636503 0.624124 0.652167
v -2.658268 0.623506 0.668293
v -2.629614 0.618613 0.693213
v -2.635886 0.612813 0.691553
v -2.639665 0.607154 0.686145
v -2.616553 0.624767 0.684627
v -2.613258 0.623477 0.676680
v -2.617318 0.613801 0.663563
v -2.623585 0.608009 0.661906
v -2.636650 0.601853 0.670492
v -2.639951 0.603137 0.678427
v -2.639456 0.614176 0.694411
v -2.631578 0.621466 0.696498
v -2.622543 0.622983 0.690677
v -2.611012 0.627581 0.675728
v -2.613536 0.619469 0.668976
v -2.611369 0.622541 0.666034
v -2.616122 0.615418 0.659236
v -2.630672 0.603631 0.664439
v -2.640421 0.600399 0.667939
v -2.715133 0.708709 0.637453
v -2.702612 0.714195 0.621985
v -2.701977 0.702503 0.612750
v -2.716922 0.676631 0.625922
v -2.713363 0.677731 0.616136
v -2.711349 0.676923 0.617529
v -2.708341 0.680245 0.614927
v -2.705745 0.684640 0.613903
v -2.706616 0.690861 0.612372
v -2.720405 0.680664 0.628562
v -2.720680 0.685182 0.631305
v -2.718343 0.683981 0.632846
v -2.717494 0.688562 0.635118
v -2.718259 0.679727 0.629853
v -2.714552 0.676232 0.621430
v -2.703479 0.689300 0.614022
v -2.712001 0.687510 0.623548
v -2.722608 0.673924 0.627457
v -2.712067 0.674485 0.611567
v -2.706820 0.673341 0.612133
v -2.691227 0.682243 0.624742
v -2.689376 0.680385 0.625390
v -2.721947 0.671769 0.629834
v -2.722654 0.674399 0.629457
v -2.720008 0.672639 0.632014
v -2.720693 0.675203 0.631639
v -2.710260 0.675059 0.610773
v -2.707513 0.675906 0.611769
v -2.719007 0.677431 0.624653
v -2.720253 0.690125 0.632979
v -2.716314 0.690132 0.629103
v -2.710421 0.681197 0.613481
v -2.708159 0.685855 0.612379
v -2.716489 0.676415 0.620152
v -2.654963 0.622489 0.659091
v -2.699490 0.679039 0.631517
v -2.721994 0.671653 0.627785
v -2.711453 0.672214 0.611895
v -2.709552 0.672428 0.611150
v -2.643532 0.619501 0.655574
v -2.648522 0.622146 0.650384
v -2.348936 0.585388 0.881249
v -2.336386 0.594811 0.869409
v -2.315858 0.577716 0.846923
v -2.310683 0.583556 0.851383
v -2.303347 0.565452 0.849296
v -2.291186 0.559337 0.863465
v -2.295518 0.543479 0.874217
v -2.290799 0.550112 0.878055
v -2.302269 0.539625 0.890101
v -2.335328 0.569617 0.909271
v -2.323110 0.557639 0.911590
v -2.314387 0.542475 0.902662
v -2.328574 0.551178 0.908560
v -2.341086 0.563444 0.906187
v -2.342907 0.564318 0.910873
v -2.348539 0.575977 0.896190
v -2.350885 0.577369 0.900632
v -2.299959 0.538409 0.891591
v -2.342196 0.589219 0.865359
v -2.330068 0.586392 0.852808
v -2.327308 0.589701 0.847869
v -2.312801 0.579467 0.843114
v -2.291845 0.553418 0.856119
v -2.295894 0.552917 0.859295
v -2.289769 0.543035 0.871137
v -2.339714 0.590375 0.885293
v -2.339364 0.581975 0.898582
v -2.320609 0.611332 0.898256
v -2.320268 0.603131 0.911225
v -2.313800 0.592251 0.919905
v -2.321588 0.559897 0.909596
v -2.302930 0.581600 0.921967
v -2.308950 0.552154 0.904358
v -2.290594 0.574037 0.916855
v -2.280076 0.571592 0.905944
v -2.288762 0.577023 0.917606
v -2.278462 0.579042 0.907277
v -2.287564 0.581166 0.916722
v -2.282061 0.582538 0.904998
v -2.298245 0.587714 0.921147
v -2.305032 0.596603 0.914521
v -2.298167 0.549636 0.893174
v -2.300708 0.584344 0.922554
v -2.311221 0.594650 0.920560
v -2.317483 0.605182 0.912159
v -2.317816 0.613121 0.899602
v -2.314740 0.614654 0.884464
v -2.333697 0.593779 0.871156
v -2.304222 0.612204 0.873553
v -2.291886 0.604641 0.868439
v -2.299140 0.572605 0.856842
v -2.301953 0.613965 0.875689
v -2.312132 0.616338 0.886253
v -2.313552 0.613451 0.900619
v -2.313244 0.606350 0.911852
v -2.307645 0.596931 0.919364
v -2.309448 0.604016 0.908612
v -2.309689 0.609607 0.899775
v -2.308460 0.616323 0.888688
v -2.299367 0.614206 0.879236
v -2.290007 0.606644 0.870741
v -2.281025 0.593995 0.870498
v -2.274549 0.583110 0.879184
v -2.292152 0.553048 0.879035
v -2.305691 0.611871 0.890382
v -2.288678 0.607657 0.874818
v -2.279495 0.596338 0.872735
v -2.273233 0.585806 0.881136
v -2.274207 0.574909 0.892153
v -2.290106 0.605045 0.879454
v -2.279277 0.598440 0.876600
v -2.273678 0.589021 0.884113
v -2.272898 0.577867 0.893693
v -2.278583 0.574649 0.907042
v -2.273380 0.581921 0.895340
v -2.278076 0.584801 0.895622
v -2.307152 0.605774 0.909788
v -2.296401 0.611875 0.884532
v -2.298516 0.610201 0.882931
v -2.282707 0.597791 0.880867
v -2.281004 0.599671 0.882648
v -2.278305 0.590381 0.886782
v -2.276773 0.592459 0.888471
v -2.297633 0.589352 0.915919
v -2.289226 0.584208 0.912431
v -2.287364 0.586484 0.913320
v -2.342995 0.591077 0.884917
v -2.342608 0.581857 0.899507
v -2.322918 0.591269 0.859972
v -2.324564 0.592058 0.857132
v -2.310276 0.583524 0.854733
v -2.298465 0.571578 0.853701
v -2.292502 0.561445 0.865748
v -2.297407 0.546377 0.893563
v -2.332733 0.570818 0.907483
v -2.309230 0.549131 0.905840
v -2.346635 0.611282 0.863190
v -2.333148 0.612380 0.850352
v -2.335353 0.610120 0.848767
v -2.337795 0.596611 0.868585
v -2.349674 0.590094 0.876635
v -2.342933 0.591735 0.864959
v -2.329756 0.595973 0.857414
v -2.338736 0.600627 0.868055
v -2.345099 0.598626 0.881519
v -2.362417 0.577454 0.868159
v -2.355480 0.609049 0.879109
v -2.350565 0.590970 0.877979
v -2.344885 0.595168 0.880219
v -2.353236 0.611311 0.880634
v -2.344592 0.613396 0.864619
v -2.337471 0.604495 0.869032
v -2.344911 0.602532 0.881752
v -2.348491 0.601404 0.881131
v -2.302651 0.542100 0.907553
v -2.293480 0.541122 0.895984
v -2.308460 0.538879 0.902380
v -2.295550 0.591460 0.916776
v -2.260056 0.618447 0.931995
v -2.267722 0.623207 0.935058
v -2.302790 0.598513 0.915490
v -2.274348 0.629796 0.933657
v -2.278210 0.636412 0.928265
v -2.307447 0.611287 0.901183
v -2.280480 0.584891 0.906144
v -2.217274 0.657268 0.950610
v -2.223228 0.658867 0.956858
v -2.184971 0.698198 0.981089
v -2.155565 0.715147 0.993574
v -2.160170 0.716598 0.998806
v -2.134784 0.735065 1.015474
v -2.138935 0.739034 1.018274
v -2.164988 0.720822 1.001581
v -2.142100 0.744576 1.018336
v -2.168767 0.726607 1.001257
v -2.170511 0.732381 0.998012
v -2.142587 0.754413 1.010945
v -2.190338 0.701380 0.985168
v -2.229878 0.663484 0.959692
v -2.235412 0.669755 0.958546
v -2.194605 0.707298 0.984279
v -2.196609 0.712961 0.980440
v -2.238411 0.675944 0.953907
v -2.238238 0.680504 0.947074
v -2.196048 0.717018 0.974829
v -2.169835 0.736649 0.992741
v -2.166936 0.738344 0.986846
v -2.139790 0.756088 1.005475
v -2.135790 0.754775 1.000698
v -2.162583 0.737035 0.981810
v -2.157857 0.733054 0.978936
v -2.131649 0.750830 0.997888
v -2.154004 0.727393 0.979002
v -2.128476 0.745301 0.997801
v -2.152047 0.721511 0.982072
v -2.127121 0.739662 1.000468
v -2.152589 0.717001 0.987377
v -2.127956 0.735427 1.005181
v -2.177961 0.698571 0.970521
v -2.180624 0.696863 0.976399
v -2.213892 0.659364 0.942784
v -2.249814 0.618992 0.916556
v -2.253450 0.616871 0.925196
v -2.276606 0.587057 0.897103
v -2.250134 0.624143 0.908544
v -2.254216 0.630867 0.903309
v -2.288186 0.606783 0.881198
v -2.260898 0.637333 0.902167
v -2.268400 0.641878 0.905332
v -2.303489 0.613562 0.891823
v -2.274780 0.643349 0.911977
v -2.278365 0.641348 0.920354
v -2.234975 0.682346 0.939749
v -2.229443 0.680972 0.933817
v -2.223073 0.676760 0.930786
v -2.217435 0.670711 0.931446
v -2.214022 0.664328 0.935790
v -2.176399 0.702122 0.964154
v -2.179069 0.708124 0.960860
v -2.183567 0.713655 0.960780
v -2.188645 0.717412 0.963669
v -2.193177 0.718641 0.968748
v -2.169695 0.729717 0.993680
v -2.169253 0.732593 0.990263
v -2.167357 0.733733 0.986404
v -2.158997 0.726367 0.981324
v -2.157835 0.722504 0.983362
v -2.158278 0.719627 0.986774
v -2.160174 0.718486 0.990634
v -2.163026 0.719374 0.993931
v -2.139054 0.744838 1.014662
v -2.143434 0.750202 1.015652
v -2.135084 0.751301 1.003818
v -2.132569 0.748785 1.002090
v -2.130762 0.733743 1.010678
v -2.134636 0.738961 1.012707
v -2.137131 0.741378 1.014508
v -2.166087 0.722065 0.995802
v -2.168540 0.725858 0.995710
v -2.139867 0.748402 1.013083
v -2.139332 0.751079 1.010216
v -2.137609 0.752155 1.006853
v -2.164507 0.732846 0.983107
v -2.161441 0.730157 0.981237
v -2.130689 0.745282 1.002054
v -2.129972 0.741763 1.003713
v -2.130578 0.739182 1.006584
v -2.132313 0.738190 1.009889
v -2.352600 0.588332 0.885874
v -2.364571 0.574248 0.876845
v -2.362541 0.563974 0.891406
v -2.330020 0.551454 0.913549
v -2.342135 0.538764 0.903839
v -2.315025 0.541629 0.909147
v -2.307922 0.539000 0.902905
v -2.357285 0.582408 0.855114
v -2.348495 0.596635 0.880050
v -2.364986 0.579639 0.867748
v -2.348564 0.580513 0.842993
v -2.339773 0.575511 0.839547
v -2.325359 0.565988 0.835308
v -2.319243 0.523331 0.896591
v -2.310001 0.521698 0.884346
v -2.354675 0.551223 0.901190
v -2.327779 0.528690 0.899776
v -2.320503 0.525752 0.894389
v -2.340736 0.598240 0.866611
v -2.348732 0.599661 0.879892
v -2.341498 0.601619 0.866258
v -2.340287 0.603778 0.867127
v -2.330523 0.602359 0.854044
v -2.331705 0.600568 0.854218
v -2.295227 0.544374 0.894920
v -2.304191 0.544734 0.905547
v -2.331371 0.597550 0.854225
v -2.334688 0.591995 0.853872
v -2.334757 0.590888 0.854147
v -2.328755 0.599498 0.856881
v -2.328594 0.603400 0.857154
v -2.288964 0.545544 0.882593
v -2.286431 0.542964 0.883105
v -2.292552 0.540074 0.879041
v -2.304976 0.526579 0.870982
v -2.302380 0.524228 0.871171
v -2.293353 0.539683 0.879606
v -2.347114 0.578269 0.845091
v -2.299778 0.566611 0.845856
v -2.312875 0.553476 0.838120
v -2.305123 0.540738 0.848038
v -2.302948 0.530059 0.862260
v -2.562752 0.587362 0.698729
v -2.575154 0.595991 0.711307
v -2.595974 0.577455 0.732337
v -2.601049 0.583723 0.728372
v -2.608680 0.565631 0.728979
v -2.620929 0.560891 0.714367
v -2.616850 0.545894 0.702354
v -2.621457 0.552894 0.699073
v -2.610151 0.543240 0.686204
v -2.576595 0.574153 0.669523
v -2.589006 0.562605 0.666243
v -2.597980 0.546907 0.673910
v -2.583649 0.555831 0.668732
v -2.570942 0.567656 0.672090
v -2.569117 0.568870 0.667494
v -2.563292 0.579209 0.683071
v -2.560906 0.580977 0.678843
v -2.612480 0.542187 0.684622
v -2.569440 0.589994 0.714883
v -2.581620 0.586350 0.727170
v -2.584315 0.589268 0.732365
v -2.598994 0.578929 0.736256
v -2.620369 0.554383 0.721204
v -2.616330 0.554076 0.717997
v -2.622617 0.545301 0.705389
v -2.571889 0.592812 0.695112
v -2.572366 0.585531 0.681182
v -2.590619 0.615080 0.683914
v -2.591085 0.607964 0.670307
v -2.597730 0.597926 0.660764
v -2.590492 0.564718 0.668415
v -2.608780 0.587648 0.657844
v -2.603258 0.556780 0.673012
v -2.621253 0.579888 0.662335
v -2.631826 0.576730 0.673026
v -2.623030 0.582968 0.661848
v -2.633303 0.584309 0.672317
v -2.624160 0.587048 0.663071
v -2.629644 0.587569 0.674846
v -2.613372 0.593760 0.659188
v -2.606449 0.602001 0.666520
v -2.614088 0.553533 0.683962
v -2.610962 0.590474 0.657506
v -2.600282 0.600412 0.660327
v -2.593855 0.610122 0.669557
v -2.593400 0.617005 0.682721
v -2.596448 0.617363 0.697947
v -2.577859 0.595149 0.709483
v -2.607021 0.614200 0.708639
v -2.619494 0.606440 0.713131
v -2.612765 0.573444 0.722045
v -2.609265 0.616153 0.706637
v -2.599042 0.619214 0.696293
v -2.597662 0.617484 0.681737
v -2.598077 0.611329 0.669962
v -2.603824 0.602647 0.661710
v -2.601926 0.608828 0.673017
v -2.601605 0.613659 0.682259
v -2.602713 0.619455 0.693866
v -2.611847 0.616723 0.703119
v -2.621334 0.608647 0.710979
v -2.630535 0.596166 0.710215
v -2.637187 0.586123 0.700666
v -2.620056 0.555878 0.698336
v -2.605570 0.615213 0.691804
v -2.622644 0.610010 0.706996
v -2.632012 0.598709 0.708158
v -2.638441 0.588999 0.698929
v -2.637654 0.579007 0.687059
v -2.621248 0.607790 0.702146
v -2.632192 0.601124 0.704473
v -2.637939 0.592441 0.696222
v -2.638896 0.582117 0.685764
v -2.633255 0.579906 0.672192
v -2.638345 0.586287 0.684453
v -2.633610 0.589122 0.684395
v -2.612756 0.613068 0.699086
v -2.628765 0.600801 0.700163
v -2.633290 0.593970 0.693677
v -2.613956 0.595009 0.664529
v -2.622445 0.589730 0.667580
v -2.568596 0.593428 0.695542
v -2.569124 0.585436 0.680248
v -2.588685 0.591911 0.720432
v -2.587028 0.592438 0.723326
v -2.601455 0.583971 0.725030
v -2.613459 0.572175 0.725092
v -2.619578 0.563156 0.712263
v -2.614901 0.550330 0.683308
v -2.579172 0.575247 0.671405
v -2.603026 0.553883 0.671289
v -2.564644 0.611731 0.718842
v -2.578119 0.611997 0.731735
v -2.575953 0.609580 0.733130
v -2.573717 0.597695 0.712274
v -2.561940 0.591664 0.703711
v -2.568662 0.592456 0.715487
v -2.581776 0.596278 0.723360
v -2.572712 0.601638 0.713129
v -2.566377 0.600640 0.699541
v -2.553606 0.581650 0.708463
v -2.555824 0.610660 0.702788
v -2.561622 0.592737 0.703577
v -2.566647 0.597090 0.700554
v -2.558031 0.613076 0.701454
v -2.566651 0.613988 0.717591
v -2.573913 0.605593 0.712472
v -2.566497 0.604553 0.699629
v -2.562978 0.603342 0.700114
v -2.609719 0.547130 0.668999
v -2.618931 0.545352 0.680456
v -2.603965 0.543397 0.673902
v -2.559116 0.590622 0.694378
v -2.551456 0.579024 0.699479
v -2.553664 0.570144 0.684220
v -2.582276 0.556427 0.663772
v -2.574472 0.546321 0.669768
v -2.597412 0.546652 0.667398
v -2.604562 0.543217 0.673339
v -2.558627 0.585586 0.721897
v -2.562856 0.598554 0.701019
v -2.550987 0.583732 0.709057
v -2.567411 0.582850 0.733814
v -2.576255 0.577692 0.736862
v -2.590869 0.568146 0.740302
v -2.597632 0.530729 0.675743
v -2.606897 0.528240 0.687826
v -2.561712 0.558342 0.673434
v -2.588929 0.536235 0.672971
v -2.596316 0.532920 0.678144
v -2.571046 0.599100 0.714192
v -2.562724 0.601479 0.701247
v -2.569935 0.602436 0.714999
v -2.571110 0.604678 0.714311
v -2.580969 0.602382 0.727212
v -2.579751 0.600565 0.726919
v -2.617094 0.548481 0.681767
v -2.608136 0.549560 0.671225
v -2.579905 0.597646 0.726749
v -2.576904 0.591974 0.726591
v -2.576858 0.590864 0.726199
v -2.582721 0.599766 0.724178
v -2.582814 0.603678 0.724227
v -2.623364 0.548742 0.694179
v -2.625950 0.546259 0.693465
v -2.619704 0.542677 0.696428
v -2.611843 0.532086 0.701551
v -2.614494 0.529824 0.701161
v -2.619073 0.542587 0.696675
v -2.568910 0.580830 0.731530
v -2.612229 0.566552 0.732488
v -2.603542 0.556095 0.736489
v -2.611489 0.544333 0.725569
v -2.613837 0.534897 0.710519
v -2.615474 0.614756 0.695345
v -2.614472 0.614094 0.696710
v -2.622229 0.609325 0.699489
v -2.622813 0.610261 0.698033
v -2.633334 0.598366 0.690797
v -2.633245 0.596811 0.691771
v -2.630163 0.592799 0.674351
v -2.629921 0.590983 0.674584
v -2.607904 0.616023 0.690077
v -2.609298 0.616557 0.689047
v -2.629100 0.603000 0.697677
v -2.629354 0.604265 0.696373
v -2.633558 0.592402 0.683306
v -2.633662 0.594131 0.682699
v -2.605931 0.615216 0.680881
v -2.604313 0.614602 0.681407
v -2.604607 0.610230 0.673011
v -2.606205 0.611107 0.672965
v -2.610078 0.605270 0.667335
v -2.608742 0.604035 0.667069
v -2.616554 0.599254 0.665549
v -2.615608 0.597699 0.665236
v -2.623904 0.594690 0.668112
v -2.623357 0.592927 0.667991
v -2.347658 0.571028 0.906518
v -2.322684 0.546122 0.912081
v -2.290194 0.547821 0.863139
v -2.364117 0.569416 0.884486
v -2.320000 0.584872 0.844649
v -2.308290 0.546921 0.842379
v -2.332350 0.571009 0.836770
v -2.303443 0.535162 0.854727
v -2.295030 0.559792 0.850226
v -2.352466 0.583120 0.893642
v -2.335047 0.533405 0.902493
v -2.318707 0.560061 0.835622
v -2.305905 0.573312 0.843475
v -2.348794 0.544782 0.903415
v -2.359416 0.557800 0.897148
v -2.336871 0.557631 0.913196
v -2.564211 0.575190 0.672431
v -2.589652 0.551145 0.664812
v -2.622116 0.549403 0.713755
v -2.552037 0.574852 0.691394
v -2.591709 0.584315 0.735159
v -2.608230 0.549985 0.731711
v -2.583787 0.573147 0.739253
v -2.613254 0.539349 0.718448
v -2.617078 0.560202 0.727588
v -2.559258 0.586058 0.686244
v -2.581550 0.541052 0.670656
v -2.597606 0.562355 0.739512
v -2.605988 0.572943 0.735406
v -2.567734 0.552160 0.670667
v -2.556824 0.564546 0.678038
v -2.575306 0.562447 0.664613
vn -0.6419 -0.0073 0.7667
vn -0.9614 -0.0262 0.2740
vn -0.6442 -0.0422 0.7637
vn -0.8213 0.1913 -0.5374
vn -0.7684 0.5908 -0.2459
vn -0.6705 0.6096 -0.4227
vn -0.6213 -0.0092 0.7835
vn -0.4864 -0.0363 0.8730
vn -0.4908 -0.0091 0.8712
vn 0.0028 -0.9994 -0.0336
vn -0.1647 -0.9849 -0.0542
vn -0.1146 -0.9872 -0.1109
vn -0.7298 -0.6226 -0.2823
vn 0.8337 -0.0356 0.5511
vn 0.7901 0.0137 0.6129
vn 0.7898 -0.0383 0.6122
vn -0.4443 -0.3068 0.8417
vn 0.6195 -0.6309 0.4671
vn -0.7780 0.2587 0.5726
vn -0.5612 0.3509 0.7496
vn 0.5133 -0.6503 0.5600
vn -0.4596 -0.2956 0.8375
vn 0.0593 -0.9936 0.0958
vn -0.4453 0.3462 0.8257
vn 0.0921 0.0614 0.9939
vn 0.0569 -0.5752 0.8161
vn 0.0937 -0.9952 0.0268
vn -0.2371 -0.8374 0.4925
vn -0.3189 0.0951 0.9430
vn -0.9862 -0.1647 0.0151
vn -0.9792 0.2022 -0.0152
vn -0.7030 0.7050 -0.0935
vn -0.7651 0.4734 0.4365
vn -0.4434 -0.4916 0.7495
vn -0.1674 -0.9840 -0.0612
vn 0.0440 -0.9961 0.0760
vn -0.9591 0.0693 0.2744
vn -0.6396 0.3647 0.6767
vn -0.6414 0.2688 0.7186
vn -0.8322 0.5544 -0.0140
vn -0.5436 0.1029 0.8330
vn 0.1186 0.6532 0.7478
vn -0.4817 -0.0068 0.8763
vn -0.5945 -0.4435 0.6707
vn 0.3415 -0.0774 0.9367
vn 0.2833 -0.3045 0.9094
vn -0.7596 -0.2459 0.6022
vn -0.6002 -0.7154 -0.3578
vn -0.4794 -0.0456 0.8764
vn -0.6416 0.4915 0.5889
vn 0.2588 0.3791 0.8885
vn -0.6205 -0.0353 0.7834
vn -0.7669 -0.0356 0.6407
vn -0.6961 -0.3824 0.6076
vn -0.7704 -0.0051 0.6376
vn -0.5840 -0.3179 0.7469
vn 0.1166 0.7279 0.6757
vn -0.0437 -0.9986 0.0286
vn -0.3323 0.7827 0.5263
vn -0.6401 0.6764 0.3643
vn -0.6025 0.5809 0.5473
vn 0.0323 0.5239 0.8512
vn 0.6548 0.1520 0.7404
vn -0.6944 0.7080 -0.1284
vn -0.1817 0.9745 0.1316
vn 0.0329 0.9978 0.0572
vn -0.0663 0.9804 0.1854
vn 0.3173 0.3177 0.8935
vn 0.8308 -0.1034 0.5469
vn -0.7297 -0.6300 0.2659
vn -0.5017 0.2897 0.8151
vn -0.3399 -0.8578 0.3855
vn -0.8744 0.4772 0.0880
vn 0.1368 0.5498 0.8240
vn 0.0617 0.9952 0.0762
vn -0.2084 0.8654 0.4557
vn -0.2667 0.8794 0.3944
vn -0.5158 0.3618 0.7766
vn -0.4917 0.5370 0.6854
vn 0.8337 -0.0317 0.5513
vn 0.3850 0.0896 0.9186
vn 0.4848 0.0051 0.8746
vn -0.4150 0.1070 0.9035
vn -0.2770 -0.8668 0.4147
vn -0.3611 0.0057 0.9325
vn 0.0859 -0.0394 0.9955
vn 0.7864 0.3137 0.5322
vn -0.3742 0.5381 0.7552
vn -0.1603 0.9845 -0.0714
vn -0.8142 -0.1963 -0.5465
vn -0.4995 -0.7884 -0.3590
vn -0.0607 -0.9953 -0.0755
vn 0.0127 -0.9996 -0.0270
vn 0.5619 -0.7516 0.3456
vn 0.7815 -0.3665 0.5049
vn -0.4352 0.3160 0.8431
vn -0.8776 0.4783 0.0317
vn -0.8492 0.5047 0.1550
vn -0.7071 0.5462 -0.4492
vn -0.6980 0.5629 -0.4425
vn -0.6702 0.6103 -0.4224
vn -0.4553 0.1184 0.8824
vn -0.1249 0.9910 -0.0476
vn -0.3352 0.8888 0.3125
vn -0.5397 0.4067 0.7371
vn -0.4705 0.8361 -0.2821
vn -0.6284 0.7765 0.0464
vn -0.9215 0.2572 -0.2910
vn -0.9016 0.0276 -0.4317
vn 0.8254 0.1216 0.5513
vn 0.5887 0.6938 0.4147
vn -0.0194 0.9996 0.0226
vn -0.6067 0.6997 -0.3772
vn -0.6209 0.6815 -0.3872
vn 0.6334 0.6349 0.4423
vn -0.5442 0.7700 -0.3333
vn -0.3356 0.9227 -0.1897
vn 0.5470 0.7415 0.3886
vn -0.6442 0.5348 0.5468
vn 0.6230 0.6496 0.4358
vn -0.1337 -0.9833 -0.1235
vn 0.0815 -0.9965 0.0186
vn -0.5809 -0.7031 -0.4100
vn 0.1036 -0.9941 0.0334
vn -0.8322 -0.0414 -0.5529
vn -0.8922 -0.0422 -0.4497
vn -0.8338 0.0219 -0.5517
vn 0.8327 -0.0704 0.5493
vn -0.5677 -0.7186 -0.4017
vn 0.6651 -0.6183 0.4188
vn -0.1223 0.0187 -0.9923
vn 0.4552 0.0513 -0.8889
vn 0.4527 0.0165 -0.8915
vn -0.5454 0.6028 -0.5824
vn 0.4788 0.0495 -0.8765
vn 0.6145 0.0225 -0.7886
vn 0.4798 0.0237 -0.8771
vn -0.0821 -0.9804 -0.1790
vn -0.5242 -0.6117 -0.5924
vn 0.3995 -0.3903 -0.8295
vn 0.8719 0.0180 0.4894
vn 0.8332 0.0168 0.5527
vn 0.6110 -0.2502 -0.7510
vn 0.8728 -0.0338 0.4869
vn 0.6922 -0.6270 0.3574
vn 0.2147 0.3118 -0.9256
vn 0.2861 0.0514 -0.9568
vn 0.7369 -0.6383 0.2226
vn 0.1436 -0.9891 -0.0317
vn 0.6009 -0.2387 -0.7629
vn 0.5747 0.4009 -0.7134
vn 0.9484 0.1072 -0.2984
vn 0.6103 0.0498 -0.7906
vn 0.7919 -0.5358 -0.2931
vn 0.7401 0.1518 -0.6552
vn -0.3657 -0.1315 -0.9214
vn 0.7169 0.0634 -0.6943
vn -0.3833 0.7222 -0.5758
vn 0.0875 0.5190 -0.8503
vn 0.5325 -0.4393 -0.7235
vn -0.0897 -0.9798 -0.1787
vn -0.1242 0.1141 -0.9857
vn 0.3610 0.4183 -0.8335
vn 0.4022 0.3246 -0.8561
vn -0.3558 0.5799 -0.7329
vn -0.2279 0.7980 -0.5579
vn 0.7130 0.6851 -0.1492
vn 0.6186 0.0520 -0.7840
vn 0.9977 -0.0423 -0.0535
vn 0.5509 0.1614 -0.8188
vn 0.9573 -0.2684 -0.1076
vn 0.2656 -0.1911 -0.9450
vn -0.5401 -0.7122 -0.4485
vn 0.4592 0.4054 -0.7904
vn 0.6207 0.0132 -0.7839
vn 0.2754 0.5406 -0.7950
vn 0.9061 0.4138 -0.0885
vn 0.2999 -0.3291 -0.8954
vn 0.2914 0.0210 -0.9564
vn 0.4697 -0.2615 -0.8432
vn 0.6435 0.7561 -0.1195
vn 0.0418 -0.9941 -0.1006
vn 0.3291 0.8181 -0.4716
vn 0.0633 0.7141 -0.6972
vn -0.4123 0.7231 -0.5542
vn 0.7787 0.5639 -0.2752
vn 0.9318 0.1668 0.3223
vn 0.2496 0.6265 -0.7384
vn 0.0184 0.9852 -0.1703
vn 0.1127 0.9900 -0.0846
vn 0.9356 0.3508 -0.0397
vn 0.5955 0.3711 -0.7125
vn 0.5447 0.3458 -0.7640
vn -0.0196 -0.5920 -0.8057
vn 0.2500 -0.8263 -0.5048
vn -0.2759 0.5092 -0.8153
vn 0.2342 0.5818 -0.7789
vn 0.7936 0.5850 -0.1672
vn 0.3098 0.8931 -0.3262
vn 0.2300 0.9060 -0.3553
vn 0.5019 0.4162 -0.7582
vn 0.4212 0.5858 -0.6924
vn 0.5312 0.5866 -0.6114
vn 0.9925 0.1222 0.0017
vn 0.6659 0.1647 -0.7276
vn 0.3019 -0.8358 -0.4587
vn 0.9938 0.0323 0.1064
vn 0.9508 0.0069 -0.3097
vn -0.4028 0.2329 -0.8852
vn -0.8214 0.1904 -0.5376
vn 0.3880 -0.8039 -0.4507
vn 0.6303 0.1764 -0.7560
vn -0.3290 0.5076 -0.7963
vn -0.2053 0.5392 -0.8168
vn 0.1277 0.9136 -0.3861
vn 0.4543 0.4599 -0.7630
vn -0.6358 0.2725 -0.7221
vn -0.7499 0.0357 -0.6606
vn 0.1196 -0.9921 -0.0381
vn 0.5745 -0.7377 0.3545
vn -0.7607 -0.0352 -0.6482
vn 0.5192 0.7697 0.3715
vn 0.2489 0.5775 0.7776
vn 0.5990 0.6810 0.4213
vn -0.3253 0.8739 -0.3611
vn 0.3956 0.6761 -0.6216
vn 0.4170 0.8821 -0.2191
vn 0.2831 -0.5501 -0.7857
vn 0.4031 -0.2684 -0.8749
vn 0.2829 -0.5505 -0.7855
vn 0.5519 0.0296 -0.8334
vn 0.1979 -0.3125 -0.9291
vn 0.5521 0.0299 -0.8332
vn -0.3850 0.8956 -0.2227
vn -0.0895 0.8699 0.4851
vn -0.4919 0.8620 -0.1226
vn 0.7939 0.6058 -0.0523
vn 0.5977 0.6825 0.4206
vn 0.7940 0.6057 -0.0522
vn -0.7909 -0.4087 0.4555
vn -0.6048 -0.0253 0.7960
vn -0.6881 -0.5263 0.4995
vn -0.6575 0.6946 -0.2919
vn -0.5615 0.7286 -0.3923
vn -0.6585 0.6936 -0.2922
vn 0.6028 0.0898 -0.7929
vn 0.8201 -0.2758 -0.5013
vn 0.8201 -0.2763 -0.5012
vn -0.7274 0.6720 0.1388
vn -0.7155 0.3971 0.5747
vn -0.7155 0.3970 0.5748
vn -0.4980 0.0315 0.8666
vn -0.1331 -0.3266 0.9357
vn -0.4979 0.0315 0.8666
vn 0.7323 0.4215 -0.5348
vn 0.4766 0.8480 -0.2319
vn 0.7236 0.6840 -0.0925
vn -0.5878 -0.5039 0.6329
vn -0.5394 -0.0338 0.8414
vn -0.5395 -0.0342 0.8413
vn -0.5992 -0.5275 0.6022
vn -0.3541 0.4791 0.8031
vn -0.5590 -0.0001 0.8292
vn -0.2212 0.3715 0.9017
vn 0.1922 -0.3406 -0.9204
vn -0.2517 -0.5873 -0.7692
vn -0.2887 -0.5745 -0.7659
vn 0.2005 -0.3282 -0.9231
vn -0.0212 -0.5721 -0.8199
vn 0.0805 -0.8103 -0.5804
vn -0.2303 -0.9547 -0.1883
vn 0.0798 -0.8110 -0.5795
vn 0.8641 -0.4021 0.3027
vn 0.8574 -0.5037 0.1060
vn 0.8574 -0.5037 0.1057
vn -0.5416 0.7723 -0.3319
vn -0.4874 0.7940 -0.3634
vn -0.4860 0.7942 -0.3648
vn 0.1923 -0.8174 0.5431
vn 0.1854 -0.9194 0.3468
vn 0.1923 -0.8172 0.5433
vn -0.3445 0.4413 0.8286
vn -0.0542 0.7991 0.5988
vn -0.0539 0.7995 0.5982
vn 0.5229 0.0687 -0.8496
vn 0.1234 -0.2278 -0.9659
vn 0.1504 -0.2746 -0.9497
vn -0.0576 0.8184 0.5718
vn 0.2420 0.9506 0.1944
vn -0.0626 0.8130 0.5789
vn -0.1903 0.3048 0.9332
vn -0.5417 -0.0211 0.8403
vn 0.5863 0.5276 -0.6147
vn 0.5453 0.0561 -0.8364
vn 0.4954 0.0273 -0.8682
vn 0.7751 0.3561 -0.5220
vn 0.5631 0.0374 -0.8255
vn -0.5997 -0.6785 -0.4243
vn -0.7833 -0.6215 0.0111
vn -0.7385 -0.6352 -0.2260
vn -0.6394 -0.3234 0.6976
vn -0.7343 -0.0641 0.6758
vn -0.7390 -0.0582 0.6711
vn -0.4646 -0.6347 -0.6175
vn -0.2673 -0.5947 -0.7582
vn 0.7939 0.6064 -0.0440
vn -0.7624 -0.3761 0.5266
vn -0.7898 -0.6122 0.0389
vn -0.7559 -0.5940 0.2753
vn 0.2060 -0.4777 -0.8540
vn 0.1296 -0.3645 -0.9221
vn -0.8018 -0.5976 -0.0000
vn -0.6049 -0.6723 -0.4266
vn 0.5491 0.0886 -0.8310
vn 0.0720 -0.1228 -0.9898
vn 0.5539 0.0854 -0.8282
vn 0.2442 0.9498 0.1958
vn -0.7995 0.3012 -0.5197
vn -0.7995 0.3011 -0.5197
vn -0.7997 0.3003 -0.5199
vn -0.7997 0.3004 -0.5198
vn -0.7998 0.2999 -0.5200
vn -0.8001 0.2986 -0.5202
vn -0.7999 0.2996 -0.5200
vn -0.8002 0.2982 -0.5203
vn -0.8004 0.2977 -0.5204
vn 0.1733 0.6546 0.7359
vn -0.7420 0.3916 -0.5441
vn -0.7692 0.4027 -0.4961
vn -0.7414 0.3917 -0.5448
vn -0.6237 -0.7778 0.0775
vn -0.7623 -0.3894 0.5169
vn -0.3895 -0.8746 -0.2887
vn -0.6121 -0.7790 0.1360
vn -0.3899 -0.8746 -0.2881
vn 0.4806 0.8436 -0.2395
vn 0.3384 -0.4772 -0.8110
vn 0.5349 -0.0175 -0.8448
vn 0.0712 -0.7997 -0.5962
vn -0.2477 -0.9484 -0.1978
vn 0.0778 -0.7948 -0.6019
vn -0.4754 -0.8414 0.2571
vn -0.5879 -0.5024 0.6340
vn -0.3537 0.4639 0.8122
vn -0.5674 -0.0713 0.8203
vn -0.4974 -0.8263 0.2643
vn -0.4948 -0.8303 0.2564
vn -0.2598 0.2852 0.9226
vn -0.7319 0.2996 -0.6120
vn -0.7544 0.2448 -0.6090
vn -0.7548 0.2444 -0.6088
vn -0.7873 0.2057 -0.5812
vn -0.8205 0.1915 -0.5386
vn -0.7876 0.2055 -0.5809
vn -0.8026 0.3884 -0.4528
vn -0.7695 0.4027 -0.4957
vn -0.8029 0.3884 -0.4522
vn -0.8357 0.3486 -0.4242
vn -0.8359 0.3483 -0.4242
vn -0.8581 0.2930 -0.4218
vn -0.8580 0.2934 -0.4217
vn -0.4759 -0.8408 0.2582
vn -0.3448 0.4410 0.8287
vn 0.2577 0.9439 0.2065
vn 0.2579 0.9439 0.2061
vn 0.3708 -0.4516 -0.8115
vn 0.3705 -0.4522 -0.8113
vn 0.5655 0.0246 -0.8244
vn 0.5654 0.0244 -0.8244
vn 0.5036 0.8294 -0.2418
vn 0.6143 0.4921 -0.6168
vn 0.5033 0.8299 -0.2410
vn -0.8035 -0.2914 -0.5191
vn -0.8795 -0.1716 0.4438
vn -0.8792 -0.1728 0.4440
vn -0.1798 0.3160 0.9316
vn -0.5537 -0.0291 0.8322
vn -0.5537 -0.0289 0.8322
vn 0.7773 0.3667 -0.5112
vn 0.7772 0.3668 -0.5112
vn -0.5886 -0.6915 -0.4188
vn -0.2480 -0.5947 -0.7647
vn 0.2413 0.5765 0.7807
vn -0.1799 0.3161 0.9315
vn -0.7809 -0.6235 0.0385
vn -0.7693 -0.3632 0.5256
vn 0.0683 -0.8585 -0.5082
vn 0.0725 -0.8563 -0.5114
vn -0.7512 -0.3285 0.5725
vn -0.7284 -0.3330 0.5989
vn -0.7513 -0.3285 0.5724
vn -0.7357 0.6016 -0.3112
vn -0.5455 0.6947 -0.4689
vn -0.5859 0.5983 -0.5466
vn -0.5500 0.7907 -0.2688
vn -0.5508 0.7908 -0.2669
vn -0.5835 0.7441 -0.3254
vn -0.5834 0.7438 -0.3263
vn -0.5616 0.7292 -0.3910
vn -0.5508 0.7458 -0.3746
vn 0.7551 0.3889 -0.5278
vn 0.7550 0.3890 -0.5278
vn -0.7690 -0.3624 0.5266
vn -0.1511 -0.9793 -0.1346
vn -0.6035 0.7268 -0.3280
vn -0.5450 0.6958 -0.4678
vn 0.2501 0.1152 -0.9614
vn 0.3373 -0.0097 -0.9413
vn 0.2500 0.1153 -0.9614
vn 0.2333 -0.9649 0.1207
vn 0.2678 -0.9504 0.1585
vn 0.2811 -0.9500 0.1357
vn -0.5953 -0.5966 0.5382
vn -0.6397 -0.3242 0.6969
vn -0.6094 0.0611 0.7905
vn -0.2082 0.3564 0.9109
vn -0.5824 0.0131 0.8128
vn 0.1326 -0.9898 0.0530
vn 0.1320 -0.9898 0.0526
vn -0.8481 0.2024 -0.4897
vn -0.8622 0.2389 -0.4466
vn -0.8479 0.2024 -0.4900
vn -0.6023 0.7275 -0.3286
vn -0.4027 0.7043 -0.5847
vn -0.1568 0.1217 -0.9801
vn 0.1821 0.3965 -0.8998
vn -0.8567 -0.5158 0.0096
vn -0.6287 -0.6401 -0.4417
vn -0.6576 -0.5932 -0.4644
vn -0.4133 -0.8840 0.2183
vn -0.6283 0.5409 -0.5591
vn -0.8219 -0.1408 -0.5520
vn -0.5223 -0.0730 -0.8497
vn -0.6112 0.7867 -0.0870
vn -0.7827 0.3854 0.4888
vn -0.7123 0.6914 -0.1205
vn -0.9700 0.1200 0.2113
vn -0.7702 0.6020 -0.2108
vn -0.5104 0.6097 -0.6064
vn 0.2690 -0.9522 0.1449
vn 0.4213 -0.9069 -0.0089
vn 0.2691 -0.9522 0.1449
vn 0.6012 -0.7957 -0.0736
vn 0.4215 -0.9068 -0.0090
vn 0.7611 -0.6479 -0.0317
vn 0.6014 -0.7956 -0.0737
vn 0.7804 -0.3692 0.5047
vn 0.7805 -0.3690 0.5047
vn 0.1853 -0.9193 0.3471
vn 0.6281 -0.4144 0.6587
vn 0.4479 -0.5255 0.7234
vn 0.6280 -0.4147 0.6585
vn 0.4475 -0.5253 0.7237
vn 0.2883 -0.6729 0.6812
vn 0.7611 -0.6478 -0.0318
vn 0.2879 -0.6730 0.6814
vn -0.7221 0.5169 -0.4598
vn -0.9836 -0.0696 -0.1663
vn -0.8210 0.1913 -0.5380
vn -0.8007 0.2964 -0.5206
vn -0.8006 0.2969 -0.5205
vn -0.8005 0.2965 -0.5208
vn -0.5952 -0.5970 0.5380
vn 0.4038 -0.2678 -0.8748
vn 0.3436 -0.0155 -0.9390
vn -0.6690 0.3013 -0.6794
vn -0.7112 0.3322 -0.6196
vn -0.6910 0.3216 -0.6474
vn 0.7345 -0.2807 0.6178
vn 0.6553 -0.3145 0.6868
vn 0.6575 -0.3056 0.6887
vn 0.8041 -0.2804 0.5242
vn 0.8071 -0.2664 0.5269
vn 0.8324 -0.2697 0.4841
vn 0.8829 -0.2908 0.3687
vn 0.8625 -0.2759 0.4242
vn 0.8956 -0.3074 0.3216
vn 0.8388 -0.2629 0.4768
vn 0.2374 0.9531 0.1878
vn -0.5501 0.0291 0.8346
vn -0.8775 0.3116 -0.3644
vn -0.8600 0.3229 -0.3952
vn -0.8981 0.2865 -0.3335
vn 0.0719 -0.1218 -0.9900
vn -0.7810 -0.2909 -0.5526
vn 0.5713 0.1437 -0.8080
vn -0.2458 0.9656 -0.0842
vn -0.2380 0.9635 -0.1228
vn -0.3500 0.9366 -0.0182
vn 0.2795 -0.9489 0.1464
vn 0.2986 -0.9505 0.0864
vn -0.2047 0.9679 -0.1457
vn -0.2831 0.9466 -0.1543
vn -0.2833 0.9465 -0.1545
vn -0.7706 0.3534 -0.5304
vn -0.7855 0.3534 -0.5080
vn -0.7843 0.3575 -0.5071
vn -0.8003 0.3520 -0.4855
vn -0.8236 0.3456 -0.4498
vn -0.0877 -0.7520 -0.6533
vn 0.8973 -0.3010 0.3229
vn 0.7777 -0.2728 0.5664
vn 0.6902 -0.3003 0.6583
vn -0.8959 0.2950 -0.3322
vn -0.7476 0.3493 -0.5649
vn -0.2474 -0.9485 -0.1979
vn -0.1390 -0.7581 -0.6371
vn -0.6661 0.3142 -0.6764
vn -0.7970 0.0771 0.5990
vn -0.6924 0.5728 -0.4386
vn -0.7327 0.5688 -0.3737
vn -0.7326 0.5688 -0.3737
vn -0.7273 0.3541 -0.5880
vn -0.7272 0.3545 -0.5878
vn -0.5265 0.0875 0.8457
vn -0.5538 0.0308 0.8320
vn -0.1837 0.9463 -0.2662
vn -0.7808 -0.2911 -0.5528
vn -0.8036 -0.2917 -0.5188
vn 0.5947 0.5133 -0.6188
vn 0.7729 -0.2661 0.5761
vn -0.8624 0.2388 -0.4464
vn 0.5977 0.6826 0.4205
vn -0.6478 0.5732 -0.5018
vn 0.2410 -0.9520 0.1887
vn 0.7238 0.4787 0.4970
vn 0.7239 0.4783 0.4972
vn 0.7236 0.4790 0.4969
vn -0.8379 -0.2739 0.4721
vn -0.8087 -0.3237 0.4911
vn 0.6143 0.4914 -0.6173
vn -0.6038 -0.6723 -0.4283
vn -0.7275 0.6719 0.1389
vn -0.5302 0.7835 -0.3241
vn -0.5303 0.7835 -0.3241
vn -0.1772 0.7011 -0.6907
vn 0.3984 0.7025 0.5897
vn 0.4365 0.6577 0.6139
vn 0.3724 0.7544 0.5406
vn 0.2399 0.9515 0.1927
vn 0.4103 0.9118 0.0156
vn 0.6192 0.7662 0.1719
vn 0.6294 0.7576 0.1729
vn 0.5695 0.8040 0.1708
vn 0.6188 0.4622 0.6352
vn 0.6288 0.3908 0.6722
vn 0.6697 0.4357 0.6014
vn 0.7803 0.4626 0.4209
vn 0.7267 0.4725 0.4987
vn 0.7742 0.5737 0.2674
vn 0.7696 0.5834 0.2595
vn 0.7491 0.6252 0.2188
vn 0.5129 0.8425 0.1646
vn 0.4680 0.8784 0.0972
vn 0.4624 0.8647 0.1964
vn 0.4304 0.8458 0.3153
vn 0.4303 0.8458 0.3153
vn -0.5605 0.7526 -0.3457
vn -0.2158 0.6597 -0.7199
vn -0.5702 0.7423 -0.3520
vn 0.7774 0.3438 0.5267
vn 0.8306 0.4283 0.3560
vn 0.8544 0.3895 0.3438
vn 0.7632 0.6437 0.0570
vn 0.8265 0.5252 0.2028
vn 0.7501 0.6537 0.1004
vn 0.7933 -0.3105 -0.5237
vn 0.9766 -0.1736 0.1269
vn 0.8051 -0.5867 -0.0867
vn 0.5753 0.0560 -0.8160
vn 0.9667 0.0632 -0.2480
vn 0.4654 0.6861 -0.5592
vn 0.7796 0.3780 -0.4994
vn -0.1720 -0.3721 0.9121
vn 0.2527 -0.6161 0.7460
vn -0.1627 -0.3614 0.9181
vn -0.7468 0.3646 0.5562
vn -0.5383 -0.0129 0.8427
vn -0.5290 -0.0022 0.8486
vn -0.3559 0.6429 0.6782
vn -0.7585 0.6407 0.1194
vn -0.3660 0.8798 0.3033
vn -0.1962 0.9759 -0.0957
vn 0.4762 0.8687 0.1364
vn 0.1078 0.9051 -0.4112
vn 0.3632 0.6332 0.6834
vn 0.1456 0.0201 0.9891
vn 0.4914 0.5074 0.7078
vn 0.7385 0.5253 0.4227
vn 0.7826 0.4738 0.4037
vn 0.7381 0.5257 0.4230
vn 0.7613 0.3888 0.5188
vn 0.6349 0.3786 0.6735
vn 0.6371 0.4180 0.6476
vn 0.1138 -0.6479 0.7531
vn 0.2615 -0.7040 0.6603
vn 0.2869 0.7617 0.5810
vn 0.2827 0.8584 0.4280
vn -0.2064 0.6700 -0.7131
vn -0.7680 0.6304 0.1128
vn 0.8068 -0.2696 0.5257
vn 0.6074 -0.6987 0.3779
vn 0.2425 0.7661 0.5952
vn 0.5027 -0.1987 0.8413
vn 0.6189 0.7849 0.0297
vn -0.3556 0.4972 -0.7914
vn 0.0594 0.2434 -0.9681
vn 0.4174 -0.1097 -0.9021
vn -0.7009 0.5734 -0.4243
vn 0.4596 0.8831 0.0942
vn 0.3179 0.9170 0.2408
vn -0.8846 0.4661 0.0125
vn -0.8697 0.1772 0.4607
vn 0.8487 0.5005 0.1710
vn 0.6313 -0.4697 -0.6171
vn 0.6430 -0.7416 -0.1914
vn 0.4728 0.6102 0.6357
vn 0.5295 0.5588 0.6383
vn 0.2559 0.5887 0.7668
vn 0.4315 0.4160 0.8005
vn 0.4319 0.4157 0.8004
vn 0.1444 0.8977 0.4163
vn 0.1445 0.8977 0.4163
vn 0.1507 0.7649 0.6263
vn 0.6104 0.7893 -0.0666
vn 0.6107 0.7891 -0.0666
vn 0.7864 0.6169 -0.0327
vn 0.7864 0.6168 -0.0326
vn 0.8913 0.4405 0.1073
vn 0.8914 0.4402 0.1076
vn 0.8972 0.3069 0.3176
vn 0.8973 0.3068 0.3175
vn 0.8021 0.2528 0.5410
vn 0.8021 0.2529 0.5410
vn 0.3939 -0.8903 0.2284
vn 0.0585 -0.7854 0.6162
vn 0.3942 -0.8903 0.2280
vn -0.7308 -0.4631 -0.5015
vn -0.6073 -0.6863 -0.4003
vn -0.7638 -0.5036 -0.4036
vn -0.5176 0.7954 -0.3153
vn -0.1939 0.6879 -0.6994
vn -0.5416 0.7721 -0.3324
vn 0.5388 -0.7750 0.3302
vn 0.6696 -0.4883 0.5596
vn 0.7232 -0.5154 0.4597
vn -0.6871 0.7109 0.1500
vn -0.6883 0.4311 0.5835
vn -0.6445 0.7417 0.1859
vn 0.7918 -0.4820 0.3752
vn 0.8314 -0.0885 0.5486
vn 0.8855 -0.0824 0.4572
vn -0.8776 0.1584 -0.4524
vn -0.8259 0.1558 -0.5419
vn 0.7037 0.4839 0.5202
vn 0.7027 0.5209 0.4847
vn -0.5372 0.7767 -0.3289
vn -0.6116 0.6617 -0.4337
vn -0.4672 0.7745 -0.4265
vn 0.6104 0.6662 0.4284
vn 0.7371 0.4858 0.4697
vn -0.4491 -0.2121 0.8680
vn -0.3129 -0.2922 0.9037
vn -0.3334 -0.2010 0.9211
vn -0.5483 0.7655 -0.3367
vn -0.6117 0.7561 -0.2327
vn -0.5826 -0.6850 -0.4374
vn -0.5951 -0.6858 -0.4190
vn 0.7592 -0.1019 -0.6428
vn 0.7630 -0.0379 -0.6453
vn 0.7592 -0.1053 -0.6423
vn -0.2957 -0.0939 0.9507
vn -0.2924 -0.1575 0.9432
vn -0.2920 -0.1606 0.9428
vn 0.6339 0.6053 0.4814
vn 0.6524 0.6065 0.4544
vn 0.6526 0.6065 0.4542
vn -0.6863 0.1636 0.7087
vn -0.7128 0.2510 0.6549
vn -0.6386 0.0288 0.7690
vn -0.6593 0.6587 -0.3625
vn -0.5995 0.7676 -0.2267
vn 0.5874 -0.7228 0.3641
vn 0.5084 -0.7202 0.4721
vn 0.5874 -0.7227 0.3642
vn 0.6703 0.6072 0.4266
vn 0.6680 -0.1289 -0.7329
vn 0.7524 -0.1462 -0.6423
vn 0.7431 -0.2517 -0.6200
vn 0.2095 0.4292 -0.8786
vn 0.5649 0.0617 -0.8228
vn 0.7770 -0.3187 -0.5429
vn 0.7856 -0.6088 -0.1101
vn -0.7415 0.6590 0.1261
vn 0.7694 -0.6307 -0.1012
vn 0.5177 -0.7945 0.3175
vn 0.5703 -0.7418 0.3528
vn -0.1034 0.7627 -0.6385
vn -0.4318 0.8641 -0.2585
vn -0.4322 0.8641 -0.2579
vn -0.7184 0.6829 0.1324
vn 0.7159 -0.3975 -0.5740
vn 0.6711 -0.7175 -0.1868
vn 0.6629 -0.7299 -0.1666
vn 0.5562 0.0658 -0.8284
vn 0.7128 -0.3852 -0.5862
vn 0.1126 -0.7471 0.6552
vn -0.2366 -0.4480 0.8622
vn 0.1282 -0.7579 0.6396
vn -0.7142 0.4229 0.5577
vn 0.7711 -0.3355 -0.5411
vn 0.2479 0.4563 -0.8546
vn 0.5301 0.0225 -0.8476
vn 0.5300 0.0230 -0.8477
vn -0.6988 0.1306 0.7033
vn 0.5503 0.0850 -0.8306
vn 0.2088 0.4523 -0.8671
vn 0.5543 0.0780 -0.8286
vn 0.2215 0.4725 -0.8531
vn -0.1801 0.7113 -0.6794
vn -0.1526 0.7393 -0.6559
vn 0.2552 0.4808 -0.8389
vn -0.1039 0.7704 -0.6290
vn -0.4311 0.8654 -0.2555
vn -0.6264 0.7522 0.2045
vn -0.4095 0.8800 -0.2406
vn -0.6740 0.4301 0.6006
vn -0.5370 -0.0046 0.8436
vn -0.5481 0.0073 0.8364
vn 0.5674 0.0539 -0.8217
vn -0.2957 -0.4717 0.8307
vn -0.5749 -0.0355 0.8174
vn -0.2959 -0.4715 0.8307
vn 0.2264 -0.6593 0.7170
vn 0.2040 -0.7150 0.6687
vn 0.4467 -0.8540 0.2668
vn -0.0803 0.7812 -0.6191
vn -0.6766 0.6768 -0.2901
vn -0.6185 0.6843 -0.3862
vn -0.6186 0.6843 -0.3860
vn -0.3022 -0.5233 0.7968
vn -0.5394 0.0033 0.8420
vn -0.6708 -0.1579 0.7246
vn -0.4828 0.8259 -0.2911
vn 0.1038 -0.7732 0.6256
vn -0.1867 -0.3697 0.9102
vn 0.7177 -0.6883 -0.1053
vn 0.7126 -0.3006 -0.6339
vn 0.7175 -0.3576 -0.5978
vn -0.7410 0.3789 0.5544
vn -0.5493 0.0196 0.8354
vn -0.1038 0.7629 -0.6382
vn 0.2481 0.4560 -0.8547
vn -0.1870 -0.3862 0.9033
vn -0.1914 -0.4259 0.8843
vn 0.7532 -0.3759 -0.5398
vn -0.5530 0.0266 0.8328
vn -0.7315 0.4024 0.5505
vn 0.4508 -0.8511 0.2691
vn 0.5833 -0.7275 0.3613
vn 0.2245 -0.6387 0.7360
vn 0.7237 0.4787 0.4970
vn 0.7238 0.4785 0.4971
vn 0.7237 0.4789 0.4970
vn -0.5808 -0.0740 0.8107
vn -0.4334 -0.2537 0.8647
vn -0.4334 -0.2536 0.8648
vn 0.7235 0.4792 0.4969
vn 0.7829 0.4733 0.4038
vn 0.8054 0.4169 0.4215
vn 0.6895 0.5455 0.4765
vn 0.6608 0.4674 0.5872
vn 0.6593 0.5212 0.5419
vn 0.6594 0.5215 0.5415
vn 0.7228 0.3736 0.5814
vn 0.6883 0.4098 0.5986
vn 0.6877 0.4107 0.5987
vn 0.6891 0.5455 0.4771
vn 0.7721 0.3586 0.5247
vn 0.7891 0.3616 0.4965
vn 0.7720 0.3583 0.5250
vn -0.7050 0.4053 0.5820
vn -0.6524 0.7343 0.1877
vn -0.7049 0.4056 0.5819
vn -0.5747 -0.0359 0.8175
vn 0.6649 -0.4208 -0.6171
vn 0.6158 -0.7555 -0.2236
vn 0.6160 -0.7552 -0.2242
vn 0.6649 -0.4211 -0.6169
vn 0.5899 -0.7684 0.2483
vn 0.7846 -0.3215 -0.5301
vn 0.7963 -0.5977 -0.0930
vn 0.4470 -0.8542 0.2654
vn 0.7237 0.4789 0.4969
vn 0.3725 0.1752 -0.9113
vn 0.5222 -0.0148 -0.8527
vn 0.3721 0.1756 -0.9114
vn 0.7521 0.3598 0.5521
vn 0.2764 0.4805 -0.8323
vn 0.1503 0.7647 0.6266
vn 0.8314 -0.5517 -0.0659
vn 0.6345 -0.6628 0.3975
vn 0.6344 -0.6629 0.3975
vn 0.2810 -0.5807 0.7641
vn 0.7517 0.3598 0.5527
vn 0.7236 0.3730 0.5807
vn 0.4715 0.4806 0.7394
vn 0.8314 -0.5518 -0.0658
vn 0.5985 -0.7096 0.3719
vn 0.2374 0.4476 -0.8621
vn -0.1773 0.7012 -0.6906
vn 0.2379 0.4475 -0.8620
vn 0.2522 0.4052 -0.8788
vn 0.3981 0.2460 -0.8837
vn 0.2521 0.4052 -0.8788
vn 0.5664 0.0456 -0.8228
vn 0.2093 0.4151 -0.8853
vn 0.2811 -0.5810 0.7638
vn 0.3492 0.7949 0.4961
vn 0.3287 0.8286 0.4532
vn 0.6317 0.2931 0.7177
vn 0.6316 0.2928 0.7179
vn 0.7978 0.4918 0.3488
vn 0.8263 0.4440 0.3464
vn 0.8025 0.5068 0.3149
vn 0.6028 0.0898 -0.7928
vn 0.8039 0.3774 0.4597
vn 0.7895 0.3623 0.4955
vn 0.8041 0.3780 0.4587
vn 0.2394 0.8733 0.4243
vn 0.3521 0.8975 0.2654
vn 0.6217 0.7795 0.0762
vn 0.3265 0.6235 0.7104
vn 0.7136 0.6725 0.1963
vn 0.7137 0.6724 0.1963
vn 0.6752 0.7170 0.1731
vn 0.5755 0.5130 0.6369
vn 0.7914 0.5283 0.3075
vn 0.8055 0.4159 0.4221
vn -0.6525 0.7340 0.1882
vn -0.5527 0.6832 -0.4772
vn -0.6572 0.6303 -0.4132
vn 0.2001 0.4048 -0.8922
vn -0.2925 -0.2014 0.9348
vn -0.2917 -0.2048 0.9343
vn -0.8037 0.5642 0.1891
vn -0.8104 0.4200 0.4085
vn -0.8106 0.4210 0.4070
vn 0.2559 0.8568 0.4476
vn 0.3568 0.8532 0.3803
vn 0.7684 -0.0885 0.6338
vn -0.2494 -0.4361 0.8646
vn -0.2703 -0.4075 0.8723
vn -0.1123 -0.5242 0.8441
vn -0.1114 -0.5247 0.8440
vn 0.6610 0.4669 0.5875
vn -0.2962 0.6769 -0.6738
vn -0.1634 0.6068 -0.7779
vn 0.0433 0.4682 -0.8826
vn 0.2017 0.3427 -0.9175
vn 0.0446 0.4673 -0.8830
vn 0.6355 -0.1969 -0.7465
vn 0.7108 -0.3559 -0.6067
vn 0.6355 -0.1970 -0.7465
vn 0.7509 -0.4799 -0.4537
vn 0.7598 -0.6114 -0.2210
vn 0.7507 -0.4794 -0.4546
vn 0.7337 -0.6776 -0.0502
vn 0.0589 -0.7857 0.6158
vn -0.7673 0.6405 0.0319
vn -0.8035 0.5652 0.1867
vn -0.7633 0.1651 -0.6246
vn 0.7527 -0.1498 -0.6411
vn -0.4769 0.7634 -0.4357
vn -0.4769 0.7633 -0.4357
vn 0.6559 -0.7123 0.2497
vn -0.7772 0.2908 0.5580
vn -0.6997 0.1181 0.7046
vn -0.6995 0.1178 0.7048
vn 0.4224 0.1793 -0.8885
vn 0.3992 0.2359 -0.8860
vn -0.1453 -0.3367 0.9303
vn -0.6017 0.0345 0.7979
vn -0.8247 -0.3027 0.4777
vn -0.8248 -0.3027 0.4775
vn 0.7384 0.6691 -0.0840
vn 0.7223 0.4309 -0.5409
vn 0.7226 0.4307 -0.5408
vn 0.4990 0.0938 -0.8615
vn 0.1283 -0.2513 -0.9594
vn 0.4991 0.0938 -0.8615
vn 0.7386 0.6689 -0.0839
vn 0.5427 0.7456 0.3866
vn 0.5428 0.7456 0.3866
vn 0.1883 0.6394 0.7455
vn -0.3866 0.7546 -0.5302
vn -0.4253 0.7125 -0.5581
vn -0.3593 0.8022 -0.4769
vn -0.2243 0.9678 -0.1142
vn -0.3952 0.9167 0.0593
vn -0.2246 0.9677 -0.1142
vn -0.6053 0.7888 -0.1064
vn -0.6155 0.7807 -0.1085
vn -0.5533 0.8268 -0.1011
vn -0.6110 0.5239 -0.5935
vn -0.6229 0.4569 -0.6350
vn -0.6626 0.4951 -0.5621
vn -0.7899 0.4909 -0.3675
vn -0.7184 0.5235 -0.4580
vn -0.7656 0.6048 -0.2191
vn -0.7609 0.6137 -0.2107
vn -0.7391 0.6527 -0.1663
vn -0.5385 0.8383 -0.0851
vn -0.4649 0.8752 -0.1338
vn -0.5108 0.8531 -0.1066
vn -0.4163 0.8756 -0.2451
vn -0.4163 0.8756 -0.2450
vn 0.5710 0.7143 0.4047
vn 0.2266 0.5945 0.7715
vn 0.5825 0.7011 0.4113
vn -0.7551 0.4408 -0.4853
vn -0.7735 0.5392 -0.3332
vn -0.7396 0.6716 -0.0448
vn -0.7999 -0.3375 0.4962
vn -0.9795 -0.1436 -0.1411
vn -0.8161 -0.5767 0.0383
vn -0.5763 0.0005 0.8172
vn -0.9660 0.0612 0.2511
vn -0.4559 0.6472 0.6110
vn -0.7743 0.3509 0.5266
vn 0.1670 -0.2998 -0.9393
vn -0.2636 -0.5470 -0.7945
vn 0.1560 -0.2861 -0.9454
vn 0.7516 0.3982 -0.5259
vn 0.5391 0.0465 -0.8410
vn 0.5279 0.0604 -0.8471
vn 0.3637 0.6917 -0.6239
vn 0.7674 0.6375 -0.0682
vn 0.3774 0.8966 -0.2317
vn 0.2093 0.9624 0.1731
vn -0.4613 0.8850 -0.0634
vn -0.0954 0.8713 0.4814
vn -0.3512 0.6924 -0.6303
vn -0.1466 0.1057 -0.9835
vn -0.4820 0.5705 -0.6650
vn -0.8184 0.5525 -0.1579
vn -0.6298 0.4785 -0.6118
vn -0.2874 -0.6044 -0.7430
vn -0.1402 -0.5505 -0.8230
vn -0.2726 0.8113 -0.5172
vn -0.2671 0.8954 -0.3563
vn 0.2154 0.6079 0.7643
vn 0.7788 0.6243 -0.0612
vn -0.8114 -0.2094 -0.5457
vn -0.6199 -0.6536 -0.4341
vn -0.8241 0.4679 -0.3191
vn -0.5066 -0.1181 -0.8541
vn -0.6088 0.7932 -0.0104
vn -0.2715 -0.5340 -0.8007
vn -0.8255 -0.5635 0.0314
vn 0.7632 0.6423 -0.0706
vn 0.5388 0.7538 0.3760
vn 0.7318 0.6758 -0.0886
vn 0.7159 0.4420 -0.5405
vn 0.7470 0.4042 -0.5278
vn -0.2342 0.4013 0.8855
vn 0.2129 0.6143 0.7598
vn -0.4623 0.6676 -0.5837
vn -0.5196 0.6181 -0.5899
vn -0.2456 0.6534 -0.7161
vn -0.4241 0.4868 -0.7637
vn -0.4244 0.4865 -0.7637
vn -0.1299 0.9309 -0.3415
vn -0.1296 0.9309 -0.3415
vn -0.1379 0.8158 -0.5617
vn -0.5975 0.7911 0.1313
vn -0.5977 0.7909 0.1312
vn -0.7763 0.6248 0.0835
vn -0.7764 0.6247 0.0834
vn -0.8841 0.4619 -0.0703
vn -0.8842 0.4617 -0.0706
vn -0.8918 0.3464 -0.2910
vn -0.8919 0.3464 -0.2907
vn -0.7975 0.3093 -0.5180
vn 0.7235 -0.5124 0.4625
vn 0.5929 -0.7288 0.3424
vn 0.7569 -0.5426 0.3642
vn -0.5510 -0.7367 -0.3919
vn -0.6768 -0.4303 -0.5973
vn -0.7311 -0.4644 -0.4997
vn -0.7993 -0.4372 -0.4124
vn -0.8324 -0.0296 -0.5534
vn -0.8866 -0.0306 -0.4616
vn 0.8759 0.1041 0.4711
vn 0.8284 0.0929 0.5524
vn -0.6952 0.5363 -0.4785
vn -0.6937 0.5703 -0.4400
vn 0.5724 0.7131 0.4048
vn 0.6530 0.5653 0.5040
vn 0.5117 0.7059 0.4898
vn -0.5993 0.7087 -0.3723
vn -0.7287 0.5346 -0.4279
vn 0.2466 -0.2744 -0.9294
vn 0.2769 -0.2796 -0.9193
vn 0.3982 -0.1307 -0.9079
vn 0.5605 0.7265 0.3977
vn 0.6237 0.7245 0.2933
vn 0.5702 -0.7296 0.3776
vn 0.5817 -0.7294 0.3601
vn -0.7633 -0.1423 0.6302
vn -0.7658 -0.0736 0.6389
vn -0.7632 -0.1452 0.6297
vn 0.2928 -0.0172 -0.9560
vn 0.2878 -0.0854 -0.9539
vn 0.2875 -0.0885 -0.9537
vn -0.6219 0.6554 -0.4286
vn -0.6404 0.6548 -0.4014
vn -0.6403 0.6548 -0.4016
vn 0.7018 0.2039 -0.6826
vn 0.7269 0.2829 -0.6258
vn 0.6464 0.0799 -0.7588
vn 0.7003 0.5669 0.4339
vn 0.6267 0.7125 0.3156
vn -0.6310 -0.6380 -0.4413
vn -0.5526 -0.6283 -0.5477
vn -0.6311 -0.6379 -0.4414
vn -0.6580 0.6536 -0.3740
vn -0.6745 -0.1878 0.7140
vn -0.7458 -0.1996 0.6355
vn -0.7340 -0.2863 0.6159
vn 0.6986 0.1613 -0.6971
vn 0.6873 0.6396 0.3441
vn 0.6294 0.6404 0.4403
vn 0.6292 0.6404 0.4405
vn -0.7180 -0.3704 0.5893
vn 0.4342 -0.1951 -0.8794
vn 0.5924 -0.0330 -0.8050
vn 0.4343 -0.1948 -0.8794
vn -0.6020 -0.7360 -0.3096
vn -0.7896 -0.3515 0.5030
vn -0.8054 -0.5910 0.0449
vn -0.3487 0.0801 0.9338
vn -0.5096 -0.0914 0.8555
vn -0.5100 -0.0918 0.8553
vn -0.1380 0.8156 -0.5619
vn -0.8403 -0.5417 0.0212
vn -0.6450 -0.6178 -0.4498
vn -0.6449 -0.6179 -0.4498
vn -0.2899 -0.5119 -0.8087
vn -0.8403 -0.5416 0.0211
vn -0.6091 -0.6678 -0.4279
vn -0.2307 0.3796 0.8959
vn 0.1883 0.6395 0.7454
vn -0.2312 0.3795 0.8958
vn -0.3656 0.1216 0.9228
vn -0.3702 0.1446 0.9176
vn -0.3655 0.1217 0.9228
vn -0.5657 -0.0131 0.8245
vn -0.2045 0.3467 0.9154
vn -0.2901 -0.5119 -0.8086
vn -0.3354 0.8386 -0.4292
vn -0.3112 0.8696 -0.3833
vn -0.6264 0.3607 -0.6910
vn -0.6263 0.3604 -0.6913
vn -0.7998 0.5162 -0.3063
vn -0.8392 0.4507 -0.3042
vn -0.8018 0.5326 -0.2711
vn -0.6018 0.0345 0.7979
vn -0.3362 0.9224 -0.1902
vn -0.7027 0.6976 -0.1400
vn -0.7026 0.6977 -0.1399
vn -0.6633 0.7398 -0.1131
vn -0.5663 0.5736 -0.5919
vn -0.7842 0.5617 -0.2635
vn 0.5633 0.6330 0.5310
vn 0.7036 0.5183 0.4861
vn -0.1936 0.3332 0.9228
vn -0.3323 0.8035 -0.4939
vn 0.3003 -0.1423 -0.9432
vn 0.2976 -0.1438 -0.9438
vn 0.8507 0.3951 -0.3466
vn 0.8478 0.5184 -0.1120
vn 0.8507 0.3945 -0.3473
vn 0.1862 0.6544 0.7329
vn 0.5679 0.7189 0.4007
vn -0.2336 0.8971 -0.3749
vn -0.3205 0.8893 -0.3261
vn 0.4927 0.1104 -0.8632
vn -0.2997 -0.4874 -0.8201
vn -0.7692 -0.0238 -0.6386
vn 0.0881 -0.4407 -0.8933
vn 0.2603 -0.3340 -0.9059
vn 0.0896 -0.4400 -0.8935
vn 0.7322 -0.3109 -0.6059
vn 0.3465 0.5580 0.7540
vn 0.2123 0.4847 0.8485
vn 0.2099 0.4836 0.8498
vn -0.0015 0.3485 0.9373
vn -0.1665 0.2333 0.9580
vn -0.1665 0.2334 0.9580
vn -0.6346 -0.2516 0.7307
vn -0.7221 -0.3867 0.5736
vn -0.7219 -0.3862 0.5742
vn -0.7736 -0.4868 0.4058
vn -0.7962 -0.5850 0.1545
vn -0.7733 -0.4860 0.4072
vn -0.7781 -0.6278 -0.0226
vn -0.7781 -0.6277 -0.0226
vn 0.8099 0.5839 0.0552
vn 0.8475 0.5194 -0.1094
vn 0.7710 0.1007 0.6288
vn -0.7474 -0.2010 0.6332
vn 0.4889 0.7175 0.4962
vn -0.6985 -0.6363 -0.3274
vn -0.6986 -0.6362 -0.3274
vn 0.7218 0.1378 -0.6782
vn 0.8095 0.2860 -0.5128
vn 0.7217 0.1376 -0.6783
vn -0.3168 0.2115 0.9246
vn -0.4448 0.0335 0.8950
vn 0.2870 -0.2318 -0.9295
vn -0.4625 0.6602 0.5918
vn -0.3822 0.8971 -0.2218
vn -0.3818 0.8972 -0.2217
vn -0.5811 -0.0736 0.8105
vn 0.7109 -0.3556 -0.6068
vn 0.5225 -0.0152 -0.8525
vn -0.1618 0.6061 -0.7788
vn 0.1115 -0.6465 0.7547
vn -0.7769 0.2899 0.5589
vn 0.2008 0.3436 -0.9174
vn -0.2702 -0.4078 0.8722
vn 0.5926 -0.0328 -0.8049
vn -0.6345 -0.2516 0.7308
vn -0.0009 0.3492 0.9370
vn -0.1393 -0.5500 -0.8235
vn 0.8096 0.2859 -0.5126
vn -0.3483 0.0805 0.9339
vn 0.2598 -0.3345 -0.9059
vn 0.3777 0.7457 0.5489
vn 0.4365 0.6576 0.6140
vn 0.5457 0.8249 0.1474
vn 0.5203 0.5682 0.6375
vn 0.3228 0.8111 0.4878
vn 0.5880 0.4806 0.6506
vn -0.3650 0.7942 -0.4859
vn -0.4252 0.7126 -0.5580
vn -0.5103 0.6271 -0.5884
vn -0.3063 0.8547 -0.4192
vn -0.5797 0.5429 -0.6076
vn 0.1988 -0.3116 -0.9292
vn -0.1329 -0.3268 0.9357
vn -0.2300 -0.9547 -0.1886
vn 0.8640 -0.4024 0.3027
vn -0.5415 0.7724 -0.3320
vn -0.7318 0.3000 -0.6119
vn 0.2414 0.5764 0.7807
vn -0.5516 0.7455 -0.3741
vn 0.7551 0.3888 -0.5278
vn -0.4147 -0.8821 0.2234
vn -0.6923 0.5724 -0.4393
vn 0.4104 0.9118 0.0159
vn 0.2441 -0.6269 0.7398
vn -0.7564 0.3541 0.5499
vn -0.1684 0.3278 0.9296
vn 0.2559 0.5886 0.7669
vn 0.4830 -0.7744 0.4086
vn -0.6529 -0.4978 -0.5709
vn 0.6070 0.6660 0.4336
vn 0.6138 0.6663 0.4233
vn 0.7630 -0.0378 -0.6453
vn -0.6987 0.1307 0.7033
vn -0.6766 0.6767 -0.2901
vn 0.7237 0.4790 0.4968
vn 0.7593 -0.6130 -0.2184
vn -0.0086 -0.4616 0.8871
vn 0.1285 -0.2516 -0.9593
vn -0.3952 0.9167 0.0594
vn -0.4850 0.8730 -0.0517
vn -0.2530 -0.5612 -0.7881
vn 0.7630 0.3849 -0.5194
vn 0.1718 0.4017 -0.8995
vn -0.2457 0.6533 -0.7161
vn -0.4951 -0.7306 -0.4701
vn 0.6473 -0.5494 0.5283
vn -0.5958 0.7089 -0.3774
vn 0.5604 0.7265 0.3977
vn -0.6027 0.7085 -0.3671
vn -0.5526 -0.6283 -0.5476
vn 0.6986 0.1614 -0.6970
vn 0.6873 0.6397 0.3441
vn 0.5633 0.6330 0.5311
vn -0.7962 -0.5847 0.1554
vn 0.8099 0.5839 0.0551
vn 0.2702 -0.3188 -0.9085
vt 0.826468 0.171762
vt 0.552589 0.208746
vt 0.536037 0.176495
vt 0.233759 0.448312
vt 0.221133 0.525116
vt 0.207827 0.454315
vt 0.324813 0.293785
vt 0.058729 0.041053
vt 0.330572 0.062189
vt 0.714943 0.408836
vt 0.599000 0.508679
vt 0.596937 0.406705
vt 0.526103 0.212814
vt 0.411743 0.559711
vt 0.689748 0.708436
vt 0.419046 0.685714
vt 0.394547 0.704790
vt 0.395662 0.680830
vt 0.344248 0.409002
vt 0.356474 0.291333
vt 0.965635 0.556356
vt 0.925683 0.574336
vt 0.924624 0.552528
vt 0.355347 0.058047
vt 0.333062 0.029772
vt 0.120979 0.783671
vt 0.112942 0.754047
vt 0.135369 0.769739
vt 0.098239 0.595858
vt 0.130702 0.619866
vt 0.098065 0.612065
vt 0.169211 0.552631
vt 0.205406 0.571604
vt 0.372806 0.702031
vt 0.251868 0.700444
vt 0.372278 0.675947
vt 0.824995 0.204552
vt 0.847542 0.177491
vt 0.131054 0.798506
vt 0.111187 0.821585
vt 0.108894 0.804656
vt 0.717801 0.715559
vt 0.690047 0.723662
vt 0.249457 0.723569
vt 0.215452 0.699744
vt 0.083767 0.782407
vt 0.102014 0.779917
vt 0.573203 0.522970
vt 0.572724 0.505619
vt 0.242810 0.574347
vt 0.501880 0.043858
vt 0.540365 0.026620
vt 0.853137 0.020829
vt 0.378366 0.397620
vt 0.402398 0.373506
vt 0.417236 0.392110
vt 0.473700 0.024471
vt 0.035782 0.296220
vt 0.033345 0.435900
vt 0.003904 0.402412
vt 0.304096 0.433185
vt 0.003904 0.289647
vt 0.015275 0.041653
vt 0.996004 0.157555
vt 0.702982 0.541337
vt 0.595669 0.523979
vt 0.031931 0.796273
vt 0.017609 0.846858
vt 0.008388 0.803580
vt 0.053104 0.587493
vt 0.004207 0.570484
vt 0.052513 0.564527
vt 0.042659 0.561208
vt 0.040135 0.546407
vt 0.509182 0.310504
vt 0.052055 0.618559
vt 0.065595 0.751095
vt 0.045347 0.766437
vt 0.700431 0.558052
vt 0.061070 0.776954
vt 0.084921 0.763165
vt 0.141812 0.629832
vt 0.160881 0.625108
vt 0.147561 0.643538
vt 0.969514 0.212039
vt 0.557773 0.901222
vt 0.544508 0.921746
vt 0.536449 0.899798
vt 0.178205 0.703318
vt 0.160794 0.701286
vt 0.003912 0.762659
vt 0.505408 0.227931
vt 0.622416 0.912690
vt 0.577428 0.899006
vt 0.618524 0.893897
vt 0.155253 0.606412
vt 0.147332 0.581596
vt 0.169107 0.588763
vt 0.174911 0.612705
vt 0.151364 0.700054
vt 0.099048 0.573438
vt 0.141133 0.601237
vt 0.066776 0.007456
vt 0.072654 0.757850
vt 0.008541 0.597363
vt 0.079303 0.643062
vt 0.110978 0.636090
vt 0.117433 0.639463
vt 0.122316 0.647431
vt 0.127340 0.702698
vt 0.107013 0.760683
vt 0.096686 0.763897
vt 0.057187 0.811107
vt 0.082399 0.832552
vt 0.053806 0.843708
vt 0.268219 0.851590
vt 0.285521 0.887243
vt 0.258135 0.881022
vt 0.313034 0.893645
vt 0.294078 0.862689
vt 0.320108 0.870579
vt 0.081665 0.812767
vt 0.452455 0.893262
vt 0.374901 0.904266
vt 0.372034 0.884467
vt 0.144107 0.776968
vt 0.155756 0.784105
vt 0.340520 0.899332
vt 0.345451 0.880445
vt 0.967339 0.221844
vt 0.824487 0.215148
vt 0.502508 0.269520
vt 0.248579 0.532078
vt 0.289323 0.561623
vt 0.288197 0.540892
vt 0.550737 0.521962
vt 0.553984 0.219014
vt 0.416288 0.707548
vt 0.575798 0.920144
vt 0.559852 0.921479
vt 0.450832 0.912111
vt 0.527637 0.221742
vt 0.039498 0.004044
vt 0.146446 0.472192
vt 0.028470 0.508414
vt 0.681431 0.902327
vt 0.657940 0.883148
vt 0.672676 0.838639
vt 0.984774 0.597812
vt 0.992690 0.664971
vt 0.982036 0.668274
vt 0.959081 0.596813
vt 0.922004 0.593519
vt 0.954828 0.671222
vt 0.915096 0.669488
vt 0.730483 0.576103
vt 0.224357 0.580545
vt 0.363793 0.563076
vt 0.206126 0.701304
vt 0.193356 0.587094
vt 0.961270 0.439669
vt 0.540212 0.409339
vt 0.546448 0.502559
vt 0.269878 0.441050
vt 0.661849 0.905718
vt 0.235638 0.875727
vt 0.568574 0.408022
vt 0.387768 0.561393
vt 1.552589 0.208746
vt 1.826468 0.171762
vt 1.536037 0.176495
vt 1.221133 0.525116
vt 1.233759 0.448312
vt 1.207827 0.454315
vt 1.324813 0.293785
vt 1.058729 0.041053
vt 1.035782 0.296220
vt 1.599000 0.508679
vt 1.714943 0.408836
vt 1.596937 0.406705
vt 1.526103 0.212814
vt 1.505806 0.177855
vt 1.411743 0.559711
vt 1.689749 0.708436
vt 1.700673 0.573462
vt 1.394547 0.704790
vt 1.419046 0.685714
vt 1.395662 0.680830
vt 1.344248 0.409002
vt 1.304096 0.433185
vt 1.965635 0.556356
vt 1.924624 0.552528
vt 1.925683 0.574336
vt 1.355347 0.058047
vt 1.333062 0.029772
vt 1.330572 0.062189
vt 1.120980 0.783671
vt 1.112942 0.754047
vt 1.107013 0.760683
vt 1.098239 0.595858
vt 1.130702 0.619866
vt 1.141133 0.601237
vt 1.169211 0.552631
vt 1.205406 0.571604
vt 1.372806 0.702031
vt 1.251868 0.700444
vt 1.249457 0.723569
vt 1.824995 0.204552
vt 1.847542 0.177491
vt 1.131054 0.798506
vt 1.111187 0.821585
vt 1.139647 0.809427
vt 1.717801 0.715559
vt 1.690047 0.723662
vt 1.215452 0.699744
vt 1.083767 0.782407
vt 1.108894 0.804656
vt 1.102014 0.779917
vt 1.573203 0.522970
vt 1.572724 0.505619
vt 1.242810 0.574347
vt 1.356474 0.291333
vt 1.540365 0.026620
vt 1.521122 0.035239
vt 1.501880 0.043858
vt 1.853137 0.020829
vt 1.378366 0.397620
vt 1.417236 0.392110
vt 1.402398 0.373506
vt 1.473700 0.024471
vt 1.003904 0.402412
vt 1.033345 0.435900
vt 1.003904 0.289647
vt 1.015275 0.041653
vt 1.996004 0.157555
vt 1.595669 0.523979
vt 1.702982 0.541337
vt 1.031931 0.796273
vt 1.017609 0.846858
vt 1.028737 0.856953
vt 1.004207 0.570484
vt 1.053104 0.587493
vt 1.052513 0.564527
vt 1.040135 0.546407
vt 1.042659 0.561208
vt 1.509182 0.310504
vt 1.502508 0.269520
vt 1.065595 0.751095
vt 1.052055 0.618559
vt 1.045347 0.766437
vt 1.700431 0.558052
vt 1.084921 0.763165
vt 1.061070 0.776954
vt 1.057187 0.811107
vt 1.160881 0.625108
vt 1.141812 0.629832
vt 1.147561 0.643538
vt 1.969514 0.212039
vt 1.991483 0.196727
vt 1.544508 0.921746
vt 1.557773 0.901222
vt 1.536449 0.899798
vt 1.178205 0.703318
vt 1.160794 0.701286
vt 1.003912 0.762659
vt 1.505408 0.227931
vt 1.492619 0.046782
vt 1.622416 0.912690
vt 1.577428 0.899006
vt 1.575798 0.920144
vt 1.147332 0.581596
vt 1.155253 0.606412
vt 1.169107 0.588763
vt 1.174911 0.612705
vt 1.151364 0.700054
vt 1.099048 0.573438
vt 1.066776 0.007456
vt 1.072654 0.757850
vt 1.098065 0.612065
vt 1.079303 0.643062
vt 1.096733 0.636648
vt 1.110978 0.636090
vt 1.117433 0.639463
vt 1.122316 0.647431
vt 1.135369 0.769739
vt 1.127340 0.702698
vt 1.096686 0.763897
vt 1.081665 0.812767
vt 1.082399 0.832552
vt 1.053806 0.843708
vt 1.285521 0.887243
vt 1.268219 0.851590
vt 1.258135 0.881022
vt 1.313034 0.893645
vt 1.294078 0.862689
vt 1.374901 0.904266
vt 1.452455 0.893262
vt 1.372034 0.884467
vt 1.144107 0.776968
vt 1.340520 0.899332
vt 1.345451 0.880445
vt 1.155756 0.784105
vt 1.320108 0.870579
vt 1.967340 0.221844
vt 1.289323 0.561623
vt 1.248579 0.532078
vt 1.550737 0.521962
vt 1.288197 0.540892
vt 1.553984 0.219014
vt 1.416288 0.707548
vt 1.559852 0.921479
vt 1.450832 0.912111
vt 1.527637 0.221742
vt 1.039498 0.004044
vt 1.146446 0.472192
vt 1.028470 0.508414
vt 1.008541 0.597363
vt 1.657940 0.883148
vt 1.681431 0.902327
vt 1.672676 0.838639
vt 1.992690 0.664971
vt 1.984774 0.597812
vt 1.982036 0.668274
vt 1.959080 0.596813
vt 1.954828 0.671222
vt 1.922004 0.593519
vt 1.915096 0.669488
vt 1.730483 0.576103
vt 1.387768 0.561393
vt 1.372278 0.675947
vt 1.224357 0.580545
vt 1.193356 0.587094
vt 1.206126 0.701304
vt 1.183290 0.589098
vt 1.961270 0.439669
vt 1.568574 0.408022
vt 1.540212 0.409339
vt 1.269878 0.441050
vt 1.618524 0.893897
vt 1.661849 0.905718
vt 1.235638 0.875727
vt 1.546448 0.502559
vt 1.363793 0.563076
vt 0.505806 0.177855
vt 0.521123 0.035239
vt 0.018624 0.419156
vt 1.018624 0.419156
vt 0.438497 0.793219
vt 0.327927 0.779016
vt 0.327768 0.792787
vt 0.795023 0.754747
vt 0.813601 0.750693
vt 0.795023 0.750693
vt 0.970358 0.010084
vt 0.977659 0.006400
vt 0.970143 0.006669
vt 0.909588 0.371579
vt 0.938652 0.387747
vt 0.938648 0.371563
vt 0.776444 0.754747
vt 0.757865 0.750693
vt 0.757865 0.754747
vt 0.938650 0.339199
vt 0.909586 0.323018
vt 0.909577 0.339201
vt 0.477273 0.746884
vt 0.484009 0.759045
vt 0.484184 0.747209
vt 0.946641 0.379754
vt 0.942566 0.364902
vt 0.942566 0.379754
vt 0.767232 0.016266
vt 0.741356 0.003908
vt 0.741356 0.016266
vt 0.560241 0.003908
vt 0.586112 0.016266
vt 0.586112 0.003908
vt 0.611988 0.016266
vt 0.637864 0.003908
vt 0.611988 0.003908
vt 0.441210 0.815573
vt 0.484441 0.804670
vt 0.439224 0.804341
vt 0.962598 0.762288
vt 0.955395 0.679308
vt 0.955395 0.762288
vt 0.660775 0.748768
vt 0.484259 0.770697
vt 0.444606 0.759339
vt 0.441383 0.770884
vt 0.448338 0.839283
vt 0.340053 0.860411
vt 0.444234 0.850247
vt 0.329442 0.847623
vt 0.330239 0.860924
vt 0.898744 0.679308
vt 0.891864 0.762288
vt 0.898744 0.762288
vt 0.677802 0.838504
vt 0.691995 0.845464
vt 0.691995 0.838504
vt 0.942566 0.320358
vt 0.946641 0.305508
vt 0.942566 0.305508
vt 0.777166 0.838504
vt 0.762973 0.845464
vt 0.777166 0.845464
vt 0.948184 0.762288
vt 0.941110 0.679308
vt 0.941110 0.762288
vt 0.832177 0.727706
vt 0.850754 0.746974
vt 0.850754 0.727706
vt 0.484529 0.782125
vt 0.661088 0.794085
vt 0.661088 0.782761
vt 0.328349 0.765252
vt 0.329015 0.751552
vt 0.484082 0.816094
vt 0.444344 0.827141
vt 0.483743 0.827742
vt 0.328137 0.820323
vt 0.328697 0.834026
vt 0.949044 0.225915
vt 0.938660 0.242095
vt 0.949050 0.242097
vt 0.932391 0.010177
vt 0.925243 0.005765
vt 0.924790 0.010523
vt 0.949051 0.403940
vt 0.938660 0.403942
vt 0.949041 0.420124
vt 0.327822 0.806557
vt 0.329866 0.737962
vt 0.340578 0.725259
vt 0.330768 0.724670
vt 0.483825 0.839580
vt 0.476911 0.839851
vt 0.444677 0.736235
vt 0.341622 0.711850
vt 0.913194 0.578603
vt 0.909016 0.582036
vt 0.913193 0.582032
vt 0.484671 0.793399
vt 0.996050 0.565948
vt 0.986462 0.575557
vt 0.992542 0.572034
vt 0.996048 0.558746
vt 0.979258 0.575573
vt 0.972884 0.571916
vt 0.992376 0.552382
vt 0.986006 0.548704
vt 0.969191 0.565557
vt 0.439310 0.782102
vt 0.993564 0.214174
vt 0.986738 0.205707
vt 0.986738 0.214174
vt 0.449238 0.737019
vt 0.448695 0.747229
vt 0.455369 0.718943
vt 0.478306 0.734509
vt 0.479204 0.722040
vt 0.661000 0.805408
vt 0.660423 0.839395
vt 0.660623 0.827975
vt 0.483325 0.851341
vt 0.660280 0.862222
vt 0.660307 0.850815
vt 0.969653 0.762288
vt 0.962598 0.679308
vt 0.660996 0.771468
vt 0.660887 0.760188
vt 0.660748 0.737349
vt 0.483775 0.735447
vt 0.197166 0.003905
vt 0.186771 0.008059
vt 0.197122 0.007831
vt 0.993564 0.231379
vt 0.986738 0.240027
vt 0.993564 0.240027
vt 0.986738 0.248608
vt 0.993564 0.257104
vt 0.993564 0.248608
vt 0.993564 0.300032
vt 0.986738 0.308500
vt 0.993564 0.308500
vt 0.986738 0.300032
vt 0.993564 0.291472
vt 0.986738 0.291472
vt 0.993564 0.282825
vt 0.986738 0.282825
vt 0.976532 0.762288
vt 0.969653 0.679308
vt 0.948184 0.679308
vt 0.934198 0.679308
vt 0.934198 0.762288
vt 0.905801 0.679308
vt 0.905801 0.762288
vt 0.913005 0.679308
vt 0.913005 0.762288
vt 0.927288 0.679308
vt 0.920215 0.762288
vt 0.927288 0.762288
vt 0.878107 0.582022
vt 0.875163 0.578593
vt 0.875161 0.582033
vt 0.909588 0.290646
vt 0.938645 0.274471
vt 0.909585 0.274454
vt 0.909592 0.355388
vt 0.938656 0.355392
vt 0.909598 0.420130
vt 0.909595 0.403943
vt 0.938648 0.306837
vt 0.938653 0.290643
vt 0.909595 0.242093
vt 0.938650 0.258287
vt 0.962771 0.010092
vt 0.962664 0.006695
vt 0.188739 0.440671
vt 0.171047 0.453575
vt 0.190354 0.444009
vt 0.942566 0.394607
vt 0.946641 0.394607
vt 0.942566 0.260964
vt 0.946641 0.246109
vt 0.942566 0.246109
vt 0.946641 0.335208
vt 0.942566 0.335208
vt 0.942566 0.350062
vt 0.946641 0.350062
vt 0.946641 0.364902
vt 0.942566 0.290656
vt 0.012754 0.003952
vt 0.023149 0.008106
vt 0.023105 0.004181
vt 0.909590 0.258270
vt 0.955190 0.006672
vt 0.942566 0.275817
vt 0.946641 0.260964
vt 0.992623 0.004915
vt 0.985590 0.010523
vt 0.993221 0.011101
vt 0.875990 0.004893
vt 0.880053 0.038221
vt 0.880053 0.003913
vt 0.940022 0.010084
vt 0.932721 0.006400
vt 0.720717 0.746974
vt 0.739290 0.727706
vt 0.720717 0.727706
vt 0.875990 0.037241
vt 0.874025 0.007085
vt 0.874025 0.035049
vt 0.986738 0.265598
vt 0.993564 0.274178
vt 0.993564 0.265598
vt 0.946641 0.275817
vt 0.832177 0.754747
vt 0.850754 0.750693
vt 0.832177 0.750693
vt 0.683571 0.746974
vt 0.664997 0.727706
vt 0.664997 0.746974
vt 0.947609 0.010092
vt 0.955190 0.010105
vt 0.869326 0.754747
vt 0.887901 0.750693
vt 0.869326 0.750693
vt 0.739290 0.754747
vt 0.720717 0.750693
vt 0.720717 0.754747
vt 0.702142 0.750693
vt 0.702142 0.754747
vt 0.850754 0.754747
vt 0.748779 0.838504
vt 0.734584 0.845464
vt 0.748779 0.845464
vt 0.720389 0.838504
vt 0.734584 0.838504
vt 0.706195 0.838504
vt 0.720389 0.845464
vt 0.833950 0.845464
vt 0.848144 0.838504
vt 0.833950 0.838504
vt 0.762973 0.838504
vt 0.819755 0.838504
vt 0.805560 0.845464
vt 0.819755 0.845464
vt 0.805560 0.838504
vt 0.791359 0.845464
vt 0.706195 0.845464
vt 0.791359 0.838504
vt 0.664997 0.754747
vt 0.683571 0.750693
vt 0.664997 0.750693
vt 0.986738 0.257104
vt 0.969176 0.558346
vt 0.978793 0.548707
vt 0.972688 0.552233
vt 0.940237 0.006669
vt 0.977988 0.010177
vt 0.985138 0.005765
vt 0.456893 0.405526
vt 0.456802 0.398329
vt 0.449406 0.404161
vt 0.034100 0.481995
vt 0.041156 0.481588
vt 0.042169 0.474123
vt 0.023120 0.502265
vt 0.023121 0.484869
vt 0.015841 0.500570
vt 0.006881 0.488877
vt 0.012144 0.481995
vt 0.005086 0.481589
vt 0.010251 0.495599
vt 0.776444 0.750693
vt 0.870985 0.582028
vt 0.449407 0.371748
vt 0.456802 0.377576
vt 0.456893 0.370381
vt 0.909014 0.578596
vt 0.906071 0.582025
vt 0.944192 0.582168
vt 0.946217 0.577967
vt 0.961761 0.082112
vt 0.986534 0.099264
vt 0.992745 0.083088
vt 0.906184 0.021070
vt 0.913066 0.004979
vt 0.961761 0.116420
vt 0.957701 0.083092
vt 0.957701 0.115440
vt 0.437382 0.395333
vt 0.454105 0.387953
vt 0.435640 0.387955
vt 0.437383 0.380577
vt 0.442486 0.374963
vt 0.477848 0.852236
vt 0.454789 0.867624
vt 0.478647 0.864713
vt 0.004077 0.474123
vt 0.030398 0.500568
vt 0.039360 0.488875
vt 0.464535 0.369977
vt 0.442485 0.400948
vt 0.660810 0.725943
vt 0.483665 0.723807
vt 0.448800 0.849498
vt 0.464535 0.405926
vt 0.917757 0.004915
vt 0.917159 0.011101
vt 0.366099 0.410894
vt 0.350467 0.411161
vt 0.352449 0.414550
vt 0.986738 0.222733
vt 0.993564 0.222733
vt 0.839986 0.582168
vt 0.870984 0.578599
vt 0.837960 0.577967
vt 0.992745 0.115438
vt 0.906070 0.578596
vt 0.878107 0.578593
vt 0.660821 0.816698
vt 0.035987 0.495597
vt 0.986738 0.274178
vt 0.938650 0.323019
vt 0.381731 0.411161
vt 0.379750 0.414550
vt 0.913066 0.037161
vt 0.986083 0.440687
vt 0.994791 0.431977
vt 0.994791 0.425547
vt 0.702142 0.746974
vt 0.702142 0.727706
vt 0.920215 0.679308
vt 0.340991 0.873828
vt 0.448592 0.866323
vt 0.560241 0.016266
vt 0.534367 0.003908
vt 0.534367 0.016266
vt 0.844850 0.003908
vt 0.818977 0.016266
vt 0.844850 0.016266
vt 0.165331 0.764278
vt 0.171650 0.778036
vt 0.178328 0.753065
vt 0.147934 0.893308
vt 0.123930 0.898934
vt 0.147934 0.898934
vt 0.264830 0.753042
vt 0.273095 0.751468
vt 0.265079 0.740367
vt 0.196661 0.821231
vt 0.200433 0.831169
vt 0.201796 0.828831
vt 0.241435 0.828849
vt 0.221616 0.827933
vt 0.221614 0.831560
vt 0.264846 0.802991
vt 0.273111 0.804565
vt 0.277878 0.791661
vt 0.246538 0.734781
vt 0.242759 0.724842
vt 0.241641 0.726493
vt 0.221566 0.728100
vt 0.221565 0.723923
vt 0.862218 0.313165
vt 0.905694 0.327710
vt 0.905694 0.313165
vt 0.843386 0.400423
vt 0.850823 0.385875
vt 0.843386 0.385875
vt 0.843386 0.356790
vt 0.850823 0.371332
vt 0.850823 0.356790
vt 0.862218 0.371332
vt 0.857158 0.385875
vt 0.862218 0.385875
vt 0.862218 0.356790
vt 0.857158 0.371332
vt 0.857158 0.342252
vt 0.857158 0.356790
vt 0.905694 0.254994
vt 0.862218 0.240453
vt 0.862218 0.254994
vt 0.862218 0.284074
vt 0.905694 0.269536
vt 0.862218 0.269536
vt 0.857158 0.284074
vt 0.862218 0.298618
vt 0.857158 0.298618
vt 0.857158 0.313165
vt 0.850823 0.327710
vt 0.857158 0.327710
vt 0.850823 0.269536
vt 0.857158 0.254994
vt 0.850823 0.254994
vt 0.768427 0.410507
vt 0.776007 0.404506
vt 0.768427 0.404506
vt 0.850823 0.225907
vt 0.843386 0.240452
vt 0.850823 0.240453
vt 0.982755 0.347355
vt 0.952956 0.360813
vt 0.982755 0.360813
vt 0.850823 0.284074
vt 0.850823 0.298618
vt 0.862218 0.327710
vt 0.905694 0.298618
vt 0.857158 0.400423
vt 0.862218 0.400423
vt 0.843386 0.284074
vt 0.850823 0.400423
vt 0.857158 0.225907
vt 0.857158 0.240453
vt 0.843386 0.342252
vt 0.839908 0.327710
vt 0.839908 0.342252
vt 0.839908 0.356790
vt 0.839908 0.313165
vt 0.843386 0.327710
vt 0.843386 0.313165
vt 0.839908 0.298618
vt 0.839908 0.284074
vt 0.843386 0.371332
vt 0.839908 0.371332
vt 0.839908 0.385875
vt 0.165351 0.791805
vt 0.178363 0.802994
vt 0.219947 0.893308
vt 0.243955 0.898934
vt 0.243955 0.893308
vt 0.171939 0.893308
vt 0.171939 0.898934
vt 0.195940 0.893308
vt 0.099931 0.893308
vt 0.099931 0.898934
vt 0.075925 0.893308
vt 0.075925 0.898934
vt 0.051916 0.898934
vt 0.051916 0.893308
vt 0.027912 0.898934
vt 0.027912 0.893308
vt 0.003906 0.893308
vt 0.003906 0.898934
vt 0.994936 0.020705
vt 0.988709 0.078052
vt 0.994936 0.078052
vt 0.221530 0.754251
vt 0.198943 0.739105
vt 0.198943 0.754251
vt 0.694600 0.313165
vt 0.777388 0.327710
vt 0.777388 0.313165
vt 0.509165 0.374626
vt 0.498308 0.352507
vt 0.498308 0.374626
vt 0.611783 0.298618
vt 0.562426 0.284074
vt 0.562426 0.298618
vt 0.498308 0.396745
vt 0.492892 0.374625
vt 0.492892 0.396745
vt 0.244117 0.757305
vt 0.221530 0.757305
vt 0.486908 0.352507
vt 0.486908 0.374625
vt 0.221530 0.799516
vt 0.198943 0.761651
vt 0.198943 0.799516
vt 0.468931 0.374626
vt 0.486908 0.396745
vt 0.004639 0.554044
vt 0.020245 0.527571
vt 0.021069 0.518635
vt 0.004169 0.030700
vt 0.008793 0.003939
vt 0.003923 0.004030
vt 0.244117 0.739105
vt 0.221530 0.739105
vt 0.430217 0.401745
vt 0.440497 0.413839
vt 0.433673 0.397297
vt 0.006742 0.501257
vt 0.018836 0.511536
vt 0.023284 0.508079
vt 0.994285 0.314303
vt 0.986672 0.334340
vt 0.991656 0.334341
vt 0.337666 0.023351
vt 0.367298 0.020308
vt 0.327353 0.020308
vt 0.244117 0.761651
vt 0.244117 0.799516
vt 0.282215 0.743501
vt 0.322156 0.765492
vt 0.323147 0.743509
vt 0.994285 0.354379
vt 0.989475 0.355668
vt 0.423116 0.399513
vt 0.427778 0.396423
vt 0.422837 0.394258
vt 0.777388 0.342252
vt 0.777388 0.356790
vt 0.777388 0.371332
vt 0.777388 0.385875
vt 0.777388 0.298618
vt 0.694600 0.385875
vt 0.611783 0.400422
vt 0.694600 0.400422
vt 0.951115 0.020705
vt 0.957325 0.078052
vt 0.957325 0.020705
vt 0.694600 0.298618
vt 0.562426 0.371332
vt 0.513221 0.385875
vt 0.562426 0.385875
vt 0.562426 0.356790
vt 0.513221 0.371332
vt 0.513221 0.240452
vt 0.562426 0.254994
vt 0.562426 0.240453
vt 0.611783 0.284074
vt 0.694600 0.371332
vt 0.944852 0.078052
vt 0.938537 0.020705
vt 0.938537 0.078052
vt 0.327367 0.025289
vt 0.611783 0.356790
vt 0.694600 0.342252
vt 0.694600 0.356790
vt 0.611783 0.342252
vt 0.694600 0.327710
vt 0.611783 0.327710
vt 0.562426 0.342252
vt 0.562426 0.327710
vt 0.562426 0.313164
vt 0.513221 0.298618
vt 0.513221 0.313164
vt 0.513221 0.284074
vt 0.513221 0.269536
vt 0.562426 0.269536
vt 0.513221 0.356790
vt 0.982432 0.020705
vt 0.976115 0.078052
vt 0.982432 0.078052
vt 0.694600 0.240453
vt 0.611783 0.225906
vt 0.611783 0.240453
vt 0.562427 0.225906
vt 0.513221 0.327710
vt 0.985103 0.540352
vt 0.996086 0.520141
vt 0.985112 0.520142
vt 0.839908 0.254994
vt 0.777388 0.269536
vt 0.839908 0.269536
vt 0.611783 0.313164
vt 0.839908 0.240453
vt 0.777388 0.254994
vt 0.611783 0.385875
vt 0.562427 0.400422
vt 0.414181 0.400337
vt 0.412827 0.397994
vt 0.777388 0.284074
vt 0.694600 0.269536
vt 0.951115 0.078052
vt 0.944852 0.020705
vt 0.694600 0.254994
vt 0.611783 0.254994
vt 0.611783 0.371332
vt 0.611783 0.269536
vt 0.694600 0.284074
vt 0.513221 0.225906
vt 0.777388 0.225906
vt 0.777388 0.240453
vt 0.513221 0.400422
vt 0.970812 0.431849
vt 0.985953 0.416704
vt 0.979523 0.416708
vt 0.982755 0.293362
vt 0.952956 0.306856
vt 0.982755 0.306856
vt 0.979654 0.440687
vt 0.991554 0.419937
vt 0.776007 0.410507
vt 0.783608 0.404506
vt 0.760870 0.404506
vt 0.974044 0.437450
vt 0.836613 0.404506
vt 0.844194 0.410507
vt 0.844194 0.404506
vt 0.821418 0.404506
vt 0.829011 0.410507
vt 0.829011 0.404506
vt 0.851752 0.410507
vt 0.851752 0.404506
vt 0.806311 0.404506
vt 0.798770 0.410507
vt 0.806311 0.410507
vt 0.969800 0.020705
vt 0.963535 0.078052
vt 0.969800 0.078052
vt 0.976115 0.020705
vt 0.932219 0.078052
vt 0.925941 0.020705
vt 0.925941 0.078052
vt 0.932219 0.020705
vt 0.509165 0.396745
vt 0.905694 0.371332
vt 0.905694 0.385875
vt 0.839908 0.400423
vt 0.839908 0.225907
vt 0.970815 0.425417
vt 0.057697 0.469704
vt 0.071315 0.439905
vt 0.057697 0.439905
vt 0.813851 0.410507
vt 0.513221 0.342252
vt 0.195940 0.898934
vt 0.715482 0.016266
vt 0.689608 0.003908
vt 0.689608 0.016266
vt 0.663736 0.016266
vt 0.813851 0.404506
vt 0.821418 0.410507
vt 0.843386 0.254994
vt 0.715482 0.003908
vt 0.905694 0.400423
vt 0.793108 0.016266
vt 0.818977 0.003908
vt 0.793108 0.003908
vt 0.008886 0.061522
vt 0.006950 0.071821
vt 0.008925 0.072087
vt 0.905694 0.225907
vt 0.862218 0.225907
vt 0.905694 0.356790
vt 0.862218 0.342252
vt 0.663736 0.003908
vt 0.178090 0.740328
vt 0.196601 0.734796
vt 0.267957 0.898934
vt 0.267957 0.893308
vt 0.246572 0.821255
vt 0.242796 0.831187
vt 0.255008 0.825066
vt 0.291962 0.893308
vt 0.291962 0.898934
vt 0.767232 0.003908
vt 0.791202 0.410507
vt 0.798770 0.404506
vt 0.791202 0.404506
vt 0.843386 0.298618
vt 0.850823 0.313165
vt 0.850823 0.342252
vt 0.843386 0.269536
vt 0.271535 0.778015
vt 0.279448 0.778016
vt 0.277871 0.764370
vt 0.178142 0.815732
vt 0.265103 0.815669
vt 0.783608 0.410507
vt 0.963535 0.020705
vt 0.919713 0.020705
vt 0.919713 0.078052
vt 0.985103 0.499933
vt 0.221530 0.761651
vt 0.905694 0.342252
vt 0.843386 0.225907
vt 0.024158 0.513974
vt 0.019234 0.514615
vt 0.982755 0.239364
vt 0.952956 0.252894
vt 0.982755 0.252894
vt 0.200372 0.724857
vt 0.201491 0.726507
vt 0.492892 0.352507
vt 0.513221 0.254994
vt 0.982755 0.320364
vt 0.952956 0.333826
vt 0.982755 0.333826
vt 0.836613 0.410507
vt 0.003908 0.469704
vt 0.017389 0.439905
vt 0.003908 0.439905
vt 0.030960 0.469704
vt 0.044235 0.439905
vt 0.030960 0.439905
vt 0.084912 0.469704
vt 0.098411 0.439905
vt 0.084912 0.439905
vt 0.111745 0.469704
vt 0.125284 0.439905
vt 0.111745 0.439905
vt 0.138763 0.469704
vt 0.138763 0.439905
vt 0.988709 0.020705
vt 0.982755 0.225906
vt 0.952956 0.239364
vt 0.198943 0.757305
vt 0.777388 0.400423
vt 0.427137 0.401347
vt 0.008793 0.057459
vt 0.003923 0.057369
vt 0.322156 0.721526
vt 0.282213 0.721990
vt 0.982755 0.266359
vt 0.952956 0.279869
vt 0.982755 0.279869
vt 0.003906 0.101453
vt 0.003906 0.061508
vt 0.026323 0.518914
vt 0.452838 0.003908
vt 0.478714 0.016266
vt 0.478714 0.003908
vt 0.349347 0.016266
vt 0.323476 0.003908
vt 0.323476 0.016266
vt 0.297600 0.003908
vt 0.271725 0.016266
vt 0.297600 0.016266
vt 0.349347 0.003908
vt 0.375221 0.016266
vt 0.375221 0.003908
vt 0.401093 0.003908
vt 0.955710 0.798326
vt 0.941937 0.804626
vt 0.966908 0.811344
vt 0.147947 0.902905
vt 0.123942 0.908531
vt 0.147947 0.908531
vt 0.966850 0.897847
vt 0.968535 0.906023
vt 0.979585 0.898092
vt 0.898687 0.829565
vt 0.888754 0.833334
vt 0.891091 0.834697
vt 0.891093 0.874335
vt 0.891999 0.854517
vt 0.888372 0.854516
vt 0.916921 0.897783
vt 0.915208 0.905953
vt 0.928101 0.910800
vt 0.988802 0.887864
vt 0.993417 0.874697
vt 0.985126 0.879583
vt 0.991832 0.854622
vt 0.996009 0.854625
vt 0.776444 0.776041
vt 0.757865 0.825200
vt 0.776444 0.825200
vt 0.664997 0.763156
vt 0.683571 0.754747
vt 0.720717 0.763156
vt 0.702142 0.776041
vt 0.683571 0.770319
vt 0.683571 0.776041
vt 0.720717 0.776041
vt 0.702142 0.770319
vt 0.739290 0.770319
vt 0.720717 0.770319
vt 0.850754 0.825200
vt 0.869326 0.776041
vt 0.850754 0.776041
vt 0.813601 0.776041
vt 0.832177 0.825200
vt 0.832177 0.776041
vt 0.813601 0.770319
vt 0.795023 0.776041
vt 0.795023 0.770319
vt 0.776444 0.770319
vt 0.757865 0.763156
vt 0.757865 0.770319
vt 0.832177 0.763156
vt 0.850754 0.770319
vt 0.850754 0.763156
vt 0.702142 0.763156
vt 0.869326 0.763156
vt 0.887901 0.754747
vt 0.088847 0.644509
vt 0.081811 0.743351
vt 0.087597 0.644528
vt 0.813601 0.763156
vt 0.795023 0.763156
vt 0.757865 0.776041
vt 0.795023 0.825200
vt 0.664997 0.770319
vt 0.664997 0.776041
vt 0.683571 0.763156
vt 0.887901 0.770319
vt 0.869326 0.770319
vt 0.739290 0.763156
vt 0.869326 0.727706
vt 0.887901 0.746974
vt 0.887901 0.727706
vt 0.683571 0.727706
vt 0.795023 0.727706
vt 0.776444 0.746974
vt 0.795023 0.746974
vt 0.813601 0.746974
vt 0.813601 0.727706
vt 0.739290 0.746974
vt 0.757865 0.727706
vt 0.928174 0.798302
vt 0.916959 0.811300
vt 0.219967 0.902905
vt 0.243977 0.908531
vt 0.243977 0.902905
vt 0.171954 0.902905
vt 0.171954 0.908531
vt 0.195958 0.902905
vt 0.099940 0.902905
vt 0.099940 0.908531
vt 0.075932 0.902905
vt 0.075932 0.908531
vt 0.051921 0.908531
vt 0.051921 0.902905
vt 0.027915 0.908531
vt 0.027915 0.902905
vt 0.003907 0.902905
vt 0.003907 0.908531
vt 0.931507 0.842541
vt 0.918162 0.868706
vt 0.933095 0.865487
vt 0.992755 0.391732
vt 0.982931 0.371358
vt 0.981520 0.391728
vt 0.982921 0.412128
vt 0.976027 0.391723
vt 0.977738 0.413001
vt 0.936296 0.820100
vt 0.934666 0.842552
vt 0.971991 0.369589
vt 0.969946 0.391722
vt 0.968412 0.842578
vt 0.940530 0.864378
vt 0.970424 0.863639
vt 0.951902 0.391653
vt 0.971826 0.413875
vt 0.858549 0.406067
vt 0.876240 0.418971
vt 0.885010 0.420872
vt 0.156078 0.004168
vt 0.182840 0.008792
vt 0.182748 0.003922
vt 0.918760 0.816347
vt 0.916002 0.842242
vt 0.154959 0.454120
vt 0.143288 0.443362
vt 0.152067 0.458954
vt 0.903997 0.408759
vt 0.892327 0.419517
vt 0.895220 0.424351
vt 0.484502 0.023314
vt 0.504539 0.030928
vt 0.504539 0.025944
vt 0.498654 0.344819
vt 0.477480 0.348423
vt 0.508785 0.348423
vt 0.940539 0.820793
vt 0.970424 0.821524
vt 0.865382 0.690682
vt 0.843404 0.721824
vt 0.865377 0.722999
vt 0.524577 0.023314
vt 0.525867 0.028125
vt 0.162277 0.455475
vt 0.158024 0.459107
vt 0.163191 0.460658
vt 0.509044 0.343449
vt 0.086666 0.484692
vt 0.066454 0.473709
vt 0.066456 0.484684
vt 0.172674 0.455736
vt 0.103077 0.706083
vt 0.083441 0.693918
vt 0.083417 0.706382
vt 0.993242 0.411362
vt 0.702142 0.825200
vt 0.683571 0.825200
vt 0.529788 0.537505
vt 0.543408 0.558644
vt 0.543408 0.537505
vt 0.195958 0.908531
vt 0.504588 0.003908
vt 0.530461 0.016266
vt 0.530461 0.003908
vt 0.219980 0.016266
vt 0.245853 0.003908
vt 0.219980 0.003908
vt 0.504588 0.016266
vt 0.664997 0.825200
vt 0.426963 0.003908
vt 0.401093 0.016266
vt 0.426963 0.016266
vt 0.468563 0.401449
vt 0.478953 0.402819
vt 0.479110 0.400832
vt 0.887901 0.825200
vt 0.887901 0.776041
vt 0.720717 0.825200
vt 0.739290 0.776041
vt 0.245853 0.016266
vt 0.979650 0.811124
vt 0.985160 0.829648
vt 0.267981 0.908531
vt 0.267981 0.902905
vt 0.898691 0.879475
vt 0.888755 0.875697
vt 0.894992 0.887750
vt 0.291988 0.902905
vt 0.291988 0.908531
vt 0.452838 0.016266
vt 0.776444 0.763156
vt 0.941876 0.904510
vt 0.941862 0.912415
vt 0.955628 0.910838
vt 0.904215 0.811056
vt 0.904181 0.897996
vt 0.046246 0.484692
vt 0.939180 0.842577
vt 0.739290 0.825200
vt 0.813601 0.754747
vt 0.889262 0.424504
vt 0.889223 0.419539
vt 0.101457 0.656770
vt 0.099078 0.644353
vt 0.081764 0.657070
vt 0.757865 0.746974
vt 0.776444 0.727706
vt 0.995098 0.833431
vt 0.993446 0.834548
vt 0.832177 0.746974
vt 0.869326 0.746974
vt 0.977758 0.370484
vt 0.102171 0.730636
vt 0.083128 0.718739
vt 0.082570 0.730935
vt 0.387708 0.415945
vt 0.386510 0.412436
vt 0.475990 0.537505
vt 0.489474 0.558644
vt 0.489474 0.537505
vt 0.503047 0.537505
vt 0.516324 0.558644
vt 0.516324 0.537505
vt 0.557006 0.537505
vt 0.570508 0.558644
vt 0.570508 0.537505
vt 0.583843 0.558644
vt 0.597385 0.537505
vt 0.583843 0.537505
vt 0.610866 0.558644
vt 0.610866 0.537505
vt 0.096999 0.644385
vt 0.100353 0.644334
vt 0.936126 0.865087
vt 0.158064 0.454142
vt 0.129319 0.008792
vt 0.129410 0.003922
vt 0.887351 0.721823
vt 0.886892 0.690522
vt 0.102822 0.681115
vt 0.082672 0.669136
vt 0.083209 0.681414
vt 0.500127 0.406422
vt 0.468822 0.406422
vt 0.884096 0.426055
vt 0.739290 0.750693
vt 0.909601 0.225907
vt 0.955734 0.113248
vt 0.955734 0.085284
vt 0.952956 0.293362
vt 0.098411 0.469704
vt 0.071315 0.469704
vt 0.017389 0.469704
vt 0.952956 0.347355
vt 0.952956 0.266359
vt 0.044235 0.469704
vt 0.952956 0.320364
vt 0.103092 0.693618
vt 0.557006 0.558644
vt 0.503047 0.558644
vt 0.101365 0.743053
vt 0.102280 0.668837
vt 0.529788 0.558644
vt 0.102768 0.718440
vt 0.170153 0.751375
vt 0.163745 0.778043
vt 0.254976 0.730972
vt 0.170191 0.804701
vt 0.188323 0.731117
vt 0.188383 0.824926
vt 0.968611 0.803169
vt 0.941943 0.796717
vt 0.915265 0.803122
vt 0.988851 0.821371
vt 0.895002 0.821286
vt 0.700673 0.573462
vt 0.139647 0.809427
vt 0.825579 0.025069
vt 0.492619 0.046782
vt 0.991483 0.196727
vt 0.028737 0.856953
vt 0.096733 0.636648
vt 0.995732 0.598191
vt 0.183290 0.589098
vt 0.994261 0.448865
vt 0.243927 0.839414
vt 1.825579 0.025069
vt 1.008388 0.803580
vt 1.824487 0.215148
vt 1.995732 0.598191
vt 1.994261 0.448865
vt 1.243927 0.839414
vt 0.909592 0.387763
vt 0.637864 0.016266
vt 0.891864 0.679308
vt 0.677802 0.845464
vt 0.946641 0.320358
vt 0.449163 0.720195
vt 0.993564 0.205707
vt 0.483124 0.862980
vt 0.186775 0.003905
vt 0.986738 0.231379
vt 0.976532 0.679308
vt 0.909575 0.306835
vt 0.946641 0.290656
vt 0.012758 0.008106
vt 0.947716 0.006695
vt 0.848144 0.845464
vt 0.366098 0.406976
vt 0.991610 0.437505
vt 0.123930 0.893308
vt 0.905694 0.240452
vt 0.905694 0.284074
vt 0.857158 0.269536
vt 0.219947 0.898934
vt 0.509165 0.352507
vt 0.244117 0.754251
vt 0.468931 0.396745
vt 0.008148 0.555242
vt 0.009053 0.030699
vt 0.468931 0.352507
vt 0.436116 0.415967
vt 0.004614 0.505639
vt 0.989475 0.313013
vt 0.367344 0.024185
vt 0.282213 0.765012
vt 0.337931 0.025326
vt 0.694600 0.225906
vt 0.995667 0.540370
vt 0.760870 0.410507
vt 0.973997 0.419890
vt 0.995667 0.499912
vt 0.125284 0.469704
vt 0.952956 0.225906
vt 0.007783 0.101499
vt 0.022589 0.528924
vt 0.271725 0.003908
vt 0.123942 0.902905
vt 0.995067 0.875817
vt 0.869326 0.825200
vt 0.813601 0.825200
vt 0.832177 0.770319
vt 0.887901 0.763156
vt 0.219967 0.908531
vt 0.993242 0.372127
vt 0.933278 0.819680
vt 0.954567 0.417951
vt 0.856934 0.409405
vt 0.156079 0.009052
vt 0.954767 0.365380
vt 0.147380 0.440718
vt 0.899906 0.406115
vt 0.483212 0.028125
vt 0.477647 0.344550
vt 0.843872 0.690522
vt 0.498498 0.342833
vt 0.086683 0.474128
vt 0.046226 0.474128
vt 0.475990 0.558644
vt 0.597385 0.558644
vt 0.098281 0.644365
vt 0.499960 0.402549
vt 0.874613 0.421133
s 1
usemtl mat_garage_canister
f 932/1430/1192 832/1431/1193 836/1432/1194
f 940/1433/1195 916/1434/1196 939/1435/1197
f 854/1436/1198 848/1437/1199 846/1438/1200
f 944/1439/1201 928/1440/1202 943/1441/1203
f 920/1442/1204 836/1432/1194 832/1431/1193
f 950/1443/1205 935/1444/1206 937/1445/1207
f 937/1445/1207 962/1446/1208 963/1447/1209
f 924/1448/1210 854/1436/1198 855/1449/1211
f 842/1450/1212 922/1451/1213 930/1452/1214
f 921/1453/1215 846/1438/1200 840/1454/1216
f 894/1455/1217 863/1456/1218 895/1457/1219
f 904/1458/1220 900/1459/1221 902/1460/1222
f 857/1461/1223 916/1434/1196 925/1462/1224
f 933/1463/1225 833/1464/1226 834/1465/1227
f 837/1466/1228 932/1430/1192 931/1467/1229
f 887/1468/1230 912/1469/1231 888/1470/1232
f 919/1471/1233 936/1472/1234 935/1444/1206
f 934/1473/1235 920/1474/1204 833/1464/1226
f 888/1470/1232 892/1475/1236 893/1476/1237
f 928/1440/1202 960/1477/1238 959/1478/1239
f 916/1434/1196 924/1479/1210 925/1462/1224
f 855/1449/1211 846/1438/1200 921/1453/1215
f 933/1480/1225 835/1481/1240 836/1432/1194
f 835/1481/1240 932/1430/1192 836/1432/1194
f 932/1430/1192 919/1482/1233 931/1467/1229
f 925/1483/1224 856/1484/1241 857/1485/1223
f 841/1486/1242 921/1453/1215 840/1454/1216
f 853/1487/1243 852/1488/1244 927/1489/1245
f 926/1490/1246 853/1487/1243 854/1436/1198
f 848/1437/1199 851/1491/1247 922/1492/1213
f 918/1493/1248 931/1467/1229 919/1482/1233
f 929/1494/1249 927/1495/1245 928/1440/1202
f 925/1483/1224 855/1449/1211 856/1484/1241
f 886/1496/1250 858/1497/1251 859/1498/1252
f 903/1499/1253 841/1500/1242 905/1501/1254
f 857/1461/1223 858/1502/1251 917/1503/1255
f 856/1484/1241 858/1504/1251 857/1485/1223
f 901/1505/1256 870/1506/1257 869/1507/1258
f 929/1494/1249 922/1451/1213 851/1508/1247
f 891/1509/1259 865/1510/1260 892/1475/1236
f 891/1509/1259 886/1496/1250 869/1507/1258
f 898/1511/1261 882/1512/1262 897/1513/1263
f 931/1467/1229 838/1514/1264 837/1466/1228
f 872/1515/1265 877/1516/1266 873/1517/1267
f 882/1512/1262 874/1518/1268 883/1519/1269
f 886/1496/1250 860/1520/1270 869/1507/1258
f 921/1453/1215 860/1521/1270 855/1449/1211
f 862/1522/1271 879/1523/1272 906/1524/1273
f 881/1525/1274 879/1526/1272 872/1527/1265
f 881/1525/1274 873/1528/1267 882/1512/1262
f 897/1513/1263 883/1519/1269 896/1529/1275
f 906/1530/1273 880/1531/1276 904/1458/1220
f 843/1532/1277 846/1438/1200 848/1437/1199
f 903/1499/1253 906/1530/1273 904/1458/1220
f 891/1509/1259 870/1506/1257 871/1533/1278
f 902/1460/1222 903/1499/1253 904/1458/1220
f 901/1505/1256 860/1520/1270 861/1534/1279
f 902/1460/1222 868/1535/1280 901/1505/1256
f 899/1536/1281 902/1460/1222 900/1459/1221
f 850/1537/1282 900/1459/1221 898/1511/1261
f 849/1538/1283 898/1511/1261 897/1513/1263
f 895/1457/1219 847/1539/1284 896/1529/1275
f 893/1476/1237 864/1540/1285 894/1455/1217
f 892/1475/1236 909/1541/1286 893/1476/1237
f 892/1475/1236 890/1542/1287 891/1509/1259
f 890/1542/1287 911/1543/1288 907/1544/1289
f 907/1544/1289 886/1496/1250 890/1542/1287
f 907/1545/1289 845/1546/1290 910/1547/1291
f 844/1548/1292 911/1549/1288 912/1550/1231
f 912/1469/1231 889/1551/1293 888/1470/1232
f 874/1552/1268 867/1553/1294 875/1554/1295
f 894/1455/1217 888/1470/1232 893/1476/1237
f 884/1555/1296 894/1455/1217 895/1457/1219
f 895/1457/1219 883/1519/1269 884/1555/1296
f 884/1555/1296 874/1518/1268 875/1556/1295
f 913/1557/1297 875/1554/1295 867/1553/1294
f 875/1556/1295 887/1468/1230 884/1555/1296
f 885/1558/1298 844/1548/1292 912/1550/1231
f 900/1459/1221 881/1525/1274 898/1511/1261
f 837/1466/1228 841/1559/1242 840/1560/1216
f 855/1449/1211 859/1561/1252 856/1484/1241
f 914/1562/1299 926/1563/1246 924/1479/1210
f 923/1564/1300 852/1565/1244 926/1563/1246
f 847/1539/1284 897/1513/1263 896/1529/1275
f 843/1566/1277 837/1466/1228 840/1560/1216
f 935/1444/1206 835/1567/1240 937/1445/1207
f 872/1515/1265 866/1568/1301 878/1569/1302
f 876/1570/1303 873/1517/1267 877/1516/1266
f 842/1571/1212 832/1431/1193 843/1566/1277
f 842/1572/1212 848/1437/1199 922/1492/1213
f 938/1573/1304 917/1503/1255 958/1574/1305
f 903/1499/1253 901/1505/1256 861/1534/1279
f 916/1434/1196 938/1573/1304 939/1435/1197
f 944/1439/1201 930/1452/1214 929/1494/1249
f 956/1575/1306 905/1576/1254 841/1577/1242
f 955/1578/1307 841/1579/1242 838/1580/1264
f 838/1580/1264 954/1581/1308 955/1578/1307
f 953/1582/1309 839/1583/1310 918/1584/1248
f 952/1585/1311 918/1584/1248 919/1471/1233
f 935/1444/1206 952/1585/1311 919/1471/1233
f 963/1447/1209 950/1443/1205 937/1445/1207
f 834/1465/1227 948/1586/1312 949/1587/1313
f 920/1474/1204 948/1586/1312 833/1464/1226
f 842/1588/1212 947/1589/1314 920/1474/1204
f 945/1590/1315 842/1450/1212 930/1452/1214
f 959/1478/1239 943/1441/1203 928/1440/1202
f 923/1564/1300 942/1591/1316 915/1592/1317
f 914/1562/1299 941/1593/1318 923/1564/1300
f 957/1594/1319 906/1524/1273 905/1576/1254
f 958/1595/1305 907/1545/1289 910/1547/1291
f 915/1592/1317 961/1596/1320 959/1478/1239
f 959/1478/1239 852/1565/1244 915/1592/1317
f 834/1465/1227 964/1597/1321 963/1447/1209
f 963/1447/1209 933/1463/1225 834/1465/1227
f 965/1598/1322 1043/1599/1323 969/1600/1324
f 1027/1601/1325 940/1602/1195 939/1603/1197
f 982/1604/1326 978/1605/1327 981/1606/1328
f 1039/1607/1329 944/1608/1201 943/1609/1203
f 1031/1610/1330 969/1600/1324 1045/1611/1331
f 950/1612/1205 1046/1613/1332 951/1614/1333
f 1051/1615/1334 1048/1616/1335 1052/1617/1336
f 1035/1618/1337 982/1604/1326 1037/1619/1338
f 975/1620/1339 1041/1621/1340 1033/1622/1341
f 1032/1623/1342 973/1624/1343 977/1625/1344
f 1010/1626/1345 863/1627/1218 864/1628/1285
f 1019/1629/1346 1015/1630/1347 996/1631/1348
f 985/1632/1349 1036/1633/1350 1027/1601/1325
f 1044/1634/1351 966/1635/1352 1045/1636/1331
f 970/1637/1353 1042/1638/1354 1043/1599/1323
f 1003/1639/1355 1024/1640/1356 1001/1641/1357
f 1030/1642/1358 1046/1613/1332 1047/1643/1359
f 1045/1636/1331 966/1635/1352 1031/1644/1330
f 1008/1645/1360 1004/1646/1361 1009/1647/1362
f 1050/1648/1363 1039/1607/1329 1049/1649/1364
f 1035/1650/1337 1027/1601/1325 1036/1633/1350
f 983/1651/1365 977/1625/1344 982/1604/1326
f 968/1652/1366 1051/1653/1334 1044/1654/1351
f 1043/1599/1323 968/1652/1366 969/1600/1324
f 1030/1655/1358 1043/1599/1323 1042/1638/1354
f 1036/1656/1350 985/1657/1349 984/1658/1367
f 1032/1623/1342 974/1659/1368 973/1624/1343
f 981/1606/1328 1038/1660/1369 980/1661/1370
f 1037/1619/1338 981/1606/1328 980/1661/1370
f 979/1662/1371 978/1605/1327 1033/1663/1341
f 1042/1638/1354 1029/1664/1372 1030/1655/1358
f 1038/1665/1369 1040/1666/1373 1039/1607/1329
f 983/1651/1365 1036/1656/1350 984/1658/1367
f 1002/1667/1374 986/1668/1375 1028/1669/1376
f 974/1670/1368 1018/1671/1377 1020/1672/1378
f 985/1632/1349 1028/1673/1376 986/1674/1375
f 984/1658/1367 986/1675/1375 987/1676/1379
f 870/1677/1257 1016/1678/1380 990/1679/1381
f 1033/1622/1341 1040/1666/1373 979/1680/1371
f 865/1681/1260 1007/1682/1382 1008/1645/1360
f 1007/1682/1382 1002/1667/1374 1006/1683/1383
f 998/1684/1384 1014/1685/1385 1013/1686/1386
f 1042/1638/1354 971/1687/1387 972/1688/1388
f 877/1689/1266 991/1690/1389 992/1691/1390
f 993/1692/1391 998/1684/1384 999/1693/1392
f 988/1694/1393 1002/1667/1374 990/1679/1381
f 1032/1623/1342 988/1695/1393 989/1696/1394
f 862/1697/1271 995/1698/1395 866/1699/1301
f 995/1700/1395 997/1701/1396 991/1702/1389
f 992/1703/1390 997/1701/1396 998/1684/1384
f 999/1693/1392 1013/1686/1386 1012/1704/1397
f 1021/1705/1398 996/1631/1348 995/1700/1395
f 976/1706/1399 977/1625/1344 973/1624/1343
f 1021/1705/1398 1018/1671/1377 1019/1629/1346
f 870/1677/1257 1007/1682/1382 871/1707/1278
f 1017/1708/1400 1018/1671/1377 1016/1678/1380
f 1016/1678/1380 988/1694/1393 990/1679/1381
f 1017/1708/1400 868/1709/1280 908/1710/1401
f 1017/1708/1400 899/1711/1281 1015/1630/1347
f 1015/1630/1347 850/1712/1282 1014/1685/1385
f 1014/1685/1385 849/1713/1283 1013/1686/1386
f 1011/1714/1402 847/1715/1284 863/1627/1218
f 1009/1647/1362 864/1628/1285 909/1716/1286
f 1008/1645/1360 909/1716/1286 865/1681/1260
f 1008/1645/1360 1006/1683/1383 1005/1717/1403
f 1006/1683/1383 1023/1718/1404 1005/1717/1403
f 1002/1667/1374 1022/1719/1405 1006/1683/1383
f 845/1720/1290 1022/1721/1405 910/1722/1291
f 844/1723/1292 1023/1724/1404 845/1720/1290
f 1005/1717/1403 1024/1640/1356 1004/1646/1361
f 867/1725/1294 993/1726/1391 994/1727/1406
f 1004/1646/1361 1010/1626/1345 1009/1647/1362
f 1010/1626/1345 1000/1728/1407 1011/1714/1402
f 1011/1714/1402 999/1693/1392 1012/1704/1397
f 1000/1728/1407 993/1692/1391 999/1693/1392
f 913/1729/1297 994/1727/1406 1001/1730/1357
f 1003/1639/1355 994/1731/1406 1000/1728/1407
f 844/1723/1292 1001/1730/1357 1024/1732/1356
f 997/1701/1396 1015/1630/1347 1014/1685/1385
f 970/1637/1353 974/1733/1368 971/1687/1387
f 983/1651/1365 987/1676/1379 988/1695/1393
f 1037/1734/1338 1025/1735/1408 1035/1650/1337
f 980/1736/1370 1034/1737/1409 1037/1734/1338
f 1013/1686/1386 847/1715/1284 1012/1704/1397
f 976/1738/1399 970/1637/1353 965/1598/1322
f 1046/1613/1332 968/1739/1366 1047/1643/1359
f 866/1699/1301 991/1690/1389 878/1740/1302
f 876/1741/1303 992/1691/1390 993/1726/1391
f 965/1598/1322 975/1742/1339 976/1738/1399
f 978/1605/1327 975/1743/1339 1033/1663/1341
f 1028/1673/1376 938/1744/1304 958/1745/1305
f 1018/1671/1377 989/1746/1394 1016/1678/1380
f 1027/1601/1325 938/1744/1304 985/1632/1349
f 1041/1621/1340 944/1608/1201 1040/1666/1373
f 1020/1747/1378 956/1748/1306 974/1749/1368
f 974/1750/1368 955/1751/1307 971/1752/1387
f 971/1752/1387 954/1753/1308 972/1754/1388
f 972/1754/1388 953/1755/1309 1029/1756/1372
f 1029/1756/1372 952/1757/1311 1030/1642/1358
f 1046/1613/1332 952/1757/1311 951/1614/1333
f 1052/1617/1336 950/1612/1205 964/1758/1321
f 967/1759/1410 948/1760/1312 966/1635/1352
f 1031/1644/1330 948/1760/1312 947/1761/1314
f 975/1762/1339 947/1761/1314 946/1763/1411
f 975/1620/1339 945/1764/1315 1041/1621/1340
f 1049/1649/1364 943/1609/1203 961/1765/1320
f 1034/1737/1409 942/1766/1316 941/1767/1318
f 1025/1735/1408 941/1767/1318 940/1602/1195
f 1021/1768/1398 957/1769/1319 1020/1747/1378
f 1022/1721/1405 958/1770/1305 910/1722/1291
f 1026/1771/1412 961/1765/1320 942/1766/1316
f 980/1736/1370 1049/1649/1364 1026/1771/1412
f 967/1759/1410 964/1758/1321 949/1772/1313
f 1044/1634/1351 1052/1617/1336 967/1759/1410
f 836/1432/1194 934/1773/1235 933/1480/1225
f 933/1480/1225 962/1774/1208 835/1481/1240
f 960/1775/1238 927/1489/1245 852/1488/1244
f 927/1489/1245 851/1491/1247 853/1487/1243
f 1044/1654/1351 1045/1611/1331 969/1600/1324
f 969/1600/1324 968/1652/1366 1044/1654/1351
f 979/1662/1371 1038/1660/1369 981/1606/1328
f 1038/1660/1369 1050/1776/1363 980/1661/1370
f 1056/1777/1413 1054/1778/1414 1137/1779/1415
f 1510/1780/1416 1623/1781/1417 1622/1782/1418
f 1193/1783/1419 1169/1784/1420 1168/1785/1421
f 1159/1786/1422 1141/1787/1423 1129/1788/1424
f 1517/1789/1425 1608/1790/1426 1529/1791/1427
f 1139/1792/1428 1121/1793/1429 1156/1794/1430
f 1079/1795/1431 1084/1796/1432 1086/1797/1433
f 1135/1798/1434 1062/1799/1435 1063/1800/1436
f 1207/1801/1437 1208/1802/1438 1226/1803/1439
f 1289/1804/1440 1218/1805/1441 1290/1806/1442
f 1216/1807/1443 1213/1808/1444 1212/1809/1445
f 1074/1810/1446 1163/1811/1447 1073/1812/1448
f 1116/1813/1449 1117/1814/1450 1071/1815/1451
f 1084/1796/1432 1099/1816/1452 1086/1797/1433
f 1162/1817/1453 1055/1818/1454 1053/1819/1455
f 1076/1820/1456 1060/1821/1457 1183/1822/1458
f 1060/1821/1457 1142/1823/1459 1201/1824/1460
f 1096/1825/1461 1114/1826/1462 1111/1827/1463
f 1156/1828/1464 1157/1829/1465 1158/1830/1466
f 1137/1831/1467 1139/1832/1468 1138/1833/1469
f 1125/1834/1470 1152/1835/1471 1146/1836/1472
f 1118/1837/1473 1119/1838/1474 1120/1839/1475
f 1149/1840/1476 1627/1841/1477 1150/1842/1478
f 1083/1843/1479 1094/1844/1480 1095/1845/1481
f 1061/1846/1482 1055/1818/1454 1062/1847/1483
f 1087/1848/1484 1057/1849/1485 1164/1850/1486
f 1057/1849/1485 1058/1851/1487 1059/1852/1488
f 1133/1853/1489 1136/1854/1490 1127/1855/1491
f 1057/1849/1485 1142/1823/1459 1076/1820/1456
f 1172/1856/1492 1174/1857/1493 1191/1858/1494
f 1202/1859/1495 1132/1860/1496 1133/1861/1489
f 1138/1862/1497 1056/1777/1413 1137/1779/1415
f 1074/1810/1446 1138/1862/1497 1058/1851/1487
f 1063/1863/1498 1143/1864/1499 1064/1865/1500
f 1090/1866/1501 1164/1850/1486 1075/1867/1502
f 1065/1868/1503 1196/1869/1504 1143/1864/1499
f 1055/1818/1454 1063/1863/1498 1062/1847/1483
f 1181/1870/1505 1188/1871/1506 1189/1872/1507
f 1082/1873/1508 1073/1812/1448 1163/1811/1447
f 1115/1874/1509 1111/1875/1510 1114/1876/1511
f 1116/1877/1512 1113/1878/1513 1111/1875/1510
f 1070/1879/1514 1071/1880/1515 1118/1881/1516
f 1118/1881/1516 1067/1882/1517 1070/1879/1514
f 1057/1849/1485 1075/1867/1502 1164/1850/1486
f 1083/1843/1479 1053/1819/1455 1072/1883/1518
f 1105/1884/1519 1094/1885/1520 1106/1886/1521
f 1079/1795/1431 1081/1887/1522 1066/1888/1523
f 1078/1889/1524 1080/1890/1525 1178/1891/1526
f 1082/1873/1508 1072/1883/1518 1056/1777/1413
f 1094/1844/1480 1163/1811/1447 1106/1892/1527
f 1164/1850/1486 1108/1893/1528 1089/1894/1529
f 1091/1895/1530 1093/1896/1531 1110/1897/1532
f 1115/1898/1533 1107/1899/1534 1116/1813/1449
f 1162/1817/1453 1095/1845/1481 1097/1900/1535
f 1084/1796/1432 1097/1900/1535 1085/1901/1536
f 1090/1866/1501 1110/1897/1532 1108/1893/1528
f 1086/1797/1433 1101/1902/1537 1192/1903/1538
f 1127/1904/1539 1064/1905/1539 1143/1906/1539
f 1117/1907/1540 1108/1908/1541 1109/1909/1542
f 1110/1910/1543 1103/1911/1544 1119/1912/1545
f 1096/1913/1546 1094/1914/1520 1104/1915/1547
f 1095/1916/1548 1112/1917/1549 1097/1918/1550
f 1097/1918/1550 1098/1919/1551 1085/1920/1552
f 1114/1921/1462 1105/1922/1553 1115/1898/1533
f 1071/1815/1451 1109/1923/1554 1118/1837/1473
f 1120/1839/1475 1103/1924/1555 1069/1925/1556
f 1112/1926/1557 1111/1827/1463 1113/1927/1558
f 1098/1928/1559 1113/1927/1558 1070/1929/1560
f 1102/1930/1561 1067/1931/1562 1068/1932/1563
f 1179/1933/1564 1184/1934/1565 1185/1935/1566
f 1154/1936/1567 1124/1937/1568 1153/1938/1569
f 1139/1792/1428 1158/1939/1570 1140/1940/1571
f 1158/1939/1570 1129/1788/1424 1140/1940/1571
f 1161/1941/1572 1132/1860/1496 1131/1942/1573
f 1154/1936/1567 1134/1943/1574 1123/1944/1575
f 1126/1945/1576 1135/1946/1577 1136/1854/1490
f 1166/1947/1578 1168/1785/1421 1167/1948/1579
f 1575/1949/1580 1592/1950/1581 1602/1951/1582
f 1135/1798/1434 1064/1952/1583 1136/1953/1583
f 1142/1954/1584 1132/1955/1585 1201/1956/1585
f 1134/1957/1586 1137/1831/1467 1054/1958/1587
f 1134/1957/1586 1061/1959/1588 1123/1960/1589
f 1124/1961/1590 1061/1959/1588 1062/1799/1435
f 1139/1832/1468 1058/1962/1591 1138/1833/1469
f 1201/1963/1592 1202/1964/1592 1060/1965/1593
f 1141/1787/1423 1131/1942/1573 1132/1860/1496
f 1153/1938/1569 1135/1946/1577 1125/1966/1594
f 1109/1909/1542 1110/1910/1543 1119/1912/1545
f 1176/1967/1595 1166/1947/1578 1167/1948/1579
f 1059/1968/1596 1141/1969/1597 1142/1954/1584
f 1075/1970/1598 1170/1971/1599 1090/1972/1600
f 1184/1973/1601 1181/1974/1602 1186/1975/1603
f 1171/1976/1604 1173/1977/1605 1172/1856/1492
f 1618/1978/1606 1144/1979/1607 1145/1980/1608
f 1200/1981/1601 1198/1982/1609 1199/1983/1610
f 1101/1984/1611 1100/1985/1612 1102/1986/1613
f 1058/1962/1591 1129/1987/1614 1059/1968/1596
f 1493/1988/1615 1628/1989/1616 1626/1990/1617
f 1620/1991/1618 1151/1992/1619 1613/1993/1620
f 1176/1967/1595 1190/1994/1621 1195/1995/1595
f 1533/1996/1622 1614/1997/1623 1630/1998/1624
f 1522/1999/1625 1617/2000/1626 1530/2001/1627
f 1530/2001/1627 1612/2002/1628 1531/2003/1629
f 1532/2004/1630 1630/1998/1624 1628/1989/1616
f 1161/2005/1631 1160/2006/1632 1151/2007/1633
f 1130/2008/1634 1160/2006/1632 1131/2009/1635
f 1159/2010/1636 1150/2011/1637 1130/2008/1634
f 1147/2012/1638 1156/2013/1464 1121/2014/1639
f 1161/2005/1631 1152/1835/1471 1126/2015/1640
f 1122/2016/1641 1147/2012/1638 1121/2014/1639
f 1122/2016/1641 1144/2017/1642 1155/2018/1643
f 1154/2019/1644 1145/2020/1645 1144/2017/1642
f 1158/1830/1466 1149/2021/1646 1159/2010/1636
f 1153/2022/1647 1146/1836/1472 1145/2020/1645
f 1491/2023/1648 1619/2024/1649 1614/2025/1623
f 1055/1818/1454 1079/1795/1431 1066/1888/1523
f 1093/2026/1650 1102/1986/1613 1103/1911/1544
f 1068/2027/1651 1120/2028/1652 1069/2029/1653
f 1190/1994/1621 1175/2030/1654 1171/1976/1604
f 1103/1924/1555 1068/1932/1563 1069/1925/1556
f 1194/2031/1655 1177/2032/1656 1169/1784/1420
f 1191/2033/1657 1192/2034/1658 1172/2035/1659
f 1077/2036/1660 1177/2037/1661 1075/2038/1662
f 1176/2039/1663 1178/2040/1664 1165/2041/1665
f 1173/2042/1666 1080/2043/1667 1174/2044/1668
f 1175/2045/1669 1080/2043/1667 1173/2042/1666
f 1175/2045/1669 1178/2040/1664 1080/2043/1667
f 1510/1780/1416 1615/2046/1670 1517/1789/1425
f 1184/1934/1565 1187/2047/1671 1185/1935/1566
f 1194/2048/1672 1091/2049/1673 1170/2050/1674
f 1200/2051/1675 1180/2052/1676 1188/1871/1506
f 1181/1870/1505 1182/2053/1677 1183/2054/1677
f 1189/2055/1678 1078/2056/1679 1182/2057/1680
f 1186/1975/1603 1197/2058/1681 1065/2059/1682
f 1181/1974/1602 1197/2058/1681 1186/1975/1603
f 1187/2060/1683 1188/2061/1684 1185/2062/1685
f 1190/2063/1686 1092/2064/1687 1195/2065/1688
f 1195/2065/1688 1092/2064/1687 1166/2066/1689
f 1193/2067/1690 1092/2064/1687 1091/2049/1673
f 1193/2067/1690 1091/2049/1673 1194/2048/1672
f 1077/2068/1691 1078/2069/1524 1178/2070/1526
f 1174/2044/1668 1080/2043/1667 1079/2071/1692
f 1167/2072/1693 1178/2040/1664 1176/2039/1663
f 1177/2037/1661 1077/2036/1660 1169/2073/1694
f 1170/2050/1674 1091/2049/1673 1090/2074/1695
f 1092/2064/1687 1171/2075/1696 1192/2034/1658
f 1192/1903/1538 1093/2076/1531 1092/2077/1697
f 1075/1867/1502 1182/2078/1698 1077/2068/1691
f 1172/2035/1659 1192/2034/1658 1171/2075/1696
f 1086/2079/1699 1192/2034/1658 1191/2033/1657
f 1191/1858/1494 1079/2080/1700 1086/2081/1700
f 1196/2082/1701 1127/2083/1702 1143/2084/1703
f 1088/2085/1704 1117/1907/1540 1107/2086/1705
f 1081/2087/1706 1186/2088/1707 1065/2089/1706
f 1078/2056/1679 1187/2060/1683 1081/2090/1708
f 1179/1933/1564 1199/2091/1709 1198/2092/1710
f 1088/2093/1711 1164/1850/1486 1089/1894/1529
f 1169/2073/1694 1077/2036/1660 1168/2094/1712
f 1099/2095/1713 1098/1919/1551 1100/1985/1612
f 1134/1943/1574 1121/1793/1429 1128/2096/1714
f 1202/2097/1715 1196/2082/1701 1060/2098/1715
f 1187/2060/1683 1078/2056/1679 1189/2055/1678
f 1197/2058/1681 1181/1974/1602 1183/2099/1716
f 1392/2100/1717 1390/2101/1718 1389/2102/1719
f 1611/2103/1720 1145/1980/1608 1146/2104/1721
f 1106/1892/1527 1087/1848/1484 1088/2093/1711
f 1100/2105/1722 1070/1929/1560 1067/1931/1562
f 1066/1888/1523 1143/1864/1499 1063/1863/1498
f 1183/1822/1458 1196/2106/1504 1197/2107/1723
f 1106/1886/1521 1107/2086/1705 1105/1884/1519
f 1203/2108/1724 1204/2109/1725 1221/2110/1726
f 1204/2111/1725 1222/2112/1727 1221/2113/1726
f 1639/2114/1728 1207/2115/1729 1226/2116/1730
f 1250/2117/1731 1292/2118/1732 1204/2119/1731
f 1215/2120/1733 1414/2121/1734 1632/2122/1735
f 1222/2123/1736 1438/2124/1737 1439/2125/1738
f 1303/2126/1739 1221/2127/1740 1304/2128/1740
f 1218/2129/1741 1219/2130/1742 1631/2131/1743
f 1214/2132/1744 1417/2133/1745 1319/2134/1746
f 1211/2135/1747 1319/2134/1746 1220/2136/1748
f 1249/2137/1749 1291/2138/1750 1250/2139/1751
f 1241/2140/1752 1277/2141/1753 1278/2142/1754
f 1282/2143/1755 1274/2144/1756 1273/2145/1757
f 1265/2146/1758 1275/2147/1759 1271/2148/1760
f 1264/2149/1761 1270/2150/1762 1265/2146/1758
f 1264/2149/1761 1263/2151/1763 1269/2152/1764
f 1233/2153/1765 1236/2154/1766 1234/2155/1767
f 1231/2156/1768 1297/2157/1769 1232/2158/1770
f 1247/2159/1771 1230/2160/1772 1231/2156/1768
f 1249/2137/1749 1248/2161/1773 1255/2162/1774
f 1255/2162/1774 1262/2163/1775 1254/2164/1776
f 1258/2165/1777 1245/2166/1778 1242/2167/1779
f 1263/2151/1763 1273/2145/1757 1269/2152/1764
f 1270/2150/1762 1273/2145/1757 1274/2144/1756
f 1395/2168/1780 1354/2169/1781 1351/2170/1782
f 1239/2171/1783 1287/2172/1784 1240/2173/1785
f 1416/2174/1786 1428/2175/1787 1417/2176/1787
f 1248/2161/1773 1257/2177/1788 1256/2178/1789
f 1251/2179/1790 1255/2162/1774 1254/2164/1776
f 1228/2180/1791 1231/2156/1768 1230/2160/1772
f 1271/2148/1760 1276/2181/1792 1237/2182/1793
f 1230/2160/1772 1250/2139/1751 1228/2180/1791
f 1258/2165/1777 1259/2183/1794 1257/2177/1788
f 1247/2159/1771 1258/2165/1777 1257/2177/1788
f 1239/2184/1783 1275/2147/1759 1277/2141/1753
f 1236/2154/1766 1276/2185/1792 1238/2186/1795
f 1276/2185/1792 1240/2173/1785 1238/2186/1795
f 1273/2145/1757 1272/2187/1796 1282/2143/1755
f 1272/2187/1796 1280/2188/1797 1369/2189/1798
f 1282/2143/1755 1369/2189/1798 1283/2190/1799
f 1372/2191/1800 1281/2192/1801 1267/2193/1802
f 1326/2194/1803 1259/2183/1794 1279/2195/1804
f 1284/2196/1805 1283/2190/1799 1285/2197/1806
f 1278/2142/1754 1285/2197/1806 1366/2198/1807
f 1366/2198/1807 1241/2140/1752 1278/2142/1754
f 1643/2199/1808 1205/2200/1809 1207/2115/1729
f 1297/2201/1810 1213/2202/1811 1233/2203/1812
f 1204/2119/1731 1228/2204/1813 1250/2117/1731
f 1289/2205/1814 1229/2206/1815 1228/2204/1813
f 1292/2118/1732 1293/2207/1816 1206/2208/1817
f 1206/2208/1817 1253/2209/1818 1294/2210/1819
f 1208/2211/1820 1253/2209/1818 1295/2212/1821
f 1210/2213/1822 1295/2212/1821 1266/2214/1823
f 1210/2213/1822 1244/2215/1824 1296/2216/1825
f 1387/2217/1826 1395/2218/1827 1404/2219/1828
f 1432/2220/1829 1301/2221/1830 1433/2222/1831
f 1375/2223/1832 1371/2224/1833 1373/2225/1834
f 1304/2226/1835 1305/2227/1836 1302/2228/1837
f 1347/2229/1838 1338/2230/1839 1348/2231/1840
f 1311/2232/1841 1306/2233/1842 1307/2234/1843
f 1430/2235/1844 1432/2220/1829 1431/2236/1845
f 1306/2233/1842 1441/2237/1846 1314/2238/1847
f 1418/2239/1848 1437/2240/1849 1421/2241/1850
f 1313/2242/1851 1315/2243/1852 1314/2238/1847
f 1420/2244/1853 1310/2245/1854 1419/2246/1855
f 1313/2247/1856 1309/2248/1857 1312/2249/1857
f 1441/2237/1846 1313/2242/1851 1314/2238/1847
f 1432/2220/1829 1309/2250/1858 1299/2251/1859
f 1433/2252/1860 1300/2253/1861 1441/2254/1862
f 1312/2255/1863 1316/2256/1864 1315/2257/1865
f 1436/2258/1866 1318/2259/1867 1435/2260/1868
f 1417/2261/1869 1424/2262/1870 1317/2263/1871
f 1419/2264/1872 1418/2239/1848 1420/2265/1873
f 1318/2266/1874 1424/2267/1875 1425/2268/1876
f 1442/2269/1877 1318/2259/1867 1443/2270/1877
f 1437/2271/1878 1440/2272/1879 1305/2273/1880
f 1283/2190/1799 1370/2274/1881 1368/2275/1882
f 1366/2198/1807 1367/2276/1883 1364/2277/1884
f 1373/2225/1834 1326/2194/1803 1374/2278/1885
f 1363/2279/1886 1362/2280/1887 1328/2281/1888
f 1392/2282/1889 1410/2283/1890 1391/2284/1891
f 1347/2229/1838 1375/2223/1832 1346/2285/1892
f 1357/2286/1893 1360/2287/1894 1359/2288/1895
f 1355/2289/1896 1358/2290/1897 1357/2286/1893
f 1333/2291/1898 1335/2292/1899 1332/2293/1900
f 1346/2285/1892 1344/2294/1901 1347/2229/1838
f 1364/2277/1884 1379/2295/1902 1363/2279/1886
f 1399/2296/1903 1401/2297/1904 1393/2298/1905
f 1436/2299/1906 1417/2261/1869 1317/2263/1871
f 1357/2286/1893 1381/2300/1907 1355/2289/1896
f 1368/2275/1882 1377/2301/1908 1378/2302/1909
f 1382/2303/1910 1376/2304/1911 1383/2305/1912
f 1353/2306/1913 1383/2305/1912 1352/2307/1914
f 1349/2308/1915 1339/2309/1916 1350/2310/1917
f 1394/2311/1918 1348/2231/1840 1338/2230/1839
f 1336/2312/1919 1338/2230/1839 1337/2313/1920
f 1353/2306/1913 1356/2314/1921 1355/2289/1896
f 1406/2315/1922 1407/2316/1923 1396/2317/1924
f 1329/2318/1925 1362/2319/1887 1330/2320/1926
f 1330/2320/1926 1331/2321/1927 1332/2293/1900
f 1349/2308/1915 1351/2322/1928 1352/2307/1914
f 1442/2323/1929 1220/2324/1930 1435/2325/1931
f 1369/2189/1798 1371/2224/1833 1370/2274/1881
f 1320/2326/1932 1324/2327/1933 1323/2328/1934
f 1383/2305/1912 1375/2223/1832 1384/2329/1935
f 1288/2330/1936 1322/2331/1937 1320/2326/1932
f 1361/2332/1938 1331/2333/1927 1362/2280/1887
f 1438/2334/1939 1305/2273/1880 1439/2335/1940
f 1325/2336/1941 1346/2285/1892 1374/2278/1885
f 1367/2276/1883 1378/2302/1909 1379/2295/1902
f 1322/2331/1937 1342/2337/1942 1324/2327/1933
f 1398/2338/1943 1400/2339/1944 1399/2296/1903
f 1330/2320/1926 1341/2340/1945 1329/2318/1925
f 1332/2293/1900 1340/2341/1946 1330/2320/1926
f 1380/2342/1947 1378/2302/1909 1381/2300/1907
f 1335/2292/1899 1343/2343/1948 1340/2341/1946
f 1381/2300/1907 1377/2301/1908 1382/2303/1910
f 1343/2343/1948 1345/2344/1949 1342/2337/1942
f 1332/2293/1900 1397/2345/1950 1333/2291/1898
f 1348/2231/1840 1384/2329/1935 1347/2229/1838
f 1365/2346/1951 1329/2318/1925 1321/2347/1952
f 1359/2288/1895 1397/2348/1950 1331/2333/1927
f 1337/2313/1920 1344/2294/1901 1343/2343/1948
f 1385/2349/1953 1406/2350/1954 1405/2351/1955
f 1217/2352/1956 1644/2353/1957 1646/2354/1958
f 1400/2355/1959 1389/2102/1719 1388/2356/1719
f 1396/2357/1960 1356/2358/1961 1354/2169/1781
f 1350/2359/1962 1395/2168/1780 1351/2170/1782
f 1388/2356/1719 1401/2360/1953 1400/2355/1959
f 1394/2361/1963 1403/2362/1964 1339/2363/1965
f 1334/2364/1966 1393/2365/1967 1336/2366/1968
f 1339/2363/1965 1404/2367/1969 1350/2368/1962
f 1397/2369/1970 1409/2370/1971 1410/2371/1972
f 1389/2372/1973 1409/2373/1974 1408/2374/1975
f 1388/2375/1976 1408/2374/1975 1407/2316/1923
f 1324/2327/1933 1345/2344/1949 1325/2336/1941
f 1321/2347/1952 1341/2340/1945 1322/2331/1937
f 1402/2376/1977 1386/2377/1978 1403/2378/1979
f 1393/2298/1905 1385/2379/1980 1402/2376/1977
f 1379/2295/1902 1361/2332/1938 1363/2279/1886
f 1302/2228/1837 1303/2380/1981 1304/2226/1835
f 1295/2381/1982 1271/2148/1760 1266/2382/1983
f 1364/2277/1884 1327/2383/1984 1366/2198/1807
f 1321/2347/1952 1327/2384/1984 1365/2346/1951
f 1405/2351/1955 1386/2385/1985 1385/2349/1953
f 1643/2386/1986 1450/2387/1987 1642/2388/1988
f 1398/2389/1989 1397/2369/1970 1410/2371/1972
f 1370/2274/1881 1376/2304/1911 1377/2301/1908
f 1352/2307/1914 1354/2390/1990 1353/2306/1913
f 1290/2391/1991 1297/2201/1810 1229/2206/1815
f 1279/2195/1804 1374/2278/1885 1326/2194/1803
f 1323/2328/1934 1325/2336/1941 1279/2195/1804
f 1374/2278/1885 1375/2223/1832 1373/2225/1834
f 1280/2188/1797 1373/2225/1834 1371/2224/1833
f 1285/2197/1806 1368/2275/1882 1367/2276/1883
f 1209/2392/1992 1296/2393/1993 1211/2394/1994
f 1296/2393/1993 1214/2395/1995 1211/2394/1994
f 1333/2396/1996 1399/2397/1997 1334/2364/1966
f 1240/2173/1785 1286/2398/1998 1242/2167/1779
f 1226/1803/1439 1210/2399/1999 1209/2392/1992
f 1266/2382/1983 1237/2182/1793 1244/2400/2000
f 1205/2401/2001 1292/2402/2002 1206/2403/2003
f 1442/2404/2004 1444/2405/2005 1447/2406/2006
f 1236/2154/1766 1244/2407/2000 1237/2408/1793
f 1253/2409/2007 1252/2410/2008 1264/2149/1761
f 1213/1808/1444 1214/2395/1995 1298/2411/2009
f 1232/2158/1770 1233/2153/1765 1234/2155/1767
f 1633/2412/2010 1226/2116/1730 1209/2413/2011
f 1233/2203/1812 1298/2414/2012 1235/2415/2013
f 1203/2416/2014 1310/2417/2015 1411/2418/2016
f 1244/2419/1824 1298/2414/2012 1296/2420/1825
f 1207/1801/1437 1206/2403/2003 1294/2421/2017
f 1295/2381/1982 1264/2149/1761 1265/2146/1758
f 1408/2422/2018 1360/2423/2019 1358/2424/2020
f 1277/2141/1753 1284/2196/1805 1278/2142/1754
f 1257/2177/1788 1260/2425/2021 1256/2178/1789
f 1275/2147/1759 1274/2144/1756 1277/2141/1753
f 1252/2410/2008 1254/2164/1776 1263/2151/1763
f 1256/2178/1789 1267/2193/1802 1261/2426/2022
f 1268/2427/2023 1281/2192/1801 1272/2187/1796
f 1242/2167/1779 1243/2428/2024 1258/2165/1777
f 1261/2426/2022 1281/2192/1801 1262/2163/1775
f 1255/2162/1774 1256/2178/1789 1261/2426/2022
f 1238/2186/1795 1242/2167/1779 1245/2166/1778
f 1245/2166/1778 1232/2158/1770 1234/2155/1767
f 1216/2429/2025 1217/2430/2026 1646/2431/2027
f 1635/2432/2028 1222/2123/1736 1205/2200/1809
f 1203/2416/2014 1411/2418/2016 1640/2433/2029
f 1290/1806/1442 1216/1807/1443 1212/1809/1445
f 1407/2434/2030 1358/2424/2020 1356/2358/1961
f 1410/2283/1890 1390/2435/2031 1391/2284/1891
f 1403/2378/1979 1387/2436/1826 1404/2437/1828
f 1220/2324/1930 1436/2438/2032 1435/2325/1931
f 1380/2342/1947 1359/2288/1895 1361/2332/1938
f 1429/2439/2033 1430/2235/1844 1431/2236/1845
f 1293/2440/2034 1251/2179/1790 1252/2410/2008
f 1288/2330/1936 1241/2441/1752 1327/2384/1984
f 1238/2186/1795 1234/2155/1767 1236/2154/1766
f 1419/2246/1855 1307/2442/2035 1430/2443/2036
f 1411/2444/2037 1634/2445/2038 1640/2446/2039
f 1320/2326/1932 1287/2172/1784 1288/2330/1936
f 1444/2447/2040 1209/2413/2011 1447/2448/2041
f 1323/2328/1934 1286/2398/1998 1320/2326/1932
f 1254/2164/1776 1268/2427/2023 1263/2151/1763
f 1260/2425/2021 1372/2191/1800 1267/2193/1802
f 1316/2256/1864 1307/2442/2035 1315/2257/1865
f 1355/2289/1896 1382/2303/1910 1353/2306/1913
f 1340/2341/1946 1342/2337/1942 1341/2340/1945
f 1306/2233/1842 1305/2227/1836 1440/2449/2042
f 1306/2233/1842 1315/2243/1852 1307/2234/1843
f 1334/2450/2043 1337/2313/1920 1335/2292/1899
f 1414/2451/2044 1641/2452/2045 1632/2453/2046
f 1336/2366/1968 1402/2454/2047 1394/2361/1963
f 1438/2455/2048 1422/2456/2049 1448/2457/2048
f 1635/2458/2050 1423/2459/2051 1637/2460/2052
f 1639/2461/2053 1451/2462/2054 1636/2463/2055
f 1633/2464/2056 1452/2465/2057 1638/2466/2058
f 1452/2465/2057 1444/2467/2059 1445/2468/2059
f 1405/2469/2060 1396/2317/1924 1395/2218/1827
f 1310/2470/2061 1412/2471/2062 1411/2444/2037
f 1429/2439/2033 1434/2472/2063 1437/2240/1849
f 1432/2220/1829 1434/2472/2063 1431/2236/1845
f 1363/2279/1886 1365/2473/1951 1364/2277/1884
f 1279/2195/1804 1243/2428/2024 1323/2328/1934
f 1433/2252/1860 1440/2272/1879 1434/2474/2064
f 1301/2475/2065 1313/2247/1856 1300/2476/2066
f 1318/2266/1874 1446/2477/2067 1443/2478/2067
f 1232/2158/1770 1247/2159/1771 1231/2156/1768
f 1219/2479/2068 1645/2480/2069 1631/2481/2070
f 1352/2307/1914 1384/2329/1935 1349/2308/1915
f 1447/2448/2041 1211/2135/1747 1220/2136/1748
f 1439/2125/1738 1221/2127/1740 1222/2123/1736
f 1446/2482/2071 1444/2405/2005 1443/2483/2072
f 1310/2245/1854 1311/2484/2073 1419/2246/1855
f 1457/2485/2074 1458/2486/2075 1476/2487/2076
f 1534/2488/2077 1468/2489/2078 1535/2490/2079
f 1466/2491/2080 1463/2492/2081 1462/2493/2082
f 1453/2494/2083 1454/2495/2084 1471/2496/2085
f 1454/2495/2084 1472/2497/2086 1471/2496/2085
f 1655/2498/2087 1457/2499/2088 1476/2500/2089
f 1500/2501/2090 1537/2502/2091 1454/2503/2092
f 1465/2504/2093 1568/2505/2094 1648/2506/2095
f 1472/2507/2096 1592/2508/2097 1593/2509/2098
f 1548/2510/2099 1471/2511/2100 1549/2512/2100
f 1468/2513/2101 1469/2514/2102 1647/2515/2103
f 1570/2516/2104 1564/2517/2105 1464/2518/2106
f 1461/2519/2107 1564/2517/2105 1470/2520/2108
f 1499/2521/2109 1536/2522/2110 1500/2523/2111
f 1489/2524/2112 1528/2525/2113 1491/2023/1648
f 1531/2003/1629 1523/2526/2114 1530/2001/1627
f 1515/2527/2115 1525/2528/2116 1521/2529/2117
f 1514/2530/2118 1520/2531/2119 1515/2527/2115
f 1514/2530/2118 1513/2532/2120 1519/2533/2121
f 1483/2534/2122 1486/2535/2123 1484/2536/2124
f 1481/2537/2125 1542/2538/2126 1482/2539/2127
f 1497/2540/2128 1480/2541/2129 1481/2537/2125
f 1499/2521/2109 1498/2542/2130 1505/2543/2131
f 1505/2543/2131 1512/2544/2132 1504/2545/2133
f 1508/2546/2134 1495/2547/2135 1492/2548/2136
f 1513/2532/2120 1523/2526/2114 1519/2533/2121
f 1520/2531/2119 1523/2526/2114 1524/2549/2137
f 1490/2550/2138 1491/2551/1648 1533/1996/1622
f 1571/2552/2139 1581/2553/2140 1582/2554/2139
f 1498/2542/2130 1507/2555/2141 1506/2556/2142
f 1501/2557/2143 1505/2543/2131 1504/2545/2133
f 1478/2558/2144 1481/2537/2125 1480/2541/2129
f 1521/2529/2117 1526/2559/2145 1487/2560/2146
f 1480/2541/2129 1500/2523/2111 1478/2558/2144
f 1493/1988/1615 1507/2555/2141 1508/2546/2134
f 1497/2540/2128 1508/2546/2134 1507/2555/2141
f 1489/2524/2112 1525/2528/2116 1527/2561/2147
f 1486/2535/2123 1526/2562/2145 1488/2563/2148
f 1526/2562/2145 1490/2550/2138 1488/2563/2148
f 1518/2564/2149 1530/2001/1627 1523/2526/2114
f 1160/2565/2150 1613/2566/1620 1151/2567/1619
f 1620/1991/1618 1146/2104/1721 1152/2568/2151
f 1148/2569/2152 1616/2570/2153 1621/2571/2154
f 1148/2569/2152 1624/2572/2155 1157/2573/2156
f 1610/2574/2157 1155/2575/2158 1144/1979/1607
f 1659/2576/2159 1455/2577/2160 1457/2499/2088
f 1542/2578/2161 1463/2579/2162 1483/2580/2163
f 1454/2503/2092 1478/2581/2164 1500/2501/2090
f 1534/2582/2165 1479/2583/2166 1478/2581/2164
f 1537/2502/2091 1538/2584/2167 1456/2585/2168
f 1456/2585/2168 1503/2586/2169 1539/2587/2170
f 1458/2588/2171 1503/2586/2169 1540/2589/2172
f 1460/2590/2173 1540/2589/2172 1516/2591/2174
f 1460/2590/2173 1494/2592/2175 1541/2593/2175
f 1586/2594/2176 1546/2595/2177 1587/2596/2178
f 1549/2597/2179 1550/2598/2180 1547/2599/2181
f 1556/2600/2182 1551/2601/2183 1552/2602/2184
f 1584/2603/2185 1586/2594/2176 1585/2604/2186
f 1551/2601/2183 1595/2605/2187 1559/2606/2188
f 1572/2607/2189 1591/2608/2190 1575/2609/2191
f 1558/2610/2192 1560/2611/2193 1559/2606/2188
f 1574/2612/2194 1555/2613/2195 1573/2614/2196
f 1558/2615/2197 1554/2616/2198 1557/2617/2198
f 1595/2605/2187 1558/2610/2192 1559/2606/2188
f 1586/2594/2176 1554/2618/2199 1544/2619/2200
f 1587/2620/2201 1545/2621/2202 1595/2622/2203
f 1557/2623/2204 1561/2624/2205 1560/2625/2206
f 1590/2626/2207 1563/2627/2208 1589/2628/2209
f 1571/2629/2210 1578/2630/2211 1562/2631/2212
f 1573/2632/2213 1572/2607/2189 1574/2633/2214
f 1563/2634/2215 1578/2635/2216 1579/2636/2217
f 1596/2637/2218 1563/2627/2208 1597/2638/2218
f 1591/2639/2219 1594/2640/2220 1550/2641/2221
f 1590/2642/2222 1571/2629/2210 1562/2631/2212
f 1596/2643/2223 1470/2644/2224 1589/2645/2225
f 1592/1950/1581 1550/2641/2221 1593/2646/2226
f 1662/2647/2227 1580/2648/2228 1660/2649/2229
f 1547/2599/2181 1548/2650/2230 1549/2597/2179
f 1540/2651/2231 1521/2529/2117 1516/2652/2232
f 1658/2653/2233 1603/2654/2234 1604/2655/2235
f 1535/2656/2236 1542/2578/2161 1479/2583/2166
f 1459/2657/2237 1541/2658/2238 1461/2659/2239
f 1541/2660/2238 1464/2661/2240 1461/2662/2239
f 1533/1996/1622 1492/2548/2136 1490/2550/2138
f 1476/2487/2076 1460/2663/2241 1459/2657/2237
f 1521/2529/2117 1494/2664/2242 1516/2652/2232
f 1455/2665/2243 1537/2666/2244 1456/2667/2245
f 1596/2668/2246 1598/2669/2247 1601/2670/2248
f 1486/2535/2123 1494/2671/2242 1487/2672/2146
f 1503/2673/2249 1502/2674/2250 1514/2530/2118
f 1463/2492/2081 1464/2661/2240 1543/2675/2251
f 1482/2539/2127 1483/2534/2122 1484/2536/2124
f 1649/2676/2252 1476/2500/2089 1459/2677/2253
f 1483/2580/2163 1543/2678/2254 1485/2679/2255
f 1453/2680/2256 1555/2681/2257 1565/2682/2258
f 1494/2683/2175 1543/2678/2254 1541/2684/2175
f 1457/2485/2074 1456/2667/2245 1539/2685/2259
f 1540/2651/2231 1514/2530/2118 1515/2527/2115
f 1524/2549/2137 1528/2525/2113 1527/2561/2147
f 1507/2555/2141 1510/1780/1416 1506/2556/2142
f 1525/2528/2116 1524/2549/2137 1527/2561/2147
f 1502/2674/2250 1504/2545/2133 1513/2532/2120
f 1506/2556/2142 1517/1789/1425 1511/2686/2260
f 1512/2544/2132 1522/1999/1625 1518/2564/2149
f 1532/2004/1630 1508/2546/2134 1492/2548/2136
f 1511/2686/2260 1529/1791/1427 1512/2544/2132
f 1505/2543/2131 1506/2556/2142 1511/2686/2260
f 1488/2563/2148 1492/2548/2136 1495/2547/2135
f 1495/2547/2135 1482/2539/2127 1484/2536/2124
f 1466/2687/2261 1467/2688/2262 1662/2689/2263
f 1651/2690/2264 1472/2507/2096 1455/2577/2160
f 1453/2680/2256 1565/2682/2258 1656/2691/2265
f 1535/2490/2079 1466/2491/2080 1462/2493/2082
f 1470/2644/2224 1590/2692/2266 1589/2645/2225
f 1583/2693/2267 1584/2603/2185 1585/2604/2186
f 1538/2694/2268 1501/2557/2143 1502/2674/2250
f 1509/2695/2269 1626/1990/1617 1623/1781/1417
f 1488/2563/2148 1484/2536/2124 1486/2535/2123
f 1573/2614/2196 1552/2696/2270 1584/2697/2271
f 1656/2698/2272 1566/2699/2273 1650/2700/2274
f 1607/2701/2275 1147/2702/2276 1155/2575/2158
f 1598/2703/2277 1459/2677/2253 1601/2704/2278
f 1157/2573/2156 1625/2705/2279 1149/1840/1476
f 1504/2545/2133 1518/2564/2149 1513/2532/2120
f 1150/1842/1478 1629/2706/2280 1160/2565/2150
f 1561/2624/2205 1552/2696/2270 1560/2625/2206
f 1551/2601/2183 1550/2598/2180 1594/2707/2281
f 1551/2601/2183 1560/2611/2193 1552/2602/2184
f 1648/2708/2282 1569/2709/2283 1657/2710/2284
f 1421/2711/2285 1438/2334/1939 1448/2712/2285
f 1602/2713/2286 1473/2714/2287 1576/2715/2288
f 1653/2716/2289 1474/2717/2290 1577/2718/2291
f 1652/2719/2292 1475/2720/2293 1605/2721/2294
f 1649/2722/2295 1606/2723/2296 1654/2724/2297
f 1606/2723/2296 1598/2725/2298 1599/2726/2299
f 1555/2727/2300 1566/2699/2273 1565/2728/2301
f 1583/2693/2267 1588/2729/2302 1591/2608/2190
f 1586/2594/2176 1588/2729/2302 1585/2604/2186
f 1531/2003/1629 1619/2024/1649 1528/2525/2113
f 1587/2620/2201 1594/2640/2220 1588/2730/2303
f 1546/2731/2304 1558/2615/2197 1545/2732/2304
f 1563/2634/2215 1600/2733/2305 1597/2734/2306
f 1482/2539/2127 1497/2540/2128 1481/2537/2125
f 1647/2735/2307 1567/2736/2308 1661/2737/2309
f 1601/2704/2278 1461/2519/2107 1470/2520/2108
f 1593/2509/2098 1471/2511/2100 1472/2507/2096
f 1600/2738/2310 1598/2669/2247 1597/2739/2311
f 1555/2613/2195 1556/2740/2312 1573/2614/2196
f 1616/2570/2153 1622/1782/1418 1621/2571/2154
f 1623/1781/1417 1625/2705/2279 1624/2572/2155
f 1626/1990/1617 1627/1841/1477 1625/2705/2279
f 1608/1790/1426 1610/2574/2157 1609/2741/2313
f 1628/1989/1616 1629/2706/2280 1627/1841/1477
f 1622/1782/1418 1624/2572/2155 1621/2571/2154
f 1630/1998/1624 1613/2566/1620 1629/2706/2280
f 1615/2046/1670 1607/2701/2275 1608/1790/1426
f 1612/2002/1628 1620/1991/1618 1619/2024/1649
f 1620/1991/1618 1614/2025/1623 1619/2024/1649
f 1609/2741/2313 1618/1978/1606 1617/2000/1626
f 1617/2000/1626 1611/2103/1720 1612/2002/1628
f 1529/1791/1427 1609/2741/2313 1522/1999/1625
f 1161/2742/1572 1136/1854/1490 1133/1853/1489
f 1178/2040/1664 1168/2094/1712 1077/2036/1660
f 1179/2743/2314 1188/2061/1684 1180/2744/2315
f 1182/2078/1698 1076/1820/1456 1183/1822/1458
f 1081/1887/1522 1065/1868/1503 1066/1888/1523
f 1053/1819/1455 1054/1778/1414 1072/1883/1518
f 1631/2481/2070 1426/2745/2316 1217/2352/1956
f 1225/2746/2317 1638/2466/2058 1451/2462/2054
f 1449/2747/2318 1636/2463/2055 1450/2387/1987
f 1223/2748/2319 1637/2460/2052 1422/2456/2049
f 1632/2453/2046 1427/2749/2320 1416/2174/1786
f 1640/2446/2039 1413/2750/2321 1219/2479/2068
f 1224/2751/2322 1642/2388/1988 1423/2459/2051
f 1646/2354/1958 1415/2752/2323 1414/2451/2044
f 1467/2753/2324 1661/2737/2309 1580/2648/2228
f 1605/2721/2294 1649/2722/2295 1654/2724/2297
f 1604/2655/2235 1655/2754/2325 1652/2719/2292
f 1576/2715/2288 1651/2755/2326 1653/2716/2289
f 1648/2708/2282 1581/2553/2140 1570/2756/2327
f 1469/2757/2328 1650/2700/2274 1567/2736/2308
f 1577/2718/2291 1659/2758/2329 1658/2653/2233
f 1568/2759/2330 1660/2649/2229 1569/2709/2283
f 1226/2116/1730 1225/2760/2331 1639/2114/1728
f 1639/2114/1728 1449/2761/2332 1207/2115/1729
f 1632/2122/1735 1416/2762/2333 1214/2132/1744
f 1214/2132/1744 1215/2120/1733 1632/2122/1735
f 1631/2131/1743 1217/2430/2026 1216/2429/2025
f 1216/2429/2025 1218/2129/1741 1631/2131/1743
f 1207/2115/1729 1449/2761/2332 1643/2199/1808
f 1643/2199/1808 1224/2763/2334 1205/2200/1809
f 1209/2413/2011 1227/2764/2335 1633/2412/2010
f 1633/2412/2010 1225/2760/2331 1226/2116/1730
f 1646/2431/2027 1414/2121/1734 1215/2120/1733
f 1215/2120/1733 1216/2429/2025 1646/2431/2027
f 1205/2200/1809 1224/2763/2334 1635/2432/2028
f 1635/2432/2028 1223/2765/2336 1222/2123/1736
f 1640/2433/2029 1219/2130/1742 1218/2129/1741
f 1218/2129/1741 1203/2416/2014 1640/2433/2029
f 1476/2500/2089 1475/2766/2337 1655/2498/2087
f 1655/2498/2087 1603/2767/2338 1457/2499/2088
f 1648/2506/2095 1570/2516/2104 1464/2518/2106
f 1464/2518/2106 1465/2504/2093 1648/2506/2095
f 1647/2515/2103 1467/2688/2262 1466/2687/2261
f 1466/2687/2261 1468/2513/2101 1647/2515/2103
f 1457/2499/2088 1603/2767/2338 1659/2576/2159
f 1659/2576/2159 1474/2768/2339 1455/2577/2160
f 1459/2677/2253 1477/2769/2340 1649/2676/2252
f 1649/2676/2252 1475/2766/2337 1476/2500/2089
f 1662/2689/2263 1568/2505/2094 1465/2504/2093
f 1465/2504/2093 1466/2687/2261 1662/2689/2263
f 1455/2577/2160 1474/2768/2339 1651/2690/2264
f 1651/2690/2264 1473/2770/2341 1472/2507/2096
f 1656/2691/2265 1469/2514/2102 1468/2513/2101
f 1468/2513/2101 1453/2680/2256 1656/2691/2265
f 932/1430/1192 837/1466/1228 832/1431/1193
f 940/1433/1195 914/1562/1299 916/1434/1196
f 854/1436/1198 853/1487/1243 848/1437/1199
f 944/1439/1201 929/1494/1249 928/1440/1202
f 920/1442/1204 934/1773/1235 836/1432/1194
f 950/1443/1205 951/2771/1333 935/1444/1206
f 937/1445/1207 835/1567/1240 962/1446/1208
f 924/1448/1210 926/1490/1246 854/1436/1198
f 894/1455/1217 864/1540/1285 863/1456/1218
f 904/1458/1220 880/1531/1276 900/1459/1221
f 933/1463/1225 934/1473/1235 833/1464/1226
f 887/1468/1230 885/2772/1298 912/1469/1231
f 888/1470/1232 889/1551/1293 892/1475/1236
f 928/1440/1202 927/1495/1245 960/1477/1238
f 916/1434/1196 914/1562/1299 924/1479/1210
f 855/1449/1211 854/1436/1198 846/1438/1200
f 835/1481/1240 936/2773/1234 932/1430/1192
f 932/1430/1192 936/2773/1234 919/1482/1233
f 841/1486/1242 861/2774/1279 921/1453/1215
f 926/1490/1246 852/1488/1244 853/1487/1243
f 848/1437/1199 853/1487/1243 851/1491/1247
f 918/1493/1248 839/2775/1310 931/1467/1229
f 929/1494/1249 851/1508/1247 927/1495/1245
f 925/1483/1224 924/1448/1210 855/1449/1211
f 886/1496/1250 917/2776/1255 858/1497/1251
f 903/1499/1253 861/1534/1279 841/1500/1242
f 856/1484/1241 859/1561/1252 858/1504/1251
f 901/1505/1256 868/1535/1280 870/1506/1257
f 929/1494/1249 930/1452/1214 922/1451/1213
f 891/1509/1259 871/1533/1278 865/1510/1260
f 891/1509/1259 890/1542/1287 886/1496/1250
f 898/1511/1261 881/1525/1274 882/1512/1262
f 931/1467/1229 839/2775/1310 838/1514/1264
f 872/1515/1265 878/1569/1302 877/1516/1266
f 882/1512/1262 873/1528/1267 874/1518/1268
f 886/1496/1250 859/1498/1252 860/1520/1270
f 921/1453/1215 861/2774/1279 860/1521/1270
f 862/1522/1271 866/1568/1301 879/1523/1272
f 881/1525/1274 880/1531/1276 879/1526/1272
f 881/1525/1274 872/1527/1265 873/1528/1267
f 897/1513/1263 882/1512/1262 883/1519/1269
f 906/1530/1273 879/1526/1272 880/1531/1276
f 843/1532/1277 840/1454/1216 846/1438/1200
f 903/1499/1253 905/1501/1254 906/1530/1273
f 891/1509/1259 869/1507/1258 870/1506/1257
f 902/1460/1222 901/1505/1256 903/1499/1253
f 901/1505/1256 869/1507/1258 860/1520/1270
f 902/1460/1222 908/2777/1401 868/1535/1280
f 899/1536/1281 908/2777/1401 902/1460/1222
f 850/1537/1282 899/1536/1281 900/1459/1221
f 849/1538/1283 850/1537/1282 898/1511/1261
f 895/1457/1219 863/1456/1218 847/1539/1284
f 893/1476/1237 909/1541/1286 864/1540/1285
f 892/1475/1236 865/1510/1260 909/1541/1286
f 892/1475/1236 889/1551/1293 890/1542/1287
f 890/1542/1287 889/1551/1293 911/1543/1288
f 907/1544/1289 917/2776/1255 886/1496/1250
f 907/1545/1289 911/1549/1288 845/1546/1290
f 844/1548/1292 845/1546/1290 911/1549/1288
f 912/1469/1231 911/1543/1288 889/1551/1293
f 874/1552/1268 876/1570/1303 867/1553/1294
f 894/1455/1217 887/1468/1230 888/1470/1232
f 884/1555/1296 887/1468/1230 894/1455/1217
f 895/1457/1219 896/1529/1275 883/1519/1269
f 884/1555/1296 883/1519/1269 874/1518/1268
f 913/1557/1297 885/1558/1298 875/1554/1295
f 875/1556/1295 885/2772/1298 887/1468/1230
f 885/1558/1298 913/1557/1297 844/1548/1292
f 900/1459/1221 880/1531/1276 881/1525/1274
f 837/1466/1228 838/1514/1264 841/1559/1242
f 855/1449/1211 860/1521/1270 859/1561/1252
f 914/1562/1299 923/1564/1300 926/1563/1246
f 923/1564/1300 915/1592/1317 852/1565/1244
f 847/1539/1284 849/1538/1283 897/1513/1263
f 843/1566/1277 832/1431/1193 837/1466/1228
f 935/1444/1206 936/1472/1234 835/1567/1240
f 872/1515/1265 879/1523/1272 866/1568/1301
f 876/1570/1303 874/1552/1268 873/1517/1267
f 842/1571/1212 920/1442/1204 832/1431/1193
f 842/1572/1212 843/1532/1277 848/1437/1199
f 938/1573/1304 857/1461/1223 917/1503/1255
f 916/1434/1196 857/1461/1223 938/1573/1304
f 944/1439/1201 945/1590/1315 930/1452/1214
f 956/1575/1306 957/1594/1319 905/1576/1254
f 955/1578/1307 956/2778/1306 841/1579/1242
f 838/1580/1264 839/1583/1310 954/1581/1308
f 953/1582/1309 954/1581/1308 839/1583/1310
f 952/1585/1311 953/1582/1309 918/1584/1248
f 935/1444/1206 951/2771/1333 952/1585/1311
f 963/1447/1209 964/1597/1321 950/1443/1205
f 834/1465/1227 833/1464/1226 948/1586/1312
f 920/1474/1204 947/1589/1314 948/1586/1312
f 842/1588/1212 946/2779/1411 947/1589/1314
f 945/1590/1315 946/2780/1411 842/1450/1212
f 959/1478/1239 961/1596/1320 943/1441/1203
f 923/1564/1300 941/1593/1318 942/1591/1316
f 914/1562/1299 940/1433/1195 941/1593/1318
f 957/1594/1319 862/1522/1271 906/1524/1273
f 958/1595/1305 917/2781/1255 907/1545/1289
f 915/1592/1317 942/1591/1316 961/1596/1320
f 959/1478/1239 960/1477/1238 852/1565/1244
f 834/1465/1227 949/1587/1313 964/1597/1321
f 963/1447/1209 962/1446/1208 933/1463/1225
f 965/1598/1322 970/1637/1353 1043/1599/1323
f 1027/1601/1325 1025/1735/1408 940/1602/1195
f 982/1604/1326 977/1625/1344 978/1605/1327
f 1039/1607/1329 1040/1666/1373 944/1608/1201
f 1031/1610/1330 965/1598/1322 969/1600/1324
f 950/1612/1205 1048/1616/1335 1046/1613/1332
f 1051/1615/1334 968/1739/1366 1048/1616/1335
f 1035/1618/1337 983/1651/1365 982/1604/1326
f 1010/1626/1345 1011/1714/1402 863/1627/1218
f 1019/1629/1346 1017/1708/1400 1015/1630/1347
f 1044/1634/1351 967/1759/1410 966/1635/1352
f 1003/1639/1355 1004/1646/1361 1024/1640/1356
f 1008/1645/1360 1005/1717/1403 1004/1646/1361
f 1050/1648/1363 1038/1665/1369 1039/1607/1329
f 1035/1650/1337 1025/1735/1408 1027/1601/1325
f 983/1651/1365 1032/1623/1342 977/1625/1344
f 1043/1599/1323 1047/2782/1359 968/1652/1366
f 1030/1655/1358 1047/2782/1359 1043/1599/1323
f 1032/1623/1342 989/1696/1394 974/1659/1368
f 1037/1619/1338 982/1604/1326 981/1606/1328
f 979/1662/1371 981/1606/1328 978/1605/1327
f 1042/1638/1354 972/1688/1388 1029/1664/1372
f 1038/1665/1369 979/1680/1371 1040/1666/1373
f 983/1651/1365 1035/1618/1337 1036/1656/1350
f 1002/1667/1374 987/2783/1379 986/1668/1375
f 974/1670/1368 989/1746/1394 1018/1671/1377
f 984/1658/1367 985/1657/1349 986/1675/1375
f 870/1677/1257 868/1709/1280 1016/1678/1380
f 1033/1622/1341 1041/1621/1340 1040/1666/1373
f 865/1681/1260 871/1707/1278 1007/1682/1382
f 1007/1682/1382 990/1679/1381 1002/1667/1374
f 998/1684/1384 997/1701/1396 1014/1685/1385
f 1042/1638/1354 970/1637/1353 971/1687/1387
f 877/1689/1266 878/1740/1302 991/1690/1389
f 993/1692/1391 992/1703/1390 998/1684/1384
f 988/1694/1393 987/2783/1379 1002/1667/1374
f 1032/1623/1342 983/1651/1365 988/1695/1393
f 862/1697/1271 1021/1768/1398 995/1698/1395
f 995/1700/1395 996/1631/1348 997/1701/1396
f 992/1703/1390 991/1702/1389 997/1701/1396
f 999/1693/1392 998/1684/1384 1013/1686/1386
f 1021/1705/1398 1019/1629/1346 996/1631/1348
f 976/1706/1399 978/1605/1327 977/1625/1344
f 1021/1705/1398 1020/1672/1378 1018/1671/1377
f 870/1677/1257 990/1679/1381 1007/1682/1382
f 1017/1708/1400 1019/1629/1346 1018/1671/1377
f 1016/1678/1380 989/1746/1394 988/1694/1393
f 1017/1708/1400 1016/1678/1380 868/1709/1280
f 1017/1708/1400 908/1710/1401 899/1711/1281
f 1015/1630/1347 899/1711/1281 850/1712/1282
f 1014/1685/1385 850/1712/1282 849/1713/1283
f 1011/1714/1402 1012/1704/1397 847/1715/1284
f 1009/1647/1362 1010/1626/1345 864/1628/1285
f 1008/1645/1360 1009/1647/1362 909/1716/1286
f 1008/1645/1360 1007/1682/1382 1006/1683/1383
f 1006/1683/1383 1022/1719/1405 1023/1718/1404
f 1002/1667/1374 1028/1669/1376 1022/1719/1405
f 845/1720/1290 1023/1724/1404 1022/1721/1405
f 844/1723/1292 1024/1732/1356 1023/1724/1404
f 1005/1717/1403 1023/1718/1404 1024/1640/1356
f 867/1725/1294 876/1741/1303 993/1726/1391
f 1004/1646/1361 1003/1639/1355 1010/1626/1345
f 1010/1626/1345 1003/1639/1355 1000/1728/1407
f 1011/1714/1402 1000/1728/1407 999/1693/1392
f 1000/1728/1407 994/1731/1406 993/1692/1391
f 913/1729/1297 867/1725/1294 994/1727/1406
f 1003/1639/1355 1001/1641/1357 994/1731/1406
f 844/1723/1292 913/1729/1297 1001/1730/1357
f 997/1701/1396 996/1631/1348 1015/1630/1347
f 970/1637/1353 973/2784/1343 974/1733/1368
f 983/1651/1365 984/1658/1367 987/1676/1379
f 1037/1734/1338 1034/1737/1409 1025/1735/1408
f 980/1736/1370 1026/1771/1412 1034/1737/1409
f 1013/1686/1386 849/1713/1283 847/1715/1284
f 976/1738/1399 973/2784/1343 970/1637/1353
f 1046/1613/1332 1048/1616/1335 968/1739/1366
f 866/1699/1301 995/1698/1395 991/1690/1389
f 876/1741/1303 877/1689/1266 992/1691/1390
f 965/1598/1322 1031/1610/1330 975/1742/1339
f 978/1605/1327 976/1706/1399 975/1743/1339
f 1028/1673/1376 985/1632/1349 938/1744/1304
f 1027/1601/1325 939/1603/1197 938/1744/1304
f 1041/1621/1340 945/1764/1315 944/1608/1201
f 1020/1747/1378 957/1769/1319 956/1748/1306
f 974/1750/1368 956/2785/1306 955/1751/1307
f 971/1752/1387 955/1751/1307 954/1753/1308
f 972/1754/1388 954/1753/1308 953/1755/1309
f 1029/1756/1372 953/1755/1309 952/1757/1311
f 1046/1613/1332 1030/1642/1358 952/1757/1311
f 1052/1617/1336 1048/1616/1335 950/1612/1205
f 967/1759/1410 949/1772/1313 948/1760/1312
f 1031/1644/1330 966/1635/1352 948/1760/1312
f 975/1762/1339 1031/1644/1330 947/1761/1314
f 975/1620/1339 946/2786/1411 945/1764/1315
f 1049/1649/1364 1039/1607/1329 943/1609/1203
f 1034/1737/1409 1026/1771/1412 942/1766/1316
f 1025/1735/1408 1034/1737/1409 941/1767/1318
f 1021/1768/1398 862/1697/1271 957/1769/1319
f 1022/1721/1405 1028/2787/1376 958/1770/1305
f 1026/1771/1412 1049/1649/1364 961/1765/1320
f 980/1736/1370 1050/1648/1363 1049/1649/1364
f 967/1759/1410 1052/1617/1336 964/1758/1321
f 1044/1634/1351 1051/1615/1334 1052/1617/1336
f 1056/1777/1413 1072/1883/1518 1054/1778/1414
f 1510/1780/1416 1509/2695/2269 1623/1781/1417
f 1193/1783/1419 1194/2031/1655 1169/1784/1420
f 1159/1786/1422 1130/2788/2342 1141/1787/1423
f 1517/1789/1425 1615/2046/1670 1608/1790/1426
f 1139/1792/1428 1128/2096/1714 1121/1793/1429
f 1135/1798/1434 1124/1961/1590 1062/1799/1435
f 1207/1801/1437 1294/2421/2017 1208/1802/1438
f 1289/1804/1440 1203/2108/1724 1218/1805/1441
f 1216/1807/1443 1215/2789/2343 1213/1808/1444
f 1074/1810/1446 1087/1848/1484 1163/1811/1447
f 1116/1813/1449 1107/1899/1534 1117/1814/1450
f 1084/1796/1432 1085/1901/1536 1099/1816/1452
f 1162/1817/1453 1084/1796/1432 1055/1818/1454
f 1076/1820/1456 1142/1823/1459 1060/1821/1457
f 1096/1825/1461 1104/2790/2344 1114/1826/1462
f 1156/1828/1464 1148/2791/2345 1157/1829/1465
f 1137/1831/1467 1128/2792/2346 1139/1832/1468
f 1125/1834/1470 1126/2015/1640 1152/1835/1471
f 1118/1837/1473 1109/1923/1554 1119/1838/1474
f 1149/1840/1476 1625/2705/2279 1627/1841/1477
f 1083/1843/1479 1082/1873/1508 1094/1844/1480
f 1061/1846/1482 1053/1819/1455 1055/1818/1454
f 1087/1848/1484 1074/1810/1446 1057/1849/1485
f 1057/1849/1485 1074/1810/1446 1058/1851/1487
f 1057/1849/1485 1059/1852/1488 1142/1823/1459
f 1172/1856/1492 1173/1977/1605 1174/1857/1493
f 1138/1862/1497 1073/1812/1448 1056/1777/1413
f 1074/1810/1446 1073/1812/1448 1138/1862/1497
f 1065/1868/1503 1197/2793/1723 1196/1869/1504
f 1055/1818/1454 1066/1888/1523 1063/1863/1498
f 1181/1870/1505 1200/2051/1675 1188/1871/1506
f 1082/1873/1508 1056/1777/1413 1073/1812/1448
f 1115/1874/1509 1116/1877/1512 1111/1875/1510
f 1116/1877/1512 1071/1880/1515 1113/1878/1513
f 1070/1879/1514 1113/1878/1513 1071/1880/1515
f 1118/1881/1516 1120/2028/1652 1067/1882/1517
f 1057/1849/1485 1076/1820/1456 1075/1867/1502
f 1083/1843/1479 1162/1817/1453 1053/1819/1455
f 1105/1884/1519 1104/2794/1547 1094/1885/1520
f 1079/1795/1431 1080/1890/1525 1081/1887/1522
f 1078/1889/1524 1081/1887/1522 1080/1890/1525
f 1082/1873/1508 1083/1843/1479 1072/1883/1518
f 1094/1844/1480 1082/1873/1508 1163/1811/1447
f 1164/1850/1486 1090/1866/1501 1108/1893/1528
f 1091/1895/1530 1092/2795/1697 1093/1896/1531
f 1115/1898/1533 1105/1922/1553 1107/1899/1534
f 1162/1817/1453 1083/1843/1479 1095/1845/1481
f 1084/1796/1432 1162/1817/1453 1097/1900/1535
f 1090/1866/1501 1091/1895/1530 1110/1897/1532
f 1086/1797/1433 1099/1816/1452 1101/1902/1537
f 1127/1904/1539 1136/2796/1539 1064/1905/1539
f 1117/1907/1540 1089/2797/2347 1108/1908/1541
f 1110/1910/1543 1093/2026/1650 1103/1911/1544
f 1096/1913/1546 1095/1916/1548 1094/1914/1520
f 1095/1916/1548 1096/1913/1546 1112/1917/1549
f 1097/1918/1550 1112/1917/1549 1098/1919/1551
f 1114/1921/1462 1104/2798/2344 1105/1922/1553
f 1071/1815/1451 1117/1814/1450 1109/1923/1554
f 1120/1839/1475 1119/1838/1474 1103/1924/1555
f 1112/1926/1557 1096/1825/1461 1111/1827/1463
f 1098/1928/1559 1112/1926/1557 1113/1927/1558
f 1102/1930/1561 1100/2105/1722 1067/1931/1562
f 1179/1933/1564 1198/2092/1710 1184/1934/1565
f 1154/1936/1567 1123/1944/1575 1124/1937/1568
f 1139/1792/1428 1156/1794/1430 1158/1939/1570
f 1158/1939/1570 1159/1786/1422 1129/1788/1424
f 1161/1941/1572 1133/1861/1489 1132/1860/1496
f 1154/1936/1567 1122/2799/2348 1134/1943/1574
f 1126/1945/1576 1125/1966/1594 1135/1946/1577
f 1166/1947/1578 1193/1783/1419 1168/1785/1421
f 1575/1949/1580 1591/2639/2219 1592/1950/1581
f 1135/1798/1434 1063/1800/1436 1064/1952/1583
f 1142/1954/1584 1141/1969/1597 1132/1955/1585
f 1134/1957/1586 1128/2792/2346 1137/1831/1467
f 1134/1957/1586 1054/1958/1587 1061/1959/1588
f 1124/1961/1590 1123/1960/1589 1061/1959/1588
f 1139/1832/1468 1140/2800/2349 1058/1962/1591
f 1201/1963/1592 1132/2801/2350 1202/1964/1592
f 1141/1787/1423 1130/2788/2342 1131/1942/1573
f 1153/1938/1569 1124/1937/1568 1135/1946/1577
f 1109/1909/1542 1108/1908/1541 1110/1910/1543
f 1176/1967/1595 1195/1995/1595 1166/1947/1578
f 1059/1968/1596 1129/1987/1614 1141/1969/1597
f 1075/1970/1598 1177/2032/1656 1170/1971/1599
f 1184/1973/1601 1200/1981/1601 1181/1974/1602
f 1171/1976/1604 1175/2030/1654 1173/1977/1605
f 1618/1978/1606 1610/2574/2157 1144/1979/1607
f 1200/1981/1601 1184/1973/1601 1198/1982/1609
f 1101/1984/1611 1099/2095/1713 1100/1985/1612
f 1058/1962/1591 1140/2800/2349 1129/1987/1614
f 1493/1988/1615 1532/2004/1630 1628/1989/1616
f 1620/1991/1618 1152/2568/2151 1151/1992/1619
f 1176/1967/1595 1165/2802/2351 1190/1994/1621
f 1533/1996/1622 1491/2551/1648 1614/1997/1623
f 1522/1999/1625 1609/2741/2313 1617/2000/1626
f 1530/2001/1627 1617/2000/1626 1612/2002/1628
f 1532/2004/1630 1533/1996/1622 1630/1998/1624
f 1161/2005/1631 1131/2009/1635 1160/2006/1632
f 1130/2008/1634 1150/2011/1637 1160/2006/1632
f 1159/2010/1636 1149/2021/1646 1150/2011/1637
f 1147/2012/1638 1148/2803/2345 1156/2013/1464
f 1161/2005/1631 1151/2007/1633 1152/1835/1471
f 1122/2016/1641 1155/2018/1643 1147/2012/1638
f 1122/2016/1641 1154/2019/1644 1144/2017/1642
f 1154/2019/1644 1153/2022/1647 1145/2020/1645
f 1158/1830/1466 1157/1829/1465 1149/2021/1646
f 1153/2022/1647 1125/1834/1470 1146/1836/1472
f 1491/2023/1648 1528/2525/2113 1619/2024/1649
f 1055/1818/1454 1084/1796/1432 1079/1795/1431
f 1093/2026/1650 1101/1984/1611 1102/1986/1613
f 1068/2027/1651 1067/1882/1517 1120/2028/1652
f 1190/1994/1621 1165/2802/2351 1175/2030/1654
f 1103/1924/1555 1102/1930/1561 1068/1932/1563
f 1194/2031/1655 1170/1971/1599 1177/2032/1656
f 1175/2045/1669 1165/2041/1665 1178/2040/1664
f 1510/1780/1416 1622/1782/1418 1615/2046/1670
f 1184/1934/1565 1186/2088/1707 1187/2047/1671
f 1200/2051/1675 1199/2091/1709 1180/2052/1676
f 1181/1870/1505 1189/1872/1507 1182/2053/1677
f 1187/2060/1683 1189/2055/1678 1188/2061/1684
f 1193/2067/1690 1166/2066/1689 1092/2064/1687
f 1077/2068/1691 1182/2078/1698 1078/2069/1524
f 1092/2064/1687 1190/2063/1686 1171/2075/1696
f 1192/1903/1538 1101/1902/1537 1093/2076/1531
f 1075/1867/1502 1076/1820/1456 1182/2078/1698
f 1191/1858/1494 1174/1857/1493 1079/2080/1700
f 1196/2082/1701 1133/2804/2352 1127/2083/1702
f 1088/2085/1704 1089/2797/2347 1117/1907/1540
f 1081/2087/1706 1187/2047/1671 1186/2088/1707
f 1179/1933/1564 1180/2052/1676 1199/2091/1709
f 1088/2093/1711 1087/1848/1484 1164/1850/1486
f 1099/2095/1713 1085/1920/1552 1098/1919/1551
f 1134/1943/1574 1122/2799/2348 1121/1793/1429
f 1202/2097/1715 1133/2804/2352 1196/2082/1701
f 1392/2100/1717 1391/2805/1718 1390/2101/1718
f 1611/2103/1720 1618/1978/1606 1145/1980/1608
f 1106/1892/1527 1163/1811/1447 1087/1848/1484
f 1100/2105/1722 1098/1928/1559 1070/1929/1560
f 1066/1888/1523 1065/1868/1503 1143/1864/1499
f 1183/1822/1458 1060/1821/1457 1196/2106/1504
f 1106/1886/1521 1088/2085/1704 1107/2086/1705
f 1203/2108/1724 1289/1804/1440 1204/2109/1725
f 1204/2111/1725 1292/2402/2002 1222/2112/1727
f 1250/2117/1731 1291/2806/2353 1292/2118/1732
f 1222/2123/1736 1223/2765/2336 1438/2124/1737
f 1303/2126/1739 1203/2416/2014 1221/2127/1740
f 1214/2132/1744 1416/2762/2333 1417/2133/1745
f 1211/2135/1747 1214/2132/1744 1319/2134/1746
f 1249/2137/1749 1251/2179/1790 1291/2138/1750
f 1241/2140/1752 1239/2184/1783 1277/2141/1753
f 1282/2143/1755 1284/2196/1805 1274/2144/1756
f 1265/2146/1758 1270/2150/1762 1275/2147/1759
f 1264/2149/1761 1269/2152/1764 1270/2150/1762
f 1264/2149/1761 1252/2410/2008 1263/2151/1763
f 1233/2153/1765 1235/2807/2354 1236/2154/1766
f 1231/2156/1768 1229/2808/2355 1297/2157/1769
f 1247/2159/1771 1248/2161/1773 1230/2160/1772
f 1249/2137/1749 1230/2160/1772 1248/2161/1773
f 1255/2162/1774 1261/2426/2022 1262/2163/1775
f 1258/2165/1777 1246/2809/2356 1245/2166/1778
f 1263/2151/1763 1268/2427/2023 1273/2145/1757
f 1270/2150/1762 1269/2152/1764 1273/2145/1757
f 1395/2168/1780 1396/2357/1960 1354/2169/1781
f 1239/2171/1783 1241/2441/1752 1287/2172/1784
f 1416/2174/1786 1427/2749/2320 1428/2175/1787
f 1248/2161/1773 1247/2159/1771 1257/2177/1788
f 1251/2179/1790 1249/2137/1749 1255/2162/1774
f 1228/2180/1791 1229/2808/2355 1231/2156/1768
f 1271/2148/1760 1275/2147/1759 1276/2181/1792
f 1230/2160/1772 1249/2137/1749 1250/2139/1751
f 1258/2165/1777 1243/2428/2024 1259/2183/1794
f 1247/2159/1771 1246/2809/2356 1258/2165/1777
f 1239/2184/1783 1276/2181/1792 1275/2147/1759
f 1236/2154/1766 1237/2408/1793 1276/2185/1792
f 1276/2185/1792 1239/2171/1783 1240/2173/1785
f 1273/2145/1757 1268/2427/2023 1272/2187/1796
f 1272/2187/1796 1281/2192/1801 1280/2188/1797
f 1282/2143/1755 1272/2187/1796 1369/2189/1798
f 1372/2191/1800 1280/2188/1797 1281/2192/1801
f 1326/2194/1803 1260/2425/2021 1259/2183/1794
f 1284/2196/1805 1282/2143/1755 1283/2190/1799
f 1278/2142/1754 1284/2196/1805 1285/2197/1806
f 1366/2198/1807 1327/2383/1984 1241/2140/1752
f 1297/2201/1810 1212/2810/2357 1213/2202/1811
f 1204/2119/1731 1289/2205/1814 1228/2204/1813
f 1289/2205/1814 1290/2391/1991 1229/2206/1815
f 1292/2118/1732 1291/2806/2353 1293/2207/1816
f 1206/2208/1817 1293/2207/1816 1253/2209/1818
f 1208/2211/1820 1294/2210/1819 1253/2209/1818
f 1210/2213/1822 1208/2211/1820 1295/2212/1821
f 1210/2213/1822 1266/2214/1823 1244/2215/1824
f 1387/2217/1826 1405/2469/2060 1395/2218/1827
f 1432/2220/1829 1299/2251/1859 1301/2221/1830
f 1375/2223/1832 1376/2304/1911 1371/2224/1833
f 1304/2226/1835 1439/2811/2358 1305/2227/1836
f 1347/2229/1838 1344/2294/1901 1338/2230/1839
f 1311/2232/1841 1302/2228/1837 1306/2233/1842
f 1430/2235/1844 1316/2812/2359 1432/2220/1829
f 1306/2233/1842 1440/2449/2042 1441/2237/1846
f 1418/2239/1848 1429/2439/2033 1437/2240/1849
f 1313/2242/1851 1312/2813/2360 1315/2243/1852
f 1420/2244/1853 1308/2814/1853 1310/2245/1854
f 1313/2247/1856 1299/2815/1856 1309/2248/1857
f 1441/2237/1846 1300/2816/2361 1313/2242/1851
f 1432/2220/1829 1316/2812/2359 1309/2250/1858
f 1433/2252/1860 1301/2817/2362 1300/2253/1861
f 1312/2255/1863 1309/2818/1863 1316/2256/1864
f 1436/2258/1866 1317/2819/1866 1318/2259/1867
f 1417/2261/1869 1428/2820/1870 1424/2262/1870
f 1419/2264/1872 1429/2439/2033 1418/2239/1848
f 1318/2266/1874 1317/2821/1875 1424/2267/1875
f 1442/2269/1877 1435/2260/1868 1318/2259/1867
f 1437/2271/1878 1434/2474/2064 1440/2272/1879
f 1283/2190/1799 1369/2189/1798 1370/2274/1881
f 1366/2198/1807 1285/2197/1806 1367/2276/1883
f 1373/2225/1834 1372/2191/1800 1326/2194/1803
f 1363/2279/1886 1361/2332/1938 1362/2280/1887
f 1392/2282/1889 1398/2338/1943 1410/2283/1890
f 1347/2229/1838 1384/2329/1935 1375/2223/1832
f 1357/2286/1893 1358/2290/1897 1360/2287/1894
f 1355/2289/1896 1356/2314/1921 1358/2290/1897
f 1333/2291/1898 1334/2450/2043 1335/2292/1899
f 1346/2285/1892 1345/2344/1949 1344/2294/1901
f 1364/2277/1884 1367/2276/1883 1379/2295/1902
f 1399/2296/1903 1400/2339/1944 1401/2297/1904
f 1436/2299/1906 1319/2822/2363 1417/2261/1869
f 1357/2286/1893 1380/2342/1947 1381/2300/1907
f 1368/2275/1882 1370/2274/1881 1377/2301/1908
f 1382/2303/1910 1377/2301/1908 1376/2304/1911
f 1353/2306/1913 1382/2303/1910 1383/2305/1912
f 1349/2308/1915 1348/2231/1840 1339/2309/1916
f 1394/2311/1918 1339/2309/1916 1348/2231/1840
f 1336/2312/1919 1394/2311/1918 1338/2230/1839
f 1353/2306/1913 1354/2390/1990 1356/2314/1921
f 1406/2315/1922 1388/2375/1976 1407/2316/1923
f 1329/2318/1925 1328/2823/1888 1362/2319/1887
f 1330/2320/1926 1362/2319/1887 1331/2321/1927
f 1349/2308/1915 1350/2310/1917 1351/2322/1928
f 1442/2323/1929 1447/2824/2364 1220/2324/1930
f 1369/2189/1798 1280/2188/1797 1371/2224/1833
f 1320/2326/1932 1322/2331/1937 1324/2327/1933
f 1383/2305/1912 1376/2304/1911 1375/2223/1832
f 1288/2330/1936 1321/2347/1952 1322/2331/1937
f 1361/2332/1938 1359/2288/1895 1331/2333/1927
f 1438/2334/1939 1437/2271/1878 1305/2273/1880
f 1325/2336/1941 1345/2344/1949 1346/2285/1892
f 1367/2276/1883 1368/2275/1882 1378/2302/1909
f 1322/2331/1937 1341/2340/1945 1342/2337/1942
f 1398/2338/1943 1392/2282/1889 1400/2339/1944
f 1330/2320/1926 1340/2341/1946 1341/2340/1945
f 1332/2293/1900 1335/2292/1899 1340/2341/1946
f 1380/2342/1947 1379/2295/1902 1378/2302/1909
f 1335/2292/1899 1337/2313/1920 1343/2343/1948
f 1381/2300/1907 1378/2302/1909 1377/2301/1908
f 1343/2343/1948 1344/2294/1901 1345/2344/1949
f 1332/2293/1900 1331/2321/1927 1397/2345/1950
f 1348/2231/1840 1349/2308/1915 1384/2329/1935
f 1365/2346/1951 1328/2823/1888 1329/2318/1925
f 1359/2288/1895 1360/2287/1894 1397/2348/1950
f 1337/2313/1920 1338/2230/1839 1344/2294/1901
f 1385/2349/1953 1401/2360/1953 1406/2350/1954
f 1217/2352/1956 1426/2745/2316 1644/2353/1957
f 1400/2355/1959 1392/2100/1717 1389/2102/1719
f 1396/2357/1960 1407/2434/2030 1356/2358/1961
f 1350/2359/1962 1404/2825/1969 1395/2168/1780
f 1388/2356/1719 1406/2350/1954 1401/2360/1953
f 1394/2361/1963 1402/2454/2047 1403/2362/1964
f 1334/2364/1966 1399/2397/1997 1393/2365/1967
f 1339/2363/1965 1403/2362/1964 1404/2367/1969
f 1397/2369/1970 1360/2423/2019 1409/2370/1971
f 1389/2372/1973 1390/2435/2031 1409/2373/1974
f 1388/2375/1976 1389/2372/1973 1408/2374/1975
f 1324/2327/1933 1342/2337/1942 1345/2344/1949
f 1321/2347/1952 1329/2318/1925 1341/2340/1945
f 1402/2376/1977 1385/2379/1980 1386/2377/1978
f 1393/2298/1905 1401/2297/1904 1385/2379/1980
f 1379/2295/1902 1380/2342/1947 1361/2332/1938
f 1302/2228/1837 1311/2232/1841 1303/2380/1981
f 1295/2381/1982 1265/2146/1758 1271/2148/1760
f 1364/2277/1884 1365/2473/1951 1327/2383/1984
f 1321/2347/1952 1288/2330/1936 1327/2384/1984
f 1405/2351/1955 1387/2826/2365 1386/2385/1985
f 1643/2386/1986 1449/2747/2318 1450/2387/1987
f 1398/2389/1989 1333/2396/1996 1397/2369/1970
f 1370/2274/1881 1371/2224/1833 1376/2304/1911
f 1352/2307/1914 1351/2322/1928 1354/2390/1990
f 1290/2391/1991 1212/2810/2357 1297/2201/1810
f 1279/2195/1804 1325/2336/1941 1374/2278/1885
f 1323/2328/1934 1324/2327/1933 1325/2336/1941
f 1374/2278/1885 1346/2285/1892 1375/2223/1832
f 1280/2188/1797 1372/2191/1800 1373/2225/1834
f 1285/2197/1806 1283/2190/1799 1368/2275/1882
f 1209/2392/1992 1210/2399/1999 1296/2393/1993
f 1296/2393/1993 1298/2411/2009 1214/2395/1995
f 1333/2396/1996 1398/2389/1989 1399/2397/1997
f 1240/2173/1785 1287/2172/1784 1286/2398/1998
f 1226/1803/1439 1208/1802/1438 1210/2399/1999
f 1266/2382/1983 1271/2148/1760 1237/2182/1793
f 1205/2401/2001 1222/2112/1727 1292/2402/2002
f 1442/2404/2004 1443/2483/2072 1444/2405/2005
f 1236/2154/1766 1235/2807/2354 1244/2407/2000
f 1253/2409/2007 1293/2440/2034 1252/2410/2008
f 1213/1808/1444 1215/2789/2343 1214/2395/1995
f 1232/2158/1770 1297/2157/1769 1233/2153/1765
f 1233/2203/1812 1213/2202/1811 1298/2414/2012
f 1203/2416/2014 1303/2126/1739 1310/2417/2015
f 1244/2419/1824 1235/2415/2013 1298/2414/2012
f 1207/1801/1437 1205/2401/2001 1206/2403/2003
f 1295/2381/1982 1253/2409/2007 1264/2149/1761
f 1408/2422/2018 1409/2370/1971 1360/2423/2019
f 1277/2141/1753 1274/2144/1756 1284/2196/1805
f 1257/2177/1788 1259/2183/1794 1260/2425/2021
f 1275/2147/1759 1270/2150/1762 1274/2144/1756
f 1252/2410/2008 1251/2179/1790 1254/2164/1776
f 1256/2178/1789 1260/2425/2021 1267/2193/1802
f 1268/2427/2023 1262/2163/1775 1281/2192/1801
f 1242/2167/1779 1286/2398/1998 1243/2428/2024
f 1261/2426/2022 1267/2193/1802 1281/2192/1801
f 1255/2162/1774 1248/2161/1773 1256/2178/1789
f 1238/2186/1795 1240/2173/1785 1242/2167/1779
f 1245/2166/1778 1246/2809/2356 1232/2158/1770
f 1290/1806/1442 1218/1805/1441 1216/1807/1443
f 1407/2434/2030 1408/2422/2018 1358/2424/2020
f 1410/2283/1890 1409/2373/1974 1390/2435/2031
f 1403/2378/1979 1386/2377/1978 1387/2436/1826
f 1220/2324/1930 1319/2827/2032 1436/2438/2032
f 1380/2342/1947 1357/2286/1893 1359/2288/1895
f 1429/2439/2033 1419/2264/1872 1430/2235/1844
f 1293/2440/2034 1291/2138/1750 1251/2179/1790
f 1288/2330/1936 1287/2172/1784 1241/2441/1752
f 1238/2186/1795 1245/2166/1778 1234/2155/1767
f 1419/2246/1855 1311/2484/2073 1307/2442/2035
f 1411/2444/2037 1412/2471/2062 1634/2445/2038
f 1320/2326/1932 1286/2398/1998 1287/2172/1784
f 1444/2447/2040 1227/2764/2335 1209/2413/2011
f 1323/2328/1934 1243/2428/2024 1286/2398/1998
f 1254/2164/1776 1262/2163/1775 1268/2427/2023
f 1260/2425/2021 1326/2194/1803 1372/2191/1800
f 1316/2256/1864 1430/2443/2036 1307/2442/2035
f 1355/2289/1896 1381/2300/1907 1382/2303/1910
f 1340/2341/1946 1343/2343/1948 1342/2337/1942
f 1306/2233/1842 1302/2228/1837 1305/2227/1836
f 1306/2233/1842 1314/2238/1847 1315/2243/1852
f 1334/2450/2043 1336/2312/1919 1337/2313/1920
f 1414/2451/2044 1415/2752/2323 1641/2452/2045
f 1336/2366/1968 1393/2365/1967 1402/2454/2047
f 1438/2455/2048 1223/2748/2319 1422/2456/2049
f 1635/2458/2050 1224/2751/2322 1423/2459/2051
f 1639/2461/2053 1225/2746/2317 1451/2462/2054
f 1633/2464/2056 1227/2828/2366 1452/2465/2057
f 1452/2465/2057 1227/2828/2366 1444/2467/2059
f 1405/2469/2060 1406/2315/1922 1396/2317/1924
f 1310/2470/2061 1308/2829/2061 1412/2471/2062
f 1429/2439/2033 1431/2236/1845 1434/2472/2063
f 1432/2220/1829 1433/2222/1831 1434/2472/2063
f 1363/2279/1886 1328/2281/1888 1365/2473/1951
f 1279/2195/1804 1259/2183/1794 1243/2428/2024
f 1433/2252/1860 1441/2254/1862 1440/2272/1879
f 1301/2475/2065 1299/2815/1856 1313/2247/1856
f 1318/2266/1874 1425/2268/1876 1446/2477/2067
f 1232/2158/1770 1246/2809/2356 1247/2159/1771
f 1219/2479/2068 1413/2750/2321 1645/2480/2069
f 1352/2307/1914 1383/2305/1912 1384/2329/1935
f 1447/2448/2041 1209/2413/2011 1211/2135/1747
f 1439/2125/1738 1304/2128/1740 1221/2127/1740
f 1446/2482/2071 1445/2830/2071 1444/2405/2005
f 1310/2245/1854 1303/2831/2367 1311/2484/2073
f 1457/2485/2074 1539/2685/2259 1458/2486/2075
f 1534/2488/2077 1453/2494/2083 1468/2489/2078
f 1466/2491/2080 1465/2832/2368 1463/2492/2081
f 1453/2494/2083 1534/2488/2077 1454/2495/2084
f 1454/2495/2084 1537/2666/2244 1472/2497/2086
f 1500/2501/2090 1536/2833/2369 1537/2502/2091
f 1472/2507/2096 1473/2770/2341 1592/2508/2097
f 1548/2510/2099 1453/2680/2256 1471/2511/2100
f 1570/2516/2104 1571/2834/2370 1564/2517/2105
f 1461/2519/2107 1464/2518/2106 1564/2517/2105
f 1499/2521/2109 1501/2557/2143 1536/2522/2110
f 1489/2524/2112 1527/2561/2147 1528/2525/2113
f 1531/2003/1629 1524/2549/2137 1523/2526/2114
f 1515/2527/2115 1520/2531/2119 1525/2528/2116
f 1514/2530/2118 1519/2533/2121 1520/2531/2119
f 1514/2530/2118 1502/2674/2250 1513/2532/2120
f 1483/2534/2122 1485/2835/2371 1486/2535/2123
f 1481/2537/2125 1479/2836/2372 1542/2538/2126
f 1497/2540/2128 1498/2542/2130 1480/2541/2129
f 1499/2521/2109 1480/2541/2129 1498/2542/2130
f 1505/2543/2131 1511/2686/2260 1512/2544/2132
f 1508/2546/2134 1496/2837/2373 1495/2547/2135
f 1513/2532/2120 1518/2564/2149 1523/2526/2114
f 1520/2531/2119 1519/2533/2121 1523/2526/2114
f 1490/2550/2138 1489/2838/2112 1491/2551/1648
f 1571/2552/2139 1570/2756/2327 1581/2553/2140
f 1498/2542/2130 1497/2540/2128 1507/2555/2141
f 1501/2557/2143 1499/2521/2109 1505/2543/2131
f 1478/2558/2144 1479/2836/2372 1481/2537/2125
f 1521/2529/2117 1525/2528/2116 1526/2559/2145
f 1480/2541/2129 1499/2521/2109 1500/2523/2111
f 1493/1988/1615 1509/2695/2269 1507/2555/2141
f 1497/2540/2128 1496/2837/2373 1508/2546/2134
f 1489/2524/2112 1526/2559/2145 1525/2528/2116
f 1486/2535/2123 1487/2672/2146 1526/2562/2145
f 1526/2562/2145 1489/2838/2112 1490/2550/2138
f 1518/2564/2149 1522/1999/1625 1530/2001/1627
f 1160/2565/2150 1629/2706/2280 1613/2566/1620
f 1620/1991/1618 1611/2103/1720 1146/2104/1721
f 1148/2569/2152 1147/2702/2276 1616/2570/2153
f 1148/2569/2152 1621/2571/2154 1624/2572/2155
f 1610/2574/2157 1607/2701/2275 1155/2575/2158
f 1542/2578/2161 1462/2839/2374 1463/2579/2162
f 1454/2503/2092 1534/2582/2165 1478/2581/2164
f 1534/2582/2165 1535/2656/2236 1479/2583/2166
f 1537/2502/2091 1536/2833/2369 1538/2584/2167
f 1456/2585/2168 1538/2584/2167 1503/2586/2169
f 1458/2588/2171 1539/2587/2170 1503/2586/2169
f 1460/2590/2173 1458/2588/2171 1540/2589/2172
f 1460/2590/2173 1516/2591/2174 1494/2592/2175
f 1586/2594/2176 1544/2619/2200 1546/2595/2177
f 1549/2597/2179 1593/2840/2375 1550/2598/2180
f 1556/2600/2182 1547/2599/2181 1551/2601/2183
f 1584/2603/2185 1561/2841/2376 1586/2594/2176
f 1551/2601/2183 1594/2707/2281 1595/2605/2187
f 1572/2607/2189 1583/2693/2267 1591/2608/2190
f 1558/2610/2192 1557/2842/2377 1560/2611/2193
f 1574/2612/2194 1553/2843/2194 1555/2613/2195
f 1558/2615/2197 1544/2844/2378 1554/2616/2198
f 1595/2605/2187 1545/2845/2379 1558/2610/2192
f 1586/2594/2176 1561/2841/2376 1554/2618/2199
f 1587/2620/2201 1546/2846/2202 1545/2621/2202
f 1557/2623/2204 1554/2847/2204 1561/2624/2205
f 1590/2626/2207 1562/2848/2207 1563/2627/2208
f 1571/2629/2210 1582/2849/2211 1578/2630/2211
f 1573/2632/2213 1583/2693/2267 1572/2607/2189
f 1563/2634/2215 1562/2850/2380 1578/2635/2216
f 1596/2637/2218 1589/2628/2209 1563/2627/2208
f 1591/2639/2219 1588/2730/2303 1594/2640/2220
f 1590/2642/2222 1564/2851/2381 1571/2629/2210
f 1596/2643/2223 1601/2852/2382 1470/2644/2224
f 1592/1950/1581 1591/2639/2219 1550/2641/2221
f 1662/2647/2227 1467/2753/2324 1580/2648/2228
f 1547/2599/2181 1556/2600/2182 1548/2650/2230
f 1540/2651/2231 1515/2527/2115 1521/2529/2117
f 1658/2653/2233 1659/2758/2329 1603/2654/2234
f 1535/2656/2236 1462/2839/2374 1542/2578/2161
f 1459/2657/2237 1460/2663/2241 1541/2658/2238
f 1541/2660/2238 1543/2675/2251 1464/2661/2240
f 1533/1996/1622 1532/2004/1630 1492/2548/2136
f 1476/2487/2076 1458/2486/2075 1460/2663/2241
f 1521/2529/2117 1487/2560/2146 1494/2664/2242
f 1455/2665/2243 1472/2497/2086 1537/2666/2244
f 1596/2668/2246 1597/2739/2311 1598/2669/2247
f 1486/2535/2123 1485/2835/2371 1494/2671/2242
f 1503/2673/2249 1538/2694/2268 1502/2674/2250
f 1463/2492/2081 1465/2832/2368 1464/2661/2240
f 1482/2539/2127 1542/2538/2126 1483/2534/2122
f 1483/2580/2163 1463/2579/2162 1543/2678/2254
f 1453/2680/2256 1548/2510/2099 1555/2681/2257
f 1494/2683/2175 1485/2679/2255 1543/2678/2254
f 1457/2485/2074 1455/2665/2243 1456/2667/2245
f 1540/2651/2231 1503/2673/2249 1514/2530/2118
f 1524/2549/2137 1531/2003/1629 1528/2525/2113
f 1507/2555/2141 1509/2695/2269 1510/1780/1416
f 1525/2528/2116 1520/2531/2119 1524/2549/2137
f 1502/2674/2250 1501/2557/2143 1504/2545/2133
f 1506/2556/2142 1510/1780/1416 1517/1789/1425
f 1512/2544/2132 1529/1791/1427 1522/1999/1625
f 1532/2004/1630 1493/1988/1615 1508/2546/2134
f 1511/2686/2260 1517/1789/1425 1529/1791/1427
f 1505/2543/2131 1498/2542/2130 1506/2556/2142
f 1488/2563/2148 1490/2550/2138 1492/2548/2136
f 1495/2547/2135 1496/2837/2373 1482/2539/2127
f 1535/2490/2079 1468/2489/2078 1466/2491/2080
f 1470/2644/2224 1564/2853/2383 1590/2692/2266
f 1583/2693/2267 1573/2632/2213 1584/2603/2185
f 1538/2694/2268 1536/2522/2110 1501/2557/2143
f 1509/2695/2269 1493/1988/1615 1626/1990/1617
f 1488/2563/2148 1495/2547/2135 1484/2536/2124
f 1573/2614/2196 1556/2740/2312 1552/2696/2270
f 1656/2698/2272 1565/2728/2301 1566/2699/2273
f 1607/2701/2275 1616/2570/2153 1147/2702/2276
f 1598/2703/2277 1477/2769/2340 1459/2677/2253
f 1157/2573/2156 1624/2572/2155 1625/2705/2279
f 1504/2545/2133 1512/2544/2132 1518/2564/2149
f 1150/1842/1478 1627/1841/1477 1629/2706/2280
f 1561/2624/2205 1584/2697/2271 1552/2696/2270
f 1551/2601/2183 1547/2599/2181 1550/2598/2180
f 1551/2601/2183 1559/2606/2188 1560/2611/2193
f 1648/2708/2282 1568/2759/2330 1569/2709/2283
f 1421/2711/2285 1437/2271/1878 1438/2334/1939
f 1602/2713/2286 1592/2854/2286 1473/2714/2287
f 1653/2716/2289 1651/2755/2326 1474/2717/2290
f 1652/2719/2292 1655/2754/2325 1475/2720/2293
f 1649/2722/2295 1477/2855/2384 1606/2723/2296
f 1606/2723/2296 1477/2855/2384 1598/2725/2298
f 1555/2727/2300 1553/2856/2385 1566/2699/2273
f 1583/2693/2267 1585/2604/2186 1588/2729/2302
f 1586/2594/2176 1587/2596/2178 1588/2729/2302
f 1531/2003/1629 1612/2002/1628 1619/2024/1649
f 1587/2620/2201 1595/2622/2203 1594/2640/2220
f 1546/2731/2304 1544/2844/2378 1558/2615/2197
f 1563/2634/2215 1579/2636/2217 1600/2733/2305
f 1482/2539/2127 1496/2837/2373 1497/2540/2128
f 1647/2735/2307 1469/2757/2328 1567/2736/2308
f 1601/2704/2278 1459/2677/2253 1461/2519/2107
f 1593/2509/2098 1549/2512/2100 1471/2511/2100
f 1600/2738/2310 1599/2857/2310 1598/2669/2247
f 1555/2613/2195 1548/2858/2386 1556/2740/2312
f 1616/2570/2153 1615/2046/1670 1622/1782/1418
f 1623/1781/1417 1626/1990/1617 1625/2705/2279
f 1626/1990/1617 1628/1989/1616 1627/1841/1477
f 1608/1790/1426 1607/2701/2275 1610/2574/2157
f 1628/1989/1616 1630/1998/1624 1629/2706/2280
f 1622/1782/1418 1623/1781/1417 1624/2572/2155
f 1630/1998/1624 1614/1997/1623 1613/2566/1620
f 1615/2046/1670 1616/2570/2153 1607/2701/2275
f 1612/2002/1628 1611/2103/1720 1620/1991/1618
f 1620/1991/1618 1613/1993/1620 1614/2025/1623
f 1609/2741/2313 1610/2574/2157 1618/1978/1606
f 1617/2000/1626 1618/1978/1606 1611/2103/1720
f 1529/1791/1427 1608/1790/1426 1609/2741/2313
f 1161/2742/1572 1126/1945/1576 1136/1854/1490
f 1178/2040/1664 1167/2072/1693 1168/2094/1712
f 1179/2743/2314 1185/2062/1685 1188/2061/1684
f 1053/1819/1455 1061/1846/1482 1054/1778/1414
f 1631/2481/2070 1645/2480/2069 1426/2745/2316
f 1225/2746/2317 1633/2464/2056 1638/2466/2058
f 1449/2747/2318 1639/2461/2053 1636/2463/2055
f 1223/2748/2319 1635/2458/2050 1637/2460/2052
f 1632/2453/2046 1641/2452/2045 1427/2749/2320
f 1640/2446/2039 1634/2445/2038 1413/2750/2321
f 1224/2751/2322 1643/2386/1986 1642/2388/1988
f 1646/2354/1958 1644/2353/1957 1415/2752/2323
f 1467/2753/2324 1647/2735/2307 1661/2737/2309
f 1605/2721/2294 1475/2720/2293 1649/2722/2295
f 1604/2655/2235 1603/2654/2234 1655/2754/2325
f 1576/2715/2288 1473/2714/2287 1651/2755/2326
f 1648/2708/2282 1657/2710/2284 1581/2553/2140
f 1469/2757/2328 1656/2698/2272 1650/2700/2274
f 1577/2718/2291 1474/2717/2290 1659/2758/2329
f 1568/2759/2330 1662/2647/2227 1660/2649/2229
o prop_garage_canister.002
v 0.161739 1.127254 -2.671675
v 0.167922 1.092055 -2.683460
v 0.158771 1.091964 -2.769149
v 0.173555 1.115216 -2.779772
v 0.177676 1.117558 -2.684348
v 0.161513 1.305890 -2.670442
v 0.129148 1.399414 -2.670978
v 0.129806 1.411875 -2.680684
v 0.161556 1.305659 -2.663917
v 0.127205 1.397650 -2.663697
v 0.159381 1.109897 -2.663875
v 0.160645 1.127749 -2.664566
v 0.086742 1.462382 -2.504602
v 0.086914 1.446236 -2.494612
v 0.177358 1.307386 -2.651056
v 0.085325 1.465791 -2.586960
v 0.177919 1.124190 -2.651505
v 0.084518 1.464831 -2.633913
v 0.084385 1.460452 -2.641621
v 0.176089 1.095206 -2.488196
v 0.159250 1.115557 -2.397052
v 0.179095 1.113930 -2.484156
v 0.177436 1.307474 -2.489340
v 0.174099 1.328141 -2.491280
v 0.151464 1.353456 -2.438831
v 0.140455 1.357960 -2.428827
v 0.119033 1.412181 -2.483503
v 0.129614 1.412516 -2.508371
v 0.133224 1.414551 -2.534612
v 0.133222 1.412652 -2.652808
v 0.083958 1.439206 -2.666484
v 0.086119 1.463511 -2.540843
v 0.086243 1.460164 -2.533588
v 0.086404 1.440046 -2.524276
v 0.083975 1.470862 -2.665445
v 0.086154 1.483659 -2.538777
v 0.084466 1.420178 -2.636951
v 0.105373 1.416964 -2.529899
v 0.086265 1.419469 -2.532336
v 0.086389 1.426085 -2.525111
v 0.095921 1.478889 -2.658647
v 0.097277 1.482548 -2.646356
v 0.097310 1.484384 -2.589951
v 0.098263 1.480709 -2.535870
v 0.085275 1.486845 -2.589892
v 0.084192 1.484858 -2.652835
v 0.084044 1.480542 -2.661450
v 0.096631 1.467416 -2.662454
v 0.102735 1.465043 -2.653438
v 0.102498 1.473351 -2.650607
v 0.102707 1.476372 -2.639468
v 0.104004 1.476008 -2.590218
v 0.104274 1.475852 -2.537996
v 0.098628 1.474976 -2.519598
v 0.116677 1.417169 -2.513847
v 0.104660 1.471564 -2.523038
v 0.106937 1.459719 -2.516523
v 0.109156 1.445267 -2.508724
v 0.110837 1.431472 -2.507305
v 0.101999 1.427390 -2.523992
v 0.100567 1.442190 -2.524007
v 0.099189 1.453612 -2.527691
v 0.104248 1.464155 -2.529645
v 0.104595 1.469360 -2.540932
v 0.102880 1.470144 -2.590482
v 0.101356 1.468403 -2.629210
v 0.100558 1.466473 -2.637792
v 0.084339 1.453510 -2.644319
v 0.100126 1.460228 -2.643885
v 0.107043 1.418944 -2.639181
v 0.100204 1.442219 -2.644877
v 0.107666 1.419680 -2.655820
v 0.103486 1.441747 -2.653665
v 0.099446 1.412517 -2.664012
v 0.096253 1.439764 -2.664221
v 0.106843 1.430077 -2.489161
v 0.084341 1.438723 -2.644185
v 0.086362 1.451673 -2.526725
v 0.087087 1.430351 -2.484522
v 0.103750 1.446138 -2.498668
v 0.101964 1.461452 -2.508443
v 0.086524 1.476046 -2.517283
v 0.143069 1.316537 -2.396892
v 0.150924 1.115737 -2.392620
v 0.135080 1.332590 -2.400901
v 0.112051 1.415896 -2.478488
v 0.131294 1.413206 -2.703141
v 0.168515 1.329593 -2.779548
v 0.159552 1.109489 -2.671438
v 0.173474 1.323992 -2.654747
v 0.176383 1.096741 -2.649300
v 0.153331 1.292123 -2.395760
v 0.163012 1.318584 -2.414310
v 0.156705 1.339448 -2.422611
v 0.161077 1.292272 -2.401242
v 0.161638 1.097093 -2.416874
v 0.155287 1.093049 -2.416687
v 0.170319 1.089436 -2.488475
v 0.170217 1.090946 -2.650942
v 0.172979 1.323137 -2.679753
v 0.176653 1.308894 -2.683670
v 0.168722 1.095679 -2.766749
v 0.174879 1.100155 -2.684292
v 0.165792 1.318115 -2.786881
v 0.172670 1.319067 -2.781618
v 0.167705 1.114136 -2.786404
v 0.088146 1.361057 -2.422986
v 0.088609 1.331670 -2.396075
v 0.088715 1.316439 -2.389893
v 0.088748 1.293038 -2.387978
v 0.088712 1.115976 -2.390093
v 0.088282 1.092040 -2.415050
v 0.087019 1.087369 -2.488482
v 0.084232 1.090596 -2.650505
v 0.084017 1.108709 -2.663032
v 0.083902 1.108169 -2.669729
v 0.083725 1.091406 -2.680013
v 0.082205 1.091768 -2.768378
v 0.081902 1.113934 -2.785959
v 0.081902 1.319322 -2.785993
v 0.081979 1.329310 -2.781527
v 0.083334 1.414394 -2.702724
v 0.083738 1.413179 -2.679218
v 0.083907 1.399751 -2.669419
v 0.084022 1.399571 -2.662734
v 0.084037 1.412579 -2.661870
v 0.087220 1.417012 -2.476807
v 0.153141 1.102238 -2.402549
v 0.160480 1.104170 -2.404858
v 0.088533 1.101853 -2.400466
v 0.171082 1.103068 -2.776542
v 0.163181 1.100671 -2.781058
v 0.081997 1.100472 -2.780451
v 0.006044 1.127254 -2.668998
v -0.000541 1.092055 -2.680562
v 0.005658 1.091964 -2.766515
v -0.009484 1.115216 -2.776623
v -0.010320 1.117558 -2.681114
v 0.006312 1.305890 -2.667772
v 0.038640 1.399414 -2.669421
v 0.037648 1.411875 -2.679098
v 0.006493 1.305659 -2.661249
v 0.040831 1.397650 -2.662211
v 0.008668 1.109898 -2.661283
v 0.007381 1.127749 -2.661930
v -0.008857 1.307387 -2.647853
v -0.009433 1.124190 -2.648282
v -0.001988 1.095206 -2.485133
v 0.017976 1.115557 -2.394622
v -0.004853 1.113930 -2.480992
v -0.003374 1.307474 -2.486230
v -0.000105 1.328141 -2.488283
v 0.024320 1.353456 -2.436644
v 0.035667 1.357960 -2.427025
v 0.055196 1.412181 -2.482405
v 0.043766 1.412516 -2.506894
v 0.039256 1.414551 -2.532996
v 0.035192 1.412652 -2.651122
v 0.067252 1.416964 -2.529243
v 0.072271 1.478889 -2.658240
v 0.071339 1.482548 -2.645910
v 0.073246 1.484384 -2.589537
v 0.074153 1.480709 -2.535455
v 0.071430 1.467416 -2.662020
v 0.065640 1.465043 -2.652800
v 0.065974 1.473351 -2.649979
v 0.066148 1.476372 -2.638840
v 0.066546 1.476008 -2.589574
v 0.068072 1.475852 -2.537374
v 0.074347 1.474976 -2.519181
v 0.056507 1.417169 -2.512812
v 0.068201 1.471564 -2.522411
v 0.066149 1.459719 -2.515821
v 0.064199 1.445267 -2.507951
v 0.062568 1.431472 -2.506475
v 0.070827 1.427390 -2.523455
v 0.072258 1.442190 -2.523520
v 0.073508 1.453612 -2.527249
v 0.068385 1.464155 -2.529028
v 0.067650 1.469360 -2.540297
v 0.067660 1.470144 -2.589876
v 0.067851 1.468403 -2.628634
v 0.068354 1.466473 -2.637238
v 0.068575 1.460228 -2.643342
v 0.061825 1.418944 -2.638403
v 0.068464 1.442219 -2.644331
v 0.060630 1.419680 -2.655011
v 0.064881 1.441747 -2.653001
v 0.068563 1.412517 -2.663481
v 0.071747 1.439764 -2.663800
v 0.067184 1.430077 -2.488479
v 0.069948 1.446138 -2.498086
v 0.071396 1.461452 -2.507917
v 0.034153 1.316537 -2.395018
v 0.026450 1.115737 -2.390479
v 0.041999 1.332590 -2.399300
v 0.062347 1.415896 -2.477633
v 0.035388 1.413206 -2.701491
v -0.004439 1.329593 -2.776573
v 0.008237 1.109489 -2.668836
v -0.005102 1.323992 -2.651675
v -0.007823 1.096741 -2.646131
v 0.023935 1.292123 -2.393535
v 0.013623 1.318584 -2.411740
v 0.019641 1.339448 -2.420254
v 0.016006 1.292272 -2.398746
v 0.014907 1.097093 -2.414350
v 0.021261 1.093049 -2.414382
v 0.003769 1.089436 -2.485610
v -0.001717 1.090946 -2.647984
v -0.005467 1.323137 -2.676684
v -0.009275 1.308894 -2.680472
v -0.004205 1.095679 -2.763774
v -0.007523 1.100155 -2.681154
v -0.001969 1.318115 -2.783995
v -0.008662 1.319067 -2.778499
v -0.003865 1.114136 -2.783453
v 0.023891 1.102238 -2.400325
v 0.016478 1.104170 -2.402381
v -0.006901 1.103068 -2.773481
v 0.000840 1.100671 -2.778266
v 0.106041 1.511978 -2.321337
v 0.098065 1.454807 -2.384817
v 0.108705 1.505559 -2.314603
v 0.089764 1.518381 -2.327814
v 0.071283 1.505554 -2.313978
v 0.072890 1.449423 -2.380196
v 0.070492 1.442328 -2.374154
v 0.079818 1.437452 -2.357012
v 0.104915 1.449427 -2.380730
v 0.107518 1.442333 -2.374772
v 0.105137 1.437413 -2.366659
v 0.098573 1.432878 -2.362784
v 0.100876 1.493105 -2.307241
v 0.106476 1.499028 -2.307681
v 0.099550 1.527280 -2.236196
v 0.096034 1.523888 -2.235121
v 0.091321 1.522671 -2.234673
v 0.100840 1.532000 -2.237643
v 0.081703 1.531998 -2.237324
v 0.099116 1.516666 -2.326167
v 0.080473 1.516662 -2.325854
v 0.073717 1.511973 -2.320797
v 0.076498 1.506576 -2.290368
v 0.073748 1.499025 -2.307135
v 0.083046 1.502367 -2.287633
v 0.090215 1.492118 -2.300972
v 0.104294 1.506608 -2.290868
v 0.097816 1.502389 -2.287873
v 0.100458 1.495105 -2.305269
v 0.090320 1.528835 -2.294409
v 0.097574 1.527072 -2.293872
v 0.105359 1.515255 -2.289596
v 0.106053 1.549225 -2.183608
v 0.101810 1.508669 -2.287429
v 0.077578 1.522226 -2.291713
v 0.080124 1.555877 -2.185192
v 0.078289 1.549221 -2.183145
v 0.078965 1.508914 -2.287034
v 0.083511 1.503363 -2.286389
v 0.090488 1.501562 -2.286076
v 0.092242 1.535901 -2.179361
v 0.092100 1.562510 -2.187396
v 0.099037 1.560736 -2.186971
v 0.096411 1.556655 -2.185089
v 0.104147 1.555881 -2.185593
v 0.100813 1.549364 -2.182932
v 0.104236 1.542566 -2.181570
v 0.099671 1.545193 -2.181657
v 0.099177 1.537690 -2.180009
v 0.096511 1.542125 -2.180706
v 0.092167 1.541012 -2.180305
v 0.092194 1.557747 -2.185361
v 0.087872 1.556654 -2.184946
v 0.085182 1.560734 -2.186740
v 0.084708 1.553623 -2.183954
v 0.080178 1.542563 -2.181168
v 0.084736 1.545191 -2.181408
v 0.085289 1.537688 -2.179777
v 0.095936 1.540091 -2.240029
v 0.099609 1.553625 -2.184202
v 0.099492 1.536712 -2.239053
v 0.091220 1.541302 -2.240316
v 0.086518 1.540090 -2.239872
v 0.082999 1.536710 -2.238777
v 0.083549 1.549363 -2.182644
v 0.083043 1.527278 -2.235920
v 0.087929 1.542124 -2.180563
v 0.086595 1.523887 -2.234964
v 0.088533 1.443316 -2.402662
v 0.099123 1.441364 -2.400793
v 0.107161 1.450256 -2.381779
v 0.110117 1.442983 -2.374193
v 0.107207 1.421480 -2.380023
v 0.099574 1.416154 -2.374300
v 0.100108 1.435481 -2.355590
v 0.088755 1.457529 -2.389118
v 0.067914 1.442977 -2.373488
v 0.070639 1.421475 -2.379412
v 0.078462 1.416151 -2.373947
v 0.077927 1.430277 -2.360073
v 0.089357 1.433529 -2.353597
v 0.099340 1.455582 -2.387251
v 0.107381 1.435711 -2.366526
v 0.100321 1.430166 -2.360290
v 0.088773 1.455092 -2.387871
v 0.079597 1.454804 -2.384508
v 0.078240 1.455579 -2.386899
v 0.070610 1.450251 -2.381169
v 0.070881 1.435700 -2.365894
v 0.073147 1.437409 -2.366125
v 0.098774 1.437455 -2.357328
v 0.103213 1.433075 -2.395104
v 0.105569 1.427279 -2.389055
v 0.103421 1.421492 -2.382936
v 0.088563 1.438861 -2.400943
v 0.080190 1.437307 -2.399170
v 0.071970 1.427275 -2.388494
v 0.074325 1.421488 -2.382450
v 0.088977 1.415700 -2.376609
v 0.097345 1.417249 -2.378370
v 0.109904 1.428757 -2.387717
v 0.106947 1.436041 -2.395318
v 0.096992 1.437309 -2.399451
v 0.078013 1.441361 -2.400440
v 0.074120 1.433072 -2.394619
v 0.070379 1.436036 -2.394708
v 0.067682 1.428752 -2.387013
v 0.080554 1.417246 -2.378089
v 0.089053 1.414201 -2.372070
v 0.103078 1.522160 -2.292130
v 0.083086 1.527077 -2.293633
v 0.075463 1.515108 -2.289045
v 0.095537 1.489767 -2.284453
v 0.085429 1.490543 -2.281831
v 0.085459 1.489761 -2.284289
v 0.081515 1.492979 -2.285260
v 0.079072 1.497320 -2.286775
v 0.078122 1.503499 -2.285127
v 0.099566 1.493906 -2.283036
v 0.101848 1.498506 -2.284317
v 0.101829 1.497333 -2.287128
v 0.103084 1.501973 -2.289067
v 0.099441 1.492991 -2.285546
v 0.090506 1.489213 -2.283866
v 0.077750 1.501963 -2.288662
v 0.090475 1.500529 -2.287052
v 0.100102 1.487155 -2.280663
v 0.081027 1.487152 -2.280345
v 0.078555 1.485982 -2.285002
v 0.079847 1.495129 -2.304902
v 0.079387 1.493277 -2.306813
v 0.101748 1.485066 -2.282577
v 0.101760 1.487689 -2.281754
v 0.102419 1.485985 -2.285400
v 0.102423 1.488542 -2.284597
v 0.079332 1.487687 -2.281379
v 0.078573 1.488540 -2.284198
v 0.095649 1.490546 -2.282008
v 0.102839 1.503493 -2.285567
v 0.097416 1.503352 -2.286617
v 0.081474 1.493904 -2.282717
v 0.079148 1.498508 -2.283910
v 0.090546 1.489375 -2.281543
v 0.089353 1.436135 -2.354851
v 0.090201 1.492198 -2.301962
v 0.100090 1.484889 -2.281379
v 0.081016 1.484887 -2.281060
v 0.079319 1.485063 -2.282203
v 0.080070 1.432948 -2.362309
v 0.078544 1.435478 -2.355230
v 0.100088 1.403190 -2.733245
v 0.082951 1.412151 -2.736786
v 0.053306 1.394220 -2.741142
v 0.053878 1.400149 -2.747873
v 0.048536 1.381930 -2.752921
v 0.053497 1.376143 -2.771030
v 0.065272 1.360650 -2.773711
v 0.065566 1.367356 -2.779706
v 0.082291 1.357331 -2.777183
v 0.115923 1.388155 -2.760490
v 0.111265 1.376151 -2.771994
v 0.099416 1.360655 -2.774281
v 0.112054 1.369648 -2.765841
v 0.116825 1.381940 -2.754061
v 0.121690 1.382970 -2.755206
v 0.112445 1.394228 -2.742129
v 0.117391 1.395772 -2.742699
v 0.082245 1.356141 -2.779943
v 0.083070 1.406488 -2.729761
v 0.065947 1.403186 -2.732676
v 0.060219 1.406322 -2.732120
v 0.048386 1.395831 -2.741487
v 0.047994 1.370012 -2.766387
v 0.052917 1.369640 -2.764854
v 0.059492 1.360068 -2.776710
v 0.098048 1.408221 -2.743084
v 0.109043 1.400220 -2.750984
v 0.097289 1.429399 -2.765956
v 0.108018 1.421587 -2.773666
v 0.111823 1.410920 -2.784023
v 0.108694 1.378337 -2.772096
v 0.107679 1.400246 -2.794257
v 0.097450 1.370336 -2.779624
v 0.096703 1.392432 -2.801606
v 0.081831 1.389574 -2.804120
v 0.096196 1.395423 -2.803511
v 0.081796 1.397047 -2.806129
v 0.094668 1.399529 -2.803955
v 0.081854 1.400503 -2.801836
v 0.104169 1.406294 -2.797591
v 0.102295 1.415036 -2.788156
v 0.082204 1.367395 -2.782201
v 0.106822 1.402988 -2.796393
v 0.110832 1.413316 -2.786495
v 0.107150 1.423643 -2.776470
v 0.096763 1.431204 -2.769002
v 0.082508 1.432257 -2.762948
v 0.082898 1.411149 -2.740001
v 0.067636 1.429395 -2.765461
v 0.056659 1.421580 -2.772809
v 0.052157 1.389272 -2.760589
v 0.068059 1.431200 -2.768523
v 0.082455 1.433972 -2.766094
v 0.095176 1.431529 -2.773089
v 0.104462 1.424765 -2.779776
v 0.107755 1.415530 -2.788742
v 0.099712 1.422304 -2.781094
v 0.092406 1.427630 -2.775833
v 0.082381 1.434000 -2.770498
v 0.069508 1.431525 -2.772661
v 0.057433 1.423636 -2.775640
v 0.052516 1.410911 -2.783034
v 0.056322 1.400239 -2.793401
v 0.067052 1.370332 -2.779116
v 0.082339 1.429578 -2.773786
v 0.060008 1.424759 -2.779034
v 0.053423 1.413308 -2.785537
v 0.057105 1.402981 -2.795564
v 0.067051 1.392428 -2.801111
v 0.064712 1.422300 -2.780510
v 0.056422 1.415523 -2.787885
v 0.059715 1.406288 -2.796850
v 0.067491 1.395420 -2.803032
v 0.081800 1.392650 -2.805940
v 0.069001 1.399525 -2.803526
v 0.071809 1.402451 -2.799787
v 0.099329 1.424078 -2.783634
v 0.072258 1.429330 -2.778129
v 0.072187 1.427627 -2.775496
v 0.061898 1.415030 -2.787482
v 0.062345 1.416949 -2.789874
v 0.064494 1.407765 -2.794535
v 0.064956 1.409880 -2.796732
v 0.099469 1.407769 -2.795119
v 0.091986 1.402454 -2.800124
v 0.091596 1.404741 -2.802139
v 0.099577 1.408938 -2.740160
v 0.111645 1.400157 -2.748837
v 0.067654 1.408216 -2.742577
v 0.066225 1.408933 -2.739603
v 0.056407 1.400213 -2.750107
v 0.049219 1.388146 -2.759377
v 0.056061 1.378329 -2.771217
v 0.082191 1.364143 -2.783082
v 0.112945 1.389281 -2.761604
v 0.098917 1.367361 -2.780263
v 0.083150 1.428511 -2.724650
v 0.064906 1.429113 -2.728482
v 0.064915 1.426825 -2.725791
v 0.083018 1.413937 -2.735139
v 0.096568 1.407762 -2.729975
v 0.083084 1.408997 -2.728902
v 0.069282 1.412898 -2.735444
v 0.082996 1.417942 -2.734023
v 0.097748 1.416398 -2.736425
v 0.097175 1.394979 -2.714802
v 0.101337 1.426830 -2.726398
v 0.098153 1.408686 -2.729994
v 0.096657 1.412902 -2.735901
v 0.101256 1.429118 -2.729089
v 0.083108 1.430651 -2.727121
v 0.082971 1.421827 -2.735580
v 0.097719 1.420308 -2.736672
v 0.099268 1.419191 -2.733382
v 0.096809 1.360331 -2.786727
v 0.082114 1.358930 -2.787742
v 0.095932 1.357004 -2.779043
v 0.098932 1.409884 -2.797299
v 0.090572 1.437022 -2.834894
v 0.097296 1.441936 -2.830262
v 0.101768 1.416955 -2.790532
v 0.099702 1.448534 -2.823941
v 0.097254 1.455017 -2.817637
v 0.092246 1.429333 -2.778462
v 0.081833 1.402876 -2.803764
v 0.080532 1.476030 -2.880297
v 0.089004 1.477865 -2.878913
v 0.086137 1.517588 -2.923763
v 0.079267 1.534660 -2.954895
v 0.086142 1.536306 -2.954048
v 0.084949 1.555054 -2.984220
v 0.089490 1.559140 -2.982345
v 0.091032 1.540651 -2.951606
v 0.091171 1.564707 -2.979716
v 0.092735 1.546455 -2.948250
v 0.090881 1.552143 -2.944916
v 0.085070 1.574321 -2.975028
v 0.092443 1.520936 -2.921617
v 0.094969 1.482620 -2.874991
v 0.096974 1.488898 -2.869718
v 0.093954 1.526858 -2.917538
v 0.091760 1.532421 -2.913654
v 0.094670 1.494970 -2.864555
v 0.088811 1.499322 -2.860782
v 0.086702 1.536303 -2.910897
v 0.086032 1.556245 -2.942444
v 0.079485 1.557739 -2.941477
v 0.078932 1.575809 -2.974217
v 0.072770 1.574320 -2.974822
v 0.072910 1.556243 -2.942225
v 0.067983 1.552140 -2.944533
v 0.068226 1.570259 -2.976684
v 0.066021 1.546451 -2.947804
v 0.066519 1.564704 -2.979306
v 0.067614 1.540648 -2.951215
v 0.068114 1.559137 -2.981990
v 0.072423 1.536304 -2.953819
v 0.072594 1.555052 -2.984015
v 0.073452 1.517586 -2.923551
v 0.079851 1.516078 -2.924703
v 0.072110 1.477863 -2.878631
v 0.072039 1.437020 -2.834585
v 0.081276 1.435189 -2.836504
v 0.072129 1.404738 -2.801814
v 0.065470 1.441931 -2.829731
v 0.063273 1.448528 -2.823333
v 0.065009 1.424073 -2.783062
v 0.065927 1.455012 -2.817114
v 0.072650 1.459712 -2.812679
v 0.082228 1.431294 -2.776399
v 0.081693 1.461433 -2.811168
v 0.090681 1.459715 -2.812980
v 0.080876 1.500917 -2.859303
v 0.072897 1.499320 -2.860517
v 0.066917 1.494966 -2.864092
v 0.064445 1.488894 -2.869174
v 0.066277 1.482616 -2.874512
v 0.067219 1.520932 -2.921196
v 0.065842 1.526854 -2.917069
v 0.068161 1.532418 -2.913260
v 0.073306 1.536301 -2.910674
v 0.080020 1.537719 -2.909803
v 0.086929 1.549344 -2.943161
v 0.083781 1.552112 -2.941561
v 0.079495 1.553120 -2.940927
v 0.070792 1.545536 -2.945015
v 0.071926 1.541727 -2.947166
v 0.075072 1.538957 -2.948762
v 0.079358 1.537949 -2.949398
v 0.083662 1.538958 -2.948906
v 0.086412 1.564834 -2.980142
v 0.089551 1.570261 -2.977039
v 0.075042 1.570935 -2.977207
v 0.072268 1.568348 -2.978325
v 0.078760 1.553556 -2.984832
v 0.082472 1.558865 -2.982735
v 0.085298 1.561354 -2.981675
v 0.086858 1.541729 -2.947415
v 0.088061 1.545538 -2.945303
v 0.085467 1.568356 -2.978542
v 0.082724 1.570941 -2.977331
v 0.078946 1.571901 -2.976836
v 0.075191 1.552111 -2.941418
v 0.071993 1.549342 -2.942913
v 0.071277 1.564830 -2.979891
v 0.072340 1.561357 -2.981457
v 0.075124 1.558869 -2.982610
v 0.078858 1.557990 -2.983062
v 0.105886 1.406302 -2.732815
v 0.105643 1.392053 -2.717980
v 0.116788 1.382203 -2.728004
v 0.116974 1.370085 -2.767473
v 0.116210 1.357210 -2.752119
v 0.105144 1.360009 -2.777437
v 0.096057 1.357137 -2.779782
v 0.083378 1.399498 -2.711593
v 0.098519 1.414392 -2.732815
v 0.098227 1.397172 -2.712430
v 0.068512 1.397168 -2.711934
v 0.060841 1.391993 -2.717279
v 0.049466 1.382228 -2.726854
v 0.097728 1.341379 -2.767036
v 0.082456 1.339303 -2.767735
v 0.120765 1.369687 -2.740157
v 0.105030 1.346901 -2.761751
v 0.096558 1.343743 -2.764726
v 0.083010 1.415530 -2.731582
v 0.098435 1.417415 -2.732498
v 0.083051 1.418903 -2.730719
v 0.083017 1.421077 -2.732187
v 0.066753 1.419186 -2.732838
v 0.067620 1.417411 -2.731981
v 0.082132 1.362164 -2.785667
v 0.095952 1.362916 -2.784295
v 0.067525 1.414392 -2.732291
v 0.069276 1.408857 -2.729414
v 0.069573 1.407759 -2.729525
v 0.068173 1.416396 -2.735932
v 0.068192 1.420304 -2.736179
v 0.068398 1.362912 -2.783835
v 0.067460 1.360328 -2.786238
v 0.067665 1.357368 -2.778923
v 0.068461 1.343740 -2.764257
v 0.067215 1.341374 -2.766527
v 0.068596 1.357000 -2.778587
v 0.069484 1.394976 -2.714341
v 0.043647 1.382957 -2.753903
v 0.045079 1.369703 -2.738862
v 0.049231 1.357206 -2.750998
v 0.060026 1.346940 -2.760953
v 0.070805 1.401454 -2.453649
v 0.087935 1.410558 -2.450463
v 0.117593 1.392833 -2.445405
v 0.117017 1.399021 -2.438913
v 0.122371 1.381018 -2.433152
v 0.117413 1.375944 -2.414831
v 0.105649 1.360560 -2.411543
v 0.105350 1.367496 -2.405816
v 0.088632 1.357368 -2.407943
v 0.054979 1.387490 -2.425834
v 0.059646 1.375951 -2.413867
v 0.071504 1.360564 -2.410973
v 0.058861 1.369210 -2.419760
v 0.054081 1.381026 -2.432013
v 0.049227 1.382087 -2.430902
v 0.058454 1.392839 -2.444418
v 0.053568 1.394460 -2.443972
v 0.088678 1.356287 -2.405138
v 0.087820 1.404623 -2.457259
v 0.104946 1.401451 -2.454217
v 0.110665 1.404544 -2.454908
v 0.122487 1.394449 -2.445121
v 0.122917 1.369639 -2.419231
v 0.117997 1.369203 -2.420747
v 0.111432 1.360106 -2.408514
v 0.072841 1.406868 -2.444015
v 0.061852 1.399177 -2.435806
v 0.073572 1.428944 -2.422010
v 0.062838 1.421427 -2.413992
v 0.059036 1.411163 -2.403214
v 0.062214 1.378140 -2.413851
v 0.063192 1.400893 -2.392559
v 0.073464 1.370449 -2.406014
v 0.074183 1.393374 -2.384902
v 0.089070 1.390625 -2.382276
v 0.074699 1.396453 -2.383130
v 0.089100 1.398191 -2.380580
v 0.076226 1.400577 -2.382849
v 0.089015 1.401495 -2.384995
v 0.066720 1.407080 -2.389473
v 0.068596 1.415480 -2.399247
v 0.088712 1.367621 -2.403324
v 0.064066 1.403726 -2.390540
v 0.060050 1.413655 -2.400838
v 0.063725 1.423584 -2.411263
v 0.074108 1.430854 -2.419023
v 0.088364 1.431694 -2.425131
v 0.087989 1.409683 -2.447210
v 0.103251 1.428940 -2.422505
v 0.114243 1.421421 -2.414850
v 0.118744 1.388653 -2.425779
v 0.102816 1.430851 -2.419502
v 0.088416 1.433516 -2.422038
v 0.075697 1.431339 -2.414948
v 0.066416 1.424838 -2.408001
v 0.063129 1.415960 -2.398679
v 0.071185 1.422462 -2.406584
v 0.078473 1.427565 -2.412034
v 0.088490 1.433715 -2.417635
v 0.101364 1.431336 -2.415376
v 0.113448 1.423578 -2.412092
v 0.118397 1.411156 -2.404204
v 0.114595 1.400887 -2.393416
v 0.103862 1.370445 -2.406522
v 0.088535 1.429437 -2.414156
v 0.110870 1.424832 -2.408742
v 0.117465 1.413649 -2.401796
v 0.113790 1.403720 -2.391370
v 0.103862 1.393370 -2.385397
v 0.106150 1.422456 -2.407169
v 0.114461 1.415953 -2.399536
v 0.111175 1.407075 -2.390215
v 0.103407 1.396450 -2.383609
v 0.089099 1.393787 -2.380594
v 0.101893 1.400573 -2.383278
v 0.099080 1.403367 -2.387118
v 0.098665 1.427570 -2.412380
v 0.108979 1.415473 -2.399922
v 0.106401 1.408488 -2.392589
v 0.071413 1.408494 -2.392004
v 0.078889 1.403378 -2.386790
v 0.071312 1.407469 -2.446965
v 0.059249 1.399027 -2.437950
v 0.103234 1.406865 -2.444522
v 0.104664 1.407465 -2.447521
v 0.114488 1.399171 -2.436683
v 0.121683 1.387482 -2.426947
v 0.114848 1.378134 -2.414729
v 0.088728 1.364407 -2.402316
v 0.057956 1.388660 -2.424765
v 0.071999 1.367500 -2.405259
v 0.087726 1.426429 -2.463232
v 0.105970 1.427193 -2.459426
v 0.105962 1.424801 -2.462026
v 0.087867 1.412278 -2.452178
v 0.074322 1.405896 -2.457095
v 0.087804 1.407097 -2.458217
v 0.101604 1.411260 -2.451830
v 0.087887 1.416236 -2.453450
v 0.073136 1.414779 -2.450986
v 0.073809 1.395960 -2.466756
v 0.069539 1.424805 -2.461418
v 0.073999 1.406962 -2.457270
v 0.074228 1.411263 -2.451373
v 0.069620 1.427198 -2.458820
v 0.087766 1.428664 -2.460847
v 0.087909 1.420180 -2.452048
v 0.073162 1.418694 -2.450897
v 0.071604 1.417469 -2.454084
v 0.074101 1.360736 -2.398515
v 0.088808 1.359379 -2.397430
v 0.074991 1.357105 -2.406072
v 0.065066 1.404551 -2.454148
v 0.065269 1.393049 -2.463467
v 0.054214 1.383734 -2.453096
v 0.053981 1.369647 -2.418076
v 0.054795 1.359661 -2.428006
v 0.065827 1.360109 -2.407756
v 0.074870 1.356914 -2.405263
v 0.087602 1.400339 -2.470187
v 0.072421 1.412710 -2.454746
v 0.072754 1.398038 -2.469230
v 0.102473 1.398034 -2.469726
v 0.110144 1.393043 -2.464215
v 0.121535 1.383725 -2.454218
v 0.073292 1.344446 -2.412463
v 0.088565 1.342397 -2.411696
v 0.050235 1.371681 -2.440475
v 0.065918 1.349794 -2.418009
v 0.074460 1.346697 -2.414885
v 0.087893 1.413718 -2.455451
v 0.072448 1.415639 -2.454953
v 0.087831 1.417067 -2.456790
v 0.087863 1.419297 -2.455409
v 0.104141 1.417470 -2.454614
v 0.103263 1.415636 -2.455470
v 0.088755 1.362530 -2.399655
v 0.074967 1.363219 -2.401056
v 0.103295 1.412713 -2.455277
v 0.101633 1.407015 -2.457718
v 0.101316 1.405893 -2.457546
v 0.102711 1.414779 -2.451479
v 0.102689 1.418691 -2.451390
v 0.102521 1.363216 -2.401515
v 0.103471 1.360734 -2.399005
v 0.102479 1.357190 -2.405867
v 0.102557 1.346693 -2.415354
v 0.103804 1.344443 -2.412972
v 0.102327 1.357102 -2.406528
v 0.101500 1.395958 -2.467217
v 0.127243 1.382073 -2.432206
v 0.125926 1.371670 -2.441737
v 0.121778 1.359651 -2.429123
v 0.110990 1.349788 -2.418761
v 0.097074 1.429168 -2.408004
v 0.097650 1.428539 -2.409610
v 0.104473 1.423918 -2.404839
v 0.103576 1.424816 -2.403524
v 0.103925 1.412796 -2.390877
v 0.104723 1.411270 -2.391518
v 0.088748 1.406713 -2.384233
v 0.088855 1.404902 -2.384583
v 0.088410 1.430214 -2.411246
v 0.088336 1.430728 -2.409509
v 0.107057 1.417599 -2.398216
v 0.106090 1.418826 -2.397255
v 0.098057 1.406612 -2.386511
v 0.097566 1.408323 -2.386064
v 0.079742 1.429115 -2.407672
v 0.079277 1.428504 -2.409310
v 0.072657 1.423884 -2.404357
v 0.073498 1.424773 -2.403005
v 0.071226 1.418802 -2.396684
v 0.070288 1.417548 -2.397647
v 0.073600 1.412789 -2.390397
v 0.072853 1.411217 -2.391015
v 0.080008 1.408364 -2.385838
v 0.079651 1.406594 -2.386239
v 0.120598 1.389584 -2.748756
v 0.111766 1.364652 -2.772741
v 0.053005 1.364614 -2.771781
v 0.111821 1.387449 -2.722730
v 0.053570 1.401339 -2.736368
v 0.046182 1.363242 -2.745120
v 0.054483 1.387348 -2.721869
v 0.053953 1.351819 -2.756227
v 0.044757 1.376233 -2.760360
v 0.112361 1.401324 -2.737378
v 0.111245 1.351755 -2.757252
v 0.046131 1.376259 -2.732574
v 0.044959 1.389633 -2.747436
v 0.119457 1.363267 -2.746330
v 0.119929 1.376179 -2.733894
v 0.120382 1.376305 -2.761564
v 0.050329 1.388511 -2.437676
v 0.059170 1.364459 -2.412640
v 0.117918 1.364452 -2.413623
v 0.059062 1.388641 -2.458452
v 0.117300 1.399739 -2.450449
v 0.124826 1.365458 -2.435230
v 0.116513 1.388633 -2.459409
v 0.117059 1.354471 -2.423687
v 0.126140 1.375619 -2.425499
v 0.058581 1.399747 -2.449470
v 0.059691 1.354479 -2.422730
v 0.124870 1.377969 -2.448277
v 0.125924 1.388497 -2.438937
v 0.051548 1.365469 -2.434009
v 0.051076 1.377979 -2.447048
v 0.050549 1.375631 -2.424235
vn 0.9953 0.0209 0.0947
vn 0.7710 -0.0100 0.6368
vn 0.9951 -0.0140 0.0979
vn 0.0169 0.1819 0.9832
vn 0.2154 0.5895 0.7785
vn 0.0137 0.6023 0.7982
vn 0.9975 0.0194 0.0681
vn 0.9956 -0.0062 -0.0940
vn 0.9958 0.0210 -0.0889
vn 0.0001 -1.0000 0.0065
vn 0.0776 -0.9846 0.1565
vn 0.0025 -0.9891 0.1472
vn 0.1992 -0.6248 0.7550
vn -0.0172 -0.0259 -0.9995
vn 0.0569 0.0255 -0.9981
vn 0.0580 -0.0264 -0.9980
vn 0.9539 -0.2776 -0.1137
vn 0.0524 -0.6217 -0.7815
vn 0.9046 0.2822 0.3195
vn 0.9250 0.3777 0.0416
vn 0.1896 -0.6374 -0.7469
vn 0.9588 -0.2665 -0.0985
vn 0.0744 -0.9908 -0.1132
vn 0.9221 0.3745 -0.0973
vn 0.7646 0.0904 -0.6382
vn 0.6568 -0.5509 -0.5150
vn -0.0018 -0.9947 -0.1026
vn 0.5646 -0.8202 -0.0920
vn 0.9545 0.1260 -0.2703
vn 0.5758 -0.1561 0.8025
vn 0.5361 0.2097 0.8177
vn 0.3006 0.7077 0.6394
vn 0.7789 0.4925 0.3882
vn 0.8829 -0.4652 -0.0640
vn 0.0733 -0.9840 0.1626
vn 0.0669 -0.9937 -0.0895
vn 0.7671 0.0854 0.6358
vn 0.9089 0.3901 0.1476
vn 0.9472 0.2954 0.1243
vn 0.4434 0.5606 0.6994
vn 0.9909 0.1323 -0.0227
vn 0.5295 0.6744 -0.5146
vn 0.9948 0.0235 -0.0994
vn 0.9021 -0.4183 0.1056
vn 0.5803 -0.0521 -0.8127
vn 0.5974 -0.2796 -0.7516
vn 0.9334 -0.2215 0.2823
vn 0.0664 -0.7208 0.6900
vn 0.9947 -0.0153 -0.1017
vn 0.8339 0.5142 0.2002
vn 0.5741 0.4033 -0.7126
vn 0.9977 -0.0066 0.0673
vn 0.9632 -0.0100 0.2687
vn 0.9059 -0.3583 0.2256
vn 0.9616 0.0203 0.2737
vn 0.9553 -0.2906 0.0550
vn 0.4691 0.7468 -0.4714
vn 0.0777 -0.9969 0.0097
vn 0.5987 0.8008 -0.0163
vn 0.6427 0.6924 0.3281
vn 0.7750 0.6020 0.1924
vn 0.6674 0.5489 -0.5033
vn 0.2344 0.1686 -0.9574
vn 0.2668 0.7095 0.6522
vn 0.1827 0.9795 0.0850
vn -0.0009 0.9988 -0.0493
vn 0.1613 0.9861 -0.0404
vn 0.5469 0.3417 -0.7643
vn -0.0171 -0.0938 -0.9954
vn 0.6507 -0.6157 0.4444
vn 0.9470 0.3182 -0.0452
vn 0.5353 -0.8430 0.0531
vn 0.5537 0.4868 0.6757
vn 0.5850 0.5732 -0.5738
vn -0.0014 0.9965 -0.0839
vn 0.4680 0.8803 -0.0775
vn 0.4501 0.8930 0.0054
vn 0.9211 0.3891 -0.0111
vn 0.8272 0.5614 0.0225
vn -0.0172 -0.0220 -0.9996
vn 0.5359 0.1139 -0.8366
vn 0.4456 0.0273 -0.8948
vn 0.9761 0.1374 -0.1686
vn 0.5238 -0.8517 -0.0155
vn 0.9724 0.0367 -0.2305
vn 0.7724 -0.0102 -0.6350
vn -0.0163 0.3231 -0.9462
vn 0.8182 0.5636 -0.1138
vn 0.0030 0.9832 0.1825
vn 0.0168 -0.2058 0.9784
vn 0.0105 -0.7947 0.6069
vn 0.0014 -0.9966 0.0826
vn -0.0001 -1.0000 -0.0055
vn -0.0115 -0.7455 -0.6664
vn -0.0161 -0.3576 -0.9337
vn 0.9316 0.3447 -0.1155
vn 0.5092 0.4862 0.7102
vn 0.5938 0.5161 0.6172
vn 0.0145 0.5382 0.8427
vn 0.0143 0.5552 0.8316
vn 0.0137 0.6029 0.7977
vn 0.9812 0.1485 -0.1233
vn 0.0024 0.9901 0.1400
vn 0.4211 0.9005 0.1083
vn 0.9008 0.4331 0.0315
vn 0.0096 0.8311 0.5561
vn 0.3713 0.7827 0.4995
vn 0.2748 0.2559 0.9268
vn 0.1544 0.0220 0.9878
vn -0.0170 0.1313 -0.9912
vn -0.0123 0.7011 -0.7130
vn 0.0002 0.9999 0.0135
vn 0.0124 0.6930 0.7208
vn 0.0127 0.6748 0.7379
vn -0.0132 0.6427 -0.7660
vn 0.0111 0.7641 0.6450
vn 0.0067 0.9193 0.3935
vn -0.0114 0.7483 -0.6633
vn 0.7995 0.5563 0.2267
vn -0.0130 0.6572 -0.7536
vn 0.0029 -0.9854 0.1701
vn -0.0015 -0.9961 -0.0878
vn 0.0119 -0.7102 0.7039
vn -0.0021 -0.9934 -0.1145
vn 0.0172 -0.0511 0.9985
vn 0.1361 -0.0483 0.9895
vn 0.0172 0.0123 0.9998
vn -0.0172 -0.0608 -0.9980
vn 0.0118 -0.7256 0.6880
vn -0.0136 -0.6109 -0.7916
vn -0.7485 -0.0100 0.6630
vn -0.9914 0.0209 0.1290
vn -0.9911 -0.0139 0.1320
vn -0.1884 0.5896 0.7854
vn -0.9946 0.0194 0.1024
vn -0.9982 -0.0061 -0.0597
vn -0.9948 -0.0065 0.1016
vn -0.0721 -0.9846 0.1590
vn -0.1730 -0.6248 0.7614
vn -0.8980 -0.4182 0.1366
vn -0.0911 0.0256 -0.9955
vn -0.0172 0.0265 -0.9995
vn -0.9573 -0.2777 -0.0808
vn -0.0922 -0.0263 -0.9954
vn -0.0792 -0.6217 -0.7792
vn -0.8931 0.2822 0.3504
vn -0.9516 0.0203 0.3066
vn -0.2153 -0.6373 -0.7399
vn -0.0783 -0.9908 -0.1105
vn -0.9616 -0.2664 -0.0656
vn -0.9249 0.3746 -0.0654
vn -0.7860 0.0904 -0.6115
vn -0.9983 0.0210 -0.0546
vn -0.6741 -0.5509 -0.4921
vn -0.9632 0.1260 -0.2374
vn -0.5479 -0.1560 0.8219
vn -0.9797 0.0367 -0.1970
vn -0.2783 0.7077 0.6494
vn -0.7651 0.4925 0.4147
vn -0.8846 -0.4652 -0.0337
vn -0.0676 -0.9839 0.1652
vn -0.7448 0.0854 0.6617
vn -0.9033 0.3900 0.1788
vn -0.9424 0.2954 0.1568
vn -0.4192 0.5606 0.7142
vn -0.3539 0.7827 0.5119
vn -0.5469 0.6744 -0.4961
vn -0.9976 0.0234 -0.0652
vn -0.6079 -0.0521 -0.7923
vn -0.9911 0.1323 0.0115
vn -0.6230 -0.2795 -0.7306
vn -0.9231 -0.2214 0.3144
vn -0.0426 -0.7208 0.6918
vn -0.9230 0.3777 0.0733
vn -0.9976 -0.0154 -0.0674
vn -0.8266 0.5142 0.2288
vn -0.5982 0.4034 -0.6924
vn -0.8976 -0.3582 0.2567
vn -0.9533 -0.0100 0.3017
vn -0.9528 -0.2906 0.0878
vn -0.4851 0.7467 -0.4550
vn -0.0773 -0.9969 0.0124
vn -0.5989 0.8008 0.0043
vn -0.6311 0.6923 0.3500
vn -0.2442 0.7095 0.6610
vn -0.6842 0.5489 -0.4801
vn -0.2673 0.1687 -0.9487
vn -0.7679 0.6020 0.2190
vn -0.1797 0.9795 0.0913
vn -0.1626 0.9861 -0.0349
vn -0.5729 0.3417 -0.7450
vn -0.9350 0.3446 -0.0834
vn -0.9479 0.3182 -0.0126
vn -0.6351 -0.6157 0.4665
vn -0.5331 -0.8430 0.0714
vn -0.5301 0.4868 0.6943
vn -0.7912 0.5562 0.2540
vn -0.6043 0.5732 -0.5534
vn -0.4704 0.8803 -0.0614
vn -0.4495 0.8930 0.0209
vn -0.9210 0.3891 0.0200
vn -0.8260 0.5614 0.0510
vn -0.8216 0.5637 -0.0855
vn -0.5643 0.1139 -0.8177
vn -0.9813 0.1374 -0.1350
vn -0.5241 -0.8516 0.0025
vn -0.4762 0.0273 -0.8789
vn -0.7938 -0.0102 -0.6081
vn -0.5077 0.2097 0.8356
vn 0.0169 0.1810 0.9833
vn -0.5673 -0.8203 -0.0726
vn -0.9849 0.1485 -0.0894
vn -0.4845 0.4862 0.7273
vn -0.5723 0.5161 0.6373
vn -0.4171 0.9005 0.1227
vn -0.8992 0.4331 0.0624
vn -0.2427 0.2559 0.9357
vn -0.1203 0.0221 0.9925
vn -0.0699 -0.9937 -0.0871
vn -0.0117 -0.7315 -0.6818
vn -0.1020 -0.0483 0.9936
vn -0.0108 0.7761 -0.6305
vn 0.4824 0.5985 -0.6396
vn -0.0123 0.6884 -0.7252
vn -0.1389 0.8654 0.4815
vn -0.7559 0.6539 0.0330
vn -0.4426 0.8717 -0.2105
vn -0.7914 -0.5756 0.2061
vn -0.9410 -0.2979 0.1606
vn -0.7910 -0.5760 0.2061
vn -0.9998 -0.0000 0.0174
vn -0.8681 -0.3417 0.3599
vn -0.9998 -0.0001 0.0173
vn 0.0083 0.8917 0.4525
vn 0.4247 0.8847 -0.1921
vn 0.1523 0.8620 0.4836
vn -0.5105 0.5974 -0.6185
vn -0.0122 0.6898 -0.7239
vn -0.5105 0.5973 -0.6186
vn 0.8351 -0.3883 0.3897
vn 0.9989 0.0036 0.0473
vn 0.8165 -0.5055 0.2788
vn 0.1113 0.6911 0.7142
vn -0.0265 0.7211 0.6923
vn 0.1117 0.6900 0.7151
vn -0.9970 0.0610 -0.0468
vn -0.8693 -0.2977 -0.3947
vn -0.8692 -0.2978 -0.3948
vn 0.5066 0.6818 0.5278
vn 0.8670 0.4200 0.2682
vn 0.8671 0.4199 0.2681
vn 0.9949 0.0615 -0.0801
vn 0.8556 -0.2974 -0.4236
vn -0.8676 0.3993 -0.2963
vn -0.4859 0.8367 -0.2528
vn -0.5061 0.6750 -0.5370
vn 0.8689 -0.4801 0.1209
vn 0.9995 -0.0040 -0.0324
vn 0.9995 -0.0046 -0.0322
vn 0.8509 -0.5042 0.1474
vn 0.8480 0.5059 -0.1581
vn 0.9995 0.0295 -0.0089
vn 0.8570 0.4001 -0.3247
vn -0.8569 -0.3696 0.3594
vn -0.4737 -0.6080 0.6371
vn -0.4504 -0.5948 0.6659
vn -0.8642 -0.3574 0.3542
vn -0.6465 -0.5961 0.4761
vn -0.4998 -0.8280 0.2541
vn 0.0034 -0.9580 0.2866
vn -0.4986 -0.8287 0.2542
vn -0.2283 -0.4002 -0.8875
vn -0.3833 -0.5074 -0.7717
vn -0.3836 -0.5074 -0.7716
vn 0.0107 0.7664 0.6423
vn -0.0466 0.7867 0.6156
vn -0.0485 0.7869 0.6152
vn 0.3624 -0.8023 -0.4744
vn 0.2077 -0.9101 -0.3585
vn 0.3625 -0.8022 -0.4744
vn 0.8646 0.4688 -0.1808
vn 0.5003 0.8172 -0.2863
vn 0.4997 0.8175 -0.2863
vn -0.9979 0.0389 0.0510
vn -0.8587 -0.2577 0.4430
vn -0.8593 -0.3041 0.4112
vn 0.4796 0.8356 -0.2681
vn -0.0051 0.9541 -0.2996
vn 0.4884 0.8304 -0.2680
vn 0.8674 0.3342 -0.3686
vn 0.9995 0.0086 -0.0296
vn -0.8539 0.5041 -0.1296
vn -0.9993 0.0264 0.0248
vn -0.9965 -0.0028 0.0836
vn -0.8794 0.3339 -0.3395
vn -1.0000 0.0080 0.0039
vn 0.0101 -0.6859 0.7276
vn 0.4710 -0.6144 0.6330
vn 0.2508 -0.6356 0.7301
vn 0.9462 -0.2970 0.1285
vn 0.9744 -0.0377 0.2217
vn 0.9731 -0.0320 0.2283
vn -0.2267 -0.6492 0.7261
vn -0.4557 -0.6149 0.6436
vn -0.5039 0.5982 -0.6231
vn 0.8766 -0.3539 0.3262
vn 0.4973 -0.6042 0.6226
vn 0.6723 -0.5792 0.4611
vn -0.8060 -0.5048 0.3090
vn -0.8222 -0.3930 0.4117
vn 0.4717 -0.5907 0.6547
vn 0.0109 -0.6798 0.7333
vn -0.8524 -0.1520 0.5002
vn -0.9983 0.0560 0.0136
vn -0.9981 0.0590 0.0190
vn -0.0050 0.9532 -0.3024
vn 0.0159 0.2920 0.9563
vn 0.0160 0.2917 0.9564
vn 0.0159 0.2908 0.9567
vn 0.0159 0.2892 0.9571
vn 0.0160 0.2906 0.9567
vn 0.0160 0.2891 0.9572
vn 0.0159 0.2884 0.9574
vn 0.4888 0.6748 -0.5529
vn -0.0394 0.3811 0.9237
vn 0.0151 0.3943 0.9189
vn -0.0403 0.3812 0.9236
vn 0.4399 -0.7699 0.4622
vn 0.8689 -0.3675 0.3316
vn 0.0086 -0.8796 0.4756
vn 0.4816 -0.7695 0.4195
vn 0.0093 -0.8796 0.4756
vn -0.4941 0.8321 -0.2519
vn -0.8457 -0.5040 0.1755
vn -0.9982 -0.0472 0.0375
vn -0.5078 -0.8178 0.2708
vn 0.0052 -0.9519 0.3065
vn -0.5164 -0.8131 0.2686
vn 0.5055 -0.8294 0.2376
vn 0.8699 -0.4783 0.1203
vn 0.8557 0.4909 -0.1638
vn 0.9991 -0.0420 0.0023
vn 0.5237 -0.8138 0.2519
vn 0.5158 -0.8181 0.2541
vn 0.8985 0.3150 -0.3057
vn -0.0984 0.2872 0.9528
vn -0.0814 0.2327 0.9691
vn -0.0809 0.2322 0.9693
vn -0.0383 0.1947 0.9801
vn 0.0158 0.1818 0.9832
vn -0.0384 0.1945 0.9802
vn 0.0703 0.3813 0.9218
vn 0.0157 0.3941 0.9189
vn 0.0709 0.3812 0.9218
vn 0.1133 0.3429 0.9325
vn 0.1138 0.3424 0.9326
vn 0.1301 0.2872 0.9490
vn 0.1301 0.2876 0.9489
vn 0.5069 -0.8287 0.2373
vn 0.8650 0.4681 -0.1806
vn -0.0035 0.9475 -0.3196
vn -0.0041 0.9475 -0.3196
vn -0.8652 -0.4787 0.1495
vn -0.8647 -0.4794 0.1495
vn -1.0000 -0.0048 0.0011
vn -1.0000 -0.0051 0.0012
vn -0.5086 0.8176 -0.2697
vn -0.8704 0.4684 -0.1519
vn -0.5078 0.8181 -0.2698
vn 0.0361 -0.3006 0.9531
vn 0.8687 -0.1511 0.4717
vn 0.8687 -0.1522 0.4714
vn 0.8598 0.3452 -0.3762
vn 0.9999 0.0005 -0.0154
vn 0.9999 0.0006 -0.0153
vn -0.8721 0.3448 -0.3473
vn -0.8721 0.3448 -0.3472
vn 0.0088 -0.6989 0.7152
vn -0.4719 -0.6153 0.6314
vn 0.4893 0.5976 -0.6351
vn 0.8598 0.3453 -0.3762
vn 0.4923 -0.6156 0.6154
vn 0.8793 -0.3410 0.3326
vn -0.4320 -0.8739 0.2228
vn -0.4371 -0.8718 0.2212
vn 0.9068 -0.3047 0.2914
vn 0.9155 -0.3089 0.2577
vn 0.9068 -0.3047 0.2913
vn 0.1426 0.5983 0.7885
vn -0.0974 0.6848 0.7222
vn -0.1359 0.5865 0.7985
vn 0.0669 0.7867 0.6137
vn 0.0688 0.7869 0.6132
vn 0.0406 0.7388 0.6727
vn 0.0398 0.7385 0.6731
vn -0.0255 0.7218 0.6916
vn -0.0183 0.7388 0.6737
vn -0.8738 0.3666 -0.3194
vn -0.8739 0.3666 -0.3194
vn 0.8799 -0.3402 0.3318
vn 0.0035 -0.9816 0.1910
vn 0.0505 0.7215 0.6906
vn -0.0969 0.6860 0.7211
vn -0.9369 0.0840 0.3394
vn -0.9661 -0.0407 0.2551
vn -0.9369 0.0841 0.3394
vn -0.0044 -0.9627 -0.2704
vn 0.0068 -0.9473 -0.3201
vn -0.0196 -0.9478 -0.3182
vn 0.7980 -0.5752 0.1797
vn 0.9458 -0.2979 0.1292
vn 0.9944 0.0898 0.0551
vn 0.8576 0.3852 -0.3407
vn 0.9989 0.0423 0.0198
vn -0.0044 -0.9628 -0.2703
vn -0.0024 -0.9888 -0.1493
vn -0.0024 -0.9889 -0.1487
vn 0.0709 0.1947 0.9783
vn 0.1137 0.2324 0.9660
vn 0.0707 0.1946 0.9783
vn 0.0494 0.7222 0.6899
vn -0.2742 0.6897 0.6702
vn -0.7220 0.0936 0.6856
vn -0.8559 0.3677 0.3636
vn 0.5083 -0.5082 0.6952
vn 0.0111 -0.6478 0.7617
vn 0.0074 -0.6013 0.7990
vn 0.4399 -0.8736 0.2080
vn 0.0036 -0.9816 0.1909
vn -0.1205 0.5290 0.8400
vn 0.0149 -0.1504 0.9885
vn -0.4019 -0.0940 0.9108
vn 0.2513 0.7888 0.5610
vn 0.8345 0.4063 0.3721
vn 0.2840 0.6933 0.6623
vn 0.7199 0.1343 0.6809
vn 0.2449 0.6017 0.7602
vn -0.2283 0.5954 0.7703
vn -0.0051 -0.9496 -0.3135
vn -0.2193 -0.9102 -0.3514
vn -0.3778 -0.8024 -0.4619
vn -0.2195 -0.9101 -0.3515
vn -0.4382 -0.6548 -0.6158
vn -0.3780 -0.8023 -0.4620
vn -0.0155 -0.3608 -0.9325
vn -0.0156 -0.3606 -0.9326
vn 0.2079 -0.9100 -0.3586
vn 0.1988 -0.3998 -0.8948
vn 0.3576 -0.5072 -0.7841
vn 0.1989 -0.4004 -0.8945
vn 0.4176 -0.6546 -0.6302
vn 0.3576 -0.5069 -0.7843
vn 0.4176 -0.6546 -0.6301
vn 0.0151 0.5087 0.8608
vn 0.4221 -0.0667 0.9041
vn 0.0164 0.1816 0.9832
vn 0.0159 0.2880 0.9575
vn 0.0160 0.2881 0.9575
vn 0.7977 -0.5756 0.1798
vn -0.9413 -0.2972 0.1599
vn -0.9675 -0.0466 0.2485
vn -0.1895 0.2867 0.9391
vn -0.1172 0.3193 0.9404
vn -0.1513 0.3077 0.9394
vn 0.1011 -0.2681 -0.9581
vn 0.2038 -0.2991 -0.9322
vn 0.2038 -0.2904 -0.9349
vn -0.0154 -0.2710 -0.9624
vn -0.0155 -0.2571 -0.9663
vn -0.0647 -0.2619 -0.9629
vn -0.1878 -0.2869 -0.9394
vn -0.1311 -0.2702 -0.9538
vn -0.2334 -0.3050 -0.9233
vn -0.0747 -0.2553 -0.9640
vn -0.0079 0.9563 -0.2923
vn 0.9981 0.0587 -0.0190
vn 0.1878 0.3078 0.9327
vn 0.1521 0.3180 0.9358
vn 0.2256 0.2838 0.9320
vn -0.0043 -0.3007 0.9537
vn -0.8525 -0.1532 0.4998
vn -0.9933 0.1150 -0.0117
vn -0.9933 0.1149 -0.0117
vn 0.0415 0.9647 0.2601
vn 0.0054 0.9613 0.2755
vn 0.1557 0.9385 0.3083
vn -0.0099 -0.9464 -0.3229
vn -0.0700 -0.9499 -0.3047
vn -0.0325 0.9648 0.2611
vn 0.0055 0.9438 0.3305
vn 0.0054 0.9439 0.3301
vn -0.0108 0.3437 0.9390
vn 0.0161 0.3446 0.9386
vn 0.0161 0.3486 0.9371
vn 0.0430 0.3440 0.9380
vn 0.0859 0.3387 0.9370
vn -0.4663 -0.7705 0.4346
vn -0.2334 -0.2987 -0.9254
vn 0.0341 -0.2621 -0.9644
vn 0.1601 -0.2861 -0.9447
vn 0.2252 0.2923 0.9294
vn -0.0522 0.3383 0.9396
vn 0.0052 -0.9519 0.3064
vn -0.4238 -0.7757 0.4676
vn -0.1889 0.2990 0.9354
vn 0.9425 0.1015 0.3183
vn 0.0141 0.5649 0.8250
vn 0.0907 0.5631 0.8214
vn -0.0828 0.3423 0.9359
vn -0.0822 0.3429 0.9358
vn 0.9922 0.1170 -0.0442
vn 0.9981 0.0603 -0.0146
vn 0.9921 0.1170 -0.0442
vn -0.1431 0.9393 0.3118
vn -0.0044 -0.3012 0.9535
vn 0.0364 -0.3007 0.9530
vn -0.8615 0.4896 -0.1344
vn 0.0449 -0.2554 -0.9658
vn 0.1139 0.2327 0.9659
vn -0.0122 0.6899 -0.7238
vn -0.0631 0.5635 0.8237
vn 0.0468 -0.9479 -0.3152
vn -0.0147 0.4874 -0.8731
vn -0.0147 0.4867 -0.8734
vn -0.0146 0.4878 -0.8728
vn 0.8714 -0.2527 0.4205
vn 0.8721 -0.3021 0.3850
vn -0.8709 0.4675 -0.1516
vn 0.0089 -0.6799 0.7333
vn 0.5066 0.6816 0.5279
vn 0.0104 0.7777 0.6285
vn 0.0104 0.7777 0.6286
vn -0.4890 0.6815 0.5445
vn 0.2394 0.7165 -0.6552
vn 0.2391 0.6722 -0.7007
vn 0.2122 0.7672 -0.6053
vn -0.0051 0.9549 -0.2969
vn -0.2464 0.9085 -0.3375
vn -0.0052 0.9547 -0.2974
vn -0.2316 0.7659 -0.5998
vn -0.2363 0.7572 -0.6089
vn -0.2055 0.8040 -0.5579
vn 0.1591 0.4759 -0.8650
vn 0.1860 0.4055 -0.8950
vn 0.1032 0.4479 -0.8881
vn -0.1089 0.4686 -0.8767
vn -0.0147 0.4812 -0.8765
vn -0.2351 0.5751 -0.7836
vn -0.2393 0.5846 -0.7753
vn -0.2624 0.6253 -0.7349
vn -0.1796 0.8428 -0.5073
vn -0.2108 0.8769 -0.4321
vn -0.1256 0.8663 -0.4835
vn -0.0089 0.8513 -0.5246
vn 0.0107 0.7464 0.6654
vn -0.4901 0.6395 0.5923
vn 0.0112 0.7360 0.6769
vn -0.0166 0.3530 -0.9355
vn -0.1898 0.4318 -0.8818
vn -0.2122 0.3925 -0.8949
vn -0.4043 0.6388 -0.6546
vn -0.3165 0.5242 -0.7906
vn -0.3613 0.6502 -0.6683
vn -0.8715 -0.3326 -0.3603
vn -0.4435 -0.1777 -0.8785
vn -0.5102 -0.5958 -0.6203
vn -0.9996 0.0268 -0.0115
vn -0.7537 0.0478 -0.6555
vn -0.7444 0.6651 -0.0599
vn -0.8640 0.3564 -0.3557
vn 0.8596 -0.3432 -0.3786
vn 0.4894 -0.5955 -0.6370
vn 0.8590 -0.3324 -0.3894
vn 0.8704 0.3872 0.3042
vn 0.9993 0.0168 -0.0338
vn 0.9986 0.0277 -0.0447
vn 0.4312 0.8915 0.1388
vn 0.5092 0.6502 0.5639
vn 0.0036 0.9741 0.2259
vn -0.1829 0.8684 -0.4608
vn -0.4263 0.8915 0.1534
vn 0.3386 0.6504 -0.6799
vn 0.7317 0.0485 -0.6800
vn 0.2897 0.5243 -0.8007
vn -0.3123 0.7763 -0.5475
vn -0.0854 0.5320 -0.8424
vn -0.1245 0.4792 -0.8688
vn -0.0850 0.5321 -0.8424
vn -0.0153 0.3980 -0.9173
vn 0.1840 0.3934 -0.9008
vn 0.1602 0.4320 -0.8875
vn 0.5750 -0.6259 -0.5269
vn 0.4164 -0.6860 -0.5966
vn 0.4164 -0.6860 -0.5967
vn 0.2936 0.7764 -0.5577
vn 0.1671 0.8685 -0.4667
vn -0.4901 0.6500 0.5807
vn 0.5094 0.6398 0.5755
vn -0.0161 -0.2604 -0.9654
vn -0.0123 -0.6921 -0.7217
vn 0.3303 0.7816 -0.5291
vn 0.7413 0.6659 -0.0843
vn 0.4140 -0.1775 -0.8928
vn -0.3491 0.7803 -0.5189
vn -0.4650 0.4761 0.7464
vn -0.8381 0.2137 0.5019
vn -0.9762 -0.1401 0.1657
vn 0.0307 0.5661 0.8237
vn -0.2087 0.8817 -0.4231
vn -0.0087 0.9211 -0.3891
vn 0.4976 0.4736 0.7267
vn 0.8668 0.1981 0.4577
vn -0.3545 0.4985 -0.7911
vn -0.8521 -0.4931 -0.1755
vn -0.5000 -0.7523 -0.4291
vn 0.2379 0.6251 -0.7434
vn 0.2094 0.5733 -0.7921
vn 0.4694 0.6092 -0.6392
vn 0.4027 0.4361 -0.8048
vn 0.4025 0.4359 -0.8050
vn 0.2347 0.9086 -0.3456
vn 0.2348 0.9085 -0.3456
vn 0.4079 0.7821 -0.4712
vn -0.4237 0.7819 -0.4573
vn -0.4238 0.7817 -0.4575
vn -0.4905 0.6091 -0.6232
vn -0.4905 0.6090 -0.6233
vn -0.4294 0.4360 -0.7909
vn -0.4292 0.4357 -0.7911
vn -0.2556 0.3086 -0.9162
vn -0.2558 0.3088 -0.9161
vn -0.0162 0.2624 -0.9648
vn -0.0161 0.2622 -0.9649
vn -0.0088 -0.8863 -0.4631
vn 0.4973 -0.7671 -0.4052
vn -0.0091 -0.8863 -0.4631
vn 0.0144 -0.4719 0.8815
vn 0.0344 -0.6929 0.7202
vn 0.1151 -0.5091 0.8529
vn 0.0101 0.7898 0.6133
vn -0.4865 0.6682 0.5630
vn 0.0103 0.7663 0.6424
vn -0.0104 -0.7692 -0.6390
vn 0.0960 -0.4768 -0.8738
vn -0.0158 -0.5073 -0.8616
vn 0.4919 0.7207 0.4885
vn 0.8577 0.4541 0.2412
vn 0.4965 0.7521 0.4335
vn -0.1253 -0.4770 -0.8699
vn -0.0164 -0.0788 -0.9968
vn -0.1226 -0.0761 -0.9895
vn 0.1198 0.1521 0.9811
vn 0.0169 0.1461 0.9891
vn 0.0157 0.4935 -0.8696
vn -0.0141 0.5295 -0.8482
vn 0.0106 0.7709 0.6369
vn -0.0303 0.6534 0.7564
vn -0.1094 0.7652 0.6344
vn -0.0124 0.6736 -0.7390
vn -0.0448 0.4935 -0.8686
vn 0.9755 -0.1820 -0.1232
vn 0.9301 -0.2625 -0.2570
vn 0.9534 -0.1706 -0.2488
vn 0.0107 0.7595 0.6504
vn 0.1325 0.7539 0.6435
vn -0.0102 -0.6930 0.7209
vn 0.0121 -0.6931 0.7207
vn -0.9564 -0.1274 -0.2626
vn -0.9625 -0.0632 -0.2639
vn -0.9559 -0.1307 -0.2631
vn 0.9532 -0.0631 -0.2956
vn 0.9471 -0.1267 -0.2947
vn 0.9466 -0.1297 -0.2952
vn 0.0197 0.6140 -0.7891
vn -0.0133 0.6147 -0.7887
vn -0.0133 0.6143 -0.7890
vn 0.9676 0.1904 0.1659
vn 0.9357 0.2764 0.2191
vn 0.9942 0.0571 0.0911
vn 0.0555 0.6531 0.7553
vn 0.1303 0.7654 0.6302
vn -0.0116 -0.7163 -0.6977
vn 0.1221 -0.7098 -0.6937
vn -0.0115 -0.7163 -0.6977
vn -0.0462 0.6140 -0.7879
vn -0.0461 0.6141 -0.7879
vn -0.9782 -0.1563 -0.1366
vn -0.9508 -0.1717 -0.2580
vn -0.9242 -0.2763 -0.2638
vn -0.8549 0.4009 0.3293
vn -0.9995 0.0324 0.0011
vn -0.8778 -0.3412 -0.3362
vn -0.5183 -0.6180 -0.5911
vn 0.5045 0.6686 0.5464
vn -0.5006 -0.6398 -0.5831
vn -0.0084 -0.7889 -0.6145
vn -0.0106 -0.7355 -0.6774
vn -0.4897 0.7440 0.4546
vn 0.0063 0.8595 0.5111
vn 0.0070 0.8595 0.5110
vn 0.4959 0.6924 0.5241
vn -0.8665 -0.4205 -0.2690
vn -0.5129 -0.7283 -0.4545
vn -0.4913 -0.7400 -0.4594
vn -0.9993 0.0363 0.0116
vn -0.8752 -0.4084 -0.2594
vn 0.4978 -0.7280 -0.4714
vn 0.8573 -0.4199 -0.2979
vn 0.4765 -0.7394 -0.4756
vn 0.8514 0.4453 0.2771
vn -0.8726 -0.3579 -0.3325
vn -0.8577 0.4284 0.2843
vn -0.9990 -0.0073 0.0433
vn -0.9990 -0.0068 0.0435
vn 0.9712 0.1573 0.1790
vn -0.9983 0.0555 0.0178
vn -0.8457 0.4243 0.3237
vn -0.9987 0.0485 0.0132
vn -0.8419 0.4449 0.3054
vn -0.4785 0.6920 0.5405
vn -0.4755 0.7205 0.5048
vn -0.8496 0.4533 0.2697
vn -0.4818 0.7521 0.4497
vn 0.0084 0.8608 0.5089
vn 0.5011 0.7631 0.4081
vn 0.0080 0.8755 0.4831
vn 0.8638 0.4535 0.2196
vn 0.9991 0.0252 -0.0351
vn 0.9991 0.0369 -0.0219
vn -0.9997 0.0245 -0.0017
vn 0.8655 -0.4442 -0.2316
vn 0.9999 -0.0062 0.0105
vn 0.8657 -0.4438 -0.2315
vn 0.4817 -0.6394 -0.5993
vn 0.4563 -0.6963 -0.5541
vn -0.0082 -0.8492 -0.5280
vn -0.4874 0.7629 0.4247
vn 0.1244 0.6733 0.7289
vn 0.0121 0.6775 0.7355
vn 0.0124 0.6775 0.7355
vn 0.8427 -0.4967 -0.2076
vn 0.9989 0.0330 -0.0323
vn 0.9814 -0.1304 0.1408
vn 0.0094 0.8208 0.5712
vn 0.4792 -0.7549 -0.4477
vn 0.8662 -0.3407 -0.3654
vn -0.4731 -0.6970 -0.5389
vn -0.9169 -0.3251 -0.2313
vn -0.8884 -0.3808 -0.2563
vn 0.8652 0.4014 0.3005
vn 0.9986 0.0491 -0.0202
vn -0.4892 0.7442 0.4547
vn -0.8579 0.4281 0.2843
vn 0.8613 -0.3573 -0.3614
vn 0.8492 -0.3976 -0.3474
vn -0.8602 -0.3981 -0.3188
vn 0.9983 0.0561 -0.0157
vn 0.8559 0.4248 0.2951
vn -0.0088 -0.8462 -0.5328
vn -0.0115 -0.7211 -0.6928
vn 0.4976 -0.6183 -0.6084
vn -0.0146 0.4874 -0.8731
vn -0.0146 0.4873 -0.8731
vn -0.0146 0.4879 -0.8728
vn 0.9988 -0.0449 0.0187
vn 0.9652 -0.2241 -0.1351
vn 0.9652 -0.2239 -0.1351
vn -0.0146 0.4876 -0.8729
vn -0.1246 0.4787 -0.8691
vn -0.1211 0.4227 -0.8981
vn -0.0141 0.5539 -0.8325
vn -0.0146 0.4878 -0.8729
vn 0.0956 0.4794 -0.8724
vn 0.0575 0.5319 -0.8448
vn 0.0571 0.5323 -0.8446
vn 0.0583 0.3849 -0.9211
vn 0.0910 0.4219 -0.9021
vn 0.0914 0.4227 -0.9016
vn -0.0134 0.5538 -0.8325
vn -0.0156 0.3675 -0.9299
vn -0.0486 0.3698 -0.9278
vn -0.0152 0.3675 -0.9299
vn 0.8668 0.4282 0.2555
vn 0.5025 0.7449 0.4388
vn 0.8666 0.4286 0.2557
vn 0.9999 -0.0067 0.0103
vn -0.8725 -0.4445 -0.2028
vn -0.5108 -0.7669 -0.3885
vn -0.5114 -0.7666 -0.3883
vn -0.8723 -0.4449 -0.2029
vn -0.1070 -0.7654 -0.6345
vn -0.8716 -0.3437 -0.3497
vn -0.5101 -0.6068 -0.6096
vn -0.0095 -0.8495 -0.5274
vn -0.9667 0.1447 0.2110
vn -0.9976 -0.0446 0.0524
vn -0.9666 0.1451 0.2113
vn 0.0182 0.3699 -0.9289
vn -0.8562 0.4530 0.2485
vn 0.4084 0.7818 -0.4711
vn -0.5090 -0.5603 -0.6535
vn -0.0125 -0.6560 -0.7547
vn -0.0125 -0.6559 -0.7547
vn 0.4872 -0.5599 -0.6702
vn 0.0190 0.3699 -0.9289
vn 0.0574 0.3843 -0.9214
vn 0.3279 0.4986 -0.8024
vn -0.5090 -0.5601 -0.6536
vn -0.0118 -0.7031 -0.7110
vn -0.8577 0.4196 0.2971
vn -0.4889 0.6815 0.5445
vn -0.8579 0.4195 0.2967
vn -0.8782 0.3770 0.2944
vn -0.9606 0.2160 0.1749
vn -0.8784 0.3767 0.2943
vn -0.9999 0.0162 -0.0003
vn -0.8600 0.3866 0.3332
vn 0.4870 -0.5601 -0.6702
vn 0.1874 0.8065 -0.5607
vn 0.1627 0.8391 -0.5191
vn 0.2248 0.3088 -0.9242
vn 0.2250 0.3094 -0.9240
vn -0.1791 0.4955 -0.8500
vn -0.1959 0.4472 -0.8727
vn -0.2100 0.5094 -0.8345
vn -0.0877 0.3845 -0.9189
vn -0.0497 0.3702 -0.9276
vn -0.0887 0.3851 -0.9186
vn 0.1883 0.8836 -0.4287
vn -0.0073 0.9022 -0.4313
vn 0.3820 0.6419 -0.6649
vn -0.2623 0.6721 -0.6924
vn -0.2623 0.6721 -0.6925
vn -0.2610 0.7163 -0.6472
vn 0.1836 0.5271 -0.8297
vn -0.2105 0.5308 -0.8210
vn -0.1206 0.4218 -0.8986
vn 0.5031 0.7446 0.4387
vn -0.1000 0.6731 0.7328
vn 0.0134 0.6230 0.7821
vn -0.8601 0.3762 0.3446
vn 0.9415 -0.1709 -0.2906
vn 0.9408 -0.1745 -0.2907
vn 0.5943 0.5762 0.5610
vn 0.7830 0.4388 0.4408
vn 0.7820 0.4396 0.4419
vn 0.1987 0.8679 -0.4553
vn 0.0862 0.8613 -0.5007
vn 0.0894 -0.0758 -0.9931
vn 0.8662 -0.4079 -0.2885
vn 0.8835 -0.3789 -0.2754
vn 0.7742 -0.4978 -0.3909
vn 0.7736 -0.4982 -0.3915
vn 0.0957 0.4788 -0.8727
vn -0.4071 0.6589 0.6326
vn -0.5659 0.5846 0.5814
vn -0.7651 0.4411 0.4690
vn -0.8800 0.3134 0.3569
vn -0.7663 0.4403 0.4679
vn -0.9690 -0.2244 -0.1029
vn -0.8918 -0.3798 -0.2459
vn -0.9690 -0.2246 -0.1029
vn -0.7849 -0.4995 -0.3667
vn -0.5944 -0.6240 -0.5072
vn -0.7855 -0.4990 -0.3660
vn -0.4370 -0.6848 -0.5832
vn 0.4971 -0.7672 -0.4053
vn 0.4421 0.6475 0.6208
vn 0.5923 0.5772 0.5622
vn -0.0870 0.1527 0.9844
vn -0.9500 -0.1752 -0.2585
vn -0.1112 0.7538 0.6476
vn -0.1450 -0.7099 -0.6892
vn -0.1449 -0.7099 -0.6892
vn 0.8913 0.3138 0.3274
vn 0.9732 0.1449 0.1788
vn 0.9733 0.1445 0.1785
vn -0.9763 0.1492 0.1570
vn -0.9627 0.2061 0.1752
vn 0.8584 -0.3074 -0.4106
vn 0.9970 0.0634 0.0444
vn 0.8695 -0.2814 0.4061
vn 0.8693 -0.2815 0.4062
vn -0.5071 0.6602 -0.5541
vn -0.8673 0.4085 -0.2846
vn -0.8673 0.4084 -0.2845
vn -0.9949 0.0639 0.0777
vn -0.8554 -0.2810 0.4350
vn -0.5071 0.6601 -0.5542
vn -0.0109 0.7523 -0.6587
vn -0.0109 0.7525 -0.6585
vn 0.4886 0.6600 -0.5706
vn -0.2399 0.7416 0.6265
vn -0.2397 0.6989 0.6738
vn -0.2128 0.7904 0.5744
vn 0.0045 0.9658 0.2593
vn 0.2455 0.9214 0.3014
vn 0.2458 0.9212 0.3016
vn 0.2320 0.7903 0.5672
vn 0.2363 0.7821 0.5766
vn 0.2058 0.8279 0.5217
vn -0.1581 0.5109 0.8450
vn -0.1839 0.4428 0.8775
vn -0.1024 0.4835 0.8693
vn 0.1301 0.4863 0.8640
vn 0.0144 0.5154 0.8568
vn 0.2354 0.6043 0.7612
vn 0.2394 0.6133 0.7527
vn 0.2625 0.6535 0.7100
vn 0.2103 0.8398 0.5005
vn 0.1274 0.8745 0.4679
vn 0.1765 0.8537 0.4900
vn 0.0083 0.8712 0.4908
vn 0.0083 0.8713 0.4907
vn -0.0111 0.7214 -0.6925
vn 0.4896 0.6155 -0.6176
vn -0.0117 0.7083 -0.7059
vn 0.0150 0.4324 0.9016
vn 0.1478 0.5352 0.8317
vn 0.3622 0.6760 0.6418
vn 0.8716 -0.3159 0.3748
vn 0.4428 -0.1397 0.8857
vn 0.5106 -0.5687 0.6449
vn 0.9995 0.0296 0.0121
vn 0.7522 0.0767 0.6545
vn 0.7424 0.6690 0.0363
vn 0.8621 0.3728 0.3434
vn -0.8594 -0.3292 0.3913
vn -0.4890 -0.5685 0.6616
vn -0.8586 -0.3156 0.4039
vn -0.8705 0.3761 -0.3175
vn -0.9993 0.0168 0.0325
vn -0.9985 0.0306 0.0452
vn -0.4309 0.8861 -0.1708
vn -0.5096 0.6288 -0.5873
vn -0.0042 0.9654 -0.2607
vn 0.1829 0.8864 0.4252
vn 0.4249 0.8861 -0.1851
vn -0.3405 0.6760 0.6535
vn -0.7301 0.0774 0.6789
vn -0.2914 0.5543 0.7797
vn 0.3129 0.7976 0.5157
vn 0.3174 0.5542 0.7695
vn -0.1612 0.4652 0.8704
vn -0.4314 -0.6240 0.6516
vn -0.5823 -0.5737 0.5760
vn -0.4314 -0.6240 0.6515
vn -0.2954 0.7976 0.5259
vn -0.1685 0.8865 0.4310
vn 0.4896 0.6287 -0.6041
vn -0.5098 0.6158 -0.6008
vn 0.0162 -0.2189 0.9756
vn 0.0128 -0.6613 0.7500
vn -0.7402 0.6696 0.0607
vn 0.1901 0.4650 0.8647
vn -0.4130 -0.1394 0.9000
vn -0.4900 -0.5555 0.6718
vn 0.5100 -0.5554 0.6568
vn -0.5094 0.6334 -0.5826
vn -0.0176 0.7603 -0.6494
vn -0.5072 0.6668 -0.5460
vn -0.8636 0.4198 -0.2793
vn -0.8697 0.3821 -0.3124
vn 0.8502 0.4295 -0.3043
vn 0.4872 0.6350 -0.5995
vn -0.2385 0.6535 0.7183
vn -0.2097 0.6044 0.7686
vn -0.4697 0.6336 0.6147
vn -0.4030 0.4672 0.7869
vn -0.4028 0.4669 0.7872
vn -0.2353 0.9213 0.3097
vn 0.0044 0.9657 0.2597
vn -0.4086 0.7996 0.4401
vn 0.4233 0.7995 0.4262
vn 0.4234 0.7994 0.4264
vn 0.4903 0.6333 0.5988
vn 0.4291 0.4672 0.7731
vn 0.4291 0.4666 0.7734
vn 0.2554 0.3446 0.9033
vn 0.2556 0.3451 0.9031
vn 0.0160 0.2999 0.9538
vn -0.0138 -0.5042 -0.8635
vn -0.0324 -0.7231 -0.6900
vn -0.1128 -0.5375 -0.8357
vn 0.0109 -0.7436 0.6685
vn -0.0960 -0.4423 0.8917
vn 0.0162 -0.4732 0.8808
vn 0.1258 -0.4426 0.8878
vn 0.0165 -0.0392 0.9991
vn 0.1228 -0.0369 0.9917
vn -0.1111 0.1111 -0.9876
vn -0.0169 0.1026 -0.9946
vn -0.0161 0.5274 0.8494
vn 0.0137 0.5625 0.8267
vn -0.0117 0.7202 -0.6937
vn 0.0286 0.5748 -0.8178
vn 0.0928 0.7160 -0.6919
vn 0.0120 0.7021 0.7119
vn 0.0446 0.5276 0.8483
vn -0.8973 -0.3039 0.3202
vn -0.9058 -0.3093 0.2896
vn -0.9695 -0.1610 0.1846
vn -0.0112 0.7333 -0.6798
vn -0.1330 0.7278 -0.6727
vn -0.1330 0.7278 -0.6728
vn 0.0094 -0.7226 -0.6912
vn -0.0115 -0.7230 -0.6907
vn 0.9555 -0.1172 0.2707
vn 0.9621 -0.0481 0.2684
vn 0.9551 -0.1201 0.2708
vn -0.9527 -0.0482 0.3001
vn -0.9461 -0.1163 0.3023
vn -0.9457 -0.1193 0.3023
vn -0.0200 0.6475 0.7618
vn 0.0128 0.6478 0.7617
vn 0.0126 0.6478 0.7617
vn -0.9657 0.1776 -0.1897
vn -0.9354 0.2581 -0.2418
vn -0.9934 0.0518 -0.1023
vn -0.0559 0.5738 -0.8171
vn -0.1159 0.7164 -0.6880
vn 0.0127 -0.6457 0.7635
vn -0.1196 -0.6399 0.7591
vn 0.0127 -0.6456 0.7636
vn 0.0454 0.6475 0.7607
vn 0.9756 -0.1608 0.1496
vn 0.9517 -0.1744 0.2527
vn 0.9314 -0.2615 0.2531
vn -0.9745 0.1348 -0.1795
vn -0.1247 0.6439 -0.7549
vn -0.0127 0.6480 -0.7615
vn -0.0124 0.6480 -0.7615
vn 0.9028 -0.3467 0.2543
vn -0.9645 -0.2249 0.1383
vn -0.9975 -0.0620 -0.0326
vn -0.9646 -0.2247 0.1382
vn 0.1076 -0.7400 0.6640
vn 0.8718 -0.3297 0.3623
vn 0.5104 -0.5826 0.6324
vn 0.9642 0.1110 -0.2408
vn 0.9960 -0.0614 -0.0656
vn 0.9960 -0.0620 -0.0651
vn -0.4087 0.7994 0.4403
vn 0.5094 -0.5338 0.6750
vn 0.0130 -0.6257 0.7800
vn 0.0129 -0.6258 0.7799
vn -0.4868 -0.5335 0.6917
vn 0.5093 -0.5337 0.6751
vn 0.0123 -0.6752 0.7376
vn 0.8574 0.4082 -0.3133
vn 0.4885 0.6600 -0.5708
vn 0.8576 0.4081 -0.3129
vn 0.9636 0.1521 -0.2199
vn 0.9612 0.1750 -0.2131
vn 0.9635 0.1522 -0.2201
vn 0.9999 0.0163 -0.0009
vn 0.8596 0.3756 -0.3463
vn -0.4866 -0.5336 0.6918
vn -0.1881 0.8281 0.5280
vn -0.1650 0.8602 0.4825
vn -0.2250 0.3450 0.9112
vn -0.2252 0.3447 0.9113
vn 0.1856 0.5134 0.8379
vn 0.2114 0.4487 0.8683
vn 0.2151 0.5309 0.8197
vn 0.9970 0.0635 0.0444
vn 0.0066 0.9190 0.3942
vn 0.2622 0.6988 0.6655
vn 0.2622 0.6990 0.6654
vn 0.2608 0.7415 0.6182
vn -0.1836 0.5602 0.8077
vn 0.2107 0.5600 0.8012
vn 0.0998 0.6440 -0.7585
vn -0.0134 0.5268 -0.8499
vn 0.8599 0.3623 -0.3596
vn -0.2422 0.7911 0.5618
vn -0.9427 -0.1727 0.2854
vn -0.9417 -0.1745 0.2877
vn -0.7789 0.3775 -0.5008
vn -0.5876 0.5078 -0.6299
vn -0.7795 0.3769 -0.5004
vn 0.4789 0.6745 -0.5618
vn -0.0130 0.7258 -0.6878
vn -0.2024 0.8876 0.4139
vn -0.1126 0.8819 0.4578
vn -0.9932 0.0803 0.0841
vn -0.4914 -0.5093 0.7065
vn -0.0896 -0.0366 0.9953
vn -0.7727 -0.4680 0.4288
vn -0.8837 -0.3631 0.2952
vn -0.7737 -0.4673 0.4278
vn -0.9047 -0.3349 -0.2634
vn 0.4084 0.5775 -0.7069
vn 0.5643 0.5082 -0.6506
vn 0.5668 0.5071 -0.6493
vn 0.7626 0.3765 -0.5261
vn 0.8765 0.2633 -0.4031
vn 0.8765 0.2635 -0.4030
vn 0.9687 -0.2244 0.1065
vn 0.8929 -0.3632 0.2662
vn 0.8931 -0.3628 0.2658
vn 0.7866 -0.4680 0.4027
vn 0.5956 -0.5735 0.5625
vn 0.7876 -0.4672 0.4017
vn 0.4405 -0.6217 0.6477
vn 0.4404 -0.6217 0.6476
vn -0.4304 0.5786 -0.6928
vn -0.5853 0.5088 -0.6313
vn 0.0783 0.1132 -0.9905
vn 0.9507 -0.1759 0.2552
vn 0.1107 0.7280 -0.6766
vn 0.1447 -0.6400 0.7547
vn -0.9715 0.1114 -0.2094
vn -0.8893 0.2637 -0.3737
vn -0.9715 0.1114 -0.2093
vn 0.9346 0.2423 -0.2603
vn 0.9881 0.0640 -0.1400
vn -0.9213 -0.2619 0.2875
vn 0.7300 0.6814 0.0527
vn 0.0074 0.8933 0.4493
vn 0.9988 -0.0444 0.0191
vn -0.8920 -0.3795 -0.2457
vn -0.9976 -0.0451 0.0521
vn -0.5675 0.5838 0.5806
vn 0.5774 -0.6245 -0.5259
vn 0.8918 0.3129 0.3267
vn -0.8794 0.3143 0.3576
vn 0.8834 -0.3792 -0.2755
vn -0.9976 -0.0617 -0.0329
vn 0.9687 -0.2243 0.1064
vn 0.7621 0.3770 -0.5264
vn -0.5832 -0.5733 0.5756
vn -0.8892 0.2637 -0.3739
vn 0.9641 0.1114 -0.2410
vn -0.8833 -0.3637 0.2957
vn 0.2162 0.7587 -0.6146
vn 0.2392 0.6721 -0.7007
vn -0.2119 0.8245 -0.5247
vn 0.2136 0.5828 -0.7840
vn 0.1952 0.8226 -0.5340
vn 0.1887 0.4951 -0.8481
vn -0.2168 0.7822 0.5841
vn -0.2397 0.6990 0.6737
vn -0.2140 0.6134 0.7602
vn -0.1969 0.8442 0.4985
vn -0.1880 0.5292 0.8274
vn -0.8687 -0.3410 0.3592
vn 0.8556 -0.2976 -0.4236
vn 0.0031 -0.9580 0.2867
vn -0.2285 -0.4001 -0.8875
vn 0.0106 0.7664 0.6423
vn -0.0984 0.2874 0.9528
vn 0.4894 0.5975 -0.6352
vn -0.0175 0.7384 0.6741
vn 0.4448 -0.8716 0.2062
vn 0.0135 0.5650 0.8250
vn -0.0147 0.4871 -0.8732
vn -0.2463 0.9084 -0.3378
vn 0.4897 -0.6065 -0.6263
vn 0.8709 0.3767 0.3155
vn 0.8514 0.3569 -0.3843
vn 0.4694 0.6091 -0.6393
vn 0.0857 -0.7657 -0.6374
vn -0.0858 -0.5092 0.8563
vn -0.0063 0.6736 -0.7391
vn -0.0186 0.6736 -0.7388
vn 0.9357 0.2765 0.2192
vn 0.1220 -0.7098 -0.6937
vn 0.9712 0.1576 0.1790
vn -0.5920 -0.6255 -0.5083
vn 0.7489 -0.4348 -0.5001
vn -0.8553 -0.2810 0.4354
vn 0.2064 0.8749 0.4380
vn -0.4893 -0.5824 0.6491
vn -0.8712 0.3628 -0.3307
vn -0.8499 0.3732 0.3720
vn -0.4696 0.6336 0.6148
vn -0.0853 -0.7403 0.6669
vn 0.0846 -0.5385 -0.8384
vn 0.0058 0.7021 0.7120
vn 0.0181 0.7021 0.7118
vn -0.9527 -0.0482 0.3000
vn -0.9354 0.2580 -0.2418
vn -0.9745 0.1347 -0.1795
vn 0.5962 -0.5731 0.5622
vn 0.9346 0.2423 -0.2604
vn -0.8918 -0.3483 0.2887
vn 0.0074 0.8934 0.4492
vt 0.826468 0.171762
vt 0.552589 0.208746
vt 0.536037 0.176495
vt 0.233759 0.448312
vt 0.221133 0.525116
vt 0.207827 0.454315
vt 0.324813 0.293785
vt 0.058729 0.041053
vt 0.330572 0.062189
vt 0.714943 0.408836
vt 0.599000 0.508679
vt 0.596937 0.406705
vt 0.526103 0.212814
vt 0.411743 0.559711
vt 0.689748 0.708436
vt 0.419046 0.685714
vt 0.394547 0.704790
vt 0.395662 0.680830
vt 0.344248 0.409002
vt 0.356474 0.291333
vt 0.965635 0.556356
vt 0.925683 0.574336
vt 0.924624 0.552528
vt 0.355347 0.058047
vt 0.333062 0.029772
vt 0.120979 0.783671
vt 0.112942 0.754047
vt 0.135369 0.769739
vt 0.098239 0.595858
vt 0.130702 0.619866
vt 0.098065 0.612065
vt 0.169211 0.552631
vt 0.205406 0.571604
vt 0.372806 0.702031
vt 0.251868 0.700444
vt 0.372278 0.675947
vt 0.824995 0.204552
vt 0.847542 0.177491
vt 0.131054 0.798506
vt 0.111187 0.821585
vt 0.108894 0.804656
vt 0.717801 0.715559
vt 0.690047 0.723662
vt 0.249457 0.723569
vt 0.215452 0.699744
vt 0.083767 0.782407
vt 0.102014 0.779917
vt 0.573203 0.522970
vt 0.572724 0.505619
vt 0.242810 0.574347
vt 0.501880 0.043858
vt 0.540365 0.026620
vt 0.853137 0.020829
vt 0.378366 0.397620
vt 0.402398 0.373506
vt 0.417236 0.392110
vt 0.473700 0.024471
vt 0.035782 0.296220
vt 0.033345 0.435900
vt 0.003904 0.402412
vt 0.304096 0.433185
vt 0.003904 0.289647
vt 0.015275 0.041653
vt 0.996004 0.157555
vt 0.702982 0.541337
vt 0.595669 0.523979
vt 0.031931 0.796273
vt 0.017609 0.846858
vt 0.008388 0.803580
vt 0.053104 0.587493
vt 0.004207 0.570484
vt 0.052513 0.564527
vt 0.042659 0.561208
vt 0.040135 0.546407
vt 0.509182 0.310504
vt 0.052055 0.618559
vt 0.065595 0.751095
vt 0.045347 0.766437
vt 0.700431 0.558052
vt 0.061070 0.776954
vt 0.084921 0.763165
vt 0.141812 0.629832
vt 0.160881 0.625108
vt 0.147561 0.643538
vt 0.969514 0.212039
vt 0.557773 0.901222
vt 0.544508 0.921746
vt 0.536449 0.899798
vt 0.178205 0.703318
vt 0.160794 0.701286
vt 0.003912 0.762659
vt 0.505408 0.227931
vt 0.622416 0.912690
vt 0.577428 0.899006
vt 0.618524 0.893897
vt 0.155253 0.606412
vt 0.147332 0.581596
vt 0.169107 0.588763
vt 0.174911 0.612705
vt 0.151364 0.700054
vt 0.099048 0.573438
vt 0.141133 0.601237
vt 0.066776 0.007456
vt 0.072654 0.757850
vt 0.008541 0.597363
vt 0.079303 0.643062
vt 0.110978 0.636090
vt 0.117433 0.639463
vt 0.122316 0.647431
vt 0.127340 0.702698
vt 0.107013 0.760683
vt 0.096686 0.763897
vt 0.057187 0.811107
vt 0.082399 0.832552
vt 0.053806 0.843708
vt 0.268219 0.851590
vt 0.285521 0.887243
vt 0.258135 0.881022
vt 0.313034 0.893645
vt 0.294078 0.862689
vt 0.320108 0.870579
vt 0.081665 0.812767
vt 0.452455 0.893262
vt 0.374901 0.904266
vt 0.372034 0.884467
vt 0.144107 0.776968
vt 0.155756 0.784105
vt 0.340520 0.899332
vt 0.345451 0.880445
vt 0.967339 0.221844
vt 0.824487 0.215148
vt 0.502508 0.269520
vt 0.248579 0.532078
vt 0.289323 0.561623
vt 0.288197 0.540892
vt 0.550737 0.521962
vt 0.553984 0.219014
vt 0.416288 0.707548
vt 0.575798 0.920144
vt 0.559852 0.921479
vt 0.450832 0.912111
vt 0.527637 0.221742
vt 0.039498 0.004044
vt 0.146446 0.472192
vt 0.028470 0.508414
vt 0.681431 0.902327
vt 0.657940 0.883148
vt 0.672676 0.838639
vt 0.984774 0.597812
vt 0.992690 0.664971
vt 0.982036 0.668274
vt 0.959081 0.596813
vt 0.922004 0.593519
vt 0.954828 0.671222
vt 0.915096 0.669488
vt 0.730483 0.576103
vt 0.224357 0.580545
vt 0.363793 0.563076
vt 0.206126 0.701304
vt 0.193356 0.587094
vt 0.961270 0.439669
vt 0.540212 0.409339
vt 0.546448 0.502559
vt 0.269878 0.441050
vt 0.661849 0.905718
vt 0.235638 0.875727
vt 0.568574 0.408022
vt 0.387768 0.561393
vt 1.552589 0.208746
vt 1.826468 0.171762
vt 1.536037 0.176495
vt 1.221133 0.525116
vt 1.233759 0.448312
vt 1.207827 0.454315
vt 1.324813 0.293785
vt 1.058729 0.041053
vt 1.035782 0.296220
vt 1.599000 0.508679
vt 1.714943 0.408836
vt 1.596937 0.406705
vt 1.526103 0.212814
vt 1.505806 0.177855
vt 1.411743 0.559711
vt 1.689749 0.708436
vt 1.700673 0.573462
vt 1.394547 0.704790
vt 1.419046 0.685714
vt 1.395662 0.680830
vt 1.344248 0.409002
vt 1.304096 0.433185
vt 1.965635 0.556356
vt 1.924624 0.552528
vt 1.925683 0.574336
vt 1.355347 0.058047
vt 1.333062 0.029772
vt 1.330572 0.062189
vt 1.120980 0.783671
vt 1.112942 0.754047
vt 1.107013 0.760683
vt 1.098239 0.595858
vt 1.130702 0.619866
vt 1.141133 0.601237
vt 1.169211 0.552631
vt 1.205406 0.571604
vt 1.372806 0.702031
vt 1.251868 0.700444
vt 1.249457 0.723569
vt 1.824995 0.204552
vt 1.847542 0.177491
vt 1.131054 0.798506
vt 1.111187 0.821585
vt 1.139647 0.809427
vt 1.717801 0.715559
vt 1.690047 0.723662
vt 1.215452 0.699744
vt 1.083767 0.782407
vt 1.108894 0.804656
vt 1.102014 0.779917
vt 1.573203 0.522970
vt 1.572724 0.505619
vt 1.242810 0.574347
vt 1.356474 0.291333
vt 1.540365 0.026620
vt 1.521122 0.035239
vt 1.501880 0.043858
vt 1.853137 0.020829
vt 1.378366 0.397620
vt 1.417236 0.392110
vt 1.402398 0.373506
vt 1.473700 0.024471
vt 1.003904 0.402412
vt 1.033345 0.435900
vt 1.003904 0.289647
vt 1.015275 0.041653
vt 1.996004 0.157555
vt 1.595669 0.523979
vt 1.702982 0.541337
vt 1.031931 0.796273
vt 1.017609 0.846858
vt 1.028737 0.856953
vt 1.004207 0.570484
vt 1.053104 0.587493
vt 1.052513 0.564527
vt 1.040135 0.546407
vt 1.042659 0.561208
vt 1.509182 0.310504
vt 1.502508 0.269520
vt 1.065595 0.751095
vt 1.052055 0.618559
vt 1.045347 0.766437
vt 1.700431 0.558052
vt 1.084921 0.763165
vt 1.061070 0.776954
vt 1.057187 0.811107
vt 1.160881 0.625108
vt 1.141812 0.629832
vt 1.147561 0.643538
vt 1.969514 0.212039
vt 1.991483 0.196727
vt 1.544508 0.921746
vt 1.557773 0.901222
vt 1.536449 0.899798
vt 1.178205 0.703318
vt 1.160794 0.701286
vt 1.003912 0.762659
vt 1.505408 0.227931
vt 1.492619 0.046782
vt 1.622416 0.912690
vt 1.577428 0.899006
vt 1.575798 0.920144
vt 1.147332 0.581596
vt 1.155253 0.606412
vt 1.169107 0.588763
vt 1.174911 0.612705
vt 1.151364 0.700054
vt 1.099048 0.573438
vt 1.066776 0.007456
vt 1.072654 0.757850
vt 1.098065 0.612065
vt 1.079303 0.643062
vt 1.096733 0.636648
vt 1.110978 0.636090
vt 1.117433 0.639463
vt 1.122316 0.647431
vt 1.135369 0.769739
vt 1.127340 0.702698
vt 1.096686 0.763897
vt 1.081665 0.812767
vt 1.082399 0.832552
vt 1.053806 0.843708
vt 1.285521 0.887243
vt 1.268219 0.851590
vt 1.258135 0.881022
vt 1.313034 0.893645
vt 1.294078 0.862689
vt 1.374901 0.904266
vt 1.452455 0.893262
vt 1.372034 0.884467
vt 1.144107 0.776968
vt 1.340520 0.899332
vt 1.345451 0.880445
vt 1.155756 0.784105
vt 1.320108 0.870579
vt 1.967340 0.221844
vt 1.289323 0.561623
vt 1.248579 0.532078
vt 1.550737 0.521962
vt 1.288197 0.540892
vt 1.553984 0.219014
vt 1.416288 0.707548
vt 1.559852 0.921479
vt 1.450832 0.912111
vt 1.527637 0.221742
vt 1.039498 0.004044
vt 1.146446 0.472192
vt 1.028470 0.508414
vt 1.008541 0.597363
vt 1.657940 0.883148
vt 1.681431 0.902327
vt 1.672676 0.838639
vt 1.992690 0.664971
vt 1.984774 0.597812
vt 1.982036 0.668274
vt 1.959080 0.596813
vt 1.954828 0.671222
vt 1.922004 0.593519
vt 1.915096 0.669488
vt 1.730483 0.576103
vt 1.387768 0.561393
vt 1.372278 0.675947
vt 1.224357 0.580545
vt 1.193356 0.587094
vt 1.206126 0.701304
vt 1.183290 0.589098
vt 1.961270 0.439669
vt 1.568574 0.408022
vt 1.540212 0.409339
vt 1.269878 0.441050
vt 1.618524 0.893897
vt 1.661849 0.905718
vt 1.235638 0.875727
vt 1.546448 0.502559
vt 1.363793 0.563076
vt 0.505806 0.177855
vt 0.521123 0.035239
vt 0.018624 0.419156
vt 1.018624 0.419156
vt 0.438497 0.793219
vt 0.327927 0.779016
vt 0.327768 0.792787
vt 0.795023 0.754747
vt 0.813601 0.750693
vt 0.795023 0.750693
vt 0.970358 0.010084
vt 0.977659 0.006400
vt 0.970143 0.006669
vt 0.909588 0.371579
vt 0.938652 0.387747
vt 0.938648 0.371563
vt 0.776444 0.754747
vt 0.757865 0.750693
vt 0.757865 0.754747
vt 0.938650 0.339199
vt 0.909586 0.323018
vt 0.909577 0.339201
vt 0.477273 0.746884
vt 0.484009 0.759045
vt 0.484184 0.747209
vt 0.946641 0.379754
vt 0.942566 0.364902
vt 0.942566 0.379754
vt 0.767232 0.016266
vt 0.741356 0.003908
vt 0.741356 0.016266
vt 0.560241 0.003908
vt 0.586112 0.016266
vt 0.586112 0.003908
vt 0.611988 0.016266
vt 0.637864 0.003908
vt 0.611988 0.003908
vt 0.441210 0.815573
vt 0.484441 0.804670
vt 0.439224 0.804341
vt 0.962598 0.762288
vt 0.955395 0.679308
vt 0.955395 0.762288
vt 0.660775 0.748768
vt 0.484259 0.770697
vt 0.444606 0.759339
vt 0.441383 0.770884
vt 0.448338 0.839283
vt 0.340053 0.860411
vt 0.444234 0.850247
vt 0.329442 0.847623
vt 0.330239 0.860924
vt 0.898744 0.679308
vt 0.891864 0.762288
vt 0.898744 0.762288
vt 0.677802 0.838504
vt 0.691995 0.845464
vt 0.691995 0.838504
vt 0.942566 0.320358
vt 0.946641 0.305508
vt 0.942566 0.305508
vt 0.777166 0.838504
vt 0.762973 0.845464
vt 0.777166 0.845464
vt 0.948184 0.762288
vt 0.941110 0.679308
vt 0.941110 0.762288
vt 0.832177 0.727706
vt 0.850754 0.746974
vt 0.850754 0.727706
vt 0.484529 0.782125
vt 0.661088 0.794085
vt 0.661088 0.782761
vt 0.328349 0.765252
vt 0.329015 0.751552
vt 0.484082 0.816094
vt 0.444344 0.827141
vt 0.483743 0.827742
vt 0.328137 0.820323
vt 0.328697 0.834026
vt 0.949044 0.225915
vt 0.938660 0.242095
vt 0.949050 0.242097
vt 0.932391 0.010177
vt 0.925243 0.005765
vt 0.924790 0.010523
vt 0.949051 0.403940
vt 0.938660 0.403942
vt 0.949041 0.420124
vt 0.327822 0.806557
vt 0.329866 0.737962
vt 0.340578 0.725259
vt 0.330768 0.724670
vt 0.483825 0.839580
vt 0.476911 0.839851
vt 0.444677 0.736235
vt 0.341622 0.711850
vt 0.909014 0.578596
vt 0.913193 0.582032
vt 0.913194 0.578603
vt 0.484671 0.793399
vt 0.996050 0.565948
vt 0.986462 0.575557
vt 0.992542 0.572034
vt 0.996048 0.558746
vt 0.979258 0.575573
vt 0.972884 0.571916
vt 0.992376 0.552382
vt 0.986006 0.548704
vt 0.969191 0.565557
vt 0.439310 0.782102
vt 0.993564 0.214174
vt 0.986738 0.205707
vt 0.986738 0.214174
vt 0.449238 0.737019
vt 0.448695 0.747229
vt 0.455369 0.718943
vt 0.478306 0.734509
vt 0.479204 0.722040
vt 0.661000 0.805408
vt 0.660423 0.839395
vt 0.660623 0.827975
vt 0.483325 0.851341
vt 0.660280 0.862222
vt 0.660307 0.850815
vt 0.969653 0.762288
vt 0.962598 0.679308
vt 0.660996 0.771468
vt 0.660887 0.760188
vt 0.660748 0.737349
vt 0.483775 0.735447
vt 0.197166 0.003905
vt 0.186771 0.008059
vt 0.197122 0.007831
vt 0.993564 0.231379
vt 0.986738 0.240027
vt 0.993564 0.240027
vt 0.986738 0.248608
vt 0.993564 0.257104
vt 0.993564 0.248608
vt 0.993564 0.300032
vt 0.986738 0.308500
vt 0.993564 0.308500
vt 0.986738 0.300032
vt 0.993564 0.291472
vt 0.986738 0.291472
vt 0.993564 0.282825
vt 0.986738 0.282825
vt 0.976532 0.762288
vt 0.969653 0.679308
vt 0.948184 0.679308
vt 0.934198 0.679308
vt 0.934198 0.762288
vt 0.905801 0.679308
vt 0.905801 0.762288
vt 0.913005 0.679308
vt 0.913005 0.762288
vt 0.927288 0.679308
vt 0.920215 0.762288
vt 0.927288 0.762288
vt 0.878107 0.582022
vt 0.875163 0.578593
vt 0.875161 0.582033
vt 0.909588 0.290646
vt 0.938645 0.274471
vt 0.909585 0.274454
vt 0.909592 0.355388
vt 0.938656 0.355392
vt 0.909598 0.420130
vt 0.909595 0.403943
vt 0.938648 0.306837
vt 0.938653 0.290643
vt 0.909595 0.242093
vt 0.938650 0.258287
vt 0.962771 0.010092
vt 0.962664 0.006695
vt 0.188739 0.440671
vt 0.171047 0.453575
vt 0.190354 0.444009
vt 0.942566 0.394607
vt 0.946641 0.394607
vt 0.942566 0.260964
vt 0.946641 0.246109
vt 0.942566 0.246109
vt 0.946641 0.335208
vt 0.942566 0.335208
vt 0.942566 0.350062
vt 0.946641 0.350062
vt 0.946641 0.364902
vt 0.942566 0.290656
vt 0.012754 0.003952
vt 0.023149 0.008106
vt 0.023105 0.004181
vt 0.909590 0.258270
vt 0.955190 0.006672
vt 0.942566 0.275817
vt 0.946641 0.260964
vt 0.992623 0.004915
vt 0.985590 0.010523
vt 0.993221 0.011101
vt 0.875990 0.004893
vt 0.880053 0.038221
vt 0.880053 0.003913
vt 0.940022 0.010084
vt 0.932721 0.006400
vt 0.720717 0.746974
vt 0.739290 0.727706
vt 0.720717 0.727706
vt 0.875990 0.037241
vt 0.874025 0.007085
vt 0.874025 0.035049
vt 0.986738 0.265598
vt 0.993564 0.274178
vt 0.993564 0.265598
vt 0.946641 0.275817
vt 0.832177 0.754747
vt 0.850754 0.750693
vt 0.832177 0.750693
vt 0.683571 0.746974
vt 0.664997 0.727706
vt 0.664997 0.746974
vt 0.947609 0.010092
vt 0.955190 0.010105
vt 0.869326 0.754747
vt 0.887901 0.750693
vt 0.869326 0.750693
vt 0.739290 0.754747
vt 0.720717 0.750693
vt 0.720717 0.754747
vt 0.702142 0.750693
vt 0.702142 0.754747
vt 0.850754 0.754747
vt 0.748779 0.838504
vt 0.734584 0.845464
vt 0.748779 0.845464
vt 0.720389 0.838504
vt 0.734584 0.838504
vt 0.706195 0.838504
vt 0.720389 0.845464
vt 0.833950 0.845464
vt 0.848144 0.838504
vt 0.833950 0.838504
vt 0.762973 0.838504
vt 0.819755 0.838504
vt 0.805560 0.838504
vt 0.819755 0.845464
vt 0.791359 0.845464
vt 0.805560 0.845464
vt 0.706195 0.845464
vt 0.791359 0.838504
vt 0.664997 0.754747
vt 0.683571 0.750693
vt 0.664997 0.750693
vt 0.986738 0.257104
vt 0.969176 0.558346
vt 0.978793 0.548707
vt 0.972688 0.552233
vt 0.940237 0.006669
vt 0.977988 0.010177
vt 0.985138 0.005765
vt 0.456893 0.405526
vt 0.456802 0.398329
vt 0.449406 0.404161
vt 0.034100 0.481995
vt 0.041156 0.481588
vt 0.042169 0.474123
vt 0.023120 0.502265
vt 0.023121 0.484869
vt 0.015841 0.500570
vt 0.006881 0.488877
vt 0.012144 0.481995
vt 0.005086 0.481589
vt 0.010251 0.495599
vt 0.776444 0.750693
vt 0.870985 0.582028
vt 0.449407 0.371748
vt 0.456802 0.377576
vt 0.456893 0.370381
vt 0.906071 0.582025
vt 0.909016 0.582036
vt 0.944192 0.582168
vt 0.946217 0.577967
vt 0.961761 0.082112
vt 0.986534 0.099264
vt 0.992745 0.083088
vt 0.906184 0.021070
vt 0.913066 0.004979
vt 0.961761 0.116420
vt 0.957701 0.083092
vt 0.957701 0.115440
vt 0.437382 0.395333
vt 0.454105 0.387953
vt 0.435640 0.387955
vt 0.437383 0.380577
vt 0.442486 0.374963
vt 0.477848 0.852236
vt 0.454789 0.867624
vt 0.478647 0.864713
vt 0.004077 0.474123
vt 0.030398 0.500568
vt 0.039360 0.488875
vt 0.464535 0.369977
vt 0.442485 0.400948
vt 0.660810 0.725943
vt 0.483665 0.723807
vt 0.448800 0.849498
vt 0.464535 0.405926
vt 0.917757 0.004915
vt 0.917159 0.011101
vt 0.366099 0.410894
vt 0.350467 0.411161
vt 0.352449 0.414550
vt 0.986738 0.222733
vt 0.993564 0.222733
vt 0.839986 0.582168
vt 0.870984 0.578599
vt 0.837960 0.577967
vt 0.992745 0.115438
vt 0.906070 0.578596
vt 0.878107 0.578593
vt 0.660821 0.816698
vt 0.035987 0.495597
vt 0.986738 0.274178
vt 0.938650 0.323019
vt 0.381731 0.411161
vt 0.379750 0.414550
vt 0.913066 0.037161
vt 0.986083 0.440687
vt 0.994791 0.431977
vt 0.994791 0.425547
vt 0.702142 0.746974
vt 0.702142 0.727706
vt 0.920215 0.679308
vt 0.340991 0.873828
vt 0.448592 0.866323
vt 0.560241 0.016266
vt 0.534367 0.003908
vt 0.534367 0.016266
vt 0.844850 0.003908
vt 0.818977 0.016266
vt 0.844850 0.016266
vt 0.165331 0.764278
vt 0.171650 0.778036
vt 0.178328 0.753065
vt 0.147934 0.893308
vt 0.123930 0.898934
vt 0.147934 0.898934
vt 0.264830 0.753042
vt 0.273095 0.751468
vt 0.265079 0.740367
vt 0.196661 0.821231
vt 0.200433 0.831169
vt 0.201796 0.828831
vt 0.241435 0.828849
vt 0.221616 0.827933
vt 0.221614 0.831560
vt 0.264846 0.802991
vt 0.273111 0.804565
vt 0.277878 0.791661
vt 0.246538 0.734781
vt 0.242759 0.724842
vt 0.241641 0.726493
vt 0.221566 0.728100
vt 0.221565 0.723923
vt 0.862218 0.313165
vt 0.905694 0.327710
vt 0.905694 0.313165
vt 0.843386 0.400423
vt 0.850823 0.385875
vt 0.843386 0.385875
vt 0.843386 0.356790
vt 0.850823 0.371332
vt 0.850823 0.356790
vt 0.862218 0.371332
vt 0.857158 0.385875
vt 0.862218 0.385875
vt 0.862218 0.356790
vt 0.857158 0.371332
vt 0.857158 0.342252
vt 0.857158 0.356790
vt 0.905694 0.254994
vt 0.862218 0.240453
vt 0.862218 0.254994
vt 0.862218 0.284074
vt 0.905694 0.269536
vt 0.862218 0.269536
vt 0.857158 0.298618
vt 0.862218 0.298618
vt 0.857158 0.313165
vt 0.850823 0.327710
vt 0.857158 0.327710
vt 0.850823 0.269536
vt 0.857158 0.254994
vt 0.850823 0.254994
vt 0.850823 0.342252
vt 0.768427 0.410507
vt 0.776007 0.404506
vt 0.768427 0.404506
vt 0.850823 0.225907
vt 0.843386 0.240452
vt 0.850823 0.240453
vt 0.982755 0.347355
vt 0.952956 0.360813
vt 0.982755 0.360813
vt 0.850823 0.284074
vt 0.850823 0.298618
vt 0.862218 0.327710
vt 0.905694 0.298618
vt 0.857158 0.400423
vt 0.862218 0.400423
vt 0.843386 0.284074
vt 0.857158 0.284074
vt 0.850823 0.400423
vt 0.857158 0.225907
vt 0.857158 0.240453
vt 0.843386 0.342252
vt 0.839908 0.327710
vt 0.839908 0.342252
vt 0.839908 0.356790
vt 0.839908 0.313165
vt 0.843386 0.327710
vt 0.843386 0.313165
vt 0.839908 0.298618
vt 0.839908 0.284074
vt 0.843386 0.371332
vt 0.839908 0.371332
vt 0.839908 0.385875
vt 0.165351 0.791805
vt 0.178363 0.802994
vt 0.219947 0.893308
vt 0.243955 0.898934
vt 0.243955 0.893308
vt 0.171939 0.893308
vt 0.171939 0.898934
vt 0.195940 0.893308
vt 0.099931 0.893308
vt 0.099931 0.898934
vt 0.075925 0.893308
vt 0.075925 0.898934
vt 0.051916 0.898934
vt 0.051916 0.893308
vt 0.027912 0.898934
vt 0.027912 0.893308
vt 0.003906 0.893308
vt 0.003906 0.898934
vt 0.994936 0.020705
vt 0.988709 0.078052
vt 0.994936 0.078052
vt 0.221530 0.754251
vt 0.198943 0.739105
vt 0.198943 0.754251
vt 0.694600 0.313165
vt 0.777388 0.327710
vt 0.777388 0.313165
vt 0.509165 0.374626
vt 0.498308 0.352507
vt 0.498308 0.374626
vt 0.611783 0.298618
vt 0.562426 0.284074
vt 0.562426 0.298618
vt 0.498308 0.396745
vt 0.492892 0.374625
vt 0.492892 0.396745
vt 0.244117 0.757305
vt 0.221530 0.757305
vt 0.486908 0.352507
vt 0.486908 0.374625
vt 0.221530 0.799516
vt 0.198943 0.761651
vt 0.198943 0.799516
vt 0.468931 0.374626
vt 0.486908 0.396745
vt 0.004639 0.554044
vt 0.020245 0.527571
vt 0.021069 0.518635
vt 0.004169 0.030700
vt 0.008793 0.003939
vt 0.003923 0.004030
vt 0.244117 0.739105
vt 0.221530 0.739105
vt 0.430217 0.401745
vt 0.440497 0.413839
vt 0.433673 0.397297
vt 0.006742 0.501257
vt 0.018836 0.511536
vt 0.023284 0.508079
vt 0.994285 0.314303
vt 0.986672 0.334340
vt 0.991656 0.334341
vt 0.337666 0.023351
vt 0.367298 0.020308
vt 0.327353 0.020308
vt 0.244117 0.761651
vt 0.244117 0.799516
vt 0.282215 0.743501
vt 0.322156 0.765492
vt 0.323147 0.743509
vt 0.994285 0.354379
vt 0.989475 0.355668
vt 0.423116 0.399513
vt 0.427778 0.396423
vt 0.422837 0.394258
vt 0.777388 0.342252
vt 0.777388 0.356790
vt 0.777388 0.371332
vt 0.777388 0.385875
vt 0.777388 0.298618
vt 0.694600 0.385875
vt 0.611783 0.400422
vt 0.694600 0.400422
vt 0.951115 0.020705
vt 0.957325 0.078052
vt 0.957325 0.020705
vt 0.694600 0.298618
vt 0.562426 0.371332
vt 0.513221 0.385875
vt 0.562426 0.385875
vt 0.562426 0.356790
vt 0.513221 0.371332
vt 0.513221 0.240452
vt 0.562426 0.254994
vt 0.562426 0.240453
vt 0.611783 0.284074
vt 0.694600 0.371332
vt 0.944852 0.078052
vt 0.938537 0.020705
vt 0.938537 0.078052
vt 0.327367 0.025289
vt 0.611783 0.356790
vt 0.694600 0.342252
vt 0.694600 0.356790
vt 0.611783 0.342252
vt 0.694600 0.327710
vt 0.611783 0.327710
vt 0.562426 0.342252
vt 0.562426 0.327710
vt 0.562426 0.313164
vt 0.513221 0.298618
vt 0.513221 0.313164
vt 0.513221 0.284074
vt 0.513221 0.269536
vt 0.562426 0.269536
vt 0.513221 0.356790
vt 0.982432 0.020705
vt 0.976115 0.078052
vt 0.982432 0.078052
vt 0.694600 0.240453
vt 0.611783 0.225906
vt 0.611783 0.240453
vt 0.562427 0.225906
vt 0.513221 0.327710
vt 0.985103 0.540352
vt 0.996086 0.520141
vt 0.985112 0.520142
vt 0.839908 0.254994
vt 0.777388 0.269536
vt 0.839908 0.269536
vt 0.611783 0.313164
vt 0.839908 0.240453
vt 0.777388 0.254994
vt 0.611783 0.385875
vt 0.562427 0.400422
vt 0.414181 0.400337
vt 0.412827 0.397994
vt 0.777388 0.284074
vt 0.694600 0.269536
vt 0.951115 0.078052
vt 0.944852 0.020705
vt 0.694600 0.254994
vt 0.611783 0.254994
vt 0.611783 0.371332
vt 0.611783 0.269536
vt 0.694600 0.284074
vt 0.513221 0.225906
vt 0.777388 0.225906
vt 0.777388 0.240453
vt 0.513221 0.400422
vt 0.970812 0.431849
vt 0.985953 0.416704
vt 0.979523 0.416708
vt 0.982755 0.293362
vt 0.952956 0.306856
vt 0.982755 0.306856
vt 0.979654 0.440687
vt 0.991554 0.419937
vt 0.776007 0.410507
vt 0.783608 0.404506
vt 0.760870 0.404506
vt 0.974044 0.437450
vt 0.836613 0.404506
vt 0.844194 0.410507
vt 0.844194 0.404506
vt 0.821418 0.404506
vt 0.829011 0.410507
vt 0.829011 0.404506
vt 0.851752 0.410507
vt 0.851752 0.404506
vt 0.806311 0.404506
vt 0.798770 0.410507
vt 0.806311 0.410507
vt 0.969800 0.020705
vt 0.963535 0.078052
vt 0.969800 0.078052
vt 0.976115 0.020705
vt 0.932219 0.078052
vt 0.925941 0.020705
vt 0.925941 0.078052
vt 0.932219 0.020705
vt 0.509165 0.396745
vt 0.905694 0.371332
vt 0.905694 0.385875
vt 0.839908 0.400423
vt 0.839908 0.225907
vt 0.970815 0.425417
vt 0.057697 0.469704
vt 0.071315 0.439905
vt 0.057697 0.439905
vt 0.813851 0.410507
vt 0.513221 0.342252
vt 0.195940 0.898934
vt 0.715482 0.016266
vt 0.689608 0.003908
vt 0.689608 0.016266
vt 0.663736 0.016266
vt 0.813851 0.404506
vt 0.821418 0.410507
vt 0.843386 0.254994
vt 0.715482 0.003908
vt 0.905694 0.400423
vt 0.793108 0.016266
vt 0.818977 0.003908
vt 0.793108 0.003908
vt 0.008886 0.061522
vt 0.006950 0.071821
vt 0.008925 0.072087
vt 0.905694 0.225907
vt 0.862218 0.225907
vt 0.905694 0.356790
vt 0.862218 0.342252
vt 0.663736 0.003908
vt 0.178090 0.740328
vt 0.196601 0.734796
vt 0.267957 0.898934
vt 0.267957 0.893308
vt 0.246572 0.821255
vt 0.242796 0.831187
vt 0.255008 0.825066
vt 0.291962 0.893308
vt 0.291962 0.898934
vt 0.767232 0.003908
vt 0.791202 0.410507
vt 0.798770 0.404506
vt 0.791202 0.404506
vt 0.843386 0.298618
vt 0.850823 0.313165
vt 0.843386 0.269536
vt 0.271535 0.778015
vt 0.279448 0.778016
vt 0.277871 0.764370
vt 0.178142 0.815732
vt 0.265103 0.815669
vt 0.783608 0.410507
vt 0.963535 0.020705
vt 0.919713 0.020705
vt 0.919713 0.078052
vt 0.985103 0.499933
vt 0.221530 0.761651
vt 0.905694 0.342252
vt 0.843386 0.225907
vt 0.024158 0.513974
vt 0.019234 0.514615
vt 0.982755 0.239364
vt 0.952956 0.252894
vt 0.982755 0.252894
vt 0.200372 0.724857
vt 0.201491 0.726507
vt 0.492892 0.352507
vt 0.513221 0.254994
vt 0.982755 0.320364
vt 0.952956 0.333826
vt 0.982755 0.333826
vt 0.836613 0.410507
vt 0.003908 0.469704
vt 0.017389 0.439905
vt 0.003908 0.439905
vt 0.030960 0.469704
vt 0.044235 0.439905
vt 0.030960 0.439905
vt 0.084912 0.469704
vt 0.098411 0.439905
vt 0.084912 0.439905
vt 0.111745 0.469704
vt 0.125284 0.439905
vt 0.111745 0.439905
vt 0.138763 0.469704
vt 0.138763 0.439905
vt 0.988709 0.020705
vt 0.982755 0.225906
vt 0.952956 0.239364
vt 0.198943 0.757305
vt 0.777388 0.400423
vt 0.427137 0.401347
vt 0.008793 0.057459
vt 0.003923 0.057369
vt 0.322156 0.721526
vt 0.282213 0.721990
vt 0.982755 0.266359
vt 0.952956 0.279869
vt 0.982755 0.279869
vt 0.003906 0.101453
vt 0.003906 0.061508
vt 0.026323 0.518914
vt 0.452838 0.003908
vt 0.478714 0.016266
vt 0.478714 0.003908
vt 0.349347 0.016266
vt 0.323476 0.003908
vt 0.323476 0.016266
vt 0.297600 0.003908
vt 0.271725 0.016266
vt 0.297600 0.016266
vt 0.349347 0.003908
vt 0.375221 0.016266
vt 0.375221 0.003908
vt 0.401093 0.003908
vt 0.955710 0.798326
vt 0.941937 0.804626
vt 0.966908 0.811344
vt 0.147947 0.908531
vt 0.123942 0.902905
vt 0.123942 0.908531
vt 0.966850 0.897847
vt 0.968535 0.906023
vt 0.979585 0.898092
vt 0.898687 0.829565
vt 0.888754 0.833334
vt 0.891091 0.834697
vt 0.891093 0.874335
vt 0.891999 0.854517
vt 0.888372 0.854516
vt 0.916921 0.897783
vt 0.915208 0.905953
vt 0.928101 0.910800
vt 0.988802 0.887864
vt 0.993417 0.874697
vt 0.985126 0.879583
vt 0.991832 0.854622
vt 0.996009 0.854625
vt 0.776444 0.776041
vt 0.757865 0.825200
vt 0.776444 0.825200
vt 0.664997 0.763156
vt 0.683571 0.754747
vt 0.720717 0.763156
vt 0.702142 0.776041
vt 0.683571 0.770319
vt 0.683571 0.776041
vt 0.720717 0.776041
vt 0.702142 0.770319
vt 0.739290 0.770319
vt 0.720717 0.770319
vt 0.850754 0.825200
vt 0.869326 0.776041
vt 0.850754 0.776041
vt 0.813601 0.776041
vt 0.832177 0.825200
vt 0.832177 0.776041
vt 0.795023 0.770319
vt 0.795023 0.776041
vt 0.776444 0.770319
vt 0.757865 0.763156
vt 0.757865 0.770319
vt 0.832177 0.763156
vt 0.850754 0.770319
vt 0.850754 0.763156
vt 0.739290 0.763156
vt 0.702142 0.763156
vt 0.869326 0.763156
vt 0.887901 0.754747
vt 0.088847 0.644509
vt 0.081811 0.743351
vt 0.087597 0.644528
vt 0.813601 0.763156
vt 0.795023 0.763156
vt 0.757865 0.776041
vt 0.795023 0.825200
vt 0.664997 0.770319
vt 0.664997 0.776041
vt 0.813601 0.770319
vt 0.683571 0.763156
vt 0.887901 0.770319
vt 0.869326 0.770319
vt 0.887901 0.763156
vt 0.869326 0.727706
vt 0.887901 0.746974
vt 0.887901 0.727706
vt 0.683571 0.727706
vt 0.795023 0.727706
vt 0.776444 0.746974
vt 0.795023 0.746974
vt 0.813601 0.746974
vt 0.813601 0.727706
vt 0.739290 0.746974
vt 0.757865 0.727706
vt 0.928174 0.798302
vt 0.916959 0.811300
vt 0.219967 0.902905
vt 0.243977 0.908531
vt 0.243977 0.902905
vt 0.171954 0.902905
vt 0.147947 0.902905
vt 0.171954 0.908531
vt 0.195958 0.902905
vt 0.099940 0.902905
vt 0.099940 0.908531
vt 0.075932 0.902905
vt 0.075932 0.908531
vt 0.051921 0.908531
vt 0.051921 0.902905
vt 0.027915 0.908531
vt 0.027915 0.902905
vt 0.003907 0.902905
vt 0.003907 0.908531
vt 0.931507 0.842541
vt 0.918162 0.868706
vt 0.933095 0.865487
vt 0.992755 0.391732
vt 0.982931 0.371358
vt 0.981520 0.391728
vt 0.982921 0.412128
vt 0.976027 0.391723
vt 0.977738 0.413001
vt 0.936296 0.820100
vt 0.934666 0.842552
vt 0.971991 0.369589
vt 0.969946 0.391722
vt 0.968412 0.842578
vt 0.940530 0.864378
vt 0.970424 0.863639
vt 0.951902 0.391653
vt 0.971826 0.413875
vt 0.858549 0.406067
vt 0.876240 0.418971
vt 0.885010 0.420872
vt 0.156078 0.004168
vt 0.182840 0.008792
vt 0.182748 0.003922
vt 0.918760 0.816347
vt 0.916002 0.842242
vt 0.154959 0.454120
vt 0.143288 0.443362
vt 0.152067 0.458954
vt 0.903997 0.408759
vt 0.892327 0.419517
vt 0.895220 0.424351
vt 0.484502 0.023314
vt 0.504539 0.030928
vt 0.504539 0.025944
vt 0.498654 0.344819
vt 0.477480 0.348423
vt 0.508785 0.348423
vt 0.940539 0.820793
vt 0.970424 0.821524
vt 0.865382 0.690682
vt 0.843404 0.721824
vt 0.865377 0.722999
vt 0.524577 0.023314
vt 0.525867 0.028125
vt 0.162277 0.455475
vt 0.158024 0.459107
vt 0.163191 0.460658
vt 0.509044 0.343449
vt 0.086666 0.484692
vt 0.066454 0.473709
vt 0.066456 0.484684
vt 0.172674 0.455736
vt 0.103077 0.706083
vt 0.083441 0.693918
vt 0.083417 0.706382
vt 0.993242 0.411362
vt 0.702142 0.825200
vt 0.683571 0.825200
vt 0.529788 0.537505
vt 0.543408 0.558644
vt 0.543408 0.537505
vt 0.195958 0.908531
vt 0.504588 0.003908
vt 0.530461 0.016266
vt 0.530461 0.003908
vt 0.219980 0.016266
vt 0.245853 0.003908
vt 0.219980 0.003908
vt 0.504588 0.016266
vt 0.664997 0.825200
vt 0.426963 0.003908
vt 0.401093 0.016266
vt 0.426963 0.016266
vt 0.468563 0.401449
vt 0.478953 0.402819
vt 0.479110 0.400832
vt 0.887901 0.825200
vt 0.887901 0.776041
vt 0.720717 0.825200
vt 0.739290 0.776041
vt 0.245853 0.016266
vt 0.979650 0.811124
vt 0.985160 0.829648
vt 0.267981 0.908531
vt 0.267981 0.902905
vt 0.898691 0.879475
vt 0.888755 0.875697
vt 0.894992 0.887750
vt 0.291988 0.902905
vt 0.291988 0.908531
vt 0.452838 0.016266
vt 0.776444 0.763156
vt 0.941876 0.904510
vt 0.941862 0.912415
vt 0.955628 0.910838
vt 0.904215 0.811056
vt 0.904181 0.897996
vt 0.046246 0.484692
vt 0.939180 0.842577
vt 0.739290 0.825200
vt 0.813601 0.754747
vt 0.889262 0.424504
vt 0.889223 0.419539
vt 0.101457 0.656770
vt 0.099078 0.644353
vt 0.081764 0.657070
vt 0.757865 0.746974
vt 0.776444 0.727706
vt 0.995098 0.833431
vt 0.993446 0.834548
vt 0.832177 0.746974
vt 0.869326 0.746974
vt 0.977758 0.370484
vt 0.102171 0.730636
vt 0.083128 0.718739
vt 0.082570 0.730935
vt 0.387708 0.415945
vt 0.386510 0.412436
vt 0.475990 0.537505
vt 0.489474 0.558644
vt 0.489474 0.537505
vt 0.503047 0.537505
vt 0.516324 0.558644
vt 0.516324 0.537505
vt 0.557006 0.537505
vt 0.570508 0.558644
vt 0.570508 0.537505
vt 0.583843 0.558644
vt 0.597385 0.537505
vt 0.583843 0.537505
vt 0.610866 0.558644
vt 0.610866 0.537505
vt 0.096999 0.644385
vt 0.100353 0.644334
vt 0.936126 0.865087
vt 0.158064 0.454142
vt 0.129319 0.008792
vt 0.129410 0.003922
vt 0.887351 0.721823
vt 0.886892 0.690522
vt 0.102822 0.681115
vt 0.082672 0.669136
vt 0.083209 0.681414
vt 0.500127 0.406422
vt 0.468822 0.406422
vt 0.884096 0.426055
vt 0.739290 0.750693
vt 0.909601 0.225907
vt 0.955734 0.085284
vt 0.952956 0.293362
vt 0.098411 0.469704
vt 0.071315 0.469704
vt 0.017389 0.469704
vt 0.952956 0.347355
vt 0.952956 0.266359
vt 0.044235 0.469704
vt 0.952956 0.320364
vt 0.103092 0.693618
vt 0.557006 0.558644
vt 0.503047 0.558644
vt 0.101365 0.743053
vt 0.102280 0.668837
vt 0.529788 0.558644
vt 0.102768 0.718440
vt 0.170153 0.751375
vt 0.163745 0.778043
vt 0.254976 0.730972
vt 0.170191 0.804701
vt 0.188323 0.731117
vt 0.188383 0.824926
vt 0.968611 0.803169
vt 0.941943 0.796717
vt 0.915265 0.803122
vt 0.988851 0.821371
vt 0.895002 0.821286
vt 0.700673 0.573462
vt 0.139647 0.809427
vt 0.825579 0.025069
vt 0.492619 0.046782
vt 0.991483 0.196727
vt 0.028737 0.856953
vt 0.096733 0.636648
vt 0.995732 0.598191
vt 0.183290 0.589098
vt 0.994261 0.448865
vt 0.243927 0.839414
vt 1.825579 0.025069
vt 1.008388 0.803580
vt 1.824487 0.215148
vt 1.995732 0.598191
vt 1.994261 0.448865
vt 1.243927 0.839414
vt 0.909592 0.387763
vt 0.637864 0.016266
vt 0.891864 0.679308
vt 0.677802 0.845464
vt 0.946641 0.320358
vt 0.449163 0.720195
vt 0.993564 0.205707
vt 0.483124 0.862980
vt 0.186775 0.003905
vt 0.986738 0.231379
vt 0.976532 0.679308
vt 0.909575 0.306835
vt 0.946641 0.290656
vt 0.012758 0.008106
vt 0.947716 0.006695
vt 0.848144 0.845464
vt 0.366098 0.406976
vt 0.991610 0.437505
vt 0.123930 0.893308
vt 0.905694 0.240452
vt 0.905694 0.284074
vt 0.857158 0.269536
vt 0.219947 0.898934
vt 0.509165 0.352507
vt 0.244117 0.754251
vt 0.468931 0.396745
vt 0.008148 0.555242
vt 0.009053 0.030699
vt 0.468931 0.352507
vt 0.436116 0.415967
vt 0.004614 0.505639
vt 0.989475 0.313013
vt 0.367344 0.024185
vt 0.282213 0.765012
vt 0.337931 0.025326
vt 0.694600 0.225906
vt 0.995667 0.540370
vt 0.760870 0.410507
vt 0.973997 0.419890
vt 0.995667 0.499912
vt 0.125284 0.469704
vt 0.952956 0.225906
vt 0.007783 0.101499
vt 0.022589 0.528924
vt 0.271725 0.003908
vt 0.995067 0.875817
vt 0.869326 0.825200
vt 0.813601 0.825200
vt 0.832177 0.770319
vt 0.219967 0.908531
vt 0.993242 0.372127
vt 0.933278 0.819680
vt 0.954567 0.417951
vt 0.856934 0.409405
vt 0.156079 0.009052
vt 0.954767 0.365380
vt 0.147380 0.440718
vt 0.899906 0.406115
vt 0.483212 0.028125
vt 0.477647 0.344550
vt 0.843872 0.690522
vt 0.498498 0.342833
vt 0.086683 0.474128
vt 0.046226 0.474128
vt 0.475990 0.558644
vt 0.597385 0.558644
vt 0.098281 0.644365
vt 0.499960 0.402549
vt 0.874613 0.421133
vt 0.955734 0.113248
s 1
usemtl mat_garage_canister
f 1763/2859/2387 1663/2860/2388 1667/2861/2389
f 1771/2862/2390 1747/2863/2391 1770/2864/2392
f 1685/2865/2393 1679/2866/2394 1677/2867/2395
f 1775/2868/2396 1759/2869/2397 1774/2870/2398
f 1751/2871/2399 1667/2861/2389 1663/2860/2388
f 1781/2872/2400 1766/2873/2401 1768/2874/2402
f 1768/2874/2402 1793/2875/2403 1794/2876/2404
f 1755/2877/2405 1685/2865/2393 1686/2878/2406
f 1673/2879/2407 1753/2880/2408 1761/2881/2409
f 1752/2882/2410 1677/2867/2395 1671/2883/2411
f 1725/2884/2412 1694/2885/2413 1726/2886/2414
f 1735/2887/2415 1731/2888/2416 1733/2889/2417
f 1688/2890/2418 1747/2863/2391 1756/2891/2419
f 1764/2892/2420 1664/2893/2421 1665/2894/2422
f 1668/2895/2423 1763/2859/2387 1762/2896/2424
f 1718/2897/2425 1743/2898/2426 1719/2899/2427
f 1750/2900/2428 1767/2901/2429 1766/2873/2401
f 1765/2902/2430 1751/2903/2399 1664/2893/2421
f 1719/2899/2427 1723/2904/2431 1724/2905/2432
f 1759/2869/2397 1791/2906/2433 1790/2907/2434
f 1747/2863/2391 1755/2908/2405 1756/2891/2419
f 1686/2878/2406 1677/2867/2395 1752/2882/2410
f 1764/2909/2420 1666/2910/2435 1667/2861/2389
f 1666/2910/2435 1763/2859/2387 1667/2861/2389
f 1763/2859/2387 1750/2911/2428 1762/2896/2424
f 1756/2912/2419 1687/2913/2436 1688/2914/2418
f 1672/2915/2437 1752/2882/2410 1671/2883/2411
f 1684/2916/2438 1683/2917/2439 1758/2918/2440
f 1757/2919/2441 1684/2916/2438 1685/2865/2393
f 1679/2866/2394 1682/2920/2442 1753/2921/2408
f 1749/2922/2443 1762/2896/2424 1750/2911/2428
f 1760/2923/2444 1758/2924/2440 1759/2869/2397
f 1756/2912/2419 1686/2878/2406 1687/2913/2436
f 1717/2925/2445 1689/2926/2446 1690/2927/2447
f 1734/2928/2448 1672/2929/2437 1736/2930/2449
f 1688/2890/2418 1689/2931/2446 1748/2932/2450
f 1687/2913/2436 1689/2933/2446 1688/2914/2418
f 1732/2934/2451 1701/2935/2452 1700/2936/2453
f 1760/2923/2444 1753/2880/2408 1682/2937/2442
f 1722/2938/2454 1696/2939/2455 1723/2904/2431
f 1722/2938/2454 1717/2925/2445 1700/2936/2453
f 1729/2940/2456 1713/2941/2457 1728/2942/2458
f 1762/2896/2424 1669/2943/2459 1668/2895/2423
f 1703/2944/2460 1708/2945/2461 1704/2946/2462
f 1713/2941/2457 1705/2947/2463 1714/2948/2464
f 1717/2925/2445 1691/2949/2465 1700/2936/2453
f 1752/2882/2410 1691/2950/2465 1686/2878/2406
f 1693/2951/2466 1710/2952/2467 1737/2953/2468
f 1712/2954/2469 1710/2955/2467 1703/2956/2460
f 1712/2954/2469 1704/2957/2462 1713/2941/2457
f 1728/2942/2458 1714/2948/2464 1727/2958/2470
f 1737/2959/2468 1711/2960/2471 1735/2887/2415
f 1674/2961/2472 1677/2867/2395 1679/2866/2394
f 1734/2928/2448 1737/2959/2468 1735/2887/2415
f 1722/2938/2454 1701/2935/2452 1702/2962/2473
f 1733/2889/2417 1734/2928/2448 1735/2887/2415
f 1732/2934/2451 1691/2949/2465 1692/2963/2474
f 1733/2889/2417 1699/2964/2475 1732/2934/2451
f 1730/2965/2476 1733/2889/2417 1731/2888/2416
f 1681/2966/2477 1731/2888/2416 1729/2940/2456
f 1680/2967/2478 1729/2940/2456 1728/2942/2458
f 1726/2886/2414 1678/2968/2479 1727/2958/2470
f 1724/2905/2432 1695/2969/2480 1725/2884/2412
f 1723/2904/2431 1740/2970/2481 1724/2905/2432
f 1723/2904/2431 1721/2971/2482 1722/2938/2454
f 1721/2971/2482 1742/2972/2483 1738/2973/2484
f 1738/2973/2484 1717/2925/2445 1721/2971/2482
f 1738/2974/2484 1676/2975/2485 1741/2976/2486
f 1675/2977/2487 1742/2978/2483 1743/2979/2426
f 1743/2898/2426 1720/2980/2488 1719/2899/2427
f 1705/2981/2463 1698/2982/2489 1706/2983/2490
f 1725/2884/2412 1719/2899/2427 1724/2905/2432
f 1715/2984/2491 1725/2884/2412 1726/2886/2414
f 1726/2886/2414 1714/2948/2464 1715/2984/2491
f 1715/2984/2491 1705/2947/2463 1706/2985/2490
f 1744/2986/2492 1706/2983/2490 1698/2982/2489
f 1706/2985/2490 1718/2897/2425 1715/2984/2491
f 1716/2987/2493 1675/2977/2487 1743/2979/2426
f 1731/2888/2416 1712/2954/2469 1729/2940/2456
f 1668/2895/2423 1672/2988/2437 1671/2989/2411
f 1686/2878/2406 1690/2990/2447 1687/2913/2436
f 1745/2991/2494 1757/2992/2441 1755/2908/2405
f 1754/2993/2495 1683/2994/2439 1757/2992/2441
f 1678/2968/2479 1728/2942/2458 1727/2958/2470
f 1674/2995/2472 1668/2895/2423 1671/2989/2411
f 1766/2873/2401 1666/2996/2435 1768/2874/2402
f 1703/2944/2460 1697/2997/2496 1709/2998/2497
f 1707/2999/2498 1704/2946/2462 1708/2945/2461
f 1673/3000/2407 1663/2860/2388 1674/2995/2472
f 1673/3001/2407 1679/2866/2394 1753/2921/2408
f 1769/3002/2499 1748/2932/2450 1789/3003/2500
f 1734/2928/2448 1732/2934/2451 1692/2963/2474
f 1747/2863/2391 1769/3002/2499 1770/2864/2392
f 1775/2868/2396 1761/2881/2409 1760/2923/2444
f 1787/3004/2501 1736/3005/2449 1672/3006/2437
f 1786/3007/2502 1672/3008/2437 1669/3009/2459
f 1669/3009/2459 1785/3010/2503 1786/3007/2502
f 1784/3011/2504 1670/3012/2505 1749/3013/2443
f 1783/3014/2506 1749/3013/2443 1750/2900/2428
f 1766/2873/2401 1783/3014/2506 1750/2900/2428
f 1794/2876/2404 1781/2872/2400 1768/2874/2402
f 1665/2894/2422 1779/3015/2507 1780/3016/2508
f 1751/2903/2399 1779/3015/2507 1664/2893/2421
f 1673/3017/2407 1778/3018/2509 1751/2903/2399
f 1776/3019/2510 1673/2879/2407 1761/2881/2409
f 1790/2907/2434 1774/2870/2398 1759/2869/2397
f 1754/2993/2495 1773/3020/2511 1746/3021/2512
f 1745/2991/2494 1772/3022/2513 1754/2993/2495
f 1788/3023/2514 1737/2953/2468 1736/3005/2449
f 1789/3024/2500 1738/2974/2484 1741/2976/2486
f 1746/3021/2512 1792/3025/2515 1790/2907/2434
f 1790/2907/2434 1683/2994/2439 1746/3021/2512
f 1665/2894/2422 1795/3026/2516 1794/2876/2404
f 1794/2876/2404 1764/2892/2420 1665/2894/2422
f 1796/3027/2517 1874/3028/2518 1800/3029/2519
f 1858/3030/2520 1771/3031/2390 1770/3032/2392
f 1813/3033/2521 1809/3034/2522 1812/3035/2523
f 1870/3036/2524 1775/3037/2396 1774/3038/2398
f 1862/3039/2525 1800/3029/2519 1876/3040/2526
f 1781/3041/2400 1877/3042/2527 1782/3043/2528
f 1882/3044/2529 1879/3045/2530 1883/3046/2531
f 1866/3047/2532 1813/3033/2521 1868/3048/2533
f 1806/3049/2534 1872/3050/2535 1864/3051/2536
f 1863/3052/2537 1804/3053/2538 1808/3054/2539
f 1841/3055/2540 1694/3056/2413 1695/3057/2480
f 1850/3058/2541 1846/3059/2542 1827/3060/2543
f 1816/3061/2544 1867/3062/2545 1858/3030/2520
f 1875/3063/2546 1797/3064/2547 1876/3065/2526
f 1801/3066/2548 1873/3067/2549 1874/3028/2518
f 1834/3068/2550 1855/3069/2551 1832/3070/2552
f 1861/3071/2553 1877/3042/2527 1878/3072/2554
f 1876/3065/2526 1797/3064/2547 1862/3073/2525
f 1839/3074/2555 1835/3075/2556 1840/3076/2557
f 1881/3077/2558 1870/3036/2524 1880/3078/2559
f 1866/3079/2532 1858/3030/2520 1867/3062/2545
f 1814/3080/2560 1808/3054/2539 1813/3033/2521
f 1799/3081/2561 1882/3082/2529 1875/3083/2546
f 1874/3028/2518 1799/3081/2561 1800/3029/2519
f 1861/3084/2553 1874/3028/2518 1873/3067/2549
f 1867/3085/2545 1816/3086/2544 1815/3087/2562
f 1863/3052/2537 1805/3088/2563 1804/3053/2538
f 1812/3035/2523 1869/3089/2564 1811/3090/2565
f 1868/3048/2533 1812/3035/2523 1811/3090/2565
f 1810/3091/2566 1809/3034/2522 1864/3092/2536
f 1873/3067/2549 1860/3093/2567 1861/3084/2553
f 1869/3094/2564 1871/3095/2568 1870/3036/2524
f 1814/3080/2560 1867/3085/2545 1815/3087/2562
f 1833/3096/2569 1817/3097/2570 1859/3098/2571
f 1805/3099/2563 1849/3100/2572 1851/3101/2573
f 1816/3061/2544 1859/3102/2571 1817/3103/2570
f 1815/3087/2562 1817/3104/2570 1818/3105/2574
f 1701/3106/2452 1847/3107/2575 1821/3108/2576
f 1864/3051/2536 1871/3095/2568 1810/3109/2566
f 1696/3110/2455 1838/3111/2577 1839/3074/2555
f 1838/3111/2577 1833/3096/2569 1837/3112/2578
f 1829/3113/2579 1845/3114/2580 1844/3115/2581
f 1873/3067/2549 1802/3116/2582 1803/3117/2583
f 1708/3118/2461 1822/3119/2584 1823/3120/2585
f 1824/3121/2586 1829/3113/2579 1830/3122/2587
f 1819/3123/2588 1833/3096/2569 1821/3108/2576
f 1863/3052/2537 1819/3124/2588 1820/3125/2589
f 1693/3126/2466 1826/3127/2590 1697/3128/2496
f 1826/3129/2590 1828/3130/2591 1822/3131/2584
f 1823/3132/2585 1828/3130/2591 1829/3113/2579
f 1830/3122/2587 1844/3115/2581 1843/3133/2592
f 1852/3134/2593 1827/3060/2543 1826/3129/2590
f 1807/3135/2594 1808/3054/2539 1804/3053/2538
f 1852/3134/2593 1849/3100/2572 1850/3058/2541
f 1701/3106/2452 1838/3111/2577 1702/3136/2473
f 1848/3137/2595 1849/3100/2572 1847/3107/2575
f 1847/3107/2575 1819/3123/2588 1821/3108/2576
f 1848/3137/2595 1699/3138/2475 1739/3139/2596
f 1848/3137/2595 1730/3140/2476 1846/3059/2542
f 1846/3059/2542 1681/3141/2477 1845/3114/2580
f 1845/3114/2580 1680/3142/2478 1844/3115/2581
f 1842/3143/2597 1678/3144/2479 1694/3056/2413
f 1840/3076/2557 1695/3057/2480 1740/3145/2481
f 1839/3074/2555 1740/3145/2481 1696/3110/2455
f 1839/3074/2555 1837/3112/2578 1836/3146/2598
f 1837/3112/2578 1854/3147/2599 1836/3146/2598
f 1833/3096/2569 1853/3148/2600 1837/3112/2578
f 1676/3149/2485 1853/3150/2600 1741/3151/2486
f 1675/3152/2487 1854/3153/2599 1676/3149/2485
f 1836/3146/2598 1855/3069/2551 1835/3075/2556
f 1698/3154/2489 1824/3155/2586 1825/3156/2601
f 1835/3075/2556 1841/3055/2540 1840/3076/2557
f 1841/3055/2540 1831/3157/2602 1842/3143/2597
f 1842/3143/2597 1830/3122/2587 1843/3133/2592
f 1831/3157/2602 1824/3121/2586 1830/3122/2587
f 1744/3158/2492 1825/3156/2601 1832/3159/2552
f 1834/3068/2550 1825/3160/2601 1831/3157/2602
f 1675/3152/2487 1832/3159/2552 1855/3161/2551
f 1828/3130/2591 1846/3059/2542 1845/3114/2580
f 1801/3066/2548 1805/3162/2563 1802/3116/2582
f 1814/3080/2560 1818/3105/2574 1819/3124/2588
f 1868/3163/2533 1856/3164/2603 1866/3079/2532
f 1811/3165/2565 1865/3166/2604 1868/3163/2533
f 1844/3115/2581 1678/3144/2479 1843/3133/2592
f 1807/3167/2594 1801/3066/2548 1796/3027/2517
f 1877/3042/2527 1799/3168/2561 1878/3072/2554
f 1697/3128/2496 1822/3119/2584 1709/3169/2497
f 1707/3170/2498 1823/3120/2585 1824/3155/2586
f 1796/3027/2517 1806/3171/2534 1807/3167/2594
f 1809/3034/2522 1806/3172/2534 1864/3092/2536
f 1859/3102/2571 1769/3173/2499 1789/3174/2500
f 1849/3100/2572 1820/3175/2589 1847/3107/2575
f 1858/3030/2520 1769/3173/2499 1816/3061/2544
f 1872/3050/2535 1775/3037/2396 1871/3095/2568
f 1851/3176/2573 1787/3177/2501 1805/3178/2563
f 1805/3179/2563 1786/3180/2502 1802/3181/2582
f 1802/3181/2582 1785/3182/2503 1803/3183/2583
f 1803/3183/2583 1784/3184/2504 1860/3185/2567
f 1860/3185/2567 1783/3186/2506 1861/3071/2553
f 1877/3042/2527 1783/3186/2506 1782/3043/2528
f 1883/3046/2531 1781/3041/2400 1795/3187/2516
f 1798/3188/2605 1779/3189/2507 1797/3064/2547
f 1862/3073/2525 1779/3189/2507 1778/3190/2509
f 1806/3191/2534 1778/3190/2509 1777/3192/2606
f 1806/3049/2534 1776/3193/2510 1872/3050/2535
f 1880/3078/2559 1774/3038/2398 1792/3194/2515
f 1865/3166/2604 1773/3195/2511 1772/3196/2513
f 1856/3164/2603 1772/3196/2513 1771/3031/2390
f 1852/3197/2593 1788/3198/2514 1851/3176/2573
f 1853/3150/2600 1789/3199/2500 1741/3151/2486
f 1857/3200/2607 1792/3194/2515 1773/3195/2511
f 1811/3165/2565 1880/3078/2559 1857/3200/2607
f 1798/3188/2605 1795/3187/2516 1780/3201/2508
f 1875/3063/2546 1883/3046/2531 1798/3188/2605
f 1667/2861/2389 1765/3202/2430 1764/2909/2420
f 1764/2909/2420 1793/3203/2403 1666/2910/2435
f 1791/3204/2433 1758/2918/2440 1683/2917/2439
f 1758/2918/2440 1682/2920/2442 1684/2916/2438
f 1875/3083/2546 1876/3040/2526 1800/3029/2519
f 1800/3029/2519 1799/3081/2561 1875/3083/2546
f 1810/3091/2566 1869/3089/2564 1812/3035/2523
f 1869/3089/2564 1881/3205/2558 1811/3090/2565
f 1887/3206/2608 1885/3207/2609 1968/3208/2610
f 2341/3209/2611 2454/3210/2612 2453/3211/2613
f 2024/3212/2614 2000/3213/2615 1999/3214/2616
f 1990/3215/2617 1972/3216/2618 1960/3217/2619
f 2348/3218/2620 2439/3219/2621 2360/3220/2622
f 1970/3221/2623 1952/3222/2624 1987/3223/2625
f 1910/3224/2626 1915/3225/2627 1917/3226/2628
f 1966/3227/2629 1893/3228/2630 1894/3229/2631
f 2038/3230/2632 2039/3231/2633 2057/3232/2634
f 2120/3233/2635 2049/3234/2636 2121/3235/2637
f 2047/3236/2638 2044/3237/2639 2043/3238/2638
f 1905/3239/2640 1994/3240/2641 1904/3241/2642
f 1947/3242/2643 1948/3243/2644 1902/3244/2645
f 1915/3225/2627 1930/3245/2646 1917/3226/2628
f 1993/3246/2647 1886/3247/2648 1884/3248/2649
f 1907/3249/2650 1891/3250/2651 2014/3251/2652
f 1891/3250/2651 1973/3252/2653 2032/3253/2654
f 1927/3254/2655 1945/3255/2656 1942/3256/2657
f 1987/3257/2658 1988/3258/2659 1989/3259/2660
f 1968/3260/2661 1970/3261/2662 1969/3262/2663
f 1956/3263/2664 1983/3264/2665 1977/3265/2666
f 1949/3266/2667 1950/3267/2668 1951/3268/2669
f 1980/3269/2670 2458/3270/2671 1981/3271/2672
f 1914/3272/2673 1925/3273/2674 1926/3274/2675
f 1892/3275/2676 1886/3247/2648 1893/3276/2677
f 1918/3277/2678 1888/3278/2679 1995/3279/2680
f 1888/3278/2679 1889/3280/2681 1890/3281/2682
f 1964/3282/2683 1967/3283/2684 1958/3284/2685
f 1888/3278/2679 1973/3252/2653 1907/3249/2650
f 2003/3285/2686 2005/3286/2687 2022/3287/2688
f 2033/3288/2689 1963/3289/2690 1964/3290/2683
f 1969/3291/2691 1887/3206/2608 1968/3208/2610
f 1905/3239/2640 1969/3291/2691 1889/3280/2681
f 1894/3292/2692 1974/3293/2693 1895/3294/2694
f 1921/3295/2695 1995/3279/2680 1906/3296/2696
f 1896/3297/2697 2027/3298/2698 1974/3293/2693
f 1886/3247/2648 1894/3292/2692 1893/3276/2677
f 2031/3299/2699 2020/3300/2700 2012/3301/2701
f 1913/3302/2702 1904/3241/2642 1994/3240/2641
f 1946/3303/2703 1942/3304/2704 1945/3305/2703
f 1947/3306/2704 1944/3307/2705 1942/3304/2704
f 1901/3308/2706 1902/3309/2707 1949/3310/2708
f 1949/3310/2708 1898/3311/2709 1901/3308/2706
f 1888/3278/2679 1906/3296/2696 1995/3279/2680
f 1914/3272/2673 1884/3248/2649 1903/3312/2710
f 1936/3313/2711 1925/3314/2712 1937/3315/2713
f 1910/3224/2626 1912/3316/2714 1897/3317/2715
f 1909/3318/2716 1911/3319/2717 2009/3320/2718
f 1913/3302/2702 1903/3312/2710 1887/3206/2608
f 1925/3273/2674 1994/3240/2641 1937/3321/2719
f 1995/3279/2680 1939/3322/2720 1920/3323/2721
f 1922/3324/2722 1924/3325/2723 1941/3326/2724
f 1946/3327/2725 1938/3328/2726 1947/3242/2643
f 1993/3246/2647 1926/3274/2675 1928/3329/2727
f 1915/3225/2627 1928/3329/2727 1916/3330/2728
f 1921/3295/2695 1941/3326/2724 1939/3322/2720
f 1917/3226/2628 1932/3331/2729 2023/3332/2730
f 1958/3333/2731 1895/3334/2731 1974/3335/2731
f 1948/3336/2732 1939/3337/2733 1940/3338/2734
f 1941/3339/2735 1934/3340/2736 1950/3341/2737
f 1927/3342/2738 1925/3343/2712 1935/3344/2739
f 1926/3345/2740 1943/3346/2741 1928/3347/2742
f 1928/3347/2742 1929/3348/2743 1916/3349/2744
f 1945/3350/2656 1936/3351/2745 1946/3327/2725
f 1902/3244/2645 1940/3352/2746 1949/3266/2667
f 1951/3268/2669 1934/3353/2747 1900/3354/2748
f 1943/3355/2749 1942/3256/2657 1944/3356/2750
f 1929/3357/2751 1944/3356/2750 1901/3358/2752
f 1933/3359/2753 1898/3360/2754 1899/3361/2755
f 2010/3362/2756 2015/3363/2757 2016/3364/2758
f 1985/3365/2759 1955/3366/2760 1984/3367/2761
f 1970/3221/2623 1989/3368/2762 1971/3369/2763
f 1989/3368/2762 1960/3217/2619 1971/3369/2763
f 1992/3370/2764 1963/3289/2690 1962/3371/2765
f 1985/3365/2759 1965/3372/2766 1954/3373/2767
f 1957/3374/2768 1966/3375/2769 1967/3283/2684
f 1997/3376/2770 1999/3214/2616 1998/3377/2771
f 2406/3378/2772 2423/3379/2773 2433/3380/2774
f 1966/3227/2629 1895/3381/2775 1967/3382/2775
f 1973/3383/2776 1963/3384/2777 2032/3385/2777
f 1965/3386/2778 1968/3260/2661 1885/3387/2779
f 1965/3386/2778 1892/3388/2780 1954/3389/2781
f 1955/3390/2782 1892/3388/2780 1893/3228/2630
f 1970/3261/2662 1889/3391/2783 1969/3262/2663
f 2032/3392/2784 2033/3393/2784 1891/3394/2785
f 1972/3216/2618 1962/3371/2765 1963/3289/2690
f 1984/3367/2761 1966/3375/2769 1956/3395/2786
f 1940/3338/2734 1941/3339/2735 1950/3341/2737
f 2007/3396/2787 1997/3376/2770 1998/3377/2771
f 1890/3397/2788 1972/3398/2789 1973/3383/2776
f 1906/3399/2790 2001/3400/2791 1921/3401/2792
f 2015/3402/2793 2012/3403/2794 2017/3404/2795
f 2002/3405/2796 2004/3406/2797 2003/3285/2686
f 2449/3407/2798 1975/3408/2799 1976/3409/2800
f 2031/3410/2801 2029/3411/2802 2030/3412/2803
f 1932/3413/2804 1931/3414/2805 1933/3415/2806
f 1889/3391/2783 1960/3416/2807 1890/3397/2788
f 2324/3417/2808 2459/3418/2809 2457/3419/2810
f 2451/3420/2811 1982/3421/2812 2444/3422/2813
f 2007/3396/2787 2021/3423/2814 2026/3424/2815
f 2364/3425/2816 2445/3426/2817 2461/3427/2818
f 2353/3428/2819 2448/3429/2820 2361/3430/2821
f 2361/3430/2821 2443/3431/2822 2362/3432/2823
f 2363/3433/2824 2461/3427/2818 2459/3418/2809
f 1992/3434/2825 1991/3435/2826 1982/3436/2825
f 1961/3437/2827 1991/3435/2826 1962/3438/2828
f 1990/3439/2829 1981/3440/2830 1961/3437/2827
f 1978/3441/2831 1987/3442/2658 1952/3443/2832
f 1992/3434/2825 1983/3264/2665 1957/3444/2833
f 1953/3445/2834 1978/3441/2831 1952/3443/2832
f 1985/3446/2835 1986/3447/2836 1953/3445/2834
f 1985/3446/2835 1976/3448/2837 1975/3449/2838
f 1989/3259/2660 1980/3450/2829 1990/3439/2829
f 1984/3451/2839 1977/3265/2666 1976/3448/2837
f 2322/3452/2840 2450/3453/2841 2445/3454/2817
f 1886/3247/2648 1910/3224/2626 1897/3317/2715
f 1924/3455/2842 1933/3415/2806 1934/3340/2736
f 1899/3456/2843 1951/3457/2844 1900/3458/2843
f 2021/3423/2814 2006/3459/2845 2002/3405/2796
f 1934/3353/2747 1899/3361/2755 1900/3354/2748
f 2025/3460/2846 2008/3461/2847 2000/3213/2615
f 2022/3462/2848 2023/3463/2849 2003/3464/2850
f 1908/3465/2851 2008/3466/2852 1906/3467/2853
f 2007/3468/2854 2009/3469/2855 1996/3470/2856
f 2004/3471/2857 1911/3472/2858 2005/3473/2859
f 2006/3474/2860 1911/3472/2858 2004/3471/2857
f 2006/3474/2860 2009/3469/2855 1911/3472/2858
f 2341/3209/2611 2446/3475/2861 2348/3218/2620
f 2015/3363/2757 2018/3476/2862 2016/3364/2758
f 2025/3477/2863 1922/3478/2864 2001/3479/2865
f 2031/3299/2699 2011/3480/2866 2019/3481/2867
f 2012/3301/2701 2013/3482/2868 2014/3483/2869
f 2020/3484/2870 1909/3485/2871 2013/3486/2872
f 2017/3404/2795 2028/3487/2873 1896/3488/2874
f 2012/3403/2794 2028/3487/2873 2017/3404/2795
f 2018/3489/2875 2019/3490/2876 2016/3491/2877
f 2021/3492/2878 1923/3493/2879 2026/3494/2880
f 2026/3494/2880 1923/3493/2879 1997/3495/2881
f 2024/3496/2882 1923/3493/2879 1922/3478/2864
f 2024/3496/2882 1922/3478/2864 2025/3477/2863
f 1908/3497/2883 1909/3498/2716 2009/3499/2718
f 2005/3473/2859 1911/3472/2858 1910/3500/2884
f 1998/3501/2885 2009/3469/2855 2007/3468/2854
f 2008/3466/2852 1908/3465/2851 2000/3502/2886
f 2001/3479/2865 1922/3478/2864 1921/3503/2887
f 1923/3493/2879 2002/3504/2888 2023/3463/2849
f 2023/3332/2730 1924/3505/2723 1923/3506/2889
f 1906/3296/2696 2013/3507/2890 1908/3497/2883
f 2003/3464/2850 2023/3463/2849 2002/3504/2888
f 1917/3508/2891 2023/3463/2849 2022/3462/2848
f 2022/3287/2688 1910/3509/2892 1917/3510/2892
f 2027/3511/2893 1958/3512/2894 1974/3513/2894
f 1919/3514/2895 1948/3336/2732 1938/3515/2896
f 1912/3516/2897 2017/3517/2898 1896/3518/2899
f 1909/3485/2871 2018/3489/2875 1912/3519/2900
f 2010/3362/2756 2030/3520/2901 2029/3521/2902
f 1919/3522/2903 1995/3279/2680 1920/3323/2721
f 2000/3502/2886 1908/3465/2851 1999/3523/2904
f 1930/3524/2905 1929/3348/2743 1931/3414/2805
f 1965/3372/2766 1952/3222/2624 1959/3525/2906
f 2033/3526/2907 2027/3511/2893 1891/3527/2907
f 2018/3489/2875 1909/3485/2871 2020/3484/2870
f 2028/3487/2873 2012/3403/2794 2014/3528/2908
f 2223/3529/2909 2221/3530/2910 2220/3531/2911
f 2442/3532/2912 1976/3409/2800 1977/3533/2913
f 1937/3321/2719 1918/3277/2678 1919/3522/2903
f 1931/3534/2914 1901/3358/2752 1898/3360/2754
f 1897/3317/2715 1974/3293/2693 1894/3292/2692
f 2014/3251/2652 2027/3535/2698 2028/3536/2915
f 1937/3315/2713 1938/3515/2896 1936/3313/2711
f 2034/3537/2916 2035/3538/2917 2052/3539/2918
f 2035/3540/2917 2053/3541/2919 2052/3542/2918
f 2470/3543/2920 2038/3544/2921 2057/3545/2922
f 2081/3546/2923 2123/3547/2924 2035/3548/2925
f 2046/3549/2926 2245/3550/2927 2463/3551/2928
f 2053/3552/2929 2269/3553/2930 2270/3554/2931
f 2134/3555/2932 2052/3556/2933 2135/3557/2933
f 2049/3558/2934 2050/3559/2935 2462/3560/2936
f 2045/3561/2937 2248/3562/2938 2150/3563/2939
f 2042/3564/2940 2150/3563/2939 2051/3565/2940
f 2080/3566/2941 2122/3567/2942 2081/3568/2943
f 2072/3569/2944 2108/3570/2945 2109/3571/2946
f 2113/3572/2947 2105/3573/2948 2104/3574/2949
f 2096/3575/2950 2106/3576/2951 2102/3577/2952
f 2095/3578/2953 2101/3579/2954 2096/3575/2950
f 2095/3578/2953 2094/3580/2955 2100/3581/2956
f 2064/3582/2957 2067/3583/2958 2065/3584/2959
f 2062/3585/2960 2128/3586/2961 2063/3587/2962
f 2062/3585/2960 2079/3588/2963 2061/3589/2964
f 2080/3566/2941 2079/3588/2963 2086/3590/2965
f 2086/3590/2965 2093/3591/2966 2085/3592/2967
f 2089/3593/2968 2076/3594/2969 2073/3595/2970
f 2100/3581/2956 2099/3596/2971 2104/3574/2949
f 2101/3579/2954 2104/3574/2949 2105/3573/2948
f 2226/3597/2972 2185/3598/2973 2182/3599/2974
f 2070/3600/2975 2118/3601/2976 2071/3602/2977
f 2247/3603/2978 2259/3604/2979 2248/3605/2980
f 2079/3588/2963 2088/3606/2981 2087/3607/2982
f 2082/3608/2983 2086/3590/2965 2085/3592/2967
f 2059/3609/2984 2062/3585/2960 2061/3589/2964
f 2102/3577/2952 2107/3610/2985 2068/3611/2986
f 2080/3566/2941 2059/3609/2984 2061/3589/2964
f 2089/3593/2968 2090/3612/2987 2088/3606/2981
f 2078/3613/2988 2089/3593/2968 2088/3606/2981
f 2070/3614/2975 2106/3576/2951 2108/3570/2945
f 2067/3583/2958 2107/3615/2985 2069/3616/2989
f 2069/3616/2989 2070/3600/2975 2071/3602/2977
f 2104/3574/2949 2103/3617/2990 2113/3572/2947
f 2103/3617/2990 2111/3618/2991 2200/3619/2992
f 2113/3572/2947 2200/3619/2992 2114/3620/2993
f 2203/3621/2994 2112/3622/2995 2098/3623/2996
f 2157/3624/2997 2090/3612/2987 2110/3625/2998
f 2115/3626/2999 2114/3620/2993 2116/3627/3000
f 2109/3571/2946 2116/3627/3000 2197/3628/3001
f 2197/3628/3001 2072/3569/2944 2109/3571/2946
f 2474/3629/3002 2036/3630/3003 2038/3544/2921
f 2128/3631/3004 2044/3632/3005 2064/3633/3006
f 2035/3548/2925 2059/3634/3007 2081/3546/2923
f 2120/3635/3008 2060/3636/3009 2059/3634/3007
f 2123/3547/2924 2124/3637/3010 2037/3638/3011
f 2037/3638/3011 2084/3639/3012 2125/3640/3013
f 2039/3641/3014 2084/3639/3012 2126/3642/3015
f 2041/3643/3016 2126/3642/3015 2097/3644/3017
f 2041/3643/3016 2075/3645/3018 2127/3646/3019
f 2218/3647/3020 2226/3648/3021 2235/3649/3022
f 2263/3650/3023 2132/3651/3024 2264/3652/3025
f 2206/3653/3026 2202/3654/3027 2204/3655/3028
f 2135/3656/3029 2136/3657/3030 2133/3658/3031
f 2178/3659/3032 2169/3660/3033 2179/3661/3034
f 2142/3662/3035 2137/3663/3036 2138/3664/3037
f 2261/3665/3038 2263/3650/3023 2262/3666/3039
f 2137/3663/3036 2272/3667/3040 2145/3668/3041
f 2249/3669/3042 2268/3670/3043 2252/3671/3044
f 2144/3672/3045 2146/3673/3046 2145/3668/3041
f 2251/3674/3047 2141/3675/3048 2250/3676/3049
f 2144/3677/3050 2140/3678/3051 2143/3679/3051
f 2272/3667/3040 2144/3672/3045 2145/3668/3041
f 2263/3650/3023 2140/3680/3052 2130/3681/3053
f 2264/3682/3054 2131/3683/3055 2272/3684/3056
f 2143/3685/3057 2147/3686/3058 2146/3687/3059
f 2267/3688/3060 2149/3689/3061 2266/3690/3062
f 2248/3691/3063 2255/3692/3064 2148/3693/3065
f 2250/3694/3066 2249/3669/3042 2251/3695/3067
f 2149/3696/3068 2255/3697/3069 2256/3698/3070
f 2273/3699/3071 2149/3689/3061 2274/3700/3072
f 2268/3701/3073 2271/3702/3074 2136/3703/3075
f 2114/3620/2993 2201/3704/3076 2199/3705/3077
f 2197/3628/3001 2198/3706/3078 2195/3707/3079
f 2204/3655/3028 2157/3624/2997 2205/3708/3080
f 2194/3709/3081 2193/3710/3082 2159/3711/3083
f 2223/3712/3084 2241/3713/3085 2222/3714/3086
f 2178/3659/3032 2206/3653/3026 2177/3715/3087
f 2188/3716/3088 2191/3717/3089 2190/3718/3090
f 2186/3719/3091 2189/3720/3092 2188/3716/3088
f 2164/3721/3093 2166/3722/3094 2163/3723/3095
f 2177/3715/3087 2175/3724/3096 2178/3659/3032
f 2195/3707/3079 2210/3725/3097 2194/3709/3081
f 2230/3726/3098 2232/3727/3099 2224/3728/3100
f 2267/3729/3101 2248/3691/3063 2148/3693/3065
f 2188/3716/3088 2212/3730/3102 2186/3719/3091
f 2199/3705/3077 2208/3731/3103 2209/3732/3104
f 2213/3733/3105 2207/3734/3106 2214/3735/3107
f 2184/3736/3108 2214/3735/3107 2183/3737/3109
f 2180/3738/3110 2170/3739/3111 2181/3740/3112
f 2225/3741/3113 2179/3661/3034 2169/3660/3033
f 2167/3742/3114 2169/3660/3033 2168/3743/3115
f 2184/3736/3108 2187/3744/3116 2186/3719/3091
f 2237/3745/3117 2238/3746/3118 2227/3747/3119
f 2160/3748/3120 2193/3749/3082 2161/3750/3121
f 2161/3750/3121 2162/3751/3122 2163/3723/3095
f 2180/3738/3110 2182/3752/3123 2183/3737/3109
f 2273/3753/3124 2051/3754/3125 2266/3755/3126
f 2200/3619/2992 2202/3654/3027 2201/3704/3076
f 2151/3756/3127 2155/3757/3128 2154/3758/3129
f 2214/3735/3107 2206/3653/3026 2215/3759/3130
f 2119/3760/3131 2153/3761/3132 2151/3756/3127
f 2192/3762/3133 2162/3763/3122 2193/3710/3082
f 2269/3764/3134 2136/3703/3075 2270/3765/3135
f 2156/3766/3136 2177/3715/3087 2205/3708/3080
f 2198/3706/3078 2209/3732/3104 2210/3725/3097
f 2153/3761/3132 2173/3767/3137 2155/3757/3128
f 2229/3768/3138 2231/3769/3139 2230/3726/3098
f 2161/3750/3121 2172/3770/3140 2160/3748/3120
f 2163/3723/3095 2171/3771/3141 2161/3750/3121
f 2211/3772/3142 2209/3732/3104 2212/3730/3102
f 2166/3722/3094 2174/3773/3143 2171/3771/3141
f 2212/3730/3102 2208/3731/3103 2213/3733/3105
f 2174/3773/3143 2176/3774/3144 2173/3767/3137
f 2163/3723/3095 2228/3775/3145 2164/3721/3093
f 2179/3661/3034 2215/3759/3130 2178/3659/3032
f 2196/3776/3146 2160/3748/3120 2152/3777/3147
f 2190/3718/3090 2228/3778/3145 2162/3763/3122
f 2168/3743/3115 2175/3724/3096 2174/3773/3143
f 2216/3779/3148 2237/3780/3149 2236/3781/3150
f 2048/3782/3151 2475/3783/3152 2477/3784/3153
f 2231/3785/3150 2220/3531/2911 2219/3786/3154
f 2227/3787/3155 2187/3788/3156 2185/3598/2973
f 2181/3789/3157 2226/3597/2972 2182/3599/2974
f 2219/3786/3154 2232/3790/3158 2231/3785/3150
f 2225/3791/3159 2234/3792/3160 2170/3793/3161
f 2165/3794/3162 2224/3795/3163 2167/3796/3164
f 2170/3793/3161 2235/3797/3165 2181/3798/3157
f 2228/3799/3166 2240/3800/3167 2241/3801/3168
f 2220/3802/3169 2240/3803/3170 2239/3804/3171
f 2219/3805/3172 2239/3804/3171 2238/3746/3118
f 2155/3757/3128 2176/3774/3144 2156/3766/3136
f 2152/3777/3147 2172/3770/3140 2153/3761/3132
f 2233/3806/3173 2217/3807/3174 2234/3808/3175
f 2224/3728/3100 2216/3809/3176 2233/3806/3173
f 2210/3725/3097 2192/3762/3133 2194/3709/3081
f 2133/3658/3031 2134/3810/3177 2135/3656/3029
f 2126/3811/3178 2102/3577/2952 2097/3812/3179
f 2195/3707/3079 2158/3813/3180 2197/3628/3001
f 2152/3777/3147 2158/3814/3180 2196/3776/3146
f 2236/3781/3150 2217/3815/3150 2216/3779/3148
f 2474/3816/3181 2281/3817/3182 2473/3818/3183
f 2229/3819/3184 2228/3799/3166 2241/3801/3168
f 2201/3704/3076 2207/3734/3106 2208/3731/3103
f 2183/3737/3109 2185/3820/3185 2184/3736/3108
f 2121/3821/3186 2128/3631/3004 2060/3636/3009
f 2110/3625/2998 2205/3708/3080 2157/3624/2997
f 2154/3758/3129 2156/3766/3136 2110/3625/2998
f 2205/3708/3080 2206/3653/3026 2204/3655/3028
f 2111/3618/2991 2204/3655/3028 2202/3654/3027
f 2116/3627/3000 2199/3705/3077 2198/3706/3078
f 2040/3822/3187 2127/3823/3188 2042/3824/3189
f 2127/3823/3188 2045/3825/3190 2042/3824/3189
f 2164/3826/3191 2230/3827/3192 2165/3794/3162
f 2071/3602/2977 2117/3828/3193 2073/3595/2970
f 2057/3232/2634 2041/3829/3194 2040/3822/3187
f 2102/3577/2952 2075/3830/3195 2097/3812/3179
f 2036/3831/3196 2123/3832/3197 2037/3833/3198
f 2273/3834/3199 2275/3835/3200 2278/3836/3201
f 2067/3583/2958 2075/3837/3195 2068/3838/2986
f 2084/3839/3202 2083/3840/3203 2095/3578/2953
f 2044/3237/2639 2045/3825/3190 2129/3841/3204
f 2063/3587/2962 2064/3582/2957 2065/3584/2959
f 2464/3842/3205 2057/3545/2922 2040/3843/3206
f 2064/3633/3006 2129/3844/3207 2066/3845/3208
f 2034/3846/3209 2141/3847/3210 2242/3848/3211
f 2075/3849/3018 2129/3844/3207 2127/3850/3019
f 2038/3230/2632 2037/3833/3198 2125/3851/2632
f 2126/3811/3178 2095/3578/2953 2096/3575/2950
f 2239/3852/3212 2191/3853/3213 2189/3854/3214
f 2108/3570/2945 2115/3626/2999 2109/3571/2946
f 2088/3606/2981 2091/3855/3215 2087/3607/2982
f 2106/3576/2951 2105/3573/2948 2108/3570/2945
f 2083/3840/3203 2085/3592/2967 2094/3580/2955
f 2087/3607/2982 2098/3623/2996 2092/3856/3216
f 2099/3596/2971 2112/3622/2995 2103/3617/2990
f 2073/3595/2970 2074/3857/3217 2089/3593/2968
f 2092/3856/3216 2112/3622/2995 2093/3591/2966
f 2086/3590/2965 2087/3607/2982 2092/3856/3216
f 2069/3616/2989 2073/3595/2970 2076/3594/2969
f 2076/3594/2969 2063/3587/2962 2065/3584/2959
f 2047/3858/3218 2048/3859/3219 2477/3860/3220
f 2466/3861/3221 2053/3552/2929 2036/3630/3003
f 2034/3846/3209 2242/3848/3211 2471/3862/3222
f 2121/3235/2637 2047/3236/2638 2043/3238/2638
f 2238/3863/3223 2189/3854/3214 2187/3788/3156
f 2241/3713/3085 2221/3864/3224 2222/3714/3086
f 2234/3808/3175 2218/3865/3020 2235/3866/3022
f 2051/3754/3125 2267/3867/3225 2266/3755/3126
f 2211/3772/3142 2190/3718/3090 2192/3762/3133
f 2260/3868/3226 2261/3665/3038 2262/3666/3039
f 2124/3869/3227 2082/3608/2983 2083/3840/3203
f 2119/3760/3131 2072/3870/2944 2158/3814/3180
f 2069/3616/2989 2065/3584/2959 2067/3583/2958
f 2250/3676/3049 2138/3871/3228 2261/3872/3229
f 2242/3873/3230 2465/3874/3231 2471/3875/3232
f 2151/3756/3127 2118/3601/2976 2119/3760/3131
f 2275/3876/3233 2040/3843/3206 2278/3877/3234
f 2154/3758/3129 2117/3828/3193 2151/3756/3127
f 2085/3592/2967 2099/3596/2971 2094/3580/2955
f 2091/3855/3215 2203/3621/2994 2098/3623/2996
f 2147/3686/3058 2138/3871/3228 2146/3687/3059
f 2186/3719/3091 2213/3733/3105 2184/3736/3108
f 2171/3771/3141 2173/3767/3137 2172/3770/3140
f 2137/3663/3036 2136/3657/3030 2271/3878/3235
f 2137/3663/3036 2146/3673/3046 2138/3664/3037
f 2165/3879/3236 2168/3743/3115 2166/3722/3094
f 2245/3880/3237 2472/3881/3238 2463/3882/3239
f 2167/3796/3164 2233/3883/3240 2225/3791/3159
f 2269/3884/3241 2253/3885/3242 2279/3886/3241
f 2466/3887/3243 2254/3888/3244 2468/3889/3245
f 2470/3890/3246 2282/3891/3247 2467/3892/3248
f 2464/3893/3249 2283/3894/3250 2469/3895/3251
f 2283/3894/3250 2275/3896/3252 2276/3897/3252
f 2236/3898/3253 2227/3747/3119 2226/3648/3021
f 2141/3899/3254 2243/3900/3255 2242/3873/3230
f 2260/3868/3226 2265/3901/3256 2268/3670/3043
f 2263/3650/3023 2265/3901/3256 2262/3666/3039
f 2194/3709/3081 2196/3902/3146 2195/3707/3079
f 2110/3625/2998 2074/3857/3217 2154/3758/3129
f 2264/3682/3054 2271/3702/3074 2265/3903/3257
f 2132/3904/3258 2144/3677/3050 2131/3905/3258
f 2149/3696/3068 2277/3906/3259 2274/3907/3260
f 2063/3587/2962 2078/3613/2988 2062/3585/2960
f 2050/3908/3261 2476/3909/3262 2462/3910/3263
f 2183/3737/3109 2215/3759/3130 2180/3738/3110
f 2278/3877/3234 2042/3564/2940 2051/3565/2940
f 2270/3554/2931 2052/3556/2933 2053/3552/2929
f 2277/3911/3264 2275/3835/3200 2274/3912/3265
f 2141/3675/3048 2142/3913/3266 2250/3676/3049
f 2288/3914/3267 2289/3915/3268 2307/3916/3269
f 2365/3917/3270 2299/3918/3271 2366/3919/3272
f 2297/3920/3273 2294/3921/3274 2293/3922/3273
f 2284/3923/3275 2285/3924/3276 2302/3925/3277
f 2285/3924/3276 2303/3926/3278 2302/3925/3277
f 2486/3927/3279 2288/3928/3280 2307/3929/3281
f 2285/3930/3282 2367/3931/3283 2368/3932/3284
f 2296/3933/3285 2399/3934/3286 2479/3935/3287
f 2303/3936/3288 2423/3937/3289 2424/3938/3290
f 2379/3939/3291 2302/3940/3292 2380/3941/3292
f 2299/3942/3293 2300/3943/3294 2478/3944/3295
f 2401/3945/3296 2395/3946/3297 2295/3947/3298
f 2292/3948/3299 2395/3946/3297 2301/3949/3300
f 2330/3950/3301 2367/3951/3302 2331/3952/3303
f 2320/3953/3304 2359/3954/3305 2322/3452/2840
f 2362/3432/2823 2354/3955/3306 2361/3430/2821
f 2346/3956/3307 2356/3957/3308 2352/3958/3309
f 2345/3959/3310 2351/3960/3311 2346/3956/3307
f 2345/3959/3310 2344/3961/3312 2350/3962/3313
f 2314/3963/3314 2317/3964/3315 2315/3965/3316
f 2312/3966/3317 2373/3967/3318 2313/3968/3319
f 2312/3966/3317 2329/3969/3320 2311/3970/3321
f 2330/3950/3301 2329/3969/3320 2336/3971/3322
f 2336/3971/3322 2343/3972/3323 2335/3973/3324
f 2339/3974/3325 2326/3975/3326 2323/3976/3327
f 2350/3962/3313 2349/3977/3328 2354/3955/3306
f 2351/3960/3311 2354/3955/3306 2355/3978/3329
f 2321/3979/3330 2322/3980/2840 2364/3425/2816
f 2402/3981/3331 2412/3982/3332 2413/3983/3333
f 2329/3969/3320 2338/3984/3334 2337/3985/3335
f 2332/3986/3336 2336/3971/3322 2335/3973/3324
f 2309/3987/3337 2312/3966/3317 2311/3970/3321
f 2352/3958/3309 2357/3988/3338 2318/3989/3339
f 2311/3970/3321 2331/3952/3303 2309/3987/3337
f 2324/3417/2808 2338/3984/3334 2339/3974/3325
f 2328/3990/3340 2339/3974/3325 2338/3984/3334
f 2320/3953/3304 2356/3957/3308 2358/3991/3341
f 2317/3964/3315 2357/3992/3338 2319/3993/3342
f 2319/3993/3342 2320/3994/3304 2321/3979/3330
f 2349/3977/3328 2361/3430/2821 2354/3955/3306
f 1991/3995/3343 2444/3996/2813 1982/3997/2812
f 2451/3420/2811 1977/3533/2913 1983/3998/3344
f 1979/3999/3345 2447/4000/3346 2452/4001/3347
f 1979/3999/3345 2455/4002/3348 1988/4003/3349
f 2441/4004/3350 1986/4005/3351 1975/3408/2799
f 2490/4006/3352 2286/4007/3353 2288/3928/3280
f 2373/4008/3354 2294/4009/3355 2314/4010/3356
f 2285/3930/3282 2309/4011/3357 2331/4012/3358
f 2365/4013/3357 2310/4014/3359 2309/4011/3357
f 2368/3932/3284 2369/4015/3360 2287/4016/3361
f 2287/4016/3361 2334/4017/3362 2370/4018/3362
f 2289/4019/3363 2334/4017/3362 2371/4020/3364
f 2291/4021/3365 2371/4020/3364 2347/4022/3366
f 2291/4021/3365 2325/4023/3367 2372/4024/3367
f 2417/4025/3368 2377/4026/3369 2418/4027/3370
f 2380/4028/3371 2381/4029/3372 2378/4030/3373
f 2387/4031/3374 2382/4032/3375 2383/4033/3376
f 2415/4034/3377 2417/4025/3368 2416/4035/3378
f 2382/4032/3375 2426/4036/3379 2390/4037/3380
f 2403/4038/3381 2422/4039/3382 2406/4040/3383
f 2389/4041/3384 2391/4042/3385 2390/4037/3380
f 2405/4043/3386 2386/4044/3387 2404/4045/3388
f 2389/4046/3389 2385/4047/3390 2388/4048/3391
f 2426/4036/3379 2389/4041/3384 2390/4037/3380
f 2417/4025/3368 2385/4049/3392 2375/4050/3393
f 2418/4051/3394 2376/4052/3395 2426/4053/3396
f 2388/4054/3397 2392/4055/3398 2391/4056/3399
f 2421/4057/3400 2394/4058/3401 2420/4059/3402
f 2402/4060/3403 2409/4061/3404 2393/4062/3405
f 2404/4063/3406 2403/4038/3381 2405/4064/3407
f 2394/4065/3408 2409/4066/3409 2410/4067/3410
f 2427/4068/3411 2394/4058/3401 2428/4069/3411
f 2422/4070/3412 2425/4071/3413 2381/4072/3414
f 2421/4073/3415 2402/4060/3403 2393/4062/3405
f 2427/4074/3416 2301/4075/3417 2420/4076/3418
f 2423/3379/2773 2381/4072/3414 2424/4077/3419
f 2493/4078/3420 2411/4079/3421 2491/4080/3422
f 2378/4030/3373 2379/4081/3423 2380/4028/3371
f 2371/4082/3424 2352/3958/3309 2347/4083/3425
f 2489/4084/3426 2434/4085/3427 2435/4086/3428
f 2366/4087/3429 2373/4008/3354 2310/4014/3359
f 2290/4088/3430 2372/4089/3431 2292/4090/3432
f 2372/4091/3431 2295/4092/3433 2292/4093/3432
f 2364/3425/2816 2323/3976/3327 2321/3979/3330
f 2307/3916/3269 2291/4094/3434 2290/4088/3430
f 2347/4083/3425 2318/3989/3339 2325/4095/3435
f 2286/4096/3436 2368/4097/3437 2287/4098/3438
f 2427/4099/3439 2429/4100/3440 2432/4101/3441
f 2317/3964/3315 2325/4102/3435 2318/4103/3339
f 2334/4104/3442 2333/4105/3443 2345/3959/3310
f 2294/3921/3274 2295/4092/3433 2374/4106/3444
f 2313/3968/3319 2314/3963/3314 2315/3965/3316
f 2480/4107/3445 2307/3929/3281 2290/4108/3446
f 2314/4010/3356 2374/4109/3447 2316/4110/3448
f 2284/4111/3449 2386/4112/3450 2396/4113/3451
f 2325/4114/3367 2374/4109/3447 2372/4115/3367
f 2288/3914/3267 2287/4098/3438 2370/4116/3452
f 2371/4082/3424 2345/3959/3310 2346/3956/3307
f 2355/3978/3329 2359/3954/3305 2358/3991/3341
f 2338/3984/3334 2341/3209/2611 2337/3985/3335
f 2356/3957/3308 2355/3978/3329 2358/3991/3341
f 2333/4105/3443 2335/3973/3324 2344/3961/3312
f 2337/3985/3335 2348/3218/2620 2342/4117/3453
f 2343/3972/3323 2353/3428/2819 2349/3977/3328
f 2363/3433/2824 2339/3974/3325 2323/3976/3327
f 2342/4117/3453 2360/3220/2622 2343/3972/3323
f 2336/3971/3322 2337/3985/3335 2342/4117/3453
f 2319/3993/3342 2323/3976/3327 2326/3975/3326
f 2326/3975/3326 2313/3968/3319 2315/3965/3316
f 2297/4118/3454 2298/4119/3455 2493/4120/3456
f 2482/4121/3457 2303/3936/3288 2286/4007/3353
f 2284/4111/3449 2396/4113/3451 2487/4122/3458
f 2366/3919/3272 2297/3920/3273 2293/3922/3273
f 2301/4075/3417 2421/4123/3459 2420/4076/3418
f 2414/4124/3460 2415/4034/3377 2416/4035/3378
f 2369/4125/3461 2332/3986/3336 2333/4105/3443
f 2340/4126/3462 2457/3419/2810 2454/3210/2612
f 2319/3993/3342 2315/3965/3316 2317/3964/3315
f 2404/4045/3388 2383/4127/3463 2415/4128/3464
f 2487/4129/3465 2397/4130/3466 2481/4131/3467
f 2438/4132/3468 1978/4133/3469 1986/4005/3351
f 2429/4134/3470 2290/4108/3446 2432/4135/3471
f 1988/4003/3349 2456/4136/3472 1980/3269/2670
f 2335/3973/3324 2349/3977/3328 2344/3961/3312
f 1981/3271/2672 2460/4137/3473 1991/3995/3343
f 2392/4055/3398 2383/4127/3463 2391/4056/3399
f 2382/4032/3375 2381/4029/3372 2425/4138/3474
f 2382/4032/3375 2391/4042/3385 2383/4033/3376
f 2479/4139/3475 2400/4140/3476 2488/4141/3477
f 2252/4142/3478 2269/3764/3134 2279/4143/3478
f 2433/4144/3479 2304/4145/3480 2407/4146/3481
f 2484/4147/3482 2305/4148/3483 2408/4149/3484
f 2483/4150/3485 2306/4151/3486 2436/4152/3487
f 2480/4153/3488 2437/4154/3489 2485/4155/3490
f 2437/4154/3489 2429/4156/3491 2430/4157/3492
f 2386/4158/3493 2397/4130/3466 2396/4159/3494
f 2414/4124/3460 2419/4160/3495 2422/4039/3382
f 2417/4025/3368 2419/4160/3495 2416/4035/3378
f 2362/3432/2823 2450/3453/2841 2359/3954/3305
f 2418/4051/3394 2425/4071/3413 2419/4161/3496
f 2377/4162/3497 2389/4046/3389 2376/4163/3497
f 2394/4065/3408 2431/4164/3498 2428/4165/3498
f 2313/3968/3319 2328/3990/3340 2312/3966/3317
f 2478/4166/3499 2398/4167/3500 2492/4168/3501
f 2432/4135/3471 2292/3948/3299 2301/3949/3300
f 2424/3938/3290 2302/3940/3292 2303/3936/3288
f 2431/4169/3502 2429/4100/3440 2428/4170/3503
f 2386/4044/3387 2387/4171/3504 2404/4045/3388
f 2447/4000/3346 2453/3211/2613 2452/4001/3347
f 2454/3210/2612 2456/4136/3472 2455/4002/3348
f 2457/3419/2810 2458/3270/2671 2456/4136/3472
f 2439/3219/2621 2441/4004/3350 2440/4172/3505
f 2459/3418/2809 2460/4137/3473 2458/3270/2671
f 2453/3211/2613 2455/4002/3348 2452/4001/3347
f 2461/3427/2818 2444/3996/2813 2460/4137/3473
f 2446/3475/2861 2438/4132/3468 2439/3219/2621
f 2443/3431/2822 2451/3420/2811 2450/3453/2841
f 2451/3420/2811 2445/3454/2817 2450/3453/2841
f 2440/4172/3505 2449/3407/2798 2448/3429/2820
f 2448/3429/2820 2442/3532/2912 2443/3431/2822
f 2360/3220/2622 2440/4172/3505 2353/3428/2819
f 1992/4173/2764 1967/3283/2684 1964/3282/2683
f 2009/3469/2855 1999/3523/2904 1908/3465/2851
f 2011/4174/3506 2016/3491/2877 2019/3490/2876
f 2013/3507/2890 1907/3249/2650 2014/3251/2652
f 1912/3316/2714 1896/3297/2697 1897/3317/2715
f 1884/3248/2649 1885/3207/2609 1903/3312/2710
f 2462/3910/3263 2257/4175/3507 2048/3782/3151
f 2056/4176/3508 2469/3895/3251 2282/3891/3247
f 2280/4177/3509 2467/3892/3248 2281/3817/3182
f 2054/4178/3510 2468/3889/3245 2253/3885/3242
f 2463/3882/3239 2258/4179/3511 2247/3603/2978
f 2471/3875/3232 2244/4180/3512 2050/3908/3261
f 2055/4181/3513 2473/3818/3183 2254/3888/3244
f 2477/3784/3153 2246/4182/3514 2245/3880/3237
f 2298/4183/3515 2492/4168/3501 2411/4079/3421
f 2436/4152/3487 2480/4153/3488 2485/4155/3490
f 2435/4086/3428 2486/4184/3516 2483/4150/3485
f 2407/4146/3481 2482/4185/3517 2484/4147/3482
f 2479/4139/3475 2412/3982/3332 2401/4186/3518
f 2300/4187/3519 2481/4131/3467 2398/4167/3500
f 2408/4149/3484 2490/4188/3520 2489/4084/3426
f 2399/4189/3521 2491/4080/3422 2400/4140/3476
f 2057/3545/2922 2056/4190/3522 2470/3543/2920
f 2470/3543/2920 2280/4191/3523 2038/3544/2921
f 2463/3551/2928 2247/4192/3524 2045/3561/2937
f 2045/3561/2937 2046/3549/2926 2463/3551/2928
f 2462/3560/2936 2048/3859/3219 2047/3858/3218
f 2047/3858/3218 2049/3558/2934 2462/3560/2936
f 2038/3544/2921 2280/4191/3523 2474/3629/3002
f 2474/3629/3002 2055/4193/3525 2036/3630/3003
f 2040/3843/3206 2058/4194/3526 2464/3842/3205
f 2464/3842/3205 2056/4190/3522 2057/3545/2922
f 2477/3860/3220 2245/3550/2927 2046/3549/2926
f 2046/3549/2926 2047/3858/3218 2477/3860/3220
f 2036/3630/3003 2055/4193/3525 2466/3861/3221
f 2466/3861/3221 2054/4195/3527 2053/3552/2929
f 2471/3862/3222 2050/3559/2935 2049/3558/2934
f 2049/3558/2934 2034/3846/3209 2471/3862/3222
f 2307/3929/3281 2306/4196/3528 2486/3927/3279
f 2486/3927/3279 2434/4197/3529 2288/3928/3280
f 2479/3935/3287 2401/3945/3296 2295/3947/3298
f 2295/3947/3298 2296/3933/3285 2479/3935/3287
f 2478/3944/3295 2298/4119/3455 2297/4118/3454
f 2297/4118/3454 2299/3942/3293 2478/3944/3295
f 2288/3928/3280 2434/4197/3529 2490/4006/3352
f 2490/4006/3352 2305/4198/3530 2286/4007/3353
f 2290/4108/3446 2308/4199/3531 2480/4107/3445
f 2480/4107/3445 2306/4196/3528 2307/3929/3281
f 2493/4120/3456 2399/3934/3286 2296/3933/3285
f 2296/3933/3285 2297/4118/3454 2493/4120/3456
f 2286/4007/3353 2305/4198/3530 2482/4121/3457
f 2482/4121/3457 2304/4200/3532 2303/3936/3288
f 2487/4122/3458 2300/3943/3294 2299/3942/3293
f 2299/3942/3293 2284/4111/3449 2487/4122/3458
f 1763/2859/2387 1668/2895/2423 1663/2860/2388
f 1771/2862/2390 1745/2991/2494 1747/2863/2391
f 1685/2865/2393 1684/2916/2438 1679/2866/2394
f 1775/2868/2396 1760/2923/2444 1759/2869/2397
f 1751/2871/2399 1765/3202/2430 1667/2861/2389
f 1781/2872/2400 1782/4201/2528 1766/2873/2401
f 1768/2874/2402 1666/2996/2435 1793/2875/2403
f 1755/2877/2405 1757/2919/2441 1685/2865/2393
f 1725/2884/2412 1695/2969/2480 1694/2885/2413
f 1735/2887/2415 1711/2960/2471 1731/2888/2416
f 1764/2892/2420 1765/2902/2430 1664/2893/2421
f 1718/2897/2425 1716/4202/2493 1743/2898/2426
f 1719/2899/2427 1720/2980/2488 1723/2904/2431
f 1759/2869/2397 1758/2924/2440 1791/2906/2433
f 1747/2863/2391 1745/2991/2494 1755/2908/2405
f 1686/2878/2406 1685/2865/2393 1677/2867/2395
f 1666/2910/2435 1767/4203/2429 1763/2859/2387
f 1763/2859/2387 1767/4203/2429 1750/2911/2428
f 1672/2915/2437 1692/4204/2474 1752/2882/2410
f 1757/2919/2441 1683/2917/2439 1684/2916/2438
f 1679/2866/2394 1684/2916/2438 1682/2920/2442
f 1749/2922/2443 1670/4205/2505 1762/2896/2424
f 1760/2923/2444 1682/2937/2442 1758/2924/2440
f 1756/2912/2419 1755/2877/2405 1686/2878/2406
f 1717/2925/2445 1748/4206/2450 1689/2926/2446
f 1734/2928/2448 1692/2963/2474 1672/2929/2437
f 1687/2913/2436 1690/2990/2447 1689/2933/2446
f 1732/2934/2451 1699/2964/2475 1701/2935/2452
f 1760/2923/2444 1761/2881/2409 1753/2880/2408
f 1722/2938/2454 1702/2962/2473 1696/2939/2455
f 1722/2938/2454 1721/2971/2482 1717/2925/2445
f 1729/2940/2456 1712/2954/2469 1713/2941/2457
f 1762/2896/2424 1670/4205/2505 1669/2943/2459
f 1703/2944/2460 1709/2998/2497 1708/2945/2461
f 1713/2941/2457 1704/2957/2462 1705/2947/2463
f 1717/2925/2445 1690/2927/2447 1691/2949/2465
f 1752/2882/2410 1692/4204/2474 1691/2950/2465
f 1693/2951/2466 1697/2997/2496 1710/2952/2467
f 1712/2954/2469 1711/2960/2471 1710/2955/2467
f 1712/2954/2469 1703/2956/2460 1704/2957/2462
f 1728/2942/2458 1713/2941/2457 1714/2948/2464
f 1737/2959/2468 1710/2955/2467 1711/2960/2471
f 1674/2961/2472 1671/2883/2411 1677/2867/2395
f 1734/2928/2448 1736/2930/2449 1737/2959/2468
f 1722/2938/2454 1700/2936/2453 1701/2935/2452
f 1733/2889/2417 1732/2934/2451 1734/2928/2448
f 1732/2934/2451 1700/2936/2453 1691/2949/2465
f 1733/2889/2417 1739/4207/2596 1699/2964/2475
f 1730/2965/2476 1739/4207/2596 1733/2889/2417
f 1681/2966/2477 1730/2965/2476 1731/2888/2416
f 1680/2967/2478 1681/2966/2477 1729/2940/2456
f 1726/2886/2414 1694/2885/2413 1678/2968/2479
f 1724/2905/2432 1740/2970/2481 1695/2969/2480
f 1723/2904/2431 1696/2939/2455 1740/2970/2481
f 1723/2904/2431 1720/2980/2488 1721/2971/2482
f 1721/2971/2482 1720/2980/2488 1742/2972/2483
f 1738/2973/2484 1748/4206/2450 1717/2925/2445
f 1738/2974/2484 1742/2978/2483 1676/2975/2485
f 1675/2977/2487 1676/2975/2485 1742/2978/2483
f 1743/2898/2426 1742/2972/2483 1720/2980/2488
f 1705/2981/2463 1707/2999/2498 1698/2982/2489
f 1725/2884/2412 1718/2897/2425 1719/2899/2427
f 1715/2984/2491 1718/2897/2425 1725/2884/2412
f 1726/2886/2414 1727/2958/2470 1714/2948/2464
f 1715/2984/2491 1714/2948/2464 1705/2947/2463
f 1744/2986/2492 1716/2987/2493 1706/2983/2490
f 1706/2985/2490 1716/4202/2493 1718/2897/2425
f 1716/2987/2493 1744/2986/2492 1675/2977/2487
f 1731/2888/2416 1711/2960/2471 1712/2954/2469
f 1668/2895/2423 1669/2943/2459 1672/2988/2437
f 1686/2878/2406 1691/2950/2465 1690/2990/2447
f 1745/2991/2494 1754/2993/2495 1757/2992/2441
f 1754/2993/2495 1746/3021/2512 1683/2994/2439
f 1678/2968/2479 1680/2967/2478 1728/2942/2458
f 1674/2995/2472 1663/2860/2388 1668/2895/2423
f 1766/2873/2401 1767/2901/2429 1666/2996/2435
f 1703/2944/2460 1710/2952/2467 1697/2997/2496
f 1707/2999/2498 1705/2981/2463 1704/2946/2462
f 1673/3000/2407 1751/2871/2399 1663/2860/2388
f 1673/3001/2407 1674/2961/2472 1679/2866/2394
f 1769/3002/2499 1688/2890/2418 1748/2932/2450
f 1747/2863/2391 1688/2890/2418 1769/3002/2499
f 1775/2868/2396 1776/3019/2510 1761/2881/2409
f 1787/3004/2501 1788/3023/2514 1736/3005/2449
f 1786/3007/2502 1787/4208/2501 1672/3008/2437
f 1669/3009/2459 1670/3012/2505 1785/3010/2503
f 1784/3011/2504 1785/3010/2503 1670/3012/2505
f 1783/3014/2506 1784/3011/2504 1749/3013/2443
f 1766/2873/2401 1782/4201/2528 1783/3014/2506
f 1794/2876/2404 1795/3026/2516 1781/2872/2400
f 1665/2894/2422 1664/2893/2421 1779/3015/2507
f 1751/2903/2399 1778/3018/2509 1779/3015/2507
f 1673/3017/2407 1777/4209/2606 1778/3018/2509
f 1776/3019/2510 1777/4210/2606 1673/2879/2407
f 1790/2907/2434 1792/3025/2515 1774/2870/2398
f 1754/2993/2495 1772/3022/2513 1773/3020/2511
f 1745/2991/2494 1771/2862/2390 1772/3022/2513
f 1788/3023/2514 1693/2951/2466 1737/2953/2468
f 1789/3024/2500 1748/4211/2450 1738/2974/2484
f 1746/3021/2512 1773/3020/2511 1792/3025/2515
f 1790/2907/2434 1791/2906/2433 1683/2994/2439
f 1665/2894/2422 1780/3016/2508 1795/3026/2516
f 1794/2876/2404 1793/2875/2403 1764/2892/2420
f 1796/3027/2517 1801/3066/2548 1874/3028/2518
f 1858/3030/2520 1856/3164/2603 1771/3031/2390
f 1813/3033/2521 1808/3054/2539 1809/3034/2522
f 1870/3036/2524 1871/3095/2568 1775/3037/2396
f 1862/3039/2525 1796/3027/2517 1800/3029/2519
f 1781/3041/2400 1879/3045/2530 1877/3042/2527
f 1882/3044/2529 1799/3168/2561 1879/3045/2530
f 1866/3047/2532 1814/3080/2560 1813/3033/2521
f 1841/3055/2540 1842/3143/2597 1694/3056/2413
f 1850/3058/2541 1848/3137/2595 1846/3059/2542
f 1875/3063/2546 1798/3188/2605 1797/3064/2547
f 1834/3068/2550 1835/3075/2556 1855/3069/2551
f 1839/3074/2555 1836/3146/2598 1835/3075/2556
f 1881/3077/2558 1869/3094/2564 1870/3036/2524
f 1866/3079/2532 1856/3164/2603 1858/3030/2520
f 1814/3080/2560 1863/3052/2537 1808/3054/2539
f 1874/3028/2518 1878/4212/2554 1799/3081/2561
f 1861/3084/2553 1878/4212/2554 1874/3028/2518
f 1863/3052/2537 1820/3125/2589 1805/3088/2563
f 1868/3048/2533 1813/3033/2521 1812/3035/2523
f 1810/3091/2566 1812/3035/2523 1809/3034/2522
f 1873/3067/2549 1803/3117/2583 1860/3093/2567
f 1869/3094/2564 1810/3109/2566 1871/3095/2568
f 1814/3080/2560 1866/3047/2532 1867/3085/2545
f 1833/3096/2569 1818/4213/2574 1817/3097/2570
f 1805/3099/2563 1820/3175/2589 1849/3100/2572
f 1815/3087/2562 1816/3086/2544 1817/3104/2570
f 1701/3106/2452 1699/3138/2475 1847/3107/2575
f 1864/3051/2536 1872/3050/2535 1871/3095/2568
f 1696/3110/2455 1702/3136/2473 1838/3111/2577
f 1838/3111/2577 1821/3108/2576 1833/3096/2569
f 1829/3113/2579 1828/3130/2591 1845/3114/2580
f 1873/3067/2549 1801/3066/2548 1802/3116/2582
f 1708/3118/2461 1709/3169/2497 1822/3119/2584
f 1824/3121/2586 1823/3132/2585 1829/3113/2579
f 1819/3123/2588 1818/4213/2574 1833/3096/2569
f 1863/3052/2537 1814/3080/2560 1819/3124/2588
f 1693/3126/2466 1852/3197/2593 1826/3127/2590
f 1826/3129/2590 1827/3060/2543 1828/3130/2591
f 1823/3132/2585 1822/3131/2584 1828/3130/2591
f 1830/3122/2587 1829/3113/2579 1844/3115/2581
f 1852/3134/2593 1850/3058/2541 1827/3060/2543
f 1807/3135/2594 1809/3034/2522 1808/3054/2539
f 1852/3134/2593 1851/3101/2573 1849/3100/2572
f 1701/3106/2452 1821/3108/2576 1838/3111/2577
f 1848/3137/2595 1850/3058/2541 1849/3100/2572
f 1847/3107/2575 1820/3175/2589 1819/3123/2588
f 1848/3137/2595 1847/3107/2575 1699/3138/2475
f 1848/3137/2595 1739/3139/2596 1730/3140/2476
f 1846/3059/2542 1730/3140/2476 1681/3141/2477
f 1845/3114/2580 1681/3141/2477 1680/3142/2478
f 1842/3143/2597 1843/3133/2592 1678/3144/2479
f 1840/3076/2557 1841/3055/2540 1695/3057/2480
f 1839/3074/2555 1840/3076/2557 1740/3145/2481
f 1839/3074/2555 1838/3111/2577 1837/3112/2578
f 1837/3112/2578 1853/3148/2600 1854/3147/2599
f 1833/3096/2569 1859/3098/2571 1853/3148/2600
f 1676/3149/2485 1854/3153/2599 1853/3150/2600
f 1675/3152/2487 1855/3161/2551 1854/3153/2599
f 1836/3146/2598 1854/3147/2599 1855/3069/2551
f 1698/3154/2489 1707/3170/2498 1824/3155/2586
f 1835/3075/2556 1834/3068/2550 1841/3055/2540
f 1841/3055/2540 1834/3068/2550 1831/3157/2602
f 1842/3143/2597 1831/3157/2602 1830/3122/2587
f 1831/3157/2602 1825/3160/2601 1824/3121/2586
f 1744/3158/2492 1698/3154/2489 1825/3156/2601
f 1834/3068/2550 1832/3070/2552 1825/3160/2601
f 1675/3152/2487 1744/3158/2492 1832/3159/2552
f 1828/3130/2591 1827/3060/2543 1846/3059/2542
f 1801/3066/2548 1804/4214/2538 1805/3162/2563
f 1814/3080/2560 1815/3087/2562 1818/3105/2574
f 1868/3163/2533 1865/3166/2604 1856/3164/2603
f 1811/3165/2565 1857/3200/2607 1865/3166/2604
f 1844/3115/2581 1680/3142/2478 1678/3144/2479
f 1807/3167/2594 1804/4214/2538 1801/3066/2548
f 1877/3042/2527 1879/3045/2530 1799/3168/2561
f 1697/3128/2496 1826/3127/2590 1822/3119/2584
f 1707/3170/2498 1708/3118/2461 1823/3120/2585
f 1796/3027/2517 1862/3039/2525 1806/3171/2534
f 1809/3034/2522 1807/3135/2594 1806/3172/2534
f 1859/3102/2571 1816/3061/2544 1769/3173/2499
f 1858/3030/2520 1770/3032/2392 1769/3173/2499
f 1872/3050/2535 1776/3193/2510 1775/3037/2396
f 1851/3176/2573 1788/3198/2514 1787/3177/2501
f 1805/3179/2563 1787/4215/2501 1786/3180/2502
f 1802/3181/2582 1786/3180/2502 1785/3182/2503
f 1803/3183/2583 1785/3182/2503 1784/3184/2504
f 1860/3185/2567 1784/3184/2504 1783/3186/2506
f 1877/3042/2527 1861/3071/2553 1783/3186/2506
f 1883/3046/2531 1879/3045/2530 1781/3041/2400
f 1798/3188/2605 1780/3201/2508 1779/3189/2507
f 1862/3073/2525 1797/3064/2547 1779/3189/2507
f 1806/3191/2534 1862/3073/2525 1778/3190/2509
f 1806/3049/2534 1777/4216/2606 1776/3193/2510
f 1880/3078/2559 1870/3036/2524 1774/3038/2398
f 1865/3166/2604 1857/3200/2607 1773/3195/2511
f 1856/3164/2603 1865/3166/2604 1772/3196/2513
f 1852/3197/2593 1693/3126/2466 1788/3198/2514
f 1853/3150/2600 1859/4217/2571 1789/3199/2500
f 1857/3200/2607 1880/3078/2559 1792/3194/2515
f 1811/3165/2565 1881/3077/2558 1880/3078/2559
f 1798/3188/2605 1883/3046/2531 1795/3187/2516
f 1875/3063/2546 1882/3044/2529 1883/3046/2531
f 1887/3206/2608 1903/3312/2710 1885/3207/2609
f 2341/3209/2611 2340/4126/3462 2454/3210/2612
f 2024/3212/2614 2025/3460/2846 2000/3213/2615
f 1990/3215/2617 1961/4218/3533 1972/3216/2618
f 2348/3218/2620 2446/3475/2861 2439/3219/2621
f 1970/3221/2623 1959/3525/2906 1952/3222/2624
f 1966/3227/2629 1955/3390/2782 1893/3228/2630
f 2038/3230/2632 2125/3851/2632 2039/3231/2633
f 2120/3233/2635 2034/3537/2916 2049/3234/2636
f 2047/3236/2638 2046/4219/3534 2044/3237/2639
f 1905/3239/2640 1918/3277/2678 1994/3240/2641
f 1947/3242/2643 1938/3328/2726 1948/3243/2644
f 1915/3225/2627 1916/3330/2728 1930/3245/2646
f 1993/3246/2647 1915/3225/2627 1886/3247/2648
f 1907/3249/2650 1973/3252/2653 1891/3250/2651
f 1927/3254/2655 1935/4220/3535 1945/3255/2656
f 1987/3257/2658 1979/4221/3536 1988/3258/2659
f 1968/3260/2661 1959/4222/3537 1970/3261/2662
f 1956/3263/2664 1957/3444/2833 1983/3264/2665
f 1949/3266/2667 1940/3352/2746 1950/3267/2668
f 1980/3269/2670 2456/4136/3472 2458/3270/2671
f 1914/3272/2673 1913/3302/2702 1925/3273/2674
f 1892/3275/2676 1884/3248/2649 1886/3247/2648
f 1918/3277/2678 1905/3239/2640 1888/3278/2679
f 1888/3278/2679 1905/3239/2640 1889/3280/2681
f 1888/3278/2679 1890/3281/2682 1973/3252/2653
f 2003/3285/2686 2004/3406/2797 2005/3286/2687
f 1969/3291/2691 1904/3241/2642 1887/3206/2608
f 1905/3239/2640 1904/3241/2642 1969/3291/2691
f 1896/3297/2697 2028/4223/2915 2027/3298/2698
f 1886/3247/2648 1897/3317/2715 1894/3292/2692
f 2031/3299/2699 2019/3481/2867 2020/3300/2700
f 1913/3302/2702 1887/3206/2608 1904/3241/2642
f 1946/3303/2703 1947/3306/2704 1942/3304/2704
f 1947/3306/2704 1902/3309/2707 1944/3307/2705
f 1901/3308/2706 1944/3307/2705 1902/3309/2707
f 1949/3310/2708 1951/3457/2844 1898/3311/2709
f 1888/3278/2679 1907/3249/2650 1906/3296/2696
f 1914/3272/2673 1993/3246/2647 1884/3248/2649
f 1936/3313/2711 1935/4224/2739 1925/3314/2712
f 1910/3224/2626 1911/3319/2717 1912/3316/2714
f 1909/3318/2716 1912/3316/2714 1911/3319/2717
f 1913/3302/2702 1914/3272/2673 1903/3312/2710
f 1925/3273/2674 1913/3302/2702 1994/3240/2641
f 1995/3279/2680 1921/3295/2695 1939/3322/2720
f 1922/3324/2722 1923/4225/2889 1924/3325/2723
f 1946/3327/2725 1936/3351/2745 1938/3328/2726
f 1993/3246/2647 1914/3272/2673 1926/3274/2675
f 1915/3225/2627 1993/3246/2647 1928/3329/2727
f 1921/3295/2695 1922/3324/2722 1941/3326/2724
f 1917/3226/2628 1930/3245/2646 1932/3331/2729
f 1958/3333/2731 1967/4226/2731 1895/3334/2731
f 1948/3336/2732 1920/4227/3538 1939/3337/2733
f 1941/3339/2735 1924/3455/2842 1934/3340/2736
f 1927/3342/2738 1926/3345/2740 1925/3343/2712
f 1926/3345/2740 1927/3342/2738 1943/3346/2741
f 1928/3347/2742 1943/3346/2741 1929/3348/2743
f 1945/3350/2656 1935/4228/3535 1936/3351/2745
f 1902/3244/2645 1948/3243/2644 1940/3352/2746
f 1951/3268/2669 1950/3267/2668 1934/3353/2747
f 1943/3355/2749 1927/3254/2655 1942/3256/2657
f 1929/3357/2751 1943/3355/2749 1944/3356/2750
f 1933/3359/2753 1931/3534/2914 1898/3360/2754
f 2010/3362/2756 2029/3521/2902 2015/3363/2757
f 1985/3365/2759 1954/3373/2767 1955/3366/2760
f 1970/3221/2623 1987/3223/2625 1989/3368/2762
f 1989/3368/2762 1990/3215/2617 1960/3217/2619
f 1992/3370/2764 1964/3290/2683 1963/3289/2690
f 1985/3365/2759 1953/4229/3539 1965/3372/2766
f 1957/3374/2768 1956/3395/2786 1966/3375/2769
f 1997/3376/2770 2024/3212/2614 1999/3214/2616
f 2406/3378/2772 2422/4070/3412 2423/3379/2773
f 1966/3227/2629 1894/3229/2631 1895/3381/2775
f 1973/3383/2776 1972/3398/2789 1963/3384/2777
f 1965/3386/2778 1959/4222/3537 1968/3260/2661
f 1965/3386/2778 1885/3387/2779 1892/3388/2780
f 1955/3390/2782 1954/3389/2781 1892/3388/2780
f 1970/3261/2662 1971/4230/3540 1889/3391/2783
f 2032/3392/2784 1963/4231/2784 2033/3393/2784
f 1972/3216/2618 1961/4218/3533 1962/3371/2765
f 1984/3367/2761 1955/3366/2760 1966/3375/2769
f 1940/3338/2734 1939/3337/2733 1941/3339/2735
f 2007/3396/2787 2026/3424/2815 1997/3376/2770
f 1890/3397/2788 1960/3416/2807 1972/3398/2789
f 1906/3399/2790 2008/3461/2847 2001/3400/2791
f 2015/3402/2793 2031/3410/2801 2012/3403/2794
f 2002/3405/2796 2006/3459/2845 2004/3406/2797
f 2449/3407/2798 2441/4004/3350 1975/3408/2799
f 2031/3410/2801 2015/3402/2793 2029/3411/2802
f 1932/3413/2804 1930/3524/2905 1931/3414/2805
f 1889/3391/2783 1971/4230/3540 1960/3416/2807
f 2324/3417/2808 2363/3433/2824 2459/3418/2809
f 2451/3420/2811 1983/3998/3344 1982/3421/2812
f 2007/3396/2787 1996/4232/3541 2021/3423/2814
f 2364/3425/2816 2322/3980/2840 2445/3426/2817
f 2353/3428/2819 2440/4172/3505 2448/3429/2820
f 2361/3430/2821 2448/3429/2820 2443/3431/2822
f 2363/3433/2824 2364/3425/2816 2461/3427/2818
f 1992/3434/2825 1962/3438/2828 1991/3435/2826
f 1961/3437/2827 1981/3440/2830 1991/3435/2826
f 1990/3439/2829 1980/3450/2829 1981/3440/2830
f 1978/3441/2831 1979/4233/3536 1987/3442/2658
f 1992/3434/2825 1982/3436/2825 1983/3264/2665
f 1953/3445/2834 1986/3447/2836 1978/3441/2831
f 1985/3446/2835 1975/3449/2838 1986/3447/2836
f 1985/3446/2835 1984/3451/2839 1976/3448/2837
f 1989/3259/2660 1988/3258/2659 1980/3450/2829
f 1984/3451/2839 1956/3263/2664 1977/3265/2666
f 2322/3452/2840 2359/3954/3305 2450/3453/2841
f 1886/3247/2648 1915/3225/2627 1910/3224/2626
f 1924/3455/2842 1932/3413/2804 1933/3415/2806
f 1899/3456/2843 1898/3311/2709 1951/3457/2844
f 2021/3423/2814 1996/4232/3541 2006/3459/2845
f 1934/3353/2747 1933/3359/2753 1899/3361/2755
f 2025/3460/2846 2001/3400/2791 2008/3461/2847
f 2006/3474/2860 1996/3470/2856 2009/3469/2855
f 2341/3209/2611 2453/3211/2613 2446/3475/2861
f 2015/3363/2757 2017/3517/2898 2018/3476/2862
f 2031/3299/2699 2030/3520/2901 2011/3480/2866
f 2012/3301/2701 2020/3300/2700 2013/3482/2868
f 2018/3489/2875 2020/3484/2870 2019/3490/2876
f 2024/3496/2882 1997/3495/2881 1923/3493/2879
f 1908/3497/2883 2013/3507/2890 1909/3498/2716
f 1923/3493/2879 2021/3492/2878 2002/3504/2888
f 2023/3332/2730 1932/3331/2729 1924/3505/2723
f 1906/3296/2696 1907/3249/2650 2013/3507/2890
f 2022/3287/2688 2005/3286/2687 1910/3509/2892
f 2027/3511/2893 1964/4234/3542 1958/3512/2894
f 1919/3514/2895 1920/4227/3538 1948/3336/2732
f 1912/3516/2897 2018/3476/2862 2017/3517/2898
f 2010/3362/2756 2011/3480/2866 2030/3520/2901
f 1919/3522/2903 1918/3277/2678 1995/3279/2680
f 1930/3524/2905 1916/3349/2744 1929/3348/2743
f 1965/3372/2766 1953/4229/3539 1952/3222/2624
f 2033/3526/2907 1964/4234/3542 2027/3511/2893
f 2223/3529/2909 2222/4235/3543 2221/3530/2910
f 2442/3532/2912 2449/3407/2798 1976/3409/2800
f 1937/3321/2719 1994/3240/2641 1918/3277/2678
f 1931/3534/2914 1929/3357/2751 1901/3358/2752
f 1897/3317/2715 1896/3297/2697 1974/3293/2693
f 2014/3251/2652 1891/3250/2651 2027/3535/2698
f 1937/3315/2713 1919/3514/2895 1938/3515/2896
f 2034/3537/2916 2120/3233/2635 2035/3538/2917
f 2035/3540/2917 2123/3832/3197 2053/3541/2919
f 2081/3546/2923 2122/4236/3544 2123/3547/2924
f 2053/3552/2929 2054/4195/3527 2269/3553/2930
f 2134/3555/2932 2034/3846/3209 2052/3556/2933
f 2045/3561/2937 2247/4192/3524 2248/3562/2938
f 2042/3564/2940 2045/3561/2937 2150/3563/2939
f 2080/3566/2941 2082/3608/2983 2122/3567/2942
f 2072/3569/2944 2070/3614/2975 2108/3570/2945
f 2113/3572/2947 2115/3626/2999 2105/3573/2948
f 2096/3575/2950 2101/3579/2954 2106/3576/2951
f 2095/3578/2953 2100/3581/2956 2101/3579/2954
f 2095/3578/2953 2083/3840/3203 2094/3580/2955
f 2064/3582/2957 2066/4237/3545 2067/3583/2958
f 2062/3585/2960 2060/4238/3546 2128/3586/2961
f 2062/3585/2960 2078/3613/2988 2079/3588/2963
f 2080/3566/2941 2061/3589/2964 2079/3588/2963
f 2086/3590/2965 2092/3856/3216 2093/3591/2966
f 2089/3593/2968 2077/4239/3547 2076/3594/2969
f 2100/3581/2956 2094/3580/2955 2099/3596/2971
f 2101/3579/2954 2100/3581/2956 2104/3574/2949
f 2226/3597/2972 2227/3787/3155 2185/3598/2973
f 2070/3600/2975 2072/3870/2944 2118/3601/2976
f 2247/3603/2978 2258/4179/3511 2259/3604/2979
f 2079/3588/2963 2078/3613/2988 2088/3606/2981
f 2082/3608/2983 2080/3566/2941 2086/3590/2965
f 2059/3609/2984 2060/4238/3546 2062/3585/2960
f 2102/3577/2952 2106/3576/2951 2107/3610/2985
f 2080/3566/2941 2081/3568/2943 2059/3609/2984
f 2089/3593/2968 2074/3857/3217 2090/3612/2987
f 2078/3613/2988 2077/4239/3547 2089/3593/2968
f 2070/3614/2975 2107/3610/2985 2106/3576/2951
f 2067/3583/2958 2068/3838/2986 2107/3615/2985
f 2069/3616/2989 2107/3615/2985 2070/3600/2975
f 2104/3574/2949 2099/3596/2971 2103/3617/2990
f 2103/3617/2990 2112/3622/2995 2111/3618/2991
f 2113/3572/2947 2103/3617/2990 2200/3619/2992
f 2203/3621/2994 2111/3618/2991 2112/3622/2995
f 2157/3624/2997 2091/3855/3215 2090/3612/2987
f 2115/3626/2999 2113/3572/2947 2114/3620/2993
f 2109/3571/2946 2115/3626/2999 2116/3627/3000
f 2197/3628/3001 2158/3813/3180 2072/3569/2944
f 2128/3631/3004 2043/4240/3548 2044/3632/3005
f 2035/3548/2925 2120/3635/3008 2059/3634/3007
f 2120/3635/3008 2121/3821/3186 2060/3636/3009
f 2123/3547/2924 2122/4236/3544 2124/3637/3010
f 2037/3638/3011 2124/3637/3010 2084/3639/3012
f 2039/3641/3014 2125/3640/3013 2084/3639/3012
f 2041/3643/3016 2039/3641/3014 2126/3642/3015
f 2041/3643/3016 2097/3644/3017 2075/3645/3018
f 2218/3647/3020 2236/3898/3253 2226/3648/3021
f 2263/3650/3023 2130/3681/3053 2132/3651/3024
f 2206/3653/3026 2207/3734/3106 2202/3654/3027
f 2135/3656/3029 2270/4241/3549 2136/3657/3030
f 2178/3659/3032 2175/3724/3096 2169/3660/3033
f 2142/3662/3035 2133/3658/3031 2137/3663/3036
f 2261/3665/3038 2147/4242/3550 2263/3650/3023
f 2137/3663/3036 2271/3878/3235 2272/3667/3040
f 2249/3669/3042 2260/3868/3226 2268/3670/3043
f 2144/3672/3045 2143/4243/3551 2146/3673/3046
f 2251/3674/3047 2139/4244/3047 2141/3675/3048
f 2144/3677/3050 2130/4245/3050 2140/3678/3051
f 2272/3667/3040 2131/4246/3552 2144/3672/3045
f 2263/3650/3023 2147/4242/3550 2140/3680/3052
f 2264/3682/3054 2132/4247/3055 2131/3683/3055
f 2143/3685/3057 2140/4248/3057 2147/3686/3058
f 2267/3688/3060 2148/4249/3060 2149/3689/3061
f 2248/3691/3063 2259/4250/3553 2255/3692/3064
f 2250/3694/3066 2260/3868/3226 2249/3669/3042
f 2149/3696/3068 2148/4251/3554 2255/3697/3069
f 2273/3699/3071 2266/3690/3062 2149/3689/3061
f 2268/3701/3073 2265/3903/3257 2271/3702/3074
f 2114/3620/2993 2200/3619/2992 2201/3704/3076
f 2197/3628/3001 2116/3627/3000 2198/3706/3078
f 2204/3655/3028 2203/3621/2994 2157/3624/2997
f 2194/3709/3081 2192/3762/3133 2193/3710/3082
f 2223/3712/3084 2229/3768/3138 2241/3713/3085
f 2178/3659/3032 2215/3759/3130 2206/3653/3026
f 2188/3716/3088 2189/3720/3092 2191/3717/3089
f 2186/3719/3091 2187/3744/3116 2189/3720/3092
f 2164/3721/3093 2165/3879/3236 2166/3722/3094
f 2177/3715/3087 2176/3774/3144 2175/3724/3096
f 2195/3707/3079 2198/3706/3078 2210/3725/3097
f 2230/3726/3098 2231/3769/3139 2232/3727/3099
f 2267/3729/3101 2150/4252/3555 2248/3691/3063
f 2188/3716/3088 2211/3772/3142 2212/3730/3102
f 2199/3705/3077 2201/3704/3076 2208/3731/3103
f 2213/3733/3105 2208/3731/3103 2207/3734/3106
f 2184/3736/3108 2213/3733/3105 2214/3735/3107
f 2180/3738/3110 2179/3661/3034 2170/3739/3111
f 2225/3741/3113 2170/3739/3111 2179/3661/3034
f 2167/3742/3114 2225/3741/3113 2169/3660/3033
f 2184/3736/3108 2185/3820/3185 2187/3744/3116
f 2237/3745/3117 2219/3805/3172 2238/3746/3118
f 2160/3748/3120 2159/4253/3083 2193/3749/3082
f 2161/3750/3121 2193/3749/3082 2162/3751/3122
f 2180/3738/3110 2181/3740/3112 2182/3752/3123
f 2273/3753/3124 2278/4254/3124 2051/3754/3125
f 2200/3619/2992 2111/3618/2991 2202/3654/3027
f 2151/3756/3127 2153/3761/3132 2155/3757/3128
f 2214/3735/3107 2207/3734/3106 2206/3653/3026
f 2119/3760/3131 2152/3777/3147 2153/3761/3132
f 2192/3762/3133 2190/3718/3090 2162/3763/3122
f 2269/3764/3134 2268/3701/3073 2136/3703/3075
f 2156/3766/3136 2176/3774/3144 2177/3715/3087
f 2198/3706/3078 2199/3705/3077 2209/3732/3104
f 2153/3761/3132 2172/3770/3140 2173/3767/3137
f 2229/3768/3138 2223/3712/3084 2231/3769/3139
f 2161/3750/3121 2171/3771/3141 2172/3770/3140
f 2163/3723/3095 2166/3722/3094 2171/3771/3141
f 2211/3772/3142 2210/3725/3097 2209/3732/3104
f 2166/3722/3094 2168/3743/3115 2174/3773/3143
f 2212/3730/3102 2209/3732/3104 2208/3731/3103
f 2174/3773/3143 2175/3724/3096 2176/3774/3144
f 2163/3723/3095 2162/3751/3122 2228/3775/3145
f 2179/3661/3034 2180/3738/3110 2215/3759/3130
f 2196/3776/3146 2159/4253/3083 2160/3748/3120
f 2190/3718/3090 2191/3717/3089 2228/3778/3145
f 2168/3743/3115 2169/3660/3033 2175/3724/3096
f 2216/3779/3148 2232/3790/3158 2237/3780/3149
f 2048/3782/3151 2257/4175/3507 2475/3783/3152
f 2231/3785/3150 2223/3529/2909 2220/3531/2911
f 2227/3787/3155 2238/3863/3223 2187/3788/3156
f 2181/3789/3157 2235/4255/3165 2226/3597/2972
f 2219/3786/3154 2237/3780/3149 2232/3790/3158
f 2225/3791/3159 2233/3883/3240 2234/3792/3160
f 2165/3794/3162 2230/3827/3192 2224/3795/3163
f 2170/3793/3161 2234/3792/3160 2235/3797/3165
f 2228/3799/3166 2191/3853/3213 2240/3800/3167
f 2220/3802/3169 2221/3864/3224 2240/3803/3170
f 2219/3805/3172 2220/3802/3169 2239/3804/3171
f 2155/3757/3128 2173/3767/3137 2176/3774/3144
f 2152/3777/3147 2160/3748/3120 2172/3770/3140
f 2233/3806/3173 2216/3809/3176 2217/3807/3174
f 2224/3728/3100 2232/3727/3099 2216/3809/3176
f 2210/3725/3097 2211/3772/3142 2192/3762/3133
f 2133/3658/3031 2142/3662/3035 2134/3810/3177
f 2126/3811/3178 2096/3575/2950 2102/3577/2952
f 2195/3707/3079 2196/3902/3146 2158/3813/3180
f 2152/3777/3147 2119/3760/3131 2158/3814/3180
f 2236/3781/3150 2218/4256/3158 2217/3815/3150
f 2474/3816/3181 2280/4177/3509 2281/3817/3182
f 2229/3819/3184 2164/3826/3191 2228/3799/3166
f 2201/3704/3076 2202/3654/3027 2207/3734/3106
f 2183/3737/3109 2182/3752/3123 2185/3820/3185
f 2121/3821/3186 2043/4240/3548 2128/3631/3004
f 2110/3625/2998 2156/3766/3136 2205/3708/3080
f 2154/3758/3129 2155/3757/3128 2156/3766/3136
f 2205/3708/3080 2177/3715/3087 2206/3653/3026
f 2111/3618/2991 2203/3621/2994 2204/3655/3028
f 2116/3627/3000 2114/3620/2993 2199/3705/3077
f 2040/3822/3187 2041/3829/3194 2127/3823/3188
f 2127/3823/3188 2129/3841/3204 2045/3825/3190
f 2164/3826/3191 2229/3819/3184 2230/3827/3192
f 2071/3602/2977 2118/3601/2976 2117/3828/3193
f 2057/3232/2634 2039/3231/2633 2041/3829/3194
f 2102/3577/2952 2068/3611/2986 2075/3830/3195
f 2036/3831/3196 2053/3541/2919 2123/3832/3197
f 2273/3834/3199 2274/3912/3265 2275/3835/3200
f 2067/3583/2958 2066/4237/3545 2075/3837/3195
f 2084/3839/3202 2124/3869/3227 2083/3840/3203
f 2044/3237/2639 2046/4219/3534 2045/3825/3190
f 2063/3587/2962 2128/3586/2961 2064/3582/2957
f 2064/3633/3006 2044/3632/3005 2129/3844/3207
f 2034/3846/3209 2134/3555/2932 2141/3847/3210
f 2075/3849/3018 2066/3845/3208 2129/3844/3207
f 2038/3230/2632 2036/3831/3196 2037/3833/3198
f 2126/3811/3178 2084/3839/3202 2095/3578/2953
f 2239/3852/3212 2240/3800/3167 2191/3853/3213
f 2108/3570/2945 2105/3573/2948 2115/3626/2999
f 2088/3606/2981 2090/3612/2987 2091/3855/3215
f 2106/3576/2951 2101/3579/2954 2105/3573/2948
f 2083/3840/3203 2082/3608/2983 2085/3592/2967
f 2087/3607/2982 2091/3855/3215 2098/3623/2996
f 2099/3596/2971 2093/3591/2966 2112/3622/2995
f 2073/3595/2970 2117/3828/3193 2074/3857/3217
f 2092/3856/3216 2098/3623/2996 2112/3622/2995
f 2086/3590/2965 2079/3588/2963 2087/3607/2982
f 2069/3616/2989 2071/3602/2977 2073/3595/2970
f 2076/3594/2969 2077/4239/3547 2063/3587/2962
f 2121/3235/2637 2049/3234/2636 2047/3236/2638
f 2238/3863/3223 2239/3852/3212 2189/3854/3214
f 2241/3713/3085 2240/3803/3170 2221/3864/3224
f 2234/3808/3175 2217/3807/3174 2218/3865/3020
f 2051/3754/3125 2150/4257/3225 2267/3867/3225
f 2211/3772/3142 2188/3716/3088 2190/3718/3090
f 2260/3868/3226 2250/3694/3066 2261/3665/3038
f 2124/3869/3227 2122/3567/2942 2082/3608/2983
f 2119/3760/3131 2118/3601/2976 2072/3870/2944
f 2069/3616/2989 2076/3594/2969 2065/3584/2959
f 2250/3676/3049 2142/3913/3266 2138/3871/3228
f 2242/3873/3230 2243/3900/3255 2465/3874/3231
f 2151/3756/3127 2117/3828/3193 2118/3601/2976
f 2275/3876/3233 2058/4194/3526 2040/3843/3206
f 2154/3758/3129 2074/3857/3217 2117/3828/3193
f 2085/3592/2967 2093/3591/2966 2099/3596/2971
f 2091/3855/3215 2157/3624/2997 2203/3621/2994
f 2147/3686/3058 2261/3872/3229 2138/3871/3228
f 2186/3719/3091 2212/3730/3102 2213/3733/3105
f 2171/3771/3141 2174/3773/3143 2173/3767/3137
f 2137/3663/3036 2133/3658/3031 2136/3657/3030
f 2137/3663/3036 2145/3668/3041 2146/3673/3046
f 2165/3879/3236 2167/3742/3114 2168/3743/3115
f 2245/3880/3237 2246/4182/3514 2472/3881/3238
f 2167/3796/3164 2224/3795/3163 2233/3883/3240
f 2269/3884/3241 2054/4178/3510 2253/3885/3242
f 2466/3887/3243 2055/4181/3513 2254/3888/3244
f 2470/3890/3246 2056/4176/3508 2282/3891/3247
f 2464/3893/3249 2058/4258/3556 2283/3894/3250
f 2283/3894/3250 2058/4258/3556 2275/3896/3252
f 2236/3898/3253 2237/3745/3117 2227/3747/3119
f 2141/3899/3254 2139/4259/3254 2243/3900/3255
f 2260/3868/3226 2262/3666/3039 2265/3901/3256
f 2263/3650/3023 2264/3652/3025 2265/3901/3256
f 2194/3709/3081 2159/3711/3083 2196/3902/3146
f 2110/3625/2998 2090/3612/2987 2074/3857/3217
f 2264/3682/3054 2272/3684/3056 2271/3702/3074
f 2132/3904/3258 2130/4245/3050 2144/3677/3050
f 2149/3696/3068 2256/3698/3070 2277/3906/3259
f 2063/3587/2962 2077/4239/3547 2078/3613/2988
f 2050/3908/3261 2244/4180/3512 2476/3909/3262
f 2183/3737/3109 2214/3735/3107 2215/3759/3130
f 2278/3877/3234 2040/3843/3206 2042/3564/2940
f 2270/3554/2931 2135/3557/2933 2052/3556/2933
f 2277/3911/3264 2276/4260/3264 2275/3835/3200
f 2141/3675/3048 2134/4261/3557 2142/3913/3266
f 2288/3914/3267 2370/4116/3452 2289/3915/3268
f 2365/3917/3270 2284/3923/3275 2299/3918/3271
f 2297/3920/3273 2296/4262/3558 2294/3921/3274
f 2284/3923/3275 2365/3917/3270 2285/3924/3276
f 2285/3924/3276 2368/4097/3437 2303/3926/3278
f 2285/3930/3282 2331/4012/3358 2367/3931/3283
f 2303/3936/3288 2304/4200/3532 2423/3937/3289
f 2379/3939/3291 2284/4111/3449 2302/3940/3292
f 2401/3945/3296 2402/4263/3559 2395/3946/3297
f 2292/3948/3299 2295/3947/3298 2395/3946/3297
f 2330/3950/3301 2332/3986/3336 2367/3951/3302
f 2320/3953/3304 2358/3991/3341 2359/3954/3305
f 2362/3432/2823 2355/3978/3329 2354/3955/3306
f 2346/3956/3307 2351/3960/3311 2356/3957/3308
f 2345/3959/3310 2350/3962/3313 2351/3960/3311
f 2345/3959/3310 2333/4105/3443 2344/3961/3312
f 2314/3963/3314 2316/4264/3560 2317/3964/3315
f 2312/3966/3317 2310/4265/3561 2373/3967/3318
f 2312/3966/3317 2328/3990/3340 2329/3969/3320
f 2330/3950/3301 2311/3970/3321 2329/3969/3320
f 2336/3971/3322 2342/4117/3453 2343/3972/3323
f 2339/3974/3325 2327/4266/3562 2326/3975/3326
f 2350/3962/3313 2344/3961/3312 2349/3977/3328
f 2351/3960/3311 2350/3962/3313 2354/3955/3306
f 2321/3979/3330 2320/3994/3304 2322/3980/2840
f 2402/3981/3331 2401/4186/3518 2412/3982/3332
f 2329/3969/3320 2328/3990/3340 2338/3984/3334
f 2332/3986/3336 2330/3950/3301 2336/3971/3322
f 2309/3987/3337 2310/4265/3561 2312/3966/3317
f 2352/3958/3309 2356/3957/3308 2357/3988/3338
f 2311/3970/3321 2330/3950/3301 2331/3952/3303
f 2324/3417/2808 2340/4126/3462 2338/3984/3334
f 2328/3990/3340 2327/4266/3562 2339/3974/3325
f 2320/3953/3304 2357/3988/3338 2356/3957/3308
f 2317/3964/3315 2318/4103/3339 2357/3992/3338
f 2319/3993/3342 2357/3992/3338 2320/3994/3304
f 2349/3977/3328 2353/3428/2819 2361/3430/2821
f 1991/3995/3343 2460/4137/3473 2444/3996/2813
f 2451/3420/2811 2442/3532/2912 1977/3533/2913
f 1979/3999/3345 1978/4133/3469 2447/4000/3346
f 1979/3999/3345 2452/4001/3347 2455/4002/3348
f 2441/4004/3350 2438/4132/3468 1986/4005/3351
f 2373/4008/3354 2293/4267/3563 2294/4009/3355
f 2285/3930/3282 2365/4013/3357 2309/4011/3357
f 2365/4013/3357 2366/4087/3429 2310/4014/3359
f 2368/3932/3284 2367/3931/3283 2369/4015/3360
f 2287/4016/3361 2369/4015/3360 2334/4017/3362
f 2289/4019/3363 2370/4018/3362 2334/4017/3362
f 2291/4021/3365 2289/4019/3363 2371/4020/3364
f 2291/4021/3365 2347/4022/3366 2325/4023/3367
f 2417/4025/3368 2375/4050/3393 2377/4026/3369
f 2380/4028/3371 2424/4268/3564 2381/4029/3372
f 2387/4031/3374 2378/4030/3373 2382/4032/3375
f 2415/4034/3377 2392/4269/3565 2417/4025/3368
f 2382/4032/3375 2425/4138/3474 2426/4036/3379
f 2403/4038/3381 2414/4124/3460 2422/4039/3382
f 2389/4041/3384 2388/4270/3566 2391/4042/3385
f 2405/4043/3386 2384/4271/3386 2386/4044/3387
f 2389/4046/3389 2375/4272/3389 2385/4047/3390
f 2426/4036/3379 2376/4273/3567 2389/4041/3384
f 2417/4025/3368 2392/4269/3565 2385/4049/3392
f 2418/4051/3394 2377/4274/3395 2376/4052/3395
f 2388/4054/3397 2385/4275/3568 2392/4055/3398
f 2421/4057/3400 2393/4276/3400 2394/4058/3401
f 2402/4060/3403 2413/4277/3569 2409/4061/3404
f 2404/4063/3406 2414/4124/3460 2403/4038/3381
f 2394/4065/3408 2393/4278/3409 2409/4066/3409
f 2427/4068/3411 2420/4059/3402 2394/4058/3401
f 2422/4070/3412 2419/4161/3496 2425/4071/3413
f 2421/4073/3415 2395/4279/3570 2402/4060/3403
f 2427/4074/3416 2432/4280/3416 2301/4075/3417
f 2423/3379/2773 2422/4070/3412 2381/4072/3414
f 2493/4078/3420 2298/4183/3515 2411/4079/3421
f 2378/4030/3373 2387/4031/3374 2379/4081/3423
f 2371/4082/3424 2346/3956/3307 2352/3958/3309
f 2489/4084/3426 2490/4188/3520 2434/4085/3427
f 2366/4087/3429 2293/4267/3563 2373/4008/3354
f 2290/4088/3430 2291/4094/3434 2372/4089/3431
f 2372/4091/3431 2374/4106/3444 2295/4092/3433
f 2364/3425/2816 2363/3433/2824 2323/3976/3327
f 2307/3916/3269 2289/3915/3268 2291/4094/3434
f 2347/4083/3425 2352/3958/3309 2318/3989/3339
f 2286/4096/3436 2303/3926/3278 2368/4097/3437
f 2427/4099/3439 2428/4170/3503 2429/4100/3440
f 2317/3964/3315 2316/4264/3560 2325/4102/3435
f 2334/4104/3442 2369/4125/3461 2333/4105/3443
f 2294/3921/3274 2296/4262/3558 2295/4092/3433
f 2313/3968/3319 2373/3967/3318 2314/3963/3314
f 2314/4010/3356 2294/4009/3355 2374/4109/3447
f 2284/4111/3449 2379/3939/3291 2386/4112/3450
f 2325/4114/3367 2316/4110/3448 2374/4109/3447
f 2288/3914/3267 2286/4096/3436 2287/4098/3438
f 2371/4082/3424 2334/4104/3442 2345/3959/3310
f 2355/3978/3329 2362/3432/2823 2359/3954/3305
f 2338/3984/3334 2340/4126/3462 2341/3209/2611
f 2356/3957/3308 2351/3960/3311 2355/3978/3329
f 2333/4105/3443 2332/3986/3336 2335/3973/3324
f 2337/3985/3335 2341/3209/2611 2348/3218/2620
f 2343/3972/3323 2360/3220/2622 2353/3428/2819
f 2363/3433/2824 2324/3417/2808 2339/3974/3325
f 2342/4117/3453 2348/3218/2620 2360/3220/2622
f 2336/3971/3322 2329/3969/3320 2337/3985/3335
f 2319/3993/3342 2321/3979/3330 2323/3976/3327
f 2326/3975/3326 2327/4266/3562 2313/3968/3319
f 2366/3919/3272 2299/3918/3271 2297/3920/3273
f 2301/4075/3417 2395/4281/3459 2421/4123/3459
f 2414/4124/3460 2404/4063/3406 2415/4034/3377
f 2369/4125/3461 2367/3951/3302 2332/3986/3336
f 2340/4126/3462 2324/3417/2808 2457/3419/2810
f 2319/3993/3342 2326/3975/3326 2315/3965/3316
f 2404/4045/3388 2387/4171/3504 2383/4127/3463
f 2487/4129/3465 2396/4159/3494 2397/4130/3466
f 2438/4132/3468 2447/4000/3346 1978/4133/3469
f 2429/4134/3470 2308/4199/3531 2290/4108/3446
f 1988/4003/3349 2455/4002/3348 2456/4136/3472
f 2335/3973/3324 2343/3972/3323 2349/3977/3328
f 1981/3271/2672 2458/3270/2671 2460/4137/3473
f 2392/4055/3398 2415/4128/3464 2383/4127/3463
f 2382/4032/3375 2378/4030/3373 2381/4029/3372
f 2382/4032/3375 2390/4037/3380 2391/4042/3385
f 2479/4139/3475 2399/4189/3521 2400/4140/3476
f 2252/4142/3478 2268/3701/3073 2269/3764/3134
f 2433/4144/3479 2423/4282/3479 2304/4145/3480
f 2484/4147/3482 2482/4185/3517 2305/4148/3483
f 2483/4150/3485 2486/4184/3516 2306/4151/3486
f 2480/4153/3488 2308/4283/3571 2437/4154/3489
f 2437/4154/3489 2308/4283/3571 2429/4156/3491
f 2386/4158/3493 2384/4284/3493 2397/4130/3466
f 2414/4124/3460 2416/4035/3378 2419/4160/3495
f 2417/4025/3368 2418/4027/3370 2419/4160/3495
f 2362/3432/2823 2443/3431/2822 2450/3453/2841
f 2418/4051/3394 2426/4053/3396 2425/4071/3413
f 2377/4162/3497 2375/4272/3389 2389/4046/3389
f 2394/4065/3408 2410/4067/3410 2431/4164/3498
f 2313/3968/3319 2327/4266/3562 2328/3990/3340
f 2478/4166/3499 2300/4187/3519 2398/4167/3500
f 2432/4135/3471 2290/4108/3446 2292/3948/3299
f 2424/3938/3290 2380/3941/3292 2302/3940/3292
f 2431/4169/3502 2430/4285/3572 2429/4100/3440
f 2386/4044/3387 2379/4286/3573 2387/4171/3504
f 2447/4000/3346 2446/3475/2861 2453/3211/2613
f 2454/3210/2612 2457/3419/2810 2456/4136/3472
f 2457/3419/2810 2459/3418/2809 2458/3270/2671
f 2439/3219/2621 2438/4132/3468 2441/4004/3350
f 2459/3418/2809 2461/3427/2818 2460/4137/3473
f 2453/3211/2613 2454/3210/2612 2455/4002/3348
f 2461/3427/2818 2445/3426/2817 2444/3996/2813
f 2446/3475/2861 2447/4000/3346 2438/4132/3468
f 2443/3431/2822 2442/3532/2912 2451/3420/2811
f 2451/3420/2811 2444/3422/2813 2445/3454/2817
f 2440/4172/3505 2441/4004/3350 2449/3407/2798
f 2448/3429/2820 2449/3407/2798 2442/3532/2912
f 2360/3220/2622 2439/3219/2621 2440/4172/3505
f 1992/4173/2764 1957/3374/2768 1967/3283/2684
f 2009/3469/2855 1998/3501/2885 1999/3523/2904
f 2011/4174/3506 2010/4287/3574 2016/3491/2877
f 1884/3248/2649 1892/3275/2676 1885/3207/2609
f 2462/3910/3263 2476/3909/3262 2257/4175/3507
f 2056/4176/3508 2464/3893/3249 2469/3895/3251
f 2280/4177/3509 2470/3890/3246 2467/3892/3248
f 2054/4178/3510 2466/3887/3243 2468/3889/3245
f 2463/3882/3239 2472/3881/3238 2258/4179/3511
f 2471/3875/3232 2465/3874/3231 2244/4180/3512
f 2055/4181/3513 2474/3816/3181 2473/3818/3183
f 2477/3784/3153 2475/3783/3152 2246/4182/3514
f 2298/4183/3515 2478/4166/3499 2492/4168/3501
f 2436/4152/3487 2306/4151/3486 2480/4153/3488
f 2435/4086/3428 2434/4085/3427 2486/4184/3516
f 2407/4146/3481 2304/4145/3480 2482/4185/3517
f 2479/4139/3475 2488/4141/3477 2412/3982/3332
f 2300/4187/3519 2487/4129/3465 2481/4131/3467
f 2408/4149/3484 2305/4148/3483 2490/4188/3520
f 2399/4189/3521 2493/4078/3420 2491/4080/3422
o prop_garage_canister.003
v 0.441790 1.127254 -2.556246
v 0.442260 1.092055 -2.569546
v 0.396904 1.091964 -2.642821
v 0.405631 1.115216 -2.658798
v 0.450668 1.117558 -2.574570
v 0.442121 1.305890 -2.555037
v 0.412716 1.399414 -2.541504
v 0.409106 1.411875 -2.550538
v 0.444985 1.305659 -2.549173
v 0.414118 1.397650 -2.534100
v 0.443043 1.109897 -2.548194
v 0.443883 1.127749 -2.549364
v 0.446541 1.462382 -2.373174
v 0.451022 1.446236 -2.364244
v 0.464798 1.307386 -2.544424
v 0.409599 1.465791 -2.446796
v 0.465110 1.124190 -2.545072
v 0.388538 1.464831 -2.488768
v 0.385081 1.460452 -2.495658
v 0.534181 1.095206 -2.397078
v 0.558472 1.115557 -2.307631
v 0.538639 1.113930 -2.394737
v 0.534899 1.307474 -2.398692
v 0.531051 1.328141 -2.398995
v 0.533361 1.353456 -2.341917
v 0.527770 1.357960 -2.328133
v 0.484784 1.412181 -2.368139
v 0.483552 1.412516 -2.395137
v 0.475442 1.414551 -2.420353
v 0.424257 1.412652 -2.526891
v 0.373929 1.439206 -2.517884
v 0.430285 1.463511 -2.405571
v 0.433539 1.460164 -2.399085
v 0.437716 1.440046 -2.390761
v 0.374395 1.470862 -2.516955
v 0.431212 1.483659 -2.403724
v 0.387176 1.420178 -2.491483
v 0.452380 1.416964 -2.404044
v 0.434101 1.419469 -2.397966
v 0.437342 1.426085 -2.391508
v 0.388106 1.478889 -2.516001
v 0.394651 1.482548 -2.505509
v 0.419106 1.484384 -2.454681
v 0.443385 1.480709 -2.406347
v 0.408284 1.486845 -2.449416
v 0.380051 1.484858 -2.505682
v 0.376187 1.480542 -2.513384
v 0.387098 1.467416 -2.519739
v 0.396504 1.465043 -2.514256
v 0.397516 1.473351 -2.511602
v 0.402528 1.476372 -2.501652
v 0.425025 1.476008 -2.457821
v 0.447882 1.475852 -2.410867
v 0.450761 1.474976 -2.391839
v 0.469520 1.417169 -2.394470
v 0.454708 1.471564 -2.397551
v 0.459582 1.459719 -2.392665
v 0.464960 1.445267 -2.386596
v 0.467089 1.431472 -2.386045
v 0.451897 1.427390 -2.397258
v 0.450599 1.442190 -2.396652
v 0.447762 1.453612 -2.399376
v 0.451476 1.464155 -2.403328
v 0.446901 1.469360 -2.413652
v 0.423898 1.470144 -2.457572
v 0.405752 1.468403 -2.491821
v 0.401317 1.466473 -2.499210
v 0.383871 1.453510 -2.498070
v 0.398289 1.460228 -2.504516
v 0.406560 1.418944 -2.503271
v 0.397929 1.442219 -2.505443
v 0.399917 1.419680 -2.518539
v 0.397083 1.441747 -2.514786
v 0.388960 1.412517 -2.522363
v 0.385991 1.439764 -2.521169
v 0.471346 1.430077 -2.367961
v 0.383931 1.438723 -2.497950
v 0.436618 1.451673 -2.392951
v 0.455548 1.430351 -2.355224
v 0.464442 1.446138 -2.375190
v 0.458599 1.461452 -2.383228
v 0.440853 1.476046 -2.384510
v 0.543956 1.316537 -2.300479
v 0.552886 1.115737 -2.300030
v 0.535019 1.332590 -2.300634
v 0.480662 1.415896 -2.360595
v 0.400722 1.413206 -2.571424
v 0.401184 1.329593 -2.656414
v 0.439922 1.109489 -2.555085
v 0.459699 1.323992 -2.546069
v 0.464680 1.096741 -2.542419
v 0.553696 1.292123 -2.303904
v 0.554389 1.318584 -2.324815
v 0.545109 1.339448 -2.329567
v 0.558304 1.292272 -2.312199
v 0.552040 1.097093 -2.326532
v 0.546397 1.093049 -2.323614
v 0.528858 1.089436 -2.394830
v 0.458411 1.090946 -2.541229
v 0.448423 1.323137 -2.568394
v 0.450040 1.308894 -2.573517
v 0.406913 1.095679 -2.644967
v 0.448171 1.100155 -2.573309
v 0.395554 1.318115 -2.661844
v 0.404033 1.319067 -2.660079
v 0.397485 1.114136 -2.662243
v 0.483150 1.361057 -2.300215
v 0.495221 1.331670 -2.276160
v 0.497994 1.316439 -2.270633
v 0.498853 1.293038 -2.268921
v 0.497904 1.115976 -2.270812
v 0.486710 1.092040 -2.293121
v 0.453772 1.087369 -2.358764
v 0.381096 1.090596 -2.503600
v 0.375477 1.108709 -2.514798
v 0.372473 1.108169 -2.520785
v 0.367860 1.091406 -2.529978
v 0.328224 1.091768 -2.608969
v 0.320338 1.113934 -2.624685
v 0.320323 1.319322 -2.624716
v 0.322326 1.329310 -2.620723
v 0.357673 1.414394 -2.550279
v 0.368217 1.413179 -2.529267
v 0.372612 1.399751 -2.520508
v 0.375611 1.399571 -2.514531
v 0.375998 1.412579 -2.513759
v 0.459009 1.417012 -2.348327
v 0.550586 1.102238 -2.309940
v 0.556200 1.104170 -2.315200
v 0.493251 1.101853 -2.280085
v 0.404800 1.103068 -2.654816
v 0.395722 1.100671 -2.655465
v 0.322809 1.100472 -2.619761
v 0.302611 1.127254 -2.486409
v 0.291667 1.092055 -2.493981
v 0.260033 1.091964 -2.574142
v 0.242008 1.115216 -2.576696
v 0.282614 1.117558 -2.490244
v 0.303383 1.305890 -2.485421
v 0.331808 1.399414 -2.500907
v 0.326724 1.411875 -2.509200
v 0.306372 1.305659 -2.479620
v 0.336906 1.397650 -2.495357
v 0.308318 1.109898 -2.480592
v 0.306877 1.127749 -2.480618
v 0.298336 1.307387 -2.460897
v 0.297631 1.124190 -2.461034
v 0.374993 1.095206 -2.317201
v 0.432184 1.115557 -2.244262
v 0.374205 1.113930 -2.312227
v 0.373269 1.307474 -2.317590
v 0.375327 1.328141 -2.320856
v 0.419705 1.353456 -2.284887
v 0.434098 1.357960 -2.281130
v 0.427719 1.412181 -2.339505
v 0.406811 1.412516 -2.356630
v 0.391442 1.414551 -2.378204
v 0.336626 1.412652 -2.482919
v 0.418302 1.416964 -2.386945
v 0.366965 1.478889 -2.505392
v 0.371464 1.482548 -2.493874
v 0.397595 1.484384 -2.443887
v 0.421833 1.480709 -2.395533
v 0.364570 1.467416 -2.508435
v 0.363343 1.465043 -2.497617
v 0.364866 1.473351 -2.495219
v 0.369847 1.476372 -2.485254
v 0.391540 1.476008 -2.441019
v 0.415521 1.475852 -2.394628
v 0.429056 1.474976 -2.380947
v 0.415733 1.417169 -2.367481
v 0.422116 1.471564 -2.381197
v 0.423120 1.459719 -2.374369
v 0.424772 1.445267 -2.366430
v 0.423941 1.431472 -2.364394
v 0.424031 1.427390 -2.383276
v 0.425293 1.442190 -2.383954
v 0.424806 1.453612 -2.387857
v 0.419417 1.464155 -2.387241
v 0.413874 1.469360 -2.397080
v 0.392413 1.470144 -2.441774
v 0.375802 1.468403 -2.476792
v 0.372529 1.466473 -2.484765
v 0.370085 1.460228 -2.490364
v 0.366139 1.418944 -2.482989
v 0.369557 1.442219 -2.491206
v 0.357870 1.419680 -2.497440
v 0.362573 1.441747 -2.497469
v 0.361353 1.412517 -2.508510
v 0.364085 1.439764 -2.510177
v 0.435894 1.430077 -2.350172
v 0.434225 1.446138 -2.360029
v 0.431273 1.461452 -2.369517
v 0.446594 1.316537 -2.251625
v 0.441616 1.115737 -2.244197
v 0.451812 1.332590 -2.258882
v 0.436231 1.415896 -2.338301
v 0.314990 1.413206 -2.528406
v 0.246577 1.329593 -2.578835
v 0.304659 1.109489 -2.487213
v 0.300066 1.323992 -2.465968
v 0.300014 1.096741 -2.459793
v 0.438026 1.292123 -2.245863
v 0.420847 1.318584 -2.257807
v 0.422585 1.339448 -2.268086
v 0.428622 1.292272 -2.247127
v 0.420875 1.097093 -2.260716
v 0.426588 1.093049 -2.263496
v 0.379976 1.089436 -2.320124
v 0.304716 1.090946 -2.464108
v 0.288907 1.323137 -2.488352
v 0.283834 1.308894 -2.490118
v 0.252330 1.095679 -2.567400
v 0.285118 1.100155 -2.491492
v 0.245589 1.318115 -2.586595
v 0.241937 1.319067 -2.578742
v 0.244115 1.114136 -2.585285
v 0.435046 1.102238 -2.251965
v 0.427474 1.104170 -2.250607
v 0.245697 1.103068 -2.574982
v 0.250602 1.100671 -2.582647
v 0.543299 1.511978 -2.216341
v 0.508620 1.454807 -2.270106
v 0.548617 1.505559 -2.211426
v 0.525823 1.518381 -2.215131
v 0.515156 1.505554 -2.194657
v 0.487929 1.449423 -2.255039
v 0.488385 1.442328 -2.248555
v 0.504214 1.437452 -2.237142
v 0.516564 1.449427 -2.269389
v 0.521490 1.442333 -2.265146
v 0.522858 1.437413 -2.256802
v 0.518619 1.432878 -2.250467
v 0.544748 1.493105 -2.201399
v 0.549605 1.499028 -2.204221
v 0.574318 1.527280 -2.136787
v 0.571615 1.523888 -2.134296
v 0.567561 1.522671 -2.131851
v 0.574854 1.532000 -2.138650
v 0.557743 1.531998 -2.130075
v 0.534966 1.516666 -2.217696
v 0.518297 1.516662 -2.209341
v 0.514397 1.511973 -2.201857
v 0.530081 1.506576 -2.175633
v 0.520342 1.499025 -2.189556
v 0.537167 1.502367 -2.176004
v 0.537853 1.492118 -2.191132
v 0.554919 1.506608 -2.188121
v 0.550377 1.502389 -2.182616
v 0.545225 1.495105 -2.199440
v 0.540789 1.528835 -2.185261
v 0.547561 1.527072 -2.187918
v 0.556430 1.515255 -2.187435
v 0.602954 1.549225 -2.092202
v 0.554169 1.508669 -2.183946
v 0.530472 1.522226 -2.177314
v 0.578896 1.555877 -2.082402
v 0.578129 1.549221 -2.079761
v 0.533748 1.508914 -2.173696
v 0.538126 1.503363 -2.175084
v 0.544550 1.501562 -2.177823
v 0.592344 1.535901 -2.082393
v 0.588736 1.562510 -2.089574
v 0.595173 1.560736 -2.092195
v 0.593621 1.556655 -2.089361
v 0.600376 1.555881 -2.093166
v 0.598523 1.549364 -2.089324
v 0.602198 1.542566 -2.089578
v 0.598045 1.545193 -2.087680
v 0.598314 1.537690 -2.085980
v 0.595609 1.542125 -2.085454
v 0.591867 1.541012 -2.083212
v 0.589702 1.557747 -2.087780
v 0.585986 1.556654 -2.085535
v 0.582785 1.560734 -2.085987
v 0.583564 1.553623 -2.083270
v 0.580687 1.542563 -2.078798
v 0.584692 1.545191 -2.080988
v 0.585896 1.537688 -2.079757
v 0.569401 1.540091 -2.138677
v 0.596887 1.553625 -2.089947
v 0.573029 1.536712 -2.139337
v 0.565027 1.541302 -2.136894
v 0.560980 1.540090 -2.134457
v 0.558282 1.536710 -2.131947
v 0.583086 1.549363 -2.081588
v 0.559559 1.527278 -2.129390
v 0.587935 1.542124 -2.081608
v 0.563175 1.523887 -2.130066
v 0.492300 1.443316 -2.282064
v 0.502655 1.441364 -2.284965
v 0.518134 1.450256 -2.271307
v 0.524084 1.442983 -2.265749
v 0.518936 1.421480 -2.269744
v 0.514535 1.416154 -2.261280
v 0.523118 1.435481 -2.244647
v 0.498366 1.457529 -2.269952
v 0.486348 1.442977 -2.246838
v 0.486240 1.421475 -2.253358
v 0.495658 1.416151 -2.251820
v 0.501183 1.430277 -2.239082
v 0.514290 1.433529 -2.238195
v 0.508715 1.455582 -2.272852
v 0.524938 1.435711 -2.257654
v 0.521274 1.430166 -2.248976
v 0.498922 1.455092 -2.268836
v 0.492107 1.454804 -2.261831
v 0.489849 1.455579 -2.263398
v 0.485453 1.450251 -2.254929
v 0.492312 1.435700 -2.241278
v 0.494254 1.437409 -2.242467
v 0.521163 1.437455 -2.245636
v 0.508806 1.433075 -2.281609
v 0.513549 1.427279 -2.277176
v 0.514263 1.421492 -2.270730
v 0.493072 1.438861 -2.280527
v 0.486292 1.437307 -2.275303
v 0.483507 1.427275 -2.262121
v 0.488246 1.421488 -2.257693
v 0.503983 1.415700 -2.258773
v 0.510763 1.417249 -2.263983
v 0.518036 1.428757 -2.277848
v 0.512079 1.436041 -2.283419
v 0.501315 1.437309 -2.282832
v 0.483780 1.441361 -2.275505
v 0.482792 1.433072 -2.268572
v 0.479381 1.436036 -2.267032
v 0.480283 1.428752 -2.258928
v 0.495749 1.417246 -2.256459
v 0.506017 1.414201 -2.254715
v 0.553276 1.522160 -2.188733
v 0.534605 1.527077 -2.181429
v 0.529721 1.515108 -2.173993
v 0.549804 1.489767 -2.178546
v 0.541828 1.490543 -2.171806
v 0.540791 1.489761 -2.174034
v 0.536816 1.492979 -2.173202
v 0.533957 1.497320 -2.173510
v 0.533814 1.503499 -2.171612
v 0.554049 1.493906 -2.179014
v 0.555551 1.498506 -2.181157
v 0.554317 1.497333 -2.183682
v 0.554608 1.501973 -2.185974
v 0.552850 1.492991 -2.181222
v 0.545524 1.489213 -2.175839
v 0.531948 1.501963 -2.174638
v 0.544116 1.500529 -2.178698
v 0.555559 1.487155 -2.177108
v 0.538504 1.487152 -2.168560
v 0.534259 1.485982 -2.171688
v 0.526806 1.495129 -2.190184
v 0.525563 1.493277 -2.191708
v 0.556214 1.485066 -2.179545
v 0.556582 1.487689 -2.178809
v 0.555597 1.485985 -2.182380
v 0.555949 1.488542 -2.181659
v 0.536529 1.487687 -2.168759
v 0.534623 1.488540 -2.170970
v 0.550963 1.490546 -2.176391
v 0.555903 1.503493 -2.182713
v 0.550560 1.503352 -2.181311
v 0.537879 1.493904 -2.170892
v 0.535267 1.498508 -2.170960
v 0.546565 1.489375 -2.173763
v 0.513744 1.436135 -2.239323
v 0.537412 1.492198 -2.192019
v 0.555239 1.484889 -2.177747
v 0.538184 1.484887 -2.169200
v 0.536160 1.485063 -2.169495
v 0.502147 1.432948 -2.242026
v 0.503837 1.435478 -2.234984
v 0.359557 1.403190 -2.585045
v 0.342578 1.412151 -2.580816
v 0.313970 1.394220 -2.571905
v 0.311570 1.400149 -2.578219
v 0.304569 1.381930 -2.580457
v 0.301199 1.376143 -2.598927
v 0.310651 1.360650 -2.606444
v 0.308320 1.367356 -2.611975
v 0.324489 1.357331 -2.616943
v 0.362033 1.388155 -2.616461
v 0.352851 1.376151 -2.624813
v 0.341181 1.360655 -2.621743
v 0.356228 1.369648 -2.619609
v 0.365629 1.381940 -2.611057
v 0.369519 1.382970 -2.614196
v 0.366848 1.394228 -2.598405
v 0.371060 1.395772 -2.601060
v 0.323252 1.356141 -2.619411
v 0.345727 1.406488 -2.574536
v 0.329030 1.403186 -2.569748
v 0.324108 1.406322 -2.566766
v 0.309386 1.395831 -2.570085
v 0.298250 1.370012 -2.592360
v 0.303351 1.369640 -2.593110
v 0.304143 1.360068 -2.606643
v 0.353458 1.408221 -2.593031
v 0.359947 1.400220 -2.604913
v 0.342869 1.429399 -2.613318
v 0.349201 1.421587 -2.624914
v 0.348146 1.410920 -2.635898
v 0.350491 1.378337 -2.623792
v 0.339978 1.400246 -2.643327
v 0.337095 1.370336 -2.625708
v 0.326902 1.392432 -2.645198
v 0.312409 1.389574 -2.641024
v 0.325621 1.395423 -2.646696
v 0.311507 1.397047 -2.642819
v 0.324052 1.399529 -2.646434
v 0.313419 1.400503 -2.638975
v 0.335371 1.406294 -2.644813
v 0.337768 1.415036 -2.635496
v 0.322237 1.367395 -2.621429
v 0.338281 1.402988 -2.644882
v 0.346181 1.413316 -2.637696
v 0.347204 1.423643 -2.627065
v 0.341076 1.431204 -2.615836
v 0.330848 1.432257 -2.604206
v 0.341137 1.411149 -2.583691
v 0.316355 1.429395 -2.600031
v 0.303279 1.421580 -2.601901
v 0.304513 1.389272 -2.588936
v 0.315410 1.431200 -2.602974
v 0.329438 1.433972 -2.607019
v 0.337875 1.431529 -2.618833
v 0.343349 1.424765 -2.628881
v 0.342435 1.415530 -2.638389
v 0.338498 1.422304 -2.628013
v 0.334190 1.427630 -2.620106
v 0.327464 1.434000 -2.610956
v 0.314925 1.431525 -2.607332
v 0.302750 1.423636 -2.604787
v 0.295117 1.410911 -2.609323
v 0.294058 1.400239 -2.620315
v 0.309916 1.370332 -2.612087
v 0.326002 1.429578 -2.613902
v 0.303601 1.424759 -2.608962
v 0.294850 1.413308 -2.611972
v 0.293827 1.402981 -2.622604
v 0.300389 1.392428 -2.631911
v 0.307202 1.422300 -2.612329
v 0.296537 1.415523 -2.615387
v 0.295622 1.406288 -2.624893
v 0.299955 1.395420 -2.633833
v 0.311593 1.392650 -2.642651
v 0.301102 1.399525 -2.634933
v 0.305252 1.402451 -2.632778
v 0.337052 1.424078 -2.630136
v 0.315036 1.429330 -2.613451
v 0.316112 1.427627 -2.611047
v 0.301647 1.415030 -2.617395
v 0.301014 1.416949 -2.619745
v 0.300932 1.407765 -2.624877
v 0.300398 1.409880 -2.627057
v 0.332205 1.407769 -2.640549
v 0.323292 1.402454 -2.641819
v 0.322069 1.404741 -2.643467
v 0.356102 1.408938 -2.591057
v 0.363223 1.400157 -2.604104
v 0.326282 1.408216 -2.579412
v 0.326281 1.408933 -2.576112
v 0.312883 1.400213 -2.581328
v 0.302389 1.388146 -2.586571
v 0.303429 1.378329 -2.600207
v 0.321844 1.364143 -2.622216
v 0.358866 1.389281 -2.616175
v 0.338141 1.367361 -2.626919
v 0.348012 1.428511 -2.569963
v 0.329907 1.429113 -2.565517
v 0.331081 1.426825 -2.563095
v 0.343351 1.413937 -2.579361
v 0.357800 1.407762 -2.580574
v 0.346112 1.408997 -2.573767
v 0.330838 1.412898 -2.573688
v 0.343814 1.417942 -2.578345
v 0.356071 1.416398 -2.586898
v 0.364919 1.394979 -2.567160
v 0.363648 1.426830 -2.579415
v 0.359221 1.408686 -2.581277
v 0.355315 1.412902 -2.585953
v 0.362410 1.429118 -2.581805
v 0.346904 1.430651 -2.572172
v 0.343117 1.421827 -2.579737
v 0.355938 1.420308 -2.587108
v 0.358759 1.419191 -2.584814
v 0.333441 1.360331 -2.631833
v 0.319756 1.358930 -2.626384
v 0.335979 1.357004 -2.624527
v 0.330777 1.409884 -2.642282
v 0.306961 1.437022 -2.672548
v 0.315028 1.441936 -2.671285
v 0.336263 1.416955 -2.637410
v 0.319934 1.448534 -2.666629
v 0.320457 1.455017 -2.659887
v 0.332908 1.429333 -2.622407
v 0.312565 1.402876 -2.640704
v 0.278249 1.476030 -2.709125
v 0.286485 1.477865 -2.711546
v 0.264479 1.517588 -2.750731
v 0.244805 1.534660 -2.775817
v 0.251369 1.536306 -2.778031
v 0.237227 1.555054 -2.804711
v 0.242133 1.559140 -2.804988
v 0.256834 1.540651 -2.777948
v 0.244786 1.564707 -2.803346
v 0.259822 1.546455 -2.775660
v 0.259595 1.552143 -2.771852
v 0.241317 1.574321 -2.796478
v 0.271092 1.520936 -2.751528
v 0.293560 1.482620 -2.710594
v 0.297652 1.488898 -2.706709
v 0.274220 1.526858 -2.748506
v 0.273925 1.532421 -2.744055
v 0.297810 1.494970 -2.701059
v 0.294163 1.499322 -2.695120
v 0.270560 1.536303 -2.739379
v 0.256294 1.556245 -2.767524
v 0.250812 1.557739 -2.763817
v 0.236135 1.575809 -2.793089
v 0.230319 1.574320 -2.790966
v 0.244561 1.556243 -2.761645
v 0.239120 1.552140 -2.761591
v 0.225417 1.570259 -2.790676
v 0.235936 1.546451 -2.763690
v 0.222744 1.564704 -2.792300
v 0.235895 1.540648 -2.767455
v 0.223019 1.559137 -2.795411
v 0.239102 1.536304 -2.771884
v 0.226179 1.555052 -2.799176
v 0.253136 1.517586 -2.745047
v 0.258406 1.516078 -2.748857
v 0.271380 1.477863 -2.703976
v 0.290390 1.437020 -2.664244
v 0.297885 1.435189 -2.669974
v 0.304663 1.404738 -2.634744
v 0.286571 1.441931 -2.657024
v 0.287361 1.448528 -2.650306
v 0.306365 1.424073 -2.614758
v 0.292446 1.455012 -2.645850
v 0.300427 1.459712 -2.644763
v 0.324772 1.431294 -2.616209
v 0.309232 1.461433 -2.647317
v 0.316550 1.459715 -2.652842
v 0.287651 1.500917 -2.690351
v 0.279934 1.499320 -2.687989
v 0.272995 1.494966 -2.688623
v 0.268566 1.488894 -2.692133
v 0.267905 1.482616 -2.697738
v 0.248538 1.520932 -2.740226
v 0.249085 1.526854 -2.735909
v 0.252824 1.532418 -2.733480
v 0.258582 1.536301 -2.733377
v 0.265011 1.537719 -2.735500
v 0.256792 1.549344 -2.768560
v 0.254648 1.552112 -2.765754
v 0.251059 1.553120 -2.763326
v 0.241445 1.545536 -2.763242
v 0.241535 1.541727 -2.765672
v 0.243679 1.538957 -2.768473
v 0.247267 1.537949 -2.770902
v 0.251360 1.538958 -2.772323
v 0.240312 1.564834 -2.801668
v 0.244485 1.570261 -2.800231
v 0.231335 1.570935 -2.794099
v 0.228350 1.568348 -2.793907
v 0.231384 1.553556 -2.802583
v 0.235638 1.558865 -2.802300
v 0.238644 1.561354 -2.802568
v 0.254887 1.541729 -2.772363
v 0.256885 1.545538 -2.770980
v 0.240153 1.568356 -2.799817
v 0.238205 1.570941 -2.797538
v 0.235014 1.571901 -2.795456
v 0.246967 1.552111 -2.761905
v 0.243437 1.549342 -2.761867
v 0.226779 1.564830 -2.794888
v 0.227059 1.561357 -2.796760
v 0.229069 1.558869 -2.799005
v 0.232239 1.557990 -2.801030
v 0.364970 1.406302 -2.587169
v 0.371175 1.392053 -2.573691
v 0.376880 1.382203 -2.587553
v 0.359955 1.370085 -2.623210
v 0.365916 1.357210 -2.609039
v 0.344977 1.360009 -2.627069
v 0.335771 1.357137 -2.625247
v 0.353872 1.399498 -2.558293
v 0.358330 1.414392 -2.583978
v 0.366894 1.397172 -2.565478
v 0.340324 1.397168 -2.552163
v 0.331096 1.391993 -2.553659
v 0.316696 1.382228 -2.557363
v 0.342797 1.341379 -2.614482
v 0.328729 1.339303 -2.608498
v 0.375202 1.369687 -2.600230
v 0.351668 1.346901 -2.612880
v 0.342743 1.343743 -2.611893
v 0.344884 1.415530 -2.576151
v 0.358391 1.417415 -2.583657
v 0.345295 1.418903 -2.575391
v 0.344628 1.421077 -2.576699
v 0.329687 1.419186 -2.570243
v 0.330839 1.417411 -2.569846
v 0.320671 1.362164 -2.624521
v 0.333722 1.362916 -2.629269
v 0.330619 1.414392 -2.570084
v 0.333443 1.408857 -2.568250
v 0.333663 1.407759 -2.568478
v 0.329626 1.416396 -2.573646
v 0.329537 1.420304 -2.573877
v 0.309085 1.362912 -2.616923
v 0.307199 1.360328 -2.618683
v 0.310552 1.357368 -2.612177
v 0.317620 1.343740 -2.599303
v 0.315514 1.341374 -2.600809
v 0.311536 1.357000 -2.612278
v 0.340159 1.394976 -2.554753
v 0.299737 1.382957 -2.579224
v 0.307542 1.369703 -2.566287
v 0.306029 1.357206 -2.579024
v 0.311448 1.346940 -2.592672
v 0.454241 1.401454 -2.320344
v 0.471061 1.410558 -2.324891
v 0.499984 1.392833 -2.333175
v 0.502276 1.399021 -2.327075
v 0.509597 1.381018 -2.324200
v 0.513063 1.375944 -2.305539
v 0.503882 1.360560 -2.297480
v 0.506093 1.367496 -2.292189
v 0.490103 1.357368 -2.286866
v 0.452021 1.387490 -2.288420
v 0.461410 1.375951 -2.279654
v 0.473352 1.360564 -2.282181
v 0.458150 1.369210 -2.284626
v 0.448536 1.381026 -2.293601
v 0.444642 1.382087 -2.290497
v 0.447105 1.392839 -2.306676
v 0.442895 1.394460 -2.304158
v 0.491359 1.356287 -2.284359
v 0.468014 1.404623 -2.330967
v 0.484768 1.401451 -2.335642
v 0.489624 1.404544 -2.338741
v 0.504519 1.394449 -2.335038
v 0.516118 1.369639 -2.311888
v 0.511027 1.369203 -2.311124
v 0.510406 1.360106 -2.297255
v 0.460248 1.406868 -2.312542
v 0.453898 1.399177 -2.300384
v 0.470436 1.428944 -2.293025
v 0.464233 1.421427 -2.281149
v 0.465474 1.411163 -2.269788
v 0.463732 1.378140 -2.280751
v 0.473834 1.400893 -2.261983
v 0.477266 1.370449 -2.278560
v 0.487057 1.393374 -2.259841
v 0.501612 1.390625 -2.263921
v 0.488289 1.396453 -2.258468
v 0.502374 1.398191 -2.262405
v 0.489787 1.400577 -2.258876
v 0.500385 1.401495 -2.266348
v 0.478350 1.407080 -2.260730
v 0.475808 1.415480 -2.270352
v 0.492175 1.367621 -2.282738
v 0.475496 1.403726 -2.260542
v 0.467416 1.413655 -2.268085
v 0.466215 1.423584 -2.279073
v 0.472213 1.430854 -2.290564
v 0.482418 1.431694 -2.302244
v 0.472519 1.409683 -2.321983
v 0.496974 1.428940 -2.306324
v 0.510197 1.421421 -2.304183
v 0.509521 1.388653 -2.315984
v 0.497882 1.430851 -2.303428
v 0.483805 1.433516 -2.299478
v 0.475410 1.431339 -2.287580
v 0.470053 1.424838 -2.277298
v 0.471127 1.415960 -2.267473
v 0.474965 1.422462 -2.278086
v 0.479174 1.427565 -2.286154
v 0.485778 1.433715 -2.295541
v 0.498360 1.431336 -2.299081
v 0.510675 1.423578 -2.301353
v 0.518551 1.411156 -2.296386
v 0.519796 1.400887 -2.285016
v 0.504446 1.370445 -2.292181
v 0.487325 1.429437 -2.292425
v 0.509801 1.424832 -2.297217
v 0.518754 1.413649 -2.293812
v 0.519956 1.403720 -2.282823
v 0.513594 1.393370 -2.273140
v 0.506228 1.422456 -2.293755
v 0.517025 1.415953 -2.290474
v 0.518099 1.407075 -2.280650
v 0.513958 1.396450 -2.271331
v 0.502367 1.393787 -2.262417
v 0.512737 1.400573 -2.270377
v 0.508538 1.403367 -2.272620
v 0.497225 1.427570 -2.295211
v 0.511917 1.415473 -2.288448
v 0.512768 1.408488 -2.280722
v 0.481485 1.408494 -2.265043
v 0.490481 1.403378 -2.263581
v 0.457592 1.407469 -2.314540
v 0.450624 1.399027 -2.301190
v 0.487424 1.406865 -2.326161
v 0.487414 1.407465 -2.329484
v 0.500962 1.399171 -2.323969
v 0.511665 1.387482 -2.318309
v 0.510794 1.378134 -2.304336
v 0.492625 1.364407 -2.281837
v 0.455168 1.388660 -2.288746
v 0.476272 1.367500 -2.277245
v 0.465343 1.426429 -2.336310
v 0.483436 1.427193 -2.340780
v 0.482303 1.424801 -2.343120
v 0.470258 1.412278 -2.326408
v 0.455919 1.405896 -2.324974
v 0.467586 1.407097 -2.331824
v 0.482791 1.411260 -2.332043
v 0.469724 1.416236 -2.327563
v 0.457496 1.414779 -2.318954
v 0.451273 1.395960 -2.333460
v 0.449736 1.424805 -2.326800
v 0.455552 1.406962 -2.324992
v 0.458312 1.411263 -2.319776
v 0.450933 1.427198 -2.324492
v 0.466413 1.428664 -2.334178
v 0.470352 1.420180 -2.326309
v 0.457558 1.418694 -2.318885
v 0.454773 1.417469 -2.321083
v 0.481088 1.360736 -2.272076
v 0.494814 1.359379 -2.277467
v 0.478617 1.357105 -2.279273
v 0.448852 1.404551 -2.318309
v 0.445000 1.393049 -2.326797
v 0.439526 1.383734 -2.312661
v 0.454481 1.369647 -2.280995
v 0.450914 1.359661 -2.290298
v 0.469628 1.360109 -2.276823
v 0.478859 1.356914 -2.278492
v 0.462220 1.400339 -2.342525
v 0.455222 1.412710 -2.322033
v 0.449250 1.398038 -2.335233
v 0.475823 1.398034 -2.348550
v 0.485124 1.393043 -2.346905
v 0.499721 1.383725 -2.342826
v 0.474318 1.344446 -2.284298
v 0.488417 1.342397 -2.290220
v 0.441405 1.371681 -2.299563
v 0.465270 1.349794 -2.286104
v 0.474322 1.346697 -2.286987
v 0.468863 1.413718 -2.329370
v 0.455157 1.415639 -2.322232
v 0.468228 1.417067 -2.330549
v 0.468855 1.419297 -2.329318
v 0.483871 1.417470 -2.335651
v 0.482709 1.415636 -2.336042
v 0.493803 1.362530 -2.279450
v 0.480768 1.363219 -2.274741
v 0.482822 1.412713 -2.335882
v 0.480266 1.407015 -2.337363
v 0.480056 1.405893 -2.337070
v 0.483940 1.414779 -2.332205
v 0.483958 1.418691 -2.332116
v 0.505406 1.363216 -2.287088
v 0.507349 1.360734 -2.285236
v 0.503483 1.357190 -2.290992
v 0.499445 1.346693 -2.299577
v 0.501600 1.344443 -2.297970
v 0.503060 1.357102 -2.291522
v 0.476033 1.395958 -2.345867
v 0.514399 1.382073 -2.325457
v 0.509084 1.371670 -2.333477
v 0.510808 1.359651 -2.320312
v 0.505571 1.349788 -2.306300
v 0.497686 1.429168 -2.290577
v 0.497509 1.428539 -2.292274
v 0.505725 1.423918 -2.290929
v 0.505486 1.424816 -2.289355
v 0.511277 1.412796 -2.278107
v 0.511719 1.411270 -2.279030
v 0.500474 1.406713 -2.265546
v 0.500420 1.404902 -2.265907
v 0.488472 1.430214 -2.289748
v 0.489158 1.430728 -2.288150
v 0.510923 1.417599 -2.286078
v 0.510467 1.418826 -2.284794
v 0.507879 1.406612 -2.271630
v 0.507630 1.408323 -2.271014
v 0.482207 1.429115 -2.282773
v 0.481079 1.428504 -2.284048
v 0.477256 1.423884 -2.276717
v 0.478600 1.424773 -2.275862
v 0.479290 1.418802 -2.269181
v 0.478026 1.417548 -2.269642
v 0.484152 1.412789 -2.264542
v 0.483210 1.411217 -2.264776
v 0.491902 1.408364 -2.263208
v 0.491406 1.406594 -2.263414
v 0.371328 1.389584 -2.607908
v 0.352980 1.364652 -2.625703
v 0.300431 1.364614 -2.599391
v 0.374687 1.387449 -2.580648
v 0.316275 1.401339 -2.567716
v 0.305826 1.363242 -2.572405
v 0.323376 1.387348 -2.555043
v 0.308020 1.351819 -2.585782
v 0.297942 1.376233 -2.585525
v 0.368830 1.401324 -2.594085
v 0.359218 1.351755 -2.611516
v 0.311213 1.376259 -2.561074
v 0.303720 1.389633 -2.573964
v 0.371349 1.363267 -2.605227
v 0.377160 1.376179 -2.594223
v 0.365586 1.376305 -2.619359
v 0.442702 1.388511 -2.297081
v 0.461512 1.364459 -2.278342
v 0.514041 1.364452 -2.304669
v 0.441577 1.388641 -2.319589
v 0.497536 1.399739 -2.337595
v 0.510910 1.365458 -2.327136
v 0.492946 1.388633 -2.345330
v 0.508908 1.354471 -2.313368
v 0.516309 1.375619 -2.318935
v 0.445033 1.399747 -2.311284
v 0.457612 1.354479 -2.287663
v 0.505300 1.377969 -2.338916
v 0.510295 1.388497 -2.330953
v 0.445389 1.365469 -2.294302
v 0.439316 1.377979 -2.305851
v 0.448720 1.375631 -2.285060
vn 0.9381 0.0209 -0.3457
vn 0.9707 -0.0100 0.2402
vn 0.9393 -0.0141 -0.3427
vn 0.4410 0.1818 0.8789
vn 0.5312 0.5895 0.6085
vn 0.3580 0.6023 0.7135
vn 0.9286 0.0193 -0.3705
vn 0.8567 -0.0062 -0.5158
vn 0.8590 0.0210 -0.5115
vn 0.0029 -1.0000 0.0058
vn 0.1376 -0.9846 0.1074
vn 0.0660 -0.9891 0.1316
vn 0.5065 -0.6248 0.5943
vn -0.4483 -0.0259 -0.8935
vn -0.3809 0.0255 -0.9242
vn -0.3799 -0.0263 -0.9246
vn 0.8106 -0.2777 -0.5155
vn -0.2912 -0.6217 -0.7271
vn 0.9537 0.2822 -0.1037
vn 0.8517 0.3778 -0.3631
vn -0.1524 -0.6374 -0.7553
vn 0.8215 -0.2665 -0.5040
vn 0.0181 -0.9908 -0.1342
vn 0.7891 0.3745 -0.4869
vn 0.4127 0.0904 -0.9064
vn 0.3689 -0.5509 -0.7486
vn -0.0460 -0.9947 -0.0918
vn 0.4690 -0.8203 -0.3274
vn 0.7433 0.1260 -0.6570
vn 0.8666 -0.1561 0.4740
vn 0.8373 0.2097 0.5049
vn 0.5477 0.7077 0.4462
vn 0.8702 0.4925 0.0126
vn 0.7681 -0.4652 -0.4400
vn 0.1365 -0.9840 0.1148
vn 0.0216 -0.9937 -0.1096
vn 0.9668 0.0854 0.2408
vn 0.8832 0.3901 -0.2605
vn 0.9076 0.2954 -0.2982
vn 0.7026 0.5605 0.4383
vn 0.8834 0.1323 -0.4496
vn 0.2544 0.6744 -0.6932
vn 0.8536 0.0236 -0.5204
vn 0.8589 -0.4183 -0.2955
vn 0.1711 -0.0521 -0.9839
vn 0.2129 -0.2796 -0.9362
vn 0.9636 -0.2215 -0.1496
vn 0.3586 -0.7208 0.5932
vn 0.8525 -0.0153 -0.5225
vn 0.8384 0.5142 -0.1807
vn 0.2089 0.4034 -0.8909
vn 0.9285 -0.0065 -0.3714
vn 0.9845 -0.0100 -0.1749
vn 0.9143 -0.3583 -0.1890
vn 0.9853 0.0204 -0.1697
vn 0.8849 -0.2906 -0.3641
vn 0.2187 0.7469 -0.6280
vn 0.0743 -0.9969 -0.0249
vn 0.5326 0.8008 -0.2740
vn 0.7214 0.6924 0.0174
vn 0.7819 0.6020 -0.1622
vn 0.3835 0.5489 -0.7427
vn -0.2033 0.1686 -0.9645
vn 0.5229 0.7095 0.4724
vn 0.2015 0.9795 -0.0024
vn -0.0221 0.9988 -0.0440
vn 0.1280 0.9861 -0.1063
vn 0.1620 0.3417 -0.9257
vn -0.4465 -0.0938 -0.8899
vn 0.7790 -0.6157 0.1188
vn 0.8340 0.3182 -0.4508
vn 0.5054 -0.8430 -0.1839
vn 0.7917 0.4867 0.3693
vn 0.2787 0.5732 -0.7706
vn -0.0376 0.9965 -0.0750
vn 0.3882 0.8803 -0.2726
vn 0.4080 0.8930 -0.1900
vn 0.8254 0.3891 -0.4089
vn 0.7554 0.5613 -0.3379
vn -0.4484 -0.0220 -0.8936
vn 0.1208 0.1140 -0.9861
vn 0.0142 0.0273 -0.9995
vn 0.8068 0.1374 -0.5747
vn 0.4655 -0.8517 -0.2409
vn 0.7766 0.0367 -0.6289
vn 0.4212 -0.0102 -0.9069
vn -0.4244 0.3230 -0.8459
vn 0.6882 0.5635 -0.4570
vn 0.0818 0.9832 0.1632
vn 0.4389 -0.2058 0.8747
vn 0.2722 -0.7947 0.5425
vn 0.0371 -0.9966 0.0739
vn -0.0024 -1.0000 -0.0048
vn -0.2989 -0.7455 -0.5957
vn -0.4188 -0.3576 -0.8347
vn 0.7896 0.3447 -0.5076
vn 0.7666 0.4862 0.4195
vn 0.8026 0.5161 0.2992
vn 0.3780 0.5382 0.7533
vn 0.3730 0.5552 0.7434
vn 0.3578 0.6029 0.7131
vn 0.8310 0.1485 -0.5360
vn 0.0628 0.9901 0.1252
vn 0.4265 0.9005 -0.0848
vn 0.8256 0.4331 -0.3617
vn 0.2494 0.8311 0.4970
vn 0.5510 0.7827 0.2894
vn 0.6490 0.2559 0.7165
vn 0.5668 0.0221 0.8235
vn -0.4446 0.1313 -0.8860
vn -0.3198 0.7011 -0.6373
vn 0.0060 0.9999 0.0119
vn 0.3233 0.6931 0.6443
vn 0.3310 0.6748 0.6596
vn -0.3436 0.6427 -0.6847
vn 0.2894 0.7640 0.5767
vn 0.1764 0.9193 0.3517
vn -0.2976 0.7483 -0.5929
vn 0.8188 0.5563 -0.1419
vn -0.3380 0.6572 -0.6737
vn 0.0763 -0.9854 0.1520
vn -0.0394 -0.9961 -0.0784
vn 0.3155 -0.7102 0.6293
vn -0.0514 -0.9934 -0.1023
vn 0.4479 -0.0511 0.8926
vn 0.5513 -0.0483 0.8329
vn 0.4485 0.0123 0.8937
vn -0.4477 -0.0609 -0.8921
vn 0.3086 -0.7256 0.6150
vn -0.3551 -0.6108 -0.7077
vn -0.3876 -0.0100 0.9218
vn -0.8378 0.0209 0.5455
vn -0.8362 -0.0139 0.5483
vn 0.1703 0.5896 0.7896
vn -0.8521 0.0194 0.5230
vn -0.9256 -0.0062 0.3784
vn -0.8527 -0.0065 0.5224
vn 0.0038 -0.9846 0.1746
vn 0.1737 -0.6248 0.7612
vn -0.7504 -0.4182 0.5119
vn -0.5133 0.0255 -0.8579
vn -0.4483 0.0265 -0.8935
vn -0.8978 -0.2777 0.3417
vn -0.5142 -0.0263 -0.8572
vn -0.4089 -0.6217 -0.6680
vn -0.6532 0.2822 0.7026
vn -0.7250 0.0203 0.6885
vn -0.5144 -0.6373 -0.5737
vn -0.1185 -0.9908 -0.0656
vn -0.8952 -0.2664 0.3573
vn -0.8620 0.3746 0.3415
vn -0.9733 0.0904 -0.2108
vn -0.9235 0.0210 0.3830
vn -0.8207 -0.5508 -0.1517
vn -0.9710 0.1260 0.2033
vn -0.1380 -0.1560 0.9781
vn -0.9684 0.0367 0.2467
vn 0.0304 0.7077 0.7059
vn -0.5101 0.4925 0.7052
vn -0.8119 -0.4652 0.3528
vn 0.0105 -0.9839 0.1781
vn -0.3848 0.0855 0.9190
vn -0.7368 0.3901 0.5523
vn -0.7816 0.2954 0.5494
vn -0.0686 0.5606 0.8253
vn -0.0974 0.7827 0.6147
vn -0.7078 0.6744 -0.2103
vn -0.9274 0.0235 0.3732
vn -0.8910 -0.0521 -0.4509
vn -0.8884 0.1323 0.4395
vn -0.8779 -0.2794 -0.3889
vn -0.6960 -0.2215 0.6830
vn 0.2613 -0.7208 0.6420
vn -0.8002 0.3778 0.4658
vn -0.9284 -0.0154 0.3713
vn -0.6459 0.5142 0.5642
vn -0.8391 0.4034 -0.3650
vn -0.6979 -0.3583 0.6202
vn -0.7287 -0.0100 0.6848
vn -0.8208 -0.2906 0.4918
vn -0.6343 0.7468 -0.2000
vn -0.0644 -0.9969 0.0447
vn -0.5380 0.8008 0.2632
vn -0.4173 0.6923 0.5887
vn 0.0662 0.7095 0.7016
vn -0.8247 0.5489 -0.1364
vn -0.6517 0.1686 -0.7395
vn -0.5974 0.6020 0.5299
vn -0.1223 0.9795 0.1601
vn -0.1616 0.9861 0.0390
vn -0.8390 0.3417 -0.4235
vn -0.8789 0.3447 0.3297
vn -0.8599 0.3182 0.3991
vn -0.3705 -0.6157 0.6955
vn -0.4496 -0.8430 0.2953
vn -0.1772 0.4868 0.8554
vn -0.6032 0.5563 0.5716
vn -0.7843 0.5732 -0.2371
vn -0.4506 0.8803 0.1484
vn -0.3962 0.8930 0.2135
vn -0.8215 0.3891 0.4169
vn -0.7224 0.5614 0.4037
vn -0.7776 0.5636 0.2786
vn -0.8628 0.1139 -0.4926
vn -0.9430 0.1374 0.3032
vn -0.4714 -0.8516 0.2292
vn -0.8098 0.0273 -0.5861
vn -0.9788 -0.0102 -0.2044
vn -0.0958 0.2097 0.9731
vn 0.4411 0.1810 0.8790
vn -0.5429 -0.8203 0.1803
vn -0.9265 0.1485 0.3459
vn -0.1218 0.4862 0.8653
vn -0.2399 0.5162 0.8222
vn -0.3229 0.9005 0.2912
vn -0.7835 0.4331 0.4457
vn 0.1865 0.2559 0.9485
vn 0.3213 0.0220 0.9467
vn -0.1008 -0.9937 -0.0483
vn -0.3058 -0.7315 -0.6094
vn 0.3384 -0.0483 0.9398
vn -0.2827 0.7762 -0.5636
vn 0.1580 0.5984 -0.7854
vn -0.3253 0.6881 -0.6487
vn 0.0833 0.8654 0.4941
vn -0.6671 0.6539 0.3570
vn -0.4900 0.8717 0.0019
vn -0.6240 -0.5756 0.5285
vn -0.7787 -0.2979 0.5522
vn -0.6237 -0.5760 0.5283
vn -0.8937 -0.0000 0.4487
vn -0.6266 -0.3418 0.7004
vn -0.8937 -0.0001 0.4486
vn 0.2035 0.8917 0.4043
vn 0.2996 0.8847 -0.3571
vn 0.3467 0.8620 0.3699
vn -0.7280 0.5974 -0.3364
vn -0.3244 0.6898 -0.6472
vn -0.7280 0.5973 -0.3365
vn 0.9215 -0.3883 -0.0104
vn 0.9208 0.0036 -0.3899
vn 0.8568 -0.5055 -0.1023
vn 0.4096 0.6911 0.5956
vn 0.2758 0.7211 0.6356
vn 0.4103 0.6900 0.5962
vn -0.9190 0.0609 0.3896
vn -0.9545 -0.2974 0.0207
vn -0.9544 -0.2979 0.0205
vn 0.6854 0.6815 0.2566
vn 0.8976 0.4200 -0.1336
vn 0.6852 0.6818 0.2563
vn 0.8621 0.0615 -0.5030
vn 0.5877 -0.2973 -0.7524
vn 0.8621 0.0614 -0.5030
vn -0.9104 0.3993 0.1086
vn -0.5474 0.8367 -0.0174
vn -0.6887 0.6750 -0.2649
vn 0.8355 -0.4801 -0.2672
vn 0.8869 -0.0042 -0.4620
vn 0.8869 -0.0046 -0.4619
vn 0.8308 -0.5043 -0.2356
vn 0.6959 0.5059 -0.5098
vn 0.8971 0.0294 -0.4409
vn 0.6319 0.4001 -0.6638
vn -0.6167 -0.3697 0.6950
vn -0.1511 -0.6080 0.7795
vn -0.1178 -0.5948 0.7952
vn -0.6256 -0.3574 0.6935
vn -0.3766 -0.5961 0.7091
vn -0.3405 -0.8280 0.4455
vn 0.1272 -0.9580 0.2569
vn -0.3394 -0.8287 0.4451
vn -0.5901 -0.4002 -0.7011
vn -0.6798 -0.5074 -0.5296
vn -0.6800 -0.5074 -0.5294
vn 0.2878 0.7663 0.5744
vn 0.2246 0.7866 0.5751
vn 0.2227 0.7868 0.5756
vn 0.1212 -0.8023 -0.5845
vn 0.0319 -0.9101 -0.4131
vn 0.1213 -0.8022 -0.5846
vn 0.7010 0.4688 -0.5374
vn 0.3270 0.8171 -0.4747
vn 0.3265 0.8175 -0.4744
vn -0.8774 0.0388 0.4781
vn -0.5822 -0.2577 0.7711
vn -0.5965 -0.3041 0.7427
vn 0.3162 0.8356 -0.4493
vn -0.1343 0.9541 -0.2678
vn 0.3243 0.8304 -0.4531
vn 0.6222 0.3342 -0.7079
vn 0.8881 0.0086 -0.4596
vn -0.8258 0.5041 0.2529
vn -0.8900 0.0264 0.4551
vn -0.8620 -0.0028 0.5069
vn -0.9396 0.3341 0.0746
vn -0.8997 0.0080 0.4365
vn 0.3242 -0.6859 0.6515
vn 0.6987 -0.6144 0.3666
vn 0.5421 -0.6357 0.5495
vn 0.9085 -0.2971 -0.2939
vn 0.9743 -0.0377 -0.2221
vn 0.9760 -0.0319 -0.2156
vn 0.1101 -0.6492 0.7526
vn -0.1320 -0.6150 0.7774
vn -0.7239 0.5983 -0.3435
vn 0.9314 -0.3539 -0.0856
vn 0.7179 -0.6042 0.3458
vn 0.8056 -0.5792 0.1245
vn -0.5927 -0.5048 0.6276
vn -0.5628 -0.3930 0.7272
vn 0.7087 -0.5907 0.3858
vn 0.3274 -0.6799 0.6562
vn -0.5518 -0.1520 0.8200
vn -0.8940 0.0559 0.4445
vn -0.8914 0.0591 0.4493
vn -0.1354 0.9532 -0.2703
vn 0.4285 0.2919 0.8551
vn 0.4284 0.2920 0.8551
vn 0.4286 0.2919 0.8551
vn 0.4285 0.2918 0.8551
vn 0.4286 0.2908 0.8554
vn 0.4288 0.2893 0.8558
vn 0.4287 0.2906 0.8554
vn 0.4289 0.2892 0.8558
vn 0.4290 0.2884 0.8560
vn 0.2011 0.6749 -0.7100
vn 0.3645 0.3812 0.8496
vn 0.4117 0.3940 0.8217
vn 0.3636 0.3812 0.8500
vn 0.5967 -0.7700 0.2261
vn 0.9268 -0.3675 -0.0774
vn 0.2136 -0.8796 0.4250
vn 0.6157 -0.7695 0.1696
vn 0.2143 -0.8796 0.4246
vn -0.5544 0.8322 -0.0131
vn -0.6862 -0.5041 0.5244
vn -0.8835 -0.0471 0.4660
vn -0.3405 -0.8178 0.4640
vn 0.1369 -0.9520 0.2739
vn -0.3492 -0.8131 0.4658
vn 0.5587 -0.8294 -0.0048
vn 0.8362 -0.4783 -0.2682
vn 0.7004 0.4909 -0.5182
vn 0.9016 -0.0420 -0.4306
vn 0.5810 -0.8139 0.0003
vn 0.5750 -0.8181 0.0056
vn 0.6776 0.3148 -0.6646
vn 0.6776 0.3149 -0.6646
vn 0.6777 0.3148 -0.6646
vn 0.3239 0.2872 0.9014
vn 0.3462 0.2327 0.9089
vn 0.3466 0.2323 0.9088
vn 0.3899 0.1947 0.9000
vn 0.4398 0.1819 0.8795
vn 0.3900 0.1945 0.9000
vn 0.4626 0.3813 0.8004
vn 0.4121 0.3941 0.8215
vn 0.4631 0.3812 0.8001
vn 0.5063 0.3427 0.7913
vn 0.5064 0.3424 0.7914
vn 0.5281 0.2873 0.7991
vn 0.5280 0.2876 0.7990
vn 0.5597 -0.8287 -0.0056
vn 0.7015 0.4680 -0.5374
vn -0.1417 0.9475 -0.2866
vn -0.1421 0.9475 -0.2863
vn -0.7151 -0.4788 0.5094
vn -0.7148 -0.4793 0.5093
vn -0.9009 -0.0047 0.4340
vn -0.9009 -0.0049 0.4340
vn -0.5753 0.8176 -0.0228
vn -0.8503 0.4684 0.2400
vn -0.5746 0.8181 -0.0233
vn 0.4453 -0.3003 0.8435
vn 0.9873 -0.1512 0.0489
vn 0.9871 -0.1522 0.0488
vn 0.6121 0.3453 -0.7114
vn 0.8946 0.0004 -0.4468
vn 0.8947 0.0006 -0.4467
vn -0.9364 0.3448 0.0646
vn -0.9364 0.3449 0.0647
vn 0.3176 -0.6989 0.6409
vn -0.1520 -0.6153 0.7735
vn 0.1660 0.5976 -0.7844
vn 0.6121 0.3454 -0.7114
vn 0.7102 -0.6156 0.3415
vn 0.9366 -0.3410 -0.0810
vn -0.2930 -0.8739 0.3879
vn -0.2983 -0.8718 0.3886
vn 0.9435 -0.3048 -0.1300
vn 0.9368 -0.3088 -0.1642
vn 0.4700 0.5982 0.6490
vn 0.2249 0.6848 0.6931
vn 0.2234 0.5865 0.7785
vn 0.2233 0.5865 0.7785
vn 0.3261 0.7867 0.5242
vn 0.3276 0.7869 0.5230
vn 0.3279 0.7388 0.5888
vn 0.3273 0.7385 0.5895
vn 0.2765 0.7218 0.6345
vn 0.2752 0.7388 0.6152
vn -0.9259 0.3667 0.0905
vn 0.9368 -0.3401 -0.0819
vn 0.0859 -0.9816 0.1706
vn 0.3445 0.7215 0.6006
vn 0.2246 0.6860 0.6921
vn -0.6973 0.0841 0.7118
vn -0.7603 -0.0406 0.6483
vn -0.6973 0.0842 0.7118
vn -0.1211 -0.9627 -0.2419
vn -0.1325 -0.9473 -0.2915
vn -0.1555 -0.9478 -0.2784
vn 0.7971 -0.5752 -0.1836
vn 0.9085 -0.2979 -0.2931
vn 0.9203 0.0898 -0.3809
vn 0.6255 0.3852 -0.6785
vn 0.9090 0.0423 -0.4147
vn -0.1210 -0.9628 -0.2417
vn -0.0667 -0.9888 -0.1332
vn -0.0667 -0.9888 -0.1335
vn 0.4876 0.1947 0.8511
vn 0.5204 0.2324 0.8217
vn 0.4873 0.1946 0.8512
vn 0.3431 0.7222 0.6006
vn 0.0431 0.6897 0.7228
vn -0.3539 0.0936 0.9306
vn -0.6141 0.3677 0.6984
vn 0.7592 -0.5082 0.4067
vn 0.3399 -0.6478 0.6817
vn 0.3527 -0.6013 0.7169
vn 0.4866 -0.8736 -0.0029
vn 0.0860 -0.9816 0.1706
vn 0.2551 0.5291 0.8093
vn 0.4415 -0.1505 0.8845
vn 0.0322 -0.0940 0.9951
vn 0.4695 0.7888 0.3968
vn 0.9134 0.4063 -0.0260
vn 0.5428 0.6933 0.4740
vn 0.9438 0.1344 0.3019
vn 0.5500 0.6017 0.5792
vn 0.1278 0.5955 0.7931
vn -0.1403 -0.9496 -0.2804
vn -0.3499 -0.9102 -0.2217
vn -0.5406 -0.8024 -0.2526
vn -0.3501 -0.9101 -0.2217
vn -0.6617 -0.6548 -0.3653
vn -0.5408 -0.8023 -0.2526
vn -0.4179 -0.3604 -0.8339
vn -0.4179 -0.3605 -0.8339
vn 0.0320 -0.9100 -0.4133
vn -0.2085 -0.4001 -0.8924
vn -0.0171 -0.5072 -0.8617
vn -0.2083 -0.4001 -0.8925
vn -0.0169 -0.5071 -0.8617
vn 0.1034 -0.6546 -0.7488
vn -0.6617 -0.6547 -0.3653
vn 0.1034 -0.6547 -0.7488
vn 0.3864 0.5088 0.7693
vn 0.7720 -0.0666 0.6321
vn 0.4405 0.1818 0.8791
vn 0.4290 0.2880 0.8562
vn 0.4291 0.2879 0.8562
vn 0.4290 0.2879 0.8562
vn 0.7969 -0.5756 -0.1833
vn -0.7792 -0.2972 0.5518
vn -0.7645 -0.0465 0.6429
vn 0.2361 0.2863 0.9286
vn 0.3015 0.3193 0.8984
vn 0.2704 0.3077 0.9122
vn -0.3238 -0.2681 -0.9073
vn -0.2200 -0.2991 -0.9285
vn -0.2212 -0.2903 -0.9310
vn -0.4306 -0.2711 -0.8609
vn -0.4324 -0.2571 -0.8643
vn -0.4754 -0.2619 -0.8399
vn -0.5761 -0.2869 -0.7654
vn -0.5311 -0.2702 -0.8030
vn -0.6102 -0.3050 -0.7312
vn -0.4844 -0.2550 -0.8369
vn -0.1337 0.9563 -0.2600
vn 0.8914 0.0586 -0.4493
vn 0.5732 0.3078 0.7594
vn 0.5423 0.3180 0.7777
vn 0.6069 0.2839 0.7423
vn 0.4091 -0.3007 0.8615
vn -0.5519 -0.1530 0.8198
vn -0.9004 0.1148 0.4196
vn -0.9004 0.1149 0.4196
vn 0.1501 0.9647 0.2165
vn 0.1242 0.9613 0.2460
vn 0.2738 0.9385 0.2104
vn -0.1488 -0.9464 -0.2868
vn -0.1950 -0.9499 -0.2444
vn 0.0838 0.9648 0.2494
vn 0.1480 0.9438 0.2955
vn 0.1479 0.9439 0.2953
vn 0.3969 0.3437 0.8511
vn 0.4210 0.3445 0.8391
vn 0.4203 0.3486 0.8378
vn 0.4450 0.3440 0.8268
vn 0.4833 0.3387 0.8073
vn -0.2321 -0.7705 0.5937
vn -0.6111 -0.2986 -0.7330
vn -0.3869 -0.2621 -0.8841
vn -0.2648 -0.2861 -0.9209
vn 0.6054 0.2923 0.7403
vn 0.3597 0.3383 0.8696
vn 0.1371 -0.9519 0.2739
vn -0.1794 -0.7757 0.6050
vn 0.2349 0.2990 0.9249
vn 0.9874 0.1014 -0.1212
vn 0.9874 0.1015 -0.1212
vn 0.3700 0.5649 0.7376
vn 0.4375 0.5630 0.7012
vn 0.4375 0.5630 0.7011
vn 0.3307 0.3424 0.8795
vn 0.3307 0.3427 0.8793
vn 0.8751 0.1170 -0.4695
vn 0.8933 0.0603 -0.4454
vn 0.0060 0.9393 0.3431
vn 0.4088 -0.3012 0.8615
vn 0.4455 -0.3007 0.8433
vn -0.8347 0.4896 0.2519
vn -0.3778 -0.2555 -0.8900
vn 0.5208 0.2328 0.8214
vn -0.3244 0.6899 -0.6471
vn 0.2998 0.5634 0.7698
vn 0.2998 0.5634 0.7699
vn -0.0943 -0.9479 -0.3044
vn -0.3912 0.4876 -0.7805
vn -0.3911 0.4871 -0.7808
vn -0.3911 0.4879 -0.7804
vn 0.9675 -0.2527 0.0015
vn 0.9528 -0.3022 -0.0306
vn -0.8506 0.4675 0.2405
vn 0.3256 -0.6798 0.6571
vn 0.2815 0.7778 0.5619
vn -0.2050 0.6815 0.7025
vn -0.0679 0.7165 -0.6942
vn -0.0879 0.6722 -0.7352
vn -0.0709 0.7672 -0.6375
vn -0.1335 0.9547 -0.2658
vn -0.3682 0.9085 -0.1976
vn -0.1334 0.9548 -0.2658
vn -0.4685 0.7659 -0.4404
vn -0.4767 0.7572 -0.4465
vn -0.4268 0.8040 -0.4139
vn -0.2312 0.4759 -0.8486
vn -0.2199 0.4055 -0.8872
vn -0.2915 0.4480 -0.8452
vn -0.4778 0.4686 -0.7431
vn -0.3928 0.4813 -0.7837
vn -0.3927 0.4813 -0.7837
vn -0.5512 0.5751 -0.6045
vn -0.5515 0.5846 -0.5951
vn -0.5548 0.6253 -0.5488
vn -0.3816 0.8428 -0.3795
vn -0.3770 0.8769 -0.2981
vn -0.3225 0.8663 -0.3814
vn -0.2352 0.8513 -0.4690
vn 0.2978 0.7464 0.5951
vn -0.1852 0.6396 0.7461
vn 0.3032 0.7360 0.6052
vn -0.4200 0.3530 -0.8360
vn -0.5529 0.4318 -0.7126
vn -0.5788 0.3925 -0.7148
vn -0.6478 0.6388 -0.4150
vn -0.6277 0.5242 -0.5756
vn -0.6151 0.6502 -0.4460
vn -0.9416 -0.3326 0.0526
vn -0.7802 -0.1777 -0.5998
vn -0.7285 -0.5957 -0.3382
vn -0.9059 0.0268 0.4226
vn -0.9632 0.0477 -0.2645
vn -0.6968 0.6651 0.2684
vn -0.9328 0.3564 0.0535
vn 0.6108 -0.3432 -0.7135
vn 0.1653 -0.5956 -0.7861
vn 0.6056 -0.3324 -0.7230
vn 0.9163 0.3872 -0.1027
vn 0.8861 0.0168 -0.4632
vn 0.8808 0.0277 -0.4727
vn 0.6317 0.6658 -0.3970
vn 0.7032 0.6501 0.2879
vn 0.4488 0.8915 -0.0616
vn 0.1011 0.9742 0.2020
vn -0.3644 0.8685 -0.3361
vn -0.3179 0.8915 0.3228
vn 0.0107 0.6504 -0.7595
vn 0.3650 0.0485 -0.9297
vn -0.0856 0.5243 -0.8472
vn -0.5186 0.7763 -0.3583
vn -0.4420 0.5316 -0.7225
vn -0.4885 0.4792 -0.7292
vn -0.4415 0.5320 -0.7225
vn -0.4110 0.3980 -0.8202
vn -0.2242 0.3933 -0.8916
vn -0.2399 0.4320 -0.8694
vn 0.2901 -0.6259 -0.7239
vn 0.1169 -0.6860 -0.7181
vn 0.0231 0.7764 -0.6299
vn -0.0515 0.8685 -0.4931
vn -0.1902 0.6500 0.7357
vn 0.7083 0.6398 0.2982
vn -0.4325 -0.2605 -0.8632
vn -0.3236 -0.6921 -0.6452
vn 0.0686 0.7816 -0.6200
vn -0.0135 -0.1775 -0.9840
vn -0.5394 0.7803 -0.3165
vn -0.0959 0.4760 0.8742
vn -0.5381 0.2137 0.8153
vn -0.8081 -0.1401 0.5722
vn 0.3844 0.5662 0.7292
vn -0.3713 0.8818 -0.2910
vn -0.1764 0.9212 -0.3469
vn 0.7632 0.4736 0.4395
vn 0.9795 0.1981 0.0371
vn -0.6623 0.4984 -0.5595
vn -0.8440 -0.4931 0.2108
vn -0.6364 -0.7523 -0.1702
vn -0.1075 0.6251 -0.7731
vn -0.1543 0.5733 -0.8047
vn 0.1463 0.6093 -0.7794
vn 0.0146 0.4361 -0.8998
vn 0.0144 0.4358 -0.8999
vn 0.0619 0.9086 -0.4131
vn 0.1636 0.7821 -0.6013
vn -0.5799 0.7819 -0.2288
vn -0.5801 0.7817 -0.2289
vn -0.7120 0.6091 -0.3494
vn -0.7120 0.6090 -0.3495
vn -0.7297 0.4359 -0.5268
vn -0.7296 0.4356 -0.5272
vn -0.6271 0.3088 -0.7151
vn -0.6269 0.3090 -0.7152
vn -0.4324 0.2619 -0.8628
vn -0.4324 0.2624 -0.8627
vn -0.2085 -0.8863 -0.4136
vn 0.2728 -0.7671 -0.5806
vn -0.2088 -0.8863 -0.4134
vn 0.3947 -0.4719 0.7884
vn 0.3429 -0.6929 0.6343
vn 0.4731 -0.5091 0.7190
vn 0.2748 0.7898 0.5484
vn -0.1947 0.6682 0.7180
vn 0.2875 0.7663 0.5746
vn -0.2861 -0.7692 -0.5714
vn -0.2918 -0.4768 -0.8292
vn -0.3874 -0.5073 -0.7698
vn 0.6549 0.7207 0.2274
vn 0.8775 0.4541 -0.1541
vn 0.6351 0.7522 0.1756
vn -0.4896 -0.4771 -0.7298
vn -0.4465 -0.0788 -0.8913
vn -0.5390 -0.0761 -0.8388
vn 0.5328 0.1521 0.8325
vn 0.4436 0.1461 0.8842
vn -0.3625 0.4935 -0.7906
vn -0.3800 0.5294 -0.7585
vn 0.2854 0.7709 0.5695
vn 0.3003 0.6534 0.6949
vn 0.1762 0.7652 0.6192
vn -0.3312 0.6736 -0.6607
vn -0.4165 0.4936 -0.7635
vn 0.8257 -0.1823 -0.5339
vn 0.7271 -0.2624 -0.6344
vn 0.7516 -0.1706 -0.6372
vn 0.2913 0.7595 0.5817
vn 0.3981 0.7539 0.5226
vn 0.3982 0.7539 0.5227
vn 0.3030 -0.6930 0.6542
vn 0.3230 -0.6931 0.6444
vn -0.9759 -0.1274 0.1773
vn -0.9818 -0.0634 0.1790
vn -0.9755 -0.1306 0.1769
vn 0.7311 -0.0630 -0.6793
vn 0.7261 -0.1268 -0.6758
vn 0.7255 -0.1299 -0.6759
vn -0.3239 0.6141 -0.7197
vn -0.3535 0.6144 -0.7054
vn -0.3536 0.6144 -0.7053
vn 0.9440 0.1904 -0.2695
vn 0.9383 0.2764 -0.2077
vn 0.9356 0.0571 -0.3484
vn 0.3771 0.6530 0.6568
vn 0.3904 0.7654 0.5116
vn -0.3125 -0.7163 -0.6239
vn -0.1904 -0.7099 -0.6781
vn -0.3828 0.6141 -0.6902
vn -0.9409 -0.1563 0.3005
vn -0.9687 -0.1717 0.1792
vn -0.9473 -0.2762 0.1624
vn -0.6279 0.4009 0.6671
vn -0.9004 0.0324 0.4338
vn -0.9368 -0.3412 0.0771
vn -0.7232 -0.6180 -0.3083
vn 0.6913 0.6686 0.2740
vn -0.7038 -0.6398 -0.3087
vn -0.2737 -0.7889 -0.5502
vn -0.3029 -0.7355 -0.6060
vn -0.2446 0.7440 0.6218
vn 0.2271 0.8595 0.4579
vn 0.2276 0.8595 0.4576
vn 0.6739 0.6924 0.2576
vn -0.8975 -0.4205 0.1328
vn -0.6590 -0.7284 -0.1875
vn -0.6417 -0.7400 -0.2014
vn -0.8958 0.0362 0.4431
vn -0.9012 -0.4084 0.1452
vn 0.2445 -0.7280 -0.6405
vn 0.6437 -0.4199 -0.6397
vn 0.2235 -0.7394 -0.6351
vn 0.8874 0.4453 -0.1190
vn -0.9305 -0.3579 0.0782
vn -0.6500 0.4284 0.6276
vn -0.8817 -0.0073 0.4717
vn -0.8816 -0.0068 0.4719
vn 0.9529 0.1574 -0.2594
vn -0.8921 0.0555 0.4483
vn -0.6221 0.4243 0.6580
vn -0.8945 0.0485 0.4445
vn -0.6266 0.4449 0.6399
vn -0.1973 0.6920 0.6944
vn -0.2100 0.7205 0.6609
vn -0.6490 0.4533 0.6110
vn -0.2394 0.7522 0.6140
vn 0.2277 0.8610 0.4547
vn 0.6284 0.7631 0.1510
vn 0.2164 0.8755 0.4320
vn 0.8737 0.4535 -0.1761
vn 0.8853 0.0251 -0.4644
vn 0.8910 0.0369 -0.4524
vn -0.9018 0.0245 0.4314
vn 0.6799 -0.4441 -0.5835
vn 0.9058 -0.0062 -0.4236
vn 0.6801 -0.4438 -0.5835
vn 0.1746 -0.6394 -0.7488
vn 0.1713 -0.6963 -0.6970
vn -0.2360 -0.8492 -0.4723
vn -0.2554 0.7629 0.5939
vn 0.4277 0.6733 0.6031
vn 0.3294 0.6775 0.6577
vn 0.3297 0.6774 0.6576
vn 0.6697 -0.4966 -0.5521
vn 0.8864 0.0330 -0.4617
vn 0.9456 -0.1305 -0.2980
vn 0.2558 0.8207 0.5108
vn 0.2381 -0.7549 -0.6111
vn 0.6226 -0.3407 -0.7045
vn -0.6598 -0.6970 -0.2809
vn -0.9267 -0.3251 0.1887
vn -0.9117 -0.3809 0.1537
vn 0.9100 0.4014 -0.1038
vn 0.8914 0.0491 -0.4505
vn -0.2441 0.7443 0.6216
vn -0.6501 0.4281 0.6277
vn 0.6198 -0.3573 -0.6987
vn 0.6150 -0.3976 -0.6809
vn -0.9134 -0.3981 0.0851
vn 0.8931 0.0561 -0.4464
vn 0.8992 0.4248 -0.1046
vn -0.2386 -0.8462 -0.4764
vn -0.3104 -0.7210 -0.6196
vn 0.1852 -0.6182 -0.7639
vn -0.3913 0.4873 -0.7807
vn -0.3913 0.4872 -0.7807
vn 0.9084 -0.0449 -0.4157
vn 0.8114 -0.2241 -0.5398
vn 0.8115 -0.2239 -0.5398
vn -0.3911 0.4879 -0.7803
vn -0.3912 0.4877 -0.7805
vn -0.4888 0.4786 -0.7294
vn -0.4982 0.4227 -0.7571
vn -0.3733 0.5539 -0.7443
vn -0.2917 0.4794 -0.8277
vn -0.3140 0.5319 -0.7865
vn -0.3143 0.5322 -0.7861
vn -0.3464 0.3849 -0.8555
vn -0.3087 0.4219 -0.8525
vn -0.3080 0.4228 -0.8523
vn -0.3726 0.5539 -0.7446
vn -0.4167 0.3675 -0.8314
vn -0.4457 0.3697 -0.8153
vn -0.4164 0.3675 -0.8316
vn 0.8920 0.4282 -0.1450
vn 0.6430 0.7449 0.1779
vn 0.8918 0.4286 -0.1448
vn 0.9057 -0.0067 -0.4238
vn -0.8743 -0.4445 0.1950
vn -0.6284 -0.7671 -0.1292
vn -0.6291 -0.7666 -0.1286
vn -0.8741 -0.4449 0.1949
vn -0.3712 -0.7654 -0.5256
vn -0.9370 -0.3437 0.0622
vn -0.7237 -0.6068 -0.3287
vn -0.2369 -0.8495 -0.4713
vn -0.7800 0.1446 0.6088
vn -0.8765 -0.0446 0.4793
vn -0.7797 0.1451 0.6091
vn -0.3859 0.3700 -0.8451
vn -0.6641 0.4530 0.5947
vn 0.1637 0.7819 -0.6015
vn -0.7417 -0.5603 -0.3686
vn -0.3381 -0.6560 -0.6748
vn -0.3380 -0.6560 -0.6748
vn 0.1488 -0.5599 -0.8151
vn -0.3851 0.3700 -0.8455
vn -0.3475 0.3844 -0.8553
vn -0.0520 0.4985 -0.8653
vn -0.7417 -0.5603 -0.3687
vn -0.3186 -0.7030 -0.6358
vn -0.6445 0.4195 0.6393
vn -0.2050 0.6816 0.7025
vn -0.6445 0.4193 0.6393
vn -0.6642 0.3769 0.6456
vn -0.7902 0.2161 0.5735
vn -0.6641 0.3771 0.6456
vn -0.9014 0.0162 0.4327
vn -0.6309 0.3866 0.6727
vn 0.1486 -0.5599 -0.8151
vn -0.0739 0.8066 -0.5865
vn -0.0781 0.8391 -0.5384
vn -0.1976 0.3086 -0.9305
vn -0.1973 0.3093 -0.9303
vn -0.5295 0.4955 -0.6886
vn -0.5544 0.4473 -0.7018
vn -0.5507 0.5094 -0.6612
vn -0.4770 0.3846 -0.7903
vn -0.4465 0.3703 -0.8146
vn -0.4777 0.3851 -0.7896
vn -0.0161 0.8836 -0.4680
vn -0.1933 0.9022 -0.3856
vn 0.0563 0.6419 -0.7648
vn -0.5362 0.6721 -0.5106
vn -0.5363 0.6721 -0.5106
vn -0.5155 0.7163 -0.4703
vn -0.1939 0.5271 -0.8274
vn -0.5453 0.5308 -0.6488
vn -0.4980 0.4218 -0.7577
vn 0.6434 0.7446 0.1775
vn 0.2272 0.6731 0.7039
vn 0.3507 0.6230 0.6991
vn -0.6260 0.3762 0.6830
vn 0.7229 -0.1711 -0.6695
vn 0.7220 -0.1745 -0.6696
vn 0.7787 0.5762 0.2483
vn 0.8967 0.4388 0.0583
vn 0.8961 0.4397 0.0596
vn -0.0183 0.8678 -0.4966
vn -0.1393 0.8613 -0.4887
vn -0.3495 -0.0758 -0.9339
vn 0.6558 -0.4079 -0.6352
vn 0.6771 -0.3789 -0.6308
vn 0.5286 -0.4978 -0.6876
vn 0.5278 -0.4982 -0.6879
vn -0.2917 0.4788 -0.8280
vn -0.0930 0.6588 0.7465
vn -0.2583 0.5846 0.7691
vn -0.4867 0.4411 0.7540
vn -0.6387 0.3134 0.7028
vn -0.4879 0.4401 0.7538
vn -0.9180 -0.2244 0.3269
vn -0.9103 -0.3798 0.1646
vn -0.9180 -0.2246 0.3269
vn -0.8663 -0.4994 0.0093
vn -0.7555 -0.6240 -0.1998
vn -0.8666 -0.4990 0.0102
vn -0.6464 -0.6848 -0.3364
vn -0.6465 -0.6848 -0.3364
vn 0.2726 -0.7672 -0.5806
vn 0.6673 0.6475 0.3681
vn 0.7773 0.5772 0.2502
vn 0.3479 0.1527 0.9250
vn -0.9683 -0.1750 0.1781
vn 0.1802 0.7538 0.6319
vn -0.4291 -0.7099 -0.5585
vn 0.9451 0.3138 -0.0908
vn 0.9546 0.1449 -0.2603
vn 0.9546 0.1446 -0.2606
vn -0.8119 0.1492 0.5644
vn -0.7919 0.2060 0.5749
vn 0.5959 -0.3074 -0.7419
vn 0.9179 0.0634 -0.3918
vn 0.9595 -0.2814 -0.0105
vn 0.9595 -0.2816 -0.0103
vn -0.6973 0.6598 -0.2801
vn -0.9049 0.4086 0.1191
vn -0.6971 0.6601 -0.2800
vn -0.8632 0.0639 0.5008
vn -0.5827 -0.2810 0.7626
vn -0.2949 0.7527 -0.5886
vn -0.2950 0.7525 -0.5889
vn 0.1932 0.6600 -0.7260
vn 0.0551 0.7416 0.6686
vn 0.0757 0.6989 0.7112
vn 0.0569 0.7904 0.6099
vn 0.1162 0.9658 0.2317
vn 0.3521 0.9213 0.1654
vn 0.1163 0.9658 0.2318
vn 0.4547 0.7903 0.4107
vn 0.4627 0.7821 0.4174
vn 0.4114 0.8280 0.3811
vn 0.2234 0.5109 0.8301
vn 0.2144 0.4428 0.8706
vn 0.2842 0.4835 0.8279
vn 0.4917 0.4862 0.7224
vn 0.3840 0.5154 0.7661
vn 0.3840 0.5153 0.7662
vn 0.5418 0.6043 0.5842
vn 0.5418 0.6133 0.5748
vn 0.5440 0.6535 0.5263
vn 0.4063 0.8398 0.3601
vn 0.3174 0.8746 0.3666
vn 0.3713 0.8537 0.3652
vn 0.2201 0.8712 0.4389
vn 0.2201 0.8712 0.4388
vn -0.3099 0.7214 -0.6193
vn 0.1739 0.6155 -0.7687
vn -0.3162 0.7083 -0.6312
vn 0.4040 0.4323 0.8061
vn 0.4934 0.5352 0.6857
vn 0.6044 0.6760 0.4216
vn 0.9480 -0.3159 -0.0396
vn 0.7826 -0.1397 0.6066
vn 0.7395 -0.5686 0.3602
vn 0.9061 0.0297 -0.4219
vn 0.9614 0.0767 0.2642
vn 0.6849 0.6690 -0.2888
vn 0.9257 0.3728 -0.0637
vn -0.6052 -0.3292 0.7248
vn -0.1542 -0.5684 0.8081
vn -0.5990 -0.3156 0.7359
vn -0.9221 0.3761 0.0908
vn -0.8867 0.0168 0.4620
vn -0.8804 0.0305 0.4732
vn -0.4623 0.8861 0.0328
vn -0.7137 0.6288 -0.3086
vn -0.1167 0.9654 -0.2332
vn 0.3490 0.8865 0.3039
vn 0.3029 0.8861 -0.3509
vn -0.0240 0.6760 0.7365
vn -0.3641 0.0774 0.9281
vn 0.0750 0.5543 0.8289
vn 0.5054 0.7976 0.3292
vn 0.6193 0.5542 0.5562
vn 0.2316 0.4652 0.8544
vn -0.1067 -0.6240 0.7741
vn -0.2753 -0.5738 0.7714
vn -0.0386 0.7976 0.6019
vn 0.0348 0.8865 0.4614
vn 0.1797 0.6287 -0.7566
vn -0.7197 0.6158 -0.3208
vn 0.4371 -0.2189 0.8724
vn 0.3364 -0.6612 0.6705
vn -0.6409 0.6697 0.3752
vn 0.5458 0.4650 0.6970
vn 0.0175 -0.1394 0.9901
vn -0.1508 -0.5556 0.8177
vn 0.7441 -0.5554 0.3712
vn -0.7114 0.6333 -0.3045
vn -0.2971 0.7602 -0.5777
vn -0.6937 0.6668 -0.2725
vn -0.8994 0.4198 0.1222
vn -0.9192 0.3821 0.0951
vn 0.6345 0.4296 -0.6426
vn 0.1796 0.6350 -0.7513
vn 0.0961 0.6535 0.7508
vn 0.1438 0.6044 0.7836
vn -0.1571 0.6336 0.7575
vn -0.0227 0.4671 0.8839
vn -0.0224 0.4668 0.8841
vn -0.0781 0.9213 0.3810
vn -0.0780 0.9213 0.3810
vn -0.1778 0.7997 0.5735
vn 0.5660 0.7995 0.2009
vn 0.5662 0.7994 0.2010
vn 0.7011 0.6334 0.3275
vn 0.7011 0.6333 0.3276
vn 0.7216 0.4670 0.5110
vn 0.7216 0.4667 0.5114
vn 0.6213 0.3449 0.7036
vn 0.6216 0.3447 0.7035
vn 0.4275 0.2998 0.8529
vn 0.4274 0.2998 0.8529
vn -0.3864 -0.5043 -0.7723
vn -0.3280 -0.7231 -0.6079
vn -0.4635 -0.5375 -0.7044
vn 0.2993 -0.7436 0.5979
vn 0.2996 -0.4423 0.8453
vn 0.3960 -0.4733 0.7869
vn 0.4979 -0.4426 0.7458
vn 0.4475 -0.0393 0.8934
vn 0.5402 -0.0369 0.8407
vn -0.5278 0.1110 -0.8420
vn -0.4460 0.1026 -0.8891
vn 0.3534 0.5274 0.7726
vn 0.3704 0.5626 0.7391
vn -0.3110 0.7201 -0.6202
vn -0.3284 0.5748 -0.7495
vn -0.2160 0.7160 -0.6639
vn 0.3191 0.7021 0.6365
vn 0.4075 0.5275 0.7454
vn -0.6700 -0.3040 0.6773
vn -0.6910 -0.3094 0.6533
vn -0.7940 -0.1610 0.5862
vn -0.3045 0.7334 -0.6078
vn -0.4112 0.7279 -0.5487
vn -0.2908 -0.7227 -0.6271
vn -0.3094 -0.7230 -0.6176
vn 0.9785 -0.1171 -0.1698
vn 0.9835 -0.0481 -0.1747
vn 0.9782 -0.1201 -0.1695
vn -0.7287 -0.0481 0.6831
vn -0.7219 -0.1164 0.6821
vn -0.7215 -0.1194 0.6820
vn 0.3120 0.6474 0.6954
vn 0.3414 0.6478 0.6810
vn 0.3413 0.6478 0.6811
vn -0.9526 0.1775 0.2472
vn -0.9478 0.2581 0.1871
vn -0.9397 0.0517 0.3381
vn -0.4042 0.5738 -0.7122
vn -0.4024 0.7164 -0.5699
vn 0.3421 -0.6456 0.6828
vn 0.2209 -0.6399 0.7361
vn 0.3703 0.6476 0.6660
vn 0.9442 -0.1608 -0.2876
vn 0.9672 -0.1746 -0.1844
vn 0.9492 -0.2615 -0.1752
vn -0.9561 0.1345 0.2604
vn -0.4393 0.6439 -0.6264
vn -0.3412 0.6481 -0.6808
vn -0.3409 0.6481 -0.6810
vn 0.9239 -0.3465 -0.1621
vn -0.8095 -0.2248 0.5424
vn -0.9133 -0.0619 0.4026
vn -0.8096 -0.2247 0.5423
vn 0.3845 -0.7399 0.5519
vn 0.9427 -0.3297 -0.0510
vn 0.7340 -0.5826 0.3490
vn 0.7648 0.1110 -0.6346
vn 0.8694 -0.0615 -0.4903
vn 0.8695 -0.0619 -0.4900
vn -0.1778 0.7995 0.5738
vn 0.7514 -0.5339 0.3878
vn 0.3495 -0.6256 0.6975
vn 0.3494 -0.6258 0.6974
vn -0.1392 -0.5334 0.8343
vn 0.7514 -0.5338 0.3879
vn 0.3305 -0.6752 0.6595
vn 0.6372 0.4081 -0.6538
vn 0.6372 0.4079 -0.6539
vn 0.7733 0.1522 -0.6156
vn 0.7741 0.1750 -0.6084
vn 0.7732 0.1522 -0.6157
vn 0.9009 0.0163 -0.4338
vn 0.6249 0.3756 -0.6844
vn -0.1390 -0.5335 0.8343
vn 0.0591 0.8281 0.5574
vn 0.0602 0.8603 0.5063
vn 0.1918 0.3449 0.9188
vn 0.1916 0.3446 0.9190
vn 0.5300 0.5134 0.6749
vn 0.5666 0.4484 0.6912
vn 0.5489 0.5309 0.6457
vn 0.1767 0.9190 0.3524
vn 0.5245 0.6988 0.4863
vn 0.5245 0.6990 0.4862
vn 0.5028 0.7415 0.4443
vn 0.1843 0.5602 0.8076
vn 0.5369 0.5600 0.6310
vn -0.2385 0.6440 -0.7268
vn -0.3801 0.5268 -0.7602
vn 0.6193 0.3623 -0.6966
vn 0.0251 0.7911 0.6112
vn -0.7261 -0.1729 0.6655
vn -0.7241 -0.1744 0.6672
vn -0.9188 0.3778 -0.1144
vn -0.8024 0.5079 -0.3135
vn -0.9193 0.3769 -0.1135
vn 0.1884 0.6745 -0.7138
vn -0.3093 0.7259 -0.6143
vn -0.0033 0.8875 0.4608
vn 0.0966 0.8819 0.4614
vn -0.8589 0.0803 0.5059
vn -0.1370 -0.5093 0.8496
vn 0.3503 -0.0366 0.9359
vn -0.5108 -0.4680 0.7211
vn -0.6688 -0.3630 0.6488
vn -0.5121 -0.4673 0.7206
vn -0.9295 -0.3350 0.1542
vn 0.0620 0.5775 -0.8141
vn 0.2270 0.5082 -0.8308
vn 0.2297 0.5071 -0.8307
vn 0.4595 0.3765 -0.8044
vn 0.6155 0.2633 -0.7429
vn 0.6155 0.2634 -0.7428
vn 0.9193 -0.2245 -0.3234
vn 0.9201 -0.3633 -0.1465
vn 0.9202 -0.3628 -0.1472
vn 0.8835 -0.4680 0.0224
vn 0.7804 -0.5735 0.2492
vn 0.8839 -0.4673 0.0210
vn 0.6775 -0.6217 0.3930
vn -0.6880 0.5786 -0.4380
vn -0.8010 0.5088 -0.3155
vn -0.3584 0.1132 -0.9267
vn 0.9675 -0.1758 -0.1816
vn -0.1933 0.7279 -0.6579
vn 0.4572 -0.6400 0.6175
vn -0.9663 0.1114 0.2320
vn -0.9634 0.2638 0.0481
vn -0.9663 0.1113 0.2322
vn 0.7297 0.2422 -0.6394
vn 0.8299 0.0640 -0.5542
vn -0.7059 -0.2619 0.6581
vn 0.6809 0.6814 -0.2686
vn 0.2011 0.8934 0.4016
vn 0.2012 0.8934 0.4017
vn 0.9086 -0.0444 -0.4153
vn -0.9104 -0.3795 0.1648
vn -0.8767 -0.0451 0.4790
vn -0.2602 0.5838 0.7691
vn 0.2928 -0.6245 -0.7241
vn 0.9453 0.3130 -0.0918
vn -0.6378 0.3143 0.7032
vn 0.6769 -0.3792 -0.6308
vn -0.9134 -0.0618 0.4024
vn 0.9192 -0.2243 -0.3237
vn 0.4590 0.3770 -0.8045
vn -0.2764 -0.5733 0.7713
vn -0.9634 0.2637 0.0481
vn 0.7646 0.1113 -0.6348
vn -0.6683 -0.3636 0.6490
vn -0.0712 0.7587 -0.6476
vn -0.0879 0.6721 -0.7352
vn -0.4182 0.8245 -0.3812
vn -0.1470 0.5828 -0.7992
vn -0.0554 0.8226 -0.5659
vn -0.1972 0.4951 -0.8462
vn 0.0575 0.7822 0.6203
vn 0.0757 0.6990 0.7111
vn 0.1363 0.6134 0.7779
vn 0.0384 0.8442 0.5346
vn 0.1888 0.5292 0.8272
vn -0.6274 -0.3411 0.7000
vn 0.8977 0.4198 -0.1334
vn 0.5874 -0.2973 -0.7527
vn 0.1269 -0.9580 0.2570
vn -0.5903 -0.4001 -0.7010
vn 0.2875 0.7666 0.5741
vn 0.3240 0.2876 0.9013
vn 0.2760 0.7385 0.6152
vn 0.4902 -0.8716 -0.0066
vn 0.3695 0.5648 0.7379
vn -0.3911 0.4873 -0.7807
vn -0.3682 0.9084 -0.1979
vn 0.1701 -0.6065 -0.7766
vn 0.9217 0.3767 -0.0928
vn 0.6010 0.3569 -0.7152
vn 0.1462 0.6091 -0.7795
vn -0.1987 -0.7658 -0.6116
vn 0.2935 -0.5093 0.8090
vn -0.3257 0.6736 -0.6635
vn 0.2914 0.7595 0.5817
vn -0.3367 0.6736 -0.6579
vn 0.9383 0.2764 -0.2078
vn -0.1904 -0.7098 -0.6781
vn 0.9528 0.1575 -0.2595
vn -0.3911 0.4878 -0.7804
vn 0.2271 0.6730 0.7039
vn -0.7536 -0.6255 -0.2019
vn 0.4585 -0.4347 -0.7751
vn -0.9049 0.4087 0.1190
vn -0.5827 -0.2812 0.7625
vn 0.3520 0.9212 0.1656
vn 0.3755 0.8751 0.3053
vn -0.1599 -0.5825 0.7970
vn -0.9285 0.3628 0.0792
vn -0.6050 0.3732 0.7034
vn -0.1574 0.6335 0.7576
vn 0.2119 -0.7403 0.6380
vn -0.2867 -0.5386 -0.7923
vn 0.3136 0.7021 0.6393
vn -0.6700 -0.3040 0.6772
vn -0.3045 0.7333 -0.6079
vn 0.3246 0.7021 0.6338
vn 0.9834 -0.0481 -0.1747
vn 0.3119 0.6474 0.6954
vn 0.2209 -0.6399 0.7360
vn -0.9561 0.1347 0.2604
vn -0.2386 0.6440 -0.7269
vn 0.0620 0.5775 -0.8140
vn 0.7808 -0.5732 0.2486
vn -0.6786 -0.3486 0.6465
vt 0.826468 0.171762
vt 0.552589 0.208746
vt 0.536037 0.176495
vt 0.233759 0.448312
vt 0.221133 0.525116
vt 0.207827 0.454315
vt 0.324813 0.293785
vt 0.058729 0.041053
vt 0.330572 0.062189
vt 0.714943 0.408836
vt 0.599000 0.508679
vt 0.596937 0.406705
vt 0.526103 0.212814
vt 0.411743 0.559711
vt 0.689748 0.708436
vt 0.419046 0.685714
vt 0.394547 0.704790
vt 0.395662 0.680830
vt 0.344248 0.409002
vt 0.356474 0.291333
vt 0.965635 0.556356
vt 0.925683 0.574336
vt 0.924624 0.552528
vt 0.355347 0.058047
vt 0.333062 0.029772
vt 0.120979 0.783671
vt 0.112942 0.754047
vt 0.135369 0.769739
vt 0.098239 0.595858
vt 0.130702 0.619866
vt 0.098065 0.612065
vt 0.169211 0.552631
vt 0.205406 0.571604
vt 0.372806 0.702031
vt 0.251868 0.700444
vt 0.372278 0.675947
vt 0.824995 0.204552
vt 0.847542 0.177491
vt 0.131054 0.798506
vt 0.111187 0.821585
vt 0.108894 0.804656
vt 0.717801 0.715559
vt 0.690047 0.723662
vt 0.249457 0.723569
vt 0.215452 0.699744
vt 0.083767 0.782407
vt 0.102014 0.779917
vt 0.573203 0.522970
vt 0.572724 0.505619
vt 0.242810 0.574347
vt 0.501880 0.043858
vt 0.540365 0.026620
vt 0.853137 0.020829
vt 0.378366 0.397620
vt 0.402398 0.373506
vt 0.417236 0.392110
vt 0.473700 0.024471
vt 0.035782 0.296220
vt 0.033345 0.435900
vt 0.003904 0.402412
vt 0.304096 0.433185
vt 0.003904 0.289647
vt 0.015275 0.041653
vt 0.996004 0.157555
vt 0.702982 0.541337
vt 0.595669 0.523979
vt 0.031931 0.796273
vt 0.017609 0.846858
vt 0.008388 0.803580
vt 0.053104 0.587493
vt 0.004207 0.570484
vt 0.052513 0.564527
vt 0.042659 0.561208
vt 0.040135 0.546407
vt 0.509182 0.310504
vt 0.052055 0.618559
vt 0.065595 0.751095
vt 0.045347 0.766437
vt 0.700431 0.558052
vt 0.061070 0.776954
vt 0.084921 0.763165
vt 0.141812 0.629832
vt 0.160881 0.625108
vt 0.147561 0.643538
vt 0.969514 0.212039
vt 0.557773 0.901222
vt 0.544508 0.921746
vt 0.536449 0.899798
vt 0.178205 0.703318
vt 0.160794 0.701286
vt 0.003912 0.762659
vt 0.505408 0.227931
vt 0.622416 0.912690
vt 0.577428 0.899006
vt 0.618524 0.893897
vt 0.155253 0.606412
vt 0.147332 0.581596
vt 0.169107 0.588763
vt 0.174911 0.612705
vt 0.151364 0.700054
vt 0.099048 0.573438
vt 0.141133 0.601237
vt 0.066776 0.007456
vt 0.072654 0.757850
vt 0.008541 0.597363
vt 0.079303 0.643062
vt 0.110978 0.636090
vt 0.117433 0.639463
vt 0.122316 0.647431
vt 0.127340 0.702698
vt 0.107013 0.760683
vt 0.096686 0.763897
vt 0.057187 0.811107
vt 0.082399 0.832552
vt 0.053806 0.843708
vt 0.268219 0.851590
vt 0.285521 0.887243
vt 0.258135 0.881022
vt 0.313034 0.893645
vt 0.294078 0.862689
vt 0.320108 0.870579
vt 0.081665 0.812767
vt 0.452455 0.893262
vt 0.374901 0.904266
vt 0.372034 0.884467
vt 0.144107 0.776968
vt 0.155756 0.784105
vt 0.340520 0.899332
vt 0.345451 0.880445
vt 0.967339 0.221844
vt 0.824487 0.215148
vt 0.502508 0.269520
vt 0.248579 0.532078
vt 0.289323 0.561623
vt 0.288197 0.540892
vt 0.550737 0.521962
vt 0.553984 0.219014
vt 0.416288 0.707548
vt 0.575798 0.920144
vt 0.559852 0.921479
vt 0.450832 0.912111
vt 0.527637 0.221742
vt 0.039498 0.004044
vt 0.146446 0.472192
vt 0.028470 0.508414
vt 0.681431 0.902327
vt 0.657940 0.883148
vt 0.672676 0.838639
vt 0.984774 0.597812
vt 0.992690 0.664971
vt 0.982036 0.668274
vt 0.959081 0.596813
vt 0.922004 0.593519
vt 0.954828 0.671222
vt 0.915096 0.669488
vt 0.730483 0.576103
vt 0.224357 0.580545
vt 0.363793 0.563076
vt 0.206126 0.701304
vt 0.193356 0.587094
vt 0.961270 0.439669
vt 0.540212 0.409339
vt 0.546448 0.502559
vt 0.269878 0.441050
vt 0.661849 0.905718
vt 0.235638 0.875727
vt 0.568574 0.408022
vt 0.387768 0.561393
vt 1.552589 0.208746
vt 1.826468 0.171762
vt 1.536037 0.176495
vt 1.221133 0.525116
vt 1.233759 0.448312
vt 1.207827 0.454315
vt 1.324813 0.293785
vt 1.058729 0.041053
vt 1.035782 0.296220
vt 1.599000 0.508679
vt 1.714943 0.408836
vt 1.596937 0.406705
vt 1.526103 0.212814
vt 1.505806 0.177855
vt 1.411743 0.559711
vt 1.689749 0.708436
vt 1.700673 0.573462
vt 1.394547 0.704790
vt 1.419046 0.685714
vt 1.395662 0.680830
vt 1.344248 0.409002
vt 1.304096 0.433185
vt 1.965635 0.556356
vt 1.924624 0.552528
vt 1.925683 0.574336
vt 1.355347 0.058047
vt 1.333062 0.029772
vt 1.330572 0.062189
vt 1.120980 0.783671
vt 1.112942 0.754047
vt 1.107013 0.760683
vt 1.098239 0.595858
vt 1.130702 0.619866
vt 1.141133 0.601237
vt 1.169211 0.552631
vt 1.205406 0.571604
vt 1.372806 0.702031
vt 1.251868 0.700444
vt 1.249457 0.723569
vt 1.824995 0.204552
vt 1.847542 0.177491
vt 1.131054 0.798506
vt 1.111187 0.821585
vt 1.139647 0.809427
vt 1.717801 0.715559
vt 1.690047 0.723662
vt 1.215452 0.699744
vt 1.083767 0.782407
vt 1.108894 0.804656
vt 1.102014 0.779917
vt 1.573203 0.522970
vt 1.572724 0.505619
vt 1.242810 0.574347
vt 1.356474 0.291333
vt 1.540365 0.026620
vt 1.521122 0.035239
vt 1.501880 0.043858
vt 1.853137 0.020829
vt 1.378366 0.397620
vt 1.417236 0.392110
vt 1.402398 0.373506
vt 1.473700 0.024471
vt 1.003904 0.402412
vt 1.033345 0.435900
vt 1.003904 0.289647
vt 1.015275 0.041653
vt 1.996004 0.157555
vt 1.595669 0.523979
vt 1.702982 0.541337
vt 1.031931 0.796273
vt 1.017609 0.846858
vt 1.028737 0.856953
vt 1.004207 0.570484
vt 1.053104 0.587493
vt 1.052513 0.564527
vt 1.040135 0.546407
vt 1.042659 0.561208
vt 1.509182 0.310504
vt 1.502508 0.269520
vt 1.065595 0.751095
vt 1.052055 0.618559
vt 1.045347 0.766437
vt 1.700431 0.558052
vt 1.084921 0.763165
vt 1.061070 0.776954
vt 1.057187 0.811107
vt 1.160881 0.625108
vt 1.141812 0.629832
vt 1.147561 0.643538
vt 1.969514 0.212039
vt 1.991483 0.196727
vt 1.544508 0.921746
vt 1.557773 0.901222
vt 1.536449 0.899798
vt 1.178205 0.703318
vt 1.160794 0.701286
vt 1.003912 0.762659
vt 1.505408 0.227931
vt 1.492619 0.046782
vt 1.622416 0.912690
vt 1.577428 0.899006
vt 1.575798 0.920144
vt 1.147332 0.581596
vt 1.155253 0.606412
vt 1.169107 0.588763
vt 1.174911 0.612705
vt 1.151364 0.700054
vt 1.099048 0.573438
vt 1.066776 0.007456
vt 1.072654 0.757850
vt 1.098065 0.612065
vt 1.079303 0.643062
vt 1.096733 0.636648
vt 1.110978 0.636090
vt 1.117433 0.639463
vt 1.122316 0.647431
vt 1.135369 0.769739
vt 1.127340 0.702698
vt 1.096686 0.763897
vt 1.081665 0.812767
vt 1.082399 0.832552
vt 1.053806 0.843708
vt 1.285521 0.887243
vt 1.268219 0.851590
vt 1.258135 0.881022
vt 1.313034 0.893645
vt 1.294078 0.862689
vt 1.374901 0.904266
vt 1.452455 0.893262
vt 1.372034 0.884467
vt 1.144107 0.776968
vt 1.340520 0.899332
vt 1.345451 0.880445
vt 1.155756 0.784105
vt 1.320108 0.870579
vt 1.967340 0.221844
vt 1.289323 0.561623
vt 1.248579 0.532078
vt 1.550737 0.521962
vt 1.288197 0.540892
vt 1.553984 0.219014
vt 1.416288 0.707548
vt 1.559852 0.921479
vt 1.450832 0.912111
vt 1.527637 0.221742
vt 1.039498 0.004044
vt 1.146446 0.472192
vt 1.028470 0.508414
vt 1.008541 0.597363
vt 1.657940 0.883148
vt 1.681431 0.902327
vt 1.672676 0.838639
vt 1.992690 0.664971
vt 1.984774 0.597812
vt 1.982036 0.668274
vt 1.959080 0.596813
vt 1.954828 0.671222
vt 1.922004 0.593519
vt 1.915096 0.669488
vt 1.730483 0.576103
vt 1.387768 0.561393
vt 1.372278 0.675947
vt 1.224357 0.580545
vt 1.193356 0.587094
vt 1.206126 0.701304
vt 1.183290 0.589098
vt 1.961270 0.439669
vt 1.568574 0.408022
vt 1.540212 0.409339
vt 1.269878 0.441050
vt 1.618524 0.893897
vt 1.661849 0.905718
vt 1.235638 0.875727
vt 1.546448 0.502559
vt 1.363793 0.563076
vt 0.505806 0.177855
vt 0.521123 0.035239
vt 0.018624 0.419156
vt 1.018624 0.419156
vt 0.438497 0.793219
vt 0.327927 0.779016
vt 0.327768 0.792787
vt 0.795023 0.754747
vt 0.813601 0.750693
vt 0.795023 0.750693
vt 0.970358 0.010084
vt 0.977659 0.006400
vt 0.970143 0.006669
vt 0.909588 0.371579
vt 0.938652 0.387747
vt 0.938648 0.371563
vt 0.776444 0.754747
vt 0.757865 0.750693
vt 0.757865 0.754747
vt 0.938650 0.339199
vt 0.909586 0.323018
vt 0.909577 0.339201
vt 0.477273 0.746884
vt 0.484009 0.759045
vt 0.484184 0.747209
vt 0.946641 0.379754
vt 0.942566 0.364902
vt 0.942566 0.379754
vt 0.767232 0.016266
vt 0.741356 0.003908
vt 0.741356 0.016266
vt 0.560241 0.016266
vt 0.586112 0.003908
vt 0.560241 0.003908
vt 0.611988 0.016266
vt 0.637864 0.003908
vt 0.611988 0.003908
vt 0.441210 0.815573
vt 0.484441 0.804670
vt 0.439224 0.804341
vt 0.962598 0.762288
vt 0.955395 0.679308
vt 0.955395 0.762288
vt 0.660775 0.748768
vt 0.484259 0.770697
vt 0.444606 0.759339
vt 0.441383 0.770884
vt 0.448338 0.839283
vt 0.340053 0.860411
vt 0.444234 0.850247
vt 0.329442 0.847623
vt 0.330239 0.860924
vt 0.898744 0.679308
vt 0.891864 0.762288
vt 0.898744 0.762288
vt 0.677802 0.838504
vt 0.691995 0.845464
vt 0.691995 0.838504
vt 0.942566 0.320358
vt 0.946641 0.305508
vt 0.942566 0.305508
vt 0.777166 0.838504
vt 0.762973 0.845464
vt 0.777166 0.845464
vt 0.948184 0.762288
vt 0.941110 0.679308
vt 0.941110 0.762288
vt 0.832177 0.727706
vt 0.850754 0.746974
vt 0.850754 0.727706
vt 0.484529 0.782125
vt 0.661088 0.794085
vt 0.661088 0.782761
vt 0.328349 0.765252
vt 0.329015 0.751552
vt 0.484082 0.816094
vt 0.444344 0.827141
vt 0.483743 0.827742
vt 0.328137 0.820323
vt 0.328697 0.834026
vt 0.949044 0.225915
vt 0.938660 0.242095
vt 0.949050 0.242097
vt 0.932391 0.010177
vt 0.925243 0.005765
vt 0.924790 0.010523
vt 0.949051 0.403940
vt 0.938660 0.403942
vt 0.949041 0.420124
vt 0.327822 0.806557
vt 0.329866 0.737962
vt 0.340578 0.725259
vt 0.330768 0.724670
vt 0.483825 0.839580
vt 0.476911 0.839851
vt 0.444677 0.736235
vt 0.341622 0.711850
vt 0.909014 0.578596
vt 0.913193 0.582032
vt 0.913194 0.578603
vt 0.484671 0.793399
vt 0.996050 0.565948
vt 0.986462 0.575557
vt 0.992542 0.572034
vt 0.996048 0.558746
vt 0.979258 0.575573
vt 0.972884 0.571916
vt 0.992376 0.552382
vt 0.986006 0.548704
vt 0.969191 0.565557
vt 0.439310 0.782102
vt 0.993564 0.214174
vt 0.986738 0.205707
vt 0.986738 0.214174
vt 0.449238 0.737019
vt 0.448695 0.747229
vt 0.455369 0.718943
vt 0.478306 0.734509
vt 0.479204 0.722040
vt 0.661000 0.805408
vt 0.660423 0.839395
vt 0.660623 0.827975
vt 0.483325 0.851341
vt 0.660280 0.862222
vt 0.660307 0.850815
vt 0.969653 0.762288
vt 0.962598 0.679308
vt 0.660996 0.771468
vt 0.660887 0.760188
vt 0.660748 0.737349
vt 0.483775 0.735447
vt 0.197166 0.003905
vt 0.186771 0.008059
vt 0.197122 0.007831
vt 0.993564 0.231379
vt 0.986738 0.240027
vt 0.993564 0.240027
vt 0.986738 0.248608
vt 0.993564 0.257104
vt 0.993564 0.248608
vt 0.993564 0.300032
vt 0.986738 0.308500
vt 0.993564 0.308500
vt 0.986738 0.300032
vt 0.993564 0.291472
vt 0.986738 0.291472
vt 0.993564 0.282825
vt 0.986738 0.282825
vt 0.976532 0.762288
vt 0.969653 0.679308
vt 0.948184 0.679308
vt 0.934198 0.679308
vt 0.934198 0.762288
vt 0.905801 0.679308
vt 0.905801 0.762288
vt 0.913005 0.679308
vt 0.913005 0.762288
vt 0.927288 0.679308
vt 0.920215 0.762288
vt 0.927288 0.762288
vt 0.878107 0.582022
vt 0.875163 0.578593
vt 0.875161 0.582033
vt 0.909588 0.290646
vt 0.938645 0.274471
vt 0.909585 0.274454
vt 0.909592 0.355388
vt 0.938656 0.355392
vt 0.909598 0.420130
vt 0.909595 0.403943
vt 0.938648 0.306837
vt 0.938653 0.290643
vt 0.909595 0.242093
vt 0.938650 0.258287
vt 0.962771 0.010092
vt 0.962664 0.006695
vt 0.188739 0.440671
vt 0.171047 0.453575
vt 0.190354 0.444009
vt 0.942566 0.394607
vt 0.946641 0.394607
vt 0.942566 0.260964
vt 0.946641 0.246109
vt 0.942566 0.246109
vt 0.946641 0.335208
vt 0.942566 0.335208
vt 0.942566 0.350062
vt 0.946641 0.350062
vt 0.946641 0.364902
vt 0.942566 0.290656
vt 0.012754 0.003952
vt 0.023149 0.008106
vt 0.023105 0.004181
vt 0.909590 0.258270
vt 0.955190 0.006672
vt 0.942566 0.275817
vt 0.946641 0.260964
vt 0.992623 0.004915
vt 0.985590 0.010523
vt 0.993221 0.011101
vt 0.875990 0.004893
vt 0.880053 0.038221
vt 0.880053 0.003913
vt 0.940022 0.010084
vt 0.932721 0.006400
vt 0.720717 0.746974
vt 0.739290 0.727706
vt 0.720717 0.727706
vt 0.875990 0.037241
vt 0.874025 0.007085
vt 0.874025 0.035049
vt 0.986738 0.265598
vt 0.993564 0.274178
vt 0.993564 0.265598
vt 0.946641 0.275817
vt 0.832177 0.754747
vt 0.850754 0.750693
vt 0.832177 0.750693
vt 0.683571 0.746974
vt 0.664997 0.727706
vt 0.664997 0.746974
vt 0.947609 0.010092
vt 0.955190 0.010105
vt 0.869326 0.754747
vt 0.887901 0.750693
vt 0.869326 0.750693
vt 0.739290 0.754747
vt 0.720717 0.750693
vt 0.720717 0.754747
vt 0.702142 0.750693
vt 0.702142 0.754747
vt 0.850754 0.754747
vt 0.748779 0.838504
vt 0.734584 0.845464
vt 0.748779 0.845464
vt 0.720389 0.838504
vt 0.734584 0.838504
vt 0.706195 0.838504
vt 0.720389 0.845464
vt 0.833950 0.845464
vt 0.848144 0.838504
vt 0.833950 0.838504
vt 0.762973 0.838504
vt 0.819755 0.838504
vt 0.805560 0.845464
vt 0.819755 0.845464
vt 0.805560 0.838504
vt 0.791359 0.845464
vt 0.706195 0.845464
vt 0.791359 0.838504
vt 0.664997 0.754747
vt 0.683571 0.750693
vt 0.664997 0.750693
vt 0.986738 0.257104
vt 0.969176 0.558346
vt 0.978793 0.548707
vt 0.972688 0.552233
vt 0.940237 0.006669
vt 0.977988 0.010177
vt 0.985138 0.005765
vt 0.456893 0.405526
vt 0.456802 0.398329
vt 0.449406 0.404161
vt 0.034100 0.481995
vt 0.041156 0.481588
vt 0.042169 0.474123
vt 0.023120 0.502265
vt 0.023121 0.484869
vt 0.015841 0.500570
vt 0.006881 0.488877
vt 0.012144 0.481995
vt 0.005086 0.481589
vt 0.010251 0.495599
vt 0.776444 0.750693
vt 0.870985 0.582028
vt 0.449407 0.371748
vt 0.456802 0.377576
vt 0.456893 0.370381
vt 0.906071 0.582025
vt 0.909016 0.582036
vt 0.944192 0.582168
vt 0.946217 0.577967
vt 0.961761 0.082112
vt 0.986534 0.099264
vt 0.992745 0.083088
vt 0.906184 0.021070
vt 0.913066 0.004979
vt 0.961761 0.116420
vt 0.957701 0.083092
vt 0.957701 0.115440
vt 0.437382 0.395333
vt 0.454105 0.387953
vt 0.435640 0.387955
vt 0.437383 0.380577
vt 0.442486 0.374963
vt 0.477848 0.852236
vt 0.454789 0.867624
vt 0.478647 0.864713
vt 0.004077 0.474123
vt 0.030398 0.500568
vt 0.039360 0.488875
vt 0.464535 0.369977
vt 0.442485 0.400948
vt 0.660810 0.725943
vt 0.483665 0.723807
vt 0.448800 0.849498
vt 0.464535 0.405926
vt 0.917757 0.004915
vt 0.917159 0.011101
vt 0.366099 0.410894
vt 0.350467 0.411161
vt 0.352449 0.414550
vt 0.986738 0.222733
vt 0.993564 0.222733
vt 0.839986 0.582168
vt 0.870984 0.578599
vt 0.837960 0.577967
vt 0.992745 0.115438
vt 0.906070 0.578596
vt 0.878107 0.578593
vt 0.660821 0.816698
vt 0.035987 0.495597
vt 0.986738 0.274178
vt 0.938650 0.323019
vt 0.381731 0.411161
vt 0.379750 0.414550
vt 0.913066 0.037161
vt 0.986083 0.440687
vt 0.994791 0.431977
vt 0.994791 0.425547
vt 0.702142 0.746974
vt 0.702142 0.727706
vt 0.920215 0.679308
vt 0.340991 0.873828
vt 0.448592 0.866323
vt 0.534367 0.003908
vt 0.534367 0.016266
vt 0.844850 0.003908
vt 0.818977 0.016266
vt 0.844850 0.016266
vt 0.165331 0.764278
vt 0.171650 0.778036
vt 0.178328 0.753065
vt 0.147934 0.893308
vt 0.123930 0.898934
vt 0.147934 0.898934
vt 0.264830 0.753042
vt 0.273095 0.751468
vt 0.265079 0.740367
vt 0.196661 0.821231
vt 0.200433 0.831169
vt 0.201796 0.828831
vt 0.241435 0.828849
vt 0.221616 0.827933
vt 0.221614 0.831560
vt 0.264846 0.802991
vt 0.273111 0.804565
vt 0.277878 0.791661
vt 0.246538 0.734781
vt 0.242759 0.724842
vt 0.241641 0.726493
vt 0.221566 0.728100
vt 0.221565 0.723923
vt 0.862218 0.313165
vt 0.905694 0.327710
vt 0.905694 0.313165
vt 0.843386 0.400423
vt 0.850823 0.385875
vt 0.843386 0.385875
vt 0.843386 0.356790
vt 0.850823 0.371332
vt 0.850823 0.356790
vt 0.862218 0.371332
vt 0.857158 0.385875
vt 0.862218 0.385875
vt 0.862218 0.356790
vt 0.857158 0.371332
vt 0.857158 0.342252
vt 0.857158 0.356790
vt 0.905694 0.254994
vt 0.862218 0.240453
vt 0.862218 0.254994
vt 0.862218 0.284074
vt 0.905694 0.269536
vt 0.862218 0.269536
vt 0.857158 0.284074
vt 0.862218 0.298618
vt 0.857158 0.298618
vt 0.857158 0.313165
vt 0.850823 0.327710
vt 0.857158 0.327710
vt 0.850823 0.269536
vt 0.857158 0.254994
vt 0.850823 0.254994
vt 0.850823 0.342252
vt 0.768427 0.410507
vt 0.776007 0.404506
vt 0.768427 0.404506
vt 0.850823 0.225907
vt 0.843386 0.240452
vt 0.850823 0.240453
vt 0.982755 0.347355
vt 0.952956 0.360813
vt 0.982755 0.360813
vt 0.850823 0.284074
vt 0.850823 0.298618
vt 0.862218 0.327710
vt 0.905694 0.298618
vt 0.857158 0.400423
vt 0.862218 0.400423
vt 0.843386 0.284074
vt 0.850823 0.400423
vt 0.857158 0.225907
vt 0.857158 0.240453
vt 0.843386 0.342252
vt 0.839908 0.327710
vt 0.839908 0.342252
vt 0.839908 0.356790
vt 0.839908 0.313165
vt 0.843386 0.327710
vt 0.843386 0.313165
vt 0.839908 0.298618
vt 0.839908 0.284074
vt 0.843386 0.371332
vt 0.839908 0.371332
vt 0.839908 0.385875
vt 0.165351 0.791805
vt 0.178363 0.802994
vt 0.219947 0.893308
vt 0.243955 0.898934
vt 0.243955 0.893308
vt 0.171939 0.893308
vt 0.171939 0.898934
vt 0.195940 0.893308
vt 0.099931 0.893308
vt 0.099931 0.898934
vt 0.075925 0.893308
vt 0.075925 0.898934
vt 0.051916 0.898934
vt 0.051916 0.893308
vt 0.027912 0.898934
vt 0.027912 0.893308
vt 0.003906 0.893308
vt 0.003906 0.898934
vt 0.994936 0.020705
vt 0.988709 0.078052
vt 0.994936 0.078052
vt 0.221530 0.754251
vt 0.198943 0.739105
vt 0.198943 0.754251
vt 0.694600 0.313165
vt 0.777388 0.327710
vt 0.777388 0.313165
vt 0.509165 0.374626
vt 0.498308 0.352507
vt 0.498308 0.374626
vt 0.611783 0.298618
vt 0.562426 0.284074
vt 0.562426 0.298618
vt 0.498308 0.396745
vt 0.492892 0.374625
vt 0.492892 0.396745
vt 0.244117 0.757305
vt 0.221530 0.757305
vt 0.486908 0.352507
vt 0.486908 0.374625
vt 0.221530 0.799516
vt 0.198943 0.761651
vt 0.198943 0.799516
vt 0.468931 0.374626
vt 0.486908 0.396745
vt 0.004639 0.554044
vt 0.020245 0.527571
vt 0.021069 0.518635
vt 0.004169 0.030700
vt 0.008793 0.003939
vt 0.003923 0.004030
vt 0.244117 0.739105
vt 0.221530 0.739105
vt 0.430217 0.401745
vt 0.440497 0.413839
vt 0.433673 0.397297
vt 0.006742 0.501257
vt 0.018836 0.511536
vt 0.023284 0.508079
vt 0.994285 0.314303
vt 0.986672 0.334340
vt 0.991656 0.334341
vt 0.337666 0.023351
vt 0.367298 0.020308
vt 0.327353 0.020308
vt 0.244117 0.761651
vt 0.244117 0.799516
vt 0.282215 0.743501
vt 0.322156 0.765492
vt 0.323147 0.743509
vt 0.994285 0.354379
vt 0.989475 0.355668
vt 0.423116 0.399513
vt 0.427778 0.396423
vt 0.422837 0.394258
vt 0.777388 0.342252
vt 0.777388 0.356790
vt 0.777388 0.371332
vt 0.777388 0.385875
vt 0.777388 0.298618
vt 0.694600 0.385875
vt 0.611783 0.400422
vt 0.694600 0.400422
vt 0.951115 0.020705
vt 0.957325 0.078052
vt 0.957325 0.020705
vt 0.694600 0.298618
vt 0.562426 0.371332
vt 0.513221 0.385875
vt 0.562426 0.385875
vt 0.562426 0.356790
vt 0.513221 0.371332
vt 0.513221 0.240452
vt 0.562426 0.254994
vt 0.562426 0.240453
vt 0.611783 0.284074
vt 0.694600 0.371332
vt 0.944852 0.078052
vt 0.938537 0.020705
vt 0.938537 0.078052
vt 0.327367 0.025289
vt 0.611783 0.356790
vt 0.694600 0.342252
vt 0.694600 0.356790
vt 0.611783 0.342252
vt 0.694600 0.327710
vt 0.611783 0.327710
vt 0.562426 0.342252
vt 0.562426 0.327710
vt 0.562426 0.313164
vt 0.513221 0.298618
vt 0.513221 0.313164
vt 0.513221 0.284074
vt 0.513221 0.269536
vt 0.562426 0.269536
vt 0.513221 0.356790
vt 0.982432 0.020705
vt 0.976115 0.078052
vt 0.982432 0.078052
vt 0.694600 0.240453
vt 0.611783 0.225906
vt 0.611783 0.240453
vt 0.562427 0.225906
vt 0.513221 0.327710
vt 0.985103 0.540352
vt 0.996086 0.520141
vt 0.985112 0.520142
vt 0.839908 0.254994
vt 0.777388 0.269536
vt 0.839908 0.269536
vt 0.611783 0.313164
vt 0.839908 0.240453
vt 0.777388 0.254994
vt 0.611783 0.385875
vt 0.562427 0.400422
vt 0.414181 0.400337
vt 0.412827 0.397994
vt 0.777388 0.284074
vt 0.694600 0.269536
vt 0.951115 0.078052
vt 0.944852 0.020705
vt 0.694600 0.254994
vt 0.611783 0.254994
vt 0.611783 0.371332
vt 0.611783 0.269536
vt 0.694600 0.284074
vt 0.513221 0.225906
vt 0.777388 0.225906
vt 0.777388 0.240453
vt 0.513221 0.400422
vt 0.970812 0.431849
vt 0.985953 0.416704
vt 0.979523 0.416708
vt 0.982755 0.293362
vt 0.952956 0.306856
vt 0.982755 0.306856
vt 0.979654 0.440687
vt 0.991554 0.419937
vt 0.776007 0.410507
vt 0.783608 0.404506
vt 0.760870 0.404506
vt 0.974044 0.437450
vt 0.836613 0.404506
vt 0.844194 0.410507
vt 0.844194 0.404506
vt 0.821418 0.404506
vt 0.829011 0.410507
vt 0.829011 0.404506
vt 0.851752 0.410507
vt 0.851752 0.404506
vt 0.806311 0.404506
vt 0.798770 0.410507
vt 0.806311 0.410507
vt 0.969800 0.020705
vt 0.963535 0.078052
vt 0.969800 0.078052
vt 0.976115 0.020705
vt 0.932219 0.078052
vt 0.925941 0.020705
vt 0.925941 0.078052
vt 0.932219 0.020705
vt 0.509165 0.396745
vt 0.905694 0.371332
vt 0.905694 0.385875
vt 0.839908 0.400423
vt 0.839908 0.225907
vt 0.970815 0.425417
vt 0.057697 0.469704
vt 0.071315 0.439905
vt 0.057697 0.439905
vt 0.813851 0.410507
vt 0.513221 0.342252
vt 0.195940 0.898934
vt 0.715482 0.016266
vt 0.689608 0.003908
vt 0.689608 0.016266
vt 0.663736 0.016266
vt 0.813851 0.404506
vt 0.821418 0.410507
vt 0.843386 0.254994
vt 0.715482 0.003908
vt 0.905694 0.400423
vt 0.793108 0.016266
vt 0.818977 0.003908
vt 0.793108 0.003908
vt 0.008886 0.061522
vt 0.006950 0.071821
vt 0.008925 0.072087
vt 0.905694 0.225907
vt 0.862218 0.225907
vt 0.905694 0.356790
vt 0.862218 0.342252
vt 0.663736 0.003908
vt 0.178090 0.740328
vt 0.196601 0.734796
vt 0.267957 0.898934
vt 0.267957 0.893308
vt 0.246572 0.821255
vt 0.242796 0.831187
vt 0.255008 0.825066
vt 0.291962 0.893308
vt 0.291962 0.898934
vt 0.767232 0.003908
vt 0.791202 0.410507
vt 0.798770 0.404506
vt 0.791202 0.404506
vt 0.843386 0.298618
vt 0.850823 0.313165
vt 0.843386 0.269536
vt 0.271535 0.778015
vt 0.279448 0.778016
vt 0.277871 0.764370
vt 0.178142 0.815732
vt 0.265103 0.815669
vt 0.783608 0.410507
vt 0.963535 0.020705
vt 0.919713 0.020705
vt 0.919713 0.078052
vt 0.985103 0.499933
vt 0.221530 0.761651
vt 0.905694 0.342252
vt 0.843386 0.225907
vt 0.024158 0.513974
vt 0.019234 0.514615
vt 0.982755 0.239364
vt 0.952956 0.252894
vt 0.982755 0.252894
vt 0.200372 0.724857
vt 0.201491 0.726507
vt 0.492892 0.352507
vt 0.513221 0.254994
vt 0.982755 0.320364
vt 0.952956 0.333826
vt 0.982755 0.333826
vt 0.836613 0.410507
vt 0.003908 0.469704
vt 0.017389 0.439905
vt 0.003908 0.439905
vt 0.030960 0.469704
vt 0.044235 0.439905
vt 0.030960 0.439905
vt 0.084912 0.469704
vt 0.098411 0.439905
vt 0.084912 0.439905
vt 0.111745 0.469704
vt 0.125284 0.439905
vt 0.111745 0.439905
vt 0.138763 0.469704
vt 0.138763 0.439905
vt 0.988709 0.020705
vt 0.982755 0.225906
vt 0.952956 0.239364
vt 0.198943 0.757305
vt 0.777388 0.400423
vt 0.427137 0.401347
vt 0.008793 0.057459
vt 0.003923 0.057369
vt 0.322156 0.721526
vt 0.282213 0.721990
vt 0.982755 0.266359
vt 0.952956 0.279869
vt 0.982755 0.279869
vt 0.003906 0.101453
vt 0.003906 0.061508
vt 0.026323 0.518914
vt 0.452838 0.003908
vt 0.478714 0.016266
vt 0.478714 0.003908
vt 0.349347 0.003908
vt 0.323476 0.016266
vt 0.349347 0.016266
vt 0.297600 0.003908
vt 0.271725 0.016266
vt 0.297600 0.016266
vt 0.375221 0.016266
vt 0.375221 0.003908
vt 0.401093 0.003908
vt 0.955710 0.798326
vt 0.941937 0.804626
vt 0.966908 0.811344
vt 0.147947 0.902905
vt 0.123942 0.908531
vt 0.147947 0.908531
vt 0.966850 0.897847
vt 0.968535 0.906023
vt 0.979585 0.898092
vt 0.898687 0.829565
vt 0.888754 0.833334
vt 0.891091 0.834697
vt 0.891093 0.874335
vt 0.891999 0.854517
vt 0.888372 0.854516
vt 0.916921 0.897783
vt 0.915208 0.905953
vt 0.928101 0.910800
vt 0.988802 0.887864
vt 0.993417 0.874697
vt 0.985126 0.879583
vt 0.991832 0.854622
vt 0.996009 0.854625
vt 0.776444 0.776041
vt 0.757865 0.825200
vt 0.776444 0.825200
vt 0.664997 0.763156
vt 0.683571 0.754747
vt 0.720717 0.763156
vt 0.702142 0.776041
vt 0.683571 0.770319
vt 0.683571 0.776041
vt 0.720717 0.776041
vt 0.702142 0.770319
vt 0.739290 0.770319
vt 0.720717 0.770319
vt 0.850754 0.825200
vt 0.869326 0.776041
vt 0.850754 0.776041
vt 0.813601 0.776041
vt 0.832177 0.825200
vt 0.832177 0.776041
vt 0.795023 0.770319
vt 0.795023 0.776041
vt 0.776444 0.770319
vt 0.757865 0.763156
vt 0.757865 0.770319
vt 0.832177 0.763156
vt 0.850754 0.770319
vt 0.850754 0.763156
vt 0.739290 0.763156
vt 0.702142 0.763156
vt 0.869326 0.763156
vt 0.887901 0.754747
vt 0.088847 0.644509
vt 0.081811 0.743351
vt 0.087597 0.644528
vt 0.813601 0.763156
vt 0.795023 0.763156
vt 0.757865 0.776041
vt 0.795023 0.825200
vt 0.664997 0.770319
vt 0.664997 0.776041
vt 0.813601 0.770319
vt 0.683571 0.763156
vt 0.887901 0.770319
vt 0.869326 0.770319
vt 0.887901 0.763156
vt 0.869326 0.727706
vt 0.887901 0.746974
vt 0.887901 0.727706
vt 0.683571 0.727706
vt 0.795023 0.727706
vt 0.776444 0.746974
vt 0.795023 0.746974
vt 0.813601 0.746974
vt 0.813601 0.727706
vt 0.739290 0.746974
vt 0.757865 0.727706
vt 0.928174 0.798302
vt 0.916959 0.811300
vt 0.219967 0.902905
vt 0.243977 0.908531
vt 0.243977 0.902905
vt 0.171954 0.902905
vt 0.171954 0.908531
vt 0.195958 0.902905
vt 0.099940 0.902905
vt 0.099940 0.908531
vt 0.075932 0.902905
vt 0.075932 0.908531
vt 0.051921 0.908531
vt 0.051921 0.902905
vt 0.027915 0.908531
vt 0.027915 0.902905
vt 0.003907 0.902905
vt 0.003907 0.908531
vt 0.931507 0.842541
vt 0.918162 0.868706
vt 0.933095 0.865487
vt 0.992755 0.391732
vt 0.982931 0.371358
vt 0.981520 0.391728
vt 0.982921 0.412128
vt 0.976027 0.391723
vt 0.977738 0.413001
vt 0.936296 0.820100
vt 0.934666 0.842552
vt 0.971991 0.369589
vt 0.969946 0.391722
vt 0.968412 0.842578
vt 0.940530 0.864378
vt 0.970424 0.863639
vt 0.951902 0.391653
vt 0.971826 0.413875
vt 0.858549 0.406067
vt 0.876240 0.418971
vt 0.885010 0.420872
vt 0.156078 0.004168
vt 0.182840 0.008792
vt 0.182748 0.003922
vt 0.918760 0.816347
vt 0.916002 0.842242
vt 0.154959 0.454120
vt 0.143288 0.443362
vt 0.152067 0.458954
vt 0.903997 0.408759
vt 0.892327 0.419517
vt 0.895220 0.424351
vt 0.484502 0.023314
vt 0.504539 0.030928
vt 0.504539 0.025944
vt 0.498654 0.344819
vt 0.477480 0.348423
vt 0.508785 0.348423
vt 0.940539 0.820793
vt 0.970424 0.821524
vt 0.865382 0.690682
vt 0.843404 0.721824
vt 0.865377 0.722999
vt 0.524577 0.023314
vt 0.525867 0.028125
vt 0.162277 0.455475
vt 0.158024 0.459107
vt 0.163191 0.460658
vt 0.509044 0.343449
vt 0.086666 0.484692
vt 0.066454 0.473709
vt 0.066456 0.484684
vt 0.172674 0.455736
vt 0.103077 0.706083
vt 0.083441 0.693918
vt 0.083417 0.706382
vt 0.993242 0.411362
vt 0.702142 0.825200
vt 0.683571 0.825200
vt 0.529788 0.537505
vt 0.543408 0.558644
vt 0.543408 0.537505
vt 0.195958 0.908531
vt 0.504588 0.003908
vt 0.530461 0.016266
vt 0.530461 0.003908
vt 0.219980 0.016266
vt 0.245853 0.003908
vt 0.219980 0.003908
vt 0.504588 0.016266
vt 0.664997 0.825200
vt 0.426963 0.003908
vt 0.401093 0.016266
vt 0.426963 0.016266
vt 0.468563 0.401449
vt 0.478953 0.402819
vt 0.479110 0.400832
vt 0.887901 0.825200
vt 0.887901 0.776041
vt 0.720717 0.825200
vt 0.739290 0.776041
vt 0.245853 0.016266
vt 0.979650 0.811124
vt 0.985160 0.829648
vt 0.267981 0.908531
vt 0.267981 0.902905
vt 0.898691 0.879475
vt 0.888755 0.875697
vt 0.894992 0.887750
vt 0.291988 0.902905
vt 0.291988 0.908531
vt 0.452838 0.016266
vt 0.776444 0.763156
vt 0.941876 0.904510
vt 0.941862 0.912415
vt 0.955628 0.910838
vt 0.904215 0.811056
vt 0.904181 0.897996
vt 0.046246 0.484692
vt 0.939180 0.842577
vt 0.739290 0.825200
vt 0.813601 0.754747
vt 0.889262 0.424504
vt 0.889223 0.419539
vt 0.101457 0.656770
vt 0.099078 0.644353
vt 0.081764 0.657070
vt 0.757865 0.746974
vt 0.776444 0.727706
vt 0.995098 0.833431
vt 0.993446 0.834548
vt 0.832177 0.746974
vt 0.869326 0.746974
vt 0.977758 0.370484
vt 0.102171 0.730636
vt 0.083128 0.718739
vt 0.082570 0.730935
vt 0.387708 0.415945
vt 0.386510 0.412436
vt 0.475990 0.537505
vt 0.489474 0.558644
vt 0.489474 0.537505
vt 0.503047 0.537505
vt 0.516324 0.558644
vt 0.516324 0.537505
vt 0.557006 0.537505
vt 0.570508 0.558644
vt 0.570508 0.537505
vt 0.583843 0.558644
vt 0.597385 0.537505
vt 0.583843 0.537505
vt 0.610866 0.558644
vt 0.610866 0.537505
vt 0.096999 0.644385
vt 0.100353 0.644334
vt 0.936126 0.865087
vt 0.158064 0.454142
vt 0.129319 0.008792
vt 0.129410 0.003922
vt 0.887351 0.721823
vt 0.886892 0.690522
vt 0.102822 0.681115
vt 0.082672 0.669136
vt 0.083209 0.681414
vt 0.500127 0.406422
vt 0.468822 0.406422
vt 0.884096 0.426055
vt 0.739290 0.750693
vt 0.909601 0.225907
vt 0.955734 0.113248
vt 0.955734 0.085284
vt 0.952956 0.293362
vt 0.098411 0.469704
vt 0.071315 0.469704
vt 0.017389 0.469704
vt 0.952956 0.347355
vt 0.952956 0.266359
vt 0.044235 0.469704
vt 0.952956 0.320364
vt 0.103092 0.693618
vt 0.557006 0.558644
vt 0.503047 0.558644
vt 0.101365 0.743053
vt 0.102280 0.668837
vt 0.529788 0.558644
vt 0.102768 0.718440
vt 0.170153 0.751375
vt 0.163745 0.778043
vt 0.254976 0.730972
vt 0.170191 0.804701
vt 0.188323 0.731117
vt 0.188383 0.824926
vt 0.968611 0.803169
vt 0.941943 0.796717
vt 0.915265 0.803122
vt 0.988851 0.821371
vt 0.895002 0.821286
vt 0.700673 0.573462
vt 0.139647 0.809427
vt 0.825579 0.025069
vt 0.492619 0.046782
vt 0.991483 0.196727
vt 0.028737 0.856953
vt 0.096733 0.636648
vt 0.995732 0.598191
vt 0.183290 0.589098
vt 0.994261 0.448865
vt 0.243927 0.839414
vt 1.825579 0.025069
vt 1.008388 0.803580
vt 1.824487 0.215148
vt 1.995732 0.598191
vt 1.994261 0.448865
vt 1.243927 0.839414
vt 0.909592 0.387763
vt 0.586112 0.016266
vt 0.637864 0.016266
vt 0.891864 0.679308
vt 0.677802 0.845464
vt 0.946641 0.320358
vt 0.449163 0.720195
vt 0.993564 0.205707
vt 0.483124 0.862980
vt 0.186775 0.003905
vt 0.986738 0.231379
vt 0.976532 0.679308
vt 0.909575 0.306835
vt 0.946641 0.290656
vt 0.012758 0.008106
vt 0.947716 0.006695
vt 0.848144 0.845464
vt 0.366098 0.406976
vt 0.991610 0.437505
vt 0.123930 0.893308
vt 0.905694 0.240452
vt 0.905694 0.284074
vt 0.857158 0.269536
vt 0.219947 0.898934
vt 0.509165 0.352507
vt 0.244117 0.754251
vt 0.468931 0.396745
vt 0.008148 0.555242
vt 0.009053 0.030699
vt 0.468931 0.352507
vt 0.436116 0.415967
vt 0.004614 0.505639
vt 0.989475 0.313013
vt 0.367344 0.024185
vt 0.282213 0.765012
vt 0.337931 0.025326
vt 0.694600 0.225906
vt 0.995667 0.540370
vt 0.760870 0.410507
vt 0.973997 0.419890
vt 0.995667 0.499912
vt 0.125284 0.469704
vt 0.952956 0.225906
vt 0.007783 0.101499
vt 0.022589 0.528924
vt 0.323476 0.003908
vt 0.271725 0.003908
vt 0.123942 0.902905
vt 0.995067 0.875817
vt 0.869326 0.825200
vt 0.813601 0.825200
vt 0.832177 0.770319
vt 0.219967 0.908531
vt 0.993242 0.372127
vt 0.933278 0.819680
vt 0.954567 0.417951
vt 0.856934 0.409405
vt 0.156079 0.009052
vt 0.954767 0.365380
vt 0.147380 0.440718
vt 0.899906 0.406115
vt 0.483212 0.028125
vt 0.477647 0.344550
vt 0.843872 0.690522
vt 0.498498 0.342833
vt 0.086683 0.474128
vt 0.046226 0.474128
vt 0.475990 0.558644
vt 0.597385 0.558644
vt 0.098281 0.644365
vt 0.499960 0.402549
vt 0.874613 0.421133
s 1
usemtl mat_garage_canister
f 2594/4288/3575 2494/4289/3576 2498/4290/3577
f 2602/4291/3578 2578/4292/3579 2601/4293/3580
f 2516/4294/3581 2510/4295/3582 2508/4296/3583
f 2606/4297/3584 2590/4298/3585 2605/4299/3586
f 2582/4300/3587 2498/4290/3577 2494/4289/3576
f 2612/4301/3588 2597/4302/3589 2599/4303/3590
f 2599/4303/3590 2624/4304/3591 2625/4305/3592
f 2586/4306/3593 2516/4294/3581 2517/4307/3594
f 2504/4308/3595 2584/4309/3596 2592/4310/3597
f 2583/4311/3598 2508/4296/3583 2502/4312/3599
f 2556/4313/3600 2525/4314/3601 2557/4315/3602
f 2566/4316/3603 2562/4317/3604 2564/4318/3605
f 2519/4319/3606 2578/4292/3579 2587/4320/3607
f 2595/4321/3608 2495/4322/3609 2496/4323/3610
f 2499/4324/3611 2594/4288/3575 2593/4325/3612
f 2549/4326/3613 2574/4327/3614 2550/4328/3615
f 2581/4329/3616 2598/4330/3617 2597/4302/3589
f 2596/4331/3618 2582/4332/3587 2495/4322/3609
f 2550/4328/3615 2554/4333/3619 2555/4334/3620
f 2590/4298/3585 2622/4335/3621 2621/4336/3622
f 2578/4292/3579 2586/4337/3593 2587/4320/3607
f 2517/4307/3594 2508/4296/3583 2583/4311/3598
f 2595/4338/3608 2497/4339/3623 2498/4290/3577
f 2497/4339/3623 2594/4288/3575 2498/4290/3577
f 2594/4288/3575 2581/4340/3616 2593/4325/3612
f 2587/4341/3607 2518/4342/3624 2519/4343/3606
f 2503/4344/3625 2583/4311/3598 2502/4312/3599
f 2515/4345/3626 2514/4346/3627 2589/4347/3628
f 2588/4348/3629 2515/4345/3626 2516/4294/3581
f 2510/4295/3582 2513/4349/3630 2584/4350/3596
f 2580/4351/3631 2593/4325/3612 2581/4340/3616
f 2591/4352/3632 2589/4353/3628 2590/4298/3585
f 2587/4341/3607 2517/4307/3594 2518/4342/3624
f 2548/4354/3633 2520/4355/3634 2521/4356/3635
f 2565/4357/3636 2503/4358/3625 2567/4359/3637
f 2519/4319/3606 2520/4360/3634 2579/4361/3638
f 2518/4342/3624 2520/4362/3634 2519/4343/3606
f 2563/4363/3639 2532/4364/3640 2531/4365/3641
f 2591/4352/3632 2584/4309/3596 2513/4366/3630
f 2553/4367/3642 2527/4368/3643 2554/4333/3619
f 2553/4367/3642 2548/4354/3633 2531/4365/3641
f 2560/4369/3644 2544/4370/3645 2559/4371/3646
f 2593/4325/3612 2500/4372/3647 2499/4324/3611
f 2534/4373/3648 2539/4374/3649 2535/4375/3650
f 2544/4370/3645 2536/4376/3651 2545/4377/3652
f 2548/4354/3633 2522/4378/3653 2531/4365/3641
f 2583/4311/3598 2522/4379/3653 2517/4307/3594
f 2524/4380/3654 2541/4381/3655 2568/4382/3656
f 2543/4383/3657 2541/4384/3655 2534/4385/3648
f 2543/4383/3657 2535/4386/3650 2544/4370/3645
f 2559/4371/3646 2545/4377/3652 2558/4387/3658
f 2568/4388/3656 2542/4389/3659 2566/4316/3603
f 2505/4390/3660 2508/4296/3583 2510/4295/3582
f 2565/4357/3636 2568/4388/3656 2566/4316/3603
f 2553/4367/3642 2532/4364/3640 2533/4391/3661
f 2564/4318/3605 2565/4357/3636 2566/4316/3603
f 2563/4363/3639 2522/4378/3653 2523/4392/3662
f 2564/4318/3605 2530/4393/3663 2563/4363/3639
f 2561/4394/3664 2564/4318/3605 2562/4317/3604
f 2512/4395/3665 2562/4317/3604 2560/4369/3644
f 2511/4396/3666 2560/4369/3644 2559/4371/3646
f 2557/4315/3602 2509/4397/3667 2558/4387/3658
f 2555/4334/3620 2526/4398/3668 2556/4313/3600
f 2554/4333/3619 2571/4399/3669 2555/4334/3620
f 2554/4333/3619 2552/4400/3670 2553/4367/3642
f 2552/4400/3670 2573/4401/3671 2569/4402/3672
f 2569/4402/3672 2548/4354/3633 2552/4400/3670
f 2569/4403/3672 2507/4404/3673 2572/4405/3674
f 2506/4406/3675 2573/4407/3671 2574/4408/3614
f 2574/4327/3614 2551/4409/3676 2550/4328/3615
f 2536/4410/3651 2529/4411/3677 2537/4412/3678
f 2556/4313/3600 2550/4328/3615 2555/4334/3620
f 2546/4413/3679 2556/4313/3600 2557/4315/3602
f 2557/4315/3602 2545/4377/3652 2546/4413/3679
f 2546/4413/3679 2536/4376/3651 2537/4414/3678
f 2575/4415/3680 2537/4412/3678 2529/4411/3677
f 2537/4414/3678 2549/4326/3613 2546/4413/3679
f 2547/4416/3681 2506/4406/3675 2574/4408/3614
f 2562/4317/3604 2543/4383/3657 2560/4369/3644
f 2499/4324/3611 2503/4417/3625 2502/4418/3599
f 2517/4307/3594 2521/4419/3635 2518/4342/3624
f 2576/4420/3682 2588/4421/3629 2586/4337/3593
f 2585/4422/3683 2514/4423/3627 2588/4421/3629
f 2509/4397/3667 2559/4371/3646 2558/4387/3658
f 2505/4424/3660 2499/4324/3611 2502/4418/3599
f 2597/4302/3589 2497/4425/3623 2599/4303/3590
f 2534/4373/3648 2528/4426/3684 2540/4427/3685
f 2538/4428/3686 2535/4375/3650 2539/4374/3649
f 2504/4429/3595 2494/4289/3576 2505/4424/3660
f 2504/4430/3595 2510/4295/3582 2584/4350/3596
f 2600/4431/3687 2579/4361/3638 2620/4432/3688
f 2565/4357/3636 2563/4363/3639 2523/4392/3662
f 2578/4292/3579 2600/4431/3687 2601/4293/3580
f 2606/4297/3584 2592/4310/3597 2591/4352/3632
f 2618/4433/3689 2567/4434/3637 2503/4435/3625
f 2617/4436/3690 2503/4437/3625 2500/4438/3647
f 2500/4438/3647 2616/4439/3691 2617/4436/3690
f 2615/4440/3692 2501/4441/3693 2580/4442/3631
f 2614/4443/3694 2580/4442/3631 2581/4329/3616
f 2597/4302/3589 2614/4443/3694 2581/4329/3616
f 2625/4305/3592 2612/4301/3588 2599/4303/3590
f 2496/4323/3610 2610/4444/3695 2611/4445/3696
f 2582/4332/3587 2610/4444/3695 2495/4322/3609
f 2504/4446/3595 2609/4447/3697 2582/4332/3587
f 2607/4448/3698 2504/4308/3595 2592/4310/3597
f 2621/4336/3622 2605/4299/3586 2590/4298/3585
f 2585/4422/3683 2604/4449/3699 2577/4450/3700
f 2576/4420/3682 2603/4451/3701 2585/4422/3683
f 2619/4452/3702 2568/4382/3656 2567/4434/3637
f 2620/4453/3688 2569/4403/3672 2572/4405/3674
f 2577/4450/3700 2623/4454/3703 2621/4336/3622
f 2621/4336/3622 2514/4423/3627 2577/4450/3700
f 2496/4323/3610 2626/4455/3704 2625/4305/3592
f 2625/4305/3592 2595/4321/3608 2496/4323/3610
f 2627/4456/3705 2705/4457/3706 2631/4458/3707
f 2689/4459/3708 2602/4460/3578 2601/4461/3580
f 2644/4462/3709 2640/4463/3710 2643/4464/3711
f 2701/4465/3712 2606/4466/3584 2605/4467/3586
f 2693/4468/3713 2631/4458/3707 2707/4469/3714
f 2612/4470/3588 2708/4471/3715 2613/4472/3716
f 2713/4473/3717 2710/4474/3718 2714/4475/3719
f 2697/4476/3720 2644/4462/3709 2699/4477/3721
f 2637/4478/3722 2703/4479/3723 2695/4480/3724
f 2694/4481/3725 2635/4482/3726 2639/4483/3727
f 2672/4484/3728 2525/4485/3601 2526/4486/3668
f 2681/4487/3729 2677/4488/3730 2658/4489/3731
f 2647/4490/3732 2698/4491/3733 2689/4459/3708
f 2706/4492/3734 2628/4493/3735 2707/4494/3714
f 2632/4495/3736 2704/4496/3737 2705/4457/3706
f 2665/4497/3738 2686/4498/3739 2663/4499/3740
f 2692/4500/3741 2708/4471/3715 2709/4501/3742
f 2707/4494/3714 2628/4493/3735 2693/4502/3713
f 2670/4503/3743 2666/4504/3744 2671/4505/3745
f 2712/4506/3746 2701/4465/3712 2711/4507/3747
f 2697/4508/3720 2689/4459/3708 2698/4491/3733
f 2645/4509/3748 2639/4483/3727 2644/4462/3709
f 2630/4510/3749 2713/4511/3717 2706/4512/3734
f 2705/4457/3706 2630/4510/3749 2631/4458/3707
f 2692/4513/3741 2705/4457/3706 2704/4496/3737
f 2698/4514/3733 2647/4515/3732 2646/4516/3750
f 2694/4481/3725 2636/4517/3751 2635/4482/3726
f 2643/4464/3711 2700/4518/3752 2642/4519/3753
f 2699/4477/3721 2643/4464/3711 2642/4519/3753
f 2641/4520/3754 2640/4463/3710 2695/4521/3724
f 2704/4496/3737 2691/4522/3755 2692/4513/3741
f 2700/4523/3752 2702/4524/3756 2701/4465/3712
f 2645/4509/3748 2698/4514/3733 2646/4516/3750
f 2664/4525/3757 2648/4526/3758 2690/4527/3759
f 2636/4528/3751 2680/4529/3760 2682/4530/3761
f 2647/4490/3732 2690/4531/3759 2648/4532/3758
f 2646/4516/3750 2648/4533/3758 2649/4534/3762
f 2532/4535/3640 2678/4536/3763 2652/4537/3764
f 2695/4480/3724 2702/4524/3756 2641/4538/3754
f 2527/4539/3643 2669/4540/3765 2670/4503/3743
f 2669/4540/3765 2664/4525/3757 2668/4541/3766
f 2660/4542/3767 2676/4543/3768 2675/4544/3769
f 2704/4496/3737 2633/4545/3770 2634/4546/3771
f 2539/4547/3649 2653/4548/3772 2654/4549/3773
f 2655/4550/3774 2660/4542/3767 2661/4551/3775
f 2650/4552/3776 2664/4525/3757 2652/4537/3764
f 2694/4481/3725 2650/4553/3776 2651/4554/3777
f 2524/4555/3654 2657/4556/3778 2528/4557/3684
f 2657/4558/3778 2659/4559/3779 2653/4560/3772
f 2654/4561/3773 2659/4559/3779 2660/4542/3767
f 2661/4551/3775 2675/4544/3769 2674/4562/3780
f 2683/4563/3781 2658/4489/3731 2657/4558/3778
f 2638/4564/3782 2639/4483/3727 2635/4482/3726
f 2683/4563/3781 2680/4529/3760 2681/4487/3729
f 2532/4535/3640 2669/4540/3765 2533/4565/3661
f 2679/4566/3783 2680/4529/3760 2678/4536/3763
f 2678/4536/3763 2650/4552/3776 2652/4537/3764
f 2679/4566/3783 2530/4567/3663 2570/4568/3784
f 2679/4566/3783 2561/4569/3664 2677/4488/3730
f 2677/4488/3730 2512/4570/3665 2676/4543/3768
f 2676/4543/3768 2511/4571/3666 2675/4544/3769
f 2673/4572/3785 2509/4573/3667 2525/4485/3601
f 2671/4505/3745 2526/4486/3668 2571/4574/3669
f 2670/4503/3743 2571/4574/3669 2527/4539/3643
f 2670/4503/3743 2668/4541/3766 2667/4575/3786
f 2668/4541/3766 2685/4576/3787 2667/4575/3786
f 2664/4525/3757 2684/4577/3788 2668/4541/3766
f 2507/4578/3673 2684/4579/3788 2572/4580/3674
f 2506/4581/3675 2685/4582/3787 2507/4578/3673
f 2667/4575/3786 2686/4498/3739 2666/4504/3744
f 2529/4583/3677 2655/4584/3774 2656/4585/3789
f 2666/4504/3744 2672/4484/3728 2671/4505/3745
f 2672/4484/3728 2662/4586/3790 2673/4572/3785
f 2673/4572/3785 2661/4551/3775 2674/4562/3780
f 2662/4586/3790 2655/4550/3774 2661/4551/3775
f 2575/4587/3680 2656/4585/3789 2663/4588/3740
f 2665/4497/3738 2656/4589/3789 2662/4586/3790
f 2506/4581/3675 2663/4588/3740 2686/4590/3739
f 2659/4559/3779 2677/4488/3730 2676/4543/3768
f 2632/4495/3736 2636/4591/3751 2633/4545/3770
f 2645/4509/3748 2649/4534/3762 2650/4553/3776
f 2699/4592/3721 2687/4593/3791 2697/4508/3720
f 2642/4594/3753 2696/4595/3792 2699/4592/3721
f 2675/4544/3769 2509/4573/3667 2674/4562/3780
f 2638/4596/3782 2632/4495/3736 2627/4456/3705
f 2708/4471/3715 2630/4597/3749 2709/4501/3742
f 2528/4557/3684 2653/4548/3772 2540/4598/3685
f 2538/4599/3686 2654/4549/3773 2655/4584/3774
f 2627/4456/3705 2637/4600/3722 2638/4596/3782
f 2640/4463/3710 2637/4601/3722 2695/4521/3724
f 2690/4531/3759 2600/4602/3687 2620/4603/3688
f 2680/4529/3760 2651/4604/3777 2678/4536/3763
f 2689/4459/3708 2600/4602/3687 2647/4490/3732
f 2703/4479/3723 2606/4466/3584 2702/4524/3756
f 2682/4605/3761 2618/4606/3689 2636/4607/3751
f 2636/4608/3751 2617/4609/3690 2633/4610/3770
f 2633/4610/3770 2616/4611/3691 2634/4612/3771
f 2634/4612/3771 2615/4613/3692 2691/4614/3755
f 2691/4614/3755 2614/4615/3694 2692/4500/3741
f 2708/4471/3715 2614/4615/3694 2613/4472/3716
f 2714/4475/3719 2612/4470/3588 2626/4616/3704
f 2629/4617/3793 2610/4618/3695 2628/4493/3735
f 2693/4502/3713 2610/4618/3695 2609/4619/3697
f 2637/4620/3722 2609/4619/3697 2608/4621/3794
f 2637/4478/3722 2607/4622/3698 2703/4479/3723
f 2711/4507/3747 2605/4467/3586 2623/4623/3703
f 2696/4595/3792 2604/4624/3699 2603/4625/3701
f 2687/4593/3791 2603/4625/3701 2602/4460/3578
f 2683/4626/3781 2619/4627/3702 2682/4605/3761
f 2684/4579/3788 2620/4628/3688 2572/4580/3674
f 2688/4629/3795 2623/4623/3703 2604/4624/3699
f 2642/4594/3753 2711/4507/3747 2688/4629/3795
f 2629/4617/3793 2626/4616/3704 2611/4630/3696
f 2706/4492/3734 2714/4475/3719 2629/4617/3793
f 2498/4290/3577 2596/4631/3618 2595/4338/3608
f 2595/4338/3608 2624/4632/3591 2497/4339/3623
f 2622/4633/3621 2589/4347/3628 2514/4346/3627
f 2589/4347/3628 2513/4349/3630 2515/4345/3626
f 2706/4512/3734 2707/4469/3714 2631/4458/3707
f 2631/4458/3707 2630/4510/3749 2706/4512/3734
f 2641/4520/3754 2700/4518/3752 2643/4464/3711
f 2700/4518/3752 2712/4634/3746 2642/4519/3753
f 2718/4635/3796 2716/4636/3797 2799/4637/3798
f 3172/4638/3799 3285/4639/3800 3284/4640/3801
f 2855/4641/3802 2831/4642/3803 2830/4643/3804
f 2821/4644/3805 2803/4645/3806 2791/4646/3807
f 3179/4647/3808 3270/4648/3809 3191/4649/3810
f 2801/4650/3811 2783/4651/3812 2818/4652/3813
f 2741/4653/3814 2746/4654/3815 2748/4655/3816
f 2797/4656/3817 2724/4657/3818 2725/4658/3819
f 2869/4659/3820 2870/4660/3821 2888/4661/3822
f 2865/4662/3823 2952/4663/3824 2951/4664/3825
f 2878/4665/3826 2875/4666/3827 2874/4667/3828
f 2736/4668/3829 2825/4669/3830 2735/4670/3831
f 2778/4671/3832 2779/4672/3833 2733/4673/3834
f 2746/4654/3815 2761/4674/3835 2748/4655/3816
f 2824/4675/3836 2717/4676/3837 2715/4677/3838
f 2738/4678/3839 2722/4679/3840 2845/4680/3841
f 2722/4679/3840 2804/4681/3842 2863/4682/3843
f 2758/4683/3844 2776/4684/3845 2773/4685/3846
f 2818/4686/3847 2819/4687/3848 2820/4688/3849
f 2799/4689/3850 2801/4690/3851 2800/4691/3852
f 2787/4692/3853 2814/4693/3854 2808/4694/3855
f 2780/4695/3856 2781/4696/3857 2782/4697/3858
f 2811/4698/3859 3289/4699/3860 2812/4700/3861
f 2745/4701/3862 2756/4702/3863 2757/4703/3864
f 2723/4704/3865 2717/4676/3837 2724/4705/3866
f 2749/4706/3867 2719/4707/3868 2826/4708/3869
f 2719/4707/3868 2720/4709/3870 2721/4710/3871
f 2795/4711/3872 2798/4712/3873 2789/4713/3874
f 2719/4707/3868 2804/4681/3842 2738/4678/3839
f 2834/4714/3875 2836/4715/3876 2853/4716/3877
f 2864/4717/3878 2794/4718/3879 2795/4719/3872
f 2800/4720/3880 2718/4635/3796 2799/4637/3798
f 2736/4668/3829 2800/4720/3880 2720/4709/3870
f 2725/4721/3881 2805/4722/3882 2726/4723/3883
f 2752/4724/3884 2826/4708/3869 2737/4725/3885
f 2727/4726/3886 2858/4727/3887 2805/4722/3882
f 2717/4676/3837 2725/4721/3881 2724/4705/3866
f 2862/4728/3888 2851/4729/3889 2843/4730/3890
f 2744/4731/3891 2735/4670/3831 2825/4669/3830
f 2777/4732/3892 2773/4733/3893 2776/4734/3894
f 2778/4735/3895 2775/4736/3896 2773/4733/3893
f 2732/4737/3897 2733/4738/3898 2780/4739/3899
f 2780/4739/3899 2729/4740/3900 2732/4737/3897
f 2719/4707/3868 2737/4725/3885 2826/4708/3869
f 2745/4701/3862 2715/4677/3838 2734/4741/3901
f 2767/4742/3902 2756/4743/3903 2768/4744/3904
f 2741/4653/3814 2743/4745/3905 2728/4746/3906
f 2740/4747/3907 2742/4748/3908 2840/4749/3909
f 2744/4731/3891 2734/4741/3901 2718/4635/3796
f 2756/4702/3863 2825/4669/3830 2768/4750/3910
f 2826/4708/3869 2770/4751/3911 2751/4752/3912
f 2753/4753/3913 2755/4754/3914 2772/4755/3915
f 2777/4756/3916 2769/4757/3917 2778/4671/3832
f 2824/4675/3836 2757/4703/3864 2759/4758/3918
f 2746/4654/3815 2759/4758/3918 2747/4759/3919
f 2752/4724/3884 2772/4755/3915 2770/4751/3911
f 2748/4655/3816 2763/4760/3920 2854/4761/3921
f 2789/4762/3922 2726/4763/3923 2805/4764/3924
f 2779/4765/3925 2770/4766/3926 2771/4767/3927
f 2772/4768/3928 2765/4769/3929 2781/4770/3930
f 2758/4771/3931 2756/4772/3903 2766/4773/3932
f 2757/4774/3933 2774/4775/3934 2759/4776/3935
f 2759/4776/3935 2760/4777/3936 2747/4778/3937
f 2776/4779/3845 2767/4780/3938 2777/4756/3916
f 2733/4673/3834 2771/4781/3939 2780/4695/3856
f 2782/4697/3858 2765/4782/3940 2731/4783/3941
f 2774/4784/3942 2773/4685/3846 2775/4785/3943
f 2760/4786/3944 2775/4785/3943 2732/4787/3945
f 2764/4788/3946 2729/4789/3947 2730/4790/3948
f 2841/4791/3949 2846/4792/3950 2847/4793/3951
f 2816/4794/3952 2786/4795/3953 2815/4796/3954
f 2801/4650/3811 2820/4797/3955 2802/4798/3956
f 2820/4797/3955 2791/4646/3807 2802/4798/3956
f 2823/4799/3957 2794/4718/3879 2793/4800/3958
f 2816/4794/3952 2796/4801/3959 2785/4802/3960
f 2788/4803/3961 2797/4804/3962 2798/4712/3873
f 2828/4805/3963 2830/4643/3804 2829/4806/3964
f 3237/4807/3965 3254/4808/3966 3264/4809/3965
f 2797/4656/3817 2726/4810/3967 2798/4811/3967
f 2804/4812/3968 2794/4813/3969 2863/4814/3970
f 2796/4815/3971 2799/4689/3850 2716/4816/3972
f 2796/4815/3971 2723/4817/3973 2785/4818/3974
f 2786/4819/3975 2723/4817/3973 2724/4657/3818
f 2801/4690/3851 2720/4820/3976 2800/4691/3852
f 2863/4821/3977 2864/4822/3977 2722/4823/3977
f 2803/4645/3806 2793/4800/3958 2794/4718/3879
f 2815/4796/3954 2797/4804/3962 2787/4824/3978
f 2771/4767/3927 2772/4768/3928 2781/4770/3930
f 2838/4825/3979 2828/4805/3963 2829/4806/3964
f 2721/4826/3980 2803/4827/3981 2804/4812/3968
f 2737/4828/3982 2832/4829/3983 2752/4830/3984
f 2846/4831/3985 2843/4832/3986 2848/4833/3987
f 2833/4834/3988 2835/4835/3989 2834/4714/3875
f 3280/4836/3990 2806/4837/3991 2807/4838/3992
f 2862/4839/3993 2860/4840/3994 2861/4841/3995
f 2763/4842/3996 2762/4843/3997 2764/4844/3998
f 2720/4820/3976 2791/4845/3999 2721/4826/3980
f 3155/4846/4000 3290/4847/4001 3288/4848/4002
f 3282/4849/4003 2813/4850/4004 3275/4851/4005
f 2838/4825/3979 2852/4852/4006 2857/4853/4007
f 3195/4854/4008 3276/4855/4009 3292/4856/4010
f 3184/4857/4011 3279/4858/4012 3192/4859/4013
f 3192/4859/4013 3274/4860/4014 3193/4861/4015
f 3194/4862/4016 3292/4856/4010 3290/4847/4001
f 2823/4863/4017 2822/4864/4018 2813/4865/4017
f 2792/4866/4019 2822/4864/4018 2793/4867/4020
f 2821/4868/4021 2812/4869/4022 2792/4866/4019
f 2809/4870/4023 2818/4871/3847 2783/4872/4024
f 2823/4863/4017 2814/4693/3854 2788/4873/4025
f 2784/4874/4026 2809/4870/4023 2783/4872/4024
f 2784/4874/4026 2806/4875/4027 2817/4876/4028
f 2816/4877/4029 2807/4878/4030 2806/4875/4027
f 2820/4688/3849 2811/4879/4031 2821/4868/4021
f 2815/4880/4032 2808/4694/3855 2807/4878/4030
f 3153/4881/4033 3281/4882/4034 3276/4883/4009
f 2717/4676/3837 2741/4653/3814 2728/4746/3906
f 2755/4884/4035 2764/4844/3998 2765/4769/3929
f 2730/4885/4036 2782/4886/4037 2731/4887/4038
f 2852/4852/4006 2837/4888/4039 2833/4834/3988
f 2765/4782/3940 2730/4790/3948 2731/4783/3941
f 2856/4889/4040 2839/4890/4041 2831/4642/3803
f 2853/4891/4042 2854/4892/4043 2834/4893/4044
f 2739/4894/4045 2839/4895/4046 2737/4896/4047
f 2838/4897/4048 2840/4898/4049 2827/4899/4050
f 2835/4900/4051 2742/4901/4052 2836/4902/4053
f 2837/4903/4054 2742/4901/4052 2835/4900/4051
f 2837/4903/4054 2840/4898/4049 2742/4901/4052
f 3172/4638/3799 3277/4904/4055 3179/4647/3808
f 2846/4792/3950 2849/4905/4056 2847/4793/3951
f 2856/4906/4057 2753/4907/4058 2832/4908/4059
f 2862/4728/3888 2842/4909/4060 2850/4910/4061
f 2843/4730/3890 2844/4911/4062 2845/4912/4063
f 2851/4913/4064 2740/4914/4065 2844/4915/4066
f 2848/4833/3987 2859/4916/4067 2727/4917/4068
f 2843/4832/3986 2859/4916/4067 2848/4833/3987
f 2849/4918/4069 2850/4919/4070 2847/4920/4071
f 2852/4921/4072 2754/4922/4073 2857/4923/4074
f 2857/4923/4074 2754/4922/4073 2828/4924/4075
f 2855/4925/4076 2754/4922/4073 2753/4907/4058
f 2855/4925/4076 2753/4907/4058 2856/4906/4057
f 2739/4926/4077 2740/4927/3907 2840/4928/3909
f 2836/4902/4053 2742/4901/4052 2741/4929/4078
f 2829/4930/4079 2840/4898/4049 2838/4897/4048
f 2839/4895/4046 2739/4894/4045 2831/4931/4080
f 2832/4908/4059 2753/4907/4058 2752/4932/4081
f 2754/4922/4073 2833/4933/4082 2854/4892/4043
f 2854/4761/3921 2755/4934/3914 2754/4935/4083
f 2737/4725/3885 2844/4936/4084 2739/4926/4077
f 2834/4893/4044 2854/4892/4043 2833/4933/4082
f 2748/4937/4085 2854/4892/4043 2853/4891/4042
f 2853/4716/3877 2741/4938/4086 2748/4939/4087
f 2858/4940/4088 2789/4941/4089 2805/4942/4090
f 2750/4943/4091 2779/4765/3925 2769/4944/4092
f 2743/4945/4093 2848/4946/4094 2727/4947/4093
f 2740/4914/4065 2849/4918/4069 2743/4948/4095
f 2841/4791/3949 2861/4949/4096 2860/4950/4097
f 2750/4951/4098 2826/4708/3869 2751/4752/3912
f 2831/4931/4080 2739/4894/4045 2830/4952/4099
f 2761/4953/4100 2760/4777/3936 2762/4843/3997
f 2796/4801/3959 2783/4651/3812 2790/4954/4101
f 2864/4955/4102 2858/4940/4088 2722/4956/4103
f 2849/4918/4069 2740/4914/4065 2851/4913/4064
f 2859/4916/4067 2843/4832/3986 2845/4957/4104
f 3054/4958/4105 3052/4959/4106 3051/4960/4107
f 3273/4961/4108 2807/4838/3992 2808/4962/4109
f 2768/4750/3910 2749/4706/3867 2750/4951/4098
f 2762/4963/4110 2732/4787/3945 2729/4789/3947
f 2728/4746/3906 2805/4722/3882 2725/4721/3881
f 2845/4680/3841 2858/4964/3887 2859/4965/4111
f 2768/4744/3904 2769/4944/4092 2767/4742/3902
f 2865/4662/3823 2866/4966/4112 2883/4967/4112
f 2866/4968/4112 2884/4969/4113 2883/4970/4112
f 3301/4971/4114 2869/4972/4115 2888/4973/4116
f 2912/4974/4117 2954/4975/4118 2866/4976/4119
f 2877/4977/4120 3076/4978/4121 3294/4979/4122
f 2884/4980/4123 3100/4981/4124 3101/4982/4125
f 2965/4983/4126 2883/4984/4127 2966/4985/4128
f 2880/4986/4129 2881/4987/4130 3293/4988/4131
f 2876/4989/4132 3079/4990/4133 2981/4991/4134
f 2873/4992/4135 2981/4991/4134 2882/4993/4135
f 2911/4994/4136 2953/4995/4137 2912/4996/4138
f 2903/4997/4139 2939/4998/4140 2940/4999/4141
f 2944/5000/4142 2936/5001/4143 2935/5002/4144
f 2927/5003/4145 2937/5004/4146 2933/5005/4147
f 2926/5006/4148 2932/5007/4149 2927/5003/4145
f 2926/5006/4148 2925/5008/4150 2931/5009/4151
f 2895/5010/4152 2898/5011/4153 2896/5012/4154
f 2893/5013/4155 2959/5014/4156 2894/5015/4157
f 2909/5016/4158 2892/5017/4159 2893/5013/4155
f 2911/4994/4136 2910/5018/4160 2917/5019/4161
f 2917/5019/4161 2924/5020/4162 2916/5021/4163
f 2920/5022/4164 2907/5023/4165 2904/5024/4166
f 2931/5009/4151 2930/5025/4167 2935/5002/4144
f 2932/5007/4149 2935/5002/4144 2936/5001/4143
f 3057/5026/4168 3016/5027/4169 3013/5028/4170
f 2901/5029/4171 2949/5030/4172 2902/5031/4173
f 3078/5032/4174 3090/5033/4175 3079/5034/4175
f 2910/5018/4160 2919/5035/4176 2918/5036/4177
f 2913/5037/4178 2917/5019/4161 2916/5021/4163
f 2890/5038/4179 2893/5013/4155 2892/5017/4159
f 2933/5005/4147 2938/5039/4180 2899/5040/4181
f 2892/5017/4159 2912/4996/4138 2890/5038/4179
f 2920/5022/4164 2921/5041/4182 2919/5035/4176
f 2909/5016/4158 2920/5022/4164 2919/5035/4176
f 2901/5042/4171 2937/5004/4146 2939/4998/4140
f 2898/5011/4153 2938/5043/4180 2900/5044/4183
f 2938/5043/4180 2902/5031/4173 2900/5044/4183
f 2935/5002/4144 2934/5045/4184 2944/5000/4142
f 2934/5045/4184 2942/5046/4185 3031/5047/4186
f 2944/5000/4142 3031/5047/4186 2945/5048/4187
f 3034/5049/4188 2943/5050/4189 2929/5051/4190
f 2988/5052/4191 2921/5041/4182 2941/5053/4192
f 2946/5054/4193 2945/5048/4187 2947/5055/4194
f 2940/4999/4141 2947/5055/4194 3028/5056/4195
f 3028/5056/4195 2903/4997/4139 2940/4999/4141
f 3305/5057/4196 2867/5058/4197 2869/4972/4115
f 2959/5059/4198 2875/5060/4199 2895/5061/4200
f 2866/4976/4119 2890/5062/4201 2912/4974/4117
f 2951/5063/4201 2891/5064/4202 2890/5062/4201
f 2954/4975/4118 2955/5065/4203 2868/5066/4204
f 2868/5066/4204 2915/5067/4205 2956/5068/4206
f 2870/5069/4207 2915/5067/4205 2957/5070/4208
f 2872/5071/4209 2957/5070/4208 2928/5072/4210
f 2872/5071/4209 2906/5073/4211 2958/5074/4212
f 3049/5075/4213 3057/5076/4214 3066/5077/4215
f 3094/5078/4216 2963/5079/4217 3095/5080/4218
f 3037/5081/4219 3033/5082/4220 3035/5083/4221
f 2966/5084/4222 2967/5085/4223 2964/5086/4224
f 3009/5087/4225 3000/5088/4226 3010/5089/4227
f 2973/5090/4228 2968/5091/4229 2969/5092/4230
f 3092/5093/4231 3094/5078/4216 3093/5094/4232
f 2968/5091/4229 3103/5095/4233 2976/5096/4234
f 3080/5097/4235 3099/5098/4236 3083/5099/4237
f 2975/5100/4238 2977/5101/4239 2976/5096/4234
f 3082/5102/4240 2972/5103/4241 3081/5104/4242
f 2975/5105/4243 2971/5106/4244 2974/5107/4245
f 3103/5095/4233 2975/5100/4238 2976/5096/4234
f 3094/5078/4216 2971/5108/4246 2961/5109/4247
f 3095/5110/4248 2962/5111/4249 3103/5112/4250
f 2974/5113/4251 2978/5114/4252 2977/5115/4253
f 3098/5116/4254 2980/5117/4255 3097/5118/4256
f 3079/5119/4257 3086/5120/4258 2979/5121/4259
f 3081/5122/4260 3080/5097/4235 3082/5123/4261
f 2980/5124/4262 3086/5125/4263 3087/5126/4262
f 3104/5127/4264 2980/5117/4255 3105/5128/4264
f 3099/5129/4265 3102/5130/4266 2967/5131/4267
f 2945/5048/4187 3032/5132/4268 3030/5133/4269
f 3028/5056/4195 3029/5134/4270 3026/5135/4271
f 3035/5083/4221 2988/5052/4191 3036/5136/4272
f 3025/5137/4273 3024/5138/4274 2990/5139/4275
f 3054/5140/4276 3072/5141/4277 3053/5142/4278
f 3009/5087/4225 3037/5081/4219 3008/5143/4279
f 3019/5144/4280 3022/5145/4281 3021/5146/4282
f 3017/5147/4283 3020/5148/4284 3019/5144/4280
f 2995/5149/4285 2997/5150/4286 2994/5151/4287
f 3008/5143/4279 3006/5152/4288 3009/5087/4225
f 3026/5135/4271 3041/5153/4289 3025/5137/4273
f 3061/5154/4290 3063/5155/4291 3055/5156/4292
f 3098/5157/4293 3079/5119/4257 2979/5121/4259
f 3019/5144/4280 3043/5158/4294 3017/5147/4283
f 3030/5133/4269 3039/5159/4295 3040/5160/4296
f 3044/5161/4297 3038/5162/4298 3045/5163/4299
f 3015/5164/4300 3045/5163/4299 3014/5165/4301
f 3011/5166/4302 3001/5167/4303 3012/5168/4304
f 3056/5169/4305 3010/5089/4227 3000/5088/4226
f 2998/5170/4306 3000/5088/4226 2999/5171/4307
f 3015/5164/4300 3018/5172/4308 3017/5147/4283
f 3068/5173/4309 3069/5174/4310 3058/5175/4311
f 2991/5176/4312 3024/5177/4274 2992/5178/4313
f 2992/5178/4313 2993/5179/4314 2994/5151/4287
f 3011/5166/4302 3013/5180/4315 3014/5165/4301
f 3104/5181/4316 2882/5182/4317 3097/5183/4318
f 3031/5047/4186 3033/5082/4220 3032/5132/4268
f 2982/5184/4319 2986/5185/4320 2985/5186/4321
f 3045/5163/4299 3037/5081/4219 3046/5187/4322
f 2950/5188/4323 2984/5189/4324 2982/5184/4319
f 3023/5190/4325 2993/5191/4314 3024/5138/4274
f 3100/5192/4326 2967/5131/4267 3101/5193/4327
f 2987/5194/4328 3008/5143/4279 3036/5136/4272
f 3029/5134/4270 3040/5160/4296 3041/5153/4289
f 2984/5189/4324 3004/5195/4329 2986/5185/4320
f 3060/5196/4330 3062/5197/4331 3061/5154/4290
f 2992/5178/4313 3003/5198/4332 2991/5176/4312
f 2994/5151/4287 3002/5199/4333 2992/5178/4313
f 3042/5200/4334 3040/5160/4296 3043/5158/4294
f 2997/5150/4286 3005/5201/4335 3002/5199/4333
f 3043/5158/4294 3039/5159/4295 3044/5161/4297
f 3005/5201/4335 3007/5202/4336 3004/5195/4329
f 2994/5151/4287 3059/5203/4337 2995/5149/4285
f 3010/5089/4227 3046/5187/4322 3009/5087/4225
f 3027/5204/4338 2991/5176/4312 2983/5205/4339
f 3021/5146/4282 3059/5206/4337 2993/5191/4314
f 2999/5171/4307 3006/5152/4288 3005/5201/4335
f 3047/5207/4340 3068/5208/4341 3067/5209/4107
f 2879/5210/4342 3306/5211/4343 3308/5212/4344
f 3062/5213/4345 3051/4960/4107 3050/5214/4346
f 3058/5215/4347 3018/5216/4348 3016/5027/4169
f 3012/5217/4349 3057/5026/4168 3013/5028/4170
f 3050/5214/4346 3063/5218/4346 3062/5213/4345
f 3056/5219/4350 3065/5220/4351 3001/5221/4352
f 2996/5222/4353 3055/5223/4354 2998/5224/4355
f 3001/5221/4352 3066/5225/4356 3012/5226/4349
f 3059/5227/4357 3071/5228/4358 3072/5229/4359
f 3051/5230/4360 3071/5231/4361 3070/5232/4362
f 3050/5233/4363 3070/5232/4362 3069/5174/4310
f 2986/5185/4320 3007/5202/4336 2987/5194/4328
f 2983/5205/4339 3003/5198/4332 2984/5189/4324
f 3064/5234/4364 3048/5235/4365 3065/5236/4366
f 3055/5156/4292 3047/5237/4367 3064/5234/4364
f 3041/5153/4289 3023/5190/4325 3025/5137/4273
f 2964/5086/4224 2965/5238/4368 2966/5084/4222
f 2957/5239/4369 2933/5005/4147 2928/5240/4370
f 3026/5135/4271 2989/5241/4371 3028/5056/4195
f 2983/5205/4339 2989/5242/4371 3027/5204/4338
f 3067/5209/4107 3048/5243/4107 3047/5207/4340
f 3305/5244/4372 3112/5245/4373 3304/5246/4374
f 3060/5247/4375 3059/5227/4357 3072/5229/4359
f 3032/5132/4268 3038/5162/4298 3039/5159/4295
f 3014/5165/4301 3016/5248/4376 3015/5164/4300
f 2952/5249/4377 2959/5059/4198 2891/5064/4202
f 2941/5053/4192 3036/5136/4272 2988/5052/4191
f 2985/5186/4321 2987/5194/4328 2941/5053/4192
f 3036/5136/4272 3037/5081/4219 3035/5083/4221
f 2942/5046/4185 3035/5083/4221 3033/5082/4220
f 2947/5055/4194 3030/5133/4269 3029/5134/4270
f 2871/5250/4378 2958/5251/4379 2873/5252/4380
f 2958/5251/4379 2876/5253/4381 2873/5252/4380
f 2995/5254/4382 3061/5255/4383 2996/5222/4353
f 2902/5031/4173 2948/5256/4384 2904/5024/4166
f 2888/4661/3822 2872/5257/4385 2871/5250/4378
f 2928/5240/4370 2899/5040/4181 2906/5258/4386
f 2867/5259/4387 2954/5260/4388 2868/5261/4389
f 3104/5262/4390 3106/5263/4391 3109/5264/4392
f 2898/5011/4153 2906/5265/4386 2899/5266/4181
f 2915/5267/4393 2914/5268/4394 2926/5006/4148
f 2875/4666/3827 2876/5253/4381 2960/5269/4395
f 2894/5015/4157 2895/5010/4152 2896/5012/4154
f 3295/5270/4396 2888/4973/4116 2871/5271/4397
f 2895/5061/4200 2960/5272/4398 2897/5273/4399
f 2865/5274/4400 2972/5275/4401 3073/5276/4402
f 2906/5277/4211 2960/5272/4398 2958/5278/4212
f 2869/4659/3820 2868/5261/4389 2956/5279/3820
f 2957/5239/4369 2926/5006/4148 2927/5003/4145
f 3070/5280/4403 3022/5281/4404 3020/5282/4405
f 2939/4998/4140 2946/5054/4193 2940/4999/4141
f 2919/5035/4176 2922/5283/4406 2918/5036/4177
f 2937/5004/4146 2936/5001/4143 2939/4998/4140
f 2914/5268/4394 2916/5021/4163 2925/5008/4150
f 2918/5036/4177 2929/5051/4190 2923/5284/4407
f 2930/5025/4167 2943/5050/4189 2934/5045/4184
f 2904/5024/4166 2905/5285/4408 2920/5022/4164
f 2923/5284/4407 2943/5050/4189 2924/5020/4162
f 2917/5019/4161 2918/5036/4177 2923/5284/4407
f 2900/5044/4183 2904/5024/4166 2907/5023/4165
f 2907/5023/4165 2894/5015/4157 2896/5012/4154
f 2878/5286/4409 2879/5287/4410 3308/5288/4411
f 3297/5289/4412 2884/4980/4123 2867/5058/4197
f 2865/5274/4400 3073/5276/4402 3302/5290/4413
f 2952/4663/3824 2878/4665/3826 2874/4667/3828
f 3069/5291/4414 3020/5282/4405 3018/5216/4348
f 3072/5141/4277 3052/5292/4415 3053/5142/4278
f 3065/5236/4366 3049/5293/4213 3066/5294/4215
f 2882/5182/4317 3098/5295/4416 3097/5183/4318
f 3042/5200/4334 3021/5146/4282 3023/5190/4325
f 3091/5296/4417 3092/5093/4231 3093/5094/4232
f 2955/5297/4418 2913/5037/4178 2914/5268/4394
f 2950/5188/4323 2903/5298/4139 2989/5242/4371
f 2900/5044/4183 2896/5012/4154 2898/5011/4153
f 3081/5104/4242 2969/5299/4419 3092/5300/4420
f 3073/5301/4421 3296/5302/4422 3302/5303/4423
f 2982/5184/4319 2949/5030/4172 2950/5188/4323
f 3106/5304/4424 2871/5271/4397 3109/5305/4425
f 2985/5186/4321 2948/5256/4384 2982/5184/4319
f 2916/5021/4163 2930/5025/4167 2925/5008/4150
f 2922/5283/4406 3034/5049/4188 2929/5051/4190
f 2978/5114/4252 2969/5299/4419 2977/5115/4253
f 3017/5147/4283 3044/5161/4297 3015/5164/4300
f 3002/5199/4333 3004/5195/4329 3003/5198/4332
f 2968/5091/4229 2967/5085/4223 3102/5306/4426
f 2968/5091/4229 2977/5101/4239 2969/5092/4230
f 2996/5307/4427 2999/5171/4307 2997/5150/4286
f 3076/5308/4428 3303/5309/4429 3294/5310/4430
f 2998/5224/4355 3064/5311/4431 3056/5219/4350
f 3100/5312/4432 3084/5313/4433 3110/5314/4432
f 3297/5315/4434 3085/5316/4435 3299/5317/4436
f 3301/5318/4437 3113/5319/4438 3298/5320/4439
f 3295/5321/4440 3114/5322/4441 3300/5323/4442
f 3114/5322/4441 3106/5324/4443 3107/5325/4444
f 3067/5326/4445 3058/5175/4311 3057/5076/4214
f 2972/5327/4446 3074/5328/4447 3073/5301/4421
f 3091/5296/4417 3096/5329/4448 3099/5098/4236
f 3094/5078/4216 3096/5329/4448 3093/5094/4232
f 3025/5137/4273 3027/5330/4338 3026/5135/4271
f 2941/5053/4192 2905/5285/4408 2985/5186/4321
f 3095/5110/4248 3102/5130/4266 3096/5331/4449
f 2963/5332/4450 2975/5105/4243 2962/5333/4450
f 2980/5124/4262 3108/5334/4451 3105/5335/4451
f 2894/5015/4157 2909/5016/4158 2893/5013/4155
f 2881/5336/4452 3307/5337/4453 3293/5338/4454
f 3014/5165/4301 3046/5187/4322 3011/5166/4302
f 3109/5305/4425 2873/4992/4135 2882/4993/4135
f 3101/4982/4125 2883/4984/4127 2884/4980/4123
f 3108/5339/4455 3106/5263/4391 3105/5340/4456
f 2972/5103/4241 2973/5341/4457 3081/5104/4242
f 3119/5342/4458 3120/5343/4459 3138/5344/4460
f 3115/5345/4461 3197/5346/4462 3196/5347/4463
f 3128/5348/4464 3125/5349/4465 3124/5350/4464
f 3115/5345/4461 3116/5351/4466 3133/5352/4467
f 3116/5351/4466 3134/5353/4468 3133/5352/4467
f 3317/5354/4469 3119/5355/4470 3138/5356/4471
f 3162/5357/4472 3199/5358/4473 3116/5359/4474
f 3127/5360/4475 3230/5361/4476 3310/5362/4477
f 3134/5363/4478 3254/5364/4479 3255/5365/4480
f 3210/5366/4481 3133/5367/4482 3211/5368/4483
f 3130/5369/4484 3131/5370/4485 3309/5371/4486
f 3232/5372/4487 3226/5373/4488 3126/5374/4489
f 3123/5375/4490 3226/5373/4488 3132/5376/4491
f 3161/5377/4492 3198/5378/4493 3162/5379/4494
f 3151/5380/4495 3190/5381/4496 3153/4881/4033
f 3193/4861/4015 3185/5382/4497 3192/4859/4013
f 3177/5383/4498 3187/5384/4499 3183/5385/4500
f 3176/5386/4501 3182/5387/4502 3177/5383/4498
f 3176/5386/4501 3175/5388/4503 3181/5389/4504
f 3145/5390/4505 3148/5391/4506 3146/5392/4507
f 3143/5393/4508 3204/5394/4509 3144/5395/4510
f 3143/5393/4508 3160/5396/4511 3142/5397/4512
f 3161/5377/4492 3160/5396/4511 3167/5398/4513
f 3167/5398/4513 3174/5399/4514 3166/5400/4515
f 3170/5401/4516 3157/5402/4517 3154/5403/4518
f 3181/5389/4504 3180/5404/4519 3185/5382/4497
f 3182/5387/4502 3185/5382/4497 3186/5405/4520
f 3152/5406/4521 3153/5407/4033 3195/4854/4008
f 3233/5408/4522 3243/5409/4523 3244/5410/4522
f 3160/5396/4511 3169/5411/4524 3168/5412/4525
f 3163/5413/4526 3167/5398/4513 3166/5400/4515
f 3140/5414/4527 3143/5393/4508 3142/5397/4512
f 3183/5385/4500 3188/5415/4528 3149/5416/4529
f 3142/5397/4512 3162/5379/4494 3140/5414/4527
f 3155/4846/4000 3169/5411/4524 3170/5401/4516
f 3159/5417/4530 3170/5401/4516 3169/5411/4524
f 3151/5380/4495 3187/5384/4499 3189/5418/4531
f 3148/5391/4506 3188/5419/4528 3150/5420/4532
f 3150/5420/4532 3151/5421/4495 3152/5406/4521
f 3180/5404/4519 3192/4859/4013 3185/5382/4497
f 2822/5422/4533 3275/5423/4005 2813/5424/4004
f 3282/4849/4003 2808/4962/4109 2814/5425/4534
f 2810/5426/4535 3278/5427/4536 3283/5428/4537
f 2810/5426/4535 3286/5429/4538 2819/5430/4539
f 3272/5431/4540 2817/5432/4541 2806/4837/3991
f 3321/5433/4542 3117/5434/4543 3119/5355/4470
f 3204/5435/4544 3125/5436/4545 3145/5437/4546
f 3116/5359/4474 3140/5438/4547 3162/5357/4472
f 3196/5439/4548 3141/5440/4549 3140/5438/4547
f 3199/5358/4473 3200/5441/4550 3118/5442/4551
f 3118/5442/4551 3165/5443/4552 3201/5444/4553
f 3120/5445/4554 3165/5443/4552 3202/5446/4555
f 3122/5447/4556 3202/5446/4555 3178/5448/4557
f 3122/5447/4556 3156/5449/4558 3203/5450/4559
f 3248/5451/4560 3208/5452/4561 3249/5453/4562
f 3211/5454/4563 3212/5455/4564 3209/5456/4565
f 3218/5457/4566 3213/5458/4567 3214/5459/4568
f 3246/5460/4569 3248/5451/4560 3247/5461/4570
f 3213/5458/4567 3257/5462/4571 3221/5463/4572
f 3234/5464/4573 3253/5465/4574 3237/5466/4575
f 3220/5467/4576 3222/5468/4577 3221/5463/4572
f 3236/5469/4578 3217/5470/4579 3235/5471/4580
f 3220/5472/4581 3216/5473/4582 3219/5474/4582
f 3257/5462/4571 3220/5467/4576 3221/5463/4572
f 3248/5451/4560 3216/5475/4583 3206/5476/4584
f 3249/5477/4585 3207/5478/4586 3257/5479/4587
f 3219/5480/4588 3223/5481/4589 3222/5482/4590
f 3252/5483/4591 3225/5484/4592 3251/5485/4593
f 3233/5486/4594 3240/5487/4595 3224/5488/4596
f 3235/5489/4597 3234/5464/4573 3236/5490/4598
f 3225/5491/4599 3240/5492/4600 3241/5493/4599
f 3258/5494/4601 3225/5484/4592 3259/5495/4601
f 3253/5496/4602 3256/5497/4603 3212/5498/4604
f 3252/5499/4605 3233/5486/4594 3224/5488/4596
f 3258/5500/4606 3132/5501/4607 3251/5502/4608
f 3254/4808/3966 3212/5498/4604 3255/5503/4609
f 3324/5504/4610 3242/5505/4611 3322/5506/4612
f 3209/5456/4565 3210/5507/4613 3211/5454/4563
f 3202/5508/4614 3183/5385/4500 3178/5509/4615
f 3320/5510/4616 3265/5511/4617 3266/5512/4618
f 3197/5513/4619 3204/5435/4544 3141/5440/4549
f 3121/5514/4620 3203/5515/4621 3123/5516/4622
f 3203/5517/4621 3126/5518/4623 3123/5519/4622
f 3195/4854/4008 3154/5403/4518 3152/5406/4521
f 3138/5344/4460 3122/5520/4624 3121/5514/4620
f 3178/5509/4615 3149/5416/4529 3156/5521/4625
f 3117/5522/4626 3199/5523/4468 3118/5524/4627
f 3258/5525/4628 3260/5526/4629 3263/5527/4630
f 3148/5391/4506 3156/5528/4625 3149/5529/4529
f 3165/5530/4631 3164/5531/4632 3176/5386/4501
f 3125/5349/4465 3126/5518/4623 3205/5532/4633
f 3144/5395/4510 3145/5390/4505 3146/5392/4507
f 3311/5533/4634 3138/5356/4471 3121/5534/4635
f 3145/5437/4546 3205/5535/4636 3147/5536/4637
f 3115/5537/4638 3217/5538/4639 3227/5539/4640
f 3156/5540/4558 3205/5535/4636 3203/5541/4559
f 3119/5342/4458 3118/5524/4627 3201/5542/4458
f 3202/5508/4614 3176/5386/4501 3177/5383/4498
f 3189/5418/4531 3193/4861/4015 3190/5381/4496
f 3169/5411/4524 3172/4638/3799 3168/5412/4525
f 3187/5384/4499 3186/5405/4520 3189/5418/4531
f 3164/5531/4632 3166/5400/4515 3175/5388/4503
f 3168/5412/4525 3179/4647/3808 3173/5543/4641
f 3174/5399/4514 3184/4857/4011 3180/5404/4519
f 3194/4862/4016 3170/5401/4516 3154/5403/4518
f 3173/5543/4641 3191/4649/3810 3174/5399/4514
f 3167/5398/4513 3168/5412/4525 3173/5543/4641
f 3150/5420/4532 3154/5403/4518 3157/5402/4517
f 3157/5402/4517 3144/5395/4510 3146/5392/4507
f 3128/5544/4642 3129/5545/4643 3324/5546/4644
f 3313/5547/4645 3134/5363/4478 3117/5434/4543
f 3115/5537/4638 3227/5539/4640 3318/5548/4646
f 3197/5346/4462 3128/5348/4464 3124/5350/4464
f 3132/5501/4607 3252/5549/4647 3251/5502/4608
f 3245/5550/4648 3246/5460/4569 3247/5461/4570
f 3200/5551/4649 3163/5413/4526 3164/5531/4632
f 3171/5552/4650 3288/4848/4002 3285/4639/3800
f 3150/5420/4532 3146/5392/4507 3148/5391/4506
f 3235/5471/4580 3214/5553/4651 3246/5554/4652
f 3318/5555/4653 3228/5556/4654 3312/5557/4655
f 3269/5558/4656 2809/5559/4657 2817/5432/4541
f 3260/5560/4658 3121/5534/4635 3263/5561/4659
f 2819/5430/4539 3287/5562/4660 2811/4698/3859
f 3166/5400/4515 3180/5404/4519 3175/5388/4503
f 2812/4700/3861 3291/5563/4661 2822/5422/4533
f 3223/5481/4589 3214/5553/4651 3222/5482/4590
f 3213/5458/4567 3212/5455/4564 3256/5564/4662
f 3213/5458/4567 3222/5468/4577 3214/5459/4568
f 3310/5565/4663 3231/5566/4664 3319/5567/4665
f 3083/5568/4666 3100/5192/4326 3110/5569/4666
f 3264/5570/4667 3135/5571/4668 3238/5572/4669
f 3315/5573/4670 3136/5574/4671 3239/5575/4672
f 3314/5576/4673 3137/5577/4674 3267/5578/4675
f 3311/5579/4676 3268/5580/4677 3316/5581/4678
f 3268/5580/4677 3260/5582/4679 3261/5583/4679
f 3217/5584/4680 3228/5556/4654 3227/5585/4681
f 3245/5550/4648 3250/5586/4682 3253/5465/4574
f 3248/5451/4560 3250/5586/4682 3247/5461/4570
f 3193/4861/4015 3281/4882/4034 3190/5381/4496
f 3249/5477/4585 3256/5497/4603 3250/5587/4683
f 3208/5588/4684 3220/5472/4581 3207/5589/4684
f 3225/5491/4599 3262/5590/4685 3259/5591/4685
f 3144/5395/4510 3159/5417/4530 3143/5393/4508
f 3309/5592/4686 3229/5593/4687 3323/5594/4688
f 3263/5561/4659 3123/5375/4490 3132/5376/4491
f 3255/5365/4480 3133/5367/4482 3134/5363/4478
f 3262/5595/4689 3260/5526/4629 3259/5596/4690
f 3217/5470/4579 3218/5597/4691 3235/5471/4580
f 3278/5427/4536 3284/4640/3801 3283/5428/4537
f 3285/4639/3800 3287/5562/4660 3286/5429/4538
f 3288/4848/4002 3289/4699/3860 3287/5562/4660
f 3270/4648/3809 3272/5431/4540 3271/5598/4692
f 3290/4847/4001 3291/5563/4661 3289/4699/3860
f 3284/4640/3801 3286/5429/4538 3283/5428/4537
f 3292/4856/4010 3275/5423/4005 3291/5563/4661
f 3277/4904/4055 3269/5558/4656 3270/4648/3809
f 3274/4860/4014 3282/4849/4003 3281/4882/4034
f 3282/4849/4003 3276/4883/4009 3281/4882/4034
f 3271/5598/4692 3280/4836/3990 3279/4858/4012
f 3279/4858/4012 3273/4961/4108 3274/4860/4014
f 3191/4649/3810 3271/5598/4692 3184/4857/4011
f 2823/5599/3957 2798/4712/3873 2795/4711/3872
f 2840/4898/4049 2830/4952/4099 2739/4894/4045
f 2841/5600/4693 2850/4919/4070 2842/5601/4694
f 2844/4936/4084 2738/4678/3839 2845/4680/3841
f 2743/4745/3905 2727/4726/3886 2728/4746/3906
f 2715/4677/3838 2716/4636/3797 2734/4741/3901
f 3293/5338/4454 3088/5602/4695 2879/5210/4342
f 2887/5603/4696 3300/5323/4442 3113/5319/4438
f 3111/5604/4697 3298/5320/4439 3112/5245/4373
f 2885/5605/4698 3299/5317/4436 3084/5313/4433
f 3294/5310/4430 3089/5606/4699 3078/5032/4174
f 3302/5303/4423 3075/5607/4700 2881/5336/4452
f 2886/5608/4701 3304/5246/4374 3085/5316/4435
f 3308/5212/4344 3077/5609/4702 3076/5308/4428
f 3129/5610/4703 3323/5594/4688 3242/5505/4611
f 3267/5578/4675 3311/5579/4676 3316/5581/4678
f 3266/5512/4618 3317/5611/4704 3314/5576/4673
f 3238/5572/4669 3313/5612/4705 3315/5573/4670
f 3310/5565/4663 3243/5409/4523 3232/5613/4706
f 3131/5614/4707 3312/5557/4655 3229/5593/4687
f 3239/5575/4672 3321/5615/4708 3320/5510/4616
f 3230/5616/4709 3322/5506/4612 3231/5566/4664
f 2888/4973/4116 2887/5617/4710 3301/4971/4114
f 3301/4971/4114 3111/5618/4711 2869/4972/4115
f 3294/4979/4122 3078/5619/4712 2876/4989/4132
f 2876/4989/4132 2877/4977/4120 3294/4979/4122
f 3293/4988/4131 2879/5287/4410 2878/5286/4409
f 2878/5286/4409 2880/4986/4129 3293/4988/4131
f 2869/4972/4115 3111/5618/4711 3305/5057/4196
f 3305/5057/4196 2886/5620/4713 2867/5058/4197
f 2871/5271/4397 2889/5621/4714 3295/5270/4396
f 3295/5270/4396 2887/5617/4710 2888/4973/4116
f 3308/5288/4411 3076/4978/4121 2877/4977/4120
f 2877/4977/4120 2878/5286/4409 3308/5288/4411
f 2867/5058/4197 2886/5620/4713 3297/5289/4412
f 3297/5289/4412 2885/5622/4715 2884/4980/4123
f 3302/5290/4413 2881/4987/4130 2880/4986/4129
f 2880/4986/4129 2865/5274/4400 3302/5290/4413
f 3138/5356/4471 3137/5623/4716 3317/5354/4469
f 3317/5354/4469 3265/5624/4717 3119/5355/4470
f 3310/5362/4477 3232/5372/4487 3126/5374/4489
f 3126/5374/4489 3127/5360/4475 3310/5362/4477
f 3309/5371/4486 3129/5545/4643 3128/5544/4642
f 3128/5544/4642 3130/5369/4484 3309/5371/4486
f 3119/5355/4470 3265/5624/4717 3321/5433/4542
f 3321/5433/4542 3136/5625/4718 3117/5434/4543
f 3121/5534/4635 3139/5626/4719 3311/5533/4634
f 3311/5533/4634 3137/5623/4716 3138/5356/4471
f 3324/5546/4644 3230/5361/4476 3127/5360/4475
f 3127/5360/4475 3128/5544/4642 3324/5546/4644
f 3117/5434/4543 3136/5625/4718 3313/5547/4645
f 3313/5547/4645 3135/5627/4720 3134/5363/4478
f 3318/5548/4646 3131/5370/4485 3130/5369/4484
f 3130/5369/4484 3115/5537/4638 3318/5548/4646
f 2594/4288/3575 2499/4324/3611 2494/4289/3576
f 2602/4291/3578 2576/4420/3682 2578/4292/3579
f 2516/4294/3581 2515/4345/3626 2510/4295/3582
f 2606/4297/3584 2591/4352/3632 2590/4298/3585
f 2582/4300/3587 2596/4631/3618 2498/4290/3577
f 2612/4301/3588 2613/5628/3716 2597/4302/3589
f 2599/4303/3590 2497/4425/3623 2624/4304/3591
f 2586/4306/3593 2588/4348/3629 2516/4294/3581
f 2556/4313/3600 2526/4398/3668 2525/4314/3601
f 2566/4316/3603 2542/4389/3659 2562/4317/3604
f 2595/4321/3608 2596/4331/3618 2495/4322/3609
f 2549/4326/3613 2547/5629/3681 2574/4327/3614
f 2550/4328/3615 2551/4409/3676 2554/4333/3619
f 2590/4298/3585 2589/4353/3628 2622/4335/3621
f 2578/4292/3579 2576/4420/3682 2586/4337/3593
f 2517/4307/3594 2516/4294/3581 2508/4296/3583
f 2497/4339/3623 2598/5630/3617 2594/4288/3575
f 2594/4288/3575 2598/5630/3617 2581/4340/3616
f 2503/4344/3625 2523/5631/3662 2583/4311/3598
f 2588/4348/3629 2514/4346/3627 2515/4345/3626
f 2510/4295/3582 2515/4345/3626 2513/4349/3630
f 2580/4351/3631 2501/5632/3693 2593/4325/3612
f 2591/4352/3632 2513/4366/3630 2589/4353/3628
f 2587/4341/3607 2586/4306/3593 2517/4307/3594
f 2548/4354/3633 2579/5633/3638 2520/4355/3634
f 2565/4357/3636 2523/4392/3662 2503/4358/3625
f 2518/4342/3624 2521/4419/3635 2520/4362/3634
f 2563/4363/3639 2530/4393/3663 2532/4364/3640
f 2591/4352/3632 2592/4310/3597 2584/4309/3596
f 2553/4367/3642 2533/4391/3661 2527/4368/3643
f 2553/4367/3642 2552/4400/3670 2548/4354/3633
f 2560/4369/3644 2543/4383/3657 2544/4370/3645
f 2593/4325/3612 2501/5632/3693 2500/4372/3647
f 2534/4373/3648 2540/4427/3685 2539/4374/3649
f 2544/4370/3645 2535/4386/3650 2536/4376/3651
f 2548/4354/3633 2521/4356/3635 2522/4378/3653
f 2583/4311/3598 2523/5631/3662 2522/4379/3653
f 2524/4380/3654 2528/4426/3684 2541/4381/3655
f 2543/4383/3657 2542/4389/3659 2541/4384/3655
f 2543/4383/3657 2534/4385/3648 2535/4386/3650
f 2559/4371/3646 2544/4370/3645 2545/4377/3652
f 2568/4388/3656 2541/4384/3655 2542/4389/3659
f 2505/4390/3660 2502/4312/3599 2508/4296/3583
f 2565/4357/3636 2567/4359/3637 2568/4388/3656
f 2553/4367/3642 2531/4365/3641 2532/4364/3640
f 2564/4318/3605 2563/4363/3639 2565/4357/3636
f 2563/4363/3639 2531/4365/3641 2522/4378/3653
f 2564/4318/3605 2570/5634/3784 2530/4393/3663
f 2561/4394/3664 2570/5634/3784 2564/4318/3605
f 2512/4395/3665 2561/4394/3664 2562/4317/3604
f 2511/4396/3666 2512/4395/3665 2560/4369/3644
f 2557/4315/3602 2525/4314/3601 2509/4397/3667
f 2555/4334/3620 2571/4399/3669 2526/4398/3668
f 2554/4333/3619 2527/4368/3643 2571/4399/3669
f 2554/4333/3619 2551/4409/3676 2552/4400/3670
f 2552/4400/3670 2551/4409/3676 2573/4401/3671
f 2569/4402/3672 2579/5633/3638 2548/4354/3633
f 2569/4403/3672 2573/4407/3671 2507/4404/3673
f 2506/4406/3675 2507/4404/3673 2573/4407/3671
f 2574/4327/3614 2573/4401/3671 2551/4409/3676
f 2536/4410/3651 2538/4428/3686 2529/4411/3677
f 2556/4313/3600 2549/4326/3613 2550/4328/3615
f 2546/4413/3679 2549/4326/3613 2556/4313/3600
f 2557/4315/3602 2558/4387/3658 2545/4377/3652
f 2546/4413/3679 2545/4377/3652 2536/4376/3651
f 2575/4415/3680 2547/4416/3681 2537/4412/3678
f 2537/4414/3678 2547/5629/3681 2549/4326/3613
f 2547/4416/3681 2575/4415/3680 2506/4406/3675
f 2562/4317/3604 2542/4389/3659 2543/4383/3657
f 2499/4324/3611 2500/4372/3647 2503/4417/3625
f 2517/4307/3594 2522/4379/3653 2521/4419/3635
f 2576/4420/3682 2585/4422/3683 2588/4421/3629
f 2585/4422/3683 2577/4450/3700 2514/4423/3627
f 2509/4397/3667 2511/4396/3666 2559/4371/3646
f 2505/4424/3660 2494/4289/3576 2499/4324/3611
f 2597/4302/3589 2598/4330/3617 2497/4425/3623
f 2534/4373/3648 2541/4381/3655 2528/4426/3684
f 2538/4428/3686 2536/4410/3651 2535/4375/3650
f 2504/4429/3595 2582/4300/3587 2494/4289/3576
f 2504/4430/3595 2505/4390/3660 2510/4295/3582
f 2600/4431/3687 2519/4319/3606 2579/4361/3638
f 2578/4292/3579 2519/4319/3606 2600/4431/3687
f 2606/4297/3584 2607/4448/3698 2592/4310/3597
f 2618/4433/3689 2619/4452/3702 2567/4434/3637
f 2617/4436/3690 2618/5635/3689 2503/4437/3625
f 2500/4438/3647 2501/4441/3693 2616/4439/3691
f 2615/4440/3692 2616/4439/3691 2501/4441/3693
f 2614/4443/3694 2615/4440/3692 2580/4442/3631
f 2597/4302/3589 2613/5628/3716 2614/4443/3694
f 2625/4305/3592 2626/4455/3704 2612/4301/3588
f 2496/4323/3610 2495/4322/3609 2610/4444/3695
f 2582/4332/3587 2609/4447/3697 2610/4444/3695
f 2504/4446/3595 2608/5636/3794 2609/4447/3697
f 2607/4448/3698 2608/5637/3794 2504/4308/3595
f 2621/4336/3622 2623/4454/3703 2605/4299/3586
f 2585/4422/3683 2603/4451/3701 2604/4449/3699
f 2576/4420/3682 2602/4291/3578 2603/4451/3701
f 2619/4452/3702 2524/4380/3654 2568/4382/3656
f 2620/4453/3688 2579/5638/3638 2569/4403/3672
f 2577/4450/3700 2604/4449/3699 2623/4454/3703
f 2621/4336/3622 2622/4335/3621 2514/4423/3627
f 2496/4323/3610 2611/4445/3696 2626/4455/3704
f 2625/4305/3592 2624/4304/3591 2595/4321/3608
f 2627/4456/3705 2632/4495/3736 2705/4457/3706
f 2689/4459/3708 2687/4593/3791 2602/4460/3578
f 2644/4462/3709 2639/4483/3727 2640/4463/3710
f 2701/4465/3712 2702/4524/3756 2606/4466/3584
f 2693/4468/3713 2627/4456/3705 2631/4458/3707
f 2612/4470/3588 2710/4474/3718 2708/4471/3715
f 2713/4473/3717 2630/4597/3749 2710/4474/3718
f 2697/4476/3720 2645/4509/3748 2644/4462/3709
f 2672/4484/3728 2673/4572/3785 2525/4485/3601
f 2681/4487/3729 2679/4566/3783 2677/4488/3730
f 2706/4492/3734 2629/4617/3793 2628/4493/3735
f 2665/4497/3738 2666/4504/3744 2686/4498/3739
f 2670/4503/3743 2667/4575/3786 2666/4504/3744
f 2712/4506/3746 2700/4523/3752 2701/4465/3712
f 2697/4508/3720 2687/4593/3791 2689/4459/3708
f 2645/4509/3748 2694/4481/3725 2639/4483/3727
f 2705/4457/3706 2709/5639/3742 2630/4510/3749
f 2692/4513/3741 2709/5639/3742 2705/4457/3706
f 2694/4481/3725 2651/4554/3777 2636/4517/3751
f 2699/4477/3721 2644/4462/3709 2643/4464/3711
f 2641/4520/3754 2643/4464/3711 2640/4463/3710
f 2704/4496/3737 2634/4546/3771 2691/4522/3755
f 2700/4523/3752 2641/4538/3754 2702/4524/3756
f 2645/4509/3748 2697/4476/3720 2698/4514/3733
f 2664/4525/3757 2649/5640/3762 2648/4526/3758
f 2636/4528/3751 2651/4604/3777 2680/4529/3760
f 2646/4516/3750 2647/4515/3732 2648/4533/3758
f 2532/4535/3640 2530/4567/3663 2678/4536/3763
f 2695/4480/3724 2703/4479/3723 2702/4524/3756
f 2527/4539/3643 2533/4565/3661 2669/4540/3765
f 2669/4540/3765 2652/4537/3764 2664/4525/3757
f 2660/4542/3767 2659/4559/3779 2676/4543/3768
f 2704/4496/3737 2632/4495/3736 2633/4545/3770
f 2539/4547/3649 2540/4598/3685 2653/4548/3772
f 2655/4550/3774 2654/4561/3773 2660/4542/3767
f 2650/4552/3776 2649/5640/3762 2664/4525/3757
f 2694/4481/3725 2645/4509/3748 2650/4553/3776
f 2524/4555/3654 2683/4626/3781 2657/4556/3778
f 2657/4558/3778 2658/4489/3731 2659/4559/3779
f 2654/4561/3773 2653/4560/3772 2659/4559/3779
f 2661/4551/3775 2660/4542/3767 2675/4544/3769
f 2683/4563/3781 2681/4487/3729 2658/4489/3731
f 2638/4564/3782 2640/4463/3710 2639/4483/3727
f 2683/4563/3781 2682/4530/3761 2680/4529/3760
f 2532/4535/3640 2652/4537/3764 2669/4540/3765
f 2679/4566/3783 2681/4487/3729 2680/4529/3760
f 2678/4536/3763 2651/4604/3777 2650/4552/3776
f 2679/4566/3783 2678/4536/3763 2530/4567/3663
f 2679/4566/3783 2570/4568/3784 2561/4569/3664
f 2677/4488/3730 2561/4569/3664 2512/4570/3665
f 2676/4543/3768 2512/4570/3665 2511/4571/3666
f 2673/4572/3785 2674/4562/3780 2509/4573/3667
f 2671/4505/3745 2672/4484/3728 2526/4486/3668
f 2670/4503/3743 2671/4505/3745 2571/4574/3669
f 2670/4503/3743 2669/4540/3765 2668/4541/3766
f 2668/4541/3766 2684/4577/3788 2685/4576/3787
f 2664/4525/3757 2690/4527/3759 2684/4577/3788
f 2507/4578/3673 2685/4582/3787 2684/4579/3788
f 2506/4581/3675 2686/4590/3739 2685/4582/3787
f 2667/4575/3786 2685/4576/3787 2686/4498/3739
f 2529/4583/3677 2538/4599/3686 2655/4584/3774
f 2666/4504/3744 2665/4497/3738 2672/4484/3728
f 2672/4484/3728 2665/4497/3738 2662/4586/3790
f 2673/4572/3785 2662/4586/3790 2661/4551/3775
f 2662/4586/3790 2656/4589/3789 2655/4550/3774
f 2575/4587/3680 2529/4583/3677 2656/4585/3789
f 2665/4497/3738 2663/4499/3740 2656/4589/3789
f 2506/4581/3675 2575/4587/3680 2663/4588/3740
f 2659/4559/3779 2658/4489/3731 2677/4488/3730
f 2632/4495/3736 2635/5641/3726 2636/4591/3751
f 2645/4509/3748 2646/4516/3750 2649/4534/3762
f 2699/4592/3721 2696/4595/3792 2687/4593/3791
f 2642/4594/3753 2688/4629/3795 2696/4595/3792
f 2675/4544/3769 2511/4571/3666 2509/4573/3667
f 2638/4596/3782 2635/5641/3726 2632/4495/3736
f 2708/4471/3715 2710/4474/3718 2630/4597/3749
f 2528/4557/3684 2657/4556/3778 2653/4548/3772
f 2538/4599/3686 2539/4547/3649 2654/4549/3773
f 2627/4456/3705 2693/4468/3713 2637/4600/3722
f 2640/4463/3710 2638/4564/3782 2637/4601/3722
f 2690/4531/3759 2647/4490/3732 2600/4602/3687
f 2689/4459/3708 2601/4461/3580 2600/4602/3687
f 2703/4479/3723 2607/4622/3698 2606/4466/3584
f 2682/4605/3761 2619/4627/3702 2618/4606/3689
f 2636/4608/3751 2618/5642/3689 2617/4609/3690
f 2633/4610/3770 2617/4609/3690 2616/4611/3691
f 2634/4612/3771 2616/4611/3691 2615/4613/3692
f 2691/4614/3755 2615/4613/3692 2614/4615/3694
f 2708/4471/3715 2692/4500/3741 2614/4615/3694
f 2714/4475/3719 2710/4474/3718 2612/4470/3588
f 2629/4617/3793 2611/4630/3696 2610/4618/3695
f 2693/4502/3713 2628/4493/3735 2610/4618/3695
f 2637/4620/3722 2693/4502/3713 2609/4619/3697
f 2637/4478/3722 2608/5643/3794 2607/4622/3698
f 2711/4507/3747 2701/4465/3712 2605/4467/3586
f 2696/4595/3792 2688/4629/3795 2604/4624/3699
f 2687/4593/3791 2696/4595/3792 2603/4625/3701
f 2683/4626/3781 2524/4555/3654 2619/4627/3702
f 2684/4579/3788 2690/5644/3759 2620/4628/3688
f 2688/4629/3795 2711/4507/3747 2623/4623/3703
f 2642/4594/3753 2712/4506/3746 2711/4507/3747
f 2629/4617/3793 2714/4475/3719 2626/4616/3704
f 2706/4492/3734 2713/4473/3717 2714/4475/3719
f 2718/4635/3796 2734/4741/3901 2716/4636/3797
f 3172/4638/3799 3171/5552/4650 3285/4639/3800
f 2855/4641/3802 2856/4889/4040 2831/4642/3803
f 2821/4644/3805 2792/5645/4721 2803/4645/3806
f 3179/4647/3808 3277/4904/4055 3270/4648/3809
f 2801/4650/3811 2790/4954/4101 2783/4651/3812
f 2797/4656/3817 2786/4819/3975 2724/4657/3818
f 2869/4659/3820 2956/5279/3820 2870/4660/3821
f 2865/4662/3823 2880/5646/4722 2952/4663/3824
f 2878/4665/3826 2877/5647/4723 2875/4666/3827
f 2736/4668/3829 2749/4706/3867 2825/4669/3830
f 2778/4671/3832 2769/4757/3917 2779/4672/3833
f 2746/4654/3815 2747/4759/3919 2761/4674/3835
f 2824/4675/3836 2746/4654/3815 2717/4676/3837
f 2738/4678/3839 2804/4681/3842 2722/4679/3840
f 2758/4683/3844 2766/5648/4724 2776/4684/3845
f 2818/4686/3847 2810/5649/4725 2819/4687/3848
f 2799/4689/3850 2790/5650/4726 2801/4690/3851
f 2787/4692/3853 2788/4873/4025 2814/4693/3854
f 2780/4695/3856 2771/4781/3939 2781/4696/3857
f 2811/4698/3859 3287/5562/4660 3289/4699/3860
f 2745/4701/3862 2744/4731/3891 2756/4702/3863
f 2723/4704/3865 2715/4677/3838 2717/4676/3837
f 2749/4706/3867 2736/4668/3829 2719/4707/3868
f 2719/4707/3868 2736/4668/3829 2720/4709/3870
f 2719/4707/3868 2721/4710/3871 2804/4681/3842
f 2834/4714/3875 2835/4835/3989 2836/4715/3876
f 2800/4720/3880 2735/4670/3831 2718/4635/3796
f 2736/4668/3829 2735/4670/3831 2800/4720/3880
f 2727/4726/3886 2859/5651/4111 2858/4727/3887
f 2717/4676/3837 2728/4746/3906 2725/4721/3881
f 2862/4728/3888 2850/4910/4061 2851/4729/3889
f 2744/4731/3891 2718/4635/3796 2735/4670/3831
f 2777/4732/3892 2778/4735/3895 2773/4733/3893
f 2778/4735/3895 2733/4738/3898 2775/4736/3896
f 2732/4737/3897 2775/4736/3896 2733/4738/3898
f 2780/4739/3899 2782/4886/4037 2729/4740/3900
f 2719/4707/3868 2738/4678/3839 2737/4725/3885
f 2745/4701/3862 2824/4675/3836 2715/4677/3838
f 2767/4742/3902 2766/5652/3932 2756/4743/3903
f 2741/4653/3814 2742/4748/3908 2743/4745/3905
f 2740/4747/3907 2743/4745/3905 2742/4748/3908
f 2744/4731/3891 2745/4701/3862 2734/4741/3901
f 2756/4702/3863 2744/4731/3891 2825/4669/3830
f 2826/4708/3869 2752/4724/3884 2770/4751/3911
f 2753/4753/3913 2754/5653/4083 2755/4754/3914
f 2777/4756/3916 2767/4780/3938 2769/4757/3917
f 2824/4675/3836 2745/4701/3862 2757/4703/3864
f 2746/4654/3815 2824/4675/3836 2759/4758/3918
f 2752/4724/3884 2753/4753/3913 2772/4755/3915
f 2748/4655/3816 2761/4674/3835 2763/4760/3920
f 2789/4762/3922 2798/5654/3922 2726/4763/3923
f 2779/4765/3925 2751/5655/4727 2770/4766/3926
f 2772/4768/3928 2755/4884/4035 2765/4769/3929
f 2758/4771/3931 2757/4774/3933 2756/4772/3903
f 2757/4774/3933 2758/4771/3931 2774/4775/3934
f 2759/4776/3935 2774/4775/3934 2760/4777/3936
f 2776/4779/3845 2766/5656/4724 2767/4780/3938
f 2733/4673/3834 2779/4672/3833 2771/4781/3939
f 2782/4697/3858 2781/4696/3857 2765/4782/3940
f 2774/4784/3942 2758/4683/3844 2773/4685/3846
f 2760/4786/3944 2774/4784/3942 2775/4785/3943
f 2764/4788/3946 2762/4963/4110 2729/4789/3947
f 2841/4791/3949 2860/4950/4097 2846/4792/3950
f 2816/4794/3952 2785/4802/3960 2786/4795/3953
f 2801/4650/3811 2818/4652/3813 2820/4797/3955
f 2820/4797/3955 2821/4644/3805 2791/4646/3807
f 2823/4799/3957 2795/4719/3872 2794/4718/3879
f 2816/4794/3952 2784/5657/3959 2796/4801/3959
f 2788/4803/3961 2787/4824/3978 2797/4804/3962
f 2828/4805/3963 2855/4641/3802 2830/4643/3804
f 3237/4807/3965 3253/5496/4602 3254/4808/3966
f 2797/4656/3817 2725/4658/3819 2726/4810/3967
f 2804/4812/3968 2803/4827/3981 2794/4813/3969
f 2796/4815/3971 2790/5650/4726 2799/4689/3850
f 2796/4815/3971 2716/4816/3972 2723/4817/3973
f 2786/4819/3975 2785/4818/3974 2723/4817/3973
f 2801/4690/3851 2802/5658/4728 2720/4820/3976
f 2863/4821/3977 2794/5659/3977 2864/4822/3977
f 2803/4645/3806 2792/5645/4721 2793/4800/3958
f 2815/4796/3954 2786/4795/3953 2797/4804/3962
f 2771/4767/3927 2770/4766/3926 2772/4768/3928
f 2838/4825/3979 2857/4853/4007 2828/4805/3963
f 2721/4826/3980 2791/4845/3999 2803/4827/3981
f 2737/4828/3982 2839/4890/4041 2832/4829/3983
f 2846/4831/3985 2862/4839/3993 2843/4832/3986
f 2833/4834/3988 2837/4888/4039 2835/4835/3989
f 3280/4836/3990 3272/5431/4540 2806/4837/3991
f 2862/4839/3993 2846/4831/3985 2860/4840/3994
f 2763/4842/3996 2761/4953/4100 2762/4843/3997
f 2720/4820/3976 2802/5658/4728 2791/4845/3999
f 3155/4846/4000 3194/4862/4016 3290/4847/4001
f 3282/4849/4003 2814/5425/4534 2813/4850/4004
f 2838/4825/3979 2827/5660/4729 2852/4852/4006
f 3195/4854/4008 3153/5407/4033 3276/4855/4009
f 3184/4857/4011 3271/5598/4692 3279/4858/4012
f 3192/4859/4013 3279/4858/4012 3274/4860/4014
f 3194/4862/4016 3195/4854/4008 3292/4856/4010
f 2823/4863/4017 2793/4867/4020 2822/4864/4018
f 2792/4866/4019 2812/4869/4022 2822/4864/4018
f 2821/4868/4021 2811/4879/4031 2812/4869/4022
f 2809/4870/4023 2810/5661/4725 2818/4871/3847
f 2823/4863/4017 2813/4865/4017 2814/4693/3854
f 2784/4874/4026 2817/4876/4028 2809/4870/4023
f 2784/4874/4026 2816/4877/4029 2806/4875/4027
f 2816/4877/4029 2815/4880/4032 2807/4878/4030
f 2820/4688/3849 2819/4687/3848 2811/4879/4031
f 2815/4880/4032 2787/4692/3853 2808/4694/3855
f 3153/4881/4033 3190/5381/4496 3281/4882/4034
f 2717/4676/3837 2746/4654/3815 2741/4653/3814
f 2755/4884/4035 2763/4842/3996 2764/4844/3998
f 2730/4885/4036 2729/4740/3900 2782/4886/4037
f 2852/4852/4006 2827/5660/4729 2837/4888/4039
f 2765/4782/3940 2764/4788/3946 2730/4790/3948
f 2856/4889/4040 2832/4829/3983 2839/4890/4041
f 2837/4903/4054 2827/4899/4050 2840/4898/4049
f 3172/4638/3799 3284/4640/3801 3277/4904/4055
f 2846/4792/3950 2848/4946/4094 2849/4905/4056
f 2862/4728/3888 2861/4949/4096 2842/4909/4060
f 2843/4730/3890 2851/4729/3889 2844/4911/4062
f 2849/4918/4069 2851/4913/4064 2850/4919/4070
f 2855/4925/4076 2828/4924/4075 2754/4922/4073
f 2739/4926/4077 2844/4936/4084 2740/4927/3907
f 2754/4922/4073 2852/4921/4072 2833/4933/4082
f 2854/4761/3921 2763/4760/3920 2755/4934/3914
f 2737/4725/3885 2738/4678/3839 2844/4936/4084
f 2853/4716/3877 2836/4715/3876 2741/4938/4086
f 2858/4940/4088 2795/5662/4730 2789/4941/4089
f 2750/4943/4091 2751/5655/4727 2779/4765/3925
f 2743/4945/4093 2849/4905/4056 2848/4946/4094
f 2841/4791/3949 2842/4909/4060 2861/4949/4096
f 2750/4951/4098 2749/4706/3867 2826/4708/3869
f 2761/4953/4100 2747/4778/3937 2760/4777/3936
f 2796/4801/3959 2784/5657/3959 2783/4651/3812
f 2864/4955/4102 2795/5662/4730 2858/4940/4088
f 3054/4958/4105 3053/5663/4731 3052/4959/4106
f 3273/4961/4108 3280/4836/3990 2807/4838/3992
f 2768/4750/3910 2825/4669/3830 2749/4706/3867
f 2762/4963/4110 2760/4786/3944 2732/4787/3945
f 2728/4746/3906 2727/4726/3886 2805/4722/3882
f 2845/4680/3841 2722/4679/3840 2858/4964/3887
f 2768/4744/3904 2750/4943/4091 2769/4944/4092
f 2865/4662/3823 2951/4664/3825 2866/4966/4112
f 2866/4968/4112 2954/5260/4388 2884/4969/4113
f 2912/4974/4117 2953/5664/4732 2954/4975/4118
f 2884/4980/4123 2885/5622/4715 3100/4981/4124
f 2965/4983/4126 2865/5274/4400 2883/4984/4127
f 2876/4989/4132 3078/5619/4712 3079/4990/4133
f 2873/4992/4135 2876/4989/4132 2981/4991/4134
f 2911/4994/4136 2913/5037/4178 2953/4995/4137
f 2903/4997/4139 2901/5042/4171 2939/4998/4140
f 2944/5000/4142 2946/5054/4193 2936/5001/4143
f 2927/5003/4145 2932/5007/4149 2937/5004/4146
f 2926/5006/4148 2931/5009/4151 2932/5007/4149
f 2926/5006/4148 2914/5268/4394 2925/5008/4150
f 2895/5010/4152 2897/5665/4733 2898/5011/4153
f 2893/5013/4155 2891/5666/4734 2959/5014/4156
f 2909/5016/4158 2910/5018/4160 2892/5017/4159
f 2911/4994/4136 2892/5017/4159 2910/5018/4160
f 2917/5019/4161 2923/5284/4407 2924/5020/4162
f 2920/5022/4164 2908/5667/4735 2907/5023/4165
f 2931/5009/4151 2925/5008/4150 2930/5025/4167
f 2932/5007/4149 2931/5009/4151 2935/5002/4144
f 3057/5026/4168 3058/5215/4347 3016/5027/4169
f 2901/5029/4171 2903/5298/4139 2949/5030/4172
f 3078/5032/4174 3089/5606/4699 3090/5033/4175
f 2910/5018/4160 2909/5016/4158 2919/5035/4176
f 2913/5037/4178 2911/4994/4136 2917/5019/4161
f 2890/5038/4179 2891/5666/4734 2893/5013/4155
f 2933/5005/4147 2937/5004/4146 2938/5039/4180
f 2892/5017/4159 2911/4994/4136 2912/4996/4138
f 2920/5022/4164 2905/5285/4408 2921/5041/4182
f 2909/5016/4158 2908/5667/4735 2920/5022/4164
f 2901/5042/4171 2938/5039/4180 2937/5004/4146
f 2898/5011/4153 2899/5266/4181 2938/5043/4180
f 2938/5043/4180 2901/5029/4171 2902/5031/4173
f 2935/5002/4144 2930/5025/4167 2934/5045/4184
f 2934/5045/4184 2943/5050/4189 2942/5046/4185
f 2944/5000/4142 2934/5045/4184 3031/5047/4186
f 3034/5049/4188 2942/5046/4185 2943/5050/4189
f 2988/5052/4191 2922/5283/4406 2921/5041/4182
f 2946/5054/4193 2944/5000/4142 2945/5048/4187
f 2940/4999/4141 2946/5054/4193 2947/5055/4194
f 3028/5056/4195 2989/5241/4371 2903/4997/4139
f 2959/5059/4198 2874/5668/4736 2875/5060/4199
f 2866/4976/4119 2951/5063/4201 2890/5062/4201
f 2951/5063/4201 2952/5249/4377 2891/5064/4202
f 2954/4975/4118 2953/5664/4732 2955/5065/4203
f 2868/5066/4204 2955/5065/4203 2915/5067/4205
f 2870/5069/4207 2956/5068/4206 2915/5067/4205
f 2872/5071/4209 2870/5069/4207 2957/5070/4208
f 2872/5071/4209 2928/5072/4210 2906/5073/4211
f 3049/5075/4213 3067/5326/4445 3057/5076/4214
f 3094/5078/4216 2961/5109/4247 2963/5079/4217
f 3037/5081/4219 3038/5162/4298 3033/5082/4220
f 2966/5084/4222 3101/5669/4737 2967/5085/4223
f 3009/5087/4225 3006/5152/4288 3000/5088/4226
f 2973/5090/4228 2964/5086/4224 2968/5091/4229
f 3092/5093/4231 2978/5670/4738 3094/5078/4216
f 2968/5091/4229 3102/5306/4426 3103/5095/4233
f 3080/5097/4235 3091/5296/4417 3099/5098/4236
f 2975/5100/4238 2974/5671/4739 2977/5101/4239
f 3082/5102/4240 2970/5672/4240 2972/5103/4241
f 2975/5105/4243 2961/5673/4740 2971/5106/4244
f 3103/5095/4233 2962/5674/4741 2975/5100/4238
f 3094/5078/4216 2978/5670/4738 2971/5108/4246
f 3095/5110/4248 2963/5675/4249 2962/5111/4249
f 2974/5113/4251 2971/5676/4251 2978/5114/4252
f 3098/5116/4254 2979/5677/4254 2980/5117/4255
f 3079/5119/4257 3090/5678/4742 3086/5120/4258
f 3081/5122/4260 3091/5296/4417 3080/5097/4235
f 2980/5124/4262 2979/5679/4743 3086/5125/4263
f 3104/5127/4264 3097/5118/4256 2980/5117/4255
f 3099/5129/4265 3096/5331/4449 3102/5130/4266
f 2945/5048/4187 3031/5047/4186 3032/5132/4268
f 3028/5056/4195 2947/5055/4194 3029/5134/4270
f 3035/5083/4221 3034/5049/4188 2988/5052/4191
f 3025/5137/4273 3023/5190/4325 3024/5138/4274
f 3054/5140/4276 3060/5196/4330 3072/5141/4277
f 3009/5087/4225 3046/5187/4322 3037/5081/4219
f 3019/5144/4280 3020/5148/4284 3022/5145/4281
f 3017/5147/4283 3018/5172/4308 3020/5148/4284
f 2995/5149/4285 2996/5307/4427 2997/5150/4286
f 3008/5143/4279 3007/5202/4336 3006/5152/4288
f 3026/5135/4271 3029/5134/4270 3041/5153/4289
f 3061/5154/4290 3062/5197/4331 3063/5155/4291
f 3098/5157/4293 2981/5680/4744 3079/5119/4257
f 3019/5144/4280 3042/5200/4334 3043/5158/4294
f 3030/5133/4269 3032/5132/4268 3039/5159/4295
f 3044/5161/4297 3039/5159/4295 3038/5162/4298
f 3015/5164/4300 3044/5161/4297 3045/5163/4299
f 3011/5166/4302 3010/5089/4227 3001/5167/4303
f 3056/5169/4305 3001/5167/4303 3010/5089/4227
f 2998/5170/4306 3056/5169/4305 3000/5088/4226
f 3015/5164/4300 3016/5248/4376 3018/5172/4308
f 3068/5173/4309 3050/5233/4363 3069/5174/4310
f 2991/5176/4312 2990/5681/4275 3024/5177/4274
f 2992/5178/4313 3024/5177/4274 2993/5179/4314
f 3011/5166/4302 3012/5168/4304 3013/5180/4315
f 3104/5181/4316 3109/5682/4316 2882/5182/4317
f 3031/5047/4186 2942/5046/4185 3033/5082/4220
f 2982/5184/4319 2984/5189/4324 2986/5185/4320
f 3045/5163/4299 3038/5162/4298 3037/5081/4219
f 2950/5188/4323 2983/5205/4339 2984/5189/4324
f 3023/5190/4325 3021/5146/4282 2993/5191/4314
f 3100/5192/4326 3099/5129/4265 2967/5131/4267
f 2987/5194/4328 3007/5202/4336 3008/5143/4279
f 3029/5134/4270 3030/5133/4269 3040/5160/4296
f 2984/5189/4324 3003/5198/4332 3004/5195/4329
f 3060/5196/4330 3054/5140/4276 3062/5197/4331
f 2992/5178/4313 3002/5199/4333 3003/5198/4332
f 2994/5151/4287 2997/5150/4286 3002/5199/4333
f 3042/5200/4334 3041/5153/4289 3040/5160/4296
f 2997/5150/4286 2999/5171/4307 3005/5201/4335
f 3043/5158/4294 3040/5160/4296 3039/5159/4295
f 3005/5201/4335 3006/5152/4288 3007/5202/4336
f 2994/5151/4287 2993/5179/4314 3059/5203/4337
f 3010/5089/4227 3011/5166/4302 3046/5187/4322
f 3027/5204/4338 2990/5681/4275 2991/5176/4312
f 3021/5146/4282 3022/5145/4281 3059/5206/4337
f 2999/5171/4307 3000/5088/4226 3006/5152/4288
f 3047/5207/4340 3063/5218/4346 3068/5208/4341
f 2879/5210/4342 3088/5602/4695 3306/5211/4343
f 3062/5213/4345 3054/4958/4105 3051/4960/4107
f 3058/5215/4347 3069/5291/4414 3018/5216/4348
f 3012/5217/4349 3066/5683/4356 3057/5026/4168
f 3050/5214/4346 3068/5208/4341 3063/5218/4346
f 3056/5219/4350 3064/5311/4431 3065/5220/4351
f 2996/5222/4353 3061/5255/4383 3055/5223/4354
f 3001/5221/4352 3065/5220/4351 3066/5225/4356
f 3059/5227/4357 3022/5281/4404 3071/5228/4358
f 3051/5230/4360 3052/5292/4415 3071/5231/4361
f 3050/5233/4363 3051/5230/4360 3070/5232/4362
f 2986/5185/4320 3004/5195/4329 3007/5202/4336
f 2983/5205/4339 2991/5176/4312 3003/5198/4332
f 3064/5234/4364 3047/5237/4367 3048/5235/4365
f 3055/5156/4292 3063/5155/4291 3047/5237/4367
f 3041/5153/4289 3042/5200/4334 3023/5190/4325
f 2964/5086/4224 2973/5090/4228 2965/5238/4368
f 2957/5239/4369 2927/5003/4145 2933/5005/4147
f 3026/5135/4271 3027/5330/4338 2989/5241/4371
f 2983/5205/4339 2950/5188/4323 2989/5242/4371
f 3067/5209/4107 3049/5684/4745 3048/5243/4107
f 3305/5244/4372 3111/5604/4697 3112/5245/4373
f 3060/5247/4375 2995/5254/4382 3059/5227/4357
f 3032/5132/4268 3033/5082/4220 3038/5162/4298
f 3014/5165/4301 3013/5180/4315 3016/5248/4376
f 2952/5249/4377 2874/5668/4736 2959/5059/4198
f 2941/5053/4192 2987/5194/4328 3036/5136/4272
f 2985/5186/4321 2986/5185/4320 2987/5194/4328
f 3036/5136/4272 3008/5143/4279 3037/5081/4219
f 2942/5046/4185 3034/5049/4188 3035/5083/4221
f 2947/5055/4194 2945/5048/4187 3030/5133/4269
f 2871/5250/4378 2872/5257/4385 2958/5251/4379
f 2958/5251/4379 2960/5269/4395 2876/5253/4381
f 2995/5254/4382 3060/5247/4375 3061/5255/4383
f 2902/5031/4173 2949/5030/4172 2948/5256/4384
f 2888/4661/3822 2870/4660/3821 2872/5257/4385
f 2928/5240/4370 2933/5005/4147 2899/5040/4181
f 2867/5259/4387 2884/4969/4113 2954/5260/4388
f 3104/5262/4390 3105/5340/4456 3106/5263/4391
f 2898/5011/4153 2897/5665/4733 2906/5265/4386
f 2915/5267/4393 2955/5297/4418 2914/5268/4394
f 2875/4666/3827 2877/5647/4723 2876/5253/4381
f 2894/5015/4157 2959/5014/4156 2895/5010/4152
f 2895/5061/4200 2875/5060/4199 2960/5272/4398
f 2865/5274/4400 2965/4983/4126 2972/5275/4401
f 2906/5277/4211 2897/5273/4399 2960/5272/4398
f 2869/4659/3820 2867/5259/4387 2868/5261/4389
f 2957/5239/4369 2915/5267/4393 2926/5006/4148
f 3070/5280/4403 3071/5228/4358 3022/5281/4404
f 2939/4998/4140 2936/5001/4143 2946/5054/4193
f 2919/5035/4176 2921/5041/4182 2922/5283/4406
f 2937/5004/4146 2932/5007/4149 2936/5001/4143
f 2914/5268/4394 2913/5037/4178 2916/5021/4163
f 2918/5036/4177 2922/5283/4406 2929/5051/4190
f 2930/5025/4167 2924/5020/4162 2943/5050/4189
f 2904/5024/4166 2948/5256/4384 2905/5285/4408
f 2923/5284/4407 2929/5051/4190 2943/5050/4189
f 2917/5019/4161 2910/5018/4160 2918/5036/4177
f 2900/5044/4183 2902/5031/4173 2904/5024/4166
f 2907/5023/4165 2908/5667/4735 2894/5015/4157
f 2952/4663/3824 2880/5646/4722 2878/4665/3826
f 3069/5291/4414 3070/5280/4403 3020/5282/4405
f 3072/5141/4277 3071/5231/4361 3052/5292/4415
f 3065/5236/4366 3048/5235/4365 3049/5293/4213
f 2882/5182/4317 2981/5685/4746 3098/5295/4416
f 3042/5200/4334 3019/5144/4280 3021/5146/4282
f 3091/5296/4417 3081/5122/4260 3092/5093/4231
f 2955/5297/4418 2953/4995/4137 2913/5037/4178
f 2950/5188/4323 2949/5030/4172 2903/5298/4139
f 2900/5044/4183 2907/5023/4165 2896/5012/4154
f 3081/5104/4242 2973/5341/4457 2969/5299/4419
f 3073/5301/4421 3074/5328/4447 3296/5302/4422
f 2982/5184/4319 2948/5256/4384 2949/5030/4172
f 3106/5304/4424 2889/5621/4714 2871/5271/4397
f 2985/5186/4321 2905/5285/4408 2948/5256/4384
f 2916/5021/4163 2924/5020/4162 2930/5025/4167
f 2922/5283/4406 2988/5052/4191 3034/5049/4188
f 2978/5114/4252 3092/5300/4420 2969/5299/4419
f 3017/5147/4283 3043/5158/4294 3044/5161/4297
f 3002/5199/4333 3005/5201/4335 3004/5195/4329
f 2968/5091/4229 2964/5086/4224 2967/5085/4223
f 2968/5091/4229 2976/5096/4234 2977/5101/4239
f 2996/5307/4427 2998/5170/4306 2999/5171/4307
f 3076/5308/4428 3077/5609/4702 3303/5309/4429
f 2998/5224/4355 3055/5223/4354 3064/5311/4431
f 3100/5312/4432 2885/5605/4698 3084/5313/4433
f 3297/5315/4434 2886/5608/4701 3085/5316/4435
f 3301/5318/4437 2887/5603/4696 3113/5319/4438
f 3295/5321/4440 2889/5686/4747 3114/5322/4441
f 3114/5322/4441 2889/5686/4747 3106/5324/4443
f 3067/5326/4445 3068/5173/4309 3058/5175/4311
f 2972/5327/4446 2970/5687/4446 3074/5328/4447
f 3091/5296/4417 3093/5094/4232 3096/5329/4448
f 3094/5078/4216 3095/5080/4218 3096/5329/4448
f 3025/5137/4273 2990/5139/4275 3027/5330/4338
f 2941/5053/4192 2921/5041/4182 2905/5285/4408
f 3095/5110/4248 3103/5112/4250 3102/5130/4266
f 2963/5332/4450 2961/5673/4740 2975/5105/4243
f 2980/5124/4262 3087/5126/4262 3108/5334/4451
f 2894/5015/4157 2908/5667/4735 2909/5016/4158
f 2881/5336/4452 3075/5607/4700 3307/5337/4453
f 3014/5165/4301 3045/5163/4299 3046/5187/4322
f 3109/5305/4425 2871/5271/4397 2873/4992/4135
f 3101/4982/4125 2966/4985/4128 2883/4984/4127
f 3108/5339/4455 3107/5688/4455 3106/5263/4391
f 2972/5103/4241 2965/5689/4748 2973/5341/4457
f 3119/5342/4458 3201/5542/4458 3120/5343/4459
f 3115/5345/4461 3130/5690/4749 3197/5346/4462
f 3128/5348/4464 3127/5691/4750 3125/5349/4465
f 3115/5345/4461 3196/5347/4463 3116/5351/4466
f 3116/5351/4466 3199/5523/4468 3134/5353/4468
f 3162/5357/4472 3198/5692/4751 3199/5358/4473
f 3134/5363/4478 3135/5627/4720 3254/5364/4479
f 3210/5366/4481 3115/5537/4638 3133/5367/4482
f 3232/5372/4487 3233/5693/4752 3226/5373/4488
f 3123/5375/4490 3126/5374/4489 3226/5373/4488
f 3161/5377/4492 3163/5413/4526 3198/5378/4493
f 3151/5380/4495 3189/5418/4531 3190/5381/4496
f 3193/4861/4015 3186/5405/4520 3185/5382/4497
f 3177/5383/4498 3182/5387/4502 3187/5384/4499
f 3176/5386/4501 3181/5389/4504 3182/5387/4502
f 3176/5386/4501 3164/5531/4632 3175/5388/4503
f 3145/5390/4505 3147/5694/4753 3148/5391/4506
f 3143/5393/4508 3141/5695/4754 3204/5394/4509
f 3143/5393/4508 3159/5417/4530 3160/5396/4511
f 3161/5377/4492 3142/5397/4512 3160/5396/4511
f 3167/5398/4513 3173/5543/4641 3174/5399/4514
f 3170/5401/4516 3158/5696/4755 3157/5402/4517
f 3181/5389/4504 3175/5388/4503 3180/5404/4519
f 3182/5387/4502 3181/5389/4504 3185/5382/4497
f 3152/5406/4521 3151/5421/4495 3153/5407/4033
f 3233/5408/4522 3232/5613/4706 3243/5409/4523
f 3160/5396/4511 3159/5417/4530 3169/5411/4524
f 3163/5413/4526 3161/5377/4492 3167/5398/4513
f 3140/5414/4527 3141/5695/4754 3143/5393/4508
f 3183/5385/4500 3187/5384/4499 3188/5415/4528
f 3142/5397/4512 3161/5377/4492 3162/5379/4494
f 3155/4846/4000 3171/5552/4650 3169/5411/4524
f 3159/5417/4530 3158/5696/4755 3170/5401/4516
f 3151/5380/4495 3188/5415/4528 3187/5384/4499
f 3148/5391/4506 3149/5529/4529 3188/5419/4528
f 3150/5420/4532 3188/5419/4528 3151/5421/4495
f 3180/5404/4519 3184/4857/4011 3192/4859/4013
f 2822/5422/4533 3291/5563/4661 3275/5423/4005
f 3282/4849/4003 3273/4961/4108 2808/4962/4109
f 2810/5426/4535 2809/5559/4657 3278/5427/4536
f 2810/5426/4535 3283/5428/4537 3286/5429/4538
f 3272/5431/4540 3269/5558/4656 2817/5432/4541
f 3204/5435/4544 3124/5697/4756 3125/5436/4545
f 3116/5359/4474 3196/5439/4548 3140/5438/4547
f 3196/5439/4548 3197/5513/4619 3141/5440/4549
f 3199/5358/4473 3198/5692/4751 3200/5441/4550
f 3118/5442/4551 3200/5441/4550 3165/5443/4552
f 3120/5445/4554 3201/5444/4553 3165/5443/4552
f 3122/5447/4556 3120/5445/4554 3202/5446/4555
f 3122/5447/4556 3178/5448/4557 3156/5449/4558
f 3248/5451/4560 3206/5476/4584 3208/5452/4561
f 3211/5454/4563 3255/5698/4757 3212/5455/4564
f 3218/5457/4566 3209/5456/4565 3213/5458/4567
f 3246/5460/4569 3223/5699/4758 3248/5451/4560
f 3213/5458/4567 3256/5564/4662 3257/5462/4571
f 3234/5464/4573 3245/5550/4648 3253/5465/4574
f 3220/5467/4576 3219/5700/4759 3222/5468/4577
f 3236/5469/4578 3215/5701/4760 3217/5470/4579
f 3220/5472/4581 3206/5702/4761 3216/5473/4582
f 3257/5462/4571 3207/5703/4762 3220/5467/4576
f 3248/5451/4560 3223/5699/4758 3216/5475/4583
f 3249/5477/4585 3208/5704/4763 3207/5478/4586
f 3219/5480/4588 3216/5705/4588 3223/5481/4589
f 3252/5483/4591 3224/5706/4764 3225/5484/4592
f 3233/5486/4594 3244/5707/4595 3240/5487/4595
f 3235/5489/4597 3245/5550/4648 3234/5464/4573
f 3225/5491/4599 3224/5708/4765 3240/5492/4600
f 3258/5494/4601 3251/5485/4593 3225/5484/4592
f 3253/5496/4602 3250/5587/4683 3256/5497/4603
f 3252/5499/4605 3226/5709/4766 3233/5486/4594
f 3258/5500/4606 3263/5710/4606 3132/5501/4607
f 3254/4808/3966 3253/5496/4602 3212/5498/4604
f 3324/5504/4610 3129/5610/4703 3242/5505/4611
f 3209/5456/4565 3218/5457/4566 3210/5507/4613
f 3202/5508/4614 3177/5383/4498 3183/5385/4500
f 3320/5510/4616 3321/5615/4708 3265/5511/4617
f 3197/5513/4619 3124/5697/4756 3204/5435/4544
f 3121/5514/4620 3122/5520/4624 3203/5515/4621
f 3203/5517/4621 3205/5532/4633 3126/5518/4623
f 3195/4854/4008 3194/4862/4016 3154/5403/4518
f 3138/5344/4460 3120/5343/4459 3122/5520/4624
f 3178/5509/4615 3183/5385/4500 3149/5416/4529
f 3117/5522/4626 3134/5353/4468 3199/5523/4468
f 3258/5525/4628 3259/5596/4690 3260/5526/4629
f 3148/5391/4506 3147/5694/4753 3156/5528/4625
f 3165/5530/4631 3200/5551/4649 3164/5531/4632
f 3125/5349/4465 3127/5691/4750 3126/5518/4623
f 3144/5395/4510 3204/5394/4509 3145/5390/4505
f 3145/5437/4546 3125/5436/4545 3205/5535/4636
f 3115/5537/4638 3210/5366/4481 3217/5538/4639
f 3156/5540/4558 3147/5536/4637 3205/5535/4636
f 3119/5342/4458 3117/5522/4626 3118/5524/4627
f 3202/5508/4614 3165/5530/4631 3176/5386/4501
f 3189/5418/4531 3186/5405/4520 3193/4861/4015
f 3169/5411/4524 3171/5552/4650 3172/4638/3799
f 3187/5384/4499 3182/5387/4502 3186/5405/4520
f 3164/5531/4632 3163/5413/4526 3166/5400/4515
f 3168/5412/4525 3172/4638/3799 3179/4647/3808
f 3174/5399/4514 3191/4649/3810 3184/4857/4011
f 3194/4862/4016 3155/4846/4000 3170/5401/4516
f 3173/5543/4641 3179/4647/3808 3191/4649/3810
f 3167/5398/4513 3160/5396/4511 3168/5412/4525
f 3150/5420/4532 3152/5406/4521 3154/5403/4518
f 3157/5402/4517 3158/5696/4755 3144/5395/4510
f 3197/5346/4462 3130/5690/4749 3128/5348/4464
f 3132/5501/4607 3226/5711/4767 3252/5549/4647
f 3245/5550/4648 3235/5489/4597 3246/5460/4569
f 3200/5551/4649 3198/5378/4493 3163/5413/4526
f 3171/5552/4650 3155/4846/4000 3288/4848/4002
f 3150/5420/4532 3157/5402/4517 3146/5392/4507
f 3235/5471/4580 3218/5597/4691 3214/5553/4651
f 3318/5555/4653 3227/5585/4681 3228/5556/4654
f 3269/5558/4656 3278/5427/4536 2809/5559/4657
f 3260/5560/4658 3139/5626/4719 3121/5534/4635
f 2819/5430/4539 3286/5429/4538 3287/5562/4660
f 3166/5400/4515 3174/5399/4514 3180/5404/4519
f 2812/4700/3861 3289/4699/3860 3291/5563/4661
f 3223/5481/4589 3246/5554/4652 3214/5553/4651
f 3213/5458/4567 3209/5456/4565 3212/5455/4564
f 3213/5458/4567 3221/5463/4572 3222/5468/4577
f 3310/5565/4663 3230/5616/4709 3231/5566/4664
f 3083/5568/4666 3099/5129/4265 3100/5192/4326
f 3264/5570/4667 3254/5712/4768 3135/5571/4668
f 3315/5573/4670 3313/5612/4705 3136/5574/4671
f 3314/5576/4673 3317/5611/4704 3137/5577/4674
f 3311/5579/4676 3139/5713/4769 3268/5580/4677
f 3268/5580/4677 3139/5713/4769 3260/5582/4679
f 3217/5584/4680 3215/5714/4680 3228/5556/4654
f 3245/5550/4648 3247/5461/4570 3250/5586/4682
f 3248/5451/4560 3249/5453/4562 3250/5586/4682
f 3193/4861/4015 3274/4860/4014 3281/4882/4034
f 3249/5477/4585 3257/5479/4587 3256/5497/4603
f 3208/5588/4684 3206/5702/4761 3220/5472/4581
f 3225/5491/4599 3241/5493/4599 3262/5590/4685
f 3144/5395/4510 3158/5696/4755 3159/5417/4530
f 3309/5592/4686 3131/5614/4707 3229/5593/4687
f 3263/5561/4659 3121/5534/4635 3123/5375/4490
f 3255/5365/4480 3211/5368/4483 3133/5367/4482
f 3262/5595/4689 3261/5715/4689 3260/5526/4629
f 3217/5470/4579 3210/5716/4770 3218/5597/4691
f 3278/5427/4536 3277/4904/4055 3284/4640/3801
f 3285/4639/3800 3288/4848/4002 3287/5562/4660
f 3288/4848/4002 3290/4847/4001 3289/4699/3860
f 3270/4648/3809 3269/5558/4656 3272/5431/4540
f 3290/4847/4001 3292/4856/4010 3291/5563/4661
f 3284/4640/3801 3285/4639/3800 3286/5429/4538
f 3292/4856/4010 3276/4855/4009 3275/5423/4005
f 3277/4904/4055 3278/5427/4536 3269/5558/4656
f 3274/4860/4014 3273/4961/4108 3282/4849/4003
f 3282/4849/4003 3275/4851/4005 3276/4883/4009
f 3271/5598/4692 3272/5431/4540 3280/4836/3990
f 3279/4858/4012 3280/4836/3990 3273/4961/4108
f 3191/4649/3810 3270/4648/3809 3271/5598/4692
f 2823/5599/3957 2788/4803/3961 2798/4712/3873
f 2840/4898/4049 2829/4930/4079 2830/4952/4099
f 2841/5600/4693 2847/4920/4071 2850/4919/4070
f 2715/4677/3838 2723/4704/3865 2716/4636/3797
f 3293/5338/4454 3307/5337/4453 3088/5602/4695
f 2887/5603/4696 3295/5321/4440 3300/5323/4442
f 3111/5604/4697 3301/5318/4437 3298/5320/4439
f 2885/5605/4698 3297/5315/4434 3299/5317/4436
f 3294/5310/4430 3303/5309/4429 3089/5606/4699
f 3302/5303/4423 3296/5302/4422 3075/5607/4700
f 2886/5608/4701 3305/5244/4372 3304/5246/4374
f 3308/5212/4344 3306/5211/4343 3077/5609/4702
f 3129/5610/4703 3309/5592/4686 3323/5594/4688
f 3267/5578/4675 3137/5577/4674 3311/5579/4676
f 3266/5512/4618 3265/5511/4617 3317/5611/4704
f 3238/5572/4669 3135/5571/4668 3313/5612/4705
f 3310/5565/4663 3319/5567/4665 3243/5409/4523
f 3131/5614/4707 3318/5555/4653 3312/5557/4655
f 3239/5575/4672 3136/5574/4671 3321/5615/4708
f 3230/5616/4709 3324/5504/4610 3322/5506/4612
