# Blender 4.5.3 LTS
# www.blender.org
mtllib Door.mtl
o Door
v 0.965024 1.111110 -0.977800
v 2.443815 1.102698 -0.950351
v 0.931535 0.840075 -1.100374
v 2.509110 1.068168 -1.006557
v 2.577421 0.803432 -1.107954
v 2.557375 0.428057 -1.056783
v 2.334940 0.309166 -1.043570
v 2.551015 0.306571 -1.039112
v 1.122424 0.398768 -1.106980
v 1.072494 0.498786 -1.082163
v 2.553720 0.379051 -1.064767
v 0.989867 0.674571 -1.101879
v 2.568516 0.617091 -1.088611
v 1.136759 0.670503 -1.099641
v 1.085391 0.836711 -1.099602
v 1.137343 0.322815 -1.067909
v 1.219081 0.398306 -1.104020
v 1.203211 0.499562 -1.075489
v 1.108103 0.434072 -1.107443
v 1.214217 0.433855 -1.103662
v 2.554961 0.401333 -1.066421
v 0.949905 1.049581 -1.014245
v 0.955150 1.072848 -1.001153
v 1.122194 1.109734 -0.978680
v 1.099553 1.053302 -1.015283
v 1.106303 1.075342 -1.001493
v 2.468597 1.091794 -0.967782
v 1.227509 0.322204 -1.065472
v 2.333877 0.407241 -1.073216
v 2.331760 0.808907 -1.106013
v 2.278050 1.065994 -1.008511
v 2.334623 0.442375 -1.063049
v 2.333091 0.626248 -1.090875
v 2.333849 0.382256 -1.071263
v 2.250722 1.089650 -0.975113
v 2.236434 1.103413 -0.957769
v 2.555886 0.934592 -1.074914
v 0.936880 0.944496 -1.063130
v 1.091529 0.941987 -1.066777
v 2.309771 0.936316 -1.074961
v 2.547244 0.234629 -0.977842
v 1.150426 0.248129 -0.993933
v 1.234653 0.247388 -0.991984
v 2.334942 0.236742 -0.980364
v 2.570821 0.851604 -1.096596
v 0.932252 0.878731 -1.090531
v 1.086637 0.875944 -1.090846
v 2.324355 0.855742 -1.095791
v 2.574692 0.727461 -1.099838
v 0.952789 0.773014 -1.103092
v 1.104240 0.768759 -1.102079
v 2.332903 0.734252 -1.100187
v 1.057640 0.528494 -1.079992
v 2.559024 0.452799 -1.058048
v 1.194164 0.530709 -1.071827
v 2.334608 0.468411 -1.063739
v 2.577181 0.772495 -1.104307
v 1.091704 0.809368 -1.101111
v 2.332922 0.778558 -1.103618
v 0.938715 0.813166 -1.101990
v 0.972658 1.126413 -0.951476
v 2.394334 1.112651 -0.933734
v 1.134052 1.125940 -0.955949
v 2.235507 1.114597 -0.938577
v 1.159378 0.322725 -1.067309
v 1.032299 0.673505 -1.101148
v 0.976052 0.839108 -1.100046
v 1.146825 0.398767 -1.106232
v 1.109540 0.499619 -1.079911
v 1.136013 0.434262 -1.106374
v 0.999832 1.073645 -1.001455
v 1.012280 1.110704 -0.978109
v 0.993570 1.050837 -1.014596
v 0.981961 0.943980 -1.063556
v 1.170299 0.247965 -0.993471
v 0.977057 0.877990 -1.090419
v 0.996590 0.771783 -1.102731
v 1.096774 0.529917 -1.077137
v 0.982960 0.812068 -1.101640
v 1.018708 1.126634 -0.952345
v 2.561898 0.502256 -1.068035
v 1.036812 0.572030 -1.087955
v 1.176408 0.572370 -1.081538
v 2.334080 0.515759 -1.072653
v 1.076916 0.572711 -1.085725
v 1.059767 1.418450 -0.778468
v 1.073625 1.418450 -0.778982
v 1.144511 0.322786 -1.067714
v 1.003670 0.674224 -1.101641
v 0.946017 0.839761 -1.100267
v 1.130362 0.398767 -1.106737
v 0.969841 1.073108 -1.001246
v 0.964109 1.049989 -1.014359
v 1.070370 0.528957 -1.079063
v 1.084545 0.499057 -1.081430
v 1.117182 0.434134 -1.107095
v 0.981075 1.110978 -0.977883
v 0.951515 0.944549 -1.063124
v 1.156890 0.248076 -0.993783
v 0.946820 0.878545 -1.090459
v 0.967037 0.772614 -1.102975
v 0.953108 0.812809 -1.101876
v 0.987054 1.126405 -0.951993
v 1.049858 0.572251 -1.087229
v 1.066996 1.419638 -0.778023
v 1.010571 1.179926 -0.920016
v 0.993798 1.179926 -0.919394
v 1.002365 1.179926 -0.919711
v 1.044739 1.367248 -0.808683
v 1.052965 1.367248 -0.808988
v 1.061191 1.367248 -0.809294
v 1.131049 1.123112 -0.962143
v 0.970508 1.123938 -0.958602
v 2.410500 1.110026 -0.938392
v 2.235070 1.111598 -0.944442
v 1.015940 1.123699 -0.959796
v 0.985713 1.123859 -0.958994
v 0.997826 1.130103 -0.949489
v 0.977067 1.130103 -0.948719
v 0.988530 1.130103 -0.949144
v 2.402109 1.102815 -0.951845
v 2.509313 0.402583 -1.067849
v 2.526667 0.804562 -1.107553
v 2.461480 1.067711 -1.006958
v 2.511377 0.431157 -1.058203
v 2.519896 0.619003 -1.089098
v 2.508349 0.379713 -1.066106
v 2.424216 1.091320 -0.969279
v 2.506553 0.307106 -1.040020
v 2.504743 0.934948 -1.074934
v 2.503686 0.235065 -0.978340
v 2.519777 0.852459 -1.096434
v 2.524757 0.728864 -1.099910
v 2.512681 0.456177 -1.059369
v 2.526736 0.773747 -1.104165
v 2.364857 1.113151 -0.934116
v 2.514852 0.505153 -1.069093
v 2.376933 1.110246 -0.939549
v 2.535619 1.008321 -1.046379
v 0.943585 1.002925 -1.037384
v 1.095626 1.004504 -1.040036
v 2.295453 1.007902 -1.046737
v 0.987927 1.003569 -1.037685
v 0.958003 1.003190 -1.037446
v 2.485823 1.008235 -1.046459
v 1.624368 0.824697 -1.101062
v 1.609762 1.059128 -1.013698
v 2.524299 1.041590 -1.027601
v 2.577802 0.787226 -1.107113
v 1.140927 0.322800 -1.067812
v 1.117371 0.416284 -1.112256
v 0.968349 0.729537 -1.103796
v 1.393259 1.107288 -0.978237
v 1.856588 1.105285 -0.969704
v 0.996768 0.674398 -1.101760
v 0.938776 0.839918 -1.100321
v 1.223259 0.667534 -1.098797
v 1.175604 0.834708 -1.099708
v 1.087892 0.822582 -1.100689
v 2.433388 1.102727 -0.950724
v 1.488365 0.319187 -1.058597
v 1.216930 0.415901 -1.109091
v 1.126392 0.398767 -1.106859
v 1.145184 0.500150 -1.077904
v 1.283990 0.496824 -1.073452
v 1.294717 0.397332 -1.101709
v 2.556115 0.413684 -1.061356
v 1.062865 0.517346 -1.078275
v 2.564905 0.554112 -1.078180
v 1.198597 0.519008 -1.070512
v 1.090373 0.466062 -1.094489
v 1.209058 0.466198 -1.089359
v 2.554325 0.393436 -1.068145
v 1.163819 0.434333 -1.105343
v 2.543463 0.401648 -1.066780
v 2.552592 0.348004 -1.055214
v 2.335294 0.267522 -1.018484
v 1.145210 0.279871 -1.036368
v 1.691923 0.478652 -1.075514
v 1.190876 1.076404 -1.000580
v 0.962515 1.072978 -1.001199
v 0.947012 1.029193 -1.024710
v 0.959967 1.092130 -0.990400
v 1.101866 1.064841 -1.008349
v 0.952157 1.061228 -1.007764
v 1.654100 0.651936 -1.096583
v 1.056351 1.110319 -0.978424
v 1.958273 0.313629 -1.051332
v 1.114021 1.092500 -0.990735
v 0.957007 1.049785 -1.014302
v 1.185351 1.054527 -1.015576
v 1.097578 1.032267 -1.026441
v 1.697664 0.391498 -1.089787
v 1.479633 0.428330 -1.096677
v 2.488335 1.083611 -0.985265
v 2.200900 0.811827 -1.104974
v 2.154378 1.064875 -1.009558
v 2.218447 0.310551 -1.046037
v 1.953464 0.416686 -1.084460
v 2.215785 0.448943 -1.065486
v 2.207533 0.630978 -1.091941
v 2.216305 0.383965 -1.074745
v 1.702607 0.316653 -1.055064
v 2.215890 0.410174 -1.076661
v 2.445494 0.806371 -1.106913
v 2.385200 1.066986 -1.007603
v 2.437797 0.436028 -1.060399
v 2.442124 0.622048 -1.089866
v 2.435751 0.380772 -1.068250
v 2.352657 1.090580 -0.971691
v 2.288027 1.040202 -1.028247
v 2.333698 0.397239 -1.074986
v 2.334271 0.423896 -1.067918
v 2.332775 0.793039 -1.105637
v 2.264328 1.081053 -0.990021
v 1.231961 0.279185 -1.034220
v 2.334711 0.456157 -1.061977
v 2.130989 1.088679 -0.979089
v 1.605467 1.081192 -0.993872
v 1.910044 0.818320 -1.102686
v 1.879670 1.062055 -1.011820
v 1.951536 0.463505 -1.071588
v 1.928338 0.641490 -1.094420
v 1.954670 0.387764 -1.082457
v 1.301939 0.321384 -1.063481
v 1.695688 0.423254 -1.091690
v 1.865479 1.085204 -0.987412
v 1.605105 1.106131 -0.975494
v 2.118663 1.104020 -0.961903
v 2.241369 1.096972 -0.965148
v 2.455697 1.097733 -0.957151
v 1.205548 1.108977 -0.978683
v 1.424261 0.660388 -1.097646
v 1.384973 0.830040 -1.100308
v 1.474198 0.489244 -1.073561
v 1.482290 0.394626 -1.095999
v 1.384672 1.078617 -0.997730
v 2.435334 0.307964 -1.041479
v 1.383228 1.056756 -1.015131
v 1.291295 0.432396 -1.101351
v 2.564275 0.891321 -1.086582
v 0.934255 0.910205 -1.077904
v 1.089004 0.907253 -1.080052
v 2.317491 0.894303 -1.086320
v 1.384100 0.942836 -1.074338
v 1.896722 0.939282 -1.074725
v 2.543004 0.934681 -1.074919
v 2.180964 0.937237 -1.074909
v 1.617694 0.941289 -1.074546
v 1.024859 0.942819 -1.064613
v 1.180036 0.942320 -1.070105
v 2.536272 0.234739 -0.977967
v 1.191183 0.247786 -0.992988
v 1.493268 0.244895 -0.986195
v 1.960749 0.240373 -0.984873
v 2.219488 0.237868 -0.981870
v 1.706398 0.242834 -0.985198
v 1.307957 0.246688 -0.990295
v 1.222791 0.365384 -1.088984
v 1.129142 0.365918 -1.091714
v 2.549200 0.265204 -1.015186
v 2.334345 0.350893 -1.060843
v 2.575188 0.823267 -1.104197
v 0.931040 0.856214 -1.097517
v 1.085147 0.853242 -1.096946
v 2.329101 0.828220 -1.102638
v 1.176347 0.874691 -1.091581
v 1.019721 0.877111 -1.090495
v 1.621622 0.867673 -1.093389
v 2.194029 0.857948 -1.095327
v 2.557963 0.851820 -1.096555
v 1.905222 0.862855 -1.094270
v 1.384047 0.871671 -1.092814
v 2.571982 0.678704 -1.095749
v 0.943869 0.798461 -1.102394
v 1.118036 0.724953 -1.102526
v 2.332908 0.686356 -1.096909
v 1.399573 0.760465 -1.101533
v 1.917222 0.745927 -1.100786
v 2.562114 0.727814 -1.099856
v 2.203957 0.737874 -1.100372
v 1.635589 0.753836 -1.101192
v 1.193153 0.766263 -1.101846
v 1.038344 0.770611 -1.102416
v 1.050417 0.543746 -1.083030
v 2.558271 0.440306 -1.055992
v 1.187838 0.545578 -1.075274
v 2.334419 0.485359 -1.066922
v 1.687203 0.508021 -1.073991
v 2.214894 0.475585 -1.065727
v 2.438550 0.461488 -1.061395
v 1.467875 0.519607 -1.070892
v 1.064005 0.528725 -1.079528
v 1.276176 0.527893 -1.069848
v 1.948714 0.491488 -1.070950
v 2.576273 0.756002 -1.102156
v 1.096295 0.794496 -1.101465
v 2.332918 0.762332 -1.102001
v 0.934423 0.826216 -1.101522
v 1.390056 0.801962 -1.101414
v 1.912995 0.788981 -1.102440
v 2.564474 0.772810 -1.104271
v 2.202659 0.781792 -1.103251
v 1.628484 0.796044 -1.101800
v 1.181525 0.807138 -1.101105
v 1.025138 0.811020 -1.101347
v 1.405205 1.125940 -0.957129
v 1.864837 1.122440 -0.949527
v 2.386873 1.112968 -0.933438
v 1.064687 1.126027 -0.954279
v 1.615012 1.125799 -0.954837
v 2.125499 1.116630 -0.942301
v 1.218665 1.125940 -0.956769
v 1.132889 1.124886 -0.958261
v 0.971563 1.125252 -0.953907
v 2.427012 1.106894 -0.943879
v 2.235344 1.113477 -0.940766
v 1.182130 0.322602 -1.066693
v 1.072772 0.672441 -1.100487
v 1.018481 0.838183 -1.099778
v 1.171622 0.398708 -1.105471
v 1.092189 0.499228 -1.080966
v 1.122940 0.434173 -1.106874
v 1.041811 1.074372 -1.001661
v 0.990563 1.110895 -0.977943
v 1.035029 1.051957 -1.014910
v 0.960810 0.944498 -1.063176
v 1.160991 0.248042 -0.993688
v 0.956062 0.878406 -1.090426
v 0.976074 0.772360 -1.102900
v 1.134232 0.530937 -1.074628
v 0.962237 0.812582 -1.101804
v 0.994813 1.126420 -0.952206
v 1.016616 1.125174 -0.955327
v 0.987951 0.797315 -1.102039
v 1.089822 0.545012 -1.080316
v 1.011633 0.728225 -1.103380
v 0.975680 0.855375 -1.097241
v 1.152444 0.365872 -1.091032
v 0.979275 0.909497 -1.078095
v 1.122955 0.466523 -1.092867
v 0.995980 1.062410 -1.008123
v 1.006224 1.092259 -0.990620
v 0.990914 1.030269 -1.025010
v 1.142843 0.416338 -1.111436
v 1.101748 0.518564 -1.075586
v 1.166001 0.279738 -1.035850
v 0.978809 0.825166 -1.101177
v 2.560052 0.470502 -1.061623
v 1.014810 0.618346 -1.095458
v 1.157945 0.616291 -1.091207
v 2.333557 0.565472 -1.081701
v 1.056052 0.618086 -1.094012
v 1.043335 0.572141 -1.087592
v 1.942360 0.536334 -1.078755
v 1.259789 0.569506 -1.079889
v 1.115263 0.573108 -1.083761
v 1.454355 0.561521 -1.080086
v 2.439595 0.509721 -1.070723
v 2.212561 0.522151 -1.074367
v 1.676922 0.550902 -1.081631
v 1.070930 1.419487 -0.778260
v 1.000357 1.128109 -0.950780
v 1.056410 1.410223 -0.783286
v 1.149057 0.322767 -1.067590
v 1.012425 0.674005 -1.101491
v 0.955202 0.839561 -1.100200
v 1.135396 0.398767 -1.106582
v 0.979042 1.073272 -1.001309
v 0.973118 1.050249 -1.014432
v 1.078444 0.529251 -1.078474
v 1.078520 0.498921 -1.081797
v 1.112643 0.434103 -1.107269
v 0.973193 1.111043 -0.977841
v 0.944198 0.944522 -1.063127
v 1.153658 0.248103 -0.993858
v 0.939536 0.878638 -1.090495
v 0.959913 0.772814 -1.103033
v 0.945912 0.812987 -1.101933
v 0.980228 1.126409 -0.951748
v 1.058132 0.572392 -1.086770
v 1.062986 1.419487 -0.777965
v 1.064557 1.410374 -0.783498
v 1.028226 0.618261 -1.094988
v 1.075513 0.517742 -1.077401
v 1.125657 0.416302 -1.111989
v 0.975471 1.092172 -0.990458
v 0.966433 1.061613 -1.007880
v 1.100972 0.466211 -1.093962
v 1.063236 0.544158 -1.082147
v 0.986465 1.125222 -0.954399
v 0.958210 0.798089 -1.102278
v 0.982430 0.729111 -1.103661
v 0.945560 0.855948 -1.097423
v 1.136722 0.365903 -1.091492
v 0.948879 0.910133 -1.077862
v 0.961292 1.029550 -1.024803
v 1.151973 0.279828 -1.036200
v 0.948862 0.825874 -1.101410
v 1.035779 1.273395 -0.864767
v 0.981087 1.137891 -0.944188
v 0.990857 1.137891 -0.944551
v 1.006502 1.179926 -0.919865
v 0.998116 1.179926 -0.919554
v 1.019475 1.273395 -0.864161
v 1.027650 1.273395 -0.864465
v 1.072626 1.410223 -0.783888
v 1.057077 1.367248 -0.809141
v 1.048852 1.367248 -0.808836
v 1.127802 1.119301 -0.968888
v 0.968525 1.120822 -0.966732
v 2.400276 1.111825 -0.935158
v 2.234910 1.108309 -0.950539
v 1.015134 1.120373 -0.967445
v 0.984298 1.120675 -0.966954
v 0.994127 1.123812 -0.959211
v 1.062469 1.123463 -0.960962
v 2.122376 1.113261 -0.948260
v 2.402122 1.110081 -0.938680
v 1.861331 1.117900 -0.955499
v 1.611506 1.120838 -0.960809
v 0.978466 1.123898 -0.958808
v 1.215222 1.122672 -0.962768
v 1.401700 1.121698 -0.963101
v 0.999498 1.137891 -0.944871
v 0.974586 1.128080 -0.949929
v 0.987748 1.128079 -0.950415
v 0.983002 1.130103 -0.948939
v 0.993381 1.130103 -0.949324
v 2.334482 1.103020 -0.954266
v 2.436288 0.404563 -1.070119
v 2.564636 0.803716 -1.107853
v 2.497126 1.068053 -1.006658
v 2.545788 0.428838 -1.057140
v 2.556269 0.617573 -1.088734
v 2.542292 0.379218 -1.065104
v 2.457483 1.091675 -0.968157
v 2.539816 0.306705 -1.039341
v 2.423126 0.935518 -1.074959
v 2.433838 0.235764 -0.979150
v 2.438215 0.853826 -1.096172
v 2.444882 0.731107 -1.100025
v 2.547350 0.453650 -1.058381
v 2.446045 0.775750 -1.103937
v 2.315665 1.113546 -0.935811
v 2.550048 0.502986 -1.068302
v 2.321393 1.110661 -0.941464
v 2.389201 1.107123 -0.945190
v 2.517128 0.556520 -1.078968
v 2.369364 1.112066 -0.936144
v 2.526015 0.757310 -1.102124
v 2.513459 0.473708 -1.062850
v 2.522609 0.680287 -1.095991
v 2.524302 0.824290 -1.103877
v 2.505258 0.265683 -1.015848
v 2.513060 0.891937 -1.086536
v 2.510308 0.415880 -1.062787
v 2.507609 0.348601 -1.056369
v 2.412212 1.097549 -0.958780
v 2.527196 0.788426 -1.106808
v 2.508776 0.394225 -1.069561
v 2.475417 1.041302 -1.027738
v 2.512106 0.443741 -1.057375
v 2.442435 1.083061 -0.986239
v 2.546123 0.973234 -1.061857
v 0.940085 0.975119 -1.049865
v 1.093690 0.974449 -1.053465
v 2.302450 0.973835 -1.062088
v 0.984891 0.975135 -1.050273
v 0.954640 0.975283 -1.049894
v 2.495514 0.973358 -1.061914
v 2.523076 1.008299 -1.046399
v 0.967149 1.003336 -1.037499
v 1.030057 1.003957 -1.038269
v 1.383812 1.006182 -1.047654
v 1.888845 1.007183 -1.047156
v 2.406289 1.008096 -1.046584
v 2.168899 1.007679 -1.046880
v 1.613881 1.006692 -1.047432
v 0.950794 1.003057 -1.037415
v 1.182809 1.005166 -1.043364
v 0.941643 0.826045 -1.101466
v 1.950277 0.479467 -1.069659
v 1.280262 0.516113 -1.068515
v 1.177980 0.820445 -1.100751
v 1.148592 0.279849 -1.036284
v 1.138976 0.519406 -1.073214
v 1.168562 0.416318 -1.110613
v 1.293036 0.414798 -1.106729
v 1.491529 0.276469 -1.027995
v 1.184049 1.033172 -1.028328
v 0.954152 1.029372 -1.024756
v 1.388358 1.092775 -0.988333
v 1.049088 1.092373 -0.990796
v 1.037503 1.063478 -1.008384
v 1.611912 1.036122 -1.029888
v 1.696584 0.408078 -1.094562
v 1.288002 0.464063 -1.087190
v 1.471239 0.507844 -1.069583
v 1.960047 0.271507 -1.024296
v 1.626256 0.809807 -1.101864
v 1.383242 1.068988 -1.005350
v 2.476812 1.083473 -0.985510
v 1.872810 1.076086 -0.998117
v 2.202121 0.796140 -1.104849
v 2.546642 0.441171 -1.056340
v 2.215922 0.399240 -1.078615
v 2.162728 1.039467 -1.028568
v 1.694039 0.450285 -1.083445
v 2.219397 0.268758 -1.020375
v 2.397273 1.040843 -1.027954
v 2.435906 0.395485 -1.071823
v 1.154769 0.466780 -1.091380
v 2.446249 0.790347 -1.106321
v 2.142787 1.079810 -0.992597
v 2.215898 0.428690 -1.070876
v 1.705133 0.274207 -1.025983
v 1.952649 0.439325 -1.077863
v 1.305743 0.278433 -1.032409
v 1.607466 1.071988 -1.002493
v 1.911605 0.803035 -1.103118
v 2.215450 0.463403 -1.064110
v 1.953927 0.403687 -1.086703
v 1.884823 1.037791 -1.029252
v 1.604383 1.093453 -0.984773
v 1.859416 1.095293 -0.978180
v 2.122501 1.096726 -0.969505
v 2.444820 1.097687 -0.957559
v 1.187082 1.066231 -1.007675
v 1.477219 0.458189 -1.084922
v 2.435601 0.349555 -1.058222
v 1.197821 1.092600 -0.990177
v 1.383522 1.034653 -1.030480
v 1.480920 0.411704 -1.101022
v 1.689751 0.496200 -1.072842
v 1.387124 0.815482 -1.101247
v 2.544577 0.414237 -1.061716
v 1.384097 0.905720 -1.084752
v 1.901179 0.899431 -1.085620
v 2.431287 0.892922 -1.086457
v 2.187814 0.895894 -1.086119
v 1.619767 0.902905 -1.085149
v 0.941566 0.910169 -1.077883
v 1.178157 0.906842 -1.082074
v 1.484949 0.362048 -1.081451
v 1.297878 0.364491 -1.086810
v 1.699830 0.359227 -1.076378
v 1.132932 0.365910 -1.091603
v 2.217254 0.352435 -1.063893
v 1.956254 0.355861 -1.070578
v 2.434827 0.266448 -1.016919
v 1.175229 0.851479 -1.097133
v 0.938300 0.856081 -1.097470
v 1.622993 0.842505 -1.098519
v 2.198360 0.830862 -1.101792
v 2.442943 0.825926 -1.103364
v 1.908080 0.836736 -1.099914
v 1.384119 0.847329 -1.097799
v 1.410048 0.715740 -1.101139
v 1.921892 0.699448 -1.098859
v 2.443630 0.682817 -1.096376
v 2.205408 0.690417 -1.097509
v 1.643418 0.708332 -1.100150
v 1.205943 0.722188 -1.102040
v 0.975389 0.729324 -1.103728
v 1.683522 0.523370 -1.076681
v 2.214058 0.492253 -1.068797
v 2.548316 0.471310 -1.061932
v 1.463035 0.534610 -1.074141
v 1.127533 0.545900 -1.077932
v 1.270312 0.542782 -1.073393
v 1.946438 0.507541 -1.073700
v 1.393541 0.786765 -1.101458
v 1.914544 0.773214 -1.101734
v 2.445623 0.759400 -1.102073
v 2.203136 0.765708 -1.101918
v 1.631086 0.780586 -1.101574
v 1.185784 0.792168 -1.101376
v 0.951039 0.798275 -1.102336
v 1.403897 1.124357 -0.959358
v 1.217374 1.124721 -0.959008
v 0.979408 1.125237 -0.954166
v 1.613704 1.123947 -0.957066
v 1.863529 1.120746 -0.951756
v 2.317803 1.112469 -0.937921
v 2.124333 1.115373 -0.944525
v 1.063643 1.125032 -0.956793
v 1.029975 0.796221 -1.101739
v 1.071366 0.544419 -1.081587
v 1.052899 0.726968 -1.103005
v 1.018207 0.854548 -1.097037
v 1.176293 0.365782 -1.090335
v 1.022133 0.908343 -1.078737
v 1.107695 0.466306 -1.093627
v 0.975472 1.061857 -1.007954
v 0.984938 1.092198 -0.990504
v 1.032615 1.031195 -1.025396
v 1.130912 0.416313 -1.111820
v 1.083536 0.517993 -1.076846
v 1.187679 0.279583 -1.035312
v 1.021121 0.824164 -1.100893
v 1.036736 0.618208 -1.094689
v 1.935792 0.583483 -1.086697
v 1.242794 0.613322 -1.089938
v 1.095435 0.617694 -1.092727
v 1.440342 0.605662 -1.089313
v 2.552871 0.554719 -1.078379
v 2.210165 0.571064 -1.083148
v 1.666275 0.596047 -1.089358
v 1.060439 1.410348 -0.783360
v 1.068662 1.410348 -0.783665
v 1.021518 0.618304 -1.095223
v 1.069189 0.517544 -1.077838
v 1.121513 0.416293 -1.112122
v 0.967782 1.092151 -0.990427
v 0.959298 1.061420 -1.007822
v 1.095672 0.466136 -1.094226
v 1.056827 0.543952 -1.082588
v 0.994658 1.125211 -0.954654
v 0.967304 0.797852 -1.102205
v 0.991361 0.728839 -1.103575
v 0.954771 0.855776 -1.097365
v 1.141530 0.365894 -1.091351
v 0.958162 0.910027 -1.077875
v 0.970350 1.029773 -1.024864
v 1.156263 0.279800 -1.036093
v 0.958020 0.825657 -1.101339
v 0.995283 1.137891 -0.944715
v 0.986078 1.137891 -0.944373
v 1.031719 1.273395 -0.864616
v 1.023567 1.273395 -0.864313
v 0.993298 1.120584 -0.967086
v 1.060549 1.119943 -0.968159
v 2.119554 1.109562 -0.954465
v 2.327356 1.107527 -0.947333
v 1.858090 1.112894 -0.961785
v 1.608058 1.115252 -0.967155
v 0.976668 1.120748 -0.966848
v 1.211428 1.118490 -0.969288
v 1.397996 1.116693 -0.969503
v 0.981468 1.128080 -0.950182
v 0.993469 1.128084 -0.950609
v 2.417566 1.106952 -0.944207
v 2.440704 0.560335 -1.080190
v 2.392554 1.111908 -0.935358
v 2.563614 0.756332 -1.102148
v 2.438925 0.478753 -1.064733
v 2.559546 0.679103 -1.095810
v 2.562370 0.823524 -1.104116
v 2.538132 0.265325 -1.015352
v 2.551375 0.891476 -1.086571
v 2.437030 0.419340 -1.065030
v 2.541261 0.348154 -1.055505
v 2.341954 1.097271 -0.961406
v 2.565055 0.787528 -1.107036
v 2.542852 0.393635 -1.068502
v 2.511988 1.041517 -1.027636
v 2.438257 0.449139 -1.059500
v 2.368676 1.082194 -0.987805
v 2.533375 0.973265 -1.061872
v 0.963880 0.975326 -1.049952
v 1.027495 0.974643 -1.051208
v 1.384009 0.976026 -1.062247
v 1.892654 0.974869 -1.062199
v 2.414733 0.973557 -1.061999
v 2.174716 0.974156 -1.062142
v 1.615756 0.975567 -1.062259
v 0.947362 0.975201 -1.049879
v 1.181546 0.975039 -1.057305
v 0.965036 1.103627 -0.968916
v 2.443580 1.093142 -0.943905
v 0.931421 0.838535 -1.088955
v 2.509114 1.060178 -0.998067
v 2.577487 0.802730 -1.096382
v 2.556900 0.425975 -1.045388
v 2.550861 0.311567 -1.028707
v 1.122088 0.402682 -1.096126
v 1.071887 0.495491 -1.071111
v 2.553444 0.382073 -1.053657
v 0.989673 0.675231 -1.090380
v 2.568464 0.618690 -1.077209
v 1.137100 0.328926 -1.058129
v 1.107696 0.430007 -1.096653
v 2.554506 0.397923 -1.055392
v 0.950131 1.044145 -1.004100
v 0.955308 1.067146 -0.991156
v 2.468555 1.081443 -0.962725
v 2.555860 0.931291 -1.063882
v 0.936889 0.939937 -1.052561
v 2.547288 0.245407 -0.972819
v 1.150396 0.258903 -0.989063
v 2.570812 0.848700 -1.085458
v 0.932153 0.874900 -1.079668
v 2.574699 0.728403 -1.088366
v 0.952683 0.772711 -1.091586
v 1.056776 0.530161 -1.068633
v 2.558852 0.454875 -1.046726
v 2.577260 0.774308 -1.092936
v 0.938614 0.812758 -1.090487
v 0.972867 1.116424 -0.945259
v 2.394093 1.102289 -0.928730
v 1.134107 1.115513 -0.951059
v 2.235172 1.104394 -0.933255
v 1.018814 1.115811 -0.947213
v 2.561787 0.504502 -1.056747
v 1.036208 0.573654 -1.076575
v 1.060134 1.412526 -0.768607
v 1.073990 1.412526 -0.769120
v 1.067362 1.413714 -0.768162
v 1.010937 1.174000 -0.910156
v 0.994164 1.174000 -0.909533
v 1.045105 1.361321 -0.798823
v 1.061557 1.361321 -0.799433
v 0.970535 1.113030 -0.954885
v 2.410256 1.099723 -0.933263
v 0.998155 1.124090 -0.939679
v 0.977427 1.123977 -0.938979
v 2.364605 1.102787 -0.929112
v 2.535609 1.003242 -1.036034
v 0.943717 0.998071 -1.026947
v 2.524301 1.035322 -1.017900
v 2.577900 0.788602 -1.095659
v 1.116971 0.415530 -1.100217
v 0.968226 0.729529 -1.092282
v 2.555597 0.409838 -1.050510
v 1.062056 0.517205 -1.066572
v 2.564824 0.556158 -1.066853
v 1.089892 0.461678 -1.083856
v 2.553955 0.393492 -1.056353
v 2.552366 0.351796 -1.044340
v 1.145048 0.287938 -1.027977
v 0.947199 1.024061 -1.014408
v 0.960036 1.086162 -0.980548
v 0.952379 1.055547 -0.997757
v 2.488332 1.073903 -0.978926
v 2.455552 1.087743 -0.951377
v 2.564254 0.888424 -1.075442
v 0.934203 0.905798 -1.067269
v 1.128850 0.371040 -1.081402
v 2.549140 0.272764 -1.006257
v 2.575206 0.820749 -1.092957
v 0.930922 0.853498 -1.086309
v 2.571960 0.679842 -1.084294
v 0.943768 0.798111 -1.090889
v 1.049626 0.545465 -1.071676
v 2.557970 0.440885 -1.044425
v 2.576312 0.757210 -1.090706
v 0.934318 0.825458 -1.090034
v 1.405173 1.116596 -0.950400
v 1.864483 1.113285 -0.942552
v 2.386633 1.102606 -0.928431
v 1.064771 1.115450 -0.949739
v 1.614821 1.116960 -0.947465
v 2.125123 1.106668 -0.936533
v 1.218683 1.115866 -0.951184
v 0.971660 1.114377 -0.950004
v 2.426764 1.096900 -0.938141
v 2.559915 0.472783 -1.050342
v 1.014443 0.619694 -1.084030
v 1.071295 1.413563 -0.768398
v 1.000536 1.120633 -0.941880
v 1.056777 1.404297 -0.773425
v 1.063354 1.413563 -0.768103
v 1.036146 1.267467 -0.854906
v 0.981453 1.131966 -0.934327
v 1.019842 1.267467 -0.854301
v 1.072991 1.404298 -0.774027
v 0.968527 1.110968 -0.960422
v 2.400034 1.101462 -0.930154
v 0.999864 1.131966 -0.935011
v 0.974904 1.120450 -0.941191
v 2.315372 1.103226 -0.930721
v 2.546102 0.969132 -1.051090
v 0.940155 0.970479 -1.039332
v 0.906610 1.111110 0.888985
v 2.384226 1.102698 0.954043
v 0.865525 0.840075 1.009225
v 2.445879 1.068168 1.014222
v 2.507716 0.803432 1.119691
v 2.490909 0.428057 1.067366
v 2.269736 0.309166 1.040273
v 2.485667 0.306571 1.049333
v 1.055627 0.398768 1.027753
v 1.007346 0.498786 0.999863
v 2.486763 0.379051 1.075107
v 0.923647 0.674571 1.014374
v 2.500038 0.617091 1.099829
v 1.070393 0.670503 1.021324
v 1.019127 0.836711 1.018074
v 1.072960 0.322815 0.989691
v 1.152280 0.398306 1.030842
v 1.138225 0.499562 1.001373
v 1.041306 0.434072 1.027319
v 1.147448 0.433855 1.030180
v 2.487897 0.401333 1.076835
v 0.889243 1.049581 0.924413
v 0.895296 1.072848 0.911675
v 1.063418 1.109734 0.899690
v 1.038533 1.053302 0.934805
v 1.046133 1.075342 0.921464
v 2.407869 1.091794 0.972990
v 1.163102 0.322204 0.992896
v 2.266821 0.407241 1.069794
v 2.262658 0.808907 1.102396
v 2.215149 1.065994 1.001726
v 2.268201 0.442375 1.059694
v 2.264931 0.626248 1.087370
v 2.266915 0.382256 1.067844
v 2.189962 1.089650 0.966685
v 2.176786 1.103413 0.948482
v 2.488289 0.934592 1.085370
v 0.873187 0.944496 0.972388
v 1.027306 0.941987 0.985697
v 2.242652 0.936316 1.070029
v 2.485733 0.234629 0.987947
v 1.090641 0.248129 0.916677
v 1.174826 0.247388 0.919999
v 2.273689 0.236742 0.977191
v 2.501839 0.851604 1.107943
v 0.866855 0.878731 0.999447
v 1.020919 0.875944 1.009412
v 2.255906 0.855742 1.091730
v 2.505500 0.727461 1.111420
v 0.886566 0.773014 1.013267
v 1.037785 0.768759 1.021724
v 2.264163 0.734252 1.096652
v 0.992656 0.528494 0.996768
v 2.492475 0.452799 1.068732
v 1.129425 0.530709 0.997154
v 2.268143 0.468411 1.060382
v 2.507705 0.772495 1.116036
v 1.025334 0.809368 1.019974
v 2.263967 0.778558 1.100077
v 0.872589 0.813166 1.011287
v 0.915876 1.126413 0.863189
v 2.335880 1.112651 0.934366
v 1.076674 1.125940 0.877745
v 2.177062 1.114597 0.929269
v 1.094988 0.322725 0.990471
v 0.966043 0.673505 1.016297
v 0.909975 0.839108 1.011680
v 1.080027 0.398767 1.028532
v 1.044460 0.499619 0.999932
v 1.069227 0.434262 1.027997
v 0.939873 1.073645 0.914769
v 0.953754 1.110704 0.892248
v 0.932801 1.050837 0.927494
v 0.918153 0.943980 0.975632
v 1.110505 0.247965 0.917460
v 0.911579 0.877990 1.002136
v 0.930304 0.771783 1.015645
v 1.031893 0.529917 0.996365
v 0.916770 0.812068 1.013703
v 0.961782 1.126634 0.866936
v 2.494720 0.502256 1.078880
v 0.971372 0.572030 1.003412
v 1.111096 0.572370 1.005735
v 2.267059 0.515759 1.069246
v 1.011537 0.572711 1.003694
v 1.013632 1.418450 0.695966
v 1.027430 1.418450 0.697345
v 1.080126 0.322786 0.989945
v 0.937438 0.674224 1.015000
v 0.879984 0.839761 1.010024
v 1.063564 0.398767 1.028007
v 0.909954 1.073108 0.912686
v 0.903412 1.049989 0.925415
v 1.005420 0.528957 0.996636
v 1.019420 0.499057 0.999885
v 1.050388 0.434134 1.027540
v 0.922626 1.110978 0.890070
v 0.887794 0.944549 0.973297
v 1.097103 0.248076 0.916932
v 0.881399 0.878545 1.000285
v 0.900795 0.772614 1.014040
v 0.886961 0.812809 1.012073
v 0.930212 1.126405 0.864606
v 0.984437 0.572251 1.003504
v 1.020874 1.419638 0.695974
v 0.955682 1.179926 0.834161
v 0.938981 1.179926 0.832491
v 0.947511 1.179926 0.833344
v 0.996743 1.367248 0.725182
v 1.004934 1.367248 0.726001
v 1.013125 1.367248 0.726820
v 1.073290 1.123112 0.883738
v 0.913284 1.123938 0.870167
v 2.351722 1.110026 0.940025
v 2.176258 1.111598 0.935096
v 0.958552 1.123699 0.874198
v 0.928435 1.123859 0.871509
v 0.941119 1.130103 0.862780
v 0.920448 1.130103 0.860713
v 0.931863 1.130103 0.861855
v 2.342507 1.102815 0.952927
v 2.442249 0.402583 1.075406
v 2.457087 0.804562 1.116118
v 2.398317 1.067711 1.011645
v 2.444913 0.431157 1.065908
v 2.451483 0.619003 1.097276
v 2.441396 0.379713 1.073607
v 2.363481 1.091320 0.971709
v 2.441235 0.307106 1.047459
v 2.437245 0.934948 1.082192
v 2.442230 0.235065 0.985721
v 2.450906 0.852459 1.104590
v 2.455659 0.728864 1.108370
v 2.446141 0.456177 1.067154
v 2.457368 0.773747 1.112740
v 2.306437 1.113151 0.932904
v 2.447700 0.505153 1.076995
v 2.318149 1.110246 0.939081
v 2.469846 1.008321 1.055624
v 0.881489 1.002925 0.947112
v 1.033066 1.004504 0.959264
v 2.230128 1.007902 1.040966
v 0.925725 1.003569 0.950185
v 0.895874 1.003190 0.948075
v 2.420142 1.008235 1.052590
v 1.556959 0.824697 1.053227
v 1.547843 1.059128 0.965122
v 2.459723 1.041590 1.036175
v 2.508149 0.787226 1.118875
v 1.076543 0.322800 0.989818
v 1.050253 0.416284 1.032702
v 0.902052 0.729537 1.014942
v 1.333981 1.107288 0.916194
v 1.796937 1.105285 0.936646
v 0.930542 0.674398 1.014687
v 0.872755 0.839918 1.009625
v 1.156776 0.667534 1.025890
v 1.109158 0.834708 1.023820
v 1.021555 0.822582 1.019315
v 2.373795 1.102727 0.953764
v 1.423877 0.319187 1.002343
v 1.149817 0.415901 1.035768
v 1.059596 0.398767 1.027880
v 1.080160 0.500150 1.000157
v 1.218973 0.496824 1.004392
v 1.227912 0.397332 1.033265
v 2.489366 0.413684 1.071852
v 0.997979 0.517346 0.995381
v 2.497086 0.554112 1.089193
v 1.133931 0.519008 0.996119
v 1.024419 0.466062 1.013282
v 1.143194 0.466198 1.015582
v 2.487155 0.393436 1.078516
v 1.097044 0.434333 1.028708
v 2.476399 0.401648 1.076475
v 2.486233 0.348004 1.065502
v 2.271657 0.267522 1.015259
v 1.082783 0.279871 0.958704
v 1.625979 0.478652 1.031954
v 1.130597 1.076404 0.925839
v 0.902644 1.072978 0.912181
v 0.885701 1.029193 0.934676
v 0.900776 1.092130 0.901244
v 1.041276 1.064841 0.928029
v 0.891896 1.061228 0.918086
v 1.586914 0.651936 1.050616
v 0.997720 1.110319 0.895317
v 1.893321 0.313629 1.024470
v 1.054509 1.092500 0.911210
v 0.896327 1.049785 0.924914
v 1.124146 1.054527 0.940462
v 1.035864 1.032267 0.945817
v 1.630816 0.391498 1.046558
v 1.412781 0.428330 1.039803
v 2.426476 1.083611 0.991673
v 2.132118 0.811827 1.093177
v 2.091653 1.064875 0.995039
v 2.153316 0.310551 1.035453
v 1.886449 0.416686 1.057233
v 2.149443 0.448943 1.054697
v 2.139553 0.630978 1.080584
v 2.149383 0.383965 1.063970
v 1.637920 0.316653 1.012211
v 2.148850 0.410174 1.065856
v 2.376113 0.806371 1.110404
v 2.322145 1.066986 1.007519
v 2.371339 0.436028 1.063500
v 2.373815 0.622048 1.093180
v 2.368806 0.380772 1.071208
v 2.291911 1.090580 0.969643
v 2.223872 1.040202 1.022047
v 2.266531 0.397239 1.071550
v 2.267545 0.423896 1.064532
v 2.263694 0.793039 1.102084
v 2.202610 1.081053 0.982414
v 1.169499 0.279185 0.961984
v 2.268356 0.456157 1.058630
v 2.070215 1.088679 0.963168
v 1.544796 1.081192 0.945066
v 1.841974 0.818320 1.072709
v 1.817341 1.062055 0.980122
v 1.885330 0.463505 1.044266
v 1.860749 0.641490 1.065603
v 1.887778 0.387764 1.055310
v 1.237510 0.321384 0.995562
v 1.628726 0.423254 1.048333
v 1.804704 1.085204 0.954874
v 1.545585 1.106131 0.926701
v 2.058987 1.104020 0.945245
v 2.181250 1.096972 0.956155
v 2.395659 1.097733 0.961573
v 1.146610 1.108977 0.904903
v 1.357457 0.660388 1.037307
v 1.318079 0.830040 1.037508
v 1.408802 0.489244 1.016392
v 1.415475 0.394626 1.039291
v 1.324192 1.078617 0.935112
v 2.370064 0.307964 1.044463
v 1.321663 1.056756 0.952389
v 1.224519 0.432396 1.032693
v 2.495933 0.891321 1.097539
v 0.869643 0.910205 0.986969
v 1.023956 0.907253 0.998788
v 2.249647 0.894303 1.081848
v 1.318831 0.942836 1.011534
v 1.830427 0.939282 1.043970
v 2.475432 0.934681 1.084569
v 2.114101 0.937237 1.061924
v 1.551956 0.941289 1.026346
v 0.960901 0.942819 0.979369
v 1.115431 0.942320 0.994552
v 2.474775 0.234739 0.987386
v 1.131378 0.247786 0.918283
v 1.433296 0.244895 0.930390
v 1.899946 0.240373 0.958297
v 2.158367 0.237868 0.971476
v 1.646071 0.242834 0.942719
v 1.248092 0.246688 0.922896
v 1.156923 0.365384 1.016067
v 1.063286 0.365918 1.012937
v 2.485351 0.265204 1.025340
v 2.268062 0.350893 1.057475
v 2.505722 0.823267 1.115802
v 0.865209 0.856214 1.006342
v 1.019051 0.853242 1.015407
v 2.260215 0.828220 1.098861
v 1.110407 0.874691 1.015755
v 0.954155 0.877111 1.004878
v 1.554698 0.867673 1.045398
v 2.125865 0.857948 1.083119
v 2.489010 0.851820 1.107098
v 1.837688 0.862855 1.064008
v 1.317623 0.871671 1.029971
v 2.503052 0.678704 1.107170
v 0.877708 0.798461 1.012012
v 1.051526 0.724953 1.023033
v 2.264373 0.686356 1.093380
v 1.332575 0.760465 1.039643
v 1.849257 0.745927 1.071262
v 2.492946 0.727814 1.110652
v 2.135457 0.737874 1.088775
v 1.568149 0.753836 1.054060
v 1.126539 0.766263 1.027050
v 0.971997 0.770611 1.017941
v 0.985258 0.543746 0.999348
v 2.491853 0.440306 1.066633
v 1.122894 0.545578 1.000198
v 2.267755 0.485359 1.063547
v 1.621364 0.508021 1.030138
v 2.148538 0.475585 1.054882
v 2.372028 0.461488 1.064541
v 1.402659 0.519607 1.013333
v 0.999038 0.528725 0.996702
v 1.211400 0.527893 1.000306
v 1.882553 0.491488 1.043453
v 2.506933 0.756002 1.113833
v 1.029894 0.794496 1.020615
v 2.264064 0.762332 1.098464
v 0.868335 0.826216 1.010552
v 1.323083 0.801962 1.038929
v 1.844935 0.788981 1.072648
v 2.495025 0.772810 1.115206
v 2.133982 0.781792 1.091567
v 1.561020 0.796044 1.054222
v 1.114980 0.807138 1.025584
v 0.958884 0.811020 1.016049
v 1.347224 1.125940 0.895874
v 1.806432 1.122440 0.917023
v 2.328453 1.112968 0.933604
v 1.007550 1.126027 0.871741
v 1.556763 1.125799 0.906704
v 2.067035 1.116630 0.926108
v 1.161071 1.125940 0.883852
v 1.075369 1.124886 0.879978
v 0.914631 1.125252 0.865547
v 2.367860 1.106894 0.946533
v 2.176761 1.113477 0.931443
v 1.117735 0.322602 0.991277
v 1.006477 0.672441 1.018168
v 0.952338 0.838183 1.014066
v 1.104824 0.398708 1.029323
v 1.027077 0.499228 0.999900
v 1.056149 0.434173 1.027679
v 0.981756 1.074372 0.917599
v 0.932091 1.110895 0.890724
v 0.974160 1.051957 0.930398
v 0.897067 0.944498 0.973929
v 1.101201 0.248042 0.917093
v 0.890625 0.878406 1.000831
v 0.909819 0.772360 1.014531
v 1.069435 0.530937 0.996202
v 0.896077 0.812582 1.012572
v 0.937942 1.126420 0.865303
v 0.959507 1.125174 0.869781
v 0.921726 0.797315 1.014415
v 1.024756 0.545012 0.999102
v 0.945278 0.728225 1.017234
v 0.909779 0.855375 1.008858
v 1.086586 0.365872 1.013712
v 0.914564 0.909497 0.989975
v 1.057040 0.466523 1.013701
v 0.935611 1.062410 0.921184
v 0.946929 1.092259 0.904355
v 0.929499 1.030269 0.937721
v 1.075727 0.416338 1.033477
v 1.036954 0.518564 0.995128
v 1.103566 0.279738 0.959486
v 0.912655 0.825166 1.012982
v 2.493279 0.470502 1.072365
v 0.948943 0.618346 1.009525
v 1.092065 0.616291 1.014231
v 2.265971 0.565472 1.078243
v 0.990195 0.618086 1.010660
v 0.977904 0.572141 1.003458
v 1.875724 0.536334 1.050845
v 1.194417 0.569506 1.009302
v 1.049932 0.573108 1.004131
v 1.388589 0.561521 1.021663
v 2.372488 0.509721 1.073916
v 2.145670 0.522151 1.063359
v 1.610624 0.550902 1.037120
v 1.024785 1.419487 0.696456
v 0.943564 1.128109 0.864226
v 1.009980 1.410223 0.700564
v 1.084671 0.322767 0.990106
v 0.946186 0.674005 1.015396
v 0.889156 0.839561 1.010530
v 1.068598 0.398767 1.028167
v 0.919132 1.073272 0.913324
v 0.912399 1.050249 0.926051
v 1.013515 0.529251 0.996553
v 1.013383 0.498921 0.999874
v 1.045846 0.434103 1.027430
v 0.914762 1.111043 0.889536
v 0.880491 0.944522 0.972843
v 1.093872 0.248103 0.916805
v 0.874127 0.878638 0.999866
v 0.893681 0.772814 1.013653
v 0.879775 0.812987 1.011680
v 0.923414 1.126409 0.863934
v 0.992725 0.572392 1.003562
v 1.016876 1.419487 0.695665
v 1.018097 1.410374 0.701285
v 0.962363 0.618261 1.009894
v 1.010657 0.517742 0.995298
v 1.058540 0.416302 1.032954
v 0.916245 1.092172 0.902270
v 0.906137 1.061613 0.919094
v 1.035030 0.466211 1.013419
v 0.998107 0.544158 0.999267
v 0.929473 1.125222 0.866970
v 0.892027 0.798089 1.012794
v 0.916114 0.729111 1.015687
v 0.879707 0.855948 1.007156
v 1.070865 0.365903 1.013189
v 0.884241 0.910133 0.987841
v 0.899948 1.029550 0.935662
v 1.089543 0.279828 0.958959
v 0.882752 0.825874 1.011343
v 0.984295 1.273395 0.780596
v 0.924744 1.137891 0.856443
v 0.934472 1.137891 0.857416
v 0.951630 1.179926 0.833756
v 0.943279 1.179926 0.832921
v 0.968060 1.273395 0.778972
v 0.976201 1.273395 0.779786
v 1.026126 1.410223 0.702179
v 1.009029 1.367248 0.726411
v 1.000839 1.367248 0.725592
v 1.069628 1.119301 0.890267
v 0.910797 1.120822 0.878157
v 2.341721 1.111825 0.936159
v 2.175717 1.108309 0.941170
v 0.957271 1.120373 0.881782
v 0.926526 1.120675 0.879365
v 0.936820 1.123812 0.872251
v 1.004918 1.123463 0.878271
v 2.063546 1.113261 0.931860
v 2.343344 1.110081 0.939789
v 1.802559 1.117900 0.922765
v 1.552891 1.120838 0.912445
v 0.921214 1.123898 0.870870
v 1.157259 1.122672 0.889624
v 1.343352 1.121698 0.901615
v 0.943076 1.137891 0.858276
v 0.917898 1.128080 0.861765
v 0.931003 1.128079 0.863073
v 0.926358 1.130103 0.861304
v 0.936693 1.130103 0.862337
v 2.274861 1.103020 0.951115
v 2.369225 0.404563 1.073106
v 2.494963 0.803716 1.118791
v 2.433912 1.068053 1.013573
v 2.479323 0.428838 1.066999
v 2.487808 0.617573 1.099186
v 2.475336 0.379218 1.074729
v 2.396753 1.091675 0.972669
v 2.474475 0.306705 1.048861
v 2.355786 0.935518 1.077114
v 2.372467 0.235764 0.982162
v 2.369519 0.853826 1.099230
v 2.375933 0.731107 1.103492
v 2.480804 0.453650 1.068335
v 2.376849 0.775750 1.107468
v 2.257235 1.113546 0.931520
v 2.482876 0.502986 1.078405
v 2.262599 1.110661 0.937520
v 2.330040 1.107123 0.945478
v 2.449354 0.556520 1.086992
v 2.310808 1.112066 0.935210
v 2.456776 0.757310 1.110659
v 2.446699 0.473708 1.070677
v 2.453759 0.680287 1.104325
v 2.454956 0.824290 1.112301
v 2.441453 0.265683 1.023254
v 2.444821 0.891937 1.094291
v 2.443559 0.415880 1.070416
v 2.441266 0.348601 1.063843
v 2.352158 1.097549 0.960479
v 2.457662 0.788426 1.115407
v 2.441606 0.394225 1.077081
v 2.410927 1.041302 1.033255
v 2.445692 0.443741 1.065128
v 2.380604 1.083061 0.989775
v 2.479362 0.973234 1.071728
v 0.877215 0.975119 0.959350
v 1.030295 0.974449 0.972546
v 2.236151 0.973835 1.056724
v 0.921909 0.975135 0.962557
v 0.891740 0.975283 0.960288
v 2.428849 0.973358 1.068621
v 2.457326 1.008299 1.054859
v 0.905000 1.003336 0.948700
v 0.967736 1.003957 0.953401
v 1.320213 1.006182 0.984885
v 1.824289 1.007183 1.015962
v 2.340756 1.008096 1.047742
v 2.103812 1.007679 1.033196
v 1.549846 1.006692 0.999048
v 0.888681 1.003057 0.947592
v 1.119871 1.005166 0.968036
v 0.875544 0.826045 1.010947
v 1.884194 0.479467 1.042263
v 1.215561 0.516113 0.999231
v 1.111464 0.820445 1.025010
v 1.086164 0.279849 0.958831
v 1.074258 0.519406 0.995088
v 1.101448 0.416318 1.034263
v 1.225921 0.414798 1.038169
v 1.428948 0.276469 0.971999
v 1.122048 1.033172 0.953107
v 0.892824 1.029372 0.935169
v 1.328458 1.092775 0.925963
v 0.989698 1.092373 0.907211
v 0.977037 1.063478 0.924040
v 1.548977 1.036122 0.981414
v 1.629440 0.408078 1.051255
v 1.222117 0.464063 1.018354
v 1.406098 0.507844 1.012237
v 1.896781 0.271507 0.997598
v 1.558793 0.809807 1.054146
v 1.322289 1.068988 0.942627
v 2.414960 1.083473 0.991196
v 1.811352 1.076086 0.966017
v 2.133345 0.796140 1.093129
v 2.480226 0.441171 1.066254
v 2.148759 0.399240 1.067809
v 2.098799 1.039467 1.014534
v 1.627595 0.450285 1.040002
v 2.155869 0.268758 1.009900
v 2.332923 1.040843 1.028585
v 2.368737 0.395485 1.074783
v 1.088884 0.466780 1.014206
v 2.376904 0.790347 1.109860
v 2.081145 1.079810 0.977386
v 2.149220 0.428690 1.060083
v 1.642260 0.274207 0.983345
v 1.886048 0.439325 1.050598
v 1.243250 0.278433 0.964789
v 1.546253 1.071988 0.953794
v 1.843505 0.803035 1.073237
v 2.149195 0.463403 1.053303
v 1.886771 0.403687 1.059500
v 1.821394 1.037791 0.997842
v 1.544283 1.093453 0.935917
v 1.799230 1.095293 0.945282
v 2.062342 1.096726 0.953072
v 2.384778 1.097687 0.961300
v 1.126367 1.066231 0.932684
v 1.411107 0.458189 1.027920
v 2.369283 0.349555 1.061190
v 1.138178 1.092600 0.915892
v 1.320996 1.034653 0.967726
v 1.413794 0.411704 1.044219
v 1.623979 0.496200 1.029150
v 1.320168 0.815482 1.038580
v 2.477828 0.414237 1.071491
v 1.318178 0.905720 1.021928
v 1.834194 0.899431 1.055122
v 2.363213 0.892922 1.089099
v 2.120237 0.895894 1.073540
v 1.553361 0.902905 1.037058
v 0.876942 0.910169 0.987405
v 1.112807 0.906842 1.006379
v 1.419039 0.362048 1.024939
v 1.231999 0.364491 1.018592
v 1.633817 0.359227 1.033310
v 1.067076 0.365910 1.013062
v 2.151009 0.352435 1.053200
v 1.890101 0.355861 1.043552
v 2.371093 0.266448 1.019919
v 1.108945 0.851479 1.021226
v 0.872458 0.856081 1.006749
v 1.555745 0.842505 1.050603
v 2.129783 0.830862 1.089842
v 2.373788 0.825926 1.106703
v 1.840188 0.836736 1.069820
v 1.317384 0.847329 1.034950
v 1.343053 0.715740 1.039905
v 1.854038 0.699448 1.069630
v 2.374912 0.682817 1.099772
v 2.137085 0.690417 1.086009
v 1.576028 0.708332 1.053509
v 1.139292 0.722188 1.028043
v 0.909083 0.729324 1.015314
v 1.617521 0.523370 1.032593
v 2.147512 0.492253 1.057894
v 2.481546 0.471310 1.071940
v 1.397624 0.534610 1.016273
v 1.062542 0.545900 0.999081
v 1.205326 0.542782 1.003477
v 1.880110 0.507541 1.046055
v 1.326559 0.786765 1.039191
v 1.846525 0.773214 1.072040
v 2.376544 0.759400 1.105582
v 2.134541 0.765708 1.090267
v 1.563632 0.780586 1.054158
v 1.119213 0.792168 1.026121
v 0.884868 0.798275 1.012403
v 1.345778 1.124357 0.898016
v 1.159643 1.124721 0.886006
v 0.922445 1.125237 0.866296
v 1.555317 1.123947 0.908847
v 1.804986 1.120746 0.919166
v 2.259237 1.112469 0.933760
v 2.065733 1.115373 0.928255
v 1.006351 1.125032 0.874185
v 0.963686 0.796221 1.016742
v 1.006257 0.544419 0.999217
v 0.986486 0.726968 1.019439
v 0.952235 0.854548 1.011314
v 1.110432 0.365782 1.014508
v 0.957298 0.908343 0.993294
v 1.041761 0.466306 1.013505
v 0.915154 1.061857 0.919734
v 0.925692 1.092198 0.902908
v 0.971094 1.031195 0.940712
v 1.063796 0.416313 1.033114
v 1.018699 0.517993 0.995246
v 1.125236 0.279583 0.960305
v 0.954902 0.824164 1.015344
v 0.970874 0.618208 1.010128
v 1.868672 0.583483 1.058361
v 1.176826 0.613322 1.018269
v 1.029581 0.617694 1.011840
v 1.374027 0.605662 1.029996
v 2.485063 0.554719 1.088639
v 2.142730 0.571064 1.071973
v 1.599515 0.596047 1.044166
v 1.013995 1.410348 0.700890
v 1.022183 1.410348 0.701709
v 0.955653 0.618304 1.009710
v 1.004318 0.517544 0.995340
v 1.054397 0.416293 1.032829
v 0.908575 1.092151 0.901759
v 0.899019 1.061420 0.918590
v 1.029725 0.466136 1.013351
v 0.991683 0.543952 0.999308
v 0.937634 1.125211 0.867737
v 0.901109 0.797852 1.013289
v 0.925033 0.728839 1.016160
v 0.888903 0.855776 1.007674
v 1.075673 0.365894 1.013349
v 0.893506 0.910027 0.988436
v 0.908984 1.029773 0.936289
v 1.093832 0.279800 0.959120
v 0.891896 0.825657 1.011844
v 0.938879 1.137891 0.857856
v 0.929713 1.137891 0.856939
v 0.980252 1.273395 0.780191
v 0.972135 1.273395 0.779380
v 0.935499 1.120584 0.880059
v 1.002552 1.119943 0.885334
v 2.060341 1.109562 0.937877
v 2.268183 1.107527 0.943751
v 1.798932 1.112894 0.928835
v 1.549053 1.115252 0.918563
v 0.918917 1.120748 0.878782
v 1.153066 1.118490 0.895895
v 1.339255 1.116693 0.907773
v 0.924749 1.128080 0.862449
v 0.936700 1.128084 0.863625
v 2.358412 1.106952 0.946270
v 2.373003 0.560335 1.083435
v 2.334002 1.111908 0.935875
v 2.494299 0.756332 1.113034
v 2.372193 0.478753 1.067896
v 2.490635 0.679103 1.106453
v 2.492935 0.823524 1.114920
v 2.474294 0.265325 1.024814
v 2.483058 0.891476 1.096721
v 2.370284 0.419340 1.068074
v 2.474906 0.348154 1.065084
v 2.281872 1.097271 0.958708
v 2.495432 0.787528 1.118002
v 2.475682 0.393635 1.078155
v 2.447433 1.041517 1.035439
v 2.371855 0.449139 1.062632
v 2.306892 1.082194 0.986726
v 2.466638 0.973265 1.070945
v 0.900957 0.975326 0.960923
v 0.964370 0.974643 0.966154
v 1.319498 0.976026 0.999461
v 1.827150 0.974869 1.031214
v 2.348220 0.973557 1.063655
v 2.108664 0.974156 1.048791
v 1.550790 0.975567 1.013962
v 0.884478 0.975201 0.959819
v 1.117739 0.975039 0.981870
v 0.907179 1.103627 0.880118
v 2.384394 1.093142 0.947595
v 0.866124 0.838535 0.997822
v 2.446414 1.060178 1.005749
v 2.508506 0.802730 1.108146
v 2.491147 0.425975 1.055964
v 2.486163 0.311567 1.038939
v 1.055971 0.402682 1.016900
v 1.007432 0.495491 0.988795
v 2.487181 0.382073 1.064002
v 0.924173 0.675231 1.002885
v 2.500699 0.618690 1.088446
v 1.073328 0.328926 0.979915
v 1.041573 0.430007 1.016526
v 2.488132 0.397923 1.065799
v 0.890103 1.044145 0.914301
v 0.896080 1.067146 0.901707
v 2.408143 1.081443 0.967940
v 2.488954 0.931291 1.074357
v 0.873857 0.939937 0.961841
v 2.486092 0.245407 0.982936
v 1.090917 0.258903 0.911815
v 2.502527 0.848700 1.096826
v 0.867435 0.874900 0.988599
v 2.506224 0.728403 1.099972
v 0.887180 0.772711 1.001776
v 0.992505 0.530161 0.985376
v 2.493012 0.454875 1.057422
v 2.508496 0.774308 1.104692
v 0.873208 0.812758 0.999800
v 0.916473 1.116424 0.856998
v 2.335953 1.102289 0.929356
v 1.077034 1.115513 0.872867
v 2.177060 1.104394 0.923936
v 0.962209 1.115811 0.861820
v 2.495314 0.504502 1.067607
v 0.971480 0.573654 0.992017
v 1.014614 1.412526 0.686146
v 1.028410 1.412526 0.687526
v 1.021855 1.413714 0.686154
v 0.956664 1.174000 0.824343
v 0.939962 1.174000 0.822673
v 0.997725 1.361321 0.715364
v 1.014107 1.361321 0.717002
v 0.913545 1.113030 0.866459
v 2.351800 1.099723 0.934891
v 0.942060 1.124090 0.853010
v 0.921417 1.123977 0.851015
v 2.306498 1.102787 0.927894
v 2.470483 1.003242 1.045298
v 0.882272 0.998071 0.936703
v 2.460331 1.035322 1.026492
v 2.508964 0.788602 1.107450
v 1.050607 0.415530 1.020663
v 0.902650 0.729529 1.003443
v 2.489527 0.409838 1.060995
v 0.997903 0.517205 0.983650
v 2.497714 0.556158 1.077883
v 1.024604 0.461678 1.002640
v 2.487523 0.393492 1.066724
v 2.486687 0.351796 1.054636
v 1.083146 0.287938 0.950318
v 0.886533 1.024061 0.924406
v 0.901462 1.086162 0.891416
v 0.892743 1.055547 0.908112
v 2.426869 1.073903 0.985346
v 2.395875 1.087743 0.955801
v 2.496608 0.888424 1.086420
v 0.870257 0.905798 0.976352
v 1.063639 0.371040 1.002627
v 2.485849 0.272764 1.016426
v 2.506444 0.820749 1.104585
v 0.865791 0.853498 0.995150
v 2.503746 0.679842 1.095736
v 0.878326 0.798111 1.000524
v 0.985179 0.545465 0.987966
v 2.492275 0.440885 1.055071
v 2.507688 0.757210 1.102408
v 0.868948 0.825458 0.999080
v 1.347612 1.116596 0.889156
v 1.806514 1.113285 0.910041
v 2.328526 1.102606 0.928592
v 1.007917 1.115450 0.867214
v 1.557034 1.116960 0.899334
v 2.067021 1.106668 0.920328
v 1.161438 1.115866 0.878279
v 0.914971 1.114377 0.861659
v 2.367971 1.096900 0.940792
v 2.493847 0.472783 1.061097
v 0.949292 0.619694 0.998096
v 1.025766 1.413563 0.686636
v 0.944299 1.120633 0.855355
v 1.010962 1.404297 0.690746
v 1.017858 1.413563 0.685846
v 0.985277 1.267467 0.770778
v 0.925725 1.131966 0.846624
v 0.969043 1.267467 0.769155
v 1.027108 1.404298 0.692360
v 0.911194 1.110968 0.871859
v 2.341793 1.101462 0.931149
v 0.944058 1.131966 0.848457
v 0.918760 1.120450 0.853065
v 2.257261 1.103226 0.926422
v 2.480013 0.969132 1.060981
v 0.877944 0.970479 0.948841
v 4.453246 0.440338 0.065655
v 4.440035 0.457202 0.065241
v 4.436390 0.440338 0.065127
v 4.436390 0.457202 0.065127
v 4.306282 0.451318 -0.490124
v 4.293070 0.468183 -0.490537
v 4.289425 0.451318 -0.490651
v 4.289425 0.468183 -0.490651
v 4.385050 0.462692 -0.211848
v 4.398261 0.445828 -0.211435
v 4.381405 0.462692 -0.211962
v 4.381405 0.445828 -0.211962
v 4.439882 0.389982 0.065237
v 4.427686 0.406847 0.064855
v 4.423026 0.389982 0.064709
v 4.423026 0.406847 0.064709
v 4.313878 0.410197 -0.532858
v 4.301682 0.427062 -0.533239
v 4.297021 0.410197 -0.533385
v 4.297021 0.427062 -0.533385
v 4.383181 0.416955 -0.233392
v 4.395377 0.400090 -0.233011
v 4.378521 0.416955 -0.233538
v 4.378521 0.400090 -0.233538
v 4.271822 0.451318 0.611158
v 4.258611 0.468183 0.610745
v 4.254966 0.451318 0.610631
v 4.254966 0.468183 0.610631
v 4.367833 0.462692 0.338351
v 4.381045 0.445828 0.338765
v 4.364189 0.462692 0.338237
v 4.364189 0.445828 0.338237
v 4.276731 0.410197 0.654283
v 4.264535 0.427062 0.653902
v 4.259874 0.410197 0.653756
v 4.259874 0.427062 0.653756
v 4.364621 0.416955 0.359736
v 4.376818 0.400090 0.360118
v 4.359962 0.416955 0.359591
v 4.359962 0.400090 0.359591
v 4.246502 0.728545 -0.539637
v 4.367130 0.675845 -0.228835
v 4.462740 0.654530 0.065952
v 4.421973 0.664099 -0.077134
v 4.257043 0.796088 -0.546814
v 4.351155 0.863921 -0.239601
v 4.440871 0.840724 0.065268
v 4.400728 0.863921 -0.088804
v 4.238721 0.863921 -0.558913
v 4.382325 0.765311 -0.230875
v 4.469460 0.748829 0.066162
v 4.432835 0.757186 -0.082394
v 4.364207 0.676764 -0.236963
v 4.346814 0.863921 -0.251671
v 4.378683 0.767449 -0.243250
v 4.416437 0.665492 -0.095098
v 4.398211 0.863921 -0.096886
v 4.428440 0.757681 -0.094993
v 4.247028 0.711609 -0.538172
v 4.367218 0.685552 -0.229088
v 4.462740 0.665466 0.065952
v 4.421897 0.673534 -0.077389
v 4.364229 0.686378 -0.237675
v 4.416447 0.675152 -0.095126
v 4.319244 0.691437 -0.372317
v 4.299016 0.863921 -0.392787
v 4.328212 0.775223 -0.382721
v 4.319102 0.700812 -0.372353
v 4.315434 0.692875 -0.383116
v 4.295725 0.863921 -0.402380
v 4.324504 0.776839 -0.393528
v 4.315185 0.701940 -0.383771
v 4.254461 0.708694 -0.517458
v 4.244218 0.863921 -0.543596
v 4.263510 0.785149 -0.528795
v 4.254099 0.716937 -0.518467
v 4.467132 0.742227 0.057890
v 4.438440 0.829845 0.056748
v 4.460462 0.665916 0.057955
v 4.467127 0.749295 0.057865
v 4.438404 0.840724 0.056665
v 4.460466 0.655064 0.057969
v 4.245185 0.849147 -0.540903
v 4.296301 0.845718 -0.400700
v 4.299732 0.843906 -0.390700
v 4.398357 0.834878 -0.096623
v 4.348047 0.840531 -0.249833
v 4.440871 0.829542 0.065268
v 4.352229 0.839773 -0.237669
v 4.401383 0.834969 -0.087317
v 4.239444 0.850933 -0.556900
v 4.257552 0.777763 -0.545395
v 4.432916 0.750175 -0.081940
v 4.378691 0.760571 -0.242738
v 4.428433 0.750739 -0.094973
v 4.328525 0.768910 -0.381807
v 4.324800 0.770485 -0.392667
v 4.263837 0.779362 -0.527883
v 4.382277 0.758545 -0.230685
v 4.469460 0.741757 0.066162
v 4.208373 0.725268 -0.630257
v 4.185891 0.851684 -0.593518
v 4.185350 0.864786 -0.602170
v 4.210300 0.737625 -0.612232
v 4.200504 0.784052 -0.589633
v 4.200712 0.795471 -0.589202
v 4.350799 0.676764 -0.237382
v 4.353722 0.675845 -0.229255
v 4.447058 0.655064 0.057549
v 4.449333 0.654530 0.065532
v 4.403029 0.665492 -0.095518
v 4.408566 0.664099 -0.077554
v 4.333406 0.863921 -0.252091
v 4.337747 0.863921 -0.240020
v 4.424996 0.840724 0.056245
v 4.427464 0.840724 0.064848
v 4.384803 0.863921 -0.097306
v 4.387321 0.863921 -0.089223
v 4.250102 0.785149 -0.529214
v 4.231777 0.849147 -0.541322
v 4.311096 0.776839 -0.393948
v 4.282894 0.845718 -0.401119
v 4.353810 0.685552 -0.229508
v 4.314804 0.775223 -0.383141
v 4.286325 0.843906 -0.391119
v 4.449333 0.665466 0.065532
v 4.415032 0.757681 -0.095412
v 4.384949 0.834878 -0.097042
v 4.365275 0.767449 -0.243670
v 4.334639 0.840531 -0.250252
v 4.427464 0.829542 0.064848
v 4.244144 0.777763 -0.545815
v 4.243635 0.796088 -0.547234
v 4.338820 0.839773 -0.238089
v 4.419508 0.750175 -0.082360
v 4.419427 0.757186 -0.082813
v 4.453719 0.749295 0.057446
v 4.456052 0.748829 0.065742
v 4.187304 0.795471 -0.589621
v 4.368917 0.765311 -0.231295
v 4.171943 0.864786 -0.602589
v 4.225313 0.863921 -0.559333
v 4.305836 0.691437 -0.372737
v 4.285609 0.863921 -0.393207
v 4.365283 0.760571 -0.243158
v 4.415025 0.750739 -0.095393
v 4.387975 0.834969 -0.087737
v 4.233620 0.711609 -0.538591
v 4.233094 0.728545 -0.540057
v 4.425033 0.829845 0.056328
v 4.453723 0.742227 0.057471
v 4.408489 0.673534 -0.077809
v 4.447054 0.665916 0.057535
v 4.350821 0.686378 -0.238095
v 4.403039 0.675152 -0.095546
v 4.194965 0.725268 -0.630677
v 4.305694 0.700812 -0.372772
v 4.196893 0.737625 -0.612651
v 4.302026 0.692875 -0.383536
v 4.282318 0.863921 -0.402800
v 4.301777 0.701940 -0.384191
v 4.315117 0.768910 -0.382227
v 4.241054 0.708694 -0.517877
v 4.230811 0.863921 -0.544016
v 4.240691 0.716937 -0.518887
v 4.311392 0.770485 -0.393086
v 4.250429 0.779362 -0.528302
v 4.226036 0.850933 -0.557319
v 4.368869 0.758545 -0.231105
v 4.456052 0.741757 0.065742
v 4.172483 0.851684 -0.593937
v 4.187097 0.784052 -0.590053
v 4.209064 0.728545 0.656837
v 4.348886 0.675845 0.354185
v 4.413107 0.664099 0.206209
v 4.219135 0.796088 0.664659
v 4.332270 0.863921 0.363930
v 4.391174 0.863921 0.216528
v 4.200092 0.863921 0.675589
v 4.363924 0.765311 0.357171
v 4.423618 0.757186 0.212138
v 4.345461 0.676764 0.362114
v 4.327183 0.863921 0.375706
v 4.359516 0.767449 0.369294
v 4.406459 0.665492 0.223793
v 4.388156 0.863921 0.224437
v 4.418445 0.757681 0.224438
v 4.209680 0.711609 0.655407
v 4.348958 0.685552 0.354444
v 4.413015 0.673534 0.206460
v 4.345439 0.686378 0.362826
v 4.406466 0.675152 0.223821
v 4.292124 0.691437 0.494392
v 4.270656 0.863921 0.513558
v 4.300424 0.775223 0.505336
v 4.291980 0.700812 0.494419
v 4.287645 0.692875 0.504932
v 4.266772 0.863921 0.522926
v 4.296048 0.776839 0.515891
v 4.287357 0.701940 0.505570
v 4.218394 0.708694 0.635199
v 4.206537 0.863921 0.660646
v 4.226716 0.785149 0.647079
v 4.217969 0.716937 0.636184
v 4.466619 0.742227 0.074272
v 4.437912 0.829845 0.073619
v 4.459967 0.665916 0.073791
v 4.466612 0.749295 0.074297
v 4.437871 0.840724 0.073699
v 4.459971 0.655064 0.073777
v 4.207670 0.849147 0.658018
v 4.267452 0.845718 0.521285
v 4.271502 0.843906 0.511518
v 4.388319 0.834878 0.224184
v 4.328528 0.840531 0.373948
v 4.333462 0.839773 0.362070
v 4.391920 0.834969 0.215085
v 4.200940 0.850933 0.673625
v 4.219732 0.777763 0.663275
v 4.423728 0.750175 0.211690
v 4.359555 0.760571 0.368783
v 4.418439 0.750739 0.224417
v 4.300794 0.768910 0.504444
v 4.296397 0.770485 0.515049
v 4.227099 0.779362 0.646190
v 4.363889 0.758545 0.356978
v 4.164968 0.725268 0.756917
v 4.144996 0.851684 0.713435
v 4.144122 0.864786 0.715424
v 4.168018 0.737625 0.739047
v 4.160030 0.784052 0.703860
v 4.160264 0.795471 0.703442
v 4.332053 0.676764 0.361694
v 4.335479 0.675845 0.353765
v 4.446564 0.655064 0.073358
v 4.393051 0.665492 0.223373
v 4.399699 0.664099 0.205790
v 4.313775 0.863921 0.375287
v 4.318862 0.863921 0.363511
v 4.424463 0.840724 0.073280
v 4.374749 0.863921 0.224018
v 4.377767 0.863921 0.216109
v 4.213308 0.785149 0.646659
v 4.194262 0.849147 0.657598
v 4.282640 0.776839 0.515471
v 4.254044 0.845718 0.520865
v 4.335551 0.685552 0.354024
v 4.287016 0.775223 0.504917
v 4.258094 0.843906 0.511099
v 4.405037 0.757681 0.224018
v 4.374911 0.834878 0.223764
v 4.346108 0.767449 0.368874
v 4.315121 0.840531 0.373529
v 4.206325 0.777763 0.662855
v 4.205728 0.796088 0.664239
v 4.320055 0.839773 0.361650
v 4.410321 0.750175 0.211270
v 4.410211 0.757186 0.211718
v 4.453205 0.749295 0.073878
v 4.146856 0.795471 0.703022
v 4.350516 0.765311 0.356751
v 4.130714 0.864786 0.715005
v 4.186685 0.863921 0.675170
v 4.278716 0.691437 0.493973
v 4.257249 0.863921 0.513138
v 4.346148 0.760571 0.368364
v 4.405031 0.750739 0.223998
v 4.378513 0.834969 0.214666
v 4.196272 0.711609 0.654988
v 4.195656 0.728545 0.656418
v 4.424505 0.829845 0.073200
v 4.453211 0.742227 0.073853
v 4.399607 0.673534 0.206040
v 4.446558 0.665916 0.073371
v 4.332031 0.686378 0.362406
v 4.393059 0.675152 0.223401
v 4.151560 0.725268 0.756497
v 4.278572 0.700812 0.493999
v 4.154611 0.737625 0.738627
v 4.274238 0.692875 0.504513
v 4.253364 0.863921 0.522506
v 4.273949 0.701940 0.505150
v 4.287386 0.768910 0.504025
v 4.204987 0.708694 0.634779
v 4.193129 0.863921 0.660226
v 4.204562 0.716937 0.635764
v 4.282990 0.770485 0.514630
v 4.213692 0.779362 0.645770
v 4.187532 0.850933 0.673205
v 4.350481 0.758545 0.356559
v 4.131588 0.851684 0.713016
v 4.146622 0.784052 0.703440
vn 0.0088 0.0345 -0.9994
vn 0.0092 0.0612 -0.9981
vn 0.0088 0.0344 -0.9994
vn 0.0088 0.0355 -0.9993
vn 0.0092 0.0614 -0.9981
vn 0.0093 0.0658 -0.9978
vn 0.0101 0.1292 -0.9916
vn 0.0100 0.1287 -0.9916
vn 0.0187 -0.0148 -0.9997
vn 0.0294 0.1913 -0.9811
vn 0.0174 0.0075 -0.9998
vn 0.0036 0.7929 -0.6093
vn -0.0002 0.6489 -0.7609
vn 0.0021 0.7398 -0.6729
vn -0.0008 0.6201 -0.7845
vn 0.0014 0.6768 -0.7362
vn 0.0160 0.2230 -0.9747
vn 0.0016 0.0287 -0.9996
vn 0.0027 -0.1672 -0.9859
vn 0.0351 0.0753 -0.9965
vn 0.0308 -0.1588 -0.9868
vn -0.0070 0.0488 -0.9988
vn 0.0230 0.3107 -0.9502
vn 0.0116 0.0671 -0.9977
vn 0.0059 0.5558 -0.8313
vn 0.0056 0.5926 -0.8055
vn 0.0033 0.5601 -0.8284
vn 0.0381 0.3214 -0.9462
vn -0.0003 0.0483 -0.9988
vn -0.0006 0.1046 -0.9945
vn -0.0015 0.0381 -0.9993
vn 0.0025 0.0279 -0.9996
vn -0.0002 0.0201 -0.9998
vn 0.0026 0.0546 -0.9985
vn 0.0004 0.1120 -0.9937
vn -0.0012 0.2256 -0.9742
vn 0.0013 0.2478 -0.9688
vn 0.0008 0.2159 -0.9764
vn 0.0208 -0.5356 -0.8442
vn 0.0132 -0.7026 -0.7115
vn 0.0208 -0.5357 -0.8441
vn 0.0132 -0.7025 -0.7116
vn 0.0086 -0.8001 -0.5998
vn 0.0086 -0.8002 -0.5997
vn 0.0135 -0.6930 -0.7208
vn 0.0210 -0.5298 -0.8479
vn 0.0559 -0.1474 -0.9875
vn 0.0636 0.0713 -0.9954
vn 0.0713 -0.1404 -0.9875
vn 0.0525 0.0751 -0.9958
vn 0.0453 0.3175 -0.9472
vn 0.0495 0.3132 -0.9484
vn 0.0285 -0.3473 -0.9373
vn 0.0321 0.0076 -0.9995
vn 0.0268 -0.3460 -0.9378
vn 0.0327 0.0036 -0.9995
vn 0.0343 0.3469 -0.9373
vn 0.0349 0.3515 -0.9356
vn 0.0316 0.0103 -0.9994
vn 0.0248 -0.3446 -0.9384
vn 0.0303 0.0049 -0.9995
vn 0.0284 0.3062 -0.9515
vn 0.0288 -0.0151 -0.9995
vn 0.0236 -0.3437 -0.9388
vn 0.0321 0.3433 -0.9387
vn 0.0204 0.3502 -0.9365
vn 0.0291 0.3893 -0.9206
vn -0.0006 -0.6863 -0.7273
vn 0.0009 -0.7968 -0.6042
vn 0.0050 -0.6960 -0.7180
vn 0.0165 -0.5304 -0.8476
vn 0.0177 -0.4338 -0.9008
vn 0.0121 -0.5231 -0.8522
vn 0.0102 -0.6995 -0.7145
vn 0.0069 -0.1406 -0.9900
vn -0.0092 -0.1439 -0.9896
vn -0.0069 0.5318 -0.8469
vn -0.0085 0.5419 -0.8404
vn -0.0030 0.5885 -0.8085
vn -0.0277 0.4493 -0.8929
vn -0.0228 0.4616 -0.8868
vn -0.0184 0.4973 -0.8674
vn -0.0139 0.4994 -0.8663
vn 0.0223 -0.3406 -0.9400
vn -0.0118 0.4211 -0.9069
vn -0.0165 0.4464 -0.8947
vn -0.0169 0.4454 -0.8952
vn -0.0116 0.4222 -0.9064
vn -0.0162 0.4459 -0.8950
vn -0.0198 0.4722 -0.8813
vn -0.0198 0.4737 -0.8805
vn -0.0198 0.4735 -0.8806
vn 0.0060 0.6385 -0.7696
vn 0.0090 0.5674 -0.8234
vn -0.0101 0.4681 -0.8836
vn 0.0071 0.6478 -0.7617
vn -0.0009 0.5444 -0.8389
vn -0.0001 0.4709 -0.8822
vn -0.0065 0.5355 -0.8445
vn -0.0090 0.5245 -0.8514
vn -0.0134 0.5119 -0.8590
vn -0.0022 0.6562 -0.7546
vn -0.0030 0.5435 -0.8394
vn -0.0003 0.6529 -0.7575
vn 0.0019 0.5512 -0.8344
vn -0.0019 0.5398 -0.8418
vn -0.0185 0.5040 -0.8635
vn -0.0174 0.4784 -0.8780
vn -0.0194 0.4730 -0.8808
vn -0.0143 0.5146 -0.8573
vn -0.0073 0.5355 -0.8445
vn -0.0006 0.5463 -0.8376
vn 0.0286 -0.0369 -0.9989
vn 0.0214 -0.3269 -0.9448
vn 0.0171 0.6638 -0.7477
vn 0.0131 0.6007 -0.7993
vn 0.0341 0.2328 -0.9719
vn 0.0296 -0.0422 -0.9987
vn 0.0303 0.2564 -0.9661
vn 0.0253 0.2983 -0.9541
vn 0.0001 0.4640 -0.8858
vn 0.0085 0.2723 -0.9622
vn 0.0369 0.3982 -0.9165
vn -0.0013 0.0067 -1.0000
vn 0.0010 0.6205 -0.7842
vn -0.0029 0.0193 -0.9998
vn -0.0024 -0.0152 -0.9999
vn 0.0131 -0.4615 -0.8871
vn 0.0017 -0.6728 -0.7399
vn 0.0098 -0.4807 -0.8768
vn 0.0190 -0.3618 -0.9321
vn -0.0047 -0.7922 -0.6102
vn -0.0025 -0.7856 -0.6187
vn -0.0041 0.0886 -0.9961
vn -0.0053 -0.0141 -0.9999
vn -0.0019 0.0976 -0.9952
vn -0.0169 -0.1611 -0.9868
vn 0.0343 0.2733 -0.9613
vn -0.0040 -0.0508 -0.9987
vn -0.0069 -0.0531 -0.9986
vn -0.0053 -0.0903 -0.9959
vn -0.0015 0.5718 -0.8204
vn 0.0061 0.8895 -0.4568
vn 0.0010 0.8544 -0.5196
vn 0.0067 0.8819 -0.4713
vn 0.0036 0.8985 -0.4389
vn 0.0004 0.8596 -0.5109
vn 0.0008 0.8374 -0.5466
vn -0.0003 0.7204 -0.6936
vn -0.0001 0.7170 -0.6971
vn 0.0060 -0.7983 -0.6022
vn 0.0109 0.7973 -0.6034
vn 0.0089 0.7253 -0.6884
vn -0.0076 -0.0806 -0.9967
vn -0.0060 -0.1182 -0.9930
vn -0.0053 0.0803 -0.9968
vn 0.0356 0.2747 -0.9609
vn 0.0347 0.2347 -0.9715
vn -0.0055 0.0746 -0.9972
vn 0.0150 -0.1801 -0.9835
vn 0.0257 -0.0475 -0.9985
vn 0.0147 -0.1766 -0.9842
vn 0.0152 -0.1806 -0.9834
vn 0.0261 -0.0502 -0.9984
vn 0.0410 0.1796 -0.9829
vn 0.0410 0.1792 -0.9830
vn 0.0402 0.1742 -0.9839
vn 0.0235 -0.2878 -0.9574
vn 0.0302 -0.0329 -0.9990
vn 0.0239 -0.2784 -0.9602
vn 0.0300 -0.0373 -0.9989
vn -0.0003 0.5503 -0.8350
vn 0.0002 0.4581 -0.8889
vn 0.0354 0.2418 -0.9697
vn -0.0003 0.5539 -0.8326
vn 0.0004 0.4544 -0.8908
vn 0.0007 0.6778 -0.7353
vn 0.0224 -0.3053 -0.9520
vn 0.0152 -0.4127 -0.9107
vn 0.0009 0.6972 -0.7168
vn 0.0053 -0.6628 -0.7488
vn 0.0135 -0.4502 -0.8928
vn 0.0056 -0.6571 -0.7538
vn 0.0008 -0.7807 -0.6249
vn 0.0006 0.4517 -0.8922
vn -0.0001 0.5571 -0.8305
vn 0.0008 0.4497 -0.8932
vn -0.0001 0.5558 -0.8313
vn 0.0003 0.7098 -0.7044
vn 0.0240 -0.2715 -0.9621
vn 0.0310 -0.0185 -0.9993
vn 0.0239 -0.2663 -0.9636
vn 0.0306 -0.0267 -0.9992
vn 0.0373 0.2551 -0.9662
vn 0.0386 0.2737 -0.9610
vn 0.0345 0.3420 -0.9391
vn 0.0391 0.3941 -0.9182
vn 0.0405 0.3894 -0.9202
vn -0.0064 -0.1359 -0.9907
vn -0.0083 -0.1103 -0.9939
vn -0.0067 -0.1483 -0.9889
vn -0.0080 -0.0982 -0.9951
vn -0.0056 0.0713 -0.9974
vn -0.0057 0.0691 -0.9976
vn 0.0106 0.8409 -0.5411
vn 0.0036 0.8251 -0.5650
vn 0.0371 0.2819 -0.9587
vn 0.0305 0.1764 -0.9838
vn 0.0320 0.1690 -0.9851
vn 0.0065 -0.7986 -0.6018
vn 0.0109 -0.7004 -0.7137
vn 0.0175 -0.5327 -0.8461
vn 0.0090 -0.1634 -0.9865
vn 0.0089 -0.1529 -0.9882
vn 0.0190 -0.0318 -0.9993
vn 0.0248 0.7483 -0.6629
vn 0.0200 0.7351 -0.6777
vn 0.0214 0.6865 -0.7269
vn 0.0158 0.6417 -0.7668
vn 0.0202 0.7849 -0.6193
vn 0.0249 0.7936 -0.6080
vn 0.0210 0.8405 -0.5414
vn 0.0163 0.8364 -0.5479
vn 0.0216 0.8324 -0.5538
vn 0.0207 0.8289 -0.5591
vn 0.0156 0.8474 -0.5306
vn 0.0127 0.8657 -0.5003
vn 0.0195 -0.3405 -0.9400
vn 0.0194 -0.3340 -0.9424
vn 0.0133 -0.4430 -0.8964
vn 0.0196 -0.3489 -0.9369
vn 0.0030 0.6467 -0.7627
vn 0.0438 0.3159 -0.9478
vn 0.0391 0.2873 -0.9570
vn 0.0448 0.3304 -0.9428
vn 0.0450 0.3339 -0.9415
vn 0.0395 0.2953 -0.9546
vn -0.0049 0.2623 -0.9650
vn 0.0013 0.3021 -0.9533
vn -0.0265 0.3404 -0.9399
vn -0.0089 0.3144 -0.9492
vn 0.0076 -0.5052 -0.8630
vn 0.0003 0.2221 -0.9750
vn 0.0012 0.2488 -0.9686
vn 0.0001 0.2320 -0.9727
vn 0.0012 0.2475 -0.9689
vn 0.0015 0.2946 -0.9556
vn 0.0014 0.2981 -0.9545
vn -0.0156 0.2993 -0.9540
vn -0.0050 0.2564 -0.9666
vn 0.0006 0.2449 -0.9696
vn 0.0019 0.2520 -0.9677
vn 0.0008 0.2493 -0.9684
vn 0.0004 0.2399 -0.9708
vn 0.0018 0.2510 -0.9680
vn 0.0015 0.2499 -0.9683
vn 0.0021 0.2920 -0.9564
vn 0.0023 0.2912 -0.9566
vn 0.0018 0.2932 -0.9561
vn 0.0082 0.3322 -0.9432
vn 0.0045 0.3828 -0.9238
vn 0.0038 0.3818 -0.9243
vn 0.0090 0.3332 -0.9428
vn 0.0049 0.3829 -0.9238
vn -0.0007 0.3961 -0.9182
vn -0.0011 0.3956 -0.9184
vn -0.0019 0.3946 -0.9188
vn -0.0162 0.3386 -0.9408
vn -0.0286 0.3669 -0.9298
vn 0.0202 -0.4426 -0.8965
vn 0.0214 -0.4452 -0.8952
vn 0.0168 -0.3842 -0.9231
vn 0.0288 -0.3487 -0.9368
vn 0.0254 -0.4484 -0.8935
vn 0.0288 -0.3491 -0.9367
vn 0.0253 -0.4482 -0.8936
vn 0.0255 -0.4447 -0.8953
vn 0.0290 -0.3391 -0.9403
vn -0.0003 0.1733 -0.9849
vn 0.0132 -0.4376 -0.8991
vn 0.0052 -0.6531 -0.7572
vn 0.0003 -0.7749 -0.6321
vn 0.0049 -0.6502 -0.7598
vn 0.0008 -0.7778 -0.6286
vn 0.0001 0.1768 -0.9843
vn 0.0033 0.1179 -0.9930
vn -0.0000 0.1917 -0.9815
vn -0.0039 0.2903 -0.9569
vn 0.0002 -0.1059 -0.9944
vn 0.0026 -0.0451 -0.9990
vn 0.0013 -0.1011 -0.9949
vn 0.0101 0.2341 -0.9722
vn 0.0100 0.1337 -0.9910
vn 0.0106 0.2352 -0.9719
vn 0.0086 0.3326 -0.9430
vn -0.0017 0.1824 -0.9832
vn -0.0021 0.1961 -0.9806
vn -0.0019 0.2068 -0.9784
vn -0.0015 0.2188 -0.9758
vn -0.0017 0.2137 -0.9769
vn 0.0027 -0.0355 -0.9994
vn 0.0011 -0.0194 -0.9998
vn 0.0041 -0.0271 -0.9996
vn 0.0016 -0.0029 -1.0000
vn -0.0169 -0.2140 -0.9767
vn -0.0074 -0.1834 -0.9830
vn -0.0102 -0.1862 -0.9824
vn 0.0040 -0.1056 -0.9944
vn 0.0024 -0.0741 -0.9972
vn 0.0040 -0.1167 -0.9932
vn 0.0028 -0.0592 -0.9982
vn 0.0002 -0.0551 -0.9985
vn 0.0006 -0.0379 -0.9993
vn 0.0039 -0.1068 -0.9943
vn 0.0043 -0.1309 -0.9914
vn 0.0023 -0.0956 -0.9954
vn 0.0046 -0.1355 -0.9908
vn 0.0038 -0.1248 -0.9922
vn 0.0026 -0.0905 -0.9959
vn 0.0021 -0.0841 -0.9965
vn -0.0003 -0.0732 -0.9973
vn -0.0004 -0.0783 -0.9969
vn -0.0003 -0.0662 -0.9978
vn 0.0095 -0.0986 -0.9951
vn 0.0064 -0.0193 -0.9998
vn 0.0026 0.0099 -0.9999
vn 0.0183 -0.0680 -0.9975
vn 0.0109 -0.0064 -0.9999
vn 0.0183 -0.0698 -0.9974
vn 0.0167 -0.0573 -0.9982
vn 0.0109 -0.0058 -0.9999
vn 0.0107 0.0008 -0.9999
vn 0.0090 0.0249 -0.9997
vn 0.0089 0.0247 -0.9997
vn 0.0043 -0.1743 -0.9847
vn -0.0125 -0.2096 -0.9777
vn 0.0008 -0.2265 -0.9740
vn 0.0012 -0.2222 -0.9750
vn 0.0055 -0.1776 -0.9841
vn 0.0064 -0.1796 -0.9837
vn 0.0057 -0.1828 -0.9831
vn 0.0066 -0.1850 -0.9827
vn 0.0039 -0.1726 -0.9850
vn 0.0098 -0.1943 -0.9809
vn 0.0118 -0.1946 -0.9808
vn 0.0097 -0.1917 -0.9814
vn 0.0098 -0.1951 -0.9807
vn 0.0120 -0.1973 -0.9803
vn 0.0120 -0.1982 -0.9801
vn -0.0008 -0.0169 -0.9999
vn 0.0414 -0.1853 -0.9818
vn 0.0671 -0.1706 -0.9831
vn 0.0528 -0.1637 -0.9851
vn 0.0221 -0.2098 -0.9775
vn 0.0525 -0.1903 -0.9803
vn 0.0276 -0.2141 -0.9764
vn -0.0002 0.0026 -1.0000
vn 0.0009 0.0160 -0.9999
vn 0.0163 0.7260 -0.6875
vn 0.0068 0.8060 -0.5919
vn 0.0160 0.7736 -0.6334
vn -0.0024 -0.0652 -0.9979
vn -0.0017 -0.0413 -0.9991
vn -0.0029 -0.0920 -0.9958
vn -0.0032 -0.0993 -0.9951
vn -0.0028 -0.0819 -0.9966
vn 0.0046 0.0179 -0.9998
vn 0.0033 0.0244 -0.9997
vn 0.0088 0.0304 -0.9995
vn 0.0090 0.0262 -0.9996
vn 0.0088 0.0305 -0.9995
vn 0.0099 0.6311 -0.7756
vn 0.0051 0.7739 -0.6333
vn 0.0091 0.7413 -0.6711
vn 0.0047 0.8193 -0.5733
vn -0.0012 0.8651 -0.5016
vn 0.0051 0.8114 -0.5845
vn 0.0238 0.7557 -0.6545
vn 0.0261 0.7941 -0.6072
vn 0.0157 0.7828 -0.6221
vn 0.0025 0.8548 -0.5190
vn -0.0038 0.9092 -0.4163
vn -0.0006 0.8719 -0.4897
vn -0.0048 0.9053 -0.4248
vn -0.0030 0.9446 -0.3282
vn -0.0092 0.9347 -0.3554
vn -0.0091 0.9321 -0.3621
vn -0.0028 0.9471 -0.3209
vn -0.0084 0.9412 -0.3377
vn -0.0177 0.8490 -0.5281
vn -0.0203 0.8104 -0.5856
vn -0.0199 0.8075 -0.5895
vn 0.0316 0.8513 -0.5237
vn 0.0300 0.8076 -0.5889
vn 0.0323 0.8584 -0.5120
vn 0.0278 0.8009 -0.5982
vn 0.0009 0.3839 -0.9234
vn 0.0296 0.8457 -0.5328
vn 0.0233 0.8933 -0.4489
vn 0.0214 0.9004 -0.4346
vn 0.0214 0.8965 -0.4425
vn 0.0272 0.8809 -0.4725
vn 0.0240 0.8977 -0.4400
vn 0.0287 0.8858 -0.4633
vn 0.0255 0.8966 -0.4421
vn 0.0219 0.9003 -0.4347
vn 0.0292 0.8863 -0.4622
vn -0.0003 0.8915 -0.4530
vn -0.0060 0.9253 -0.3793
vn -0.0029 0.9166 -0.3997
vn -0.0077 0.9278 -0.3729
vn -0.0088 0.9035 -0.4285
vn -0.0073 0.9189 -0.3944
vn 0.0072 0.0219 -0.9997
vn 0.0086 0.0240 -0.9997
vn 0.0063 0.0285 -0.9996
vn 0.0083 0.0299 -0.9995
vn 0.0060 0.0323 -0.9995
vn 0.0553 -0.1521 -0.9868
vn 0.0702 -0.1562 -0.9852
vn 0.0552 -0.1467 -0.9876
vn 0.0703 -0.1605 -0.9845
vn 0.0749 -0.1388 -0.9875
vn 0.0750 -0.1389 -0.9875
vn 0.0145 -0.0872 -0.9961
vn 0.0175 -0.0778 -0.9968
vn 0.0089 -0.0132 -0.9999
vn 0.0106 -0.0093 -0.9999
vn 0.0070 0.1229 -0.9924
vn 0.0024 0.2085 -0.9780
vn 0.0093 0.1263 -0.9919
vn 0.0062 0.2210 -0.9753
vn 0.0050 0.3249 -0.9457
vn 0.0013 0.3128 -0.9498
vn 0.0231 -0.4463 -0.8946
vn 0.0191 -0.5339 -0.8453
vn 0.0205 -0.5348 -0.8447
vn 0.0250 -0.4474 -0.8940
vn -0.0080 0.3629 -0.9318
vn -0.0018 0.3750 -0.9270
vn -0.0086 0.3902 -0.9207
vn -0.0171 0.3825 -0.9238
vn 0.0344 0.3373 -0.9408
vn 0.0407 0.3867 -0.9213
vn 0.0345 0.3389 -0.9402
vn 0.0406 0.3851 -0.9220
vn 0.0507 0.3094 -0.9496
vn -0.0192 0.4968 -0.8677
vn -0.0199 0.4730 -0.8808
vn -0.0136 0.4993 -0.8663
vn -0.0193 0.4992 -0.8663
vn -0.0142 0.5037 -0.8638
vn -0.0060 0.5261 -0.8504
vn -0.0012 0.6577 -0.7533
vn -0.0068 0.5293 -0.8484
vn -0.0019 0.6574 -0.7536
vn -0.0312 0.4290 -0.9028
vn -0.0199 0.4447 -0.8954
vn -0.0218 0.4194 -0.9075
vn -0.0177 0.4421 -0.8968
vn 0.0326 0.0011 -0.9995
vn 0.0289 -0.3482 -0.9370
vn 0.0324 -0.0002 -0.9995
vn 0.0666 0.0631 -0.9958
vn 0.0665 0.0664 -0.9956
vn 0.0508 0.3071 -0.9503
vn 0.0121 -0.7012 -0.7129
vn 0.0075 -0.7991 -0.6011
vn 0.0081 -0.7996 -0.6005
vn 0.0131 -0.7018 -0.7122
vn 0.0082 0.0339 -0.9994
vn 0.0063 0.0584 -0.9983
vn 0.0086 0.0602 -0.9981
vn 0.0182 -0.0724 -0.9972
vn 0.0347 -0.1266 -0.9913
vn 0.0347 -0.1311 -0.9908
vn 0.0332 -0.1405 -0.9895
vn 0.0048 -0.1586 -0.9873
vn 0.0039 -0.1516 -0.9884
vn -0.0029 -0.1572 -0.9876
vn 0.0024 -0.1860 -0.9826
vn 0.0149 -0.1762 -0.9842
vn -0.0059 -0.1764 -0.9843
vn 0.0178 0.7809 -0.6244
vn 0.0266 -0.1571 -0.9872
vn 0.0073 -0.1765 -0.9843
vn 0.0070 -0.1741 -0.9847
vn 0.0043 -0.1384 -0.9904
vn 0.0070 -0.1777 -0.9841
vn 0.0047 -0.1645 -0.9864
vn -0.0318 0.5149 -0.8567
vn -0.0319 0.5148 -0.8567
vn -0.0318 0.5148 -0.8567
vn -0.0319 0.5149 -0.8567
vn -0.0320 0.5147 -0.8568
vn -0.0318 0.5146 -0.8568
vn -0.0317 0.5147 -0.8568
vn -0.0317 0.5149 -0.8567
vn -0.0316 0.5147 -0.8568
vn 0.0320 -0.1170 -0.9926
vn 0.0348 -0.1235 -0.9917
vn 0.0552 -0.1430 -0.9882
vn 0.0526 -0.1411 -0.9886
vn 0.0749 -0.1391 -0.9874
vn 0.0694 0.0123 -0.9975
vn 0.0749 -0.1448 -0.9866
vn 0.0671 0.0610 -0.9959
vn 0.0510 0.3057 -0.9508
vn 0.0523 0.2854 -0.9570
vn 0.0328 -0.0009 -0.9995
vn 0.0332 0.0626 -0.9975
vn 0.0347 0.3363 -0.9411
vn -0.0061 0.5181 -0.8553
vn -0.0134 0.4963 -0.8681
vn -0.0139 0.4954 -0.8685
vn -0.0011 0.6442 -0.7649
vn -0.0056 0.5237 -0.8519
vn -0.0010 0.6580 -0.7531
vn -0.0194 0.4936 -0.8695
vn -0.0191 0.4950 -0.8687
vn 0.0353 0.3524 -0.9352
vn 0.0405 0.3840 -0.9225
vn 0.0417 0.3808 -0.9237
vn 0.0688 -0.1494 -0.9864
vn 0.0702 -0.1533 -0.9857
vn -0.0036 0.9327 -0.3605
vn -0.0087 0.9296 -0.3686
vn -0.0030 0.9408 -0.3391
vn -0.0144 0.8016 -0.5977
vn 0.0089 0.0245 -0.9997
vn 0.0088 0.0303 -0.9995
vn 0.0088 0.0343 -0.9994
vn 0.0110 -0.0073 -0.9999
vn 0.0099 0.1280 -0.9917
vn 0.0087 0.2287 -0.9735
vn 0.0097 0.2326 -0.9725
vn 0.0069 0.3302 -0.9439
vn 0.0253 -0.4479 -0.8937
vn 0.0208 -0.5353 -0.8444
vn 0.0019 0.3801 -0.9249
vn -0.0045 0.3932 -0.9194
vn -0.0149 0.4184 -0.9081
vn -0.0168 0.4441 -0.8958
vn -0.0127 0.4198 -0.9075
vn 0.0133 -0.7022 -0.7118
vn 0.0085 -0.7999 -0.6001
vn 0.0085 -0.8000 -0.5999
vn 0.0091 0.0609 -0.9981
vn -0.0286 0.5224 -0.8522
vn -0.0300 0.5239 -0.8513
vn -0.0318 0.5149 -0.8566
vn -0.0318 0.5150 -0.8566
vn -0.0310 0.5271 -0.8492
vn -0.0315 0.5276 -0.8489
vn -0.0319 0.5149 -0.8566
vn -0.0007 0.8468 -0.5318
vn -0.0015 0.8381 -0.5455
vn 0.0001 0.8509 -0.5253
vn -0.0004 0.8224 -0.5690
vn 0.0025 0.8010 -0.5987
vn 0.0260 0.8521 -0.5228
vn 0.0229 0.8176 -0.5754
vn 0.0217 0.8748 -0.4839
vn 0.0232 0.8681 -0.4959
vn 0.0272 0.8122 -0.5827
vn -0.0001 0.8536 -0.5210
vn -0.0001 0.8421 -0.5393
vn -0.0023 0.9466 -0.3225
vn -0.0289 0.6197 -0.7843
vn -0.0276 0.6171 -0.7864
vn -0.0273 0.6575 -0.7530
vn -0.0312 0.5323 -0.8460
vn -0.0153 0.6432 -0.7656
vn -0.0240 0.6098 -0.7922
vn 0.0216 0.8671 -0.4977
vn 0.0211 0.8781 -0.4779
vn 0.0209 0.8971 -0.4413
vn 0.0214 0.8951 -0.4454
vn 0.0063 -0.1698 -0.9855
vn 0.0083 -0.1873 -0.9823
vn 0.0209 0.9003 -0.4348
vn 0.0209 0.9002 -0.4349
vn 0.0210 0.9003 -0.4348
vn -0.0007 -0.0818 -0.9966
vn -0.0034 -0.1032 -0.9947
vn -0.0038 -0.1050 -0.9945
vn -0.0007 -0.0811 -0.9967
vn -0.0068 -0.1549 -0.9879
vn -0.0070 -0.1574 -0.9875
vn 0.0100 -0.1903 -0.9817
vn 0.0127 -0.1711 -0.9852
vn 0.0042 -0.1389 -0.9903
vn 0.0015 -0.0984 -0.9951
vn 0.0020 -0.0988 -0.9951
vn -0.0059 0.0681 -0.9977
vn -0.0015 0.2186 -0.9758
vn -0.0056 0.0604 -0.9982
vn -0.0014 0.2214 -0.9752
vn 0.0009 0.2511 -0.9680
vn 0.0009 0.2523 -0.9676
vn 0.0047 -0.6462 -0.7631
vn 0.0135 -0.4343 -0.9006
vn 0.0135 -0.4328 -0.9014
vn 0.0004 -0.7739 -0.6334
vn 0.0047 -0.6486 -0.7611
vn -0.0002 -0.7742 -0.6329
vn 0.0020 0.2517 -0.9678
vn 0.0020 0.2525 -0.9676
vn 0.0024 0.2909 -0.9567
vn 0.0024 0.2867 -0.9580
vn 0.0371 0.1686 -0.9850
vn 0.0412 0.2960 -0.9543
vn 0.0196 -0.3292 -0.9441
vn 0.0241 -0.2636 -0.9643
vn 0.0242 -0.2624 -0.9647
vn 0.0197 -0.3305 -0.9436
vn 0.0181 0.8154 -0.5786
vn 0.0083 0.8662 -0.4997
vn -0.0085 -0.1169 -0.9931
vn -0.0086 -0.1194 -0.9928
vn 0.0312 -0.0126 -0.9994
vn 0.0318 -0.0044 -0.9995
vn 0.0008 0.4487 -0.8937
vn -0.0004 0.5426 -0.8400
vn 0.0008 0.4407 -0.8977
vn -0.0007 0.5577 -0.8300
vn -0.0002 0.6854 -0.7281
vn 0.0233 -0.0418 -0.9989
vn 0.0019 0.8435 -0.5372
vn 0.0020 0.3560 -0.9345
vn 0.0020 0.3630 -0.9318
vn 0.0019 0.3638 -0.9315
vn -0.0088 0.4010 -0.9160
vn -0.0126 0.3994 -0.9167
vn -0.0070 0.4020 -0.9156
vn -0.0217 0.3972 -0.9175
vn -0.0342 0.3953 -0.9179
vn -0.0114 0.3888 -0.9213
vn 0.0011 0.3719 -0.9283
vn 0.0011 0.3775 -0.9260
vn -0.0313 0.3926 -0.9192
vn 0.0017 0.3657 -0.9307
vn 0.0014 0.3682 -0.9297
vn -0.0063 0.4030 -0.9152
vn -0.0059 0.4031 -0.9151
vn -0.0113 0.4217 -0.9067
vn -0.0061 0.5748 0.8182
vn -0.0087 0.6182 0.7860
vn 0.9607 0.2480 0.1251
vn 0.9349 0.2920 0.2017
vn 0.9606 0.2480 0.1253
vn 0.8477 0.3740 0.3762
vn 0.9354 0.2912 0.2006
vn 0.9988 -0.0494 0.0003
vn 0.9999 -0.0090 -0.0048
vn 0.9988 -0.0495 0.0004
vn 0.9975 0.0711 0.0024
vn -0.8818 -0.4417 -0.1656
vn -0.9190 -0.3902 -0.0556
vn -0.8816 -0.4423 -0.1647
vn -0.9679 -0.2494 0.0308
vn -0.9153 -0.3978 -0.0626
vn -0.9424 -0.3341 -0.0160
vn -0.9360 -0.3519 -0.0081
vn -0.9424 -0.3340 -0.0159
vn -0.9226 -0.3858 0.0056
vn -0.9360 -0.3518 -0.0082
vn 0.9955 -0.0936 0.0162
vn 0.9950 -0.0987 0.0167
vn 0.9950 -0.0986 0.0167
vn 0.9963 -0.0820 0.0248
vn 0.9955 -0.0935 0.0163
vn -0.9092 -0.4085 -0.0800
vn -0.9093 -0.4156 -0.0213
vn -0.9094 -0.4153 -0.0210
vn -0.8985 -0.4110 -0.1538
vn -0.9095 -0.4084 -0.0780
vn 0.9983 -0.0543 0.0204
vn 0.9983 -0.0549 0.0168
vn 0.9983 -0.0543 0.0206
vn 0.9984 -0.0551 0.0122
vn -0.8984 -0.4110 -0.1546
vn -0.8900 -0.4121 -0.1951
vn 0.9990 -0.0308 0.0324
vn 0.9973 -0.0678 0.0272
vn 0.9990 -0.0309 0.0320
vn 0.9973 -0.0681 0.0271
vn 0.9992 -0.0265 0.0299
vn 0.9992 -0.0265 0.0298
vn 0.9992 -0.0270 0.0288
vn 0.9992 -0.0269 0.0288
vn -0.9921 -0.0978 0.0791
vn -0.9946 -0.0662 0.0797
vn -0.9921 -0.0972 0.0791
vn -0.9873 -0.1427 0.0697
vn -0.9873 -0.1425 0.0698
vn -0.9923 0.1026 0.0689
vn -0.9931 0.1010 0.0596
vn -0.9889 0.1213 0.0861
vn -0.9766 0.1796 0.1187
vn -0.9758 0.1794 0.1250
vn -0.9758 0.1794 0.1249
vn -0.9705 0.1756 0.1653
vn -0.9706 0.1757 0.1645
vn -0.9812 0.1591 0.1096
vn -0.9812 0.1591 0.1095
vn -0.9766 0.1793 0.1186
vn 0.7293 0.3875 0.5639
vn 0.8445 0.3758 0.3814
vn 0.6904 0.3456 0.6355
vn 0.7277 0.3865 0.5667
vn 0.6461 0.3767 0.6638
vn 0.4982 0.4513 0.7404
vn 0.6471 0.3759 0.6633
vn 0.6904 0.3458 0.6355
vn 0.9882 0.1486 0.0378
vn 0.9852 0.1651 0.0464
vn 0.9852 0.1650 0.0465
vn 0.9777 0.1998 0.0646
vn -0.9978 0.0624 0.0206
vn -0.9984 0.0562 0.0109
vn -0.9978 0.0624 0.0208
vn -0.9965 0.0767 0.0339
vn -0.9965 0.0768 0.0339
vn -0.9840 -0.1696 0.0550
vn -0.9840 -0.1695 0.0550
vn -0.9682 -0.2482 0.0311
vn 0.9992 -0.0260 0.0312
vn 0.9991 -0.0247 0.0336
vn 0.9912 0.1305 0.0237
vn 0.9975 0.0708 0.0023
vn 0.9912 0.1304 0.0237
vn -0.9927 -0.1186 -0.0231
vn -0.9999 0.0123 -0.0050
vn -0.9999 0.0123 -0.0048
vn -0.9984 0.0562 0.0107
vn 0.9984 -0.0554 0.0077
vn 0.9984 -0.0553 0.0123
vn 0.9985 -0.0554 0.0042
vn 0.9984 -0.0555 0.0077
vn -0.9435 -0.3307 -0.0186
vn -0.9461 -0.3232 -0.0219
vn -0.9461 -0.3231 -0.0220
vn -0.9436 -0.3307 -0.0185
vn -0.9036 -0.4283 0.0125
vn -0.9037 -0.4283 0.0028
vn -0.9036 -0.4282 0.0125
vn -0.9036 -0.4283 0.0028
vn 0.9975 -0.0656 0.0280
vn 0.9963 -0.0821 0.0247
vn 0.9974 -0.0658 0.0283
vn 0.9981 -0.0555 0.0257
vn 0.9985 -0.0551 0.0026
vn 0.9985 -0.0554 0.0043
vn 0.9985 -0.0553 0.0023
vn -0.9647 -0.2618 -0.0274
vn -0.9926 -0.1191 -0.0230
vn -0.9647 -0.2621 -0.0274
vn -0.0132 0.5190 0.8547
vn -0.0076 0.5898 0.8075
vn 0.0010 0.4958 0.8684
vn -0.0061 0.5749 0.8182
vn -0.0076 0.5897 0.8076
vn -0.0253 0.4372 0.8990
vn 0.0152 0.4347 0.9005
vn 0.0151 0.4347 0.9005
vn 0.1612 0.4262 0.8901
vn 0.1611 0.4262 0.8902
vn 0.1506 0.5092 0.8474
vn 0.0342 0.4107 0.9111
vn 0.0341 0.4107 0.9112
vn 0.0119 0.4324 0.9016
vn 0.0119 0.4325 0.9016
vn -0.0208 0.4677 0.8837
vn 0.0010 0.4958 0.8685
vn -0.9688 0.0886 0.2315
vn -0.9711 0.0896 0.2212
vn -0.9688 0.0886 0.2314
vn -0.9309 0.1953 0.3088
vn -0.9322 0.1912 0.3072
vn 0.3373 0.4230 0.8410
vn 0.3693 0.4581 0.8086
vn 0.3696 0.4583 0.8083
vn 0.4995 0.4509 0.7397
vn 0.9981 -0.0554 0.0256
vn 0.9983 -0.0539 0.0229
vn 0.9983 -0.0538 0.0227
vn -0.9095 -0.4155 0.0151
vn -0.9226 -0.3858 0.0055
vn -0.9094 -0.4156 0.0151
vn 0.2479 0.8345 0.4922
vn 0.0194 0.8574 0.5143
vn 0.2478 0.8346 0.4920
vn 0.8700 0.4362 0.2299
vn 0.8700 0.4362 0.2298
vn 0.5657 0.5821 0.5840
vn 0.9728 0.1977 0.1205
vn 0.5485 0.5849 0.5975
vn 0.1456 0.5046 0.8510
vn -0.9594 0.2247 0.1707
vn -0.9734 0.1784 0.1434
vn -0.7082 0.5933 0.3828
vn -0.7081 0.5934 0.3828
vn -0.1826 0.8398 0.5112
vn -0.1825 0.8398 0.5113
vn 0.0195 0.8574 0.5144
vn 0.9738 -0.1771 -0.1426
vn 0.9735 -0.1783 -0.1433
vn 0.9742 -0.1758 -0.1418
vn -0.8593 0.4054 0.3120
vn -0.9439 0.2652 0.1968
vn -0.9438 0.2654 0.1968
vn -0.9700 0.1909 0.1507
vn -0.9731 0.1795 0.1441
vn 0.9860 -0.1243 -0.1112
vn -0.9656 0.1430 0.2170
vn -0.9656 0.1420 0.2179
vn -0.9710 0.0900 0.2214
vn 0.3005 0.4117 0.8603
vn 0.3004 0.4116 0.8604
vn 0.3372 0.4230 0.8410
vn 0.9789 -0.1574 -0.1304
vn 0.9735 0.1953 0.1187
vn -0.8489 0.3762 0.3712
vn -0.8473 0.3795 0.3716
vn -0.8589 0.4059 0.3123
vn -0.0248 0.4459 0.8947
vn -0.0253 0.4371 0.8991
vn 0.9777 0.1998 0.0645
vn 0.9680 0.2334 0.0927
vn 0.9680 0.2333 0.0926
vn -0.9943 0.0944 0.0487
vn -0.9931 0.1011 0.0596
vn -0.0533 0.0612 0.9967
vn -0.0537 0.0345 0.9980
vn -0.0537 0.0344 0.9980
vn -0.0532 0.0614 0.9967
vn -0.0537 0.0355 0.9979
vn -0.0523 0.1293 0.9902
vn -0.0531 0.0658 0.9964
vn -0.0523 0.1288 0.9903
vn -0.0439 -0.0149 0.9989
vn -0.0319 0.1913 0.9810
vn -0.0309 0.1767 0.9838
vn -0.0477 0.6489 0.7594
vn -0.0345 0.7929 0.6084
vn -0.0400 0.7398 0.6717
vn -0.0498 0.6201 0.7829
vn -0.0447 0.6768 0.7348
vn -0.0450 0.2230 0.9738
vn -0.0451 0.0077 0.9990
vn -0.0609 0.0287 0.9977
vn -0.0272 0.0753 0.9968
vn -0.0589 -0.1672 0.9842
vn -0.0310 -0.1590 0.9868
vn -0.0694 0.0487 0.9964
vn -0.0365 0.3107 0.9498
vn -0.0517 0.2723 0.9608
vn -0.0448 0.5926 0.8042
vn -0.0462 0.5561 0.8298
vn -0.0485 0.5601 0.8270
vn -0.0211 0.3213 0.9467
vn -0.0508 0.0671 0.9965
vn -0.0627 0.1041 0.9926
vn -0.0627 0.0483 0.9969
vn -0.0640 0.0378 0.9972
vn -0.0600 0.0281 0.9978
vn -0.0627 0.0200 0.9978
vn -0.0617 0.1120 0.9918
vn -0.0599 0.0549 0.9967
vn -0.0593 0.2478 0.9670
vn -0.0621 0.2256 0.9722
vn -0.0602 0.2159 0.9746
vn -0.0320 -0.5356 0.8439
vn -0.0308 -0.7025 0.7110
vn -0.0309 -0.7024 0.7111
vn -0.0290 -0.8001 0.5991
vn -0.0290 -0.8000 0.5993
vn -0.0291 -0.8002 0.5990
vn -0.0320 -0.5358 0.8438
vn -0.0315 -0.6930 0.7203
vn 0.0012 0.0714 0.9974
vn -0.0060 -0.1474 0.9891
vn 0.0094 -0.1404 0.9901
vn -0.0101 0.0747 0.9972
vn -0.0141 0.3178 0.9480
vn -0.0099 0.3132 0.9496
vn -0.0304 -0.3472 0.9373
vn -0.0300 0.0077 0.9995
vn -0.0298 0.0036 0.9995
vn -0.0239 0.3470 0.9376
vn -0.0241 0.3421 0.9393
vn -0.0236 0.3515 0.9359
vn -0.0318 -0.3460 0.9377
vn -0.0310 0.0105 0.9995
vn -0.0312 0.3062 0.9515
vn -0.0322 0.0050 0.9995
vn -0.0338 -0.0151 0.9993
vn -0.0339 -0.3446 0.9381
vn -0.0351 -0.3440 0.9383
vn -0.0266 0.3433 0.9388
vn -0.0382 0.3502 0.9359
vn -0.0285 0.3893 0.9207
vn -0.0461 -0.6863 0.7259
vn -0.0370 -0.7967 0.6032
vn -0.0429 -0.7922 0.6088
vn -0.0387 -0.4338 0.9002
vn -0.0366 -0.5304 0.8470
vn -0.0411 -0.5231 0.8513
vn -0.0345 -0.6996 0.7138
vn -0.0399 -0.6960 0.7169
vn -0.0550 -0.1407 0.9885
vn -0.0711 -0.1439 0.9870
vn -0.0599 0.5318 0.8448
vn -0.0610 0.5419 0.8382
vn -0.0726 0.4973 0.8645
vn -0.0835 0.4493 0.8895
vn -0.0782 0.4616 0.8836
vn -0.0876 0.4290 0.8990
vn -0.0680 0.4994 0.8637
vn -0.0365 -0.3406 0.9395
vn -0.0685 0.4211 0.9044
vn -0.0725 0.4464 0.8919
vn -0.0683 0.4222 0.9039
vn -0.0725 0.4459 0.8921
vn -0.0678 0.4217 0.9042
vn -0.0747 0.4722 0.8783
vn -0.0728 0.4454 0.8924
vn -0.0749 0.4737 0.8775
vn -0.0425 0.5674 0.8223
vn -0.0421 0.6385 0.7685
vn -0.0653 0.4681 0.8813
vn -0.0406 0.6478 0.7607
vn -0.0369 0.6008 0.7986
vn -0.0534 0.5444 0.8372
vn -0.0622 0.5245 0.8491
vn -0.0593 0.5353 0.8425
vn -0.0670 0.5119 0.8565
vn -0.0555 0.5435 0.8376
vn -0.0493 0.6562 0.7530
vn -0.0504 0.5510 0.8330
vn -0.0477 0.6529 0.7559
vn -0.0546 0.5400 0.8399
vn -0.0723 0.4784 0.8752
vn -0.0725 0.5039 0.8607
vn -0.0745 0.4729 0.8780
vn -0.0679 0.5146 0.8547
vn -0.0600 0.5356 0.8424
vn -0.0530 0.5464 0.8359
vn -0.0339 -0.0368 0.9987
vn -0.0377 -0.3269 0.9443
vn -0.0297 0.6637 0.7474
vn -0.0268 0.2328 0.9722
vn -0.0329 -0.0422 0.9986
vn -0.0302 0.2565 0.9661
vn -0.0344 0.2983 0.9539
vn -0.0552 0.4709 0.8804
vn -0.0553 0.4640 0.8841
vn -0.0203 0.3981 0.9171
vn -0.0639 0.0068 0.9979
vn -0.0480 0.6205 0.7827
vn -0.0654 0.0193 0.9977
vn -0.0424 -0.4615 0.8861
vn -0.0446 -0.6728 0.7385
vn -0.0415 -0.6628 0.7477
vn -0.0451 -0.4807 0.8757
vn -0.0393 -0.3618 0.9314
vn -0.0409 -0.3843 0.9223
vn -0.0412 -0.7856 0.6174
vn -0.0664 0.0886 0.9938
vn -0.0678 -0.0140 0.9976
vn -0.0641 0.0977 0.9932
vn -0.0259 0.2733 0.9616
vn -0.0417 -0.4127 0.9099
vn -0.0536 0.5885 0.8067
vn -0.0664 -0.0509 0.9965
vn -0.0694 -0.0531 0.9962
vn -0.0315 0.8545 0.5186
vn -0.0226 0.8896 0.4562
vn -0.0227 0.8819 0.4709
vn -0.0314 0.8596 0.5099
vn -0.0237 0.8986 0.4382
vn -0.0435 0.7204 0.6922
vn -0.0338 0.8373 0.5457
vn -0.0437 0.7169 0.6958
vn -0.0649 -0.0152 0.9978
vn -0.0316 -0.7983 0.6014
vn -0.0269 0.7973 0.6029
vn -0.0341 0.7252 0.6877
vn -0.0699 -0.0806 0.9943
vn -0.0675 -0.0902 0.9936
vn -0.0680 -0.1182 0.9907
vn -0.0677 0.0803 0.9945
vn -0.0246 0.2747 0.9612
vn -0.0678 0.0746 0.9949
vn -0.0368 -0.0473 0.9982
vn -0.0466 -0.1796 0.9826
vn -0.0469 -0.1764 0.9832
vn -0.0364 -0.0502 0.9981
vn -0.0466 -0.1804 0.9825
vn -0.0205 0.1796 0.9835
vn -0.0364 -0.0501 0.9981
vn -0.0214 0.1742 0.9845
vn -0.0323 -0.0329 0.9989
vn -0.0364 -0.2878 0.9570
vn -0.0363 -0.2781 0.9599
vn -0.0261 0.2346 0.9717
vn -0.0325 -0.0372 0.9988
vn -0.0525 0.5503 0.8333
vn -0.0253 0.2418 0.9700
vn -0.0523 0.5539 0.8309
vn -0.0554 0.4582 0.8871
vn -0.0553 0.4544 0.8891
vn -0.0452 0.6777 0.7339
vn -0.0372 -0.3053 0.9515
vn -0.0439 0.6972 0.7155
vn -0.0383 -0.7807 0.6238
vn -0.0423 -0.4502 0.8919
vn -0.0417 -0.6567 0.7530
vn -0.0383 -0.7780 0.6270
vn -0.0521 0.5571 0.8288
vn -0.0552 0.4517 0.8905
vn -0.0551 0.4497 0.8915
vn -0.0522 0.5562 0.8294
vn -0.0438 0.7096 0.7032
vn -0.0315 -0.0184 0.9993
vn -0.0362 -0.2715 0.9618
vn -0.0363 -0.2665 0.9631
vn -0.0318 -0.0267 0.9991
vn -0.0232 0.2551 0.9666
vn -0.0185 0.3937 0.9191
vn -0.0176 0.3897 0.9208
vn -0.0704 -0.1104 0.9914
vn -0.0683 -0.1359 0.9884
vn -0.0685 -0.1484 0.9865
vn -0.0702 -0.0982 0.9927
vn -0.0679 0.0713 0.9951
vn -0.0680 0.0691 0.9953
vn -0.0233 0.8410 0.5406
vn -0.0319 0.8249 0.5643
vn -0.0229 0.2819 0.9592
vn -0.0297 0.1689 0.9852
vn -0.0311 -0.7986 0.6010
vn -0.0337 -0.7004 0.7130
vn -0.0527 -0.1634 0.9851
vn -0.0435 -0.0319 0.9985
vn -0.0167 0.7483 0.6632
vn -0.0224 0.7351 0.6776
vn -0.0240 0.6865 0.7267
vn -0.0527 0.5717 0.8187
vn -0.0185 0.7849 0.6193
vn -0.0131 0.7935 0.6084
vn -0.0179 0.8364 0.5478
vn -0.0129 0.8405 0.5416
vn -0.0131 0.8324 0.5540
vn -0.0176 0.8474 0.5307
vn -0.0140 0.8288 0.5594
vn -0.0187 0.8657 0.5002
vn -0.0393 -0.3405 0.9394
vn -0.0394 -0.3341 0.9417
vn -0.0428 -0.4430 0.8955
vn -0.0431 -0.4375 0.8982
vn -0.0390 -0.3489 0.9363
vn -0.0447 0.6467 0.7614
vn -0.0208 0.2873 0.9576
vn -0.0155 0.3158 0.9487
vn -0.0215 0.2737 0.9616
vn -0.0142 0.3304 0.9437
vn -0.0139 0.3339 0.9425
vn -0.0205 0.1792 0.9836
vn -0.0204 0.2952 0.9552
vn -0.0583 0.3021 0.9515
vn -0.0652 0.2623 0.9628
vn -0.0852 0.3405 0.9364
vn -0.0752 0.2993 0.9512
vn -0.0464 -0.5052 0.8618
vn -0.0593 0.2488 0.9667
vn -0.0607 0.2221 0.9731
vn -0.0607 0.2320 0.9708
vn -0.0582 0.2951 0.9537
vn -0.0594 0.2475 0.9671
vn -0.0582 0.2981 0.9527
vn -0.0654 0.2564 0.9643
vn -0.0586 0.2520 0.9660
vn -0.0600 0.2453 0.9676
vn -0.0597 0.2488 0.9667
vn -0.0588 0.2510 0.9662
vn -0.0603 0.2399 0.9689
vn -0.0577 0.2920 0.9547
vn -0.0591 0.2499 0.9665
vn -0.0575 0.2912 0.9549
vn -0.0580 0.2931 0.9543
vn -0.0508 0.3322 0.9418
vn -0.0532 0.3828 0.9223
vn -0.0500 0.3332 0.9415
vn -0.0529 0.3829 0.9223
vn -0.0503 0.3326 0.9417
vn -0.0581 0.3961 0.9164
vn -0.0540 0.3818 0.9227
vn -0.0585 0.3957 0.9165
vn -0.0750 0.3385 0.9380
vn -0.0637 0.2903 0.9548
vn -0.0867 0.3669 0.9262
vn -0.0786 -0.1611 0.9838
vn -0.0359 -0.4425 0.8961
vn -0.0355 -0.5327 0.8456
vn -0.0346 -0.4452 0.8948
vn -0.0529 -0.1529 0.9868
vn -0.0299 -0.3487 0.9368
vn -0.0306 -0.4484 0.8933
vn -0.0306 -0.4482 0.8934
vn -0.0320 -0.5298 0.8475
vn -0.0298 -0.3490 0.9366
vn -0.0306 -0.4447 0.8952
vn -0.0619 0.1734 0.9829
vn -0.0422 -0.6531 0.7561
vn -0.0425 -0.6502 0.7585
vn -0.0395 -0.7750 0.6308
vn -0.0389 -0.7763 0.6292
vn -0.0614 0.1767 0.9823
vn -0.0613 0.1917 0.9795
vn -0.0588 0.1180 0.9913
vn -0.0588 0.2085 0.9762
vn -0.0599 -0.0451 0.9972
vn -0.0620 -0.1059 0.9924
vn -0.0609 -0.1011 0.9930
vn -0.0503 0.2344 0.9708
vn -0.0506 0.2349 0.9707
vn -0.0520 0.1336 0.9897
vn -0.0505 0.2355 0.9706
vn -0.0632 0.1824 0.9812
vn -0.0634 0.1961 0.9785
vn -0.0630 0.2068 0.9763
vn -0.0625 0.2188 0.9738
vn -0.0627 0.2138 0.9749
vn -0.0614 -0.0194 0.9979
vn -0.0597 -0.0355 0.9976
vn -0.0609 -0.0024 0.9981
vn -0.0584 -0.0270 0.9979
vn -0.0688 -0.1834 0.9806
vn -0.0779 -0.2140 0.9737
vn -0.0716 -0.1863 0.9799
vn -0.0599 -0.0741 0.9955
vn -0.0582 -0.1056 0.9927
vn -0.0581 -0.1168 0.9915
vn -0.0623 -0.0552 0.9965
vn -0.0596 -0.0593 0.9965
vn -0.0619 -0.0379 0.9974
vn -0.0583 -0.1068 0.9926
vn -0.0600 -0.0956 0.9936
vn -0.0576 -0.1309 0.9897
vn -0.0573 -0.1355 0.9891
vn -0.0597 -0.0905 0.9941
vn -0.0583 -0.1248 0.9905
vn -0.0627 -0.0732 0.9953
vn -0.0602 -0.0841 0.9946
vn -0.0626 -0.0662 0.9958
vn -0.0528 -0.0989 0.9937
vn -0.0599 0.0099 0.9982
vn -0.0561 -0.0193 0.9982
vn -0.0516 -0.0064 0.9986
vn -0.0440 -0.0680 0.9967
vn -0.0441 -0.0698 0.9966
vn -0.0515 -0.0057 0.9987
vn -0.0456 -0.0573 0.9973
vn -0.0535 0.0249 0.9983
vn -0.0519 0.0008 0.9987
vn -0.0536 0.0247 0.9983
vn -0.0573 -0.1742 0.9830
vn -0.0601 -0.2265 0.9721
vn -0.0736 -0.2096 0.9750
vn -0.0597 -0.2222 0.9732
vn -0.0561 -0.1776 0.9825
vn -0.0552 -0.1797 0.9822
vn -0.0559 -0.1824 0.9816
vn -0.0548 -0.1855 0.9811
vn -0.0577 -0.1726 0.9833
vn -0.0496 -0.1945 0.9796
vn -0.0515 -0.1943 0.9796
vn -0.0518 -0.1916 0.9801
vn -0.0493 -0.1974 0.9791
vn -0.0517 -0.1951 0.9794
vn -0.0489 -0.1984 0.9789
vn -0.0634 -0.0168 0.9978
vn 0.0055 -0.1706 0.9853
vn -0.0200 -0.1853 0.9825
vn -0.0089 -0.1638 0.9865
vn -0.0089 -0.1904 0.9817
vn -0.0391 -0.2098 0.9770
vn -0.0336 -0.2140 0.9763
vn -0.0627 0.0025 0.9980
vn -0.0616 0.0160 0.9980
vn -0.0267 0.7260 0.6872
vn -0.0302 0.8060 0.5912
vn -0.0329 0.7413 0.6703
vn -0.0647 -0.0652 0.9958
vn -0.0641 -0.0412 0.9971
vn -0.0629 -0.0784 0.9949
vn -0.0653 -0.0920 0.9936
vn -0.0651 -0.0819 0.9945
vn -0.0655 -0.0994 0.9929
vn -0.0579 0.0179 0.9982
vn -0.0592 0.0242 0.9980
vn -0.0537 0.0304 0.9981
vn -0.0537 0.0305 0.9981
vn -0.0535 0.0262 0.9982
vn -0.0386 0.6311 0.7747
vn -0.0345 0.7739 0.6324
vn -0.0312 0.8193 0.5725
vn -0.0327 0.8651 0.5005
vn -0.0311 0.8719 0.4886
vn -0.0171 0.7557 0.6547
vn -0.0236 0.7736 0.6332
vn -0.0300 0.8548 0.5181
vn -0.0298 0.9093 0.4152
vn -0.0286 0.8915 0.4521
vn -0.0313 0.9054 0.4234
vn -0.0232 0.9446 0.3274
vn -0.0314 0.9347 0.3540
vn -0.0228 0.9471 0.3201
vn -0.0295 0.9412 0.3365
vn -0.0226 0.9465 0.3218
vn -0.0508 0.8490 0.5260
vn -0.0323 0.9319 0.3612
vn -0.0568 0.8104 0.5831
vn -0.0010 0.8514 0.5245
vn -0.0070 0.8076 0.5897
vn -0.0097 0.8009 0.5987
vn -0.0119 0.7941 0.6076
vn -0.0232 0.7828 0.6219
vn -0.0569 0.3839 0.9216
vn -0.0683 0.3144 0.9468
vn -0.0037 0.8458 0.5335
vn -0.0059 0.9003 0.4353
vn -0.0048 0.8933 0.4494
vn -0.0064 0.8966 0.4428
vn -0.0036 0.8977 0.4407
vn -0.0024 0.8809 0.4734
vn -0.0023 0.8965 0.4430
vn -0.0004 0.8857 0.4642
vn -0.0053 0.9003 0.4353
vn 0.0005 0.8584 0.5129
vn -0.0298 0.9253 0.3781
vn -0.0279 0.9166 0.3988
vn -0.0310 0.9278 0.3718
vn -0.0262 0.9327 0.3597
vn -0.0356 0.9034 0.4272
vn -0.0321 0.9189 0.3932
vn -0.0556 0.0223 0.9982
vn -0.0562 0.0285 0.9980
vn -0.0535 0.0238 0.9983
vn -0.0565 0.0320 0.9979
vn -0.0542 0.0299 0.9981
vn 0.0085 -0.1562 0.9877
vn -0.0066 -0.1521 0.9883
vn -0.0066 -0.1466 0.9892
vn 0.0086 -0.1605 0.9870
vn 0.0130 -0.1388 0.9902
vn 0.0130 -0.1389 0.9902
vn -0.0477 -0.0873 0.9950
vn -0.0536 -0.0133 0.9985
vn -0.0448 -0.0778 0.9960
vn -0.0521 -0.0093 0.9986
vn -0.0552 0.1226 0.9909
vn -0.0548 0.2211 0.9737
vn -0.0528 0.1263 0.9906
vn -0.0541 0.3249 0.9442
vn -0.0521 0.2287 0.9721
vn -0.0581 0.3128 0.9481
vn -0.0330 -0.4463 0.8943
vn -0.0338 -0.5339 0.8449
vn -0.0323 -0.5348 0.8444
vn -0.0310 -0.4474 0.8938
vn -0.0662 0.3629 0.9295
vn -0.0597 0.3750 0.9251
vn -0.0662 0.3902 0.9183
vn -0.0748 0.3826 0.9209
vn -0.0243 0.3374 0.9411
vn -0.0169 0.3867 0.9220
vn -0.0172 0.3851 0.9227
vn -0.0088 0.3093 0.9509
vn -0.0088 0.3070 0.9517
vn -0.0243 0.3390 0.9405
vn -0.0750 0.4730 0.8779
vn -0.0734 0.4968 0.8648
vn -0.0749 0.4735 0.8776
vn -0.0736 0.4990 0.8634
vn -0.0678 0.4993 0.8638
vn -0.0681 0.5038 0.8612
vn -0.0590 0.5261 0.8484
vn -0.0598 0.5293 0.8463
vn -0.0483 0.6577 0.7517
vn -0.0490 0.6574 0.7520
vn -0.0758 0.4447 0.8925
vn -0.0785 0.4194 0.9044
vn -0.0737 0.4421 0.8939
vn -0.0716 0.4184 0.9054
vn -0.0297 0.0012 0.9996
vn -0.0299 -0.0001 0.9996
vn -0.0303 -0.3483 0.9369
vn 0.0043 0.0631 0.9980
vn 0.0040 0.0665 0.9978
vn -0.0325 -0.7012 0.7122
vn -0.0305 -0.7990 0.6005
vn -0.0291 -0.7996 0.5998
vn -0.0315 -0.7018 0.7117
vn -0.0562 0.0579 0.9967
vn -0.0543 0.0338 0.9980
vn -0.0538 0.0602 0.9967
vn -0.0274 -0.1266 0.9916
vn -0.0442 -0.0725 0.9964
vn -0.0274 -0.1311 0.9910
vn -0.0288 -0.1405 0.9897
vn -0.0570 -0.1586 0.9857
vn -0.0646 -0.1572 0.9855
vn -0.0590 -0.1860 0.9808
vn -0.0675 -0.1764 0.9820
vn -0.0579 -0.1516 0.9867
vn -0.0466 -0.1762 0.9833
vn -0.0317 0.8113 0.5837
vn -0.0352 -0.1572 0.9869
vn -0.0545 -0.1769 0.9827
vn -0.0577 -0.1384 0.9887
vn -0.0543 -0.1773 0.9827
vn -0.0577 -0.1389 0.9886
vn -0.0544 -0.1741 0.9832
vn -0.0570 -0.1645 0.9847
vn -0.0853 0.5149 0.8530
vn -0.0853 0.5148 0.8531
vn -0.0856 0.5148 0.8530
vn -0.0853 0.5147 0.8531
vn -0.0852 0.5149 0.8530
vn -0.0852 0.5147 0.8532
vn -0.0853 0.5148 0.8530
vn -0.0302 -0.1171 0.9927
vn -0.0272 -0.1235 0.9920
vn -0.0066 -0.1431 0.9897
vn -0.0094 -0.1411 0.9899
vn 0.0065 0.0121 0.9999
vn 0.0130 -0.1391 0.9902
vn 0.0132 -0.1448 0.9894
vn 0.0044 0.0608 0.9981
vn -0.0085 0.3058 0.9521
vn -0.0076 0.2855 0.9584
vn -0.0298 -0.3391 0.9403
vn -0.0298 -0.0009 0.9996
vn -0.0293 0.0626 0.9976
vn -0.0242 0.3363 0.9415
vn -0.0232 0.3524 0.9356
vn -0.0676 0.4962 0.8655
vn -0.0594 0.5182 0.8532
vn -0.0680 0.4954 0.8660
vn -0.0586 0.5238 0.8499
vn -0.0488 0.6442 0.7633
vn -0.0480 0.6579 0.7515
vn -0.0736 0.4936 0.8666
vn -0.0733 0.4950 0.8658
vn -0.0173 0.3840 0.9232
vn -0.0163 0.3807 0.9246
vn 0.0070 -0.1494 0.9888
vn 0.0084 -0.1533 0.9881
vn -0.0317 0.9296 0.3673
vn -0.0242 0.9408 0.3382
vn -0.0568 0.8076 0.5870
vn -0.0517 0.8016 0.5956
vn -0.0536 0.0245 0.9983
vn -0.0537 0.0303 0.9981
vn -0.0538 0.0343 0.9980
vn -0.0518 -0.0074 0.9986
vn -0.0521 0.1280 0.9904
vn -0.0511 0.2326 0.9712
vn -0.0521 0.3302 0.9425
vn -0.0305 -0.4479 0.8936
vn -0.0319 -0.5353 0.8441
vn -0.0564 0.3799 0.9233
vn -0.0593 0.3946 0.9169
vn -0.0620 0.3932 0.9174
vn -0.0728 0.4441 0.8930
vn -0.0691 0.4200 0.9049
vn -0.0313 -0.7022 0.7113
vn -0.0290 -0.7999 0.5995
vn -0.0533 0.0609 0.9967
vn -0.0818 0.5222 0.8489
vn -0.0832 0.5239 0.8477
vn -0.0840 0.5271 0.8457
vn -0.0844 0.5276 0.8453
vn -0.0842 0.5322 0.8424
vn -0.0854 0.5150 0.8530
vn -0.0853 0.5150 0.8530
vn -0.0340 0.8469 0.5307
vn -0.0329 0.8508 0.5244
vn -0.0356 0.8381 0.5443
vn -0.0359 0.8224 0.5678
vn -0.0350 0.8010 0.5977
vn -0.0068 0.8521 0.5234
vn -0.0092 0.8122 0.5832
vn -0.0085 0.8748 0.4844
vn -0.0131 0.8176 0.5757
vn -0.0079 0.8681 0.4964
vn -0.0321 0.6417 0.7663
vn -0.0326 0.8537 0.5197
vn -0.0339 0.8422 0.5382
vn -0.0213 0.7808 0.6244
vn -0.0775 0.6199 0.7809
vn -0.0744 0.6578 0.7495
vn -0.0767 0.6171 0.7831
vn -0.0632 0.6430 0.7633
vn -0.0735 0.6098 0.7892
vn -0.0096 0.8671 0.4980
vn -0.0086 0.8779 0.4787
vn -0.0066 0.8971 0.4418
vn -0.0067 0.8950 0.4459
vn -0.0553 -0.1698 0.9839
vn -0.0531 -0.1873 0.9809
vn -0.0063 0.9003 0.4353
vn -0.0063 0.9002 0.4354
vn -0.0062 0.9001 0.4356
vn -0.0629 -0.0818 0.9947
vn -0.0655 -0.1032 0.9925
vn -0.0629 -0.0811 0.9947
vn -0.0660 -0.1050 0.9923
vn -0.0686 -0.1551 0.9855
vn -0.0513 -0.1898 0.9805
vn -0.0489 -0.1708 0.9841
vn -0.0607 -0.0984 0.9933
vn -0.0608 -0.0988 0.9932
vn -0.0630 0.2187 0.9737
vn -0.0683 0.0681 0.9953
vn -0.0685 0.0607 0.9958
vn -0.0625 0.2215 0.9732
vn -0.0597 0.2510 0.9661
vn -0.0596 0.2523 0.9658
vn -0.0429 -0.4343 0.8997
vn -0.0430 -0.6462 0.7619
vn -0.0429 -0.4328 0.9005
vn -0.0429 -0.6486 0.7599
vn -0.0393 -0.7739 0.6321
vn -0.0393 -0.7741 0.6318
vn -0.0585 0.2517 0.9660
vn -0.0585 0.2525 0.9658
vn -0.0575 0.2909 0.9550
vn -0.0576 0.2867 0.9563
vn -0.0246 0.1686 0.9854
vn -0.0187 0.2960 0.9550
vn -0.0362 -0.2636 0.9640
vn -0.0393 -0.3292 0.9434
vn -0.0363 -0.2624 0.9643
vn -0.0394 -0.3305 0.9430
vn -0.0181 0.8154 0.5786
vn -0.0229 0.8661 0.4993
vn -0.0687 -0.1574 0.9851
vn -0.0705 -0.1168 0.9906
vn -0.0706 -0.1194 0.9903
vn -0.0313 -0.0127 0.9994
vn -0.0312 -0.0047 0.9995
vn -0.0529 0.5427 0.8383
vn -0.0551 0.4487 0.8920
vn -0.0553 0.4407 0.8960
vn -0.0526 0.5577 0.8284
vn -0.0459 0.6853 0.7268
vn -0.0392 -0.0417 0.9984
vn -0.0316 0.8435 0.5362
vn -0.0565 0.3560 0.9328
vn -0.0563 0.3630 0.9301
vn -0.0564 0.3638 0.9298
vn -0.0661 0.4010 0.9137
vn -0.0642 0.4020 0.9134
vn -0.0699 0.3994 0.9141
vn -0.0790 0.3973 0.9143
vn -0.0915 0.3953 0.9140
vn -0.0685 0.3890 0.9187
vn -0.0887 0.3926 0.9154
vn -0.0569 0.3720 0.9265
vn -0.0568 0.3775 0.9243
vn -0.0565 0.3657 0.9290
vn -0.0567 0.3682 0.9280
vn -0.0635 0.4031 0.9130
vn -0.0631 0.4031 0.9130
vn 0.0405 0.6182 -0.7850
vn 0.0451 0.5748 -0.8170
vn 0.9666 0.2480 -0.0648
vn 0.9457 0.2920 -0.1429
vn 0.9461 0.2911 -0.1417
vn 0.8696 0.3740 -0.3224
vn 0.9968 -0.0494 0.0622
vn 0.9977 -0.0089 0.0674
vn 0.9977 -0.0090 0.0673
vn 0.9957 0.0711 0.0600
vn 0.9957 0.0708 0.0600
vn -0.8904 -0.4416 0.1102
vn -0.9207 -0.3902 -0.0020
vn -0.9175 -0.3978 0.0053
vn -0.9641 -0.2494 -0.0913
vn -0.9416 -0.3340 -0.0431
vn -0.9347 -0.3519 -0.0504
vn -0.9347 -0.3518 -0.0503
vn -0.9206 -0.3855 -0.0629
vn 0.9941 -0.0986 0.0456
vn 0.9945 -0.0936 0.0461
vn 0.9941 -0.0987 0.0456
vn 0.9946 -0.0936 0.0460
vn 0.9959 -0.0821 0.0377
vn -0.9089 -0.4155 -0.0356
vn -0.9125 -0.4085 0.0230
vn -0.9090 -0.4153 -0.0359
vn -0.9064 -0.4110 0.0974
vn -0.9063 -0.4110 0.0981
vn 0.9976 -0.0542 0.0421
vn 0.9974 -0.0549 0.0456
vn 0.9974 -0.0549 0.0457
vn 0.9972 -0.0556 0.0501
vn 0.9972 -0.0550 0.0502
vn -0.9005 -0.4121 0.1390
vn -0.8902 -0.4423 0.1093
vn 0.9991 -0.0308 0.0302
vn 0.9971 -0.0677 0.0353
vn 0.9971 -0.0680 0.0353
vn 0.9991 -0.0263 0.0324
vn 0.9991 -0.0265 0.0327
vn 0.9991 -0.0272 0.0340
vn 0.9991 -0.0269 0.0337
vn -0.9852 -0.0978 -0.1410
vn -0.9877 -0.0661 -0.1416
vn -0.9877 -0.0662 -0.1417
vn -0.9810 -0.1427 -0.1314
vn -0.9852 -0.0972 -0.1410
vn -0.9861 0.1027 -0.1309
vn -0.9874 0.1011 -0.1216
vn -0.9874 0.1011 -0.1215
vn -0.9816 0.1213 -0.1478
vn -0.9816 0.1212 -0.1477
vn -0.9661 0.1794 -0.1857
vn -0.9673 0.1792 -0.1794
vn -0.9583 0.1756 -0.2256
vn -0.9584 0.1757 -0.2249
vn -0.9724 0.1591 -0.1706
vn -0.9724 0.1591 -0.1707
vn 0.8668 0.3758 -0.3279
vn 0.7631 0.3875 -0.5172
vn 0.7616 0.3864 -0.5201
vn 0.7288 0.3456 -0.5911
vn 0.6863 0.3767 -0.6221
vn 0.5435 0.4513 -0.7078
vn 0.5448 0.4509 -0.7070
vn 0.6873 0.3759 -0.6215
vn 0.9886 0.1486 0.0239
vn 0.9862 0.1651 0.0153
vn 0.9798 0.1999 -0.0034
vn 0.9798 0.1997 -0.0033
vn -0.9946 0.0625 -0.0827
vn -0.9957 0.0562 -0.0733
vn -0.9957 0.0562 -0.0730
vn -0.9924 0.0767 -0.0961
vn -0.9946 0.0624 -0.0832
vn -0.9786 -0.1695 -0.1164
vn -0.9810 -0.1426 -0.1314
vn -0.9644 -0.2482 -0.0916
vn 0.9992 -0.0260 0.0313
vn 0.9992 -0.0261 0.0314
vn 0.9993 -0.0247 0.0290
vn 0.9907 0.1303 0.0384
vn 0.9907 0.1304 0.0383
vn -0.9983 0.0122 -0.0576
vn -0.9922 -0.1186 -0.0390
vn -0.9983 0.0122 -0.0577
vn 0.9970 -0.0554 0.0547
vn 0.9970 -0.0555 0.0548
vn 0.9968 -0.0554 0.0582
vn -0.9456 -0.3232 -0.0373
vn -0.9428 -0.3308 -0.0404
vn -0.9456 -0.3231 -0.0372
vn -0.9416 -0.3341 -0.0430
vn -0.9010 -0.4283 -0.0689
vn -0.9017 -0.4283 -0.0592
vn -0.9017 -0.4283 -0.0593
vn 0.9973 -0.0656 0.0343
vn 0.9973 -0.0656 0.0344
vn 0.9978 -0.0556 0.0364
vn 0.9978 -0.0554 0.0369
vn 0.9968 -0.0554 0.0580
vn 0.9967 -0.0551 0.0599
vn 0.9967 -0.0553 0.0601
vn -0.9921 -0.1192 -0.0392
vn -0.9646 -0.2617 -0.0329
vn -0.9645 -0.2621 -0.0330
vn 0.0403 0.5191 -0.8538
vn 0.0429 0.5897 -0.8064
vn 0.0429 0.5897 -0.8065
vn 0.0553 0.4958 -0.8666
vn 0.0714 0.4346 -0.8978
vn 0.0310 0.4371 -0.8989
vn 0.0713 0.4347 -0.8978
vn 0.2165 0.4262 -0.8783
vn 0.0910 0.4107 -0.9072
vn 0.2033 0.5092 -0.8363
vn 0.0682 0.4324 -0.8991
vn 0.0682 0.4325 -0.8991
vn 0.0345 0.4676 -0.8833
vn 0.0553 0.4957 -0.8667
vn -0.9524 0.0887 -0.2915
vn -0.9554 0.0896 -0.2815
vn -0.9553 0.0900 -0.2817
vn -0.9097 0.1953 -0.3664
vn -0.9525 0.0886 -0.2915
vn 0.4192 0.4580 -0.7839
vn 0.3892 0.4230 -0.8183
vn 0.4195 0.4583 -0.7836
vn 0.9978 -0.0540 0.0391
vn 0.9978 -0.0538 0.0397
vn 0.9976 -0.0543 0.0420
vn -0.9204 -0.3858 -0.0631
vn -0.9067 -0.4155 -0.0719
vn -0.9067 -0.4156 -0.0719
vn 0.2781 0.8345 -0.4756
vn 0.0516 0.8574 -0.5121
vn 0.2782 0.8345 -0.4756
vn 0.8827 0.4362 -0.1749
vn 0.6011 0.5822 -0.5475
vn 0.9785 0.1977 -0.0594
vn 0.9790 0.1953 -0.0576
vn 0.5847 0.5850 -0.5620
vn -0.9468 0.2247 -0.2303
vn -0.9626 0.1785 -0.2040
vn -0.6827 0.5934 -0.4263
vn -0.1502 0.8398 -0.5217
vn -0.1501 0.8398 -0.5217
vn 0.9626 -0.1783 0.2039
vn 0.9630 -0.1771 0.2032
vn 0.9634 -0.1758 0.2025
vn -0.9297 0.2655 -0.2554
vn -0.8380 0.4054 -0.3651
vn -0.9587 0.1909 -0.2111
vn -0.9622 0.1795 -0.2046
vn 0.9771 -0.1243 0.1726
vn 0.8827 0.4362 -0.1750
vn -0.9502 0.1430 -0.2770
vn -0.9501 0.1419 -0.2778
vn 0.3536 0.4116 -0.8400
vn 0.3536 0.4117 -0.8399
vn 0.3892 0.4231 -0.8183
vn 0.9688 -0.1574 0.1914
vn 0.9688 -0.1573 0.1913
vn -0.8241 0.3761 -0.4235
vn -0.8223 0.3796 -0.4239
vn -0.8377 0.4058 -0.3654
vn 0.0312 0.4459 -0.8945
vn 0.0312 0.4460 -0.8945
vn 0.9718 0.2334 -0.0320
vn 0.9719 0.2333 -0.0319
vn -0.9894 0.0945 -0.1107
vn -0.9894 0.0944 -0.1107
vn -0.0006 0.9998 0.0199
vn 0.3520 0.9309 -0.0978
vn -0.9669 -0.0000 0.2552
vn -0.9496 -0.0000 0.3134
vn -0.9673 -0.0000 0.2538
vn 0.7756 0.6031 -0.1862
vn 0.4881 0.8727 0.0153
vn 0.7867 0.6169 0.0246
vn 0.0006 -0.9998 -0.0199
vn -0.0011 0.9994 0.0340
vn 0.3796 0.9223 -0.0721
vn -0.0010 0.9994 0.0340
vn -0.9995 -0.0000 -0.0313
vn 0.7668 0.5948 -0.2414
vn 0.4460 0.8890 -0.1035
vn -0.0000 -1.0000 -0.0000
vn -0.0000 1.0000 -0.0000
vn -0.9784 -0.0000 0.2065
vn -0.9650 -0.0000 0.2623
vn -0.9790 -0.0000 0.2041
vn 0.8034 0.5778 -0.1440
vn 0.4981 0.8670 0.0156
vn 0.8098 0.5862 0.0253
vn 0.0011 -0.9994 -0.0340
vn 0.7965 0.5716 -0.1972
vn 0.4652 0.8824 -0.0709
vn 0.3453 0.9308 0.1197
vn 0.0006 0.9998 -0.0199
vn 0.0007 0.9998 -0.0198
vn -0.9282 -0.0000 -0.3722
vn -0.9490 -0.0000 -0.3152
vn -0.9495 -0.0000 -0.3138
vn 0.7625 0.6031 0.2343
vn 0.4387 0.8890 0.1312
vn -0.0006 -0.9998 0.0199
vn 0.3743 0.9223 0.0957
vn 0.0011 0.9994 -0.0340
vn 0.7502 0.5948 0.2888
vn -0.9467 -0.0000 -0.3221
vn -0.9636 -0.0000 -0.2673
vn -0.9643 -0.0000 -0.2649
vn 0.7928 0.5778 0.1939
vn 0.4598 0.8824 0.0998
vn -0.0011 -0.9994 0.0340
vn -0.0010 -0.9994 0.0340
vn 0.7826 0.5716 0.2466
vn 0.9241 -0.0045 -0.3822
vn 0.7942 -0.0924 -0.6006
vn 0.9307 0.0011 -0.3658
vn 0.6809 -0.1851 -0.7086
vn 0.9405 -0.0008 -0.3399
vn 0.9472 0.0922 -0.3072
vn 0.9497 0.1259 -0.2866
vn 0.9652 0.0039 -0.2615
vn 0.8156 0.0867 -0.5720
vn 0.9463 -0.0801 -0.3131
vn 0.8535 0.1047 -0.5105
vn 0.8367 -0.0496 -0.5455
vn 0.9297 0.0755 -0.3605
vn 0.6410 0.7419 -0.1969
vn 0.7850 0.1253 -0.6067
vn 0.9549 -0.0540 -0.2919
vn 0.8805 0.1037 -0.4626
vn 0.8593 -0.0260 -0.5107
vn 0.9216 -0.0763 -0.3806
vn 0.8494 0.0978 -0.5186
vn 0.7765 -0.2817 -0.5636
vn 0.9432 0.1428 -0.3000
vn 0.9450 0.0162 -0.3266
vn 0.7754 -0.1549 -0.6122
vn 0.9271 -0.0516 -0.3713
vn 0.7022 -0.2155 -0.6786
vn 0.9373 0.0394 -0.3462
vn 0.7990 -0.2935 -0.5249
vn 0.9526 0.0873 -0.2915
vn 0.9444 0.1400 -0.2976
vn 0.9514 0.0065 -0.3078
vn 0.7880 0.0911 -0.6089
vn 0.9507 0.1018 -0.2929
vn 0.9466 0.0145 -0.3221
vn 0.9477 -0.0052 -0.3190
vn 0.9544 -0.0482 -0.2945
vn 0.9590 -0.0003 -0.2835
vn 0.9448 -0.0152 -0.3273
vn 0.9388 -0.0766 -0.3358
vn 0.9399 -0.0155 -0.3411
vn 0.9603 0.0053 -0.2790
vn 0.9391 -0.0696 -0.3366
vn 0.9430 -0.0531 -0.3287
vn 0.9467 0.0001 -0.3220
vn 0.8063 -0.0891 -0.5848
vn 0.8410 -0.0255 -0.5404
vn 0.9617 -0.0000 -0.2740
vn 0.8123 -0.0476 -0.5813
vn 0.9450 0.0910 -0.3141
vn 0.9425 -0.0010 -0.3341
vn 0.7705 -0.1739 -0.6132
vn 0.9462 0.0062 -0.3236
vn 0.9985 -0.0452 0.0313
vn 0.9986 -0.0428 0.0312
vn 0.9833 0.1795 0.0307
vn 0.9868 0.1588 0.0309
vn 0.7672 0.0569 -0.6389
vn 0.8679 0.0996 -0.4866
vn 0.9995 0.0007 0.0313
vn 0.9995 -0.0000 0.0313
vn 0.3014 -0.8555 -0.4211
vn 0.7773 -0.1665 -0.6067
vn 0.3136 -0.7931 -0.5223
vn -0.9293 0.0628 0.3638
vn -0.9241 0.0046 0.3822
vn -0.9306 -0.0009 0.3659
vn -0.9405 0.0004 0.3399
vn -0.8761 0.0296 0.4812
vn -0.8606 -0.0415 0.5076
vn -0.9652 -0.0039 0.2615
vn -0.8701 -0.1031 0.4821
vn -0.9600 -0.1045 0.2598
vn -0.9403 -0.1185 0.3191
vn -0.8093 0.0767 0.5824
vn -0.9452 0.0557 0.3218
vn -0.6412 -0.7533 0.1466
vn -0.9051 -0.1756 0.3871
vn -0.4827 -0.8710 0.0913
vn -0.9605 -0.1147 0.2536
vn -0.8277 0.0659 0.5573
vn -0.9647 0.0283 0.2620
vn -0.7819 0.1098 0.6136
vn -0.9335 -0.1304 0.3340
vn -0.7534 0.2297 0.6161
vn -0.9450 -0.0163 0.3266
vn -0.8646 -0.1074 0.4909
vn -0.9445 -0.1153 0.3076
vn -0.7647 0.2821 0.5794
vn -0.8548 0.0865 0.5117
vn -0.7783 0.1781 0.6021
vn -0.9463 0.0718 0.3153
vn -0.9514 -0.0064 0.3078
vn -0.8646 -0.1098 0.4903
vn -0.9445 -0.1146 0.3079
vn -0.7771 0.1727 0.6052
vn -0.9466 -0.0146 0.3221
vn -0.8072 0.2844 0.5172
vn -0.9477 0.0052 0.3190
vn -0.9589 -0.0001 0.2836
vn -0.7919 0.2826 0.5414
vn -0.9448 0.0152 0.3273
vn -0.9399 0.0156 0.3412
vn -0.9603 -0.0054 0.2790
vn -0.8069 0.1015 0.5818
vn -0.9328 0.0560 0.3561
vn -0.9467 -0.0001 0.3220
vn -0.9423 0.0782 0.3256
vn -0.7794 0.2996 0.5502
vn -0.9609 0.0282 0.2753
vn -0.9617 -0.0000 0.2740
vn -0.9460 0.0551 0.3196
vn -0.7651 0.1807 0.6181
vn -0.9425 0.0010 0.3341
vn -0.9445 -0.0926 0.3153
vn -0.9462 -0.0062 0.3236
vn -0.9247 0.0296 0.3796
vn -0.9985 0.0452 -0.0313
vn -0.9833 -0.1795 -0.0307
vn -0.9868 -0.1588 -0.0309
vn -0.8752 -0.1116 0.4708
vn -0.9470 -0.1280 0.2946
vn -0.9995 -0.0007 -0.0313
vn -0.9986 0.0428 -0.0313
vn -0.4508 0.8160 0.3618
vn -0.5705 0.2870 0.7695
vn -0.6064 0.0202 0.7949
vn 0.0194 -0.7837 -0.6209
vn -0.0211 0.7381 0.6743
vn -0.0312 0.0637 0.9975
vn 0.0047 -0.9889 -0.1486
vn 0.0045 -0.9896 -0.1438
vn 0.0210 -0.7421 -0.6699
vn 0.0313 -0.0036 -0.9995
vn -0.0207 0.7511 0.6598
vn -0.0034 0.9942 0.1077
vn 0.0313 -0.0029 -0.9995
vn -0.0217 0.7199 0.6937
vn -0.0313 0.0283 0.9991
vn -0.0039 0.9920 0.1260
vn -0.0309 0.1417 0.9894
vn 0.0197 -0.7763 -0.6300
vn -0.0176 0.8275 0.5612
vn -0.0018 0.9984 0.0566
vn -0.0025 0.9969 0.0783
vn 0.0005 0.9999 -0.0152
vn -0.0202 0.7635 0.6455
vn -0.0309 0.1538 0.9876
vn -0.0030 0.9954 0.0954
vn -0.0029 0.9955 0.0948
vn -0.0020 0.9979 0.0647
vn 0.0039 -0.9923 -0.1239
vn 0.0040 -0.9918 -0.1280
vn 0.0037 -0.9930 -0.1183
vn 0.0021 -0.9977 -0.0673
vn 0.0022 -0.9974 -0.0716
vn -0.0007 0.9998 0.0208
vn -0.0002 1.0000 0.0052
vn 0.0035 -0.9938 -0.1107
vn 0.0035 -0.9937 -0.1118
vn -0.0312 0.0783 0.9964
vn -0.0169 0.8424 0.5386
vn -0.0165 0.8501 0.5264
vn -0.0018 0.9984 0.0563
vn 0.0039 -0.9923 -0.1241
vn 0.0040 -0.9919 -0.1269
vn 0.0024 -0.9969 -0.0781
vn 0.0029 -0.9958 -0.0916
vn 0.0031 -0.9950 -0.1002
vn 0.0019 -0.9982 -0.0605
vn -0.0165 0.8497 0.5271
vn -0.0020 0.9981 0.0622
vn -0.0018 0.9984 0.0567
vn 0.0023 -0.9973 -0.0738
vn -0.0035 0.9937 0.1122
vn 0.0018 -0.9983 -0.0580
vn 0.0018 -0.9983 -0.0581
vn -0.0312 0.0506 0.9982
vn 0.0021 -0.9978 -0.0664
vn -0.0020 0.9979 0.0643
vn 0.0132 -0.9068 -0.4214
vn 0.0042 -0.9911 -0.1328
vn 0.0313 -0.0027 -0.9995
vn -0.0308 0.1773 0.9837
vn 0.0018 -0.9984 -0.0572
vn 0.0311 -0.0909 -0.9954
vn 0.0011 -0.9994 -0.0350
vn 0.0011 -0.9994 -0.0358
vn -0.0311 0.1026 0.9942
vn 0.0161 -0.8569 -0.5152
vn 0.0008 -0.9997 -0.0242
vn 0.0313 -0.0089 -0.9995
vn 0.0308 -0.1712 -0.9848
vn 0.0312 -0.0767 -0.9966
vn 0.0160 -0.8594 -0.5110
vn 0.0008 -0.9997 -0.0247
vn 0.7551 -0.0924 0.6490
vn 0.8984 -0.0045 0.4392
vn 0.9059 0.0010 0.4234
vn 0.9173 -0.0004 0.3981
vn 0.6469 -0.1468 0.7483
vn 0.9261 0.0922 0.3658
vn 0.9469 0.0039 0.3214
vn 0.9300 0.1258 0.3453
vn 0.7783 0.0867 0.6219
vn 0.8199 0.1047 0.5629
vn 0.9249 -0.0801 0.3717
vn 0.8009 -0.0496 0.5967
vn 0.9142 0.0652 0.4000
vn 0.6599 0.7160 0.2276
vn 0.9028 0.1510 0.4027
vn 0.8498 0.1037 0.5168
vn 0.9348 -0.0539 0.3510
vn 0.8258 -0.0259 0.5634
vn 0.8960 -0.0763 0.4375
vn 0.8154 0.0978 0.5706
vn 0.9139 0.0394 0.4041
vn 0.9228 0.0163 0.3850
vn 0.9226 0.1428 0.3584
vn 0.7356 -0.1548 0.6595
vn 0.9020 -0.0516 0.4286
vn 0.6584 -0.2155 0.7211
vn 0.9325 0.0873 0.3505
vn 0.7646 -0.2935 0.5738
vn 0.9303 0.0064 0.3667
vn 0.9239 0.1400 0.3561
vn 0.7484 0.0910 0.6570
vn 0.9305 0.1019 0.3518
vn 0.9246 0.0145 0.3806
vn 0.9341 -0.0482 0.3537
vn 0.9259 -0.0052 0.3776
vn 0.9393 0.0001 0.3431
vn 0.9160 -0.0766 0.3938
vn 0.9225 -0.0152 0.3857
vn 0.9167 -0.0155 0.3993
vn 0.9409 0.0054 0.3385
vn 0.9162 -0.0696 0.3946
vn 0.7398 -0.2817 0.6110
vn 0.9248 -0.0000 0.3806
vn 0.7681 -0.0892 0.6341
vn 0.9206 -0.0531 0.3870
vn 0.8056 -0.0255 0.5919
vn 0.9427 -0.0000 0.3336
vn 0.7743 -0.0476 0.6310
vn 0.9235 0.0910 0.3726
vn 0.9198 -0.0010 0.3924
vn 0.7309 -0.1739 0.6600
vn 0.9241 0.0062 0.3821
vn 0.7530 0.1287 0.6453
vn 0.7258 0.0569 0.6856
vn 0.8358 0.0996 0.5399
vn 0.7588 -0.0487 0.6495
vn 0.3133 -0.8329 0.4561
vn 0.2803 -0.7930 0.5409
vn 0.5555 -0.0202 0.8313
vn -0.8984 0.0045 -0.4392
vn -0.9048 0.0628 -0.4213
vn -0.9060 -0.0011 -0.4233
vn -0.8484 -0.0387 -0.5280
vn -0.9174 0.0004 -0.3981
vn -0.8272 -0.0415 -0.5604
vn -0.8381 -0.1032 -0.5356
vn -0.9470 -0.0040 -0.3214
vn -0.9419 -0.1045 -0.3193
vn -0.7713 0.0767 -0.6319
vn -0.9185 -0.1185 -0.3772
vn -0.9232 0.0557 -0.3802
vn -0.6440 -0.7422 -0.1855
vn -0.9028 -0.1511 -0.4027
vn -0.9062 0.0391 -0.4209
vn -0.7913 0.0658 -0.6079
vn -0.9428 -0.1148 -0.3130
vn -0.9464 0.0282 -0.3217
vn -0.7420 0.1098 -0.6613
vn -0.9109 -0.1303 -0.3916
vn -0.9087 0.0560 -0.4137
vn -0.8322 -0.1074 -0.5440
vn -0.9228 -0.0163 -0.3850
vn -0.9234 -0.1153 -0.3660
vn -0.7270 0.2821 -0.6261
vn -0.8211 0.0865 -0.5641
vn -0.7134 0.2297 -0.6620
vn -0.9247 0.0718 -0.3739
vn -0.7391 0.1781 -0.6496
vn -0.8322 -0.1098 -0.5434
vn -0.9303 -0.0065 -0.3667
vn -0.9234 -0.1146 -0.3663
vn -0.7377 0.1727 -0.6527
vn -0.9246 -0.0145 -0.3806
vn -0.9259 0.0052 -0.3776
vn -0.7733 0.2844 -0.5666
vn -0.9393 -0.0001 -0.3431
vn -0.9225 0.0152 -0.3857
vn -0.7565 0.2826 -0.5898
vn -0.9167 0.0155 -0.3993
vn -0.9409 -0.0054 -0.3385
vn -0.7690 0.1015 -0.6312
vn -0.7435 0.2996 -0.5979
vn -0.9248 -0.0001 -0.3806
vn -0.9201 0.0782 -0.3839
vn -0.9420 0.0282 -0.3345
vn -0.9427 -0.0000 -0.3336
vn -0.9241 0.0551 -0.3781
vn -0.7249 0.1807 -0.6647
vn -0.9198 0.0010 -0.3924
vn -0.9229 -0.0926 -0.3737
vn -0.9241 -0.0062 -0.3821
vn -0.8440 -0.1116 -0.5245
vn -0.9267 -0.1281 -0.3533
vn -0.5769 0.0849 -0.8124
vn -0.4669 0.7833 -0.4105
vn -0.5555 0.0202 -0.8313
vn -0.0194 -0.7837 0.6209
vn -0.0310 -0.1230 0.9919
vn 0.0211 0.7381 -0.6744
vn 0.0312 0.0637 -0.9975
vn -0.0041 -0.9913 0.1316
vn -0.0043 -0.9905 0.1374
vn -0.0210 -0.7421 0.6700
vn -0.0312 -0.0741 0.9968
vn -0.0313 -0.0036 0.9995
vn 0.0206 0.7511 -0.6598
vn 0.0034 0.9942 -0.1077
vn -0.0313 -0.0029 0.9995
vn 0.0217 0.7199 -0.6937
vn 0.0313 0.0283 -0.9991
vn 0.0034 0.9941 -0.1081
vn 0.0310 0.1417 -0.9894
vn -0.0197 -0.7763 0.6300
vn -0.0310 -0.1329 0.9906
vn 0.0175 0.8275 -0.5612
vn 0.0018 0.9984 -0.0566
vn 0.0024 0.9969 -0.0783
vn -0.0005 0.9999 0.0152
vn 0.0202 0.7635 -0.6455
vn 0.0309 0.1538 -0.9876
vn 0.0030 0.9954 -0.0954
vn 0.0030 0.9955 -0.0947
vn 0.0020 0.9979 -0.0643
vn -0.0040 -0.9918 0.1280
vn -0.0039 -0.9923 0.1239
vn -0.0037 -0.9930 0.1184
vn -0.0022 -0.9974 0.0716
vn -0.0021 -0.9977 0.0673
vn 0.0006 0.9998 -0.0208
vn -0.5050 0.4762 -0.7198
vn -0.0035 -0.9938 0.1107
vn -0.0035 -0.9937 0.1118
vn 0.0312 0.0783 -0.9964
vn 0.0165 0.8501 -0.5264
vn 0.0018 0.9984 -0.0563
vn -0.0040 -0.9919 0.1269
vn -0.0039 -0.9923 0.1241
vn -0.0029 -0.9958 0.0916
vn -0.0024 -0.9969 0.0781
vn -0.0031 -0.9950 0.1002
vn -0.0019 -0.9982 0.0605
vn 0.0165 0.8497 -0.5271
vn 0.0020 0.9981 -0.0622
vn 0.0169 0.8424 -0.5386
vn 0.0017 0.9984 -0.0567
vn -0.0023 -0.9973 0.0738
vn 0.0035 0.9937 -0.1122
vn -0.0018 -0.9983 0.0580
vn 0.0312 0.0506 -0.9982
vn 0.0020 0.9979 -0.0647
vn -0.0021 -0.9978 0.0664
vn -0.0134 -0.9032 0.4289
vn -0.0042 -0.9911 0.1328
vn -0.0313 -0.0027 0.9995
vn 0.0308 0.1773 -0.9837
vn 0.0002 1.0000 -0.0052
vn -0.0018 -0.9984 0.0572
vn -0.0312 -0.0909 0.9954
vn -0.0011 -0.9994 0.0350
vn -0.0011 -0.9994 0.0358
vn 0.0018 0.9984 -0.0567
vn 0.0311 0.1026 -0.9942
vn -0.0008 -0.9997 0.0242
vn -0.0161 -0.8569 0.5152
vn -0.0313 -0.0089 0.9995
vn -0.0308 -0.1712 0.9848
vn -0.0312 -0.0767 0.9966
vn -0.0008 -0.9997 0.0247
vn -0.0160 -0.8594 0.5110
vn 0.0260 -0.0500 -0.9984
vn 0.0006 -0.7763 -0.6304
vn 0.0103 0.2355 -0.9718
vn 0.0002 0.8862 0.4632
vn -0.0852 0.5147 0.8531
vn 0.9666 0.2480 -0.0650
vn -0.9126 -0.4084 0.0210
vn 0.9991 -0.0309 0.0305
vn -0.9861 0.1026 -0.1308
vn -0.9673 0.1793 -0.1794
vn 0.7287 0.3458 -0.5911
vn 0.9886 0.1486 0.0240
vn -0.9924 0.0768 -0.0961
vn -0.9786 -0.1695 -0.1165
vn -0.9429 -0.3306 -0.0405
vn -0.9010 -0.4282 -0.0689
vn 0.2166 0.4262 -0.8783
vn 0.1985 0.5046 -0.8402
vn 0.0345 0.4676 -0.8832
vn -0.9113 0.1918 -0.3644
vn 0.0515 0.8574 -0.5121
vn -0.6828 0.5933 -0.4263
vn 0.9051 0.1756 -0.3872
vn 0.5705 -0.2870 -0.7695
vn 0.6064 -0.0202 -0.7949
vn -0.4457 0.6553 0.6098
vn 0.0310 -0.1230 -0.9919
vn 0.0312 -0.0741 -0.9968
vn 0.0310 -0.1329 -0.9906
vn 0.0046 -0.9892 -0.1465
vn 0.0007 -0.9998 -0.0215
vn 0.0011 -0.9994 -0.0351
vn 0.5769 -0.0849 0.8124
vn -0.4674 -0.8783 -0.1007
vn -0.0046 -0.9892 0.1466
vn -0.0006 -0.9998 0.0180
vt 0.222093 0.989299
vt 0.214258 0.987562
vt 0.222171 0.984933
vt 0.222015 0.993663
vt 0.214186 0.991943
vt 0.214116 0.996322
vt 0.205754 0.993740
vt 0.205815 0.989346
vt 0.435961 0.221470
vt 0.435407 0.381023
vt 0.425682 0.381734
vt 0.044645 0.267282
vt 0.060896 0.424013
vt 0.049142 0.428102
vt 0.062229 0.586057
vt 0.051929 0.587361
vt 0.425950 0.538132
vt 0.415197 0.539416
vt 0.395458 0.788794
vt 0.400798 0.835309
vt 0.393737 0.837993
vt 0.407794 0.671513
vt 0.414528 0.784178
vt 0.402575 0.786349
vt 0.036082 0.836244
vt 0.046065 0.722384
vt 0.047899 0.840540
vt 0.412875 0.832649
vt 0.216986 0.848403
vt 0.211356 0.722933
vt 0.220188 0.721655
vt 0.223820 0.900772
vt 0.225060 0.846248
vt 0.215798 0.903113
vt 0.208308 0.849850
vt 0.185739 0.723408
vt 0.166836 0.580757
vt 0.188708 0.579745
vt 0.529564 0.867952
vt 0.561665 0.864881
vt 0.529563 0.870118
vt 0.561666 0.862836
vt 0.593603 0.861087
vt 0.593601 0.863040
vt 0.561663 0.866925
vt 0.529561 0.872285
vt 0.393598 0.874039
vt 0.401091 0.893600
vt 0.394204 0.896661
vt 0.400568 0.871141
vt 0.412531 0.867546
vt 0.412874 0.889048
vt 0.478046 0.867303
vt 0.467024 0.854262
vt 0.478080 0.852320
vt 0.466997 0.869797
vt 0.455674 0.857009
vt 0.455953 0.826617
vt 0.467267 0.825076
vt 0.478291 0.823672
vt 0.467811 0.779199
vt 0.458577 0.666630
vt 0.468949 0.665869
vt 0.478746 0.778054
vt 0.456726 0.780187
vt 0.439210 0.667998
vt 0.435859 0.781964
vt 0.561524 0.528984
vt 0.593684 0.656101
vt 0.562127 0.657807
vt 0.529957 0.772858
vt 0.501184 0.662918
vt 0.530460 0.660330
vt 0.561886 0.769935
vt 0.418372 0.382669
vt 0.408000 0.540939
vt 0.079366 0.723234
vt 0.064139 0.843921
vt 0.063034 0.723340
vt 0.098742 0.845435
vt 0.079513 0.897655
vt 0.079341 0.844703
vt 0.064937 0.896542
vt 0.479680 0.664889
vt 0.099040 0.982746
vt 0.081329 0.985257
vt 0.081202 0.980904
vt 0.099143 0.987137
vt 0.081457 0.989609
vt 0.067466 0.987992
vt 0.067324 0.983660
vt 0.067184 0.979327
vt 0.023771 0.831414
vt 0.035751 0.720096
vt 0.099526 0.723144
vt 0.044314 0.588508
vt 0.079220 0.584904
vt 0.099923 0.583883
vt 0.037273 0.953932
vt 0.049896 0.932024
vt 0.050486 0.957691
vt 0.023594 0.950390
vt 0.036985 0.927706
vt 0.023590 0.923408
vt 0.036520 0.887911
vt 0.048974 0.892528
vt 0.058496 0.959957
vt 0.065862 0.936016
vt 0.066611 0.961344
vt 0.057753 0.934579
vt 0.056680 0.895186
vt 0.078851 0.420944
vt 0.470252 0.535504
vt 0.480674 0.534730
vt 0.032577 0.436062
vt 0.035097 0.589087
vt 0.464769 0.380135
vt 0.472740 0.379904
vt 0.460911 0.536027
vt 0.443799 0.536935
vt 0.100197 0.418545
vt 0.419263 0.669750
vt 0.434632 0.829434
vt 0.228374 0.719904
vt 0.053521 0.723289
vt 0.224119 0.577081
vt 0.232440 0.575765
vt 0.532939 0.219724
vt 0.561390 0.375308
vt 0.531225 0.376734
vt 0.505465 0.220639
vt 0.592526 0.527737
vt 0.591659 0.374522
vt 0.219447 0.405786
vt 0.228684 0.404855
vt 0.215105 0.578190
vt 0.400646 0.673513
vt 0.450513 0.380487
vt 0.237185 0.404030
vt 0.233000 0.229319
vt 0.241736 0.228998
vt 0.055498 0.842867
vt 0.026536 0.073891
vt 0.038784 0.083134
vt 0.027214 0.094273
vt 0.026314 0.067081
vt 0.038326 0.062083
vt 0.038177 0.055026
vt 0.054390 0.049700
vt 0.054594 0.071512
vt 0.593664 0.767864
vt 0.034902 0.274722
vt 0.040736 0.432462
vt 0.234877 0.150119
vt 0.243743 0.150049
vt 0.223506 0.230063
vt 0.457396 0.221399
vt 0.469113 0.221558
vt 0.225251 0.150724
vt 0.442793 0.020837
vt 0.448757 0.042132
vt 0.441150 0.041770
vt 0.443346 0.013792
vt 0.450424 0.021278
vt 0.458388 0.014856
vt 0.457880 0.021849
vt 0.456371 0.042629
vt 0.485337 0.221329
vt 0.477290 0.150416
vt 0.486618 0.150301
vt 0.475821 0.221597
vt 0.077443 0.254438
vt 0.099597 0.250334
vt 0.471153 0.150246
vt 0.075988 0.177624
vt 0.098700 0.173019
vt 0.058285 0.259904
vt 0.482691 0.379389
vt 0.501777 0.533122
vt 0.056146 0.183798
vt 0.562521 0.218888
vt 0.533846 0.149402
vt 0.563184 0.148966
vt 0.592285 0.218523
vt 0.098417 0.105338
vt 0.075175 0.063053
vt 0.098416 0.056783
vt 0.075390 0.110815
vt 0.055119 0.118182
vt 0.487821 0.088712
vt 0.479718 0.044597
vt 0.488726 0.044853
vt 0.478673 0.088628
vt 0.473095 0.088331
vt 0.474571 0.044204
vt 0.455707 0.873801
vt 0.434295 0.862133
vt 0.434465 0.881336
vt 0.245616 0.081438
vt 0.238008 0.032177
vt 0.247050 0.032512
vt 0.236646 0.081275
vt 0.226915 0.081700
vt 0.228209 0.032448
vt 0.031111 0.200673
vt 0.041598 0.192272
vt 0.460593 0.149853
vt 0.444737 0.221323
vt 0.449043 0.149494
vt 0.593637 0.812136
vt 0.561757 0.814496
vt 0.529710 0.817799
vt 0.433196 0.149427
vt 0.428535 0.221790
vt 0.440683 0.149384
vt 0.021023 0.282592
vt 0.027369 0.280092
vt 0.024764 0.437731
vt 0.025617 0.588569
vt 0.023572 0.206482
vt 0.017578 0.209587
vt 0.013859 0.088649
vt 0.019731 0.101622
vt 0.014407 0.107821
vt 0.013677 0.082257
vt 0.019057 0.081639
vt 0.018835 0.074972
vt 0.507624 0.088746
vt 0.508406 0.045259
vt 0.534694 0.088786
vt 0.506580 0.149915
vt 0.023569 0.883028
vt 0.465992 0.043435
vt 0.475276 0.023581
vt 0.467101 0.022740
vt 0.467475 0.015775
vt 0.475514 0.016640
vt 0.164559 0.723284
vt 0.142764 0.581870
vt 0.140365 0.847119
vt 0.141219 0.723165
vt 0.530508 0.531009
vt 0.192058 0.408687
vt 0.171368 0.238194
vt 0.194983 0.234305
vt 0.169362 0.411127
vt 0.145469 0.242533
vt 0.144427 0.413816
vt 0.163138 0.848283
vt 0.183514 0.849398
vt 0.197346 0.086062
vt 0.173577 0.040496
vt 0.198327 0.036514
vt 0.196147 0.155234
vt 0.172852 0.090225
vt 0.172039 0.159431
vt 0.145995 0.095144
vt 0.146450 0.045443
vt 0.145594 0.164172
vt 0.181480 0.988998
vt 0.160822 0.992303
vt 0.160811 0.987859
vt 0.181458 0.993422
vt 0.160834 0.996746
vt 0.138131 0.995299
vt 0.138084 0.990849
vt 0.138039 0.986399
vt 0.162560 0.902563
vt 0.139906 0.901084
vt 0.500447 0.775812
vt 0.500088 0.821127
vt 0.503236 0.378245
vt 0.478043 0.877256
vt 0.499886 0.875418
vt 0.478042 0.879656
vt 0.499887 0.873126
vt 0.499885 0.877709
vt 0.478041 0.882057
vt 0.204233 0.578981
vt 0.535323 0.045793
vt 0.563806 0.088901
vt 0.593479 0.047120
vt 0.564265 0.046399
vt 0.592738 0.148906
vt 0.200780 0.723418
vt 0.207193 0.904658
vt 0.198008 0.850079
vt 0.182718 0.903959
vt 0.314053 0.699472
vt 0.285508 0.566945
vt 0.319720 0.560626
vt 0.195842 0.989685
vt 0.205693 0.998133
vt 0.195796 0.994093
vt 0.181437 0.997846
vt 0.208198 0.406965
vt 0.211829 0.231625
vt 0.213357 0.152341
vt 0.216027 0.033836
vt 0.214849 0.083224
vt 0.280535 0.707961
vt 0.257966 0.571566
vt 0.276512 0.831395
vt 0.253488 0.714215
vt 0.391372 0.676382
vt 0.381607 0.547065
vt 0.398558 0.543134
vt 0.326514 0.394894
vt 0.297137 0.227369
vt 0.333249 0.226118
vt 0.291355 0.398742
vt 0.268372 0.228228
vt 0.263226 0.401522
vt 0.309589 0.820851
vt 0.339093 0.084162
vt 0.303860 0.035315
vt 0.341152 0.037127
vt 0.336312 0.150142
vt 0.302114 0.083119
vt 0.299751 0.150172
vt 0.272786 0.082250
vt 0.274367 0.033861
vt 0.270678 0.150114
vt 0.307952 0.873170
vt 0.274981 0.884638
vt 0.249837 0.839178
vt 0.305968 0.957991
vt 0.272835 0.966863
vt 0.306053 0.953807
vt 0.305883 0.962174
vt 0.272728 0.971132
vt 0.272622 0.975400
vt 0.246410 0.980658
vt 0.246506 0.976338
vt 0.408522 0.384035
vt 0.374727 0.681533
vt 0.386267 0.792317
vt 0.369745 0.798663
vt 0.399910 0.223157
vt 0.418292 0.222279
vt 0.404058 0.149684
vt 0.422767 0.149518
vt 0.390838 0.386484
vt 0.412420 0.019151
vt 0.430355 0.041284
vt 0.410993 0.040402
vt 0.412901 0.011998
vt 0.431921 0.020237
vt 0.432448 0.013154
vt 0.241787 0.574226
vt 0.367713 0.885756
vt 0.384944 0.900980
vt 0.367964 0.908965
vt 0.368094 0.848857
vt 0.384419 0.878178
vt 0.384596 0.841858
vt 0.237573 0.717820
vt 0.234138 0.843660
vt 0.018174 0.586708
vt 0.012348 0.711835
vt 0.013095 0.584564
vt 0.251503 0.228716
vt 0.246722 0.403112
vt 0.255594 0.081734
vt 0.257087 0.033006
vt 0.253628 0.150071
vt 0.248448 0.893089
vt 0.232842 0.897957
vt 0.231083 0.981782
vt 0.246314 0.984978
vt 0.230998 0.986131
vt 0.230913 0.990479
vt 0.025030 0.717062
vt 0.015535 0.827720
vt 0.017259 0.714129
vt 0.009575 0.710472
vt 0.006395 0.823096
vt 0.007512 0.709457
vt 0.018216 0.436804
vt 0.013432 0.434841
vt 0.010177 0.583202
vt 0.010766 0.825335
vt 0.007697 0.876588
vt 0.008131 0.823985
vt 0.006124 0.875882
vt 0.009390 0.966830
vt 0.006370 0.970731
vt 0.006451 0.966410
vt 0.009334 0.971267
vt 0.006281 0.975533
vt 0.004624 0.974883
vt 0.004720 0.970249
vt 0.004805 0.966069
vt 0.008374 0.279433
vt 0.007997 0.432262
vt 0.006489 0.278592
vt 0.010638 0.433515
vt 0.120757 0.582900
vt 0.011053 0.280595
vt 0.006462 0.157325
vt 0.003209 0.127882
vt 0.005585 0.123245
vt 0.007903 0.210498
vt 0.004016 0.159530
vt 0.005342 0.210346
vt 0.002558 0.160844
vt 0.001793 0.130644
vt 0.003821 0.210259
vt 0.010337 0.877702
vt 0.007278 0.919119
vt 0.010017 0.919808
vt 0.006760 0.947940
vt 0.004712 0.946682
vt 0.005612 0.918498
vt 0.247490 0.933074
vt 0.246908 0.958412
vt 0.231965 0.938225
vt 0.231442 0.963736
vt 0.222990 0.941204
vt 0.368158 0.920349
vt 0.385445 0.917097
vt 0.368243 0.925366
vt 0.385292 0.912165
vt 0.394601 0.907765
vt 0.394776 0.912662
vt 0.306941 0.911925
vt 0.306407 0.936454
vt 0.273921 0.924129
vt 0.273279 0.949154
vt 0.206478 0.945329
vt 0.197016 0.904834
vt 0.206078 0.971109
vt 0.196393 0.945541
vt 0.181696 0.970623
vt 0.182105 0.944676
vt 0.499921 0.849209
vt 0.529595 0.845215
vt 0.529571 0.858966
vt 0.499892 0.863621
vt 0.161793 0.943290
vt 0.161120 0.969375
vt 0.138342 0.967871
vt 0.139100 0.941737
vt 0.455769 0.885184
vt 0.434601 0.890561
vt 0.455751 0.881702
vt 0.434660 0.894628
vt 0.413124 0.899543
vt 0.059046 0.978001
vt 0.067007 0.973830
vt 0.050917 0.976015
vt 0.058876 0.972482
vt 0.050783 0.970395
vt 0.037491 0.972737
vt 0.023613 0.969486
vt 0.037421 0.966949
vt 0.023602 0.963681
vt 0.098411 0.898743
vt 0.080086 0.937375
vt 0.098491 0.938803
vt 0.080699 0.962835
vt 0.467001 0.877009
vt 0.478044 0.874212
vt 0.467002 0.880187
vt 0.401605 0.909484
vt 0.401448 0.904622
vt 0.413234 0.904171
vt 0.561692 0.841255
vt 0.593617 0.838408
vt 0.593609 0.851029
vt 0.561674 0.854358
vt 0.222502 0.966817
vt 0.215015 0.943684
vt 0.214562 0.969384
vt 0.306161 0.948500
vt 0.340099 0.938705
vt 0.340117 0.933548
vt 0.340159 0.921841
vt 0.369868 0.224567
vt 0.361915 0.390427
vt 0.353853 0.553398
vt 0.342703 0.808966
vt 0.341049 0.860181
vt 0.347490 0.689871
vt 0.007813 0.582099
vt 0.340329 0.897987
vt 0.380604 0.017354
vt 0.379400 0.038940
vt 0.342134 0.015144
vt 0.381011 0.010088
vt 0.373495 0.149938
vt 0.811187 0.390078
vt 0.814198 0.420618
vt 0.811772 0.421197
vt 0.813615 0.389517
vt 0.816553 0.419982
vt 0.815989 0.426074
vt 0.814267 0.427223
vt 0.811927 0.427874
vt 0.806333 0.391200
vt 0.809345 0.421739
vt 0.806983 0.422194
vt 0.808760 0.390639
vt 0.809580 0.428307
vt 0.807811 0.427965
vt 0.340071 0.946837
vt 0.340085 0.942771
vt 0.368311 0.929321
vt 0.368378 0.933278
vt 0.394914 0.916525
vt 0.401852 0.917159
vt 0.395051 0.920390
vt 0.401729 0.913320
vt 0.413321 0.907821
vt 0.413408 0.911474
vt 0.467002 0.882693
vt 0.467002 0.885199
vt 0.455782 0.887930
vt 0.037613 0.982212
vt 0.051025 0.980490
vt 0.051135 0.984987
vt 0.023647 0.979303
vt 0.037551 0.977436
vt 0.023628 0.974307
vt 0.059318 0.986714
vt 0.059181 0.982356
vt 0.455796 0.890676
vt 0.434706 0.897836
vt 0.434752 0.901044
vt 0.385685 0.924876
vt 0.385565 0.920986
vt 0.009647 0.948317
vt 0.006534 0.961392
vt 0.009457 0.961677
vt 0.004861 0.961316
vt 0.246628 0.970857
vt 0.231192 0.976265
vt 0.222271 0.979394
vt 0.272970 0.961448
vt 0.205894 0.983770
vt 0.196054 0.971391
vt 0.195903 0.984092
vt 0.181523 0.983383
vt 0.499888 0.870219
vt 0.529566 0.865204
vt 0.160842 0.982216
vt 0.138042 0.980745
vt 0.098742 0.964507
vt 0.081044 0.975380
vt 0.098925 0.977173
vt 0.561669 0.860244
vt 0.593605 0.856655
vt 0.593604 0.859133
vt 0.214350 0.982005
vt 0.802894 0.220129
vt 0.805735 0.225116
vt 0.803248 0.225691
vt 0.805517 0.219523
vt 0.808347 0.224512
vt 0.808794 0.254872
vt 0.806353 0.255437
vt 0.803951 0.255992
vt 0.808380 0.218861
vt 0.811168 0.223861
vt 0.811642 0.218107
vt 0.814113 0.223180
vt 0.813850 0.253704
vt 0.811302 0.254293
vt 0.807565 0.322895
vt 0.805168 0.323449
vt 0.809966 0.322340
vt 0.812376 0.321783
vt 0.814790 0.321225
vt 0.816042 0.388955
vt 0.014674 0.962119
vt 0.014761 0.948748
vt 0.014649 0.967629
vt 0.014941 0.920931
vt 0.015123 0.879662
vt 0.012195 0.210573
vt 0.015614 0.149284
vt 0.009548 0.115732
vt 0.010549 0.153665
vt 0.015419 0.282195
vt 0.014631 0.972298
vt 0.014614 0.977280
vt 0.009272 0.976137
vt 0.003315 0.969497
vt 0.003394 0.965651
vt 0.003227 0.973709
vt 0.812191 0.216486
vt 0.815145 0.217297
vt 0.808485 0.217343
vt 0.003483 0.957929
vt 0.003454 0.962149
vt 0.805111 0.218131
vt 0.801057 0.219109
vt 0.008944 0.092553
vt 0.009094 0.098343
vt 0.005186 0.107801
vt 0.005054 0.102665
vt 0.376869 0.085134
vt 0.407999 0.085881
vt 0.002774 0.108927
vt 0.002851 0.113661
vt 0.001500 0.117141
vt 0.001760 0.112567
vt 0.275392 0.003633
vt 0.257811 0.010229
vt 0.258059 0.002563
vt 0.275131 0.011245
vt 0.247748 0.009642
vt 0.247987 0.001943
vt 0.427069 0.086325
vt 0.437700 0.086571
vt 0.342466 0.007745
vt 0.304699 0.012972
vt 0.304985 0.005451
vt 0.228844 0.009420
vt 0.216812 0.002962
vt 0.229062 0.001668
vt 0.216611 0.010737
vt 0.198823 0.013326
vt 0.198995 0.005520
vt 0.564555 0.019888
vt 0.535621 0.025720
vt 0.535722 0.018963
vt 0.593675 0.020845
vt 0.564481 0.026565
vt 0.593625 0.027464
vt 0.174096 0.009361
vt 0.173960 0.017202
vt 0.146712 0.022150
vt 0.146808 0.014308
vt 0.453196 0.087101
vt 0.463659 0.087719
vt 0.508901 0.018107
vt 0.489156 0.024358
vt 0.489302 0.017460
vt 0.508776 0.024945
vt 0.021216 0.144680
vt 0.028722 0.138108
vt 0.238674 0.009226
vt 0.238902 0.001499
vt 0.480217 0.024019
vt 0.480385 0.017093
vt 0.098466 0.034039
vt 0.075109 0.033170
vt 0.098490 0.026380
vt 0.075121 0.040697
vt 0.054327 0.042365
vt 0.445254 0.086765
vt 0.039840 0.128294
vt 0.121925 0.020109
vt 0.121867 0.027880
vt 0.121715 0.050964
vt 0.117613 0.979019
vt 0.117707 0.966219
vt 0.117665 0.984644
vt 0.118046 0.940244
vt 0.118509 0.899837
vt 0.119825 0.723114
vt 0.121855 0.246539
vt 0.121674 0.416263
vt 0.118975 0.846191
vt 0.121501 0.100219
vt 0.121464 0.168687
vt 0.117741 0.989073
vt 0.117818 0.993501
vt 0.099247 0.991528
vt 0.734652 0.675308
vt 0.727627 0.548463
vt 0.734589 0.548397
vt 0.752882 0.059420
vt 0.763107 0.036916
vt 0.759832 0.060012
vt 0.762578 0.013972
vt 0.756253 0.035544
vt 0.777247 0.288435
vt 0.783451 0.279265
vt 0.784204 0.288046
vt 0.776471 0.279386
vt 0.783885 0.270712
vt 0.829580 0.478180
vt 0.827319 0.491167
vt 0.823343 0.481315
vt 0.833032 0.501058
vt 0.834464 0.489665
vt 0.791794 0.255601
vt 0.789632 0.284194
vt 0.784938 0.256823
vt 0.800885 0.318607
vt 0.796518 0.283141
vt 0.780875 0.507461
vt 0.783495 0.517364
vt 0.777066 0.514619
vt 0.784512 0.499055
vt 0.787167 0.510460
vt 0.802901 0.424446
vt 0.795818 0.416860
vt 0.802784 0.416925
vt 0.800796 0.439245
vt 0.795869 0.425415
vt 0.782334 0.453610
vt 0.786386 0.421190
vt 0.789268 0.452963
vt 0.779440 0.421715
vt 0.784027 0.382844
vt 0.807246 0.436558
vt 0.812107 0.460895
vt 0.818253 0.457618
vt 0.769522 0.026590
vt 0.778151 0.021311
vt 0.776309 0.028175
vt 0.775038 0.014216
vt 0.771852 0.017948
vt 0.772578 0.046993
vt 0.765696 0.045886
vt 0.769355 0.072929
vt 0.762376 0.072600
vt 0.803111 0.580408
vt 0.777077 0.598079
vt 0.797258 0.576489
vt 0.817500 0.551169
vt 0.811035 0.548539
vt 0.811338 0.001502
vt 0.828856 0.008825
vt 0.811271 0.008468
vt 0.797495 0.008527
vt 0.797361 0.001562
vt 0.780905 0.002278
vt 0.767758 0.009779
vt 0.767242 0.002827
vt 0.754793 0.011304
vt 0.753214 0.004455
vt 0.789186 0.001875
vt 0.789489 0.008833
vt 0.781230 0.009236
vt 0.858783 0.798054
vt 0.866912 0.816833
vt 0.860013 0.818288
vt 0.859985 0.781399
vt 0.865794 0.797868
vt 0.860201 0.770672
vt 0.866715 0.761552
vt 0.867181 0.770679
vt 0.866941 0.781788
vt 0.758583 0.161192
vt 0.762547 0.135494
vt 0.765507 0.160426
vt 0.755624 0.136266
vt 0.759764 0.108291
vt 0.890506 0.005412
vt 0.910081 0.014132
vt 0.889974 0.012357
vt 0.867900 0.003987
vt 0.867465 0.010938
vt 0.827281 0.522595
vt 0.820605 0.520595
vt 0.826160 0.499815
vt 0.770172 0.100068
vt 0.763244 0.101530
vt 0.780133 0.124270
vt 0.774361 0.128568
vt 0.760434 0.179047
vt 0.769299 0.189057
vt 0.762602 0.191147
vt 0.767332 0.178045
vt 0.934567 0.012485
vt 0.923470 0.016411
vt 0.925068 0.009617
vt 0.910985 0.007220
vt 0.776586 0.345509
vt 0.777065 0.383097
vt 0.777147 0.315861
vt 0.783552 0.345535
vt 0.788865 0.239545
vt 0.780327 0.231549
vt 0.787173 0.230267
vt 0.782014 0.240795
vt 0.803060 0.387331
vt 0.796068 0.406477
vt 0.796095 0.387357
vt 0.803032 0.406554
vt 0.792744 0.492088
vt 0.791245 0.501028
vt 0.785744 0.491711
vt 0.792226 0.483508
vt 0.777520 0.298511
vt 0.784110 0.316005
vt 0.784487 0.298492
vt 0.785617 0.222097
vt 0.776941 0.215663
vt 0.783641 0.213734
vt 0.778810 0.223576
vt 0.859573 0.566987
vt 0.865747 0.409237
vt 0.866539 0.566959
vt 0.733814 0.788138
vt 0.727687 0.675284
vt 0.732033 0.397272
vt 0.725071 0.397439
vt 0.859719 0.711856
vt 0.866599 0.725220
vt 0.859638 0.725178
vt 0.866572 0.729740
vt 0.859611 0.729698
vt 0.732297 0.909117
vt 0.725654 0.881181
vt 0.732616 0.881281
vt 0.726297 0.839240
vt 0.733263 0.839317
vt 0.859868 0.633572
vt 0.866831 0.633562
vt 0.726847 0.788084
vt 0.738513 0.013513
vt 0.745356 0.016447
vt 0.743187 0.018715
vt 0.824754 0.017384
vt 0.831175 0.013853
vt 0.831830 0.016982
vt 0.859548 0.740002
vt 0.866493 0.750565
vt 0.859523 0.750696
vt 0.859750 0.761876
vt 0.785280 0.484050
vt 0.791159 0.472486
vt 0.784226 0.473154
vt 0.802781 0.355978
vt 0.793947 0.319272
vt 0.795819 0.356218
vt 0.673873 0.008463
vt 0.671489 0.001504
vt 0.673873 0.001504
vt 0.675673 0.008462
vt 0.675672 0.001503
vt 0.826532 0.216374
vt 0.819556 0.218412
vt 0.819547 0.215543
vt 0.726237 0.920837
vt 0.725053 0.909015
vt 0.380437 0.001505
vt 0.411459 0.008483
vt 0.380434 0.008470
vt 0.374316 0.008467
vt 0.374320 0.001501
vt 0.666995 0.008462
vt 0.669063 0.001504
vt 0.669063 0.008463
vt 0.671489 0.008463
vt 0.826513 0.389547
vt 0.819552 0.321803
vt 0.826517 0.321803
vt 0.819556 0.254349
vt 0.826522 0.254350
vt 0.583194 0.001583
vt 0.577220 0.008545
vt 0.577223 0.001579
vt 0.546704 0.001567
vt 0.546701 0.008533
vt 0.479189 0.001542
vt 0.479186 0.008508
vt 0.411461 0.001517
vt 0.826514 0.426369
vt 0.819547 0.420541
vt 0.826513 0.420541
vt 0.819548 0.389547
vt 0.744686 0.007794
vt 0.748187 0.013948
vt 0.740608 0.011340
vt 0.859588 0.733427
vt 0.866550 0.733469
vt 0.866510 0.740015
vt 0.819557 0.224048
vt 0.826523 0.224047
vt 0.826522 0.218475
vt 0.831292 0.020602
vt 0.824454 0.019156
vt 0.585264 0.001530
vt 0.583321 0.008548
vt 0.859860 0.682085
vt 0.866822 0.682097
vt 0.866681 0.711891
vt 0.752815 0.108817
vt 0.758751 0.083428
vt 0.751778 0.083457
vt 0.847264 0.009705
vt 0.847650 0.002750
vt 0.829106 0.001864
vt 0.450986 0.014259
vt 0.593168 0.089256
vt 0.195752 0.998500
vt 0.816252 0.215547
vt 0.776963 0.269576
vt 0.781136 0.603970
vt 0.858783 0.409246
vt 0.824454 0.015659
vt 0.733244 0.920253
vt 0.819548 0.426370
vt 0.621683 0.560807
vt 0.620037 0.386630
vt 0.623025 0.385560
vt 0.632894 0.385815
vt 0.631750 0.560997
vt 0.606221 0.564114
vt 0.619884 0.730191
vt 0.606850 0.732270
vt 0.596633 0.561258
vt 0.607451 0.389433
vt 0.987045 0.188461
vt 0.985310 0.002689
vt 0.988500 0.001738
vt 0.622830 0.729484
vt 0.632894 0.729611
vt 0.618701 0.561709
vt 0.596726 0.729949
vt 0.998437 0.002134
vt 0.997169 0.188795
vt 0.971585 0.191280
vt 0.985144 0.370272
vt 0.972388 0.372023
vt 0.961795 0.188898
vt 0.972929 0.005071
vt 0.988315 0.369672
vt 0.998437 0.369941
vt 0.983851 0.189247
vt 0.962120 0.370192
vt 0.659194 0.730914
vt 0.660841 0.556736
vt 0.662182 0.731984
vt 0.672051 0.731730
vt 0.670907 0.556547
vt 0.645379 0.553429
vt 0.659042 0.387353
vt 0.657859 0.555835
vt 0.635791 0.556285
vt 0.646608 0.728112
vt 0.637170 0.731641
vt 0.760878 0.576714
vt 0.762611 0.390946
vt 0.764067 0.577665
vt 0.661988 0.388060
vt 0.672051 0.387933
vt 0.635883 0.387595
vt 0.774004 0.577269
vt 0.772735 0.390613
vt 0.747152 0.388127
vt 0.760710 0.209135
vt 0.759417 0.390161
vt 0.737361 0.390510
vt 0.748496 0.574332
vt 0.738825 0.577370
vt 0.763882 0.209736
vt 0.774004 0.209467
vt 0.737686 0.209216
vt 0.950940 0.373451
vt 0.949341 0.284474
vt 0.954792 0.283701
vt 0.940105 0.037564
vt 0.946552 0.047217
vt 0.937458 0.047553
vt 0.853214 0.103480
vt 0.843717 0.014054
vt 0.850274 0.013559
vt 0.907893 0.186217
vt 0.902782 0.099493
vt 0.906976 0.099212
vt 0.657144 0.170966
vt 0.666040 0.113273
vt 0.667154 0.168831
vt 0.915416 0.380683
vt 0.911191 0.293649
vt 0.915463 0.293400
vt 0.908199 0.380274
vt 0.903657 0.291127
vt 0.907458 0.290318
vt 0.860743 0.297013
vt 0.842718 0.209183
vt 0.856771 0.206962
vt 0.661815 0.183098
vt 0.656966 0.184325
vt 0.893858 0.040783
vt 0.896781 0.051970
vt 0.893234 0.052058
vt 0.907186 0.193888
vt 0.903802 0.186591
vt 0.856728 0.199154
vt 0.836159 0.110727
vt 0.853663 0.109376
vt 0.902565 0.091418
vt 0.906777 0.090870
vt 0.842215 0.201431
vt 0.959196 0.098226
vt 0.953618 0.087343
vt 0.959308 0.086816
vt 0.958626 0.190037
vt 0.952978 0.185304
vt 0.958830 0.184782
vt 0.835818 0.105620
vt 0.907951 0.283310
vt 0.949557 0.277134
vt 0.955220 0.276726
vt 0.952847 0.190820
vt 0.952752 0.002028
vt 0.959308 0.001598
vt 0.953358 0.098625
vt 0.904166 0.284146
vt 0.864245 0.393825
vt 0.849169 0.305308
vt 0.860098 0.303476
vt 0.848746 0.299177
vt 0.863326 0.037559
vt 0.854653 0.050169
vt 0.921441 0.508536
vt 0.926500 0.462654
vt 0.926500 0.508732
vt 0.921444 0.458022
vt 0.926500 0.406197
vt 0.926500 0.458542
vt 0.904958 0.041438
vt 0.903072 0.194464
vt 0.921087 0.405787
vt 0.926500 0.399337
vt 0.921338 0.462342
vt 0.921503 0.515081
vt 0.926501 0.515379
vt 0.677865 0.208828
vt 0.685742 0.249195
vt 0.677865 0.250389
vt 0.803305 0.055422
vt 0.793472 0.013019
vt 0.804506 0.011592
vt 0.827671 0.111750
vt 0.829241 0.022804
vt 0.833120 0.112521
vt 0.689554 0.093651
vt 0.679925 0.087162
vt 0.689928 0.084556
vt 0.727707 0.384201
vt 0.734286 0.294399
vt 0.734285 0.384482
vt 0.839988 0.399558
vt 0.835903 0.486228
vt 0.835792 0.399325
vt 0.856477 0.070956
vt 0.914263 0.061866
vt 0.923876 0.070956
vt 0.925866 0.385281
vt 0.923157 0.297541
vt 0.930176 0.385190
vt 0.786288 0.016007
vt 0.782034 0.105142
vt 0.782831 0.015198
vt 0.720330 0.189050
vt 0.735446 0.100675
vt 0.734438 0.190823
vt 0.641016 0.003252
vt 0.636155 0.015392
vt 0.636155 0.001953
vt 0.694519 0.043886
vt 0.683340 0.040914
vt 0.694622 0.040338
vt 0.782093 0.209901
vt 0.785380 0.202565
vt 0.786176 0.210233
vt 0.716981 0.287705
vt 0.734633 0.198619
vt 0.734542 0.288482
vt 0.163554 0.001502
vt 0.171464 0.005697
vt 0.163122 0.005729
vt 0.720070 0.196810
vt 0.832273 0.308832
vt 0.837851 0.297952
vt 0.837962 0.309360
vt 0.831289 0.210955
vt 0.836924 0.206206
vt 0.837144 0.211458
vt 0.716806 0.292826
vt 0.786342 0.112934
vt 0.785837 0.105939
vt 0.833549 0.119493
vt 0.831142 0.205432
vt 0.827889 0.119085
vt 0.831407 0.394132
vt 0.837962 0.394562
vt 0.832017 0.297562
vt 0.782567 0.112106
vt 0.723593 0.092795
vt 0.735554 0.003905
vt 0.734566 0.094242
vt 0.723385 0.098929
vt 0.626019 0.103928
vt 0.634367 0.150349
vt 0.626019 0.150245
vt 0.680244 0.010360
vt 0.976260 0.385452
vt 0.930470 0.390341
vt 0.874148 0.390148
vt 0.926368 0.390327
vt 0.683949 0.052020
vt 0.781240 0.202034
vt 0.618646 0.196596
vt 0.626545 0.245759
vt 0.618646 0.247479
vt 0.638640 0.130582
vt 0.645180 0.173393
vt 0.638640 0.175844
vt 0.867305 0.390124
vt 0.873758 0.384746
vt 0.976438 0.390500
vt 0.982789 0.385536
vt 0.983069 0.390523
vt 0.907932 0.538298
vt 0.903789 0.627420
vt 0.904148 0.537499
vt 0.138921 0.014345
vt 0.098566 0.006401
vt 0.140127 0.006470
vt 0.807929 0.062093
vt 0.820069 0.020292
vt 0.814823 0.062626
vt 0.672533 0.012886
vt 0.675629 0.043441
vt 0.783116 0.162598
vt 0.791155 0.116792
vt 0.791155 0.163736
vt 0.677739 0.175764
vt 0.685187 0.111153
vt 0.685278 0.178769
vt 0.778656 0.177577
vt 0.770684 0.133261
vt 0.778656 0.131730
vt 0.805241 0.122269
vt 0.813329 0.167928
vt 0.805241 0.168634
vt 0.748380 0.592562
vt 0.755996 0.676131
vt 0.748380 0.678935
vt 0.738296 0.108851
vt 0.752818 0.152239
vt 0.745072 0.154670
vt 0.904929 0.498996
vt 0.892563 0.541427
vt 0.897187 0.496557
vt 0.911019 0.054454
vt 0.858585 0.060918
vt 0.855342 0.053507
vt 0.890226 0.243564
vt 0.898270 0.202651
vt 0.898270 0.244630
vt 0.663824 0.247812
vt 0.655779 0.206663
vt 0.663824 0.205578
vt 0.940565 0.377278
vt 0.932745 0.291956
vt 0.940565 0.289786
vt 0.745072 0.022512
vt 0.746042 0.106421
vt 0.796392 0.055577
vt 0.789262 0.019958
vt 0.807765 0.104370
vt 0.815796 0.066901
vt 0.815796 0.105569
vt 0.947790 0.075448
vt 0.857997 0.083249
vt 0.855743 0.075448
vt 0.848345 0.444538
vt 0.855947 0.440517
vt 0.855903 0.447502
vt 0.841032 0.719443
vt 0.854175 0.637394
vt 0.848590 0.722407
vt 0.869366 0.503773
vt 0.876964 0.507031
vt 0.869372 0.509912
vt 0.774219 0.058196
vt 0.779129 0.093298
vt 0.774219 0.099758
vt 0.846287 0.531288
vt 0.853845 0.534253
vt 0.877402 0.597216
vt 0.869810 0.600097
vt 0.935446 0.402861
vt 0.942172 0.448715
vt 0.934597 0.451635
vt 0.824770 0.538857
vt 0.832315 0.625743
vt 0.824770 0.628739
vt 0.848389 0.437553
vt 0.848704 0.351012
vt 0.847125 0.623033
vt 0.853847 0.539510
vt 0.854682 0.625997
vt 0.846290 0.536545
vt 0.934538 0.631481
vt 0.942088 0.544842
vt 0.942088 0.634469
vt 0.871032 0.412800
vt 0.876958 0.500892
vt 0.869703 0.607861
vt 0.878472 0.695934
vt 0.870881 0.698815
vt 0.940247 0.003570
vt 0.945044 0.010162
vt 0.940247 0.011689
vt 0.809130 0.018263
vt 0.910923 0.443703
vt 0.913508 0.530341
vt 0.906031 0.533500
vt 0.943038 0.535679
vt 0.935462 0.538599
vt 0.846617 0.634430
vt 0.820838 0.652059
vt 0.813540 0.565606
vt 0.820838 0.562040
vt 0.877295 0.604980
vt 0.900305 0.412253
vt 0.892563 0.409814
vt 0.880897 0.113204
vt 0.888419 0.161010
vt 0.880897 0.164061
vt 0.715060 0.001496
vt 0.721522 0.006652
vt 0.713405 0.006652
vt 0.787203 0.617561
vt 0.779907 0.703923
vt 0.779907 0.614001
vt 0.878623 0.701056
vt 0.871032 0.703937
vt 0.105039 0.001499
vt 0.146599 0.001568
vt 0.677648 0.189195
vt 0.685187 0.192199
vt 0.932404 0.106785
vt 0.924756 0.155820
vt 0.924756 0.104060
vt 0.906031 0.403052
vt 0.918401 0.440544
vt 0.017339 0.043164
vt 0.024889 0.050032
vt 0.017339 0.053011
vt 0.655301 0.383029
vt 0.663123 0.297956
vt 0.663123 0.385201
vt 0.629473 0.243353
vt 0.636981 0.201194
vt 0.636981 0.246437
vt 0.843017 0.508577
vt 0.835379 0.595716
vt 0.835379 0.505814
vt 0.634236 0.294075
vt 0.626440 0.381895
vt 0.626440 0.291809
vt 0.737642 0.592135
vt 0.745378 0.674979
vt 0.737642 0.677444
vt 0.864963 0.209232
vt 0.872459 0.251373
vt 0.864963 0.254490
vt 0.978082 0.604036
vt 0.985679 0.516709
vt 0.985679 0.606910
vt 0.942961 0.107079
vt 0.935394 0.154305
vt 0.935394 0.104127
vt 0.672533 0.083815
vt 0.676557 0.048673
vt 0.615650 0.199280
vt 0.608169 0.244243
vt 0.608169 0.196134
vt 0.910972 0.626197
vt 0.918509 0.538877
vt 0.918508 0.629214
vt 0.606650 0.284462
vt 0.605052 0.373437
vt 0.601200 0.283690
vt 0.945357 0.024326
vt 0.938910 0.033982
vt 0.936261 0.023990
vt 0.712270 0.014056
vt 0.702773 0.103477
vt 0.705713 0.013561
vt 0.653208 0.099490
vt 0.648097 0.186210
vt 0.649014 0.099210
vt 0.657401 0.015300
vt 0.666304 0.073012
vt 0.657201 0.082582
vt 0.654251 0.004002
vt 0.649214 0.090868
vt 0.649987 0.003713
vt 0.647791 0.380261
vt 0.652333 0.291116
vt 0.651247 0.381082
vt 0.713269 0.209176
vt 0.695245 0.297001
vt 0.699217 0.206954
vt 0.662074 0.003163
vt 0.657223 0.001936
vt 0.895575 0.019574
vt 0.892652 0.030764
vt 0.892027 0.019487
vt 0.652188 0.186584
vt 0.648805 0.193882
vt 0.719828 0.110724
vt 0.699260 0.199147
vt 0.702325 0.109373
vt 0.653425 0.091417
vt 0.713772 0.201423
vt 0.602376 0.087341
vt 0.596797 0.098223
vt 0.596686 0.086814
vt 0.603014 0.185297
vt 0.597367 0.190030
vt 0.597163 0.184776
vt 0.720169 0.105617
vt 0.648039 0.283298
vt 0.648532 0.290307
vt 0.600773 0.276715
vt 0.603146 0.190813
vt 0.606435 0.277123
vt 0.603242 0.002028
vt 0.596686 0.001598
vt 0.602635 0.098623
vt 0.651824 0.284134
vt 0.706818 0.305296
vt 0.691743 0.393809
vt 0.695890 0.303464
vt 0.707241 0.299165
vt 0.862114 0.033991
vt 0.931560 0.508536
vt 0.931663 0.462342
vt 0.931557 0.458022
vt 0.903754 0.030108
vt 0.652919 0.194457
vt 0.931914 0.405787
vt 0.931498 0.515081
vt 0.865501 0.355106
vt 0.873375 0.314754
vt 0.873375 0.356299
vt 0.619848 0.008810
vt 0.610009 0.051213
vt 0.612934 0.008653
vt 0.704665 0.380822
vt 0.710077 0.469642
vt 0.704665 0.470647
vt 0.087167 0.009005
vt 0.093656 0.018635
vt 0.084560 0.019009
vt 0.675282 0.598148
vt 0.681493 0.687973
vt 0.674914 0.688227
vt 0.709799 0.560113
vt 0.705716 0.473505
vt 0.709910 0.473272
vt 0.605953 0.171099
vt 0.615043 0.113316
vt 0.615990 0.168991
vt 0.641452 0.380594
vt 0.637234 0.293639
vt 0.641501 0.293390
vt 0.970531 0.540316
vt 0.974334 0.629405
vt 0.970531 0.630182
vt 0.674914 0.404429
vt 0.689668 0.492862
vt 0.675553 0.494577
vt 0.709245 0.001503
vt 0.697118 0.006359
vt 0.695820 0.001503
vt 0.040916 0.012421
vt 0.043887 0.023600
vt 0.040339 0.023703
vt 0.182709 0.001498
vt 0.175752 0.005525
vt 0.175000 0.001498
vt 0.675326 0.502371
vt 0.692614 0.591526
vt 0.675050 0.592230
vt 0.001538 0.001729
vt 0.005737 0.009646
vt 0.001506 0.010079
vt 0.689897 0.500622
vt 0.889343 0.505945
vt 0.883622 0.495141
vt 0.889303 0.494538
vt 0.889630 0.597686
vt 0.883932 0.593012
vt 0.889780 0.592431
vt 0.692767 0.596647
vt 0.887195 0.302878
vt 0.880000 0.343596
vt 0.879969 0.301593
vt 0.887402 0.684427
vt 0.883859 0.598536
vt 0.881628 0.409873
vt 0.888175 0.409355
vt 0.883515 0.506412
vt 0.887066 0.691404
vt 0.881749 0.684911
vt 0.886847 0.345116
vt 0.880269 0.347452
vt 0.675202 0.307662
vt 0.686799 0.396597
vt 0.675820 0.398000
vt 0.686982 0.402732
vt 0.910510 0.149870
vt 0.918858 0.103447
vt 0.921775 0.150300
vt 0.780470 0.193591
vt 0.825348 0.199114
vt 0.780235 0.199111
vt 0.010359 0.009324
vt 0.001735 0.021977
vt 0.976225 0.395546
vt 0.925831 0.395370
vt 0.052022 0.013029
vt 0.775614 0.181378
vt 0.821725 0.188913
vt 0.772952 0.188829
vt 0.638400 0.073839
vt 0.646296 0.024699
vt 0.646296 0.075558
vt 0.917151 0.200483
vt 0.910614 0.243273
vt 0.910614 0.198033
vt 0.873721 0.395546
vt 0.930141 0.395490
vt 0.982755 0.395507
vt 0.499327 0.015638
vt 0.588332 0.011502
vt 0.588858 0.015638
vt 0.006397 0.028964
vt 0.014339 0.069311
vt 0.006465 0.070517
vt 0.624473 0.002139
vt 0.636608 0.043944
vt 0.625668 0.045972
vt 0.012886 0.001613
vt 0.688250 0.114796
vt 0.696289 0.160603
vt 0.688250 0.161741
vt 0.867164 0.191188
vt 0.859716 0.126575
vt 0.867256 0.123570
vt 0.018994 0.027486
vt 0.063307 0.035457
vt 0.017463 0.035457
vt 0.802241 0.118266
vt 0.794156 0.163901
vt 0.794156 0.117560
vt 0.766611 0.592574
vt 0.758991 0.676184
vt 0.758991 0.589769
vt 0.824346 0.122945
vt 0.816326 0.167996
vt 0.816326 0.121674
vt 0.938949 0.240819
vt 0.930997 0.197340
vt 0.938949 0.195706
vt 0.622454 0.116559
vt 0.875459 0.206644
vt 0.883504 0.247557
vt 0.875459 0.248624
vt 0.674867 0.206662
vt 0.666822 0.247811
vt 0.666822 0.205577
vt 0.983013 0.461243
vt 0.994489 0.376294
vt 0.990737 0.463747
vt 0.921505 0.700459
vt 0.929040 0.616853
vt 0.929039 0.703489
vt 0.605799 0.044273
vt 0.608725 0.001713
vt 0.890201 0.298740
vt 0.898227 0.336189
vt 0.890201 0.337388
vt 0.703906 0.691637
vt 0.690569 0.780744
vt 0.696262 0.688905
vt 0.723612 0.597830
vt 0.716010 0.593810
vt 0.723568 0.590845
vt 0.721835 0.400954
vt 0.708689 0.318907
vt 0.716246 0.315942
vt 0.701663 0.491529
vt 0.694133 0.494933
vt 0.694019 0.488797
vt 0.674649 0.114162
vt 0.669734 0.149299
vt 0.669734 0.107695
vt 0.713950 0.507059
vt 0.721507 0.504095
vt 0.701778 0.497665
vt 0.695455 0.585087
vt 0.946397 0.535667
vt 0.953123 0.489810
vt 0.953973 0.538587
vt 0.956509 0.489836
vt 0.964531 0.402992
vt 0.964037 0.492873
vt 0.716371 0.687337
vt 0.716054 0.600795
vt 0.721510 0.498838
vt 0.714785 0.415315
vt 0.722342 0.412350
vt 0.713952 0.501802
vt 0.946488 0.544838
vt 0.954039 0.631495
vt 0.946488 0.634483
vt 0.698223 0.400628
vt 0.690578 0.397896
vt 0.703359 0.595577
vt 0.696313 0.683783
vt 0.695714 0.592845
vt 0.935450 0.010162
vt 0.621043 0.052642
vt 0.801782 0.677962
vt 0.809078 0.591577
vt 0.809078 0.681524
vt 0.945547 0.486890
vt 0.953989 0.402843
vt 0.714277 0.403919
vt 0.776912 0.605579
vt 0.769616 0.692001
vt 0.769616 0.602014
vt 0.703101 0.587819
vt 0.959929 0.544665
vt 0.967534 0.628731
vt 0.959929 0.631581
vt 0.986663 0.511986
vt 0.994387 0.514490
vt 0.715060 0.011809
vt 0.723177 0.011809
vt 0.797897 0.683936
vt 0.790601 0.597573
vt 0.797897 0.594013
vt 0.703958 0.686514
vt 0.001496 0.035435
vt 0.001564 0.076988
vt 0.859624 0.113144
vt 0.867164 0.110139
vt 0.870252 0.112783
vt 0.877900 0.161817
vt 0.870252 0.164543
vt 0.804772 0.064195
vt 0.796968 0.102911
vt 0.796968 0.061951
vt 0.157016 0.009048
vt 0.150146 0.001495
vt 0.159996 0.001495
vt 0.996493 0.604884
vt 0.988672 0.519813
vt 0.996493 0.517641
vt 0.974812 0.445232
vt 0.967552 0.403016
vt 0.975081 0.399975
vt 0.803354 0.543696
vt 0.795720 0.456602
vt 0.803354 0.453840
vt 0.620840 0.381887
vt 0.613044 0.294068
vt 0.620840 0.291802
vt 0.892773 0.630985
vt 0.900508 0.548156
vt 0.900508 0.633449
vt 0.956992 0.535089
vt 0.964520 0.538126
vt 0.931546 0.607980
vt 0.923953 0.520709
vt 0.931546 0.517837
vt 0.891415 0.107077
vt 0.898983 0.154304
vt 0.891415 0.157257
vt 0.083819 0.001613
vt 0.048675 0.005637
vt 0.927996 0.244248
vt 0.920513 0.199278
vt 0.927996 0.196131
vt 0.975087 0.535579
vt 0.967283 0.448272
vt 0.769176 0.016473
vt 0.779939 0.019203
vt 0.932276 0.019071
vt 0.666996 0.001503
vt 0.586267 0.008480
vt 0.598013 0.385903
vt 0.963258 0.002033
vt 0.646008 0.385274
vt 0.747954 0.207385
vt 0.946001 0.374416
vt 0.948065 0.037493
vt 0.656940 0.103706
vt 0.911193 0.381193
vt 0.904744 0.381096
vt 0.855434 0.396170
vt 0.921129 0.399258
vt 0.685810 0.207612
vt 0.824303 0.021841
vt 0.679820 0.095124
vt 0.839989 0.486546
vt 0.918876 0.297367
vt 0.646194 0.017673
vt 0.171629 0.001502
vt 0.726676 0.001871
vt 0.637283 0.103498
vt 0.692895 0.001737
vt 0.624491 0.195631
vt 0.644655 0.128138
vt 0.867244 0.384765
vt 0.907932 0.627947
vt 0.097337 0.014345
vt 0.783116 0.115654
vt 0.677648 0.108148
vt 0.770684 0.179109
vt 0.813330 0.121563
vt 0.755996 0.589759
vt 0.900305 0.543867
vt 0.890226 0.201584
vt 0.655779 0.248897
vt 0.932745 0.379448
vt 0.752818 0.020081
vt 0.792181 0.062516
vt 0.807765 0.065702
vt 0.950044 0.083249
vt 0.779129 0.051736
vt 0.943021 0.399942
vt 0.832315 0.535862
vt 0.841146 0.348048
vt 0.934538 0.541854
vt 0.878623 0.409919
vt 0.945044 0.002043
vt 0.813540 0.655625
vt 0.888420 0.110153
vt 0.723177 0.001496
vt 0.787203 0.707483
vt 0.932404 0.158546
vt 0.913508 0.399893
vt 0.024889 0.040184
vt 0.655301 0.295784
vt 0.629473 0.198110
vt 0.843017 0.598479
vt 0.634236 0.384161
vt 0.745378 0.589670
vt 0.872459 0.206115
vt 0.978082 0.513836
vt 0.942961 0.157257
vt 0.615650 0.247390
vt 0.910972 0.535860
vt 0.609990 0.374402
vt 0.946871 0.034052
vt 0.667415 0.017434
vt 0.700554 0.396155
vt 0.853438 0.021378
vt 0.931872 0.399258
vt 0.865433 0.313539
vt 0.709558 0.379647
vt 0.095129 0.008901
vt 0.705717 0.560430
vt 0.605953 0.103702
vt 0.637234 0.381103
vt 0.973990 0.539524
vt 0.711524 0.011532
vt 0.183666 0.005561
vt 0.005737 0.001563
vt 0.881628 0.692247
vt 0.887082 0.348994
vt 0.684087 0.305665
vt 0.910510 0.103551
vt 0.826267 0.191461
vt 0.823730 0.181378
vt 0.640453 0.023735
vt 0.916626 0.245716
vt 0.867207 0.395482
vt 0.498529 0.011861
vt 0.014339 0.027735
vt 0.631368 0.001606
vt 0.043443 0.004709
vt 0.696289 0.113658
vt 0.859624 0.194193
vt 0.064838 0.027486
vt 0.802241 0.164607
vt 0.766611 0.678989
vt 0.824346 0.169268
vt 0.930997 0.242452
vt 0.623401 0.172234
vt 0.883504 0.205577
vt 0.674867 0.248897
vt 0.986765 0.373790
vt 0.921505 0.613823
vt 0.898227 0.297541
vt 0.698214 0.783475
vt 0.674649 0.155766
vt 0.957003 0.399955
vt 0.708814 0.690302
vt 0.954039 0.541850
vt 0.935450 0.002043
vt 0.801782 0.588015
vt 0.946414 0.399923
vt 0.776912 0.695566
vt 0.967534 0.541815
vt 0.790601 0.687497
vt 0.877900 0.110057
vt 0.804772 0.105155
vt 0.147166 0.009048
vt 0.988672 0.607055
vt 0.795720 0.546458
vt 0.613044 0.384153
vt 0.892773 0.545691
vt 0.923953 0.610852
vt 0.898983 0.104125
vt 0.920513 0.247395
vt 0.967558 0.538620
s 1
usemtl Door
f 379/1/1 399/2/2 102/3/3
f 60/4/4 482/5/5 379/1/1
f 299/6/6 156/7/7 482/5/5
f 482/5/5 90/8/8 399/2/2
f 522/9/9 222/10/10 483/11/11
f 515/12/12 221/13/13 504/14/14
f 504/14/14 147/15/15 520/16/16
f 483/11/11 179/17/17 535/18/18
f 294/19/19 170/20/20 55/21/21
f 499/22/22 165/23/23 484/24/24
f 532/25/25 237/26/26 180/27/27
f 484/24/24 18/28/28 170/20/20
f 485/29/29 234/30/30 536/31/31
f 58/32/32 485/29/29 305/33/33
f 159/34/34 158/35/35 485/29/29
f 273/36/36 542/37/37 269/38/38
f 88/39/39 486/40/40 150/41/41
f 398/42/42 376/43/43 486/40/40
f 486/40/40 42/44/44 178/45/45
f 150/41/41 178/45/45 16/46/46
f 331/47/47 346/48/48 78/49/49
f 55/21/21 487/50/50 331/47/47
f 170/20/20 164/51/51 487/50/50
f 487/50/50 69/52/52 346/48/48
f 68/53/53 488/54/54 321/55/55
f 345/56/56 174/57/57 488/54/54
f 488/54/54 20/58/58 162/59/59
f 321/55/55 162/59/59 17/60/60
f 489/61/61 194/62/62 534/63/63
f 17/60/60 489/61/61 166/64/64
f 162/59/59 240/65/65 489/61/61
f 530/66/66 240/65/65 498/67/67
f 517/68/68 254/69/69 490/70/70
f 225/71/71 545/72/72 161/73/73
f 519/74/74 161/73/73 490/70/70
f 295/75/75 535/18/18 289/76/76
f 533/77/77 191/78/78 239/79/79
f 481/80/80 192/81/81 491/82/82
f 491/82/82 25/83/83 191/78/78
f 166/64/64 534/63/63 236/84/84
f 144/85/85 492/86/86 397/87/87
f 480/88/88 182/89/89 492/86/86
f 492/86/86 22/90/90 190/91/91
f 397/87/87 190/91/91 93/92/92
f 232/93/93 493/94/94 532/25/25
f 475/95/95 491/82/82 533/77/77
f 493/94/94 219/96/96 237/26/26
f 475/95/95 496/97/97 479/98/98
f 343/99/99 324/100/100 71/101/101
f 72/102/102 494/103/103 343/99/99
f 187/104/104 189/105/105 494/103/103
f 494/103/103 26/106/106 324/100/100
f 342/107/107 326/108/108 73/109/109
f 71/101/101 495/110/110 342/107/107
f 324/100/100 184/111/111 495/110/110
f 495/110/110 25/83/83 326/108/108
f 496/97/97 221/13/13 524/112/112
f 533/77/77 147/15/15 496/97/97
f 236/84/84 497/113/113 193/114/114
f 526/115/115 219/96/96 525/116/116
f 497/113/113 199/117/117 523/118/118
f 534/63/63 226/119/119 497/113/113
f 194/62/62 509/120/120 226/119/119
f 479/98/98 524/112/112 476/121/121
f 235/122/122 498/67/67 165/23/23
f 20/58/58 498/67/67 240/65/65
f 172/123/123 165/23/23 498/67/67
f 305/33/33 536/31/31 300/124/124
f 535/18/18 235/122/122 499/22/22
f 219/96/96 502/125/125 237/26/26
f 300/124/124 501/126/126 304/127/127
f 198/128/128 500/129/129 188/130/130
f 188/130/130 549/131/131 198/128/128
f 257/132/132 500/129/129 255/133/133
f 501/126/126 220/134/134 521/135/135
f 536/31/31 146/136/136 501/126/126
f 289/76/76 499/22/22 292/137/137
f 226/119/119 518/138/138 199/117/117
f 193/114/114 545/72/72 236/84/84
f 520/16/16 239/79/79 502/125/125
f 301/139/139 505/140/140 303/141/141
f 180/27/27 502/125/125 529/142/142
f 437/143/143 464/144/144 128/145/145
f 27/146/146 503/147/147 437/143/143
f 195/148/148 433/149/149 503/147/147
f 503/147/147 124/150/150 464/144/144
f 304/127/127 521/135/135 301/139/139
f 258/151/151 490/70/70 254/69/69
f 218/152/152 504/14/14 227/153/153
f 227/153/153 520/16/16 219/96/96
f 303/141/141 214/154/154 59/155/155
f 521/135/135 196/156/156 505/140/140
f 199/117/117 516/157/157 204/158/158
f 505/140/140 30/159/159 214/154/154
f 443/160/160 463/161/161 134/162/162
f 54/163/163 506/164/164 443/160/160
f 506/164/164 6/165/165 434/166/166
f 506/164/164 125/167/167 463/161/161
f 202/168/168 212/169/169 34/170/170
f 523/118/118 204/158/158 507/171/171
f 476/121/121 508/172/172 478/173/173
f 507/171/171 29/174/174 212/169/169
f 478/173/173 211/175/175 142/176/176
f 524/112/112 197/177/177 508/172/172
f 224/178/178 547/179/179 193/114/114
f 508/172/172 31/180/180 211/175/175
f 530/66/66 179/17/17 509/120/120
f 510/181/181 255/133/133 500/129/129
f 193/114/114 523/118/118 224/178/178
f 509/120/120 222/10/10 518/138/138
f 7/182/182 510/181/181 198/128/128
f 177/183/183 256/184/184 510/181/181
f 477/185/185 462/186/186 145/187/187
f 142/176/176 511/188/188 477/185/185
f 211/175/175 206/189/189 511/188/188
f 511/188/188 124/150/150 462/186/186
f 209/190/190 461/191/191 127/192/192
f 34/170/170 512/193/193 209/190/190
f 512/193/193 29/174/174 431/194/194
f 461/191/191 431/194/194 122/195/195
f 70/196/196 513/197/197 174/57/57
f 341/198/198 164/51/51 513/197/197
f 513/197/197 18/28/28 172/123/123
f 174/57/57 172/123/123 20/58/58
f 444/199/199 460/200/200 135/201/201
f 59/155/155 514/202/202 444/199/199
f 214/154/154 205/203/203 514/202/202
f 514/202/202 123/204/204 460/200/200
f 35/205/205 515/12/12 218/152/152
f 215/206/206 197/177/177 515/12/12
f 204/158/158 213/207/207 29/174/174
f 518/138/138 200/208/208 516/157/157
f 224/178/178 507/171/171 202/168/168
f 516/157/157 32/209/209 213/207/207
f 519/74/74 43/210/210 216/211/211
f 225/71/71 216/211/211 28/212/212
f 56/213/213 522/9/9 290/214/214
f 217/215/215 200/208/208 522/9/9
f 526/115/115 229/216/216 527/217/217
f 154/218/218 525/116/116 228/219/219
f 227/153/153 527/217/217 218/152/152
f 529/142/142 239/79/79 191/78/78
f 218/152/152 230/220/220 35/205/205
f 527/217/217 36/221/221 230/220/220
f 160/222/222 459/223/223 121/224/224
f 2/225/225 528/226/226 160/222/222
f 231/227/227 437/143/143 528/226/226
f 528/226/226 128/145/145 459/223/223
f 26/106/106 529/142/142 184/111/111
f 184/111/111 191/78/78 25/83/83
f 127/192/192 531/228/228 209/190/190
f 458/229/229 238/230/230 531/228/228
f 531/228/228 7/182/182 262/231/231
f 209/190/190 262/231/231 34/170/170
f 189/105/105 180/27/27 26/106/106
f 24/232/232 532/25/25 189/105/105
f 457/233/233 175/234/234 122/195/195
f 125/167/167 537/235/235 457/233/233
f 434/166/166 167/236/236 537/235/235
f 537/235/235 21/237/237 175/234/234
f 538/238/238 249/239/239 542/37/37
f 538/238/238 251/240/240 245/241/241
f 203/242/242 490/70/70 161/73/73
f 272/243/243 541/244/244 270/245/245
f 539/246/246 248/247/247 541/244/244
f 542/37/37 246/248/248 539/246/246
f 544/249/249 273/36/36 267/250/250
f 269/38/38 539/246/246 272/243/243
f 441/251/251 456/252/252 132/253/253
f 48/254/254 540/255/255 441/251/251
f 244/256/256 439/257/257 540/255/255
f 540/255/255 130/258/258 456/252/252
f 270/245/245 244/256/256 48/254/254
f 541/244/244 40/259/259 244/256/256
f 100/260/260 543/261/261 396/262/262
f 377/263/263 242/264/264 543/261/261
f 543/261/261 38/265/265 375/266/266
f 396/262/262 375/266/266 98/267/267
f 267/250/250 243/268/268 544/249/249
f 544/249/249 39/269/269 251/240/240
f 547/179/179 161/73/73 545/72/72
f 292/137/137 484/24/24 294/19/19
f 546/270/270 236/84/84 545/72/72
f 517/68/68 188/130/130 500/129/129
f 546/270/270 28/212/212 259/271/271
f 166/64/64 259/271/271 17/60/60
f 550/272/272 203/242/242 547/179/179
f 290/214/214 483/11/11 295/75/75
f 91/273/273 548/274/274 163/275/275
f 395/276/276 150/41/41 548/274/274
f 548/274/274 16/46/46 260/277/277
f 163/275/275 260/277/277 9/278/278
f 34/170/170 549/131/131 202/168/168
f 262/231/231 198/128/128 549/131/131
f 550/272/272 202/168/168 549/131/131
f 234/30/30 554/279/279 146/136/136
f 129/280/280 551/281/281 238/230/230
f 131/282/282 551/281/281 455/283/283
f 551/281/281 44/284/284 177/183/183
f 238/230/230 177/183/183 7/182/182
f 558/285/285 267/250/250 273/36/36
f 15/286/286 552/287/287 158/35/35
f 552/287/287 47/288/288 267/250/250
f 233/289/289 563/290/290 186/291/291
f 156/7/7 394/292/292 90/8/8
f 3/293/293 553/294/294 156/7/7
f 553/294/294 46/295/295 377/263/263
f 394/292/292 377/263/263 100/260/260
f 554/279/279 272/243/243 557/296/296
f 558/285/285 269/38/38 554/279/279
f 220/134/134 555/297/297 196/156/156
f 158/35/35 558/285/285 234/30/30
f 196/156/156 266/298/298 30/159/159
f 557/296/296 270/245/245 555/297/297
f 146/136/136 557/296/296 220/134/134
f 555/297/297 48/254/254 266/298/298
f 205/203/203 454/299/299 123/204/204
f 30/159/159 556/300/300 205/203/203
f 266/298/298 441/251/251 556/300/300
f 556/300/300 132/253/253 454/299/299
f 559/301/301 282/302/302 563/290/290
f 564/303/303 278/304/304 559/301/301
f 569/305/305 361/306/306 566/307/307
f 223/308/308 562/309/309 201/310/310
f 560/311/311 281/312/312 562/309/309
f 563/290/290 279/313/313 560/311/311
f 157/314/314 559/301/301 233/289/289
f 186/291/291 560/311/311 223/308/308
f 208/315/315 453/316/316 126/317/317
f 33/318/318 561/319/319 208/315/315
f 277/320/320 442/321/321 561/319/319
f 453/316/316 442/321/321 133/322/322
f 201/310/310 277/320/320 33/318/318
f 562/309/309 52/323/323 277/320/320
f 14/324/324 564/303/303 157/314/314
f 276/325/325 283/326/326 564/303/303
f 155/327/327 393/328/328 89/329/329
f 12/330/330 565/331/331 155/327/327
f 152/332/332 378/333/333 565/331/331
f 565/331/331 101/334/334 393/328/328
f 292/137/137 566/307/307 289/76/76
f 572/335/335 289/76/76 566/307/307
f 358/336/336 571/337/337 356/338/338
f 572/335/335 360/339/339 567/340/340
f 84/341/341 567/340/340 360/339/339
f 288/342/342 290/214/214 567/340/340
f 355/343/343 566/307/307 361/306/306
f 295/75/75 567/340/340 290/214/214
f 446/344/344 452/345/345 137/346/346
f 81/347/347 568/348/348 446/344/344
f 349/349/349 443/160/160 568/348/348
f 568/348/348 134/162/162 452/345/345
f 278/304/304 577/350/350 282/302/302
f 569/305/305 294/19/19 571/337/337
f 357/351/351 336/352/352 85/353/353
f 83/354/354 570/355/355 357/351/351
f 287/356/356 331/47/47 570/355/355
f 570/355/355 78/49/49 336/352/352
f 356/338/338 287/356/356 83/354/354
f 571/337/337 55/21/21 287/356/356
f 573/357/357 304/127/127 577/350/350
f 578/358/358 300/124/124 573/357/357
f 637/359/359 424/360/360 421/361/361
f 279/313/313 576/362/362 281/312/312
f 574/363/363 303/141/141 576/362/362
f 577/350/350 301/139/139 574/363/363
f 283/326/326 573/357/357 278/304/304
f 282/302/302 574/363/363 279/313/313
f 133/322/322 575/364/364 451/365/365
f 52/323/323 575/364/364 442/321/321
f 298/366/366 444/199/199 575/364/364
f 451/365/365 444/199/199 135/201/201
f 281/312/312 298/366/366 52/323/323
f 576/362/362 59/155/155 298/366/366
f 51/367/367 578/358/358 283/326/326
f 297/368/368 305/33/33 578/358/358
f 378/333/333 392/369/369 101/334/334
f 50/370/370 579/371/369 378/333/333
f 275/372/371 379/1/1 579/371/369
f 579/371/369 102/3/3 392/369/369
f 153/373/372 639/374/373 640/375/374
f 580/376/375 313/377/376 307/378/377
f 636/379/378 421/361/361 420/380/379
f 421/361/361 580/376/375 583/381/380
f 423/382/381 314/383/382 581/384/383
f 581/384/383 63/385/384 313/377/376
f 117/386/385 582/387/386 391/388/387
f 422/389/388 315/390/389 582/387/386
f 582/387/386 61/391/390 380/392/391
f 391/388/387 380/392/391 103/393/392
f 586/394/393 308/395/394 312/396/395
f 420/380/379 583/381/380 584/397/396
f 245/241/241 667/398/397 249/239/239
f 418/399/398 584/397/396 586/394/393
f 447/400/399 450/401/400 138/402/401
f 115/403/402 585/404/403 447/400/399
f 317/405/404 445/406/405 585/404/403
f 585/404/403 136/407/406 450/401/400
f 115/403/402 586/394/393 317/405/404
f 317/405/404 312/396/395 64/408/407
f 112/409/408 587/410/409 314/383/382
f 417/411/410 334/412/411 587/410/409
f 587/410/409 80/413/412 310/414/413
f 314/383/382 310/414/413 63/385/384
f 284/415/414 297/368/368 51/367/367
f 77/416/415 588/417/416 284/415/414
f 335/418/417 306/419/418 588/417/416
f 588/417/416 58/32/32 297/368/368
f 381/420/419 390/421/420 104/422/421
f 85/353/353 589/423/422 381/420/419
f 336/352/352 371/424/423 589/423/422
f 589/423/422 94/425/424 390/421/420
f 319/426/425 276/325/325 14/324/324
f 66/427/426 590/428/427 319/426/425
f 337/429/428 284/415/414 590/428/427
f 590/428/427 51/367/367 276/325/325
f 320/430/429 265/431/430 15/286/286
f 67/432/431 591/433/432 320/430/429
f 591/433/432 76/434/433 268/435/434
f 265/431/430 268/435/434 47/288/288
f 17/60/60 592/436/435 321/55/55
f 259/271/271 318/437/436 592/436/435
f 592/436/435 65/438/437 339/439/438
f 321/55/55 339/439/438 68/53/53
f 47/288/288 593/440/439 243/268/268
f 268/435/434 340/441/440 593/440/439
f 593/440/439 74/442/441 250/443/442
f 243/268/268 250/443/442 39/269/269
f 96/444/443 594/445/444 323/446/445
f 389/447/446 322/448/447 594/445/444
f 594/445/444 69/52/52 341/198/198
f 323/446/445 341/198/198 70/196/196
f 388/449/448 370/450/449 93/92/92
f 92/451/450 595/452/451 388/449/448
f 369/453/452 342/107/107 595/452/451
f 595/452/451 73/109/109 370/450/449
f 387/454/453 369/453/452 92/451/450
f 97/455/454 596/456/455 387/454/453
f 325/457/456 343/99/99 596/456/455
f 596/456/455 71/101/101 369/453/452
f 141/458/457 597/459/458 192/81/81
f 474/460/459 344/461/460 597/459/458
f 597/459/458 73/109/109 326/108/108
f 192/81/81 326/108/108 25/83/83
f 91/273/273 598/462/461 368/463/462
f 386/464/463 323/446/445 598/462/461
f 598/462/461 70/196/196 345/56/56
f 368/463/462 345/56/56 68/53/53
f 371/424/423 385/465/464 94/425/424
f 78/49/49 599/466/465 371/424/423
f 346/48/48 322/448/447 599/466/465
f 599/466/465 95/467/466 385/465/464
f 28/212/212 600/468/467 318/437/436
f 216/211/211 253/469/468 600/468/467
f 600/468/467 75/470/469 347/471/470
f 318/437/436 347/471/470 65/438/437
f 306/419/418 159/34/34 58/32/32
f 79/472/471 601/473/472 306/419/418
f 348/474/473 320/430/429 601/473/472
f 601/473/472 15/286/286 159/34/34
f 366/475/474 384/476/475 89/329/329
f 66/427/426 602/477/476 366/475/474
f 353/478/477 381/420/419 602/477/476
f 602/477/476 104/422/421 384/476/475
f 608/479/478 355/343/343 603/480/479
f 223/308/308 609/481/480 186/291/291
f 233/289/289 604/482/481 157/314/314
f 603/480/479 361/306/306 609/481/480
f 157/314/314 351/483/482 14/324/324
f 606/484/483 356/338/338 604/482/481
f 583/381/380 307/378/377 311/485/484
f 604/482/481 83/354/354 351/483/482
f 319/426/425 353/478/477 66/427/426
f 14/324/324 605/486/485 319/426/425
f 351/483/482 357/351/351 605/486/485
f 605/486/485 85/353/353 353/478/477
f 609/481/480 358/336/336 606/484/483
f 201/310/310 603/480/479 223/308/308
f 126/317/317 607/487/486 449/488/487
f 435/489/488 169/490/489 607/487/486
f 169/490/489 446/344/344 607/487/486
f 607/487/486 137/346/346 449/488/487
f 33/318/318 608/479/478 201/310/310
f 352/491/490 360/339/339 608/479/478
f 110/492/491 610/493/492 383/494/493
f 409/495/491 364/496/494 610/493/492
f 610/493/492 86/497/495 382/498/496
f 383/494/493 382/498/496 105/499/497
f 111/500/498 611/501/491 407/502/493
f 408/503/491 383/494/493 611/501/491
f 611/501/491 105/499/497 362/504/497
f 611/501/491 87/505/499 407/502/493
f 155/327/327 350/506/500 12/330/330
f 89/329/329 612/507/501 155/327/327
f 384/476/475 354/508/502 612/507/501
f 612/507/501 82/509/503 350/506/500
f 293/510/504 168/511/505 53/512/506
f 94/425/424 613/513/507 293/510/504
f 385/465/464 372/514/508 613/513/507
f 613/513/507 10/515/509 168/511/505
f 9/278/278 614/516/510 163/275/275
f 151/517/511 373/518/512 614/516/510
f 614/516/510 96/444/443 386/464/463
f 163/275/275 386/464/463 91/273/273
f 183/519/513 181/520/514 23/521/515
f 1/522/516 615/523/517 183/519/513
f 374/524/518 387/454/453 615/523/517
f 615/523/517 92/451/450 181/520/514
f 185/525/519 190/91/91 22/90/90
f 23/521/515 616/526/520 185/525/519
f 181/520/514 388/449/448 616/526/520
f 616/526/520 93/92/92 190/91/91
f 19/527/521 617/528/522 373/518/512
f 171/529/523 372/514/508 617/528/522
f 617/528/522 95/467/466 389/447/446
f 373/518/512 389/447/446 96/444/443
f 354/508/502 285/530/524 82/509/503
f 104/422/421 618/531/525 354/508/502
f 390/421/420 293/510/504 618/531/525
f 618/531/525 53/512/506 285/530/524
f 116/532/526 619/533/527 334/412/411
f 416/534/528 391/388/387 619/533/527
f 619/533/527 103/393/392 333/535/529
f 334/412/411 333/535/529 80/413/412
f 330/536/530 335/418/417 77/416/415
f 101/334/334 620/537/531 330/536/530
f 392/369/369 332/538/532 620/537/531
f 620/537/531 79/472/471 335/418/417
f 366/475/474 337/429/428 66/427/426
f 89/329/329 621/539/533 366/475/474
f 393/328/328 330/536/530 621/539/533
f 621/539/533 77/416/415 337/429/428
f 367/540/534 338/541/535 67/432/431
f 90/8/8 622/542/536 367/540/534
f 622/542/536 100/260/260 329/543/537
f 338/541/535 329/543/537 76/434/433
f 68/53/53 623/544/538 368/463/462
f 339/439/438 365/545/539 623/544/538
f 623/544/538 88/39/39 395/276/276
f 368/463/462 395/276/276 91/273/273
f 76/434/433 624/546/540 340/441/440
f 329/543/537 396/262/262 624/546/540
f 624/546/540 98/267/267 327/547/541
f 340/441/440 327/547/541 74/442/441
f 143/548/542 625/549/543 344/461/460
f 473/550/544 397/87/87 625/549/543
f 625/549/543 93/92/92 370/450/449
f 344/461/460 370/450/449 73/109/109
f 65/438/437 626/551/545 365/545/539
f 347/471/470 328/552/546 626/551/545
f 626/551/545 99/553/547 398/42/42
f 365/545/539 398/42/42 88/39/39
f 332/538/532 348/474/473 79/472/471
f 102/3/3 627/554/548 332/538/532
f 399/2/2 367/540/534 627/554/548
f 627/554/548 67/432/431 348/474/473
f 118/555/549 628/556/493 425/557/493
f 429/558/550 402/559/493 628/556/493
f 628/556/493 108/560/551 403/561/552
f 425/557/493 403/561/552 106/562/552
f 120/563/553 629/564/493 402/559/493
f 428/565/554 401/566/491 629/564/493
f 629/564/493 107/567/498 404/568/551
f 402/559/493 404/568/551 108/560/551
f 106/562/552 630/569/551 400/570/555
f 403/561/552 406/571/551 630/569/551
f 630/569/551 110/492/491 408/503/491
f 400/570/555 408/503/491 111/500/498
f 108/560/551 631/572/491 406/571/551
f 404/568/551 405/573/491 631/572/491
f 631/572/491 109/574/551 409/495/491
f 406/571/551 409/495/491 110/492/491
f 72/102/102 632/575/556 414/576/557
f 325/457/456 415/577/558 632/575/556
f 632/575/556 117/386/385 416/534/528
f 414/576/557 416/534/528 116/532/526
f 24/232/232 633/578/559 410/579/560
f 187/104/104 414/576/557 633/578/559
f 633/578/559 116/532/526 417/411/410
f 410/579/560 417/411/410 112/409/408
f 229/216/216 413/580/561 36/221/221
f 186/291/291 606/484/483 233/289/289
f 636/379/378 229/216/216 154/218/218
f 413/580/561 418/399/398 115/403/402
f 430/581/562 448/582/563 121/224/224
f 36/221/221 635/583/564 430/581/562
f 413/580/561 447/400/399 635/583/564
f 635/583/564 138/402/401 448/582/563
f 634/584/565 420/380/379 418/399/398
f 154/218/218 637/359/359 636/379/378
f 581/384/383 424/360/360 423/382/381
f 640/375/374 228/219/219 153/373/372
f 97/455/454 638/585/566 415/577/558
f 374/524/518 411/586/567 638/585/566
f 638/585/566 113/587/568 422/389/388
f 415/577/558 422/389/388 117/386/385
f 640/375/374 423/382/381 424/360/360
f 232/93/93 410/579/560 639/374/373
f 639/374/373 112/409/408 423/382/381
f 584/397/396 311/485/484 308/395/394
f 103/393/392 641/588/569 427/589/570
f 380/392/391 426/590/571 641/588/569
f 641/591/569 119/592/572 428/565/554
f 427/593/570 428/565/554 120/563/553
f 333/535/529 363/594/573 80/413/412
f 103/393/392 642/595/574 333/535/529
f 642/596/574 120/563/553 429/558/550
f 642/596/574 118/555/549 363/597/573
f 160/222/222 316/598/575 2/225/225
f 121/224/224 643/599/576 160/222/222
f 448/582/563 419/600/577 643/599/576
f 643/599/576 114/601/578 316/598/575
f 208/315/315 352/491/490 33/318/318
f 126/317/317 644/602/579 208/315/315
f 449/488/487 359/603/580 644/602/579
f 644/602/579 84/341/341 352/491/490
f 419/600/577 412/604/581 114/601/578
f 138/402/401 645/605/582 419/600/577
f 450/401/400 309/606/583 645/605/582
f 645/605/582 62/607/583 412/604/581
f 49/608/584 646/609/585 296/610/586
f 280/611/587 451/365/365 646/609/585
f 646/609/585 135/201/201 302/612/588
f 296/610/586 302/612/588 57/613/589
f 359/603/580 288/342/342 84/341/341
f 137/346/346 647/614/590 359/603/580
f 452/345/345 291/615/591 647/614/590
f 647/614/590 56/213/213 288/342/342
f 13/616/592 648/617/593 274/618/594
f 435/489/488 453/316/316 648/617/593
f 648/617/593 133/322/322 280/611/587
f 274/618/594 280/611/587 49/608/584
f 432/619/595 263/620/596 5/621/597
f 123/204/204 649/622/598 432/619/595
f 454/299/299 271/623/599 649/622/598
f 649/622/598 45/624/600 263/620/596
f 261/625/601 438/626/602 8/627/603
f 41/628/604 650/629/605 261/625/601
f 252/630/606 455/283/283 650/629/605
f 650/629/605 129/280/280 438/626/602
f 271/623/599 241/631/607 45/624/600
f 132/253/253 651/632/608 271/623/599
f 456/252/252 247/633/609 651/632/608
f 651/632/608 37/634/610 241/631/607
f 213/207/207 431/194/194 29/174/174
f 213/207/207 207/635/611 652/636/612
f 207/635/611 457/233/233 652/636/612
f 652/636/612 122/195/195 431/194/194
f 176/637/613 436/638/614 11/639/615
f 8/627/603 653/640/616 176/637/613
f 438/626/602 458/229/229 653/640/616
f 653/640/616 127/192/192 436/638/614
f 430/581/562 230/220/220 36/221/221
f 121/224/224 654/641/617 430/581/562
f 459/223/223 210/642/618 654/641/617
f 654/641/617 35/205/205 230/220/220
f 57/613/589 655/643/619 149/644/620
f 302/612/588 460/200/200 655/643/619
f 460/200/200 432/619/595 655/643/619
f 655/643/619 5/621/597 149/644/620
f 11/639/615 656/645/621 173/646/622
f 436/638/614 461/191/191 656/645/621
f 656/645/621 122/195/195 175/234/234
f 173/646/622 175/234/234 21/237/237
f 472/647/623 148/648/624 139/649/625
f 145/187/187 657/650/626 472/647/623
f 462/186/186 433/149/149 657/650/626
f 657/650/626 4/651/627 148/648/624
f 291/615/591 217/215/215 56/213/213
f 134/162/162 658/652/628 291/615/591
f 463/161/161 207/635/611 658/652/628
f 658/652/628 32/209/209 217/215/215
f 210/642/618 215/206/206 35/205/205
f 128/145/145 659/653/629 210/642/618
f 464/144/144 206/189/189 659/653/629
f 659/653/629 31/180/180 215/206/206
f 247/633/609 465/654/630 37/634/610
f 130/258/258 660/655/631 247/633/609
f 471/656/632 472/647/623 660/655/631
f 660/655/631 139/649/625 465/654/630
f 74/442/441 661/657/633 469/658/634
f 327/547/541 470/659/635 661/657/633
f 661/657/633 144/85/85 473/550/544
f 469/658/634 473/550/544 143/548/542
f 39/269/269 662/660/636 467/661/637
f 250/443/442 469/658/634 662/660/636
f 662/660/636 143/548/542 474/460/459
f 467/661/637 474/460/459 141/458/457
f 663/662/638 479/98/98 667/398/397
f 663/662/638 481/80/80 475/95/95
f 246/248/248 666/663/639 248/247/247
f 664/664/640 478/173/173 666/663/639
f 667/398/397 476/121/121 664/664/640
f 245/241/241 669/665/641 663/662/638
f 249/239/239 664/664/640 246/248/248
f 439/257/257 471/656/632 130/258/258
f 40/259/259 665/666/642 439/257/257
f 468/667/643 477/185/185 665/666/642
f 665/666/642 145/187/187 471/656/632
f 248/247/247 468/667/643 40/259/259
f 666/663/639 142/176/176 468/667/643
f 98/267/267 668/668/644 470/659/635
f 375/266/266 466/669/645 668/668/644
f 668/668/644 140/670/646 480/88/88
f 470/659/635 480/88/88 144/85/85
f 251/240/240 467/661/637 669/665/641
f 669/665/641 141/458/457 481/80/80
f 307/671/647 753/672/648 311/673/648
f 139/674/649 721/675/650 719/676/651
f 4/677/652 721/675/650 148/678/653
f 57/679/654 722/680/655 698/681/656
f 149/682/655 674/683/657 722/680/655
f 19/684/658 723/685/659 683/686/660
f 9/687/661 723/685/659 151/688/662
f 50/689/663 724/690/664 695/691/665
f 12/692/666 724/690/664 152/693/667
f 167/694/668 684/695/669 21/696/670
f 6/697/671 725/698/672 167/694/668
f 168/699/673 696/700/674 53/701/675
f 168/699/673 678/702/676 726/703/677
f 81/704/678 727/705/679 705/706/680
f 169/707/679 681/708/681 727/705/679
f 10/709/682 728/710/683 678/702/676
f 171/711/683 683/686/660 728/710/683
f 11/712/684 729/713/685 679/714/686
f 21/715/670 729/713/685 173/716/687
f 11/712/684 730/717/688 176/718/689
f 176/718/689 676/719/690 8/720/691
f 178/721/692 691/722/693 731/723/694
f 16/724/695 731/723/694 682/725/696
f 182/726/697 720/727/698 732/728/697
f 182/726/697 685/729/699 22/730/699
f 23/731/700 733/732/701 183/733/702
f 183/733/702 670/734/703 1/735/704
f 185/736/705 685/729/699 734/737/706
f 23/731/700 734/737/706 686/738/707
f 195/739/708 673/740/709 4/741/652
f 27/742/710 735/743/711 195/739/708
f 231/744/712 671/745/713 736/746/714
f 27/742/710 736/746/714 687/747/715
f 45/748/716 737/749/717 692/750/716
f 241/751/718 688/752/719 737/749/717
f 242/753/720 693/754/721 738/755/722
f 38/756/723 738/755/722 689/757/724
f 260/758/725 682/725/696 739/759/726
f 260/758/725 677/760/727 9/687/661
f 8/720/691 740/761/728 261/762/728
f 261/762/728 690/763/729 41/764/729
f 263/765/730 674/766/657 5/767/731
f 45/748/716 741/768/732 263/765/730
f 3/769/733 742/770/734 264/771/735
f 46/772/736 742/770/734 693/754/721
f 274/773/737 681/708/681 13/774/738
f 49/775/739 743/776/740 274/773/737
f 275/777/741 699/778/742 60/779/743
f 275/777/741 695/691/665 744/780/744
f 82/781/745 745/782/746 706/783/747
f 53/701/675 745/782/746 285/784/748
f 6/697/671 746/785/749 675/786/750
f 286/787/751 697/788/752 746/785/749
f 296/789/753 694/790/754 49/775/739
f 57/679/654 747/791/755 296/789/753
f 299/792/756 672/793/757 3/794/733
f 60/779/743 748/795/758 299/792/756
f 312/796/759 750/797/760 754/798/759
f 313/799/761 749/800/762 307/671/647
f 308/801/763 753/672/648 750/802/760
f 136/803/764 751/804/765 309/805/766
f 309/805/766 701/806/767 62/807/768
f 80/808/769 752/809/770 310/810/771
f 310/810/771 702/811/772 63/812/773
f 64/813/774 754/798/759 703/814/774
f 63/812/773 755/815/775 313/799/761
f 315/816/776 714/817/777 756/818/778
f 61/819/779 756/820/778 700/821/780
f 114/822/781 757/823/782 316/824/783
f 316/824/783 671/745/713 2/825/784
f 54/826/785 758/827/786 697/788/752
f 349/828/787 705/706/680 758/827/786
f 350/829/788 680/830/789 12/692/666
f 82/781/745 759/831/790 350/829/788
f 362/832/791 709/833/792 760/834/793
f 87/835/794 760/834/793 708/836/795
f 363/837/796 716/838/797 761/839/798
f 80/808/769 761/840/798 704/841/799
f 364/842/800 712/843/801 762/844/800
f 364/842/800 707/845/802 86/846/803
f 86/847/803 763/848/804 382/849/805
f 105/850/806 763/848/804 709/833/792
f 111/851/807 764/852/808 400/853/808
f 400/853/808 710/854/809 106/855/809
f 119/856/810 765/857/811 401/858/812
f 107/859/813 765/857/811 711/860/813
f 405/861/814 711/860/813 766/862/814
f 109/863/801 766/862/814 712/843/801
f 87/864/794 767/865/815 407/866/815
f 407/866/815 713/867/807 111/851/807
f 411/868/816 670/734/703 768/869/817
f 113/870/818 768/869/817 714/817/777
f 412/871/819 701/806/767 769/872/820
f 412/871/819 715/873/821 114/822/781
f 106/855/809 770/874/822 425/875/822
f 118/876/823 770/874/822 716/838/797
f 61/819/779 771/877/824 426/878/825
f 426/879/825 717/880/826 119/856/810
f 445/881/827 703/814/774 772/882/827
f 445/881/827 718/883/828 136/803/764
f 37/884/829 773/885/830 688/752/719
f 139/674/649 773/885/830 465/886/831
f 38/756/723 774/887/832 466/888/832
f 466/888/832 720/727/698 140/889/833
f 153/373/372 525/116/116 493/94/94
f 1173/2/834 1153/1/835 876/3/836
f 1256/5/837 834/4/838 1153/1/835
f 930/7/839 1073/6/840 1256/5/837
f 864/8/841 1256/5/837 1173/2/834
f 1296/9/842 996/10/843 974/208/844
f 995/13/845 1289/12/846 1278/14/847
f 921/15/848 1278/14/847 1294/16/849
f 953/17/850 1257/11/851 1309/18/852
f 944/20/853 1068/19/854 829/21/855
f 1273/22/856 939/23/857 1009/122/858
f 1011/26/859 1306/25/860 954/27/861
f 792/28/862 1258/24/863 944/20/853
f 1008/30/864 1259/29/865 1310/31/866
f 1259/29/865 832/32/867 1079/33/868
f 932/35/869 933/34/870 1259/29/865
f 1316/37/871 1047/36/872 1043/38/873
f 862/39/874 1260/40/875 1172/42/876
f 1172/42/876 1150/43/877 873/553/878
f 1260/40/875 816/44/879 1150/43/877
f 924/41/880 952/45/881 1260/40/875
f 1120/48/882 1105/47/883 852/49/884
f 1261/50/885 829/21/855 1105/47/883
f 938/51/886 944/20/853 1261/50/885
f 843/52/887 1261/50/885 1120/48/882
f 842/53/888 1262/54/889 1119/56/890
f 1119/56/890 948/57/891 844/196/892
f 1262/54/889 794/58/893 948/57/891
f 1095/55/894 936/59/895 1262/54/889
f 968/62/896 1263/61/897 1308/63/898
f 1263/61/897 791/60/899 940/64/900
f 1014/65/901 936/59/895 1263/61/897
f 1014/65/901 1304/66/902 1272/67/903
f 1291/68/904 1028/69/905 1031/132/906
f 1319/72/907 999/71/908 935/73/909
f 935/73/909 1293/74/910 1264/70/911
f 1309/18/852 1069/75/912 1063/76/913
f 1307/77/914 965/78/915 1265/82/916
f 1255/80/917 966/81/918 915/458/919
f 1265/82/916 799/83/920 966/81/918
f 1308/63/898 940/64/900 1010/84/921
f 918/85/922 1266/86/923 1254/88/924
f 1254/88/924 956/89/925 914/670/926
f 1266/86/923 796/90/927 956/89/925
f 1171/87/928 964/91/929 1266/86/923
f 1267/94/930 1006/93/931 1306/25/860
f 1249/95/932 1265/82/916 1255/80/917
f 1267/94/930 993/96/933 1299/116/934
f 1249/95/932 1270/97/935 1307/77/914
f 1098/100/936 1117/99/937 845/101/938
f 1268/103/939 846/102/940 1117/99/937
f 963/105/941 961/104/942 1268/103/939
f 800/106/943 1268/103/939 1098/100/936
f 1100/108/944 1116/107/945 847/109/946
f 1269/110/947 845/101/938 1116/107/945
f 958/111/948 1098/100/936 1269/110/947
f 799/83/920 1269/110/947 1100/108/944
f 995/13/845 1270/97/935 1298/112/949
f 921/15/848 1307/77/914 1270/97/935
f 1271/113/950 1010/84/921 967/114/951
f 993/96/933 1300/115/952 1299/116/934
f 973/117/953 1271/113/950 1297/118/954
f 1000/119/955 1308/63/898 1271/113/950
f 968/62/896 1283/120/956 1304/66/902
f 1298/112/949 1253/98/957 1250/121/958
f 1272/67/903 1009/122/858 939/23/857
f 1272/67/903 794/58/893 1014/65/901
f 939/23/857 946/123/959 1272/67/903
f 1310/31/866 1079/33/868 1074/124/960
f 1009/122/858 1309/18/852 1273/22/856
f 993/96/933 1276/125/961 1294/16/849
f 1074/124/960 1275/126/962 1310/31/866
f 972/128/963 1274/129/964 1284/181/965
f 962/130/966 1323/131/967 1324/272/968
f 1274/129/964 1031/132/906 1029/133/969
f 994/134/970 1275/126/962 1295/135/971
f 920/136/972 1310/31/866 1275/126/962
f 1063/76/913 1273/22/856 1309/18/852
f 1292/138/973 1000/119/955 973/117/953
f 967/114/951 1319/72/907 1321/179/974
f 1013/79/975 1294/16/849 1276/125/961
f 1075/139/976 1279/140/977 1295/135/971
f 954/27/861 1276/125/961 1011/26/859
f 1238/144/978 1211/143/979 902/145/980
f 1277/147/981 801/146/982 1211/143/979
f 1207/149/983 969/148/984 1277/147/981
f 898/150/985 1277/147/981 1238/144/978
f 1295/135/971 1078/127/986 1075/139/976
f 1264/70/911 1032/151/987 1028/69/905
f 992/152/988 1278/14/847 1289/12/846
f 1294/16/849 1001/153/989 993/96/933
f 988/154/990 1077/141/991 833/155/992
f 970/156/993 1295/135/971 1279/140/977
f 973/117/953 1290/157/994 1292/138/973
f 804/159/995 1279/140/977 988/154/990
f 1237/161/996 1217/160/997 908/162/998
f 1280/164/999 828/163/1000 1217/160/997
f 1280/164/999 780/165/1001 1060/890/1002
f 899/167/1003 1280/164/999 1237/161/996
f 986/169/1004 976/168/1005 808/170/1006
f 978/158/1007 1297/118/954 1281/171/1008
f 1250/121/958 1282/172/1009 1298/112/949
f 803/174/1010 1281/171/1008 986/169/1004
f 985/175/1011 1252/173/1012 916/176/1013
f 971/177/1014 1298/112/949 1282/172/1009
f 998/178/1015 1321/179/974 1324/272/968
f 805/180/1016 1282/172/1009 985/175/1011
f 1304/66/902 953/17/850 1009/122/858
f 1284/181/965 1029/133/969 1030/184/1017
f 1297/118/954 967/114/951 998/178/1015
f 996/10/843 1283/120/956 1292/138/973
f 781/182/1018 1284/181/965 951/183/1019
f 951/183/1019 1030/184/1017 818/284/1020
f 1236/186/1021 1251/185/1022 919/187/1023
f 1285/188/1024 916/176/1013 1251/185/1022
f 980/189/1025 985/175/1011 1285/188/1024
f 898/150/985 1285/188/1024 1236/186/1021
f 1235/191/1026 983/190/1027 901/192/1028
f 1286/193/1029 808/170/1006 983/190/1027
f 1286/193/1029 803/174/1010 986/169/1004
f 1235/191/1026 1205/194/1030 1286/193/1029
f 844/196/892 1287/197/1031 1115/198/1032
f 1115/198/1032 938/51/886 843/52/887
f 1287/197/1031 792/28/862 938/51/886
f 948/57/891 946/123/959 1287/197/1031
f 1234/200/1033 1218/199/1034 909/201/1035
f 1288/202/1036 833/155/992 1218/199/1034
f 979/203/1037 988/154/990 1288/202/1036
f 897/204/1038 1288/202/1036 1234/200/1033
f 1289/12/846 809/205/1039 992/152/988
f 971/177/1014 989/206/1040 1289/12/846
f 987/207/1041 978/158/1007 803/174/1010
f 974/208/844 1292/138/973 1290/157/994
f 1281/171/1008 998/178/1015 976/168/1005
f 806/209/1042 1290/157/994 987/207/1041
f 1293/74/910 817/210/1043 1032/151/987
f 999/71/908 990/211/1044 1293/74/910
f 830/213/1045 1296/9/842 991/215/1046
f 991/215/1046 974/208/844 806/209/1042
f 1003/216/1047 1300/115/952 1301/217/1048
f 928/218/1049 1299/116/934 1300/115/952
f 1301/217/1048 1001/153/989 992/152/988
f 1303/142/1050 1013/79/975 1276/125/961
f 1004/220/1051 992/152/988 809/205/1039
f 810/221/1052 1301/217/1048 1004/220/1051
f 1233/223/1053 934/222/1054 895/224/1055
f 1302/226/1056 776/225/1057 934/222/1054
f 1211/143/979 1005/227/1058 1302/226/1056
f 902/145/980 1302/226/1056 1233/223/1053
f 800/106/943 1303/142/1050 954/27/861
f 958/111/948 965/78/915 1303/142/1050
f 901/192/1028 1305/228/1059 1232/229/1060
f 1232/229/1060 1012/230/1061 903/280/1062
f 1305/228/1059 781/182/1018 1012/230/1061
f 983/190/1027 1036/231/1063 1305/228/1059
f 954/27/861 963/105/941 800/106/943
f 1306/25/860 798/232/1064 963/105/941
f 949/234/1065 1231/233/1066 896/195/1067
f 1311/235/1068 899/167/1003 1231/233/1066
f 941/236/1069 1208/166/1070 1311/235/1068
f 795/237/1071 1311/235/1068 949/234/1065
f 1023/239/1072 1312/238/1073 1316/37/871
f 1312/238/1073 1025/240/1074 1318/249/1075
f 977/242/1076 1264/70/911 1291/68/904
f 1315/244/1077 1046/243/1078 1044/245/1079
f 1022/247/1080 1313/246/1081 1315/244/1077
f 1020/248/1082 1316/37/871 1313/246/1081
f 1047/36/872 1318/249/1075 1041/250/1083
f 1043/38/873 1313/246/1081 1316/37/871
f 1230/252/1084 1215/251/1085 906/253/1086
f 1314/255/1087 822/254/1088 1215/251/1085
f 1213/257/1089 1018/256/1090 1314/255/1087
f 904/258/1091 1314/255/1087 1230/252/1084
f 1018/256/1090 1044/245/1079 822/254/1088
f 814/259/1092 1315/244/1077 1018/256/1090
f 874/260/1093 1317/261/1094 1151/263/1095
f 1151/263/1095 1016/264/1096 820/295/1097
f 1317/261/1094 812/265/1098 1016/264/1096
f 1170/262/1099 1149/266/1100 1317/261/1094
f 1041/250/1083 1017/268/1101 821/288/1102
f 1318/249/1075 813/269/1103 1017/268/1101
f 1321/179/974 935/73/909 977/242/1076
f 1066/137/1104 1258/24/863 1273/22/856
f 1010/84/921 1320/270/1105 1319/72/907
f 962/130/966 1291/68/904 1274/129/964
f 1320/270/1105 802/212/1106 999/71/908
f 940/64/900 1033/271/1107 1320/270/1105
f 1324/272/968 977/242/1076 962/130/966
f 1064/214/1108 1257/11/851 1296/9/842
f 865/273/1109 1322/274/1110 1169/276/1111
f 1169/276/1111 924/41/880 862/39/874
f 1322/274/1110 790/46/1112 924/41/880
f 937/275/1113 1034/277/1114 1322/274/1110
f 808/170/1006 1323/131/967 1036/231/1063
f 1036/231/1063 972/128/963 781/182/1018
f 976/168/1005 1324/272/968 1323/131/967
f 1328/279/1115 1008/30/864 920/136/972
f 903/280/1062 1325/281/1116 1229/283/1117
f 1325/281/1116 905/282/1118 1229/283/1117
f 1325/281/1116 818/284/1020 1214/891/1119
f 1012/230/1061 951/183/1019 1325/281/1116
f 1332/285/1120 1041/250/1083 1326/287/1121
f 1326/287/1121 789/286/1122 932/35/869
f 1326/287/1121 821/288/1102 1039/431/1123
f 1337/290/1124 1007/289/1125 960/291/1126
f 1168/292/1127 930/7/839 864/8/841
f 1327/294/1128 777/293/1129 930/7/839
f 1327/294/1128 820/295/1097 1038/892/1130
f 1168/292/1127 1151/263/1095 1327/294/1128
f 1046/243/1078 1328/279/1115 1331/296/1131
f 1043/38/873 1332/285/1120 1328/279/1115
f 1329/297/1132 994/134/970 970/156/993
f 1332/285/1120 932/35/869 1008/30/864
f 1040/298/1133 970/156/993 804/159/995
f 1044/245/1079 1331/296/1131 1329/297/1132
f 1331/296/1131 920/136/972 994/134/970
f 822/254/1088 1329/297/1132 1040/298/1133
f 1228/299/1134 979/203/1037 897/204/1038
f 1330/300/1135 804/159/995 979/203/1037
f 1215/251/1085 1040/298/1133 1330/300/1135
f 906/253/1086 1330/300/1135 1228/299/1134
f 1056/302/1136 1333/301/1137 1337/290/1124
f 1052/304/1138 1338/303/1139 1333/301/1137
f 1135/306/1140 1343/305/1141 1340/307/1142
f 1336/309/1143 997/308/1144 975/310/1145
f 1055/312/1146 1334/311/1147 1336/309/1143
f 1053/313/1148 1337/290/1124 1334/311/1147
f 931/314/1149 1333/301/1137 1338/303/1139
f 960/291/1126 1334/311/1147 1337/290/1124
f 1227/316/1150 982/315/1151 900/317/1152
f 1335/319/1153 807/318/1154 982/315/1151
f 1216/321/1155 1051/320/1156 1335/319/1153
f 1227/316/1150 1216/321/1155 1335/319/1153
f 1051/320/1156 975/310/1145 807/318/1154
f 826/323/1157 1336/309/1143 1051/320/1156
f 1338/303/1139 788/324/1158 931/314/1149
f 1057/326/1159 1050/325/1160 1338/303/1139
f 1167/328/1161 929/327/1162 863/329/1163
f 1339/331/1164 786/330/1165 929/327/1162
f 1152/333/1166 926/332/1167 1339/331/1164
f 875/334/1168 1339/331/1164 1167/328/1161
f 1340/307/1142 1066/137/1104 1063/76/913
f 1346/335/1169 1063/76/913 1069/75/912
f 1345/337/1170 1132/336/1171 1130/338/1172
f 1134/339/1173 1346/335/1169 1341/340/1174
f 858/341/1175 1341/340/1174 1062/342/1176
f 1062/342/1176 1064/214/1108 830/213/1045
f 1129/343/1177 1340/307/1142 1346/335/1169
f 1341/340/1174 1069/75/912 1064/214/1108
f 1226/345/1178 1220/344/1179 911/346/1180
f 1342/348/1181 855/347/1182 1220/344/1179
f 1217/160/997 1123/349/1183 1342/348/1181
f 908/162/998 1342/348/1181 1226/345/1178
f 1351/350/1184 1052/304/1138 1056/302/1136
f 1068/19/854 1343/305/1141 1345/337/1170
f 1110/352/1185 1131/351/1186 859/353/1187
f 1344/355/1188 857/354/1189 1131/351/1186
f 1105/47/883 1061/356/1190 1344/355/1188
f 852/49/884 1344/355/1188 1110/352/1185
f 1061/356/1190 1130/338/1172 857/354/1189
f 829/21/855 1345/337/1170 1061/356/1190
f 1078/127/986 1347/357/1191 1351/350/1184
f 1074/124/960 1352/358/1192 1347/357/1191
f 1411/359/1193 1198/360/1194 1414/375/1195
f 1350/362/1196 1053/313/1148 1055/312/1146
f 1077/141/991 1348/363/1197 1350/362/1196
f 1075/139/976 1351/350/1184 1348/363/1197
f 1347/357/1191 1057/326/1159 1052/304/1138
f 1348/363/1197 1056/302/1136 1053/313/1148
f 907/322/1198 1349/364/1199 1216/321/1155
f 1349/364/1199 826/323/1157 1216/321/1155
f 1218/199/1034 1072/366/1200 1349/364/1199
f 1225/365/1201 1218/199/1034 1349/364/1199
f 1072/366/1200 1055/312/1146 826/323/1157
f 833/155/992 1350/362/1196 1072/366/1200
f 1352/358/1192 825/367/1202 1057/326/1159
f 1079/33/868 1071/368/1203 1352/358/1192
f 1166/369/1204 1152/333/1166 875/334/1168
f 1353/371/1205 824/370/1206 1152/333/1166
f 1153/1/835 1049/372/1205 1353/371/1205
f 876/3/836 1353/371/1205 1166/369/1204
f 927/373/1207 1413/374/1208 1006/93/931
f 1354/376/1209 1087/377/1210 1355/384/1211
f 1410/379/1212 1195/361/1213 1411/359/1193
f 1195/361/1213 1354/376/1209 1198/360/1194
f 1197/382/1214 1088/383/1215 886/409/1216
f 1355/384/1211 837/385/1217 1088/383/1215
f 891/386/1218 1356/387/1219 1196/389/1220
f 1196/389/1220 1089/390/1221 887/587/1222
f 1356/387/1219 835/391/1223 1089/390/1221
f 1165/388/1224 1154/392/1225 1356/387/1219
f 1360/394/1226 1082/395/1227 1358/397/1228
f 1194/380/1229 1357/381/1230 1195/361/1213
f 1441/398/1231 1019/241/1232 1023/239/1072
f 1192/399/1233 1358/397/1228 1194/380/1229
f 1224/401/1234 1221/400/1235 912/402/1236
f 1359/404/1237 889/403/1238 1221/400/1235
f 1219/406/1239 1091/405/1240 1359/404/1237
f 910/407/1241 1359/404/1237 1224/401/1234
f 889/403/1238 1360/394/1226 1192/399/1233
f 1091/405/1240 1086/396/1242 1360/394/1226
f 886/409/1216 1361/410/1243 1191/411/1244
f 1191/411/1244 1108/412/1245 890/532/1246
f 1361/410/1243 854/413/1247 1108/412/1245
f 1088/383/1215 1084/414/1248 1361/410/1243
f 1071/368/1203 1058/415/1249 825/367/1202
f 1362/417/1250 851/416/1251 1058/415/1249
f 1080/419/1252 1109/418/1253 1362/417/1250
f 832/32/867 1362/417/1250 1071/368/1203
f 1164/421/1254 1155/420/1255 878/422/1256
f 1363/423/1257 859/353/1187 1155/420/1255
f 1145/424/1258 1110/352/1185 1363/423/1257
f 868/425/1259 1363/423/1257 1164/421/1254
f 1050/325/1160 1093/426/1260 788/324/1158
f 1364/428/1261 840/427/1262 1093/426/1260
f 1058/415/1249 1111/429/1263 1364/428/1261
f 825/367/1202 1364/428/1261 1050/325/1160
f 1039/431/1123 1094/430/1264 789/286/1122
f 1365/433/1265 841/432/1266 1094/430/1264
f 1365/433/1265 850/434/1267 1112/541/1268
f 1039/431/1123 1042/435/1269 1365/433/1265
f 791/60/899 1366/436/1270 1033/271/1107
f 1033/271/1107 1092/437/1271 802/212/1106
f 1366/436/1270 839/438/1272 1092/437/1271
f 1095/55/894 1113/439/1273 1366/436/1270
f 821/288/1102 1367/440/1274 1042/435/1269
f 1042/435/1269 1114/441/1275 850/434/1267
f 1367/440/1274 848/442/1276 1114/441/1275
f 1017/268/1101 1024/443/1277 1367/440/1274
f 870/444/1278 1368/445/1279 1163/447/1280
f 1163/447/1280 1096/448/1281 869/467/1282
f 1368/445/1279 843/52/887 1096/448/1281
f 1097/446/1283 1115/198/1032 1368/445/1279
f 1144/450/1284 1162/449/1285 867/92/1286
f 1369/452/1287 866/451/1288 1162/449/1285
f 1116/107/945 1143/453/1289 1369/452/1287
f 847/109/946 1369/452/1287 1144/450/1284
f 1143/453/1289 1161/454/1290 866/451/1288
f 1370/456/1291 871/455/1292 1161/454/1290
f 1117/99/937 1099/457/1293 1370/456/1291
f 845/101/938 1370/456/1291 1143/453/1289
f 915/458/919 1371/459/1294 1248/460/1295
f 1248/460/1295 1118/461/1296 917/548/1297
f 1371/459/1294 847/109/946 1118/461/1296
f 966/81/918 1100/108/944 1371/459/1294
f 865/273/1109 1372/462/1298 1160/464/1299
f 1160/464/1299 1097/446/1283 870/444/1278
f 1372/462/1298 844/196/892 1097/446/1283
f 1142/463/1300 1119/56/890 1372/462/1298
f 1159/465/1301 1145/424/1258 868/425/1259
f 1373/466/1302 852/49/884 1145/424/1258
f 1096/448/1281 1120/48/882 1373/466/1302
f 869/467/1282 1373/466/1302 1159/465/1301
f 802/212/1106 1374/468/1303 990/211/1044
f 990/211/1044 1027/469/1304 817/210/1043
f 1374/468/1303 849/470/1305 1027/469/1304
f 1092/437/1271 1121/471/1306 1374/468/1303
f 933/34/870 1080/419/1252 832/32/867
f 1375/473/1307 853/472/1308 1080/419/1252
f 1094/430/1264 1122/474/1309 1375/473/1307
f 789/286/1122 1375/473/1307 933/34/870
f 1158/476/1310 1140/475/1311 863/329/1163
f 1376/477/1312 840/427/1262 1140/475/1311
f 1155/420/1255 1127/478/1313 1376/477/1312
f 878/422/1256 1376/477/1312 1158/476/1310
f 1382/479/1314 1129/343/1177 1134/339/1173
f 1383/481/1315 997/308/1144 960/291/1126
f 1007/289/1125 1378/482/1316 1380/484/1317
f 1135/306/1140 1377/480/1318 1383/481/1315
f 1125/483/1319 931/314/1149 788/324/1158
f 1380/484/1317 1130/338/1172 1132/336/1171
f 1357/381/1230 1081/378/1320 1354/376/1209
f 857/354/1189 1378/482/1316 1125/483/1319
f 1127/478/1313 1093/426/1260 840/427/1262
f 1379/486/1321 788/324/1158 1093/426/1260
f 1131/351/1186 1125/483/1319 1379/486/1321
f 859/353/1187 1379/486/1321 1127/478/1313
f 1132/336/1171 1383/481/1315 1380/484/1317
f 975/310/1145 1377/480/1318 1382/479/1314
f 900/317/1152 1381/487/1322 1209/489/1323
f 1209/489/1323 943/490/1324 787/616/1325
f 1220/344/1179 943/490/1324 1381/487/1322
f 911/346/1180 1381/487/1322 1223/488/1326
f 807/318/1154 1382/479/1314 1126/491/1327
f 1126/491/1327 1134/339/1173 858/341/1175
f 884/492/1328 1384/493/1329 1183/495/1328
f 1183/495/1328 1138/496/1328 883/574/1328
f 1384/493/1329 860/497/1330 1138/496/1328
f 1157/494/1331 1156/498/1331 1384/493/1329
f 885/500/1332 1385/501/1329 1182/503/1328
f 1182/503/1328 1157/494/1331 884/492/1328
f 1385/501/1329 879/499/1333 1157/494/1331
f 861/505/1331 1385/501/1329 1181/502/1334
f 1124/506/1335 929/327/1162 786/330/1165
f 1386/507/1336 863/329/1163 929/327/1162
f 1128/508/1337 1158/476/1310 1386/507/1336
f 856/509/1338 1386/507/1336 1124/506/1335
f 942/511/1339 1067/510/1340 827/512/1341
f 1387/513/1342 868/425/1259 1067/510/1340
f 1146/514/1343 1159/465/1301 1387/513/1342
f 784/515/1344 1387/513/1342 942/511/1339
f 783/278/1345 1388/516/1346 925/517/1347
f 925/517/1347 1147/518/1348 793/527/1349
f 1388/516/1346 870/444/1278 1147/518/1348
f 937/275/1113 1160/464/1299 1388/516/1346
f 955/520/1350 957/519/1351 797/521/1352
f 1389/523/1353 775/522/1354 957/519/1351
f 1161/454/1290 1148/524/1355 1389/523/1353
f 866/451/1288 1389/523/1353 955/520/1350
f 964/91/929 959/525/1356 796/90/927
f 1390/526/1357 797/521/1352 959/525/1356
f 1162/449/1285 955/520/1350 1390/526/1357
f 867/92/1286 1390/526/1357 964/91/929
f 793/527/1349 1391/528/1358 945/529/1359
f 945/529/1359 1146/514/1343 784/515/1344
f 1391/528/1358 869/467/1282 1146/514/1343
f 1147/518/1348 1163/447/1280 1391/528/1358
f 1059/530/1360 1128/508/1337 856/509/1338
f 1392/531/1361 878/422/1256 1128/508/1337
f 1067/510/1340 1164/421/1254 1392/531/1361
f 827/512/1341 1392/531/1361 1059/530/1360
f 890/532/1246 1393/533/1362 1190/534/1363
f 1190/534/1363 1165/388/1224 891/386/1218
f 1393/533/1362 877/393/1364 1165/388/1224
f 1108/412/1245 1107/535/1365 1393/533/1362
f 1109/418/1253 1104/536/1366 851/416/1251
f 1394/537/1367 875/334/1168 1104/536/1366
f 1106/538/1368 1166/369/1204 1394/537/1367
f 853/472/1308 1394/537/1367 1109/418/1253
f 1111/429/1263 1140/475/1311 840/427/1262
f 1395/539/1369 863/329/1163 1140/475/1311
f 1104/536/1366 1167/328/1161 1395/539/1369
f 851/416/1251 1395/539/1369 1111/429/1263
f 1112/541/1268 1141/540/1370 841/432/1266
f 1396/542/1371 864/8/841 1141/540/1370
f 1396/542/1371 874/260/1093 1168/292/1127
f 1112/541/1268 1103/543/1372 1396/542/1371
f 842/53/888 1397/544/1373 1113/439/1273
f 1113/439/1273 1139/545/1374 839/438/1272
f 1397/544/1373 862/39/874 1139/545/1374
f 1142/463/1300 1169/276/1111 1397/544/1373
f 850/434/1267 1398/546/1375 1103/543/1372
f 1103/543/1372 1170/262/1099 874/260/1093
f 1398/546/1375 872/267/1376 1170/262/1099
f 1114/441/1275 1101/547/1377 1398/546/1375
f 917/548/1297 1399/549/1378 1247/550/1379
f 1247/550/1379 1171/87/928 918/85/922
f 1399/549/1378 867/92/1286 1171/87/928
f 1118/461/1296 1144/450/1284 1399/549/1378
f 839/438/1272 1400/551/1380 1121/471/1306
f 1121/471/1306 1102/552/1381 849/470/1305
f 1400/551/1380 873/553/878 1102/552/1381
f 1139/545/1374 1172/42/876 1400/551/1380
f 1122/474/1309 1106/538/1368 853/472/1308
f 1401/554/1382 876/3/836 1106/538/1368
f 1141/540/1370 1173/2/834 1401/554/1382
f 841/432/1266 1401/554/1382 1122/474/1309
f 892/555/1383 1402/556/1334 1203/558/1384
f 1203/558/1384 1176/559/1328 894/563/1385
f 1402/556/1334 882/560/1332 1176/559/1328
f 1199/557/1329 1177/561/1328 1402/556/1334
f 894/563/1385 1403/564/1334 1202/565/1386
f 1202/565/1386 1175/566/1334 893/592/1387
f 1403/564/1334 881/567/1388 1175/566/1334
f 1176/559/1328 1178/568/1328 1403/564/1334
f 880/562/1328 1404/569/1328 1177/561/1328
f 1177/561/1328 1180/571/1328 882/560/1332
f 1404/569/1328 884/492/1328 1180/571/1328
f 1174/570/1328 1182/503/1328 1404/569/1328
f 882/560/1332 1405/572/1389 1178/568/1328
f 1178/568/1328 1179/573/1328 881/567/1388
f 1405/572/1389 883/574/1328 1179/573/1328
f 1180/571/1328 1183/495/1328 1405/572/1389
f 846/102/940 1406/575/1390 1099/457/1293
f 1099/457/1293 1189/577/1391 871/455/1292
f 1406/575/1390 891/386/1218 1189/577/1391
f 1188/576/1392 1190/534/1363 1406/575/1390
f 798/232/1064 1407/578/1393 961/104/942
f 961/104/942 1188/576/1392 846/102/940
f 1407/578/1393 890/532/1246 1188/576/1392
f 1184/579/1394 1191/411/1244 1407/578/1393
f 1187/580/1395 1003/216/1047 810/221/1052
f 960/291/1126 1380/484/1317 1383/481/1315
f 1003/216/1047 1410/379/1212 928/218/1049
f 1187/580/1395 1192/399/1233 1408/584/1396
f 1222/582/1397 1204/581/1398 895/224/1055
f 1409/583/1399 810/221/1052 1204/581/1398
f 1221/400/1235 1187/580/1395 1409/583/1399
f 912/402/1236 1409/583/1399 1222/582/1397
f 1408/584/1396 1194/380/1229 1410/379/1212
f 928/218/1049 1411/359/1193 1002/219/1400
f 1198/360/1194 1355/384/1211 1197/382/1214
f 1002/219/1400 1414/375/1195 927/373/1207
f 871/455/1292 1412/585/1401 1148/524/1355
f 1148/524/1355 1185/586/1402 775/522/1354
f 1412/585/1401 887/587/1222 1185/586/1402
f 1189/577/1391 1196/389/1220 1412/585/1401
f 1414/375/1195 1197/382/1214 1413/374/1208
f 1006/93/931 1184/579/1394 798/232/1064
f 1413/374/1208 886/409/1216 1184/579/1394
f 1358/397/1228 1085/485/1403 1357/381/1230
f 877/393/1364 1415/588/1404 1154/392/1225
f 1154/392/1225 1200/590/1405 835/391/1223
f 1415/591/1404 893/592/1387 1200/893/1405
f 1201/593/1406 1202/565/1386 1415/591/1404
f 1137/594/1407 1107/535/1365 854/413/1247
f 1416/595/1408 877/393/1364 1107/535/1365
f 1416/596/1408 894/563/1385 1201/593/1406
f 892/555/1383 1416/596/1408 1137/597/1407
f 1090/598/1409 934/222/1054 776/225/1057
f 1417/599/1410 895/224/1055 934/222/1054
f 1193/600/1411 1222/582/1397 1417/599/1410
f 888/601/1412 1417/599/1410 1090/598/1409
f 1126/491/1327 982/315/1151 807/318/1154
f 1418/602/1413 900/317/1152 982/315/1151
f 1133/603/1414 1223/488/1326 1418/602/1413
f 858/341/1175 1418/602/1413 1126/491/1327
f 1186/604/1415 1193/600/1411 888/601/1412
f 1419/605/1416 912/402/1236 1193/600/1411
f 1083/606/1417 1224/401/1234 1419/605/1416
f 836/607/1415 1419/605/1416 1186/604/1415
f 823/608/1418 1420/609/1419 1054/611/1420
f 1054/611/1420 1225/365/1201 907/322/1198
f 1420/609/1419 909/201/1035 1225/365/1201
f 1070/610/1421 1076/612/1422 1420/609/1419
f 1062/342/1176 1133/603/1414 858/341/1175
f 1421/614/1423 911/346/1180 1133/603/1414
f 1065/615/1424 1226/345/1178 1421/614/1423
f 830/213/1045 1421/614/1423 1062/342/1176
f 787/616/1325 1422/617/1425 1209/489/1323
f 1209/489/1323 1227/316/1150 900/317/1152
f 1422/617/1425 907/322/1198 1227/316/1150
f 1048/618/1426 1054/611/1420 1422/617/1425
f 1037/620/1427 1206/619/1428 779/621/1429
f 1423/622/1430 897/204/1038 1206/619/1428
f 1045/623/1431 1228/299/1134 1423/622/1430
f 819/624/1432 1423/622/1430 1037/620/1427
f 1212/626/1433 1035/625/1434 782/627/1435
f 1424/629/1436 815/628/1437 1035/625/1434
f 1229/283/1117 1026/630/1438 1424/629/1436
f 903/280/1062 1424/629/1436 1212/626/1433
f 1015/631/1439 1045/623/1431 819/624/1432
f 1425/632/1440 906/253/1086 1045/623/1431
f 1021/633/1441 1230/252/1084 1425/632/1440
f 811/634/1442 1425/632/1440 1015/631/1439
f 1205/194/1030 987/207/1041 803/174/1010
f 987/207/1041 981/635/1443 806/209/1042
f 1231/233/1066 981/635/1443 1426/636/1444
f 896/195/1067 1426/636/1444 1205/194/1030
f 1210/638/1445 950/637/1446 785/639/1447
f 1427/640/1448 782/627/1435 950/637/1446
f 1232/229/1060 1212/626/1433 1427/640/1448
f 901/192/1028 1427/640/1448 1210/638/1445
f 1004/220/1051 1204/581/1398 810/221/1052
f 1428/641/1449 895/224/1055 1204/581/1398
f 984/642/1450 1233/223/1053 1428/641/1449
f 809/205/1039 1428/641/1449 1004/220/1051
f 831/613/1451 1429/643/1452 1076/612/1422
f 1076/612/1422 1234/200/1033 909/201/1035
f 1206/619/1428 1234/200/1033 1429/643/1452
f 779/621/1429 1429/643/1452 923/644/1453
f 785/639/1447 1430/645/1454 1210/638/1445
f 1210/638/1445 1235/191/1026 901/192/1028
f 1430/645/1454 896/195/1067 1235/191/1026
f 947/646/1455 949/234/1065 1430/645/1454
f 922/648/1456 1246/647/1457 913/649/1458
f 1431/650/1459 919/187/1023 1246/647/1457
f 1207/149/983 1236/186/1021 1431/650/1459
f 778/651/1460 1431/650/1459 922/648/1456
f 991/215/1046 1065/615/1424 830/213/1045
f 1432/652/1461 908/162/998 1065/615/1424
f 981/635/1443 1237/161/996 1432/652/1461
f 806/209/1042 1432/652/1461 991/215/1046
f 989/206/1040 984/642/1450 809/205/1039
f 1433/653/1462 902/145/980 984/642/1450
f 980/189/1025 1238/144/978 1433/653/1462
f 805/180/1016 1433/653/1462 989/206/1040
f 1239/654/1463 1021/633/1441 811/634/1442
f 1434/655/1464 904/258/1091 1021/633/1441
f 1246/647/1457 1245/656/1465 1434/655/1464
f 913/649/1458 1434/655/1464 1239/654/1463
f 848/442/1276 1435/657/1466 1101/547/1377
f 1101/547/1377 1244/659/1467 872/267/1376
f 1435/657/1466 918/85/922 1244/659/1467
f 1243/658/1468 1247/550/1379 1435/657/1466
f 813/269/1103 1436/660/1469 1024/443/1277
f 1024/443/1277 1243/658/1468 848/442/1276
f 1436/660/1469 917/548/1297 1243/658/1468
f 1241/661/1470 1248/460/1295 1436/660/1469
f 1253/98/957 1437/662/1471 1441/398/1231
f 1437/662/1471 1255/80/917 1443/665/1472
f 1440/663/1473 1020/248/1082 1022/247/1080
f 1252/173/1012 1438/664/1474 1440/663/1473
f 1250/121/958 1441/398/1231 1438/664/1474
f 1019/241/1232 1443/665/1472 1025/240/1074
f 1438/664/1474 1023/239/1072 1020/248/1082
f 1245/656/1465 1213/257/1089 904/258/1091
f 1439/666/1475 814/259/1092 1213/257/1089
f 1251/185/1022 1242/667/1476 1439/666/1475
f 919/187/1023 1439/666/1475 1245/656/1465
f 1242/667/1476 1022/247/1080 814/259/1092
f 916/176/1013 1440/663/1473 1242/667/1476
f 872/267/1376 1442/668/1477 1149/266/1100
f 1149/266/1100 1240/669/1478 812/265/1098
f 1442/668/1477 914/670/926 1240/669/1478
f 1244/659/1467 1254/88/924 1442/668/1477
f 1025/240/1074 1241/661/1470 813/269/1103
f 1443/665/1472 915/458/919 1241/661/1470
f 1527/672/1479 1081/671/1480 1085/673/1479
f 913/674/1481 1495/675/1482 922/678/1483
f 1495/675/1482 778/677/1484 922/678/1483
f 831/679/1485 1496/680/1486 923/682/1487
f 923/682/1487 1448/683/1488 779/894/1489
f 793/684/1490 1497/685/1491 925/688/1492
f 1497/685/1491 783/687/1493 925/688/1492
f 824/689/1494 1498/690/1495 926/693/1496
f 1498/690/1495 786/692/1497 926/693/1496
f 1458/695/1498 941/694/1499 795/696/1500
f 1499/698/1501 780/697/1502 941/694/1499
f 1470/700/1503 942/699/1504 827/701/1505
f 942/699/1504 1452/702/1506 784/709/1507
f 855/704/1508 1501/705/1509 943/707/1510
f 943/707/1510 1455/708/1511 787/774/1512
f 784/709/1507 1502/710/1513 945/711/1513
f 945/711/1513 1457/686/1514 793/684/1490
f 785/712/1515 1503/713/1516 947/716/1517
f 1503/713/1516 795/715/1500 947/716/1517
f 1504/717/1518 785/712/1515 950/718/1519
f 1450/719/1520 950/718/1519 782/720/1521
f 952/721/1522 1465/722/1523 816/895/1524
f 790/724/1525 1505/723/1526 952/721/1522
f 956/726/1527 1494/727/1528 914/889/1529
f 1459/729/1530 956/726/1527 796/730/1531
f 1507/732/1532 797/731/1533 957/733/1532
f 1444/734/1534 957/733/1532 775/735/1535
f 959/736/1536 1459/729/1530 796/730/1531
f 797/731/1533 1508/737/1537 959/736/1536
f 1447/740/1538 969/739/1539 778/741/1484
f 1509/743/1540 801/742/1541 969/739/1539
f 1005/744/1542 1445/745/1543 776/825/1544
f 801/742/1541 1510/746/1545 1005/744/1542
f 819/748/1546 1511/749/1547 1015/751/1547
f 1015/751/1547 1462/752/1548 811/884/1549
f 1016/753/1550 1467/754/1551 820/772/1552
f 812/756/1553 1512/755/1554 1016/753/1550
f 1034/758/1555 1456/725/1556 790/724/1525
f 1451/760/1557 1034/758/1555 783/687/1493
f 1514/761/1558 782/720/1521 1035/762/1559
f 1464/763/1560 1035/762/1559 815/764/1560
f 1448/766/1488 1037/765/1561 779/767/1489
f 1515/768/1562 819/748/1546 1037/765/1561
f 1516/770/1563 777/769/1564 1038/771/1565
f 820/772/1552 1516/770/1563 1038/771/1565
f 1455/708/1511 1048/773/1566 787/774/1512
f 1517/776/1567 823/775/1568 1048/773/1566
f 1473/778/1569 1049/777/1570 834/779/1571
f 1049/777/1570 1469/691/1572 824/689/1494
f 856/781/1573 1519/782/1574 1059/784/1575
f 1519/782/1574 827/701/1505 1059/784/1575
f 780/697/1502 1520/785/1576 1060/787/1577
f 1060/787/1577 1471/788/1578 828/826/1579
f 1468/790/1580 1070/789/1581 823/775/1568
f 1521/791/1582 831/679/1485 1070/789/1581
f 1446/793/1583 1073/792/1584 777/794/1564
f 1522/795/1585 834/779/1571 1073/792/1584
f 1086/796/1586 1524/797/1587 1082/896/1588
f 1523/800/1480 1087/799/1589 1081/671/1480
f 1082/801/1588 1527/672/1479 1085/673/1479
f 1525/804/1590 910/803/1591 1083/805/1592
f 836/807/1593 1525/804/1590 1083/805/1592
f 1526/809/1594 854/808/1595 1084/810/1594
f 1476/811/1596 1084/810/1594 837/812/1597
f 838/813/1598 1528/798/1586 1086/796/1586
f 1529/815/1599 837/812/1597 1087/799/1589
f 1089/816/1600 1488/817/1601 887/870/1602
f 835/819/1603 1530/820/1604 1089/897/1600
f 1531/823/1605 888/822/1606 1090/824/1607
f 1445/745/1543 1090/824/1607 776/825/1544
f 828/826/1579 1532/827/1608 1123/828/1609
f 1123/828/1609 1479/706/1610 855/704/1508
f 1454/830/1611 1124/829/1612 786/692/1497
f 1533/831/1613 856/781/1573 1124/829/1612
f 1534/834/1614 879/850/1615 1136/832/1616
f 861/835/1617 1534/834/1614 1136/832/1616
f 1137/837/1618 1490/838/1619 892/876/1620
f 854/808/1595 1535/840/1621 1137/898/1618
f 1138/842/1622 1486/843/1623 883/863/1623
f 860/846/1624 1536/844/1622 1138/842/1622
f 1537/848/1625 860/847/1624 1156/849/1626
f 879/850/1615 1537/848/1625 1156/849/1626
f 1174/853/1627 1487/867/1628 885/851/1628
f 1484/854/1629 1174/853/1627 880/855/1629
f 1539/857/1630 893/856/1631 1175/858/1630
f 881/859/1632 1539/857/1630 1175/858/1630
f 1179/861/1633 1485/860/1632 881/859/1632
f 883/863/1623 1540/862/1633 1179/861/1633
f 1181/866/1634 1482/899/1635 861/864/1617
f 1487/867/1628 1181/866/1634 885/851/1628
f 1185/868/1636 1444/734/1534 775/735/1535
f 887/870/1602 1542/869/1637 1185/868/1636
f 1543/872/1638 836/807/1593 1186/871/1639
f 1489/873/1640 1186/871/1639 888/822/1606
f 1544/874/1641 880/855/1629 1199/875/1642
f 892/876/1620 1544/874/1641 1199/875/1642
f 1545/877/1643 835/819/1603 1200/878/1644
f 1491/880/1645 1200/879/1644 893/856/1631
f 1546/882/1646 838/813/1598 1219/881/1647
f 1492/883/1591 1219/881/1647 910/803/1591
f 811/884/1549 1547/885/1648 1239/886/1649
f 1547/885/1648 913/674/1481 1239/886/1649
f 1548/887/1650 812/756/1553 1240/888/1651
f 1494/727/1528 1240/888/1651 914/889/1529
f 927/373/1207 1299/116/934 1002/219/1400
f 1559/900/1652 1554/901/1653 1556/902/1652
f 1559/900/1654 1555/903/1655 1560/904/1656
f 1558/905/1657 1550/906/1658 1549/907/1659
f 1560/908/1660 1553/909/1660 1558/905/1660
f 1571/910/1661 1566/911/1662 1568/912/1663
f 1552/913/1664 1560/904/1656 1551/914/1664
f 1553/909/1665 1557/915/1666 1558/905/1657
f 1551/916/1667 1558/905/1660 1549/907/1667
f 1552/913/1668 1557/915/1666 1559/900/1652
f 1571/910/1669 1567/917/1670 1572/918/1671
f 1570/919/1672 1562/920/1673 1561/921/1674
f 1572/922/1675 1565/923/1675 1570/919/1675
f 1564/924/1664 1572/918/1671 1563/925/1664
f 1565/923/1676 1569/926/1677 1570/919/1672
f 1563/927/1667 1570/919/1675 1561/921/1667
f 1564/924/1668 1569/926/1677 1571/910/1661
f 1574/928/1678 1579/929/1679 1576/930/1680
f 1575/931/1681 1579/929/1682 1580/932/1683
f 1578/933/1684 1550/934/1658 1577/935/1685
f 1580/936/1686 1573/937/1686 1575/938/1686
f 1582/939/1687 1587/940/1688 1584/941/1688
f 1580/932/1683 1552/942/1664 1551/943/1664
f 1573/937/1689 1577/935/1685 1574/928/1678
f 1551/944/1667 1578/933/1686 1580/936/1686
f 1577/935/1685 1552/942/1668 1579/929/1679
f 1583/945/1690 1587/940/1691 1588/946/1692
f 1586/947/1693 1562/948/1673 1585/949/1694
f 1588/950/1695 1581/951/1696 1583/952/1696
f 1588/946/1692 1564/953/1664 1563/954/1664
f 1581/951/1697 1585/949/1694 1582/939/1687
f 1563/955/1667 1586/947/1695 1588/950/1695
f 1585/949/1694 1564/953/1668 1587/940/1688
f 1621/956/1698 1620/957/1699 1617/958/1700
f 1639/959/1701 1622/960/1702 1631/961/1703
f 1638/962/1704 1629/963/1705 1626/964/1706
f 1647/965/1707 1606/966/1708 1643/967/1709
f 1607/968/1710 1652/969/1711 1589/970/1712
f 1641/971/1713 1628/972/1714 1625/973/1715
f 1646/974/1716 1619/975/1717 1645/976/1718
f 1633/977/1719 1602/978/1720 1635/979/1721
f 1607/968/1710 1624/980/1722 1621/981/1698
f 1640/982/1723 1623/983/1724 1646/984/1716
f 1642/985/1725 1598/986/1726 1647/965/1707
f 1637/987/1727 1605/988/1728 1634/989/1729
f 1643/967/1709 1600/990/1730 1641/991/1713
f 1635/979/1721 1594/992/1731 1637/987/1727
f 1604/993/1732 1610/994/1733 1592/995/1734
f 1601/996/1735 1608/997/1736 1590/998/1737
f 1634/989/1729 1596/999/1738 1638/962/1704
f 1620/957/1699 1644/1000/1739 1616/1001/1740
f 1613/1002/1741 1611/1003/1742 1601/996/1735
f 1592/995/1734 1627/1004/1743 1630/1005/1744
f 1590/998/1737 1612/1006/1745 1604/993/1732
f 1617/958/1700 1616/1001/1740 1613/1002/1741
f 1645/976/1718 1615/1007/1746 1644/1000/1739
f 1631/1008/1703 1618/1009/1747 1632/1010/1748
f 1632/1010/1748 1614/1011/1749 1633/977/1719
f 1612/1006/1745 1641/991/1713 1610/994/1733
f 1611/1003/1742 1647/965/1707 1608/997/1736
f 1589/1012/1712 1646/984/1716 1624/1013/1722
f 1627/1014/1743 1648/1015/1750 1609/1016/1751
f 1628/1017/1714 1636/1018/1752 1599/1019/1753
f 1593/1020/1754 1631/961/1703 1623/983/1724
f 1603/1021/1755 1637/987/1727 1598/986/1726
f 1606/966/1708 1638/962/1704 1600/990/1730
f 1619/975/1717 1633/977/1719 1615/1007/1746
f 1626/1022/1706 1595/1023/1756 1636/1018/1752
f 1625/1024/1715 1599/1019/1753 1648/1015/1750
f 1630/1025/1744 1609/1016/1751 1591/1026/1757
f 1644/1000/1739 1603/1021/1755 1642/985/1725
f 1650/1027/1758 1597/1028/1759 1639/1029/1701
f 1653/1030/1760 1593/1031/1754 1640/1032/1723
f 1709/1033/1761 1711/1034/1762 1707/1035/1763
f 1712/1036/1764 1716/1037/1765 1668/1038/1766
f 1663/1039/1767 1695/1040/1768 1698/1041/1769
f 1675/1042/1770 1717/1043/1771 1694/1044/1772
f 1696/1045/1773 1706/1046/1774 1704/1047/1775
f 1685/1048/1776 1683/1049/1777 1699/1050/1778
f 1715/1051/1779 1669/1052/1780 1667/1053/1781
f 1661/1054/1782 1673/1055/1783 1678/1056/1784
f 1713/1057/1785 1696/1058/1773 1711/1059/1762
f 1667/1060/1781 1680/1061/1786 1715/1062/1779
f 1688/1063/1787 1693/1064/1788 1717/1065/1771
f 1665/1066/1789 1682/1067/1790 1676/1068/1791
f 1684/1069/1792 1694/1070/1772 1683/1071/1777
f 1662/1072/1793 1678/1056/1784 1682/1067/1790
f 1700/1073/1794 1659/1074/1795 1660/1075/1796
f 1671/1076/1797 1655/1077/1798 1656/1078/1799
f 1666/1079/1800 1676/1068/1791 1695/1040/1768
f 1709/1033/1761 1710/1080/1801 1714/1081/1802
f 1691/1082/1803 1702/1083/1804 1705/1084/1805
f 1701/1085/1806 1660/1075/1796 1657/1086/1807
f 1703/1087/1808 1656/1078/1799 1659/1074/1795
f 1705/1084/1805 1707/1035/1763 1691/1082/1803
f 1672/1088/1809 1714/1081/1802 1710/1080/1801
f 1708/1089/1810 1668/1090/1766 1670/1091/1811
f 1692/1092/1812 1670/1091/1811 1673/1055/1783
f 1703/1093/1808 1683/1094/1777 1694/1095/1772
f 1702/1083/1804 1717/1065/1771 1693/1064/1788
f 1697/1096/1813 1715/1062/1779 1680/1061/1786
f 1701/1097/1806 1718/1098/1814 1699/1050/1778
f 1679/1099/1815 1685/1048/1776 1686/1100/1816
f 1668/1038/1766 1681/1101/1817 1667/1060/1781
f 1682/1067/1790 1677/1102/1818 1688/1063/1787
f 1695/1103/1768 1675/1104/1770 1684/1105/1792
f 1673/1106/1783 1669/1107/1780 1672/1108/1809
f 1664/1109/1819 1698/1110/1769 1679/1099/1815
f 1686/1100/1816 1699/1050/1778 1718/1098/1814
f 1674/1111/1820 1657/1112/1807 1658/1113/1664
f 1710/1114/1801 1677/1115/1818 1672/1116/1809
f 1690/1117/1821 1719/1118/1822 1716/1119/1765
f 1720/1120/1823 1681/1121/1817 1687/1122/1823
f 1589/1123/1712 1680/1061/1824 1640/1124/1723
f 1683/1125/1777 1610/1126/1825 1641/1127/1826
f 1696/1128/1773 1649/1129/1827 1607/1130/1828
f 1611/1131/1742 1693/1132/1829 1642/1133/1725
f 1627/1134/1743 1699/1135/1830 1625/1136/1715
f 1616/1137/1831 1702/1138/1832 1611/1139/1832
f 1612/1140/1745 1694/1141/1833 1643/1142/1709
f 1717/1143/1771 1608/1144/1834 1647/1145/1835
f 1652/1146/1711 1697/1147/1836 1589/1148/1712
f 1710/1149/1801 1616/1150/1831 1644/1151/1837
f 1620/1152/1699 1714/1153/1838 1645/1154/1718
f 1600/1155/1839 1685/1156/1840 1628/1157/1840
f 1608/1158/1834 1703/1159/1841 1612/1140/1841
f 1654/1160/1842 1681/1161/1842 1593/1031/1842
f 1715/1162/1779 1624/1163/1843 1646/1164/1844
f 1596/1165/1845 1663/1166/1846 1629/1167/1847
f 1691/1168/1848 1617/1169/1849 1613/1170/1850
f 1657/1171/1851 1592/1172/1852 1630/1173/1851
f 1618/1174/1668 1692/1175/1668 1614/1176/1668
f 1651/1177/1853 1690/1178/1821 1597/1179/1854
f 1655/1180/1855 1613/1170/1850 1601/1181/1856
f 1614/1176/1668 1661/1182/1668 1602/1183/1668
f 1637/1184/1857 1688/1185/1787 1598/1186/1858
f 1615/1187/1859 1677/1188/1860 1603/1189/1860
f 1707/1190/1861 1621/1191/1862 1617/1169/1849
f 1659/1192/1863 1590/1193/1864 1604/1194/1863
f 1656/1195/1865 1601/1181/1856 1590/1193/1864
f 1693/1196/1829 1644/1197/1866 1642/1198/1725
f 1622/1199/1668 1708/1200/1668 1618/1174/1668
f 1594/1201/1668 1665/1202/1668 1605/1203/1668
f 1658/1204/1667 1630/1205/1851 1591/1206/1667
f 1680/1207/1824 1653/1030/1760 1640/1032/1723
f 1623/1208/1867 1669/1209/1868 1619/1210/1868
f 1598/1186/1858 1675/1211/1869 1606/1212/1869
f 1660/1213/1870 1604/1194/1863 1592/1172/1852
f 1624/1214/1843 1709/1215/1871 1620/1216/1871
f 1602/1183/1668 1662/1217/1668 1594/1201/1668
f 1694/1218/1872 1647/1145/1873 1643/1219/1872
f 1638/1220/1874 1684/1221/1792 1600/1222/1839
f 1629/1223/1847 1664/1224/1668 1595/1225/1668
f 1714/1226/1838 1646/1227/1875 1645/1228/1718
f 1605/1203/1668 1666/1229/1876 1596/1230/1845
f 1716/1119/1877 1650/1231/1758 1639/1232/1701
f 1711/1233/1878 1607/1130/1828 1621/1234/1862
f 1685/1235/1879 1626/1236/1706 1628/1237/1714
f 1631/1238/1880 1667/1239/1781 1623/1208/1867
f 1597/1240/1854 1712/1241/1668 1622/1242/1668
f 1699/1243/1881 1641/1244/1881 1625/1245/1881
f 1669/1246/1882 1632/1247/1748 1619/1248/1717
f 1676/1249/1883 1637/1250/1883 1634/1251/1883
f 1698/1252/1884 1638/1253/1884 1626/1254/1884
f 1610/1255/1825 1701/1256/1869 1627/1257/1869
f 1633/1258/1885 1672/1259/1809 1615/1260/1859
f 1678/1261/1886 1633/1262/1887 1635/1263/1721
f 1675/1264/1888 1634/1265/1729 1606/1266/1708
f 1681/1101/1889 1639/1267/1701 1593/1268/1754
f 1677/1269/1890 1635/1270/1721 1603/1271/1755
f 1670/1272/1891 1631/1273/1892 1632/1274/1748
f 1748/1275/1893 1749/1276/1894 1745/1277/1895
f 1750/1278/1896 1766/1279/1897 1759/1280/1898
f 1757/1281/1899 1765/1282/1900 1754/1283/1901
f 1735/1284/1902 1774/1285/1903 1770/1286/1904
f 1736/1287/1905 1778/1288/1906 1775/1289/1907
f 1756/1290/1908 1768/1291/1909 1753/1292/1910
f 1773/1293/1911 1747/1294/1912 1751/1295/1913
f 1731/1296/1914 1761/1297/1915 1763/1298/1916
f 1752/1299/1917 1736/1287/1905 1749/1300/1894
f 1751/1301/1913 1767/1302/1918 1773/1303/1911
f 1728/1304/1919 1769/1305/1920 1774/1285/1903
f 1734/1306/1921 1764/1307/1922 1762/1308/1923
f 1729/1309/1924 1770/1286/1904 1768/1291/1909
f 1725/1310/1925 1763/1298/1916 1764/1307/1922
f 1738/1311/1926 1733/1312/1927 1723/1313/1928
f 1737/1314/1929 1730/1315/1930 1722/1316/1931
f 1726/1317/1932 1762/1308/1923 1765/1282/1900
f 1748/1275/1893 1771/1318/1933 1772/1319/1934
f 1741/1320/1935 1739/1321/1936 1744/1322/1937
f 1755/1323/1938 1723/1313/1928 1758/1324/1939
f 1740/1325/1940 1722/1316/1931 1733/1312/1927
f 1744/1322/1937 1745/1277/1895 1741/1320/1935
f 1743/1326/1941 1772/1319/1934 1771/1318/1933
f 1746/1327/1942 1759/1328/1898 1760/1329/1943
f 1742/1330/1944 1760/1329/1943 1761/1297/1915
f 1740/1325/1940 1768/1291/1909 1770/1286/1904
f 1739/1321/1936 1774/1285/1903 1769/1305/1920
f 1721/1331/1945 1773/1303/1911 1767/1302/1918
f 1755/1332/1938 1648/1015/1750 1753/1333/1910
f 1636/1018/1752 1756/1334/1908 1599/1019/1753
f 1759/1280/1898 1724/1335/1946 1751/1301/1913
f 1764/1307/1922 1732/1336/1947 1728/1304/1919
f 1765/1282/1900 1735/1284/1902 1729/1309/1924
f 1761/1297/1915 1747/1294/1912 1743/1326/1941
f 1595/1023/1756 1754/1337/1901 1636/1018/1752
f 1599/1019/1753 1753/1333/1910 1648/1015/1750
f 1609/1016/1751 1758/1338/1939 1591/1026/1757
f 1771/1318/1933 1732/1336/1947 1743/1326/1941
f 1727/1339/1948 1776/1340/1949 1766/1341/1897
f 1779/1342/1950 1724/1343/1946 1780/1344/1951
f 1832/1345/1952 1830/1346/1953 1828/1347/1954
f 1837/1348/1955 1833/1349/1956 1792/1350/1957
f 1816/1351/1958 1788/1352/1959 1819/1353/1960
f 1838/1354/1961 1798/1355/1962 1815/1356/1963
f 1817/1357/1964 1827/1358/1965 1818/1359/1966
f 1805/1360/1967 1807/1361/1968 1820/1362/1969
f 1836/1363/1970 1793/1364/1971 1835/1365/1972
f 1797/1366/1973 1786/1367/1974 1801/1368/1975
f 1817/1369/1964 1834/1370/1976 1832/1371/1952
f 1802/1372/1977 1791/1373/1978 1836/1374/1970
f 1814/1375/1979 1809/1376/1980 1838/1377/1961
f 1804/1378/1981 1789/1379/1982 1799/1380/1983
f 1815/1381/1963 1806/1382/1984 1805/1383/1967
f 1801/1368/1975 1787/1384/1985 1804/1378/1981
f 1784/1385/1986 1821/1386/1987 1785/1387/1988
f 1781/1388/1989 1795/1389/1990 1782/1390/1991
f 1799/1380/1983 1790/1391/1992 1816/1351/1958
f 1830/1392/1953 1831/1393/1993 1826/1394/1994
f 1812/1395/1995 1823/1396/1996 1781/1388/1989
f 1785/1387/1988 1822/1397/1997 1783/1398/1998
f 1782/1390/1991 1824/1399/1999 1784/1385/1986
f 1828/1400/1954 1826/1401/1994 1812/1395/1995
f 1835/1402/1972 1796/1403/2000 1831/1393/1993
f 1792/1404/1957 1829/1405/2001 1794/1406/2002
f 1794/1406/2002 1813/1407/2003 1797/1366/1973
f 1824/1408/1999 1805/1409/1967 1821/1410/1987
f 1823/1411/1996 1838/1412/1961 1795/1413/1990
f 1818/1414/1966 1836/1374/1970 1834/1415/1976
f 1822/1416/1997 1718/1098/1814 1674/1111/1820
f 1807/1417/1968 1679/1099/1815 1686/1100/1816
f 1803/1418/2004 1792/1350/1957 1791/1373/1978
f 1800/1419/2005 1804/1420/1981 1809/1421/1980
f 1798/1422/1962 1816/1423/1958 1806/1424/1984
f 1793/1425/1971 1797/1426/1973 1796/1427/2000
f 1819/1428/1960 1664/1109/1819 1679/1099/1815
f 1820/1429/1969 1686/1100/1816 1718/1098/1814
f 1783/1430/1998 1674/1111/1820 1658/1113/1664
f 1831/1431/1993 1800/1432/2005 1814/1433/1979
f 1839/1434/2006 1811/1435/2007 1837/1436/1955
f 1840/1437/2008 1803/1438/2004 1802/1439/1977
f 1721/1440/1945 1802/1372/2009 1818/1414/2010
f 1738/1441/2011 1805/1442/1967 1768/1443/2012
f 1775/1444/2013 1817/1445/1964 1736/1446/2014
f 1739/1447/1936 1814/1448/2015 1823/1449/2016
f 1755/1450/1938 1820/1451/2017 1822/1452/2017
f 1744/1453/2018 1823/1454/2019 1826/1455/1994
f 1740/1456/1940 1815/1457/2020 1824/1458/2020
f 1737/1459/2021 1838/1460/1961 1774/1461/2022
f 1778/1462/1906 1818/1359/2023 1827/1358/2023
f 1744/1463/2018 1831/1464/1993 1771/1465/2024
f 1748/1466/1893 1835/1467/2025 1830/1468/2026
f 1729/1469/2027 1807/1470/2028 1806/1471/1984
f 1737/1472/2021 1824/1473/2029 1795/1474/1990
f 1780/1344/2030 1803/1475/2030 1808/1476/2030
f 1752/1477/2031 1836/1478/1970 1773/1479/2032
f 1726/1480/2033 1788/1481/2034 1790/1482/2035
f 1745/1483/2036 1812/1484/2037 1741/1485/2038
f 1723/1486/2039 1783/1487/2040 1758/1488/2040
f 1746/1489/1668 1813/1490/1668 1829/1491/1668
f 1777/1492/2041 1811/1493/2007 1810/1494/2042
f 1741/1485/2038 1781/1495/2043 1730/1496/2044
f 1742/1497/1668 1786/1498/1668 1813/1490/1668
f 1764/1499/2045 1809/1500/1980 1804/1501/1981
f 1743/1502/2046 1800/1503/2047 1796/1504/2000
f 1749/1505/2048 1828/1506/2049 1745/1483/2036
f 1722/1507/2050 1784/1508/2051 1733/1509/2051
f 1730/1496/2044 1782/1510/2052 1722/1507/2050
f 1771/1511/2053 1814/1512/2015 1769/1513/1920
f 1750/1514/1668 1829/1491/1668 1833/1515/1668
f 1725/1516/1668 1789/1517/1668 1787/1518/1668
f 1758/1519/2040 1658/1204/1667 1591/1206/1667
f 1779/1342/1950 1802/1439/2009 1767/1520/1918
f 1751/1521/2054 1793/1522/2055 1791/1523/1978
f 1728/1524/2056 1798/1525/2057 1809/1500/1980
f 1733/1509/2051 1785/1526/2058 1723/1486/2039
f 1752/1527/2031 1830/1528/2059 1834/1529/1976
f 1731/1530/1668 1787/1518/1668 1786/1498/1668
f 1774/1531/2060 1815/1532/2060 1770/1533/2060
f 1765/1534/2061 1806/1471/1984 1816/1535/1958
f 1757/1536/2062 1664/1224/1668 1788/1537/2034
f 1773/1538/2063 1835/1539/2025 1772/1540/1934
f 1734/1541/1668 1790/1482/2035 1789/1517/1668
f 1776/1542/1949 1837/1436/2064 1766/1543/1897
f 1736/1446/2014 1832/1544/2065 1749/1545/2048
f 1754/1546/1901 1807/1547/2066 1756/1548/1908
f 1759/1549/2067 1791/1550/1978 1792/1551/1957
f 1727/1552/2068 1833/1553/1668 1811/1554/2007
f 1768/1555/2069 1820/1556/2069 1753/1557/2069
f 1760/1558/1943 1793/1559/2070 1747/1560/1912
f 1764/1561/2071 1799/1562/2071 1762/1563/2071
f 1765/1564/2072 1819/1565/2072 1754/1566/2072
f 1738/1567/2011 1822/1568/2073 1821/1569/1987
f 1761/1570/2074 1796/1504/2000 1797/1571/1973
f 1761/1572/2075 1801/1573/2076 1763/1574/1916
f 1762/1575/1923 1798/1576/2077 1735/1577/1902
f 1766/1578/1897 1803/1418/2078 1724/1579/1946
f 1763/1580/1916 1800/1581/2079 1732/1582/1947
f 1759/1583/2080 1794/1584/2081 1760/1558/1943
f 379/1/1 482/5/5 399/2/2
f 60/4/4 299/6/6 482/5/5
f 299/6/6 3/293/293 156/7/7
f 482/5/5 156/7/7 90/8/8
f 522/9/9 200/208/208 222/10/10
f 515/12/12 197/177/177 221/13/13
f 504/14/14 221/13/13 147/15/15
f 483/11/11 222/10/10 179/17/17
f 294/19/19 484/24/24 170/20/20
f 499/22/22 235/122/122 165/23/23
f 532/25/25 493/94/94 237/26/26
f 484/24/24 165/23/23 18/28/28
f 485/29/29 158/35/35 234/30/30
f 58/32/32 159/34/34 485/29/29
f 159/34/34 15/286/286 158/35/35
f 273/36/36 538/238/238 542/37/37
f 88/39/39 398/42/42 486/40/40
f 398/42/42 99/553/547 376/43/43
f 486/40/40 376/43/43 42/44/44
f 150/41/41 486/40/40 178/45/45
f 331/47/47 487/50/50 346/48/48
f 55/21/21 170/20/20 487/50/50
f 170/20/20 18/28/28 164/51/51
f 487/50/50 164/51/51 69/52/52
f 68/53/53 345/56/56 488/54/54
f 345/56/56 70/196/196 174/57/57
f 488/54/54 174/57/57 20/58/58
f 321/55/55 488/54/54 162/59/59
f 489/61/61 240/65/65 194/62/62
f 17/60/60 162/59/59 489/61/61
f 162/59/59 20/58/58 240/65/65
f 530/66/66 194/62/62 240/65/65
f 517/68/68 257/132/132 254/69/69
f 225/71/71 546/270/270 545/72/72
f 519/74/74 225/71/71 161/73/73
f 295/75/75 483/11/11 535/18/18
f 533/77/77 491/82/82 191/78/78
f 481/80/80 141/458/457 192/81/81
f 491/82/82 192/81/81 25/83/83
f 166/64/64 489/61/61 534/63/63
f 144/85/85 480/88/88 492/86/86
f 480/88/88 140/670/646 182/89/89
f 492/86/86 182/89/89 22/90/90
f 397/87/87 492/86/86 190/91/91
f 232/93/93 153/373/372 493/94/94
f 475/95/95 481/80/80 491/82/82
f 493/94/94 525/116/116 219/96/96
f 475/95/95 533/77/77 496/97/97
f 343/99/99 494/103/103 324/100/100
f 72/102/102 187/104/104 494/103/103
f 187/104/104 24/232/232 189/105/105
f 494/103/103 189/105/105 26/106/106
f 342/107/107 495/110/110 326/108/108
f 71/101/101 324/100/100 495/110/110
f 324/100/100 26/106/106 184/111/111
f 495/110/110 184/111/111 25/83/83
f 496/97/97 147/15/15 221/13/13
f 533/77/77 239/79/79 147/15/15
f 236/84/84 534/63/63 497/113/113
f 526/115/115 227/153/153 219/96/96
f 497/113/113 226/119/119 199/117/117
f 534/63/63 194/62/62 226/119/119
f 194/62/62 530/66/66 509/120/120
f 479/98/98 496/97/97 524/112/112
f 235/122/122 530/66/66 498/67/67
f 20/58/58 172/123/123 498/67/67
f 172/123/123 18/28/28 165/23/23
f 305/33/33 485/29/29 536/31/31
f 535/18/18 179/17/17 235/122/122
f 219/96/96 520/16/16 502/125/125
f 300/124/124 536/31/31 501/126/126
f 198/128/128 510/181/181 500/129/129
f 188/130/130 550/272/272 549/131/131
f 257/132/132 517/68/68 500/129/129
f 501/126/126 146/136/136 220/134/134
f 536/31/31 234/30/30 146/136/136
f 289/76/76 535/18/18 499/22/22
f 226/119/119 509/120/120 518/138/138
f 193/114/114 547/179/179 545/72/72
f 520/16/16 147/15/15 239/79/79
f 301/139/139 521/135/135 505/140/140
f 180/27/27 237/26/26 502/125/125
f 437/143/143 503/147/147 464/144/144
f 27/146/146 195/148/148 503/147/147
f 195/148/148 4/651/627 433/149/149
f 503/147/147 433/149/149 124/150/150
f 304/127/127 501/126/126 521/135/135
f 258/151/151 519/74/74 490/70/70
f 218/152/152 515/12/12 504/14/14
f 227/153/153 504/14/14 520/16/16
f 303/141/141 505/140/140 214/154/154
f 521/135/135 220/134/134 196/156/156
f 199/117/117 518/138/138 516/157/157
f 505/140/140 196/156/156 30/159/159
f 443/160/160 506/164/164 463/161/161
f 54/163/163 286/890/2082 506/164/164
f 506/164/164 286/890/2082 6/165/165
f 506/164/164 434/166/166 125/167/167
f 202/168/168 507/171/171 212/169/169
f 523/118/118 199/117/117 204/158/158
f 476/121/121 524/112/112 508/172/172
f 507/171/171 204/158/158 29/174/174
f 478/173/173 508/172/172 211/175/175
f 524/112/112 221/13/13 197/177/177
f 224/178/178 550/272/272 547/179/179
f 508/172/172 197/177/177 31/180/180
f 530/66/66 235/122/122 179/17/17
f 510/181/181 256/184/184 255/133/133
f 193/114/114 497/113/113 523/118/118
f 509/120/120 179/17/17 222/10/10
f 7/182/182 177/183/183 510/181/181
f 177/183/183 44/284/284 256/184/184
f 477/185/185 511/188/188 462/186/186
f 142/176/176 211/175/175 511/188/188
f 211/175/175 31/180/180 206/189/189
f 511/188/188 206/189/189 124/150/150
f 209/190/190 512/193/193 461/191/191
f 34/170/170 212/169/169 512/193/193
f 512/193/193 212/169/169 29/174/174
f 461/191/191 512/193/193 431/194/194
f 70/196/196 341/198/198 513/197/197
f 341/198/198 69/52/52 164/51/51
f 513/197/197 164/51/51 18/28/28
f 174/57/57 513/197/197 172/123/123
f 444/199/199 514/202/202 460/200/200
f 59/155/155 214/154/154 514/202/202
f 214/154/154 30/159/159 205/203/203
f 514/202/202 205/203/203 123/204/204
f 35/205/205 215/206/206 515/12/12
f 215/206/206 31/180/180 197/177/177
f 204/158/158 516/157/157 213/207/207
f 518/138/138 222/10/10 200/208/208
f 224/178/178 523/118/118 507/171/171
f 516/157/157 200/208/208 32/209/209
f 519/74/74 258/151/151 43/210/210
f 225/71/71 519/74/74 216/211/211
f 56/213/213 217/215/215 522/9/9
f 217/215/215 32/209/209 200/208/208
f 526/115/115 154/218/218 229/216/216
f 154/218/218 526/115/115 525/116/116
f 227/153/153 526/115/115 527/217/217
f 529/142/142 502/125/125 239/79/79
f 218/152/152 527/217/217 230/220/220
f 527/217/217 229/216/216 36/221/221
f 160/222/222 528/226/226 459/223/223
f 2/225/225 231/227/227 528/226/226
f 231/227/227 27/146/146 437/143/143
f 528/226/226 437/143/143 128/145/145
f 26/106/106 180/27/27 529/142/142
f 184/111/111 529/142/142 191/78/78
f 127/192/192 458/229/229 531/228/228
f 458/229/229 129/280/280 238/230/230
f 531/228/228 238/230/230 7/182/182
f 209/190/190 531/228/228 262/231/231
f 189/105/105 532/25/25 180/27/27
f 24/232/232 232/93/93 532/25/25
f 457/233/233 537/235/235 175/234/234
f 125/167/167 434/166/166 537/235/235
f 434/166/166 6/165/165 167/236/236
f 537/235/235 167/236/236 21/237/237
f 538/238/238 245/241/241 249/239/239
f 538/238/238 544/249/249 251/240/240
f 203/242/242 517/68/68 490/70/70
f 272/243/243 539/246/246 541/244/244
f 539/246/246 246/248/248 248/247/247
f 542/37/37 249/239/239 246/248/248
f 544/249/249 538/238/238 273/36/36
f 269/38/38 542/37/37 539/246/246
f 441/251/251 540/255/255 456/252/252
f 48/254/254 244/256/256 540/255/255
f 244/256/256 40/259/259 439/257/257
f 540/255/255 439/257/257 130/258/258
f 270/245/245 541/244/244 244/256/256
f 541/244/244 248/247/247 40/259/259
f 100/260/260 377/263/263 543/261/261
f 377/263/263 46/295/295 242/264/264
f 543/261/261 242/264/264 38/265/265
f 396/262/262 543/261/261 375/266/266
f 267/250/250 47/288/288 243/268/268
f 544/249/249 243/268/268 39/269/269
f 547/179/179 203/242/242 161/73/73
f 292/137/137 499/22/22 484/24/24
f 546/270/270 166/64/64 236/84/84
f 517/68/68 203/242/242 188/130/130
f 546/270/270 225/71/71 28/212/212
f 166/64/64 546/270/270 259/271/271
f 550/272/272 188/130/130 203/242/242
f 290/214/214 522/9/9 483/11/11
f 91/273/273 395/276/276 548/274/274
f 395/276/276 88/39/39 150/41/41
f 548/274/274 150/41/41 16/46/46
f 163/275/275 548/274/274 260/277/277
f 34/170/170 262/231/231 549/131/131
f 262/231/231 7/182/182 198/128/128
f 550/272/272 224/178/178 202/168/168
f 234/30/30 558/285/285 554/279/279
f 129/280/280 455/283/283 551/281/281
f 131/282/282 440/891/2083 551/281/281
f 551/281/281 440/891/2083 44/284/284
f 238/230/230 551/281/281 177/183/183
f 558/285/285 552/287/287 267/250/250
f 15/286/286 265/431/430 552/287/287
f 552/287/287 265/431/430 47/288/288
f 233/289/289 559/301/301 563/290/290
f 156/7/7 553/294/294 394/292/292
f 3/293/293 264/892/2084 553/294/294
f 553/294/294 264/892/2084 46/295/295
f 394/292/292 553/294/294 377/263/263
f 554/279/279 269/38/38 272/243/243
f 558/285/285 273/36/36 269/38/38
f 220/134/134 557/296/296 555/297/297
f 158/35/35 552/287/287 558/285/285
f 196/156/156 555/297/297 266/298/298
f 557/296/296 272/243/243 270/245/245
f 146/136/136 554/279/279 557/296/296
f 555/297/297 270/245/245 48/254/254
f 205/203/203 556/300/300 454/299/299
f 30/159/159 266/298/298 556/300/300
f 266/298/298 48/254/254 441/251/251
f 556/300/300 441/251/251 132/253/253
f 559/301/301 278/304/304 282/302/302
f 564/303/303 283/326/326 278/304/304
f 569/305/305 358/336/336 361/306/306
f 223/308/308 560/311/311 562/309/309
f 560/311/311 279/313/313 281/312/312
f 563/290/290 282/302/302 279/313/313
f 157/314/314 564/303/303 559/301/301
f 186/291/291 563/290/290 560/311/311
f 208/315/315 561/319/319 453/316/316
f 33/318/318 277/320/320 561/319/319
f 277/320/320 52/323/323 442/321/321
f 453/316/316 561/319/319 442/321/321
f 201/310/310 562/309/309 277/320/320
f 562/309/309 281/312/312 52/323/323
f 14/324/324 276/325/325 564/303/303
f 276/325/325 51/367/367 283/326/326
f 155/327/327 565/331/331 393/328/328
f 12/330/330 152/332/332 565/331/331
f 152/332/332 50/370/370 378/333/333
f 565/331/331 378/333/333 101/334/334
f 292/137/137 569/305/305 566/307/307
f 572/335/335 295/75/75 289/76/76
f 358/336/336 569/305/305 571/337/337
f 572/335/335 355/343/343 360/339/339
f 84/341/341 288/342/342 567/340/340
f 288/342/342 56/213/213 290/214/214
f 355/343/343 572/335/335 566/307/307
f 295/75/75 572/335/335 567/340/340
f 446/344/344 568/348/348 452/345/345
f 81/347/347 349/349/349 568/348/348
f 349/349/349 54/163/163 443/160/160
f 568/348/348 443/160/160 134/162/162
f 278/304/304 573/357/357 577/350/350
f 569/305/305 292/137/137 294/19/19
f 357/351/351 570/355/355 336/352/352
f 83/354/354 287/356/356 570/355/355
f 287/356/356 55/21/21 331/47/47
f 570/355/355 331/47/47 78/49/49
f 356/338/338 571/337/337 287/356/356
f 571/337/337 294/19/19 55/21/21
f 573/357/357 300/124/124 304/127/127
f 578/358/358 305/33/33 300/124/124
f 637/359/359 640/375/374 424/360/360
f 279/313/313 574/363/363 576/362/362
f 574/363/363 301/139/139 303/141/141
f 577/350/350 304/127/127 301/139/139
f 283/326/326 578/358/358 573/357/357
f 282/302/302 577/350/350 574/363/363
f 133/322/322 442/321/321 575/364/364
f 52/323/323 298/366/366 575/364/364
f 298/366/366 59/155/155 444/199/199
f 451/365/365 575/364/364 444/199/199
f 281/312/312 576/362/362 298/366/366
f 576/362/362 303/141/141 59/155/155
f 51/367/367 297/368/368 578/358/358
f 297/368/368 58/32/32 305/33/33
f 378/333/333 579/371/369 392/369/369
f 50/370/370 275/372/371 579/371/369
f 275/372/371 60/4/4 379/1/1
f 579/371/369 379/1/1 102/3/3
f 153/373/372 232/93/93 639/374/373
f 580/376/375 581/384/383 313/377/376
f 636/379/378 637/359/359 421/361/361
f 421/361/361 424/360/360 580/376/375
f 423/382/381 112/409/408 314/383/382
f 581/384/383 314/383/382 63/385/384
f 117/386/385 422/389/388 582/387/386
f 422/389/388 113/587/568 315/390/389
f 582/387/386 315/390/389 61/391/390
f 391/388/387 582/387/386 380/392/391
f 586/394/393 584/397/396 308/395/394
f 420/380/379 421/361/361 583/381/380
f 245/241/241 663/662/638 667/398/397
f 418/399/398 420/380/379 584/397/396
f 447/400/399 585/404/403 450/401/400
f 115/403/402 317/405/404 585/404/403
f 317/405/404 64/408/407 445/406/405
f 585/404/403 445/406/405 136/407/406
f 115/403/402 418/399/398 586/394/393
f 317/405/404 586/394/393 312/396/395
f 112/409/408 417/411/410 587/410/409
f 417/411/410 116/532/526 334/412/411
f 587/410/409 334/412/411 80/413/412
f 314/383/382 587/410/409 310/414/413
f 284/415/414 588/417/416 297/368/368
f 77/416/415 335/418/417 588/417/416
f 335/418/417 79/472/471 306/419/418
f 588/417/416 306/419/418 58/32/32
f 381/420/419 589/423/422 390/421/420
f 85/353/353 336/352/352 589/423/422
f 336/352/352 78/49/49 371/424/423
f 589/423/422 371/424/423 94/425/424
f 319/426/425 590/428/427 276/325/325
f 66/427/426 337/429/428 590/428/427
f 337/429/428 77/416/415 284/415/414
f 590/428/427 284/415/414 51/367/367
f 320/430/429 591/433/432 265/431/430
f 67/432/431 338/541/535 591/433/432
f 591/433/432 338/541/535 76/434/433
f 265/431/430 591/433/432 268/435/434
f 17/60/60 259/271/271 592/436/435
f 259/271/271 28/212/212 318/437/436
f 592/436/435 318/437/436 65/438/437
f 321/55/55 592/436/435 339/439/438
f 47/288/288 268/435/434 593/440/439
f 268/435/434 76/434/433 340/441/440
f 593/440/439 340/441/440 74/442/441
f 243/268/268 593/440/439 250/443/442
f 96/444/443 389/447/446 594/445/444
f 389/447/446 95/467/466 322/448/447
f 594/445/444 322/448/447 69/52/52
f 323/446/445 594/445/444 341/198/198
f 388/449/448 595/452/451 370/450/449
f 92/451/450 369/453/452 595/452/451
f 369/453/452 71/101/101 342/107/107
f 595/452/451 342/107/107 73/109/109
f 387/454/453 596/456/455 369/453/452
f 97/455/454 325/457/456 596/456/455
f 325/457/456 72/102/102 343/99/99
f 596/456/455 343/99/99 71/101/101
f 141/458/457 474/460/459 597/459/458
f 474/460/459 143/548/542 344/461/460
f 597/459/458 344/461/460 73/109/109
f 192/81/81 597/459/458 326/108/108
f 91/273/273 386/464/463 598/462/461
f 386/464/463 96/444/443 323/446/445
f 598/462/461 323/446/445 70/196/196
f 368/463/462 598/462/461 345/56/56
f 371/424/423 599/466/465 385/465/464
f 78/49/49 346/48/48 599/466/465
f 346/48/48 69/52/52 322/448/447
f 599/466/465 322/448/447 95/467/466
f 28/212/212 216/211/211 600/468/467
f 216/211/211 43/210/210 253/469/468
f 600/468/467 253/469/468 75/470/469
f 318/437/436 600/468/467 347/471/470
f 306/419/418 601/473/472 159/34/34
f 79/472/471 348/474/473 601/473/472
f 348/474/473 67/432/431 320/430/429
f 601/473/472 320/430/429 15/286/286
f 366/475/474 602/477/476 384/476/475
f 66/427/426 353/478/477 602/477/476
f 353/478/477 85/353/353 381/420/419
f 602/477/476 381/420/419 104/422/421
f 608/479/478 360/339/339 355/343/343
f 223/308/308 603/480/479 609/481/480
f 233/289/289 606/484/483 604/482/481
f 603/480/479 355/343/343 361/306/306
f 157/314/314 604/482/481 351/483/482
f 606/484/483 358/336/336 356/338/338
f 583/381/380 580/376/375 307/378/377
f 604/482/481 356/338/338 83/354/354
f 319/426/425 605/486/485 353/478/477
f 14/324/324 351/483/482 605/486/485
f 351/483/482 83/354/354 357/351/351
f 605/486/485 357/351/351 85/353/353
f 609/481/480 361/306/306 358/336/336
f 201/310/310 608/479/478 603/480/479
f 126/317/317 435/489/488 607/487/486
f 435/489/488 13/616/592 169/490/489
f 169/490/489 81/347/347 446/344/344
f 607/487/486 446/344/344 137/346/346
f 33/318/318 352/491/490 608/479/478
f 352/491/490 84/341/341 360/339/339
f 110/492/491 409/495/491 610/493/492
f 409/495/491 109/574/551 364/496/494
f 610/493/492 364/496/494 86/497/495
f 383/494/493 610/493/492 382/498/496
f 111/500/498 408/503/491 611/501/491
f 408/503/491 110/492/491 383/494/493
f 611/501/491 383/494/493 105/499/497
f 611/501/491 362/504/497 87/505/499
f 155/327/327 612/507/501 350/506/500
f 89/329/329 384/476/475 612/507/501
f 384/476/475 104/422/421 354/508/502
f 612/507/501 354/508/502 82/509/503
f 293/510/504 613/513/507 168/511/505
f 94/425/424 385/465/464 613/513/507
f 385/465/464 95/467/466 372/514/508
f 613/513/507 372/514/508 10/515/509
f 9/278/278 151/517/511 614/516/510
f 151/517/511 19/527/521 373/518/512
f 614/516/510 373/518/512 96/444/443
f 163/275/275 614/516/510 386/464/463
f 183/519/513 615/523/517 181/520/514
f 1/522/516 374/524/518 615/523/517
f 374/524/518 97/455/454 387/454/453
f 615/523/517 387/454/453 92/451/450
f 185/525/519 616/526/520 190/91/91
f 23/521/515 181/520/514 616/526/520
f 181/520/514 92/451/450 388/449/448
f 616/526/520 388/449/448 93/92/92
f 19/527/521 171/529/523 617/528/522
f 171/529/523 10/515/509 372/514/508
f 617/528/522 372/514/508 95/467/466
f 373/518/512 617/528/522 389/447/446
f 354/508/502 618/531/525 285/530/524
f 104/422/421 390/421/420 618/531/525
f 390/421/420 94/425/424 293/510/504
f 618/531/525 293/510/504 53/512/506
f 116/532/526 416/534/528 619/533/527
f 416/534/528 117/386/385 391/388/387
f 619/533/527 391/388/387 103/393/392
f 334/412/411 619/533/527 333/535/529
f 330/536/530 620/537/531 335/418/417
f 101/334/334 392/369/369 620/537/531
f 392/369/369 102/3/3 332/538/532
f 620/537/531 332/538/532 79/472/471
f 366/475/474 621/539/533 337/429/428
f 89/329/329 393/328/328 621/539/533
f 393/328/328 101/334/334 330/536/530
f 621/539/533 330/536/530 77/416/415
f 367/540/534 622/542/536 338/541/535
f 90/8/8 394/292/292 622/542/536
f 622/542/536 394/292/292 100/260/260
f 338/541/535 622/542/536 329/543/537
f 68/53/53 339/439/438 623/544/538
f 339/439/438 65/438/437 365/545/539
f 623/544/538 365/545/539 88/39/39
f 368/463/462 623/544/538 395/276/276
f 76/434/433 329/543/537 624/546/540
f 329/543/537 100/260/260 396/262/262
f 624/546/540 396/262/262 98/267/267
f 340/441/440 624/546/540 327/547/541
f 143/548/542 473/550/544 625/549/543
f 473/550/544 144/85/85 397/87/87
f 625/549/543 397/87/87 93/92/92
f 344/461/460 625/549/543 370/450/449
f 65/438/437 347/471/470 626/551/545
f 347/471/470 75/470/469 328/552/546
f 626/551/545 328/552/546 99/553/547
f 365/545/539 626/551/545 398/42/42
f 332/538/532 627/554/548 348/474/473
f 102/3/3 399/2/2 627/554/548
f 399/2/2 90/8/8 367/540/534
f 627/554/548 367/540/534 67/432/431
f 118/555/549 429/558/550 628/556/493
f 429/558/550 120/563/553 402/559/493
f 628/556/493 402/559/493 108/560/551
f 425/557/493 628/556/493 403/561/552
f 120/563/553 428/565/554 629/564/493
f 428/565/554 119/592/572 401/566/491
f 629/564/493 401/566/491 107/567/498
f 402/559/493 629/564/493 404/568/551
f 106/562/552 403/561/552 630/569/551
f 403/561/552 108/560/551 406/571/551
f 630/569/551 406/571/551 110/492/491
f 400/570/555 630/569/551 408/503/491
f 108/560/551 404/568/551 631/572/491
f 404/568/551 107/567/498 405/573/491
f 631/572/491 405/573/491 109/574/551
f 406/571/551 631/572/491 409/495/491
f 72/102/102 325/457/456 632/575/556
f 325/457/456 97/455/454 415/577/558
f 632/575/556 415/577/558 117/386/385
f 414/576/557 632/575/556 416/534/528
f 24/232/232 187/104/104 633/578/559
f 187/104/104 72/102/102 414/576/557
f 633/578/559 414/576/557 116/532/526
f 410/579/560 633/578/559 417/411/410
f 229/216/216 634/584/565 413/580/561
f 186/291/291 609/481/480 606/484/483
f 636/379/378 634/584/565 229/216/216
f 413/580/561 634/584/565 418/399/398
f 430/581/562 635/583/564 448/582/563
f 36/221/221 413/580/561 635/583/564
f 413/580/561 115/403/402 447/400/399
f 635/583/564 447/400/399 138/402/401
f 634/584/565 636/379/378 420/380/379
f 154/218/218 228/219/219 637/359/359
f 581/384/383 580/376/375 424/360/360
f 640/375/374 637/359/359 228/219/219
f 97/455/454 374/524/518 638/585/566
f 374/524/518 1/522/516 411/586/567
f 638/585/566 411/586/567 113/587/568
f 415/577/558 638/585/566 422/389/388
f 640/375/374 639/374/373 423/382/381
f 232/93/93 24/232/232 410/579/560
f 639/374/373 410/579/560 112/409/408
f 584/397/396 583/381/380 311/485/484
f 103/393/392 380/392/391 641/588/569
f 380/392/391 61/391/390 426/590/571
f 641/591/569 426/893/571 119/592/572
f 427/593/570 641/591/569 428/565/554
f 333/535/529 642/595/574 363/594/573
f 103/393/392 427/589/570 642/595/574
f 642/596/574 427/593/570 120/563/553
f 642/596/574 429/558/550 118/555/549
f 160/222/222 643/599/576 316/598/575
f 121/224/224 448/582/563 643/599/576
f 448/582/563 138/402/401 419/600/577
f 643/599/576 419/600/577 114/601/578
f 208/315/315 644/602/579 352/491/490
f 126/317/317 449/488/487 644/602/579
f 449/488/487 137/346/346 359/603/580
f 644/602/579 359/603/580 84/341/341
f 419/600/577 645/605/582 412/604/581
f 138/402/401 450/401/400 645/605/582
f 450/401/400 136/407/406 309/606/583
f 645/605/582 309/606/583 62/607/583
f 49/608/584 280/611/587 646/609/585
f 280/611/587 133/322/322 451/365/365
f 646/609/585 451/365/365 135/201/201
f 296/610/586 646/609/585 302/612/588
f 359/603/580 647/614/590 288/342/342
f 137/346/346 452/345/345 647/614/590
f 452/345/345 134/162/162 291/615/591
f 647/614/590 291/615/591 56/213/213
f 13/616/592 435/489/488 648/617/593
f 435/489/488 126/317/317 453/316/316
f 648/617/593 453/316/316 133/322/322
f 274/618/594 648/617/593 280/611/587
f 432/619/595 649/622/598 263/620/596
f 123/204/204 454/299/299 649/622/598
f 454/299/299 132/253/253 271/623/599
f 649/622/598 271/623/599 45/624/600
f 261/625/601 650/629/605 438/626/602
f 41/628/604 252/630/606 650/629/605
f 252/630/606 131/282/282 455/283/283
f 650/629/605 455/283/283 129/280/280
f 271/623/599 651/632/608 241/631/607
f 132/253/253 456/252/252 651/632/608
f 456/252/252 130/258/258 247/633/609
f 651/632/608 247/633/609 37/634/610
f 213/207/207 652/636/612 431/194/194
f 213/207/207 32/209/209 207/635/611
f 207/635/611 125/167/167 457/233/233
f 652/636/612 457/233/233 122/195/195
f 176/637/613 653/640/616 436/638/614
f 8/627/603 438/626/602 653/640/616
f 438/626/602 129/280/280 458/229/229
f 653/640/616 458/229/229 127/192/192
f 430/581/562 654/641/617 230/220/220
f 121/224/224 459/223/223 654/641/617
f 459/223/223 128/145/145 210/642/618
f 654/641/617 210/642/618 35/205/205
f 57/613/589 302/612/588 655/643/619
f 302/612/588 135/201/201 460/200/200
f 460/200/200 123/204/204 432/619/595
f 655/643/619 432/619/595 5/621/597
f 11/639/615 436/638/614 656/645/621
f 436/638/614 127/192/192 461/191/191
f 656/645/621 461/191/191 122/195/195
f 173/646/622 656/645/621 175/234/234
f 472/647/623 657/650/626 148/648/624
f 145/187/187 462/186/186 657/650/626
f 462/186/186 124/150/150 433/149/149
f 657/650/626 433/149/149 4/651/627
f 291/615/591 658/652/628 217/215/215
f 134/162/162 463/161/161 658/652/628
f 463/161/161 125/167/167 207/635/611
f 658/652/628 207/635/611 32/209/209
f 210/642/618 659/653/629 215/206/206
f 128/145/145 464/144/144 659/653/629
f 464/144/144 124/150/150 206/189/189
f 659/653/629 206/189/189 31/180/180
f 247/633/609 660/655/631 465/654/630
f 130/258/258 471/656/632 660/655/631
f 471/656/632 145/187/187 472/647/623
f 660/655/631 472/647/623 139/649/625
f 74/442/441 327/547/541 661/657/633
f 327/547/541 98/267/267 470/659/635
f 661/657/633 470/659/635 144/85/85
f 469/658/634 661/657/633 473/550/544
f 39/269/269 250/443/442 662/660/636
f 250/443/442 74/442/441 469/658/634
f 662/660/636 469/658/634 143/548/542
f 467/661/637 662/660/636 474/460/459
f 663/662/638 475/95/95 479/98/98
f 663/662/638 669/665/641 481/80/80
f 246/248/248 664/664/640 666/663/639
f 664/664/640 476/121/121 478/173/173
f 667/398/397 479/98/98 476/121/121
f 245/241/241 251/240/240 669/665/641
f 249/239/239 667/398/397 664/664/640
f 439/257/257 665/666/642 471/656/632
f 40/259/259 468/667/643 665/666/642
f 468/667/643 142/176/176 477/185/185
f 665/666/642 477/185/185 145/187/187
f 248/247/247 666/663/639 468/667/643
f 666/663/639 478/173/173 142/176/176
f 98/267/267 375/266/266 668/668/644
f 375/266/266 38/265/265 466/669/645
f 668/668/644 466/669/645 140/670/646
f 470/659/635 668/668/644 480/88/88
f 251/240/240 39/269/269 467/661/637
f 669/665/641 467/661/637 141/458/457
f 307/671/647 749/800/762 753/672/648
f 139/674/649 148/678/653 721/675/650
f 4/677/652 673/1585/709 721/675/650
f 57/679/654 149/682/655 722/680/655
f 149/682/655 5/894/731 674/683/657
f 19/684/658 151/688/662 723/685/659
f 9/687/661 677/760/727 723/685/659
f 50/689/663 152/693/667 724/690/664
f 12/692/666 680/830/789 724/690/664
f 167/694/668 725/698/672 684/695/669
f 6/697/671 675/786/750 725/698/672
f 168/699/673 726/703/677 696/700/674
f 168/699/673 10/709/682 678/702/676
f 81/704/678 169/707/679 727/705/679
f 169/707/679 13/774/738 681/708/681
f 10/709/682 171/711/683 728/710/683
f 171/711/683 19/684/658 683/686/660
f 11/712/684 173/716/687 729/713/685
f 21/715/670 684/1586/669 729/713/685
f 11/712/684 679/714/686 730/717/688
f 176/718/689 730/717/688 676/719/690
f 178/721/692 42/895/693 691/722/693
f 16/724/695 178/721/692 731/723/694
f 182/726/697 140/889/833 720/727/698
f 182/726/697 732/728/697 685/729/699
f 23/731/700 686/738/707 733/732/701
f 183/733/702 733/732/701 670/734/703
f 185/736/705 22/730/699 685/729/699
f 23/731/700 185/736/705 734/737/706
f 195/739/708 735/743/711 673/740/709
f 27/742/710 687/747/715 735/743/711
f 231/744/712 2/825/784 671/745/713
f 27/742/710 231/744/712 736/746/714
f 45/748/716 241/751/718 737/749/717
f 241/751/718 37/884/829 688/752/719
f 242/753/720 46/772/736 693/754/721
f 38/756/723 242/753/720 738/755/722
f 260/758/725 16/724/695 682/725/696
f 260/758/725 739/759/726 677/760/727
f 8/720/691 676/719/690 740/761/728
f 261/762/728 740/761/728 690/763/729
f 263/765/730 741/768/732 674/766/657
f 45/748/716 692/750/716 741/768/732
f 3/769/733 672/1587/757 742/770/734
f 46/772/736 264/771/735 742/770/734
f 274/773/737 743/776/740 681/708/681
f 49/775/739 694/790/754 743/776/740
f 275/777/741 744/780/744 699/778/742
f 275/777/741 50/689/663 695/691/665
f 82/781/745 285/784/748 745/782/746
f 53/701/675 696/700/674 745/782/746
f 6/697/671 286/787/751 746/785/749
f 286/787/751 54/826/785 697/788/752
f 296/789/753 747/791/755 694/790/754
f 57/679/654 698/681/656 747/791/755
f 299/792/756 748/795/758 672/793/757
f 60/779/743 699/778/742 748/795/758
f 312/796/759 308/896/763 750/797/760
f 313/799/761 755/815/775 749/800/762
f 308/801/763 311/673/648 753/672/648
f 136/803/764 718/883/828 751/804/765
f 309/805/766 751/804/765 701/806/767
f 80/808/769 704/841/799 752/809/770
f 310/810/771 752/809/770 702/811/772
f 64/813/774 312/796/759 754/798/759
f 63/812/773 702/811/772 755/815/775
f 315/816/776 113/870/818 714/817/777
f 61/819/779 315/897/776 756/820/778
f 114/822/781 715/873/821 757/823/782
f 316/824/783 757/823/782 671/745/713
f 54/826/785 349/828/787 758/827/786
f 349/828/787 81/704/678 705/706/680
f 350/829/788 759/831/790 680/830/789
f 82/781/745 706/783/747 759/831/790
f 362/832/791 105/850/806 709/833/792
f 87/835/794 362/832/791 760/834/793
f 363/837/796 118/876/823 716/838/797
f 80/808/769 363/898/796 761/840/798
f 364/842/800 109/863/801 712/843/801
f 364/842/800 762/844/800 707/845/802
f 86/847/803 707/1588/802 763/848/804
f 105/850/806 382/849/805 763/848/804
f 111/851/807 713/867/807 764/852/808
f 400/853/808 764/852/808 710/854/809
f 119/856/810 717/880/826 765/857/811
f 107/859/813 401/858/812 765/857/811
f 405/861/814 107/859/813 711/860/813
f 109/863/801 405/861/814 766/862/814
f 87/864/794 708/899/795 767/865/815
f 407/866/815 767/865/815 713/867/807
f 411/868/816 1/735/704 670/734/703
f 113/870/818 411/868/816 768/869/817
f 412/871/819 62/807/768 701/806/767
f 412/871/819 769/872/820 715/873/821
f 106/855/809 710/854/809 770/874/822
f 118/876/823 425/875/822 770/874/822
f 61/819/779 700/821/780 771/877/824
f 426/879/825 771/1589/824 717/880/826
f 445/881/827 64/813/774 703/814/774
f 445/881/827 772/882/827 718/883/828
f 37/884/829 465/886/831 773/885/830
f 139/674/649 719/676/651 773/885/830
f 38/756/723 689/757/724 774/887/832
f 466/888/832 774/887/832 720/727/698
f 153/373/372 228/219/219 525/116/116
f 1173/2/834 1256/5/837 1153/1/835
f 1256/5/837 1073/6/840 834/4/838
f 930/7/839 777/293/1129 1073/6/840
f 864/8/841 930/7/839 1256/5/837
f 1296/9/842 1257/11/851 996/10/843
f 995/13/845 971/177/1014 1289/12/846
f 921/15/848 995/13/845 1278/14/847
f 953/17/850 996/10/843 1257/11/851
f 944/20/853 1258/24/863 1068/19/854
f 1273/22/856 1258/24/863 939/23/857
f 1011/26/859 1267/94/930 1306/25/860
f 792/28/862 939/23/857 1258/24/863
f 1008/30/864 932/35/869 1259/29/865
f 1259/29/865 933/34/870 832/32/867
f 932/35/869 789/286/1122 933/34/870
f 1316/37/871 1312/238/1073 1047/36/872
f 862/39/874 924/41/880 1260/40/875
f 1172/42/876 1260/40/875 1150/43/877
f 1260/40/875 952/45/881 816/44/879
f 924/41/880 790/46/1112 952/45/881
f 1120/48/882 1261/50/885 1105/47/883
f 1261/50/885 944/20/853 829/21/855
f 938/51/886 792/28/862 944/20/853
f 843/52/887 938/51/886 1261/50/885
f 842/53/888 1095/55/894 1262/54/889
f 1119/56/890 1262/54/889 948/57/891
f 1262/54/889 936/59/895 794/58/893
f 1095/55/894 791/60/899 936/59/895
f 968/62/896 1014/65/901 1263/61/897
f 1263/61/897 936/59/895 791/60/899
f 1014/65/901 794/58/893 936/59/895
f 1014/65/901 968/62/896 1304/66/902
f 1291/68/904 1264/70/911 1028/69/905
f 1319/72/907 1320/270/1105 999/71/908
f 935/73/909 999/71/908 1293/74/910
f 1309/18/852 1257/11/851 1069/75/912
f 1307/77/914 1013/79/975 965/78/915
f 1255/80/917 1265/82/916 966/81/918
f 1265/82/916 965/78/915 799/83/920
f 1308/63/898 1263/61/897 940/64/900
f 918/85/922 1171/87/928 1266/86/923
f 1254/88/924 1266/86/923 956/89/925
f 1266/86/923 964/91/929 796/90/927
f 1171/87/928 867/92/1286 964/91/929
f 1267/94/930 927/373/1207 1006/93/931
f 1249/95/932 1307/77/914 1265/82/916
f 1267/94/930 1011/26/859 993/96/933
f 1249/95/932 1253/98/957 1270/97/935
f 1098/100/936 1268/103/939 1117/99/937
f 1268/103/939 961/104/942 846/102/940
f 963/105/941 798/232/1064 961/104/942
f 800/106/943 963/105/941 1268/103/939
f 1100/108/944 1269/110/947 1116/107/945
f 1269/110/947 1098/100/936 845/101/938
f 958/111/948 800/106/943 1098/100/936
f 799/83/920 958/111/948 1269/110/947
f 995/13/845 921/15/848 1270/97/935
f 921/15/848 1013/79/975 1307/77/914
f 1271/113/950 1308/63/898 1010/84/921
f 993/96/933 1001/153/989 1300/115/952
f 973/117/953 1000/119/955 1271/113/950
f 1000/119/955 968/62/896 1308/63/898
f 968/62/896 1000/119/955 1283/120/956
f 1298/112/949 1270/97/935 1253/98/957
f 1272/67/903 1304/66/902 1009/122/858
f 1272/67/903 946/123/959 794/58/893
f 939/23/857 792/28/862 946/123/959
f 1310/31/866 1259/29/865 1079/33/868
f 1009/122/858 953/17/850 1309/18/852
f 993/96/933 1011/26/859 1276/125/961
f 1074/124/960 1078/127/986 1275/126/962
f 972/128/963 962/130/966 1274/129/964
f 962/130/966 972/128/963 1323/131/967
f 1274/129/964 1291/68/904 1031/132/906
f 994/134/970 920/136/972 1275/126/962
f 920/136/972 1008/30/864 1310/31/866
f 1063/76/913 1066/137/1104 1273/22/856
f 1292/138/973 1283/120/956 1000/119/955
f 967/114/951 1010/84/921 1319/72/907
f 1013/79/975 921/15/848 1294/16/849
f 1075/139/976 1077/141/991 1279/140/977
f 954/27/861 1303/142/1050 1276/125/961
f 1238/144/978 1277/147/981 1211/143/979
f 1277/147/981 969/148/984 801/146/982
f 1207/149/983 778/651/1460 969/148/984
f 898/150/985 1207/149/983 1277/147/981
f 1295/135/971 1275/126/962 1078/127/986
f 1264/70/911 1293/74/910 1032/151/987
f 992/152/988 1001/153/989 1278/14/847
f 1294/16/849 1278/14/847 1001/153/989
f 988/154/990 1279/140/977 1077/141/991
f 970/156/993 994/134/970 1295/135/971
f 973/117/953 978/158/1007 1290/157/994
f 804/159/995 970/156/993 1279/140/977
f 1237/161/996 1280/164/999 1217/160/997
f 1280/164/999 1060/890/1002 828/163/1000
f 1280/164/999 1208/166/1070 780/165/1001
f 899/167/1003 1208/166/1070 1280/164/999
f 986/169/1004 1281/171/1008 976/168/1005
f 978/158/1007 973/117/953 1297/118/954
f 1250/121/958 1252/173/1012 1282/172/1009
f 803/174/1010 978/158/1007 1281/171/1008
f 985/175/1011 1282/172/1009 1252/173/1012
f 971/177/1014 995/13/845 1298/112/949
f 998/178/1015 967/114/951 1321/179/974
f 805/180/1016 971/177/1014 1282/172/1009
f 1304/66/902 1283/120/956 953/17/850
f 1284/181/965 1274/129/964 1029/133/969
f 1297/118/954 1271/113/950 967/114/951
f 996/10/843 953/17/850 1283/120/956
f 781/182/1018 972/128/963 1284/181/965
f 951/183/1019 1284/181/965 1030/184/1017
f 1236/186/1021 1285/188/1024 1251/185/1022
f 1285/188/1024 985/175/1011 916/176/1013
f 980/189/1025 805/180/1016 985/175/1011
f 898/150/985 980/189/1025 1285/188/1024
f 1235/191/1026 1286/193/1029 983/190/1027
f 1286/193/1029 986/169/1004 808/170/1006
f 1286/193/1029 1205/194/1030 803/174/1010
f 1235/191/1026 896/195/1067 1205/194/1030
f 844/196/892 948/57/891 1287/197/1031
f 1115/198/1032 1287/197/1031 938/51/886
f 1287/197/1031 946/123/959 792/28/862
f 948/57/891 794/58/893 946/123/959
f 1234/200/1033 1288/202/1036 1218/199/1034
f 1288/202/1036 988/154/990 833/155/992
f 979/203/1037 804/159/995 988/154/990
f 897/204/1038 979/203/1037 1288/202/1036
f 1289/12/846 989/206/1040 809/205/1039
f 971/177/1014 805/180/1016 989/206/1040
f 987/207/1041 1290/157/994 978/158/1007
f 974/208/844 996/10/843 1292/138/973
f 1281/171/1008 1297/118/954 998/178/1015
f 806/209/1042 974/208/844 1290/157/994
f 1293/74/910 990/211/1044 817/210/1043
f 999/71/908 802/212/1106 990/211/1044
f 830/213/1045 1064/214/1108 1296/9/842
f 991/215/1046 1296/9/842 974/208/844
f 1003/216/1047 928/218/1049 1300/115/952
f 928/218/1049 1002/219/1400 1299/116/934
f 1301/217/1048 1300/115/952 1001/153/989
f 1303/142/1050 965/78/915 1013/79/975
f 1004/220/1051 1301/217/1048 992/152/988
f 810/221/1052 1003/216/1047 1301/217/1048
f 1233/223/1053 1302/226/1056 934/222/1054
f 1302/226/1056 1005/227/1058 776/225/1057
f 1211/143/979 801/146/982 1005/227/1058
f 902/145/980 1211/143/979 1302/226/1056
f 800/106/943 958/111/948 1303/142/1050
f 958/111/948 799/83/920 965/78/915
f 901/192/1028 983/190/1027 1305/228/1059
f 1232/229/1060 1305/228/1059 1012/230/1061
f 1305/228/1059 1036/231/1063 781/182/1018
f 983/190/1027 808/170/1006 1036/231/1063
f 954/27/861 1306/25/860 963/105/941
f 1306/25/860 1006/93/931 798/232/1064
f 949/234/1065 1311/235/1068 1231/233/1066
f 1311/235/1068 1208/166/1070 899/167/1003
f 941/236/1069 780/165/1001 1208/166/1070
f 795/237/1071 941/236/1069 1311/235/1068
f 1023/239/1072 1019/241/1232 1312/238/1073
f 1312/238/1073 1019/241/1232 1025/240/1074
f 977/242/1076 935/73/909 1264/70/911
f 1315/244/1077 1313/246/1081 1046/243/1078
f 1022/247/1080 1020/248/1082 1313/246/1081
f 1020/248/1082 1023/239/1072 1316/37/871
f 1047/36/872 1312/238/1073 1318/249/1075
f 1043/38/873 1046/243/1078 1313/246/1081
f 1230/252/1084 1314/255/1087 1215/251/1085
f 1314/255/1087 1018/256/1090 822/254/1088
f 1213/257/1089 814/259/1092 1018/256/1090
f 904/258/1091 1213/257/1089 1314/255/1087
f 1018/256/1090 1315/244/1077 1044/245/1079
f 814/259/1092 1022/247/1080 1315/244/1077
f 874/260/1093 1170/262/1099 1317/261/1094
f 1151/263/1095 1317/261/1094 1016/264/1096
f 1317/261/1094 1149/266/1100 812/265/1098
f 1170/262/1099 872/267/1376 1149/266/1100
f 1041/250/1083 1318/249/1075 1017/268/1101
f 1318/249/1075 1025/240/1074 813/269/1103
f 1321/179/974 1319/72/907 935/73/909
f 1066/137/1104 1068/19/854 1258/24/863
f 1010/84/921 940/64/900 1320/270/1105
f 962/130/966 977/242/1076 1291/68/904
f 1320/270/1105 1033/271/1107 802/212/1106
f 940/64/900 791/60/899 1033/271/1107
f 1324/272/968 1321/179/974 977/242/1076
f 1064/214/1108 1069/75/912 1257/11/851
f 865/273/1109 937/275/1113 1322/274/1110
f 1169/276/1111 1322/274/1110 924/41/880
f 1322/274/1110 1034/277/1114 790/46/1112
f 937/275/1113 783/278/1345 1034/277/1114
f 808/170/1006 976/168/1005 1323/131/967
f 1036/231/1063 1323/131/967 972/128/963
f 976/168/1005 998/178/1015 1324/272/968
f 1328/279/1115 1332/285/1120 1008/30/864
f 903/280/1062 1012/230/1061 1325/281/1116
f 1325/281/1116 1214/891/1119 905/282/1118
f 1325/281/1116 951/183/1019 818/284/1020
f 1012/230/1061 781/182/1018 951/183/1019
f 1332/285/1120 1047/36/872 1041/250/1083
f 1326/287/1121 1039/431/1123 789/286/1122
f 1326/287/1121 1041/250/1083 821/288/1102
f 1337/290/1124 1333/301/1137 1007/289/1125
f 1168/292/1127 1327/294/1128 930/7/839
f 1327/294/1128 1038/892/1130 777/293/1129
f 1327/294/1128 1151/263/1095 820/295/1097
f 1168/292/1127 874/260/1093 1151/263/1095
f 1046/243/1078 1043/38/873 1328/279/1115
f 1043/38/873 1047/36/872 1332/285/1120
f 1329/297/1132 1331/296/1131 994/134/970
f 1332/285/1120 1326/287/1121 932/35/869
f 1040/298/1133 1329/297/1132 970/156/993
f 1044/245/1079 1046/243/1078 1331/296/1131
f 1331/296/1131 1328/279/1115 920/136/972
f 822/254/1088 1044/245/1079 1329/297/1132
f 1228/299/1134 1330/300/1135 979/203/1037
f 1330/300/1135 1040/298/1133 804/159/995
f 1215/251/1085 822/254/1088 1040/298/1133
f 906/253/1086 1215/251/1085 1330/300/1135
f 1056/302/1136 1052/304/1138 1333/301/1137
f 1052/304/1138 1057/326/1159 1338/303/1139
f 1135/306/1140 1132/336/1171 1343/305/1141
f 1336/309/1143 1334/311/1147 997/308/1144
f 1055/312/1146 1053/313/1148 1334/311/1147
f 1053/313/1148 1056/302/1136 1337/290/1124
f 931/314/1149 1007/289/1125 1333/301/1137
f 960/291/1126 997/308/1144 1334/311/1147
f 1227/316/1150 1335/319/1153 982/315/1151
f 1335/319/1153 1051/320/1156 807/318/1154
f 1216/321/1155 826/323/1157 1051/320/1156
f 1227/316/1150 907/322/1198 1216/321/1155
f 1051/320/1156 1336/309/1143 975/310/1145
f 826/323/1157 1055/312/1146 1336/309/1143
f 1338/303/1139 1050/325/1160 788/324/1158
f 1057/326/1159 825/367/1202 1050/325/1160
f 1167/328/1161 1339/331/1164 929/327/1162
f 1339/331/1164 926/332/1167 786/330/1165
f 1152/333/1166 824/370/1206 926/332/1167
f 875/334/1168 1152/333/1166 1339/331/1164
f 1340/307/1142 1343/305/1141 1066/137/1104
f 1346/335/1169 1340/307/1142 1063/76/913
f 1345/337/1170 1343/305/1141 1132/336/1171
f 1134/339/1173 1129/343/1177 1346/335/1169
f 858/341/1175 1134/339/1173 1341/340/1174
f 1062/342/1176 1341/340/1174 1064/214/1108
f 1129/343/1177 1135/306/1140 1340/307/1142
f 1341/340/1174 1346/335/1169 1069/75/912
f 1226/345/1178 1342/348/1181 1220/344/1179
f 1342/348/1181 1123/349/1183 855/347/1182
f 1217/160/997 828/163/1000 1123/349/1183
f 908/162/998 1217/160/997 1342/348/1181
f 1351/350/1184 1347/357/1191 1052/304/1138
f 1068/19/854 1066/137/1104 1343/305/1141
f 1110/352/1185 1344/355/1188 1131/351/1186
f 1344/355/1188 1061/356/1190 857/354/1189
f 1105/47/883 829/21/855 1061/356/1190
f 852/49/884 1105/47/883 1344/355/1188
f 1061/356/1190 1345/337/1170 1130/338/1172
f 829/21/855 1068/19/854 1345/337/1170
f 1078/127/986 1074/124/960 1347/357/1191
f 1074/124/960 1079/33/868 1352/358/1192
f 1411/359/1193 1195/361/1213 1198/360/1194
f 1350/362/1196 1348/363/1197 1053/313/1148
f 1077/141/991 1075/139/976 1348/363/1197
f 1075/139/976 1078/127/986 1351/350/1184
f 1347/357/1191 1352/358/1192 1057/326/1159
f 1348/363/1197 1351/350/1184 1056/302/1136
f 907/322/1198 1225/365/1201 1349/364/1199
f 1349/364/1199 1072/366/1200 826/323/1157
f 1218/199/1034 833/155/992 1072/366/1200
f 1225/365/1201 909/201/1035 1218/199/1034
f 1072/366/1200 1350/362/1196 1055/312/1146
f 833/155/992 1077/141/991 1350/362/1196
f 1352/358/1192 1071/368/1203 825/367/1202
f 1079/33/868 832/32/867 1071/368/1203
f 1166/369/1204 1353/371/1205 1152/333/1166
f 1353/371/1205 1049/372/1205 824/370/1206
f 1153/1/835 834/4/838 1049/372/1205
f 876/3/836 1153/1/835 1353/371/1205
f 927/373/1207 1414/375/1195 1413/374/1208
f 1354/376/1209 1081/378/1320 1087/377/1210
f 1410/379/1212 1194/380/1229 1195/361/1213
f 1195/361/1213 1357/381/1230 1354/376/1209
f 1197/382/1214 1355/384/1211 1088/383/1215
f 1355/384/1211 1087/377/1210 837/385/1217
f 891/386/1218 1165/388/1224 1356/387/1219
f 1196/389/1220 1356/387/1219 1089/390/1221
f 1356/387/1219 1154/392/1225 835/391/1223
f 1165/388/1224 877/393/1364 1154/392/1225
f 1360/394/1226 1086/396/1242 1082/395/1227
f 1194/380/1229 1358/397/1228 1357/381/1230
f 1441/398/1231 1437/662/1471 1019/241/1232
f 1192/399/1233 1360/394/1226 1358/397/1228
f 1224/401/1234 1359/404/1237 1221/400/1235
f 1359/404/1237 1091/405/1240 889/403/1238
f 1219/406/1239 838/408/2085 1091/405/1240
f 910/407/1241 1219/406/1239 1359/404/1237
f 889/403/1238 1091/405/1240 1360/394/1226
f 1091/405/1240 838/408/2085 1086/396/1242
f 886/409/1216 1088/383/1215 1361/410/1243
f 1191/411/1244 1361/410/1243 1108/412/1245
f 1361/410/1243 1084/414/1248 854/413/1247
f 1088/383/1215 837/385/1217 1084/414/1248
f 1071/368/1203 1362/417/1250 1058/415/1249
f 1362/417/1250 1109/418/1253 851/416/1251
f 1080/419/1252 853/472/1308 1109/418/1253
f 832/32/867 1080/419/1252 1362/417/1250
f 1164/421/1254 1363/423/1257 1155/420/1255
f 1363/423/1257 1110/352/1185 859/353/1187
f 1145/424/1258 852/49/884 1110/352/1185
f 868/425/1259 1145/424/1258 1363/423/1257
f 1050/325/1160 1364/428/1261 1093/426/1260
f 1364/428/1261 1111/429/1263 840/427/1262
f 1058/415/1249 851/416/1251 1111/429/1263
f 825/367/1202 1058/415/1249 1364/428/1261
f 1039/431/1123 1365/433/1265 1094/430/1264
f 1365/433/1265 1112/541/1268 841/432/1266
f 1365/433/1265 1042/435/1269 850/434/1267
f 1039/431/1123 821/288/1102 1042/435/1269
f 791/60/899 1095/55/894 1366/436/1270
f 1033/271/1107 1366/436/1270 1092/437/1271
f 1366/436/1270 1113/439/1273 839/438/1272
f 1095/55/894 842/53/888 1113/439/1273
f 821/288/1102 1017/268/1101 1367/440/1274
f 1042/435/1269 1367/440/1274 1114/441/1275
f 1367/440/1274 1024/443/1277 848/442/1276
f 1017/268/1101 813/269/1103 1024/443/1277
f 870/444/1278 1097/446/1283 1368/445/1279
f 1163/447/1280 1368/445/1279 1096/448/1281
f 1368/445/1279 1115/198/1032 843/52/887
f 1097/446/1283 844/196/892 1115/198/1032
f 1144/450/1284 1369/452/1287 1162/449/1285
f 1369/452/1287 1143/453/1289 866/451/1288
f 1116/107/945 845/101/938 1143/453/1289
f 847/109/946 1116/107/945 1369/452/1287
f 1143/453/1289 1370/456/1291 1161/454/1290
f 1370/456/1291 1099/457/1293 871/455/1292
f 1117/99/937 846/102/940 1099/457/1293
f 845/101/938 1117/99/937 1370/456/1291
f 915/458/919 966/81/918 1371/459/1294
f 1248/460/1295 1371/459/1294 1118/461/1296
f 1371/459/1294 1100/108/944 847/109/946
f 966/81/918 799/83/920 1100/108/944
f 865/273/1109 1142/463/1300 1372/462/1298
f 1160/464/1299 1372/462/1298 1097/446/1283
f 1372/462/1298 1119/56/890 844/196/892
f 1142/463/1300 842/53/888 1119/56/890
f 1159/465/1301 1373/466/1302 1145/424/1258
f 1373/466/1302 1120/48/882 852/49/884
f 1096/448/1281 843/52/887 1120/48/882
f 869/467/1282 1096/448/1281 1373/466/1302
f 802/212/1106 1092/437/1271 1374/468/1303
f 990/211/1044 1374/468/1303 1027/469/1304
f 1374/468/1303 1121/471/1306 849/470/1305
f 1092/437/1271 839/438/1272 1121/471/1306
f 933/34/870 1375/473/1307 1080/419/1252
f 1375/473/1307 1122/474/1309 853/472/1308
f 1094/430/1264 841/432/1266 1122/474/1309
f 789/286/1122 1094/430/1264 1375/473/1307
f 1158/476/1310 1376/477/1312 1140/475/1311
f 1376/477/1312 1127/478/1313 840/427/1262
f 1155/420/1255 859/353/1187 1127/478/1313
f 878/422/1256 1155/420/1255 1376/477/1312
f 1382/479/1314 1377/480/1318 1129/343/1177
f 1383/481/1315 1377/480/1318 997/308/1144
f 1007/289/1125 931/314/1149 1378/482/1316
f 1135/306/1140 1129/343/1177 1377/480/1318
f 1125/483/1319 1378/482/1316 931/314/1149
f 1380/484/1317 1378/482/1316 1130/338/1172
f 1357/381/1230 1085/485/1403 1081/378/1320
f 857/354/1189 1130/338/1172 1378/482/1316
f 1127/478/1313 1379/486/1321 1093/426/1260
f 1379/486/1321 1125/483/1319 788/324/1158
f 1131/351/1186 857/354/1189 1125/483/1319
f 859/353/1187 1131/351/1186 1379/486/1321
f 1132/336/1171 1135/306/1140 1383/481/1315
f 975/310/1145 997/308/1144 1377/480/1318
f 900/317/1152 1223/488/1326 1381/487/1322
f 1209/489/1323 1381/487/1322 943/490/1324
f 1220/344/1179 855/347/1182 943/490/1324
f 911/346/1180 1220/344/1179 1381/487/1322
f 807/318/1154 975/310/1145 1382/479/1314
f 1126/491/1327 1382/479/1314 1134/339/1173
f 884/492/1328 1157/494/1331 1384/493/1329
f 1183/495/1328 1384/493/1329 1138/496/1328
f 1384/493/1329 1156/498/1331 860/497/1330
f 1157/494/1331 879/499/1333 1156/498/1331
f 885/500/1332 1181/502/1334 1385/501/1329
f 1182/503/1328 1385/501/1329 1157/494/1331
f 1385/501/1329 1136/504/2086 879/499/1333
f 861/505/1331 1136/504/2086 1385/501/1329
f 1124/506/1335 1386/507/1336 929/327/1162
f 1386/507/1336 1158/476/1310 863/329/1163
f 1128/508/1337 878/422/1256 1158/476/1310
f 856/509/1338 1128/508/1337 1386/507/1336
f 942/511/1339 1387/513/1342 1067/510/1340
f 1387/513/1342 1159/465/1301 868/425/1259
f 1146/514/1343 869/467/1282 1159/465/1301
f 784/515/1344 1146/514/1343 1387/513/1342
f 783/278/1345 937/275/1113 1388/516/1346
f 925/517/1347 1388/516/1346 1147/518/1348
f 1388/516/1346 1160/464/1299 870/444/1278
f 937/275/1113 865/273/1109 1160/464/1299
f 955/520/1350 1389/523/1353 957/519/1351
f 1389/523/1353 1148/524/1355 775/522/1354
f 1161/454/1290 871/455/1292 1148/524/1355
f 866/451/1288 1161/454/1290 1389/523/1353
f 964/91/929 1390/526/1357 959/525/1356
f 1390/526/1357 955/520/1350 797/521/1352
f 1162/449/1285 866/451/1288 955/520/1350
f 867/92/1286 1162/449/1285 1390/526/1357
f 793/527/1349 1147/518/1348 1391/528/1358
f 945/529/1359 1391/528/1358 1146/514/1343
f 1391/528/1358 1163/447/1280 869/467/1282
f 1147/518/1348 870/444/1278 1163/447/1280
f 1059/530/1360 1392/531/1361 1128/508/1337
f 1392/531/1361 1164/421/1254 878/422/1256
f 1067/510/1340 868/425/1259 1164/421/1254
f 827/512/1341 1067/510/1340 1392/531/1361
f 890/532/1246 1108/412/1245 1393/533/1362
f 1190/534/1363 1393/533/1362 1165/388/1224
f 1393/533/1362 1107/535/1365 877/393/1364
f 1108/412/1245 854/413/1247 1107/535/1365
f 1109/418/1253 1394/537/1367 1104/536/1366
f 1394/537/1367 1166/369/1204 875/334/1168
f 1106/538/1368 876/3/836 1166/369/1204
f 853/472/1308 1106/538/1368 1394/537/1367
f 1111/429/1263 1395/539/1369 1140/475/1311
f 1395/539/1369 1167/328/1161 863/329/1163
f 1104/536/1366 875/334/1168 1167/328/1161
f 851/416/1251 1104/536/1366 1395/539/1369
f 1112/541/1268 1396/542/1371 1141/540/1370
f 1396/542/1371 1168/292/1127 864/8/841
f 1396/542/1371 1103/543/1372 874/260/1093
f 1112/541/1268 850/434/1267 1103/543/1372
f 842/53/888 1142/463/1300 1397/544/1373
f 1113/439/1273 1397/544/1373 1139/545/1374
f 1397/544/1373 1169/276/1111 862/39/874
f 1142/463/1300 865/273/1109 1169/276/1111
f 850/434/1267 1114/441/1275 1398/546/1375
f 1103/543/1372 1398/546/1375 1170/262/1099
f 1398/546/1375 1101/547/1377 872/267/1376
f 1114/441/1275 848/442/1276 1101/547/1377
f 917/548/1297 1118/461/1296 1399/549/1378
f 1247/550/1379 1399/549/1378 1171/87/928
f 1399/549/1378 1144/450/1284 867/92/1286
f 1118/461/1296 847/109/946 1144/450/1284
f 839/438/1272 1139/545/1374 1400/551/1380
f 1121/471/1306 1400/551/1380 1102/552/1381
f 1400/551/1380 1172/42/876 873/553/878
f 1139/545/1374 862/39/874 1172/42/876
f 1122/474/1309 1401/554/1382 1106/538/1368
f 1401/554/1382 1173/2/834 876/3/836
f 1141/540/1370 864/8/841 1173/2/834
f 841/432/1266 1141/540/1370 1401/554/1382
f 892/555/1383 1199/557/1329 1402/556/1334
f 1203/558/1384 1402/556/1334 1176/559/1328
f 1402/556/1334 1177/561/1328 882/560/1332
f 1199/557/1329 880/562/1328 1177/561/1328
f 894/563/1385 1176/559/1328 1403/564/1334
f 1202/565/1386 1403/564/1334 1175/566/1334
f 1403/564/1334 1178/568/1328 881/567/1388
f 1176/559/1328 882/560/1332 1178/568/1328
f 880/562/1328 1174/570/1328 1404/569/1328
f 1177/561/1328 1404/569/1328 1180/571/1328
f 1404/569/1328 1182/503/1328 884/492/1328
f 1174/570/1328 885/500/1332 1182/503/1328
f 882/560/1332 1180/571/1328 1405/572/1389
f 1178/568/1328 1405/572/1389 1179/573/1328
f 1405/572/1389 1183/495/1328 883/574/1328
f 1180/571/1328 884/492/1328 1183/495/1328
f 846/102/940 1188/576/1392 1406/575/1390
f 1099/457/1293 1406/575/1390 1189/577/1391
f 1406/575/1390 1190/534/1363 891/386/1218
f 1188/576/1392 890/532/1246 1190/534/1363
f 798/232/1064 1184/579/1394 1407/578/1393
f 961/104/942 1407/578/1393 1188/576/1392
f 1407/578/1393 1191/411/1244 890/532/1246
f 1184/579/1394 886/409/1216 1191/411/1244
f 1187/580/1395 1408/584/1396 1003/216/1047
f 960/291/1126 1007/289/1125 1380/484/1317
f 1003/216/1047 1408/584/1396 1410/379/1212
f 1187/580/1395 889/403/1238 1192/399/1233
f 1222/582/1397 1409/583/1399 1204/581/1398
f 1409/583/1399 1187/580/1395 810/221/1052
f 1221/400/1235 889/403/1238 1187/580/1395
f 912/402/1236 1221/400/1235 1409/583/1399
f 1408/584/1396 1192/399/1233 1194/380/1229
f 928/218/1049 1410/379/1212 1411/359/1193
f 1198/360/1194 1354/376/1209 1355/384/1211
f 1002/219/1400 1411/359/1193 1414/375/1195
f 871/455/1292 1189/577/1391 1412/585/1401
f 1148/524/1355 1412/585/1401 1185/586/1402
f 1412/585/1401 1196/389/1220 887/587/1222
f 1189/577/1391 891/386/1218 1196/389/1220
f 1414/375/1195 1198/360/1194 1197/382/1214
f 1006/93/931 1413/374/1208 1184/579/1394
f 1413/374/1208 1197/382/1214 886/409/1216
f 1358/397/1228 1082/395/1227 1085/485/1403
f 877/393/1364 1201/589/1406 1415/588/1404
f 1154/392/1225 1415/588/1404 1200/590/1405
f 1415/591/1404 1202/565/1386 893/592/1387
f 1201/593/1406 894/563/1385 1202/565/1386
f 1137/594/1407 1416/595/1408 1107/535/1365
f 1416/595/1408 1201/589/1406 877/393/1364
f 1416/596/1408 1203/558/1384 894/563/1385
f 892/555/1383 1203/558/1384 1416/596/1408
f 1090/598/1409 1417/599/1410 934/222/1054
f 1417/599/1410 1222/582/1397 895/224/1055
f 1193/600/1411 912/402/1236 1222/582/1397
f 888/601/1412 1193/600/1411 1417/599/1410
f 1126/491/1327 1418/602/1413 982/315/1151
f 1418/602/1413 1223/488/1326 900/317/1152
f 1133/603/1414 911/346/1180 1223/488/1326
f 858/341/1175 1133/603/1414 1418/602/1413
f 1186/604/1415 1419/605/1416 1193/600/1411
f 1419/605/1416 1224/401/1234 912/402/1236
f 1083/606/1417 910/407/1241 1224/401/1234
f 836/607/1415 1083/606/1417 1419/605/1416
f 823/608/1418 1070/610/1421 1420/609/1419
f 1054/611/1420 1420/609/1419 1225/365/1201
f 1420/609/1419 1076/612/1422 909/201/1035
f 1070/610/1421 831/613/1451 1076/612/1422
f 1062/342/1176 1421/614/1423 1133/603/1414
f 1421/614/1423 1226/345/1178 911/346/1180
f 1065/615/1424 908/162/998 1226/345/1178
f 830/213/1045 1065/615/1424 1421/614/1423
f 787/616/1325 1048/618/1426 1422/617/1425
f 1209/489/1323 1422/617/1425 1227/316/1150
f 1422/617/1425 1054/611/1420 907/322/1198
f 1048/618/1426 823/608/1418 1054/611/1420
f 1037/620/1427 1423/622/1430 1206/619/1428
f 1423/622/1430 1228/299/1134 897/204/1038
f 1045/623/1431 906/253/1086 1228/299/1134
f 819/624/1432 1045/623/1431 1423/622/1430
f 1212/626/1433 1424/629/1436 1035/625/1434
f 1424/629/1436 1026/630/1438 815/628/1437
f 1229/283/1117 905/282/1118 1026/630/1438
f 903/280/1062 1229/283/1117 1424/629/1436
f 1015/631/1439 1425/632/1440 1045/623/1431
f 1425/632/1440 1230/252/1084 906/253/1086
f 1021/633/1441 904/258/1091 1230/252/1084
f 811/634/1442 1021/633/1441 1425/632/1440
f 1205/194/1030 1426/636/1444 987/207/1041
f 987/207/1041 1426/636/1444 981/635/1443
f 1231/233/1066 899/167/1003 981/635/1443
f 896/195/1067 1231/233/1066 1426/636/1444
f 1210/638/1445 1427/640/1448 950/637/1446
f 1427/640/1448 1212/626/1433 782/627/1435
f 1232/229/1060 903/280/1062 1212/626/1433
f 901/192/1028 1232/229/1060 1427/640/1448
f 1004/220/1051 1428/641/1449 1204/581/1398
f 1428/641/1449 1233/223/1053 895/224/1055
f 984/642/1450 902/145/980 1233/223/1053
f 809/205/1039 984/642/1450 1428/641/1449
f 831/613/1451 923/644/1453 1429/643/1452
f 1076/612/1422 1429/643/1452 1234/200/1033
f 1206/619/1428 897/204/1038 1234/200/1033
f 779/621/1429 1206/619/1428 1429/643/1452
f 785/639/1447 947/646/1455 1430/645/1454
f 1210/638/1445 1430/645/1454 1235/191/1026
f 1430/645/1454 949/234/1065 896/195/1067
f 947/646/1455 795/237/1071 949/234/1065
f 922/648/1456 1431/650/1459 1246/647/1457
f 1431/650/1459 1236/186/1021 919/187/1023
f 1207/149/983 898/150/985 1236/186/1021
f 778/651/1460 1207/149/983 1431/650/1459
f 991/215/1046 1432/652/1461 1065/615/1424
f 1432/652/1461 1237/161/996 908/162/998
f 981/635/1443 899/167/1003 1237/161/996
f 806/209/1042 981/635/1443 1432/652/1461
f 989/206/1040 1433/653/1462 984/642/1450
f 1433/653/1462 1238/144/978 902/145/980
f 980/189/1025 898/150/985 1238/144/978
f 805/180/1016 980/189/1025 1433/653/1462
f 1239/654/1463 1434/655/1464 1021/633/1441
f 1434/655/1464 1245/656/1465 904/258/1091
f 1246/647/1457 919/187/1023 1245/656/1465
f 913/649/1458 1246/647/1457 1434/655/1464
f 848/442/1276 1243/658/1468 1435/657/1466
f 1101/547/1377 1435/657/1466 1244/659/1467
f 1435/657/1466 1247/550/1379 918/85/922
f 1243/658/1468 917/548/1297 1247/550/1379
f 813/269/1103 1241/661/1470 1436/660/1469
f 1024/443/1277 1436/660/1469 1243/658/1468
f 1436/660/1469 1248/460/1295 917/548/1297
f 1241/661/1470 915/458/919 1248/460/1295
f 1253/98/957 1249/95/932 1437/662/1471
f 1437/662/1471 1249/95/932 1255/80/917
f 1440/663/1473 1438/664/1474 1020/248/1082
f 1252/173/1012 1250/121/958 1438/664/1474
f 1250/121/958 1253/98/957 1441/398/1231
f 1019/241/1232 1437/662/1471 1443/665/1472
f 1438/664/1474 1441/398/1231 1023/239/1072
f 1245/656/1465 1439/666/1475 1213/257/1089
f 1439/666/1475 1242/667/1476 814/259/1092
f 1251/185/1022 916/176/1013 1242/667/1476
f 919/187/1023 1251/185/1022 1439/666/1475
f 1242/667/1476 1440/663/1473 1022/247/1080
f 916/176/1013 1252/173/1012 1440/663/1473
f 872/267/1376 1244/659/1467 1442/668/1477
f 1149/266/1100 1442/668/1477 1240/669/1478
f 1442/668/1477 1254/88/924 914/670/926
f 1244/659/1467 918/85/922 1254/88/924
f 1025/240/1074 1443/665/1472 1241/661/1470
f 1443/665/1472 1255/80/917 915/458/919
f 1527/672/1479 1523/800/1480 1081/671/1480
f 913/674/1481 1493/676/2087 1495/675/1482
f 1495/675/1482 1447/1585/1538 778/677/1484
f 831/679/1485 1472/681/1485 1496/680/1486
f 923/682/1487 1496/680/1486 1448/683/1488
f 793/684/1490 1457/686/1514 1497/685/1491
f 1497/685/1491 1451/760/1557 783/687/1493
f 824/689/1494 1469/691/1572 1498/690/1495
f 1498/690/1495 1454/830/1611 786/692/1497
f 1458/695/1498 1499/698/1501 941/694/1499
f 1499/698/1501 1449/786/1502 780/697/1502
f 1470/700/1503 1500/703/2088 942/699/1504
f 942/699/1504 1500/703/2088 1452/702/1506
f 855/704/1508 1479/706/1610 1501/705/1509
f 943/707/1510 1501/705/1509 1455/708/1511
f 784/709/1507 1452/702/1506 1502/710/1513
f 945/711/1513 1502/710/1513 1457/686/1514
f 785/712/1515 1453/714/2089 1503/713/1516
f 1503/713/1516 1458/1586/1498 795/715/1500
f 1504/717/1518 1453/714/2089 785/712/1515
f 1450/719/1520 1504/717/1518 950/718/1519
f 952/721/1522 1505/723/1526 1465/722/1523
f 790/724/1525 1456/725/1556 1505/723/1526
f 956/726/1527 1506/728/2090 1494/727/1528
f 1459/729/1530 1506/728/2090 956/726/1527
f 1507/732/1532 1460/738/2091 797/731/1533
f 1444/734/1534 1507/732/1532 957/733/1532
f 959/736/1536 1508/737/1537 1459/729/1530
f 797/731/1533 1460/738/2091 1508/737/1537
f 1447/740/1538 1509/743/1540 969/739/1539
f 1509/743/1540 1461/747/2092 801/742/1541
f 1005/744/1542 1510/746/1545 1445/745/1543
f 801/742/1541 1461/747/2092 1510/746/1545
f 819/748/1546 1466/750/2093 1511/749/1547
f 1015/751/1547 1511/749/1547 1462/752/1548
f 1016/753/1550 1512/755/1554 1467/754/1551
f 812/756/1553 1463/757/2094 1512/755/1554
f 1034/758/1555 1513/759/2095 1456/725/1556
f 1451/760/1557 1513/759/2095 1034/758/1555
f 1514/761/1558 1450/719/1520 782/720/1521
f 1464/763/1560 1514/761/1558 1035/762/1559
f 1448/766/1488 1515/768/1562 1037/765/1561
f 1515/768/1562 1466/750/2093 819/748/1546
f 1516/770/1563 1446/1587/1583 777/769/1564
f 820/772/1552 1467/754/1551 1516/770/1563
f 1455/708/1511 1517/776/1567 1048/773/1566
f 1517/776/1567 1468/790/1580 823/775/1568
f 1473/778/1569 1518/780/2096 1049/777/1570
f 1049/777/1570 1518/780/2096 1469/691/1572
f 856/781/1573 1480/783/2097 1519/782/1574
f 1519/782/1574 1470/700/1503 827/701/1505
f 780/697/1502 1449/786/1502 1520/785/1576
f 1060/787/1577 1520/785/1576 1471/788/1578
f 1468/790/1580 1521/791/1582 1070/789/1581
f 1521/791/1582 1472/681/1485 831/679/1485
f 1446/793/1583 1522/795/1585 1073/792/1584
f 1522/795/1585 1473/778/1569 834/779/1571
f 1086/796/1586 1528/798/1586 1524/797/1587
f 1523/800/1480 1529/815/1599 1087/799/1589
f 1082/801/1588 1524/802/1587 1527/672/1479
f 1525/804/1590 1492/883/1591 910/803/1591
f 836/807/1593 1475/806/2098 1525/804/1590
f 1526/809/1594 1478/841/2099 854/808/1595
f 1476/811/1596 1526/809/1594 1084/810/1594
f 838/813/1598 1477/814/2100 1528/798/1586
f 1529/815/1599 1476/811/1596 837/812/1597
f 1089/816/1600 1530/818/1604 1488/817/1601
f 835/819/1603 1474/821/2101 1530/820/1604
f 1531/823/1605 1489/873/1640 888/822/1606
f 1445/745/1543 1531/823/1605 1090/824/1607
f 828/826/1579 1471/788/1578 1532/827/1608
f 1123/828/1609 1532/827/1608 1479/706/1610
f 1454/830/1611 1533/831/1613 1124/829/1612
f 1533/831/1613 1480/783/2097 856/781/1573
f 1534/834/1614 1483/833/2102 879/850/1615
f 861/835/1617 1482/836/1635 1534/834/1614
f 1137/837/1618 1535/839/1621 1490/838/1619
f 854/808/1595 1478/841/2099 1535/840/1621
f 1138/842/1622 1536/844/1622 1486/843/1623
f 860/846/1624 1481/845/2103 1536/844/1622
f 1537/848/1625 1481/1588/2103 860/847/1624
f 879/850/1615 1483/833/2102 1537/848/1625
f 1174/853/1627 1538/852/1627 1487/867/1628
f 1484/854/1629 1538/852/1627 1174/853/1627
f 1539/857/1630 1491/880/1645 893/856/1631
f 881/859/1632 1485/860/1632 1539/857/1630
f 1179/861/1633 1540/862/1633 1485/860/1632
f 883/863/1623 1486/843/1623 1540/862/1633
f 1181/866/1634 1541/865/1634 1482/899/1635
f 1487/867/1628 1541/865/1634 1181/866/1634
f 1185/868/1636 1542/869/1637 1444/734/1534
f 887/870/1602 1488/817/1601 1542/869/1637
f 1543/872/1638 1475/806/2098 836/807/1593
f 1489/873/1640 1543/872/1638 1186/871/1639
f 1544/874/1641 1484/854/1629 880/855/1629
f 892/876/1620 1490/838/1619 1544/874/1641
f 1545/877/1643 1474/821/2101 835/819/1603
f 1491/880/1645 1545/1589/1643 1200/879/1644
f 1546/882/1646 1477/814/2100 838/813/1598
f 1492/883/1591 1546/882/1646 1219/881/1647
f 811/884/1549 1462/752/1548 1547/885/1648
f 1547/885/1648 1493/676/2087 913/674/1481
f 1548/887/1650 1463/757/2094 812/756/1553
f 1494/727/1528 1548/887/1650 1240/888/1651
f 927/373/1207 1267/94/930 1299/116/934
f 1559/900/1652 1557/915/1666 1554/901/1653
f 1559/900/1654 1556/902/1655 1555/903/1655
f 1558/905/1657 1557/915/1666 1550/906/1658
f 1560/908/1660 1555/1590/1660 1553/909/1660
f 1571/910/1661 1569/926/1677 1566/911/1662
f 1552/913/1664 1559/900/1654 1560/904/1656
f 1553/909/1665 1554/901/1653 1557/915/1666
f 1551/916/1667 1560/908/1660 1558/905/1660
f 1552/913/1668 1550/906/1658 1557/915/1666
f 1571/910/1669 1568/912/1670 1567/917/1670
f 1570/919/1672 1569/926/1677 1562/920/1673
f 1572/922/1675 1567/1591/1675 1565/923/1675
f 1564/924/1664 1571/910/1669 1572/918/1671
f 1565/923/1676 1566/911/1662 1569/926/1677
f 1563/927/1667 1572/922/1675 1570/919/1675
f 1564/924/1668 1562/920/1673 1569/926/1677
f 1574/928/1678 1577/935/1685 1579/929/1679
f 1575/931/1681 1576/930/1681 1579/929/1682
f 1578/933/1684 1549/1592/1659 1550/934/1658
f 1580/936/1686 1578/933/1686 1573/937/1686
f 1582/939/1687 1585/949/1694 1587/940/1688
f 1580/932/1683 1579/929/1682 1552/942/1664
f 1573/937/1689 1578/933/1684 1577/935/1685
f 1551/944/1667 1549/1592/1667 1578/933/1686
f 1577/935/1685 1550/934/1658 1552/942/1668
f 1583/945/1690 1584/941/1690 1587/940/1691
f 1586/947/1693 1561/1593/1674 1562/948/1673
f 1588/950/1695 1586/947/1695 1581/951/1696
f 1588/946/1692 1587/940/1691 1564/953/1664
f 1581/951/1697 1586/947/1693 1585/949/1694
f 1563/955/1667 1561/1593/1667 1586/947/1695
f 1585/949/1694 1562/948/1673 1564/953/1668
f 1621/956/1698 1624/1594/1722 1620/957/1699
f 1639/959/1701 1597/1595/1759 1622/960/1702
f 1638/962/1704 1596/999/1738 1629/963/1705
f 1647/965/1707 1598/986/1726 1606/966/1708
f 1607/968/1710 1649/1596/2104 1652/969/1711
f 1641/971/1713 1600/1597/1730 1628/972/1714
f 1646/974/1716 1623/1598/1724 1619/975/1717
f 1633/977/1719 1614/1011/1749 1602/978/1720
f 1607/968/1710 1589/970/1712 1624/980/1722
f 1640/982/1723 1593/1020/1754 1623/983/1724
f 1642/985/1725 1603/1021/1755 1598/986/1726
f 1637/987/1727 1594/992/1731 1605/988/1728
f 1643/967/1709 1606/966/1708 1600/990/1730
f 1635/979/1721 1602/978/1720 1594/992/1731
f 1604/993/1732 1612/1006/1745 1610/994/1733
f 1601/996/1735 1611/1003/1742 1608/997/1736
f 1634/989/1729 1605/988/1728 1596/999/1738
f 1620/957/1699 1645/976/1718 1644/1000/1739
f 1613/1002/1741 1616/1001/1740 1611/1003/1742
f 1592/995/1734 1610/994/1733 1627/1004/1743
f 1590/998/1737 1608/997/1736 1612/1006/1745
f 1617/958/1700 1620/957/1699 1616/1001/1740
f 1645/976/1718 1619/975/1717 1615/1007/1746
f 1631/1008/1703 1622/1599/1702 1618/1009/1747
f 1632/1010/1748 1618/1009/1747 1614/1011/1749
f 1612/1006/1745 1643/967/1709 1641/991/1713
f 1611/1003/1742 1642/985/1725 1647/965/1707
f 1589/1012/1712 1640/982/1723 1646/984/1716
f 1627/1014/1743 1625/1024/1715 1648/1015/1750
f 1628/1017/1714 1626/1022/1706 1636/1018/1752
f 1593/1020/1754 1639/959/1701 1631/961/1703
f 1603/1021/1755 1635/979/1721 1637/987/1727
f 1606/966/1708 1634/989/1729 1638/962/1704
f 1619/975/1717 1632/1010/1748 1633/977/1719
f 1626/1022/1706 1629/1600/1705 1595/1023/1756
f 1625/1024/1715 1628/1017/1714 1599/1019/1753
f 1630/1025/1744 1627/1014/1743 1609/1016/1751
f 1644/1000/1739 1615/1007/1746 1603/1021/1755
f 1650/1027/1758 1651/1601/2105 1597/1028/1759
f 1653/1030/1760 1654/1160/2106 1593/1031/1754
f 1709/1033/1761 1713/1602/1785 1711/1034/1762
f 1712/1036/1764 1690/1603/1821 1716/1037/1765
f 1663/1039/1767 1666/1079/1800 1695/1040/1768
f 1675/1042/1770 1688/1604/1787 1717/1043/1771
f 1696/1045/1773 1697/1147/1813 1706/1046/1774
f 1685/1048/1776 1684/1605/1792 1683/1049/1777
f 1715/1051/1779 1714/1081/1802 1669/1052/1780
f 1661/1054/1782 1692/1092/1812 1673/1055/1783
f 1713/1057/1785 1697/1606/1813 1696/1058/1773
f 1667/1060/1781 1681/1101/1817 1680/1061/1786
f 1688/1063/1787 1677/1102/1818 1693/1064/1788
f 1665/1066/1789 1662/1072/1793 1682/1067/1790
f 1684/1069/1792 1675/1607/1770 1694/1070/1772
f 1662/1072/1793 1661/1054/1782 1678/1056/1784
f 1700/1073/1794 1703/1087/1808 1659/1074/1795
f 1671/1076/1797 1702/1083/1804 1655/1077/1798
f 1666/1079/1800 1665/1066/1789 1676/1068/1791
f 1709/1033/1761 1705/1084/1805 1710/1080/1801
f 1691/1082/1803 1655/1077/1798 1702/1083/1804
f 1701/1085/1806 1700/1073/1794 1660/1075/1796
f 1703/1087/1808 1671/1076/1797 1656/1078/1799
f 1705/1084/1805 1709/1033/1761 1707/1035/1763
f 1672/1088/1809 1669/1052/1780 1714/1081/1802
f 1708/1089/1810 1712/1608/1764 1668/1090/1766
f 1692/1092/1812 1708/1089/1810 1670/1091/1811
f 1703/1093/1808 1700/1609/1794 1683/1094/1777
f 1702/1083/1804 1671/1076/1797 1717/1065/1771
f 1697/1096/1813 1713/1610/1785 1715/1062/1779
f 1701/1097/1806 1674/1111/1820 1718/1098/1814
f 1679/1099/1815 1698/1110/1769 1685/1048/1776
f 1668/1038/1766 1716/1037/1765 1681/1101/1817
f 1682/1067/1790 1678/1056/1784 1677/1102/1818
f 1695/1103/1768 1676/1611/1791 1675/1104/1770
f 1673/1106/1783 1670/1612/1811 1669/1107/1780
f 1664/1109/1819 1663/1613/1767 1698/1110/1769
f 1686/1100/1816 1685/1048/1776 1699/1050/1778
f 1674/1111/1820 1701/1097/1806 1657/1112/1807
f 1710/1114/1801 1693/1614/1788 1677/1115/1818
f 1690/1117/1821 1689/1615/2107 1719/1118/1822
f 1720/1120/1823 1680/1207/1786 1681/1121/1817
f 1589/1123/1712 1697/1096/2108 1680/1061/1824
f 1683/1125/1777 1700/1616/1794 1610/1126/1825
f 1696/1128/1773 1704/1617/1775 1649/1129/1827
f 1611/1131/1742 1702/1618/2109 1693/1132/1829
f 1627/1134/1743 1701/1619/1830 1699/1135/1830
f 1616/1137/1831 1705/1620/1805 1702/1138/1832
f 1612/1140/1745 1703/1159/1833 1694/1141/1833
f 1717/1143/1771 1671/1621/1797 1608/1144/1834
f 1652/1146/1711 1706/1046/1836 1697/1147/1836
f 1710/1149/1801 1705/1622/1805 1616/1150/1831
f 1620/1152/1699 1709/1623/2110 1714/1153/1838
f 1600/1155/1839 1684/1624/1792 1685/1156/1840
f 1608/1158/1834 1671/1625/1797 1703/1159/1841
f 1654/1160/1842 1687/1626/1842 1681/1161/1842
f 1715/1162/1779 1713/1627/1785 1624/1163/1843
f 1596/1165/1845 1666/1628/1876 1663/1166/1846
f 1691/1168/1848 1707/1190/1861 1617/1169/1849
f 1657/1171/1851 1660/1213/1870 1592/1172/1852
f 1618/1174/1668 1708/1200/1668 1692/1175/1668
f 1651/1177/1853 1689/1629/2107 1690/1178/1821
f 1655/1180/1855 1691/1168/1848 1613/1170/1850
f 1614/1176/1668 1692/1175/1668 1661/1182/1668
f 1637/1184/1857 1682/1630/1790 1688/1185/1787
f 1615/1187/1859 1672/1631/1809 1677/1188/1860
f 1707/1190/1861 1711/1632/1878 1621/1191/1862
f 1659/1192/1863 1656/1195/1865 1590/1193/1864
f 1656/1195/1865 1655/1180/1855 1601/1181/1856
f 1693/1196/1829 1710/1633/1866 1644/1197/1866
f 1622/1199/1668 1712/1634/1668 1708/1200/1668
f 1594/1201/1668 1662/1217/1668 1665/1202/1668
f 1658/1204/1667 1657/1635/1851 1630/1205/1851
f 1680/1207/1824 1720/1120/2111 1653/1030/1760
f 1623/1208/1867 1667/1239/1781 1669/1209/1868
f 1598/1186/1858 1688/1185/1787 1675/1211/1869
f 1660/1213/1870 1659/1192/1863 1604/1194/1863
f 1624/1214/1843 1713/1636/1785 1709/1215/1871
f 1602/1183/1668 1661/1182/1668 1662/1217/1668
f 1694/1218/1872 1717/1143/1873 1647/1145/1873
f 1638/1220/1874 1695/1637/1768 1684/1221/1792
f 1629/1223/1847 1663/1638/1846 1664/1224/1668
f 1714/1226/1838 1715/1639/1875 1646/1227/1875
f 1605/1203/1668 1665/1202/1668 1666/1229/1876
f 1716/1119/1877 1719/1118/2112 1650/1231/1758
f 1711/1233/1878 1696/1128/1773 1607/1130/1828
f 1685/1235/1879 1698/1640/1879 1626/1236/1706
f 1631/1238/1880 1668/1641/1766 1667/1239/1781
f 1597/1240/1854 1690/1642/1821 1712/1241/1668
f 1699/1243/1881 1683/1643/1881 1641/1244/1881
f 1669/1246/1882 1670/1644/1891 1632/1247/1748
f 1676/1249/1883 1682/1645/2113 1637/1250/1883
f 1698/1252/1884 1695/1646/1884 1638/1253/1884
f 1610/1255/1825 1700/1647/1794 1701/1256/1869
f 1633/1258/1885 1673/1648/1783 1672/1259/1809
f 1678/1261/1886 1673/1649/1887 1633/1262/1887
f 1675/1264/1888 1676/1650/1888 1634/1265/1729
f 1681/1101/1889 1716/1037/1877 1639/1267/1701
f 1677/1269/1890 1678/1651/1886 1635/1270/1721
f 1670/1272/1891 1668/1652/1892 1631/1273/1892
f 1748/1275/1893 1752/1653/1917 1749/1276/1894
f 1750/1278/1896 1727/1654/1948 1766/1279/1897
f 1757/1281/1899 1726/1317/1932 1765/1282/1900
f 1735/1284/1902 1728/1304/1919 1774/1285/1903
f 1736/1287/1905 1721/1655/1945 1778/1288/1906
f 1756/1290/1908 1729/1309/1924 1768/1291/1909
f 1773/1293/1911 1772/1319/1934 1747/1294/1912
f 1731/1296/1914 1742/1330/1944 1761/1297/1915
f 1752/1299/1917 1721/1655/1945 1736/1287/1905
f 1751/1301/1913 1724/1335/1946 1767/1302/1918
f 1728/1304/1919 1732/1336/1947 1769/1305/1920
f 1734/1306/1921 1725/1310/1925 1764/1307/1922
f 1729/1309/1924 1735/1284/1902 1770/1286/1904
f 1725/1310/1925 1731/1296/1914 1763/1298/1916
f 1738/1311/1926 1740/1325/1940 1733/1312/1927
f 1737/1314/1929 1739/1321/1936 1730/1315/1930
f 1726/1317/1932 1734/1306/1921 1762/1308/1923
f 1748/1275/1893 1744/1322/1937 1771/1318/1933
f 1741/1320/1935 1730/1315/1930 1739/1321/1936
f 1755/1323/1938 1738/1311/1926 1723/1313/1928
f 1740/1325/1940 1737/1314/1929 1722/1316/1931
f 1744/1322/1937 1748/1275/1893 1745/1277/1895
f 1743/1326/1941 1747/1294/1912 1772/1319/1934
f 1746/1327/1942 1750/1656/1896 1759/1328/1898
f 1742/1330/1944 1746/1327/1942 1760/1329/1943
f 1740/1325/1940 1738/1311/1926 1768/1291/1909
f 1739/1321/1936 1737/1314/1929 1774/1285/1903
f 1721/1331/1945 1752/1657/1917 1773/1303/1911
f 1755/1332/1938 1609/1016/1751 1648/1015/1750
f 1636/1018/1752 1754/1337/1901 1756/1334/1908
f 1759/1280/1898 1766/1279/1897 1724/1335/1946
f 1764/1307/1922 1763/1298/1916 1732/1336/1947
f 1765/1282/1900 1762/1308/1923 1735/1284/1902
f 1761/1297/1915 1760/1329/1943 1747/1294/1912
f 1595/1023/1756 1757/1658/1899 1754/1337/1901
f 1599/1019/1753 1756/1334/1908 1753/1333/1910
f 1609/1016/1751 1755/1332/1938 1758/1338/1939
f 1771/1318/1933 1769/1305/1920 1732/1336/1947
f 1727/1339/1948 1777/1659/2114 1776/1340/1949
f 1779/1342/1950 1767/1520/1918 1724/1343/1946
f 1832/1345/1952 1834/1660/1976 1830/1346/1953
f 1837/1348/1955 1811/1661/2007 1833/1349/1956
f 1816/1351/1958 1790/1391/1992 1788/1352/1959
f 1838/1354/1961 1809/1662/1980 1798/1355/1962
f 1817/1357/1964 1825/1663/2115 1827/1358/1965
f 1805/1360/1967 1806/1664/1984 1807/1361/1968
f 1836/1363/1970 1791/1665/1978 1793/1364/1971
f 1797/1366/1973 1813/1407/2003 1786/1367/1974
f 1817/1369/1964 1818/1666/1966 1834/1370/1976
f 1802/1372/1977 1803/1418/2004 1791/1373/1978
f 1814/1375/1979 1800/1667/2005 1809/1376/1980
f 1804/1378/1981 1787/1384/1985 1789/1379/1982
f 1815/1381/1963 1798/1668/1962 1806/1382/1984
f 1801/1368/1975 1786/1367/1974 1787/1384/1985
f 1784/1385/1986 1824/1399/1999 1821/1386/1987
f 1781/1388/1989 1823/1396/1996 1795/1389/1990
f 1799/1380/1983 1789/1379/1982 1790/1391/1992
f 1830/1392/1953 1835/1402/1972 1831/1393/1993
f 1812/1395/1995 1826/1401/1994 1823/1396/1996
f 1785/1387/1988 1821/1386/1987 1822/1397/1997
f 1782/1390/1991 1795/1389/1990 1824/1399/1999
f 1828/1400/1954 1830/1669/1953 1826/1401/1994
f 1835/1402/1972 1793/1670/1971 1796/1403/2000
f 1792/1404/1957 1833/1671/1956 1829/1405/2001
f 1794/1406/2002 1829/1405/2001 1813/1407/2003
f 1824/1408/1999 1815/1672/1963 1805/1409/1967
f 1823/1411/1996 1814/1673/1979 1838/1412/1961
f 1818/1414/1966 1802/1372/1977 1836/1374/1970
f 1822/1416/1997 1820/1429/1969 1718/1098/1814
f 1807/1417/1968 1819/1428/1960 1679/1099/1815
f 1803/1418/2004 1837/1348/1955 1792/1350/1957
f 1800/1419/2005 1801/1674/1975 1804/1420/1981
f 1798/1422/1962 1799/1675/1983 1816/1423/1958
f 1793/1425/1971 1794/1676/2002 1797/1426/1973
f 1819/1428/1960 1788/1677/1959 1664/1109/1819
f 1820/1429/1969 1807/1417/1968 1686/1100/1816
f 1783/1430/1998 1822/1416/1997 1674/1111/1820
f 1831/1431/1993 1796/1678/2000 1800/1432/2005
f 1839/1434/2006 1810/1679/2042 1811/1435/2007
f 1840/1437/2008 1808/1680/2008 1803/1438/2004
f 1721/1440/1945 1767/1681/1918 1802/1372/2009
f 1738/1441/2011 1821/1682/1987 1805/1442/1967
f 1775/1444/2013 1825/1683/2115 1817/1445/1964
f 1739/1447/1936 1769/1684/1920 1814/1448/2015
f 1755/1450/1938 1753/1685/1910 1820/1451/2017
f 1744/1453/2018 1739/1686/2019 1823/1454/2019
f 1740/1456/1940 1770/1687/1904 1815/1457/2020
f 1737/1459/2021 1795/1688/1990 1838/1460/1961
f 1778/1462/1906 1721/1689/1945 1818/1359/2023
f 1744/1463/2018 1826/1690/1994 1831/1464/1993
f 1748/1466/1893 1772/1691/1934 1835/1467/2025
f 1729/1469/2027 1756/1692/2028 1807/1470/2028
f 1737/1472/2021 1740/1693/2029 1824/1473/2029
f 1780/1344/2030 1724/1343/2030 1803/1475/2030
f 1752/1477/2031 1834/1694/1976 1836/1478/1970
f 1726/1480/2033 1757/1695/2062 1788/1481/2034
f 1745/1483/2036 1828/1506/2049 1812/1484/2037
f 1723/1486/2039 1785/1526/2058 1783/1487/2040
f 1746/1489/1668 1742/1497/1668 1813/1490/1668
f 1777/1492/2041 1727/1696/2068 1811/1493/2007
f 1741/1485/2038 1812/1484/2037 1781/1495/2043
f 1742/1497/1668 1731/1530/1668 1786/1498/1668
f 1764/1499/2045 1728/1524/2056 1809/1500/1980
f 1743/1502/2046 1732/1697/2047 1800/1503/2047
f 1749/1505/2048 1832/1698/2065 1828/1506/2049
f 1722/1507/2050 1782/1510/2052 1784/1508/2051
f 1730/1496/2044 1781/1495/2043 1782/1510/2052
f 1771/1511/2053 1831/1699/2053 1814/1512/2015
f 1750/1514/1668 1746/1489/1668 1829/1491/1668
f 1725/1516/1668 1734/1541/1668 1789/1517/1668
f 1758/1519/2040 1783/1700/2040 1658/1204/1667
f 1779/1342/1950 1840/1437/2116 1802/1439/2009
f 1751/1521/2054 1747/1701/2055 1793/1522/2055
f 1728/1524/2056 1735/1702/2057 1798/1525/2057
f 1733/1509/2051 1784/1508/2051 1785/1526/2058
f 1752/1527/2031 1748/1703/2059 1830/1528/2059
f 1731/1530/1668 1725/1516/1668 1787/1518/1668
f 1774/1531/2060 1838/1704/2060 1815/1532/2060
f 1765/1534/2061 1729/1469/2027 1806/1471/1984
f 1757/1536/2062 1595/1225/1668 1664/1224/1668
f 1773/1538/2063 1836/1705/2063 1835/1539/2025
f 1734/1541/1668 1726/1480/2033 1790/1482/2035
f 1776/1542/1949 1839/1434/2117 1837/1436/2064
f 1736/1446/2014 1817/1445/1964 1832/1544/2065
f 1754/1546/1901 1819/1706/2066 1807/1547/2066
f 1759/1549/2067 1751/1707/2054 1791/1550/1978
f 1727/1552/2068 1750/1708/1668 1833/1553/1668
f 1768/1555/2069 1805/1709/2069 1820/1556/2069
f 1760/1558/1943 1794/1584/2081 1793/1559/2070
f 1764/1561/2071 1804/1710/2071 1799/1562/2071
f 1765/1564/2072 1816/1711/2072 1819/1565/2072
f 1738/1567/2011 1755/1712/2073 1822/1568/2073
f 1761/1570/2074 1743/1502/2046 1796/1504/2000
f 1761/1572/2075 1797/1713/2075 1801/1573/2076
f 1762/1575/1923 1799/1714/2077 1798/1576/2077
f 1766/1578/1897 1837/1348/2064 1803/1418/2078
f 1763/1580/1916 1801/1715/2076 1800/1581/2079
f 1759/1583/2080 1792/1716/2080 1794/1584/2081
