# Blender 4.5.3 LTS
# www.blender.org
mtllib Hood.mtl
o Hood
v 2.774210 1.165702 0.013117
v 2.765572 1.104861 -0.674179
v 2.819200 1.116423 -0.457142
v 2.781277 1.151162 -0.359744
v 2.705386 1.094039 -0.860633
v 3.045737 1.087041 -0.855505
v 3.330271 1.073462 -0.842318
v 2.626892 1.100354 -0.852119
v 3.021455 1.156859 0.020853
v 3.304832 1.137637 0.029720
v 4.236492 0.955141 -0.247283
v 3.033799 1.150119 -0.343966
v 3.316569 1.124201 -0.325287
v 4.295969 0.951378 0.060734
v 4.196790 0.959228 -0.366290
v 4.228323 0.955544 -0.276309
v 3.319921 1.092289 -0.426035
v 3.039215 1.107399 -0.451475
v 2.791517 1.110627 -0.574442
v 4.164737 0.964719 -0.450821
v 2.743974 1.123673 -0.431005
v 2.695772 1.114680 -0.662535
v 2.761828 1.131360 0.012729
v 2.667270 1.108932 -0.754158
v 2.803565 1.131264 0.014035
v 3.766867 1.028443 -0.796929
v 4.029940 0.984704 -0.706659
v 2.812570 1.116644 -0.366432
v 3.334963 1.093227 -0.521378
v 3.051300 1.107305 -0.553021
v 3.338105 1.091210 -0.617048
v 3.054212 1.104068 -0.655713
v 2.776250 1.163102 -0.177475
v 3.027260 1.158567 -0.165283
v 3.310781 1.135679 -0.151562
v 4.270759 0.952079 -0.099183
v 2.808997 1.126809 -0.177935
v 4.124441 0.970648 -0.538483
v 2.905493 1.162770 0.017225
v 2.921006 1.153342 -0.351313
v 2.935313 1.111795 -0.461758
v 2.930868 1.108963 -0.565102
v 2.926889 1.104539 -0.666357
v 2.911000 1.163118 -0.170863
v 2.913156 1.090054 -0.857893
v 3.748160 1.070286 -0.292105
v 3.736067 1.084477 0.043214
v 3.750456 1.049072 -0.373262
v 3.763853 1.050163 -0.458827
v 3.765874 1.048922 -0.544033
v 3.742149 1.081696 -0.128696
v 2.739100 1.099951 -0.760794
v 2.922441 1.098267 -0.755112
v 3.051255 1.096726 -0.746797
v 3.334912 1.082796 -0.706799
v 3.765965 1.042229 -0.636865
v 3.505070 1.058028 -0.832092
v 3.498908 1.119493 0.035793
v 3.516915 1.103814 -0.310679
v 3.517246 1.077516 -0.404567
v 3.529257 1.078768 -0.495796
v 3.529013 1.077473 -0.586902
v 3.507601 1.116255 -0.141438
v 3.524683 1.069948 -0.677337
v 2.764246 1.129080 -0.184414
v 2.753785 1.125696 -0.351715
v 2.721995 1.119114 -0.557329
v 2.721123 1.096838 -0.814545
v 2.643695 1.104424 -0.811188
v 4.077040 0.977161 -0.631255
v 2.917748 1.093874 -0.810391
v 3.048322 1.091488 -0.804736
v 3.332584 1.077571 -0.775561
v 3.767486 1.035208 -0.716442
v 3.518353 1.064355 -0.752932
v 2.795464 1.135950 -0.361200
v 2.787968 1.150270 0.013547
v 2.791681 1.146608 -0.177317
v 2.801476 1.135760 -0.410496
v 4.231534 0.955443 -0.266421
v 3.318110 1.109322 -0.377684
v 3.036355 1.130578 -0.399550
v 2.927983 1.134299 -0.408260
v 3.749262 1.060184 -0.335358
v 3.517328 1.091389 -0.359838
v 2.776972 1.158345 -0.272775
v 3.030565 1.156398 -0.258314
v 3.313820 1.131302 -0.242195
v 4.252538 0.953632 -0.179317
v 2.810939 1.121370 -0.271811
v 2.915585 1.160153 -0.264736
v 3.745355 1.076818 -0.214628
v 3.512688 1.111070 -0.229952
v 2.760184 1.127479 -0.268567
v 2.793313 1.141213 -0.272757
v 2.763877 1.130470 -0.087799
v 2.806406 1.129734 -0.082236
v 2.775614 1.164952 -0.082168
v 3.024323 1.157833 -0.072219
v 3.307775 1.137145 -0.060923
v 4.286619 0.951555 -0.019123
v 2.908115 1.163198 -0.076836
v 3.739030 1.083656 -0.042745
v 3.502902 1.118493 -0.052842
v 2.790050 1.149096 -0.081878
v 2.798499 1.167609 0.013877
v 2.850569 1.115011 -0.470473
v 2.808060 1.153841 -0.358736
v 2.828739 1.109131 -0.574939
v 2.807729 1.103453 -0.674196
v 2.801098 1.165774 -0.176157
v 2.760329 1.092440 -0.860126
v 2.786767 1.098380 -0.760525
v 2.772634 1.095191 -0.814134
v 2.827706 1.135950 -0.416341
v 2.802688 1.161482 -0.271128
v 2.800076 1.167165 -0.081136
v 4.220070 0.956378 -0.300025
v 2.810371 1.115112 -0.496798
v 2.737113 1.122184 -0.475502
v 3.042886 1.107321 -0.477980
v 3.324522 1.092467 -0.451018
v 2.934184 1.110950 -0.488948
v 3.754668 1.049327 -0.395899
v 3.521121 1.077779 -0.428562
v 2.845027 1.113313 -0.498162
v 2.643708 1.098071 -0.860312
v 2.777351 1.128349 -0.182527
v 2.774049 1.131266 0.013112
v 2.770983 1.122989 -0.356025
v 2.764049 1.121590 -0.437368
v 2.686291 1.106321 -0.756163
v 2.714476 1.111809 -0.666027
v 2.740877 1.116648 -0.562437
v 2.664191 1.102236 -0.812217
v 2.775041 1.125629 -0.269510
v 2.776331 1.130188 -0.086179
v 2.757252 1.120158 -0.481819
v 4.124104 0.985803 -0.257944
v 4.119980 0.980001 -0.301394
v 4.105780 0.982598 -0.387899
v 4.087175 0.985258 -0.470582
v 4.059356 0.986808 -0.562358
v 4.121461 0.983071 -0.283752
v 4.157036 0.988211 0.056386
v 3.991423 0.990491 -0.747546
v 4.143427 0.987811 -0.106208
v 4.026558 0.988187 -0.659075
v 4.133149 0.987055 -0.187613
v 4.152246 0.988098 -0.024848
v 4.116456 0.980625 -0.324277
v 3.902992 1.007212 -0.773259
v 3.878453 1.056677 0.047669
v 3.882096 1.054424 -0.120791
v 3.884984 1.044507 -0.280131
v 3.886871 1.027479 -0.350454
v 3.897902 1.028609 -0.433667
v 3.898635 1.027489 -0.515931
v 3.896247 1.021669 -0.609724
v 3.901306 1.013852 -0.692699
v 3.885784 1.036352 -0.318370
v 3.883624 1.050129 -0.205026
v 3.880449 1.056043 -0.036556
v 3.890343 1.027780 -0.372534
v 3.618655 1.046792 -0.817422
v 3.618922 1.090638 -0.302782
v 3.630882 1.059384 -0.660307
v 3.603660 1.105841 0.039071
v 3.620209 1.066373 -0.391893
v 3.632876 1.067560 -0.480627
v 3.633570 1.066366 -0.569072
v 3.611142 1.102726 -0.135928
v 3.626866 1.053307 -0.737759
v 3.619674 1.079139 -0.349719
v 3.615353 1.097631 -0.223362
v 3.607176 1.104888 -0.048441
v 3.624253 1.066630 -0.415292
v 3.407850 1.128801 0.032944
v 3.424603 1.085140 -0.415146
v 3.438098 1.086265 -0.508301
v 3.439485 1.084654 -0.601458
v 3.415199 1.125897 -0.146269
v 3.423413 1.066109 -0.837277
v 3.422788 1.113657 -0.317720
v 3.435626 1.076524 -0.691310
v 3.431288 1.071190 -0.763881
v 3.423755 1.100254 -0.368546
v 3.419284 1.120932 -0.235819
v 3.411329 1.127933 -0.056673
v 3.428834 1.085364 -0.439605
v 3.203924 1.080126 -0.850147
v 3.176518 1.146732 0.025705
v 3.187769 1.136817 -0.333863
v 3.191493 1.099483 -0.437727
v 3.207085 1.100215 -0.535945
v 3.210922 1.097722 -0.635247
v 3.182260 1.146692 -0.157812
v 3.207898 1.089659 -0.725847
v 3.205606 1.084353 -0.789792
v 3.189455 1.119598 -0.387732
v 3.185132 1.143469 -0.249570
v 3.179389 1.147007 -0.066053
v 3.196220 1.099618 -0.463387
v 2.857801 1.153629 -0.355458
v 2.871580 1.109062 -0.570819
v 2.858842 1.103917 -0.670850
v 2.848724 1.164626 -0.173860
v 2.828981 1.091368 -0.859122
v 2.846614 1.098325 -0.758146
v 2.837365 1.094604 -0.812466
v 2.871187 1.135255 -0.412849
v 2.852108 1.160907 -0.268317
v 2.846701 1.165454 -0.079279
v 2.844594 1.165525 0.015319
v 2.886246 1.113657 -0.466805
v 2.882441 1.112319 -0.494295
v 2.817075 1.119360 -0.367301
v 2.806146 1.135068 0.014116
v 2.811645 1.130474 -0.176924
v 2.823429 1.119747 -0.443852
v 3.319113 1.095702 -0.413893
v 3.038285 1.112072 -0.438466
v 2.933946 1.116407 -0.448367
v 3.749809 1.051285 -0.363448
v 3.516889 1.080284 -0.393248
v 4.229765 0.955443 -0.272032
v 2.814347 1.124519 -0.272445
v 2.808943 1.133521 -0.081402
v 2.846501 1.119390 -0.456905
v 4.120618 0.980560 -0.295636
v 3.886318 1.029236 -0.341866
v 3.619712 1.068918 -0.381146
v 3.424025 1.088161 -0.403406
v 3.190627 1.103519 -0.425187
v 2.883581 1.118134 -0.453292
v 3.995167 1.001485 -0.582779
v 4.035709 1.019084 0.052590
v 3.965180 0.995478 -0.760226
v 4.030731 1.017809 -0.112469
v 3.980388 0.998207 -0.675163
v 4.026360 1.015308 -0.195056
v 4.034312 1.018733 -0.029906
v 4.022521 1.011932 -0.267464
v 4.021422 1.001007 -0.323025
v 4.019989 1.002835 -0.407410
v 4.011240 1.003510 -0.489323
v 4.021608 1.006711 -0.298874
v 4.021414 1.001470 -0.345395
v 4.021461 1.002110 -0.316007
v 2.722620 1.104861 0.698528
v 2.789712 1.116423 0.485269
v 2.757953 1.151162 0.385689
v 2.650893 1.094039 0.880855
v 2.990900 1.087041 0.897015
v 3.275701 1.073462 0.901643
v 2.573086 1.100354 0.867450
v 4.217351 0.955141 0.364429
v 3.010967 1.150119 0.385730
v 3.294351 1.124201 0.384767
v 4.170286 0.959228 0.480721
v 4.207383 0.955544 0.392888
v 3.291398 1.092289 0.485528
v 3.009650 1.107399 0.493368
v 2.754749 1.110627 0.600608
v 4.133011 0.964719 0.563082
v 2.716267 1.123673 0.454480
v 2.653684 1.114680 0.682543
v 2.619509 1.108932 0.772205
v 3.714281 1.028443 0.883639
v 3.982483 0.984704 0.809993
v 2.788766 1.116644 0.394321
v 3.300448 1.093227 0.581625
v 3.015363 1.107305 0.595471
v 3.297604 1.091210 0.677304
v 3.011848 1.104068 0.698145
v 2.764330 1.163102 0.203464
v 3.015611 1.158567 0.206988
v 3.299435 1.135679 0.211020
v 4.260810 0.952079 0.218761
v 2.796984 1.126809 0.205969
v 4.087314 0.970648 0.648054
v 2.897935 1.153342 0.386012
v 2.905308 1.111795 0.497135
v 2.894411 1.108963 0.599999
v 2.884109 1.104539 0.700806
v 2.899230 1.163118 0.205288
v 2.858428 1.090054 0.891109
v 3.727172 1.070286 0.378633
v 3.724390 1.049072 0.459774
v 3.732412 1.050163 0.546009
v 3.729100 1.048922 0.631175
v 3.731390 1.081696 0.215168
v 2.690784 1.099951 0.783318
v 2.874121 1.098267 0.789110
v 3.003203 1.096726 0.788865
v 3.288806 1.082796 0.766679
v 3.723387 1.042229 0.723832
v 3.450798 1.058028 0.902365
v 3.495219 1.103814 0.382714
v 3.489679 1.077516 0.476438
v 3.495963 1.078768 0.568239
v 3.490024 1.077473 0.659152
v 3.496504 1.116255 0.213220
v 3.480048 1.069948 0.749139
v 2.751915 1.129080 0.209638
v 2.731016 1.125696 0.375958
v 2.686432 1.119114 0.579182
v 2.669482 1.096838 0.835840
v 2.592415 1.104424 0.827649
v 4.034205 0.977161 0.737681
v 2.865982 1.093874 0.843987
v 2.996654 1.091488 0.846507
v 3.282183 1.077571 0.835162
v 3.719931 1.035208 0.803348
v 3.469004 1.064355 0.824191
v 2.772020 1.135950 0.388031
v 2.779741 1.146608 0.204271
v 2.774938 1.135760 0.437606
v 4.211206 0.955443 0.383220
v 3.292613 1.109322 0.437158
v 3.010041 1.130578 0.441366
v 2.901338 1.134299 0.443283
v 3.725567 1.060184 0.421870
v 3.492557 1.091389 0.431802
v 2.759093 1.158345 0.298622
v 3.013093 1.156398 0.300044
v 3.296802 1.131302 0.301665
v 4.237615 0.953632 0.297599
v 2.793053 1.121370 0.299784
v 2.897937 1.160153 0.299265
v 3.729217 1.076818 0.301132
v 3.496046 1.111070 0.301880
v 2.742601 1.127479 0.293373
v 2.775402 1.141213 0.299625
v 2.757588 1.130469 0.113189
v 2.800382 1.129734 0.110296
v 2.769654 1.164952 0.108303
v 3.018498 1.157833 0.113922
v 3.302103 1.137145 0.120370
v 4.281644 0.951555 0.139849
v 2.902229 1.163198 0.111265
v 3.733649 1.083656 0.129190
v 3.497352 1.118493 0.124504
v 2.784080 1.149096 0.108916
v 2.820186 1.115011 0.500534
v 2.784746 1.153841 0.386358
v 2.791867 1.109131 0.603431
v 2.764693 1.103453 0.701181
v 2.789212 1.165774 0.203702
v 2.705761 1.092440 0.883783
v 2.738374 1.098380 0.786030
v 2.720917 1.095191 0.838651
v 2.800751 1.135950 0.445079
v 2.784862 1.161482 0.298586
v 2.794133 1.167165 0.108802
v 4.197663 0.956378 0.416041
v 2.778421 1.115112 0.524295
v 2.706638 1.122184 0.498461
v 3.011657 1.107321 0.520050
v 3.294428 1.092467 0.510749
v 2.902482 1.110950 0.524201
v 3.727178 1.049327 0.482630
v 3.492046 1.077779 0.500628
v 2.812923 1.113313 0.527822
v 2.589356 1.098071 0.876678
v 2.765113 1.128349 0.208575
v 2.747910 1.122989 0.381335
v 2.735905 1.121590 0.462085
v 2.638368 1.106321 0.775395
v 2.672133 1.111809 0.687197
v 2.704958 1.116648 0.585460
v 2.612806 1.102236 0.829957
v 2.757370 1.125629 0.295243
v 2.770119 1.130188 0.112350
v 2.726342 1.120158 0.506024
v 4.104516 0.985803 0.368042
v 4.097684 0.980001 0.411150
v 4.078103 0.982598 0.496598
v 4.054366 0.985258 0.577956
v 4.020863 0.986808 0.667813
v 4.100266 0.983071 0.393636
v 3.941485 0.990491 0.848392
v 4.133288 0.987811 0.217811
v 3.982082 0.988187 0.762290
v 4.117941 0.987055 0.298415
v 4.147176 0.988098 0.137162
v 4.092736 0.980625 0.433768
v 3.851620 1.007212 0.868526
v 3.871557 1.054424 0.216027
v 3.864477 1.044507 0.375237
v 3.861964 1.027479 0.445540
v 3.867771 1.028609 0.529280
v 3.863359 1.027489 0.611429
v 3.855112 1.021669 0.704889
v 3.854973 1.013852 0.788018
v 3.862885 1.036352 0.413451
v 3.867815 1.050129 0.300193
v 3.875179 1.056043 0.131854
v 3.864048 1.027780 0.467793
v 3.565078 1.046792 0.894825
v 3.597520 1.090638 0.381209
v 3.587103 1.059384 0.738783
v 3.593233 1.066373 0.470226
v 3.600328 1.067560 0.559578
v 3.595491 1.066366 0.647894
v 3.600186 1.102726 0.214195
v 3.578254 1.053307 0.815832
v 3.595335 1.079139 0.428102
v 3.598923 1.097631 0.301722
v 3.601698 1.104888 0.126631
v 3.595805 1.066630 0.493832
v 3.396556 1.085140 0.481204
v 3.404200 1.086265 0.575021
v 3.399760 1.084654 0.668082
v 3.403981 1.125897 0.212265
v 3.368976 1.066109 0.902435
v 3.400836 1.113657 0.383856
v 3.390291 1.076524 0.757517
v 3.381425 1.071190 0.829675
v 3.398623 1.100254 0.434643
v 3.402458 1.120932 0.301896
v 3.405719 1.127933 0.122603
v 3.399249 1.085364 0.505880
v 3.149112 1.080126 0.901558
v 3.165267 1.136817 0.385274
v 3.162490 1.099483 0.489166
v 3.171911 1.100215 0.588168
v 3.169532 1.097722 0.687515
v 3.170775 1.146692 0.209222
v 3.160849 1.089659 0.777749
v 3.154565 1.084353 0.841425
v 3.163581 1.119598 0.439143
v 3.167904 1.143469 0.300981
v 3.173647 1.147007 0.117464
v 3.165603 1.099618 0.515072
v 2.834594 1.153629 0.386197
v 2.834881 1.109062 0.601997
v 2.815914 1.103917 0.701037
v 2.836889 1.164626 0.204386
v 2.774341 1.091368 0.887074
v 2.798253 1.098325 0.787398
v 2.785626 1.094603 0.841033
v 2.844366 1.135255 0.444313
v 2.834360 1.160907 0.298871
v 2.840783 1.165454 0.109864
v 2.856022 1.113657 0.499104
v 2.850506 1.112319 0.526303
v 2.793208 1.119360 0.395471
v 2.799691 1.130474 0.205126
v 2.794763 1.119747 0.472269
v 3.291350 1.095702 0.473358
v 3.009536 1.112072 0.480326
v 2.904782 1.116407 0.483684
v 3.724358 1.051285 0.449940
v 3.490030 1.080284 0.465119
v 4.209090 0.955443 0.388709
v 2.796415 1.124519 0.300630
v 2.802966 1.133521 0.109623
v 2.816973 1.119390 0.486739
v 4.098681 0.980560 0.405443
v 3.861948 1.029236 0.436934
v 3.593408 1.068918 0.459470
v 3.396713 1.088161 0.469451
v 3.162409 1.103519 0.476598
v 2.854208 1.118134 0.485451
v 3.955523 1.001485 0.684181
v 3.914501 0.995478 0.859406
v 4.020422 1.017809 0.217015
v 3.934997 0.998207 0.775461
v 4.010895 1.015308 0.299167
v 4.029158 1.018733 0.134837
v 4.002538 1.011932 0.371193
v 3.997967 1.001007 0.426577
v 3.991261 1.002835 0.510707
v 3.977408 1.003510 0.591913
v 3.999662 1.006711 0.402485
v 3.996560 1.001470 0.448903
v 3.998444 1.002110 0.419574
v 2.713253 1.095448 -0.837589
v 2.777789 1.155390 -0.319382
v 2.973293 1.088997 -0.856957
v 3.272161 1.076749 -0.846195
v 2.629035 1.099266 -0.859172
v 3.098652 1.151989 0.023269
v 3.358720 1.133224 0.031407
v 2.969996 1.152765 -0.348126
v 3.256298 1.130117 -0.329345
v 3.681231 1.081200 -0.297712
v 3.032243 1.154528 -0.303905
v 3.315306 1.128500 -0.286568
v 4.243478 0.954500 -0.217870
v 4.225782 0.955800 -0.283616
v 3.374465 1.088737 -0.420544
v 3.114082 1.103611 -0.444622
v 2.802303 1.113181 -0.530282
v 4.145678 0.967677 -0.493957
v 2.740683 1.122988 -0.453484
v 2.681157 1.111789 -0.712226
v 2.763060 1.131082 -0.037610
v 2.654988 1.106573 -0.785704
v 2.805018 1.130786 -0.034111
v 3.690332 1.038508 -0.807886
v 2.813734 1.116364 -0.414444
v 2.820231 1.116169 -0.368296
v 2.808876 1.132040 0.014201
v 3.388848 1.089770 -0.514726
v 3.129375 1.104150 -0.544580
v 3.040355 1.107217 -0.459919
v 3.329800 1.092892 -0.480983
v 2.983249 1.108689 -0.559980
v 3.391236 1.087962 -0.609027
v 3.133293 1.101348 -0.646001
v 2.983305 1.104855 -0.662317
v 2.775924 1.164299 -0.129822
v 3.025757 1.158472 -0.118754
v 3.309275 1.136684 -0.106243
v 4.278910 0.951720 -0.059146
v 2.810028 1.124325 -0.225041
v 2.814667 1.127306 -0.176984
v 3.365233 1.130690 -0.148831
v 3.104433 1.153100 -0.161566
v 2.961576 1.161671 -0.168437
v 4.101218 0.973749 -0.585296
v 2.955812 1.160408 0.018799
v 2.885674 1.153507 -0.353624
v 2.978925 1.110084 -0.457322
v 2.896192 1.109022 -0.568449
v 2.887871 1.104180 -0.668945
v 2.875632 1.163976 -0.172563
v 2.918141 1.157919 -0.310746
v 2.935018 1.111384 -0.470422
v 2.909398 1.163428 -0.123864
v 2.867068 1.090773 -0.858566
v 2.915438 1.091967 -0.834138
v 3.053065 1.100505 -0.704990
v 3.336761 1.087220 -0.664317
v 3.746917 1.073899 -0.256536
v 3.759457 1.049767 -0.423009
v 3.740581 1.082949 -0.085723
v 3.765742 1.045992 -0.591177
v 2.751663 1.102190 -0.721187
v 2.924720 1.101368 -0.714498
v 3.049673 1.093809 -0.778626
v 3.333590 1.079722 -0.742811
v 3.766773 1.038621 -0.677748
v 3.696450 1.051491 -0.649280
v 3.275843 1.086062 -0.715692
v 2.980192 1.098053 -0.752387
v 2.880123 1.098296 -0.756812
v 3.462825 1.062232 -0.835425
v 3.547913 1.113545 0.037326
v 3.470445 1.108835 -0.314181
v 3.565660 1.072650 -0.398822
v 3.577823 1.073884 -0.488903
v 3.577815 1.072661 -0.578771
v 3.556223 1.110326 -0.138871
v 3.479959 1.073458 -0.684375
v 3.512368 1.061358 -0.791785
v 3.526996 1.073987 -0.633702
v 3.500676 1.119181 -0.008532
v 3.525500 1.078273 -0.457318
v 3.510108 1.113939 -0.185702
v 2.762629 1.128299 -0.227639
v 2.748772 1.124631 -0.395119
v 2.759117 1.124856 -0.353051
v 2.750198 1.123028 -0.432978
v 2.673167 1.108122 -0.754780
v 2.727849 1.118350 -0.558913
v 2.729274 1.098248 -0.790544
v 2.633259 1.102202 -0.834644
v 4.053043 0.980959 -0.672529
v 2.920098 1.095849 -0.785679
v 3.047025 1.089265 -0.830063
v 3.331478 1.075531 -0.808647
v 3.767428 1.031826 -0.756207
v 3.522157 1.066928 -0.715977
v 3.474288 1.068017 -0.758611
v 2.873405 1.094276 -0.811537
v 2.976671 1.093193 -0.808580
v 3.273713 1.080816 -0.782272
v 3.694694 1.045075 -0.727795
v 2.826902 1.116562 -0.451118
v 4.232966 0.955405 -0.261454
v 3.319382 1.092987 -0.421492
v 3.038726 1.108380 -0.446628
v 2.935118 1.112825 -0.456777
v 3.749982 1.049513 -0.369393
v 3.516860 1.078073 -0.400275
v 2.784393 1.145018 -0.358943
v 2.777905 1.159176 0.013232
v 2.780590 1.156075 -0.177517
v 2.790866 1.148125 -0.129598
v 2.794193 1.138260 -0.319602
v 2.789485 1.144577 -0.389211
v 4.230521 0.955443 -0.269635
v 3.317457 1.117434 -0.354516
v 3.035149 1.141514 -0.374741
v 2.924374 1.144892 -0.382733
v 3.748873 1.065532 -0.317058
v 3.517478 1.098039 -0.338359
v 3.373052 1.104690 -0.373050
v 2.895745 1.134857 -0.410873
v 2.974347 1.133237 -0.404493
v 3.111917 1.125572 -0.393681
v 3.565564 1.086005 -0.355200
v 2.797476 1.135015 -0.392541
v 2.776603 1.160995 -0.225126
v 3.028877 1.157755 -0.211802
v 3.312297 1.133763 -0.196879
v 4.261870 0.952759 -0.139243
v 2.811810 1.118505 -0.318675
v 2.913133 1.161906 -0.217814
v 3.743744 1.079530 -0.171664
v 3.515160 1.107942 -0.273228
v 2.757447 1.126635 -0.309371
v 2.792497 1.144183 -0.225037
v 2.817454 1.121322 -0.272314
v 2.764790 1.126905 -0.268859
v 3.561037 1.105156 -0.226880
v 2.879886 1.160583 -0.266742
v 2.965644 1.159245 -0.261946
v 2.781616 1.151017 -0.272902
v 3.368695 1.125959 -0.238922
v 3.107374 1.150569 -0.253979
v 2.764478 1.129795 -0.137336
v 2.807762 1.128507 -0.130265
v 2.775208 1.165467 -0.034516
v 3.022897 1.157164 -0.025683
v 3.306284 1.137483 -0.015602
v 4.293514 0.951433 0.020875
v 2.906864 1.162903 -0.029804
v 3.737497 1.084220 0.000233
v 3.505215 1.117651 -0.097147
v 2.789178 1.149903 -0.034160
v 2.767738 1.130382 -0.087296
v 3.551755 1.112552 -0.050790
v 2.873100 1.164486 -0.078228
v 3.101538 1.152724 -0.069149
v 3.361879 1.132502 -0.058717
v 2.779574 1.158226 -0.082132
v 2.811799 1.130432 -0.081427
v 2.958595 1.161203 -0.074831
v 2.820323 1.166622 0.014560
v 2.867461 1.114370 -0.468736
v 2.800534 1.166741 -0.128652
v 2.804010 1.158646 -0.317688
v 2.850166 1.116061 -0.465414
v 2.766477 1.093817 -0.837129
v 2.779028 1.096620 -0.790190
v 2.816624 1.145787 -0.390522
v 2.796693 1.100710 -0.721046
v 2.799549 1.167470 -0.033621
v 2.801840 1.163900 -0.223647
v 2.849033 1.114350 -0.479293
v 4.210034 0.957458 -0.328778
v 2.815200 1.116185 -0.476497
v 2.731094 1.120860 -0.510787
v 3.047092 1.107491 -0.509815
v 3.321338 1.092228 -0.433990
v 2.932714 1.110202 -0.521499
v 3.751750 1.049074 -0.380430
v 3.518429 1.077502 -0.412195
v 2.837946 1.111534 -0.531218
v 2.862742 1.112842 -0.496331
v 2.743357 1.121556 -0.477461
v 3.378909 1.088937 -0.445250
v 2.980317 1.109643 -0.484214
v 3.569576 1.072913 -0.422543
v 3.118707 1.103703 -0.470699
v 3.815618 1.058392 -0.286295
v 3.818019 1.039024 -0.362582
v 3.831286 1.040072 -0.446629
v 3.833524 1.038743 -0.530144
v 4.029387 0.993830 -0.572313
v 3.816731 1.049140 -0.327293
v 3.822152 1.039289 -0.384856
v 4.223666 0.970636 0.058471
v 4.008703 0.987902 -0.731561
v 4.204597 0.970758 -0.102830
v 4.050848 0.982882 -0.646336
v 4.190581 0.971091 -0.183621
v 4.216729 0.970661 -0.022098
v 4.166463 0.969019 -0.312650
v 2.768308 1.128854 -0.183829
v 2.765617 1.131331 0.012848
v 2.701571 1.113790 -0.663618
v 2.650050 1.103746 -0.811507
v 2.761149 1.121044 -0.460047
v 2.775346 1.130929 -0.036590
v 2.776507 1.127072 -0.226882
v 2.653950 1.100203 -0.836264
v 2.750566 1.118644 -0.516586
v 2.699920 1.108987 -0.714921
v 2.674635 1.104162 -0.787175
v 2.767562 1.122161 -0.400699
v 2.773355 1.124196 -0.312080
v 2.777154 1.129351 -0.135277
v 2.779087 1.107760 -0.623879
v 3.337734 1.093013 -0.568101
v 2.928924 1.107100 -0.614988
v 3.765711 1.050138 -0.499533
v 3.530189 1.078850 -0.539993
v 2.818545 1.106349 -0.624084
v 4.181685 0.961772 -0.407818
v 3.053739 1.106302 -0.603352
v 2.709844 1.117100 -0.609451
v 2.728524 1.114373 -0.613768
v 4.178240 0.971143 -0.252817
v 4.172213 0.968297 -0.289383
v 4.149863 0.971402 -0.377491
v 4.124940 0.975386 -0.461002
v 4.091078 0.979020 -0.550938
v 4.174508 0.969855 -0.275442
v 4.098280 1.003359 0.054548
v 3.978885 0.992681 -0.755718
v 4.089079 1.002522 -0.109221
v 4.004709 0.992950 -0.668006
v 4.081818 1.000879 -0.191188
v 4.095222 1.003128 -0.027289
v 4.097608 0.983977 -0.427917
v 4.156014 0.988176 0.015812
v 4.120397 0.980068 -0.298352
v 4.138425 0.987477 -0.146906
v 4.122179 0.984565 -0.275072
v 4.128027 0.986571 -0.226936
v 4.147974 0.987998 -0.065524
v 4.112080 0.981443 -0.351897
v 4.009146 0.989250 -0.704225
v 4.043367 0.987417 -0.611066
v 4.074211 0.986161 -0.515398
v 4.118895 0.980171 -0.308499
v 3.841472 1.017315 -0.784555
v 3.804937 1.071897 0.045369
v 3.810397 1.069327 -0.124845
v 3.956766 1.028082 -0.273569
v 3.957320 1.014070 -0.336523
v 3.962791 1.015500 -0.420014
v 3.959338 1.015150 -0.501839
v 3.833738 1.032196 -0.623611
v 3.839103 1.024334 -0.704258
v 3.956798 1.021370 -0.308399
v 3.813170 1.064614 -0.209941
v 3.807651 1.071157 -0.039740
v 3.959229 1.014444 -0.358675
v 3.887938 1.027511 -0.357412
v 3.881284 1.055484 -0.078673
v 3.884356 1.047565 -0.246002
v 3.885438 1.040637 -0.302806
v 3.902696 1.010390 -0.732871
v 3.898401 1.017746 -0.652444
v 3.896872 1.025090 -0.562971
v 3.882871 1.052527 -0.162908
v 3.899302 1.028534 -0.472728
v 3.894288 1.028235 -0.398996
v 3.886477 1.027822 -0.346886
v 3.879570 1.056479 0.005560
v 3.556585 1.053109 -0.825829
v 3.565057 1.098001 -0.307009
v 3.574009 1.065431 -0.669523
v 3.667760 1.095936 0.041077
v 3.683124 1.058338 -0.383198
v 3.696221 1.059480 -0.470395
v 3.697630 1.058292 -0.557279
v 3.674451 1.092974 -0.132464
v 3.568343 1.059621 -0.746093
v 3.682196 1.070345 -0.342970
v 3.678092 1.087979 -0.219193
v 3.670964 1.095043 -0.045702
v 3.687275 1.058592 -0.406228
v 3.621447 1.066365 -0.399322
v 3.605273 1.105543 -0.004690
v 3.613225 1.100453 -0.179650
v 3.619563 1.085268 -0.329428
v 3.623154 1.050155 -0.777003
v 3.617403 1.094571 -0.266073
v 3.609136 1.104082 -0.092189
v 3.629269 1.056192 -0.699968
v 3.632327 1.063206 -0.615878
v 3.634192 1.067620 -0.523284
v 3.628832 1.067101 -0.443320
v 3.619780 1.066884 -0.387768
v 3.453465 1.124378 0.034371
v 3.471302 1.081521 -0.409887
v 3.483863 1.082728 -0.502100
v 3.484211 1.081297 -0.594251
v 3.461709 1.121243 -0.143847
v 3.380119 1.069889 -0.839374
v 3.371749 1.118742 -0.321422
v 3.387767 1.079618 -0.698723
v 3.384657 1.074361 -0.769463
v 3.471055 1.095958 -0.364195
v 3.466459 1.116127 -0.232871
v 3.457287 1.123418 -0.054755
v 3.475308 1.081769 -0.434119
v 3.425900 1.085106 -0.422929
v 3.409463 1.128530 -0.011869
v 3.417222 1.123690 -0.191048
v 3.423511 1.107479 -0.346193
v 3.424142 1.085752 -0.410728
v 3.427714 1.068742 -0.800081
v 3.439926 1.086242 -0.553668
v 3.433653 1.085827 -0.468926
v 3.437749 1.080836 -0.648321
v 3.433695 1.073487 -0.728778
v 3.413244 1.127190 -0.101475
v 3.421274 1.117886 -0.279634
v 3.125687 1.083826 -0.853281
v 3.245043 1.142014 0.027849
v 3.110102 1.144188 -0.338965
v 3.259936 1.095766 -0.431619
v 3.275334 1.096606 -0.528291
v 3.278909 1.094365 -0.625617
v 3.250783 1.140895 -0.154499
v 3.130300 1.093594 -0.737127
v 3.127738 1.088241 -0.797915
v 3.257948 1.114184 -0.382463
v 3.253662 1.137025 -0.245673
v 3.247909 1.141857 -0.063325
v 3.264620 1.095922 -0.456915
v 3.192949 1.099387 -0.445900
v 3.177953 1.146818 -0.020174
v 3.183696 1.145353 -0.203691
v 3.188706 1.129131 -0.363807
v 3.204757 1.082240 -0.819705
v 3.206549 1.086602 -0.759958
v 3.209730 1.093869 -0.683599
v 3.180825 1.147121 -0.111933
v 3.210224 1.099710 -0.584509
v 3.201657 1.100019 -0.494199
v 3.190932 1.100314 -0.433046
v 3.186538 1.141156 -0.294516
v 2.831611 1.153741 -0.357184
v 2.849023 1.109099 -0.572988
v 2.831929 1.103673 -0.672612
v 2.823648 1.165230 -0.175069
v 2.792834 1.091932 -0.859651
v 2.815103 1.098354 -0.759399
v 2.803282 1.094913 -0.813345
v 2.848293 1.135621 -0.414688
v 2.826087 1.161210 -0.269797
v 2.822152 1.166355 -0.080256
v 2.870715 1.164344 0.016136
v 2.906705 1.112881 -0.464701
v 2.903932 1.111748 -0.492074
v 2.885187 1.113101 -0.475563
v 2.877627 1.110973 -0.527149
v 2.847586 1.165311 -0.126581
v 2.854216 1.158332 -0.314620
v 2.885996 1.114699 -0.461773
v 2.833162 1.092988 -0.835791
v 2.841698 1.096275 -0.788189
v 2.863825 1.145410 -0.387113
v 2.865251 1.106670 -0.620248
v 2.852464 1.100989 -0.718209
v 2.845807 1.165503 -0.031975
v 2.850289 1.163038 -0.221100
v 2.807683 1.126565 -0.364553
v 2.798379 1.141563 0.013873
v 2.803116 1.137368 -0.177092
v 2.813890 1.126705 -0.429459
v 3.318684 1.101521 -0.398423
v 3.037460 1.119979 -0.421839
v 2.931398 1.124051 -0.431231
v 3.749575 1.055087 -0.351447
v 3.517077 1.085029 -0.378974
v 4.229287 0.955456 -0.273510
v 2.805360 1.131652 -0.272578
v 2.800871 1.140176 -0.081605
v 2.838471 1.126465 -0.439574
v 4.120978 0.981633 -0.290559
v 3.886089 1.032277 -0.331828
v 3.619695 1.073286 -0.367719
v 3.423909 1.093328 -0.388512
v 3.190126 1.110389 -0.409185
v 2.878286 1.125449 -0.436013
v 2.864058 1.118795 -0.455194
v 3.113200 1.108023 -0.431852
v 3.373753 1.091929 -0.408601
v 3.565263 1.075314 -0.387753
v 3.817361 1.041035 -0.353330
v 2.807580 1.134585 -0.033642
v 2.812996 1.127769 -0.224685
v 2.818923 1.119186 -0.411693
v 2.977869 1.114787 -0.444094
v 2.904766 1.117414 -0.451225
v 2.815701 1.121369 -0.320123
v 3.470866 1.084404 -0.398352
v 3.957031 1.015503 -0.328726
v 2.810294 1.132271 -0.129163
v 3.259084 1.099459 -0.419284
v 3.682537 1.060731 -0.372880
v 4.173229 0.968541 -0.284333
v 2.781846 1.167986 0.013356
v 2.836306 1.115571 -0.470226
v 2.790018 1.153569 -0.359830
v 2.811430 1.109339 -0.576094
v 2.787360 1.103492 -0.675182
v 2.783923 1.165779 -0.177001
v 2.733181 1.092957 -0.860485
v 2.763128 1.098593 -0.761261
v 2.747072 1.095572 -0.814679
v 2.811582 1.136132 -0.416641
v 2.784875 1.161260 -0.272164
v 2.783244 1.167394 -0.081813
v 2.829642 1.113832 -0.499134
v 2.832663 1.119806 -0.456341
v 2.793690 1.127466 -0.180171
v 2.789286 1.131177 0.013588
v 2.738536 1.108228 -0.670346
v 2.690674 1.099494 -0.813480
v 2.672461 1.096049 -0.860518
v 2.792431 1.119637 -0.361398
v 2.789794 1.118977 -0.445784
v 2.710865 1.103058 -0.758636
v 2.765049 1.113564 -0.568763
v 2.793566 1.123349 -0.270688
v 2.791859 1.129865 -0.084155
v 2.782922 1.117613 -0.489659
v 3.950714 1.011044 -0.595606
v 3.959159 1.037911 0.050195
v 3.942606 1.000026 -0.765389
v 3.958899 1.036127 -0.116480
v 3.947578 1.005078 -0.683070
v 3.957757 1.032656 -0.199847
v 3.959619 1.037416 -0.033125
v 4.075431 0.998555 -0.262522
v 4.072850 0.990228 -0.311911
v 4.065192 0.992424 -0.397251
v 4.051647 0.994049 -0.479433
v 4.073670 0.994594 -0.291078
v 4.071122 0.990769 -0.334513
v 4.073182 0.991055 -0.305538
v 4.024167 1.013800 -0.235080
v 4.021523 1.004076 -0.308687
v 4.003527 1.002802 -0.535300
v 4.021231 1.002101 -0.372302
v 4.028620 1.016706 -0.153760
v 4.021431 1.001200 -0.319761
v 3.972901 0.996771 -0.718338
v 3.987586 0.999854 -0.629784
v 4.035756 1.018974 0.011365
v 4.032596 1.018419 -0.071185
v 4.016775 1.003426 -0.446632
v 4.021790 1.009475 -0.287085
v 4.021419 1.001109 -0.330018
v 2.660187 1.095448 0.858347
v 2.756994 1.155390 0.345189
v 2.918507 1.088997 0.893935
v 3.217463 1.076749 0.901880
v 2.574783 1.099266 0.874623
v 2.947028 1.152765 0.385894
v 3.233945 1.130117 0.385049
v 3.660024 1.081200 0.380044
v 3.011918 1.154528 0.345650
v 3.295511 1.128500 0.346045
v 4.226162 0.954500 0.335510
v 4.204391 0.955800 0.400022
v 3.346179 1.088737 0.483457
v 3.084800 1.103611 0.491209
v 2.768275 1.113181 0.557209
v 4.111293 0.967677 0.604943
v 2.711577 1.122988 0.476708
v 2.635990 1.111789 0.731222
v 2.759911 1.131082 0.063047
v 2.605279 1.106573 0.802922
v 2.802005 1.130786 0.062179
v 3.637211 1.038508 0.889789
v 2.786926 1.116364 0.442312
v 2.796295 1.116169 0.396661
v 3.354645 1.089770 0.578354
v 3.093813 1.104150 0.591927
v 3.010260 1.107217 0.501866
v 3.297822 1.092892 0.540986
v 2.947010 1.108689 0.598162
v 3.351132 1.087962 0.672620
v 3.091382 1.101348 0.693395
v 2.940668 1.104855 0.700302
v 2.766984 1.164299 0.155883
v 3.017020 1.158472 0.160457
v 3.300766 1.136684 0.165695
v 4.271449 0.951720 0.179312
v 2.795069 1.124325 0.253048
v 2.802703 1.127306 0.205375
v 3.353952 1.130690 0.211699
v 3.092866 1.153100 0.208104
v 2.949859 1.161671 0.206030
v 4.061209 0.973749 0.693323
v 2.862527 1.153507 0.386109
v 2.949112 1.110084 0.495435
v 2.859594 1.109022 0.601172
v 2.845006 1.104180 0.700950
v 2.863825 1.163976 0.204774
v 2.897612 1.157919 0.345345
v 2.904473 1.111384 0.505764
v 2.900569 1.163428 0.158281
v 2.812388 1.090773 0.888900
v 2.862191 1.091967 0.867544
v 3.007623 1.100505 0.747252
v 3.293307 1.087220 0.724395
v 3.728155 1.073899 0.343055
v 3.730263 1.049767 0.509987
v 3.732511 1.082949 0.172180
v 3.726022 1.045992 0.678219
v 2.705798 1.102190 0.744575
v 2.878935 1.101368 0.748718
v 2.999634 1.093809 0.820533
v 3.285235 1.079722 0.802538
v 3.721639 1.038621 0.764685
v 3.653234 1.051491 0.731876
v 3.229296 1.086062 0.771862
v 2.931930 1.098053 0.790001
v 2.831779 1.098296 0.788161
v 3.408427 1.062232 0.903050
v 3.448620 1.108835 0.383304
v 3.538357 1.072650 0.473731
v 3.544865 1.073884 0.564396
v 3.539237 1.072661 0.654088
v 3.545192 1.110326 0.213699
v 3.434972 1.073458 0.753368
v 3.460601 1.061358 0.862594
v 3.485085 1.073987 0.705734
v 3.497902 1.119181 0.080142
v 3.494619 1.078273 0.529602
v 3.496239 1.113939 0.257555
v 2.747600 1.128299 0.252677
v 2.723299 1.124631 0.418964
v 2.736254 1.124856 0.377625
v 2.722355 1.123028 0.456838
v 2.625356 1.108122 0.773194
v 2.692176 1.118350 0.581129
v 2.679117 1.098249 0.812396
v 2.580533 1.102202 0.850406
v 4.007675 0.980959 0.777374
v 2.869872 1.095849 0.819471
v 2.993776 1.089265 0.871704
v 3.279011 1.075531 0.868113
v 3.717387 1.031826 0.843031
v 3.475111 1.066928 0.787546
v 3.424670 1.068018 0.827104
v 2.821653 1.094276 0.842359
v 2.924902 1.093193 0.845864
v 3.223008 1.080816 0.838179
v 3.646571 1.045075 0.810128
v 2.797775 1.116562 0.479738
v 4.212946 0.955405 0.378351
v 3.291144 1.092987 0.480959
v 3.009465 1.108380 0.488500
v 2.905426 1.112825 0.492151
v 3.724159 1.049513 0.455884
v 3.489562 1.078073 0.472130
v 2.761112 1.145018 0.385085
v 2.768659 1.156075 0.203777
v 2.781911 1.148125 0.156593
v 2.773352 1.138260 0.346434
v 2.764302 1.144577 0.415613
v 4.209994 0.955443 0.386364
v 3.293410 1.117434 0.413994
v 3.010389 1.141514 0.416530
v 2.899331 1.144892 0.417581
v 3.726323 1.065532 0.403582
v 3.494050 1.098039 0.410374
v 3.347737 1.104690 0.435968
v 2.868999 1.134857 0.443876
v 2.947846 1.133237 0.442422
v 3.085823 1.125572 0.440232
v 3.540988 1.086005 0.430189
v 2.772069 1.135015 0.419436
v 2.761703 1.160995 0.251043
v 3.014318 1.157755 0.253517
v 3.298116 1.133763 0.256343
v 4.249434 0.952759 0.258187
v 2.790993 1.118505 0.346610
v 2.898423 1.161906 0.252281
v 3.730295 1.079530 0.258151
v 3.495808 1.107942 0.345226
v 2.737318 1.126635 0.333925
v 2.777572 1.144183 0.251948
v 2.799524 1.121322 0.300693
v 2.747179 1.126905 0.293953
v 3.544493 1.105156 0.301836
v 2.862182 1.160583 0.299035
v 2.948072 1.159245 0.299611
v 2.763719 1.151017 0.299039
v 3.351775 1.125959 0.301829
v 3.090024 1.150569 0.300519
v 2.755091 1.129795 0.162667
v 2.798733 1.128507 0.158316
v 2.772228 1.165467 0.060719
v 3.019985 1.157164 0.067388
v 3.303447 1.137483 0.075044
v 4.291027 0.951433 0.100361
v 2.903921 1.162903 0.064247
v 3.734808 1.084220 0.086200
v 3.496892 1.117651 0.168868
v 2.786193 1.149903 0.061237
v 2.761473 1.130382 0.112930
v 3.546238 1.112552 0.125510
v 2.867196 1.164486 0.110466
v 3.095755 1.152724 0.115686
v 3.356238 1.132502 0.121552
v 2.773609 1.158226 0.108515
v 2.805815 1.130432 0.109826
v 2.952736 1.161203 0.112419
v 2.837153 1.114370 0.499857
v 2.791619 1.166741 0.156253
v 2.783270 1.158646 0.345137
v 2.820100 1.116061 0.495460
v 2.713335 1.093817 0.861216
v 2.728796 1.096620 0.815154
v 2.791305 1.145787 0.418617
v 2.750749 1.100710 0.747249
v 2.796577 1.167470 0.061347
v 2.786984 1.163900 0.251145
v 2.818101 1.114350 0.509242
v 4.185850 0.957458 0.444111
v 2.784508 1.116185 0.504335
v 2.698424 1.120860 0.533300
v 3.013864 1.107491 0.552085
v 3.292314 1.092228 0.493555
v 2.898980 1.110202 0.556597
v 3.725233 1.049074 0.467010
v 3.490382 1.077502 0.484126
v 2.803790 1.111534 0.560371
v 2.830718 1.112842 0.527103
v 2.712746 1.121556 0.500806
v 3.349070 1.088937 0.508392
v 2.948821 1.109643 0.522360
v 3.540782 1.072913 0.497651
v 3.087785 1.103703 0.517524
v 3.794862 1.058392 0.377052
v 3.792488 1.039024 0.453339
v 3.800475 1.040072 0.538051
v 3.797487 1.038743 0.621544
v 3.990330 0.993830 0.675875
v 3.793409 1.049140 0.418039
v 3.795221 1.039289 0.475829
v 3.959731 0.987902 0.833519
v 4.194550 0.970758 0.218265
v 4.007122 0.982882 0.751095
v 4.175510 0.971091 0.298021
v 4.211706 0.970661 0.138449
v 4.143373 0.969019 0.425290
v 2.756007 1.128854 0.209309
v 2.659404 1.113790 0.683986
v 2.598737 1.103746 0.828365
v 2.731593 1.121044 0.484538
v 2.772236 1.130929 0.062797
v 2.761498 1.127072 0.252789
v 2.601081 1.100203 0.853318
v 2.717495 1.118644 0.540305
v 2.654548 1.108987 0.735086
v 2.624795 1.104162 0.805618
v 2.741703 1.122161 0.425707
v 2.753026 1.124196 0.337624
v 2.767871 1.129351 0.161404
v 2.739253 1.107760 0.649171
v 3.300294 1.093013 0.628429
v 2.889352 1.107100 0.649666
v 3.731721 1.050138 0.586752
v 3.494130 1.078850 0.612409
v 2.778620 1.106349 0.651843
v 4.152616 0.961772 0.521223
v 3.014650 1.106302 0.645855
v 2.671047 1.117100 0.630443
v 2.689421 1.114373 0.635919
v 4.158868 0.971143 0.366310
v 4.150565 0.968297 0.402428
v 4.122751 0.971402 0.488967
v 4.092655 0.975386 0.570756
v 4.053237 0.979020 0.658398
v 4.153728 0.969855 0.388657
v 3.928461 0.992681 0.855764
v 4.078858 1.002522 0.217421
v 3.959718 0.992950 0.769838
v 4.066486 1.000879 0.298773
v 4.090112 1.003128 0.136033
v 4.067446 0.983977 0.536027
v 4.153480 0.988176 0.096817
v 4.098290 0.980068 0.408140
v 4.125751 0.987477 0.258117
v 4.101524 0.984565 0.385017
v 4.110371 0.986571 0.337340
v 4.140369 0.987998 0.177491
v 4.086642 0.981443 0.461060
v 3.961882 0.989250 0.806263
v 4.001861 0.987417 0.715426
v 4.038625 0.986161 0.621874
v 4.096157 0.980171 0.418173
v 3.789513 1.017315 0.875954
v 3.799745 1.069327 0.215591
v 3.936528 1.028082 0.373175
v 3.933146 1.014070 0.436041
v 3.933386 1.015500 0.519711
v 3.924825 1.015150 0.601160
v 3.791857 1.032196 0.714841
v 3.792170 1.024334 0.795665
v 3.934383 1.021370 0.407939
v 3.797192 1.064614 0.300695
v 3.802325 1.071157 0.130480
v 3.933667 1.014444 0.458268
v 3.862594 1.027511 0.452551
v 3.873379 1.055484 0.173942
v 3.865984 1.047565 0.341135
v 3.863513 1.040637 0.397895
v 3.853850 1.010390 0.828198
v 3.854590 1.017746 0.747660
v 3.858658 1.025090 0.658267
v 3.869697 1.052527 0.258111
v 3.866726 1.028534 0.568351
v 3.866332 1.028235 0.494451
v 3.861793 1.027822 0.441954
v 3.876936 1.056479 0.089766
v 3.502603 1.053109 0.899336
v 3.543496 1.098001 0.382060
v 3.529766 1.065431 0.744425
v 3.656569 1.058338 0.465482
v 3.664188 1.059480 0.553327
v 3.660162 1.058292 0.640129
v 3.663588 1.092974 0.214695
v 3.519323 1.059621 0.820490
v 3.658157 1.070345 0.425274
v 3.661801 1.087979 0.301483
v 3.665532 1.095043 0.127885
v 3.659271 1.058592 0.488726
v 3.594004 1.066365 0.477718
v 3.602534 1.105543 0.082846
v 3.599531 1.100453 0.257962
v 3.596493 1.085268 0.407843
v 3.572095 1.050155 0.854766
v 3.598298 1.094571 0.344477
v 3.600919 1.104082 0.170416
v 3.583014 1.056192 0.778265
v 3.591323 1.063206 0.694531
v 3.598974 1.067620 0.602234
v 3.598624 1.067101 0.522092
v 3.593063 1.066884 0.466083
v 3.443492 1.081521 0.478875
v 3.450264 1.082728 0.571693
v 3.444849 1.081297 0.663686
v 3.450550 1.121243 0.212756
v 3.325636 1.069889 0.901821
v 3.349664 1.118742 0.384359
v 3.342062 1.079618 0.761924
v 3.334536 1.074361 0.832331
v 3.446102 1.095958 0.433257
v 3.449725 1.116127 0.301903
v 3.451708 1.123418 0.123562
v 3.445975 1.081769 0.503310
v 3.397364 1.085106 0.489053
v 3.406658 1.128530 0.077770
v 3.403199 1.123690 0.257084
v 3.399777 1.107479 0.412318
v 3.396372 1.085752 0.476767
v 3.375594 1.068742 0.865581
v 3.403188 1.086242 0.620414
v 3.402226 1.085827 0.535446
v 3.395098 1.080836 0.714745
v 3.386022 1.073487 0.794791
v 3.404830 1.127190 0.167437
v 3.401705 1.117886 0.345749
v 3.070833 1.083826 0.899794
v 3.087434 1.144188 0.385510
v 3.231181 1.095766 0.487350
v 3.240505 1.096606 0.584796
v 3.237988 1.094365 0.682155
v 3.239372 1.140895 0.210200
v 3.082698 1.093594 0.784156
v 3.076341 1.088241 0.844664
v 3.232270 1.114184 0.438166
v 3.236544 1.137025 0.301375
v 3.242203 1.141858 0.119025
v 3.234274 1.095922 0.512890
v 3.163433 1.099387 0.497415
v 3.175083 1.146818 0.071584
v 3.169340 1.145352 0.255101
v 3.164330 1.129131 0.415218
v 3.151846 1.082240 0.871228
v 3.157370 1.086602 0.811709
v 3.165320 1.093869 0.735698
v 3.172211 1.147121 0.163343
v 3.172008 1.099710 0.636833
v 3.169104 1.100019 0.546164
v 3.162222 1.100314 0.484460
v 3.166498 1.141156 0.345927
v 2.808347 1.153741 0.386282
v 2.812233 1.109099 0.602752
v 2.788945 1.103673 0.701113
v 2.811786 1.165230 0.204026
v 2.738232 1.091932 0.885341
v 2.766725 1.098354 0.786678
v 2.751555 1.094913 0.839779
v 2.821402 1.135621 0.444716
v 2.808298 1.161210 0.298721
v 2.816221 1.166355 0.109305
v 2.876573 1.112881 0.498283
v 2.872094 1.111748 0.525430
v 2.854418 1.113101 0.507779
v 2.843647 1.110973 0.558791
v 2.838708 1.165311 0.157129
v 2.833569 1.158332 0.345215
v 2.856087 1.114699 0.494067
v 2.779973 1.092988 0.864050
v 2.791469 1.096275 0.817075
v 2.838627 1.145410 0.418166
v 2.825474 1.106670 0.650935
v 2.806588 1.100989 0.747905
v 2.842848 1.165503 0.062597
v 2.835496 1.163038 0.251632
v 2.784005 1.126565 0.392140
v 2.791167 1.137368 0.204761
v 2.786143 1.126706 0.457308
v 3.291889 1.101521 0.457892
v 3.009752 1.119979 0.463681
v 2.903310 1.124051 0.466423
v 3.724875 1.055087 0.437947
v 3.491110 1.085029 0.450885
v 4.208521 0.955456 0.390154
v 2.787438 1.131652 0.300201
v 2.794897 1.140176 0.109321
v 2.810043 1.126465 0.468940
v 4.099358 0.981633 0.400398
v 3.862348 1.032277 0.426901
v 3.594232 1.073286 0.446068
v 3.397529 1.093328 0.454579
v 3.162910 1.110389 0.460595
v 2.850003 1.125449 0.467875
v 2.834603 1.118795 0.486129
v 3.084718 1.108023 0.478409
v 3.346214 1.091929 0.471492
v 3.538653 1.075314 0.462659
v 3.792410 1.041035 0.444064
v 2.804591 1.134585 0.061870
v 2.798053 1.127769 0.252878
v 2.792277 1.119186 0.439891
v 2.948885 1.114787 0.482166
v 2.875480 1.117414 0.484713
v 2.794785 1.121369 0.348299
v 3.443778 1.084404 0.467336
v 3.933345 1.015503 0.428240
v 2.801328 1.132270 0.157374
v 3.231102 1.099459 0.474986
v 3.656628 1.060731 0.455146
v 4.151896 0.968541 0.397451
v 2.805965 1.115571 0.499396
v 2.766670 1.153569 0.386322
v 2.774520 1.109339 0.603501
v 2.744302 1.103492 0.700892
v 2.772018 1.165779 0.203470
v 2.678643 1.092957 0.882445
v 2.714736 1.098593 0.785287
v 2.695371 1.095572 0.837596
v 2.784641 1.136132 0.444371
v 2.767018 1.161260 0.298506
v 2.777292 1.167394 0.108426
v 2.797508 1.113832 0.527831
v 2.803198 1.119806 0.485311
v 2.781568 1.127466 0.207244
v 2.695876 1.108228 0.693012
v 2.639159 1.099494 0.832874
v 2.618040 1.096049 0.878682
v 2.768981 1.119637 0.388038
v 2.761073 1.118977 0.472094
v 2.662739 1.103058 0.779400
v 2.728688 1.113564 0.593285
v 2.775784 1.123349 0.297577
v 2.785743 1.129865 0.111301
v 2.751471 1.117613 0.515454
v 3.910355 1.011044 0.694204
v 3.891648 1.000026 0.863148
v 3.948480 1.036127 0.216527
v 3.901757 1.005078 0.781301
v 3.942127 1.032656 0.299659
v 3.954409 1.037416 0.133379
v 4.055653 0.998555 0.369569
v 4.049989 0.990228 0.418700
v 4.037010 0.992424 0.503394
v 4.018354 0.994049 0.584568
v 4.052111 0.994594 0.397959
v 4.046851 0.990769 0.441150
v 4.050719 0.991055 0.412360
v 4.006204 1.013800 0.338975
v 3.998964 1.004076 0.412273
v 3.966835 1.002802 0.637317
v 3.994695 1.002101 0.475745
v 4.015732 1.016706 0.258094
v 3.998180 1.001200 0.423320
v 3.924826 0.996771 0.818084
v 3.945019 0.999854 0.730621
v 4.033178 1.018974 0.093737
v 4.024864 1.018419 0.175928
v 3.985601 1.003426 0.549652
v 4.000580 1.009475 0.390730
v 3.997526 1.001109 0.433556
v 2.957231 1.160657 -0.028015
v 3.108822 1.148551 -0.299257
v 3.370385 1.123009 -0.283016
v 4.138443 0.973325 -0.418197
v 4.221970 0.970644 0.018242
v 3.681919 1.076114 -0.323585
v 4.072317 0.990364 -0.318953
v 3.259382 1.096524 -0.427011
v 2.801994 1.139044 -0.129349
v 2.782349 1.148097 -0.319426
v 3.270002 1.096334 -0.487272
v 3.672693 1.094283 -0.089086
v 3.956686 1.024901 -0.294716
v 3.962182 1.015700 -0.458985
v 3.132529 1.103445 -0.594215
v 4.092256 1.002922 -0.068251
v 3.578840 1.073966 -0.532391
v 2.780081 1.157423 -0.129825
v 2.983774 1.107257 -0.610264
v 4.170441 0.968507 -0.296580
v 3.363546 1.131870 -0.103776
v 3.102982 1.153185 -0.115358
v 2.963508 1.160729 -0.215201
v 2.877598 1.162549 -0.219666
v 3.833323 1.039963 -0.486348
v 2.981844 1.109381 -0.516465
v 2.972187 1.144147 -0.379271
v 2.872013 1.164388 -0.031043
v 2.883889 1.101148 -0.716606
v 2.981967 1.101493 -0.711159
v 3.277661 1.090413 -0.673348
v 3.695804 1.048154 -0.689547
v 3.669270 1.095657 -0.002316
v 2.840658 1.106502 -0.622268
v 2.890346 1.145194 -0.385197
v 3.684398 1.058334 -0.390502
v 4.097804 1.003287 0.013663
v 4.017177 0.993361 -0.620693
v 3.692761 1.041854 -0.767307
v 3.274565 1.082992 -0.750832
v 2.978404 1.095369 -0.783442
v 2.876662 1.096084 -0.787072
v 3.991898 0.992749 -0.712682
v 3.477618 1.070445 -0.722463
v 3.482253 1.077637 -0.641070
v 3.553957 1.111715 -0.094837
v 3.682392 1.064838 -0.360101
v 3.479850 1.082253 -0.463164
v 3.563377 1.102047 -0.269893
v 2.762379 1.125879 -0.310210
v 2.754598 1.123865 -0.396849
v 2.792958 1.128826 -0.132705
v 2.700029 1.101145 -0.788986
v 3.391215 1.089661 -0.560723
v 2.737131 1.120173 -0.512585
v 2.724117 1.105492 -0.718252
v 3.469115 1.065266 -0.796372
v 3.957106 1.014338 -0.333114
v 2.870223 1.092527 -0.835048
v 2.974973 1.091096 -0.832759
v 3.272936 1.078784 -0.813949
v 3.682668 1.058817 -0.379193
v 3.470889 1.082102 -0.405531
v 2.806492 1.128600 -0.319883
v 3.471066 1.102871 -0.342266
v 3.676257 1.090751 -0.175832
v 2.900912 1.124866 -0.433985
v 2.976364 1.122670 -0.427175
v 3.257221 1.122935 -0.358923
v 4.029820 0.985299 -0.690273
v 2.788320 1.142067 -0.383060
v 2.809401 1.126213 -0.403191
v 2.804238 1.134782 -0.224835
v 2.766932 1.127919 -0.227404
v 3.558598 1.108017 -0.182882
v 3.691984 1.059047 -0.433809
v 2.882366 1.158154 -0.312905
v 2.967816 1.157254 -0.307775
v 4.175562 0.970619 -0.268532
v 4.085553 1.001798 -0.150201
v 2.781101 1.153818 -0.225210
v 3.366955 1.128598 -0.193878
v 3.105900 1.152108 -0.207772
v 2.681567 1.097800 -0.836999
v 3.549630 1.113235 -0.006738
v 3.697057 1.055257 -0.604243
v 2.874205 1.164502 -0.125410
v 3.100096 1.152218 -0.022940
v 3.360236 1.132998 -0.013658
v 2.778986 1.158879 -0.034442
v 2.799718 1.141129 -0.033863
v 3.961326 1.014977 -0.385266
v 4.183605 0.971244 -0.222572
v 2.959984 1.161708 -0.121643
v 2.821769 1.111906 -0.532302
v 2.783558 1.166859 -0.129409
v 2.785900 1.158332 -0.318806
v 2.823636 1.126795 -0.439362
v 2.740124 1.094265 -0.837581
v 2.754295 1.096925 -0.790826
v 2.799288 1.145748 -0.391365
v 2.774589 1.100813 -0.721902
v 2.715636 1.116255 -0.610790
v 2.782840 1.167801 -0.034220
v 2.856734 1.111269 -0.529291
v 2.866151 1.113760 -0.477527
v 2.747028 1.122386 -0.455518
v 3.472527 1.081498 -0.417595
v 3.697811 1.059513 -0.512112
v 2.979381 1.109791 -0.465890
v 2.784373 1.163792 -0.224585
v 3.954812 1.013527 -0.548409
v 3.261379 1.095688 -0.439676
v 4.210840 0.970687 -0.062458
v 4.071467 0.980828 -0.598973
v 4.109057 0.977262 -0.505034
v 4.197765 0.970902 -0.143220
v 4.172886 0.968289 -0.286458
v 2.790664 1.130767 -0.035316
v 2.766869 1.131034 -0.037294
v 2.787277 1.118597 -0.468325
v 2.639311 1.101537 -0.835679
v 2.793811 1.125569 -0.225936
v 2.834155 1.114943 -0.479981
v 2.686974 1.110920 -0.713061
v 2.661079 1.105825 -0.786160
v 2.775432 1.115867 -0.523777
v 2.791152 1.119100 -0.407764
v 2.768409 1.129657 -0.136698
v 4.173775 0.969102 -0.280534
v 2.793195 1.121180 -0.315464
v 4.073391 0.992566 -0.299360
v 3.819289 1.039037 -0.369622
v 3.809022 1.070512 -0.082293
v 3.814518 1.061798 -0.251396
v 3.816302 1.054016 -0.310218
v 3.840726 1.020737 -0.744048
v 3.836227 1.028209 -0.665139
v 3.833156 1.035957 -0.577355
v 3.811781 1.067241 -0.167394
v 3.826867 1.039721 -0.411536
v 3.817549 1.039423 -0.358859
v 3.806285 1.071666 0.002814
v 3.566856 1.072639 -0.406359
v 3.565638 1.092412 -0.334236
v 3.563036 1.056513 -0.785280
v 3.571746 1.062346 -0.708662
v 3.576045 1.069348 -0.625541
v 3.574003 1.073400 -0.450964
v 3.565262 1.073184 -0.394603
v 3.375832 1.088689 -0.428409
v 3.455182 1.124078 -0.010198
v 3.464053 1.118960 -0.188366
v 3.372567 1.112303 -0.350280
v 3.373959 1.089387 -0.416064
v 3.382566 1.072171 -0.804052
v 3.485129 1.082772 -0.546896
v 3.383992 1.089379 -0.474874
v 3.389723 1.084023 -0.656019
v 3.386212 1.076557 -0.735504
v 3.459468 1.122607 -0.099308
v 3.468769 1.113020 -0.276412
v 3.115509 1.103489 -0.452928
v 3.246474 1.141964 -0.017738
v 3.252222 1.139233 -0.200086
v 3.111101 1.135953 -0.369322
v 3.126707 1.086033 -0.825431
v 3.128844 1.090566 -0.770054
v 3.132149 1.097624 -0.695009
v 3.249346 1.141649 -0.108912
v 3.278337 1.096261 -0.575861
v 3.124030 1.104065 -0.502028
v 3.113526 1.104524 -0.439859
v 3.255071 1.134438 -0.290321
v 2.905933 1.112385 -0.473423
v 2.900445 1.110652 -0.524810
v 2.822812 1.166064 -0.127671
v 2.827781 1.158498 -0.316236
v 2.857322 1.125984 -0.437888
v 2.798050 1.093424 -0.836496
v 2.808701 1.096457 -0.789243
v 2.838972 1.145608 -0.388907
v 2.891963 1.106853 -0.618051
v 2.823099 1.100842 -0.719703
v 2.821451 1.166539 -0.032842
v 2.824779 1.163492 -0.222441
v 2.867131 1.115417 -0.463690
v 3.112652 1.115521 -0.415544
v 3.373453 1.097381 -0.393412
v 3.565392 1.079881 -0.373845
v 3.817091 1.044498 -0.342206
v 2.799815 1.106431 -0.625191
v 2.810351 1.131537 -0.033614
v 2.816068 1.124582 -0.224670
v 2.822117 1.116024 -0.415525
v 2.978592 1.111100 -0.452399
v 2.906523 1.113918 -0.459687
v 2.818838 1.118166 -0.320040
v 3.470947 1.089340 -0.383759
v 2.813241 1.129137 -0.129228
v 3.258599 1.105750 -0.403553
v 2.836612 1.116532 -0.464750
v 4.159424 0.969960 -0.340794
v 2.752495 1.110970 -0.619112
v 4.078192 0.999876 -0.230845
v 3.679865 1.084985 -0.261529
v 3.957165 1.030577 -0.240326
v 3.956931 1.018010 -0.320041
v 4.041236 0.994144 -0.524857
v 4.068890 0.991491 -0.361746
v 3.958368 1.034596 -0.158162
v 4.073059 0.990356 -0.308764
v 3.945447 1.002434 -0.724512
v 3.948769 1.008071 -0.640419
v 3.959791 1.037757 0.008547
v 3.959299 1.036976 -0.074801
v 4.059587 0.993388 -0.436804
v 4.074115 0.996713 -0.280871
v 3.957906 1.014134 -0.343476
v 2.954301 1.160657 0.065610
v 3.088638 1.148551 0.345799
v 3.350705 1.123009 0.345943
v 4.108808 0.973325 0.528879
v 4.219458 0.970644 0.098515
v 3.659093 1.076114 0.405910
v 4.049016 0.990364 0.425694
v 3.230915 1.096524 0.482716
v 2.793032 1.139044 0.157041
v 2.761542 1.148097 0.345518
v 3.237748 1.096334 0.543524
v 3.664545 1.094283 0.171292
v 3.935127 1.024901 0.394275
v 3.930342 1.015700 0.558567
v 3.093857 1.103445 0.641663
v 4.084590 1.002922 0.176730
v 3.543161 1.073966 0.607863
v 2.771132 1.157423 0.156146
v 2.944391 1.107257 0.648380
v 4.148347 0.968507 0.409501
v 3.355085 1.131870 0.166626
v 3.094306 1.153185 0.161895
v 2.948864 1.160729 0.252823
v 2.862842 1.162549 0.251909
v 3.800025 1.039963 0.577820
v 2.948329 1.109381 0.554643
v 2.947267 1.144147 0.417114
v 2.869061 1.164388 0.063304
v 2.838052 1.101148 0.748270
v 2.936279 1.101493 0.748965
v 3.233758 1.090413 0.729714
v 3.650071 1.048154 0.772024
v 3.666554 1.095657 0.084478
v 2.800804 1.106502 0.651412
v 2.865216 1.145194 0.417912
v 3.657383 1.058334 0.472851
v 4.095249 1.003286 0.095323
v 3.975120 0.993361 0.723397
v 3.642172 1.041854 0.849442
v 3.225824 1.082992 0.806853
v 2.928204 1.095369 0.820884
v 2.826433 1.096084 0.818145
v 3.944139 0.992749 0.813625
v 3.430254 1.070445 0.791235
v 3.439968 1.077637 0.710290
v 3.545682 1.111715 0.169609
v 3.657282 1.064838 0.442384
v 3.448692 1.082253 0.532582
v 3.544139 1.102047 0.344911
v 2.742188 1.125879 0.335072
v 2.729005 1.123865 0.421054
v 2.783805 1.128826 0.159826
v 2.650027 1.101145 0.809012
v 3.354131 1.089661 0.624409
v 2.704337 1.120173 0.535472
v 2.678490 1.105492 0.739923
v 3.417147 1.065266 0.864468
v 3.933146 1.014338 0.432625
v 2.817008 1.092527 0.865625
v 2.921697 1.091096 0.869890
v 3.220252 1.078784 0.869745
v 3.656364 1.058817 0.461456
v 3.443352 1.082102 0.474502
v 2.785610 1.128600 0.347483
v 3.447484 1.102871 0.411372
v 3.662679 1.090751 0.258092
v 2.872711 1.124866 0.467265
v 2.948442 1.122670 0.465186
v 3.233016 1.122935 0.414627
v 3.983387 0.985299 0.793631
v 2.763523 1.142067 0.409401
v 2.783304 1.126213 0.430810
v 2.789303 1.134782 0.252481
v 2.751909 1.127919 0.252712
v 3.544810 1.108017 0.257772
v 3.662247 1.059047 0.516547
v 2.861771 1.158154 0.345262
v 2.947375 1.157254 0.345486
v 4.155211 0.970619 0.381828
v 4.072777 1.001798 0.258101
v 2.766188 1.153818 0.251408
v 3.352853 1.128598 0.256765
v 3.091440 1.152108 0.254312
v 2.628599 1.097800 0.855778
v 3.546872 1.113235 0.081412
v 3.656654 1.055257 0.686965
v 2.865348 1.164502 0.157624
v 3.097204 1.152218 0.069478
v 3.357416 1.132998 0.076477
v 2.776003 1.158879 0.060882
v 2.796731 1.141129 0.061600
v 3.934096 1.014977 0.484939
v 4.166113 0.971244 0.336460
v 2.951195 1.161708 0.159227
v 2.787576 1.111906 0.560442
v 2.774629 1.166859 0.155949
v 2.765126 1.158332 0.345121
v 2.795250 1.126795 0.467801
v 2.687005 1.094265 0.860020
v 2.704072 1.096925 0.814242
v 2.773950 1.145747 0.418375
v 2.728635 1.100813 0.746721
v 2.676744 1.116255 0.632141
v 2.779864 1.167801 0.060900
v 2.822661 1.111269 0.559623
v 2.835296 1.113760 0.508549
v 2.717782 1.122386 0.479136
v 3.444232 1.081498 0.486645
v 3.663167 1.059513 0.595062
v 2.949032 1.109791 0.504014
v 2.769492 1.163792 0.250988
v 3.917395 1.013527 0.647356
v 3.232118 1.095688 0.495481
v 4.203305 0.970687 0.178363
v 4.030662 0.980828 0.705114
v 4.074051 0.977262 0.613708
v 4.185206 0.970902 0.258148
v 4.151421 0.968289 0.399550
v 2.787604 1.130767 0.062484
v 2.763732 1.131034 0.062970
v 2.757151 1.118597 0.494434
v 2.586509 1.101537 0.851818
v 2.778827 1.125569 0.252927
v 2.803209 1.114943 0.508998
v 2.641744 1.110920 0.732420
v 2.611330 1.105825 0.803757
v 2.741863 1.115867 0.549037
v 2.764806 1.119100 0.434234
v 2.759053 1.129657 0.162276
v 4.152678 0.969102 0.393694
v 2.772615 1.121180 0.342242
v 4.051313 0.992566 0.406207
v 3.793316 1.039037 0.460444
v 3.801032 1.070512 0.173037
v 3.795946 1.061798 0.342153
v 3.794049 1.054016 0.400970
v 3.791302 1.020737 0.835479
v 3.791745 1.028209 0.756443
v 3.794168 1.035957 0.668639
v 3.798466 1.067241 0.258144
v 3.798258 1.039721 0.502750
v 3.792252 1.039423 0.449595
v 3.803622 1.071666 0.087924
v 3.539080 1.072639 0.481328
v 3.542373 1.092412 0.409270
v 3.511577 1.056513 0.859270
v 3.525060 1.062346 0.783346
v 3.534547 1.069348 0.700657
v 3.543424 1.073400 0.526292
v 3.538224 1.073184 0.469496
v 3.347050 1.088689 0.491392
v 3.452392 1.124078 0.078960
v 3.450107 1.118960 0.257334
v 3.348677 1.112303 0.413212
v 3.345953 1.089387 0.478955
v 3.330287 1.072171 0.866721
v 3.448727 1.082772 0.616482
v 3.352290 1.089379 0.538276
v 3.346685 1.084023 0.719426
v 3.338211 1.076557 0.798535
v 3.451098 1.122607 0.168164
v 3.449308 1.113020 0.345504
v 3.085704 1.103489 0.499588
v 3.243621 1.141964 0.073437
v 3.237958 1.139233 0.255788
v 3.086532 1.135953 0.415869
v 3.073591 1.086033 0.872062
v 3.079186 1.090566 0.816927
v 3.087176 1.097624 0.742236
v 3.240787 1.141649 0.164613
v 3.240527 1.096261 0.632460
v 3.091139 1.104065 0.549124
v 3.084542 1.104524 0.486421
v 3.235159 1.134438 0.346025
v 2.875257 1.112385 0.506940
v 2.866567 1.110652 0.557883
v 2.813914 1.166064 0.156668
v 2.807085 1.158498 0.345174
v 2.828963 1.125984 0.468436
v 2.744886 1.093424 0.862558
v 2.758469 1.096457 0.816063
v 2.813711 1.145608 0.418404
v 2.852272 1.106853 0.650411
v 2.777187 1.100842 0.747560
v 2.818485 1.166539 0.061939
v 2.809953 1.163492 0.251375
v 2.837139 1.115417 0.494801
v 3.085190 1.115521 0.462098
v 3.346864 1.097381 0.456315
v 3.539651 1.079881 0.448786
v 3.792837 1.044498 0.432945
v 2.759858 1.106431 0.651777
v 2.807359 1.131537 0.062015
v 2.801120 1.124582 0.253055
v 2.795225 1.116024 0.443915
v 2.949089 1.111100 0.490500
v 2.876705 1.113918 0.493268
v 2.797922 1.118166 0.348412
v 3.444771 1.089340 0.452776
v 2.804265 1.129137 0.157623
v 3.231601 1.105750 0.459255
v 2.806614 1.116532 0.493950
v 4.134587 0.969960 0.452939
v 2.713010 1.110970 0.642751
v 4.060388 0.999876 0.338127
v 3.660923 1.084985 0.343847
v 3.939005 1.030577 0.340022
v 3.933788 1.018010 0.419566
v 4.005124 0.994144 0.629253
v 4.042920 0.991491 0.468189
v 3.945343 1.034596 0.258095
v 4.050394 0.990357 0.415571
v 3.897040 1.002434 0.822529
v 3.905612 1.008071 0.738808
v 3.957187 1.037757 0.091799
v 3.951484 1.036976 0.174955
v 4.028944 0.993388 0.542519
v 4.053192 0.996713 0.387800
v 3.933296 1.014134 0.443017
v 2.703959 1.068843 -0.858507
v 3.044829 1.061831 -0.853311
v 3.328581 1.048250 -0.840668
v 2.624841 1.075338 -0.848770
v 4.229679 0.930789 -0.245921
v 4.289432 0.926909 0.060529
v 4.190312 0.934764 -0.365412
v 4.222448 0.930939 -0.275139
v 4.157949 0.940347 -0.449721
v 2.741538 1.098488 -0.430000
v 2.692421 1.089681 -0.660283
v 2.761569 1.106039 0.012721
v 2.664186 1.083965 -0.751262
v 3.763027 1.003505 -0.794784
v 4.024906 0.959902 -0.705795
v 4.263851 0.927742 -0.098079
v 4.117661 0.946310 -0.536783
v 2.912739 1.064819 -0.855822
v 3.502420 1.032969 -0.829598
v 2.762659 1.103810 -0.183918
v 2.750243 1.100638 -0.350801
v 2.719158 1.094001 -0.555736
v 2.641232 1.079441 -0.807870
v 4.070689 0.952695 -0.629652
v 4.224881 0.931209 -0.263288
v 4.245607 0.929302 -0.178210
v 2.757137 1.102349 -0.267820
v 2.763236 1.105157 -0.087468
v 4.279913 0.927158 -0.018106
v 2.759889 1.067174 -0.858490
v 4.214058 0.931798 -0.299069
v 2.734953 1.096988 -0.474186
v 2.641754 1.073007 -0.857271
v 3.985837 0.965843 -0.745929
v 3.898319 0.982398 -0.771340
v 3.615584 1.021773 -0.814992
v 3.421116 1.040973 -0.835235
v 3.202574 1.054905 -0.848334
v 2.828595 1.066114 -0.857306
v 4.223375 0.931172 -0.268653
v 3.959651 0.970831 -0.758434
v 2.649602 1.068843 0.878644
v 2.990130 1.061831 0.894769
v 3.274118 1.048250 0.899890
v 2.571249 1.075338 0.863980
v 4.210637 0.930789 0.362643
v 4.163877 0.934763 0.479439
v 4.201592 0.930939 0.391353
v 4.126306 0.940347 0.561561
v 2.713898 1.098488 0.453324
v 2.650481 1.089681 0.680086
v 2.616612 1.083965 0.769122
v 3.710582 1.003505 0.881258
v 3.977513 0.959902 0.808816
v 4.253985 0.927742 0.217227
v 4.080653 0.946310 0.645934
v 2.858142 1.064819 0.889017
v 3.448309 1.032969 0.899711
v 2.750363 1.103810 0.209044
v 2.727538 1.100638 0.374825
v 2.683701 1.094001 0.577415
v 2.590164 1.079441 0.824184
v 4.027967 0.952695 0.735684
v 4.204762 0.931210 0.379676
v 4.230767 0.929302 0.296062
v 2.739606 1.102349 0.292437
v 2.756969 1.105157 0.112819
v 4.275015 0.927158 0.138415
v 2.705424 1.067174 0.882123
v 4.191723 0.931798 0.414711
v 2.704564 1.096988 0.497012
v 2.587596 1.073007 0.873521
v 3.936011 0.965843 0.846428
v 3.847076 0.982398 0.866318
v 3.562164 1.021773 0.892209
v 3.366812 1.040973 0.900254
v 3.147879 1.054905 0.899664
v 2.774069 1.066114 0.885237
v 4.202924 0.931172 0.384938
v 3.909094 0.970831 0.857272
v 2.972715 1.063776 -0.854766
v 3.270702 1.051524 -0.844532
v 2.627033 1.074230 -0.855936
v 4.236588 0.930160 -0.216724
v 4.219904 0.931187 -0.282669
v 4.138848 0.943336 -0.492487
v 2.738563 1.097781 -0.452329
v 2.677858 1.086819 -0.709609
v 2.762686 1.105763 -0.037382
v 2.652202 1.081601 -0.782559
v 3.686908 1.013522 -0.805602
v 4.272088 0.927359 -0.058051
v 4.094578 0.949374 -0.583556
v 2.866680 1.065528 -0.856631
v 3.460316 1.037141 -0.833112
v 2.760314 1.103088 -0.226997
v 2.745737 1.099507 -0.394158
v 2.631083 1.077198 -0.831288
v 4.047250 0.956327 -0.671263
v 4.226237 0.931074 -0.259357
v 4.223977 0.931242 -0.266067
v 4.254928 0.928432 -0.138137
v 2.753901 1.101576 -0.308542
v 2.763458 1.104495 -0.136953
v 4.286916 0.926991 0.021485
v 4.203799 0.932932 -0.327824
v 2.728644 1.095696 -0.509364
v 4.003430 0.963163 -0.730290
v 4.175019 0.937359 -0.406956
v 2.706662 1.092048 -0.607580
v 3.973211 0.968065 -0.753963
v 3.837209 0.992435 -0.782527
v 3.553781 1.028069 -0.823306
v 3.378112 1.044709 -0.837584
v 3.124478 1.058613 -0.851248
v 2.792449 1.066671 -0.857942
v 4.223134 0.930994 -0.271043
v 2.732360 1.067706 -0.858741
v 2.670634 1.070928 -0.857886
v 3.937469 0.975297 -0.763556
v 2.918066 1.063776 0.891713
v 3.216111 1.051524 0.900128
v 2.572988 1.074230 0.871268
v 4.219358 0.930160 0.333936
v 4.198583 0.931187 0.398708
v 4.104568 0.943336 0.603049
v 2.709533 1.097781 0.475424
v 2.632862 1.086819 0.728405
v 2.759551 1.105763 0.062796
v 2.602695 1.081601 0.799608
v 3.633936 1.013522 0.887296
v 4.264709 0.927359 0.177793
v 4.054691 0.949374 0.691171
v 2.812123 1.065528 0.886944
v 3.406067 1.037141 0.900585
v 2.745329 1.103088 0.251892
v 2.720330 1.099507 0.417815
v 2.578571 1.077198 0.846921
v 4.001972 0.956327 0.775748
v 4.206362 0.931074 0.375839
v 4.203686 0.931242 0.382393
v 4.242575 0.928432 0.256649
v 2.733831 1.101576 0.332877
v 2.754097 1.104495 0.162221
v 4.284480 0.926991 0.099339
v 4.179687 0.932932 0.442769
v 2.696067 1.095696 0.531727
v 3.954548 0.963163 0.831920
v 4.146016 0.937358 0.519947
v 2.667988 1.092048 0.628376
v 3.922907 0.968065 0.853657
v 3.785386 0.992435 0.873663
v 3.499962 1.028069 0.896643
v 3.323745 1.044709 0.899909
v 3.069753 1.058613 0.897690
v 2.737955 1.066671 0.883612
v 4.202533 0.930994 0.387308
v 2.677933 1.067706 0.880652
v 2.616382 1.070928 0.875940
v 3.886636 0.975297 0.860997
vn 0.0425 0.9991 0.0059
vn 0.0452 0.9989 0.0122
vn 0.0377 0.9993 0.0067
vn 0.0449 0.9990 0.0014
vn 0.0481 0.9988 0.0095
vn 0.0496 0.9988 0.0016
vn 0.0582 0.9982 0.0113
vn 0.0581 0.9982 0.0142
vn 0.0995 0.9921 -0.0770
vn 0.0853 0.9957 -0.0367
vn 0.0945 0.9946 -0.0430
vn 0.1044 0.9789 -0.1754
vn 0.0898 0.9932 -0.0739
vn 0.0953 0.9788 -0.1813
vn 0.0641 0.9952 -0.0736
vn 0.0616 0.9975 -0.0344
vn 0.1060 0.9908 -0.0846
vn 0.1012 0.9932 -0.0578
vn 0.1035 0.9928 -0.0602
vn 0.1095 0.9815 -0.1571
vn 0.1043 0.9910 -0.0839
vn 0.1080 0.9812 -0.1602
vn 0.1027 0.9913 -0.0826
vn 0.0986 0.9936 -0.0548
vn 0.2630 0.9642 -0.0343
vn 0.2534 0.9670 -0.0265
vn 0.2558 0.9661 -0.0347
vn 0.2681 0.9624 -0.0434
vn 0.2610 0.9648 -0.0313
vn 0.2656 0.9630 -0.0457
vn 0.2506 0.9678 -0.0252
vn 0.2430 0.9699 -0.0140
vn 0.2552 0.9667 -0.0169
vn 0.2637 0.9639 -0.0363
vn 0.2592 0.9654 -0.0279
vn 0.2529 0.9675 0.0079
vn 0.2594 0.9655 -0.0225
vn 0.2571 0.9664 0.0080
vn 0.2605 0.9652 -0.0241
vn 0.2648 0.9635 -0.0402
vn 0.1522 0.9776 -0.1454
vn 0.1683 0.9579 -0.2328
vn 0.1557 0.9586 -0.2385
vn 0.1649 0.9761 -0.1412
vn 0.1800 0.9573 -0.2261
vn 0.1815 0.9418 -0.2831
vn 0.1697 0.9420 -0.2894
vn 0.1570 0.9425 -0.2951
vn 0.2074 0.9780 -0.0226
vn 0.2097 0.9777 0.0057
vn 0.2006 0.9795 0.0182
vn 0.2146 0.9763 -0.0266
vn 0.2201 0.9754 -0.0092
vn 0.2250 0.9743 -0.0079
vn 0.2135 0.9769 0.0085
vn 0.2034 0.9789 0.0223
vn 0.0876 0.9198 -0.3824
vn 0.0785 0.9640 -0.2541
vn 0.0771 0.9592 -0.2721
vn 0.0891 0.9286 -0.3603
vn 0.0836 0.9673 -0.2395
vn 0.0630 0.9950 -0.0770
vn 0.0612 0.9945 -0.0845
vn -0.6867 -0.7269 -0.0018
vn -0.6323 -0.7747 0.0080
vn -0.6817 -0.7316 0.0041
vn -0.6361 -0.7716 0.0018
vn -0.6428 -0.7660 0.0090
vn -0.6391 -0.7689 0.0208
vn -0.6286 -0.7774 0.0200
vn -0.6775 -0.7354 0.0156
vn -0.6319 -0.7742 0.0372
vn -0.7599 -0.6498 0.0166
vn -0.6265 -0.7789 0.0305
vn -0.7533 -0.6570 0.0295
vn -0.8565 -0.5161 0.0036
vn -0.9028 -0.4228 -0.0788
vn -0.7941 -0.6065 -0.0397
vn -0.6205 -0.7842 0.0048
vn 0.0535 0.9983 0.0233
vn 0.0511 0.9986 0.0165
vn 0.0511 0.9984 0.0223
vn 0.0586 0.9980 0.0247
vn 0.0537 0.9984 0.0182
vn 0.0588 0.9981 0.0200
vn 0.0540 0.9985 0.0049
vn 0.0513 0.9987 0.0019
vn 0.1730 0.9844 -0.0328
vn 0.1593 0.9871 -0.0171
vn 0.1725 0.9849 -0.0162
vn 0.1600 0.9865 -0.0336
vn 0.1456 0.9892 -0.0178
vn 0.1452 0.9894 -0.0101
vn 0.1591 0.9872 -0.0093
vn 0.1724 0.9850 -0.0084
vn 0.2500 0.9518 -0.1775
vn 0.2386 0.9648 -0.1103
vn 0.2489 0.9635 -0.0990
vn 0.2509 0.9380 -0.2390
vn 0.2402 0.9512 -0.1934
vn 0.2413 0.9367 -0.2538
vn 0.2205 0.9532 -0.2068
vn 0.2182 0.9684 -0.1210
vn 0.2324 0.9718 -0.0408
vn 0.2119 0.9772 -0.0126
vn 0.2266 0.9739 -0.0153
vn 0.2177 0.9751 -0.0412
vn 0.1875 0.9822 -0.0108
vn 0.1807 0.9834 0.0162
vn 0.2043 0.9788 0.0121
vn 0.2188 0.9758 0.0050
vn 0.0525 0.9984 -0.0230
vn 0.0457 0.9989 -0.0026
vn 0.0570 0.9966 -0.0597
vn 0.0459 0.9986 -0.0260
vn 0.0489 0.9971 -0.0590
vn 0.0292 0.9991 -0.0312
vn 0.0319 0.9994 -0.0107
vn 0.2461 0.9691 -0.0160
vn 0.2561 0.9663 -0.0262
vn 0.2492 0.9682 -0.0215
vn 0.2525 0.9674 -0.0215
vn 0.2632 0.9642 -0.0321
vn 0.2661 0.9632 -0.0375
vn 0.2584 0.9654 -0.0346
vn 0.2515 0.9673 -0.0319
vn 0.1219 0.9925 -0.0121
vn 0.1052 0.9944 0.0137
vn 0.1182 0.9929 0.0149
vn 0.1268 0.9907 -0.0493
vn 0.1088 0.9940 -0.0129
vn 0.1134 0.9922 -0.0522
vn 0.0953 0.9954 -0.0138
vn 0.0919 0.9957 0.0127
vn -0.6466 -0.7628 0.0028
vn -0.7642 -0.6450 0.0065
vn -0.7693 -0.6389 0.0011
vn -0.8561 -0.5168 0.0034
vn -0.8510 -0.5250 0.0113
vn -0.7597 -0.6501 0.0164
vn 0.0156 0.9996 -0.0224
vn 0.0300 0.9978 -0.0585
vn 0.0099 0.9993 -0.0374
vn 0.0090 0.9983 -0.0577
vn 0.0001 0.9991 -0.0432
vn 0.0073 0.9994 -0.0324
vn 0.2374 0.9707 -0.0377
vn 0.2292 0.9730 -0.0275
vn 0.2321 0.9720 -0.0374
vn 0.2348 0.9717 -0.0276
vn 0.2228 0.9743 -0.0326
vn 0.2295 0.9724 -0.0409
vn 0.2319 0.9716 -0.0464
vn 0.0970 0.9951 -0.0182
vn 0.0892 0.9960 -0.0088
vn 0.0954 0.9954 -0.0105
vn 0.0990 0.9945 -0.0345
vn 0.0916 0.9957 -0.0165
vn 0.0948 0.9950 -0.0324
vn 0.0861 0.9962 -0.0126
vn 0.0821 0.9966 -0.0059
vn 0.0787 0.9969 -0.0010
vn 0.0693 0.9975 0.0118
vn 0.0739 0.9972 0.0055
vn 0.0840 0.9963 -0.0166
vn 0.0729 0.9973 0.0056
vn 0.0769 0.9970 -0.0100
vn 0.0585 0.9983 0.0081
vn 0.0223 0.9993 -0.0305
vn 0.0334 0.9988 -0.0365
vn 0.0174 0.9990 -0.0420
vn 0.0271 0.9995 -0.0152
vn 0.0359 0.9990 -0.0250
vn 0.0384 0.9992 -0.0098
vn 0.0606 0.9979 -0.0225
vn 0.0198 0.9991 -0.0386
vn 0.0146 0.9988 -0.0461
vn 0.0145 0.9987 -0.0497
vn 0.0252 0.9994 -0.0233
vn 0.0197 0.9992 -0.0350
vn 0.0250 0.9995 -0.0197
vn 0.1559 0.9876 0.0168
vn 0.1934 0.9802 -0.0417
vn 0.1618 0.9868 -0.0106
vn 0.1679 0.9849 -0.0428
vn 0.1448 0.9894 -0.0104
vn 0.1396 0.9901 0.0167
vn 0.0362 0.9993 0.0030
vn 0.0325 0.9994 -0.0068
vn 0.0410 0.9991 0.0089
vn 0.0241 0.9996 -0.0113
vn 0.0178 0.9995 -0.0254
vn 0.0287 0.9993 -0.0233
vn 0.0502 0.9196 -0.3896
vn 0.0513 0.9437 -0.3268
vn 0.0625 0.9134 -0.4023
vn 0.0357 0.9473 -0.3183
vn 0.0390 0.9818 -0.1858
vn 0.0703 0.9801 -0.1855
vn 0.0777 0.9411 -0.3291
vn 0.0817 0.9098 -0.4069
vn 0.0419 0.9991 0.0004
vn 0.0364 0.9993 0.0022
vn 0.0366 0.9993 -0.0013
vn 0.0438 0.9990 0.0014
vn 0.0420 0.9991 0.0030
vn 0.0441 0.9990 0.0014
vn -0.0014 0.9979 -0.0643
vn 0.0038 0.9974 -0.0722
vn 0.0036 0.9977 -0.0678
vn -0.0037 0.9983 -0.0576
vn -0.0013 0.9977 -0.0674
vn -0.0039 0.9983 -0.0578
vn 0.0010 0.9975 -0.0713
vn 0.0054 0.9969 -0.0783
vn 0.0376 0.9951 -0.0917
vn 0.0118 0.9970 -0.0767
vn 0.0341 0.9960 -0.0824
vn 0.0162 0.9962 -0.0851
vn -0.0019 0.9983 -0.0578
vn 0.0629 0.9938 -0.0912
vn 0.0677 0.9930 -0.0966
vn 0.0650 0.9932 -0.0962
vn 0.0662 0.9933 -0.0943
vn 0.0603 0.9963 -0.0610
vn 0.0713 0.9928 -0.0959
vn 0.0716 0.9927 -0.0966
vn 0.1258 0.9885 -0.0836
vn 0.1393 0.9866 -0.0851
vn 0.1253 0.9883 -0.0869
vn 0.1271 0.9881 -0.0870
vn 0.1396 0.9866 -0.0839
vn 0.1404 0.9865 -0.0847
vn 0.1547 0.9844 -0.0840
vn 0.1547 0.9844 -0.0842
vn 0.1591 0.9873 -0.0042
vn 0.1725 0.9850 -0.0034
vn 0.1450 0.9894 -0.0049
vn 0.1589 0.9873 0.0050
vn 0.1723 0.9850 0.0054
vn -0.0014 0.9987 -0.0513
vn 0.0071 0.9986 -0.0524
vn 0.0068 0.9989 -0.0470
vn -0.0011 0.9985 -0.0543
vn -0.0036 0.9983 -0.0575
vn 0.0039 0.9983 -0.0579
vn 0.0119 0.9982 -0.0580
vn 0.0445 0.9293 -0.3666
vn 0.0316 0.9503 -0.3096
vn 0.0461 0.9251 -0.3769
vn 0.0306 0.9526 -0.3026
vn 0.0180 0.9831 -0.1824
vn 0.0218 0.9826 -0.1846
vn 0.1369 0.9898 -0.0393
vn 0.1166 0.9928 0.0276
vn 0.1262 0.9910 -0.0447
vn 0.1467 0.9886 -0.0340
vn 0.1269 0.9914 0.0305
vn 0.1364 0.9901 0.0334
vn 0.1256 0.9913 0.0385
vn 0.1153 0.9927 0.0361
vn 0.2416 0.9704 0.0076
vn 0.2490 0.9684 -0.0124
vn 0.2432 0.9699 -0.0086
vn 0.2471 0.9690 0.0077
vn 0.2302 0.9705 -0.0714
vn 0.2352 0.9694 -0.0707
vn 0.2262 0.9714 -0.0716
vn 0.2336 0.9698 -0.0697
vn 0.2400 0.9682 -0.0707
vn 0.2436 0.9674 -0.0690
vn 0.2507 0.9655 -0.0707
vn 0.2413 0.9680 -0.0685
vn 0.1377 0.9865 -0.0883
vn 0.1237 0.9879 -0.0932
vn 0.1536 0.9845 -0.0843
vn 0.1516 0.9848 -0.0849
vn 0.1352 0.9867 -0.0903
vn 0.1213 0.9880 -0.0959
vn 0.0625 0.9945 -0.0840
vn 0.0612 0.9958 -0.0687
vn 0.0587 0.9955 -0.0744
vn 0.0646 0.9947 -0.0798
vn 0.0683 0.9946 -0.0776
vn 0.0663 0.9956 -0.0666
vn 0.0381 0.9954 -0.0878
vn 0.0193 0.9961 -0.0866
vn 0.0387 0.9952 -0.0902
vn 0.0212 0.9960 -0.0865
vn 0.0094 0.9967 -0.0802
vn 0.0077 0.9975 -0.0696
vn 0.0110 0.9971 -0.0754
vn 0.0109 0.9974 -0.0708
vn 0.0078 0.9972 -0.0742
vn 0.0125 0.9966 -0.0810
vn 0.2221 0.9724 -0.0710
vn 0.2241 0.9721 -0.0693
vn 0.2183 0.9733 -0.0708
vn 0.2269 0.9715 -0.0690
vn 0.2237 0.9727 -0.0616
vn 0.2206 0.9733 -0.0638
vn 0.0784 0.9939 -0.0781
vn 0.0887 0.9929 -0.0797
vn 0.0803 0.9940 -0.0737
vn 0.0815 0.9922 -0.0940
vn 0.0860 0.9931 -0.0795
vn 0.0882 0.9918 -0.0925
vn 0.0974 0.9919 -0.0818
vn 0.0994 0.9914 -0.0849
vn 0.0835 0.9921 -0.0936
vn 0.0806 0.9950 -0.0587
vn 0.0908 0.9917 -0.0908
vn 0.0885 0.9944 -0.0570
vn 0.1019 0.9910 -0.0874
vn 0.0994 0.9909 -0.0907
vn 0.1298 0.9914 -0.0184
vn 0.1293 0.9915 -0.0107
vn 0.1308 0.9908 -0.0347
vn 0.1163 0.9926 -0.0351
vn 0.1152 0.9932 -0.0189
vn 0.1145 0.9934 -0.0113
vn 0.1690 0.9389 -0.2999
vn 0.1562 0.9393 -0.3054
vn 0.1808 0.9386 -0.2939
vn 0.1790 0.9416 -0.2852
vn 0.1672 0.9418 -0.2915
vn 0.1544 0.9423 -0.2971
vn 0.0785 0.9965 0.0292
vn 0.0714 0.9972 0.0234
vn 0.0710 0.9971 0.0277
vn 0.0895 0.9955 0.0312
vn 0.0790 0.9966 0.0247
vn 0.0805 0.9967 0.0118
vn 0.0727 0.9973 0.0108
vn 0.1494 0.9854 -0.0812
vn 0.1329 0.9893 -0.0606
vn 0.1482 0.9871 -0.0600
vn 0.1343 0.9875 -0.0826
vn 0.1373 0.9793 -0.1488
vn 0.1202 0.9892 -0.0838
vn 0.1187 0.9910 -0.0612
vn 0.1191 0.9921 -0.0392
vn 0.1402 0.9895 -0.0341
vn 0.1202 0.9922 -0.0320
vn 0.1391 0.9896 -0.0376
vn 0.1396 0.9896 -0.0351
vn 0.1399 0.9895 -0.0361
vn 0.1400 0.9896 -0.0327
vn 0.1203 0.9923 -0.0295
vn 0.1399 0.9897 -0.0314
vn 0.1193 0.9922 -0.0348
vn 0.1212 0.9923 -0.0255
vn 0.0961 0.9947 -0.0370
vn 0.0962 0.9946 -0.0397
vn 0.1199 0.9921 -0.0381
vn 0.0242 0.9996 -0.0160
vn 0.0332 0.9991 -0.0244
vn 0.0392 0.9990 -0.0194
vn 0.0176 0.9997 -0.0196
vn -0.0385 0.9988 -0.0310
vn -0.0122 0.9990 -0.0435
vn 0.0558 0.9978 -0.0346
vn 0.0613 0.9978 -0.0266
vn 0.1101 0.9873 -0.1146
vn 0.0899 0.9905 -0.1037
vn 0.0975 0.9881 -0.1192
vn 0.1212 0.9867 -0.1081
vn 0.1009 0.9897 -0.1017
vn 0.1107 0.9890 -0.0985
vn 0.0724 0.9939 -0.0836
vn 0.0657 0.9943 -0.0838
vn 0.0756 0.9970 -0.0157
vn 0.0662 0.9978 0.0095
vn 0.0688 0.9975 -0.0171
vn 0.0738 0.9954 -0.0603
vn 0.0613 0.9979 -0.0188
vn 0.0594 0.9982 0.0077
vn 0.0832 0.9948 -0.0583
vn 0.0966 0.9936 -0.0582
vn 0.0852 0.9949 -0.0537
vn 0.0944 0.9935 -0.0635
vn 0.1118 0.9916 -0.0647
vn 0.1118 0.9917 -0.0628
vn 0.0967 0.9937 -0.0562
vn 0.0853 0.9950 -0.0519
vn 0.1290 0.9865 -0.1004
vn 0.1302 0.9874 -0.0898
vn 0.1174 0.9886 -0.0946
vn 0.1185 0.9890 -0.0884
vn 0.0824 0.9932 -0.0818
vn 0.0782 0.9935 -0.0828
vn 0.0872 0.9931 -0.0783
vn 0.0991 0.9909 -0.0913
vn 0.0907 0.9926 -0.0806
vn 0.0955 0.9915 -0.0883
vn 0.1030 0.9902 -0.0948
vn 0.1044 0.9896 -0.0987
vn 0.2300 0.9623 -0.1449
vn 0.2376 0.9370 -0.2562
vn 0.2464 0.9385 -0.2419
vn 0.2215 0.9627 -0.1556
vn 0.1976 0.9801 -0.0204
vn 0.2038 0.9648 -0.1661
vn 0.2186 0.9384 -0.2678
vn 0.0138 0.9973 -0.0716
vn 0.0153 0.9970 -0.0764
vn 0.0155 0.9973 -0.0714
vn 0.0139 0.9970 -0.0761
vn 0.0152 0.9966 -0.0816
vn 0.0165 0.9965 -0.0817
vn 0.0359 0.9956 -0.0866
vn 0.0225 0.9960 -0.0867
vn 0.0369 0.9955 -0.0868
vn 0.0228 0.9960 -0.0867
vn 0.0551 0.9959 -0.0717
vn 0.0578 0.9962 -0.0652
vn 0.0531 0.9960 -0.0718
vn 0.0588 0.9961 -0.0661
vn 0.0666 0.9956 -0.0652
vn 0.0668 0.9956 -0.0651
vn 0.1671 0.9684 -0.1854
vn 0.1562 0.9687 -0.1927
vn 0.1441 0.9693 -0.1990
vn 0.1070 0.9421 -0.3179
vn 0.1046 0.9711 -0.2144
vn 0.0971 0.9706 -0.2200
vn 0.1144 0.9435 -0.3111
vn 0.1158 0.9710 -0.2094
vn 0.0994 0.9936 -0.0532
vn 0.0883 0.9945 -0.0566
vn 0.0808 0.9949 -0.0601
vn -0.6708 -0.7410 0.0309
vn -0.6152 -0.7878 0.0280
vn -0.6665 -0.7452 0.0217
vn -0.6214 -0.7826 0.0364
vn -0.6100 -0.7924 0.0004
vn -0.6641 -0.7477 -0.0056
vn 0.1176 0.9607 -0.2516
vn 0.1127 0.9598 -0.2571
vn 0.1140 0.9814 -0.1542
vn 0.1271 0.9605 -0.2474
vn 0.1283 0.9439 -0.3043
vn 0.1184 0.9437 -0.3089
vn 0.1127 0.9423 -0.3152
vn 0.1739 0.9830 -0.0587
vn 0.1608 0.9857 -0.0500
vn 0.1736 0.9836 -0.0493
vn 0.1614 0.9851 -0.0595
vn 0.1475 0.9878 -0.0505
vn 0.1464 0.9886 -0.0341
vn 0.0658 0.9285 -0.3655
vn 0.0583 0.9207 -0.3858
vn 0.0672 0.9238 -0.3770
vn 0.0571 0.9255 -0.3745
vn 0.0617 0.9145 -0.3998
vn 0.0697 0.9177 -0.3910
vn 0.0702 0.9076 -0.4140
vn 0.0750 0.9111 -0.4053
vn 0.0826 0.9039 -0.4196
vn 0.0821 0.9079 -0.4110
vn 0.1067 0.9514 -0.2888
vn 0.1055 0.9463 -0.3056
vn 0.1059 0.9798 -0.1694
vn 0.1082 0.9554 -0.2749
vn 0.1050 0.9352 -0.3382
vn 0.1022 0.9288 -0.3563
vn 0.1008 0.9204 -0.3777
vn 0.1988 0.9795 -0.0341
vn 0.2184 0.9746 -0.0496
vn 0.2287 0.9722 -0.0500
vn 0.2081 0.9768 -0.0502
vn 0.2430 0.9680 -0.0619
vn 0.2507 0.9660 -0.0633
vn -0.8129 -0.5708 -0.1159
vn -0.6994 -0.7041 -0.1230
vn -0.8199 -0.5253 -0.2277
vn -0.7141 -0.6795 -0.1684
vn -0.6964 -0.7142 -0.0703
vn -0.8596 -0.0685 -0.5064
vn -0.8936 -0.1476 -0.4239
vn -0.6534 -0.7525 -0.0825
vn -0.6250 -0.7800 0.0321
vn -0.6737 -0.7385 0.0271
vn -0.6354 -0.7715 0.0328
vn 0.0900 0.9953 -0.0351
vn 0.0615 0.9979 -0.0212
vn 0.0903 0.9955 -0.0277
vn 0.0915 0.9955 -0.0254
vn 0.0626 0.9978 -0.0196
vn 0.1320 0.9899 -0.0510
vn 0.1176 0.9917 -0.0513
vn 0.1352 0.9900 0.0408
vn 0.1265 0.9914 0.0322
vn 0.1364 0.9901 0.0338
vn 0.1291 0.9915 0.0160
vn 0.1161 0.9928 0.0303
vn 0.0176 0.9834 -0.1805
vn 0.0123 0.9965 -0.0821
vn 0.0123 0.9964 -0.0841
vn 0.0156 0.9967 -0.0792
vn 0.0327 0.9966 -0.0760
vn 0.2628 0.9618 -0.0771
vn 0.2654 0.9581 -0.1077
vn 0.2626 0.9547 -0.1401
vn 0.2674 0.9615 -0.0629
vn 0.2656 0.9605 -0.0827
vn 0.2627 0.9569 -0.1237
vn 0.2636 0.9520 -0.1559
vn 0.2625 0.9443 -0.1987
vn 0.2592 0.9649 -0.0425
vn 0.2520 0.9668 -0.0428
vn 0.2672 0.9627 -0.0425
vn 0.2665 0.9628 -0.0455
vn 0.2586 0.9649 -0.0466
vn 0.2512 0.9667 -0.0486
vn -0.7556 -0.6544 0.0265
vn -0.8472 -0.5308 0.0195
vn -0.8458 -0.5331 0.0211
vn 0.1014 0.9936 -0.0504
vn 0.0980 0.9940 -0.0483
vn 0.0945 0.9945 -0.0447
vn 0.0901 0.9955 -0.0289
vn 0.0894 0.9955 -0.0322
vn 0.0812 0.9964 -0.0255
vn 0.0593 0.9982 -0.0074
vn 0.0839 0.9893 -0.1195
vn 0.0721 0.9920 -0.1040
vn 0.0772 0.9898 -0.1201
vn 0.0776 0.9916 -0.1030
vn 0.0581 0.9949 -0.0829
vn 0.0562 0.9949 -0.0840
vn 0.1446 0.9895 0.0045
vn 0.1289 0.9916 -0.0055
vn 0.1286 0.9917 0.0040
vn 0.1140 0.9935 -0.0060
vn 0.1136 0.9935 0.0036
vn 0.1540 0.9855 -0.0712
vn 0.1387 0.9892 -0.0463
vn 0.1504 0.9876 -0.0445
vn 0.1544 0.9845 -0.0826
vn 0.1412 0.9871 -0.0751
vn 0.1287 0.9885 -0.0797
vn 0.0307 0.9995 -0.0081
vn 0.0305 0.9995 -0.0045
vn 0.0322 0.9995 0.0001
vn 0.0701 0.9975 0.0048
vn 0.0657 0.9978 0.0021
vn 0.0686 0.9976 0.0021
vn 0.0667 0.9977 0.0096
vn 0.0587 0.9983 0.0018
vn 0.0932 0.9956 0.0029
vn 0.0870 0.9962 -0.0047
vn 0.0859 0.9963 0.0027
vn 0.0940 0.9956 -0.0058
vn 0.0790 0.9969 -0.0030
vn 0.0781 0.9969 0.0024
vn -0.6509 -0.7589 -0.0204
vn -0.7739 -0.6333 -0.0071
vn -0.6498 -0.7601 -0.0048
vn -0.7753 -0.6311 -0.0242
vn -0.8666 -0.4988 -0.0096
vn -0.8618 -0.5072 -0.0012
vn -0.6920 -0.7215 -0.0216
vn -0.6392 -0.7690 -0.0054
vn -0.6909 -0.7229 -0.0084
vn -0.6401 -0.7680 -0.0200
vn 0.1965 0.9801 0.0281
vn 0.2101 0.9775 0.0170
vn 0.1747 0.9840 0.0345
vn 0.1707 0.9844 0.0418
vn 0.1907 0.9810 0.0351
vn 0.2649 0.9629 -0.0516
vn 0.2703 0.9616 -0.0475
vn 0.2720 0.9613 -0.0443
vn 0.2721 0.9612 -0.0452
vn 0.2690 0.9616 -0.0538
vn 0.0414 0.9991 0.0056
vn 0.0233 0.9980 -0.0590
vn 0.0462 0.9967 -0.0670
vn 0.0336 0.9976 -0.0607
vn 0.0417 0.9969 -0.0670
vn 0.0367 0.9971 -0.0666
vn 0.0701 0.9949 -0.0725
vn 0.0652 0.9955 -0.0692
vn -0.3167 0.9483 -0.0196
vn -0.1651 0.9857 -0.0331
vn -0.3270 0.9444 -0.0345
vn -0.3049 0.9523 -0.0129
vn -0.1567 0.9875 -0.0179
vn -0.1469 0.9891 -0.0109
vn 0.0192 0.9997 -0.0144
vn 0.0138 0.9995 -0.0294
vn -0.2602 0.9444 -0.2012
vn -0.1695 0.9809 -0.0951
vn -0.1351 0.9710 -0.1971
vn -0.3384 0.9391 -0.0603
vn -0.3171 0.9431 -0.1001
vn -0.1767 0.9825 -0.0593
vn 0.0009 0.9961 -0.0882
vn 0.0073 0.9838 -0.1791
vn -0.3648 0.7609 -0.5366
vn -0.3937 0.7683 -0.5047
vn -0.2196 0.8520 -0.4754
vn 0.0287 0.9334 -0.3576
vn 0.0345 0.9297 -0.3667
vn 0.0390 0.9330 -0.3577
vn 0.0326 0.9971 -0.0687
vn 0.0313 0.9972 -0.0682
vn 0.0324 0.9971 -0.0682
vn 0.0161 0.9978 -0.0642
vn 0.0175 0.9978 -0.0645
vn 0.0330 0.9972 -0.0677
vn 0.0331 0.9972 -0.0670
vn 0.0109 0.9980 -0.0623
vn 0.0134 0.9979 -0.0636
vn -0.3055 0.8143 -0.4936
vn -0.1254 0.9272 -0.3529
vn -0.2306 0.9102 -0.3441
vn 0.0193 0.9551 -0.2957
vn 0.0837 0.9933 -0.0799
vn 0.0326 0.9973 -0.0665
vn 0.0320 0.9973 -0.0664
vn 0.0029 0.9982 -0.0599
vn 0.0074 0.9981 -0.0611
vn 0.1093 0.9916 -0.0693
vn 0.1254 0.9893 -0.0751
vn 0.1230 0.9893 -0.0783
vn 0.1322 0.9872 -0.0890
vn 0.1257 0.9893 -0.0738
vn -0.2936 0.9559 -0.0110
vn -0.2892 0.9572 -0.0091
vn -0.1384 0.9903 -0.0082
vn -0.1345 0.9909 -0.0042
vn 0.0306 0.9995 -0.0040
vn 0.0253 0.9997 -0.0073
vn 0.0185 0.9988 -0.0449
vn 0.0310 0.9981 -0.0536
vn 0.0301 0.9985 -0.0455
vn 0.0195 0.9985 -0.0521
vn 0.0392 0.9976 -0.0575
vn 0.0509 0.9892 -0.1371
vn 0.0505 0.9897 -0.1338
vn 0.0400 0.9971 -0.0652
vn 0.0400 0.9968 -0.0695
vn 0.0435 0.9901 -0.1338
vn 0.0976 0.9948 -0.0287
vn 0.0837 0.9955 -0.0456
vn 0.0832 0.9955 -0.0447
vn 0.0836 0.9955 -0.0456
vn 0.0722 0.9972 0.0179
vn 0.0797 0.9966 0.0197
vn 0.0907 0.9956 0.0220
vn 0.1335 0.9910 -0.0108
vn 0.0457 0.9989 -0.0038
vn 0.0525 0.9920 -0.1151
vn 0.0569 0.9929 -0.1042
vn 0.0401 0.9990 -0.0192
vn 0.0377 0.9987 -0.0356
vn 0.0501 0.9911 -0.1237
vn -0.3351 0.9409 -0.0491
vn -0.1714 0.9840 -0.0481
vn 0.0081 0.9990 -0.0449
vn 0.0027 0.9984 -0.0557
vn 0.2346 0.9701 -0.0615
vn 0.2205 0.9734 -0.0627
vn 0.2191 0.9730 -0.0724
vn 0.1962 0.9784 -0.0655
vn 0.0525 0.9986 0.0103
vn 0.0681 0.9952 -0.0701
vn 0.0547 0.9984 0.0121
vn 0.0598 0.9981 0.0141
vn 0.2714 0.9616 -0.0413
vn 0.2683 0.9625 -0.0390
vn 0.2694 0.9621 -0.0432
vn 0.2728 0.9611 -0.0437
vn 0.2573 0.9639 -0.0689
vn 0.2621 0.9626 -0.0686
vn 0.2554 0.9643 -0.0696
vn 0.2641 0.9620 -0.0690
vn 0.2676 0.9612 -0.0671
vn 0.2668 0.9618 -0.0611
vn 0.2698 0.9612 -0.0580
vn 0.2577 0.9643 -0.0614
vn 0.2559 0.9657 -0.0439
vn 0.2726 0.9612 -0.0431
vn 0.2742 0.9607 -0.0436
vn 0.2738 0.9608 -0.0435
vn 0.2557 0.9454 -0.2021
vn 0.2421 0.9648 -0.1027
vn 0.2406 0.9628 -0.1227
vn 0.2544 0.9539 -0.1592
vn 0.2428 0.9652 -0.0972
vn 0.0093 1.0000 0.0003
vn 0.0071 0.9999 -0.0133
vn 0.0139 0.9998 -0.0109
vn 0.0025 1.0000 0.0001
vn -0.0674 0.9976 -0.0175
vn -0.0558 0.9981 -0.0248
vn 0.0102 0.9999 0.0003
vn 0.0146 0.9998 -0.0094
vn 0.0147 0.9999 -0.0090
vn 0.0247 0.9996 -0.0138
vn 0.0254 0.9996 -0.0131
vn 0.0401 0.9988 -0.0266
vn 0.0779 0.9959 -0.0449
vn 0.0944 0.9954 -0.0163
vn 0.0608 0.9969 -0.0504
vn 0.0776 0.9949 -0.0648
vn 0.0813 0.9879 -0.1323
vn 0.0854 0.9879 -0.1293
vn 0.0791 0.9887 -0.1277
vn 0.0974 0.9866 -0.1310
vn 0.0859 0.9874 -0.1326
vn 0.0985 0.9869 -0.1277
vn 0.0212 0.9982 -0.0561
vn 0.1132 0.9923 -0.0493
vn 0.0846 0.9954 -0.0453
vn 0.0260 0.9955 -0.0907
vn 0.0440 0.9971 -0.0616
vn 0.1304 0.9861 -0.1034
vn 0.1226 0.9861 -0.1124
vn 0.1220 0.9859 -0.1144
vn 0.1324 0.9872 -0.0889
vn 0.1307 0.9861 -0.1023
vn 0.1101 0.9861 -0.1242
vn 0.1115 0.9863 -0.1212
vn 0.0875 0.9937 -0.0702
vn 0.0757 0.9943 -0.0747
vn 0.0909 0.9956 -0.0220
vn 0.1195 0.9928 -0.0109
vn 0.1368 0.9903 -0.0260
vn 0.0745 0.9972 0.0007
vn 0.0396 0.9991 -0.0161
vn 0.0404 0.9991 -0.0150
vn 0.2584 0.9557 -0.1409
vn 0.2524 0.9584 -0.1334
vn 0.2600 0.9504 -0.1707
vn 0.2603 0.9414 -0.2147
vn 0.0548 0.9967 -0.0598
vn 0.1338 0.9901 -0.0425
vn 0.0810 0.9955 -0.0483
vn 0.2551 0.9372 -0.2378
vn 0.2497 0.9346 -0.2532
vn 0.2567 0.9405 -0.2224
vn 0.2513 0.9413 -0.2254
vn 0.1606 0.9866 -0.0272
vn 0.1703 0.9847 0.0359
vn 0.1503 0.9880 0.0361
vn 0.1496 0.9878 0.0428
vn 0.1925 0.9808 -0.0314
vn 0.1918 0.9813 -0.0153
vn 0.1917 0.9814 -0.0072
vn 0.2180 0.9758 -0.0146
vn 0.2191 0.9752 -0.0300
vn 0.1745 0.9816 -0.0775
vn 0.1941 0.9724 -0.1297
vn 0.1767 0.9748 -0.1363
vn 0.1926 0.9785 -0.0745
vn 0.1926 0.9796 -0.0571
vn 0.2177 0.9735 -0.0698
vn 0.1970 0.9559 -0.2176
vn 0.2217 0.9382 -0.2659
vn 0.1984 0.9405 -0.2758
vn 0.1683 0.9825 -0.0801
vn 0.1700 0.9821 -0.0806
vn 0.1715 0.9817 -0.0828
vn 0.1871 0.9794 -0.0765
vn 0.1845 0.9799 -0.0758
vn 0.1721 0.9815 -0.0837
vn 0.1722 0.9818 -0.0804
vn 0.1935 0.9779 -0.0796
vn 0.1907 0.9785 -0.0786
vn 0.1715 0.9828 -0.0684
vn 0.1955 0.9777 -0.0767
vn 0.1928 0.9801 -0.0479
vn 0.2193 0.9746 -0.0456
vn 0.2186 0.9743 -0.0542
vn 0.1517 0.9878 0.0351
vn 0.1825 0.9672 -0.1766
vn 0.1958 0.9405 -0.2778
vn 0.1802 0.9834 -0.0218
vn 0.1914 0.9815 -0.0025
vn 0.1911 0.9816 0.0060
vn 0.2155 0.9765 -0.0025
vn 0.2165 0.9762 -0.0078
vn 0.1129 0.9924 -0.0492
vn 0.1040 0.9943 0.0247
vn 0.1027 0.9941 0.0335
vn 0.1235 0.9807 -0.1516
vn 0.1409 0.9597 -0.2433
vn 0.1422 0.9433 -0.3000
vn 0.1107 0.9888 -0.0996
vn 0.1120 0.9891 -0.0958
vn 0.1120 0.9899 -0.0871
vn 0.1115 0.9903 -0.0831
vn 0.1130 0.9896 -0.0890
vn 0.1000 0.9935 -0.0546
vn 0.1150 0.9898 -0.0840
vn 0.0901 0.9956 0.0262
vn 0.1034 0.9942 0.0282
vn 0.1253 0.9436 -0.3065
vn 0.1297 0.9702 -0.2046
vn 0.1394 0.9430 -0.3021
vn 0.0749 0.9951 -0.0648
vn 0.0664 0.9977 0.0162
vn 0.0652 0.9975 0.0263
vn 0.1023 0.9947 -0.0062
vn 0.1017 0.9948 0.0032
vn 0.1031 0.9946 -0.0114
vn 0.1070 0.9929 -0.0513
vn 0.1055 0.9938 -0.0353
vn 0.1085 0.9922 -0.0612
vn 0.1068 0.9806 -0.1643
vn 0.1104 0.9580 -0.2645
vn 0.1088 0.9395 -0.3248
vn 0.0941 0.9351 -0.3416
vn 0.0907 0.9694 -0.2283
vn 0.1009 0.9395 -0.3275
vn 0.0793 0.9943 -0.0707
vn 0.0776 0.9946 -0.0695
vn 0.0735 0.9949 -0.0684
vn 0.0838 0.9964 -0.0146
vn 0.0653 0.9976 0.0219
vn 0.0766 0.9925 -0.0958
vn 0.0662 0.9959 -0.0612
vn 0.0777 0.9924 -0.0955
vn 0.0734 0.9943 -0.0772
vn 0.1041 0.9944 -0.0190
vn 0.1103 0.9903 -0.0848
vn 0.0600 0.9938 -0.0935
vn 0.0505 0.9987 0.0061
vn 0.0482 0.9987 0.0186
vn 0.0713 0.9975 0.0022
vn 0.0732 0.9973 0.0008
vn 0.0767 0.9971 -0.0010
vn 0.0866 0.9960 -0.0233
vn 0.0917 0.9950 -0.0392
vn 0.0967 0.9941 -0.0496
vn 0.0983 0.9420 -0.3209
vn 0.0961 0.9126 -0.3975
vn 0.0478 0.9956 -0.0803
vn 0.0496 0.9955 -0.0806
vn 0.0528 0.9952 -0.0827
vn 0.0556 0.9945 -0.0890
vn 0.0568 0.9938 -0.0951
vn 0.0542 0.9947 -0.0873
vn 0.0814 0.9967 -0.0075
vn 0.0555 0.9982 -0.0208
vn 0.0468 0.9988 0.0125
vn 0.0766 0.9544 -0.2886
vn 0.0737 0.9515 -0.2986
vn 0.0868 0.9115 -0.4020
vn 0.1016 0.9916 -0.0801
vn 0.0501 0.9902 -0.1300
vn 0.0386 0.9981 -0.0484
vn 0.0289 0.9989 -0.0360
vn 0.0175 0.9992 -0.0366
vn 0.0061 0.9991 -0.0408
vn 0.0253 0.9993 -0.0266
vn 0.0308 0.9995 -0.0113
vn 0.0367 0.9993 -0.0044
vn 0.0123 0.9962 -0.0861
vn 0.0175 0.9837 -0.1790
vn 0.0146 0.9985 -0.0528
vn 0.0561 0.9295 -0.3645
vn 0.0650 0.9325 -0.3552
vn 0.0437 0.9328 -0.3578
vn 0.0153 0.9976 -0.0674
vn 0.0138 0.9976 -0.0673
vn 0.0108 0.9977 -0.0664
vn 0.0076 0.9978 -0.0653
vn 0.0035 0.9980 -0.0637
vn 0.0302 0.9545 -0.2966
vn -0.0015 0.9989 -0.0477
vn 0.0010 0.9983 -0.0585
vn -0.0015 0.9981 -0.0614
vn 0.0326 0.9995 0.0010
vn 0.0420 0.9991 -0.0018
vn 0.0199 0.9989 -0.0418
vn 0.0455 0.9623 -0.2680
vn 0.0631 0.9595 -0.2746
vn 0.0636 0.9579 -0.2799
vn 0.0913 0.9073 -0.4105
vn 0.0940 0.9158 -0.3905
vn 0.1049 0.9362 -0.3354
vn 0.0993 0.9317 -0.3494
vn 0.1100 0.9391 -0.3256
vn 0.1412 0.9401 -0.3102
vn 0.1272 0.9407 -0.3145
vn 0.1978 0.9374 -0.2867
vn 0.2210 0.9348 -0.2781
vn 0.0332 0.9972 -0.0665
vn 0.0810 0.9937 -0.0773
vn -0.0727 0.9973 -0.0023
vn -0.1360 0.9905 -0.0200
vn -0.7409 -0.6713 -0.0232
vn -0.7391 -0.6735 -0.0109
vn -0.7341 -0.6790 -0.0047
vn -0.1248 0.9918 -0.0279
vn -0.0381 0.9974 -0.0610
vn -0.7237 -0.6900 0.0121
vn -0.7198 -0.6938 0.0229
vn -0.7173 -0.6962 0.0262
vn -0.4486 0.8436 -0.2951
vn 0.0487 0.9987 -0.0178
vn 0.0273 0.9996 0.0038
vn -0.7152 -0.6989 -0.0119
vn -0.7650 -0.6372 -0.0936
vn 0.0657 0.9539 -0.2928
vn 0.0690 0.9518 -0.2988
vn 0.0645 0.9560 -0.2861
vn 0.0025 0.9979 -0.0645
vn -0.7141 -0.6998 0.0169
vn 0.0352 0.9982 -0.0493
vn 0.1167 0.9405 -0.3190
vn -0.1062 0.9938 -0.0340
vn -0.7285 -0.6850 0.0011
vn -0.0774 0.9959 -0.0471
vn 0.0952 0.9248 -0.3683
vn -0.0466 0.9734 -0.2244
vn 0.2438 0.9694 -0.0273
vn 0.2462 0.9685 -0.0377
vn 0.2334 0.9723 -0.0093
vn 0.1004 0.9921 -0.0747
vn 0.1123 0.9904 -0.0810
vn 0.2571 0.9648 -0.0550
vn 0.2499 0.9665 -0.0590
vn 0.2555 0.9628 -0.0883
vn 0.1624 0.9835 -0.0795
vn 0.2390 0.9689 -0.0642
vn 0.2403 0.9694 -0.0509
vn 0.2403 0.9333 -0.2667
vn 0.2433 0.9691 -0.0416
vn 0.2450 0.9676 -0.0609
vn 0.2210 0.9753 0.0048
vn 0.2298 0.9732 -0.0038
vn 0.2411 0.9695 -0.0435
vn 0.2406 0.9702 -0.0305
vn 0.2352 0.9625 -0.1351
vn 0.2028 0.9765 -0.0724
vn 0.2070 0.9757 -0.0725
vn 0.2114 0.9746 -0.0738
vn 0.2156 0.9736 -0.0745
vn 0.2147 0.9767 0.0067
vn 0.2342 0.9722 -0.0048
vn 0.2329 0.9725 0.0073
vn 0.2365 0.9716 -0.0106
vn 0.2389 0.9709 -0.0171
vn 0.2374 0.9712 -0.0197
vn 0.2563 0.9531 -0.1609
vn 0.1888 0.9816 0.0299
vn 0.0459 0.9989 -0.0093
vn 0.0428 0.9991 -0.0032
vn 0.0381 0.9993 -0.0046
vn 0.0588 0.9982 -0.0105
vn 0.0490 0.9988 -0.0068
vn 0.0588 0.9982 -0.0076
vn 0.0828 0.9957 0.0420
vn 0.0946 0.9921 0.0830
vn 0.0916 0.9946 0.0488
vn 0.0594 0.9975 0.0381
vn 0.0853 0.9932 0.0789
vn 0.0595 0.9952 0.0772
vn 0.0838 0.9788 0.1869
vn 0.0933 0.9790 0.1815
vn 0.0972 0.9932 0.0644
vn 0.1005 0.9908 0.0911
vn 0.0995 0.9928 0.0666
vn 0.0950 0.9936 0.0609
vn 0.0989 0.9910 0.0903
vn 0.0976 0.9913 0.0886
vn 0.0978 0.9812 0.1666
vn 0.0997 0.9815 0.1632
vn 0.2514 0.9670 0.0420
vn 0.2603 0.9642 0.0507
vn 0.2531 0.9661 0.0506
vn 0.2417 0.9699 0.0290
vn 0.2587 0.9648 0.0473
vn 0.2488 0.9677 0.0406
vn 0.2621 0.9630 0.0623
vn 0.2648 0.9624 0.0601
vn 0.2610 0.9639 0.0524
vn 0.2536 0.9667 0.0328
vn 0.2569 0.9654 0.0440
vn 0.2618 0.9635 0.0566
vn 0.2575 0.9655 0.0387
vn 0.2585 0.9652 0.0404
vn 0.1428 0.9776 0.1546
vn 0.1534 0.9579 0.2428
vn 0.1558 0.9761 0.1513
vn 0.1405 0.9586 0.2478
vn 0.1513 0.9420 0.2995
vn 0.1634 0.9417 0.2939
vn 0.1655 0.9573 0.2369
vn 0.1678 0.9748 0.1470
vn 0.2056 0.9780 0.0355
vn 0.2097 0.9777 0.0075
vn 0.2124 0.9764 0.0397
vn 0.2013 0.9795 -0.0059
vn 0.2135 0.9769 0.0053
vn 0.2239 0.9744 0.0217
vn 0.2191 0.9755 0.0225
vn 0.2203 0.9743 0.0465
vn 0.0637 0.9199 0.3869
vn 0.0624 0.9640 0.2586
vn 0.0664 0.9286 0.3651
vn 0.0558 0.9945 0.0885
vn 0.0599 0.9592 0.2764
vn 0.0580 0.9951 0.0805
vn 0.0685 0.9673 0.2443
vn 0.0725 0.9352 0.3466
vn -0.6855 -0.7269 -0.0411
vn -0.6305 -0.7747 -0.0475
vn -0.6347 -0.7716 -0.0416
vn -0.6801 -0.7316 -0.0467
vn -0.6261 -0.7775 -0.0592
vn -0.6365 -0.7689 -0.0608
vn -0.6410 -0.7660 -0.0492
vn -0.6452 -0.7628 -0.0432
vn -0.6280 -0.7745 -0.0765
vn -0.7574 -0.6498 -0.0641
vn -0.7499 -0.6571 -0.0765
vn -0.6232 -0.7789 -0.0696
vn -0.7950 -0.6065 -0.0100
vn -0.9060 -0.4227 0.0222
vn -0.8546 -0.5161 -0.0571
vn -0.8428 -0.5331 -0.0740
vn 0.0520 0.9986 -0.0132
vn 0.0548 0.9983 -0.0199
vn 0.0524 0.9984 -0.0190
vn 0.0513 0.9987 0.0012
vn 0.0547 0.9984 -0.0148
vn 0.0542 0.9985 -0.0019
vn 0.0600 0.9981 -0.0163
vn 0.0601 0.9980 -0.0210
vn 0.1706 0.9844 0.0435
vn 0.1579 0.9871 0.0271
vn 0.1576 0.9865 0.0435
vn 0.1711 0.9849 0.0269
vn 0.1582 0.9872 0.0193
vn 0.1443 0.9894 0.0191
vn 0.1442 0.9892 0.0269
vn 0.1440 0.9886 0.0432
vn 0.2312 0.9648 0.1250
vn 0.2385 0.9518 0.1928
vn 0.2423 0.9634 0.1147
vn 0.2101 0.9683 0.1348
vn 0.2277 0.9513 0.2081
vn 0.2072 0.9532 0.2201
vn 0.2250 0.9367 0.2683
vn 0.2355 0.9380 0.2542
vn 0.2293 0.9718 0.0552
vn 0.2106 0.9772 0.0259
vn 0.2147 0.9752 0.0548
vn 0.2252 0.9739 0.0294
vn 0.2049 0.9788 0.0003
vn 0.1814 0.9834 -0.0049
vn 0.1865 0.9822 0.0225
vn 0.1904 0.9802 0.0537
vn 0.0455 0.9989 0.0055
vn 0.0513 0.9984 0.0259
vn 0.0312 0.9994 0.0127
vn 0.0441 0.9986 0.0289
vn 0.0272 0.9991 0.0330
vn 0.0453 0.9971 0.0616
vn 0.0531 0.9966 0.0632
vn 0.2446 0.9691 0.0314
vn 0.2539 0.9663 0.0422
vn 0.2506 0.9674 0.0373
vn 0.2474 0.9682 0.0371
vn 0.2556 0.9654 0.0507
vn 0.2633 0.9632 0.0540
vn 0.2608 0.9642 0.0482
vn 0.1059 0.9944 -0.0071
vn 0.1211 0.9924 0.0194
vn 0.1189 0.9929 -0.0075
vn 0.0925 0.9957 -0.0070
vn 0.1078 0.9940 0.0197
vn 0.0943 0.9954 0.0197
vn 0.1099 0.9922 0.0592
vn 0.1235 0.9907 0.0571
vn -0.7623 -0.6450 -0.0542
vn -0.7677 -0.6389 -0.0492
vn -0.7571 -0.6501 -0.0639
vn -0.8487 -0.5250 -0.0645
vn -0.8542 -0.5169 -0.0569
vn -0.8604 -0.5069 -0.0528
vn 0.0142 0.9996 0.0229
vn 0.0053 0.9994 0.0328
vn 0.0076 0.9993 0.0379
vn -0.0026 0.9991 0.0431
vn 0.0054 0.9983 0.0582
vn 0.0263 0.9978 0.0602
vn 0.2346 0.9707 0.0526
vn 0.2271 0.9730 0.0418
vn 0.2326 0.9717 0.0422
vn 0.2293 0.9720 0.0519
vn 0.2265 0.9724 0.0553
vn 0.0882 0.9960 0.0146
vn 0.0958 0.9951 0.0242
vn 0.0943 0.9954 0.0169
vn 0.0815 0.9966 0.0111
vn 0.0907 0.9956 0.0218
vn 0.0850 0.9962 0.0182
vn 0.0926 0.9950 0.0383
vn 0.0966 0.9945 0.0406
vn 0.0699 0.9975 -0.0074
vn 0.0785 0.9969 0.0059
vn 0.0741 0.9972 -0.0009
vn 0.0730 0.9973 -0.0010
vn 0.0589 0.9983 -0.0045
vn 0.0764 0.9970 0.0143
vn 0.0828 0.9963 0.0218
vn 0.0308 0.9988 0.0387
vn 0.0203 0.9993 0.0318
vn 0.0148 0.9990 0.0431
vn 0.0342 0.9990 0.0272
vn 0.0590 0.9979 0.0264
vn 0.0379 0.9992 0.0121
vn 0.0261 0.9995 0.0168
vn 0.0117 0.9988 0.0470
vn 0.0174 0.9991 0.0398
vn 0.0114 0.9987 0.0505
vn 0.0175 0.9992 0.0362
vn 0.0237 0.9995 0.0213
vn 0.0237 0.9994 0.0248
vn 0.1568 0.9876 -0.0073
vn 0.1404 0.9901 -0.0079
vn 0.1608 0.9868 0.0207
vn 0.1439 0.9894 0.0194
vn 0.1649 0.9849 0.0532
vn 0.0320 0.9994 0.0088
vn 0.0364 0.9993 -0.0007
vn 0.0414 0.9991 -0.0064
vn 0.0272 0.9993 0.0251
vn 0.0234 0.9996 0.0128
vn 0.0161 0.9995 0.0266
vn 0.0258 0.9196 0.3920
vn 0.0310 0.9436 0.3296
vn 0.0158 0.9473 0.3201
vn 0.0372 0.9133 0.4055
vn 0.0570 0.9411 0.3333
vn 0.0586 0.9801 0.1894
vn 0.0275 0.9818 0.1882
vn 0.0102 0.9826 0.1856
vn 0.0365 0.9993 0.0001
vn 0.0419 0.9991 0.0023
vn 0.0365 0.9993 0.0036
vn 0.0422 0.9991 -0.0003
vn -0.0007 0.9974 0.0723
vn -0.0054 0.9979 0.0641
vn -0.0006 0.9977 0.0679
vn 0.0006 0.9969 0.0783
vn -0.0055 0.9977 0.0672
vn -0.0038 0.9975 0.0713
vn -0.0075 0.9983 0.0574
vn -0.0073 0.9983 0.0573
vn 0.0317 0.9951 0.0939
vn 0.0070 0.9970 0.0773
vn 0.0109 0.9962 0.0859
vn 0.0289 0.9960 0.0844
vn -0.0055 0.9983 0.0575
vn 0.0615 0.9930 0.1006
vn 0.0570 0.9938 0.0950
vn 0.0588 0.9932 0.1000
vn 0.0654 0.9927 0.1009
vn 0.0602 0.9933 0.0982
vn 0.0652 0.9928 0.1001
vn 0.0565 0.9963 0.0644
vn 0.1336 0.9866 0.0940
vn 0.1201 0.9885 0.0918
vn 0.1197 0.9883 0.0945
vn 0.1492 0.9844 0.0936
vn 0.1341 0.9867 0.0924
vn 0.1491 0.9844 0.0935
vn 0.1348 0.9865 0.0933
vn 0.1215 0.9881 0.0947
vn 0.1716 0.9850 0.0191
vn 0.1585 0.9873 0.0142
vn 0.1719 0.9850 0.0142
vn 0.1444 0.9894 0.0140
vn 0.0039 0.9986 0.0528
vn -0.0045 0.9987 0.0511
vn 0.0037 0.9989 0.0474
vn 0.0078 0.9982 0.0587
vn -0.0046 0.9985 0.0541
vn 0.0003 0.9983 0.0580
vn -0.0072 0.9983 0.0571
vn 0.0215 0.9293 0.3686
vn 0.0123 0.9503 0.3111
vn 0.0118 0.9526 0.3040
vn 0.0224 0.9252 0.3789
vn 0.0066 0.9831 0.1831
vn 0.0063 0.9834 0.1813
vn 0.1182 0.9928 -0.0203
vn 0.1342 0.9898 0.0482
vn 0.1231 0.9910 0.0525
vn 0.1174 0.9927 -0.0288
vn 0.1286 0.9914 -0.0225
vn 0.1278 0.9913 -0.0306
vn 0.1383 0.9901 -0.0248
vn 0.1443 0.9886 0.0430
vn 0.2478 0.9684 0.0280
vn 0.2422 0.9699 0.0237
vn 0.2303 0.9694 0.0853
vn 0.2253 0.9705 0.0857
vn 0.2213 0.9714 0.0856
vn 0.2367 0.9680 0.0834
vn 0.2351 0.9682 0.0856
vn 0.2458 0.9655 0.0863
vn 0.2389 0.9674 0.0841
vn 0.2288 0.9698 0.0842
vn 0.1319 0.9865 0.0967
vn 0.1176 0.9879 0.1008
vn 0.1294 0.9867 0.0983
vn 0.1460 0.9848 0.0942
vn 0.1479 0.9845 0.0939
vn 0.0568 0.9958 0.0723
vn 0.0570 0.9945 0.0880
vn 0.0539 0.9955 0.0783
vn 0.0623 0.9956 0.0702
vn 0.0594 0.9947 0.0840
vn 0.0632 0.9946 0.0821
vn 0.0325 0.9954 0.0900
vn 0.0139 0.9961 0.0875
vn 0.0157 0.9960 0.0877
vn 0.0330 0.9952 0.0924
vn 0.0045 0.9968 0.0803
vn 0.0074 0.9966 0.0816
vn 0.0063 0.9971 0.0759
vn 0.0033 0.9975 0.0700
vn 0.0064 0.9974 0.0714
vn 0.0029 0.9972 0.0749
vn 0.2193 0.9721 0.0832
vn 0.2169 0.9725 0.0848
vn 0.2135 0.9733 0.0843
vn 0.2161 0.9733 0.0776
vn 0.2221 0.9715 0.0830
vn 0.2194 0.9727 0.0755
vn 0.0835 0.9929 0.0851
vn 0.0733 0.9939 0.0828
vn 0.0755 0.9940 0.0786
vn 0.0938 0.9914 0.0910
vn 0.0807 0.9931 0.0850
vn 0.0923 0.9919 0.0875
vn 0.0824 0.9918 0.0976
vn 0.0752 0.9922 0.0991
vn 0.0775 0.9921 0.0986
vn 0.0933 0.9909 0.0970
vn 0.0850 0.9917 0.0963
vn 0.0961 0.9909 0.0938
vn 0.0850 0.9944 0.0622
vn 0.0767 0.9950 0.0636
vn 0.1284 0.9914 0.0265
vn 0.1284 0.9915 0.0188
vn 0.1138 0.9932 0.0261
vn 0.1139 0.9926 0.0423
vn 0.1284 0.9908 0.0428
vn 0.1382 0.9425 0.3043
vn 0.1499 0.9389 0.3099
vn 0.1368 0.9393 0.3146
vn 0.1486 0.9419 0.3014
vn 0.1608 0.9416 0.2958
vn 0.1621 0.9386 0.3047
vn 0.0727 0.9972 -0.0189
vn 0.0801 0.9965 -0.0242
vn 0.0726 0.9971 -0.0232
vn 0.0811 0.9967 -0.0067
vn 0.0803 0.9966 -0.0197
vn 0.0916 0.9956 -0.0206
vn 0.0913 0.9955 -0.0255
vn 0.1289 0.9893 0.0688
vn 0.1440 0.9854 0.0904
vn 0.1441 0.9871 0.0692
vn 0.1146 0.9910 0.0685
vn 0.1289 0.9875 0.0909
vn 0.1147 0.9892 0.0912
vn 0.1278 0.9793 0.1571
vn 0.1164 0.9921 0.0466
vn 0.1378 0.9895 0.0428
vn 0.1365 0.9896 0.0462
vn 0.1180 0.9922 0.0395
vn 0.1377 0.9896 0.0414
vn 0.1374 0.9895 0.0448
vn 0.1371 0.9896 0.0437
vn 0.1377 0.9897 0.0401
vn 0.1170 0.9922 0.0423
vn 0.1194 0.9923 0.0330
vn 0.1175 0.9920 0.0459
vn 0.0935 0.9946 0.0457
vn 0.0935 0.9947 0.0429
vn 0.0957 0.9948 0.0347
vn 0.0231 0.9996 0.0175
vn 0.0317 0.9991 0.0265
vn 0.0166 0.9996 0.0206
vn 0.0379 0.9990 0.0218
vn 0.0537 0.9978 0.0379
vn -0.0149 0.9990 0.0426
vn -0.0403 0.9988 0.0285
vn -0.0572 0.9981 0.0212
vn 0.0833 0.9905 0.1091
vn 0.1028 0.9873 0.1212
vn 0.0900 0.9881 0.1249
vn 0.0604 0.9943 0.0877
vn 0.0944 0.9897 0.1078
vn 0.0672 0.9939 0.0878
vn 0.1043 0.9890 0.1052
vn 0.1142 0.9867 0.1155
vn 0.0667 0.9978 -0.0054
vn 0.0745 0.9970 0.0204
vn 0.0732 0.9973 -0.0062
vn 0.0597 0.9982 -0.0040
vn 0.0676 0.9975 0.0213
vn 0.0600 0.9979 0.0226
vn 0.0699 0.9954 0.0648
vn 0.0794 0.9948 0.0634
vn 0.0929 0.9936 0.0641
vn 0.0901 0.9935 0.0692
vn 0.0817 0.9949 0.0589
vn 0.0929 0.9937 0.0621
vn 0.1077 0.9917 0.0696
vn 0.1073 0.9917 0.0714
vn 0.1046 0.9916 0.0759
vn 0.1224 0.9866 0.1083
vn 0.0728 0.9935 0.0876
vn 0.1111 0.9886 0.1018
vn 0.0771 0.9932 0.0868
vn 0.1127 0.9890 0.0956
vn 0.1242 0.9874 0.0977
vn 0.0932 0.9909 0.0974
vn 0.0821 0.9931 0.0838
vn 0.0855 0.9926 0.0861
vn 0.0984 0.9896 0.1047
vn 0.0898 0.9915 0.0941
vn 0.0968 0.9902 0.1011
vn 0.2211 0.9370 0.2705
vn 0.2206 0.9623 0.1590
vn 0.2308 0.9385 0.2569
vn 0.2014 0.9383 0.2810
vn 0.2114 0.9627 0.1688
vn 0.1930 0.9648 0.1785
vn 0.1959 0.9801 0.0326
vn 0.0106 0.9970 0.0770
vn 0.0093 0.9973 0.0723
vn 0.0108 0.9973 0.0725
vn 0.0113 0.9965 0.0825
vn 0.0091 0.9970 0.0768
vn 0.0100 0.9966 0.0823
vn 0.0304 0.9956 0.0887
vn 0.0170 0.9960 0.0879
vn 0.0173 0.9960 0.0881
vn 0.0314 0.9955 0.0890
vn 0.0534 0.9962 0.0693
vn 0.0505 0.9959 0.0752
vn 0.0485 0.9960 0.0749
vn 0.0626 0.9956 0.0692
vn 0.0546 0.9961 0.0696
vn 0.0624 0.9956 0.0692
vn 0.1551 0.9684 0.1954
vn 0.1355 0.9423 0.3062
vn 0.1438 0.9688 0.2021
vn 0.1314 0.9693 0.2076
vn 0.0869 0.9421 0.3239
vn 0.0911 0.9711 0.2205
vn 0.0947 0.9435 0.3177
vn 0.0830 0.9708 0.2252
vn 0.0846 0.9945 0.0621
vn 0.0959 0.9936 0.0593
vn 0.1024 0.9710 0.2162
vn 0.1059 0.9436 0.3137
vn -0.6676 -0.7410 -0.0728
vn -0.6123 -0.7878 -0.0665
vn -0.6180 -0.7826 -0.0752
vn -0.6637 -0.7453 -0.0634
vn -0.6087 -0.7925 -0.0384
vn -0.6188 -0.7843 -0.0438
vn 0.1016 0.9607 0.2584
vn 0.1041 0.9814 0.1610
vn 0.0963 0.9598 0.2638
vn 0.0986 0.9436 0.3161
vn 0.1090 0.9439 0.3117
vn 0.1114 0.9605 0.2549
vn 0.1138 0.9807 0.1591
vn 0.1699 0.9830 0.0694
vn 0.1574 0.9857 0.0599
vn 0.1574 0.9851 0.0694
vn 0.1702 0.9836 0.0601
vn 0.1440 0.9878 0.0596
vn 0.0429 0.9285 0.3689
vn 0.0340 0.9207 0.3887
vn 0.0336 0.9255 0.3773
vn 0.0434 0.9238 0.3804
vn 0.0366 0.9145 0.4029
vn 0.0452 0.9177 0.3946
vn 0.0442 0.9076 0.4176
vn 0.0563 0.9079 0.4153
vn 0.0495 0.9111 0.4092
vn 0.0561 0.9098 0.4112
vn 0.0884 0.9514 0.2949
vn 0.0951 0.9798 0.1757
vn 0.0862 0.9464 0.3114
vn 0.0797 0.9287 0.3620
vn 0.0836 0.9352 0.3441
vn 0.0908 0.9554 0.2811
vn 0.0963 0.9806 0.1707
vn 0.1963 0.9794 0.0465
vn 0.2148 0.9746 0.0631
vn 0.2047 0.9768 0.0632
vn 0.2251 0.9722 0.0642
vn 0.2388 0.9680 0.0770
vn -0.8185 -0.5708 0.0648
vn -0.8325 -0.5253 0.1760
vn -0.7057 -0.7041 0.0790
vn -0.7232 -0.6795 0.1234
vn -0.8895 -0.0685 0.4517
vn -0.6994 -0.7143 0.0266
vn -0.9184 -0.1477 0.3672
vn -0.6573 -0.7525 0.0415
vn -0.6631 -0.7476 -0.0359
vn -0.6750 -0.7356 -0.0579
vn -0.6218 -0.7800 -0.0711
vn -0.6710 -0.7382 -0.0692
vn -0.6321 -0.7715 -0.0724
vn 0.0600 0.9979 0.0250
vn 0.0878 0.9953 0.0404
vn 0.0595 0.9978 0.0305
vn 0.0613 0.9978 0.0234
vn 0.0884 0.9955 0.0333
vn 0.0896 0.9955 0.0310
vn 0.1286 0.9899 0.0591
vn 0.1142 0.9917 0.0586
vn 0.1375 0.9900 -0.0323
vn 0.1283 0.9914 -0.0242
vn 0.1383 0.9901 -0.0252
vn 0.1177 0.9928 -0.0229
vn 0.1298 0.9915 -0.0079
vn 0.0072 0.9966 0.0826
vn 0.0071 0.9964 0.0848
vn 0.0106 0.9967 0.0800
vn 0.0279 0.9966 0.0779
vn 0.2575 0.9618 0.0933
vn 0.2581 0.9581 0.1240
vn 0.2629 0.9615 0.0796
vn 0.2533 0.9547 0.1562
vn 0.2534 0.9519 0.1721
vn 0.2544 0.9569 0.1399
vn 0.2599 0.9605 0.0992
vn 0.2651 0.9616 0.0705
vn 0.2488 0.9674 0.0478
vn 0.2563 0.9648 0.0583
vn 0.2490 0.9668 0.0581
vn 0.2552 0.9649 0.0626
vn 0.2631 0.9628 0.0620
vn 0.2641 0.9627 0.0591
vn -0.7525 -0.6544 -0.0737
vn -0.8444 -0.5308 -0.0724
vn 0.0981 0.9936 0.0566
vn 0.0881 0.9955 0.0345
vn 0.0948 0.9940 0.0543
vn 0.0917 0.9945 0.0502
vn 0.0872 0.9955 0.0377
vn 0.0588 0.9982 0.0110
vn 0.0795 0.9964 0.0303
vn 0.0654 0.9920 0.1083
vn 0.0762 0.9893 0.1245
vn 0.0695 0.9898 0.1247
vn 0.0508 0.9949 0.0873
vn 0.0710 0.9916 0.1076
vn 0.0529 0.9949 0.0863
vn 0.1284 0.9916 0.0136
vn 0.1134 0.9935 0.0132
vn 0.1136 0.9934 0.0184
vn 0.1354 0.9893 0.0551
vn 0.1493 0.9855 0.0807
vn 0.1477 0.9876 0.0533
vn 0.1362 0.9871 0.0838
vn 0.1234 0.9885 0.0876
vn 0.1490 0.9845 0.0921
vn 0.0301 0.9995 0.0100
vn 0.0302 0.9995 0.0064
vn 0.0322 0.9995 0.0016
vn 0.0703 0.9975 -0.0004
vn 0.0672 0.9977 -0.0054
vn 0.0860 0.9962 0.0103
vn 0.0935 0.9956 0.0117
vn 0.0787 0.9969 0.0079
vn -0.7728 -0.6333 -0.0413
vn -0.6492 -0.7597 -0.0360
vn -0.8656 -0.4988 -0.0447
vn -0.8684 -0.4952 -0.0271
vn -0.6387 -0.7687 -0.0347
vn -0.6900 -0.7229 -0.0348
vn 0.2186 0.9758 0.0087
vn 0.1978 0.9801 -0.0158
vn 0.2108 0.9775 -0.0042
vn 0.1926 0.9810 -0.0231
vn 0.1730 0.9844 -0.0311
vn 0.1765 0.9840 -0.0235
vn 0.2611 0.9629 0.0680
vn 0.2668 0.9616 0.0643
vn 0.2687 0.9612 0.0621
vn 0.2687 0.9613 0.0612
vn 0.0420 0.9991 -0.0033
vn 0.0419 0.9967 0.0697
vn 0.0193 0.9980 0.0601
vn 0.0298 0.9976 0.0627
vn 0.0608 0.9955 0.0732
vn 0.0375 0.9969 0.0695
vn 0.0654 0.9949 0.0768
vn 0.0328 0.9971 0.0688
vn -0.1668 0.9857 0.0227
vn -0.3175 0.9482 -0.0002
vn -0.3285 0.9444 0.0140
vn 0.0117 0.9995 0.0304
vn -0.1575 0.9875 0.0081
vn 0.0185 0.9997 0.0153
vn -0.1473 0.9891 0.0017
vn -0.3046 0.9525 -0.0062
vn -0.2722 0.9444 0.1845
vn -0.1750 0.9809 0.0844
vn -0.3227 0.9431 0.0801
vn -0.1473 0.9710 0.1883
vn -0.0046 0.9961 0.0881
vn -0.1800 0.9825 0.0482
vn -0.3415 0.9391 0.0391
vn -0.3976 0.7609 0.5127
vn -0.4245 0.7683 0.4791
vn 0.0113 0.9298 0.3680
vn 0.0063 0.9334 0.3587
vn -0.2488 0.8519 0.4607
vn -0.3357 0.8143 0.4735
vn 0.0282 0.9971 0.0707
vn 0.0135 0.9978 0.0654
vn 0.0270 0.9972 0.0700
vn 0.0118 0.9978 0.0654
vn 0.0282 0.9972 0.0699
vn 0.0093 0.9979 0.0645
vn 0.0289 0.9972 0.0695
vn 0.0070 0.9980 0.0629
vn 0.0289 0.9972 0.0689
vn -0.1472 0.9272 0.3444
vn -0.2517 0.9102 0.3290
vn 0.0013 0.9551 0.2962
vn -0.0040 0.9838 0.1792
vn 0.0035 0.9981 0.0615
vn 0.0284 0.9973 0.0684
vn -0.0008 0.9982 0.0599
vn 0.0281 0.9973 0.0683
vn 0.0785 0.9933 0.0850
vn 0.1205 0.9893 0.0829
vn 0.1178 0.9893 0.0859
vn 0.1209 0.9893 0.0817
vn 0.1263 0.9872 0.0970
vn -0.2936 0.9559 -0.0073
vn 0.0248 0.9997 0.0089
vn -0.1384 0.9904 -0.0005
vn 0.0308 0.9995 0.0058
vn 0.0274 0.9981 0.0554
vn 0.0156 0.9988 0.0459
vn 0.0273 0.9985 0.0473
vn 0.0162 0.9985 0.0532
vn 0.0422 0.9892 0.1401
vn 0.0362 0.9976 0.0595
vn 0.0419 0.9897 0.1370
vn 0.0350 0.9901 0.1362
vn 0.0359 0.9971 0.0676
vn 0.0356 0.9968 0.0718
vn 0.0807 0.9954 0.0507
vn 0.0802 0.9955 0.0498
vn 0.0819 0.9950 0.0572
vn 0.0732 0.9972 -0.0134
vn 0.0768 0.9949 0.0650
vn 0.0807 0.9966 -0.0147
vn 0.0919 0.9956 -0.0163
vn 0.1323 0.9910 0.0195
vn 0.0452 0.9920 0.1182
vn 0.0454 0.9989 0.0066
vn 0.0502 0.9929 0.1076
vn 0.0422 0.9911 0.1266
vn 0.0391 0.9990 0.0215
vn 0.0354 0.9987 0.0379
vn -0.3376 0.9409 0.0280
vn -0.0008 0.9984 0.0558
vn -0.1746 0.9839 0.0375
vn 0.0056 0.9990 0.0452
vn 0.2305 0.9701 0.0757
vn 0.2161 0.9734 0.0764
vn 0.1917 0.9784 0.0776
vn 0.2142 0.9730 0.0857
vn 0.0530 0.9986 -0.0070
vn 0.0553 0.9984 -0.0086
vn 0.0606 0.9981 -0.0103
vn 0.0636 0.9952 0.0739
vn 0.2682 0.9616 0.0584
vn 0.2695 0.9611 0.0607
vn 0.2654 0.9625 0.0557
vn 0.2661 0.9621 0.0600
vn 0.2461 0.9660 0.0789
vn 0.2526 0.9638 0.0848
vn 0.2575 0.9625 0.0851
vn 0.2593 0.9620 0.0853
vn 0.2506 0.9643 0.0854
vn 0.2632 0.9611 0.0838
vn 0.2625 0.9618 0.0777
vn 0.2656 0.9612 0.0748
vn 0.2530 0.9656 0.0596
vn 0.2533 0.9643 0.0774
vn 0.2705 0.9608 0.0606
vn 0.2694 0.9612 0.0600
vn 0.2709 0.9607 0.0606
vn 0.2425 0.9454 0.2177
vn 0.2352 0.9648 0.1176
vn 0.2438 0.9539 0.1747
vn 0.2323 0.9629 0.1375
vn 0.2287 0.9716 0.0607
vn 0.2364 0.9651 0.1124
vn 0.2435 0.9584 0.1489
vn 0.0063 0.9999 0.0137
vn 0.0132 0.9998 0.0117
vn -0.0684 0.9976 0.0133
vn 0.0140 0.9998 0.0103
vn 0.0142 0.9998 0.0099
vn 0.0240 0.9996 0.0153
vn 0.0383 0.9988 0.0291
vn 0.0750 0.9959 0.0497
vn 0.0576 0.9969 0.0540
vn 0.0931 0.9954 0.0222
vn 0.0736 0.9949 0.0697
vn 0.0725 0.9879 0.1370
vn 0.0770 0.9879 0.1344
vn 0.0774 0.9875 0.1376
vn 0.0709 0.9886 0.1325
vn 0.0903 0.9869 0.1336
vn 0.0894 0.9865 0.1369
vn 0.0177 0.9982 0.0573
vn 0.0816 0.9954 0.0505
vn 0.1099 0.9924 0.0562
vn 0.0510 0.9967 0.0631
vn 0.0203 0.9955 0.0921
vn 0.0401 0.9971 0.0643
vn 0.1156 0.9860 0.1198
vn 0.1236 0.9861 0.1113
vn 0.1144 0.9860 0.1217
vn 0.1239 0.9862 0.1102
vn 0.1266 0.9872 0.0970
vn 0.1022 0.9861 0.1309
vn 0.1034 0.9864 0.1278
vn 0.0829 0.9937 0.0756
vn 0.0957 0.9921 0.0809
vn 0.0710 0.9943 0.0793
vn 0.0894 0.9956 0.0277
vn 0.1185 0.9928 0.0183
vn 0.0744 0.9972 0.0039
vn 0.1349 0.9903 0.0344
vn 0.0241 0.9996 0.0146
vn 0.0385 0.9991 0.0186
vn 0.0393 0.9991 0.0177
vn 0.2491 0.9557 0.1567
vn 0.2496 0.9443 0.2147
vn 0.2488 0.9504 0.1866
vn 0.2463 0.9414 0.2305
vn 0.1309 0.9901 0.0508
vn 0.0778 0.9955 0.0533
vn 0.2398 0.9372 0.2531
vn 0.2423 0.9405 0.2381
vn 0.2333 0.9346 0.2683
vn 0.2367 0.9413 0.2406
vn 0.1586 0.9866 0.0372
vn 0.1523 0.9880 -0.0266
vn 0.1722 0.9847 -0.0252
vn 0.1785 0.9834 0.0331
vn 0.1901 0.9808 0.0434
vn 0.2168 0.9752 0.0437
vn 0.1904 0.9813 0.0273
vn 0.2167 0.9758 0.0282
vn 0.1908 0.9814 0.0192
vn 0.1855 0.9723 0.1419
vn 0.1694 0.9816 0.0883
vn 0.1875 0.9785 0.0864
vn 0.2129 0.9735 0.0833
vn 0.1887 0.9796 0.0690
vn 0.1830 0.9559 0.2296
vn 0.1808 0.9406 0.2874
vn 0.2047 0.9381 0.2796
vn 0.1627 0.9825 0.0909
vn 0.1794 0.9799 0.0872
vn 0.1646 0.9821 0.0911
vn 0.1819 0.9794 0.0880
vn 0.1660 0.9817 0.0933
vn 0.1851 0.9785 0.0906
vn 0.1666 0.9815 0.0941
vn 0.1882 0.9779 0.0915
vn 0.1669 0.9818 0.0910
vn 0.1903 0.9777 0.0888
vn 0.1669 0.9828 0.0790
vn 0.2147 0.9743 0.0677
vn 0.1894 0.9801 0.0599
vn 0.2160 0.9746 0.0592
vn 0.1520 0.9878 -0.0333
vn 0.1536 0.9878 -0.0256
vn 0.1711 0.9673 0.1874
vn 0.1780 0.9405 0.2895
vn 0.2156 0.9763 0.0214
vn 0.1907 0.9815 0.0148
vn 0.2149 0.9765 0.0160
vn 0.1097 0.9924 0.0562
vn 0.1053 0.9943 -0.0181
vn 0.1047 0.9941 -0.0270
vn 0.1254 0.9597 0.2516
vn 0.1231 0.9433 0.3083
vn 0.1043 0.9888 0.1064
vn 0.1151 0.9880 0.1033
vn 0.1057 0.9891 0.1029
vn 0.1062 0.9899 0.0942
vn 0.1059 0.9903 0.0902
vn 0.1073 0.9896 0.0959
vn 0.1095 0.9898 0.0910
vn 0.0964 0.9935 0.0608
vn 0.1049 0.9942 -0.0217
vn 0.1167 0.9702 0.2123
vn 0.1203 0.9430 0.3103
vn 0.0707 0.9951 0.0688
vn 0.0673 0.9977 -0.0120
vn 0.0667 0.9975 -0.0222
vn 0.1017 0.9947 0.0126
vn 0.1022 0.9946 0.0178
vn 0.1036 0.9929 0.0579
vn 0.1031 0.9938 0.0418
vn 0.1044 0.9922 0.0678
vn 0.0937 0.9581 0.2708
vn 0.0884 0.9395 0.3308
vn 0.0927 0.9423 0.3218
vn 0.0763 0.9694 0.2335
vn 0.0802 0.9395 0.3331
vn 0.0747 0.9943 0.0755
vn 0.0731 0.9946 0.0742
vn 0.0691 0.9949 0.0729
vn 0.0827 0.9964 0.0198
vn 0.0666 0.9976 -0.0178
vn 0.0704 0.9925 0.1004
vn 0.0716 0.9924 0.1002
vn 0.0625 0.9959 0.0649
vn 0.0684 0.9943 0.0816
vn 0.1027 0.9944 0.0255
vn 0.1050 0.9903 0.0913
vn 0.0541 0.9938 0.0971
vn 0.0508 0.9987 -0.0030
vn 0.0492 0.9987 -0.0156
vn 0.0728 0.9973 0.0042
vn 0.0766 0.9970 0.0055
vn 0.0848 0.9960 0.0289
vn 0.0891 0.9950 0.0449
vn 0.0934 0.9941 0.0556
vn 0.0780 0.9420 0.3265
vn 0.0711 0.9126 0.4027
vn 0.0770 0.9204 0.3832
vn 0.0426 0.9956 0.0831
vn 0.0443 0.9955 0.0839
vn 0.0476 0.9952 0.0859
vn 0.0499 0.9945 0.0923
vn 0.0508 0.9938 0.0985
vn 0.0486 0.9947 0.0905
vn 0.0807 0.9967 0.0129
vn 0.0541 0.9982 0.0243
vn 0.0475 0.9988 -0.0095
vn 0.0584 0.9544 0.2928
vn 0.0615 0.9115 0.4067
vn 0.0549 0.9515 0.3026
vn 0.0966 0.9916 0.0860
vn 0.0419 0.9902 0.1329
vn 0.0355 0.9981 0.0508
vn 0.0266 0.9989 0.0377
vn 0.0152 0.9992 0.0381
vn 0.0036 0.9991 0.0411
vn 0.0236 0.9993 0.0281
vn 0.0301 0.9995 0.0132
vn 0.0364 0.9993 0.0067
vn 0.0069 0.9962 0.0867
vn 0.0063 0.9837 0.1798
vn 0.0113 0.9985 0.0536
vn 0.0166 0.9330 0.3594
vn 0.0332 0.9295 0.3673
vn 0.0424 0.9325 0.3586
vn 0.0214 0.9327 0.3600
vn 0.0111 0.9976 0.0681
vn 0.0095 0.9976 0.0680
vn 0.0066 0.9977 0.0670
vn 0.0035 0.9978 0.0656
vn -0.0009 0.9980 0.0639
vn 0.0116 0.9545 0.2979
vn -0.0045 0.9989 0.0476
vn -0.0053 0.9981 0.0611
vn -0.0026 0.9983 0.0585
vn 0.0416 0.9991 0.0045
vn 0.0173 0.9989 0.0430
vn 0.0287 0.9623 0.2704
vn 0.0460 0.9594 0.2782
vn 0.0655 0.9073 0.4154
vn 0.0562 0.9039 0.4240
vn 0.0691 0.9158 0.3956
vn 0.0838 0.9363 0.3411
vn 0.0773 0.9317 0.3549
vn 0.0896 0.9392 0.3315
vn 0.1215 0.9401 0.3184
vn 0.1073 0.9407 0.3218
vn 0.1794 0.9373 0.2988
vn 0.2032 0.9349 0.2911
vn 0.0290 0.9972 0.0685
vn 0.0760 0.9937 0.0822
vn -0.1372 0.9905 0.0115
vn -0.1414 0.9899 -0.0044
vn -0.1259 0.9918 0.0199
vn -0.7384 -0.6734 -0.0353
vn -0.0418 0.9974 0.0586
vn -0.0801 0.9959 0.0421
vn -0.7169 -0.6939 -0.0677
vn -0.7213 -0.6903 -0.0573
vn -0.4662 0.8436 0.2664
vn -0.7693 -0.6372 0.0455
vn -0.7145 -0.6988 -0.0328
vn 0.0476 0.9987 0.0208
vn 0.0474 0.9538 0.2966
vn 0.0502 0.9518 0.3024
vn 0.0458 0.9580 0.2832
vn 0.0465 0.9560 0.2896
vn -0.0014 0.9979 0.0646
vn 0.0320 0.9982 0.0515
vn -0.7115 -0.7000 -0.0616
vn -0.7144 -0.6962 -0.0710
vn 0.0966 0.9405 0.3257
vn -0.1080 0.9938 0.0273
vn -0.7268 -0.6852 -0.0466
vn -0.7330 -0.6789 -0.0412
vn 0.0720 0.9249 0.3734
vn -0.0605 0.9734 0.2210
vn 0.2416 0.9694 0.0425
vn 0.2434 0.9685 0.0530
vn 0.2324 0.9723 0.0244
vn 0.1070 0.9904 0.0879
vn 0.2478 0.9667 0.0639
vn 0.2529 0.9648 0.0714
vn 0.2457 0.9665 0.0745
vn 0.2495 0.9628 0.1041
vn 0.1571 0.9835 0.0895
vn 0.2345 0.9689 0.0790
vn 0.2366 0.9694 0.0658
vn 0.2232 0.9333 0.2812
vn 0.2402 0.9691 0.0568
vn 0.2410 0.9676 0.0760
vn 0.2209 0.9753 0.0090
vn 0.2295 0.9732 0.0178
vn 0.2044 0.9789 -0.0096
vn 0.2379 0.9695 0.0585
vn 0.2383 0.9701 0.0452
vn 0.2262 0.9626 0.1491
vn 0.1979 0.9765 0.0849
vn 0.2019 0.9757 0.0856
vn 0.2064 0.9746 0.0869
vn 0.2106 0.9736 0.0875
vn 0.2334 0.9722 0.0194
vn 0.2353 0.9716 0.0254
vn 0.2373 0.9709 0.0320
vn 0.2360 0.9712 0.0343
vn 0.2455 0.9531 0.1770
vn 0.1903 0.9816 -0.0180
vn 0.0150 -0.0819 -0.9965
vn 0.0163 -0.0858 -0.9962
vn 0.0149 -0.0819 -0.9965
vn 0.0164 -0.0857 -0.9962
vn 0.0205 -0.0858 -0.9961
vn 0.0440 -0.0746 -0.9962
vn 0.0578 -0.0706 -0.9958
vn 0.0439 -0.0748 -0.9962
vn 0.0578 -0.0704 -0.9958
vn 0.0589 -0.0707 -0.9958
vn -0.6294 -0.0473 -0.7756
vn -0.0577 -0.1137 -0.9918
vn -0.6320 -0.0469 -0.7735
vn -0.9963 0.0847 0.0146
vn -0.9963 0.0848 0.0152
vn 0.9345 -0.2762 -0.2245
vn 0.9343 -0.2754 -0.2262
vn 0.9344 -0.2749 -0.2266
vn 0.9325 -0.2753 -0.2339
vn 0.9325 -0.2754 -0.2335
vn 0.9134 -0.2371 -0.3309
vn 0.9160 -0.2334 -0.3264
vn 0.9133 -0.2372 -0.3310
vn 0.9160 -0.2333 -0.3264
vn 0.9309 -0.2406 -0.2749
vn 0.8592 -0.2684 -0.4355
vn 0.8680 -0.2675 -0.4183
vn 0.8593 -0.2681 -0.4356
vn 0.8682 -0.2673 -0.4182
vn 0.8827 -0.2633 -0.3892
vn -0.9821 0.0951 0.1627
vn -0.9849 0.0931 0.1463
vn -0.9849 0.0930 0.1461
vn -0.9864 0.1034 0.1278
vn -0.9864 0.1035 0.1278
vn -0.9340 0.1521 0.3232
vn -0.9460 0.1533 0.2856
vn -0.9460 0.1532 0.2856
vn -0.9539 0.1493 0.2604
vn -0.9539 0.1492 0.2604
vn -0.9996 0.0263 -0.0113
vn -0.9997 0.0162 -0.0186
vn -0.9994 0.0124 -0.0313
vn -0.9112 0.1411 0.3871
vn -0.9185 0.1482 0.3666
vn -0.9185 0.1483 0.3666
vn 0.1200 -0.1101 -0.9867
vn 0.1223 -0.1074 -0.9867
vn 0.1199 -0.1103 -0.9866
vn 0.1225 -0.1071 -0.9867
vn 0.1366 -0.1063 -0.9849
vn 0.9434 -0.2720 -0.1899
vn 0.9474 -0.2673 -0.1759
vn 0.9433 -0.2723 -0.1901
vn 0.9394 -0.2753 -0.2041
vn 0.9394 -0.2753 -0.2042
vn 0.8527 -0.2626 -0.4516
vn 0.8417 -0.2466 -0.4803
vn 0.8417 -0.2465 -0.4804
vn 0.8527 -0.2623 -0.4517
vn 0.0148 -0.0767 -0.9969
vn 0.0150 -0.0721 -0.9973
vn 0.0149 -0.0719 -0.9973
vn 0.0149 -0.0769 -0.9969
vn 0.0559 -0.0962 -0.9938
vn 0.0430 -0.0851 -0.9954
vn 0.0429 -0.0849 -0.9955
vn 0.0901 -0.1066 -0.9902
vn 0.0560 -0.0963 -0.9938
vn -0.9941 0.0928 0.0553
vn -0.9905 0.1198 0.0680
vn -0.9942 0.0927 0.0553
vn -0.9975 0.0649 0.0273
vn -0.9975 0.0648 0.0273
vn -0.9860 0.1225 0.1127
vn -0.9860 0.1226 0.1127
vn -0.9861 0.1377 0.0935
vn -0.9860 0.1377 0.0935
vn -0.9253 0.1296 0.3565
vn -0.9112 0.1410 0.3871
vn 0.8211 -0.2182 -0.5274
vn 0.7711 -0.1910 -0.6074
vn 0.7711 -0.1910 -0.6073
vn 0.8212 -0.2183 -0.5273
vn 0.9223 -0.2797 -0.2666
vn 0.9125 -0.2859 -0.2925
vn 0.9124 -0.2861 -0.2926
vn 0.9226 -0.2796 -0.2658
vn 0.9194 -0.2858 -0.2701
vn 0.9389 -0.2741 -0.2081
vn 0.9396 -0.2735 -0.2056
vn 0.9189 -0.2860 -0.2717
vn 0.9358 -0.2766 -0.2183
vn 0.9357 -0.2770 -0.2184
vn 0.9345 -0.2765 -0.2243
vn -0.9876 0.1372 0.0760
vn -0.9991 0.0422 0.0007
vn 0.9583 -0.2622 -0.1140
vn 0.9650 -0.2603 0.0302
vn 0.9582 -0.2621 -0.1143
vn 0.9475 -0.2673 -0.1758
vn 0.9059 -0.2516 -0.3407
vn 0.9106 -0.2445 -0.3333
vn 0.9058 -0.2518 -0.3408
vn 0.9106 -0.2443 -0.3333
vn -0.9780 0.1065 0.1793
vn -0.9705 0.1227 0.2074
vn -0.9780 0.1064 0.1794
vn -0.9821 0.0950 0.1628
vn 0.5804 -0.1805 -0.7941
vn 0.6895 -0.1832 -0.7007
vn 0.5796 -0.1804 -0.7947
vn 0.6899 -0.1832 -0.7004
vn 0.8828 -0.2631 -0.3891
vn 0.8970 -0.2579 -0.3589
vn 0.8971 -0.2579 -0.3588
vn -0.9616 0.1385 0.2368
vn -0.9616 0.1384 0.2368
vn 0.4020 -0.1552 -0.9024
vn 0.2431 -0.1241 -0.9620
vn 0.2430 -0.1240 -0.9621
vn 0.4012 -0.1551 -0.9028
vn 0.1545 -0.1066 -0.9822
vn 0.1370 -0.1060 -0.9849
vn 0.1686 -0.1077 -0.9798
vn 0.1546 -0.1067 -0.9822
vn 0.1158 -0.1115 -0.9870
vn 0.0902 -0.1067 -0.9902
vn 0.1158 -0.1114 -0.9870
vn 0.0498 -0.0758 -0.9959
vn 0.0498 -0.0759 -0.9959
vn 0.0291 -0.0811 -0.9963
vn 0.0291 -0.0812 -0.9963
vn 0.0148 -0.0680 -0.9976
vn 0.0123 -0.0670 -0.9977
vn 0.0123 -0.0666 -0.9977
vn 0.0148 -0.0681 -0.9976
vn 0.9465 -0.2560 -0.1967
vn 0.9309 -0.2406 -0.2748
vn 0.9466 -0.2563 -0.1956
vn -0.0107 -0.0847 -0.9964
vn 0.0026 -0.0717 -0.9974
vn -0.0107 -0.0847 -0.9963
vn 0.0027 -0.0716 -0.9974
vn -0.0194 -0.1018 -0.9946
vn -0.0194 -0.1019 -0.9946
vn -0.0573 -0.1136 -0.9919
vn 0.1687 -0.1076 -0.9798
vn 0.1876 -0.1118 -0.9759
vn 0.1876 -0.1117 -0.9759
vn -0.0474 -0.0819 0.9955
vn -0.0460 -0.0858 0.9952
vn -0.0459 -0.0858 0.9953
vn -0.0418 -0.0859 0.9954
vn -0.0184 -0.0746 0.9970
vn -0.0045 -0.0703 0.9975
vn -0.0046 -0.0705 0.9975
vn -0.0035 -0.0708 0.9975
vn -0.0035 -0.0706 0.9975
vn -0.6767 -0.0474 0.7347
vn -0.1195 -0.1137 0.9863
vn -0.1192 -0.1137 0.9863
vn -0.9934 0.0847 -0.0769
vn -0.6792 -0.0470 0.7325
vn 0.9187 -0.2762 0.2824
vn 0.9184 -0.2754 0.2842
vn 0.9184 -0.2749 0.2846
vn 0.9160 -0.2753 0.2917
vn 0.8909 -0.2371 0.3874
vn 0.8938 -0.2334 0.3830
vn 0.8938 -0.2334 0.3831
vn 0.9119 -0.2406 0.3326
vn 0.9119 -0.2406 0.3325
vn 0.8304 -0.2682 0.4884
vn 0.8402 -0.2675 0.4717
vn 0.8402 -0.2676 0.4718
vn 0.8568 -0.2633 0.4434
vn 0.8567 -0.2633 0.4436
vn -0.9700 0.0950 -0.2239
vn -0.9738 0.0931 -0.2076
vn -0.9700 0.0951 -0.2238
vn -0.9738 0.0930 -0.2074
vn -0.9765 0.1035 -0.1892
vn -0.9122 0.1521 -0.3805
vn -0.9263 0.1531 -0.3442
vn -0.9120 0.1521 -0.3809
vn -0.9357 0.1492 -0.3195
vn -0.9983 0.0263 -0.0512
vn -0.9989 0.0162 -0.0439
vn -0.9989 0.0161 -0.0439
vn -0.8852 0.1410 -0.4433
vn -0.8938 0.1483 -0.4232
vn -0.8938 0.1483 -0.4233
vn 0.0580 -0.1101 0.9922
vn 0.0604 -0.1073 0.9924
vn 0.0605 -0.1071 0.9924
vn 0.0753 -0.1059 0.9915
vn 0.0750 -0.1061 0.9915
vn 0.9296 -0.2720 0.2485
vn 0.9346 -0.2673 0.2348
vn 0.9346 -0.2672 0.2347
vn 0.9248 -0.2753 0.2625
vn 0.9295 -0.2723 0.2487
vn 0.8228 -0.2626 0.5040
vn 0.8100 -0.2465 0.5320
vn 0.8228 -0.2623 0.5042
vn 0.8304 -0.2681 0.4884
vn -0.0475 -0.0767 0.9959
vn -0.0473 -0.0721 0.9963
vn -0.0474 -0.0769 0.9959
vn -0.0473 -0.0819 0.9955
vn -0.0064 -0.0962 0.9953
vn -0.0194 -0.0850 0.9962
vn -0.0063 -0.0963 0.9953
vn 0.0280 -0.1066 0.9939
vn 0.0281 -0.1067 0.9939
vn -0.9887 0.0928 -0.1173
vn -0.9843 0.1198 -0.1298
vn -0.9939 0.0649 -0.0896
vn -0.9888 0.0927 -0.1173
vn -0.9771 0.1225 -0.1741
vn -0.9771 0.1226 -0.1741
vn -0.9783 0.1377 -0.1550
vn -0.9012 0.1296 -0.4136
vn -0.9934 0.0848 -0.0774
vn -0.9011 0.1297 -0.4137
vn 0.7865 -0.2182 0.5777
vn 0.7316 -0.1910 0.6544
vn 0.7866 -0.2183 0.5776
vn 0.8100 -0.2465 0.5321
vn 0.9039 -0.2797 0.3237
vn 0.8924 -0.2859 0.3490
vn 0.9042 -0.2796 0.3229
vn 0.9161 -0.2754 0.2914
vn 0.9008 -0.2859 0.3270
vn 0.9241 -0.2741 0.2663
vn 0.9001 -0.2860 0.3286
vn 0.8924 -0.2861 0.3490
vn 0.9204 -0.2766 0.2764
vn 0.9248 -0.2754 0.2625
vn 0.9202 -0.2769 0.2765
vn -0.9809 0.1372 -0.1376
vn -0.9783 0.1378 -0.1550
vn -0.9809 0.1373 -0.1376
vn -0.9971 0.0422 -0.0632
vn -0.9939 0.0648 -0.0896
vn 0.9493 -0.2622 0.1737
vn 0.9650 -0.2604 0.0302
vn 0.9491 -0.2624 0.1741
vn 0.8828 -0.2516 0.3967
vn 0.8880 -0.2444 0.3896
vn -0.9649 0.1064 -0.2402
vn -0.9557 0.1226 -0.2677
vn -0.9557 0.1227 -0.2677
vn -0.9649 0.1065 -0.2402
vn 0.5297 -0.1804 0.8288
vn 0.6444 -0.1832 0.7425
vn 0.6448 -0.1832 0.7421
vn 0.7317 -0.1910 0.6543
vn 0.8729 -0.2579 0.4143
vn 0.8728 -0.2579 0.4143
vn 0.8827 -0.2518 0.3968
vn -0.9450 0.1384 -0.2965
vn -0.9358 0.1493 -0.3195
vn 0.3447 -0.1552 0.9258
vn 0.1825 -0.1241 0.9753
vn 0.3440 -0.1551 0.9261
vn 0.5288 -0.1804 0.8293
vn 0.0930 -0.1068 0.9899
vn 0.0926 -0.1065 0.9900
vn 0.1071 -0.1077 0.9884
vn 0.1071 -0.1076 0.9884
vn 0.0539 -0.1113 0.9923
vn 0.0538 -0.1115 0.9923
vn 0.0579 -0.1103 0.9922
vn -0.0125 -0.0758 0.9970
vn -0.0125 -0.0759 0.9970
vn -0.0194 -0.0849 0.9962
vn -0.0332 -0.0811 0.9962
vn -0.0333 -0.0811 0.9961
vn -0.0185 -0.0748 0.9970
vn -0.0476 -0.0680 0.9965
vn -0.0501 -0.0669 0.9965
vn -0.0475 -0.0682 0.9965
vn -0.0475 -0.0719 0.9963
vn 0.9323 -0.2560 0.2556
vn 0.9325 -0.2563 0.2544
vn 0.9249 -0.2735 0.2640
vn -0.0729 -0.0846 0.9937
vn -0.0598 -0.0717 0.9956
vn -0.0597 -0.0717 0.9956
vn -0.0501 -0.0666 0.9965
vn -0.0816 -0.1018 0.9915
vn -0.0730 -0.0847 0.9937
vn -0.0816 -0.1019 0.9914
vn 0.1263 -0.1118 0.9857
vn 0.1263 -0.1117 0.9857
vn 0.1828 -0.1243 0.9753
vn 0.2581 0.9661 0.0081
vn 0.1183 0.9923 0.0369
vn 0.0275 0.9996 -0.0021
vt 0.075406 0.291625
vt 0.102354 0.316533
vt 0.075314 0.316803
vt 0.075452 0.266443
vt 0.102395 0.291490
vt 0.102418 0.266443
vt 0.137567 0.291321
vt 0.137548 0.316196
vt 0.220875 0.437501
vt 0.179081 0.414492
vt 0.220783 0.413467
vt 0.221062 0.458648
vt 0.179179 0.438658
vt 0.179372 0.459953
vt 0.138224 0.439859
vt 0.137981 0.415551
vt 0.347093 0.433487
vt 0.319381 0.410853
vt 0.346565 0.410012
vt 0.347534 0.453978
vt 0.319723 0.434478
vt 0.320061 0.455147
vt 0.290098 0.435468
vt 0.289894 0.411701
vt 0.034697 0.930451
vt 0.050644 0.948479
vt 0.024226 0.951683
vt 0.046258 0.908540
vt 0.059090 0.927480
vt 0.068748 0.905481
vt 0.082077 0.924712
vt 0.075419 0.945521
vt 0.750824 0.288168
vt 0.784056 0.309564
vt 0.748199 0.309900
vt 0.752015 0.266444
vt 0.787450 0.287998
vt 0.788990 0.266444
vt 0.827252 0.287811
vt 0.822994 0.309198
vt 0.453175 0.449091
vt 0.487240 0.461521
vt 0.453493 0.463605
vt 0.486877 0.447439
vt 0.523542 0.459148
vt 0.523935 0.469333
vt 0.487559 0.472329
vt 0.453702 0.474933
vt 0.117680 0.984879
vt 0.089802 0.984120
vt 0.118086 0.981162
vt 0.089113 0.987833
vt 0.063855 0.986995
vt 0.066062 0.978743
vt 0.091344 0.975915
vt 0.118991 0.972989
vt 0.222679 0.510759
vt 0.259671 0.512843
vt 0.222866 0.515305
vt 0.259490 0.508414
vt 0.291959 0.510557
vt 0.259941 0.515351
vt 0.223138 0.517855
vt 0.984759 0.203897
vt 0.978636 0.178548
vt 0.984364 0.178338
vt 0.979166 0.204091
vt 0.970958 0.178830
vt 0.970424 0.153290
vt 0.978285 0.152983
vt 0.984150 0.152754
vt 0.970132 0.102176
vt 0.961934 0.077666
vt 0.970136 0.077139
vt 0.961985 0.102545
vt 0.957356 0.077960
vt 0.959082 0.056301
vt 0.962768 0.056599
vt 0.970294 0.055021
vt 0.531009 0.955594
vt 0.566550 0.939123
vt 0.567788 0.955802
vt 0.498781 0.955522
vt 0.529784 0.939159
vt 0.497598 0.939301
vt 0.529150 0.917064
vt 0.565894 0.916635
vt 0.521704 0.358153
vt 0.484761 0.335868
vt 0.521486 0.335220
vt 0.485075 0.359015
vt 0.450453 0.336456
vt 0.450080 0.313117
vt 0.484507 0.312725
vt 0.521323 0.312294
vt 0.672956 0.448093
vt 0.637073 0.439473
vt 0.673389 0.437507
vt 0.672998 0.454580
vt 0.637027 0.450909
vt 0.637266 0.458468
vt 0.597896 0.453877
vt 0.597633 0.441591
vt 0.132592 0.897090
vt 0.157716 0.916053
vt 0.127310 0.919466
vt 0.161538 0.893446
vt 0.192544 0.912348
vt 0.191103 0.933156
vt 0.155194 0.936708
vt 0.123369 0.940119
vt 0.566795 0.890648
vt 0.607721 0.916175
vt 0.569068 0.863613
vt 0.608659 0.889617
vt 0.610949 0.862024
vt 0.651052 0.888923
vt 0.649715 0.915817
vt 0.682897 0.310534
vt 0.714364 0.332085
vt 0.681339 0.332581
vt 0.716578 0.310203
vt 0.745300 0.331632
vt 0.742256 0.353365
vt 0.712052 0.353970
vt 0.679728 0.354632
vt 0.337585 0.900305
vt 0.365824 0.921656
vt 0.335942 0.923027
vt 0.340336 0.876013
vt 0.367660 0.898508
vt 0.370650 0.873923
vt 0.394032 0.897126
vt 0.392125 0.920648
vt 0.971670 0.204350
vt 0.963348 0.179122
vt 0.964244 0.204615
vt 0.959059 0.179366
vt 0.958223 0.153896
vt 0.962629 0.153610
vt 0.686280 0.915689
vt 0.653520 0.861035
vt 0.688618 0.888904
vt 0.691566 0.861214
vt 0.718042 0.889233
vt 0.714417 0.915696
vt 0.008096 0.985642
vt 0.035074 0.990359
vt 0.004144 0.994058
vt 0.038102 0.982033
vt 0.062872 0.990712
vt 0.033725 0.994088
vt 0.002386 0.997806
vt 0.345189 0.338185
vt 0.318357 0.314545
vt 0.344866 0.314268
vt 0.345567 0.362108
vt 0.318536 0.338599
vt 0.318757 0.362662
vt 0.289440 0.339025
vt 0.289366 0.314829
vt 0.220605 0.339945
vt 0.178900 0.315816
vt 0.220599 0.315446
vt 0.220633 0.364443
vt 0.178898 0.340494
vt 0.178924 0.365164
vt 0.137545 0.341060
vt 0.075894 0.392226
vt 0.103308 0.416523
vt 0.076570 0.417324
vt 0.075419 0.367110
vt 0.102823 0.391557
vt 0.102475 0.366572
vt 0.137764 0.390736
vt 0.042264 0.393108
vt 0.057485 0.417919
vt 0.042625 0.418396
vt 0.042073 0.367807
vt 0.056884 0.392719
vt 0.056486 0.367501
vt 0.227704 0.930037
vt 0.195200 0.889442
vt 0.228832 0.908843
vt 0.231051 0.885573
vt 0.265848 0.905626
vt 0.264578 0.927339
vt 0.649676 0.939017
vt 0.683870 0.956158
vt 0.650228 0.956173
vt 0.684751 0.938917
vt 0.711163 0.938815
vt 0.708680 0.956067
vt 0.081680 0.495992
vt 0.105474 0.479864
vt 0.106543 0.494541
vt 0.079903 0.481174
vt 0.104548 0.462631
vt 0.138566 0.461313
vt 0.139098 0.478325
vt 0.139742 0.492773
vt 0.042656 0.291798
vt 0.056546 0.316998
vt 0.042387 0.317149
vt 0.042784 0.266443
vt 0.056718 0.291723
vt 0.056801 0.266443
vt 0.764072 0.838154
vt 0.751344 0.816134
vt 0.769247 0.817151
vt 0.758230 0.863080
vt 0.747264 0.837391
vt 0.742682 0.862601
vt 0.725427 0.836415
vt 0.728736 0.814858
vt 0.659773 0.812590
vt 0.694801 0.835244
vt 0.656668 0.834825
vt 0.697869 0.813327
vt 0.721785 0.861973
vt 0.572169 0.837876
vt 0.538553 0.817150
vt 0.575275 0.815380
vt 0.535462 0.839706
vt 0.532374 0.865114
vt 0.503518 0.841358
vt 0.506621 0.818727
vt 0.349114 0.806423
vt 0.315399 0.787934
vt 0.352267 0.786376
vt 0.346296 0.827507
vt 0.312927 0.808297
vt 0.310608 0.829757
vt 0.274226 0.810633
vt 0.275724 0.789927
vt 0.484282 0.289583
vt 0.521179 0.289368
vt 0.449749 0.289779
vt 0.484179 0.266444
vt 0.521113 0.266444
vt 0.752201 0.889722
vt 0.758390 0.915752
vt 0.746270 0.915736
vt 0.765396 0.889915
vt 0.772646 0.863525
vt 0.777262 0.890088
vt 0.769290 0.915766
vt 0.051106 0.497719
vt 0.061656 0.482096
vt 0.064346 0.496992
vt 0.047413 0.482775
vt 0.059497 0.464570
vt 0.078398 0.463755
vt 0.303490 0.972023
vt 0.337445 0.966865
vt 0.337692 0.970883
vt 0.266808 0.973552
vt 0.303221 0.968070
vt 0.266524 0.969669
vt 0.302589 0.959548
vt 0.336856 0.958218
vt 0.684945 0.266444
vt 0.718582 0.288321
vt 0.684307 0.288488
vt 0.719491 0.266444
vt 0.152381 0.823586
vt 0.144876 0.802171
vt 0.158514 0.799786
vt 0.145968 0.848223
vt 0.135763 0.826692
vt 0.126742 0.851790
vt 0.120938 0.830273
vt 0.132477 0.805641
vt 0.318366 0.766926
vt 0.356177 0.765603
vt 0.277690 0.768685
vt 0.279978 0.746951
vt 0.321648 0.745363
vt 0.360557 0.744226
vt 0.577726 0.797226
vt 0.543078 0.781720
vt 0.579756 0.781354
vt 0.541013 0.798446
vt 0.509145 0.799563
vt 0.511357 0.782149
vt 0.664301 0.781787
vt 0.700418 0.796834
vt 0.662245 0.795666
vt 0.702633 0.783496
vt 0.731559 0.798661
vt 0.773413 0.801376
vt 0.757741 0.787275
vt 0.776970 0.788647
vt 0.754747 0.800164
vt 0.734082 0.785589
vt 0.164702 0.777172
vt 0.163264 0.756857
vt 0.170961 0.755255
vt 0.154054 0.779072
vt 0.144212 0.782568
vt 0.156034 0.760488
vt 0.455055 0.801679
vt 0.434905 0.783580
vt 0.458120 0.783083
vt 0.452144 0.821581
vt 0.431305 0.802689
vt 0.428150 0.822898
vt 0.407204 0.803745
vt 0.411085 0.784226
vt 0.448885 0.844457
vt 0.445604 0.869366
vt 0.424791 0.845923
vt 0.421396 0.870786
vt 0.400547 0.847426
vt 0.403929 0.824236
vt 0.420736 0.336950
vt 0.420238 0.313447
vt 0.421309 0.360456
vt 0.395168 0.361028
vt 0.394539 0.337379
vt 0.393987 0.313732
vt 0.487851 0.481953
vt 0.453881 0.485060
vt 0.524305 0.478356
vt 0.524581 0.485092
vt 0.488070 0.489138
vt 0.454015 0.492622
vt 0.417481 0.956366
vt 0.441609 0.940117
vt 0.442564 0.955971
vt 0.392728 0.956824
vt 0.416669 0.940676
vt 0.416671 0.919767
vt 0.441394 0.918949
vt 0.452676 0.429383
vt 0.422779 0.407506
vt 0.452064 0.406529
vt 0.423536 0.430529
vt 0.424108 0.450461
vt 0.397579 0.431537
vt 0.396761 0.408364
vt 0.879284 0.104420
vt 0.886843 0.082932
vt 0.884787 0.104978
vt 0.880953 0.081701
vt 0.889384 0.060107
vt 0.892238 0.060934
vt 0.889490 0.083485
vt 0.887259 0.105228
vt 0.883033 0.058267
vt 0.892614 0.036795
vt 0.885711 0.034469
vt 0.895637 0.017577
vt 0.898938 0.018756
vt 0.895715 0.037840
vt 0.875232 0.202343
vt 0.867209 0.177179
vt 0.875701 0.176103
vt 0.866901 0.203134
vt 0.859256 0.178206
vt 0.859461 0.152711
vt 0.867685 0.151805
vt 0.876469 0.150859
vt 0.862447 0.810822
vt 0.855173 0.795826
vt 0.869267 0.797971
vt 0.854668 0.826786
vt 0.848946 0.808424
vt 0.841624 0.824063
vt 0.833395 0.805975
vt 0.838967 0.793592
vt 0.442866 0.894748
vt 0.467977 0.918190
vt 0.469186 0.893621
vt 0.471701 0.867935
vt 0.498053 0.892568
vt 0.497032 0.917548
vt 0.802606 0.969333
vt 0.814961 0.954038
vt 0.809796 0.972419
vt 0.807990 0.951160
vt 0.822347 0.929851
vt 0.825398 0.931025
vt 0.818093 0.955331
vt 0.813027 0.973806
vt 0.845305 0.848095
vt 0.835034 0.873418
vt 0.832494 0.844926
vt 0.822345 0.869729
vt 0.817901 0.841810
vt 0.826632 0.821336
vt 0.461858 0.763952
vt 0.444859 0.743145
vt 0.466030 0.744318
vt 0.439556 0.763687
vt 0.416207 0.763782
vt 0.422088 0.742606
vt 0.673227 0.466154
vt 0.637735 0.469788
vt 0.673196 0.464083
vt 0.673190 0.467906
vt 0.637835 0.472219
vt 0.637920 0.474052
vt 0.599098 0.478418
vt 0.598945 0.475627
vt 0.780409 0.776418
vt 0.763536 0.762501
vt 0.783836 0.764185
vt 0.760646 0.774891
vt 0.736534 0.773029
vt 0.738972 0.760463
vt 0.668281 0.754798
vt 0.704780 0.770668
vt 0.666290 0.768323
vt 0.706917 0.757827
vt 0.581745 0.765440
vt 0.547193 0.747711
vt 0.583754 0.749242
vt 0.545121 0.764867
vt 0.513644 0.764565
vt 0.516017 0.746671
vt 0.524737 0.488412
vt 0.524967 0.490501
vt 0.488198 0.492670
vt 0.488417 0.494834
vt 0.454104 0.496333
vt 0.348317 0.501908
vt 0.373615 0.503829
vt 0.348405 0.506042
vt 0.373574 0.499787
vt 0.398430 0.501597
vt 0.398610 0.503921
vt 0.373809 0.506189
vt 0.348624 0.508437
vt 0.984461 0.101560
vt 0.978443 0.076544
vt 0.984659 0.076074
vt 0.978339 0.101826
vt 0.978301 0.052769
vt 0.984490 0.050929
vt 0.373426 0.468167
vt 0.347823 0.469563
vt 0.373176 0.452819
vt 0.398417 0.466765
vt 0.398436 0.478789
vt 0.373500 0.480468
vt 0.348019 0.482137
vt 0.522388 0.404072
vt 0.485490 0.382180
vt 0.522018 0.381103
vt 0.485966 0.405363
vt 0.451445 0.383155
vt 0.450893 0.359799
vt 0.057544 0.521490
vt 0.066991 0.510561
vt 0.068996 0.520683
vt 0.054760 0.511338
vt 0.083417 0.509497
vt 0.084731 0.519578
vt 0.107583 0.507929
vt 0.108370 0.517931
vt 0.140367 0.505952
vt 0.140836 0.515800
vt 0.258286 0.473734
vt 0.221430 0.475172
vt 0.257919 0.457449
vt 0.290711 0.472361
vt 0.291118 0.485503
vt 0.258737 0.487174
vt 0.221898 0.488943
vt 0.133029 0.780062
vt 0.132228 0.788796
vt 0.118659 0.796898
vt 0.145847 0.768018
vt 0.118529 0.810992
vt 0.103412 0.817480
vt 0.964732 0.044048
vt 0.970306 0.038494
vt 0.963696 0.040662
vt 0.970830 0.028633
vt 0.983876 0.027035
vt 0.978200 0.017680
vt 0.983777 0.009231
vt 0.977801 0.032153
vt 0.978226 0.127399
vt 0.984222 0.127151
vt 0.970189 0.127729
vt 0.877730 0.127175
vt 0.881330 0.150337
vt 0.882874 0.127085
vt 0.885185 0.127045
vt 0.883515 0.150102
vt 0.422006 0.383974
vt 0.395925 0.384688
vt 0.265865 0.961282
vt 0.301657 0.944627
vt 0.264879 0.946607
vt 0.301468 0.924959
vt 0.336004 0.943067
vt 0.044576 0.465193
vt 0.058226 0.442634
vt 0.043174 0.443188
vt 0.077344 0.441936
vt 0.103853 0.440990
vt 0.729726 0.434411
vt 0.758277 0.441151
vt 0.728572 0.443604
vt 0.759890 0.432745
vt 0.790266 0.438480
vt 0.789424 0.441125
vt 0.757706 0.444881
vt 0.728241 0.448332
vt 0.709589 0.375863
vt 0.678039 0.376695
vt 0.738982 0.375102
vt 0.735562 0.396840
vt 0.707027 0.397762
vt 0.676297 0.398767
vt 0.962216 0.128076
vt 0.957702 0.128406
vt 0.957366 0.102908
vt 0.346037 0.386049
vt 0.319047 0.386746
vt 0.289704 0.387453
vt 0.289546 0.363229
vt 0.220699 0.388950
vt 0.178992 0.389829
vt 0.137606 0.365905
vt 0.875922 0.785630
vt 0.867249 0.771632
vt 0.882573 0.773283
vt 0.861213 0.783730
vt 0.844338 0.781704
vt 0.849705 0.769816
vt 0.449597 0.266444
vt 0.419794 0.289944
vt 0.419593 0.266444
vt 0.393495 0.290087
vt 0.393272 0.266444
vt 0.270565 0.856888
vt 0.305416 0.878736
vt 0.268123 0.881979
vt 0.272675 0.832504
vt 0.308081 0.853757
vt 0.343348 0.851147
vt 0.042144 0.342488
vt 0.056413 0.342261
vt 0.075265 0.341969
vt 0.220600 0.290945
vt 0.178915 0.266443
vt 0.220600 0.266443
vt 0.178910 0.291131
vt 0.137578 0.266443
vt 0.344453 0.266444
vt 0.318203 0.290493
vt 0.318135 0.266444
vt 0.344581 0.290354
vt 0.289306 0.290635
vt 0.289279 0.266444
vt 0.973175 0.255379
vt 0.965150 0.230110
vt 0.972412 0.229870
vt 0.965997 0.255600
vt 0.961091 0.230280
vt 0.960077 0.204822
vt 0.985840 0.254997
vt 0.979746 0.229632
vt 0.985217 0.229454
vt 0.980428 0.255160
vt 0.153954 0.955245
vt 0.120668 0.958700
vt 0.191020 0.951767
vt 0.191562 0.966050
vt 0.153502 0.969493
vt 0.732241 0.417839
vt 0.763227 0.416602
vt 0.767589 0.395819
vt 0.796671 0.415266
vt 0.792401 0.430936
vt 0.102345 0.341564
vt 0.762120 0.938601
vt 0.764880 0.956157
vt 0.756634 0.955858
vt 0.770791 0.938874
vt 0.778565 0.916054
vt 0.781065 0.941001
vt 0.775032 0.958441
vt 0.003470 0.343201
vt 0.007333 0.368580
vt 0.002972 0.368772
vt 0.004011 0.317620
vt 0.007795 0.343068
vt 0.008316 0.317535
vt 0.016904 0.342904
vt 0.016544 0.368361
vt 0.003559 0.466674
vt 0.006664 0.444590
vt 0.008398 0.466586
vt 0.002104 0.419950
vt 0.002064 0.444958
vt 0.006622 0.419623
vt 0.016348 0.444189
vt 0.018005 0.466240
vt 0.023482 0.516515
vt 0.024994 0.512212
vt 0.029569 0.522530
vt 0.019199 0.507348
vt 0.018914 0.498684
vt 0.027601 0.498843
vt 0.033064 0.512629
vt 0.037303 0.523006
vt 0.834896 0.768434
vt 0.830024 0.780290
vt 0.825147 0.792145
vt 0.815972 0.779163
vt 0.820427 0.767216
vt 0.820074 0.804492
vt 0.813848 0.819802
vt 0.806875 0.803548
vt 0.811512 0.791108
vt 0.013358 0.495566
vt 0.012830 0.483991
vt 0.007529 0.482938
vt 0.022086 0.483839
vt 0.808069 0.866160
vt 0.805717 0.840199
vt 0.796505 0.864453
vt 0.793905 0.839512
vt 0.801226 0.818970
vt 0.815556 0.927239
vt 0.831585 0.902862
vt 0.824828 0.900537
vt 0.841838 0.875449
vt 0.834621 0.903907
vt 0.004549 0.292031
vt 0.004801 0.266443
vt 0.008837 0.291989
vt 0.009083 0.266443
vt 0.017813 0.291935
vt 0.017356 0.317426
vt 0.740782 0.938691
vt 0.747106 0.955898
vt 0.736510 0.955944
vt 0.752017 0.938644
vt 0.734073 0.965781
vt 0.743163 0.970366
vt 0.733058 0.970398
vt 0.744314 0.965743
vt 0.753522 0.965710
vt 0.752250 0.970339
vt 0.796636 0.992645
vt 0.806686 0.983912
vt 0.803803 0.995744
vt 0.799388 0.980727
vt 0.809966 0.985343
vt 0.807024 0.997137
vt 0.418280 0.969472
vt 0.443209 0.965000
vt 0.443478 0.969210
vt 0.393461 0.969797
vt 0.418047 0.965306
vt 0.393250 0.965676
vt 0.302926 0.902721
vt 0.650616 0.965916
vt 0.683202 0.970545
vt 0.650781 0.970469
vt 0.683405 0.965958
vt 0.707268 0.965886
vt 0.706662 0.970487
vt 0.002506 0.394354
vt 0.006936 0.394096
vt 0.016306 0.393816
vt 0.016169 0.419269
vt 0.139100 0.873054
vt 0.166330 0.868917
vt 0.170849 0.843990
vt 0.198511 0.864510
vt 0.532142 0.969301
vt 0.568588 0.965279
vt 0.568930 0.969704
vt 0.499879 0.969058
vt 0.531803 0.964939
vt 0.499551 0.964751
vt 0.776358 0.352696
vt 0.780309 0.331131
vt 0.818293 0.330587
vt 0.813321 0.351972
vt 0.104901 0.835045
vt 0.087856 0.840561
vt 0.109817 0.855322
vt 0.091800 0.859518
vt 0.072796 0.864165
vt 0.079683 0.882946
vt 0.058921 0.886665
vt 0.099391 0.879498
vt 0.090042 0.902618
vt 0.772076 0.374259
vt 0.807903 0.373349
vt 0.802211 0.394718
vt 0.727923 0.454855
vt 0.756874 0.450858
vt 0.727824 0.456337
vt 0.757057 0.449710
vt 0.788126 0.444899
vt 0.787564 0.446386
vt 0.756471 0.452418
vt 0.727563 0.457964
vt 0.874611 0.255413
vt 0.866636 0.229242
vt 0.874840 0.228846
vt 0.866465 0.255385
vt 0.858948 0.229620
vt 0.859096 0.203888
vt 0.881145 0.255436
vt 0.879381 0.228628
vt 0.881421 0.228530
vt 0.879119 0.255429
vt 0.879843 0.201907
vt 0.881915 0.201711
vt 0.768245 0.979105
vt 0.785877 0.974889
vt 0.783331 0.986752
vt 0.771405 0.969016
vt 0.789311 0.963746
vt 0.891142 0.778585
vt 0.883710 0.786744
vt 0.890344 0.774682
vt 0.880175 0.799663
vt 0.886891 0.787631
vt 0.876793 0.799138
vt 0.859733 0.127501
vt 0.869340 0.103410
vt 0.868436 0.127339
vt 0.759832 0.971228
vt 0.761483 0.966136
vt 0.855238 0.850618
vt 0.861634 0.828276
vt 0.864764 0.828946
vt 0.844895 0.876362
vt 0.852159 0.849836
vt 0.872892 0.812720
vt 0.869654 0.812131
vt 0.795076 0.945948
vt 0.789096 0.918008
vt 0.860788 0.051830
vt 0.873153 0.030204
vt 0.871554 0.054942
vt 0.861144 0.026169
vt 0.874645 0.009929
vt 0.888290 0.014951
vt 0.880402 0.175509
vt 0.882514 0.175243
vt 0.788839 0.442836
vt 0.788403 0.444113
vt 0.757334 0.447647
vt 0.728059 0.452068
vt 0.860026 0.102457
vt 0.870309 0.079473
vt 0.860334 0.077367
vt 0.701735 0.455939
vt 0.673111 0.460022
vt 0.701765 0.451366
vt 0.701711 0.459351
vt 0.229904 0.975434
vt 0.191950 0.974224
vt 0.229630 0.971621
vt 0.228996 0.963360
vt 0.558730 0.357267
vt 0.558611 0.334558
vt 0.558543 0.311853
vt 0.598022 0.333881
vt 0.597841 0.356365
vt 0.522767 0.426493
vt 0.559787 0.443632
vt 0.523150 0.445582
vt 0.559473 0.424915
vt 0.559200 0.402741
vt 0.597580 0.423297
vt 0.560174 0.456617
vt 0.598282 0.462501
vt 0.560601 0.466101
vt 0.239164 0.749355
vt 0.237593 0.771043
vt 0.236541 0.792393
vt 0.203557 0.773484
vt 0.205366 0.751890
vt 0.236210 0.813453
vt 0.235555 0.835766
vt 0.202002 0.816689
vt 0.202363 0.795022
vt 0.233619 0.860467
vt 0.201117 0.839617
vt 0.558939 0.379995
vt 0.597725 0.378865
vt 0.597644 0.401382
vt 0.228042 0.948917
vt 0.561479 0.483762
vt 0.561311 0.480680
vt 0.599283 0.480340
vt 0.561706 0.485770
vt 0.558484 0.289148
vt 0.558456 0.266444
vt 0.598435 0.288922
vt 0.598239 0.311402
vt 0.367270 0.970201
vt 0.367049 0.966127
vt 0.366510 0.957372
vt 0.398181 0.451661
vt 0.424374 0.465302
vt 0.424458 0.477020
vt 0.394212 0.743135
vt 0.388781 0.764487
vt 0.384016 0.785149
vt 0.380335 0.804947
vt 0.377185 0.825717
vt 0.397124 0.872264
vt 0.373939 0.849096
vt 0.391998 0.941297
vt 0.365747 0.942020
vt 0.398410 0.497648
vt 0.424591 0.499213
vt 0.424548 0.495367
vt 0.454307 0.498563
vt 0.424777 0.501495
vt 0.470508 0.969046
vt 0.470204 0.964789
vt 0.469485 0.955665
vt 0.369088 0.290221
vt 0.368898 0.266444
vt 0.369509 0.314001
vt 0.371183 0.385369
vt 0.370527 0.361568
vt 0.371911 0.409188
vt 0.290356 0.456306
vt 0.320388 0.470969
vt 0.320706 0.483823
vt 0.291793 0.506231
vt 0.321355 0.508291
vt 0.321222 0.504063
vt 0.321599 0.510722
vt 0.292220 0.513026
vt 0.489267 0.745554
vt 0.486160 0.764271
vt 0.483279 0.782610
vt 0.418422 0.895904
vt 0.468397 0.939636
vt 0.478037 0.820198
vt 0.500413 0.866514
vt 0.474875 0.842938
vt 0.480718 0.800639
vt 0.369983 0.337783
vt 0.372630 0.432511
vt 0.610536 0.970151
vt 0.610215 0.965656
vt 0.609463 0.956032
vt 0.257277 0.266444
vt 0.257283 0.290783
vt 0.257299 0.315123
vt 0.257371 0.363809
vt 0.257463 0.388171
vt 0.257578 0.412552
vt 0.179755 0.476729
vt 0.180248 0.490863
vt 0.625592 0.751741
vt 0.623620 0.766557
vt 0.621660 0.781194
vt 0.619645 0.796014
vt 0.617193 0.813533
vt 0.614070 0.835946
vt 0.257322 0.339464
vt 0.530082 0.891616
vt 0.608304 0.939085
vt 0.181268 0.518002
vt 0.141078 0.520597
vt 0.181073 0.513324
vt 0.181532 0.520603
vt 0.141300 0.523250
vt 0.257706 0.436454
vt 0.722052 0.970434
vt 0.722913 0.965824
vt 0.724951 0.955995
vt 0.728512 0.938742
vt 0.733046 0.915718
vt 0.028634 0.368097
vt 0.028858 0.342705
vt 0.029212 0.317293
vt 0.029045 0.443710
vt 0.030569 0.465755
vt 0.028699 0.418851
vt 0.043370 0.512046
vt 0.046942 0.522258
vt 0.038734 0.498349
vt 0.803102 0.765782
vt 0.799133 0.777864
vt 0.795157 0.789943
vt 0.791031 0.802520
vt 0.786085 0.818109
vt 0.034065 0.483364
vt 0.737870 0.889513
vt 0.785611 0.863925
vt 0.779780 0.838869
vt 0.018027 0.266443
vt 0.029579 0.291870
vt 0.029753 0.266443
vt 0.028601 0.393479
vt 0.039342 0.527993
vt 0.048752 0.530006
vt 0.039589 0.530819
vt 0.048601 0.527217
vt 0.058819 0.526434
vt 0.058910 0.529205
vt 0.180722 0.503721
vt 0.222347 0.501435
vt 0.321002 0.495412
vt 0.291505 0.497372
vt 0.348190 0.493458
vt 0.424509 0.487524
vt 0.398421 0.489586
vt 0.561007 0.474448
vt 0.598662 0.470016
vt 0.787290 0.890470
vt 0.798273 0.892286
vt 0.990887 0.254857
vt 0.987417 0.229353
vt 0.990299 0.229110
vt 0.988020 0.254930
vt 0.987004 0.203763
vt 0.989915 0.203366
vt 0.989542 0.152155
vt 0.986584 0.127021
vt 0.989821 0.126931
vt 0.986487 0.152590
vt 0.986839 0.101490
vt 0.990304 0.101891
vt 0.990662 0.025670
vt 0.985930 0.005131
vt 0.990452 0.002387
vt 0.986854 0.050259
vt 0.986174 0.024748
vt 0.085333 0.524491
vt 0.108876 0.525503
vt 0.085387 0.527226
vt 0.108745 0.522803
vt 0.069957 0.528372
vt 0.069909 0.525616
vt 0.990770 0.076825
vt 0.987044 0.075980
vt 0.990935 0.051332
vt 0.373542 0.491529
vt 0.986660 0.178178
vt 0.989616 0.177671
vt 0.259169 0.499337
vt 0.021485 0.524688
vt 0.031725 0.527738
vt 0.031782 0.530821
vt 0.025185 0.520923
vt 0.043448 0.967457
vt 0.015042 0.970899
vt 0.069985 0.964304
vt 0.802949 0.922507
vt 0.812254 0.896320
vt 0.704543 0.418953
vt 0.674612 0.420165
vt 0.702690 0.435900
vt 0.486444 0.428015
vt 0.637595 0.421659
vt 0.638392 0.400011
vt 0.637535 0.464950
vt 0.109991 0.899995
vt 0.117957 0.876406
vt 0.094119 0.961566
vt 0.098147 0.942907
vt 0.639222 0.377727
vt 0.640048 0.355455
vt 0.701680 0.461121
vt 0.701533 0.462808
vt 0.183504 0.753816
vt 0.179960 0.775483
vt 0.176783 0.797489
vt 0.174071 0.820190
vt 0.598522 0.266444
vt 0.642447 0.288694
vt 0.642784 0.266444
vt 0.641701 0.310946
vt 0.640877 0.333198
vt 0.103395 0.922207
vt 0.701905 0.445775
vt 0.192117 0.977982
vt 0.153308 0.977646
vt 0.153218 0.981375
vt 0.102354 0.216354
vt 0.075406 0.241261
vt 0.075314 0.216084
vt 0.137548 0.216691
vt 0.102395 0.241397
vt 0.137567 0.241566
vt 0.179081 0.118395
vt 0.220875 0.095386
vt 0.220783 0.119420
vt 0.137981 0.117336
vt 0.179179 0.094229
vt 0.138224 0.093028
vt 0.179372 0.072934
vt 0.221062 0.074239
vt 0.319381 0.122034
vt 0.347093 0.099400
vt 0.346565 0.122875
vt 0.289894 0.121186
vt 0.319724 0.098409
vt 0.290098 0.097418
vt 0.320061 0.077740
vt 0.347534 0.078909
vt 0.842661 0.717230
vt 0.858608 0.699202
vt 0.869079 0.720435
vt 0.817885 0.714272
vt 0.834215 0.696231
vt 0.811227 0.693463
vt 0.824556 0.674232
vt 0.847047 0.677291
vt 0.784056 0.223324
vt 0.750824 0.244720
vt 0.748199 0.222989
vt 0.822994 0.223691
vt 0.787450 0.244890
vt 0.827252 0.245078
vt 0.453176 0.083796
vt 0.487240 0.071366
vt 0.486878 0.085449
vt 0.453493 0.069282
vt 0.487559 0.060558
vt 0.523937 0.063554
vt 0.523542 0.073739
vt 0.523151 0.087306
vt 0.775625 0.753630
vt 0.803503 0.752871
vt 0.804192 0.756584
vt 0.775219 0.749913
vt 0.801960 0.744666
vt 0.827242 0.747494
vt 0.829450 0.755746
vt 0.830433 0.759463
vt 0.222679 0.022128
vt 0.259671 0.020043
vt 0.259490 0.024472
vt 0.223138 0.015032
vt 0.222866 0.017582
vt 0.259942 0.017536
vt 0.291959 0.022329
vt 0.291793 0.026656
vt 0.514061 0.008247
vt 0.539408 0.014369
vt 0.513867 0.013839
vt 0.539618 0.008641
vt 0.564969 0.014720
vt 0.564663 0.022580
vt 0.539125 0.022046
vt 0.513608 0.021334
vt 0.615771 0.022872
vt 0.640279 0.031069
vt 0.615403 0.031018
vt 0.640806 0.022868
vt 0.661344 0.030235
vt 0.661642 0.033921
vt 0.639985 0.035647
vt 0.615039 0.035637
vt 0.326754 0.707874
vt 0.362295 0.724345
vt 0.325516 0.724553
vt 0.327410 0.685386
vt 0.363520 0.707910
vt 0.364154 0.685815
vt 0.395706 0.708052
vt 0.394523 0.724273
vt 0.521705 0.174735
vt 0.484761 0.197020
vt 0.485075 0.173872
vt 0.521486 0.197667
vt 0.484507 0.220163
vt 0.450080 0.219770
vt 0.450453 0.196431
vt 0.450893 0.173089
vt 0.637073 0.093415
vt 0.672957 0.084795
vt 0.673390 0.095382
vt 0.597634 0.091297
vt 0.637027 0.081979
vt 0.597897 0.079011
vt 0.637267 0.074421
vt 0.672999 0.078309
vt 0.760713 0.665840
vt 0.735588 0.684803
vt 0.731766 0.662197
vt 0.765995 0.688217
vt 0.738111 0.705459
vt 0.702202 0.701907
vt 0.700761 0.681099
vt 0.698104 0.658193
vt 0.285582 0.684926
vt 0.326509 0.659399
vt 0.243589 0.684568
vt 0.284645 0.658368
vt 0.242252 0.657674
vt 0.282355 0.630775
vt 0.324235 0.632364
vt 0.682896 0.222354
vt 0.714364 0.200803
vt 0.716578 0.222686
vt 0.681339 0.200307
vt 0.712052 0.178918
vt 0.742257 0.179523
vt 0.745300 0.201256
vt 0.527480 0.690406
vt 0.555719 0.669056
vt 0.557362 0.691777
vt 0.501180 0.689399
vt 0.525645 0.667259
vt 0.499272 0.665877
vt 0.522654 0.642674
vt 0.552969 0.644764
vt 0.538833 0.029655
vt 0.513343 0.028759
vt 0.564343 0.030374
vt 0.564057 0.034780
vt 0.538589 0.033944
vt 0.513136 0.032925
vt 0.207023 0.684440
vt 0.178886 0.684447
vt 0.204685 0.657655
vt 0.175261 0.657984
vt 0.201738 0.629965
vt 0.239784 0.629786
vt 0.885209 0.754394
vt 0.858231 0.759110
vt 0.855203 0.750785
vt 0.889161 0.762809
vt 0.859580 0.762840
vt 0.318357 0.218342
vt 0.345189 0.194702
vt 0.344866 0.218619
vt 0.289366 0.218058
vt 0.318537 0.194288
vt 0.289440 0.193862
vt 0.318758 0.170225
vt 0.345568 0.170779
vt 0.178901 0.217071
vt 0.220605 0.192942
vt 0.220599 0.217441
vt 0.178898 0.192393
vt 0.137546 0.191827
vt 0.178924 0.167723
vt 0.220633 0.168444
vt 0.103308 0.116363
vt 0.075894 0.140660
vt 0.076570 0.115563
vt 0.102823 0.141330
vt 0.137764 0.142151
vt 0.102475 0.166315
vt 0.075420 0.165776
vt 0.057485 0.114968
vt 0.042265 0.139778
vt 0.042625 0.114491
vt 0.056884 0.140168
vt 0.056486 0.165385
vt 0.042073 0.165080
vt 0.665600 0.698787
vt 0.628726 0.696090
vt 0.664473 0.677594
vt 0.627457 0.674377
vt 0.662254 0.654324
vt 0.209433 0.724910
vt 0.243627 0.707768
vt 0.243076 0.724924
vt 0.184623 0.724818
vt 0.208552 0.707668
vt 0.182140 0.707566
vt 0.081680 0.036894
vt 0.105474 0.053023
vt 0.079903 0.051713
vt 0.106543 0.038346
vt 0.139098 0.054562
vt 0.138567 0.071574
vt 0.104548 0.070256
vt 0.078398 0.069132
vt 0.056546 0.215889
vt 0.042656 0.241089
vt 0.042387 0.215738
vt 0.056718 0.241164
vt 0.141959 0.584885
vt 0.129231 0.606905
vt 0.124056 0.585902
vt 0.164567 0.583609
vt 0.146039 0.606142
vt 0.167876 0.605166
vt 0.150622 0.631353
vt 0.135073 0.631831
vt 0.233531 0.581341
vt 0.198503 0.603995
vt 0.195435 0.582078
vt 0.236635 0.603576
vt 0.171518 0.630724
vt 0.354751 0.585901
vt 0.321135 0.606627
vt 0.318028 0.584131
vt 0.386683 0.587478
vt 0.357842 0.608457
vt 0.389785 0.610108
vt 0.360931 0.633865
vt 0.577906 0.556684
vt 0.544190 0.575174
vt 0.541037 0.555127
vt 0.617581 0.558678
vt 0.580377 0.577047
vt 0.619079 0.579383
vt 0.582696 0.598507
vt 0.547008 0.596258
vt 0.521323 0.220594
vt 0.484282 0.243304
vt 0.521179 0.243520
vt 0.449749 0.243108
vt 0.134913 0.684503
vt 0.141102 0.658473
vt 0.147033 0.684487
vt 0.124014 0.684517
vt 0.127907 0.658666
vt 0.116041 0.658839
vt 0.120657 0.632276
vt 0.051106 0.035168
vt 0.061656 0.050791
vt 0.047413 0.050111
vt 0.064346 0.035895
vt 0.059497 0.068317
vt 0.044577 0.067694
vt 0.555859 0.735616
vt 0.589814 0.740774
vt 0.555612 0.739634
vt 0.556448 0.726969
vt 0.590083 0.736821
vt 0.590716 0.728300
vt 0.626780 0.738420
vt 0.626496 0.742303
vt 0.718582 0.244567
vt 0.684307 0.244401
vt 0.748428 0.570922
vt 0.740923 0.592336
vt 0.734791 0.568536
vt 0.760828 0.574392
vt 0.757542 0.595443
vt 0.772367 0.599024
vt 0.766562 0.620541
vt 0.747337 0.616974
vt 0.574938 0.535677
vt 0.537127 0.534354
vt 0.571657 0.514114
vt 0.613327 0.515702
vt 0.615614 0.537436
vt 0.350226 0.550470
vt 0.315578 0.565977
vt 0.313548 0.550105
vt 0.381947 0.550900
vt 0.352291 0.567197
vt 0.384159 0.568313
vt 0.229002 0.550538
vt 0.192885 0.565585
vt 0.190670 0.552247
vt 0.231059 0.564417
vt 0.161744 0.567412
vt 0.159221 0.554340
vt 0.135562 0.556026
vt 0.119890 0.570127
vt 0.116333 0.557398
vt 0.138557 0.568915
vt 0.730041 0.525607
vt 0.728602 0.545923
vt 0.722344 0.524005
vt 0.737271 0.529239
vt 0.739251 0.547822
vt 0.749092 0.551318
vt 0.458399 0.552331
vt 0.438249 0.570430
vt 0.435184 0.551834
vt 0.482218 0.552977
vt 0.461999 0.571440
vt 0.486101 0.572496
vt 0.465154 0.591649
vt 0.441160 0.590332
vt 0.444419 0.613208
vt 0.489376 0.592987
vt 0.468514 0.614674
vt 0.492757 0.616177
vt 0.471908 0.639537
vt 0.447700 0.638117
vt 0.420736 0.195937
vt 0.420238 0.219441
vt 0.394539 0.195508
vt 0.395169 0.171859
vt 0.421309 0.172431
vt 0.453702 0.057954
vt 0.487852 0.050934
vt 0.453882 0.047827
vt 0.488070 0.043750
vt 0.524582 0.047795
vt 0.524307 0.054531
vt 0.451695 0.708868
vt 0.475823 0.725117
vt 0.450740 0.724722
vt 0.476633 0.688518
vt 0.476635 0.709427
vt 0.501307 0.710047
vt 0.500576 0.725575
vt 0.422779 0.125381
vt 0.452676 0.103504
vt 0.452064 0.126358
vt 0.396761 0.124523
vt 0.423536 0.102358
vt 0.397580 0.101350
vt 0.424109 0.082427
vt 0.834246 0.104427
vt 0.826686 0.082938
vt 0.832577 0.081707
vt 0.828743 0.104985
vt 0.824040 0.083491
vt 0.821292 0.060940
vt 0.824146 0.060113
vt 0.830497 0.058272
vt 0.820916 0.036799
vt 0.827819 0.034473
vt 0.817814 0.037844
vt 0.814591 0.018760
vt 0.817893 0.017580
vt 0.825240 0.014954
vt 0.838297 0.202355
vt 0.846321 0.177190
vt 0.846629 0.203146
vt 0.837828 0.176114
vt 0.845845 0.151815
vt 0.854069 0.152720
vt 0.854274 0.178217
vt 0.854434 0.203901
vt 0.038130 0.564576
vt 0.030856 0.579573
vt 0.024036 0.566722
vt 0.054336 0.562343
vt 0.044358 0.577175
vt 0.059908 0.574726
vt 0.051679 0.592814
vt 0.038635 0.595536
vt 0.425327 0.686941
vt 0.450438 0.663499
vt 0.451910 0.687700
vt 0.396272 0.686299
vt 0.424118 0.662372
vt 0.395251 0.661319
vt 0.421603 0.636686
vt 0.090697 0.738085
vt 0.078342 0.722789
vt 0.085314 0.719911
vt 0.083507 0.741170
vt 0.075210 0.724082
vt 0.067905 0.699776
vt 0.070956 0.698602
vt 0.077747 0.695990
vt 0.047998 0.616846
vt 0.066671 0.590087
vt 0.060809 0.613676
vt 0.075402 0.610561
vt 0.070958 0.638480
vt 0.058269 0.642169
vt 0.448445 0.511896
vt 0.431445 0.532703
vt 0.427274 0.513068
vt 0.471216 0.511356
vt 0.453748 0.532438
vt 0.477097 0.532532
vt 0.637736 0.063101
vt 0.673228 0.066735
vt 0.673196 0.068806
vt 0.598947 0.057261
vt 0.637836 0.060670
vt 0.599100 0.054470
vt 0.637921 0.058836
vt 0.673191 0.064983
vt 0.129767 0.531252
vt 0.112894 0.545169
vt 0.109468 0.532936
vt 0.154331 0.529213
vt 0.132658 0.543642
vt 0.156769 0.541780
vt 0.225023 0.523548
vt 0.188524 0.539418
vt 0.186386 0.526578
vt 0.227013 0.537074
vt 0.346111 0.516461
vt 0.311559 0.534190
vt 0.309549 0.517992
vt 0.377287 0.515421
vt 0.348183 0.533618
vt 0.379659 0.533315
vt 0.524738 0.044476
vt 0.454016 0.040265
vt 0.488199 0.040217
vt 0.454105 0.036554
vt 0.488418 0.038053
vt 0.524968 0.042387
vt 0.348317 0.030979
vt 0.373616 0.029058
vt 0.373574 0.033100
vt 0.348405 0.026845
vt 0.373810 0.026698
vt 0.398610 0.028966
vt 0.398431 0.031290
vt 0.398410 0.035239
vt 0.616387 0.008545
vt 0.641401 0.014562
vt 0.616122 0.014665
vt 0.641871 0.008346
vt 0.665174 0.014704
vt 0.662922 0.022710
vt 0.373427 0.064720
vt 0.373177 0.080068
vt 0.347824 0.063324
vt 0.373500 0.052419
vt 0.398436 0.054098
vt 0.398417 0.066122
vt 0.398181 0.081227
vt 0.522388 0.128815
vt 0.485491 0.150708
vt 0.485967 0.127524
vt 0.522018 0.151785
vt 0.451445 0.149732
vt 0.057544 0.011397
vt 0.066991 0.022326
vt 0.054760 0.021549
vt 0.068996 0.012204
vt 0.083417 0.023390
vt 0.084731 0.013309
vt 0.107583 0.024957
vt 0.140836 0.017087
vt 0.108370 0.014956
vt 0.139742 0.040113
vt 0.258286 0.059153
vt 0.257919 0.075437
vt 0.221430 0.057715
vt 0.258737 0.045713
vt 0.291118 0.047384
vt 0.290711 0.060525
vt 0.290356 0.076580
vt 0.760276 0.548813
vt 0.761077 0.557547
vt 0.747457 0.536769
vt 0.774646 0.565649
vt 0.774776 0.579743
vt 0.673894 0.028272
vt 0.677279 0.029307
vt 0.679447 0.022698
vt 0.689307 0.022174
vt 0.700260 0.014804
vt 0.690905 0.009129
vt 0.708707 0.009228
vt 0.685787 0.015204
vt 0.667014 0.008515
vt 0.565198 0.008855
vt 0.590551 0.014779
vt 0.590799 0.008783
vt 0.590221 0.022815
vt 0.832199 0.150347
vt 0.835799 0.127183
vt 0.837060 0.150868
vt 0.830014 0.150112
vt 0.830655 0.127094
vt 0.828344 0.127053
vt 0.422006 0.148914
vt 0.395925 0.148199
vt 0.627440 0.730033
vt 0.591647 0.713379
vt 0.628426 0.715358
vt 0.557300 0.711818
vt 0.591836 0.693710
vt 0.058226 0.090253
vt 0.043174 0.089698
vt 0.077344 0.090951
vt 0.103853 0.091897
vt 0.729726 0.098478
vt 0.758277 0.091737
vt 0.759890 0.100144
vt 0.728572 0.089285
vt 0.757706 0.088008
vt 0.789424 0.091764
vt 0.790266 0.094408
vt 0.792401 0.101953
vt 0.679728 0.178256
vt 0.709589 0.157025
vt 0.678039 0.156194
vt 0.707027 0.135127
vt 0.735562 0.136048
vt 0.738982 0.157787
vt 0.589874 0.030787
vt 0.589544 0.035301
vt 0.346037 0.146838
vt 0.289546 0.169658
vt 0.319047 0.146141
vt 0.289704 0.145434
vt 0.220699 0.143937
vt 0.137606 0.166981
vt 0.178992 0.143058
vt 0.026054 0.540383
vt 0.017381 0.554380
vt 0.010730 0.542034
vt 0.043598 0.538567
vt 0.032090 0.552480
vt 0.048965 0.550455
vt 0.419795 0.242944
vt 0.393495 0.242801
vt 0.393987 0.219155
vt 0.587889 0.647487
vt 0.622740 0.625639
vt 0.625181 0.650730
vt 0.585223 0.622507
vt 0.549957 0.619898
vt 0.620629 0.601255
vt 0.042145 0.190398
vt 0.056413 0.190626
vt 0.075265 0.190918
vt 0.220600 0.241942
vt 0.178910 0.241756
vt 0.318204 0.242394
vt 0.344581 0.242533
vt 0.289306 0.242252
vt 0.462584 0.019829
vt 0.487850 0.027854
vt 0.462363 0.027007
vt 0.488091 0.020592
vt 0.487680 0.031912
vt 0.462225 0.031014
vt 0.462966 0.007166
vt 0.488329 0.013258
vt 0.462803 0.012577
vt 0.488506 0.007789
vt 0.769936 0.708870
vt 0.739350 0.723996
vt 0.772637 0.727452
vt 0.739803 0.738244
vt 0.701742 0.734801
vt 0.702285 0.720518
vt 0.732241 0.115049
vt 0.763227 0.116286
vt 0.796671 0.117622
vt 0.767589 0.137069
vt 0.102345 0.191323
vt 0.128424 0.724908
vt 0.131183 0.707353
vt 0.136669 0.724610
vt 0.118271 0.727193
vt 0.122512 0.707626
vt 0.112239 0.709752
vt 0.114738 0.684805
vt 0.007333 0.164307
vt 0.003470 0.189686
vt 0.002972 0.164115
vt 0.016544 0.164526
vt 0.007795 0.189819
vt 0.016904 0.189983
vt 0.008316 0.215352
vt 0.004011 0.215267
vt 0.003559 0.066212
vt 0.006664 0.088297
vt 0.002064 0.087929
vt 0.008399 0.066301
vt 0.016348 0.088698
vt 0.006622 0.113264
vt 0.002104 0.112937
vt 0.023482 0.016372
vt 0.024995 0.020675
vt 0.019199 0.025538
vt 0.029569 0.010357
vt 0.033064 0.020257
vt 0.027601 0.034044
vt 0.018914 0.034203
vt 0.013358 0.037321
vt 0.058408 0.537185
vt 0.072877 0.535967
vt 0.063280 0.549040
vt 0.077331 0.547913
vt 0.068156 0.560895
vt 0.081792 0.559859
vt 0.073229 0.573243
vt 0.086428 0.572299
vt 0.079455 0.588553
vt 0.012830 0.048896
vt 0.007529 0.049948
vt 0.022086 0.049048
vt 0.018005 0.066647
vt 0.092077 0.587721
vt 0.087587 0.608950
vt 0.099398 0.608263
vt 0.096798 0.633204
vt 0.085235 0.634911
vt 0.061718 0.671613
vt 0.068476 0.669288
vt 0.058682 0.672658
vt 0.051465 0.644200
vt 0.004549 0.240855
vt 0.017356 0.215461
vt 0.008837 0.240898
vt 0.017813 0.240952
vt 0.146198 0.724650
vt 0.152521 0.707442
vt 0.156794 0.724695
vt 0.141286 0.707395
vt 0.150140 0.739117
vt 0.159230 0.734532
vt 0.160246 0.739149
vt 0.141053 0.739091
vt 0.148989 0.734494
vt 0.139781 0.734461
vt 0.096667 0.761396
vt 0.086617 0.752663
vt 0.093916 0.749479
vt 0.089499 0.764495
vt 0.083337 0.754094
vt 0.080276 0.742557
vt 0.450095 0.733751
vt 0.475024 0.738223
vt 0.449826 0.737961
vt 0.475257 0.734057
vt 0.500054 0.734427
vt 0.499843 0.738548
vt 0.590379 0.671472
vt 0.210101 0.739296
vt 0.242687 0.734667
vt 0.242523 0.739221
vt 0.186642 0.739239
vt 0.209898 0.734710
vt 0.186036 0.734637
vt 0.002506 0.138533
vt 0.016170 0.113618
vt 0.006936 0.138791
vt 0.016306 0.139071
vt 0.754204 0.641805
vt 0.726975 0.637668
vt 0.694793 0.633260
vt 0.722456 0.612741
vt 0.324716 0.734030
vt 0.361162 0.738052
vt 0.324373 0.738456
vt 0.361501 0.733689
vt 0.393753 0.733502
vt 0.393425 0.737809
vt 0.776358 0.180192
vt 0.813321 0.180916
vt 0.780310 0.201758
vt 0.818293 0.202301
vt 0.789893 0.586231
vt 0.788403 0.603796
vt 0.805449 0.609312
vt 0.801505 0.628269
vt 0.783488 0.624073
vt 0.820508 0.632916
vt 0.813622 0.651697
vt 0.834384 0.655416
vt 0.803263 0.671369
vt 0.793913 0.648249
vt 0.802211 0.138171
vt 0.772076 0.158629
vt 0.807903 0.159539
vt 0.727923 0.078034
vt 0.756874 0.082031
vt 0.757057 0.083179
vt 0.727824 0.076552
vt 0.756471 0.080471
vt 0.787564 0.086502
vt 0.788126 0.087990
vt 0.788403 0.088776
vt 0.838918 0.255428
vt 0.846894 0.229255
vt 0.847064 0.255399
vt 0.838689 0.228860
vt 0.854582 0.229633
vt 0.854698 0.255374
vt 0.832384 0.255450
vt 0.834148 0.228642
vt 0.834410 0.255443
vt 0.832108 0.228544
vt 0.833685 0.201919
vt 0.125058 0.747856
vt 0.107426 0.743640
vt 0.121898 0.737767
vt 0.109972 0.755503
vt 0.103992 0.732498
vt 0.002161 0.547336
vt 0.009593 0.555494
vt 0.006412 0.556382
vt 0.002959 0.543432
vt 0.016510 0.567889
vt 0.013128 0.568414
vt 0.853797 0.127510
vt 0.845094 0.127347
vt 0.844190 0.103418
vt 0.853505 0.102464
vt 0.133471 0.739979
vt 0.131820 0.734887
vt 0.031669 0.597027
vt 0.038065 0.619369
vt 0.028539 0.597697
vt 0.041144 0.618587
vt 0.048408 0.645113
vt 0.020411 0.581471
vt 0.023649 0.580882
vt 0.098227 0.714699
vt 0.090354 0.691258
vt 0.104208 0.686759
vt 0.852743 0.051835
vt 0.840378 0.030209
vt 0.852387 0.026174
vt 0.841976 0.054947
vt 0.838886 0.009933
vt 0.854413 0.003261
vt 0.831614 0.201723
vt 0.833127 0.175520
vt 0.831015 0.175254
vt 0.788839 0.090052
vt 0.728241 0.084557
vt 0.757334 0.085242
vt 0.728059 0.080821
vt 0.843221 0.079479
vt 0.853197 0.077373
vt 0.701735 0.076950
vt 0.701766 0.081523
vt 0.673112 0.072867
vt 0.701712 0.073538
vt 0.663401 0.744185
vt 0.663675 0.740372
vt 0.701354 0.742975
vt 0.701188 0.746733
vt 0.558730 0.175620
vt 0.597841 0.176523
vt 0.558612 0.198330
vt 0.598023 0.199007
vt 0.558543 0.221035
vt 0.559788 0.089256
vt 0.522767 0.106394
vt 0.559474 0.107973
vt 0.597581 0.109591
vt 0.559201 0.130147
vt 0.560175 0.076270
vt 0.560602 0.066787
vt 0.598282 0.070387
vt 0.654140 0.518106
vt 0.687939 0.520641
vt 0.655711 0.539793
vt 0.689748 0.542235
vt 0.656763 0.561144
vt 0.690942 0.563773
vt 0.657094 0.582204
vt 0.691303 0.585440
vt 0.657750 0.604517
vt 0.692188 0.608367
vt 0.659685 0.629218
vt 0.597645 0.131507
vt 0.558940 0.152893
vt 0.597725 0.154023
vt 0.664309 0.732111
vt 0.665263 0.717668
vt 0.561480 0.049126
vt 0.561312 0.052208
vt 0.561707 0.047118
vt 0.599284 0.052548
vt 0.598239 0.221486
vt 0.558484 0.243740
vt 0.598435 0.243966
vt 0.526034 0.738952
vt 0.526256 0.734878
vt 0.526795 0.726123
vt 0.424375 0.067585
vt 0.424459 0.055867
vt 0.499092 0.511886
vt 0.532747 0.512976
vt 0.504523 0.533238
vt 0.509288 0.553900
vt 0.512969 0.573698
vt 0.516120 0.594468
vt 0.519365 0.617847
vt 0.496180 0.641015
vt 0.527557 0.710771
vt 0.424592 0.033674
vt 0.424548 0.037520
vt 0.424777 0.031392
vt 0.454308 0.034324
vt 0.422796 0.737797
vt 0.423100 0.733540
vt 0.423819 0.724416
vt 0.369089 0.242666
vt 0.369509 0.218886
vt 0.371183 0.147518
vt 0.370527 0.171319
vt 0.371912 0.123699
vt 0.320389 0.061918
vt 0.320706 0.049064
vt 0.348020 0.050750
vt 0.321356 0.024596
vt 0.321222 0.028824
vt 0.292220 0.019861
vt 0.321599 0.022165
vt 0.404037 0.514305
vt 0.407144 0.533022
vt 0.410025 0.551361
vt 0.474882 0.664655
vt 0.424907 0.708388
vt 0.415267 0.588948
vt 0.418429 0.611689
vt 0.392891 0.635265
vt 0.412586 0.569390
vt 0.369983 0.195104
vt 0.372631 0.100376
vt 0.282768 0.738902
vt 0.283089 0.734407
vt 0.283841 0.724783
vt 0.257283 0.242104
vt 0.257299 0.217764
vt 0.257371 0.169078
vt 0.257463 0.144716
vt 0.257578 0.120335
vt 0.179755 0.056158
vt 0.180248 0.042024
vt 0.221898 0.043944
vt 0.267711 0.520492
vt 0.269684 0.535308
vt 0.271643 0.549945
vt 0.273658 0.564765
vt 0.276110 0.582283
vt 0.279234 0.604697
vt 0.257322 0.193423
vt 0.363221 0.660367
vt 0.284999 0.707836
vt 0.181268 0.014885
vt 0.181074 0.019563
vt 0.141300 0.009636
vt 0.141078 0.012290
vt 0.181532 0.012284
vt 0.257706 0.096433
vt 0.171251 0.739185
vt 0.170390 0.734575
vt 0.168353 0.724746
vt 0.164791 0.707493
vt 0.160257 0.684469
vt 0.028634 0.164790
vt 0.028858 0.190182
vt 0.029212 0.215594
vt 0.029045 0.089176
vt 0.030570 0.067132
vt 0.028699 0.114036
vt 0.037303 0.009880
vt 0.043371 0.020840
vt 0.046942 0.010628
vt 0.038734 0.034538
vt 0.090202 0.534533
vt 0.094170 0.546615
vt 0.098146 0.558694
vt 0.102272 0.571271
vt 0.107219 0.586860
vt 0.034066 0.049523
vt 0.155434 0.658264
vt 0.113524 0.607620
vt 0.107692 0.632676
vt 0.029579 0.241017
vt 0.028601 0.139408
vt 0.048752 0.002881
vt 0.039342 0.004894
vt 0.039590 0.002067
vt 0.058910 0.003682
vt 0.048601 0.005670
vt 0.180722 0.029166
vt 0.140367 0.026935
vt 0.222347 0.031452
vt 0.321002 0.037475
vt 0.291505 0.035515
vt 0.348190 0.039429
vt 0.424510 0.045363
vt 0.398422 0.043301
vt 0.561008 0.058440
vt 0.598663 0.062872
vt 0.106013 0.659221
vt 0.095031 0.661037
vt 0.463106 0.002119
vt 0.488607 0.005588
vt 0.463033 0.004986
vt 0.488850 0.002707
vt 0.514195 0.006002
vt 0.565797 0.003464
vt 0.590929 0.006422
vt 0.565363 0.006519
vt 0.616057 0.002702
vt 0.591019 0.003185
vt 0.712807 0.007076
vt 0.692270 0.002344
vt 0.715551 0.002555
vt 0.693192 0.006832
vt 0.667683 0.006151
vt 0.666611 0.002071
vt 0.108876 0.007384
vt 0.085333 0.008395
vt 0.085387 0.005661
vt 0.108745 0.010083
vt 0.069957 0.004515
vt 0.058820 0.006453
vt 0.069909 0.007271
vt 0.641120 0.002236
vt 0.616458 0.006166
vt 0.641966 0.005961
vt 0.373543 0.041358
vt 0.514592 0.003091
vt 0.539778 0.006345
vt 0.540284 0.003390
vt 0.259169 0.033550
vt 0.021485 0.008199
vt 0.031726 0.005149
vt 0.025185 0.011964
vt 0.031782 0.002065
vt 0.849856 0.736209
vt 0.878263 0.739650
vt 0.823320 0.733056
vt 0.081049 0.665071
vt 0.676297 0.134122
vt 0.704544 0.113935
vt 0.674612 0.112723
vt 0.702691 0.096988
vt 0.486445 0.104872
vt 0.637595 0.111229
vt 0.638392 0.132877
vt 0.637536 0.067938
vt 0.783314 0.668746
vt 0.775348 0.645157
vt 0.799185 0.730318
vt 0.795158 0.711658
vt 0.774314 0.741740
vt 0.639223 0.155162
vt 0.640048 0.177433
vt 0.701680 0.071768
vt 0.701534 0.070081
vt 0.727563 0.074925
vt 0.709801 0.522566
vt 0.713345 0.544234
vt 0.716521 0.566240
vt 0.719234 0.588941
vt 0.642447 0.244194
vt 0.641701 0.221942
vt 0.640877 0.199690
vt 0.789910 0.690958
vt 0.701906 0.087113
vt 0.739996 0.746397
vt 0.740087 0.750126
vt 0.939714 0.585805
vt 0.951031 0.552867
vt 0.953212 0.584853
vt 0.937527 0.553734
vt 0.948784 0.514375
vt 0.931840 0.430472
vt 0.944159 0.393535
vt 0.945365 0.430023
vt 0.930632 0.393921
vt 0.943369 0.362498
vt 0.947946 0.737530
vt 0.961363 0.729524
vt 0.961478 0.737449
vt 0.991832 0.492853
vt 0.978113 0.496147
vt 0.978321 0.492105
vt 0.886409 0.600670
vt 0.900934 0.621130
vt 0.887420 0.621815
vt 0.901721 0.637147
vt 0.888213 0.637954
vt 0.890101 0.667442
vt 0.903059 0.657475
vt 0.903616 0.666768
vt 0.889545 0.658169
vt 0.902804 0.653233
vt 0.897036 0.804891
vt 0.908895 0.777765
vt 0.910539 0.804001
vt 0.895385 0.778533
vt 0.907581 0.752719
vt 0.992474 0.282242
vt 0.978566 0.270815
vt 0.992089 0.270320
vt 0.978091 0.258780
vt 0.991610 0.258184
vt 0.994328 0.436079
vt 0.981198 0.412289
vt 0.994729 0.412429
vt 0.994813 0.384708
vt 0.981281 0.384763
vt 0.832706 0.444833
vt 0.846484 0.471494
vt 0.832953 0.471659
vt 0.846912 0.498273
vt 0.833383 0.498565
vt 0.993134 0.469131
vt 0.980266 0.453707
vt 0.993789 0.454205
vt 0.980800 0.435762
vt 0.931767 0.207341
vt 0.946815 0.169134
vt 0.945291 0.207799
vt 0.933299 0.168478
vt 0.949124 0.127766
vt 0.883134 0.534993
vt 0.895480 0.512607
vt 0.896649 0.534328
vt 0.884272 0.556798
vt 0.897787 0.556137
vt 0.898927 0.832801
vt 0.914310 0.859595
vt 0.900809 0.860548
vt 0.912426 0.831858
vt 0.941439 0.610378
vt 0.956362 0.629720
vt 0.942865 0.630686
vt 0.954936 0.609412
vt 0.929943 0.291575
vt 0.943167 0.312811
vt 0.929635 0.312759
vt 0.930364 0.268822
vt 0.943474 0.291735
vt 0.832335 0.370077
vt 0.845929 0.348231
vt 0.845869 0.370117
vt 0.832358 0.393196
vt 0.845891 0.393175
vt 0.833382 0.260880
vt 0.846550 0.280425
vt 0.833018 0.280231
vt 0.846206 0.303725
vt 0.832675 0.303585
vt 0.978888 0.482152
vt 0.992400 0.482881
vt 0.979618 0.468479
vt 0.902466 0.886088
vt 0.917473 0.907147
vt 0.903979 0.908151
vt 0.915971 0.885136
vt 0.888642 0.645747
vt 0.902272 0.646768
vt 0.888850 0.648502
vt 0.902126 0.644550
vt 0.889011 0.650295
vt 0.902529 0.649738
vt 0.889130 0.651633
vt 0.902398 0.648325
vt 0.885356 0.578703
vt 0.898872 0.578045
vt 0.899924 0.600011
vt 0.832486 0.326303
vt 0.846018 0.326397
vt 0.832395 0.348161
vt 0.832500 0.418357
vt 0.846033 0.418279
vt 0.846238 0.444726
vt 0.880888 0.491580
vt 0.893941 0.470245
vt 0.894415 0.491148
vt 0.881963 0.513243
vt 0.892111 0.704952
vt 0.904563 0.683067
vt 0.905632 0.704403
vt 0.891046 0.683699
vt 0.993060 0.301374
vt 0.980250 0.327055
vt 0.979533 0.301756
vt 0.978948 0.282654
vt 0.906563 0.938268
vt 0.918901 0.924584
vt 0.920054 0.937192
vt 0.905411 0.925666
vt 0.894062 0.753317
vt 0.906576 0.728082
vt 0.893053 0.728587
vt 0.994442 0.355335
vt 0.980911 0.355565
vt 0.993778 0.326722
vt 0.946786 0.010346
vt 0.959116 0.019940
vt 0.945706 0.018125
vt 0.961258 0.004229
vt 0.960184 0.012242
vt 0.938668 0.086145
vt 0.935621 0.126879
vt 0.955192 0.053775
vt 0.952154 0.087266
vt 0.944413 0.241281
vt 0.943894 0.269051
vt 0.930885 0.240972
vt 0.929547 0.336009
vt 0.929840 0.362760
vt 0.943079 0.335912
vt 0.933368 0.472332
vt 0.935270 0.515065
vt 0.946890 0.471805
vt 0.944218 0.649959
vt 0.958933 0.666355
vt 0.945434 0.667291
vt 0.957715 0.648993
vt 0.889197 0.652460
vt 0.889296 0.654040
vt 0.902664 0.651018
vt 0.947107 0.696618
vt 0.959915 0.681036
vt 0.960634 0.696209
vt 0.946402 0.681770
vt 0.947567 0.714239
vt 0.961099 0.714049
vt 0.947832 0.729640
vt 0.941727 0.052425
vt 0.957524 0.032235
vt 0.944086 0.030631
vt 0.916017 0.153797
vt 0.927334 0.186733
vt 0.913831 0.185867
vt 0.925087 0.225224
vt 0.911573 0.224534
vt 0.908144 0.309124
vt 0.920462 0.346059
vt 0.906936 0.345673
vt 0.919673 0.377095
vt 0.906144 0.376833
vt 0.924249 0.002077
vt 0.937666 0.010083
vt 0.924135 0.009967
vt 0.952369 0.492838
vt 0.966087 0.496132
vt 0.952573 0.496814
vt 0.886410 0.339820
vt 0.900936 0.319360
vt 0.899926 0.340479
vt 0.887421 0.318675
vt 0.901723 0.303343
vt 0.890103 0.273047
vt 0.903061 0.283015
vt 0.889547 0.282320
vt 0.902806 0.287256
vt 0.889298 0.286449
vt 0.897038 0.135598
vt 0.908897 0.162724
vt 0.895386 0.161957
vt 0.907583 0.187770
vt 0.894063 0.187173
vt 0.951733 0.282233
vt 0.965641 0.270807
vt 0.965259 0.282646
vt 0.952119 0.270312
vt 0.966116 0.258773
vt 0.949875 0.436066
vt 0.963005 0.412277
vt 0.963402 0.435749
vt 0.949391 0.384696
vt 0.949474 0.412416
vt 0.850532 0.314615
vt 0.864310 0.287954
vt 0.864064 0.314723
vt 0.850779 0.287790
vt 0.864738 0.261176
vt 0.951068 0.469116
vt 0.963936 0.453693
vt 0.964584 0.468466
vt 0.950414 0.454192
vt 0.908071 0.532246
vt 0.923118 0.570452
vt 0.909602 0.571107
vt 0.925427 0.611818
vt 0.911924 0.612705
vt 0.883135 0.405497
vt 0.895481 0.427883
vt 0.881964 0.427247
vt 0.884273 0.383692
vt 0.896651 0.406163
vt 0.898928 0.107688
vt 0.914311 0.080893
vt 0.912427 0.108631
vt 0.910540 0.136488
vt 0.917742 0.129224
vt 0.932665 0.109883
vt 0.931239 0.130190
vt 0.929515 0.154749
vt 0.906247 0.448015
vt 0.919471 0.426780
vt 0.919777 0.447855
vt 0.906668 0.470767
vt 0.920197 0.470539
vt 0.850161 0.389371
vt 0.863754 0.411216
vt 0.850221 0.411286
vt 0.850184 0.366252
vt 0.863694 0.389331
vt 0.851208 0.498566
vt 0.864376 0.479021
vt 0.864738 0.498310
vt 0.850844 0.479215
vt 0.864032 0.455722
vt 0.965313 0.482137
vt 0.965880 0.492090
vt 0.951801 0.482866
vt 0.902466 0.054400
vt 0.917474 0.033341
vt 0.915972 0.055352
vt 0.900810 0.079940
vt 0.888643 0.294743
vt 0.902273 0.293722
vt 0.902127 0.295940
vt 0.888214 0.302536
vt 0.889012 0.290194
vt 0.902531 0.290752
vt 0.902400 0.292165
vt 0.888851 0.291988
vt 0.885357 0.361787
vt 0.897789 0.384353
vt 0.898873 0.362445
vt 0.850312 0.433144
vt 0.850501 0.455862
vt 0.863843 0.433050
vt 0.850326 0.341091
vt 0.863717 0.366272
vt 0.863858 0.341169
vt 0.880889 0.448910
vt 0.880406 0.470245
vt 0.894415 0.449343
vt 0.892113 0.235537
vt 0.904565 0.257423
vt 0.891047 0.256790
vt 0.903618 0.273721
vt 0.951147 0.301364
vt 0.963955 0.327046
vt 0.950427 0.326712
vt 0.964673 0.301747
vt 0.906563 0.002220
vt 0.918901 0.015904
vt 0.905411 0.014823
vt 0.903979 0.032337
vt 0.893055 0.211903
vt 0.906578 0.212408
vt 0.905634 0.236087
vt 0.949763 0.355324
vt 0.962923 0.384752
vt 0.963293 0.355554
vt 0.923089 0.729234
vt 0.935418 0.719640
vt 0.936487 0.727338
vt 0.937560 0.735351
vt 0.924161 0.737245
vt 0.914971 0.653437
vt 0.928457 0.652316
vt 0.931494 0.685807
vt 0.918030 0.687156
vt 0.920717 0.498307
vt 0.907189 0.498617
vt 0.921594 0.531788
vt 0.905851 0.403583
vt 0.919383 0.403680
vt 0.905939 0.426832
vt 0.909672 0.267265
vt 0.923193 0.267793
vt 0.921668 0.309573
vt 0.920521 0.089645
vt 0.935236 0.073250
vt 0.934017 0.090611
vt 0.919168 0.108917
vt 0.889199 0.288030
vt 0.902666 0.289472
vt 0.889132 0.288856
vt 0.923410 0.042988
vt 0.936218 0.058569
vt 0.922705 0.057835
vt 0.921737 0.072314
vt 0.923870 0.025367
vt 0.936937 0.043396
vt 0.937401 0.025557
vt 0.933826 0.707346
vt 0.920389 0.708950
vt 0.922009 0.721456
vt 0.829185 0.266444
vt 0.961989 0.255738
vt 0.858831 0.255359
vt 0.859119 0.003257
vt 0.890919 0.766557
vt 0.826270 0.105236
vt 0.348624 0.024450
vt 0.086279 0.765888
vt 0.991628 0.496829
vt 0.846912 0.261136
vt 0.947858 0.002335
vt 0.937780 0.002159
vt 0.952598 0.258176
vt 0.851209 0.260884
vt 0.920054 0.003296
s 1
usemtl Hood
f 631/1/1 642/2/2 102/3/3
f 39/4/4 1394/5/5 631/1/1
f 524/6/6 628/7/7 1394/5/5
f 1394/5/5 99/8/8 642/2/2
f 831/9/9 624/10/10 201/11/11
f 193/12/12 1395/13/13 831/9/9
f 809/14/14 489/15/15 1395/13/13
f 1395/13/13 87/16/16 624/10/10
f 806/17/17 623/18/18 188/19/19
f 184/20/20 1396/21/21 806/17/17
f 788/22/22 490/23/23 1396/21/21
f 1396/21/21 88/24/24 623/18/18
f 704/25/25 710/26/26 15/27/27
f 20/28/28 1397/29/29 704/25/25
f 711/30/30 720/31/31 1397/29/29
f 1397/29/29 141/32/32 710/26/26
f 721/33/33 682/34/34 150/35/35
f 145/36/36 1398/37/37 721/33/33
f 677/38/38 630/39/39 1398/37/37
f 1398/37/37 101/40/40 682/34/34
f 166/41/41 1399/42/42 773/43/43
f 488/44/44 599/45/45 1399/42/42
f 1399/42/42 84/46/46 766/47/47
f 773/43/43 766/47/47 174/48/48
f 244/49/49 1400/50/50 945/51/51
f 927/52/52 731/53/53 1400/50/50
f 1400/50/50 151/54/54 931/55/55
f 945/51/51 931/55/55 248/56/56
f 234/57/57 1401/58/58 830/59/59
f 890/60/60 584/61/61 1401/58/58
f 584/61/61 810/62/62 1401/58/58
f 1401/58/58 194/63/63 830/59/59
f 228/64/64 1402/65/65 889/66/66
f 868/67/67 592/68/68 1402/65/65
f 1402/65/65 78/69/69 859/70/70
f 889/66/66 859/70/70 219/71/71
f 95/72/72 1403/73/73 593/74/74
f 622/75/75 480/76/76 1403/73/73
f 1403/73/73 4/77/77 589/78/78
f 593/74/74 589/78/78 76/79/79
f 819/80/80 829/81/81 203/82/82
f 122/83/83 1404/84/84 819/80/80
f 509/85/85 811/86/86 1404/84/84
f 1404/84/84 195/87/87 829/81/81
f 51/88/88 1405/89/89 539/90/90
f 764/91/91 776/92/92 1405/89/89
f 1405/89/89 176/93/93 768/94/94
f 539/90/90 768/94/94 103/95/95
f 944/96/96 735/97/97 243/98/98
f 247/99/99 1406/100/100 944/96/96
f 741/101/101 748/102/102 1406/100/100
f 1406/100/100 155/103/103 735/97/97
f 246/104/104 1407/105/105 943/106/106
f 738/107/107 753/108/108 1407/105/105
f 1407/105/105 157/109/109 737/110/110
f 943/106/106 737/110/110 245/111/111
f 828/112/112 507/113/113 195/87/87
f 196/114/114 1408/115/115 828/112/112
f 512/116/116 705/117/117 1408/115/115
f 1408/115/115 30/118/118 507/113/113
f 242/119/119 1409/120/120 942/121/121
f 719/122/122 726/123/123 1409/120/120
f 1409/120/120 147/124/124 716/125/125
f 942/121/121 716/125/125 239/126/126
f 779/127/127 554/128/128 170/129/129
f 171/130/130 1410/131/131 779/127/127
f 555/132/132 702/133/133 1410/131/131
f 1410/131/131 61/134/134 554/128/128
f 105/135/135 1411/136/136 592/68/68
f 640/137/137 514/138/138 1411/136/136
f 1411/136/136 33/139/139 591/140/140
f 592/68/68 591/140/140 78/69/69
f 705/117/117 510/141/141 30/118/118
f 32/142/142 1412/143/143 705/117/117
f 513/144/144 700/145/145 1412/143/143
f 1412/143/143 42/146/146 510/141/141
f 118/147/147 1413/148/148 492/149/149
f 683/150/150 731/53/53 1413/148/148
f 1413/148/148 140/151/151 709/152/152
f 492/149/149 709/152/152 16/153/153
f 805/154/154 639/155/155 189/156/156
f 182/157/157 1414/158/158 805/154/154
f 520/159/159 516/160/160 1414/158/158
f 1414/158/158 100/161/161 639/155/155
f 827/162/162 638/163/163 202/164/164
f 197/165/165 1415/166/166 827/162/162
f 521/167/167 515/168/168 1415/166/166
f 1415/166/166 99/8/8 638/163/163
f 612/169/169 621/170/170 91/171/171
f 44/172/172 1416/173/173 612/169/169
f 522/174/174 608/175/175 1416/173/173
f 1416/173/173 87/16/16 621/170/170
f 856/176/176 620/177/177 212/178/178
f 207/179/179 1417/180/180 856/176/176
f 529/181/181 612/169/169 1417/180/180
f 1417/180/180 91/171/171 620/177/177
f 753/108/108 672/182/182 157/109/109
f 158/183/183 1418/184/184 753/108/108
f 673/185/185 701/186/186 1418/184/184
f 1418/184/184 49/187/187 672/182/182
f 658/188/188 667/189/189 121/190/190
f 30/118/118 1419/191/191 658/188/188
f 510/141/141 660/192/192 1419/191/191
f 1419/191/191 123/193/193 667/189/189
f 83/194/194 1420/195/195 603/196/196
f 598/197/197 486/198/198 1420/195/195
f 1420/195/195 12/199/199 597/200/200
f 603/196/196 597/200/200 82/201/201
f 855/202/202 637/203/203 213/204/204
f 214/205/205 1421/206/206 855/202/202
f 842/207/207 631/1/1 1421/206/206
f 1421/206/206 102/3/3 637/203/203
f 854/208/208 549/209/209 209/210/210
f 206/211/211 1422/212/212 854/208/208
f 528/213/213 542/214/214 1422/212/212
f 1422/212/212 53/215/215 549/209/209
f 54/216/216 1423/217/217 535/218/218
f 548/219/219 542/214/214 1423/217/217
f 1423/217/217 43/220/220 513/144/144
f 535/218/218 513/144/144 32/142/142
f 826/221/221 547/222/222 198/223/223
f 196/114/114 1424/224/224 826/221/221
f 812/225/225 536/226/226 1424/224/224
f 1424/224/224 55/227/227 547/222/222
f 777/228/228 581/229/229 173/230/230
f 167/231/231 1425/232/232 777/228/228
f 546/233/233 545/234/234 1425/232/232
f 1425/232/232 74/235/235 581/229/229
f 103/95/95 1426/236/236 632/237/237
f 176/93/93 1426/236/236 768/94/94
f 771/238/238 760/239/239 1426/236/236
f 1426/236/236 47/240/240 632/237/237
f 853/241/241 833/242/242 205/243/243
f 206/211/211 1427/244/244 853/241/241
f 834/245/245 703/246/246 1427/244/244
f 1427/244/244 109/247/247 833/242/242
f 211/248/248 1428/249/249 602/250/250
f 852/251/251 525/252/252 1428/249/249
f 1428/249/249 40/253/253 598/197/197
f 602/250/250 598/197/197 83/194/194
f 761/254/254 770/255/255 169/256/256
f 48/257/257 1429/258/258 761/254/254
f 661/259/259 769/260/260 1429/258/258
f 1429/258/258 177/261/261 770/255/255
f 237/262/262 1430/263/263 941/264/264
f 714/265/265 721/33/33 1430/263/263
f 1430/263/263 150/35/35 719/122/122
f 941/264/264 719/122/122 242/119/119
f 940/266/266 717/267/267 240/268/268
f 236/269/269 1431/270/270 940/266/266
f 674/271/271 729/272/272 1431/270/270
f 1431/270/270 148/273/273 717/267/267
f 173/230/230 1432/274/274 774/275/275
f 581/229/229 575/276/276 1432/274/274
f 1432/274/274 26/277/277 502/278/278
f 774/275/275 502/278/278 165/279/279
f 825/280/280 580/281/281 199/282/282
f 198/223/223 1433/283/283 825/280/280
f 547/222/222 544/284/284 1433/283/283
f 1433/283/283 73/285/285 580/281/281
f 72/286/286 1434/287/287 543/288/288
f 579/289/289 572/290/290 1434/287/287
f 1434/287/287 53/215/215 548/219/219
f 543/288/288 548/219/219 54/216/216
f 851/291/291 578/292/292 210/293/293
f 209/210/210 1435/294/294 851/291/291
f 549/209/209 572/290/290 1435/294/294
f 1435/294/294 71/295/295 578/292/292
f 939/296/296 715/297/297 238/298/298
f 240/268/268 1436/299/299 939/296/296
f 717/267/267 728/300/300 1436/299/299
f 1436/299/299 146/301/301 715/297/297
f 804/302/302 577/303/303 186/304/304
f 185/305/305 1437/306/306 804/302/302
f 557/307/307 576/308/308 1437/306/306
f 1437/306/306 75/309/309 577/303/303
f 803/310/310 557/307/307 185/305/305
f 181/311/311 1438/312/312 803/310/310
f 785/313/313 559/314/314 1438/312/312
f 1438/312/312 64/315/315 557/307/307
f 176/93/93 1439/316/316 636/317/317
f 776/92/92 556/318/318 1439/316/316
f 1439/316/316 63/319/319 633/320/320
f 636/317/317 633/320/320 104/321/321
f 174/48/48 1440/322/322 872/323/323
f 766/47/47 864/324/324 1440/322/322
f 1440/322/322 224/325/325 891/326/326
f 872/323/323 891/326/326 232/327/327
f 794/328/328 802/329/329 190/330/330
f 125/331/331 1441/332/332 794/328/328
f 1441/332/332 61/134/134 784/333/333
f 802/329/329 784/333/333 180/334/334
f 775/335/335 619/336/336 175/337/337
f 166/41/41 1442/338/338 775/335/335
f 758/339/339 614/340/340 1442/338/338
f 1442/338/338 93/341/341 619/336/336
f 136/342/342 1443/343/343 618/344/344
f 696/345/345 565/346/346 1443/343/343
f 1443/343/343 66/347/347 615/348/348
f 618/344/344 615/348/348 94/349/349
f 130/350/350 1444/351/351 565/346/346
f 695/352/352 566/353/353 1444/351/351
f 1444/351/351 21/354/354 564/355/355
f 565/346/346 564/355/355 66/347/347
f 137/356/356 1445/357/357 697/358/358
f 917/359/359 626/360/360 1445/357/357
f 1445/357/357 37/361/361 907/362/362
f 697/358/358 907/362/362 128/363/363
f 694/364/364 910/365/365 135/366/366
f 132/367/367 1446/368/368 694/364/364
f 914/369/369 569/370/370 1446/368/368
f 1446/368/368 68/371/371 910/365/365
f 801/372/372 506/373/373 180/334/334
f 181/311/311 1447/374/374 801/372/372
f 511/375/375 699/376/376 1447/374/374
f 1447/374/374 29/377/377 506/373/373
f 138/378/378 1448/379/379 665/380/380
f 692/381/381 568/382/382 1448/379/379
f 1448/379/379 67/383/383 657/384/384
f 665/380/380 657/384/384 120/385/385
f 693/386/386 914/369/369 132/367/367
f 133/387/387 1449/388/388 693/386/386
f 909/389/389 541/390/390 1449/388/388
f 1449/388/388 52/391/391 914/369/369
f 800/392/392 550/393/393 183/394/394
f 186/304/304 1450/395/395 800/392/392
f 577/303/303 558/396/396 1450/395/395
f 1450/395/395 57/397/397 550/393/393
f 938/398/398 888/399/399 249/400/400
f 244/401/49 1451/402/401 938/398/398
f 736/403/402 755/404/403 1451/402/401
f 1451/402/401 231/405/404 888/399/399
f 850/406/405 533/407/406 208/408/407
f 210/293/293 1452/409/408 850/406/405
f 578/292/292 534/410/409 1452/409/408
f 1452/409/408 45/411/410 533/407/406
f 6/412/411 1453/413/412 573/414/413
f 481/415/414 534/410/409 1453/413/412
f 1453/413/412 71/295/295 579/289/289
f 573/414/413 579/289/289 72/286/286
f 824/416/415 482/417/416 191/418/417
f 199/282/282 1454/419/418 824/416/415
f 580/281/281 574/420/419 1454/419/418
f 1454/419/418 7/421/420 482/417/416
f 587/422/421 891/326/326 224/325/325
f 48/423/257 1455/424/422 587/422/421
f 761/425/254 781/426/423 1455/424/422
f 1455/424/422 232/327/327 891/326/326
f 233/427/424 1456/428/425 799/429/426
f 887/430/427 588/431/428 1456/428/425
f 1456/428/425 60/432/429 783/433/430
f 799/429/426 783/433/430 179/434/431
f 227/435/432 1457/436/433 886/437/434
f 867/438/435 593/74/74 1457/436/433
f 1457/436/433 76/79/79 857/439/436
f 886/437/434 857/439/436 217/440/437
f 184/20/20 1458/441/438 798/442/439
f 552/443/440 600/444/441 1458/441/438
f 1458/441/438 85/445/442 791/446/443
f 798/442/439 791/446/443 187/447/444
f 92/448/445 1459/449/446 613/450/447
f 767/451/448 772/452/449 1459/449/446
f 1459/449/446 172/453/450 764/91/91
f 613/450/447 764/91/91 51/88/88
f 235/454/451 1460/455/452 885/456/453
f 875/457/454 602/250/250 1460/455/452
f 1460/455/452 83/194/194 863/458/455
f 885/456/453 863/458/455 223/459/456
f 223/459/456 1461/460/457 884/461/458
f 863/458/455 603/196/196 1461/460/457
f 1461/460/457 82/201/201 862/462/459
f 1461/460/457 222/463/460 884/461/458
f 193/12/12 1462/464/461 823/465/462
f 487/466/463 596/467/464 1462/464/461
f 1462/464/461 81/468/465 816/469/466
f 823/465/462 816/469/466 200/470/467
f 27/471/468 1463/472/469 571/473/470
f 678/474/471 728/300/300 1463/472/469
f 1463/472/469 148/273/273 680/475/472
f 571/473/470 680/475/472 70/476/473
f 76/79/79 1464/477/474 606/478/475
f 4/77/77 1464/477/474 589/78/78
f 606/478/475 594/479/476 79/480/477
f 883/481/478 860/482/479 220/483/480
f 217/440/437 1465/484/481 883/481/478
f 857/439/436 606/478/475 1465/484/481
f 1465/484/481 79/480/477 860/482/479
f 219/71/71 1466/485/482 882/486/483
f 859/70/70 616/487/484 1466/485/482
f 1466/485/482 95/72/72 867/438/435
f 882/486/483 867/438/435 227/435/432
f 690/488/485 684/489/486 128/363/363
f 136/342/342 1467/490/487 690/488/485
f 618/344/344 563/491/488 1467/490/487
f 1467/490/487 65/492/489 684/489/486
f 172/453/450 1468/493/490 556/318/318
f 175/337/337 1468/493/490 772/452/449
f 1468/493/490 93/341/341 562/494/491
f 556/318/318 562/494/491 63/319/319
f 124/495/492 1469/496/493 769/260/260
f 49/187/187 1469/496/493 538/497/494
f 762/498/495 780/499/496 1469/496/493
f 769/260/260 780/499/496 177/261/261
f 204/500/497 1470/501/498 525/252/252
f 212/178/178 1470/501/498 848/502/499
f 620/177/177 530/503/500 1470/501/498
f 525/252/252 530/503/500 40/253/253
f 40/253/253 1471/504/501 486/198/198
f 91/171/171 1471/504/501 530/503/500
f 621/170/170 489/15/15 1471/504/501
f 1471/504/501 12/199/199 486/198/198
f 139/505/502 1472/506/503 724/507/504
f 708/508/505 583/509/506 1472/506/503
f 1472/506/503 80/510/507 713/511/508
f 724/507/504 713/511/508 144/512/509
f 239/126/126 1473/513/510 937/514/511
f 716/125/125 723/515/512 1473/513/510
f 1473/513/510 149/516/513 718/517/514
f 937/514/511 718/517/514 241/518/515
f 78/69/69 1474/519/516 616/487/484
f 591/140/140 607/520/517 1474/519/516
f 1474/519/516 86/521/518 622/75/75
f 616/487/484 622/75/75 95/72/72
f 797/522/519 520/159/159 182/157/157
f 188/19/19 1475/523/520 797/522/519
f 623/18/18 609/524/521 1475/523/520
f 1475/523/520 35/525/522 520/159/159
f 822/526/523 521/167/167 197/165/165
f 201/11/11 1476/527/524 822/526/523
f 624/10/10 608/175/175 1476/527/524
f 1476/527/524 34/528/525 521/167/167
f 691/529/526 911/530/527 127/531/528
f 135/366/366 1477/532/529 691/529/526
f 910/365/365 479/533/530 1477/532/529
f 1477/532/529 5/534/531 911/530/527
f 168/535/532 1478/536/533 551/537/534
f 771/238/238 636/317/317 1478/536/533
f 1478/536/533 104/321/321 560/538/535
f 551/537/534 560/538/535 58/539/536
f 540/540/537 763/541/538 50/542/539
f 56/543/540 1479/544/541 540/540/537
f 546/233/233 778/545/542 1479/544/541
f 1479/544/541 171/130/130 763/541/538
f 847/546/543 529/181/181 207/179/179
f 213/204/204 1480/547/544 847/546/543
f 637/203/203 532/548/545 1480/547/544
f 1480/547/544 44/172/172 529/181/181
f 821/549/546 484/550/547 192/551/548
f 202/164/164 1481/552/549 821/549/546
f 638/163/163 628/7/7 1481/552/549
f 1481/552/549 9/553/550 484/550/547
f 178/554/551 1482/555/552 485/556/553
f 796/557/554 639/155/155 1482/555/552
f 639/155/155 629/558/555 1482/555/552
f 1482/555/552 10/559/556 485/556/553
f 77/560/557 1483/561/558 634/562/559
f 590/563/560 627/564/561 1483/561/558
f 1483/561/558 98/565/562 640/137/137
f 634/562/559 640/137/137 105/135/135
f 218/566/563 1484/567/564 881/568/565
f 858/569/566 634/562/559 1484/567/564
f 1484/567/564 105/135/135 868/67/67
f 881/568/565 868/67/67 228/64/64
f 245/111/111 1485/570/567 936/571/568
f 737/110/110 754/572/569 1485/570/567
f 1485/570/567 164/573/570 744/574/571
f 936/571/568 744/574/571 248/56/56
f 725/575/572 708/508/505 139/505/502
f 149/516/513 1486/576/573 725/575/572
f 681/577/574 491/578/575 1486/576/573
f 1486/576/573 11/579/576 708/508/505
f 532/548/545 522/174/174 44/172/172
f 102/3/3 1487/580/577 532/548/545
f 642/2/2 515/168/168 1487/580/577
f 1487/580/577 34/528/525 522/174/174
f 663/581/578 905/582/579 126/583/580
f 109/247/247 1488/584/581 663/581/578
f 896/585/582 495/586/583 1488/584/581
f 1488/584/581 119/587/584 905/582/579
f 514/588/585 898/589/586 33/590/587
f 98/591/588 1489/592/589 514/588/585
f 904/593/590 645/594/591 1489/592/589
f 1489/592/589 111/595/592 898/589/586
f 4/596/593 1490/597/594 895/598/595
f 86/599/596 1490/597/594 480/600/597
f 903/601/598 646/602/599 1490/597/594
f 895/598/595 646/602/599 108/603/600
f 220/604/480 1491/605/601 906/606/602
f 860/607/479 902/608/603 1491/605/601
f 1491/605/601 115/609/604 869/610/605
f 906/606/602 869/610/605 229/611/606
f 479/533/530 899/612/607 5/534/531
f 68/371/371 1492/613/608 479/533/530
f 901/614/609 648/615/610 1492/613/608
f 1492/613/608 112/616/611 899/612/607
f 569/370/370 901/614/609 68/371/371
f 52/391/391 1493/617/612 569/370/370
f 900/618/613 649/619/614 1493/617/612
f 1493/617/612 114/620/615 901/614/609
f 79/621/616 1494/622/617 902/608/603
f 594/623/618 895/598/595 1494/622/617
f 1494/622/617 108/603/600 650/624/619
f 902/608/603 650/624/619 115/609/604
f 541/390/390 900/618/613 52/391/391
f 2/625/620 1495/626/621 541/390/390
f 897/627/622 651/628/623 1495/626/621
f 1495/626/621 113/629/624 900/618/613
f 134/630/625 1496/631/626 568/382/382
f 133/387/387 1496/631/626 707/632/627
f 686/633/628 706/634/629 1496/631/626
f 568/382/382 706/634/629 67/383/383
f 627/635/630 904/593/590 98/591/588
f 1/636/631 1497/637/632 627/635/630
f 893/638/633 652/639/634 1497/637/632
f 1497/637/632 117/640/635 904/593/590
f 846/641/636 664/642/637 216/643/638
f 205/243/243 1498/644/639 846/641/636
f 833/242/242 663/581/578 1498/644/639
f 1498/644/639 126/583/580 664/642/637
f 845/645/640 644/646/641 215/647/642
f 216/643/638 1499/648/643 845/645/640
f 664/642/637 654/649/644 1499/648/643
f 1499/648/643 107/650/645 644/646/641
f 131/651/646 1500/652/647 566/653/353
f 688/654/648 665/380/380 1500/652/647
f 1500/652/647 120/385/385 497/655/649
f 566/653/353 497/655/649 21/656/354
f 783/657/430 795/658/650 179/659/431
f 60/660/429 1501/661/651 783/657/430
f 662/662/652 794/328/328 1501/661/651
f 1501/661/651 190/330/330 795/658/650
f 50/542/539 1502/663/653 701/186/186
f 763/541/538 779/127/127 1502/663/653
f 1502/663/653 170/129/129 762/498/495
f 701/186/186 762/498/495 49/187/187
f 508/664/654 526/665/655 18/666/656
f 121/190/190 1503/667/657 508/664/654
f 667/189/189 531/668/658 1503/667/657
f 1503/667/657 41/669/659 526/665/655
f 607/670/660 903/601/598 86/599/596
f 33/590/587 1504/671/661 607/670/660
f 898/589/586 653/672/662 1504/671/661
f 1504/671/661 116/673/663 903/601/598
f 935/674/664 738/107/107 246/104/104
f 236/269/269 1505/675/665 935/674/664
f 919/676/666 751/677/667 1505/675/665
f 1505/675/665 158/183/183 738/107/107
f 810/678/62 820/679/668 194/680/63
f 17/681/669 1506/682/670 810/678/62
f 659/683/671 819/80/80 1506/682/670
f 1506/682/670 203/82/82 820/679/668
f 726/123/123 679/684/672 147/124/124
f 150/35/35 1507/685/673 726/123/123
f 682/34/34 517/686/674 1507/685/673
f 1507/685/673 36/687/675 679/684/672
f 70/476/473 1508/688/676 523/689/677
f 680/475/472 729/272/272 1508/688/676
f 1508/688/676 143/690/678 712/691/679
f 523/689/677 712/691/679 38/692/680
f 38/692/680 1509/693/681 496/694/682
f 712/691/679 730/695/683 1509/693/681
f 1509/693/681 142/696/684 711/30/30
f 496/694/682 711/30/30 20/28/28
f 723/515/512 681/577/574 149/516/513
f 147/124/124 1510/697/685 723/515/512
f 679/684/672 610/698/686 1510/697/685
f 1510/697/685 89/699/687 681/577/574
f 230/700/688 1511/701/689 722/702/690
f 892/703/691 866/704/692 1511/701/689
f 1511/701/689 16/705/153 709/706/152
f 722/702/690 709/706/152 140/707/151
f 129/708/693 1512/709/694 689/710/695
f 908/711/696 501/712/697 1512/709/694
f 1512/709/694 97/713/698 917/359/359
f 689/710/695 917/359/359 137/356/356
f 23/714/699 1513/715/700 499/716/701
f 685/717/699 689/710/695 1513/715/700
f 1513/715/700 137/356/356 635/718/702
f 499/716/701 635/718/702 96/719/703
f 3/720/704 1514/721/705 913/722/706
f 656/723/707 918/724/708 1514/721/705
f 1514/721/705 138/378/378 688/654/648
f 913/722/706 688/654/648 131/651/646
f 8/725/709 1515/726/710 483/727/711
f 69/728/712 1515/726/710 570/729/713
f 687/730/714 691/529/526 1515/726/710
f 1515/726/710 127/531/528 483/727/711
f 518/731/715 907/362/362 37/361/361
f 518/731/715 916/732/716 1516/733/717
f 916/732/716 690/488/485 1516/733/717
f 1516/733/717 128/363/363 907/362/362
f 654/649/644 894/734/718 107/650/645
f 126/583/580 1517/735/719 654/649/644
f 905/582/579 656/723/707 1517/735/719
f 894/734/718 656/723/707 3/720/704
f 498/736/720 567/737/721 24/738/722
f 22/739/723 1518/740/724 498/736/720
f 686/633/628 693/386/386 1518/740/724
f 1518/740/724 132/367/367 567/737/721
f 500/741/725 687/730/714 69/728/712
f 24/738/722 1519/742/726 500/741/725
f 567/737/721 694/364/364 1519/742/726
f 1519/742/726 135/366/366 687/730/714
f 119/587/584 1520/743/727 918/724/708
f 19/744/728 1520/743/727 495/586/583
f 1520/743/727 134/630/625 692/381/381
f 918/724/708 692/381/381 138/378/378
f 28/745/729 1521/746/730 912/747/731
f 503/748/732 913/749/706 1521/746/730
f 1521/746/730 131/750/646 695/352/352
f 912/747/731 695/352/352 130/350/350
f 96/719/703 1522/751/733 625/752/734
f 635/718/702 697/358/358 1522/751/733
f 1522/751/733 128/363/363 684/489/486
f 625/752/734 684/489/486 65/492/489
f 595/753/735 713/511/508 80/510/507
f 226/754/736 1523/755/737 595/753/735
f 892/703/691 870/756/738 1523/755/737
f 1523/755/737 144/512/509 713/511/508
f 90/757/739 1524/758/740 916/732/716
f 611/759/741 912/747/731 1524/758/740
f 1524/758/740 130/350/350 696/345/345
f 916/732/716 696/345/345 136/342/342
f 247/99/99 1525/760/742 934/761/743
f 930/762/744 870/756/738 1525/760/742
f 1525/760/742 230/700/688 932/763/745
f 934/761/743 932/763/745 249/400/400
f 671/764/746 661/259/259 48/257/257
f 671/764/746 745/765/747 1526/766/748
f 1526/766/748 164/573/570 676/767/749
f 1526/766/748 124/495/492 661/259/259
f 539/90/90 734/768/750 51/88/88
f 103/95/95 1527/769/751 539/90/90
f 743/770/752 746/771/753 1527/769/751
f 1527/769/751 154/772/754 734/768/750
f 537/773/755 670/774/756 46/775/757
f 92/448/445 1528/776/758 537/773/755
f 742/777/759 747/778/760 1528/776/758
f 1528/776/758 155/103/103 670/774/756
f 46/775/757 1529/779/761 599/45/45
f 670/774/756 748/102/102 1529/779/761
f 1529/779/761 161/780/762 675/781/763
f 599/45/45 675/781/763 84/46/46
f 575/276/276 732/782/764 26/277/277
f 74/235/235 1530/783/765 575/276/276
f 740/784/766 749/785/767 1530/783/765
f 1530/783/765 152/786/768 732/782/764
f 545/234/234 740/784/766 74/235/235
f 56/543/540 1531/787/769 545/234/234
f 739/788/770 750/789/771 1531/787/769
f 1531/787/769 160/790/772 740/784/766
f 540/540/537 739/788/770 56/543/540
f 50/542/539 1532/791/773 540/540/537
f 673/185/185 751/677/667 1532/791/773
f 1532/791/773 159/792/774 739/788/770
f 613/450/447 742/777/759 92/448/445
f 51/88/88 1533/793/775 613/450/447
f 734/768/750 752/794/776 1533/793/775
f 1533/793/775 162/795/777 742/777/759
f 676/767/749 538/497/494 124/495/492
f 676/767/749 754/572/569 1534/796/778
f 1534/796/778 157/109/109 672/182/182
f 538/497/494 672/182/182 49/187/187
f 224/325/325 1535/797/779 587/422/421
f 880/798/780 755/404/403 1535/797/779
f 1535/797/779 156/799/781 671/800/746
f 587/422/421 671/800/746 48/423/257
f 632/237/237 743/770/752 103/95/95
f 47/240/240 1536/801/782 632/237/237
f 733/802/783 756/803/784 1536/801/782
f 1536/801/782 163/804/785 743/770/752
f 553/805/786 662/662/652 60/660/429
f 169/256/256 1537/806/787 553/805/786
f 770/255/255 668/807/788 1537/806/787
f 1537/806/787 125/331/331 662/662/652
f 59/808/789 1538/809/790 600/444/441
f 758/339/339 773/43/43 1538/809/790
f 1538/809/790 174/48/48 605/810/791
f 600/444/441 605/810/791 85/445/442
f 558/396/396 757/811/792 57/397/397
f 75/309/309 1539/812/793 558/396/396
f 765/813/794 774/275/275 1539/812/793
f 1539/812/793 165/279/279 757/811/792
f 576/308/308 765/813/794 75/309/309
f 64/315/315 1540/814/795 576/308/308
f 759/815/796 777/228/228 1540/814/795
f 1540/814/795 173/230/230 765/813/794
f 559/314/314 759/815/796 64/315/315
f 62/816/797 1541/817/798 559/314/314
f 555/132/132 778/545/542 1541/817/798
f 1541/817/798 167/231/231 759/815/796
f 668/807/788 561/818/799 125/331/331
f 177/261/261 1542/819/800 668/807/788
f 1542/819/800 170/129/129 554/128/128
f 561/818/799 554/128/128 61/134/134
f 225/820/801 1543/821/802 588/431/428
f 879/822/803 781/426/423 1543/821/802
f 1543/821/802 169/823/256 553/824/786
f 588/431/428 553/824/786 60/432/429
f 493/825/804 659/683/671 17/681/669
f 179/659/431 1544/826/805 493/825/804
f 795/658/650 666/827/806 1544/826/805
f 1544/826/805 122/83/83 659/683/671
f 58/539/536 1545/828/807 782/829/808
f 560/538/535 793/830/809 1545/828/807
f 1545/828/807 189/156/156 796/557/554
f 782/829/808 796/557/554 178/554/551
f 63/319/319 1546/831/810 786/832/811
f 562/494/491 792/833/812 1546/831/810
f 792/833/812 797/522/519 1546/831/810
f 1546/831/810 182/157/157 786/832/811
f 13/834/813 1547/835/814 596/467/464
f 788/22/22 798/442/439 1547/835/814
f 1547/835/814 187/447/444 601/836/815
f 596/467/464 601/836/815 81/468/465
f 221/837/816 1548/838/817 584/61/61
f 878/839/818 799/429/426 1548/838/817
f 799/429/426 493/840/804 1548/838/817
f 1548/838/817 17/841/669 584/61/61
f 574/420/419 787/842/819 7/421/420
f 73/285/285 1549/843/820 574/420/419
f 790/844/821 800/392/392 1549/843/820
f 1549/843/820 183/394/394 787/842/819
f 702/133/133 784/333/333 61/134/134
f 62/816/797 1550/845/822 702/133/133
f 785/313/313 801/372/372 1550/845/822
f 1550/845/822 180/334/334 784/333/333
f 666/827/806 509/85/85 122/83/83
f 190/330/330 1551/846/823 666/827/806
f 1551/846/823 180/334/334 506/373/373
f 1551/846/823 29/377/377 509/85/85
f 536/226/226 789/847/824 55/227/227
f 31/848/825 1552/849/826 536/226/226
f 511/375/375 803/310/310 1552/849/826
f 1552/849/826 185/305/305 789/847/824
f 544/284/284 790/844/821 73/285/285
f 55/227/227 1553/850/827 544/284/284
f 789/847/824 804/302/302 1553/850/827
f 1553/850/827 186/304/304 790/844/821
f 104/321/321 1554/851/828 793/830/809
f 633/320/320 786/832/811 1554/851/828
f 1554/851/828 182/157/157 805/154/154
f 793/830/809 805/154/154 189/156/156
f 614/340/340 792/833/812 93/341/341
f 59/808/789 1555/852/829 614/340/340
f 552/443/440 806/17/17 1555/852/829
f 1555/852/829 188/19/19 792/833/812
f 494/853/830 508/664/654 18/666/656
f 194/680/63 1556/854/831 494/853/830
f 820/679/668 669/855/832 1556/854/831
f 1556/854/831 121/190/190 508/664/654
f 629/558/555 808/856/833 10/559/556
f 100/161/161 1557/857/834 629/558/555
f 818/858/835 821/549/546 1557/857/834
f 1557/857/834 192/551/548 808/856/833
f 609/524/521 813/859/836 35/525/522
f 88/24/24 1558/860/837 609/524/521
f 817/861/838 822/526/523 1558/860/837
f 1558/860/837 197/165/165 813/859/836
f 12/199/199 1559/862/839 597/200/200
f 809/14/14 823/465/462 1559/862/839
f 1559/862/839 200/470/467 604/863/840
f 597/200/200 604/863/840 82/201/201
f 573/414/413 807/864/841 6/412/411
f 72/286/286 1560/865/842 573/414/413
f 815/866/843 824/416/415 1560/865/842
f 1560/865/842 191/418/417 807/864/841
f 543/288/288 815/866/843 72/286/286
f 54/216/216 1561/867/844 543/288/288
f 814/868/845 825/280/280 1561/867/844
f 1561/867/844 199/282/282 815/866/843
f 535/218/218 814/868/845 54/216/216
f 32/142/142 1562/869/846 535/218/218
f 512/116/116 826/221/221 1562/869/846
f 1562/869/846 198/223/223 814/868/845
f 516/160/160 818/858/835 100/161/161
f 35/525/522 1563/870/847 516/160/160
f 813/859/836 827/162/162 1563/870/847
f 1563/870/847 202/164/164 818/858/835
f 699/376/376 811/86/86 29/377/377
f 31/848/825 1564/871/848 699/376/376
f 812/225/225 828/112/112 1564/871/848
f 1564/871/848 195/87/87 811/86/86
f 669/855/832 658/188/188 121/190/190
f 203/82/82 1565/872/849 669/855/832
f 829/81/81 507/113/113 1565/872/849
f 1565/872/849 30/118/118 658/188/188
f 222/463/460 1566/873/850 585/874/851
f 877/875/852 830/59/59 1566/873/850
f 830/59/59 494/876/830 1566/873/850
f 1566/873/850 18/877/656 585/874/851
f 490/23/23 817/861/838 88/24/24
f 13/834/813 1567/878/853 490/23/23
f 487/466/463 831/9/9 1567/878/853
f 1567/878/853 201/11/11 817/861/838
f 531/668/658 843/879/854 41/669/659
f 123/193/193 1568/880/855 531/668/658
f 844/881/856 845/645/640 1568/880/855
f 1568/880/855 215/647/642 843/879/854
f 660/192/192 844/881/856 123/193/193
f 42/146/146 1569/882/857 660/192/192
f 527/883/858 846/641/636 1569/882/857
f 1569/882/857 216/643/638 844/881/856
f 645/594/591 835/884/859 111/595/592
f 117/640/635 1570/885/860 645/594/591
f 841/886/861 847/546/543 1570/885/860
f 1570/885/860 207/179/179 835/884/859
f 108/603/600 1571/887/862 832/888/863
f 116/673/663 1571/887/862 646/602/599
f 840/889/864 848/502/499 1571/887/862
f 832/888/863 848/502/499 204/500/497
f 229/611/606 1572/890/865 876/891/866
f 869/610/605 839/892/867 1572/890/865
f 1572/890/865 211/248/248 875/457/454
f 876/891/866 875/457/454 235/454/451
f 648/615/610 836/893/868 112/616/611
f 114/620/615 1573/894/869 648/615/610
f 838/895/870 850/406/405 1573/894/869
f 1573/894/869 208/408/407 836/893/868
f 649/619/614 838/895/870 114/620/615
f 113/629/624 1574/896/871 649/619/614
f 837/897/872 851/291/291 1574/896/871
f 1574/896/871 210/293/293 838/895/870
f 115/609/604 1575/898/873 839/892/867
f 650/624/619 832/888/863 1575/898/873
f 1575/898/873 204/500/497 852/251/251
f 839/892/867 852/251/251 211/248/248
f 700/145/145 527/883/858 42/146/146
f 43/220/220 1576/899/874 700/145/145
f 528/213/213 853/241/241 1576/899/874
f 1576/899/874 205/243/243 527/883/858
f 651/628/623 837/897/872 113/629/624
f 110/900/875 1577/901/876 651/628/623
f 834/245/245 854/208/208 1577/901/876
f 1577/901/876 209/210/210 837/897/872
f 652/639/634 841/886/861 117/640/635
f 106/902/877 1578/903/878 652/639/634
f 643/904/205 855/202/202 1578/903/878
f 1578/903/878 213/204/204 841/886/861
f 653/672/662 840/889/864 116/673/663
f 111/595/592 1579/905/879 653/672/662
f 835/884/859 856/176/176 1579/905/879
f 1579/905/879 212/178/178 840/889/864
f 647/906/880 644/907/641 107/908/645
f 647/906/880 876/891/866 1580/909/881
f 1580/909/881 235/454/451 849/910/882
f 1580/909/881 215/911/642 644/907/641
f 82/201/201 1581/912/883 862/462/459
f 604/863/840 874/913/884 1581/912/883
f 1581/912/883 234/57/57 877/875/852
f 862/462/459 877/875/852 222/463/460
f 81/468/465 1582/914/885 861/915/886
f 601/836/815 873/916/887 1582/914/885
f 1582/914/885 233/427/424 878/839/818
f 861/915/886 878/839/818 221/837/816
f 85/445/442 1583/917/888 865/918/889
f 605/810/791 872/323/323 1583/917/888
f 1583/917/888 232/327/327 879/822/803
f 865/918/889 879/822/803 225/820/801
f 84/46/46 1584/919/890 864/324/324
f 675/781/763 871/920/891 1584/919/890
f 1584/919/890 231/405/404 880/798/780
f 864/324/324 880/798/780 224/325/325
f 703/246/246 896/585/582 109/247/247
f 110/900/875 1585/921/892 703/246/246
f 897/627/622 698/922/893 1585/921/892
f 1585/921/892 19/744/728 896/585/582
f 25/923/894 1586/924/895 501/925/697
f 505/926/896 881/568/565 1586/924/897
f 1586/924/897 228/64/64 641/927/898
f 501/925/697 641/927/899 97/928/698
f 37/929/361 1587/930/900 518/931/715
f 519/932/901 882/486/483 1587/930/902
f 1587/930/902 227/435/432 617/933/903
f 1587/930/900 90/934/739 518/931/715
f 503/935/732 582/936/904 3/937/704
f 503/935/732 504/938/905 1588/939/906
f 504/938/907 883/481/478 1588/939/908
f 1588/939/908 220/483/480 582/936/904
f 586/940/909 526/941/655 41/942/659
f 586/940/909 884/461/458 1589/943/910
f 884/461/458 585/874/851 1589/943/910
f 1589/943/910 18/877/656 526/941/655
f 849/910/882 843/944/854 215/911/642
f 849/910/882 885/456/453 1590/945/911
f 1590/945/911 223/459/456 586/940/909
f 1590/945/911 41/942/659 843/944/854
f 617/933/912 611/946/741 90/934/739
f 617/933/903 886/437/434 1591/947/913
f 1591/947/913 217/440/437 504/938/907
f 1591/947/914 28/948/729 611/946/741
f 187/447/444 1592/949/915 873/916/887
f 791/446/443 865/918/889 1592/949/915
f 1592/949/915 225/820/801 887/430/427
f 873/916/887 887/430/427 233/427/424
f 97/928/698 1593/950/916 626/951/360
f 641/927/898 889/66/66 1593/950/917
f 1593/950/917 219/71/71 519/932/901
f 626/951/360 519/932/918 37/929/361
f 200/470/467 1594/952/919 874/913/884
f 816/469/466 861/915/886 1594/952/919
f 1594/952/919 221/837/816 890/60/60
f 874/913/884 890/60/60 234/57/57
f 3/953/704 1595/954/920 894/955/718
f 582/956/904 906/606/602 1595/954/920
f 1595/954/920 229/611/606 647/906/880
f 894/955/718 647/906/880 107/908/645
f 15/27/27 1596/957/921 655/958/922
f 710/26/26 727/959/923 1596/957/921
f 1596/957/921 151/54/54 683/150/150
f 655/958/922 683/150/150 118/147/147
f 698/922/893 915/960/924 19/744/728
f 2/625/620 1597/961/925 698/922/893
f 909/389/389 707/632/627 1597/961/925
f 915/960/924 707/632/627 134/630/625
f 241/518/515 1598/962/926 933/963/927
f 718/517/514 725/575/572 1598/962/926
f 1598/962/926 139/505/502 926/964/928
f 933/963/927 926/964/928 243/98/98
f 775/335/335 488/44/44 166/41/41
f 175/337/337 1599/965/929 775/335/335
f 767/451/448 537/773/755 1599/965/929
f 1599/965/929 46/775/757 488/44/44
f 162/795/777 1600/966/930 747/778/760
f 924/967/931 933/963/927 1600/966/930
f 1600/966/930 243/98/98 735/97/97
f 747/778/760 735/97/97 155/103/103
f 161/780/762 1601/968/932 871/920/891
f 741/101/101 934/761/743 1601/968/932
f 1601/968/932 249/400/400 888/399/399
f 871/920/891 888/399/399 231/405/404
f 730/695/683 929/969/933 142/696/684
f 143/690/678 1602/970/934 730/695/683
f 674/271/271 935/674/664 1602/970/934
f 1602/970/934 246/104/104 929/969/933
f 141/32/32 1603/971/935 727/959/923
f 928/972/936 936/571/568 1603/971/935
f 1603/971/935 248/56/56 931/55/55
f 727/959/923 931/55/55 151/54/54
f 154/772/754 1604/973/937 752/794/776
f 922/974/938 937/514/511 1604/973/937
f 1604/973/937 241/518/515 924/967/931
f 752/794/776 924/967/931 162/795/777
f 722/702/690 932/763/745 230/700/688
f 140/707/151 1605/975/939 722/702/690
f 927/976/52 938/398/398 1605/975/939
f 1605/975/939 249/400/400 932/763/745
f 749/785/767 921/977/940 152/786/768
f 160/790/772 1606/978/941 749/785/767
f 923/979/942 939/296/296 1606/978/941
f 1606/978/941 238/298/298 921/977/940
f 750/789/771 923/979/942 160/790/772
f 159/792/774 1607/980/943 750/789/771
f 919/676/666 940/266/266 1607/980/943
f 1607/980/943 240/268/268 923/979/942
f 153/981/944 1608/982/945 756/803/784
f 920/983/946 941/264/264 1608/982/945
f 1608/982/945 242/119/119 925/984/947
f 756/803/784 925/984/947 163/804/785
f 163/804/785 1609/985/948 746/771/753
f 925/984/947 942/121/121 1609/985/948
f 1609/985/948 239/126/126 922/974/938
f 746/771/753 922/974/938 154/772/754
f 142/696/684 1610/986/949 720/31/31
f 929/969/933 943/106/106 1610/986/949
f 1610/986/949 245/111/111 928/972/936
f 720/31/31 928/972/936 141/32/32
f 724/507/504 926/964/928 139/505/502
f 144/512/509 1611/987/950 724/507/504
f 930/762/744 944/96/96 1611/987/950
f 1611/987/950 243/98/98 926/964/928
f 156/988/781 1612/989/951 745/765/747
f 736/990/402 945/51/51 1612/989/951
f 1612/989/951 248/56/56 744/574/571
f 745/765/747 744/574/571 164/573/570
f 1103/991/952 1092/992/953 341/993/954
f 338/994/955 1613/995/956 1103/991/952
f 1089/996/957 524/6/6 1613/995/956
f 1613/995/956 39/4/4 1092/992/953
f 1085/997/958 1284/998/959 433/999/960
f 326/1000/961 1614/1001/962 1085/997/958
f 954/1002/963 1262/1003/964 1614/1001/962
f 1614/1001/962 425/1004/965 1284/998/959
f 1084/1005/966 1260/1006/967 421/1007/968
f 327/1008/969 1615/1009/970 1084/1005/966
f 955/1010/971 1242/1011/972 1615/1009/970
f 1615/1009/970 417/1012/973 1260/1006/967
f 1168/1013/974 1162/1014/975 260/1015/976
f 378/1016/977 1616/1017/978 1168/1013/974
f 1177/1018/979 1169/1019/980 1616/1017/978
f 1616/1017/978 265/1020/981 1162/1014/975
f 1141/1021/982 1178/1022/983 386/1023/984
f 340/1024/985 1617/1025/986 1141/1021/982
f 1091/1026/987 677/38/38 1617/1025/986
f 1617/1025/986 145/36/36 1178/1022/983
f 401/1027/988 1618/1028/989 953/1029/990
f 1228/1030/991 1221/1031/992 1618/1028/989
f 1618/1028/989 323/1032/993 1060/1033/994
f 953/1029/990 1060/1033/994 288/1034/995
f 473/1035/996 1619/1036/997 1375/1037/998
f 1393/1038/999 1379/1039/1000 1619/1036/997
f 1619/1036/997 387/1040/1001 1188/1041/1002
f 1375/1037/998 1188/1041/1002 377/1042/1003
f 464/1043/1004 1620/1044/1005 1341/1045/1006
f 426/1046/1007 1620/1044/1005 1283/1047/1008
f 1263/1048/1009 1046/1049/1010 1620/1044/1005
f 1341/1045/1006 1046/1049/1010 451/1050/1011
f 458/1051/1012 1621/1052/1013 1319/1053/1014
f 1340/1054/1015 1310/1055/1016 1621/1052/1013
f 1621/1052/1013 317/1056/1017 1053/1057/1018
f 1319/1053/1014 1053/1057/1018 344/1058/1019
f 334/1059/1020 1622/1060/1021 1083/1061/1022
f 1054/1062/1023 1051/1063/1024 1622/1060/1021
f 1622/1060/1021 252/1064/1025 947/1065/1026
f 1083/1061/1022 947/1065/1026 325/1066/1027
f 1282/1067/1028 1272/1068/1029 435/1069/1030
f 427/1070/1031 1623/1071/1032 1282/1067/1028
f 1264/1072/1033 973/1073/1034 1623/1071/1032
f 1623/1071/1032 360/1074/1035 1272/1068/1029
f 292/1075/1036 1624/1076/1037 1219/1077/1038
f 1002/1078/1039 1223/1079/1040 1624/1076/1037
f 1624/1076/1037 410/1080/1041 1231/1081/1042
f 1219/1077/1038 1231/1081/1042 406/1082/1043
f 1191/1083/1044 1392/1084/1045 472/1085/1046
f 390/1086/1047 1625/1087/1048 1191/1083/1044
f 1204/1088/1049 1197/1089/1050 1625/1087/1048
f 1625/1087/1048 476/1090/1051 1392/1084/1045
f 475/1091/1052 1626/1092/1053 1194/1093/1054
f 1391/1094/1055 1193/1095/1056 1626/1092/1053
f 1626/1092/1053 392/1096/1057 1209/1097/1058
f 1194/1093/1054 1209/1097/1058 393/1098/1059
f 971/1099/1060 1281/1100/1061 427/1070/1031
f 273/1101/1062 1627/1102/1063 971/1099/1060
f 1163/1103/1064 976/1104/1065 1627/1102/1063
f 1627/1102/1063 428/1105/1066 1281/1100/1061
f 471/1106/1067 1628/1107/1068 1176/1108/1069
f 1390/1109/1070 1173/1110/1071 1628/1107/1068
f 1628/1107/1068 383/1111/1072 1183/1112/1073
f 1176/1108/1069 1183/1112/1073 386/1023/984
f 1016/1113/1074 1234/1114/1075 404/1115/1076
f 301/1116/1077 1629/1117/1078 1016/1113/1074
f 1160/1118/1079 1017/1119/1080 1629/1117/1078
f 1629/1117/1078 405/1120/1081 1234/1114/1075
f 344/1058/1019 1630/1121/1082 1101/1122/1083
f 1053/1057/1018 1052/1123/1084 1630/1121/1082
f 1630/1121/1082 276/1124/1085 978/1125/1086
f 1101/1122/1083 978/1125/1086 337/1126/1087
f 974/1127/1088 1163/1103/1064 273/1101/1062
f 284/1128/1089 1631/1129/1090 974/1127/1088
f 1158/1130/1091 977/1131/1092 1631/1129/1090
f 1631/1129/1090 275/1132/1093 1163/1103/1064
f 356/1133/1094 1632/1134/1095 1142/1135/1096
f 957/1136/1097 1167/1137/1098 1632/1134/1095
f 1632/1134/1095 377/1042/1003 1188/1041/1002
f 1142/1135/1096 1188/1041/1002 387/1040/1001
f 1100/1138/1099 1259/1139/1100 422/1140/1101
f 339/1141/1102 1633/1142/1103 1100/1138/1099
f 980/1143/1104 984/1144/1105 1633/1142/1103
f 1633/1142/1103 415/1145/1106 1259/1139/1100
f 1099/1146/1107 1280/1147/1108 434/1148/1109
f 338/994/955 1634/1149/1110 1099/1146/1107
f 979/1150/1111 985/1151/1112 1634/1149/1110
f 1634/1149/1110 429/1152/1113 1280/1147/1108
f 1082/1153/1114 1073/1154/1115 330/1155/1116
f 326/1000/961 1635/1156/1117 1082/1153/1114
f 1069/1157/1118 986/1158/1119 1635/1156/1117
f 1635/1156/1117 286/1159/1120 1073/1154/1115
f 1081/1160/1121 1308/1161/1122 444/1162/1123
f 330/1155/1116 1636/1163/1124 1081/1160/1121
f 1073/1154/1115 992/1164/1125 1636/1163/1124
f 1636/1163/1124 439/1165/1126 1308/1161/1122
f 1132/1166/1127 1209/1097/1058 392/1096/1057
f 290/1167/1128 1637/1168/1129 1132/1166/1127
f 1159/1169/1130 1133/1170/1131 1637/1168/1129
f 1637/1168/1129 393/1098/1059 1209/1097/1058
f 1127/1171/1132 1118/1172/1133 359/1173/1134
f 361/1174/1135 1638/1175/1136 1127/1171/1132
f 1120/1176/1137 974/1127/1088 1638/1175/1136
f 1638/1175/1136 273/1101/1062 1118/1172/1133
f 322/1177/1138 1639/1178/1139 1059/1179/1140
f 1064/1180/1141 1058/1181/1142 1639/1178/1139
f 1639/1178/1139 258/1182/1143 951/1183/1144
f 1059/1179/1140 951/1183/1144 282/1184/1145
f 1098/1185/1146 1307/1186/1147 445/1187/1148
f 341/993/954 1640/1188/1149 1098/1185/1146
f 1092/992/953 842/207/207 1640/1188/1149
f 1640/1188/1149 214/205/205 1307/1186/1147
f 1012/1189/1150 1306/1190/1151 441/1191/1152
f 294/1192/1153 1641/1193/1154 1012/1189/1150
f 1005/1194/1155 991/1195/1156 1641/1193/1154
f 1641/1193/1154 438/1196/1157 1306/1190/1151
f 295/1197/1158 1642/1198/1159 1011/1199/1160
f 998/1200/1161 977/1131/1092 1642/1198/1159
f 1642/1198/1159 285/1201/1162 1005/1194/1155
f 1011/1199/1160 1005/1194/1155 294/1192/1153
f 1010/1202/1163 1279/1203/1164 430/1204/1165
f 296/1205/1166 1643/1206/1167 1010/1202/1163
f 999/1207/1168 1265/1208/1169 1643/1206/1167
f 1643/1206/1167 428/1105/1066 1279/1203/1164
f 1043/1209/1170 1232/1210/1171 407/1211/1172
f 314/1212/1173 1644/1213/1174 1043/1209/1170
f 1008/1214/1175 1009/1215/1176 1644/1213/1174
f 1644/1213/1174 402/1216/1177 1232/1210/1171
f 342/1217/1178 1645/1218/1179 1223/1079/1040
f 47/240/240 1645/1218/1179 1093/1219/1180
f 760/239/239 1226/1220/1181 1645/1218/1179
f 1645/1218/1179 410/1080/1041 1223/1079/1040
f 1286/1221/1182 1305/1222/1183 437/1223/1184
f 347/1224/1185 1646/1225/1186 1286/1221/1182
f 1161/1226/1187 1287/1227/1188 1646/1225/1186
f 1646/1225/1186 438/1196/1157 1305/1222/1183
f 443/1228/1189 1647/1229/1190 1304/1230/1191
f 1063/1231/1192 1059/1179/1140 1647/1229/1190
f 1647/1229/1190 282/1184/1145 988/1232/1193
f 1304/1230/1191 988/1232/1193 436/1233/1194
f 1225/1234/1195 1216/1235/1196 403/1236/1197
f 411/1237/1198 1648/1238/1199 1225/1234/1195
f 1224/1239/1200 1121/1240/1201 1648/1238/1199
f 1648/1238/1199 289/1241/1202 1216/1235/1196
f 237/262/262 1649/1242/1203 714/265/265
f 1389/1243/1204 1176/1108/1069 1649/1242/1203
f 1649/1242/1203 386/1023/984 1178/1022/983
f 714/265/265 1178/1022/983 145/36/36
f 1174/1244/1205 1388/1245/1206 469/1246/1207
f 384/1247/1208 1650/1248/1209 1174/1244/1205
f 1186/1249/1210 1134/1250/1211 1650/1248/1209
f 1650/1248/1209 466/1251/1212 1388/1245/1206
f 407/1211/1172 1651/1252/1213 1043/1209/1170
f 1229/1253/1214 967/1254/1215 1651/1252/1213
f 1651/1252/1213 269/1255/1216 1037/1256/1217
f 1043/1209/1170 1037/1256/1217 314/1212/1173
f 1042/1257/1218 1278/1258/1219 431/1259/1220
f 313/1260/1221 1652/1261/1222 1042/1257/1218
f 1007/1262/1223 1010/1202/1163 1652/1261/1222
f 1652/1261/1222 430/1204/1165 1278/1258/1219
f 312/1263/1224 1653/1264/1225 1041/1265/1226
f 1006/1266/1227 1011/1199/1160 1653/1264/1225
f 1653/1264/1225 294/1192/1153 1034/1267/1228
f 1041/1265/1226 1034/1267/1228 311/1268/1229
f 1040/1269/1230 1303/1270/1231 442/1271/1232
f 311/1268/1229 1654/1272/1233 1040/1269/1230
f 1034/1267/1228 1012/1189/1150 1654/1272/1233
f 1654/1272/1233 441/1191/1152 1303/1270/1231
f 1172/1273/1234 1387/1274/1235 467/1275/1236
f 382/1276/1237 1655/1277/1238 1172/1273/1234
f 1185/1278/1239 1174/1244/1205 1655/1277/1238
f 1655/1277/1238 469/1246/1207 1387/1274/1235
f 1039/1279/1240 1258/1280/1241 419/1281/1242
f 315/1282/1243 1656/1283/1244 1039/1279/1240
f 1038/1284/1245 1019/1285/1246 1656/1283/1244
f 1656/1283/1244 418/1286/1247 1258/1280/1241
f 1019/1285/1246 1257/1287/1248 418/1286/1247
f 304/1288/1249 1657/1289/1250 1019/1285/1246
f 1021/1290/1251 1239/1291/1252 1657/1289/1250
f 1657/1289/1250 414/1292/1253 1257/1287/1248
f 410/1080/1041 1658/1293/1254 1231/1081/1042
f 1097/1294/1255 1094/1295/1256 1658/1293/1254
f 1658/1293/1254 303/1296/1257 1018/1297/1258
f 1231/1081/1042 1018/1297/1258 406/1082/1043
f 408/1298/1259 1659/1299/1260 1221/1031/992
f 1323/1300/1261 1342/1301/1262 1659/1299/1260
f 1659/1299/1260 454/1302/1263 1315/1303/1264
f 1221/1031/992 1315/1303/1264 323/1032/993
f 1256/1304/1265 1248/1305/1266 423/1306/1267
f 1256/1304/1265 1238/1307/1268 1660/1308/1269
f 1660/1308/1269 301/1116/1077 1023/1309/1270
f 1660/1308/1269 363/1310/1271 1248/1305/1266
f 1080/1311/1272 1230/1312/1273 409/1313/1274
f 332/1314/1275 1661/1315/1276 1080/1311/1272
f 1075/1316/1277 1214/1317/1278 1661/1315/1276
f 1661/1315/1276 401/1027/988 1230/1312/1273
f 373/1318/1279 1662/1319/1280 1154/1320/1281
f 1079/1321/1282 1076/1322/1283 1662/1319/1280
f 1662/1319/1280 306/1323/1284 1027/1324/1285
f 1154/1320/1281 1027/1324/1285 367/1325/1286
f 367/1325/1286 1663/1326/1287 1153/1327/1288
f 1027/1324/1285 1026/1328/1289 1663/1326/1287
f 1663/1326/1287 266/1329/1290 1028/1330/1291
f 1153/1327/1288 1028/1330/1291 368/1331/1292
f 374/1332/1293 1664/1333/1294 1366/1334/1295
f 1155/1335/1296 1357/1336/1297 1664/1333/1294
f 1664/1333/1294 280/1337/1298 1087/1338/1299
f 1366/1334/1295 1087/1338/1299 336/1339/1300
f 1359/1340/1301 1152/1341/1302 372/1342/1303
f 308/1343/1304 1665/1344/1305 1359/1340/1301
f 1031/1345/1306 1363/1346/1307 1665/1344/1305
f 1665/1344/1305 369/1347/1308 1152/1341/1302
f 970/1348/1309 1255/1349/1310 413/1350/1311
f 272/1351/1312 1666/1352/1313 970/1348/1309
f 1157/1353/1314 975/1354/1315 1666/1352/1313
f 1666/1352/1313 414/1292/1253 1255/1349/1310
f 375/1355/1316 1667/1356/1317 1150/1357/1318
f 1125/1358/1319 1117/1359/1320 1667/1356/1317
f 1667/1356/1317 307/1360/1321 1030/1361/1322
f 1150/1357/1318 1030/1361/1322 371/1362/1323
f 1363/1346/1307 1151/1363/1324 369/1347/1308
f 293/1364/1325 1668/1365/1326 1363/1346/1307
f 1004/1366/1327 1358/1367/1328 1668/1365/1326
f 1668/1365/1326 370/1368/1329 1151/1363/1324
f 1013/1369/1330 1254/1370/1331 416/1371/1332
f 298/1372/1333 1669/1373/1334 1013/1369/1330
f 1020/1374/1335 1039/1279/1240 1669/1373/1334
f 1669/1373/1334 419/1281/1242 1254/1370/1331
f 1339/1375/1336 1386/1376/1337 478/1377/1338
f 461/1378/1339 1670/1379/1340 1339/1375/1336
f 1211/1380/1341 1192/1381/1342 1670/1379/1340
f 1670/1379/1340 473/1382/996 1386/1376/1337
f 996/1383/1343 1302/1384/1344 440/1385/1345
f 287/1386/1346 1671/1387/1347 996/1383/1343
f 997/1388/1348 1040/1269/1230 1671/1387/1347
f 1671/1387/1347 442/1271/1232 1302/1384/1344
f 254/1389/1349 1672/1390/1350 948/1391/1351
f 1035/1392/1352 1041/1265/1226 1672/1390/1350
f 1672/1390/1350 311/1268/1229 997/1388/1348
f 948/1391/1351 997/1388/1348 287/1386/1346
f 949/1393/1353 1277/1394/1354 424/1395/1355
f 255/1396/1356 1673/1397/1357 949/1393/1353
f 1036/1398/1358 1042/1257/1218 1673/1397/1357
f 1673/1397/1357 431/1259/1220 1277/1394/1354
f 1342/1301/1262 1049/1399/1359 454/1302/1263
f 462/1400/1360 1674/1401/1361 1342/1301/1262
f 1236/1402/1362 1216/1403/1196 1674/1401/1361
f 1674/1401/1361 289/1404/1202 1049/1399/1359
f 463/1405/1363 1675/1406/1364 1338/1407/1365
f 1253/1408/1366 1237/1409/1367 1675/1406/1364
f 1675/1406/1364 300/1410/1368 1050/1411/1369
f 1338/1407/1365 1050/1411/1369 455/1412/1370
f 457/1413/1371 1676/1414/1372 1318/1415/1373
f 1337/1416/1374 1309/1417/1375 1676/1414/1372
f 1676/1414/1372 316/1418/1376 1054/1062/1023
f 1318/1415/1373 1054/1062/1023 334/1059/1020
f 417/1012/973 1677/1419/1377 1014/1420/1378
f 1252/1421/1379 1245/1422/1380 1677/1419/1377
f 1677/1419/1377 324/1423/1381 1061/1424/1382
f 1014/1420/1378 1061/1424/1382 299/1425/1383
f 331/1426/1384 1678/1427/1385 1222/1428/1386
f 1074/1429/1387 1219/1077/1038 1678/1427/1385
f 1678/1427/1385 406/1082/1043 1227/1430/1388
f 1222/1428/1386 1227/1430/1388 409/1313/1274
f 465/1431/1389 1679/1432/1390 1326/1433/1391
f 1336/1434/1392 1314/1435/1393 1679/1432/1390
f 1679/1432/1390 322/1177/1138 1063/1231/1192
f 1326/1433/1391 1063/1231/1192 443/1228/1189
f 453/1436/1394 1680/1437/1395 1314/1435/1393
f 452/1438/1396 1680/1437/1395 1335/1439/1397
f 1680/1437/1395 321/1440/1398 1064/1180/1141
f 1314/1435/1393 1064/1180/1141 322/1177/1138
f 425/1004/965 1681/1441/1399 952/1442/1400
f 1276/1443/1401 1269/1444/1402 1681/1441/1399
f 1681/1441/1399 320/1445/1403 1057/1446/1404
f 952/1442/1400 1057/1446/1404 259/1447/1405
f 270/1448/1406 1682/1449/1407 1137/1450/1408
f 1033/1451/1409 1139/1452/1410 1682/1449/1407
f 1682/1449/1407 384/1247/1208 1185/1278/1239
f 1137/1450/1408 1185/1278/1239 382/1276/1237
f 316/1418/1376 1683/1453/1411 1051/1063/1024
f 1055/1454/1412 1067/1455/1413 318/1456/1414
f 252/1064/1025 1683/1453/1411 1055/1454/1412
f 1311/1457/1415 1334/1458/1416 450/1459/1417
f 318/1456/1414 1684/1460/1418 1311/1457/1415
f 1067/1455/1413 1309/1417/1375 1684/1460/1418
f 1684/1460/1418 448/1461/1419 1334/1458/1416
f 449/1462/1420 1685/1463/1421 1310/1055/1016
f 1333/1464/1422 1318/1415/1373 1685/1463/1421
f 1685/1463/1421 334/1059/1020 1077/1465/1423
f 1310/1055/1016 1077/1465/1423 317/1056/1017
f 1143/1466/1424 1148/1467/1425 366/1468/1426
f 305/1469/1427 1686/1470/1428 1143/1466/1424
f 1025/1471/1429 1079/1321/1282 1686/1470/1428
f 1686/1470/1428 373/1318/1279 1148/1467/1425
f 406/1082/1043 1687/1472/1430 1227/1430/1388
f 1018/1297/1258 1024/1473/1431 1687/1472/1430
f 1687/1472/1430 332/1314/1275 1080/1311/1272
f 1687/1472/1430 409/1313/1274 1227/1430/1388
f 362/1474/1432 1688/1475/1433 1001/1476/1434
f 1224/1239/1200 1235/1477/1435 1688/1475/1433
f 1235/1477/1435 1217/1478/1436 1688/1475/1433
f 1688/1475/1433 290/1167/1128 1001/1476/1434
f 436/1233/1194 1689/1479/1437 1300/1480/1438
f 988/1232/1193 993/1481/1439 1689/1479/1437
f 993/1481/1439 1081/1160/1121 1689/1479/1437
f 1689/1479/1437 444/1162/1123 1300/1480/1438
f 282/1184/1145 1690/1482/1440 993/1481/1439
f 258/1182/1143 1690/1482/1440 951/1183/1144
f 954/1002/963 1082/1153/1114 1690/1482/1440
f 1690/1482/1440 330/1155/1116 993/1481/1439
f 376/1483/1441 1691/1484/1442 1166/1485/1443
f 1181/1486/1444 1171/1487/1445 1691/1484/1442
f 1691/1484/1442 319/1488/1446 1045/1489/1447
f 1166/1485/1443 1045/1489/1447 257/1490/1448
f 468/1491/1449 1692/1492/1450 1173/1110/1071
f 1385/1493/1451 1175/1494/1452 1692/1492/1450
f 1692/1492/1450 385/1495/1453 1180/1496/1454
f 1173/1110/1071 1180/1496/1454 383/1111/1072
f 317/1056/1017 1693/1497/1455 1052/1123/1084
f 1077/1465/1423 1083/1061/1022 1693/1497/1455
f 1693/1497/1455 325/1066/1027 1068/1498/1456
f 1052/1123/1084 1068/1498/1456 276/1124/1085
f 984/1144/1105 1251/1499/1457 415/1145/1106
f 278/1500/1458 1694/1501/1459 984/1144/1105
f 1070/1502/1460 1084/1005/966 1694/1501/1459
f 1694/1501/1459 421/1007/968 1251/1499/1457
f 985/1151/1112 1275/1503/1461 429/1152/1113
f 277/1504/1462 1695/1505/1463 985/1151/1112
f 1069/1157/1118 1085/997/958 1695/1505/1463
f 1695/1505/1463 433/999/960 1275/1503/1461
f 1360/1506/1464 1149/1507/1465 365/1508/1466
f 253/1509/1467 1696/1510/1468 1360/1506/1464
f 946/1511/1469 1359/1340/1301 1696/1510/1468
f 1696/1510/1468 372/1342/1303 1149/1507/1465
f 168/535/532 1697/1512/1470 1226/1220/1181
f 551/537/534 1022/1513/1471 1697/1512/1470
f 1697/1512/1470 343/1514/1472 1097/1294/1255
f 1226/1220/1181 1097/1294/1255 410/1080/1041
f 1218/1515/1473 1003/1516/1474 291/1517/1475
f 405/1120/1081 1698/1518/1476 1218/1515/1473
f 1233/1519/1477 1009/1215/1176 1698/1518/1476
f 1698/1518/1476 297/1520/1478 1003/1516/1474
f 992/1164/1125 1299/1521/1479 439/1165/1126
f 286/1159/1120 1699/1522/1480 992/1164/1125
f 995/1523/1481 1098/1185/1146 1699/1522/1480
f 1699/1522/1480 445/1187/1148 1299/1521/1479
f 484/550/547 1274/1524/1482 192/551/548
f 9/553/550 1700/1525/1483 484/550/547
f 1089/996/957 1099/1146/1107 1700/1525/1483
f 1700/1525/1483 434/1148/1109 1274/1524/1482
f 178/554/551 1701/1526/1484 1250/1527/1485
f 10/559/556 1701/1526/1484 485/556/553
f 1090/1528/1486 1100/1138/1099 1701/1526/1484
f 1250/1527/1485 1100/1138/1099 422/1140/1101
f 77/1529/557 1702/1530/1487 590/1531/560
f 1095/1532/1488 1101/1122/1083 1702/1530/1487
f 1702/1530/1487 337/1126/1087 1088/1533/1489
f 590/1531/560 1088/1533/1489 1/1534/1490
f 218/1535/563 1703/1536/1491 858/1537/566
f 1332/1538/1492 1319/1053/1014 1703/1536/1491
f 1703/1536/1491 344/1058/1019 1095/1532/1488
f 858/1537/566 1095/1532/1488 77/1529/557
f 474/1539/1493 1704/1540/1494 1193/1095/1056
f 1384/1541/1495 1200/1542/1496 1704/1540/1494
f 1704/1540/1494 399/1543/1497 1210/1544/1498
f 1193/1095/1056 1210/1544/1498 392/1096/1057
f 1166/1485/1443 1182/1545/1499 376/1483/1441
f 257/1490/1448 1705/1546/1500 1166/1485/1443
f 956/1547/1501 1140/1548/1502 1705/1546/1500
f 1705/1546/1500 385/1495/1453 1182/1545/1499
f 986/1158/1119 995/1523/1481 286/1159/1120
f 277/1504/1462 1706/1549/1503 986/1158/1119
f 979/1150/1111 1103/991/952 1706/1549/1503
f 1706/1549/1503 341/993/954 995/1523/1481
f 1355/1550/1504 1123/1551/1505 364/1552/1506
f 357/1553/1507 1707/1554/1508 1355/1550/1504
f 960/1555/1509 1346/1556/1510 1707/1554/1508
f 1707/1554/1508 347/1224/1185 1123/1551/1505
f 1348/1557/1511 978/1558/1512 276/1559/1513
f 349/1560/1514 1708/1561/1515 1348/1557/1511
f 1105/1562/1516 1354/1563/1517 1708/1561/1515
f 1708/1561/1515 337/1564/1518 978/1558/1512
f 252/1565/1519 1709/1566/1520 947/1567/1521
f 1345/1568/1522 1106/1569/1523 1709/1566/1520
f 1106/1569/1523 1353/1570/1524 1709/1566/1520
f 1709/1566/1520 325/1571/1525 947/1567/1521
f 450/1572/1417 1710/1573/1526 1311/1574/1415
f 1356/1575/1527 1320/1576/1528 1710/1573/1526
f 1710/1573/1526 353/1577/1529 1352/1578/1530
f 1311/1574/1415 1352/1578/1530 318/1579/1531
f 1349/1580/1532 946/1511/1469 253/1509/1467
f 350/1581/1533 1711/1582/1534 1349/1580/1532
f 1108/1583/1535 1351/1584/1536 1711/1582/1534
f 1711/1582/1534 308/1343/1304 946/1511/1469
f 1351/1584/1536 1031/1345/1306 308/1343/1304
f 352/1585/1537 1712/1586/1538 1351/1584/1536
f 1109/1587/1539 1350/1588/1540 1712/1586/1538
f 1712/1586/1538 293/1364/1325 1031/1345/1306
f 318/1579/1531 1713/1589/1541 1055/1590/1542
f 1352/1578/1530 1110/1591/1543 1713/1589/1541
f 1713/1589/1541 346/1592/1544 1345/1568/1522
f 1055/1590/1542 1345/1568/1522 252/1565/1519
f 1350/1588/1540 1004/1366/1327 293/1364/1325
f 351/1593/1545 1714/1594/1546 1350/1588/1540
f 1111/1595/1547 1347/1596/1548 1714/1594/1546
f 1714/1594/1546 250/1597/1549 1004/1366/1327
f 371/1362/1323 1715/1598/1550 1165/1599/1551
f 1030/1361/1322 1164/1600/1552 1715/1598/1550
f 1164/1600/1552 1144/1601/1553 1715/1598/1550
f 1715/1598/1550 370/1368/1329 1165/1599/1551
f 1354/1563/1517 1088/1602/1554 337/1564/1518
f 355/1603/1555 1716/1604/1556 1354/1563/1517
f 1112/1605/1557 893/638/633 1716/1604/1556
f 1716/1604/1556 1/636/631 1088/1602/1554
f 1124/1606/1558 1298/1607/1559 447/1608/1560
f 364/1552/1506 1717/1609/1561 1124/1606/1558
f 1123/1551/1505 1286/1221/1182 1717/1609/1561
f 1717/1609/1561 437/1223/1184 1298/1607/1559
f 1104/1610/1562 1297/1611/1563 446/1612/1564
f 345/1613/1565 1718/1614/1566 1104/1610/1562
f 1114/1615/1567 1124/1606/1558 1718/1614/1566
f 1718/1614/1566 447/1608/1560 1297/1611/1563
f 368/1616/1292 1719/1617/1568 1146/1618/1569
f 1028/1619/1291 962/1620/1568 1719/1617/1568
f 1719/1617/1568 358/1621/1570 1125/1358/1319
f 1146/1618/1569 1125/1358/1319 375/1355/1316
f 1249/1622/1571 1237/1623/1367 412/1624/1572
f 423/1306/1267 1720/1625/1573 1249/1622/1571
f 1248/1305/1266 1122/1626/1574 1720/1625/1573
f 1720/1625/1573 300/1627/1368 1237/1623/1367
f 291/1517/1475 1721/1628/1575 1218/1515/1473
f 1159/1169/1130 1217/1478/1436 1721/1628/1575
f 1721/1628/1575 404/1115/1076 1234/1114/1075
f 1218/1515/1473 1234/1114/1075 405/1120/1081
f 989/1629/1576 972/1630/1577 263/1631/1578
f 283/1632/1579 1722/1633/1580 989/1629/1576
f 994/1634/1581 1127/1171/1132 1722/1633/1580
f 1722/1633/1580 359/1173/1134 972/1630/1577
f 1353/1570/1524 1068/1635/1582 325/1571/1525
f 354/1636/1583 1723/1637/1584 1353/1570/1524
f 1113/1638/1585 1348/1557/1511 1723/1637/1584
f 1723/1637/1584 276/1559/1513 1068/1635/1582
f 1194/1093/1054 1383/1639/1586 475/1091/1052
f 393/1098/1059 1724/1640/1587 1194/1093/1054
f 1207/1641/1588 1368/1642/1589 1724/1640/1587
f 1724/1640/1587 466/1251/1212 1383/1639/1586
f 1273/1643/1590 1263/1644/1009 426/1645/1007
f 435/1069/1030 1725/1646/1591 1273/1643/1590
f 1272/1068/1029 1119/1647/1592 1725/1646/1591
f 1725/1646/1591 262/1648/1593 1263/1644/1009
f 1138/1649/1594 1183/1112/1073 383/1111/1072
f 279/1650/1595 1726/1651/1596 1138/1649/1594
f 981/1652/1597 1141/1021/982 1726/1651/1596
f 1726/1651/1596 386/1023/984 1183/1112/1073
f 310/1653/1598 1727/1654/1599 1139/1452/1410
f 987/1655/1600 1170/1656/1601 1727/1654/1599
f 1727/1654/1599 380/1657/1602 1186/1249/1210
f 1139/1452/1410 1186/1249/1210 384/1247/1208
f 281/1658/1603 1728/1659/1604 1170/1656/1601
f 961/1660/1605 1169/1019/980 1728/1659/1604
f 1728/1659/1604 379/1661/1606 1187/1662/1607
f 1170/1656/1601 1187/1662/1607 380/1657/1602
f 1140/1548/1502 1180/1496/1454 385/1495/1453
f 328/1663/1608 1729/1664/1609 1140/1548/1502
f 1071/1665/1610 1138/1649/1594 1729/1664/1609
f 1729/1664/1609 383/1111/1072 1180/1496/1454
f 460/1666/1611 1730/1667/1612 1343/1668/1613
f 1179/1669/1614 1167/1670/1098 1730/1667/1612
f 1730/1667/1612 261/1671/1615 1317/1672/1616
f 1343/1668/1613 1317/1672/1616 456/1673/1617
f 129/1674/693 1731/1675/1618 908/1676/696
f 1147/1677/1619 1366/1334/1295 1731/1675/1618
f 1731/1675/1618 336/1339/1300 966/1678/1620
f 908/1676/696 966/1678/1620 25/1679/894
f 23/1680/699 1732/1681/1621 685/1682/699
f 964/1683/1622 1096/1684/1623 1732/1681/1621
f 1732/1681/1621 374/1332/1293 1147/1677/1619
f 685/1682/699 1147/1677/1619 129/1674/693
f 251/1685/1624 1733/1686/1625 1116/1687/1626
f 1362/1688/1627 1146/1618/1569 1733/1686/1625
f 1733/1686/1625 375/1355/1316 1367/1689/1628
f 1116/1687/1626 1367/1689/1628 357/1553/1507
f 256/1690/1629 1734/1691/1630 1032/1692/1631
f 365/1508/1466 1734/1691/1630 950/1693/1632
f 1149/1507/1465 1145/1694/1633 1734/1691/1630
f 1734/1691/1630 309/1695/1634 1032/1692/1631
f 1357/1336/1297 982/1696/1635 280/1337/1298
f 366/1468/1426 1735/1697/1636 1357/1336/1297
f 1148/1467/1425 1365/1698/1637 1735/1697/1636
f 982/1696/1635 1365/1698/1637 329/1699/1638
f 1344/1700/1639 1114/1615/1567 345/1613/1565
f 1344/1700/1639 1116/1687/1626 1736/1701/1640
f 1116/1687/1626 1355/1550/1504 1736/1701/1640
f 1736/1701/1640 364/1552/1506 1114/1615/1567
f 1029/1702/1641 963/1703/1642 268/1704/1643
f 369/1347/1308 1737/1705/1644 1029/1702/1641
f 1151/1363/1324 1144/1601/1553 1737/1705/1644
f 1737/1705/1644 267/1706/1645 963/1703/1642
f 1145/1694/1633 965/1707/1646 309/1695/1634
f 372/1342/1303 1738/1708/1647 1145/1694/1633
f 1152/1341/1302 1029/1702/1641 1738/1708/1647
f 1738/1708/1647 268/1704/1643 965/1707/1646
f 357/1553/1507 1739/1709/1648 960/1555/1509
f 1367/1689/1628 1150/1357/1318 1739/1709/1648
f 1739/1709/1648 371/1362/1323 1364/1710/1649
f 1739/1709/1648 264/1711/1650 960/1555/1509
f 271/1712/1651 1740/1713/1652 968/1714/1653
f 1361/1715/1654 1153/1327/1288 1740/1713/1652
f 1740/1713/1652 368/1331/1292 1362/1716/1627
f 968/1714/1653 1362/1716/1627 251/1717/1624
f 335/1718/1655 1741/1719/1656 1096/1684/1623
f 1086/1720/1657 1143/1466/1424 1741/1719/1656
f 1741/1719/1656 366/1468/1426 1155/1335/1296
f 1096/1684/1623 1155/1335/1296 374/1332/1293
f 1171/1487/1445 1056/1721/1658 319/1488/1446
f 381/1722/1659 1742/1723/1660 1171/1487/1445
f 1321/1724/1661 1343/1668/1613 1742/1723/1660
f 1742/1723/1660 456/1673/1617 1056/1721/1658
f 329/1699/1638 1743/1725/1662 1072/1726/1663
f 1365/1698/1637 1154/1320/1281 1743/1725/1662
f 1743/1725/1662 367/1325/1286 1361/1715/1654
f 1072/1726/1663 1361/1715/1654 271/1712/1651
f 476/1090/1051 1744/1727/1664 1378/1728/1665
f 1382/1729/1666 1380/1730/1667 1744/1727/1664
f 1744/1727/1664 460/1666/1611 1321/1724/1661
f 1378/1728/1665 1321/1724/1661 381/1722/1659
f 1121/1240/1201 1131/1731/1668 289/1241/1202
f 362/1474/1432 1745/1732/1669 1121/1240/1201
f 1745/1732/1669 399/1543/1497 1201/1733/1670
f 1131/1731/1668 1201/1733/1670 391/1734/1671
f 1190/1735/1672 1002/1078/1039 292/1075/1036
f 389/1736/1673 1746/1737/1674 1190/1735/1672
f 1202/1738/1675 1199/1739/1676 1746/1737/1674
f 1746/1737/1674 342/1217/1178 1002/1078/1039
f 1130/1740/1677 1000/1741/1678 288/1034/995
f 390/1086/1047 1747/1742/1679 1130/1740/1677
f 1203/1743/1680 1198/1744/1681 1747/1742/1679
f 1747/1742/1679 331/1426/1384 1000/1741/1678
f 288/1034/995 1748/1745/1682 1130/1740/1677
f 1060/1033/994 1135/1746/1683 1748/1745/1682
f 1748/1745/1682 396/1747/1684 1204/1088/1049
f 1130/1740/1677 1204/1088/1049 390/1086/1047
f 1189/1748/1685 1037/1256/1217 269/1255/1216
f 388/1749/1686 1749/1750/1687 1189/1748/1685
f 1205/1751/1688 1196/1752/1689 1749/1750/1687
f 1749/1750/1687 314/1212/1173 1037/1256/1217
f 1196/1752/1689 1008/1214/1175 314/1212/1173
f 395/1753/1690 1750/1754/1691 1196/1752/1689
f 1206/1755/1692 1195/1756/1693 1750/1754/1691
f 1750/1754/1691 297/1520/1478 1008/1214/1175
f 1195/1756/1693 1003/1516/1474 297/1520/1478
f 394/1757/1694 1751/1758/1695 1195/1756/1693
f 1207/1641/1588 1133/1170/1131 1751/1758/1695
f 1751/1758/1695 291/1517/1475 1003/1516/1474
f 1198/1744/1681 1074/1429/1387 331/1426/1384
f 397/1759/1696 1752/1760/1697 1198/1744/1681
f 1208/1761/1698 1190/1735/1672 1752/1760/1697
f 1752/1760/1697 292/1075/1036 1074/1429/1387
f 1001/1476/1434 1136/1762/1699 362/1474/1432
f 1001/1476/1434 1132/1166/1127 1753/1763/1700
f 1753/1763/1700 392/1096/1057 1210/1544/1498
f 1136/1762/1699 1210/1544/1498 399/1543/1497
f 454/1302/1263 1754/1764/1701 1331/1765/1702
f 1049/1399/1359 1131/1766/1668 1754/1764/1701
f 1754/1764/1701 391/1767/1671 1211/1380/1341
f 1331/1765/1702 1211/1380/1341 461/1378/1339
f 1199/1739/1676 1093/1219/1180 342/1217/1178
f 398/1768/1703 1755/1769/1704 1199/1739/1676
f 1212/1770/1705 733/802/783 1755/1769/1704
f 1755/1769/1704 47/240/240 1093/1219/1180
f 1122/1626/1574 1015/1771/1706 300/1627/1368
f 363/1310/1271 1756/1772/1707 1122/1626/1574
f 1128/1773/1708 1225/1234/1195 1756/1772/1707
f 1756/1772/1707 403/1236/1197 1015/1771/1706
f 299/1425/1383 1757/1774/1709 1214/1317/1278
f 1061/1424/1382 1066/1775/1710 1757/1774/1709
f 1757/1774/1709 408/1298/1259 1228/1030/991
f 1214/1317/1278 1228/1030/991 401/1027/988
f 1213/1776/1711 1020/1374/1335 298/1372/1333
f 400/1777/1712 1758/1778/1713 1213/1776/1711
f 1229/1253/1214 1220/1779/1714 1758/1778/1713
f 1758/1778/1713 315/1282/1243 1020/1374/1335
f 1220/1779/1714 1038/1284/1245 315/1282/1243
f 407/1211/1172 1759/1780/1715 1220/1779/1714
f 1232/1210/1171 1215/1781/1716 1759/1780/1715
f 1759/1780/1715 304/1288/1249 1038/1284/1245
f 1215/1781/1716 1021/1290/1251 304/1288/1249
f 402/1216/1177 1760/1782/1717 1215/1781/1716
f 1233/1519/1477 1017/1119/1080 1760/1782/1717
f 1760/1782/1717 302/1783/1718 1021/1290/1251
f 1023/1309/1270 1128/1773/1708 363/1310/1271
f 1023/1309/1270 1016/1113/1074 1761/1784/1719
f 1761/1784/1719 404/1115/1076 1235/1477/1435
f 1761/1784/1719 411/1237/1198 1128/1773/1708
f 455/1412/1370 1762/1785/1720 1330/1786/1721
f 1050/1411/1369 1015/1787/1706 1762/1785/1720
f 1762/1785/1720 403/1788/1197 1236/1402/1362
f 1330/1786/1721 1236/1402/1362 462/1400/1360
f 1119/1647/1592 958/1789/1722 262/1648/1593
f 360/1074/1035 1763/1790/1723 1119/1647/1592
f 1126/1791/1724 1249/1622/1571 1763/1790/1723
f 1763/1790/1723 412/1624/1572 958/1789/1722
f 58/539/536 1764/1792/1725 1022/1513/1471
f 782/829/808 1250/1527/1485 1764/1792/1725
f 1764/1792/1725 422/1140/1101 1247/1793/1726
f 1022/1513/1471 1247/1793/1726 343/1514/1472
f 303/1296/1257 1765/1794/1727 1024/1473/1431
f 415/1145/1106 1765/1794/1727 1240/1795/1728
f 1251/1499/1457 1246/1796/1729 1765/1794/1727
f 1024/1473/1431 1246/1796/1729 332/1314/1275
f 259/1447/1405 1766/1797/1730 1242/1011/972
f 1057/1446/1404 1062/1798/1731 1766/1797/1730
f 1766/1797/1730 420/1799/1732 1252/1421/1379
f 1242/1011/972 1252/1421/1379 417/1012/973
f 451/1050/1011 1767/1800/1733 1329/1801/1734
f 262/1802/1593 1767/1800/1733 1046/1049/1010
f 958/1803/1722 1253/1408/1366 1767/1800/1733
f 1329/1801/1734 1253/1408/1366 463/1405/1363
f 1241/1804/1735 1036/1398/1358 255/1396/1356
f 416/1371/1332 1768/1805/1736 1241/1804/1735
f 1254/1370/1331 1244/1806/1737 1768/1805/1736
f 1768/1805/1736 313/1260/1221 1036/1398/1358
f 1238/1307/1268 1160/1118/1079 301/1116/1077
f 413/1350/1311 1769/1807/1738 1238/1307/1268
f 1255/1349/1310 1239/1291/1252 1769/1807/1738
f 1769/1807/1738 302/1783/1718 1160/1118/1079
f 973/1073/1034 1126/1791/1724 360/1074/1035
f 272/1351/1312 1770/1808/1739 973/1073/1034
f 1770/1808/1739 413/1350/1311 1256/1304/1265
f 1770/1808/1739 423/1306/1267 1126/1791/1724
f 1243/1809/1740 999/1207/1168 296/1205/1166
f 418/1286/1247 1771/1810/1741 1243/1809/1740
f 1257/1287/1248 975/1354/1315 1771/1810/1741
f 1771/1810/1741 274/1811/1742 999/1207/1168
f 1244/1806/1737 1007/1262/1223 313/1260/1221
f 419/1281/1242 1772/1812/1743 1244/1806/1737
f 1258/1280/1241 1243/1809/1740 1772/1812/1743
f 1772/1812/1743 296/1205/1166 1007/1262/1223
f 343/1514/1472 1773/1813/1744 1094/1295/1256
f 1247/1793/1726 1259/1139/1100 1773/1813/1744
f 1773/1813/1744 415/1145/1106 1240/1795/1728
f 1094/1295/1256 1240/1795/1728 303/1296/1257
f 1246/1796/1729 1075/1316/1277 332/1314/1275
f 421/1007/968 1774/1814/1745 1246/1796/1729
f 1260/1006/967 1014/1420/1378 1774/1814/1745
f 1774/1814/1745 299/1425/1383 1075/1316/1277
f 972/1630/1577 959/1815/1746 263/1631/1578
f 359/1173/1134 1775/1816/1747 972/1630/1577
f 1129/1817/1748 1273/1643/1590 1775/1816/1747
f 1775/1816/1747 426/1645/1007 959/1815/1746
f 808/856/833 1090/1528/1486 10/559/556
f 192/551/548 1776/1818/1749 808/856/833
f 1274/1524/1482 1271/1819/1750 1776/1818/1749
f 1776/1818/1749 339/1141/1102 1090/1528/1486
f 1266/1820/1751 1070/1502/1460 278/1500/1458
f 429/1152/1113 1777/1821/1752 1266/1820/1751
f 1275/1503/1461 1270/1822/1753 1777/1821/1752
f 1777/1821/1752 327/1008/969 1070/1502/1460
f 258/1182/1143 1778/1823/1754 1262/1003/964
f 1058/1181/1142 1065/1824/1755 1778/1823/1754
f 1778/1823/1754 432/1825/1756 1276/1443/1401
f 1262/1003/964 1276/1443/1401 425/1004/965
f 1261/1826/1757 1035/1392/1352 254/1389/1349
f 424/1395/1355 1779/1827/1758 1261/1826/1757
f 1277/1394/1354 1268/1828/1759 1779/1827/1758
f 1779/1827/1758 312/1263/1224 1035/1392/1352
f 1268/1828/1759 1006/1266/1227 312/1263/1224
f 431/1259/1220 1780/1829/1760 1268/1828/1759
f 1278/1258/1219 1267/1830/1761 1780/1829/1760
f 1780/1829/1760 295/1197/1158 1006/1266/1227
f 1267/1830/1761 998/1200/1161 295/1197/1158
f 430/1204/1165 1781/1831/1762 1267/1830/1761
f 1279/1203/1164 976/1104/1065 1781/1831/1762
f 1781/1831/1762 275/1132/1093 998/1200/1161
f 1271/1819/1750 980/1143/1104 339/1141/1102
f 434/1148/1109 1782/1832/1763 1271/1819/1750
f 1280/1147/1108 1266/1820/1751 1782/1832/1763
f 1782/1832/1763 278/1500/1458 980/1143/1104
f 1264/1072/1033 1157/1353/1314 272/1351/1312
f 427/1070/1031 1783/1833/1764 1264/1072/1033
f 1281/1100/1061 1265/1208/1169 1783/1833/1764
f 1783/1833/1764 274/1811/1742 1157/1353/1314
f 1118/1172/1133 1129/1817/1748 359/1173/1134
f 273/1101/1062 1784/1834/1765 1118/1172/1133
f 971/1099/1060 1282/1067/1028 1784/1834/1765
f 1784/1834/1765 435/1069/1030 1129/1817/1748
f 452/1438/1396 1785/1835/1766 1328/1836/1767
f 263/1837/1578 1785/1835/1766 1047/1838/1768
f 959/1839/1746 1283/1047/1008 1785/1835/1766
f 1328/1836/1767 1283/1047/1008 464/1043/1004
f 1270/1822/1753 955/1010/971 327/1008/969
f 433/999/960 1786/1840/1769 1270/1822/1753
f 1284/998/959 952/1442/1400 1786/1840/1769
f 1786/1840/1769 259/1447/1405 955/1010/971
f 1295/1841/1770 994/1634/1581 283/1632/1579
f 446/1612/1564 1787/1842/1771 1295/1841/1770
f 1297/1611/1563 1296/1843/1772 1787/1842/1771
f 1787/1842/1771 361/1174/1135 994/1634/1581
f 1296/1843/1772 1120/1176/1137 361/1174/1135
f 447/1608/1560 1788/1844/1773 1296/1843/1772
f 1298/1607/1559 990/1845/1774 1788/1844/1773
f 1788/1844/1773 284/1128/1089 1120/1176/1137
f 1288/1846/1775 1105/1562/1516 349/1560/1514
f 439/1165/1126 1789/1847/1776 1288/1846/1775
f 1299/1521/1479 1294/1848/1777 1789/1847/1776
f 1789/1847/1776 355/1603/1555 1105/1562/1516
f 346/1592/1544 1790/1849/1778 1106/1569/1523
f 1285/1850/1779 1300/1480/1438 1790/1849/1778
f 1300/1480/1438 1293/1851/1780 1790/1849/1778
f 1790/1849/1778 354/1636/1583 1106/1569/1523
f 459/1852/1781 1791/1853/1782 1320/1576/1528
f 1327/1854/1783 1326/1433/1391 1791/1853/1782
f 1791/1853/1782 443/1228/1189 1292/1855/1784
f 1320/1576/1528 1292/1855/1784 353/1577/1529
f 1289/1856/1785 1108/1583/1535 350/1581/1533
f 440/1385/1345 1792/1857/1786 1289/1856/1785
f 1302/1384/1344 1291/1858/1787 1792/1857/1786
f 1792/1857/1786 352/1585/1537 1108/1583/1535
f 1291/1858/1787 1109/1587/1539 352/1585/1537
f 442/1271/1232 1793/1859/1788 1291/1858/1787
f 1303/1270/1231 1290/1860/1789 1793/1859/1788
f 1793/1859/1788 351/1593/1545 1109/1587/1539
f 353/1577/1529 1794/1861/1790 1110/1591/1543
f 1292/1855/1784 1304/1230/1191 1794/1861/1790
f 1794/1861/1790 436/1233/1194 1285/1850/1779
f 1110/1591/1543 1285/1850/1779 346/1592/1544
f 990/1845/1774 1158/1130/1091 284/1128/1089
f 437/1223/1184 1795/1862/1791 990/1845/1774
f 1305/1222/1183 991/1195/1156 1795/1862/1791
f 1795/1862/1791 285/1201/1162 1158/1130/1091
f 1290/1860/1789 1111/1595/1547 351/1593/1545
f 441/1191/1152 1796/1863/1792 1290/1860/1789
f 1306/1190/1151 1287/1227/1188 1796/1863/1792
f 1796/1863/1792 348/1864/1793 1111/1595/1547
f 1294/1848/1777 1112/1605/1557 355/1603/1555
f 445/1187/1148 1797/1865/1794 1294/1848/1777
f 1307/1186/1147 643/904/205 1797/1865/1794
f 1797/1865/1794 106/902/877 1112/1605/1557
f 1293/1851/1780 1113/1638/1585 354/1636/1583
f 444/1162/1123 1798/1866/1795 1293/1851/1780
f 1308/1161/1122 1288/1846/1775 1798/1866/1795
f 1798/1866/1795 349/1560/1514 1113/1638/1585
f 1104/1867/1562 1107/1868/1796 345/1869/1565
f 446/1870/1564 1799/1871/1797 1104/1867/1562
f 1799/1871/1797 465/1431/1389 1327/1854/1783
f 1107/1868/1796 1327/1854/1783 459/1852/1781
f 321/1440/1398 1800/1872/1798 1065/1824/1755
f 1313/1873/1799 1328/1836/1767 1800/1872/1798
f 1800/1872/1798 464/1043/1004 1325/1874/1800
f 1065/1824/1755 1325/1874/1800 432/1825/1756
f 320/1445/1403 1801/1875/1801 1062/1798/1731
f 1312/1876/1802 1329/1801/1734 1801/1875/1801
f 1801/1875/1801 463/1405/1363 1324/1877/1803
f 1062/1798/1731 1324/1877/1803 420/1799/1732
f 324/1423/1381 1802/1878/1804 1066/1775/1710
f 1316/1879/1805 1330/1786/1721 1802/1878/1804
f 1802/1878/1804 462/1400/1360 1323/1300/1261
f 1066/1775/1710 1323/1300/1261 408/1298/1259
f 323/1032/993 1803/1880/1806 1135/1746/1683
f 1315/1303/1264 1331/1765/1702 1803/1880/1806
f 1803/1880/1806 461/1378/1339 1322/1881/1807
f 1135/1746/1683 1322/1881/1807 396/1747/1684
f 1346/1556/1510 1161/1226/1187 347/1224/1185
f 264/1711/1650 1804/1882/1808 1346/1556/1510
f 1156/1883/1809 1347/1596/1548 1804/1882/1808
f 1804/1882/1808 348/1864/1793 1161/1226/1187
f 25/1884/894 1805/1885/1810 505/1886/1811
f 966/1887/1620 1102/1888/1812 1805/1885/1810
f 1805/1885/1813 458/1051/1012 1332/1538/1492
f 505/1886/896 1332/1538/1492 218/1535/563
f 280/1889/1298 1806/1890/1814 983/1891/1815
f 329/1892/1638 1806/1890/1814 982/1893/1635
f 1806/1890/1816 457/1413/1371 1333/1464/1422
f 983/1891/1817 1333/1464/1422 449/1462/1420
f 1044/1894/1818 968/1895/1653 251/1896/1624
f 450/1459/1417 1807/1897/1819 1044/1894/1818
f 1334/1458/1416 969/1898/1820 1807/1897/1819
f 968/1895/1653 969/1898/1821 271/1899/1651
f 989/1900/1576 1048/1901/1822 283/1902/1579
f 263/1837/1578 1808/1903/1823 989/1900/1576
f 1047/1838/1768 1335/1439/1397 1808/1903/1823
f 1048/1901/1822 1335/1439/1397 453/1436/1394
f 1295/1904/1770 1301/1905/1824 446/1870/1564
f 283/1902/1579 1809/1906/1825 1295/1904/1770
f 1809/1906/1825 453/1436/1394 1336/1434/1392
f 1301/1905/1824 1336/1434/1392 465/1431/1389
f 1072/1907/1663 1078/1908/1826 329/1892/1638
f 271/1899/1651 1810/1909/1827 1072/1907/1663
f 1810/1909/1828 448/1461/1419 1337/1416/1374
f 1078/1908/1829 1337/1416/1374 457/1413/1371
f 420/1799/1732 1811/1910/1830 1245/1422/1380
f 1324/1877/1803 1338/1407/1365 1811/1910/1830
f 1811/1910/1830 455/1412/1370 1316/1879/1805
f 1245/1422/1380 1316/1879/1805 324/1423/1381
f 336/1911/1300 1812/1912/1831 1102/1888/1812
f 1087/1913/1299 983/1891/1815 1812/1912/1831
f 1812/1912/1832 449/1462/1420 1340/1054/1015
f 1102/1888/1833 1340/1054/1015 458/1051/1012
f 432/1825/1756 1813/1914/1834 1269/1444/1402
f 1325/1874/1800 1341/1045/1006 1813/1914/1834
f 1813/1914/1834 451/1050/1011 1312/1876/1802
f 1269/1444/1402 1312/1876/1802 320/1445/1403
f 251/1915/1624 1814/1916/1835 1044/1917/1818
f 1344/1918/1639 1107/1868/1796 1814/1916/1835
f 1814/1916/1835 459/1852/1781 1356/1575/1527
f 1044/1917/1818 1356/1575/1527 450/1572/1417
f 260/1015/976 1815/1919/1836 1168/1013/974
f 1115/1920/1837 1142/1135/1096 1815/1919/1836
f 1815/1919/1836 387/1040/1001 1184/1921/1838
f 1168/1013/974 1184/1921/1838 378/1016/977
f 1364/1710/1649 1156/1883/1809 264/1711/1650
f 1364/1710/1649 1165/1599/1551 1816/1922/1839
f 1165/1599/1551 1358/1367/1328 1816/1922/1839
f 1816/1922/1839 250/1597/1549 1156/1883/1809
f 470/1923/1840 1817/1924/1841 1175/1494/1452
f 1381/1925/1842 1374/1926/1843 1817/1924/1841
f 1817/1924/1841 376/1483/1441 1182/1545/1499
f 1175/1494/1452 1182/1545/1499 385/1495/1453
f 953/1029/990 1230/1312/1273 401/1027/988
f 288/1034/995 1818/1927/1844 953/1029/990
f 1000/1741/1678 1222/1428/1386 1818/1927/1844
f 1818/1927/1844 409/1313/1274 1230/1312/1273
f 397/1759/1696 1819/1928/1845 1372/1929/1846
f 1203/1743/1680 1191/1083/1044 1819/1928/1845
f 1819/1928/1845 472/1085/1046 1381/1925/1842
f 1372/1929/1846 1381/1925/1842 470/1923/1840
f 396/1747/1684 1820/1930/1847 1197/1089/1050
f 1322/1881/1807 1339/1375/1336 1820/1930/1847
f 1820/1930/1847 478/1377/1338 1382/1729/1666
f 1197/1089/1050 1382/1729/1666 476/1090/1051
f 1377/1931/1848 1187/1662/1607 379/1661/1606
f 475/1091/1052 1821/1932/1849 1377/1931/1848
f 1383/1639/1586 1134/1250/1211 1821/1932/1849
f 1821/1932/1849 380/1657/1602 1187/1662/1607
f 378/1016/977 1822/1933/1850 1376/1934/1851
f 1184/1921/1838 1379/1039/1000 1822/1933/1850
f 1822/1933/1850 477/1935/1852 1384/1541/1495
f 1376/1934/1851 1384/1541/1495 474/1539/1493
f 389/1736/1673 1823/1936/1853 1370/1937/1854
f 1208/1761/1698 1372/1929/1846 1823/1936/1853
f 1823/1936/1853 470/1923/1840 1385/1493/1451
f 1370/1937/1854 1385/1493/1451 468/1491/1449
f 1380/1730/1667 1179/1669/1614 460/1666/1611
f 478/1377/1338 1824/1938/1855 1380/1730/1667
f 1386/1376/1337 1375/1939/998 1824/1938/1855
f 1824/1938/1855 377/1940/1003 1179/1669/1614
f 1369/1941/1856 1205/1751/1688 388/1749/1686
f 467/1275/1236 1825/1942/1857 1369/1941/1856
f 1387/1274/1235 1371/1943/1858 1825/1942/1857
f 1825/1942/1857 395/1753/1690 1205/1751/1688
f 1371/1943/1858 1206/1755/1692 395/1753/1690
f 469/1246/1207 1826/1944/1859 1371/1943/1858
f 1388/1245/1206 1368/1642/1589 1826/1944/1859
f 1826/1944/1859 394/1757/1694 1206/1755/1692
f 153/981/944 1827/1945/1860 920/983/946
f 1212/1770/1705 1373/1946/1861 1827/1945/1860
f 1827/1945/1860 471/1106/1067 1389/1243/1204
f 920/983/946 1389/1243/1204 237/262/262
f 398/1768/1703 1828/1947/1862 1373/1946/1861
f 1202/1738/1675 1370/1937/1854 1828/1947/1862
f 1828/1947/1862 468/1491/1449 1390/1109/1070
f 1373/1946/1861 1390/1109/1070 471/1106/1067
f 379/1661/1606 1829/1948/1863 1377/1931/1848
f 1177/1018/979 1376/1934/1851 1829/1948/1863
f 1829/1948/1863 474/1539/1493 1391/1094/1055
f 1377/1931/1848 1391/1094/1055 475/1091/1052
f 1374/1926/1843 1181/1486/1444 376/1483/1441
f 472/1085/1046 1830/1949/1864 1374/1926/1843
f 1392/1084/1045 1378/1728/1665 1830/1949/1864
f 1830/1949/1864 381/1722/1659 1181/1486/1444
f 391/1734/1671 1831/1950/1865 1192/1951/1342
f 1201/1733/1670 1200/1542/1496 1831/1950/1865
f 1831/1950/1865 477/1935/1852 1393/1038/999
f 1192/1951/1342 1393/1038/999 473/1035/996
f 45/1952/1866 1912/1953/1867 1849/1954/1868
f 481/1955/1869 1833/1956/1870 1912/1953/1867
f 191/1957/1871 1913/1958/1872 1869/1959/1873
f 482/1960/1874 1834/1961/1875 1913/1958/1872
f 483/1962/1876 1864/1963/1877 1914/1964/1878
f 8/1965/1879 1914/1966/1878 1835/1967/1880
f 89/1968/1881 1915/1969/1882 491/1970/1883
f 491/1970/1883 1836/1971/1884 11/1972/1885
f 118/1973/1886 1916/1974/1887 1862/1975/1888
f 492/1976/1889 1839/1977/1890 1916/1974/1887
f 38/1978/1891 1917/1979/1892 1848/1980/1893
f 496/1981/1894 1840/1982/1895 1917/1979/1892
f 120/1983/1896 1918/1984/1897 497/1985/1898
f 497/1985/1898 1841/1986/1899 21/1987/1900
f 24/1988/1901 1919/1989/1902 498/1990/1903
f 22/1991/1904 1919/1989/1902 1842/1992/1905
f 96/1993/1906 1920/1994/1907 499/1995/1907
f 499/1995/1907 1843/1996/1908 23/1997/1908
f 69/1998/1909 1921/1999/1910 500/2000/1911
f 24/1988/1901 1921/1999/1910 1844/2001/1901
f 165/2002/1912 1922/2003/1913 1867/2004/1914
f 502/2005/1915 1845/2006/1916 1922/2003/1913
f 517/2007/1917 1860/2008/1918 1923/2009/1919
f 36/2010/1920 1923/2009/1919 1847/2011/1921
f 523/2012/1922 1855/2013/1923 70/2014/1924
f 38/1978/1891 1924/2015/1925 523/2012/1922
f 533/2016/1926 1870/2017/1927 208/2018/1928
f 45/1952/1866 1925/2019/1929 533/2016/1926
f 550/2020/1930 1868/2021/1931 183/2022/1932
f 57/2023/1933 1926/2024/1934 550/2020/1930
f 563/2025/1935 1858/2026/1936 1927/2027/1937
f 65/2028/1938 1927/2027/1937 1851/2029/1939
f 21/2030/1900 1928/2031/1940 564/2032/1941
f 564/2032/1941 1852/2033/1942 66/2034/1943
f 8/1965/1879 1929/2035/1944 570/2036/1944
f 570/2036/1944 1854/2037/1945 69/1998/1909
f 571/2038/1946 1846/2039/1947 27/2040/1948
f 70/2014/1924 1930/2041/1949 571/2038/1946
f 583/2042/1950 1856/2043/1951 80/2044/1952
f 11/1972/1885 1931/2045/1953 583/2042/1950
f 595/2046/1954 1871/2047/1955 226/2048/1956
f 80/2044/1952 1932/2049/1957 595/2046/1954
f 610/2050/1958 1847/2011/1921 1933/2051/1959
f 610/2050/1958 1857/2052/1960 89/1968/1881
f 615/2053/1961 1852/2033/1942 1934/2054/1961
f 94/2055/1936 1934/2054/1961 1858/2026/1936
f 625/2056/1962 1851/2029/1939 1935/2057/1962
f 96/1993/1906 1935/2057/1962 1859/2058/1906
f 630/2059/1963 1837/2060/1964 1936/2061/1965
f 101/2062/1966 1936/2061/1965 1860/2008/1918
f 15/2063/1967 1937/2064/1968 1838/2065/1969
f 655/2066/1970 1862/1975/1888 1937/2064/1968
f 657/2067/1971 1853/2068/1972 1938/2069/1973
f 120/1983/1896 1938/2069/1973 1863/2070/1974
f 146/2071/1975 1939/2072/1976 1865/2073/1977
f 678/2074/1978 1846/2039/1947 1939/2072/1976
f 20/2075/1979 1940/2076/1980 1840/1982/1895
f 704/2077/1981 1838/2065/1969 1940/2076/1980
f 706/2078/1982 1842/1992/1905 1941/2079/1983
f 67/2080/1972 1941/2079/1983 1853/2068/1972
f 715/2081/1984 1872/2082/1985 238/2083/1986
f 715/2081/1984 1865/2084/1977 1942/2085/1987
f 732/2086/1988 1845/2006/1916 26/2087/1989
f 732/2086/1988 1866/2088/1990 1943/2089/1991
f 57/2023/1933 1944/2090/1992 1850/2091/1993
f 757/2092/1994 1867/2004/1914 1944/2090/1992
f 787/2093/1995 1834/1961/1875 7/2094/1875
f 183/2022/1932 1945/2095/1996 787/2093/1995
f 807/2096/1997 1833/1956/1870 6/2097/1870
f 807/2096/1997 1869/1959/1873 1946/2098/1998
f 836/2099/1999 1861/2100/2000 112/2101/2001
f 208/2018/1928 1947/2102/2002 836/2099/1999
f 866/2103/2003 1839/1977/1890 16/2104/2004
f 226/2048/1956 1948/2105/2005 866/2103/2003
f 5/2106/2006 1949/2107/2007 1832/2108/2008
f 899/2109/2009 1861/2100/2000 1949/2107/2007
f 911/2110/2010 1832/2108/2008 1950/2111/2011
f 127/2112/2012 1950/2111/2011 1864/1963/1877
f 152/2113/2013 1951/2114/2014 1866/2088/1990
f 238/2083/1986 1951/2114/2014 921/2115/2015
f 287/2116/2016 1952/2117/2017 948/2118/2018
f 948/2118/2018 1874/2119/2019 254/2120/2019
f 424/2121/2020 1953/2122/2021 949/2123/2022
f 949/2123/2022 1875/2124/2023 255/2125/2024
f 950/2126/2025 1903/2127/2026 365/2128/2027
f 256/2129/2028 1954/2130/2029 950/2131/2025
f 328/2132/2030 1955/2133/2031 1896/2134/2030
f 956/2135/2032 1877/2136/2033 1955/2133/2031
f 356/2137/2034 1956/2138/2035 957/2139/2036
f 957/2139/2036 1879/2140/2037 261/2141/2038
f 281/2142/2039 1957/2143/2040 961/2144/2041
f 961/2144/2041 1880/2145/2042 265/2146/2043
f 358/2147/2044 1958/2148/2045 1902/2149/2046
f 962/2150/2047 1881/2151/2048 1958/2148/2045
f 268/2152/2049 1959/2153/2050 1883/2154/2051
f 267/2155/2052 1959/2153/2050 963/2156/2050
f 335/2157/2053 1960/2158/2054 1898/2159/2053
f 964/2160/2055 1843/2161/1908 1960/2158/2054
f 309/2162/2056 1961/2163/2057 1893/2164/2056
f 268/2152/2049 1961/2163/2057 965/2165/2058
f 400/2166/2059 1962/2167/2060 967/2168/2061
f 967/2168/2061 1884/2169/2062 269/2170/2063
f 981/2171/2064 1899/2172/2065 340/2173/2066
f 279/2174/2067 1963/2175/2068 981/2171/2064
f 987/2176/2069 1894/2177/2070 1964/2178/2071
f 281/2142/2039 1964/2178/2071 1887/2179/2072
f 996/2180/2073 1909/2181/2074 1965/2182/2075
f 287/2116/2016 1965/2182/2075 1888/2183/2076
f 1013/2184/2077 1907/2185/2078 1966/2186/2079
f 298/2187/2080 1966/2186/2079 1889/2188/2081
f 1025/2189/2082 1897/2190/2083 333/2191/2083
f 305/2192/2084 1967/2193/2085 1025/2189/2082
f 266/2194/2048 1968/2195/2086 1881/2196/2048
f 1026/2197/2087 1891/2198/2088 1968/2195/2086
f 256/2129/2028 1969/2199/2089 1876/2200/2090
f 1032/2201/2091 1893/2164/2056 1969/2199/2089
f 1033/2202/2092 1885/2203/2093 1970/2204/2094
f 310/2205/2095 1970/2204/2094 1894/2177/2070
f 1045/2206/2096 1895/2207/2097 1971/2208/2098
f 257/2209/2099 1971/2208/2098 1877/2136/2033
f 1056/2210/2100 1910/2211/2101 1972/2212/2102
f 319/2213/2103 1972/2212/2102 1895/2207/2097
f 1071/2214/2104 1886/2215/2105 279/2174/2067
f 1071/2214/2104 1896/2134/2030 1973/2216/2106
f 1076/2217/2107 1891/2198/2088 306/2218/2108
f 333/2191/2083 1974/2219/2109 1076/2217/2107
f 1086/2220/2110 1890/2221/2111 305/2192/2084
f 335/2157/2053 1975/2222/2110 1086/2220/2110
f 1091/2223/2112 1837/2060/1964 14/2224/2113
f 340/2173/2066 1976/2225/2114 1091/2223/2112
f 260/2226/2115 1977/2227/2116 1115/2228/2116
f 1115/2228/2116 1901/2229/2034 356/2137/2034
f 1117/2230/2117 1892/2231/2118 307/2232/2119
f 358/2147/2044 1978/2233/2120 1117/2230/2117
f 382/2234/2121 1979/2235/2122 1137/2236/2123
f 1137/2236/2123 1885/2203/2093 270/2237/2124
f 1162/2238/2125 1880/2145/2042 1980/2239/2126
f 1162/2238/2125 1878/2240/2127 260/2226/2115
f 1164/2241/2128 1882/2242/2129 267/2155/2052
f 307/2232/2119 1981/2243/2128 1164/2241/2128
f 1172/2244/2130 1911/2245/2131 1982/2246/2132
f 1172/2244/2130 1904/2247/2133 382/2248/2121
f 1189/2249/2134 1884/2169/2062 1983/2250/2135
f 1189/2249/2134 1905/2251/2136 388/2252/2137
f 298/2187/2080 1984/2253/2138 1213/2254/2139
f 1213/2254/2139 1906/2255/2140 400/2166/2059
f 1241/2256/2141 1875/2124/2023 1985/2257/2142
f 416/2258/2143 1985/2257/2142 1907/2185/2078
f 1261/2259/2144 1874/2119/2019 1986/2260/2145
f 1261/2259/2144 1908/2261/2146 424/2121/2020
f 1289/2262/2147 1900/2263/2148 1987/2264/2149
f 440/2265/2150 1987/2264/2149 1909/2181/2074
f 1317/2266/2151 1879/2140/2037 1988/2267/2152
f 456/2268/2153 1988/2267/2152 1910/2211/2101
f 253/2269/2154 1989/2270/2155 1349/2271/2156
f 1349/2271/2156 1900/2263/2148 350/2272/2157
f 1360/2273/2158 1873/2274/2159 253/2269/2154
f 365/2128/2027 1990/2275/2160 1360/2273/2158
f 388/2252/2137 1991/2276/2161 1369/2277/2162
f 467/2278/2163 1991/2276/2161 1911/2245/2131
f 631/1/1 1394/5/5 642/2/2
f 39/4/4 524/6/6 1394/5/5
f 524/6/6 9/553/550 628/7/7
f 1394/5/5 628/7/7 99/8/8
f 831/9/9 1395/13/13 624/10/10
f 193/12/12 809/14/14 1395/13/13
f 809/14/14 12/199/199 489/15/15
f 1395/13/13 489/15/15 87/16/16
f 806/17/17 1396/21/21 623/18/18
f 184/20/20 788/22/22 1396/21/21
f 788/22/22 13/834/813 490/23/23
f 1396/21/21 490/23/23 88/24/24
f 704/25/25 1397/29/29 710/26/26
f 20/28/28 711/30/30 1397/29/29
f 711/30/30 142/696/684 720/31/31
f 1397/29/29 720/31/31 141/32/32
f 721/33/33 1398/37/37 682/34/34
f 145/36/36 677/38/38 1398/37/37
f 677/38/38 14/2279/2164 630/39/39
f 1398/37/37 630/39/39 101/40/40
f 166/41/41 488/44/44 1399/42/42
f 488/44/44 46/775/757 599/45/45
f 1399/42/42 599/45/45 84/46/46
f 773/43/43 1399/42/42 766/47/47
f 244/49/49 927/52/52 1400/50/50
f 927/52/52 140/151/151 731/53/53
f 1400/50/50 731/53/53 151/54/54
f 945/51/51 1400/50/50 931/55/55
f 234/57/57 890/60/60 1401/58/58
f 890/60/60 221/837/816 584/61/61
f 584/61/61 17/841/669 810/62/62
f 1401/58/58 810/62/62 194/63/63
f 228/64/64 868/67/67 1402/65/65
f 868/67/67 105/135/135 592/68/68
f 1402/65/65 592/68/68 78/69/69
f 889/66/66 1402/65/65 859/70/70
f 95/72/72 622/75/75 1403/73/73
f 622/75/75 86/521/518 480/76/76
f 1403/73/73 480/76/76 4/77/77
f 593/74/74 1403/73/73 589/78/78
f 819/80/80 1404/84/84 829/81/81
f 122/83/83 509/85/85 1404/84/84
f 509/85/85 29/377/377 811/86/86
f 1404/84/84 811/86/86 195/87/87
f 51/88/88 764/91/91 1405/89/89
f 764/91/91 172/453/450 776/92/92
f 1405/89/89 776/92/92 176/93/93
f 539/90/90 1405/89/89 768/94/94
f 944/96/96 1406/100/100 735/97/97
f 247/99/99 741/101/101 1406/100/100
f 741/101/101 161/780/762 748/102/102
f 1406/100/100 748/102/102 155/103/103
f 246/104/104 738/107/107 1407/105/105
f 738/107/107 158/183/183 753/108/108
f 1407/105/105 753/108/108 157/109/109
f 943/106/106 1407/105/105 737/110/110
f 828/112/112 1408/115/115 507/113/113
f 196/114/114 512/116/116 1408/115/115
f 512/116/116 32/142/142 705/117/117
f 1408/115/115 705/117/117 30/118/118
f 242/119/119 719/122/122 1409/120/120
f 719/122/122 150/35/35 726/123/123
f 1409/120/120 726/123/123 147/124/124
f 942/121/121 1409/120/120 716/125/125
f 779/127/127 1410/131/131 554/128/128
f 171/130/130 555/132/132 1410/131/131
f 555/132/132 62/816/797 702/133/133
f 1410/131/131 702/133/133 61/134/134
f 105/135/135 640/137/137 1411/136/136
f 640/137/137 98/565/562 514/138/138
f 1411/136/136 514/138/138 33/139/139
f 592/68/68 1411/136/136 591/140/140
f 705/117/117 1412/143/143 510/141/141
f 32/142/142 513/144/144 1412/143/143
f 513/144/144 43/220/220 700/145/145
f 1412/143/143 700/145/145 42/146/146
f 118/147/147 683/150/150 1413/148/148
f 683/150/150 151/54/54 731/53/53
f 1413/148/148 731/53/53 140/151/151
f 492/149/149 1413/148/148 709/152/152
f 805/154/154 1414/158/158 639/155/155
f 182/157/157 520/159/159 1414/158/158
f 520/159/159 35/525/522 516/160/160
f 1414/158/158 516/160/160 100/161/161
f 827/162/162 1415/166/166 638/163/163
f 197/165/165 521/167/167 1415/166/166
f 521/167/167 34/528/525 515/168/168
f 1415/166/166 515/168/168 99/8/8
f 612/169/169 1416/173/173 621/170/170
f 44/172/172 522/174/174 1416/173/173
f 522/174/174 34/528/525 608/175/175
f 1416/173/173 608/175/175 87/16/16
f 856/176/176 1417/180/180 620/177/177
f 207/179/179 529/181/181 1417/180/180
f 529/181/181 44/172/172 612/169/169
f 1417/180/180 612/169/169 91/171/171
f 753/108/108 1418/184/184 672/182/182
f 158/183/183 673/185/185 1418/184/184
f 673/185/185 50/542/539 701/186/186
f 1418/184/184 701/186/186 49/187/187
f 658/188/188 1419/191/191 667/189/189
f 30/118/118 510/141/141 1419/191/191
f 510/141/141 42/146/146 660/192/192
f 1419/191/191 660/192/192 123/193/193
f 83/194/194 598/197/197 1420/195/195
f 598/197/197 40/253/253 486/198/198
f 1420/195/195 486/198/198 12/199/199
f 603/196/196 1420/195/195 597/200/200
f 855/202/202 1421/206/206 637/203/203
f 214/205/205 842/207/207 1421/206/206
f 842/207/207 39/4/4 631/1/1
f 1421/206/206 631/1/1 102/3/3
f 854/208/208 1422/212/212 549/209/209
f 206/211/211 528/213/213 1422/212/212
f 528/213/213 43/220/220 542/214/214
f 1422/212/212 542/214/214 53/215/215
f 54/216/216 548/219/219 1423/217/217
f 548/219/219 53/215/215 542/214/214
f 1423/217/217 542/214/214 43/220/220
f 535/218/218 1423/217/217 513/144/144
f 826/221/221 1424/224/224 547/222/222
f 196/114/114 812/225/225 1424/224/224
f 812/225/225 31/848/825 536/226/226
f 1424/224/224 536/226/226 55/227/227
f 777/228/228 1425/232/232 581/229/229
f 167/231/231 546/233/233 1425/232/232
f 546/233/233 56/543/540 545/234/234
f 1425/232/232 545/234/234 74/235/235
f 103/95/95 768/94/94 1426/236/236
f 176/93/93 771/238/238 1426/236/236
f 771/238/238 168/535/532 760/239/239
f 1426/236/236 760/239/239 47/240/240
f 853/241/241 1427/244/244 833/242/242
f 206/211/211 834/245/245 1427/244/244
f 834/245/245 110/900/875 703/246/246
f 1427/244/244 703/246/246 109/247/247
f 211/248/248 852/251/251 1428/249/249
f 852/251/251 204/500/497 525/252/252
f 1428/249/249 525/252/252 40/253/253
f 602/250/250 1428/249/249 598/197/197
f 761/254/254 1429/258/258 770/255/255
f 48/257/257 661/259/259 1429/258/258
f 661/259/259 124/495/492 769/260/260
f 1429/258/258 769/260/260 177/261/261
f 237/262/262 714/265/265 1430/263/263
f 714/265/265 145/36/36 721/33/33
f 1430/263/263 721/33/33 150/35/35
f 941/264/264 1430/263/263 719/122/122
f 940/266/266 1431/270/270 717/267/267
f 236/269/269 674/271/271 1431/270/270
f 674/271/271 143/690/678 729/272/272
f 1431/270/270 729/272/272 148/273/273
f 173/230/230 581/229/229 1432/274/274
f 581/229/229 74/235/235 575/276/276
f 1432/274/274 575/276/276 26/277/277
f 774/275/275 1432/274/274 502/278/278
f 825/280/280 1433/283/283 580/281/281
f 198/223/223 547/222/222 1433/283/283
f 547/222/222 55/227/227 544/284/284
f 1433/283/283 544/284/284 73/285/285
f 72/286/286 579/289/289 1434/287/287
f 579/289/289 71/295/295 572/290/290
f 1434/287/287 572/290/290 53/215/215
f 543/288/288 1434/287/287 548/219/219
f 851/291/291 1435/294/294 578/292/292
f 209/210/210 549/209/209 1435/294/294
f 549/209/209 53/215/215 572/290/290
f 1435/294/294 572/290/290 71/295/295
f 939/296/296 1436/299/299 715/297/297
f 240/268/268 717/267/267 1436/299/299
f 717/267/267 148/273/273 728/300/300
f 1436/299/299 728/300/300 146/301/301
f 804/302/302 1437/306/306 577/303/303
f 185/305/305 557/307/307 1437/306/306
f 557/307/307 64/315/315 576/308/308
f 1437/306/306 576/308/308 75/309/309
f 803/310/310 1438/312/312 557/307/307
f 181/311/311 785/313/313 1438/312/312
f 785/313/313 62/816/797 559/314/314
f 1438/312/312 559/314/314 64/315/315
f 176/93/93 776/92/92 1439/316/316
f 776/92/92 172/453/450 556/318/318
f 1439/316/316 556/318/318 63/319/319
f 636/317/317 1439/316/316 633/320/320
f 174/48/48 766/47/47 1440/322/322
f 766/47/47 84/46/46 864/324/324
f 1440/322/322 864/324/324 224/325/325
f 872/323/323 1440/322/322 891/326/326
f 794/328/328 1441/332/332 802/329/329
f 125/331/331 561/818/799 1441/332/332
f 1441/332/332 561/818/799 61/134/134
f 802/329/329 1441/332/332 784/333/333
f 775/335/335 1442/338/338 619/336/336
f 166/41/41 758/339/339 1442/338/338
f 758/339/339 59/808/789 614/340/340
f 1442/338/338 614/340/340 93/341/341
f 136/342/342 696/345/345 1443/343/343
f 696/345/345 130/350/350 565/346/346
f 1443/343/343 565/346/346 66/347/347
f 618/344/344 1443/343/343 615/348/348
f 130/350/350 695/352/352 1444/351/351
f 695/352/352 131/750/646 566/353/353
f 1444/351/351 566/353/353 21/354/354
f 565/346/346 1444/351/351 564/355/355
f 137/356/356 917/359/359 1445/357/357
f 917/359/359 97/713/698 626/360/360
f 1445/357/357 626/360/360 37/361/361
f 697/358/358 1445/357/357 907/362/362
f 694/364/364 1446/368/368 910/365/365
f 132/367/367 914/369/369 1446/368/368
f 914/369/369 52/391/391 569/370/370
f 1446/368/368 569/370/370 68/371/371
f 801/372/372 1447/374/374 506/373/373
f 181/311/311 511/375/375 1447/374/374
f 511/375/375 31/848/825 699/376/376
f 1447/374/374 699/376/376 29/377/377
f 138/378/378 692/381/381 1448/379/379
f 692/381/381 134/630/625 568/382/382
f 1448/379/379 568/382/382 67/383/383
f 665/380/380 1448/379/379 657/384/384
f 693/386/386 1449/388/388 914/369/369
f 133/387/387 909/389/389 1449/388/388
f 909/389/389 2/625/620 541/390/390
f 1449/388/388 541/390/390 52/391/391
f 800/392/392 1450/395/395 550/393/393
f 186/304/304 577/303/303 1450/395/395
f 577/303/303 75/309/309 558/396/396
f 1450/395/395 558/396/396 57/397/397
f 938/398/398 1451/402/401 888/399/399
f 244/401/49 736/403/402 1451/402/401
f 736/403/402 156/799/781 755/404/403
f 1451/402/401 755/404/403 231/405/404
f 850/406/405 1452/409/408 533/407/406
f 210/293/293 578/292/292 1452/409/408
f 578/292/292 71/295/295 534/410/409
f 1452/409/408 534/410/409 45/411/410
f 6/412/411 481/415/414 1453/413/412
f 481/415/414 45/411/410 534/410/409
f 1453/413/412 534/410/409 71/295/295
f 573/414/413 1453/413/412 579/289/289
f 824/416/415 1454/419/418 482/417/416
f 199/282/282 580/281/281 1454/419/418
f 580/281/281 73/285/285 574/420/419
f 1454/419/418 574/420/419 7/421/420
f 587/422/421 1455/424/422 891/326/326
f 48/423/257 761/425/254 1455/424/422
f 761/425/254 169/823/256 781/426/423
f 1455/424/422 781/426/423 232/327/327
f 233/427/424 887/430/427 1456/428/425
f 887/430/427 225/820/801 588/431/428
f 1456/428/425 588/431/428 60/432/429
f 799/429/426 1456/428/425 783/433/430
f 227/435/432 867/438/435 1457/436/433
f 867/438/435 95/72/72 593/74/74
f 1457/436/433 593/74/74 76/79/79
f 886/437/434 1457/436/433 857/439/436
f 184/20/20 552/443/440 1458/441/438
f 552/443/440 59/808/789 600/444/441
f 1458/441/438 600/444/441 85/445/442
f 798/442/439 1458/441/438 791/446/443
f 92/448/445 767/451/448 1459/449/446
f 767/451/448 175/337/337 772/452/449
f 1459/449/446 772/452/449 172/453/450
f 613/450/447 1459/449/446 764/91/91
f 235/454/451 875/457/454 1460/455/452
f 875/457/454 211/248/248 602/250/250
f 1460/455/452 602/250/250 83/194/194
f 885/456/453 1460/455/452 863/458/455
f 223/459/456 863/458/455 1461/460/457
f 863/458/455 83/194/194 603/196/196
f 1461/460/457 603/196/196 82/201/201
f 1461/460/457 862/462/459 222/463/460
f 193/12/12 487/466/463 1462/464/461
f 487/466/463 13/834/813 596/467/464
f 1462/464/461 596/467/464 81/468/465
f 823/465/462 1462/464/461 816/469/466
f 27/471/468 678/474/471 1463/472/469
f 678/474/471 146/301/301 728/300/300
f 1463/472/469 728/300/300 148/273/273
f 571/473/470 1463/472/469 680/475/472
f 76/79/79 589/78/78 1464/477/474
f 4/77/77 594/479/476 1464/477/474
f 606/478/475 1464/477/474 594/479/476
f 883/481/478 1465/484/481 860/482/479
f 217/440/437 857/439/436 1465/484/481
f 857/439/436 76/79/79 606/478/475
f 1465/484/481 606/478/475 79/480/477
f 219/71/71 859/70/70 1466/485/482
f 859/70/70 78/69/69 616/487/484
f 1466/485/482 616/487/484 95/72/72
f 882/486/483 1466/485/482 867/438/435
f 690/488/485 1467/490/487 684/489/486
f 136/342/342 618/344/344 1467/490/487
f 618/344/344 94/349/349 563/491/488
f 1467/490/487 563/491/488 65/492/489
f 172/453/450 772/452/449 1468/493/490
f 175/337/337 619/336/336 1468/493/490
f 1468/493/490 619/336/336 93/341/341
f 556/318/318 1468/493/490 562/494/491
f 124/495/492 538/497/494 1469/496/493
f 49/187/187 762/498/495 1469/496/493
f 762/498/495 170/129/129 780/499/496
f 769/260/260 1469/496/493 780/499/496
f 204/500/497 848/502/499 1470/501/498
f 212/178/178 620/177/177 1470/501/498
f 620/177/177 91/171/171 530/503/500
f 525/252/252 1470/501/498 530/503/500
f 40/253/253 530/503/500 1471/504/501
f 91/171/171 621/170/170 1471/504/501
f 621/170/170 87/16/16 489/15/15
f 1471/504/501 489/15/15 12/199/199
f 139/505/502 708/508/505 1472/506/503
f 708/508/505 11/579/576 583/509/506
f 1472/506/503 583/509/506 80/510/507
f 724/507/504 1472/506/503 713/511/508
f 239/126/126 716/125/125 1473/513/510
f 716/125/125 147/124/124 723/515/512
f 1473/513/510 723/515/512 149/516/513
f 937/514/511 1473/513/510 718/517/514
f 78/69/69 591/140/140 1474/519/516
f 591/140/140 33/139/139 607/520/517
f 1474/519/516 607/520/517 86/521/518
f 616/487/484 1474/519/516 622/75/75
f 797/522/519 1475/523/520 520/159/159
f 188/19/19 623/18/18 1475/523/520
f 623/18/18 88/24/24 609/524/521
f 1475/523/520 609/524/521 35/525/522
f 822/526/523 1476/527/524 521/167/167
f 201/11/11 624/10/10 1476/527/524
f 624/10/10 87/16/16 608/175/175
f 1476/527/524 608/175/175 34/528/525
f 691/529/526 1477/532/529 911/530/527
f 135/366/366 910/365/365 1477/532/529
f 910/365/365 68/371/371 479/533/530
f 1477/532/529 479/533/530 5/534/531
f 168/535/532 771/238/238 1478/536/533
f 771/238/238 176/93/93 636/317/317
f 1478/536/533 636/317/317 104/321/321
f 551/537/534 1478/536/533 560/538/535
f 540/540/537 1479/544/541 763/541/538
f 56/543/540 546/233/233 1479/544/541
f 546/233/233 167/231/231 778/545/542
f 1479/544/541 778/545/542 171/130/130
f 847/546/543 1480/547/544 529/181/181
f 213/204/204 637/203/203 1480/547/544
f 637/203/203 102/3/3 532/548/545
f 1480/547/544 532/548/545 44/172/172
f 821/549/546 1481/552/549 484/550/547
f 202/164/164 638/163/163 1481/552/549
f 638/163/163 99/8/8 628/7/7
f 1481/552/549 628/7/7 9/553/550
f 178/554/551 796/557/554 1482/555/552
f 796/557/554 189/156/156 639/155/155
f 639/155/155 100/161/161 629/558/555
f 1482/555/552 629/558/555 10/559/556
f 77/560/557 590/563/560 1483/561/558
f 590/563/560 1/2280/1490 627/564/561
f 1483/561/558 627/564/561 98/565/562
f 634/562/559 1483/561/558 640/137/137
f 218/566/563 858/569/566 1484/567/564
f 858/569/566 77/560/557 634/562/559
f 1484/567/564 634/562/559 105/135/135
f 881/568/565 1484/567/564 868/67/67
f 245/111/111 737/110/110 1485/570/567
f 737/110/110 157/109/109 754/572/569
f 1485/570/567 754/572/569 164/573/570
f 936/571/568 1485/570/567 744/574/571
f 725/575/572 1486/576/573 708/508/505
f 149/516/513 681/577/574 1486/576/573
f 681/577/574 89/699/687 491/578/575
f 1486/576/573 491/578/575 11/579/576
f 532/548/545 1487/580/577 522/174/174
f 102/3/3 642/2/2 1487/580/577
f 642/2/2 99/8/8 515/168/168
f 1487/580/577 515/168/168 34/528/525
f 663/581/578 1488/584/581 905/582/579
f 109/247/247 896/585/582 1488/584/581
f 896/585/582 19/744/728 495/586/583
f 1488/584/581 495/586/583 119/587/584
f 514/588/585 1489/592/589 898/589/586
f 98/591/588 904/593/590 1489/592/589
f 904/593/590 117/640/635 645/594/591
f 1489/592/589 645/594/591 111/595/592
f 4/596/593 480/600/597 1490/597/594
f 86/599/596 903/601/598 1490/597/594
f 903/601/598 116/673/663 646/602/599
f 895/598/595 1490/597/594 646/602/599
f 220/604/480 860/607/479 1491/605/601
f 860/607/479 79/621/616 902/608/603
f 1491/605/601 902/608/603 115/609/604
f 906/606/602 1491/605/601 869/610/605
f 479/533/530 1492/613/608 899/612/607
f 68/371/371 901/614/609 1492/613/608
f 901/614/609 114/620/615 648/615/610
f 1492/613/608 648/615/610 112/616/611
f 569/370/370 1493/617/612 901/614/609
f 52/391/391 900/618/613 1493/617/612
f 900/618/613 113/629/624 649/619/614
f 1493/617/612 649/619/614 114/620/615
f 79/621/616 594/623/618 1494/622/617
f 594/623/618 4/596/593 895/598/595
f 1494/622/617 895/598/595 108/603/600
f 902/608/603 1494/622/617 650/624/619
f 541/390/390 1495/626/621 900/618/613
f 2/625/620 897/627/622 1495/626/621
f 897/627/622 110/900/875 651/628/623
f 1495/626/621 651/628/623 113/629/624
f 134/630/625 707/632/627 1496/631/626
f 133/387/387 686/633/628 1496/631/626
f 686/633/628 22/739/723 706/634/629
f 568/382/382 1496/631/626 706/634/629
f 627/635/630 1497/637/632 904/593/590
f 1/636/631 893/638/633 1497/637/632
f 893/638/633 106/902/877 652/639/634
f 1497/637/632 652/639/634 117/640/635
f 846/641/636 1498/644/639 664/642/637
f 205/243/243 833/242/242 1498/644/639
f 833/242/242 109/247/247 663/581/578
f 1498/644/639 663/581/578 126/583/580
f 845/645/640 1499/648/643 644/646/641
f 216/643/638 664/642/637 1499/648/643
f 664/642/637 126/583/580 654/649/644
f 1499/648/643 654/649/644 107/650/645
f 131/651/646 688/654/648 1500/652/647
f 688/654/648 138/378/378 665/380/380
f 1500/652/647 665/380/380 120/385/385
f 566/653/353 1500/652/647 497/655/649
f 783/657/430 1501/661/651 795/658/650
f 60/660/429 662/662/652 1501/661/651
f 662/662/652 125/331/331 794/328/328
f 1501/661/651 794/328/328 190/330/330
f 50/542/539 763/541/538 1502/663/653
f 763/541/538 171/130/130 779/127/127
f 1502/663/653 779/127/127 170/129/129
f 701/186/186 1502/663/653 762/498/495
f 508/664/654 1503/667/657 526/665/655
f 121/190/190 667/189/189 1503/667/657
f 667/189/189 123/193/193 531/668/658
f 1503/667/657 531/668/658 41/669/659
f 607/670/660 1504/671/661 903/601/598
f 33/590/587 898/589/586 1504/671/661
f 898/589/586 111/595/592 653/672/662
f 1504/671/661 653/672/662 116/673/663
f 935/674/664 1505/675/665 738/107/107
f 236/269/269 919/676/666 1505/675/665
f 919/676/666 159/792/774 751/677/667
f 1505/675/665 751/677/667 158/183/183
f 810/678/62 1506/682/670 820/679/668
f 17/681/669 659/683/671 1506/682/670
f 659/683/671 122/83/83 819/80/80
f 1506/682/670 819/80/80 203/82/82
f 726/123/123 1507/685/673 679/684/672
f 150/35/35 682/34/34 1507/685/673
f 682/34/34 101/40/40 517/686/674
f 1507/685/673 517/686/674 36/687/675
f 70/476/473 680/475/472 1508/688/676
f 680/475/472 148/273/273 729/272/272
f 1508/688/676 729/272/272 143/690/678
f 523/689/677 1508/688/676 712/691/679
f 38/692/680 712/691/679 1509/693/681
f 712/691/679 143/690/678 730/695/683
f 1509/693/681 730/695/683 142/696/684
f 496/694/682 1509/693/681 711/30/30
f 723/515/512 1510/697/685 681/577/574
f 147/124/124 679/684/672 1510/697/685
f 679/684/672 36/687/675 610/698/686
f 1510/697/685 610/698/686 89/699/687
f 230/700/688 892/703/691 1511/701/689
f 892/703/691 226/754/736 866/704/692
f 1511/701/689 866/704/692 16/705/153
f 722/702/690 1511/701/689 709/706/152
f 129/708/693 908/711/696 1512/709/694
f 908/711/696 25/2281/894 501/712/697
f 1512/709/694 501/712/697 97/713/698
f 689/710/695 1512/709/694 917/359/359
f 23/714/699 685/717/699 1513/715/700
f 685/717/699 129/708/693 689/710/695
f 1513/715/700 689/710/695 137/356/356
f 499/716/701 1513/715/700 635/718/702
f 3/720/704 656/723/707 1514/721/705
f 656/723/707 119/587/584 918/724/708
f 1514/721/705 918/724/708 138/378/378
f 913/722/706 1514/721/705 688/654/648
f 8/725/709 570/729/713 1515/726/710
f 69/728/712 687/730/714 1515/726/710
f 687/730/714 135/366/366 691/529/526
f 1515/726/710 691/529/526 127/531/528
f 518/731/715 1516/733/717 907/362/362
f 518/731/715 90/757/739 916/732/716
f 916/732/716 136/342/342 690/488/485
f 1516/733/717 690/488/485 128/363/363
f 654/649/644 1517/735/719 894/734/718
f 126/583/580 905/582/579 1517/735/719
f 905/582/579 119/587/584 656/723/707
f 894/734/718 1517/735/719 656/723/707
f 498/736/720 1518/740/724 567/737/721
f 22/739/723 686/633/628 1518/740/724
f 686/633/628 133/387/387 693/386/386
f 1518/740/724 693/386/386 132/367/367
f 500/741/725 1519/742/726 687/730/714
f 24/738/722 567/737/721 1519/742/726
f 567/737/721 132/367/367 694/364/364
f 1519/742/726 694/364/364 135/366/366
f 119/587/584 495/586/583 1520/743/727
f 19/744/728 915/960/924 1520/743/727
f 1520/743/727 915/960/924 134/630/625
f 918/724/708 1520/743/727 692/381/381
f 28/745/729 503/748/732 1521/746/730
f 503/748/732 3/2282/704 913/749/706
f 1521/746/730 913/749/706 131/750/646
f 912/747/731 1521/746/730 695/352/352
f 96/719/703 635/718/702 1522/751/733
f 635/718/702 137/356/356 697/358/358
f 1522/751/733 697/358/358 128/363/363
f 625/752/734 1522/751/733 684/489/486
f 595/753/735 1523/755/737 713/511/508
f 226/754/736 892/703/691 1523/755/737
f 892/703/691 230/700/688 870/756/738
f 1523/755/737 870/756/738 144/512/509
f 90/757/739 611/759/741 1524/758/740
f 611/759/741 28/745/729 912/747/731
f 1524/758/740 912/747/731 130/350/350
f 916/732/716 1524/758/740 696/345/345
f 247/99/99 930/762/744 1525/760/742
f 930/762/744 144/512/509 870/756/738
f 1525/760/742 870/756/738 230/700/688
f 934/761/743 1525/760/742 932/763/745
f 671/764/746 1526/766/748 661/259/259
f 671/764/746 156/988/781 745/765/747
f 1526/766/748 745/765/747 164/573/570
f 1526/766/748 676/767/749 124/495/492
f 539/90/90 1527/769/751 734/768/750
f 103/95/95 743/770/752 1527/769/751
f 743/770/752 163/804/785 746/771/753
f 1527/769/751 746/771/753 154/772/754
f 537/773/755 1528/776/758 670/774/756
f 92/448/445 742/777/759 1528/776/758
f 742/777/759 162/795/777 747/778/760
f 1528/776/758 747/778/760 155/103/103
f 46/775/757 670/774/756 1529/779/761
f 670/774/756 155/103/103 748/102/102
f 1529/779/761 748/102/102 161/780/762
f 599/45/45 1529/779/761 675/781/763
f 575/276/276 1530/783/765 732/782/764
f 74/235/235 740/784/766 1530/783/765
f 740/784/766 160/790/772 749/785/767
f 1530/783/765 749/785/767 152/786/768
f 545/234/234 1531/787/769 740/784/766
f 56/543/540 739/788/770 1531/787/769
f 739/788/770 159/792/774 750/789/771
f 1531/787/769 750/789/771 160/790/772
f 540/540/537 1532/791/773 739/788/770
f 50/542/539 673/185/185 1532/791/773
f 673/185/185 158/183/183 751/677/667
f 1532/791/773 751/677/667 159/792/774
f 613/450/447 1533/793/775 742/777/759
f 51/88/88 734/768/750 1533/793/775
f 734/768/750 154/772/754 752/794/776
f 1533/793/775 752/794/776 162/795/777
f 676/767/749 1534/796/778 538/497/494
f 676/767/749 164/573/570 754/572/569
f 1534/796/778 754/572/569 157/109/109
f 538/497/494 1534/796/778 672/182/182
f 224/325/325 880/798/780 1535/797/779
f 880/798/780 231/405/404 755/404/403
f 1535/797/779 755/404/403 156/799/781
f 587/422/421 1535/797/779 671/800/746
f 632/237/237 1536/801/782 743/770/752
f 47/240/240 733/802/783 1536/801/782
f 733/802/783 153/981/944 756/803/784
f 1536/801/782 756/803/784 163/804/785
f 553/805/786 1537/806/787 662/662/652
f 169/256/256 770/255/255 1537/806/787
f 770/255/255 177/261/261 668/807/788
f 1537/806/787 668/807/788 125/331/331
f 59/808/789 758/339/339 1538/809/790
f 758/339/339 166/41/41 773/43/43
f 1538/809/790 773/43/43 174/48/48
f 600/444/441 1538/809/790 605/810/791
f 558/396/396 1539/812/793 757/811/792
f 75/309/309 765/813/794 1539/812/793
f 765/813/794 173/230/230 774/275/275
f 1539/812/793 774/275/275 165/279/279
f 576/308/308 1540/814/795 765/813/794
f 64/315/315 759/815/796 1540/814/795
f 759/815/796 167/231/231 777/228/228
f 1540/814/795 777/228/228 173/230/230
f 559/314/314 1541/817/798 759/815/796
f 62/816/797 555/132/132 1541/817/798
f 555/132/132 171/130/130 778/545/542
f 1541/817/798 778/545/542 167/231/231
f 668/807/788 1542/819/800 561/818/799
f 177/261/261 780/499/496 1542/819/800
f 1542/819/800 780/499/496 170/129/129
f 561/818/799 1542/819/800 554/128/128
f 225/820/801 879/822/803 1543/821/802
f 879/822/803 232/327/327 781/426/423
f 1543/821/802 781/426/423 169/823/256
f 588/431/428 1543/821/802 553/824/786
f 493/825/804 1544/826/805 659/683/671
f 179/659/431 795/658/650 1544/826/805
f 795/658/650 190/330/330 666/827/806
f 1544/826/805 666/827/806 122/83/83
f 58/539/536 560/538/535 1545/828/807
f 560/538/535 104/321/321 793/830/809
f 1545/828/807 793/830/809 189/156/156
f 782/829/808 1545/828/807 796/557/554
f 63/319/319 562/494/491 1546/831/810
f 562/494/491 93/341/341 792/833/812
f 792/833/812 188/19/19 797/522/519
f 1546/831/810 797/522/519 182/157/157
f 13/834/813 788/22/22 1547/835/814
f 788/22/22 184/20/20 798/442/439
f 1547/835/814 798/442/439 187/447/444
f 596/467/464 1547/835/814 601/836/815
f 221/837/816 878/839/818 1548/838/817
f 878/839/818 233/427/424 799/429/426
f 799/429/426 179/434/431 493/840/804
f 1548/838/817 493/840/804 17/841/669
f 574/420/419 1549/843/820 787/842/819
f 73/285/285 790/844/821 1549/843/820
f 790/844/821 186/304/304 800/392/392
f 1549/843/820 800/392/392 183/394/394
f 702/133/133 1550/845/822 784/333/333
f 62/816/797 785/313/313 1550/845/822
f 785/313/313 181/311/311 801/372/372
f 1550/845/822 801/372/372 180/334/334
f 666/827/806 1551/846/823 509/85/85
f 190/330/330 802/329/329 1551/846/823
f 1551/846/823 802/329/329 180/334/334
f 1551/846/823 506/373/373 29/377/377
f 536/226/226 1552/849/826 789/847/824
f 31/848/825 511/375/375 1552/849/826
f 511/375/375 181/311/311 803/310/310
f 1552/849/826 803/310/310 185/305/305
f 544/284/284 1553/850/827 790/844/821
f 55/227/227 789/847/824 1553/850/827
f 789/847/824 185/305/305 804/302/302
f 1553/850/827 804/302/302 186/304/304
f 104/321/321 633/320/320 1554/851/828
f 633/320/320 63/319/319 786/832/811
f 1554/851/828 786/832/811 182/157/157
f 793/830/809 1554/851/828 805/154/154
f 614/340/340 1555/852/829 792/833/812
f 59/808/789 552/443/440 1555/852/829
f 552/443/440 184/20/20 806/17/17
f 1555/852/829 806/17/17 188/19/19
f 494/853/830 1556/854/831 508/664/654
f 194/680/63 820/679/668 1556/854/831
f 820/679/668 203/82/82 669/855/832
f 1556/854/831 669/855/832 121/190/190
f 629/558/555 1557/857/834 808/856/833
f 100/161/161 818/858/835 1557/857/834
f 818/858/835 202/164/164 821/549/546
f 1557/857/834 821/549/546 192/551/548
f 609/524/521 1558/860/837 813/859/836
f 88/24/24 817/861/838 1558/860/837
f 817/861/838 201/11/11 822/526/523
f 1558/860/837 822/526/523 197/165/165
f 12/199/199 809/14/14 1559/862/839
f 809/14/14 193/12/12 823/465/462
f 1559/862/839 823/465/462 200/470/467
f 597/200/200 1559/862/839 604/863/840
f 573/414/413 1560/865/842 807/864/841
f 72/286/286 815/866/843 1560/865/842
f 815/866/843 199/282/282 824/416/415
f 1560/865/842 824/416/415 191/418/417
f 543/288/288 1561/867/844 815/866/843
f 54/216/216 814/868/845 1561/867/844
f 814/868/845 198/223/223 825/280/280
f 1561/867/844 825/280/280 199/282/282
f 535/218/218 1562/869/846 814/868/845
f 32/142/142 512/116/116 1562/869/846
f 512/116/116 196/114/114 826/221/221
f 1562/869/846 826/221/221 198/223/223
f 516/160/160 1563/870/847 818/858/835
f 35/525/522 813/859/836 1563/870/847
f 813/859/836 197/165/165 827/162/162
f 1563/870/847 827/162/162 202/164/164
f 699/376/376 1564/871/848 811/86/86
f 31/848/825 812/225/225 1564/871/848
f 812/225/225 196/114/114 828/112/112
f 1564/871/848 828/112/112 195/87/87
f 669/855/832 1565/872/849 658/188/188
f 203/82/82 829/81/81 1565/872/849
f 829/81/81 195/87/87 507/113/113
f 1565/872/849 507/113/113 30/118/118
f 222/463/460 877/875/852 1566/873/850
f 877/875/852 234/57/57 830/59/59
f 830/59/59 194/63/63 494/876/830
f 1566/873/850 494/876/830 18/877/656
f 490/23/23 1567/878/853 817/861/838
f 13/834/813 487/466/463 1567/878/853
f 487/466/463 193/12/12 831/9/9
f 1567/878/853 831/9/9 201/11/11
f 531/668/658 1568/880/855 843/879/854
f 123/193/193 844/881/856 1568/880/855
f 844/881/856 216/643/638 845/645/640
f 1568/880/855 845/645/640 215/647/642
f 660/192/192 1569/882/857 844/881/856
f 42/146/146 527/883/858 1569/882/857
f 527/883/858 205/243/243 846/641/636
f 1569/882/857 846/641/636 216/643/638
f 645/594/591 1570/885/860 835/884/859
f 117/640/635 841/886/861 1570/885/860
f 841/886/861 213/204/204 847/546/543
f 1570/885/860 847/546/543 207/179/179
f 108/603/600 646/602/599 1571/887/862
f 116/673/663 840/889/864 1571/887/862
f 840/889/864 212/178/178 848/502/499
f 832/888/863 1571/887/862 848/502/499
f 229/611/606 869/610/605 1572/890/865
f 869/610/605 115/609/604 839/892/867
f 1572/890/865 839/892/867 211/248/248
f 876/891/866 1572/890/865 875/457/454
f 648/615/610 1573/894/869 836/893/868
f 114/620/615 838/895/870 1573/894/869
f 838/895/870 210/293/293 850/406/405
f 1573/894/869 850/406/405 208/408/407
f 649/619/614 1574/896/871 838/895/870
f 113/629/624 837/897/872 1574/896/871
f 837/897/872 209/210/210 851/291/291
f 1574/896/871 851/291/291 210/293/293
f 115/609/604 650/624/619 1575/898/873
f 650/624/619 108/603/600 832/888/863
f 1575/898/873 832/888/863 204/500/497
f 839/892/867 1575/898/873 852/251/251
f 700/145/145 1576/899/874 527/883/858
f 43/220/220 528/213/213 1576/899/874
f 528/213/213 206/211/211 853/241/241
f 1576/899/874 853/241/241 205/243/243
f 651/628/623 1577/901/876 837/897/872
f 110/900/875 834/245/245 1577/901/876
f 834/245/245 206/211/211 854/208/208
f 1577/901/876 854/208/208 209/210/210
f 652/639/634 1578/903/878 841/886/861
f 106/902/877 643/904/205 1578/903/878
f 643/904/205 214/205/205 855/202/202
f 1578/903/878 855/202/202 213/204/204
f 653/672/662 1579/905/879 840/889/864
f 111/595/592 835/884/859 1579/905/879
f 835/884/859 207/179/179 856/176/176
f 1579/905/879 856/176/176 212/178/178
f 647/906/880 1580/909/881 644/907/641
f 647/906/880 229/611/606 876/891/866
f 1580/909/881 876/891/866 235/454/451
f 1580/909/881 849/910/882 215/911/642
f 82/201/201 604/863/840 1581/912/883
f 604/863/840 200/470/467 874/913/884
f 1581/912/883 874/913/884 234/57/57
f 862/462/459 1581/912/883 877/875/852
f 81/468/465 601/836/815 1582/914/885
f 601/836/815 187/447/444 873/916/887
f 1582/914/885 873/916/887 233/427/424
f 861/915/886 1582/914/885 878/839/818
f 85/445/442 605/810/791 1583/917/888
f 605/810/791 174/48/48 872/323/323
f 1583/917/888 872/323/323 232/327/327
f 865/918/889 1583/917/888 879/822/803
f 84/46/46 675/781/763 1584/919/890
f 675/781/763 161/780/762 871/920/891
f 1584/919/890 871/920/891 231/405/404
f 864/324/324 1584/919/890 880/798/780
f 703/246/246 1585/921/892 896/585/582
f 110/900/875 897/627/622 1585/921/892
f 897/627/622 2/625/620 698/922/893
f 1585/921/892 698/922/893 19/744/728
f 25/923/894 505/926/1811 1586/924/895
f 505/926/896 218/566/563 881/568/565
f 1586/924/897 881/568/565 228/64/64
f 501/925/697 1586/924/895 641/927/899
f 37/929/361 519/932/918 1587/930/900
f 519/932/901 219/71/71 882/486/483
f 1587/930/902 882/486/483 227/435/432
f 1587/930/900 617/933/912 90/934/739
f 503/935/732 1588/939/906 582/936/904
f 503/935/732 28/948/729 504/938/905
f 504/938/907 217/440/437 883/481/478
f 1588/939/908 883/481/478 220/483/480
f 586/940/909 1589/943/910 526/941/655
f 586/940/909 223/459/456 884/461/458
f 884/461/458 222/463/460 585/874/851
f 1589/943/910 585/874/851 18/877/656
f 849/910/882 1590/945/911 843/944/854
f 849/910/882 235/454/451 885/456/453
f 1590/945/911 885/456/453 223/459/456
f 1590/945/911 586/940/909 41/942/659
f 617/933/912 1591/947/914 611/946/741
f 617/933/903 227/435/432 886/437/434
f 1591/947/913 886/437/434 217/440/437
f 1591/947/914 504/938/905 28/948/729
f 187/447/444 791/446/443 1592/949/915
f 791/446/443 85/445/442 865/918/889
f 1592/949/915 865/918/889 225/820/801
f 873/916/887 1592/949/915 887/430/427
f 97/928/698 641/927/899 1593/950/916
f 641/927/898 228/64/64 889/66/66
f 1593/950/917 889/66/66 219/71/71
f 626/951/360 1593/950/916 519/932/918
f 200/470/467 816/469/466 1594/952/919
f 816/469/466 81/468/465 861/915/886
f 1594/952/919 861/915/886 221/837/816
f 874/913/884 1594/952/919 890/60/60
f 3/953/704 582/956/904 1595/954/920
f 582/956/904 220/604/480 906/606/602
f 1595/954/920 906/606/602 229/611/606
f 894/955/718 1595/954/920 647/906/880
f 15/27/27 710/26/26 1596/957/921
f 710/26/26 141/32/32 727/959/923
f 1596/957/921 727/959/923 151/54/54
f 655/958/922 1596/957/921 683/150/150
f 698/922/893 1597/961/925 915/960/924
f 2/625/620 909/389/389 1597/961/925
f 909/389/389 133/387/387 707/632/627
f 915/960/924 1597/961/925 707/632/627
f 241/518/515 718/517/514 1598/962/926
f 718/517/514 149/516/513 725/575/572
f 1598/962/926 725/575/572 139/505/502
f 933/963/927 1598/962/926 926/964/928
f 775/335/335 1599/965/929 488/44/44
f 175/337/337 767/451/448 1599/965/929
f 767/451/448 92/448/445 537/773/755
f 1599/965/929 537/773/755 46/775/757
f 162/795/777 924/967/931 1600/966/930
f 924/967/931 241/518/515 933/963/927
f 1600/966/930 933/963/927 243/98/98
f 747/778/760 1600/966/930 735/97/97
f 161/780/762 741/101/101 1601/968/932
f 741/101/101 247/99/99 934/761/743
f 1601/968/932 934/761/743 249/400/400
f 871/920/891 1601/968/932 888/399/399
f 730/695/683 1602/970/934 929/969/933
f 143/690/678 674/271/271 1602/970/934
f 674/271/271 236/269/269 935/674/664
f 1602/970/934 935/674/664 246/104/104
f 141/32/32 928/972/936 1603/971/935
f 928/972/936 245/111/111 936/571/568
f 1603/971/935 936/571/568 248/56/56
f 727/959/923 1603/971/935 931/55/55
f 154/772/754 922/974/938 1604/973/937
f 922/974/938 239/126/126 937/514/511
f 1604/973/937 937/514/511 241/518/515
f 752/794/776 1604/973/937 924/967/931
f 722/702/690 1605/975/939 932/763/745
f 140/707/151 927/976/52 1605/975/939
f 927/976/52 244/401/49 938/398/398
f 1605/975/939 938/398/398 249/400/400
f 749/785/767 1606/978/941 921/977/940
f 160/790/772 923/979/942 1606/978/941
f 923/979/942 240/268/268 939/296/296
f 1606/978/941 939/296/296 238/298/298
f 750/789/771 1607/980/943 923/979/942
f 159/792/774 919/676/666 1607/980/943
f 919/676/666 236/269/269 940/266/266
f 1607/980/943 940/266/266 240/268/268
f 153/981/944 920/983/946 1608/982/945
f 920/983/946 237/262/262 941/264/264
f 1608/982/945 941/264/264 242/119/119
f 756/803/784 1608/982/945 925/984/947
f 163/804/785 925/984/947 1609/985/948
f 925/984/947 242/119/119 942/121/121
f 1609/985/948 942/121/121 239/126/126
f 746/771/753 1609/985/948 922/974/938
f 142/696/684 929/969/933 1610/986/949
f 929/969/933 246/104/104 943/106/106
f 1610/986/949 943/106/106 245/111/111
f 720/31/31 1610/986/949 928/972/936
f 724/507/504 1611/987/950 926/964/928
f 144/512/509 930/762/744 1611/987/950
f 930/762/744 247/99/99 944/96/96
f 1611/987/950 944/96/96 243/98/98
f 156/988/781 736/990/402 1612/989/951
f 736/990/402 244/49/49 945/51/51
f 1612/989/951 945/51/51 248/56/56
f 745/765/747 1612/989/951 744/574/571
f 1103/991/952 1613/995/956 1092/992/953
f 338/994/955 1089/996/957 1613/995/956
f 1089/996/957 9/553/550 524/6/6
f 1613/995/956 524/6/6 39/4/4
f 1085/997/958 1614/1001/962 1284/998/959
f 326/1000/961 954/1002/963 1614/1001/962
f 954/1002/963 258/1182/1143 1262/1003/964
f 1614/1001/962 1262/1003/964 425/1004/965
f 1084/1005/966 1615/1009/970 1260/1006/967
f 327/1008/969 955/1010/971 1615/1009/970
f 955/1010/971 259/1447/1405 1242/1011/972
f 1615/1009/970 1242/1011/972 417/1012/973
f 1168/1013/974 1616/1017/978 1162/1014/975
f 378/1016/977 1177/1018/979 1616/1017/978
f 1177/1018/979 379/1661/1606 1169/1019/980
f 1616/1017/978 1169/1019/980 265/1020/981
f 1141/1021/982 1617/1025/986 1178/1022/983
f 340/1024/985 1091/1026/987 1617/1025/986
f 1091/1026/987 14/2279/2164 677/38/38
f 1617/1025/986 677/38/38 145/36/36
f 401/1027/988 1228/1030/991 1618/1028/989
f 1228/1030/991 408/1298/1259 1221/1031/992
f 1618/1028/989 1221/1031/992 323/1032/993
f 953/1029/990 1618/1028/989 1060/1033/994
f 473/1035/996 1393/1038/999 1619/1036/997
f 1393/1038/999 477/1935/1852 1379/1039/1000
f 1619/1036/997 1379/1039/1000 387/1040/1001
f 1375/1037/998 1619/1036/997 1188/1041/1002
f 464/1043/1004 1283/1047/1008 1620/1044/1005
f 426/1046/1007 1263/1048/1009 1620/1044/1005
f 1263/1048/1009 262/1802/1593 1046/1049/1010
f 1341/1045/1006 1620/1044/1005 1046/1049/1010
f 458/1051/1012 1340/1054/1015 1621/1052/1013
f 1340/1054/1015 449/1462/1420 1310/1055/1016
f 1621/1052/1013 1310/1055/1016 317/1056/1017
f 1319/1053/1014 1621/1052/1013 1053/1057/1018
f 334/1059/1020 1054/1062/1023 1622/1060/1021
f 1054/1062/1023 316/1418/1376 1051/1063/1024
f 1622/1060/1021 1051/1063/1024 252/1064/1025
f 1083/1061/1022 1622/1060/1021 947/1065/1026
f 1282/1067/1028 1623/1071/1032 1272/1068/1029
f 427/1070/1031 1264/1072/1033 1623/1071/1032
f 1264/1072/1033 272/1351/1312 973/1073/1034
f 1623/1071/1032 973/1073/1034 360/1074/1035
f 292/1075/1036 1002/1078/1039 1624/1076/1037
f 1002/1078/1039 342/1217/1178 1223/1079/1040
f 1624/1076/1037 1223/1079/1040 410/1080/1041
f 1219/1077/1038 1624/1076/1037 1231/1081/1042
f 1191/1083/1044 1625/1087/1048 1392/1084/1045
f 390/1086/1047 1204/1088/1049 1625/1087/1048
f 1204/1088/1049 396/1747/1684 1197/1089/1050
f 1625/1087/1048 1197/1089/1050 476/1090/1051
f 475/1091/1052 1391/1094/1055 1626/1092/1053
f 1391/1094/1055 474/1539/1493 1193/1095/1056
f 1626/1092/1053 1193/1095/1056 392/1096/1057
f 1194/1093/1054 1626/1092/1053 1209/1097/1058
f 971/1099/1060 1627/1102/1063 1281/1100/1061
f 273/1101/1062 1163/1103/1064 1627/1102/1063
f 1163/1103/1064 275/1132/1093 976/1104/1065
f 1627/1102/1063 976/1104/1065 428/1105/1066
f 471/1106/1067 1390/1109/1070 1628/1107/1068
f 1390/1109/1070 468/1491/1449 1173/1110/1071
f 1628/1107/1068 1173/1110/1071 383/1111/1072
f 1176/1108/1069 1628/1107/1068 1183/1112/1073
f 1016/1113/1074 1629/1117/1078 1234/1114/1075
f 301/1116/1077 1160/1118/1079 1629/1117/1078
f 1160/1118/1079 302/1783/1718 1017/1119/1080
f 1629/1117/1078 1017/1119/1080 405/1120/1081
f 344/1058/1019 1053/1057/1018 1630/1121/1082
f 1053/1057/1018 317/1056/1017 1052/1123/1084
f 1630/1121/1082 1052/1123/1084 276/1124/1085
f 1101/1122/1083 1630/1121/1082 978/1125/1086
f 974/1127/1088 1631/1129/1090 1163/1103/1064
f 284/1128/1089 1158/1130/1091 1631/1129/1090
f 1158/1130/1091 285/1201/1162 977/1131/1092
f 1631/1129/1090 977/1131/1092 275/1132/1093
f 356/1133/1094 957/1136/1097 1632/1134/1095
f 957/1136/1097 261/2283/1615 1167/1137/1098
f 1632/1134/1095 1167/1137/1098 377/1042/1003
f 1142/1135/1096 1632/1134/1095 1188/1041/1002
f 1100/1138/1099 1633/1142/1103 1259/1139/1100
f 339/1141/1102 980/1143/1104 1633/1142/1103
f 980/1143/1104 278/1500/1458 984/1144/1105
f 1633/1142/1103 984/1144/1105 415/1145/1106
f 1099/1146/1107 1634/1149/1110 1280/1147/1108
f 338/994/955 979/1150/1111 1634/1149/1110
f 979/1150/1111 277/1504/1462 985/1151/1112
f 1634/1149/1110 985/1151/1112 429/1152/1113
f 1082/1153/1114 1635/1156/1117 1073/1154/1115
f 326/1000/961 1069/1157/1118 1635/1156/1117
f 1069/1157/1118 277/1504/1462 986/1158/1119
f 1635/1156/1117 986/1158/1119 286/1159/1120
f 1081/1160/1121 1636/1163/1124 1308/1161/1122
f 330/1155/1116 1073/1154/1115 1636/1163/1124
f 1073/1154/1115 286/1159/1120 992/1164/1125
f 1636/1163/1124 992/1164/1125 439/1165/1126
f 1132/1166/1127 1637/1168/1129 1209/1097/1058
f 290/1167/1128 1159/1169/1130 1637/1168/1129
f 1159/1169/1130 291/1517/1475 1133/1170/1131
f 1637/1168/1129 1133/1170/1131 393/1098/1059
f 1127/1171/1132 1638/1175/1136 1118/1172/1133
f 361/1174/1135 1120/1176/1137 1638/1175/1136
f 1120/1176/1137 284/1128/1089 974/1127/1088
f 1638/1175/1136 974/1127/1088 273/1101/1062
f 322/1177/1138 1064/1180/1141 1639/1178/1139
f 1064/1180/1141 321/1440/1398 1058/1181/1142
f 1639/1178/1139 1058/1181/1142 258/1182/1143
f 1059/1179/1140 1639/1178/1139 951/1183/1144
f 1098/1185/1146 1640/1188/1149 1307/1186/1147
f 341/993/954 1092/992/953 1640/1188/1149
f 1092/992/953 39/4/4 842/207/207
f 1640/1188/1149 842/207/207 214/205/205
f 1012/1189/1150 1641/1193/1154 1306/1190/1151
f 294/1192/1153 1005/1194/1155 1641/1193/1154
f 1005/1194/1155 285/1201/1162 991/1195/1156
f 1641/1193/1154 991/1195/1156 438/1196/1157
f 295/1197/1158 998/1200/1161 1642/1198/1159
f 998/1200/1161 275/1132/1093 977/1131/1092
f 1642/1198/1159 977/1131/1092 285/1201/1162
f 1011/1199/1160 1642/1198/1159 1005/1194/1155
f 1010/1202/1163 1643/1206/1167 1279/1203/1164
f 296/1205/1166 999/1207/1168 1643/1206/1167
f 999/1207/1168 274/1811/1742 1265/1208/1169
f 1643/1206/1167 1265/1208/1169 428/1105/1066
f 1043/1209/1170 1644/1213/1174 1232/1210/1171
f 314/1212/1173 1008/1214/1175 1644/1213/1174
f 1008/1214/1175 297/1520/1478 1009/1215/1176
f 1644/1213/1174 1009/1215/1176 402/1216/1177
f 342/1217/1178 1093/1219/1180 1645/1218/1179
f 47/240/240 760/239/239 1645/1218/1179
f 760/239/239 168/535/532 1226/1220/1181
f 1645/1218/1179 1226/1220/1181 410/1080/1041
f 1286/1221/1182 1646/1225/1186 1305/1222/1183
f 347/1224/1185 1161/1226/1187 1646/1225/1186
f 1161/1226/1187 348/1864/1793 1287/1227/1188
f 1646/1225/1186 1287/1227/1188 438/1196/1157
f 443/1228/1189 1063/1231/1192 1647/1229/1190
f 1063/1231/1192 322/1177/1138 1059/1179/1140
f 1647/1229/1190 1059/1179/1140 282/1184/1145
f 1304/1230/1191 1647/1229/1190 988/1232/1193
f 1225/1234/1195 1648/1238/1199 1216/1235/1196
f 411/1237/1198 1224/1239/1200 1648/1238/1199
f 1224/1239/1200 362/1474/1432 1121/1240/1201
f 1648/1238/1199 1121/1240/1201 289/1241/1202
f 237/262/262 1389/1243/1204 1649/1242/1203
f 1389/1243/1204 471/1106/1067 1176/1108/1069
f 1649/1242/1203 1176/1108/1069 386/1023/984
f 714/265/265 1649/1242/1203 1178/1022/983
f 1174/1244/1205 1650/1248/1209 1388/1245/1206
f 384/1247/1208 1186/1249/1210 1650/1248/1209
f 1186/1249/1210 380/1657/1602 1134/1250/1211
f 1650/1248/1209 1134/1250/1211 466/1251/1212
f 407/1211/1172 1229/1253/1214 1651/1252/1213
f 1229/1253/1214 400/1777/1712 967/1254/1215
f 1651/1252/1213 967/1254/1215 269/1255/1216
f 1043/1209/1170 1651/1252/1213 1037/1256/1217
f 1042/1257/1218 1652/1261/1222 1278/1258/1219
f 313/1260/1221 1007/1262/1223 1652/1261/1222
f 1007/1262/1223 296/1205/1166 1010/1202/1163
f 1652/1261/1222 1010/1202/1163 430/1204/1165
f 312/1263/1224 1006/1266/1227 1653/1264/1225
f 1006/1266/1227 295/1197/1158 1011/1199/1160
f 1653/1264/1225 1011/1199/1160 294/1192/1153
f 1041/1265/1226 1653/1264/1225 1034/1267/1228
f 1040/1269/1230 1654/1272/1233 1303/1270/1231
f 311/1268/1229 1034/1267/1228 1654/1272/1233
f 1034/1267/1228 294/1192/1153 1012/1189/1150
f 1654/1272/1233 1012/1189/1150 441/1191/1152
f 1172/1273/1234 1655/1277/1238 1387/1274/1235
f 382/1276/1237 1185/1278/1239 1655/1277/1238
f 1185/1278/1239 384/1247/1208 1174/1244/1205
f 1655/1277/1238 1174/1244/1205 469/1246/1207
f 1039/1279/1240 1656/1283/1244 1258/1280/1241
f 315/1282/1243 1038/1284/1245 1656/1283/1244
f 1038/1284/1245 304/1288/1249 1019/1285/1246
f 1656/1283/1244 1019/1285/1246 418/1286/1247
f 1019/1285/1246 1657/1289/1250 1257/1287/1248
f 304/1288/1249 1021/1290/1251 1657/1289/1250
f 1021/1290/1251 302/1783/1718 1239/1291/1252
f 1657/1289/1250 1239/1291/1252 414/1292/1253
f 410/1080/1041 1097/1294/1255 1658/1293/1254
f 1097/1294/1255 343/1514/1472 1094/1295/1256
f 1658/1293/1254 1094/1295/1256 303/1296/1257
f 1231/1081/1042 1658/1293/1254 1018/1297/1258
f 408/1298/1259 1323/1300/1261 1659/1299/1260
f 1323/1300/1261 462/1400/1360 1342/1301/1262
f 1659/1299/1260 1342/1301/1262 454/1302/1263
f 1221/1031/992 1659/1299/1260 1315/1303/1264
f 1256/1304/1265 1660/1308/1269 1248/1305/1266
f 1256/1304/1265 413/1350/1311 1238/1307/1268
f 1660/1308/1269 1238/1307/1268 301/1116/1077
f 1660/1308/1269 1023/1309/1270 363/1310/1271
f 1080/1311/1272 1661/1315/1276 1230/1312/1273
f 332/1314/1275 1075/1316/1277 1661/1315/1276
f 1075/1316/1277 299/1425/1383 1214/1317/1278
f 1661/1315/1276 1214/1317/1278 401/1027/988
f 373/1318/1279 1079/1321/1282 1662/1319/1280
f 1079/1321/1282 333/2284/2165 1076/1322/1283
f 1662/1319/1280 1076/1322/1283 306/1323/1284
f 1154/1320/1281 1662/1319/1280 1027/1324/1285
f 367/1325/1286 1027/1324/1285 1663/1326/1287
f 1027/1324/1285 306/1323/1284 1026/1328/1289
f 1663/1326/1287 1026/1328/1289 266/1329/1290
f 1153/1327/1288 1663/1326/1287 1028/1330/1291
f 374/1332/1293 1155/1335/1296 1664/1333/1294
f 1155/1335/1296 366/1468/1426 1357/1336/1297
f 1664/1333/1294 1357/1336/1297 280/1337/1298
f 1366/1334/1295 1664/1333/1294 1087/1338/1299
f 1359/1340/1301 1665/1344/1305 1152/1341/1302
f 308/1343/1304 1031/1345/1306 1665/1344/1305
f 1031/1345/1306 293/1364/1325 1363/1346/1307
f 1665/1344/1305 1363/1346/1307 369/1347/1308
f 970/1348/1309 1666/1352/1313 1255/1349/1310
f 272/1351/1312 1157/1353/1314 1666/1352/1313
f 1157/1353/1314 274/1811/1742 975/1354/1315
f 1666/1352/1313 975/1354/1315 414/1292/1253
f 375/1355/1316 1125/1358/1319 1667/1356/1317
f 1125/1358/1319 358/1621/1570 1117/1359/1320
f 1667/1356/1317 1117/1359/1320 307/1360/1321
f 1150/1357/1318 1667/1356/1317 1030/1361/1322
f 1363/1346/1307 1668/1365/1326 1151/1363/1324
f 293/1364/1325 1004/1366/1327 1668/1365/1326
f 1004/1366/1327 250/1597/1549 1358/1367/1328
f 1668/1365/1326 1358/1367/1328 370/1368/1329
f 1013/1369/1330 1669/1373/1334 1254/1370/1331
f 298/1372/1333 1020/1374/1335 1669/1373/1334
f 1020/1374/1335 315/1282/1243 1039/1279/1240
f 1669/1373/1334 1039/1279/1240 419/1281/1242
f 1339/1375/1336 1670/1379/1340 1386/1376/1337
f 461/1378/1339 1211/1380/1341 1670/1379/1340
f 1211/1380/1341 391/1767/1671 1192/1381/1342
f 1670/1379/1340 1192/1381/1342 473/1382/996
f 996/1383/1343 1671/1387/1347 1302/1384/1344
f 287/1386/1346 997/1388/1348 1671/1387/1347
f 997/1388/1348 311/1268/1229 1040/1269/1230
f 1671/1387/1347 1040/1269/1230 442/1271/1232
f 254/1389/1349 1035/1392/1352 1672/1390/1350
f 1035/1392/1352 312/1263/1224 1041/1265/1226
f 1672/1390/1350 1041/1265/1226 311/1268/1229
f 948/1391/1351 1672/1390/1350 997/1388/1348
f 949/1393/1353 1673/1397/1357 1277/1394/1354
f 255/1396/1356 1036/1398/1358 1673/1397/1357
f 1036/1398/1358 313/1260/1221 1042/1257/1218
f 1673/1397/1357 1042/1257/1218 431/1259/1220
f 1342/1301/1262 1674/1401/1361 1049/1399/1359
f 462/1400/1360 1236/1402/1362 1674/1401/1361
f 1236/1402/1362 403/1788/1197 1216/1403/1196
f 1674/1401/1361 1216/1403/1196 289/1404/1202
f 463/1405/1363 1253/1408/1366 1675/1406/1364
f 1253/1408/1366 412/2285/1572 1237/1409/1367
f 1675/1406/1364 1237/1409/1367 300/1410/1368
f 1338/1407/1365 1675/1406/1364 1050/1411/1369
f 457/1413/1371 1337/1416/1374 1676/1414/1372
f 1337/1416/1374 448/1461/1419 1309/1417/1375
f 1676/1414/1372 1309/1417/1375 316/1418/1376
f 1318/1415/1373 1676/1414/1372 1054/1062/1023
f 417/1012/973 1252/1421/1379 1677/1419/1377
f 1252/1421/1379 420/1799/1732 1245/1422/1380
f 1677/1419/1377 1245/1422/1380 324/1423/1381
f 1014/1420/1378 1677/1419/1377 1061/1424/1382
f 331/1426/1384 1074/1429/1387 1678/1427/1385
f 1074/1429/1387 292/1075/1036 1219/1077/1038
f 1678/1427/1385 1219/1077/1038 406/1082/1043
f 1222/1428/1386 1678/1427/1385 1227/1430/1388
f 465/1431/1389 1336/1434/1392 1679/1432/1390
f 1336/1434/1392 453/1436/1394 1314/1435/1393
f 1679/1432/1390 1314/1435/1393 322/1177/1138
f 1326/1433/1391 1679/1432/1390 1063/1231/1192
f 453/1436/1394 1335/1439/1397 1680/1437/1395
f 452/1438/1396 1313/1873/1799 1680/1437/1395
f 1680/1437/1395 1313/1873/1799 321/1440/1398
f 1314/1435/1393 1680/1437/1395 1064/1180/1141
f 425/1004/965 1276/1443/1401 1681/1441/1399
f 1276/1443/1401 432/1825/1756 1269/1444/1402
f 1681/1441/1399 1269/1444/1402 320/1445/1403
f 952/1442/1400 1681/1441/1399 1057/1446/1404
f 270/1448/1406 1033/1451/1409 1682/1449/1407
f 1033/1451/1409 310/1653/1598 1139/1452/1410
f 1682/1449/1407 1139/1452/1410 384/1247/1208
f 1137/1450/1408 1682/1449/1407 1185/1278/1239
f 316/1418/1376 1067/1455/1413 1683/1453/1411
f 1055/1454/1412 1683/1453/1411 1067/1455/1413
f 252/1064/1025 1051/1063/1024 1683/1453/1411
f 1311/1457/1415 1684/1460/1418 1334/1458/1416
f 318/1456/1414 1067/1455/1413 1684/1460/1418
f 1067/1455/1413 316/1418/1376 1309/1417/1375
f 1684/1460/1418 1309/1417/1375 448/1461/1419
f 449/1462/1420 1333/1464/1422 1685/1463/1421
f 1333/1464/1422 457/1413/1371 1318/1415/1373
f 1685/1463/1421 1318/1415/1373 334/1059/1020
f 1310/1055/1016 1685/1463/1421 1077/1465/1423
f 1143/1466/1424 1686/1470/1428 1148/1467/1425
f 305/1469/1427 1025/1471/1429 1686/1470/1428
f 1025/1471/1429 333/2284/2165 1079/1321/1282
f 1686/1470/1428 1079/1321/1282 373/1318/1279
f 406/1082/1043 1018/1297/1258 1687/1472/1430
f 1018/1297/1258 303/1296/1257 1024/1473/1431
f 1687/1472/1430 1024/1473/1431 332/1314/1275
f 1687/1472/1430 1080/1311/1272 409/1313/1274
f 362/1474/1432 1224/1239/1200 1688/1475/1433
f 1224/1239/1200 411/1237/1198 1235/1477/1435
f 1235/1477/1435 404/1115/1076 1217/1478/1436
f 1688/1475/1433 1217/1478/1436 290/1167/1128
f 436/1233/1194 988/1232/1193 1689/1479/1437
f 988/1232/1193 282/1184/1145 993/1481/1439
f 993/1481/1439 330/1155/1116 1081/1160/1121
f 1689/1479/1437 1081/1160/1121 444/1162/1123
f 282/1184/1145 951/1183/1144 1690/1482/1440
f 258/1182/1143 954/1002/963 1690/1482/1440
f 954/1002/963 326/1000/961 1082/1153/1114
f 1690/1482/1440 1082/1153/1114 330/1155/1116
f 376/1483/1441 1181/1486/1444 1691/1484/1442
f 1181/1486/1444 381/1722/1659 1171/1487/1445
f 1691/1484/1442 1171/1487/1445 319/1488/1446
f 1166/1485/1443 1691/1484/1442 1045/1489/1447
f 468/1491/1449 1385/1493/1451 1692/1492/1450
f 1385/1493/1451 470/1923/1840 1175/1494/1452
f 1692/1492/1450 1175/1494/1452 385/1495/1453
f 1173/1110/1071 1692/1492/1450 1180/1496/1454
f 317/1056/1017 1077/1465/1423 1693/1497/1455
f 1077/1465/1423 334/1059/1020 1083/1061/1022
f 1693/1497/1455 1083/1061/1022 325/1066/1027
f 1052/1123/1084 1693/1497/1455 1068/1498/1456
f 984/1144/1105 1694/1501/1459 1251/1499/1457
f 278/1500/1458 1070/1502/1460 1694/1501/1459
f 1070/1502/1460 327/1008/969 1084/1005/966
f 1694/1501/1459 1084/1005/966 421/1007/968
f 985/1151/1112 1695/1505/1463 1275/1503/1461
f 277/1504/1462 1069/1157/1118 1695/1505/1463
f 1069/1157/1118 326/1000/961 1085/997/958
f 1695/1505/1463 1085/997/958 433/999/960
f 1360/1506/1464 1696/1510/1468 1149/1507/1465
f 253/1509/1467 946/1511/1469 1696/1510/1468
f 946/1511/1469 308/1343/1304 1359/1340/1301
f 1696/1510/1468 1359/1340/1301 372/1342/1303
f 168/535/532 551/537/534 1697/1512/1470
f 551/537/534 58/539/536 1022/1513/1471
f 1697/1512/1470 1022/1513/1471 343/1514/1472
f 1226/1220/1181 1697/1512/1470 1097/1294/1255
f 1218/1515/1473 1698/1518/1476 1003/1516/1474
f 405/1120/1081 1233/1519/1477 1698/1518/1476
f 1233/1519/1477 402/1216/1177 1009/1215/1176
f 1698/1518/1476 1009/1215/1176 297/1520/1478
f 992/1164/1125 1699/1522/1480 1299/1521/1479
f 286/1159/1120 995/1523/1481 1699/1522/1480
f 995/1523/1481 341/993/954 1098/1185/1146
f 1699/1522/1480 1098/1185/1146 445/1187/1148
f 484/550/547 1700/1525/1483 1274/1524/1482
f 9/553/550 1089/996/957 1700/1525/1483
f 1089/996/957 338/994/955 1099/1146/1107
f 1700/1525/1483 1099/1146/1107 434/1148/1109
f 178/554/551 485/556/553 1701/1526/1484
f 10/559/556 1090/1528/1486 1701/1526/1484
f 1090/1528/1486 339/1141/1102 1100/1138/1099
f 1250/1527/1485 1701/1526/1484 1100/1138/1099
f 77/1529/557 1095/1532/1488 1702/1530/1487
f 1095/1532/1488 344/1058/1019 1101/1122/1083
f 1702/1530/1487 1101/1122/1083 337/1126/1087
f 590/1531/560 1702/1530/1487 1088/1533/1489
f 218/1535/563 1332/1538/1492 1703/1536/1491
f 1332/1538/1492 458/1051/1012 1319/1053/1014
f 1703/1536/1491 1319/1053/1014 344/1058/1019
f 858/1537/566 1703/1536/1491 1095/1532/1488
f 474/1539/1493 1384/1541/1495 1704/1540/1494
f 1384/1541/1495 477/1935/1852 1200/1542/1496
f 1704/1540/1494 1200/1542/1496 399/1543/1497
f 1193/1095/1056 1704/1540/1494 1210/1544/1498
f 1166/1485/1443 1705/1546/1500 1182/1545/1499
f 257/1490/1448 956/1547/1501 1705/1546/1500
f 956/1547/1501 328/1663/1608 1140/1548/1502
f 1705/1546/1500 1140/1548/1502 385/1495/1453
f 986/1158/1119 1706/1549/1503 995/1523/1481
f 277/1504/1462 979/1150/1111 1706/1549/1503
f 979/1150/1111 338/994/955 1103/991/952
f 1706/1549/1503 1103/991/952 341/993/954
f 1355/1550/1504 1707/1554/1508 1123/1551/1505
f 357/1553/1507 960/1555/1509 1707/1554/1508
f 960/1555/1509 264/1711/1650 1346/1556/1510
f 1707/1554/1508 1346/1556/1510 347/1224/1185
f 1348/1557/1511 1708/1561/1515 978/1558/1512
f 349/1560/1514 1105/1562/1516 1708/1561/1515
f 1105/1562/1516 355/1603/1555 1354/1563/1517
f 1708/1561/1515 1354/1563/1517 337/1564/1518
f 252/1565/1519 1345/1568/1522 1709/1566/1520
f 1345/1568/1522 346/1592/1544 1106/1569/1523
f 1106/1569/1523 354/1636/1583 1353/1570/1524
f 1709/1566/1520 1353/1570/1524 325/1571/1525
f 450/1572/1417 1356/1575/1527 1710/1573/1526
f 1356/1575/1527 459/1852/1781 1320/1576/1528
f 1710/1573/1526 1320/1576/1528 353/1577/1529
f 1311/1574/1415 1710/1573/1526 1352/1578/1530
f 1349/1580/1532 1711/1582/1534 946/1511/1469
f 350/1581/1533 1108/1583/1535 1711/1582/1534
f 1108/1583/1535 352/1585/1537 1351/1584/1536
f 1711/1582/1534 1351/1584/1536 308/1343/1304
f 1351/1584/1536 1712/1586/1538 1031/1345/1306
f 352/1585/1537 1109/1587/1539 1712/1586/1538
f 1109/1587/1539 351/1593/1545 1350/1588/1540
f 1712/1586/1538 1350/1588/1540 293/1364/1325
f 318/1579/1531 1352/1578/1530 1713/1589/1541
f 1352/1578/1530 353/1577/1529 1110/1591/1543
f 1713/1589/1541 1110/1591/1543 346/1592/1544
f 1055/1590/1542 1713/1589/1541 1345/1568/1522
f 1350/1588/1540 1714/1594/1546 1004/1366/1327
f 351/1593/1545 1111/1595/1547 1714/1594/1546
f 1111/1595/1547 348/1864/1793 1347/1596/1548
f 1714/1594/1546 1347/1596/1548 250/1597/1549
f 371/1362/1323 1030/1361/1322 1715/1598/1550
f 1030/1361/1322 307/1360/1321 1164/1600/1552
f 1164/1600/1552 267/1706/1645 1144/1601/1553
f 1715/1598/1550 1144/1601/1553 370/1368/1329
f 1354/1563/1517 1716/1604/1556 1088/1602/1554
f 355/1603/1555 1112/1605/1557 1716/1604/1556
f 1112/1605/1557 106/902/877 893/638/633
f 1716/1604/1556 893/638/633 1/636/631
f 1124/1606/1558 1717/1609/1561 1298/1607/1559
f 364/1552/1506 1123/1551/1505 1717/1609/1561
f 1123/1551/1505 347/1224/1185 1286/1221/1182
f 1717/1609/1561 1286/1221/1182 437/1223/1184
f 1104/1610/1562 1718/1614/1566 1297/1611/1563
f 345/1613/1565 1114/1615/1567 1718/1614/1566
f 1114/1615/1567 364/1552/1506 1124/1606/1558
f 1718/1614/1566 1124/1606/1558 447/1608/1560
f 368/1616/1292 1028/1619/1291 1719/1617/1568
f 1028/1619/1291 266/2286/1290 962/1620/1568
f 1719/1617/1568 962/1620/1568 358/1621/1570
f 1146/1618/1569 1719/1617/1568 1125/1358/1319
f 1249/1622/1571 1720/1625/1573 1237/1623/1367
f 423/1306/1267 1248/1305/1266 1720/1625/1573
f 1248/1305/1266 363/1310/1271 1122/1626/1574
f 1720/1625/1573 1122/1626/1574 300/1627/1368
f 291/1517/1475 1159/1169/1130 1721/1628/1575
f 1159/1169/1130 290/1167/1128 1217/1478/1436
f 1721/1628/1575 1217/1478/1436 404/1115/1076
f 1218/1515/1473 1721/1628/1575 1234/1114/1075
f 989/1629/1576 1722/1633/1580 972/1630/1577
f 283/1632/1579 994/1634/1581 1722/1633/1580
f 994/1634/1581 361/1174/1135 1127/1171/1132
f 1722/1633/1580 1127/1171/1132 359/1173/1134
f 1353/1570/1524 1723/1637/1584 1068/1635/1582
f 354/1636/1583 1113/1638/1585 1723/1637/1584
f 1113/1638/1585 349/1560/1514 1348/1557/1511
f 1723/1637/1584 1348/1557/1511 276/1559/1513
f 1194/1093/1054 1724/1640/1587 1383/1639/1586
f 393/1098/1059 1207/1641/1588 1724/1640/1587
f 1207/1641/1588 394/1757/1694 1368/1642/1589
f 1724/1640/1587 1368/1642/1589 466/1251/1212
f 1273/1643/1590 1725/1646/1591 1263/1644/1009
f 435/1069/1030 1272/1068/1029 1725/1646/1591
f 1272/1068/1029 360/1074/1035 1119/1647/1592
f 1725/1646/1591 1119/1647/1592 262/1648/1593
f 1138/1649/1594 1726/1651/1596 1183/1112/1073
f 279/1650/1595 981/1652/1597 1726/1651/1596
f 981/1652/1597 340/1024/985 1141/1021/982
f 1726/1651/1596 1141/1021/982 386/1023/984
f 310/1653/1598 987/1655/1600 1727/1654/1599
f 987/1655/1600 281/1658/1603 1170/1656/1601
f 1727/1654/1599 1170/1656/1601 380/1657/1602
f 1139/1452/1410 1727/1654/1599 1186/1249/1210
f 281/1658/1603 961/1660/1605 1728/1659/1604
f 961/1660/1605 265/1020/981 1169/1019/980
f 1728/1659/1604 1169/1019/980 379/1661/1606
f 1170/1656/1601 1728/1659/1604 1187/1662/1607
f 1140/1548/1502 1729/1664/1609 1180/1496/1454
f 328/1663/1608 1071/1665/1610 1729/1664/1609
f 1071/1665/1610 279/1650/1595 1138/1649/1594
f 1729/1664/1609 1138/1649/1594 383/1111/1072
f 460/1666/1611 1179/1669/1614 1730/1667/1612
f 1179/1669/1614 377/1940/1003 1167/1670/1098
f 1730/1667/1612 1167/1670/1098 261/1671/1615
f 1343/1668/1613 1730/1667/1612 1317/1672/1616
f 129/1674/693 1147/1677/1619 1731/1675/1618
f 1147/1677/1619 374/1332/1293 1366/1334/1295
f 1731/1675/1618 1366/1334/1295 336/1339/1300
f 908/1676/696 1731/1675/1618 966/1678/1620
f 23/1680/699 964/1683/1622 1732/1681/1621
f 964/1683/1622 335/1718/1655 1096/1684/1623
f 1732/1681/1621 1096/1684/1623 374/1332/1293
f 685/1682/699 1732/1681/1621 1147/1677/1619
f 251/1685/1624 1362/1688/1627 1733/1686/1625
f 1362/1688/1627 368/1616/1292 1146/1618/1569
f 1733/1686/1625 1146/1618/1569 375/1355/1316
f 1116/1687/1626 1733/1686/1625 1367/1689/1628
f 256/1690/1629 950/1693/1632 1734/1691/1630
f 365/1508/1466 1149/1507/1465 1734/1691/1630
f 1149/1507/1465 372/1342/1303 1145/1694/1633
f 1734/1691/1630 1145/1694/1633 309/1695/1634
f 1357/1336/1297 1735/1697/1636 982/1696/1635
f 366/1468/1426 1148/1467/1425 1735/1697/1636
f 1148/1467/1425 373/1318/1279 1365/1698/1637
f 982/1696/1635 1735/1697/1636 1365/1698/1637
f 1344/1700/1639 1736/1701/1640 1114/1615/1567
f 1344/1700/1639 251/1685/1624 1116/1687/1626
f 1116/1687/1626 357/1553/1507 1355/1550/1504
f 1736/1701/1640 1355/1550/1504 364/1552/1506
f 1029/1702/1641 1737/1705/1644 963/1703/1642
f 369/1347/1308 1151/1363/1324 1737/1705/1644
f 1151/1363/1324 370/1368/1329 1144/1601/1553
f 1737/1705/1644 1144/1601/1553 267/1706/1645
f 1145/1694/1633 1738/1708/1647 965/1707/1646
f 372/1342/1303 1152/1341/1302 1738/1708/1647
f 1152/1341/1302 369/1347/1308 1029/1702/1641
f 1738/1708/1647 1029/1702/1641 268/1704/1643
f 357/1553/1507 1367/1689/1628 1739/1709/1648
f 1367/1689/1628 375/1355/1316 1150/1357/1318
f 1739/1709/1648 1150/1357/1318 371/1362/1323
f 1739/1709/1648 1364/1710/1649 264/1711/1650
f 271/1712/1651 1361/1715/1654 1740/1713/1652
f 1361/1715/1654 367/1325/1286 1153/1327/1288
f 1740/1713/1652 1153/1327/1288 368/1331/1292
f 968/1714/1653 1740/1713/1652 1362/1716/1627
f 335/1718/1655 1086/1720/1657 1741/1719/1656
f 1086/1720/1657 305/1469/1427 1143/1466/1424
f 1741/1719/1656 1143/1466/1424 366/1468/1426
f 1096/1684/1623 1741/1719/1656 1155/1335/1296
f 1171/1487/1445 1742/1723/1660 1056/1721/1658
f 381/1722/1659 1321/1724/1661 1742/1723/1660
f 1321/1724/1661 460/1666/1611 1343/1668/1613
f 1742/1723/1660 1343/1668/1613 456/1673/1617
f 329/1699/1638 1365/1698/1637 1743/1725/1662
f 1365/1698/1637 373/1318/1279 1154/1320/1281
f 1743/1725/1662 1154/1320/1281 367/1325/1286
f 1072/1726/1663 1743/1725/1662 1361/1715/1654
f 476/1090/1051 1382/1729/1666 1744/1727/1664
f 1382/1729/1666 478/1377/1338 1380/1730/1667
f 1744/1727/1664 1380/1730/1667 460/1666/1611
f 1378/1728/1665 1744/1727/1664 1321/1724/1661
f 1121/1240/1201 1745/1732/1669 1131/1731/1668
f 362/1474/1432 1136/1762/1699 1745/1732/1669
f 1745/1732/1669 1136/1762/1699 399/1543/1497
f 1131/1731/1668 1745/1732/1669 1201/1733/1670
f 1190/1735/1672 1746/1737/1674 1002/1078/1039
f 389/1736/1673 1202/1738/1675 1746/1737/1674
f 1202/1738/1675 398/1768/1703 1199/1739/1676
f 1746/1737/1674 1199/1739/1676 342/1217/1178
f 1130/1740/1677 1747/1742/1679 1000/1741/1678
f 390/1086/1047 1203/1743/1680 1747/1742/1679
f 1203/1743/1680 397/1759/1696 1198/1744/1681
f 1747/1742/1679 1198/1744/1681 331/1426/1384
f 288/1034/995 1060/1033/994 1748/1745/1682
f 1060/1033/994 323/1032/993 1135/1746/1683
f 1748/1745/1682 1135/1746/1683 396/1747/1684
f 1130/1740/1677 1748/1745/1682 1204/1088/1049
f 1189/1748/1685 1749/1750/1687 1037/1256/1217
f 388/1749/1686 1205/1751/1688 1749/1750/1687
f 1205/1751/1688 395/1753/1690 1196/1752/1689
f 1749/1750/1687 1196/1752/1689 314/1212/1173
f 1196/1752/1689 1750/1754/1691 1008/1214/1175
f 395/1753/1690 1206/1755/1692 1750/1754/1691
f 1206/1755/1692 394/1757/1694 1195/1756/1693
f 1750/1754/1691 1195/1756/1693 297/1520/1478
f 1195/1756/1693 1751/1758/1695 1003/1516/1474
f 394/1757/1694 1207/1641/1588 1751/1758/1695
f 1207/1641/1588 393/1098/1059 1133/1170/1131
f 1751/1758/1695 1133/1170/1131 291/1517/1475
f 1198/1744/1681 1752/1760/1697 1074/1429/1387
f 397/1759/1696 1208/1761/1698 1752/1760/1697
f 1208/1761/1698 389/1736/1673 1190/1735/1672
f 1752/1760/1697 1190/1735/1672 292/1075/1036
f 1001/1476/1434 1753/1763/1700 1136/1762/1699
f 1001/1476/1434 290/1167/1128 1132/1166/1127
f 1753/1763/1700 1132/1166/1127 392/1096/1057
f 1136/1762/1699 1753/1763/1700 1210/1544/1498
f 454/1302/1263 1049/1399/1359 1754/1764/1701
f 1049/1399/1359 289/1404/1202 1131/1766/1668
f 1754/1764/1701 1131/1766/1668 391/1767/1671
f 1331/1765/1702 1754/1764/1701 1211/1380/1341
f 1199/1739/1676 1755/1769/1704 1093/1219/1180
f 398/1768/1703 1212/1770/1705 1755/1769/1704
f 1212/1770/1705 153/981/944 733/802/783
f 1755/1769/1704 733/802/783 47/240/240
f 1122/1626/1574 1756/1772/1707 1015/1771/1706
f 363/1310/1271 1128/1773/1708 1756/1772/1707
f 1128/1773/1708 411/1237/1198 1225/1234/1195
f 1756/1772/1707 1225/1234/1195 403/1236/1197
f 299/1425/1383 1061/1424/1382 1757/1774/1709
f 1061/1424/1382 324/1423/1381 1066/1775/1710
f 1757/1774/1709 1066/1775/1710 408/1298/1259
f 1214/1317/1278 1757/1774/1709 1228/1030/991
f 1213/1776/1711 1758/1778/1713 1020/1374/1335
f 400/1777/1712 1229/1253/1214 1758/1778/1713
f 1229/1253/1214 407/1211/1172 1220/1779/1714
f 1758/1778/1713 1220/1779/1714 315/1282/1243
f 1220/1779/1714 1759/1780/1715 1038/1284/1245
f 407/1211/1172 1232/1210/1171 1759/1780/1715
f 1232/1210/1171 402/1216/1177 1215/1781/1716
f 1759/1780/1715 1215/1781/1716 304/1288/1249
f 1215/1781/1716 1760/1782/1717 1021/1290/1251
f 402/1216/1177 1233/1519/1477 1760/1782/1717
f 1233/1519/1477 405/1120/1081 1017/1119/1080
f 1760/1782/1717 1017/1119/1080 302/1783/1718
f 1023/1309/1270 1761/1784/1719 1128/1773/1708
f 1023/1309/1270 301/1116/1077 1016/1113/1074
f 1761/1784/1719 1016/1113/1074 404/1115/1076
f 1761/1784/1719 1235/1477/1435 411/1237/1198
f 455/1412/1370 1050/1411/1369 1762/1785/1720
f 1050/1411/1369 300/1410/1368 1015/1787/1706
f 1762/1785/1720 1015/1787/1706 403/1788/1197
f 1330/1786/1721 1762/1785/1720 1236/1402/1362
f 1119/1647/1592 1763/1790/1723 958/1789/1722
f 360/1074/1035 1126/1791/1724 1763/1790/1723
f 1126/1791/1724 423/1306/1267 1249/1622/1571
f 1763/1790/1723 1249/1622/1571 412/1624/1572
f 58/539/536 782/829/808 1764/1792/1725
f 782/829/808 178/554/551 1250/1527/1485
f 1764/1792/1725 1250/1527/1485 422/1140/1101
f 1022/1513/1471 1764/1792/1725 1247/1793/1726
f 303/1296/1257 1240/1795/1728 1765/1794/1727
f 415/1145/1106 1251/1499/1457 1765/1794/1727
f 1251/1499/1457 421/1007/968 1246/1796/1729
f 1024/1473/1431 1765/1794/1727 1246/1796/1729
f 259/1447/1405 1057/1446/1404 1766/1797/1730
f 1057/1446/1404 320/1445/1403 1062/1798/1731
f 1766/1797/1730 1062/1798/1731 420/1799/1732
f 1242/1011/972 1766/1797/1730 1252/1421/1379
f 451/1050/1011 1046/1049/1010 1767/1800/1733
f 262/1802/1593 958/1803/1722 1767/1800/1733
f 958/1803/1722 412/2285/1572 1253/1408/1366
f 1329/1801/1734 1767/1800/1733 1253/1408/1366
f 1241/1804/1735 1768/1805/1736 1036/1398/1358
f 416/1371/1332 1254/1370/1331 1768/1805/1736
f 1254/1370/1331 419/1281/1242 1244/1806/1737
f 1768/1805/1736 1244/1806/1737 313/1260/1221
f 1238/1307/1268 1769/1807/1738 1160/1118/1079
f 413/1350/1311 1255/1349/1310 1769/1807/1738
f 1255/1349/1310 414/1292/1253 1239/1291/1252
f 1769/1807/1738 1239/1291/1252 302/1783/1718
f 973/1073/1034 1770/1808/1739 1126/1791/1724
f 272/1351/1312 970/1348/1309 1770/1808/1739
f 1770/1808/1739 970/1348/1309 413/1350/1311
f 1770/1808/1739 1256/1304/1265 423/1306/1267
f 1243/1809/1740 1771/1810/1741 999/1207/1168
f 418/1286/1247 1257/1287/1248 1771/1810/1741
f 1257/1287/1248 414/1292/1253 975/1354/1315
f 1771/1810/1741 975/1354/1315 274/1811/1742
f 1244/1806/1737 1772/1812/1743 1007/1262/1223
f 419/1281/1242 1258/1280/1241 1772/1812/1743
f 1258/1280/1241 418/1286/1247 1243/1809/1740
f 1772/1812/1743 1243/1809/1740 296/1205/1166
f 343/1514/1472 1247/1793/1726 1773/1813/1744
f 1247/1793/1726 422/1140/1101 1259/1139/1100
f 1773/1813/1744 1259/1139/1100 415/1145/1106
f 1094/1295/1256 1773/1813/1744 1240/1795/1728
f 1246/1796/1729 1774/1814/1745 1075/1316/1277
f 421/1007/968 1260/1006/967 1774/1814/1745
f 1260/1006/967 417/1012/973 1014/1420/1378
f 1774/1814/1745 1014/1420/1378 299/1425/1383
f 972/1630/1577 1775/1816/1747 959/1815/1746
f 359/1173/1134 1129/1817/1748 1775/1816/1747
f 1129/1817/1748 435/1069/1030 1273/1643/1590
f 1775/1816/1747 1273/1643/1590 426/1645/1007
f 808/856/833 1776/1818/1749 1090/1528/1486
f 192/551/548 1274/1524/1482 1776/1818/1749
f 1274/1524/1482 434/1148/1109 1271/1819/1750
f 1776/1818/1749 1271/1819/1750 339/1141/1102
f 1266/1820/1751 1777/1821/1752 1070/1502/1460
f 429/1152/1113 1275/1503/1461 1777/1821/1752
f 1275/1503/1461 433/999/960 1270/1822/1753
f 1777/1821/1752 1270/1822/1753 327/1008/969
f 258/1182/1143 1058/1181/1142 1778/1823/1754
f 1058/1181/1142 321/1440/1398 1065/1824/1755
f 1778/1823/1754 1065/1824/1755 432/1825/1756
f 1262/1003/964 1778/1823/1754 1276/1443/1401
f 1261/1826/1757 1779/1827/1758 1035/1392/1352
f 424/1395/1355 1277/1394/1354 1779/1827/1758
f 1277/1394/1354 431/1259/1220 1268/1828/1759
f 1779/1827/1758 1268/1828/1759 312/1263/1224
f 1268/1828/1759 1780/1829/1760 1006/1266/1227
f 431/1259/1220 1278/1258/1219 1780/1829/1760
f 1278/1258/1219 430/1204/1165 1267/1830/1761
f 1780/1829/1760 1267/1830/1761 295/1197/1158
f 1267/1830/1761 1781/1831/1762 998/1200/1161
f 430/1204/1165 1279/1203/1164 1781/1831/1762
f 1279/1203/1164 428/1105/1066 976/1104/1065
f 1781/1831/1762 976/1104/1065 275/1132/1093
f 1271/1819/1750 1782/1832/1763 980/1143/1104
f 434/1148/1109 1280/1147/1108 1782/1832/1763
f 1280/1147/1108 429/1152/1113 1266/1820/1751
f 1782/1832/1763 1266/1820/1751 278/1500/1458
f 1264/1072/1033 1783/1833/1764 1157/1353/1314
f 427/1070/1031 1281/1100/1061 1783/1833/1764
f 1281/1100/1061 428/1105/1066 1265/1208/1169
f 1783/1833/1764 1265/1208/1169 274/1811/1742
f 1118/1172/1133 1784/1834/1765 1129/1817/1748
f 273/1101/1062 971/1099/1060 1784/1834/1765
f 971/1099/1060 427/1070/1031 1282/1067/1028
f 1784/1834/1765 1282/1067/1028 435/1069/1030
f 452/1438/1396 1047/1838/1768 1785/1835/1766
f 263/1837/1578 959/1839/1746 1785/1835/1766
f 959/1839/1746 426/1046/1007 1283/1047/1008
f 1328/1836/1767 1785/1835/1766 1283/1047/1008
f 1270/1822/1753 1786/1840/1769 955/1010/971
f 433/999/960 1284/998/959 1786/1840/1769
f 1284/998/959 425/1004/965 952/1442/1400
f 1786/1840/1769 952/1442/1400 259/1447/1405
f 1295/1841/1770 1787/1842/1771 994/1634/1581
f 446/1612/1564 1297/1611/1563 1787/1842/1771
f 1297/1611/1563 447/1608/1560 1296/1843/1772
f 1787/1842/1771 1296/1843/1772 361/1174/1135
f 1296/1843/1772 1788/1844/1773 1120/1176/1137
f 447/1608/1560 1298/1607/1559 1788/1844/1773
f 1298/1607/1559 437/1223/1184 990/1845/1774
f 1788/1844/1773 990/1845/1774 284/1128/1089
f 1288/1846/1775 1789/1847/1776 1105/1562/1516
f 439/1165/1126 1299/1521/1479 1789/1847/1776
f 1299/1521/1479 445/1187/1148 1294/1848/1777
f 1789/1847/1776 1294/1848/1777 355/1603/1555
f 346/1592/1544 1285/1850/1779 1790/1849/1778
f 1285/1850/1779 436/1233/1194 1300/1480/1438
f 1300/1480/1438 444/1162/1123 1293/1851/1780
f 1790/1849/1778 1293/1851/1780 354/1636/1583
f 459/1852/1781 1327/1854/1783 1791/1853/1782
f 1327/1854/1783 465/1431/1389 1326/1433/1391
f 1791/1853/1782 1326/1433/1391 443/1228/1189
f 1320/1576/1528 1791/1853/1782 1292/1855/1784
f 1289/1856/1785 1792/1857/1786 1108/1583/1535
f 440/1385/1345 1302/1384/1344 1792/1857/1786
f 1302/1384/1344 442/1271/1232 1291/1858/1787
f 1792/1857/1786 1291/1858/1787 352/1585/1537
f 1291/1858/1787 1793/1859/1788 1109/1587/1539
f 442/1271/1232 1303/1270/1231 1793/1859/1788
f 1303/1270/1231 441/1191/1152 1290/1860/1789
f 1793/1859/1788 1290/1860/1789 351/1593/1545
f 353/1577/1529 1292/1855/1784 1794/1861/1790
f 1292/1855/1784 443/1228/1189 1304/1230/1191
f 1794/1861/1790 1304/1230/1191 436/1233/1194
f 1110/1591/1543 1794/1861/1790 1285/1850/1779
f 990/1845/1774 1795/1862/1791 1158/1130/1091
f 437/1223/1184 1305/1222/1183 1795/1862/1791
f 1305/1222/1183 438/1196/1157 991/1195/1156
f 1795/1862/1791 991/1195/1156 285/1201/1162
f 1290/1860/1789 1796/1863/1792 1111/1595/1547
f 441/1191/1152 1306/1190/1151 1796/1863/1792
f 1306/1190/1151 438/1196/1157 1287/1227/1188
f 1796/1863/1792 1287/1227/1188 348/1864/1793
f 1294/1848/1777 1797/1865/1794 1112/1605/1557
f 445/1187/1148 1307/1186/1147 1797/1865/1794
f 1307/1186/1147 214/205/205 643/904/205
f 1797/1865/1794 643/904/205 106/902/877
f 1293/1851/1780 1798/1866/1795 1113/1638/1585
f 444/1162/1123 1308/1161/1122 1798/1866/1795
f 1308/1161/1122 439/1165/1126 1288/1846/1775
f 1798/1866/1795 1288/1846/1775 349/1560/1514
f 1104/1867/1562 1799/1871/1797 1107/1868/1796
f 446/1870/1564 1301/1905/1824 1799/1871/1797
f 1799/1871/1797 1301/1905/1824 465/1431/1389
f 1107/1868/1796 1799/1871/1797 1327/1854/1783
f 321/1440/1398 1313/1873/1799 1800/1872/1798
f 1313/1873/1799 452/1438/1396 1328/1836/1767
f 1800/1872/1798 1328/1836/1767 464/1043/1004
f 1065/1824/1755 1800/1872/1798 1325/1874/1800
f 320/1445/1403 1312/1876/1802 1801/1875/1801
f 1312/1876/1802 451/1050/1011 1329/1801/1734
f 1801/1875/1801 1329/1801/1734 463/1405/1363
f 1062/1798/1731 1801/1875/1801 1324/1877/1803
f 324/1423/1381 1316/1879/1805 1802/1878/1804
f 1316/1879/1805 455/1412/1370 1330/1786/1721
f 1802/1878/1804 1330/1786/1721 462/1400/1360
f 1066/1775/1710 1802/1878/1804 1323/1300/1261
f 323/1032/993 1315/1303/1264 1803/1880/1806
f 1315/1303/1264 454/1302/1263 1331/1765/1702
f 1803/1880/1806 1331/1765/1702 461/1378/1339
f 1135/1746/1683 1803/1880/1806 1322/1881/1807
f 1346/1556/1510 1804/1882/1808 1161/1226/1187
f 264/1711/1650 1156/1883/1809 1804/1882/1808
f 1156/1883/1809 250/1597/1549 1347/1596/1548
f 1804/1882/1808 1347/1596/1548 348/1864/1793
f 25/1884/894 966/1887/1620 1805/1885/1810
f 966/1887/1620 336/1911/1300 1102/1888/1812
f 1805/1885/1813 1102/1888/1833 458/1051/1012
f 505/1886/896 1805/1885/1813 1332/1538/1492
f 280/1889/1298 982/1893/1635 1806/1890/1814
f 329/1892/1638 1078/1908/1826 1806/1890/1814
f 1806/1890/1816 1078/1908/1829 457/1413/1371
f 983/1891/1817 1806/1890/1816 1333/1464/1422
f 1044/1894/1818 1807/1897/2166 968/1895/1653
f 450/1459/1417 1334/1458/1416 1807/1897/1819
f 1334/1458/1416 448/1461/1419 969/1898/1820
f 968/1895/1653 1807/1897/2166 969/1898/1821
f 989/1900/1576 1808/1903/1823 1048/1901/1822
f 263/1837/1578 1047/1838/1768 1808/1903/1823
f 1047/1838/1768 452/1438/1396 1335/1439/1397
f 1048/1901/1822 1808/1903/1823 1335/1439/1397
f 1295/1904/1770 1809/1906/1825 1301/1905/1824
f 283/1902/1579 1048/1901/1822 1809/1906/1825
f 1809/1906/1825 1048/1901/1822 453/1436/1394
f 1301/1905/1824 1809/1906/1825 1336/1434/1392
f 1072/1907/1663 1810/1909/1827 1078/1908/1826
f 271/1899/1651 969/1898/1821 1810/1909/1827
f 1810/1909/1828 969/1898/1820 448/1461/1419
f 1078/1908/1829 1810/1909/1828 1337/1416/1374
f 420/1799/1732 1324/1877/1803 1811/1910/1830
f 1324/1877/1803 463/1405/1363 1338/1407/1365
f 1811/1910/1830 1338/1407/1365 455/1412/1370
f 1245/1422/1380 1811/1910/1830 1316/1879/1805
f 336/1911/1300 1087/1913/1299 1812/1912/1831
f 1087/1913/1299 280/1889/1298 983/1891/1815
f 1812/1912/1832 983/1891/1817 449/1462/1420
f 1102/1888/1833 1812/1912/1832 1340/1054/1015
f 432/1825/1756 1325/1874/1800 1813/1914/1834
f 1325/1874/1800 464/1043/1004 1341/1045/1006
f 1813/1914/1834 1341/1045/1006 451/1050/1011
f 1269/1444/1402 1813/1914/1834 1312/1876/1802
f 251/1915/1624 1344/1918/1639 1814/1916/1835
f 1344/1918/1639 345/1869/1565 1107/1868/1796
f 1814/1916/1835 1107/1868/1796 459/1852/1781
f 1044/1917/1818 1814/1916/1835 1356/1575/1527
f 260/1015/976 1115/1920/1837 1815/1919/1836
f 1115/1920/1837 356/1133/1094 1142/1135/1096
f 1815/1919/1836 1142/1135/1096 387/1040/1001
f 1168/1013/974 1815/1919/1836 1184/1921/1838
f 1364/1710/1649 1816/1922/1839 1156/1883/1809
f 1364/1710/1649 371/1362/1323 1165/1599/1551
f 1165/1599/1551 370/1368/1329 1358/1367/1328
f 1816/1922/1839 1358/1367/1328 250/1597/1549
f 470/1923/1840 1381/1925/1842 1817/1924/1841
f 1381/1925/1842 472/1085/1046 1374/1926/1843
f 1817/1924/1841 1374/1926/1843 376/1483/1441
f 1175/1494/1452 1817/1924/1841 1182/1545/1499
f 953/1029/990 1818/1927/1844 1230/1312/1273
f 288/1034/995 1000/1741/1678 1818/1927/1844
f 1000/1741/1678 331/1426/1384 1222/1428/1386
f 1818/1927/1844 1222/1428/1386 409/1313/1274
f 397/1759/1696 1203/1743/1680 1819/1928/1845
f 1203/1743/1680 390/1086/1047 1191/1083/1044
f 1819/1928/1845 1191/1083/1044 472/1085/1046
f 1372/1929/1846 1819/1928/1845 1381/1925/1842
f 396/1747/1684 1322/1881/1807 1820/1930/1847
f 1322/1881/1807 461/1378/1339 1339/1375/1336
f 1820/1930/1847 1339/1375/1336 478/1377/1338
f 1197/1089/1050 1820/1930/1847 1382/1729/1666
f 1377/1931/1848 1821/1932/1849 1187/1662/1607
f 475/1091/1052 1383/1639/1586 1821/1932/1849
f 1383/1639/1586 466/1251/1212 1134/1250/1211
f 1821/1932/1849 1134/1250/1211 380/1657/1602
f 378/1016/977 1184/1921/1838 1822/1933/1850
f 1184/1921/1838 387/1040/1001 1379/1039/1000
f 1822/1933/1850 1379/1039/1000 477/1935/1852
f 1376/1934/1851 1822/1933/1850 1384/1541/1495
f 389/1736/1673 1208/1761/1698 1823/1936/1853
f 1208/1761/1698 397/1759/1696 1372/1929/1846
f 1823/1936/1853 1372/1929/1846 470/1923/1840
f 1370/1937/1854 1823/1936/1853 1385/1493/1451
f 1380/1730/1667 1824/1938/1855 1179/1669/1614
f 478/1377/1338 1386/1376/1337 1824/1938/1855
f 1386/1376/1337 473/1382/996 1375/1939/998
f 1824/1938/1855 1375/1939/998 377/1940/1003
f 1369/1941/1856 1825/1942/1857 1205/1751/1688
f 467/1275/1236 1387/1274/1235 1825/1942/1857
f 1387/1274/1235 469/1246/1207 1371/1943/1858
f 1825/1942/1857 1371/1943/1858 395/1753/1690
f 1371/1943/1858 1826/1944/1859 1206/1755/1692
f 469/1246/1207 1388/1245/1206 1826/1944/1859
f 1388/1245/1206 466/1251/1212 1368/1642/1589
f 1826/1944/1859 1368/1642/1589 394/1757/1694
f 153/981/944 1212/1770/1705 1827/1945/1860
f 1212/1770/1705 398/1768/1703 1373/1946/1861
f 1827/1945/1860 1373/1946/1861 471/1106/1067
f 920/983/946 1827/1945/1860 1389/1243/1204
f 398/1768/1703 1202/1738/1675 1828/1947/1862
f 1202/1738/1675 389/1736/1673 1370/1937/1854
f 1828/1947/1862 1370/1937/1854 468/1491/1449
f 1373/1946/1861 1828/1947/1862 1390/1109/1070
f 379/1661/1606 1177/1018/979 1829/1948/1863
f 1177/1018/979 378/1016/977 1376/1934/1851
f 1829/1948/1863 1376/1934/1851 474/1539/1493
f 1377/1931/1848 1829/1948/1863 1391/1094/1055
f 1374/1926/1843 1830/1949/1864 1181/1486/1444
f 472/1085/1046 1392/1084/1045 1830/1949/1864
f 1392/1084/1045 476/1090/1051 1378/1728/1665
f 1830/1949/1864 1378/1728/1665 381/1722/1659
f 391/1734/1671 1201/1733/1670 1831/1950/1865
f 1201/1733/1670 399/1543/1497 1200/1542/1496
f 1831/1950/1865 1200/1542/1496 477/1935/1852
f 1192/1951/1342 1831/1950/1865 1393/1038/999
f 45/1952/1866 481/1955/1869 1912/1953/1867
f 481/1955/1869 6/2097/1870 1833/1956/1870
f 191/1957/1871 482/1960/1874 1913/1958/1872
f 482/1960/1874 7/2094/1875 1834/1961/1875
f 483/1962/1876 127/2112/2012 1864/1963/1877
f 8/1965/1879 483/2287/1876 1914/1966/1878
f 89/1968/1881 1857/2052/1960 1915/1969/1882
f 491/1970/1883 1915/1969/1882 1836/1971/1884
f 118/1973/1886 492/1976/1889 1916/1974/1887
f 492/1976/1889 16/2104/2004 1839/1977/1890
f 38/1978/1891 496/1981/1894 1917/1979/1892
f 496/1981/1894 20/2075/1979 1840/1982/1895
f 120/1983/1896 1863/2070/1974 1918/1984/1897
f 497/1985/1898 1918/1984/1897 1841/1986/1899
f 24/1988/1901 1844/2001/1901 1919/1989/1902
f 22/1991/1904 498/1990/1903 1919/1989/1902
f 96/1993/1906 1859/2058/1906 1920/1994/1907
f 499/1995/1907 1920/1994/1907 1843/1996/1908
f 69/1998/1909 1854/2037/1945 1921/1999/1910
f 24/1988/1901 500/2000/1911 1921/1999/1910
f 165/2002/1912 502/2005/1915 1922/2003/1913
f 502/2005/1915 26/2087/1989 1845/2006/1916
f 517/2007/1917 101/2062/1966 1860/2008/1918
f 36/2010/1920 517/2007/1917 1923/2009/1919
f 523/2012/1922 1924/2015/1925 1855/2013/1923
f 38/1978/1891 1848/1980/1893 1924/2015/1925
f 533/2016/1926 1925/2019/1929 1870/2017/1927
f 45/1952/1866 1849/1954/1868 1925/2019/1929
f 550/2020/1930 1926/2024/1934 1868/2021/1931
f 57/2023/1933 1850/2091/1993 1926/2024/1934
f 563/2025/1935 94/2055/1936 1858/2026/1936
f 65/2028/1938 563/2025/1935 1927/2027/1937
f 21/2030/1900 1841/2288/1899 1928/2031/1940
f 564/2032/1941 1928/2031/1940 1852/2033/1942
f 8/1965/1879 1835/1967/1880 1929/2035/1944
f 570/2036/1944 1929/2035/1944 1854/2037/1945
f 571/2038/1946 1930/2041/1949 1846/2039/1947
f 70/2014/1924 1855/2013/1923 1930/2041/1949
f 583/2042/1950 1931/2045/1953 1856/2043/1951
f 11/1972/1885 1836/1971/1884 1931/2045/1953
f 595/2046/1954 1932/2049/1957 1871/2047/1955
f 80/2044/1952 1856/2043/1951 1932/2049/1957
f 610/2050/1958 36/2010/1920 1847/2011/1921
f 610/2050/1958 1933/2051/1959 1857/2052/1960
f 615/2053/1961 66/2034/1943 1852/2033/1942
f 94/2055/1936 615/2053/1961 1934/2054/1961
f 625/2056/1962 65/2028/1938 1851/2029/1939
f 96/1993/1906 625/2056/1962 1935/2057/1962
f 630/2059/1963 14/2224/2113 1837/2060/1964
f 101/2062/1966 630/2059/1963 1936/2061/1965
f 15/2063/1967 655/2066/1970 1937/2064/1968
f 655/2066/1970 118/1973/1886 1862/1975/1888
f 657/2067/1971 67/2080/1972 1853/2068/1972
f 120/1983/1896 657/2067/1971 1938/2069/1973
f 146/2071/1975 678/2074/1978 1939/2072/1976
f 678/2074/1978 27/2040/1948 1846/2039/1947
f 20/2075/1979 704/2077/1981 1940/2076/1980
f 704/2077/1981 15/2063/1967 1838/2065/1969
f 706/2078/1982 22/1991/1904 1842/1992/1905
f 67/2080/1972 706/2078/1982 1941/2079/1983
f 715/2081/1984 1942/2085/1987 1872/2082/1985
f 715/2081/1984 146/2289/1975 1865/2084/1977
f 732/2086/1988 1943/2089/1991 1845/2006/1916
f 732/2086/1988 152/2113/2013 1866/2088/1990
f 57/2023/1933 757/2092/1994 1944/2090/1992
f 757/2092/1994 165/2002/1912 1867/2004/1914
f 787/2093/1995 1945/2095/1996 1834/1961/1875
f 183/2022/1932 1868/2021/1931 1945/2095/1996
f 807/2096/1997 1946/2098/1998 1833/1956/1870
f 807/2096/1997 191/1957/1871 1869/1959/1873
f 836/2099/1999 1947/2102/2002 1861/2100/2000
f 208/2018/1928 1870/2017/1927 1947/2102/2002
f 866/2103/2003 1948/2105/2005 1839/1977/1890
f 226/2048/1956 1871/2047/1955 1948/2105/2005
f 5/2106/2006 899/2109/2009 1949/2107/2007
f 899/2109/2009 112/2101/2001 1861/2100/2000
f 911/2110/2010 5/2106/2006 1832/2108/2008
f 127/2112/2012 911/2110/2010 1950/2111/2011
f 152/2113/2013 921/2115/2015 1951/2114/2014
f 238/2083/1986 1872/2082/1985 1951/2114/2014
f 287/2116/2016 1888/2183/2076 1952/2117/2017
f 948/2118/2018 1952/2117/2017 1874/2119/2019
f 424/2121/2020 1908/2261/2146 1953/2122/2021
f 949/2123/2022 1953/2122/2021 1875/2124/2023
f 950/2126/2025 1954/2290/2029 1903/2127/2026
f 256/2129/2028 1876/2200/2090 1954/2130/2029
f 328/2132/2030 956/2135/2032 1955/2133/2031
f 956/2135/2032 257/2209/2099 1877/2136/2033
f 356/2137/2034 1901/2229/2034 1956/2138/2035
f 957/2139/2036 1956/2138/2035 1879/2140/2037
f 281/2142/2039 1887/2179/2072 1957/2143/2040
f 961/2144/2041 1957/2143/2040 1880/2145/2042
f 358/2147/2044 962/2150/2047 1958/2148/2045
f 962/2150/2047 266/2291/2048 1881/2151/2048
f 268/2152/2049 963/2156/2050 1959/2153/2050
f 267/2155/2052 1882/2242/2129 1959/2153/2050
f 335/2157/2053 964/2160/2055 1960/2158/2054
f 964/2160/2055 23/2292/1908 1843/2161/1908
f 309/2162/2056 965/2165/2058 1961/2163/2057
f 268/2152/2049 1883/2154/2051 1961/2163/2057
f 400/2166/2059 1906/2255/2140 1962/2167/2060
f 967/2168/2061 1962/2167/2060 1884/2169/2062
f 981/2171/2064 1963/2175/2068 1899/2172/2065
f 279/2174/2067 1886/2215/2105 1963/2175/2068
f 987/2176/2069 310/2205/2095 1894/2177/2070
f 281/2142/2039 987/2176/2069 1964/2178/2071
f 996/2180/2073 440/2265/2150 1909/2181/2074
f 287/2116/2016 996/2180/2073 1965/2182/2075
f 1013/2184/2077 416/2258/2143 1907/2185/2078
f 298/2187/2080 1013/2184/2077 1966/2186/2079
f 1025/2189/2082 1967/2193/2085 1897/2190/2083
f 305/2192/2084 1890/2221/2111 1967/2193/2085
f 266/2194/2048 1026/2197/2087 1968/2195/2086
f 1026/2197/2087 306/2218/2108 1891/2198/2088
f 256/2129/2028 1032/2201/2091 1969/2199/2089
f 1032/2201/2091 309/2162/2056 1893/2164/2056
f 1033/2202/2092 270/2237/2124 1885/2203/2093
f 310/2205/2095 1033/2202/2092 1970/2204/2094
f 1045/2206/2096 319/2213/2103 1895/2207/2097
f 257/2209/2099 1045/2206/2096 1971/2208/2098
f 1056/2210/2100 456/2268/2153 1910/2211/2101
f 319/2213/2103 1056/2210/2100 1972/2212/2102
f 1071/2214/2104 1973/2216/2106 1886/2215/2105
f 1071/2214/2104 328/2132/2030 1896/2134/2030
f 1076/2217/2107 1974/2219/2109 1891/2198/2088
f 333/2191/2083 1897/2190/2083 1974/2219/2109
f 1086/2220/2110 1975/2222/2110 1890/2221/2111
f 335/2157/2053 1898/2159/2053 1975/2222/2110
f 1091/2223/2112 1976/2225/2114 1837/2060/1964
f 340/2173/2066 1899/2172/2065 1976/2225/2114
f 260/2226/2115 1878/2240/2127 1977/2227/2116
f 1115/2228/2116 1977/2227/2116 1901/2229/2034
f 1117/2230/2117 1978/2233/2120 1892/2231/2118
f 358/2147/2044 1902/2149/2046 1978/2233/2120
f 382/2234/2121 1904/2293/2133 1979/2235/2122
f 1137/2236/2123 1979/2235/2122 1885/2203/2093
f 1162/2238/2125 265/2146/2043 1880/2145/2042
f 1162/2238/2125 1980/2239/2126 1878/2240/2127
f 1164/2241/2128 1981/2243/2128 1882/2242/2129
f 307/2232/2119 1892/2231/2118 1981/2243/2128
f 1172/2244/2130 467/2278/2163 1911/2245/2131
f 1172/2244/2130 1982/2246/2132 1904/2247/2133
f 1189/2249/2134 269/2170/2063 1884/2169/2062
f 1189/2249/2134 1983/2250/2135 1905/2251/2136
f 298/2187/2080 1889/2188/2081 1984/2253/2138
f 1213/2254/2139 1984/2253/2138 1906/2255/2140
f 1241/2256/2141 255/2125/2024 1875/2124/2023
f 416/2258/2143 1241/2256/2141 1985/2257/2142
f 1261/2259/2144 254/2120/2019 1874/2119/2019
f 1261/2259/2144 1986/2260/2145 1908/2261/2146
f 1289/2262/2147 350/2272/2157 1900/2263/2148
f 440/2265/2150 1289/2262/2147 1987/2264/2149
f 1317/2266/2151 261/2141/2038 1879/2140/2037
f 456/2268/2153 1317/2266/2151 1988/2267/2152
f 253/2269/2154 1873/2274/2159 1989/2270/2155
f 1349/2271/2156 1989/2270/2155 1900/2263/2148
f 1360/2273/2158 1990/2275/2160 1873/2274/2159
f 365/2128/2027 1903/2127/2026 1990/2275/2160
f 388/2252/2137 1905/2251/2136 1991/2276/2161
f 467/2278/2163 1369/2277/2162 1991/2276/2161
