# Blender 4.5.3 LTS
# www.blender.org
mtllib mat_garage_wood.mtl
o prop_garage_pallet
v 3.822679 1.287545 -2.931406
v 3.822679 1.278140 -2.980712
v 3.803366 1.278140 -2.980712
v 3.803366 1.287545 -2.931406
v 3.822679 1.274937 -2.997502
v 3.803366 1.274937 -2.997502
v 3.822679 1.267686 -3.035518
v 3.803366 1.267686 -3.035518
v 3.822679 1.265833 -3.045230
v 3.803366 1.265833 -3.045230
v 3.822679 1.258303 -3.050348
v 3.803366 1.258303 -3.050348
v 3.822679 1.151924 -3.030056
v 3.803366 1.151924 -3.030056
v 3.822679 1.140781 -3.013659
v 3.803366 1.140781 -3.013659
v 3.822679 1.147591 -2.977963
v 3.803366 1.147591 -2.977963
v 3.822679 1.136447 -2.961567
v 3.803366 1.136447 -2.961567
v 3.822679 0.974279 -2.930633
v 3.803366 0.974279 -2.930633
v 3.822679 0.957883 -2.941776
v 3.803366 0.957883 -2.941776
v 3.822679 0.951073 -2.977472
v 3.803366 0.951073 -2.977472
v 3.822679 0.934677 -2.988616
v 3.803366 0.934677 -2.988616
v 3.822679 0.329857 -2.873245
v 3.803366 0.329857 -2.873245
v 3.803366 0.318714 -2.856849
v 3.822679 0.318714 -2.856849
v 3.822679 0.325523 -2.821152
v 3.803366 0.325523 -2.821152
v 3.822679 0.314380 -2.804756
v 3.803366 0.314380 -2.804756
v 3.822679 0.152211 -2.773822
v 3.803366 0.152211 -2.773822
v 3.822679 0.135815 -2.784965
v 3.803366 0.135815 -2.784965
v 3.822679 0.129006 -2.820662
v 3.803366 0.129006 -2.820662
v 3.822679 0.112610 -2.831805
v 3.803366 0.112610 -2.831805
v 3.822679 0.006231 -2.811513
v 3.803366 0.006231 -2.811513
v 3.822679 0.001114 -2.803983
v 3.803366 0.001114 -2.803983
v 3.822679 0.002966 -2.794270
v 3.803366 0.002966 -2.794270
v 3.822679 0.010218 -2.756254
v 3.803366 0.010218 -2.756254
v 3.822679 0.013421 -2.739465
v 3.803366 0.013421 -2.739465
v 3.822679 0.022826 -2.690158
v 3.803366 0.022826 -2.690158
v 3.822679 0.030356 -2.685041
v 3.803366 0.030356 -2.685041
v 3.822679 0.162602 -2.710267
v 3.803366 0.162602 -2.710267
v 3.822679 0.328114 -2.741839
v 3.803366 0.328114 -2.741839
v 3.822679 0.984670 -2.867078
v 3.803366 0.984670 -2.867078
v 3.822679 1.150181 -2.898649
v 3.803366 1.150181 -2.898649
v 3.822679 1.282428 -2.923876
v 3.803366 1.282428 -2.923876
v 3.829116 0.007597 -2.804350
v 3.829116 0.009410 -2.794847
v 3.829116 0.113982 -2.824608
v 3.829116 0.124691 -2.817272
v 3.829116 0.016622 -2.757041
v 3.829116 0.131990 -2.779338
v 3.829116 0.019784 -2.740461
v 3.829116 0.152004 -2.765828
v 3.829116 0.029149 -2.691365
v 3.829116 0.161396 -2.716591
v 3.829116 0.326907 -2.748162
v 3.829116 0.317515 -2.797399
v 3.829116 0.983464 -2.873401
v 3.829116 0.974072 -2.922638
v 3.829116 0.331150 -2.817328
v 3.829116 0.954058 -2.936148
v 3.829116 1.148975 -2.904973
v 3.829116 1.139583 -2.954210
v 3.829116 1.281222 -2.930199
v 3.829116 1.271856 -2.979296
v 3.829116 1.268694 -2.995876
v 3.829116 1.153218 -2.974138
v 3.829116 1.146041 -3.012096
v 3.829116 1.261482 -3.033682
v 3.829116 1.153297 -3.022859
v 3.829116 1.259669 -3.043185
v 3.829116 0.946836 -2.973675
v 3.829116 0.324051 -2.854878
v 3.829116 0.936131 -2.980995
v 3.829116 0.331311 -2.865624
v 3.796929 0.007597 -2.804350
v 3.796929 0.009410 -2.794847
v 3.796929 0.113982 -2.824608
v 3.796929 0.124691 -2.817272
v 3.796929 0.016622 -2.757041
v 3.796929 0.131990 -2.779338
v 3.796929 0.019784 -2.740461
v 3.796929 0.152004 -2.765828
v 3.796929 0.029149 -2.691365
v 3.796929 0.161396 -2.716591
v 3.796929 0.326907 -2.748162
v 3.796929 0.317515 -2.797399
v 3.796929 0.983464 -2.873401
v 3.796929 0.974072 -2.922638
v 3.796929 0.331150 -2.817328
v 3.796929 0.954058 -2.936148
v 3.796929 1.148975 -2.904973
v 3.796929 0.324051 -2.854878
v 3.796929 1.281222 -2.930199
v 3.796929 1.271856 -2.979296
v 3.796929 1.139583 -2.954210
v 3.796929 1.268694 -2.995876
v 3.796929 1.153218 -2.974138
v 3.796929 1.261482 -3.033682
v 3.796929 1.146041 -3.012096
v 3.796929 0.946836 -2.973675
v 3.796929 0.936131 -2.980995
v 3.796929 0.331311 -2.865624
v 3.796929 1.259669 -3.043185
v 3.796929 1.153297 -3.022859
v 2.548031 1.287545 -2.931406
v 2.567344 1.278140 -2.980712
v 2.567344 1.287545 -2.931406
v 2.548031 1.278140 -2.980712
v 2.548031 1.140781 -3.013659
v 2.567344 1.140781 -3.013659
v 2.548031 1.136447 -2.961567
v 2.548031 0.974279 -2.930633
v 2.567344 0.974279 -2.930633
v 2.567344 0.318714 -2.856849
v 2.548031 0.325523 -2.821152
v 2.567344 0.314380 -2.804756
v 2.567344 0.152211 -2.773822
v 2.548031 0.135815 -2.784965
v 2.548031 0.112610 -2.831805
v 2.567344 0.112610 -2.831805
v 2.548031 0.006231 -2.811513
v 2.567344 0.006231 -2.811513
v 2.567344 0.010218 -2.756254
v 2.548031 0.013421 -2.739465
v 2.567344 0.013421 -2.739465
v 2.548031 0.022826 -2.690158
v 2.567344 0.022826 -2.690158
v 2.548031 0.030356 -2.685041
v 2.567344 0.030356 -2.685041
v 2.567344 0.162602 -2.710267
v 2.567344 0.328114 -2.741839
v 2.548031 1.150181 -2.898649
v 2.567344 1.150181 -2.898649
v 2.548031 0.001114 -2.803983
v 2.541594 0.007597 -2.804350
v 2.548031 0.002966 -2.794270
v 2.541594 0.009410 -2.794847
v 2.541594 0.113982 -2.824608
v 2.548031 0.129006 -2.820662
v 2.548031 0.010218 -2.756254
v 2.541594 0.124691 -2.817272
v 2.541594 0.016622 -2.757041
v 2.541594 0.131990 -2.779338
v 2.548031 0.152211 -2.773822
v 2.541594 0.019784 -2.740461
v 2.541594 0.152004 -2.765828
v 2.541594 0.029149 -2.691365
v 2.548031 0.162602 -2.710267
v 2.541594 0.161396 -2.716591
v 2.548031 0.328114 -2.741839
v 2.541594 0.326907 -2.748162
v 2.541594 0.317515 -2.797399
v 2.548031 0.314380 -2.804756
v 2.541594 0.983464 -2.873401
v 2.548031 0.984670 -2.867078
v 2.541594 0.331150 -2.817328
v 2.541594 0.974072 -2.922638
v 2.541594 1.148975 -2.904973
v 2.541594 1.139583 -2.954210
v 2.541594 1.281222 -2.930199
v 2.548031 1.282428 -2.923876
v 2.541594 1.271856 -2.979296
v 2.541594 1.268694 -2.995876
v 2.548031 1.274937 -2.997502
v 2.541594 1.153218 -2.974138
v 2.541594 1.261482 -3.033682
v 2.548031 1.267686 -3.035518
v 2.548031 1.147591 -2.977963
v 2.541594 1.146041 -3.012096
v 2.541594 0.954058 -2.936148
v 2.548031 0.957883 -2.941776
v 2.541594 1.153297 -3.022859
v 2.548031 1.151924 -3.030056
v 2.541594 1.259669 -3.043185
v 2.548031 1.258303 -3.050348
v 2.548031 1.265833 -3.045230
v 2.541594 0.946836 -2.973675
v 2.548031 0.951073 -2.977472
v 2.541594 0.324051 -2.854878
v 2.548031 0.318714 -2.856849
v 2.541594 0.936131 -2.980995
v 2.548031 0.934677 -2.988616
v 2.541594 0.331311 -2.865624
v 2.548031 0.329857 -2.873245
v 2.567344 0.001114 -2.803983
v 2.573781 0.007597 -2.804350
v 2.567344 0.002966 -2.794270
v 2.573781 0.009410 -2.794847
v 2.573781 0.113982 -2.824608
v 2.567344 0.129006 -2.820662
v 2.573781 0.124691 -2.817272
v 2.567344 0.135815 -2.784965
v 2.573781 0.016622 -2.757041
v 2.573781 0.131990 -2.779338
v 2.573781 0.019784 -2.740461
v 2.573781 0.152004 -2.765828
v 2.573781 0.029149 -2.691365
v 2.573781 0.161396 -2.716591
v 2.573781 0.326907 -2.748162
v 2.573781 0.317515 -2.797399
v 2.573781 0.983464 -2.873401
v 2.567344 0.984670 -2.867078
v 2.573781 0.331150 -2.817328
v 2.567344 0.325523 -2.821152
v 2.573781 0.974072 -2.922638
v 2.573781 1.148975 -2.904973
v 2.573781 0.324051 -2.854878
v 2.573781 1.281222 -2.930199
v 2.567344 1.282428 -2.923876
v 2.573781 1.271856 -2.979296
v 2.573781 1.139583 -2.954210
v 2.573781 1.268694 -2.995876
v 2.567344 1.274937 -2.997502
v 2.573781 1.153218 -2.974138
v 2.573781 1.261482 -3.033682
v 2.567344 1.267686 -3.035518
v 2.567344 1.136447 -2.961567
v 2.567344 1.147591 -2.977963
v 2.573781 1.146041 -3.012096
v 2.573781 0.954058 -2.936148
v 2.567344 0.957883 -2.941776
v 2.573781 0.946836 -2.973675
v 2.567344 0.951073 -2.977472
v 2.573781 0.331311 -2.865624
v 2.567344 0.329857 -2.873245
v 2.567344 0.934677 -2.988616
v 2.573781 0.936131 -2.980995
v 2.573781 1.153297 -3.022859
v 2.567344 1.151924 -3.030056
v 2.573781 1.259669 -3.043185
v 2.567344 1.258303 -3.050348
v 2.567344 1.265833 -3.045230
v 3.186693 1.287545 -2.931406
v 3.206006 1.278140 -2.980712
v 3.206006 1.287545 -2.931406
v 3.186693 1.278140 -2.980712
v 3.186693 1.140781 -3.013659
v 3.206006 1.140781 -3.013659
v 3.186693 1.136447 -2.961567
v 3.186693 0.974279 -2.930633
v 3.206006 0.974279 -2.930633
v 3.206006 0.318714 -2.856849
v 3.186693 0.325523 -2.821152
v 3.206006 0.314380 -2.804756
v 3.206006 0.152211 -2.773822
v 3.186693 0.135815 -2.784965
v 3.186693 0.112610 -2.831805
v 3.206006 0.112610 -2.831805
v 3.186693 0.006231 -2.811513
v 3.206006 0.006231 -2.811513
v 3.206006 0.010218 -2.756254
v 3.186693 0.013421 -2.739465
v 3.206006 0.013421 -2.739465
v 3.186693 0.022826 -2.690158
v 3.206006 0.022826 -2.690158
v 3.186693 0.030356 -2.685041
v 3.206006 0.030356 -2.685041
v 3.206006 0.162602 -2.710267
v 3.206006 0.328114 -2.741839
v 3.186693 1.150181 -2.898649
v 3.206006 1.150181 -2.898649
v 3.186693 0.001114 -2.803983
v 3.180256 0.007597 -2.804350
v 3.186693 0.002966 -2.794270
v 3.180256 0.009410 -2.794847
v 3.180256 0.113982 -2.824608
v 3.186693 0.129006 -2.820662
v 3.186693 0.010218 -2.756254
v 3.180256 0.124691 -2.817272
v 3.180256 0.016622 -2.757041
v 3.180256 0.131990 -2.779338
v 3.186693 0.152211 -2.773822
v 3.180256 0.019784 -2.740461
v 3.180256 0.152004 -2.765828
v 3.180256 0.029149 -2.691365
v 3.186693 0.162602 -2.710267
v 3.180256 0.161396 -2.716591
v 3.186693 0.328114 -2.741839
v 3.180256 0.326907 -2.748162
v 3.180256 0.317515 -2.797399
v 3.186693 0.314380 -2.804756
v 3.180256 0.983464 -2.873401
v 3.186693 0.984670 -2.867078
v 3.180256 0.331150 -2.817328
v 3.180256 0.974072 -2.922638
v 3.180256 1.148975 -2.904973
v 3.180256 1.139583 -2.954210
v 3.180256 1.281222 -2.930199
v 3.186693 1.282428 -2.923876
v 3.180256 1.271856 -2.979296
v 3.180256 1.268694 -2.995876
v 3.186693 1.274937 -2.997502
v 3.180256 1.153218 -2.974138
v 3.180256 1.261482 -3.033682
v 3.186693 1.267686 -3.035518
v 3.186693 1.147591 -2.977963
v 3.180256 1.146041 -3.012096
v 3.180256 0.954058 -2.936148
v 3.186693 0.957883 -2.941776
v 3.180256 1.153297 -3.022859
v 3.186693 1.151924 -3.030056
v 3.180256 1.259669 -3.043185
v 3.186693 1.258303 -3.050348
v 3.186693 1.265833 -3.045230
v 3.180256 0.946836 -2.973675
v 3.186693 0.951073 -2.977472
v 3.180256 0.324051 -2.854878
v 3.186693 0.318714 -2.856849
v 3.180256 0.936131 -2.980995
v 3.186693 0.934677 -2.988616
v 3.180256 0.331311 -2.865624
v 3.186693 0.329857 -2.873245
v 3.206006 0.001114 -2.803983
v 3.212443 0.007597 -2.804350
v 3.206006 0.002966 -2.794270
v 3.212443 0.009410 -2.794847
v 3.212443 0.113982 -2.824608
v 3.206006 0.129006 -2.820662
v 3.212443 0.124691 -2.817272
v 3.206006 0.135815 -2.784965
v 3.212443 0.016622 -2.757041
v 3.212443 0.131990 -2.779338
v 3.212443 0.019784 -2.740461
v 3.212443 0.152004 -2.765828
v 3.212443 0.029149 -2.691365
v 3.212443 0.161396 -2.716591
v 3.212443 0.326907 -2.748162
v 3.212443 0.317515 -2.797399
v 3.212443 0.983464 -2.873401
v 3.206006 0.984670 -2.867078
v 3.212443 0.331150 -2.817328
v 3.206006 0.325523 -2.821152
v 3.212443 0.974072 -2.922638
v 3.212443 1.148975 -2.904973
v 3.212443 0.324051 -2.854878
v 3.212443 1.281222 -2.930199
v 3.206006 1.282428 -2.923876
v 3.212443 1.271856 -2.979296
v 3.212443 1.139583 -2.954210
v 3.212443 1.268694 -2.995876
v 3.206006 1.274937 -2.997502
v 3.212443 1.153218 -2.974138
v 3.212443 1.261482 -3.033682
v 3.206006 1.267686 -3.035518
v 3.206006 1.136447 -2.961567
v 3.206006 1.147591 -2.977963
v 3.212443 1.146041 -3.012096
v 3.212443 0.954058 -2.936148
v 3.206006 0.957883 -2.941776
v 3.212443 0.946836 -2.973675
v 3.206006 0.951073 -2.977472
v 3.212443 0.331311 -2.865624
v 3.206006 0.329857 -2.873245
v 3.206006 0.934677 -2.988616
v 3.212443 0.936131 -2.980995
v 3.212443 1.153297 -3.022859
v 3.206006 1.151924 -3.030056
v 3.212443 1.259669 -3.043185
v 3.206006 1.258303 -3.050348
v 3.206006 1.265833 -3.045230
v 3.825898 1.261465 -3.050951
v 2.544812 1.152473 -3.030160
v 3.825898 1.141317 -3.028032
v 2.544812 1.148819 -3.032740
v 3.825898 1.135139 -3.043238
v 3.825898 1.137698 -3.047003
v 2.544812 1.149152 -3.049188
v 3.825898 1.257846 -3.069921
v 3.829117 1.138301 -3.043841
v 3.825898 1.137552 -3.030591
v 3.829117 1.140713 -3.031194
v 3.829117 1.260862 -3.054112
v 3.829117 1.258449 -3.066760
v 3.825898 1.261611 -3.067363
v 2.544812 1.260014 -3.070335
v 2.544812 1.263471 -3.067718
v 2.544812 1.265815 -3.055058
v 3.825898 1.264024 -3.054716
v 2.544812 1.263540 -3.051346
v 2.541594 1.149780 -3.046031
v 2.544812 1.146594 -3.045423
v 2.541594 1.260624 -3.067174
v 2.541594 1.262982 -3.054517
v 2.541594 1.152004 -3.033348
v 3.825898 0.935197 -2.991991
v 3.825898 0.932638 -2.988226
v 2.544812 0.935197 -2.991991
v 3.825898 0.932784 -3.004639
v 2.544812 0.932784 -3.004639
v 2.544812 0.929019 -3.007197
v 3.825898 0.929019 -3.007197
v 2.544812 0.808871 -2.984279
v 2.541594 0.929622 -3.004035
v 2.541594 0.932035 -2.991388
v 2.541594 0.811886 -2.968470
v 2.541594 0.809474 -2.981117
v 3.825898 0.808871 -2.984279
v 2.544812 0.806312 -2.980514
v 3.825898 0.806312 -2.980514
v 2.544812 0.808725 -2.967867
v 2.544812 0.812490 -2.965308
v 2.544812 0.932638 -2.988226
v 3.829117 0.809474 -2.981117
v 3.825898 0.808725 -2.967867
v 3.829117 0.929622 -3.004035
v 3.829117 0.811886 -2.968470
v 3.825898 0.812490 -2.965308
v 3.829117 0.932035 -2.991388
v 3.825898 0.749927 -2.953374
v 2.544812 0.772640 -2.957706
v 3.825898 0.644673 -2.933297
v 2.544812 0.666275 -2.953802
v 3.825898 0.638848 -2.948570
v 3.825898 0.640902 -2.952239
v 2.544812 0.668833 -2.957566
v 3.825898 0.745820 -2.972252
v 3.829117 0.746383 -2.969082
v 2.544812 0.769219 -2.976715
v 3.825898 0.749585 -2.969693
v 3.829117 0.749105 -2.956494
v 3.829117 0.643996 -2.936445
v 3.825898 0.641372 -2.935944
v 3.829117 0.641494 -2.949075
v 2.544812 0.772328 -2.974031
v 2.544812 0.774597 -2.961357
v 3.825898 0.752305 -2.957104
v 2.541594 0.669489 -2.954415
v 2.541594 0.769837 -2.973556
v 2.541594 0.772132 -2.960887
v 2.541594 0.671500 -2.941691
v 2.544812 0.668289 -2.941078
v 2.544812 0.671819 -2.938475
v 3.825898 0.603811 -2.925502
v 2.544812 0.603957 -2.941914
v 2.544812 0.600192 -2.944473
v 3.825898 0.600192 -2.944473
v 2.544812 0.480044 -2.921555
v 2.541594 0.600795 -2.941311
v 2.544812 0.606370 -2.929267
v 2.541594 0.603208 -2.928664
v 2.544812 0.603811 -2.925502
v 2.541594 0.483059 -2.905746
v 2.544812 0.483662 -2.902584
v 2.544812 0.479898 -2.905142
v 2.541594 0.480647 -2.918393
v 2.544812 0.477485 -2.917790
v 3.825898 0.480044 -2.921555
v 3.825898 0.483662 -2.902584
v 3.829117 0.480647 -2.918393
v 3.825898 0.477485 -2.917790
v 3.825898 0.479898 -2.905142
v 3.829117 0.600795 -2.941311
v 3.825898 0.603957 -2.941914
v 3.825898 0.606370 -2.929267
v 3.829117 0.483059 -2.905746
v 3.829117 0.603208 -2.928664
v 2.544812 0.429325 -2.895496
v 2.544812 0.423644 -2.910796
v 3.825898 0.438244 -2.913581
v 3.825898 0.328642 -2.892674
v 3.829117 0.438839 -2.910418
v 3.825898 0.441652 -2.910954
v 3.825898 0.443934 -2.898282
v 3.829117 0.441146 -2.897750
v 3.829117 0.329217 -2.889507
v 3.829117 0.331292 -2.876796
v 2.544812 0.313405 -2.889768
v 2.544812 0.311147 -2.886060
v 3.825898 0.326055 -2.888904
v 3.825898 0.328130 -2.876193
v 2.544812 0.313433 -2.873389
v 3.825898 0.331723 -2.873601
v 2.544812 0.316851 -2.870764
v 3.825898 0.441685 -2.894577
v 2.541594 0.424079 -2.907602
v 2.544812 0.427241 -2.908206
v 2.541594 0.313946 -2.886594
v 2.541594 0.426163 -2.894892
v 2.544812 0.426739 -2.891726
v 2.541594 0.316255 -2.873927
v 3.825898 0.123217 -2.833828
v 2.544812 0.016498 -2.813472
v 3.825898 -0.000550 -2.829881
v 2.544812 0.013458 -2.832553
v 3.825898 0.119599 -2.852799
v 3.829117 0.000054 -2.826719
v 3.825898 -0.003108 -2.826116
v 3.825898 -0.000696 -2.813468
v 3.829117 0.002466 -2.814072
v 3.825898 0.003069 -2.810910
v 3.829117 0.122614 -2.836990
v 3.825898 0.125776 -2.837593
v 3.829117 0.120202 -2.849637
v 3.825898 0.123364 -2.850240
v 2.544812 0.122253 -2.853305
v 2.544812 0.125633 -2.850673
v 2.544812 0.125680 -2.834298
v 2.541594 0.122847 -2.850142
v 2.544812 0.127906 -2.838000
v 2.541594 0.014032 -2.829385
v 2.544812 0.010870 -2.828782
v 2.541594 0.125146 -2.837473
v 2.541594 0.016081 -2.816669
v 2.544812 0.012919 -2.816066
v 3.825898 1.181003 -2.888144
v 2.544812 1.168818 -2.898927
v 3.825898 1.178334 -2.900743
v 3.825898 1.180741 -2.904479
v 2.544812 1.171318 -2.902681
v 2.544812 1.286682 -2.924687
v 2.541594 1.171991 -2.899533
v 2.544812 1.171328 -2.886299
v 2.541594 1.174503 -2.886905
v 2.544812 1.175093 -2.883740
v 2.541594 1.287309 -2.921530
v 2.541594 1.289751 -2.908888
v 2.544812 1.292747 -2.909460
v 3.825898 1.288435 -2.925021
v 2.544812 1.290298 -2.922100
v 3.825898 1.294317 -2.909760
v 3.825898 1.292181 -2.906075
v 2.544812 1.290350 -2.905726
v 3.829117 1.181527 -2.901352
v 3.829117 1.289100 -2.921871
v 3.825898 1.291812 -2.922389
v 3.829117 1.184198 -2.888754
v 3.825898 1.184768 -2.885586
v 3.829117 1.291587 -2.909239
v 3.825898 0.960381 -2.842784
v 2.544812 0.834056 -2.835071
v 3.825898 0.836614 -2.838836
v 2.544812 0.836614 -2.838836
v 3.825898 0.956763 -2.861755
v 3.829117 0.837217 -2.835674
v 3.825898 0.834056 -2.835071
v 2.544812 0.956763 -2.861755
v 3.829117 0.839630 -2.823027
v 3.825898 0.836468 -2.822424
v 3.825898 0.840233 -2.819865
v 3.829117 0.959778 -2.845946
v 3.829117 0.957366 -2.858593
v 3.825898 0.960528 -2.859196
v 2.544812 0.960528 -2.859196
v 2.544812 0.962940 -2.846549
v 3.825898 0.962940 -2.846549
v 2.544812 0.960381 -2.842784
v 2.541594 0.957366 -2.858593
v 2.541594 0.837217 -2.835674
v 2.544812 0.836468 -2.822424
v 2.541594 0.959778 -2.845946
v 2.541594 0.839630 -2.823027
v 2.544812 0.840233 -2.819865
v 3.825898 0.511406 -2.757141
v 2.544812 0.609340 -2.775822
v 3.825898 0.631554 -2.780060
v 2.544812 0.507275 -2.756353
v 2.544812 0.504073 -2.759019
v 3.825898 0.505229 -2.772347
v 3.825898 0.507787 -2.776112
v 2.544812 0.503471 -2.775289
v 2.544812 0.605128 -2.794680
v 3.825898 0.627936 -2.799030
v 3.829117 0.508390 -2.772950
v 2.544812 0.608893 -2.792121
v 3.825898 0.634113 -2.783824
v 2.541594 0.605683 -2.791509
v 2.541594 0.504060 -2.772124
v 2.544812 0.501525 -2.771641
v 2.541594 0.506582 -2.759498
v 2.541594 0.608471 -2.778933
v 2.544812 0.611678 -2.779545
v 3.829117 0.628539 -2.795868
v 3.825898 0.631700 -2.796472
v 3.829117 0.630951 -2.783221
v 3.829117 0.510803 -2.760303
v 3.825898 0.507641 -2.759700
v 2.544812 0.346992 -2.725779
v 2.544812 0.343228 -2.728338
v 3.825898 0.346863 -2.745415
v 2.544812 0.343374 -2.744750
v 2.544812 0.463522 -2.767668
v 3.825898 0.463522 -2.767668
v 3.829117 0.348783 -2.742505
v 3.825898 0.345622 -2.741902
v 3.825898 0.351453 -2.729907
v 3.825898 0.467287 -2.765110
v 3.829117 0.354615 -2.730510
v 3.825898 0.355578 -2.727417
v 2.544812 0.469699 -2.752462
v 2.544812 0.467141 -2.748697
v 3.829117 0.466538 -2.751859
v 3.825898 0.467141 -2.748697
v 3.825898 0.469699 -2.752462
v 3.829117 0.464125 -2.764506
v 2.541594 0.464125 -2.764506
v 2.544812 0.467287 -2.765110
v 2.541594 0.343977 -2.741588
v 2.544812 0.340815 -2.740985
v 2.541594 0.466538 -2.751859
v 2.541594 0.346389 -2.728941
v 3.825898 0.060463 -2.671123
v 2.544812 0.140517 -2.686393
v 2.544812 0.028834 -2.665090
v 3.825898 0.057162 -2.673770
v 2.544812 0.023047 -2.680370
v 3.825898 0.056844 -2.690094
v 2.544812 0.025358 -2.684088
v 2.544812 0.137330 -2.705446
v 3.825898 0.159336 -2.709644
v 2.541594 0.137795 -2.702258
v 3.829117 0.159503 -2.706399
v 2.544812 0.140956 -2.702862
v 3.825898 0.162637 -2.706997
v 2.544812 0.143098 -2.690163
v 3.825898 0.162955 -2.690674
v 3.825898 0.165049 -2.694350
v 3.829117 0.161915 -2.693752
v 3.829117 0.056354 -2.686723
v 3.825898 0.054750 -2.686418
v 3.829117 0.058767 -2.674076
v 2.541594 0.139936 -2.689559
v 2.541594 0.025909 -2.680916
v 2.544812 0.025356 -2.667703
v 2.541594 0.028237 -2.668253
v 2.544812 0.185138 -2.698182
v 2.544812 0.182725 -2.710829
v 3.825898 0.182725 -2.710829
v 3.825898 0.185284 -2.714594
v 2.544812 0.185284 -2.714594
v 3.825898 0.305432 -2.737512
v 3.829117 0.185887 -2.711432
v 2.544812 0.305432 -2.737512
v 3.829117 0.188299 -2.698785
v 3.825898 0.185138 -2.698182
v 3.825898 0.188902 -2.695623
v 3.829117 0.308448 -2.721703
v 3.825898 0.309051 -2.718541
v 3.825898 0.311610 -2.722306
v 3.829117 0.306035 -2.734350
v 3.825898 0.309197 -2.734954
v 2.541594 0.306035 -2.734350
v 2.544812 0.309197 -2.734954
v 2.541594 0.185887 -2.711432
v 2.541594 0.308448 -2.721703
v 2.544812 0.311610 -2.722306
v 2.544812 0.309051 -2.718541
v 2.541594 0.188299 -2.698785
v 2.544812 0.188902 -2.695623
v 2.544812 1.137442 -2.876558
v 3.825898 1.112183 -2.888124
v 2.544812 1.133823 -2.895529
v 3.825898 1.108765 -2.890749
v 2.544812 1.013675 -2.872611
v 2.541594 1.134426 -2.892367
v 2.544812 1.137588 -2.892970
v 3.825898 1.009079 -2.871734
v 2.541594 1.136839 -2.879720
v 2.544812 1.140001 -2.880323
v 2.541594 1.016690 -2.856802
v 2.544812 1.013529 -2.856199
v 2.541594 1.014278 -2.869449
v 2.544812 1.011116 -2.868846
v 3.825898 1.007142 -2.868088
v 3.825898 1.009294 -2.855391
v 2.544812 1.017294 -2.853640
v 3.825898 1.012341 -2.852695
v 3.829117 1.109022 -2.887521
v 3.825898 1.113918 -2.875348
v 3.829117 1.009554 -2.868548
v 3.829117 1.110756 -2.874745
v 3.825898 1.111304 -2.871572
v 3.829117 1.011754 -2.855860
v 2.544812 0.795968 -2.811422
v 3.825898 0.659630 -2.788692
v 2.544812 0.672054 -2.791062
v 3.825898 0.657217 -2.801339
v 3.825898 0.659379 -2.805028
v 2.544812 0.672201 -2.807474
v 3.825898 0.764440 -2.825069
v 3.829117 0.659982 -2.801866
v 2.544812 0.792349 -2.830392
v 3.829117 0.662394 -2.789219
v 3.825898 0.662998 -2.786057
v 3.829117 0.767455 -2.809260
v 3.829117 0.765043 -2.821907
v 3.825898 0.767808 -2.822434
v 2.544812 0.798526 -2.815187
v 3.825898 0.770220 -2.809787
v 3.825898 0.768059 -2.806098
v 2.541594 0.792952 -2.827231
v 2.544812 0.796114 -2.827834
v 2.541594 0.672804 -2.804312
v 2.544812 0.669642 -2.803709
v 2.541594 0.795365 -2.814583
v 2.541594 0.675216 -2.791665
v 2.544812 0.675819 -2.788503
vn -0.0000 0.9823 -0.1874
vn -0.0000 0.5621 -0.8270
vn -0.0000 -0.1874 -0.9823
vn -0.0000 -0.8271 -0.5621
vn -0.0000 -0.9823 0.1874
vn -0.0000 0.5621 -0.8271
vn -0.0000 -0.9823 0.1873
vn -0.0000 -0.5620 0.8271
vn -0.0000 -0.5621 0.8271
vn -0.0000 0.1874 0.9823
vn -0.0000 0.8271 0.5621
vn 0.6252 -0.6456 -0.4387
vn 0.7071 -0.6946 0.1325
vn 0.7071 -0.6945 0.1325
vn 0.7504 -0.1237 -0.6493
vn 0.7505 -0.1237 -0.6492
vn 1.0000 -0.0000 -0.0000
vn 0.6287 0.4381 -0.6425
vn 0.6286 0.4381 -0.6426
vn 0.7072 -0.6945 0.1325
vn 0.6015 0.7846 -0.1503
vn 0.6014 0.7847 -0.1503
vn 0.7721 0.1569 -0.6159
vn 0.7247 0.3863 -0.5706
vn 0.5774 -0.4589 0.6753
vn 0.7072 0.1325 0.6945
vn 0.7071 0.1325 0.6946
vn 0.7761 -0.3315 -0.5364
vn 0.7761 0.1108 -0.6208
vn 0.7719 -0.3726 -0.5150
vn 0.7247 -0.5693 -0.3883
vn 0.5773 0.6754 0.4589
vn 0.7072 0.6945 -0.1325
vn 0.7071 0.6946 -0.1325
vn 0.7247 -0.5692 -0.3883
vn 0.7761 -0.3316 -0.5365
vn 0.6014 -0.7849 0.1491
vn 0.6286 -0.6439 -0.4362
vn 0.6285 -0.6439 -0.4362
vn 0.7505 -0.1239 -0.6491
vn 0.6252 0.4388 -0.6455
vn 0.6015 0.7846 -0.1504
vn 0.6014 0.7847 -0.1504
vn 0.6014 -0.7849 0.1490
vn 0.6498 0.4280 -0.6282
vn 0.6497 0.4280 -0.6283
vn 0.6497 -0.6292 -0.4266
vn 0.7696 -0.1196 -0.6272
vn -0.6252 -0.6455 -0.4387
vn -0.7071 -0.6945 0.1325
vn -0.7071 -0.6946 0.1325
vn -0.7071 -0.6946 0.1324
vn -0.7504 -0.1238 -0.6493
vn -0.7506 -0.1237 -0.6491
vn -0.7504 -0.1237 -0.6492
vn -1.0000 -0.0000 -0.0000
vn -0.6286 0.4381 -0.6426
vn -0.7072 -0.6945 0.1325
vn -0.6014 0.7847 -0.1503
vn -0.6014 0.7847 -0.1504
vn -0.7247 0.3863 -0.5706
vn -0.7720 0.1569 -0.6160
vn -0.5774 -0.4589 0.6753
vn -0.7072 0.1325 0.6945
vn -0.7071 0.1325 0.6945
vn -0.7071 0.1325 0.6946
vn -0.7761 -0.3315 -0.5364
vn -0.7716 -0.3728 -0.5154
vn -0.7247 -0.5692 -0.3883
vn -0.7247 -0.5693 -0.3883
vn -0.6014 -0.7850 0.1490
vn -0.6014 -0.7849 0.1490
vn -0.5773 0.6754 0.4589
vn -0.7072 0.6945 -0.1325
vn -0.7071 0.6946 -0.1325
vn -0.7719 -0.3726 -0.5150
vn -0.7758 0.1108 -0.6211
vn -0.7762 -0.3315 -0.5363
vn -0.6014 -0.7849 0.1491
vn -0.7721 0.1569 -0.6159
vn -0.6015 0.7846 -0.1504
vn -0.6497 -0.6292 -0.4266
vn -0.7696 -0.1196 -0.6272
vn -0.6497 0.4280 -0.6282
vn -0.6498 0.4280 -0.6282
vn -0.6285 -0.6440 -0.4363
vn -0.6286 -0.6439 -0.4362
vn -0.7503 -0.1240 -0.6493
vn -0.7505 -0.1239 -0.6491
vn -0.6252 0.4388 -0.6455
vn -0.0000 0.8271 0.5620
vn -0.7504 -0.1237 -0.6493
vn -0.7505 -0.1237 -0.6492
vn -0.6284 0.4381 -0.6428
vn -0.6014 0.7846 -0.1503
vn -0.7247 0.3863 -0.5705
vn -0.7762 0.1108 -0.6207
vn -0.7760 0.1108 -0.6210
vn -0.6285 -0.6439 -0.4362
vn -0.7505 -0.1239 -0.6492
vn -0.6252 0.4387 -0.6455
vn -0.6015 0.7846 -0.1503
vn -0.6497 0.4280 -0.6283
vn -0.6497 -0.6292 -0.4267
vn 0.6252 -0.6455 -0.4387
vn 0.7505 -0.1237 -0.6491
vn 0.6284 0.4381 -0.6428
vn 0.7247 0.3863 -0.5705
vn 0.7762 0.1108 -0.6207
vn 0.6014 -0.7850 0.1490
vn 0.7762 0.1108 -0.6206
vn 0.7720 0.1569 -0.6160
vn 0.7248 0.3863 -0.5705
vn 0.6014 0.7846 -0.1504
vn 0.6493 -0.6293 -0.4270
vn 0.6497 -0.6292 -0.4267
vn 0.6497 0.4280 -0.6282
vn 0.7505 -0.1239 -0.6492
vn 0.6252 0.4387 -0.6455
vn -0.0000 -0.8270 -0.5621
vn -0.7248 -0.5692 -0.3882
vn -0.7720 0.1569 -0.6159
vn -0.6287 -0.6439 -0.4361
vn -0.7504 -0.1239 -0.6492
vn -0.6014 0.7846 -0.1504
vn 0.7501 -0.1238 -0.6497
vn 0.7503 -0.1237 -0.6495
vn 0.6014 0.7846 -0.1503
vn 0.7720 -0.3726 -0.5150
vn 0.6498 -0.6292 -0.4266
vn 0.7504 -0.1239 -0.6492
vn -0.0064 -0.5694 0.8220
vn -0.0090 -0.9836 0.1801
vn -0.0064 -0.8271 -0.5620
vn -0.0064 -0.8270 -0.5621
vn 0.7071 -0.1325 -0.6946
vn 0.5773 -0.6753 -0.4590
vn 0.7070 -0.6947 0.1325
vn 0.5775 -0.4588 0.6752
vn 0.7070 0.1325 0.6947
vn 0.5772 0.6753 0.4590
vn 0.5773 0.4589 -0.6754
vn 0.0012 0.5824 -0.8129
vn 0.0012 0.5825 -0.8129
vn 0.0015 0.9828 -0.1848
vn 0.0015 0.9828 -0.1847
vn 0.0011 0.8398 0.5430
vn 0.0011 0.8398 0.5429
vn 0.0012 0.8398 0.5430
vn -0.7069 -0.1325 -0.6948
vn -0.7072 -0.1325 -0.6944
vn -0.5804 -0.6736 -0.4577
vn -0.5559 0.5017 -0.6628
vn -0.6682 0.7315 -0.1359
vn -0.6683 0.7314 -0.1358
vn -0.6683 0.7314 -0.1359
vn -0.5525 0.7107 0.4356
vn -0.7098 -0.6939 0.1217
vn -0.7098 -0.6938 0.1217
vn -0.7097 -0.6939 0.1217
vn -0.7073 0.1325 0.6944
vn -0.5871 -0.4669 0.6613
vn -0.0000 0.8270 0.5621
vn -0.0000 0.5620 -0.8272
vn -0.7073 -0.1325 -0.6944
vn -0.7071 -0.1325 -0.6946
vn -0.5776 0.4587 -0.6752
vn -0.5775 0.6752 0.4589
vn -0.5773 -0.4590 0.6753
vn -0.7072 -0.6945 0.1324
vn -0.5771 -0.6754 -0.4591
vn 0.7070 -0.1325 -0.6947
vn 0.7072 -0.1325 -0.6945
vn 0.5774 -0.6753 -0.4590
vn 0.5775 0.4588 -0.6753
vn 0.5772 -0.4591 0.6754
vn 0.5773 0.6753 0.4590
vn -0.0160 -0.6093 0.7928
vn -0.0163 -0.6093 0.7928
vn -0.0216 -0.9841 0.1762
vn -0.0162 -0.8496 -0.5272
vn -0.0162 -0.8496 -0.5271
vn 0.5822 0.4570 -0.6724
vn 0.0137 0.6064 -0.7950
vn 0.0136 0.6064 -0.7950
vn 0.7113 0.6871 -0.1485
vn 0.7114 0.6869 -0.1485
vn 0.7112 0.6871 -0.1485
vn 0.5930 0.6790 0.4328
vn 0.5338 -0.5290 0.6597
vn 0.6402 -0.7534 0.1500
vn 0.6402 -0.7534 0.1499
vn 0.6402 -0.7535 0.1499
vn 0.5394 -0.7347 -0.4113
vn 0.0179 0.9809 -0.1937
vn 0.0134 0.8622 0.5064
vn 0.0131 0.8622 0.5064
vn -0.7072 -0.1325 -0.6945
vn -0.5838 -0.6715 -0.4564
vn -0.5255 0.5560 -0.6440
vn -0.6169 0.7746 -0.1395
vn -0.6170 0.7745 -0.1395
vn -0.5183 0.7537 0.4040
vn -0.7125 -0.6930 0.1097
vn -0.7127 -0.6928 0.1095
vn -0.7127 -0.6929 0.1096
vn -0.5977 -0.4758 0.6453
vn -0.7068 -0.1326 -0.6948
vn -0.5774 0.4590 -0.6753
vn -0.5775 -0.4589 0.6752
vn -0.5775 -0.6752 -0.4589
vn 0.5774 -0.6753 -0.4589
vn 0.5773 0.4590 -0.6753
vn 0.7070 0.1325 0.6946
vn 0.5774 0.6753 0.4590
vn -0.0085 0.8396 0.5431
vn -0.0115 0.9855 -0.1695
vn -0.0085 0.5973 -0.8020
vn -0.0086 0.5973 -0.8020
vn 0.5540 0.5083 -0.6594
vn 0.6630 0.7366 -0.1334
vn 0.6630 0.7367 -0.1334
vn 0.5477 0.7152 0.4341
vn 0.5878 -0.4733 0.6561
vn 0.7070 -0.6980 0.1139
vn 0.5756 -0.6743 -0.4627
vn 0.0087 -0.8392 -0.5437
vn 0.0087 -0.8392 -0.5438
vn 0.0088 -0.8392 -0.5437
vn 0.0118 -0.9855 0.1693
vn 0.0117 -0.9855 0.1693
vn 0.0087 -0.5970 0.8022
vn -0.5877 0.4727 -0.6566
vn -0.7071 0.6978 -0.1144
vn -0.5489 -0.7139 -0.4348
vn -0.5758 0.6742 0.4625
vn -0.6645 -0.7353 0.1333
vn -0.6644 -0.7354 0.1334
vn -0.5547 -0.5068 0.6599
vn -0.0077 -0.5743 0.8186
vn -0.0110 -0.9848 0.1732
vn -0.0078 -0.8258 -0.5639
vn 0.7070 -0.1325 -0.6946
vn 0.5775 -0.6753 -0.4588
vn 0.7071 -0.6946 0.1324
vn 0.5773 -0.4589 0.6754
vn 0.7071 0.1325 0.6945
vn 0.5774 0.4590 -0.6752
vn 0.0014 0.5878 -0.8090
vn 0.0017 0.9833 -0.1819
vn 0.0017 0.9833 -0.1820
vn 0.0013 0.8420 0.5395
vn 0.0014 0.8420 0.5395
vn -0.5520 0.5123 -0.6579
vn -0.6592 0.7400 -0.1335
vn -0.5757 -0.6741 -0.4627
vn -0.5454 0.7184 0.4319
vn -0.7071 -0.6982 0.1125
vn -0.7071 -0.6981 0.1125
vn -0.5888 -0.4743 0.6545
vn 0.0054 -0.5621 0.8271
vn 0.0054 -0.5620 0.8271
vn 0.0076 -0.9795 0.2011
vn 0.0054 -0.8364 -0.5480
vn 0.0054 -0.8365 -0.5480
vn -0.5823 -0.6766 -0.4506
vn -0.7086 -0.6920 0.1376
vn -0.7085 -0.6922 0.1376
vn -0.5791 -0.4583 0.6742
vn -0.5665 0.6935 0.4452
vn -0.6877 0.7127 -0.1380
vn -0.6875 0.7130 -0.1379
vn -0.6874 0.7131 -0.1379
vn -0.5649 0.4801 -0.6711
vn -0.0010 0.5981 -0.8014
vn -0.0009 0.5981 -0.8014
vn -0.0012 0.9813 -0.1924
vn -0.0010 0.8533 0.5214
vn 0.7071 -0.1325 -0.6945
vn 0.5903 -0.6786 -0.4372
vn 0.7106 -0.6883 0.1459
vn 0.7105 -0.6884 0.1459
vn 0.7107 -0.6882 0.1459
vn 0.5419 0.5167 -0.6629
vn 0.6523 0.7436 -0.1470
vn 0.6522 0.7437 -0.1469
vn 0.6522 0.7436 -0.1470
vn 0.5814 -0.4572 0.6730
vn 0.5465 0.7245 0.4200
vn -0.0000 -0.8271 -0.5620
vn 0.5773 -0.6754 -0.4589
vn 0.5773 -0.4590 0.6753
vn 0.5774 0.6753 0.4589
vn -0.0000 0.9823 -0.1873
vn -0.5775 0.4589 -0.6752
vn -0.5775 -0.6753 -0.4588
vn -0.7072 0.6945 -0.1324
vn -0.7069 0.1325 0.6947
vn -0.7068 0.1326 0.6949
vn -0.5774 -0.4590 0.6752
vn 0.0023 -0.6000 0.8000
vn 0.0029 -0.9813 0.1926
vn 0.0028 -0.9813 0.1926
vn 0.0024 -0.8546 -0.5192
vn 0.0023 -0.8546 -0.5192
vn -0.0128 0.5620 -0.8270
vn -0.0128 0.5621 -0.8270
vn -0.0180 0.9793 -0.2018
vn -0.0178 0.9793 -0.2018
vn -0.0126 0.8368 0.5473
vn -0.0129 0.8368 0.5473
vn -0.0128 0.8368 0.5473
vn -0.5831 0.4565 -0.6720
vn -0.5297 -0.7484 -0.3992
vn -0.6236 -0.7664 0.1539
vn -0.6237 -0.7664 0.1539
vn -0.5227 -0.5455 0.6551
vn -0.7123 0.6853 -0.1519
vn -0.7121 0.6855 -0.1518
vn -0.7120 0.6855 -0.1518
vn -0.5964 0.6798 0.4269
vn 0.7070 0.6947 -0.1325
vn 0.5774 -0.4590 0.6753
vn 0.0046 -0.5390 0.8423
vn 0.0046 -0.5391 0.8422
vn 0.0046 -0.5391 0.8423
vn 0.0051 -0.9483 0.3173
vn 0.0026 -0.8864 -0.4629
vn 0.0026 -0.8865 -0.4628
vn 0.7108 -0.1503 -0.6872
vn 0.7108 -0.1502 -0.6872
vn 0.7107 -0.1502 -0.6872
vn 0.6610 -0.5828 0.4727
vn 0.6944 -0.6472 0.3146
vn 0.6508 -0.5661 0.5059
vn 0.5554 -0.4297 0.7119
vn 0.9829 -0.0345 -0.1810
vn 0.9806 -0.0367 -0.1926
vn 0.9945 -0.0196 -0.1028
vn 0.5774 0.4588 -0.6753
vn -0.5775 0.4588 -0.6753
vn -0.5774 0.6753 0.4588
vn -0.7070 0.1325 0.6947
vn -0.5775 -0.4590 0.6751
vn 0.0187 -0.6129 0.7899
vn 0.1734 -0.6090 0.7740
vn 0.1394 -0.6112 0.7791
vn 0.2449 -0.9528 0.1796
vn 0.0252 -0.9827 0.1832
vn 0.2448 -0.9528 0.1797
vn 0.0188 -0.8589 -0.5117
vn 0.1734 -0.8503 -0.4970
vn -0.5859 0.4703 -0.6600
vn -0.7071 0.6972 -0.1176
vn -0.7071 0.6973 -0.1176
vn -0.7071 0.6972 -0.1175
vn -0.0129 0.6026 -0.7979
vn -0.0129 0.6026 -0.7980
vn -0.0131 0.6026 -0.7979
vn 0.6021 0.4995 -0.6229
vn -0.0173 0.9841 -0.1768
vn -0.0129 0.8468 0.5317
vn 0.7040 0.6977 -0.1331
vn 0.7039 0.6977 -0.1331
vn 0.6021 0.6938 0.3952
vn 0.1393 -0.8540 -0.5013
vn 0.3602 -0.8106 -0.4617
vn 0.4524 -0.8760 0.1671
vn 0.4526 -0.8759 0.1671
vn 0.3602 -0.5836 0.7278
vn -0.5760 0.6745 0.4618
vn -0.5542 -0.7070 -0.4394
vn -0.6720 -0.7284 0.1333
vn -0.6719 -0.7285 0.1335
vn -0.5591 -0.4980 0.6629
vn -0.0000 -0.5623 0.8270
vn 0.5773 -0.4591 0.6752
vn -0.5774 0.4589 -0.6753
vn -0.5773 0.4590 -0.6754
vn -0.5774 -0.6752 -0.4590
vn -0.5774 0.6752 0.4589
vn -0.5774 -0.4591 0.6752
vn 0.0201 0.9986 0.0482
vn 0.0201 0.9986 0.0497
vn 0.0202 0.9821 -0.1874
vn 0.0203 0.9974 -0.0692
vn 0.0149 0.5852 -0.8108
vn 0.0143 0.5851 -0.8108
vn 0.0146 0.5851 -0.8108
vn -0.7070 0.6947 -0.1325
vn -0.5773 0.6754 0.4588
vn -0.0025 -0.8550 -0.5187
vn -0.0025 -0.8550 -0.5186
vn -0.0034 -0.9842 0.1772
vn -0.0032 -0.9842 0.1773
vn -0.0033 -0.9842 0.1773
vn -0.0027 -0.6108 0.7918
vn -0.0028 -0.6108 0.7918
vn 0.7081 -0.1108 -0.6974
vn 0.7081 -0.1109 -0.6974
vn 0.7066 0.7012 -0.0952
vn 0.7065 0.7013 -0.0952
vn 0.9946 -0.0195 -0.1023
vn 0.9806 -0.0368 -0.1927
vn 0.5111 -0.7590 -0.4032
vn 0.0164 0.8219 0.5694
vn 0.0164 0.8236 0.5669
vn 0.0163 0.8219 0.5694
vn 0.9835 -0.0339 -0.1778
vn 0.6103 -0.7808 0.1338
vn 0.6102 -0.7808 0.1339
vn 0.5242 -0.5643 0.6378
vn 0.5243 -0.5640 0.6379
vn -0.0073 -0.5886 0.8084
vn -0.0073 -0.5887 0.8084
vn -0.0072 -0.5887 0.8084
vn -0.0099 -0.9822 0.1874
vn -0.0099 -0.9822 0.1873
vn -0.0073 -0.8448 -0.5351
vn -0.0073 -0.8448 -0.5350
vn 0.5499 -0.7206 -0.4223
vn 0.6582 -0.7396 0.1411
vn 0.6582 -0.7395 0.1411
vn 0.6581 -0.7396 0.1410
vn 0.5497 -0.5148 0.6579
vn 0.5500 0.7207 0.4221
vn 0.6583 0.7395 -0.1410
vn 0.5499 0.5147 -0.6578
vn 0.0167 0.5885 -0.8084
vn 0.0159 0.5885 -0.8083
vn 0.0163 0.5885 -0.8083
vn 0.0225 0.9820 -0.1873
vn 0.0163 0.8448 0.5348
vn -0.5774 0.4588 -0.6753
vn -0.7071 0.6945 -0.1325
vn -0.5775 -0.4590 0.6752
vn -0.6498 -0.6292 -0.4266
vn -0.6013 -0.7850 0.1490
vn 0.7762 -0.3315 -0.5363
vn 0.6013 -0.7850 0.1490
vn 0.7501 -0.1237 -0.6496
vn -0.6684 0.7313 -0.1358
vn -0.7099 -0.6937 0.1216
vn -0.0158 -0.6093 0.7928
vn -0.0216 -0.9841 0.1761
vn 0.0138 0.8622 0.5064
vn -0.7125 -0.6931 0.1097
vn -0.0084 0.5973 -0.8020
vn 0.7069 0.1325 0.6947
vn 0.0085 -0.8392 -0.5438
vn -0.0078 -0.8258 -0.5640
vn 0.0054 -0.8365 -0.5479
vn -0.7087 -0.6920 0.1377
vn -0.6875 0.7129 -0.1379
vn 0.7105 -0.6885 0.1458
vn 0.6522 0.7436 -0.1469
vn 0.0024 -0.8546 -0.5193
vn -0.0181 0.9793 -0.2018
vn -0.7121 0.6854 -0.1518
vn 0.0051 -0.9483 0.3172
vn 0.7108 -0.1502 -0.6871
vn 0.7071 0.6946 -0.1324
vn 0.0189 -0.6129 0.7899
vn -0.7070 0.6973 -0.1176
vn -0.0126 0.6026 -0.7979
vn -0.6719 -0.7285 0.1334
vn 0.0146 0.5852 -0.8108
vn -0.7069 0.6948 -0.1325
vn 0.0163 0.8219 0.5693
vn 0.6102 -0.7809 0.1339
vn -0.0074 -0.5887 0.8083
vn 0.0163 0.5885 -0.8084
vt 0.062702 0.040747
vt 0.056462 0.024281
vt 0.062702 0.024281
vt 0.062702 0.046364
vt 0.056462 0.040747
vt 0.062702 0.059085
vt 0.056462 0.046364
vt 0.062702 0.062378
vt 0.056462 0.059085
vt 0.056462 0.065349
vt 0.056462 0.062378
vt 0.062702 0.065349
vt 0.056462 0.100863
vt 0.062702 0.100863
vt 0.056462 0.107450
vt 0.056462 0.119331
vt 0.062702 0.107450
vt 0.062702 0.119331
vt 0.056462 0.125917
vt 0.062702 0.125917
vt 0.056462 0.180158
vt 0.062702 0.180158
vt 0.056462 0.186615
vt 0.062702 0.186615
vt 0.056462 0.198625
vt 0.062702 0.198625
vt 0.056462 0.205083
vt 0.062702 0.205083
vt 0.056462 0.407452
vt 0.062702 0.413909
vt 0.056462 0.413909
vt 0.056462 0.425790
vt 0.062702 0.425790
vt 0.062702 0.432506
vt 0.056462 0.486746
vt 0.056462 0.432506
vt 0.062702 0.492945
vt 0.062702 0.486746
vt 0.062702 0.504826
vt 0.056462 0.492945
vt 0.056462 0.511542
vt 0.056462 0.504826
vt 0.062702 0.511542
vt 0.056462 0.547186
vt 0.062702 0.550285
vt 0.056462 0.550285
vt 0.056462 0.553385
vt 0.062702 0.553385
vt 0.056462 0.566299
vt 0.062702 0.566299
vt 0.056462 0.571465
vt 0.062702 0.571465
vt 0.056462 0.587995
vt 0.062702 0.587995
vt 0.056462 0.591095
vt 0.062702 0.591095
vt 0.056462 0.635520
vt 0.062702 0.635520
vt 0.056462 0.690794
vt 0.062702 0.690794
vt 0.056462 0.910339
vt 0.062702 0.910339
vt 0.056462 0.965613
vt 0.062702 0.965613
vt 0.056462 1.010039
vt 0.062702 1.010039
vt 0.056462 1.013138
vt 0.454494 0.878872
vt 0.452433 0.876569
vt 0.455524 0.876057
vt 0.458100 0.879128
vt 0.458615 0.876057
vt 0.451403 0.841256
vt 0.454494 0.841511
vt 0.456039 0.836138
vt 0.470979 0.878872
vt 0.470979 0.876057
vt 0.467888 0.835626
vt 0.457585 0.838441
vt 0.476646 0.878872
vt 0.476646 0.875802
vt 0.469949 0.838185
vt 0.472525 0.831532
vt 0.493132 0.878360
vt 0.492617 0.875546
vt 0.495192 0.875802
vt 0.492101 0.832043
vt 0.494677 0.832043
vt 0.475616 0.832299
vt 0.491586 0.777282
vt 0.494162 0.777282
vt 0.475101 0.777282
vt 0.475101 0.557851
vt 0.491586 0.557851
vt 0.494162 0.557851
vt 0.471495 0.778305
vt 0.469434 0.771652
vt 0.469434 0.563481
vt 0.494677 0.503026
vt 0.492101 0.503026
vt 0.475616 0.502770
vt 0.495192 0.459268
vt 0.493132 0.456901
vt 0.492617 0.459715
vt 0.476646 0.459332
vt 0.476646 0.456325
vt 0.470979 0.459204
vt 0.470979 0.456197
vt 0.469949 0.497076
vt 0.458615 0.458948
vt 0.458100 0.456005
vt 0.472525 0.503602
vt 0.471495 0.556956
vt 0.467888 0.499443
vt 0.457585 0.496564
vt 0.467373 0.561050
vt 0.456039 0.498931
vt 0.454494 0.493622
vt 0.455524 0.459076
vt 0.451403 0.493942
vt 0.454494 0.456325
vt 0.452433 0.458692
vt 0.456555 0.563609
vt 0.455524 0.561178
vt 0.456555 0.771396
vt 0.467373 0.774211
vt 0.453464 0.566552
vt 0.453464 0.768581
vt 0.455524 0.773955
vt 0.450372 0.566168
vt 0.306093 0.456516
vt 0.306607 0.459581
vt 0.303522 0.459071
vt 0.309179 0.456005
vt 0.303007 0.494324
vt 0.309693 0.459071
vt 0.306093 0.493813
vt 0.307636 0.498922
vt 0.322036 0.456516
vt 0.308665 0.496879
vt 0.319465 0.499433
vt 0.327693 0.456516
vt 0.322036 0.459581
vt 0.321522 0.497389
vt 0.323579 0.503521
vt 0.327693 0.459581
vt 0.344151 0.457027
vt 0.346722 0.459581
vt 0.343637 0.459581
vt 0.343122 0.503010
vt 0.346208 0.503010
vt 0.342608 0.557678
vt 0.326151 0.557678
vt 0.323065 0.557167
vt 0.342608 0.776863
vt 0.326151 0.776863
vt 0.345694 0.557678
vt 0.320493 0.563298
vt 0.318951 0.561255
vt 0.320493 0.771243
vt 0.346208 0.831531
vt 0.345694 0.776863
vt 0.308150 0.563809
vt 0.306607 0.561255
vt 0.346722 0.875470
vt 0.343122 0.831531
vt 0.344151 0.878025
vt 0.343637 0.874960
vt 0.327693 0.875470
vt 0.327693 0.878536
vt 0.326665 0.832042
vt 0.322036 0.875470
vt 0.322036 0.878536
vt 0.321522 0.837662
vt 0.309693 0.875470
vt 0.309179 0.878536
vt 0.323579 0.831020
vt 0.308665 0.838173
vt 0.319465 0.835108
vt 0.308150 0.771243
vt 0.323065 0.777885
vt 0.318951 0.773797
vt 0.305065 0.566364
vt 0.305065 0.768177
vt 0.301979 0.768688
vt 0.301979 0.566364
vt 0.306607 0.773797
vt 0.306093 0.841239
vt 0.306607 0.875470
vt 0.307636 0.835619
vt 0.303007 0.840728
vt 0.306093 0.878536
vt 0.303522 0.875981
vt 0.049063 0.024281
vt 0.055303 0.040747
vt 0.055303 0.024281
vt 0.049063 0.040747
vt 0.055303 0.046364
vt 0.049063 0.046364
vt 0.055303 0.059085
vt 0.049063 0.059085
vt 0.055303 0.062378
vt 0.049063 0.065349
vt 0.049063 0.062378
vt 0.055303 0.065349
vt 0.049063 0.100863
vt 0.055303 0.100863
vt 0.049063 0.107450
vt 0.055303 0.107450
vt 0.049063 0.119331
vt 0.055303 0.119331
vt 0.049063 0.125917
vt 0.055303 0.125917
vt 0.049063 0.180158
vt 0.055303 0.180158
vt 0.049063 0.186615
vt 0.055303 0.186615
vt 0.049063 0.198625
vt 0.055303 0.198625
vt 0.049063 0.205083
vt 0.055303 0.205083
vt 0.049063 0.407452
vt 0.055303 0.407452
vt 0.055303 0.413909
vt 0.049063 0.413909
vt 0.049063 0.425790
vt 0.055303 0.425790
vt 0.055303 0.432506
vt 0.049063 0.486746
vt 0.055303 0.486746
vt 0.055303 0.492945
vt 0.049063 0.492945
vt 0.055303 0.504826
vt 0.049063 0.511542
vt 0.049063 0.504826
vt 0.055303 0.511542
vt 0.049063 0.547186
vt 0.055303 0.547186
vt 0.055303 0.550285
vt 0.049063 0.553385
vt 0.055303 0.553385
vt 0.049063 0.566299
vt 0.055303 0.566299
vt 0.049063 0.571465
vt 0.055303 0.571465
vt 0.049063 0.587995
vt 0.055303 0.587995
vt 0.049063 0.591095
vt 0.055303 0.591095
vt 0.049063 0.635521
vt 0.055303 0.635520
vt 0.049063 0.690794
vt 0.055303 0.690794
vt 0.049063 0.910339
vt 0.055303 0.910339
vt 0.049063 0.965613
vt 0.055303 0.965613
vt 0.049063 1.010039
vt 0.055303 1.010039
vt 0.049063 1.013138
vt 0.643973 0.881121
vt 0.645003 0.878306
vt 0.641912 0.878818
vt 0.647579 0.881377
vt 0.640881 0.843504
vt 0.643973 0.843760
vt 0.648094 0.878306
vt 0.647063 0.840689
vt 0.645518 0.838386
vt 0.660458 0.881121
vt 0.657367 0.837874
vt 0.659428 0.840433
vt 0.666125 0.881121
vt 0.660458 0.878306
vt 0.662004 0.833780
vt 0.665094 0.834548
vt 0.666125 0.878050
vt 0.682610 0.880609
vt 0.684671 0.878050
vt 0.682095 0.877794
vt 0.681580 0.834292
vt 0.684156 0.834292
vt 0.681065 0.779530
vt 0.683641 0.779530
vt 0.664579 0.779530
vt 0.660973 0.780554
vt 0.681065 0.560100
vt 0.683641 0.560100
vt 0.658912 0.773901
vt 0.656852 0.776460
vt 0.658912 0.565730
vt 0.664579 0.560100
vt 0.684156 0.505274
vt 0.681580 0.505274
vt 0.665094 0.505018
vt 0.684671 0.461516
vt 0.682095 0.461964
vt 0.682610 0.459149
vt 0.666125 0.461580
vt 0.666125 0.458573
vt 0.660458 0.461452
vt 0.660458 0.458445
vt 0.659428 0.499325
vt 0.648094 0.461196
vt 0.647063 0.498813
vt 0.647579 0.458254
vt 0.662003 0.505850
vt 0.657367 0.501692
vt 0.660973 0.559204
vt 0.645518 0.501180
vt 0.643972 0.495870
vt 0.640881 0.496190
vt 0.645003 0.461324
vt 0.641912 0.460940
vt 0.643972 0.458573
vt 0.646033 0.565858
vt 0.656852 0.563299
vt 0.645003 0.563427
vt 0.646033 0.773645
vt 0.645003 0.776204
vt 0.642942 0.568800
vt 0.639851 0.568417
vt 0.642942 0.770830
vt 0.639851 0.771086
vt 0.077768 0.458764
vt 0.075197 0.461319
vt 0.078283 0.461830
vt 0.080854 0.458254
vt 0.081369 0.461319
vt 0.074683 0.496573
vt 0.077768 0.496062
vt 0.080340 0.499127
vt 0.079311 0.501171
vt 0.093712 0.458764
vt 0.093712 0.461830
vt 0.091140 0.501682
vt 0.093197 0.499638
vt 0.099369 0.458764
vt 0.099369 0.461830
vt 0.095255 0.505769
vt 0.098340 0.505258
vt 0.115826 0.459275
vt 0.115312 0.461830
vt 0.118398 0.461830
vt 0.114798 0.505258
vt 0.117883 0.505258
vt 0.114283 0.559927
vt 0.117369 0.559927
vt 0.097826 0.559927
vt 0.094740 0.559416
vt 0.097826 0.779111
vt 0.114283 0.779111
vt 0.117369 0.779111
vt 0.092169 0.565547
vt 0.092169 0.773491
vt 0.117883 0.833780
vt 0.079826 0.566058
vt 0.090626 0.563503
vt 0.078283 0.563503
vt 0.114798 0.833780
vt 0.118398 0.877719
vt 0.115826 0.880274
vt 0.115312 0.877208
vt 0.099369 0.877719
vt 0.093712 0.877719
vt 0.099369 0.880785
vt 0.093197 0.839911
vt 0.098340 0.834291
vt 0.081369 0.877719
vt 0.080340 0.840422
vt 0.093712 0.880785
vt 0.095255 0.833269
vt 0.094740 0.780133
vt 0.091140 0.837356
vt 0.079311 0.837867
vt 0.079826 0.773491
vt 0.090626 0.776046
vt 0.078283 0.776046
vt 0.076740 0.568612
vt 0.076740 0.770426
vt 0.073654 0.568612
vt 0.073654 0.770937
vt 0.077769 0.843487
vt 0.078283 0.877719
vt 0.074683 0.842976
vt 0.075197 0.878230
vt 0.080854 0.880785
vt 0.077769 0.880785
vt 0.041665 0.024281
vt 0.047904 0.040747
vt 0.047904 0.024281
vt 0.041665 0.040747
vt 0.047904 0.046364
vt 0.041665 0.046364
vt 0.047904 0.059085
vt 0.041665 0.059085
vt 0.047904 0.062378
vt 0.041665 0.065349
vt 0.041665 0.062378
vt 0.047904 0.065349
vt 0.041665 0.100863
vt 0.047904 0.100863
vt 0.041665 0.107450
vt 0.047904 0.107450
vt 0.041665 0.119331
vt 0.047904 0.119331
vt 0.041665 0.125917
vt 0.047904 0.125917
vt 0.041665 0.180158
vt 0.047904 0.180158
vt 0.041665 0.186615
vt 0.047904 0.186615
vt 0.041665 0.198625
vt 0.047904 0.198625
vt 0.041665 0.205083
vt 0.047904 0.205083
vt 0.041665 0.407452
vt 0.047904 0.407452
vt 0.047904 0.413909
vt 0.041665 0.413909
vt 0.041665 0.425790
vt 0.047904 0.425790
vt 0.047904 0.432506
vt 0.041665 0.486746
vt 0.047904 0.486746
vt 0.047904 0.492945
vt 0.041665 0.492945
vt 0.047904 0.504826
vt 0.041665 0.511542
vt 0.041665 0.504826
vt 0.047904 0.511542
vt 0.041665 0.547186
vt 0.047904 0.547186
vt 0.047904 0.550285
vt 0.041665 0.553385
vt 0.047904 0.553385
vt 0.041665 0.566299
vt 0.047904 0.566299
vt 0.041665 0.571465
vt 0.047904 0.571465
vt 0.041665 0.587995
vt 0.047904 0.587995
vt 0.041665 0.591095
vt 0.047904 0.591095
vt 0.041665 0.635521
vt 0.047904 0.635521
vt 0.041665 0.690794
vt 0.047904 0.690794
vt 0.041665 0.910339
vt 0.047904 0.910339
vt 0.041665 0.965613
vt 0.047904 0.965613
vt 0.041665 1.010039
vt 0.047904 1.010039
vt 0.041665 1.013138
vt 0.397142 0.588465
vt 0.398173 0.585650
vt 0.395082 0.586162
vt 0.400748 0.588721
vt 0.394051 0.550848
vt 0.397142 0.551104
vt 0.401264 0.585650
vt 0.400233 0.548033
vt 0.398688 0.545730
vt 0.413628 0.588465
vt 0.410537 0.545218
vt 0.412597 0.547777
vt 0.419295 0.588465
vt 0.413628 0.585650
vt 0.415173 0.541124
vt 0.418264 0.541892
vt 0.419295 0.585394
vt 0.435780 0.587953
vt 0.437841 0.585394
vt 0.435265 0.585138
vt 0.434750 0.541636
vt 0.437326 0.541636
vt 0.434234 0.486874
vt 0.436810 0.486874
vt 0.417749 0.486874
vt 0.414143 0.487898
vt 0.434234 0.267444
vt 0.436810 0.267444
vt 0.412082 0.481245
vt 0.410021 0.483804
vt 0.412082 0.273074
vt 0.417749 0.267444
vt 0.437326 0.212618
vt 0.434750 0.212618
vt 0.418264 0.212362
vt 0.437841 0.168860
vt 0.435265 0.169308
vt 0.435780 0.166493
vt 0.419295 0.168924
vt 0.419295 0.165917
vt 0.413628 0.168796
vt 0.413628 0.165789
vt 0.412597 0.206669
vt 0.401264 0.168540
vt 0.400233 0.206157
vt 0.400748 0.165598
vt 0.415173 0.213194
vt 0.410537 0.209036
vt 0.414143 0.266548
vt 0.398688 0.208524
vt 0.397142 0.203214
vt 0.394051 0.203534
vt 0.398173 0.168668
vt 0.395081 0.168284
vt 0.397142 0.165917
vt 0.399203 0.273202
vt 0.410021 0.270643
vt 0.398173 0.270771
vt 0.399203 0.480989
vt 0.398173 0.483548
vt 0.396112 0.276144
vt 0.393021 0.275761
vt 0.396112 0.478174
vt 0.393021 0.478430
vt 0.067975 0.030413
vt 0.065404 0.032968
vt 0.068489 0.033479
vt 0.071061 0.029902
vt 0.071575 0.032968
vt 0.064889 0.068221
vt 0.067975 0.067710
vt 0.070547 0.070776
vt 0.069518 0.072819
vt 0.083918 0.030413
vt 0.083918 0.033479
vt 0.081347 0.073330
vt 0.083404 0.071287
vt 0.089575 0.030413
vt 0.089575 0.033479
vt 0.085461 0.077418
vt 0.088547 0.076907
vt 0.106033 0.030924
vt 0.105519 0.033479
vt 0.108604 0.033479
vt 0.105004 0.076907
vt 0.108090 0.076907
vt 0.104490 0.131575
vt 0.107576 0.131575
vt 0.088033 0.131575
vt 0.084947 0.131064
vt 0.088033 0.350760
vt 0.104490 0.350760
vt 0.107576 0.350760
vt 0.082375 0.137195
vt 0.082375 0.345140
vt 0.108090 0.405428
vt 0.070032 0.137706
vt 0.080832 0.135152
vt 0.068489 0.135152
vt 0.105004 0.405428
vt 0.108604 0.449367
vt 0.106033 0.451922
vt 0.105519 0.448857
vt 0.089575 0.449367
vt 0.083918 0.449367
vt 0.089575 0.452433
vt 0.083404 0.411559
vt 0.088547 0.405939
vt 0.071575 0.449367
vt 0.070547 0.412070
vt 0.083918 0.452433
vt 0.085461 0.404917
vt 0.084947 0.351782
vt 0.081347 0.409005
vt 0.069518 0.409516
vt 0.070032 0.345140
vt 0.080832 0.347694
vt 0.068489 0.347694
vt 0.066946 0.140261
vt 0.066946 0.342074
vt 0.063861 0.140261
vt 0.063861 0.342585
vt 0.067975 0.415136
vt 0.068489 0.449367
vt 0.064889 0.414625
vt 0.065404 0.449878
vt 0.071061 0.452433
vt 0.067975 0.452433
vt 0.288686 0.031939
vt 0.331910 0.447254
vt 0.328682 0.031173
vt 0.333371 0.447254
vt 0.330176 0.031173
vt 0.334367 0.031173
vt 0.337579 0.447254
vt 0.335845 0.031173
vt 0.375832 0.031173
vt 0.339056 0.447254
vt 0.375961 0.447254
vt 0.375576 0.029896
vt 0.336134 0.029896
vt 0.334688 0.029896
vt 0.334720 0.025557
vt 0.336134 0.025812
vt 0.335909 0.024281
vt 0.375576 0.025812
vt 0.375832 0.024281
vt 0.376989 0.025557
vt 0.376989 0.030152
vt 0.377310 0.031173
vt 0.377374 0.447254
vt 0.381550 0.447254
vt 0.381550 0.031173
vt 0.383027 0.447254
vt 0.383027 0.031173
vt 0.339345 0.448785
vt 0.375704 0.448785
vt 0.337900 0.448785
vt 0.377053 0.448785
vt 0.376989 0.453380
vt 0.375640 0.452870
vt 0.339281 0.452870
vt 0.375897 0.454401
vt 0.337836 0.452870
vt 0.338992 0.454401
vt 0.603212 0.493229
vt 0.604241 0.076508
vt 0.603212 0.076508
vt 0.604241 0.493229
vt 0.608875 0.076508
vt 0.610420 0.493229
vt 0.608875 0.493229
vt 0.650063 0.493229
vt 0.610420 0.076508
vt 0.610420 0.075102
vt 0.650063 0.076508
vt 0.650063 0.075102
vt 0.608875 0.075357
vt 0.608875 0.070882
vt 0.610420 0.071010
vt 0.610420 0.069603
vt 0.650063 0.071010
vt 0.650063 0.069603
vt 0.651608 0.070882
vt 0.651608 0.075357
vt 0.651608 0.493229
vt 0.651608 0.076508
vt 0.655726 0.076508
vt 0.655726 0.493229
vt 0.657271 0.076508
vt 0.697429 0.493229
vt 0.657271 0.493229
vt 0.610420 0.494764
vt 0.650063 0.494764
vt 0.651608 0.494764
vt 0.650063 0.498855
vt 0.651608 0.499367
vt 0.608875 0.494764
vt 0.608875 0.499367
vt 0.650063 0.500390
vt 0.610420 0.498855
vt 0.610420 0.500390
vt 0.119540 0.458312
vt 0.156096 0.874666
vt 0.154551 0.457289
vt 0.157640 0.874154
vt 0.155581 0.457289
vt 0.160215 0.457289
vt 0.161759 0.874154
vt 0.161245 0.457289
vt 0.196256 0.457800
vt 0.163304 0.874154
vt 0.196771 0.875177
vt 0.196256 0.456522
vt 0.161759 0.456010
vt 0.197800 0.456777
vt 0.197800 0.458056
vt 0.197800 0.875177
vt 0.196256 0.452430
vt 0.197800 0.452174
vt 0.196771 0.451151
vt 0.161759 0.450384
vt 0.161759 0.451918
vt 0.160730 0.451662
vt 0.160215 0.456010
vt 0.201919 0.458056
vt 0.203464 0.875177
vt 0.203464 0.457800
vt 0.163304 0.875689
vt 0.196256 0.876200
vt 0.161759 0.875689
vt 0.197800 0.876200
vt 0.197285 0.880804
vt 0.196256 0.880292
vt 0.163304 0.879781
vt 0.196256 0.881827
vt 0.162789 0.881315
vt 0.161759 0.880292
vt 0.600820 0.549279
vt 0.602361 0.133466
vt 0.600820 0.133466
vt 0.602361 0.549279
vt 0.606468 0.133466
vt 0.608008 0.549279
vt 0.606468 0.549279
vt 0.648054 0.549279
vt 0.608008 0.133466
vt 0.608008 0.132064
vt 0.648054 0.133466
vt 0.647541 0.132064
vt 0.606981 0.132255
vt 0.608008 0.127983
vt 0.606981 0.127728
vt 0.608008 0.126581
vt 0.647541 0.127983
vt 0.648054 0.126581
vt 0.649081 0.127728
vt 0.649081 0.132255
vt 0.649595 0.549279
vt 0.649595 0.133466
vt 0.653702 0.133466
vt 0.653702 0.549279
vt 0.655242 0.133466
vt 0.695288 0.549279
vt 0.655242 0.549279
vt 0.608008 0.550809
vt 0.647541 0.550809
vt 0.649081 0.550554
vt 0.647541 0.554890
vt 0.649081 0.554890
vt 0.606981 0.550554
vt 0.608008 0.554890
vt 0.606981 0.554890
vt 0.648054 0.556165
vt 0.608008 0.556165
vt 0.435271 0.456154
vt 0.433729 0.872362
vt 0.435271 0.872362
vt 0.433729 0.456154
vt 0.429616 0.872362
vt 0.428074 0.456154
vt 0.429616 0.456154
vt 0.428074 0.872362
vt 0.391576 0.456664
vt 0.391576 0.872873
vt 0.428074 0.454877
vt 0.392090 0.455132
vt 0.429102 0.454877
vt 0.429102 0.450536
vt 0.428074 0.449259
vt 0.428074 0.450791
vt 0.392090 0.451047
vt 0.391576 0.449770
vt 0.390548 0.450791
vt 0.390548 0.455388
vt 0.390034 0.456664
vt 0.390034 0.872873
vt 0.385921 0.456664
vt 0.385921 0.872873
vt 0.384379 0.872873
vt 0.384379 0.456664
vt 0.347881 0.872362
vt 0.427560 0.873894
vt 0.391576 0.874405
vt 0.429102 0.873894
vt 0.429102 0.877980
vt 0.427560 0.877980
vt 0.390548 0.873894
vt 0.391576 0.878490
vt 0.428074 0.879512
vt 0.390548 0.878490
vt 0.391576 0.879512
vt 0.575238 0.032039
vt 0.619221 0.447494
vt 0.615238 0.031237
vt 0.620635 0.447494
vt 0.616732 0.031213
vt 0.620924 0.031173
vt 0.624843 0.447494
vt 0.622401 0.031173
vt 0.662393 0.031245
vt 0.626352 0.447494
vt 0.662522 0.447494
vt 0.622690 0.029761
vt 0.662136 0.029833
vt 0.621245 0.029977
vt 0.622690 0.025693
vt 0.621277 0.025453
vt 0.622433 0.024281
vt 0.662136 0.025764
vt 0.662393 0.024360
vt 0.663549 0.025541
vt 0.663549 0.030057
vt 0.663871 0.031245
vt 0.663935 0.447494
vt 0.668175 0.447494
vt 0.668111 0.031245
vt 0.669588 0.447494
vt 0.669588 0.031241
vt 0.662265 0.449026
vt 0.626609 0.448770
vt 0.663614 0.448770
vt 0.663549 0.453365
vt 0.662200 0.453110
vt 0.625164 0.448770
vt 0.626481 0.452855
vt 0.662457 0.454387
vt 0.625067 0.453110
vt 0.626160 0.454387
vt 0.597360 0.455984
vt 0.556291 0.871764
vt 0.594660 0.872275
vt 0.598838 0.455984
vt 0.596139 0.872275
vt 0.603080 0.455984
vt 0.601859 0.872275
vt 0.600380 0.872275
vt 0.604494 0.455984
vt 0.640228 0.872275
vt 0.640356 0.455984
vt 0.602180 0.873807
vt 0.639971 0.873807
vt 0.600702 0.873807
vt 0.600766 0.877894
vt 0.601923 0.879426
vt 0.602180 0.877894
vt 0.640228 0.879426
vt 0.639971 0.877894
vt 0.641385 0.877894
vt 0.641385 0.873807
vt 0.641642 0.872275
vt 0.641770 0.455984
vt 0.645884 0.872275
vt 0.646012 0.455984
vt 0.647297 0.455984
vt 0.647297 0.872275
vt 0.604751 0.454707
vt 0.603401 0.454707
vt 0.603465 0.450366
vt 0.604879 0.450621
vt 0.641385 0.454707
vt 0.640099 0.454452
vt 0.640099 0.450366
vt 0.641385 0.450366
vt 0.604622 0.449089
vt 0.640356 0.449089
vt 0.444586 0.592282
vt 0.404643 0.176204
vt 0.404643 0.592282
vt 0.403101 0.176204
vt 0.398863 0.592282
vt 0.403101 0.592282
vt 0.397450 0.176204
vt 0.398863 0.176204
vt 0.397450 0.592282
vt 0.357379 0.176204
vt 0.357379 0.592282
vt 0.357635 0.593813
vt 0.397193 0.593813
vt 0.398606 0.593558
vt 0.398606 0.597896
vt 0.397065 0.597896
vt 0.397322 0.599172
vt 0.357764 0.597896
vt 0.357507 0.599172
vt 0.356223 0.597896
vt 0.356223 0.593558
vt 0.355966 0.176204
vt 0.355966 0.592282
vt 0.351727 0.592282
vt 0.350186 0.176204
vt 0.350186 0.592282
vt 0.357635 0.174800
vt 0.397193 0.174800
vt 0.356223 0.174992
vt 0.398606 0.174992
vt 0.398606 0.170462
vt 0.356223 0.170462
vt 0.357764 0.170717
vt 0.357507 0.169314
vt 0.397065 0.170717
vt 0.397322 0.169314
vt 0.901796 0.031049
vt 0.866700 0.447267
vt 0.900703 0.447267
vt 0.903274 0.031177
vt 0.902053 0.447778
vt 0.907516 0.031177
vt 0.907645 0.447778
vt 0.906295 0.447778
vt 0.908995 0.031177
vt 0.941455 0.447778
vt 0.949040 0.031177
vt 0.948655 0.029772
vt 0.909252 0.029772
vt 0.907838 0.029900
vt 0.942870 0.447778
vt 0.950454 0.031177
vt 0.947112 0.447778
vt 0.954697 0.031177
vt 0.956111 0.031305
vt 0.948526 0.447778
vt 0.941198 0.448800
vt 0.907902 0.448800
vt 0.942612 0.448800
vt 0.906616 0.448800
vt 0.906681 0.453398
vt 0.907902 0.452887
vt 0.941198 0.452887
vt 0.907709 0.454419
vt 0.941584 0.454419
vt 0.942741 0.453398
vt 0.950197 0.029900
vt 0.950197 0.025430
vt 0.909316 0.025685
vt 0.948912 0.024281
vt 0.948655 0.025685
vt 0.909059 0.024281
vt 0.907838 0.025430
vt 0.425377 0.031111
vt 0.384186 0.447026
vt 0.424221 0.447536
vt 0.426984 0.031111
vt 0.425699 0.447536
vt 0.431353 0.031175
vt 0.431418 0.447536
vt 0.429940 0.447536
vt 0.432510 0.031175
vt 0.471324 0.447536
vt 0.471324 0.031175
vt 0.433153 0.029835
vt 0.431803 0.029962
vt 0.432896 0.025430
vt 0.434310 0.025749
vt 0.472866 0.447536
vt 0.472866 0.031175
vt 0.434181 0.024281
vt 0.477107 0.031175
vt 0.478521 0.447536
vt 0.478521 0.031175
vt 0.471067 0.025685
vt 0.471324 0.024281
vt 0.472481 0.025430
vt 0.471067 0.029771
vt 0.472609 0.029962
vt 0.471067 0.448813
vt 0.431675 0.448813
vt 0.472609 0.448813
vt 0.430261 0.448813
vt 0.431675 0.452899
vt 0.430261 0.453154
vt 0.472481 0.453154
vt 0.471067 0.452899
vt 0.471324 0.454431
vt 0.431418 0.454431
vt 0.581876 0.457791
vt 0.541255 0.873090
vt 0.578277 0.874623
vt 0.582905 0.457791
vt 0.583933 0.874623
vt 0.587533 0.457791
vt 0.585476 0.874623
vt 0.588561 0.457791
vt 0.622498 0.873601
vt 0.623012 0.457280
vt 0.622498 0.875134
vt 0.585476 0.875644
vt 0.622498 0.455747
vt 0.588561 0.456513
vt 0.624041 0.875134
vt 0.623527 0.879731
vt 0.622498 0.879220
vt 0.624041 0.873601
vt 0.624041 0.457280
vt 0.624041 0.456003
vt 0.628668 0.457280
vt 0.629697 0.457280
vt 0.628154 0.873601
vt 0.629697 0.873601
vt 0.623526 0.451661
vt 0.622498 0.450384
vt 0.622498 0.451916
vt 0.588561 0.450894
vt 0.588561 0.452427
vt 0.587533 0.456769
vt 0.587533 0.452171
vt 0.622498 0.880753
vt 0.585476 0.879731
vt 0.584448 0.875644
vt 0.584448 0.880242
vt 0.585476 0.881263
vt 0.203964 0.448088
vt 0.163813 0.031184
vt 0.163813 0.448088
vt 0.162783 0.031184
vt 0.158150 0.448088
vt 0.162783 0.448088
vt 0.157121 0.031184
vt 0.158150 0.031184
vt 0.157121 0.448088
vt 0.116970 0.031184
vt 0.116970 0.448088
vt 0.116970 0.449622
vt 0.156606 0.449622
vt 0.158150 0.449367
vt 0.158150 0.453713
vt 0.156606 0.453713
vt 0.156606 0.454992
vt 0.116970 0.453713
vt 0.116970 0.454992
vt 0.115425 0.453713
vt 0.115425 0.449367
vt 0.115425 0.031184
vt 0.115425 0.448088
vt 0.111307 0.448088
vt 0.109763 0.031184
vt 0.109763 0.448088
vt 0.116970 0.029778
vt 0.156606 0.029778
vt 0.115425 0.029970
vt 0.158150 0.029970
vt 0.158150 0.025431
vt 0.115425 0.025431
vt 0.116970 0.025687
vt 0.116970 0.024281
vt 0.156606 0.025687
vt 0.156606 0.024281
vt 0.900233 0.456093
vt 0.914120 0.872724
vt 0.904348 0.456030
vt 0.908463 0.872724
vt 0.912577 0.872724
vt 0.906920 0.872724
vt 0.898690 0.456093
vt 0.866801 0.872724
vt 0.906920 0.874257
vt 0.867315 0.874257
vt 0.907948 0.874002
vt 0.906920 0.878345
vt 0.907948 0.878345
vt 0.906920 0.879623
vt 0.867315 0.878345
vt 0.866801 0.879623
vt 0.865772 0.878345
vt 0.865772 0.874002
vt 0.865258 0.872724
vt 0.865258 0.456093
vt 0.864229 0.456093
vt 0.861143 0.872724
vt 0.858571 0.456157
vt 0.859600 0.872724
vt 0.825653 0.456349
vt 0.819996 0.872980
vt 0.898176 0.454752
vt 0.899719 0.454944
vt 0.899204 0.450409
vt 0.865772 0.454688
vt 0.864229 0.454944
vt 0.905891 0.455966
vt 0.898176 0.450664
vt 0.865772 0.450664
vt 0.898176 0.449259
vt 0.865258 0.449259
vt 0.864229 0.450409
vt 0.113581 0.395427
vt 0.152749 0.810795
vt 0.148640 0.394729
vt 0.154290 0.810795
vt 0.150052 0.394709
vt 0.158400 0.810795
vt 0.154162 0.394665
vt 0.155574 0.394661
vt 0.190505 0.394657
vt 0.159941 0.810795
vt 0.199879 0.810795
vt 0.190248 0.393258
vt 0.155831 0.393258
vt 0.154547 0.393481
vt 0.154547 0.388960
vt 0.155831 0.389199
vt 0.155574 0.387796
vt 0.190248 0.389199
vt 0.190505 0.387796
vt 0.191660 0.388960
vt 0.191660 0.393481
vt 0.191917 0.394645
vt 0.201420 0.810795
vt 0.196155 0.394557
vt 0.207071 0.810539
vt 0.197568 0.394502
vt 0.199622 0.812070
vt 0.160197 0.812070
vt 0.200907 0.811815
vt 0.158785 0.811815
vt 0.158785 0.816408
vt 0.200907 0.816408
vt 0.199622 0.816153
vt 0.199879 0.817684
vt 0.160197 0.816153
vt 0.159941 0.817684
vt 0.062702 0.407452
vt 0.062702 0.547186
vt 0.062702 1.013138
vt 0.450373 0.768837
vt 0.326665 0.503010
vt 0.049063 0.432506
vt 0.049063 0.550285
vt 0.055303 1.013138
vt 0.041665 0.432506
vt 0.041665 0.550285
vt 0.047904 1.013138
vt 0.294933 0.448275
vt 0.697429 0.076508
vt 0.122629 0.875177
vt 0.202434 0.875177
vt 0.695288 0.133466
vt 0.347881 0.456154
vt 0.582867 0.448260
vt 0.561561 0.455473
vt 0.444586 0.176204
vt 0.351727 0.176204
vt 0.861750 0.030922
vt 0.388234 0.030792
vt 0.477107 0.447536
vt 0.547425 0.456769
vt 0.579820 0.874623
vt 0.203964 0.031184
vt 0.111307 0.031184
vt 0.859600 0.456157
vt 0.905082 0.454941
vt 0.112682 0.811560
vt 0.205530 0.810539
s 1
usemtl mat_garage_wood
f 2/1/1 4/2/1 1/3/1
f 5/4/1 3/5/1 2/1/1
f 7/6/1 6/7/1 5/4/1
f 9/8/1 8/9/1 7/6/1
f 9/8/2 12/10/2 10/11/2
f 11/12/3 14/13/3 12/10/3
f 13/14/4 16/15/4 14/13/4
f 18/16/5 15/17/5 17/18/5
f 17/18/4 20/19/4 18/16/4
f 19/20/3 22/21/3 20/19/3
f 21/22/6 24/23/6 22/21/6
f 23/24/1 26/25/1 24/23/1
f 25/26/6 28/27/6 26/25/6
f 27/28/3 30/29/3 28/27/3
f 30/29/4 32/30/4 31/31/4
f 34/32/5 32/30/5 33/33/5
f 35/34/4 34/32/4 33/33/4
f 35/34/3 38/35/3 36/36/3
f 39/37/6 38/35/6 37/38/6
f 41/39/1 40/40/1 39/37/1
f 41/39/6 44/41/6 42/42/6
f 43/43/3 46/44/3 44/41/3
f 46/44/4 47/45/4 48/46/4
f 50/47/7 47/45/7 49/48/7
f 52/49/5 49/48/7 51/50/5
f 54/51/5 51/50/5 53/52/5
f 56/53/5 53/52/5 55/54/5
f 58/55/8 55/54/9 57/56/9
f 57/56/10 60/57/10 58/55/10
f 59/58/10 62/59/10 60/57/10
f 61/60/10 64/61/10 62/59/10
f 63/62/10 66/63/10 64/61/10
f 65/64/10 68/65/10 66/63/10
f 67/66/11 4/67/11 68/65/11
f 47/68/12 45/69/12 69/70/12
f 49/71/13 69/70/13 70/72/14
f 43/73/15 69/70/16 45/69/16
f 71/74/17 70/72/17 69/70/17
f 41/75/18 71/74/19 43/73/19
f 51/76/20 70/72/14 73/77/20
f 39/78/21 72/79/21 41/75/22
f 53/80/13 73/77/20 75/81/13
f 70/72/17 74/82/17 73/77/17
f 37/83/23 74/82/24 39/78/24
f 74/82/17 75/81/17 73/77/17
f 55/84/13 75/81/13 77/85/14
f 55/84/25 77/85/25 57/86/25
f 57/86/26 78/87/26 59/88/26
f 78/87/17 75/81/17 76/89/17
f 59/88/26 79/90/27 61/91/27
f 78/87/17 80/92/17 79/90/17
f 37/83/23 80/92/28 76/89/29
f 79/90/17 82/93/17 81/94/17
f 79/90/27 63/95/27 61/91/27
f 35/96/30 83/97/31 80/92/28
f 80/92/17 84/98/17 82/93/17
f 81/94/27 65/99/26 63/95/27
f 85/100/17 82/93/17 86/101/17
f 85/100/26 67/102/27 65/99/26
f 1/103/32 67/102/32 87/104/32
f 85/100/17 88/105/17 87/104/17
f 88/105/33 1/103/34 87/104/34
f 2/106/33 89/107/34 5/108/34
f 88/105/17 90/109/17 89/107/17
f 90/109/17 92/110/17 89/107/17
f 5/108/34 92/110/33 7/111/33
f 19/112/30 90/109/35 86/101/36
f 19/112/30 82/93/29 21/113/23
f 17/114/37 91/115/37 90/109/37
f 21/113/23 84/98/24 23/116/24
f 15/117/38 93/118/39 91/115/38
f 92/110/17 93/118/17 94/119/17
f 13/120/40 94/119/40 93/118/40
f 7/111/33 94/119/33 9/121/33
f 9/121/41 94/119/41 11/122/41
f 23/116/42 95/123/43 25/124/42
f 95/123/17 83/97/17 96/125/17
f 33/126/44 96/125/44 83/97/44
f 97/127/45 25/124/45 95/123/46
f 95/123/17 98/128/17 97/127/17
f 32/129/47 98/128/47 96/125/47
f 98/128/48 27/130/48 97/127/48
f 48/131/49 99/132/49 46/133/49
f 50/134/50 99/132/51 48/131/52
f 99/132/53 44/135/54 46/133/55
f 100/136/56 101/137/56 99/132/56
f 101/137/57 42/138/57 44/135/57
f 52/139/58 100/136/58 50/134/50
f 102/140/59 40/141/59 42/138/60
f 54/142/51 103/143/50 52/139/58
f 104/144/56 100/136/56 103/143/56
f 104/144/61 38/145/62 40/141/61
f 105/146/56 104/144/56 103/143/56
f 56/147/51 105/146/51 54/142/51
f 56/147/63 58/148/63 107/149/63
f 58/148/64 108/150/64 107/149/64
f 108/150/56 105/146/56 107/149/56
f 60/151/65 109/152/66 108/150/64
f 110/153/56 108/150/56 109/152/56
f 38/145/62 110/153/67 36/154/68
f 110/153/56 111/155/56 112/156/56
f 62/157/66 111/155/66 109/152/66
f 36/154/68 113/158/69 34/159/70
f 110/153/56 114/160/56 113/158/56
f 66/161/66 111/155/66 64/162/66
f 34/159/71 116/163/72 31/164/72
f 68/165/66 115/166/66 66/161/66
f 4/167/73 117/168/73 68/165/73
f 118/169/74 4/167/75 3/170/74
f 115/166/56 118/169/56 119/171/56
f 115/166/56 112/156/56 111/155/56
f 120/172/75 3/170/74 6/173/75
f 121/174/56 118/169/56 120/172/56
f 122/175/56 121/174/56 120/172/56
f 122/175/74 6/173/75 8/176/74
f 20/177/76 112/156/77 119/171/78
f 121/174/69 20/177/76 119/171/78
f 123/178/79 18/179/79 121/174/79
f 113/158/56 124/180/56 116/163/56
f 22/181/80 114/160/61 112/156/77
f 24/182/60 124/180/81 114/160/60
f 126/183/56 124/180/56 125/184/56
f 126/183/82 31/164/82 116/163/82
f 126/183/83 28/185/83 30/186/83
f 26/187/84 125/184/85 124/180/84
f 128/188/56 122/175/56 127/189/56
f 128/188/86 16/190/87 123/178/87
f 127/189/88 14/191/89 128/188/89
f 127/189/74 8/176/74 10/192/74
f 10/192/90 12/193/90 127/189/90
f 131/194/1 132/195/1 129/196/1
f 130/197/1 188/198/1 132/195/1
f 237/199/1 191/200/1 188/198/1
f 240/201/1 200/202/1 191/200/1
f 255/203/2 200/202/2 256/204/2
f 199/205/3 253/206/3 197/207/3
f 134/208/4 197/207/4 253/206/4
f 133/209/5 242/210/5 192/211/5
f 192/211/4 241/212/4 135/213/4
f 135/213/3 137/214/3 136/215/3
f 136/215/6 245/216/6 195/217/6
f 195/217/1 247/218/1 202/219/1
f 202/219/6 250/220/6 206/221/2
f 206/221/3 249/222/3 208/223/3
f 204/224/4 249/222/4 138/225/4
f 204/224/5 228/226/5 139/227/5
f 228/226/4 177/228/4 139/227/4
f 177/228/3 141/229/3 168/230/3
f 141/229/6 142/231/6 168/230/6
f 216/232/1 163/233/1 142/231/1
f 144/234/6 163/233/6 214/235/6
f 143/236/3 146/237/3 145/238/3
f 146/237/4 158/239/4 145/238/4
f 158/239/7 211/240/7 160/241/7
f 160/241/7 147/242/5 164/243/5
f 164/243/5 149/244/5 148/245/5
f 148/245/5 151/246/5 150/247/5
f 150/247/9 153/248/9 152/249/9
f 152/249/10 154/250/10 172/251/10
f 172/251/10 155/252/10 174/253/10
f 174/253/10 226/254/10 179/255/10
f 179/255/10 157/256/10 156/257/10
f 156/257/10 233/258/10 185/259/10
f 131/260/11 185/259/91 233/258/11
f 158/261/49 159/262/49 145/263/49
f 160/264/51 159/262/51 158/261/52
f 143/265/92 159/262/93 162/266/93
f 162/266/56 161/267/56 165/268/56
f 163/269/57 162/266/94 165/268/57
f 164/270/58 161/267/58 160/264/51
f 142/271/60 165/268/95 167/272/59
f 148/273/51 166/274/58 164/270/58
f 161/267/56 167/272/56 165/268/56
f 168/275/80 167/272/96 170/276/97
f 167/272/56 169/277/56 170/276/56
f 150/278/51 169/277/51 148/273/51
f 150/278/63 152/279/63 171/280/63
f 173/281/65 152/279/64 172/282/65
f 173/281/56 169/277/56 171/280/56
f 175/283/66 172/282/65 174/284/66
f 176/285/56 173/281/56 175/283/56
f 168/275/80 176/285/67 177/286/76
f 178/287/56 176/285/56 175/283/56
f 178/287/66 174/284/66 179/288/66
f 177/286/76 180/289/70 139/290/70
f 194/291/56 176/285/56 181/292/56
f 178/287/66 156/293/64 182/294/64
f 181/292/56 182/294/56 183/295/56
f 182/294/64 185/296/66 184/297/66
f 129/298/73 184/297/73 185/296/73
f 182/294/56 186/299/56 183/295/56
f 186/299/74 129/298/75 132/300/74
f 187/301/75 132/300/74 188/302/75
f 186/299/56 189/303/56 183/295/56
f 189/303/56 190/304/56 193/305/56
f 190/304/74 188/302/75 191/306/74
f 135/307/76 189/303/69 192/308/69
f 181/292/98 135/307/76 136/309/62
f 192/308/79 193/305/79 133/310/79
f 136/309/62 194/291/61 181/292/98
f 133/310/99 196/311/87 197/312/87
f 190/304/56 196/311/56 193/305/56
f 197/312/89 198/313/89 199/314/100
f 198/313/74 191/306/74 200/315/74
f 200/315/101 199/314/101 198/313/101
f 201/316/60 195/317/102 202/318/60
f 180/289/56 201/316/56 203/319/56
f 139/290/71 203/319/72 204/320/72
f 205/321/103 202/318/84 206/322/84
f 201/316/56 207/323/56 203/319/56
f 204/320/82 207/323/104 208/324/104
f 207/323/83 206/322/83 208/324/83
f 209/325/105 146/326/105 210/327/105
f 211/328/13 210/327/13 212/329/20
f 210/327/16 144/330/106 213/331/16
f 212/329/17 213/331/17 215/332/17
f 213/331/107 214/333/19 215/332/19
f 147/334/20 212/329/20 217/335/20
f 215/332/22 216/336/22 218/337/22
f 149/338/13 217/335/20 219/339/13
f 218/337/17 212/329/17 215/332/17
f 218/337/108 141/340/23 220/341/109
f 219/339/17 218/337/17 220/341/17
f 151/342/13 219/339/13 221/343/13
f 151/342/25 221/343/25 153/344/25
f 153/344/26 222/345/26 154/346/26
f 222/345/17 219/339/17 220/341/17
f 154/346/26 223/347/27 155/348/27
f 222/345/17 224/349/17 223/347/17
f 224/349/28 141/340/23 140/350/30
f 223/347/17 229/351/17 225/352/17
f 155/348/27 225/352/27 226/353/27
f 140/350/30 227/354/31 224/349/28
f 224/349/17 244/355/17 229/351/17
f 225/352/27 157/356/26 226/353/27
f 231/357/44 228/358/110 138/359/44
f 230/360/26 233/361/27 157/356/26
f 131/362/32 233/361/32 232/363/32
f 234/364/33 131/362/34 232/363/34
f 230/360/17 234/364/17 232/363/17
f 229/351/17 230/360/17 225/352/17
f 236/365/34 130/366/33 234/364/33
f 238/367/17 234/364/17 235/368/17
f 239/369/17 238/367/17 243/370/17
f 239/369/33 237/371/34 236/365/34
f 241/372/30 229/351/111 137/373/112
f 238/367/35 241/372/30 242/374/35
f 243/370/37 242/374/37 134/375/37
f 244/355/17 231/357/17 246/376/17
f 137/373/112 244/355/113 245/377/24
f 245/377/21 246/376/43 247/378/114
f 246/376/17 248/379/17 251/380/17
f 248/379/115 138/359/47 249/381/116
f 248/379/48 250/382/48 251/380/48
f 247/378/117 251/380/46 250/382/45
f 239/369/17 252/383/17 254/384/17
f 252/383/38 134/375/39 253/385/38
f 254/384/118 253/385/40 255/386/118
f 240/387/33 254/384/33 256/388/33
f 256/388/119 254/384/119 255/386/119
f 259/389/1 260/390/1 257/391/1
f 258/392/1 316/393/1 260/390/1
f 365/394/1 319/395/1 316/393/1
f 368/396/1 328/397/1 319/395/1
f 383/398/2 328/397/2 384/399/2
f 327/400/3 381/401/3 325/402/3
f 262/403/4 325/402/4 381/401/4
f 261/404/5 370/405/5 320/406/5
f 320/406/4 369/407/4 263/408/120
f 263/408/3 265/409/3 264/410/3
f 264/410/6 373/411/6 323/412/6
f 323/412/1 375/413/1 330/414/1
f 330/414/6 378/415/6 334/416/6
f 334/416/3 377/417/3 336/418/3
f 332/419/4 377/417/4 266/420/4
f 332/419/5 356/421/5 267/422/5
f 356/421/4 305/423/4 267/422/4
f 305/423/3 269/424/3 296/425/3
f 269/424/6 270/426/6 296/425/6
f 344/427/1 291/428/1 270/426/1
f 272/429/6 291/428/6 342/430/6
f 271/431/3 274/432/3 273/433/3
f 274/432/4 286/434/4 273/433/4
f 286/434/7 339/435/7 288/436/7
f 288/436/7 275/437/5 292/438/5
f 292/438/5 277/439/5 276/440/5
f 276/440/5 279/441/5 278/442/5
f 278/442/8 281/443/9 280/444/8
f 280/444/10 282/445/10 300/446/10
f 300/446/10 283/447/10 302/448/10
f 302/448/10 354/449/10 307/450/10
f 307/450/10 285/451/10 284/452/10
f 284/452/10 361/453/10 313/454/10
f 259/455/11 313/454/11 361/453/11
f 286/456/49 287/457/49 273/458/49
f 288/459/51 287/457/51 286/456/52
f 271/460/93 287/457/92 290/461/93
f 290/461/56 289/462/56 293/463/56
f 291/464/57 290/461/57 293/463/57
f 292/465/58 289/462/50 288/459/51
f 270/466/59 293/463/95 295/467/59
f 276/468/51 294/469/50 292/465/58
f 289/462/56 295/467/56 293/463/56
f 296/470/62 295/467/61 298/471/97
f 295/467/56 297/472/56 298/471/56
f 278/473/51 297/472/51 276/468/51
f 278/473/63 280/474/63 299/475/63
f 301/476/65 280/474/64 300/477/65
f 301/476/56 297/472/56 299/475/56
f 303/478/66 300/477/65 302/479/66
f 304/480/56 301/476/56 303/478/56
f 296/470/62 304/480/67 305/481/68
f 306/482/56 304/480/56 303/478/56
f 306/482/66 302/479/66 307/483/66
f 305/481/68 308/484/69 267/485/70
f 322/486/56 304/480/56 309/487/56
f 306/482/66 284/488/64 310/489/65
f 309/487/56 310/489/56 311/490/56
f 310/489/65 313/491/66 312/492/66
f 257/493/73 312/492/73 313/491/73
f 310/489/56 314/494/56 311/490/56
f 314/494/74 257/493/75 260/495/74
f 315/496/75 260/495/74 316/497/75
f 314/494/56 317/498/56 311/490/56
f 317/498/56 318/499/56 321/500/56
f 318/499/74 316/497/75 319/501/74
f 263/502/76 317/498/121 320/503/69
f 309/487/77 263/502/76 264/504/122
f 320/503/79 321/500/79 261/505/79
f 264/504/122 322/486/61 309/487/77
f 261/505/123 324/506/99 325/507/87
f 318/499/56 324/506/56 321/500/56
f 325/507/89 326/508/124 327/509/100
f 326/508/74 319/501/74 328/510/74
f 328/510/101 327/509/101 326/508/101
f 329/511/81 323/512/125 330/513/81
f 308/484/56 329/511/56 331/514/56
f 267/485/72 331/514/72 332/515/72
f 333/516/85 330/513/103 334/517/84
f 329/511/56 335/518/56 331/514/56
f 332/515/82 335/518/82 336/519/82
f 335/518/83 334/517/83 336/519/83
f 337/520/12 274/521/12 338/522/12
f 339/523/13 338/522/13 340/524/20
f 338/522/126 272/525/127 341/526/127
f 340/524/17 341/526/17 343/527/17
f 341/526/19 342/528/18 343/527/19
f 275/529/20 340/524/20 345/530/20
f 343/527/21 344/531/128 346/532/43
f 277/533/13 345/530/20 347/534/13
f 346/532/17 340/524/17 343/527/17
f 346/532/24 269/535/23 348/536/29
f 347/534/17 346/532/17 348/536/17
f 279/537/13 347/534/13 349/538/13
f 279/537/25 349/538/25 281/539/25
f 281/539/26 350/540/26 282/541/26
f 350/540/17 347/534/17 348/536/17
f 282/541/26 351/542/27 283/543/27
f 350/540/17 352/544/17 351/542/17
f 352/544/28 269/535/23 268/545/30
f 351/542/17 357/546/17 353/547/17
f 283/543/27 353/547/27 354/548/27
f 268/545/30 355/549/31 352/544/28
f 352/544/17 372/550/17 357/546/17
f 353/547/27 285/551/26 354/548/27
f 359/552/44 356/553/44 266/554/44
f 358/555/26 361/556/27 285/551/26
f 259/557/32 361/556/32 360/558/32
f 362/559/33 259/557/34 360/558/34
f 358/555/17 362/559/17 360/558/17
f 357/546/17 358/555/17 353/547/17
f 364/560/34 258/561/33 362/559/33
f 366/562/17 362/559/17 363/563/17
f 367/564/17 366/562/17 371/565/17
f 367/564/33 365/566/34 364/560/34
f 369/567/129 357/546/29 265/568/23
f 366/562/35 369/567/129 370/569/35
f 371/565/37 370/569/37 262/570/37
f 372/550/17 359/552/17 374/571/17
f 265/568/23 372/550/24 373/572/24
f 373/572/21 374/571/114 375/573/42
f 374/571/17 376/574/17 379/575/17
f 376/574/47 266/554/47 377/576/130
f 376/574/48 378/577/48 379/575/48
f 375/573/117 379/575/45 378/577/45
f 367/564/17 380/578/17 382/579/17
f 380/578/39 262/570/38 381/580/39
f 382/579/131 381/580/40 383/581/118
f 368/582/33 382/579/33 384/583/33
f 384/583/41 382/579/41 383/581/41
f 385/584/10 386/585/10 387/586/10
f 387/586/132 388/587/132 394/588/132
f 388/587/133 389/589/133 394/588/133
f 405/590/134 390/591/135 389/589/135
f 392/592/3 391/593/3 399/594/3
f 390/591/136 397/595/136 393/596/136
f 390/591/137 393/596/137 389/597/137
f 394/598/138 393/596/13 395/599/138
f 387/600/139 394/598/139 395/599/139
f 396/601/17 393/596/17 397/595/17
f 387/600/26 396/601/140 385/602/140
f 385/602/141 396/601/141 402/603/141
f 397/595/34 402/603/34 396/601/34
f 392/592/142 398/604/142 397/595/142
f 398/605/143 399/594/144 400/606/143
f 398/605/145 401/607/146 402/608/146
f 402/608/147 403/609/148 385/610/149
f 399/594/150 404/611/151 406/612/150
f 391/593/152 405/613/152 404/611/152
f 399/594/153 406/612/153 400/614/153
f 401/615/154 406/612/155 407/616/156
f 407/616/56 404/611/56 408/617/56
f 401/615/157 407/616/157 403/618/157
f 408/617/158 405/613/159 388/619/160
f 403/618/64 408/617/161 386/620/161
f 386/620/162 408/617/162 388/619/162
f 410/621/11 411/622/163 426/623/163
f 409/624/1 413/625/1 411/622/1
f 415/626/164 413/625/164 412/627/164
f 421/628/3 414/629/3 415/626/3
f 417/630/165 416/631/166 420/632/166
f 414/629/167 417/630/167 413/633/167
f 411/634/74 417/630/74 418/635/74
f 411/634/168 418/635/168 426/636/168
f 419/637/56 417/630/56 420/632/56
f 418/635/64 425/638/64 426/636/64
f 425/638/169 419/637/169 424/639/169
f 422/640/58 419/637/51 420/632/170
f 416/631/171 422/640/171 420/632/171
f 416/631/120 423/641/120 422/642/120
f 423/641/5 424/643/5 422/642/5
f 428/644/9 425/645/9 424/643/9
f 410/646/10 425/645/10 431/647/10
f 421/628/172 429/648/173 427/649/172
f 421/628/174 427/649/174 423/650/174
f 423/650/13 430/651/138 428/652/138
f 415/626/175 412/653/175 429/648/175
f 409/654/34 429/648/34 412/653/34
f 431/655/176 428/652/176 430/651/176
f 430/651/17 429/648/17 432/656/17
f 431/655/27 432/656/27 410/657/27
f 410/657/177 432/656/177 409/654/177
f 433/658/10 456/659/10 435/660/10
f 435/660/178 455/661/178 446/662/179
f 455/661/180 437/663/180 446/662/180
f 436/664/181 438/665/182 437/663/182
f 440/666/3 439/667/3 442/668/3
f 438/665/136 441/669/173 447/670/136
f 440/666/183 443/671/183 441/669/183
f 443/672/184 442/668/185 448/673/185
f 444/674/186 443/671/187 450/675/188
f 433/676/189 444/674/189 450/675/189
f 435/677/27 444/674/27 433/676/27
f 441/669/17 445/678/17 447/670/17
f 435/677/190 446/679/190 445/678/190
f 447/670/191 446/679/192 437/680/193
f 438/665/194 447/670/194 437/680/194
f 448/673/195 450/681/195 443/672/195
f 450/681/196 434/682/196 433/683/197
f 442/668/198 451/684/166 452/685/198
f 439/667/199 436/686/199 451/684/199
f 442/668/200 452/685/200 448/687/200
f 449/688/201 452/685/202 453/689/201
f 453/689/56 451/684/56 454/690/56
f 449/688/203 453/689/203 434/691/203
f 434/691/161 454/690/64 456/692/64
f 454/690/204 436/686/205 455/693/206
f 456/692/207 454/690/207 455/693/207
f 457/694/163 463/695/163 465/696/163
f 478/697/1 458/698/1 463/695/1
f 460/699/6 458/698/6 477/700/6
f 471/701/3 459/702/3 460/699/3
f 462/703/198 461/704/198 469/705/208
f 459/702/209 462/703/209 458/706/209
f 458/706/74 464/707/74 463/708/74
f 463/708/168 464/707/168 465/709/168
f 466/710/56 462/703/56 469/705/56
f 465/709/64 466/710/161 467/711/161
f 467/711/210 466/710/210 468/712/210
f 470/713/58 466/710/51 469/705/58
f 461/704/211 470/713/211 469/705/171
f 461/704/4 474/714/4 470/715/4
f 474/714/5 468/716/5 470/715/5
f 475/717/9 467/718/9 468/716/9
f 457/719/10 467/718/10 472/720/10
f 471/701/136 476/721/136 473/722/136
f 471/701/212 473/722/212 474/723/212
f 474/723/13 479/724/138 475/725/138
f 460/699/213 477/726/213 476/721/213
f 480/727/34 477/726/34 478/728/34
f 472/729/25 475/725/25 479/724/25
f 476/721/17 479/724/17 473/722/17
f 479/724/26 457/730/214 472/729/26
f 457/730/215 480/727/215 478/728/215
f 498/731/216 481/732/216 503/733/216
f 487/734/217 500/735/217 481/732/217
f 483/736/218 500/735/218 486/737/219
f 482/738/3 484/739/3 491/740/3
f 484/739/136 485/741/172 489/742/136
f 483/736/220 486/743/220 485/741/220
f 487/744/221 485/741/222 486/743/221
f 498/745/223 488/746/223 487/744/223
f 489/742/17 488/746/17 490/747/17
f 490/747/27 498/745/140 496/748/27
f 496/748/224 494/749/224 490/747/224
f 490/747/225 493/750/225 489/742/225
f 484/739/226 489/742/226 493/750/226
f 491/740/227 493/751/228 492/752/229
f 492/752/230 494/753/230 495/754/231
f 494/753/232 497/755/232 495/754/232
f 496/756/10 503/757/10 497/755/10
f 499/758/198 491/740/198 501/759/198
f 482/738/233 499/758/233 500/760/233
f 481/761/234 499/758/234 502/762/234
f 491/740/235 492/763/235 501/759/235
f 502/762/56 501/759/56 504/764/56
f 481/761/236 502/762/236 503/765/236
f 504/764/237 492/763/238 495/766/238
f 503/765/66 504/764/66 497/767/66
f 497/767/239 504/764/239 495/766/239
f 505/768/10 506/769/10 514/770/10
f 514/770/240 528/771/240 512/772/240
f 528/771/241 511/773/241 512/772/241
f 525/774/242 507/775/242 511/773/242
f 509/776/3 508/777/3 519/778/3
f 510/779/173 509/776/243 517/780/172
f 507/775/244 510/779/244 511/781/244
f 511/781/13 513/782/13 512/783/245
f 514/784/246 512/783/246 513/782/246
f 515/785/17 510/779/17 517/780/17
f 513/782/27 505/786/247 514/784/27
f 505/786/177 515/785/177 516/787/177
f 518/788/34 515/785/34 517/780/34
f 509/776/248 518/788/248 517/780/248
f 518/789/249 519/778/249 520/790/249
f 518/789/250 523/791/250 516/792/251
f 516/792/252 521/793/252 505/794/253
f 522/795/166 508/777/198 524/796/198
f 519/778/254 522/795/254 520/797/254
f 523/798/255 522/795/255 526/799/255
f 508/777/256 525/800/256 524/796/256
f 526/799/56 524/796/56 527/801/56
f 523/798/257 526/799/257 521/802/257
f 527/801/258 525/800/259 528/803/258
f 521/802/64 527/801/66 506/804/66
f 506/804/260 527/801/260 528/803/260
f 551/805/10 546/806/10 538/807/10
f 538/807/261 529/808/262 551/805/262
f 536/809/263 531/810/263 529/808/263
f 533/811/264 531/810/265 530/812/265
f 532/813/3 534/814/3 542/815/3
f 534/814/166 535/816/198 539/817/166
f 533/811/266 530/818/266 535/816/266
f 536/819/267 535/816/268 530/818/268
f 538/820/269 537/821/269 536/819/269
f 537/821/161 546/822/66 540/823/66
f 539/817/56 537/821/56 540/823/56
f 541/824/270 540/823/270 546/822/270
f 540/823/271 543/825/272 539/817/273
f 534/814/274 539/817/274 543/825/274
f 542/815/275 543/826/275 549/827/276
f 549/827/277 541/828/277 544/829/277
f 545/830/278 541/828/278 546/831/278
f 542/815/279 547/832/136 532/813/136
f 532/813/280 547/832/280 531/833/280
f 529/834/281 547/832/282 550/835/283
f 542/815/284 549/836/284 548/837/284
f 552/838/285 549/836/286 544/839/287
f 550/835/17 548/837/17 552/838/17
f 551/840/288 529/834/288 550/835/288
f 545/841/27 550/835/27 552/838/27
f 545/841/289 552/838/289 544/839/289
f 553/842/10 576/843/10 563/844/10
f 573/845/9 563/844/9 576/843/9
f 573/845/7 559/846/7 562/847/7
f 556/848/290 559/846/290 554/849/290
f 555/850/3 560/851/3 557/852/3
f 565/853/173 555/850/136 557/852/173
f 555/850/291 558/854/291 559/855/291
f 562/856/13 558/854/138 561/857/13
f 563/858/292 562/856/292 561/857/292
f 561/857/17 565/853/17 564/859/17
f 553/860/26 561/857/140 564/859/26
f 553/860/293 564/859/293 569/861/293
f 566/862/34 564/859/34 565/853/34
f 557/852/248 566/862/248 565/853/248
f 557/852/6 567/863/6 566/864/6
f 567/863/294 569/865/294 566/864/294
f 569/865/163 570/866/11 553/867/163
f 571/868/165 556/848/198 572/869/198
f 560/851/295 571/868/295 567/870/295
f 556/848/296 554/871/296 572/869/296
f 573/872/58 572/869/51 554/871/51
f 571/868/297 568/873/74 567/870/297
f 568/873/168 574/874/168 570/875/168
f 571/868/56 575/876/56 574/874/56
f 570/875/298 575/876/299 576/877/299
f 576/877/300 575/876/300 573/872/300
f 577/878/10 578/879/10 580/880/10
f 580/880/301 600/881/301 577/878/301
f 581/882/302 582/883/303 600/881/302
f 584/884/304 582/883/304 592/885/305
f 583/886/3 585/887/3 586/888/3
f 596/889/136 583/886/136 586/888/136
f 583/886/291 587/890/291 582/891/291
f 586/888/306 588/892/307 597/893/306
f 597/893/308 595/894/308 589/895/309
f 579/896/310 595/894/311 578/897/312
f 590/898/198 584/884/165 591/899/165
f 585/887/313 590/898/313 588/900/313
f 584/884/314 592/901/314 591/899/314
f 581/902/315 591/899/316 592/901/316
f 590/898/56 593/903/56 594/904/56
f 580/905/317 593/903/317 581/902/317
f 594/904/64 580/905/64 578/906/64
f 588/900/318 594/904/319 595/907/320
f 595/907/321 594/904/321 578/906/321
f 586/888/213 597/908/213 596/889/213
f 589/909/34 596/889/322 597/908/322
f 596/889/17 599/910/17 587/890/17
f 579/911/177 598/912/177 589/909/177
f 599/910/26 579/911/140 577/913/26
f 600/914/13 587/890/138 599/910/13
f 577/913/323 600/914/323 599/910/323
f 612/915/10 614/916/10 601/917/10
f 609/918/324 601/917/325 602/919/326
f 602/919/327 608/920/327 609/918/327
f 604/921/328 608/920/329 622/922/328
f 603/923/3 605/924/3 606/925/3
f 603/923/330 607/926/331 608/927/332
f 609/928/333 607/926/334 611/929/335
f 606/925/164 620/930/164 610/931/164
f 612/932/336 609/928/333 611/929/335
f 620/930/294 617/933/294 610/931/294
f 617/933/91 614/934/91 616/935/91
f 615/936/27 612/932/27 611/929/27
f 616/937/32 615/936/32 617/938/32
f 618/939/34 617/938/322 615/936/322
f 611/929/337 606/925/338 618/939/339
f 618/939/339 615/936/17 611/929/337
f 606/925/340 610/940/340 618/939/340
f 619/941/208 604/921/150 621/942/150
f 605/924/341 619/941/341 620/943/341
f 604/921/211 622/944/211 621/942/211
f 624/945/51 622/944/58 602/946/51
f 619/941/74 613/947/75 620/943/297
f 613/947/342 623/948/342 614/949/342
f 619/941/56 624/945/56 623/948/56
f 614/949/298 624/945/343 601/950/343
f 601/950/344 624/945/344 602/946/344
f 625/951/10 626/952/10 627/953/10
f 627/953/345 628/954/346 625/951/347
f 628/954/348 629/955/349 643/956/350
f 631/957/351 643/956/352 629/955/351
f 630/958/3 632/959/3 633/960/3
f 634/961/198 631/957/198 646/962/198
f 630/958/173 635/963/136 642/964/173
f 632/959/353 634/961/353 636/965/353
f 638/966/354 634/961/355 645/967/356
f 633/960/357 636/968/358 637/969/359
f 633/960/360 637/970/360 635/963/360
f 636/968/361 640/971/361 637/969/361
f 639/972/362 638/973/362 626/974/362
f 640/975/363 635/963/363 637/970/364
f 639/976/365 641/977/365 640/975/365
f 625/978/27 641/977/140 639/976/140
f 635/963/17 644/979/17 642/964/17
f 630/958/366 642/964/367 643/980/352
f 628/981/348 642/964/368 644/979/369
f 625/978/347 628/981/346 644/979/370
f 638/966/371 645/967/371 626/982/371
f 645/967/56 646/962/56 648/983/56
f 631/957/372 629/984/372 646/962/372
f 648/983/373 629/984/374 647/985/373
f 626/982/64 648/983/66 627/986/66
f 627/986/375 648/983/375 647/985/375
f 661/987/10 672/988/10 659/989/10
f 649/990/376 659/989/376 672/988/376
f 649/990/5 651/991/5 658/992/5
f 653/993/120 651/991/120 650/994/120
f 652/995/3 656/996/3 654/997/3
f 663/998/136 652/995/173 654/997/136
f 652/995/137 655/999/137 651/1000/137
f 658/1001/138 655/999/13 657/1002/138
f 659/1003/377 658/1001/377 657/1002/377
f 657/1002/17 663/998/17 660/1004/17
f 661/1005/27 657/1002/27 660/1004/27
f 661/1005/177 660/1004/177 662/1006/177
f 663/998/34 662/1006/34 660/1004/34
f 654/997/175 664/1007/175 663/998/175
f 654/997/164 666/1008/164 664/1009/164
f 666/1008/1 662/1010/1 664/1009/1
f 662/1010/11 670/1011/11 661/1012/11
f 665/1013/198 653/993/165 667/1014/165
f 656/996/378 665/1013/379 666/1015/378
f 653/993/380 650/1016/380 667/1014/380
f 649/1017/51 667/1014/58 650/1016/58
f 665/1013/74 669/1018/74 666/1015/74
f 669/1018/381 668/1019/381 670/1020/381
f 671/1021/56 665/1013/56 667/1014/56
f 670/1020/64 671/1021/64 672/1022/64
f 672/1022/382 671/1021/382 649/1017/382
f 674/1023/383 673/1024/384 692/1025/384
f 674/1023/383 679/1026/385 682/1027/386
f 674/1023/387 675/1028/388 679/1026/389
f 676/1029/3 677/1030/3 675/1028/3
f 678/1031/198 677/1030/198 685/1032/198
f 675/1028/209 678/1031/209 679/1033/209
f 679/1033/390 681/1034/74 682/1035/74
f 682/1035/168 681/1034/391 673/1036/391
f 683/1037/56 678/1031/56 685/1032/56
f 681/1034/161 689/1038/65 673/1036/161
f 689/1038/210 683/1037/210 684/1039/210
f 685/1032/58 684/1039/51 683/1037/51
f 677/1030/211 686/1040/211 685/1032/211
f 686/1041/392 680/1042/393 687/1043/393
f 687/1043/394 684/1044/395 686/1041/396
f 684/1044/397 690/1045/397 689/1046/398
f 689/1046/10 695/1047/10 673/1048/10
f 691/1049/399 676/1029/399 674/1050/400
f 692/1051/401 691/1049/402 674/1050/402
f 691/1049/338 693/1052/403 680/1042/404
f 680/1042/405 693/1052/405 687/1053/405
f 695/1054/406 692/1025/407 673/1024/408
f 694/1055/409 696/1056/17 693/1052/403
f 696/1056/27 695/1057/27 690/1058/27
f 696/1056/410 687/1053/411 693/1052/411
f 690/1058/412 688/1059/413 696/1056/413
f 713/1060/10 720/1061/10 707/1062/10
f 699/1063/414 707/1062/415 720/1061/416
f 698/1064/417 717/1065/418 700/1066/417
f 717/1065/419 701/1067/419 700/1066/420
f 703/1068/3 702/1069/3 705/1070/3
f 709/1071/172 701/1067/136 703/1068/172
f 701/1067/421 704/1072/421 700/1073/421
f 698/1074/422 704/1072/423 706/1075/424
f 707/1076/425 698/1074/425 706/1075/425
f 708/1077/17 704/1072/17 709/1071/17
f 708/1077/27 707/1076/27 706/1075/27
f 713/1078/426 708/1077/426 712/1079/426
f 710/1080/427 708/1077/427 709/1071/427
f 703/1068/428 710/1080/428 709/1071/428
f 710/1081/429 705/1070/430 715/1082/431
f 715/1082/432 712/1083/432 710/1081/432
f 712/1083/433 697/1084/433 713/1085/433
f 714/1086/198 702/1069/198 716/1087/198
f 705/1070/434 714/1086/434 715/1088/434
f 702/1069/211 717/1089/211 716/1087/211
f 699/1090/58 716/1087/58 717/1089/58
f 714/1086/74 711/1091/435 715/1088/297
f 711/1091/73 718/1092/73 697/1093/73
f 714/1086/56 719/1094/56 718/1092/56
f 697/1093/343 719/1094/64 720/1095/64
f 720/1095/436 719/1094/436 699/1090/436
f 2/1/1 3/5/1 4/2/1
f 5/4/1 6/7/1 3/5/1
f 7/6/1 8/9/1 6/7/1
f 9/8/1 10/11/1 8/9/1
f 9/8/2 11/12/2 12/10/2
f 11/12/3 13/14/3 14/13/3
f 13/14/4 15/17/4 16/15/4
f 18/16/5 16/15/5 15/17/5
f 17/18/4 19/20/4 20/19/4
f 19/20/3 21/22/3 22/21/3
f 21/22/6 23/24/6 24/23/6
f 23/24/1 25/26/1 26/25/1
f 25/26/6 27/28/2 28/27/6
f 27/28/3 29/1096/3 30/29/3
f 30/29/4 29/1096/4 32/30/4
f 34/32/5 31/31/5 32/30/5
f 35/34/4 36/36/4 34/32/4
f 35/34/3 37/38/3 38/35/3
f 39/37/6 40/40/6 38/35/6
f 41/39/1 42/42/1 40/40/1
f 41/39/6 43/43/6 44/41/6
f 43/43/3 45/1097/3 46/44/3
f 46/44/4 45/1097/4 47/45/4
f 50/47/7 48/46/7 47/45/7
f 52/49/5 50/47/7 49/48/7
f 54/51/5 52/49/5 51/50/5
f 56/53/5 54/51/5 53/52/5
f 58/55/8 56/53/8 55/54/9
f 57/56/10 59/58/10 60/57/10
f 59/58/10 61/60/10 62/59/10
f 61/60/10 63/62/10 64/61/10
f 63/62/10 65/64/10 66/63/10
f 65/64/10 67/66/10 68/65/10
f 67/66/11 1/1098/11 4/67/11
f 49/71/13 47/68/245 69/70/13
f 43/73/15 71/74/16 69/70/16
f 71/74/17 72/79/17 70/72/17
f 41/75/18 72/79/19 71/74/19
f 51/76/20 49/71/13 70/72/14
f 39/78/21 74/82/43 72/79/21
f 53/80/13 51/76/20 73/77/20
f 70/72/17 72/79/17 74/82/17
f 37/83/23 76/89/29 74/82/24
f 74/82/17 76/89/17 75/81/17
f 55/84/13 53/80/13 75/81/13
f 57/86/26 77/85/26 78/87/26
f 78/87/17 77/85/17 75/81/17
f 59/88/26 78/87/26 79/90/27
f 78/87/17 76/89/17 80/92/17
f 37/83/23 35/96/30 80/92/28
f 79/90/17 80/92/17 82/93/17
f 79/90/27 81/94/27 63/95/27
f 35/96/30 33/126/31 83/97/31
f 80/92/17 83/97/17 84/98/17
f 81/94/27 85/100/26 65/99/26
f 85/100/17 81/94/17 82/93/17
f 85/100/26 87/104/27 67/102/27
f 85/100/17 86/101/17 88/105/17
f 88/105/33 2/106/33 1/103/34
f 2/106/33 88/105/33 89/107/34
f 88/105/17 86/101/17 90/109/17
f 90/109/17 91/115/17 92/110/17
f 5/108/34 89/107/34 92/110/33
f 19/112/30 17/114/35 90/109/35
f 19/112/30 86/101/36 82/93/29
f 17/114/37 15/117/37 91/115/37
f 21/113/23 82/93/29 84/98/24
f 15/117/38 13/120/39 93/118/39
f 92/110/17 91/115/17 93/118/17
f 13/120/40 11/122/118 94/119/40
f 7/111/33 92/110/33 94/119/33
f 23/116/42 84/98/42 95/123/43
f 95/123/17 84/98/17 83/97/17
f 33/126/44 32/129/44 96/125/44
f 97/127/45 27/130/117 25/124/45
f 95/123/17 96/125/17 98/128/17
f 32/129/47 29/1099/47 98/128/47
f 98/128/48 29/1099/48 27/130/48
f 50/134/50 100/136/58 99/132/51
f 99/132/53 101/137/93 44/135/54
f 100/136/56 102/140/56 101/137/56
f 101/137/57 102/140/57 42/138/57
f 52/139/58 103/143/50 100/136/58
f 102/140/59 104/144/59 40/141/59
f 54/142/51 105/146/51 103/143/50
f 104/144/56 102/140/56 100/136/56
f 104/144/61 106/1100/97 38/145/62
f 105/146/56 106/1100/56 104/144/56
f 56/147/51 107/149/51 105/146/51
f 58/148/64 60/151/65 108/150/64
f 108/150/56 106/1100/56 105/146/56
f 60/151/65 62/157/66 109/152/66
f 110/153/56 106/1100/56 108/150/56
f 38/145/62 106/1100/97 110/153/67
f 110/153/56 109/152/56 111/155/56
f 62/157/66 64/162/66 111/155/66
f 36/154/68 110/153/67 113/158/69
f 110/153/56 112/156/56 114/160/56
f 66/161/66 115/166/66 111/155/66
f 34/159/71 113/158/71 116/163/72
f 68/165/66 117/168/66 115/166/66
f 118/169/74 117/168/75 4/167/75
f 115/166/56 117/168/56 118/169/56
f 115/166/56 119/171/56 112/156/56
f 120/172/75 118/169/74 3/170/74
f 121/174/56 119/171/56 118/169/56
f 122/175/56 123/178/56 121/174/56
f 122/175/74 120/172/75 6/173/75
f 20/177/76 22/181/80 112/156/77
f 121/174/69 18/179/69 20/177/76
f 123/178/79 16/190/79 18/179/79
f 113/158/56 114/160/56 124/180/56
f 22/181/80 24/182/61 114/160/61
f 24/182/60 26/187/81 124/180/81
f 126/183/56 116/163/56 124/180/56
f 126/183/82 30/186/437 31/164/82
f 126/183/83 125/184/83 28/185/83
f 26/187/84 28/185/84 125/184/85
f 128/188/56 123/178/56 122/175/56
f 128/188/86 14/191/87 16/190/87
f 127/189/88 12/193/124 14/191/89
f 127/189/74 122/175/74 8/176/74
f 131/194/1 130/197/1 132/195/1
f 130/197/1 237/199/1 188/198/1
f 237/199/1 240/201/1 191/200/1
f 240/201/1 256/204/1 200/202/1
f 255/203/2 199/205/2 200/202/2
f 199/205/3 255/203/3 253/206/3
f 134/208/4 133/209/4 197/207/4
f 133/209/5 134/208/5 242/210/5
f 192/211/4 242/210/120 241/212/4
f 135/213/3 241/212/3 137/214/3
f 136/215/6 137/214/6 245/216/6
f 195/217/1 245/216/1 247/218/1
f 202/219/6 247/218/6 250/220/6
f 206/221/3 250/220/3 249/222/3
f 204/224/4 208/223/4 249/222/4
f 204/224/5 138/225/5 228/226/5
f 228/226/4 140/1101/4 177/228/4
f 177/228/3 140/1101/3 141/229/3
f 141/229/6 216/232/6 142/231/6
f 216/232/1 214/235/1 163/233/1
f 144/234/6 143/236/6 163/233/6
f 143/236/3 144/234/3 146/237/3
f 146/237/4 209/1102/4 158/239/4
f 158/239/7 209/1102/7 211/240/7
f 160/241/7 211/240/7 147/242/5
f 164/243/5 147/242/5 149/244/5
f 148/245/5 149/244/5 151/246/5
f 150/247/9 151/246/9 153/248/9
f 152/249/10 153/248/10 154/250/10
f 172/251/10 154/250/10 155/252/10
f 174/253/10 155/252/10 226/254/10
f 179/255/10 226/254/10 157/256/10
f 156/257/10 157/256/10 233/258/10
f 131/260/11 129/1103/91 185/259/91
f 160/264/51 161/267/58 159/262/51
f 143/265/92 145/263/93 159/262/93
f 162/266/56 159/262/56 161/267/56
f 163/269/57 143/265/57 162/266/94
f 164/270/58 166/274/58 161/267/58
f 142/271/60 163/269/59 165/268/95
f 148/273/51 169/277/51 166/274/58
f 161/267/56 166/274/56 167/272/56
f 168/275/80 142/271/61 167/272/96
f 167/272/56 166/274/56 169/277/56
f 150/278/51 171/280/51 169/277/51
f 173/281/65 171/280/64 152/279/64
f 173/281/56 170/276/56 169/277/56
f 175/283/66 173/281/65 172/282/65
f 176/285/56 170/276/56 173/281/56
f 168/275/80 170/276/97 176/285/67
f 178/287/56 181/292/56 176/285/56
f 178/287/66 175/283/66 174/284/66
f 177/286/76 176/285/67 180/289/70
f 194/291/56 180/289/56 176/285/56
f 178/287/66 179/288/66 156/293/64
f 181/292/56 178/287/56 182/294/56
f 182/294/64 156/293/64 185/296/66
f 182/294/56 184/297/56 186/299/56
f 186/299/74 184/297/75 129/298/75
f 187/301/75 186/299/74 132/300/74
f 186/299/56 187/301/56 189/303/56
f 189/303/56 187/301/56 190/304/56
f 190/304/74 187/301/75 188/302/75
f 135/307/76 183/295/78 189/303/69
f 181/292/98 183/295/78 135/307/76
f 192/308/79 189/303/438 193/305/79
f 136/309/62 195/317/61 194/291/61
f 133/310/99 193/305/87 196/311/87
f 190/304/56 198/313/56 196/311/56
f 197/312/89 196/311/100 198/313/89
f 198/313/74 190/304/74 191/306/74
f 201/316/60 194/291/102 195/317/102
f 180/289/56 194/291/56 201/316/56
f 139/290/71 180/289/71 203/319/72
f 205/321/103 201/316/103 202/318/84
f 201/316/56 205/321/56 207/323/56
f 204/320/82 203/319/82 207/323/104
f 207/323/83 205/321/83 206/322/83
f 211/328/13 209/325/245 210/327/13
f 210/327/16 146/326/16 144/330/106
f 212/329/17 210/327/17 213/331/17
f 213/331/107 144/330/19 214/333/19
f 147/334/20 211/328/13 212/329/20
f 215/332/22 214/333/22 216/336/22
f 149/338/13 147/334/20 217/335/20
f 218/337/17 217/335/17 212/329/17
f 218/337/108 216/336/24 141/340/23
f 219/339/17 217/335/17 218/337/17
f 151/342/13 149/338/13 219/339/13
f 153/344/26 221/343/26 222/345/26
f 222/345/17 221/343/17 219/339/17
f 154/346/26 222/345/26 223/347/27
f 222/345/17 220/341/17 224/349/17
f 224/349/28 220/341/109 141/340/23
f 223/347/17 224/349/17 229/351/17
f 155/348/27 223/347/27 225/352/27
f 140/350/30 228/358/31 227/354/31
f 224/349/17 227/354/17 244/355/17
f 225/352/27 230/360/26 157/356/26
f 231/357/44 227/354/110 228/358/110
f 230/360/26 232/363/27 233/361/27
f 234/364/33 130/366/33 131/362/34
f 230/360/17 235/368/17 234/364/17
f 229/351/17 235/368/17 230/360/17
f 236/365/34 237/371/34 130/366/33
f 238/367/17 236/365/17 234/364/17
f 239/369/17 236/365/17 238/367/17
f 239/369/33 240/387/33 237/371/34
f 241/372/30 235/368/439 229/351/111
f 238/367/35 235/368/439 241/372/30
f 243/370/37 238/367/440 242/374/37
f 244/355/17 227/354/17 231/357/17
f 137/373/112 229/351/111 244/355/113
f 245/377/21 244/355/21 246/376/43
f 246/376/17 231/357/17 248/379/17
f 248/379/115 231/357/47 138/359/47
f 248/379/48 249/381/48 250/382/48
f 247/378/117 246/376/117 251/380/46
f 239/369/17 243/370/17 252/383/17
f 252/383/38 243/370/38 134/375/39
f 254/384/118 252/383/118 253/385/40
f 240/387/33 239/369/33 254/384/33
f 259/389/1 258/392/1 260/390/1
f 258/392/1 365/394/1 316/393/1
f 365/394/1 368/396/1 319/395/1
f 368/396/1 384/399/1 328/397/1
f 383/398/2 327/400/2 328/397/2
f 327/400/3 383/398/3 381/401/3
f 262/403/4 261/404/4 325/402/4
f 261/404/5 262/403/5 370/405/5
f 320/406/4 370/405/4 369/407/4
f 263/408/3 369/407/3 265/409/3
f 264/410/6 265/409/6 373/411/6
f 323/412/1 373/411/1 375/413/1
f 330/414/6 375/413/6 378/415/6
f 334/416/3 378/415/3 377/417/3
f 332/419/4 336/418/4 377/417/4
f 332/419/5 266/420/5 356/421/5
f 356/421/4 268/1104/4 305/423/4
f 305/423/3 268/1104/3 269/424/3
f 269/424/6 344/427/6 270/426/6
f 344/427/1 342/430/1 291/428/1
f 272/429/6 271/431/6 291/428/6
f 271/431/3 272/429/3 274/432/3
f 274/432/4 337/1105/4 286/434/4
f 286/434/7 337/1105/7 339/435/7
f 288/436/7 339/435/7 275/437/5
f 292/438/5 275/437/5 277/439/5
f 276/440/5 277/439/5 279/441/5
f 278/442/8 279/441/9 281/443/9
f 280/444/10 281/443/10 282/445/10
f 300/446/10 282/445/10 283/447/10
f 302/448/10 283/447/10 354/449/10
f 307/450/10 354/449/10 285/451/10
f 284/452/10 285/451/10 361/453/10
f 259/455/11 257/1106/11 313/454/11
f 288/459/51 289/462/50 287/457/51
f 271/460/93 273/458/92 287/457/92
f 290/461/56 287/457/56 289/462/56
f 291/464/57 271/460/57 290/461/57
f 292/465/58 294/469/50 289/462/50
f 270/466/59 291/464/60 293/463/95
f 276/468/51 297/472/51 294/469/50
f 289/462/56 294/469/56 295/467/56
f 296/470/62 270/466/61 295/467/61
f 295/467/56 294/469/56 297/472/56
f 278/473/51 299/475/51 297/472/51
f 301/476/65 299/475/64 280/474/64
f 301/476/56 298/471/56 297/472/56
f 303/478/66 301/476/65 300/477/65
f 304/480/56 298/471/56 301/476/56
f 296/470/62 298/471/97 304/480/67
f 306/482/56 309/487/56 304/480/56
f 306/482/66 303/478/66 302/479/66
f 305/481/68 304/480/67 308/484/69
f 322/486/56 308/484/56 304/480/56
f 306/482/66 307/483/66 284/488/64
f 309/487/56 306/482/56 310/489/56
f 310/489/65 284/488/64 313/491/66
f 310/489/56 312/492/56 314/494/56
f 314/494/74 312/492/75 257/493/75
f 315/496/75 314/494/74 260/495/74
f 314/494/56 315/496/56 317/498/56
f 317/498/56 315/496/56 318/499/56
f 318/499/74 315/496/75 316/497/75
f 263/502/76 311/490/78 317/498/121
f 309/487/77 311/490/78 263/502/76
f 320/503/79 317/498/79 321/500/79
f 264/504/122 323/512/61 322/486/61
f 261/505/123 321/500/87 324/506/99
f 318/499/56 326/508/56 324/506/56
f 325/507/89 324/506/89 326/508/124
f 326/508/74 318/499/74 319/501/74
f 329/511/81 322/486/60 323/512/125
f 308/484/56 322/486/56 329/511/56
f 267/485/72 308/484/72 331/514/72
f 333/516/85 329/511/84 330/513/103
f 329/511/56 333/516/56 335/518/56
f 332/515/82 331/514/82 335/518/82
f 335/518/83 333/516/83 334/517/83
f 339/523/13 337/520/245 338/522/13
f 338/522/126 274/521/441 272/525/127
f 340/524/17 338/522/17 341/526/17
f 341/526/19 272/525/19 342/528/18
f 275/529/20 339/523/13 340/524/20
f 343/527/21 342/528/43 344/531/128
f 277/533/13 275/529/20 345/530/20
f 346/532/17 345/530/17 340/524/17
f 346/532/24 344/531/24 269/535/23
f 347/534/17 345/530/17 346/532/17
f 279/537/13 277/533/13 347/534/13
f 281/539/26 349/538/26 350/540/26
f 350/540/17 349/538/17 347/534/17
f 282/541/26 350/540/26 351/542/27
f 350/540/17 348/536/17 352/544/17
f 352/544/28 348/536/29 269/535/23
f 351/542/17 352/544/17 357/546/17
f 283/543/27 351/542/27 353/547/27
f 268/545/30 356/553/31 355/549/31
f 352/544/17 355/549/17 372/550/17
f 353/547/27 358/555/26 285/551/26
f 359/552/44 355/549/440 356/553/44
f 358/555/26 360/558/27 361/556/27
f 362/559/33 258/561/33 259/557/34
f 358/555/17 363/563/17 362/559/17
f 357/546/17 363/563/17 358/555/17
f 364/560/34 365/566/34 258/561/33
f 366/562/17 364/560/17 362/559/17
f 367/564/17 364/560/17 366/562/17
f 367/564/33 368/582/33 365/566/34
f 369/567/129 363/563/36 357/546/29
f 366/562/35 363/563/36 369/567/129
f 371/565/37 366/562/37 370/569/37
f 372/550/17 355/549/17 359/552/17
f 265/568/23 357/546/29 372/550/24
f 373/572/21 372/550/114 374/571/114
f 374/571/17 359/552/17 376/574/17
f 376/574/47 359/552/47 266/554/47
f 376/574/48 377/576/48 378/577/48
f 375/573/117 374/571/46 379/575/45
f 367/564/17 371/565/17 380/578/17
f 380/578/39 371/565/38 262/570/38
f 382/579/131 380/578/40 381/580/40
f 368/582/33 367/564/33 382/579/33
f 385/584/10 403/1107/10 386/585/10
f 387/586/132 386/585/132 388/587/132
f 388/587/133 405/590/133 389/589/133
f 405/590/134 391/593/134 390/591/135
f 392/592/3 390/591/3 391/593/3
f 390/591/136 392/592/136 397/595/136
f 394/598/138 389/597/13 393/596/13
f 396/601/17 395/599/17 393/596/17
f 387/600/26 395/599/26 396/601/140
f 397/595/34 398/604/34 402/603/34
f 398/605/143 392/592/143 399/594/144
f 398/605/145 400/606/146 401/607/146
f 402/608/147 401/607/148 403/609/148
f 399/594/150 391/593/150 404/611/151
f 401/615/154 400/614/442 406/612/155
f 407/616/56 406/612/56 404/611/56
f 408/617/158 404/611/443 405/613/159
f 403/618/64 407/616/64 408/617/161
f 410/621/11 409/624/11 411/622/163
f 409/624/1 412/627/1 413/625/1
f 415/626/164 414/629/164 413/625/164
f 421/628/3 416/631/3 414/629/3
f 417/630/165 414/629/165 416/631/166
f 411/634/74 413/633/390 417/630/74
f 419/637/56 418/635/56 417/630/56
f 418/635/64 419/637/64 425/638/64
f 422/640/58 424/639/51 419/637/51
f 416/631/120 421/628/120 423/641/120
f 423/641/5 428/644/5 424/643/5
f 428/644/9 431/647/9 425/645/9
f 410/646/10 426/1108/10 425/645/10
f 421/628/172 415/626/173 429/648/173
f 423/650/13 427/649/13 430/651/138
f 409/654/34 432/656/34 429/648/34
f 430/651/17 427/649/17 429/648/17
f 431/655/27 430/651/27 432/656/27
f 433/658/10 434/1109/10 456/659/10
f 435/660/178 456/659/444 455/661/178
f 455/661/180 436/664/445 437/663/180
f 436/664/181 439/667/181 438/665/182
f 440/666/3 438/665/3 439/667/3
f 438/665/136 440/666/173 441/669/173
f 443/672/184 440/666/185 442/668/185
f 444/674/186 441/669/188 443/671/187
f 435/677/27 445/678/27 444/674/27
f 441/669/17 444/674/17 445/678/17
f 447/670/191 445/678/192 446/679/192
f 448/673/195 449/1110/195 450/681/195
f 450/681/196 449/1110/446 434/682/196
f 442/668/198 439/667/166 451/684/166
f 449/688/201 448/687/202 452/685/202
f 453/689/56 452/685/56 451/684/56
f 434/691/161 453/689/161 454/690/64
f 454/690/204 451/684/447 436/686/205
f 457/694/163 478/697/163 463/695/163
f 478/697/1 477/700/1 458/698/1
f 460/699/6 459/702/6 458/698/6
f 471/701/3 461/704/3 459/702/3
f 462/703/198 459/702/150 461/704/198
f 458/706/74 462/703/390 464/707/74
f 466/710/56 464/707/56 462/703/56
f 465/709/64 464/707/64 466/710/161
f 470/713/58 468/712/51 466/710/51
f 461/704/4 471/701/4 474/714/4
f 474/714/5 475/717/5 468/716/5
f 475/717/9 472/720/9 467/718/9
f 457/719/10 465/1111/10 467/718/10
f 471/701/136 460/699/136 476/721/136
f 474/723/13 473/722/13 479/724/138
f 480/727/34 476/721/34 477/726/34
f 476/721/17 480/727/17 479/724/17
f 479/724/26 480/727/214 457/730/214
f 498/731/216 487/734/216 481/732/216
f 487/734/217 486/737/217 500/735/217
f 483/736/218 482/738/448 500/735/218
f 482/738/3 483/736/3 484/739/3
f 484/739/136 483/736/172 485/741/172
f 487/744/221 488/746/222 485/741/222
f 489/742/17 485/741/17 488/746/17
f 490/747/27 488/746/449 498/745/140
f 490/747/225 494/749/225 493/750/225
f 491/740/227 484/739/450 493/751/228
f 492/752/230 493/751/230 494/753/230
f 494/753/232 496/756/232 497/755/232
f 496/756/10 498/1112/10 503/757/10
f 499/758/198 482/738/198 491/740/198
f 481/761/234 500/760/234 499/758/234
f 502/762/56 499/758/56 501/759/56
f 504/764/237 501/759/237 492/763/238
f 503/765/66 502/762/66 504/764/66
f 505/768/10 521/1113/10 506/769/10
f 514/770/240 506/769/240 528/771/240
f 528/771/241 525/774/241 511/773/241
f 525/774/242 508/777/451 507/775/242
f 509/776/3 507/775/3 508/777/3
f 510/779/173 507/775/173 509/776/243
f 511/781/13 510/779/13 513/782/13
f 515/785/17 513/782/17 510/779/17
f 513/782/27 515/785/26 505/786/247
f 518/788/34 516/787/34 515/785/34
f 518/789/249 509/776/249 519/778/249
f 518/789/250 520/790/250 523/791/250
f 516/792/252 523/791/252 521/793/252
f 522/795/166 519/778/166 508/777/198
f 523/798/255 520/797/255 522/795/255
f 526/799/56 522/795/56 524/796/56
f 527/801/258 524/796/259 525/800/259
f 521/802/64 526/799/64 527/801/66
f 551/805/10 545/1114/10 546/806/10
f 538/807/261 536/809/261 529/808/262
f 536/809/263 530/812/263 531/810/263
f 533/811/264 532/813/452 531/810/265
f 532/813/3 533/811/3 534/814/3
f 534/814/166 533/811/198 535/816/198
f 536/819/267 537/821/453 535/816/268
f 537/821/161 538/820/161 546/822/66
f 539/817/56 535/816/56 537/821/56
f 540/823/271 541/824/454 543/825/272
f 542/815/275 534/814/275 543/826/275
f 549/827/277 543/826/277 541/828/277
f 545/830/278 544/829/278 541/828/278
f 542/815/279 548/837/279 547/832/136
f 529/834/281 531/833/455 547/832/282
f 552/838/285 548/837/456 549/836/286
f 550/835/17 547/832/17 548/837/17
f 545/841/27 551/840/27 550/835/27
f 553/842/10 570/1115/10 576/843/10
f 573/845/9 562/847/9 563/844/9
f 573/845/7 554/849/7 559/846/7
f 556/848/290 555/850/290 559/846/290
f 555/850/3 556/848/3 560/851/3
f 565/853/173 558/854/243 555/850/136
f 562/856/13 559/855/138 558/854/138
f 561/857/17 558/854/17 565/853/17
f 553/860/26 563/858/140 561/857/140
f 566/862/34 569/861/34 564/859/34
f 557/852/6 560/851/6 567/863/6
f 567/863/294 568/1116/294 569/865/294
f 569/865/163 568/1116/11 570/866/11
f 571/868/165 560/851/165 556/848/198
f 573/872/58 575/876/58 572/869/51
f 571/868/297 574/874/74 568/873/74
f 571/868/56 572/869/56 575/876/56
f 570/875/298 574/874/298 575/876/299
f 577/878/10 579/1117/10 578/879/10
f 580/880/301 581/882/301 600/881/301
f 581/882/302 592/885/302 582/883/303
f 584/884/304 583/886/457 582/883/304
f 583/886/3 584/884/3 585/887/3
f 596/889/136 587/890/136 583/886/136
f 586/888/306 585/887/307 588/892/307
f 597/893/308 588/892/458 595/894/308
f 579/896/310 589/895/312 595/894/311
f 590/898/198 585/887/198 584/884/165
f 581/902/315 593/903/315 591/899/316
f 590/898/56 591/899/56 593/903/56
f 594/904/64 593/903/64 580/905/64
f 588/900/318 590/898/459 594/904/319
f 589/909/34 598/912/34 596/889/322
f 596/889/17 598/912/17 599/910/17
f 599/910/26 598/912/449 579/911/140
f 600/914/13 582/891/138 587/890/138
f 612/915/10 616/1118/10 614/916/10
f 609/918/324 612/915/326 601/917/325
f 602/919/327 622/922/460 608/920/327
f 604/921/328 603/923/329 608/920/329
f 603/923/3 604/921/3 605/924/3
f 603/923/330 606/925/461 607/926/331
f 609/928/333 608/927/334 607/926/334
f 606/925/164 605/924/164 620/930/164
f 620/930/294 613/1119/294 617/933/294
f 617/933/91 613/1119/91 614/934/91
f 615/936/27 616/937/27 612/932/27
f 618/939/34 610/940/462 617/938/322
f 611/929/337 607/926/338 606/925/338
f 619/941/208 605/924/208 604/921/150
f 624/945/51 621/942/58 622/944/58
f 619/941/74 623/948/75 613/947/75
f 619/941/56 621/942/56 624/945/56
f 614/949/298 623/948/298 624/945/343
f 625/951/10 639/1120/10 626/952/10
f 627/953/345 647/1121/463 628/954/346
f 628/954/348 647/1121/349 629/955/349
f 631/957/351 630/958/366 643/956/352
f 630/958/3 631/957/3 632/959/3
f 634/961/198 632/959/198 631/957/198
f 630/958/173 633/960/136 635/963/136
f 638/966/354 636/965/464 634/961/355
f 633/960/357 632/959/465 636/968/358
f 636/968/361 638/973/361 640/971/361
f 639/972/362 640/971/362 638/973/362
f 640/975/363 641/977/363 635/963/363
f 625/978/27 644/979/27 641/977/140
f 635/963/17 641/977/17 644/979/17
f 628/981/348 643/980/350 642/964/368
f 645/967/56 634/961/56 646/962/56
f 648/983/373 646/962/466 629/984/374
f 626/982/64 645/967/64 648/983/66
f 661/987/10 670/1122/10 672/988/10
f 649/990/376 658/992/376 659/989/376
f 649/990/5 650/994/5 651/991/5
f 653/993/120 652/995/120 651/991/120
f 652/995/3 653/993/3 656/996/3
f 663/998/136 655/999/173 652/995/173
f 658/1001/138 651/1000/13 655/999/13
f 657/1002/17 655/999/17 663/998/17
f 661/1005/27 659/1003/27 657/1002/27
f 663/998/34 664/1007/34 662/1006/34
f 654/997/164 656/996/164 666/1008/164
f 666/1008/1 669/1123/1 662/1010/1
f 662/1010/11 669/1123/11 670/1011/11
f 665/1013/198 656/996/198 653/993/165
f 649/1017/51 671/1021/51 667/1014/58
f 665/1013/74 668/1019/74 669/1018/74
f 671/1021/56 668/1019/56 665/1013/56
f 670/1020/64 668/1019/64 671/1021/64
f 674/1023/383 682/1027/386 673/1024/384
f 674/1023/387 676/1029/467 675/1028/388
f 676/1029/3 680/1042/3 677/1030/3
f 678/1031/198 675/1028/198 677/1030/198
f 679/1033/390 678/1031/468 681/1034/74
f 683/1037/56 681/1034/56 678/1031/56
f 681/1034/161 683/1037/66 689/1038/65
f 685/1032/58 686/1040/58 684/1039/51
f 686/1041/392 677/1030/392 680/1042/393
f 687/1043/394 688/1124/396 684/1044/395
f 684/1044/397 688/1124/397 690/1045/397
f 689/1046/10 690/1045/10 695/1047/10
f 691/1049/399 680/1042/400 676/1029/399
f 692/1051/401 694/1055/401 691/1049/402
f 691/1049/338 694/1055/409 693/1052/403
f 695/1054/406 694/1125/469 692/1025/407
f 696/1056/27 694/1055/27 695/1057/27
f 696/1056/410 688/1059/470 687/1053/411
f 713/1060/10 697/1126/10 720/1061/10
f 699/1063/414 698/1064/471 707/1062/415
f 698/1064/417 699/1063/418 717/1065/418
f 717/1065/419 702/1069/419 701/1067/419
f 703/1068/3 701/1067/3 702/1069/3
f 709/1071/172 704/1072/136 701/1067/136
f 698/1074/422 700/1073/423 704/1072/423
f 708/1077/17 706/1075/17 704/1072/17
f 708/1077/27 713/1078/27 707/1076/27
f 710/1080/427 712/1079/427 708/1077/427
f 710/1081/429 703/1068/472 705/1070/430
f 715/1082/432 711/1127/432 712/1083/432
f 712/1083/433 711/1127/433 697/1084/433
f 714/1086/198 705/1070/198 702/1069/198
f 699/1090/58 719/1094/58 716/1087/58
f 714/1086/74 718/1092/75 711/1091/435
f 714/1086/56 716/1087/56 719/1094/56
f 697/1093/343 718/1092/343 719/1094/64
o prop_garage_roof
v -2.908276 3.926459 2.989091
v 7.091724 3.926459 2.989091
v -2.908276 3.926459 -3.010909
v 7.091724 3.926459 -3.010909
vn -0.0000 -1.0000 -0.0000
vt 2.788840 -1.788840
vt -1.788840 2.788840
vt 2.788840 2.788840
vt -1.788840 -1.788840
s 1
usemtl mat_garage_wood
f 721/1128/473 724/1129/473 722/1130/473
f 721/1128/473 723/1131/473 724/1129/473
o prop_garage_wooden_beams
v 2.250457 4.055356 -3.010909
v 1.932857 4.055356 -3.010909
v 2.250457 4.055356 2.989091
v 1.932857 4.055356 2.989091
v 1.961638 3.791678 2.989091
v 1.932857 3.820460 2.989091
v 1.932857 3.820460 -3.010909
v 1.961638 3.791678 -3.010909
v 2.221676 3.791678 -3.010909
v 2.250457 3.820460 -3.010909
v 2.250457 3.820460 2.989091
v 2.221676 3.791678 2.989091
vn 0.0993 0.9951 -0.0000
vn -0.0993 0.9951 -0.0000
vn 0.9941 0.1086 -0.0001
vn 1.0000 -0.0000 -0.0000
vn 0.9941 0.1086 -0.0000
vn -0.9941 0.1086 -0.0000
vn -0.9941 0.1086 0.0001
vn -1.0000 -0.0000 -0.0000
vt 0.117457 0.000106
vt 0.024201 0.999894
vt 0.024201 0.000106
vt 0.259642 0.999894
vt 0.171808 0.000106
vt 0.259642 0.000106
vt 0.127779 0.999894
vt 0.117457 0.999894
vt 0.013879 0.000106
vt 0.013879 0.999894
vt 0.506019 0.999894
vt 0.422643 0.000106
vt 0.506019 0.000106
vt 0.171808 0.999894
vt 0.127779 0.000106
vt 0.422643 0.999894
s 1
usemtl mat_garage_wood
f 732/1132/474 736/1133/475 733/1134/475
f 731/1135/476 728/1136/477 730/1137/478
f 732/1132/474 730/1138/478 729/1139/474
f 734/1140/479 736/1133/475 735/1141/480
f 735/1142/480 725/1143/481 734/1144/479
f 732/1132/474 729/1139/474 736/1133/475
f 731/1135/476 726/1145/477 728/1136/477
f 732/1132/474 731/1146/476 730/1138/478
f 734/1140/479 733/1134/475 736/1133/475
f 735/1142/480 727/1147/481 725/1143/481
o prop_garage_wooden_beams.001
v 4.362875 4.055356 -3.010909
v 4.680476 4.055356 -3.010909
v 4.362875 4.055356 2.989091
v 4.680476 4.055356 2.989091
v 4.651694 3.791678 2.989091
v 4.680476 3.820460 2.989091
v 4.680476 3.820460 -3.010909
v 4.651694 3.791678 -3.010909
v 4.391657 3.791678 -3.010909
v 4.362875 3.820460 -3.010909
v 4.362875 3.820460 2.989091
v 4.391657 3.791678 2.989091
vn 0.0993 -0.9951 -0.0000
vn -0.0993 -0.9951 0.0001
vn -0.0993 -0.9951 -0.0000
vn 0.9941 -0.1086 -0.0000
vn 1.0000 -0.0000 -0.0000
vn 0.9941 -0.1086 -0.0001
vn -0.9941 -0.1086 0.0001
vn -0.9941 -0.1086 -0.0000
vn -1.0000 -0.0000 -0.0000
vt 0.117457 0.000106
vt 0.024201 0.999894
vt 0.024201 0.000106
vt 0.259642 0.999894
vt 0.171808 0.000106
vt 0.259642 0.000106
vt 0.127779 0.999894
vt 0.117457 0.999894
vt 0.013879 0.000106
vt 0.013879 0.999894
vt 0.506019 0.999894
vt 0.422643 0.000106
vt 0.506019 0.000106
vt 0.171808 0.999894
vt 0.127779 0.000106
vt 0.422643 0.999894
s 1
usemtl mat_garage_wood
f 744/1148/482 748/1149/483 745/1150/484
f 743/1151/485 740/1152/486 742/1153/487
f 744/1148/482 742/1154/487 741/1155/482
f 746/1156/488 748/1149/483 747/1157/489
f 747/1158/489 737/1159/490 746/1160/488
f 744/1148/482 741/1155/482 748/1149/483
f 743/1151/485 738/1161/486 740/1152/486
f 744/1148/482 743/1162/485 742/1154/487
f 746/1156/488 745/1150/484 748/1149/483
f 747/1158/489 739/1163/490 737/1159/490
o prop_garage_wooden_beams.002
v -0.364832 4.055356 -3.010909
v -0.047231 4.055356 -3.010909
v -0.364832 4.055356 2.989091
v -0.047231 4.055356 2.989091
v -0.076013 3.791678 2.989091
v -0.047231 3.820460 2.989091
v -0.047231 3.820460 -3.010909
v -0.076013 3.791678 -3.010909
v -0.336050 3.791678 -3.010909
v -0.364832 3.820460 -3.010909
v -0.364832 3.820460 2.989091
v -0.336050 3.791678 2.989091
vn 0.0993 -0.9951 -0.0001
vn -0.0993 -0.9951 -0.0000
vn 0.9941 -0.1086 -0.0000
vn 1.0000 -0.0000 -0.0000
vn 0.9941 -0.1086 -0.0001
vn 0.0993 -0.9951 -0.0000
vn -0.9941 -0.1086 0.0001
vn -0.9941 -0.1086 -0.0000
vn -1.0000 -0.0000 -0.0000
vt 0.117457 0.000106
vt 0.024201 0.999894
vt 0.024201 0.000106
vt 0.259642 0.999894
vt 0.171808 0.000106
vt 0.259642 0.000106
vt 0.127779 0.999894
vt 0.117457 0.999894
vt 0.013879 0.000106
vt 0.013879 0.999894
vt 0.506019 0.999894
vt 0.422643 0.000106
vt 0.506019 0.000106
vt 0.171808 0.999894
vt 0.127779 0.000106
vt 0.422643 0.999894
s 1
usemtl mat_garage_wood
f 756/1164/491 760/1165/492 757/1166/492
f 755/1167/493 752/1168/494 754/1169/495
f 756/1164/491 754/1170/495 753/1171/496
f 758/1172/497 760/1165/492 759/1173/498
f 759/1174/498 749/1175/499 758/1176/497
f 756/1164/491 753/1171/496 760/1165/492
f 755/1167/493 750/1177/494 752/1168/494
f 756/1164/491 755/1178/493 754/1170/495
f 758/1172/497 757/1166/492 760/1165/492
f 759/1174/498 751/1179/499 749/1175/499
o prop_garage_wooden_beams.003
v -3.010236 4.055356 -3.010909
v -2.692635 4.055356 -3.010909
v -3.010236 4.055356 2.989091
v -2.692635 4.055356 2.989091
v -2.721417 3.791678 2.989091
v -2.692635 3.820460 2.989091
v -2.692635 3.820460 -3.010909
v -2.721417 3.791678 -3.010909
v -2.981454 3.791678 -3.010909
v -3.010236 3.820460 -3.010909
v -3.010236 3.820460 2.989091
v -2.981454 3.791678 2.989091
vn 0.0993 -0.9951 -0.0001
vn -0.0993 -0.9951 0.0001
vn -0.0993 -0.9951 -0.0000
vn 0.9941 -0.1086 -0.0000
vn 1.0000 -0.0000 -0.0000
vn 0.9941 -0.1086 -0.0001
vn 0.0993 -0.9951 -0.0000
vn -0.9941 -0.1086 0.0001
vn -0.9941 -0.1086 -0.0000
vn -1.0000 -0.0000 -0.0000
vt 0.117457 0.000106
vt 0.024201 0.999894
vt 0.024201 0.000106
vt 0.259642 0.999894
vt 0.171808 0.000106
vt 0.259642 0.000106
vt 0.127779 0.999894
vt 0.117457 0.999894
vt 0.013879 0.000106
vt 0.013879 0.999894
vt 0.506019 0.999894
vt 0.422643 0.000106
vt 0.506019 0.000106
vt 0.171808 0.999894
vt 0.127779 0.000106
vt 0.422643 0.999894
s 1
usemtl mat_garage_wood
f 768/1180/500 772/1181/501 769/1182/502
f 767/1183/503 764/1184/504 766/1185/505
f 768/1180/500 766/1186/505 765/1187/506
f 770/1188/507 772/1181/501 771/1189/508
f 771/1190/508 761/1191/509 770/1192/507
f 768/1180/500 765/1187/506 772/1181/501
f 767/1183/503 762/1193/504 764/1184/504
f 768/1180/500 767/1194/503 766/1186/505
f 770/1188/507 769/1182/502 772/1181/501
f 771/1190/508 763/1195/509 761/1191/509
o prop_garage_wooden_beams.004
v 6.897416 4.055356 -3.010909
v 7.215018 4.055356 -3.010909
v 6.897416 4.055356 2.989091
v 7.215018 4.055356 2.989091
v 7.186236 3.791678 2.989091
v 7.215018 3.820460 2.989091
v 7.215018 3.820460 -3.010909
v 7.186236 3.791678 -3.010909
v 6.926198 3.791678 -3.010909
v 6.897416 3.820460 -3.010909
v 6.897416 3.820460 2.989091
v 6.926198 3.791678 2.989091
vn 0.0993 -0.9951 -0.0000
vn -0.0993 -0.9951 0.0001
vn -0.0993 -0.9951 -0.0000
vn 0.9941 -0.1086 -0.0000
vn 1.0000 -0.0000 -0.0000
vn 0.9941 -0.1086 -0.0001
vn -0.9941 -0.1086 0.0001
vn -0.9941 -0.1086 -0.0000
vn -1.0000 -0.0000 -0.0000
vt 0.117457 0.000106
vt 0.024201 0.999894
vt 0.024201 0.000106
vt 0.259642 0.999894
vt 0.171808 0.000106
vt 0.259642 0.000106
vt 0.127779 0.999894
vt 0.117457 0.999894
vt 0.013879 0.000106
vt 0.013879 0.999894
vt 0.506019 0.999894
vt 0.422643 0.000106
vt 0.506019 0.000106
vt 0.171808 0.999894
vt 0.127779 0.000106
vt 0.422643 0.999894
s 1
usemtl mat_garage_wood
f 780/1196/510 784/1197/511 781/1198/512
f 779/1199/513 776/1200/514 778/1201/515
f 780/1196/510 778/1202/515 777/1203/510
f 782/1204/516 784/1197/511 783/1205/517
f 783/1206/517 773/1207/518 782/1208/516
f 780/1196/510 777/1203/510 784/1197/511
f 779/1199/513 774/1209/514 776/1200/514
f 780/1196/510 779/1210/513 778/1202/515
f 782/1204/516 781/1198/512 784/1197/511
f 783/1206/517 775/1211/518 773/1207/518
