# Blender 4.5.3 LTS
# www.blender.org
mtllib RearQuarterPanel.mtl
o Rear_quarter_panel
v 2.213736 1.286279 -0.855044
v 1.700699 1.462820 -0.764686
v 0.854296 1.448708 -0.768399
v 1.278323 1.476964 -0.761191
v 0.551827 1.352295 -0.811622
v 2.497240 1.124707 -0.925135
v 2.015694 1.382928 -0.807606
v 1.857602 1.439008 -0.778365
v 0.637855 1.318061 -0.849980
v 0.489573 1.213903 -0.902020
v 0.713293 1.161712 -0.944072
v 0.693440 1.410142 -0.785342
v 1.284217 1.440201 -0.786416
v 1.690603 1.427312 -0.790928
v 1.850553 1.404224 -0.805774
v 2.004665 1.347210 -0.836198
v 2.189838 1.252927 -0.880100
v 2.465401 1.092022 -0.952038
v 2.546533 1.096305 -0.934380
v 0.410432 1.271636 -0.844959
v 1.059537 1.466883 -0.763614
v 1.495763 1.474457 -0.760173
v 1.494294 1.437810 -0.785218
v 2.348736 1.162055 -0.921039
v 2.434295 1.111513 -0.943684
v 0.240251 1.175365 -0.904941
v 0.952058 1.059828 -1.008839
v 0.456015 1.154367 -0.952690
v 0.139881 1.181934 -0.879745
v -0.059593 1.185770 -0.821521
v -0.223898 1.180973 -0.776247
v 0.340958 1.231780 -0.861411
v 0.959936 1.094104 -0.989602
v 0.705051 1.145029 -0.958904
v 0.475035 1.190976 -0.917915
v 2.541567 1.129402 -0.903106
v 2.585056 1.100252 -0.912626
v 2.381905 1.192345 -0.896317
v 2.423229 1.201188 -0.872855
v 2.254031 1.296415 -0.828325
v 2.050445 1.396705 -0.779142
v 1.875025 1.458248 -0.747680
v 1.714194 1.484290 -0.733532
v 1.508332 1.499784 -0.727096
v 1.289241 1.505659 -0.719386
v 1.068850 1.503328 -0.715532
v 0.863450 1.491106 -0.710227
v 0.693161 1.472376 -0.710567
v 0.515270 1.440589 -0.707918
v 0.310998 1.386281 -0.705466
v 0.199522 1.355267 -0.702127
v 1.706703 1.473491 -0.750448
v 2.030334 1.390505 -0.794315
v 2.569955 1.096278 -0.924424
v 2.518842 1.127239 -0.915045
v 2.400519 1.197608 -0.885275
v 2.231381 1.292246 -0.842668
v 1.865010 1.448736 -0.764248
v 1.500879 1.486753 -0.745231
v 0.531214 1.388412 -0.768834
v 0.356520 1.307622 -0.797903
v 0.254437 1.259451 -0.815340
v 1.282336 1.490626 -0.742715
v 1.063210 1.483601 -0.742369
v 0.856832 1.467993 -0.742750
v 0.690110 1.437360 -0.752819
v -0.044103 1.282440 -0.694106
v 1.710736 1.479306 -0.741339
v 2.041163 1.393844 -0.786144
v -0.151805 1.184194 -0.792453
v 2.531078 1.128335 -0.908616
v 2.412747 1.199535 -0.878587
v 2.243577 1.294491 -0.834944
v 1.870403 1.453858 -0.755327
v 1.504892 1.493770 -0.735466
v 0.315253 1.342351 -0.751768
v 0.181899 1.291876 -0.762432
v 1.286054 1.498720 -0.730153
v 1.066247 1.494223 -0.727919
v 0.860395 1.480438 -0.725238
v 0.691752 1.456215 -0.730067
v 2.582191 1.095943 -0.917995
v 0.520638 1.415624 -0.736445
v -0.039622 1.256923 -0.725273
v 0.041541 1.185483 -0.852494
v 0.073494 1.318040 -0.698461
v 0.048816 1.270587 -0.741580
v 0.955522 1.076262 -0.999535
v 0.699443 1.129329 -0.970264
v 0.465088 1.173022 -0.931059
v -0.115381 1.259476 -0.693523
v 0.177935 1.212415 -0.843747
v 0.283220 1.198659 -0.879705
v -0.112933 1.221642 -0.742535
v 0.088645 1.221959 -0.810582
v -0.010900 1.221081 -0.780186
v 2.504596 1.095051 -0.944802
v 0.595037 1.332082 -0.836187
v 0.446651 1.242489 -0.876938
v 0.720184 1.389874 -0.808200
v 0.863502 1.428733 -0.789074
v 1.059832 1.448540 -0.781066
v 1.281101 1.458378 -0.776406
v 1.853688 1.421836 -0.794151
v 1.494836 1.456083 -0.774897
v 2.200425 1.270234 -0.869482
v 2.464400 1.118887 -0.936113
v 0.346412 1.166078 -0.929570
v 0.406282 1.211086 -0.892161
v 2.363954 1.177876 -0.910440
v 2.009013 1.365544 -0.823877
v 1.695456 1.445187 -0.779916
v 0.373775 1.186508 -0.907034
v 0.931568 0.838593 -1.101038
v 0.656403 0.853943 -1.161288
v 0.548703 0.939824 -1.153392
v 0.433298 1.007127 -1.143966
v 0.298321 1.042529 -1.137666
v 0.171416 1.044095 -1.138006
v 0.050870 1.024434 -1.144028
v -0.060578 0.974875 -1.155365
v 0.823598 0.504397 -1.143874
v -0.400147 1.155415 -0.972915
v -0.751451 1.074630 -0.905307
v -0.325854 1.158187 -0.983436
v 0.061985 1.167654 -1.026674
v 0.333977 1.154807 -1.036891
v 0.948152 1.032035 -1.023850
v 0.675893 1.094990 -1.039323
v 0.562535 1.121175 -1.038300
v 0.455749 1.140757 -1.038350
v 0.693559 1.114219 -0.985438
v -0.056444 1.167185 -1.016703
v 0.595274 1.183405 -0.924967
v 0.574791 1.135239 -0.970241
v 0.586136 1.167824 -0.939566
v 0.580585 1.152006 -0.951665
v 0.197870 1.164472 -1.032482
v -0.149451 1.164469 -1.006304
v -0.246090 1.161289 -0.994516
v -0.289216 0.874324 -1.158336
v -0.360812 0.876569 -1.143138
v -0.444423 0.877685 -1.125646
v -0.075714 1.069811 -1.099940
v 0.938037 0.941833 -1.063501
v -0.432595 1.031266 -1.062055
v -0.738928 1.111902 -0.889578
v 0.666553 0.983528 -1.100155
v 0.556683 1.032286 -1.100313
v 0.445852 1.075982 -1.097021
v 0.044302 1.096545 -1.096810
v 0.314832 1.101786 -1.094626
v 0.177602 1.107142 -1.094457
v -0.184404 1.034835 -1.100954
v -0.276601 1.022884 -1.092114
v -0.354908 1.024648 -1.078146
v -0.545247 1.041479 -1.037118
v -0.577585 0.882564 -1.096439
v -0.492037 1.151360 -0.954573
v -0.668859 1.033837 -1.010492
v -0.586612 1.148022 -0.906405
v -0.653282 1.088884 -0.983661
v -0.313240 1.200477 -0.692741
v -0.367175 1.181230 -0.693510
v -0.647830 1.149446 -0.835567
v -0.411833 1.172042 -0.697150
v -0.170329 1.240638 -0.693237
v -0.193960 1.207232 -0.732022
v -0.259334 1.197231 -0.722615
v -0.217628 1.227433 -0.692933
v -0.298666 1.176658 -0.766380
v -0.395072 1.169632 -0.751763
v -0.439017 1.167889 -0.739501
v -0.448606 1.168684 -0.704624
v -0.489567 1.164857 -0.719420
v 1.073072 0.497833 -1.081866
v 0.773795 0.423322 -1.158129
v 0.830337 0.435913 -1.142427
v 0.736377 0.592947 -1.168520
v 0.680257 0.712001 -1.178706
v 0.575617 0.832798 -1.186352
v 0.505995 0.881638 -1.187163
v 0.405470 0.923980 -1.191953
v 0.289280 0.946015 -1.194142
v 0.168993 0.944473 -1.194784
v 0.006042 0.901647 -1.198687
v -0.061009 0.867595 -1.196471
v -0.212049 0.871899 -1.173947
v 0.797978 0.603387 -1.150881
v 0.746040 0.723602 -1.159753
v 0.615476 0.795713 -1.186320
v 0.690943 0.810852 -1.164007
v 0.761587 0.491892 -1.161767
v 0.075486 0.926074 -1.196868
v -0.076355 1.123939 -1.068685
v 0.670475 1.050892 -1.068190
v 0.558941 1.083405 -1.070920
v 0.451734 1.112306 -1.071803
v 0.047011 1.135964 -1.071210
v 0.325017 1.131597 -1.072248
v 0.185384 1.139398 -1.071724
v 0.943995 0.995805 -1.040875
v -0.424110 1.103342 -1.030881
v -0.173648 1.109026 -1.064836
v -0.268442 1.101836 -1.056103
v -0.348752 1.101007 -1.044166
v -0.523265 1.106981 -1.009782
v -0.631830 1.121265 -0.957639
v -0.711753 1.139873 -0.876024
v 0.839720 0.726229 -1.142089
v 0.792476 0.812332 -1.142707
v 0.888115 0.609629 -1.138073
v 0.915596 0.523930 -1.130303
v 0.817426 1.122870 -0.973342
v 0.812117 1.106431 -0.984314
v 0.777012 0.842915 -1.140374
v 0.794320 1.067673 -1.033548
v 0.807074 1.091766 -0.996641
v 0.784024 0.961463 -1.085618
v 0.789085 1.025682 -1.056641
v 0.938500 0.811723 -1.100719
v 0.964490 0.738989 -1.095857
v 1.006546 0.636468 -1.093529
v 1.041737 0.564164 -1.090435
v 0.923367 0.459657 -1.118636
v 0.722034 0.425984 -1.160776
v 0.022819 0.865214 -1.198894
v 0.170323 0.893148 -1.200261
v 0.052641 0.872244 -1.200186
v 0.098110 0.881870 -1.200907
v 0.632265 0.692291 -1.181779
v 0.569901 0.770109 -1.189618
v 0.284157 0.894880 -1.199771
v 0.476872 0.841331 -1.191144
v 0.389387 0.878675 -1.196998
v 0.532934 0.803267 -1.189736
v 0.688420 0.577248 -1.171567
v 0.714760 0.486970 -1.164761
v -0.009227 0.866454 -1.198362
v 0.169250 0.921918 -1.200293
v 0.027693 0.887858 -1.201828
v 0.084143 0.905824 -1.201614
v 0.662120 0.705060 -1.180845
v 0.287119 0.923724 -1.199678
v 0.597478 0.786526 -1.188755
v 0.398618 0.904440 -1.196709
v 0.494079 0.865386 -1.190605
v 0.558231 0.821965 -1.188944
v 0.718503 0.587394 -1.170626
v 0.744039 0.489714 -1.163844
v 0.754709 0.423558 -1.159754
v 1.149244 0.249019 -0.992432
v 0.768406 0.249004 -1.008133
v 0.828751 0.249002 -1.006072
v 0.945183 0.249000 -1.001308
v 0.716342 0.249004 -1.009762
v 0.749370 0.249004 -1.008729
v 0.930498 0.421901 -1.136224
v 1.110526 0.429285 -1.105554
v 0.829622 0.417121 -1.152777
v 0.722168 0.415173 -1.160610
v 0.754087 0.414641 -1.159612
v 0.774590 0.414573 -1.158768
v 1.123096 0.394791 -1.102343
v 0.753518 0.394760 -1.148881
v 0.774154 0.394760 -1.148235
v 0.933879 0.394711 -1.130660
v 0.829516 0.394746 -1.144748
v 0.721694 0.394760 -1.149877
v 0.829429 0.457230 -1.140337
v 1.057988 0.528475 -1.081124
v 0.770473 0.442998 -1.158952
v 0.921053 0.483280 -1.117484
v 0.720796 0.444117 -1.161850
v 0.752220 0.442662 -1.160866
v 1.135906 0.325395 -1.061103
v 0.751880 0.325308 -1.092921
v 0.771753 0.325308 -1.092299
v 0.939605 0.325284 -1.079862
v 0.829490 0.325299 -1.089483
v 0.719482 0.325308 -1.093935
v 0.874323 1.410582 -0.803046
v 1.060619 1.431353 -0.792759
v 0.748870 1.373537 -0.822713
v 0.966451 1.114974 -0.973772
v 0.824291 1.141613 -0.957859
v 0.881301 1.395633 -0.794713
v 0.764235 1.360749 -0.813554
v 0.661351 1.308423 -0.839348
v 0.525548 1.211143 -0.886822
v 0.971140 1.126961 -0.950458
v 0.726647 1.165850 -0.923126
v 0.614590 1.186231 -0.905005
v 0.832930 1.147921 -0.935841
v 1.061985 1.415641 -0.784327
v 1.281025 1.424127 -0.777830
v 1.684658 1.411299 -0.782579
v 1.844951 1.388263 -0.797546
v 1.998821 1.331105 -0.828111
v 2.182746 1.237027 -0.871671
v 2.449545 1.083111 -0.941921
v 1.489211 1.421718 -0.776729
v 2.340717 1.146452 -0.912606
v 2.423296 1.097881 -0.934545
v 0.830256 1.147151 -0.942896
v 0.879079 1.399869 -0.798892
v 0.970825 1.124476 -0.957833
v 0.760632 1.364312 -0.818069
v 2.342580 1.151108 -0.916556
v 2.425159 1.102477 -0.938517
v 2.000683 1.335761 -0.832060
v 2.184608 1.241683 -0.875620
v 1.491073 1.426373 -0.780679
v 1.686521 1.415955 -0.786529
v 1.282033 1.428782 -0.781806
v 1.846813 1.392919 -0.801496
v 2.454435 1.084966 -0.946404
v 0.722318 1.165652 -0.929755
v 0.608098 1.186426 -0.911284
v 0.517338 1.211819 -0.892750
v 0.655762 1.310976 -0.844360
v 1.059854 1.420236 -0.788410
v 0.795138 0.427460 -1.152322
v -0.134133 0.869550 -1.186642
v -0.028430 0.936984 -1.178149
v 0.293585 0.994216 -1.166661
v 0.170069 0.994156 -1.167166
v 0.785116 0.496770 -1.153388
v 0.759774 0.598460 -1.160055
v 0.705465 0.718549 -1.170114
v 0.644997 0.804887 -1.176306
v 0.607079 0.845202 -1.175399
v 0.527839 0.909988 -1.171190
v 0.419490 0.965174 -1.168807
v 0.062828 0.974787 -1.171328
v 0.789880 0.249004 -1.007461
v 0.795089 0.415404 -1.157116
v 0.794603 0.394760 -1.147595
v 0.792822 0.447874 -1.151536
v 0.792691 0.325308 -1.091644
v -0.539949 1.149571 -0.932609
v -0.610356 0.931965 -1.068655
v -0.599272 1.061586 -1.013988
v -0.393988 1.174630 -0.695244
v -0.419502 1.168546 -0.745633
v -0.578812 1.113690 -0.985599
v -0.493003 1.035325 -1.049834
v -0.528296 0.876812 -1.108993
v -0.447648 1.153398 -0.965540
v -0.315280 1.188515 -0.713398
v -0.263870 1.215056 -0.692755
v -0.352266 1.172798 -0.758770
v -0.475501 1.104815 -1.021535
v -0.714357 1.063984 -0.961559
v -0.691622 1.100924 -0.946109
v -0.425303 1.170707 -0.699152
v -0.614680 1.148324 -0.877570
v -0.459651 1.166717 -0.731512
v -0.667328 1.128909 -0.924762
v 0.928954 1.100410 -0.985988
v 0.924088 1.082884 -0.996139
v 0.895098 0.839704 -1.111094
v 0.914310 1.039862 -1.025990
v 0.920161 1.066782 -1.006126
v 0.904061 0.946173 -1.068629
v 0.909917 1.002378 -1.044404
v 1.014371 0.554836 -1.100106
v 0.905077 0.811913 -1.111293
v 0.937251 0.735750 -1.107322
v 0.980914 0.629778 -1.104542
v 1.039678 0.489326 -1.090020
v 1.103134 0.249014 -0.994454
v 1.069715 0.427651 -1.112529
v 1.080107 0.394767 -1.108849
v 1.027833 0.518270 -1.089253
v 1.091426 0.325365 -1.065397
v 0.934931 1.120734 -0.970274
v 0.942027 1.131379 -0.946554
v 0.939827 1.129346 -0.954543
v 0.931497 0.871921 -1.091524
v -0.440642 0.929613 -1.104244
v -0.285117 0.923865 -1.136314
v -0.359069 0.926125 -1.121423
v -0.069849 1.008359 -1.135715
v -0.753753 1.086494 -0.892606
v 0.661851 0.899967 -1.140290
v 0.554008 0.971533 -1.135095
v 0.438974 1.033512 -1.126506
v 0.046844 1.052743 -1.126179
v 0.303843 1.066949 -1.120784
v 0.173146 1.069849 -1.120956
v -0.567234 0.936966 -1.076307
v -0.664650 1.051939 -1.002421
v -0.194564 0.939784 -1.145711
v 0.778020 0.880826 -1.124683
v -0.607778 0.976444 -1.050371
v -0.516451 0.930771 -1.089020
v -0.707568 1.075517 -0.957322
v 0.896810 0.873995 -1.099827
v 0.950730 1.051923 -1.013250
v 0.116108 1.175745 -0.920535
v 0.688395 1.109050 -1.000249
v 0.454718 1.149335 -0.976440
v 0.570924 1.130847 -0.989037
v 0.339519 1.161254 -0.958804
v 0.223780 1.170495 -0.939468
v 0.011790 1.178325 -0.897893
v -0.087919 1.178236 -0.871948
v -0.179949 1.176553 -0.847702
v -0.253470 1.174254 -0.832719
v -0.329201 1.171063 -0.823095
v -0.421895 1.165932 -0.808846
v -0.478204 1.163575 -0.785541
v -0.533177 1.160503 -0.749289
v 0.803301 1.085356 -1.006901
v -0.451846 1.164651 -0.797898
v -0.380179 1.168306 -0.816336
v -0.501335 1.162332 -0.770936
v 0.918295 1.059208 -1.011833
v 0.527343 1.252478 -0.881043
v 0.459526 1.300982 -0.833071
v 0.383836 1.406751 -0.706499
v 0.420531 1.338546 -0.786868
v 0.390191 1.370576 -0.745779
v 0.495289 1.273855 -0.862661
v 0.554211 1.244606 -0.869761
v 0.546554 1.245928 -0.875360
v 1.797497 1.473917 -0.738958
v 0.952502 1.459419 -0.765073
v 1.387233 1.477211 -0.760263
v 0.619113 1.382360 -0.798140
v 2.152557 1.348814 -0.802826
v 2.344496 1.246682 -0.851965
v 1.957925 1.433212 -0.760765
v 0.495991 1.231788 -0.891086
v 0.655481 1.172014 -0.935072
v 0.769886 1.432453 -0.775174
v 1.391204 1.440228 -0.785026
v 1.774459 1.418571 -0.796794
v 1.924667 1.381012 -0.818866
v 2.095680 1.302783 -0.857292
v 2.276723 1.204037 -0.902174
v 2.482402 1.094025 -0.949709
v 2.527386 1.107189 -0.931461
v 0.708785 1.154176 -0.951999
v 0.481421 1.201848 -0.910849
v 0.434381 1.285734 -0.839258
v 0.571396 1.340384 -0.825988
v 0.430409 1.256385 -0.862489
v 0.857750 1.438619 -0.779438
v 1.168842 1.473082 -0.762387
v 1.279026 1.468025 -0.769272
v 1.852228 1.412565 -0.801561
v 1.712465 1.481798 -0.737436
v 1.595691 1.433495 -0.787156
v 1.494867 1.446433 -0.781558
v 2.194680 1.261139 -0.876314
v 2.400701 1.131485 -0.934769
v 2.045804 1.395274 -0.782643
v 2.453593 1.099653 -0.948846
v 2.447433 1.115479 -0.941197
v -0.072599 1.148434 -1.051361
v 0.189395 1.179032 -0.892475
v -0.009027 1.185955 -0.837352
v -0.188614 1.182785 -0.782933
v 0.377173 1.252524 -0.852715
v 0.957504 1.084857 -0.994912
v 0.702168 1.137028 -0.964365
v 0.376295 1.220829 -0.878273
v 0.646739 1.156198 -0.949735
v 0.952557 1.095624 -0.988687
v 2.571830 1.110038 -0.909586
v 2.560472 1.096423 -0.929112
v 2.536323 1.128855 -0.905861
v 2.417988 1.200362 -0.875721
v 2.490583 1.160830 -0.890489
v 2.447841 1.153764 -0.912953
v 2.303829 1.237102 -0.877076
v 2.355546 1.169636 -0.917261
v 2.248805 1.295453 -0.831635
v 2.113428 1.337327 -0.830498
v 1.932008 1.416480 -0.790387
v 2.006856 1.355859 -0.831688
v 1.872714 1.456053 -0.751503
v 1.783572 1.453455 -0.770085
v 1.693008 1.435766 -0.786975
v 1.602754 1.469625 -0.761516
v 1.399047 1.503862 -0.723062
v 1.615937 1.492981 -0.730167
v 1.506612 1.496777 -0.731281
v 1.178776 1.505672 -0.717354
v 0.961834 1.498149 -0.712574
v 0.777050 1.482982 -0.710150
v 0.346620 1.396194 -0.706189
v 0.539154 1.369848 -0.790813
v 0.309866 1.363310 -0.728759
v 0.191942 1.326451 -0.729703
v 1.287648 1.502190 -0.724770
v 1.067548 1.498775 -0.721725
v 0.861923 1.485772 -0.717733
v 0.692456 1.464295 -0.720317
v 0.260368 1.372346 -0.703963
v 0.603238 1.457924 -0.709538
v 1.703792 1.469041 -0.757108
v 2.022703 1.387770 -0.800353
v 2.576729 1.096051 -0.920865
v 2.509586 1.126329 -0.919751
v 2.391641 1.195917 -0.890238
v 2.222642 1.290298 -0.848352
v 1.861195 1.444776 -0.770792
v 1.498090 1.481457 -0.752330
v 0.525190 1.403220 -0.751153
v 0.384507 1.289383 -0.822465
v 0.297622 1.244870 -0.839660
v 1.279842 1.484582 -0.751754
v 1.061123 1.475821 -0.752766
v 0.854606 1.458916 -0.755338
v 0.689646 1.423857 -0.769072
v 0.307857 1.285419 -0.805346
v 0.467408 1.361381 -0.778409
v 0.608223 1.414625 -0.760226
v 0.770675 1.455033 -0.746639
v 0.955838 1.477134 -0.741876
v 1.172649 1.488263 -0.742516
v 1.391721 1.490061 -0.743673
v 1.608451 1.481094 -0.747236
v 1.789691 1.463682 -0.755831
v 1.942862 1.425236 -0.776636
v 2.130236 1.343910 -0.817633
v 2.321816 1.242827 -0.865346
v 2.467860 1.157827 -0.902489
v 2.550073 1.108365 -0.921507
v 0.136818 1.336972 -0.700405
v -0.042259 1.267591 -0.711954
v -0.084366 1.269793 -0.693474
v 0.210644 1.234555 -0.827895
v 0.258606 1.185083 -0.892557
v 1.708936 1.476709 -0.745406
v 2.036329 1.392354 -0.789792
v -0.108232 1.185177 -0.805871
v 2.525616 1.127838 -0.911486
v 2.407288 1.198675 -0.881573
v 2.238133 1.293489 -0.838392
v 1.867996 1.451571 -0.759309
v 1.503100 1.490637 -0.739825
v 0.331789 1.324555 -0.774471
v 0.218892 1.274736 -0.790817
v 1.284394 1.495107 -0.735761
v 1.064890 1.489481 -0.734369
v 0.858805 1.474883 -0.733056
v 0.691019 1.447798 -0.740224
v 2.586467 1.096589 -0.915257
v 0.517549 1.427987 -0.722194
v -0.004174 1.261966 -0.732436
v 2.480095 1.159435 -0.896028
v 2.334028 1.244903 -0.858141
v 2.142255 1.346550 -0.809660
v 1.950973 1.429531 -0.768090
v 1.793894 1.469193 -0.746745
v 1.612482 1.487495 -0.738045
v 1.395665 1.497492 -0.732575
v 1.175948 1.497637 -0.728968
v 0.959066 1.488450 -0.726098
v 0.774107 1.470082 -0.726991
v 0.605290 1.437829 -0.732984
v 0.260020 1.321850 -0.755745
v 0.446680 1.391514 -0.741171
v 2.562309 1.108788 -0.915078
v -0.135755 1.198431 -0.770755
v 0.090951 1.184120 -0.866542
v 0.127881 1.251770 -0.788006
v 0.010642 1.299115 -0.696052
v 0.108898 1.280769 -0.750819
v 0.064744 1.294710 -0.720680
v 0.021330 1.245416 -0.760598
v 0.953579 1.067198 -1.004610
v 0.460011 1.162806 -0.941957
v 0.154690 1.194174 -0.862656
v 0.310018 1.213945 -0.869793
v -0.068177 1.242896 -0.731435
v 0.060035 1.199565 -0.833333
v -0.039321 1.200151 -0.802005
v 0.040568 1.222433 -0.795491
v -0.062807 1.219874 -0.763481
v 0.132427 1.218328 -0.826495
v -0.117407 1.241111 -0.715164
v 0.230182 1.205547 -0.862212
v 0.947917 1.077857 -0.998655
v 0.641128 1.140564 -0.961413
v 0.330471 1.192379 -0.894287
v 2.527135 1.095810 -0.939596
v 0.618629 1.324508 -0.845040
v 0.463352 1.228477 -0.890491
v 0.704595 1.399104 -0.797982
v 1.059271 1.457721 -0.772889
v 1.283218 1.448782 -0.782889
v 1.855245 1.431051 -0.786221
v 1.494853 1.465746 -0.767686
v 2.206511 1.279172 -0.862174
v 2.481710 1.122092 -0.930621
v 0.292842 1.170936 -0.917285
v 0.436698 1.201355 -0.905424
v 2.372704 1.185948 -0.903179
v 2.011462 1.375110 -0.815571
v 1.697952 1.454578 -0.772329
v 0.389341 1.198095 -0.898908
v 0.426134 1.226804 -0.884476
v 2.489120 1.104254 -0.941810
v 2.422904 1.143344 -0.925589
v 2.288912 1.221225 -0.891462
v 2.103218 1.320630 -0.845841
v 1.389033 1.458610 -0.775038
v 1.927559 1.399085 -0.806655
v 1.778795 1.436178 -0.785544
v 1.599027 1.451598 -0.776456
v 1.170070 1.454755 -0.778512
v 0.955662 1.440360 -0.784140
v 0.787028 1.411996 -0.797154
v 0.656181 1.362730 -0.821562
v 0.358299 1.174967 -0.918392
v 0.539356 1.300530 -0.850677
v 0.921535 0.838864 -1.103982
v -0.103953 1.165997 -1.011581
v 0.930771 0.850818 -1.098507
v 0.601164 0.895779 -1.158531
v 0.493619 0.977440 -1.148401
v 0.366525 1.029136 -1.140182
v 0.233703 1.046765 -1.136989
v 0.109679 1.036789 -1.140417
v -0.003627 1.005270 -1.148821
v 0.774631 0.664218 -1.155501
v -0.442948 0.897937 -1.117299
v -0.519353 1.037296 -1.044292
v -0.365067 1.156715 -0.977886
v -0.000743 1.167758 -1.022002
v 0.266898 1.160356 -1.034896
v 0.939911 1.033925 -1.024379
v 0.672313 1.076354 -1.055126
v 0.618540 1.108478 -1.039183
v 0.509495 1.131874 -1.038172
v 0.560128 1.105023 -1.057048
v 0.397280 1.148306 -1.038024
v 0.454255 1.128331 -1.058965
v 0.049855 1.153924 -1.056851
v 0.536743 1.196422 -0.914518
v 0.514498 1.145512 -0.961978
v 0.526587 1.179627 -0.929120
v 0.520541 1.163226 -0.941678
v 0.583281 1.160014 -0.945088
v 0.577481 1.142813 -0.961107
v 0.589980 1.176472 -0.932728
v 0.329735 1.144733 -1.060146
v 0.128904 1.166749 -1.029969
v 0.189910 1.153689 -1.059023
v 0.635194 1.124697 -0.978232
v 0.696317 1.120985 -0.978084
v 0.944289 1.061435 -1.008144
v -0.198405 1.162877 -1.000470
v 0.814098 0.548261 -1.146942
v -0.287392 1.159722 -0.988915
v 0.827942 0.475224 -1.141660
v -0.287618 0.893645 -1.149747
v -0.324651 0.875510 -1.150814
v -0.360132 0.895896 -1.134669
v -0.400935 0.877370 -1.134653
v -0.557539 0.877161 -1.102906
v -0.072914 1.037311 -1.118852
v 0.941306 0.971907 -1.051065
v -0.428290 1.071505 -1.044847
v -0.747588 1.097525 -0.891896
v 0.664070 0.939608 -1.121244
v 0.555273 1.000288 -1.118638
v 0.442226 1.053595 -1.112563
v 0.045185 1.073308 -1.112337
v 0.308973 1.083421 -1.108415
v 0.174902 1.087457 -1.108432
v -0.179029 1.075181 -1.081472
v -0.272375 1.065604 -1.072735
v -0.351969 1.066268 -1.059687
v -0.394780 1.027911 -1.069944
v -0.316280 1.022760 -1.085580
v -0.232812 1.025964 -1.097611
v -0.131691 1.051135 -1.101309
v -0.017302 1.085283 -1.098339
v 0.109738 1.103748 -1.095419
v 0.246213 1.106771 -1.094199
v 0.382427 1.091402 -1.095626
v 0.502831 1.056135 -1.098629
v 0.611209 1.005996 -1.101542
v 0.929719 0.942890 -1.064904
v -0.426312 1.154361 -0.969060
v -0.533688 1.079405 -1.021927
v -0.573547 0.903781 -1.088587
v -0.667217 1.040897 -1.007344
v -0.643378 1.106078 -0.971114
v 0.949683 1.044168 -1.017505
v 0.088722 1.174045 -0.972934
v 0.682224 1.104976 -1.018628
v 0.454466 1.150615 -0.961017
v 0.573138 1.131897 -0.977037
v 0.337317 1.159722 -0.997143
v 0.211102 1.169339 -0.985368
v -0.022523 1.175954 -0.956372
v -0.118402 1.175442 -0.938099
v -0.213034 1.173287 -0.920178
v -0.289804 1.170382 -0.907322
v -0.341927 1.190237 -0.692995
v -0.143798 1.249557 -0.693444
v -0.341758 1.184396 -0.707946
v -0.194576 1.233539 -0.693060
v -0.159651 1.213061 -0.736839
v -0.181105 1.223736 -0.711575
v -0.209682 1.192019 -0.755259
v -0.227354 1.202032 -0.727303
v -0.240683 1.221306 -0.692837
v -0.238108 1.211774 -0.705874
v -0.327792 1.174662 -0.762432
v -0.364690 1.167001 -0.897448
v -0.404191 1.167673 -0.771301
v -0.262244 1.178842 -0.770898
v -0.281008 1.185007 -0.744915
v -0.382956 1.173747 -0.726605
v -0.426497 1.169754 -0.720426
v -0.450894 1.166427 -0.754838
v -0.469507 1.166750 -0.711608
v -0.688024 1.145837 -0.862473
v -0.504951 1.163356 -0.728028
v 1.062981 0.517225 -1.078380
v 0.783901 0.425008 -1.155629
v 0.869056 0.445757 -1.132354
v 0.752260 0.536952 -1.164581
v 0.711792 0.653746 -1.173461
v 0.595318 0.816183 -1.186903
v 0.545873 0.855700 -1.186193
v 0.458443 0.904981 -1.189464
v 0.348928 0.937877 -1.193472
v 0.227623 0.948010 -1.194413
v -0.027271 0.885510 -1.197966
v -0.172945 0.870716 -1.180614
v -0.127334 0.930266 -1.163916
v -0.198354 0.908989 -1.159848
v -0.251352 0.873107 -1.166277
v 0.645531 0.760742 -1.183361
v 0.715750 0.774369 -1.162608
v -0.046740 0.957172 -1.165979
v 0.291198 0.967360 -1.182459
v 0.169418 0.966446 -1.183047
v 0.767155 0.461731 -1.159999
v 0.772460 0.494047 -1.158179
v 0.747218 0.595593 -1.164894
v 0.691861 0.715210 -1.175010
v 0.663211 0.808476 -1.170575
v 0.589740 0.838855 -1.181591
v 0.515791 0.894450 -1.180342
v 0.411704 0.942255 -1.182107
v 0.039232 0.914801 -1.198130
v 0.675845 0.831650 -1.163965
v 0.118235 0.936492 -1.195640
v 0.069690 0.947492 -1.186041
v -0.735492 1.069235 -0.931271
v -0.673043 1.096294 -0.966767
v -0.418579 1.171290 -0.698076
v -0.630258 1.148851 -0.857833
v -0.473709 1.165843 -0.725830
v -0.638433 0.984910 -1.040526
v -0.627748 1.076126 -0.999379
v -0.403453 1.173207 -0.696210
v 0.400380 1.160915 -0.941658
v 0.417173 1.180469 -0.919369
v 0.469878 1.181948 -0.923728
v -0.076868 1.098307 -1.083409
v 0.668698 1.020592 -1.082518
v 0.557897 1.059722 -1.084571
v 0.448980 1.095296 -1.083612
v 0.045273 1.117195 -1.083244
v 0.320146 1.117635 -1.082727
v 0.181288 1.124238 -1.082373
v 0.946258 1.015796 -1.031777
v -0.417995 1.132677 -1.013566
v -0.166380 1.140577 -1.045393
v -0.262735 1.135631 -1.036274
v -0.343442 1.133349 -1.025302
v -0.512443 1.131859 -0.993776
v -0.617333 1.135544 -0.941000
v -0.727573 1.127496 -0.884440
v -0.650242 1.124832 -0.942750
v -0.017889 1.130808 -1.070128
v -0.221941 1.104361 -1.061044
v -0.309733 1.100822 -1.050476
v -0.388278 1.102072 -1.037291
v -0.452124 1.104225 -1.025825
v -0.126652 1.116083 -1.067154
v 0.115314 1.138958 -1.071604
v 0.255855 1.136971 -1.072009
v 0.391015 1.123305 -1.072155
v 0.506287 1.098879 -1.071348
v 0.613967 1.066655 -1.070336
v 0.935698 0.997406 -1.041807
v 0.813482 0.776425 -1.142725
v 0.787247 0.724403 -1.153305
v 0.735135 0.812023 -1.155272
v 0.905025 0.560894 -1.135005
v 0.837658 0.605023 -1.146862
v 0.863676 0.511940 -1.139136
v 0.970774 0.540298 -1.114947
v 0.865632 0.667577 -1.140465
v 0.760179 1.134264 -0.966448
v 0.754681 1.118287 -0.977634
v 0.716525 0.844506 -1.152645
v 0.733087 1.081741 -1.037249
v 0.749117 1.103661 -0.991338
v 0.722872 0.970027 -1.094378
v 0.727517 1.037851 -1.063303
v 0.786786 0.996992 -1.069267
v 0.780852 0.919123 -1.106104
v 0.805573 1.088377 -1.000603
v 0.791238 1.049518 -1.045601
v 0.814688 1.114283 -0.978904
v 0.809376 1.098297 -0.990817
v 0.781141 0.831654 -1.142229
v 0.933476 0.828371 -1.101648
v 0.929666 0.811769 -1.103704
v 0.948768 0.781723 -1.098374
v 0.957679 0.738201 -1.098840
v 0.984813 0.687418 -1.094335
v 1.000200 0.634839 -1.096243
v 1.026237 0.595028 -1.092664
v 0.986921 0.475882 -1.102929
v 0.920037 0.499017 -1.123543
v -0.032068 0.867137 -1.198128
v 0.719191 0.460639 -1.162943
v 0.169738 0.908833 -1.200279
v 0.072967 0.876762 -1.200722
v 0.017582 0.893273 -1.201921
v 0.090495 0.894929 -1.201286
v 0.036680 0.867953 -1.199508
v 0.129003 0.887876 -1.200639
v 0.648542 0.699253 -1.181270
v 0.288099 0.933417 -1.198964
v 0.584935 0.779059 -1.189148
v 0.436092 0.861706 -1.193978
v 0.401684 0.913053 -1.196045
v 0.486253 0.854445 -1.190850
v 0.546725 0.813461 -1.189304
v 0.224867 0.895802 -1.200074
v 0.339095 0.889567 -1.198896
v 0.509170 0.820890 -1.189787
v 0.704821 0.582779 -1.171054
v 0.730722 0.488466 -1.164262
v 0.663398 0.635663 -1.176501
v 0.739787 0.424662 -1.160221
v 0.598793 0.738062 -1.186550
v 0.550333 0.789052 -1.190230
v 0.705172 0.526344 -1.167613
v 0.008350 0.865259 -1.198516
v 0.168961 0.931627 -1.199613
v 0.039516 0.880772 -1.201051
v 0.079716 0.914092 -1.201209
v 0.671537 0.708985 -1.180353
v 0.285771 0.910604 -1.199721
v 0.606331 0.791606 -1.188244
v 0.394419 0.892721 -1.196841
v 0.499689 0.873178 -1.190046
v 0.566463 0.827796 -1.188431
v 0.727942 0.590518 -1.170137
v 0.753244 0.490643 -1.163366
v 0.765102 0.422948 -1.159300
v 0.734642 0.533000 -1.166691
v 0.693708 0.647420 -1.175552
v 0.627508 0.752655 -1.185651
v 0.577197 0.806438 -1.189390
v 0.530891 0.842309 -1.189107
v 0.449140 0.886831 -1.193570
v 0.344721 0.916830 -1.198720
v 0.226385 0.925234 -1.200026
v 0.753950 0.431030 -1.160149
v 0.052897 0.897031 -1.202104
v 0.122143 0.914735 -1.200885
v 0.007798 0.877522 -1.200428
v 0.778549 0.249004 -1.007815
v 0.875670 0.249000 -1.004203
v 1.030618 0.249006 -0.997626
v 0.734316 0.249004 -1.009199
v 0.759754 0.249004 -1.008404
v 0.926917 0.440449 -1.127423
v 1.143730 0.282306 -1.031906
v 0.830034 0.426020 -1.147613
v 0.722178 0.420146 -1.160630
v 0.750759 0.282259 -1.054836
v 0.770159 0.282259 -1.054229
v 0.932431 0.410007 -1.138751
v 1.092048 0.463201 -1.093549
v 0.829486 0.409457 -1.153707
v 0.722085 0.409222 -1.159270
v 0.754558 0.418579 -1.159617
v 0.774387 0.418389 -1.158388
v 0.784554 0.414910 -1.158027
v 0.765195 0.414505 -1.159239
v 0.739269 0.414883 -1.160075
v 0.870114 0.419125 -1.146310
v 1.005607 0.425063 -1.123474
v 1.119305 0.410845 -1.109190
v 0.753821 0.409155 -1.158277
v 0.774572 0.409147 -1.157602
v 0.936312 0.365397 -1.109679
v 0.829522 0.365421 -1.121931
v 0.720777 0.365434 -1.126781
v 0.784117 0.394760 -1.147923
v 0.764689 0.394760 -1.148531
v 0.738720 0.394760 -1.149344
v 0.871144 0.394722 -1.139460
v 1.012629 0.394733 -1.119023
v 0.830126 0.445433 -1.140189
v 1.051861 0.542717 -1.086028
v 0.772562 0.430965 -1.158322
v 0.921629 0.472427 -1.115298
v 0.721596 0.433381 -1.161162
v 0.749326 0.460730 -1.162000
v 0.737927 0.443324 -1.161313
v 0.762027 0.442355 -1.160391
v 1.050645 0.525990 -1.083104
v 0.868432 0.467809 -1.130604
v 0.780909 0.445027 -1.155771
v 1.128517 0.365543 -1.085265
v 0.752843 0.365434 -1.125778
v 0.773157 0.365434 -1.125142
v 0.943047 0.282247 -1.044979
v 0.829368 0.282255 -1.051839
v 0.718005 0.282259 -1.055861
v 0.781803 0.325308 -1.091985
v 0.762676 0.325308 -1.092583
v 0.736960 0.325308 -1.093388
v 0.873639 0.325283 -1.085816
v 1.021544 0.325320 -1.072120
v 0.806212 1.394228 -0.811757
v 0.959817 1.422711 -0.797044
v 0.958677 1.116310 -0.972918
v 0.817104 1.380155 -0.803149
v 0.714161 1.337216 -0.825410
v 0.524796 1.224707 -0.879360
v 0.965254 1.127998 -0.948938
v 0.671770 1.175449 -0.914602
v 0.560359 1.198400 -0.895412
v 0.778426 1.156919 -0.929890
v 0.827625 1.145854 -0.949638
v 0.877346 1.404182 -0.802330
v 0.969012 1.121229 -0.965112
v 0.762826 1.362143 -0.815320
v 1.170476 1.421279 -0.780609
v 1.386808 1.424114 -0.776467
v 1.768617 1.402612 -0.788491
v 1.919114 1.364960 -0.810756
v 2.089197 1.286775 -0.849030
v 2.269310 1.188160 -0.893764
v 1.590049 1.417436 -0.778744
v 2.391285 1.116709 -0.926041
v 2.441119 1.087483 -0.939331
v 2.344656 1.155745 -0.919888
v 2.424025 1.099694 -0.936092
v 2.002488 1.340460 -0.835350
v 2.183474 1.238847 -0.873215
v 1.492783 1.431070 -0.784018
v 1.685386 1.413119 -0.784123
v 1.283434 1.433478 -0.785160
v 1.845679 1.390083 -0.799091
v 2.452913 1.082750 -0.943832
v 0.694323 1.348392 -0.835329
v 1.171615 1.437207 -0.789148
v 0.963160 1.105027 -0.982337
v 0.736016 1.381135 -0.817375
v 1.060453 1.439503 -0.788523
v 0.869455 1.419075 -0.797872
v 0.767756 1.151982 -0.951290
v 0.820730 1.132987 -0.966141
v 0.963757 1.407273 -0.788726
v 0.724954 1.165772 -0.925718
v 0.612051 1.186308 -0.907460
v 0.508389 1.212547 -0.898096
v 0.659165 1.309422 -0.841308
v 1.060591 1.417438 -0.785941
v 0.831887 1.147642 -0.938627
v 0.880292 1.397290 -0.796351
v 0.971839 1.126112 -0.953092
v 0.756632 1.367966 -0.821818
v 2.341446 1.148273 -0.914151
v 2.427609 1.106786 -0.941968
v 1.999549 1.332926 -0.829655
v 2.186569 1.246356 -0.878953
v 1.489939 1.423538 -0.778274
v 1.688337 1.420642 -0.789851
v 1.281279 1.425947 -0.779389
v 1.848588 1.397600 -0.804803
v 2.457119 1.088585 -0.950080
v 0.718152 1.165020 -0.936197
v 0.601939 1.186186 -0.917401
v 0.522338 1.211407 -0.889140
v 0.649601 1.313654 -0.848580
v 1.060136 1.424850 -0.791768
v 1.169811 1.425927 -0.784639
v 1.920976 1.369615 -0.814705
v 2.443367 1.091643 -0.943401
v 1.770479 1.407268 -0.792441
v 2.271172 1.192817 -0.897714
v 1.388564 1.428770 -0.780420
v 1.591911 1.422092 -0.782693
v 2.091059 1.291430 -0.852980
v 2.393147 1.121357 -0.929993
v 0.814411 1.384093 -0.807465
v 0.709591 1.340325 -0.830153
v 0.963305 1.125623 -0.957023
v 0.552821 1.198830 -0.901506
v 0.961386 1.411730 -0.792844
v 0.516572 1.225645 -0.885144
v 0.666382 1.175436 -0.921066
v 0.775047 1.156521 -0.936671
v 0.808107 0.430451 -1.148504
v -0.095920 0.868433 -1.192312
v -0.009829 0.917115 -1.190037
v 0.296026 1.021085 -1.150673
v 0.170753 1.021897 -1.151091
v 0.799641 0.499837 -1.148456
v 0.774180 0.601254 -1.155127
v 0.720993 0.721588 -1.165038
v 0.628842 0.800329 -1.181956
v 0.626255 0.850498 -1.169106
v 0.539765 0.925598 -1.161850
v 0.427250 0.988186 -1.155295
v 0.056053 1.002200 -1.156394
v 0.803386 0.249003 -1.007017
v 0.807377 0.416008 -1.155870
v 0.806896 0.394758 -1.146991
v 0.806519 0.451280 -1.146829
v 0.805562 0.325307 -1.091115
v 0.793812 0.365434 -1.124496
v 0.790213 0.466544 -1.152060
v 0.794943 0.409251 -1.156838
v 0.795257 0.420879 -1.154694
v 0.791400 0.282259 -1.053565
v 0.113738 0.986375 -1.168838
v 0.017288 0.959272 -1.174464
v 0.357625 0.983327 -1.167619
v 0.476345 0.940616 -1.169837
v 0.573147 0.875226 -1.173280
v 0.627015 0.825908 -1.176622
v 0.672672 0.768715 -1.174045
v 0.735733 0.659569 -1.165088
v 0.775725 0.542120 -1.156052
v 0.794361 0.435795 -1.151413
v 0.230483 0.997341 -1.166453
v -0.079505 0.905842 -1.182278
v -0.564998 1.148654 -0.919583
v -0.429380 1.168252 -0.742650
v -0.607230 1.117559 -0.971749
v -0.589975 1.091956 -0.998557
v -0.495212 1.159587 -0.864681
v -0.407885 1.171207 -0.723006
v -0.609351 0.949312 -1.061524
v -0.565661 1.133403 -0.969523
v -0.464870 1.033627 -1.055463
v -0.488848 0.877385 -1.116744
v -0.469328 1.152370 -0.961184
v -0.288249 1.192780 -0.717988
v -0.287455 1.208526 -0.692695
v -0.375392 1.171020 -0.755185
v -0.498607 1.105476 -1.016848
v -0.483300 1.074846 -1.034151
v -0.336634 1.178911 -0.735755
v -0.362745 1.170038 -0.778007
v -0.290425 1.201015 -0.700096
v -0.523677 0.897855 -1.101203
v -0.466591 1.132154 -1.005361
v -0.693257 1.056979 -0.986154
v -0.713957 1.106083 -0.919589
v -0.434333 1.169948 -0.700840
v -0.601733 1.147966 -0.893134
v -0.448555 1.167393 -0.735954
v -0.688204 1.134061 -0.901860
v -0.680517 1.115606 -0.936514
v -0.473007 1.165262 -0.744126
v -0.649407 1.139503 -0.909128
v -0.711709 1.068481 -0.959906
v -0.444056 1.168516 -0.716815
v 0.879058 1.110484 -0.980376
v 0.873965 1.093459 -0.990934
v 0.842053 0.841376 -1.124776
v 0.860579 1.052344 -1.029360
v 0.869524 1.078121 -1.001940
v 0.850307 0.953052 -1.076159
v 0.855806 1.012814 -1.049758
v 1.035049 0.561892 -1.092790
v 0.854835 0.812183 -1.126091
v 0.894420 0.730853 -1.124215
v 0.940291 0.619604 -1.121241
v 1.064940 0.495762 -1.083852
v 1.138016 0.249018 -0.992924
v 1.100588 0.428887 -1.107252
v 1.112628 0.394785 -1.103927
v 0.979975 0.502218 -1.102085
v 1.125074 0.325387 -1.062149
v 0.885324 1.130135 -0.964727
v 0.892885 1.138668 -0.941814
v 0.890570 1.137263 -0.949348
v 0.937688 1.126538 -0.961711
v 0.941161 1.130685 -0.949813
v 1.084899 0.365503 -1.090869
v 1.031668 0.507185 -1.086516
v 1.076838 0.410660 -1.115967
v 1.054873 0.458149 -1.101152
v 1.098330 0.282290 -1.034891
v 1.000000 0.586847 -1.103102
v 1.023060 0.532759 -1.094778
v 0.959015 0.682373 -1.105748
v 0.918594 0.780401 -1.109439
v 0.897800 0.829241 -1.111970
v 0.931891 1.111114 -0.978759
v 0.926405 1.091326 -0.991343
v 0.912155 1.023213 -1.034851
v 0.919242 1.062934 -1.008749
v 0.900216 0.908391 -1.085159
v 0.907302 0.977428 -1.055172
v 0.921868 1.073996 -1.001537
v 0.934320 0.905279 -1.078466
v -0.436972 0.978929 -1.083883
v -0.281164 0.971169 -1.115263
v -0.357320 0.973375 -1.100704
v -0.067085 0.989541 -1.146696
v -0.756414 1.079607 -0.894446
v 0.660125 0.874286 -1.152403
v 0.552706 0.953012 -1.145712
v 0.436619 1.020051 -1.135745
v 0.048271 1.038823 -1.135408
v 0.300569 1.055561 -1.129154
v 0.172105 1.057724 -1.129424
v -0.557189 0.988384 -1.057216
v -0.660261 1.069320 -0.994387
v -0.189910 0.985332 -1.124365
v 0.776447 0.856677 -1.135562
v -0.604897 1.018444 -1.032933
v -0.505170 0.981881 -1.070042
v -0.700789 1.086823 -0.952934
v 0.894966 0.852254 -1.107940
v 0.922612 0.872426 -1.093906
v -0.729831 1.080676 -0.927144
v -0.544891 0.931820 -1.083056
v -0.635995 1.015853 -1.027240
v 0.843578 0.877224 -1.111356
v -0.687373 1.069444 -0.980688
v -0.480855 0.930415 -1.096088
v 0.717379 0.885278 -1.135112
v 0.607889 0.932136 -1.139360
v 0.498787 1.006033 -1.130578
v 0.372500 1.054102 -1.123068
v 0.237707 1.071560 -1.120118
v 0.108747 1.063736 -1.123049
v -0.133689 0.971689 -1.142182
v -0.399124 0.928007 -1.112945
v -0.322016 0.924629 -1.129092
v -0.244248 0.925870 -1.142922
v -0.010968 1.035362 -1.130262
v 0.951303 1.055864 -1.011078
v 0.130637 1.176905 -0.893504
v 0.691623 1.110994 -0.990834
v 0.455585 1.147101 -1.006400
v 0.566786 1.128743 -1.012413
v 0.341226 1.162264 -0.939133
v 0.231129 1.171330 -0.915942
v 0.029960 1.179768 -0.867768
v -0.071605 1.179779 -0.837983
v -0.162521 1.178268 -0.810462
v -0.234481 1.176139 -0.794407
v -0.310464 1.172943 -0.784830
v -0.456429 1.161814 -0.881237
v -0.531744 1.157503 -0.845162
v -0.588147 1.155000 -0.791348
v 0.798967 1.079186 -1.019186
v -0.429693 1.166918 -0.763362
v -0.413535 1.164352 -0.890516
v -0.556750 1.156331 -0.823309
v 0.916526 1.051831 -1.017864
v 0.942832 1.053615 -1.012881
v -0.489377 1.163008 -0.778926
v -0.357290 1.169625 -0.819545
v -0.465498 1.164121 -0.791804
v 0.866804 1.071063 -1.009666
v 0.397312 1.155884 -0.968176
v -0.516298 1.161472 -0.760764
v -0.402094 1.167020 -0.812939
v -0.292633 1.172690 -0.827441
v -0.217372 1.175511 -0.839161
v -0.136096 1.177501 -0.859006
v -0.038573 1.178575 -0.885137
v 0.063538 1.177348 -0.909770
v 0.169113 1.173575 -0.930187
v 0.281103 1.166238 -0.949072
v 0.512415 1.140837 -0.983112
v 0.630236 1.120080 -0.995001
v 0.744434 1.097883 -1.003999
v 0.578538 1.283430 -0.866432
v 0.498033 1.323825 -0.823721
v 0.440148 1.422329 -0.706931
v 0.389241 1.322979 -0.792621
v 0.352502 1.356258 -0.748953
v 0.466938 1.256263 -0.870559
v 0.604251 1.274880 -0.855367
v 0.597560 1.276786 -0.860687
v 0.538778 1.247674 -0.880000
v 0.551216 1.245123 -0.871951
v 0.512312 1.261903 -0.874261
v 0.402834 1.354917 -0.765446
v 0.440053 1.319499 -0.810819
v 0.384858 1.388027 -0.726205
v 0.477803 1.286283 -0.849659
v -0.515479 1.150457 -0.944719
v -0.409010 1.168894 -0.748616
v -0.550263 1.109913 -0.998880
v -0.592251 0.898383 -1.086537
v -0.571669 1.049604 -1.026861
v -0.383401 1.176554 -0.694300
v -0.586228 0.950305 -1.066333
v -0.437928 1.165193 -0.803721
v 0.763729 1.143914 -0.959390
v 0.530733 1.188855 -0.922238
v 0.517790 1.310592 -0.839239
v 0.206124 1.189908 -0.877831
v 0.677272 1.355060 -0.830350
v 0.776731 1.421824 -0.787042
v 0.958017 1.431032 -0.792305
v 1.168940 1.464088 -0.770982
v 1.597451 1.442045 -0.783335
v 1.776645 1.426911 -0.792739
v 1.926239 1.389550 -0.814403
v 1.390622 1.448897 -0.781508
v 2.099226 1.311224 -0.853152
v 2.282246 1.212198 -0.898348
v 2.410480 1.137379 -0.931595
v 2.469035 1.102391 -0.946592
v -0.089610 1.199601 -0.785433
v 0.945862 1.068800 -1.003817
v 0.106864 1.197485 -0.847972
v 0.309156 1.180060 -0.905908
v 0.011163 1.200306 -0.818072
v 0.448995 1.214515 -0.898134
v 0.757350 1.125986 -0.971976
v 2.567392 1.109208 -0.912326
v 2.458803 1.156457 -0.907258
v 2.313025 1.241000 -0.870672
v 2.121696 1.341673 -0.823513
v 1.937160 1.421841 -0.782932
v 1.786674 1.459451 -0.762480
v 1.605579 1.476232 -0.753945
v 1.389046 1.484474 -0.751693
v 1.170406 1.481344 -0.752258
v 0.953691 1.468857 -0.753228
v 0.768738 1.444149 -0.760732
v 0.611118 1.398227 -0.779469
v 0.346771 1.375396 -0.727663
v 0.256661 1.346159 -0.729844
v 0.343055 1.268401 -0.830276
v 0.412683 1.304206 -0.816849
v 0.606578 1.427438 -0.745177
v 0.772575 1.463364 -0.735763
v 0.957625 1.483398 -0.733142
v 1.174476 1.493452 -0.735016
v 1.393905 1.494174 -0.737530
v 1.610682 1.484637 -0.742148
v 1.792017 1.466733 -0.750801
v 1.947352 1.427613 -0.771905
v 2.136890 1.345372 -0.813219
v 2.328577 1.243976 -0.861357
v 2.474633 1.158716 -0.898912
v 2.540682 1.107972 -0.926196
v 0.007002 1.280757 -0.715255
v 2.485339 1.160130 -0.893258
v 2.339262 1.245793 -0.855052
v 2.147406 1.347682 -0.806243
v 1.954449 1.431372 -0.764427
v 1.795696 1.471555 -0.742851
v 1.614210 1.490238 -0.734106
v 1.397356 1.500677 -0.727818
v 1.177362 1.501654 -0.723161
v 0.960451 1.493299 -0.719336
v 0.775578 1.476532 -0.718571
v 0.604213 1.447861 -0.721263
v 0.278799 1.302500 -0.780707
v 0.367671 1.339612 -0.770173
v 2.556847 1.108577 -0.917949
v 0.126788 1.309652 -0.725952
v -0.030272 1.241480 -0.746962
v 0.076224 1.250299 -0.773473
v 0.169352 1.245013 -0.806856
v -0.081994 1.254030 -0.713025
v 0.259998 1.223798 -0.849785
v 0.352296 1.205578 -0.885635
v 0.404018 1.239017 -0.870132
v 0.517238 1.153550 -0.951941
v 2.509549 1.105884 -0.936665
v 2.435669 1.149128 -0.919153
v 2.295919 1.230087 -0.884116
v 2.107543 1.329891 -0.838044
v 1.387491 1.468350 -0.767970
v 1.929074 1.408535 -0.798400
v 1.781001 1.445405 -0.777823
v 1.600652 1.461141 -0.769047
v 1.171239 1.445520 -0.785356
v 0.953430 1.449864 -0.775205
v 0.797581 1.402504 -0.806344
v 0.635225 1.371056 -0.811567
v 0.560655 1.291103 -0.860715
v 0.729591 1.063038 -1.051216
v 0.615374 1.090764 -1.056620
v 0.507869 1.117596 -1.057874
v 0.738882 1.092669 -1.019542
v 0.643855 1.148379 -0.955202
v 0.650558 1.164932 -0.942894
v 0.633292 1.121458 -0.984312
v 0.394758 1.137382 -1.059832
v 0.513189 1.141957 -0.969548
v 0.260822 1.150276 -1.059752
v 0.118944 1.154760 -1.058247
v 0.274498 1.165018 -0.991350
v -0.008266 1.019800 -1.140168
v 0.148953 1.172220 -0.979466
v -0.120863 1.144429 -1.048567
v 0.031031 1.175287 -0.965092
v -0.071167 1.175974 -0.947352
v -0.167063 1.174498 -0.928742
v -0.247879 0.894800 -1.156842
v -0.323623 0.894667 -1.142343
v -0.400229 0.897118 -1.126187
v -0.455800 1.167707 -0.714269
v -0.444674 1.132447 -1.009197
v -0.391682 1.068797 -1.052051
v -0.313010 1.065024 -1.066642
v -0.227181 1.068576 -1.077886
v -0.132959 1.009524 -1.122785
v -0.018289 1.109045 -1.083448
v 0.108770 1.082583 -1.110003
v 0.241529 1.088203 -1.107864
v 0.377186 1.071739 -1.110091
v 0.500699 1.029727 -1.115469
v 0.609457 0.967140 -1.121447
v 0.719967 0.925500 -1.115741
v -0.485731 0.898067 -1.108688
v -0.681433 1.081589 -0.975093
v -0.252504 1.171924 -0.913190
v 0.637975 1.131831 -0.970014
v -0.273545 1.174598 -0.789122
v -0.316115 1.195662 -0.696987
v -0.634402 1.137205 -0.926397
v -0.150537 1.231328 -0.714134
v -0.174520 1.195512 -0.761492
v -0.210242 1.217410 -0.708753
v -0.246178 1.188446 -0.749879
v -0.384957 1.168705 -0.774772
v -0.361628 1.176081 -0.731151
v -0.538229 1.132470 -0.982907
v -0.589902 0.918633 -1.078658
v -0.571505 1.155705 -0.808290
v -0.106812 0.917692 -1.172879
v 0.228884 0.969854 -1.182528
v 0.807669 0.439244 -1.146931
v 0.763112 0.539347 -1.160928
v 0.722870 0.656577 -1.169872
v 0.689419 0.772098 -1.168622
v 0.646560 0.829582 -1.170767
v 0.558111 0.864774 -1.180636
v 0.466441 0.920881 -1.181108
v 0.352792 0.958006 -1.182479
v 0.029248 0.934303 -1.188132
v 0.116118 0.958494 -1.184257
v -0.397502 1.172125 -0.724320
v 0.397420 1.157094 -0.950647
v 0.407690 1.169619 -0.930590
v 0.523469 1.171522 -0.934728
v 0.426538 1.190567 -0.911644
v -0.662436 1.111030 -0.955650
v -0.418431 1.167146 -0.767451
v -0.015132 1.151719 -1.054337
v -0.215092 1.137667 -1.041201
v -0.304482 1.134225 -1.031003
v -0.382786 1.132907 -1.019187
v -0.457965 1.073442 -1.039051
v -0.129655 1.086002 -1.083050
v 0.112254 1.122312 -1.082767
v 0.251043 1.122817 -1.082402
v 0.386980 1.108365 -1.083146
v 0.504670 1.078895 -1.084109
v 0.612713 1.039011 -1.084600
v 0.725405 1.007498 -1.076981
v 0.758492 0.775421 -1.154824
v 0.814744 0.664876 -1.150435
v 0.853983 0.552672 -1.143217
v 0.867616 0.484730 -1.134428
v 0.722271 0.831918 -1.154876
v 0.853331 0.986193 -1.061328
v 0.846763 0.913293 -1.094689
v 0.863885 1.064166 -1.018479
v 0.858007 1.034996 -1.039596
v 0.876419 1.101612 -0.985850
v 0.751702 1.110184 -0.984773
v 0.882119 1.120953 -0.973135
v 0.845493 0.830538 -1.126126
v 0.941040 0.781401 -1.101372
v 0.978417 0.686190 -1.097210
v 0.977230 0.517144 -1.108387
v 1.019780 0.593035 -1.095212
v 0.022442 0.873138 -1.199970
v 0.125263 0.902519 -1.200772
v 0.062085 0.887814 -1.201456
v 0.764048 0.430459 -1.159678
v 0.225695 0.911848 -1.200047
v 0.342162 0.904430 -1.198800
v 0.443205 0.875403 -1.193755
v 0.521012 0.832567 -1.189416
v 0.564979 0.798530 -1.189772
v 0.614448 0.746018 -1.186060
v 0.679922 0.642073 -1.175984
v 0.721238 0.529973 -1.167110
v 0.743901 0.535088 -1.166206
v 0.703227 0.651026 -1.175064
v 0.636637 0.757161 -1.185149
v 0.585896 0.811820 -1.188877
v 0.537967 0.849113 -1.188580
v 0.453427 0.895116 -1.192959
v 0.346594 0.925989 -1.198022
v 0.226903 0.935130 -1.199313
v 0.739227 0.432099 -1.160610
v 0.046206 0.904101 -1.201996
v 0.120011 0.923887 -1.200291
v -0.007989 0.880730 -1.200444
v 1.132674 0.282302 -1.032633
v 0.875080 0.282247 -1.049189
v 0.735763 0.282259 -1.055306
v 0.761322 0.282259 -1.054506
v 0.804629 0.282259 -1.053084
v 0.807847 0.422688 -1.152182
v 0.765336 0.418180 -1.159204
v 0.739649 0.419291 -1.160084
v 0.869580 0.432033 -1.139347
v 1.082995 0.461970 -1.095401
v 0.807137 0.409326 -1.156143
v 0.765049 0.409138 -1.157922
v 0.739042 0.409186 -1.158739
v 0.870541 0.409689 -1.148051
v 1.108963 0.410800 -1.110840
v 0.735620 0.460689 -1.162429
v 0.758771 0.460876 -1.161524
v 0.982078 0.491352 -1.099424
v 0.868701 0.456531 -1.129478
v 0.804406 0.469792 -1.147215
v 0.806350 0.365432 -1.123923
v 0.763855 0.365434 -1.125433
v 0.737994 0.365434 -1.126242
v 0.872213 0.365398 -1.117311
v 1.117895 0.365533 -1.086629
v 0.777105 1.156766 -0.932545
v 0.669663 1.175444 -0.917129
v 0.601634 1.275625 -0.857447
v 0.962427 1.409016 -0.790349
v 0.557411 1.198568 -0.897795
v 0.891986 1.138183 -0.944841
v 0.712374 1.338431 -0.827264
v 0.816034 1.381694 -0.804837
v 2.392014 1.118528 -0.927585
v 2.089926 1.288596 -0.850575
v 1.590777 1.419257 -0.780288
v 1.387477 1.425934 -0.778013
v 2.270038 1.189981 -0.895309
v 1.769345 1.404432 -0.790036
v 2.442167 1.089021 -0.940926
v 1.919842 1.366780 -0.812300
v 1.169813 1.423097 -0.782198
v 1.170779 1.430600 -0.787993
v 1.922744 1.374308 -0.817998
v 2.445956 1.095636 -0.946958
v 1.772283 1.411948 -0.795757
v 2.273172 1.197486 -0.901044
v 1.390179 1.433469 -0.783768
v 1.593690 1.426785 -0.786023
v 2.092944 1.296117 -0.856291
v 2.395399 1.125880 -0.933366
v 0.811549 1.388124 -0.811030
v 0.704475 1.343515 -0.834129
v 0.888271 1.135195 -0.956316
v 0.545413 1.198881 -0.907379
v 0.960735 1.416231 -0.796220
v 0.590486 1.278955 -0.865140
v 0.661238 1.175000 -0.927354
v 0.771763 1.155665 -0.943249
v 0.783157 0.365434 -1.124829
v 0.777853 0.463779 -1.156597
v 0.784521 0.409189 -1.157237
v 0.784404 0.419401 -1.156782
v 0.780262 0.282259 -1.053913
v 0.111412 1.014322 -1.153217
v 0.005457 0.984431 -1.160548
v 0.362484 1.008692 -1.152560
v 0.486172 0.960485 -1.158345
v 0.588439 0.885389 -1.165814
v 0.609587 0.821096 -1.182414
v 0.657921 0.764702 -1.179326
v 0.750464 0.662400 -1.160157
v 0.790202 0.545014 -1.151103
v 0.782799 0.432948 -1.155355
v 0.232127 1.024839 -1.150189
v -0.051826 0.894395 -1.191359
v -0.618502 1.099460 -0.985157
v -0.440440 1.166722 -0.759188
v -0.417476 1.170448 -0.721770
v -0.637482 0.996977 -1.035344
v -0.593428 1.134367 -0.955329
v -0.507985 1.076402 -1.029067
v -0.310506 1.181867 -0.740257
v -0.339202 1.171436 -0.781243
v -0.264641 1.206359 -0.702985
v -0.552607 0.898478 -1.095164
v -0.488694 1.131845 -1.000826
v -0.702642 1.121193 -0.912049
v -0.544685 1.156856 -0.835141
v -0.667554 1.142479 -0.887205
v -0.723102 1.091852 -0.924385
v -0.434817 1.169153 -0.718842
v 0.961321 1.122467 -0.964282
v 0.964555 1.127179 -0.952211
v 1.016407 0.365445 -1.099634
v 1.055356 0.514781 -1.080361
v 1.010186 0.410367 -1.126572
v 0.996332 0.450154 -1.113138
v 1.026960 0.282266 -1.039568
v 0.958306 0.574240 -1.119020
v 1.044845 0.540292 -1.088159
v 0.918157 0.674748 -1.122862
v 0.872063 0.778391 -1.125349
v 0.923754 0.828583 -1.104641
v 0.955576 1.106462 -0.981450
v 0.950074 1.086428 -0.993994
v 0.937954 1.017600 -1.032565
v 0.941608 1.045985 -1.017580
v 0.925849 0.906037 -1.080345
v 0.933022 0.973252 -1.052167
v 0.871500 1.084969 -0.996817
v 0.921186 0.851168 -1.101254
v -0.733758 1.073737 -0.928973
v -0.532784 0.983540 -1.064216
v -0.633246 1.045203 -1.014391
v 0.841769 0.854449 -1.120837
v -0.561219 1.084854 -1.011331
v -0.690963 1.061840 -0.984022
v -0.473221 0.980704 -1.076448
v 0.715873 0.859761 -1.146866
v 0.606327 0.909770 -1.150831
v 0.497173 0.990467 -1.140452
v 0.369384 1.042055 -1.131774
v 0.235309 1.060040 -1.128428
v 0.108932 1.050842 -1.131819
v -0.133466 0.947101 -1.154778
v -0.397305 0.976195 -1.092265
v -0.319442 0.971524 -1.108340
v -0.238929 0.973807 -1.121312
v -0.014352 1.058755 -1.115245
v 0.943495 1.057489 -1.010482
v -0.461147 1.165950 -0.750049
v -0.391619 1.165610 -0.893832
v -0.514596 1.158466 -0.855004
v 0.868343 1.074498 -1.005152
v 0.397799 1.153899 -1.002268
v -0.580162 0.999322 -1.047156
v -0.488017 1.164367 -0.736561
v -0.435235 1.163065 -0.886628
v -0.328968 1.168662 -0.902008
v -0.198993 1.177324 -0.801134
v -0.119623 1.179119 -0.823191
v -0.021193 1.180074 -0.853154
v 0.080680 1.178678 -0.881224
v 0.180130 1.174538 -0.904845
v 0.285277 1.167097 -0.927416
v 0.511133 1.138760 -1.009484
v 0.624427 1.117200 -1.015854
v 0.747337 1.100398 -0.996035
v 0.508177 1.227027 -0.889988
v 0.521581 1.225074 -0.881622
v 0.481560 1.242621 -0.883294
v 0.455418 1.377285 -0.758552
v 0.481422 1.342149 -0.801829
v 0.442181 1.406558 -0.724089
v 0.451941 1.270178 -0.856522
v -0.476073 1.160682 -0.873710
v 2.465742 1.087897 -0.940555
v 2.543692 1.089098 -0.925811
v 0.951762 1.054103 -0.998858
v 0.959902 1.088043 -0.979810
v 2.538326 1.121528 -0.895358
v 2.581482 1.092933 -0.904492
v 2.420347 1.192980 -0.865316
v 2.251211 1.287792 -0.821239
v 2.047991 1.387769 -0.772310
v 1.873463 1.448796 -0.741292
v 1.713491 1.474762 -0.727109
v 1.508053 1.490417 -0.720410
v 1.289324 1.496049 -0.713051
v 1.069310 1.493944 -0.708881
v 0.864312 1.481733 -0.703601
v 0.694471 1.463498 -0.703354
v 0.517249 1.432235 -0.700249
v 0.313425 1.378207 -0.697629
v 0.202041 1.347162 -0.694351
v 2.566149 1.088306 -0.917043
v -0.041341 1.274003 -0.686780
v 2.578407 1.088331 -0.910230
v 0.076180 1.309818 -0.690867
v 0.955505 1.070693 -0.989462
v -0.112552 1.250832 -0.686467
v 2.502697 1.088822 -0.935310
v 0.928294 0.836722 -1.090148
v -0.743588 1.068844 -0.899210
v 0.946406 1.026974 -1.013656
v -0.287217 0.869586 -1.148038
v -0.358757 0.871966 -1.132791
v -0.442323 0.873238 -1.115239
v 0.935704 0.937720 -1.053006
v -0.732334 1.105259 -0.882833
v -0.575320 0.878263 -1.086005
v -0.665906 1.028830 -1.000468
v -0.310505 1.192208 -0.685216
v -0.364779 1.170029 -0.691516
v -0.647227 1.137989 -0.834575
v -0.410652 1.160601 -0.696704
v -0.167513 1.231711 -0.686538
v -0.215161 1.218511 -0.686091
v -0.447715 1.157218 -0.704129
v -0.488680 1.153390 -0.718997
v 1.071380 0.494056 -1.071098
v -0.059513 0.865275 -1.185139
v -0.210140 0.867280 -1.163575
v 0.941970 0.991417 -1.030428
v -0.708775 1.129618 -0.871255
v 0.934747 0.811170 -1.089850
v 0.960104 0.737736 -1.085286
v 1.002458 0.634845 -1.082890
v 1.037988 0.564001 -1.079524
v 0.721706 0.426429 -1.149278
v 0.023069 0.866775 -1.187492
v 0.170238 0.893168 -1.188751
v 0.052673 0.873290 -1.188720
v 0.097970 0.882136 -1.189400
v 0.631600 0.692989 -1.170309
v 0.569421 0.770328 -1.178116
v 0.284034 0.894855 -1.188261
v 0.476302 0.841469 -1.179648
v 0.388836 0.878753 -1.185501
v 0.532802 0.802965 -1.178229
v 0.687835 0.577946 -1.160093
v 0.714325 0.487673 -1.153280
v -0.009003 0.868124 -1.186975
v 1.148989 0.259805 -0.987430
v 0.716195 0.259827 -1.005096
v 1.108840 0.425673 -1.094719
v 0.721822 0.416496 -1.149110
v 1.121583 0.399812 -1.092064
v 0.721405 0.401476 -1.140519
v 1.054457 0.530129 -1.070282
v 0.720464 0.444821 -1.150366
v 1.134980 0.331518 -1.051394
v 0.719209 0.332773 -1.085175
v 0.965867 1.106502 -0.965891
v 0.879159 1.402853 -0.785985
v 0.759864 1.367112 -0.805001
v 0.656023 1.313794 -0.830670
v 0.520294 1.201751 -0.880616
v 0.969947 1.115944 -0.947346
v 0.724899 1.154572 -0.921634
v 0.612638 1.175008 -0.903336
v 0.831322 1.136672 -0.934001
v 1.061185 1.423009 -0.775517
v 1.280753 1.431622 -0.769097
v 1.685711 1.418468 -0.773631
v 1.847835 1.394792 -0.788491
v 2.003409 1.336808 -0.819225
v 2.187880 1.242420 -0.862893
v 2.454978 1.088441 -0.933286
v 1.489527 1.429090 -0.767895
v 2.346099 1.151697 -0.903888
v 2.428702 1.103140 -0.925850
v 0.969686 1.113872 -0.953474
v 2.459935 1.090101 -0.937679
v -0.132431 0.865614 -1.175957
v -0.608143 0.927585 -1.058241
v -0.392509 1.163238 -0.694503
v -0.526192 0.872480 -1.098539
v -0.261383 1.206425 -0.685548
v -0.707512 1.057663 -0.954765
v -0.424402 1.159242 -0.698680
v 0.940646 1.120275 -0.943851
v 0.928534 0.868251 -1.081021
v -0.745914 1.081013 -0.886200
v 0.949890 1.046232 -1.003277
v -0.532297 1.149032 -0.748930
v 0.386182 1.398636 -0.698680
v 0.548591 1.249435 -0.860937
v 1.796467 1.464342 -0.732650
v 2.149867 1.340038 -0.795879
v 2.341644 1.238276 -0.844634
v 1.955836 1.424019 -0.754155
v 2.480883 1.088029 -0.939936
v 0.957549 1.079240 -0.984864
v 2.568339 1.102555 -0.901558
v 2.556984 1.088595 -0.921385
v 2.487571 1.152746 -0.882868
v 1.398999 1.494339 -0.716595
v 1.615423 1.483594 -0.723523
v 1.178989 1.496168 -0.710862
v 0.962554 1.488759 -0.705957
v 0.778058 1.473799 -0.703279
v 0.349009 1.388109 -0.698352
v 0.262836 1.364265 -0.696146
v 0.604906 1.449338 -0.702052
v 2.572855 1.088200 -0.913390
v 0.139412 1.328822 -0.692702
v -0.081610 1.261251 -0.686268
v 2.582793 1.089144 -0.907283
v 0.013400 1.290793 -0.688594
v 0.953420 1.061502 -0.994610
v 2.524942 1.089338 -0.930326
v 0.927619 0.847870 -1.087825
v -0.322628 0.870834 -1.140493
v -0.398849 0.872845 -1.124277
v -0.555383 0.872858 -1.092450
v 0.939190 0.967706 -1.040559
v -0.740151 1.091741 -0.885268
v 0.948354 1.038708 -1.007454
v -0.338592 1.179502 -0.688464
v -0.140889 1.240777 -0.686593
v -0.191982 1.224557 -0.686344
v -0.238205 1.212494 -0.685854
v -0.468612 1.155285 -0.711137
v -0.686998 1.134572 -0.860071
v -0.504068 1.151886 -0.727656
v 1.060336 0.516135 -1.066998
v -0.171193 0.866475 -1.170055
v -0.249393 0.868374 -1.155969
v -0.727945 1.063127 -0.925075
v -0.417566 1.159832 -0.697648
v -0.636333 0.980366 -1.030152
v -0.402163 1.161784 -0.695629
v 0.944303 1.011115 -1.021444
v -0.722416 1.119268 -0.878090
v 0.930030 0.827485 -1.090693
v 0.944628 0.780904 -1.087660
v 0.980466 0.685870 -1.083790
v 1.022420 0.593734 -1.081877
v -0.031238 0.867134 -1.186534
v 0.718821 0.461347 -1.151461
v 0.072899 0.877370 -1.189225
v 0.036825 0.869340 -1.188080
v 0.128860 0.887965 -1.189130
v 0.435407 0.861877 -1.182490
v 0.224815 0.895789 -1.188564
v 0.338790 0.889564 -1.187390
v 0.508842 0.820838 -1.178280
v 0.662766 0.636369 -1.165030
v 0.598134 0.738650 -1.175073
v 0.550152 0.788793 -1.178721
v 0.704658 0.527041 -1.156136
v 0.008560 0.867004 -1.187140
v 1.143146 0.290168 -1.023358
v 0.721828 0.420320 -1.149126
v 1.090508 0.458708 -1.083065
v 0.721765 0.413798 -1.148518
v 1.117420 0.412377 -1.097225
v 0.720496 0.372644 -1.117813
v 1.048077 0.544145 -1.075222
v 0.721279 0.434024 -1.149674
v 1.127280 0.371250 -1.075345
v 0.717762 0.290850 -1.048098
v 0.813752 1.387070 -0.794549
v 0.709178 1.343022 -0.816803
v 0.517467 1.225794 -0.868762
v 0.963987 1.116957 -0.945940
v 0.669988 1.164178 -0.913094
v 0.557897 1.187340 -0.893148
v 0.776713 1.145647 -0.928311
v 0.968051 1.111310 -0.959234
v 1.169950 1.428738 -0.771858
v 1.386825 1.431567 -0.767694
v 1.770397 1.409554 -0.779469
v 1.923066 1.370996 -0.801776
v 2.094104 1.292300 -0.840204
v 2.274614 1.193451 -0.885026
v 1.590678 1.424725 -0.769856
v 2.396683 1.121950 -0.917330
v 2.446540 1.092780 -0.930669
v 2.458468 1.088287 -0.935403
v 0.962930 1.098083 -0.973133
v 0.962505 1.414567 -0.779903
v 0.970658 1.115219 -0.949542
v 2.461265 1.090333 -0.938918
v -0.094223 0.864959 -1.181443
v -0.486747 0.873002 -1.106310
v -0.284940 1.200159 -0.685198
v -0.688118 1.051070 -0.977555
v -0.433448 1.158483 -0.700350
v 0.891402 1.127479 -0.939544
v 0.931661 0.901285 -1.068002
v -0.748475 1.074100 -0.888186
v 0.950820 1.050142 -1.001102
v -0.587351 1.143528 -0.790856
v 0.442370 1.414134 -0.699160
v 0.598761 1.279988 -0.846634
v -0.589891 0.894061 -1.076133
v -0.381314 1.165262 -0.693363
v 2.160555 1.286279 0.844538
v 1.654171 1.462820 0.722281
v 0.809191 1.448708 0.673070
v 1.232840 1.476964 0.692387
v 0.504611 1.352295 0.697299
v 2.439123 1.124707 0.932217
v 1.965866 1.382928 0.784811
v 1.809912 1.439008 0.745744
v 0.588073 1.318061 0.740960
v 0.436828 1.213903 0.783627
v 0.657482 1.161712 0.839584
v 0.647592 1.410142 0.679924
v 1.237145 1.440201 0.717932
v 1.642454 1.427312 0.747842
v 1.801163 1.404224 0.772659
v 1.953072 1.347210 0.812659
v 2.135138 1.252927 0.868051
v 2.405664 1.092022 0.957077
v 2.487741 1.096305 0.944525
v 0.361410 1.271636 0.721731
v 1.014330 1.466883 0.681126
v 1.449918 1.474457 0.704965
v 1.446886 1.437810 0.729869
v 2.291165 1.162055 0.918844
v 2.375142 1.111513 0.946795
v 0.187810 1.175365 0.770955
v 0.891729 1.059828 0.919152
v 0.400167 1.154367 0.832100
v 0.089213 1.181934 0.739533
v -0.106232 1.185770 0.668953
v -0.267385 1.180973 0.613494
v 0.291042 1.231780 0.733807
v 0.900795 1.094104 0.900445
v 0.648328 1.145029 0.853872
v 0.421325 1.190976 0.798583
v 2.484740 1.129402 0.913002
v 2.527548 1.100252 0.925222
v 2.325815 1.192345 0.896244
v 2.368524 1.201188 0.875412
v 2.202442 1.296415 0.820390
v 2.002329 1.396705 0.758576
v 1.829219 1.458248 0.716208
v 1.669587 1.484290 0.692033
v 1.464530 1.499784 0.672739
v 1.246350 1.505659 0.651346
v 1.026631 1.503328 0.633721
v 0.821964 1.491106 0.615585
v 0.651987 1.472376 0.605277
v 0.474609 1.440589 0.591512
v 0.270892 1.386281 0.576293
v 0.159842 1.355267 0.565991
v 1.661053 1.473491 0.708448
v 1.981309 1.390505 0.772461
v 2.511739 1.096278 0.936053
v 2.461313 1.127239 0.923497
v 2.345082 1.197608 0.886388
v 2.178940 1.292246 0.833290
v 1.818188 1.448736 0.732117
v 1.455958 1.486753 0.690372
v 0.486714 1.388412 0.653306
v 0.310545 1.307622 0.671396
v 0.207572 1.259451 0.682416
v 1.238000 1.490626 0.674198
v 1.019324 1.483601 0.660153
v 0.813326 1.467993 0.647630
v 0.646301 1.437360 0.647256
v -0.082805 1.282440 0.542755
v 1.665648 1.479306 0.699609
v 1.992627 1.393844 0.764984
v -0.196446 1.184194 0.634176
v 2.473927 1.128335 0.917846
v 2.357705 1.199535 0.880478
v 2.191595 1.294491 0.826344
v 1.824128 1.453858 0.723551
v 1.460574 1.493770 0.680877
v 0.272243 1.342351 0.622771
v 0.138483 1.291876 0.625077
v 1.242496 1.498720 0.661893
v 1.023258 1.494223 0.645920
v 0.817978 1.480438 0.630375
v 0.649363 1.456215 0.624651
v 2.524354 1.095943 0.930402
v 0.478184 1.415624 0.620318
v -0.080281 1.256923 0.574141
v -0.007232 1.185483 0.706187
v 0.034289 1.318040 0.554454
v 0.006964 1.270587 0.595946
v 0.895769 1.076262 0.910083
v 0.642020 1.129329 0.864858
v 0.410575 1.173022 0.811079
v -0.153907 1.259476 0.537716
v 0.129442 1.212415 0.705985
v 0.232274 1.198659 0.748455
v -0.154529 1.221642 0.586785
v 0.042401 1.221959 0.667303
v -0.055050 1.221081 0.630743
v 2.445234 1.095051 0.952305
v 0.546202 1.332082 0.724517
v 0.395558 1.242489 0.755911
v 0.672853 1.389874 0.704409
v 0.817087 1.428733 0.694280
v 1.013533 1.448540 0.698563
v 1.234661 1.458378 0.707746
v 1.805018 1.421836 0.761255
v 1.448072 1.456083 0.719603
v 2.146368 1.270234 0.858116
v 2.405660 1.118887 0.941121
v 0.292224 1.166078 0.802173
v 0.354316 1.211086 0.768580
v 2.307016 1.177876 0.909218
v 1.958181 1.365544 0.800633
v 1.647985 1.445187 0.737154
v 0.320943 1.186508 0.781392
v 0.865516 0.838593 1.009889
v 0.587122 0.853943 1.052819
v 0.480126 0.939824 1.038205
v 0.365537 1.007127 1.021582
v 0.231217 1.042529 1.006855
v 0.104539 1.044095 0.999261
v -0.016146 1.024434 0.997734
v -0.128087 0.974875 1.002081
v 0.755078 0.504397 1.045893
v -0.455584 1.155416 0.798760
v -0.801974 1.074631 0.709319
v -0.382094 1.158187 0.813904
v 0.002283 1.167654 0.881304
v 0.273104 1.154807 0.908507
v 0.886892 1.032035 0.933889
v 0.614199 1.094990 0.932310
v 0.501127 1.121175 0.924202
v 0.394547 1.140757 0.917576
v 0.635199 1.114219 0.879635
v -0.115291 1.167185 0.863950
v 0.540888 1.183405 0.813138
v 0.517614 1.135239 0.857043
v 0.530855 1.167824 0.827137
v 0.524559 1.152006 0.838865
v 0.137539 1.164472 0.895597
v -0.207466 1.164469 0.847756
v -0.303179 1.161289 0.829949
v -0.356462 0.874324 0.990752
v -0.426969 0.876570 0.971108
v -0.509322 0.877685 0.948422
v -0.139728 1.069811 0.945818
v 0.874319 0.941833 0.972830
v -0.493542 1.031267 0.885696
v -0.788492 1.111902 0.694404
v 0.601075 0.983528 0.992440
v 0.491409 1.032286 0.985728
v 0.381001 1.075982 0.975514
v -0.019750 1.096545 0.950199
v 0.250387 1.101786 0.964931
v 0.113436 1.107142 0.956183
v -0.248268 1.034836 0.940034
v -0.339732 1.022885 0.925449
v -0.417013 1.024649 0.906612
v -0.604414 1.041480 0.853765
v -0.640397 0.882564 0.910947
v -0.546147 1.151360 0.774708
v -0.726120 1.033837 0.819461
v -0.637526 1.148022 0.720721
v -0.708896 1.088884 0.793657
v -0.351331 1.200477 0.524565
v -0.405208 1.181231 0.521961
v -0.694196 1.149447 0.646194
v -0.450006 1.172043 0.522802
v -0.208730 1.240638 0.533996
v -0.234740 1.207232 0.571228
v -0.299397 1.197231 0.557752
v -0.255918 1.227433 0.530735
v -0.341390 1.176658 0.598973
v -0.436693 1.169632 0.578356
v -0.479785 1.167889 0.563371
v -0.487175 1.168684 0.527963
v -0.528980 1.164858 0.540169
v 1.007942 0.497833 0.999603
v 0.704482 0.423322 1.057005
v 0.761895 0.435913 1.044870
v 0.666488 0.592947 1.065036
v 0.609840 0.712001 1.071694
v 0.504928 0.832798 1.072783
v 0.435390 0.881638 1.069240
v 0.334763 0.923980 1.067735
v 0.218663 0.946015 1.062655
v 0.098572 0.944473 1.055776
v -0.064304 0.901648 1.049483
v -0.131086 0.867595 1.043080
v -0.280423 0.871899 1.011158
v 0.729071 0.603387 1.051283
v 0.676681 0.723602 1.056890
v 0.544710 0.795713 1.075242
v 0.621425 0.810852 1.057692
v 0.692070 0.491892 1.059873
v 0.005117 0.926075 1.052010
v -0.138412 1.123940 0.914585
v 0.606987 1.050892 0.960782
v 0.495501 1.083405 0.956534
v 0.388448 1.112306 0.950713
v -0.015446 1.135964 0.924818
v 0.261951 1.131597 0.943234
v 0.122624 1.139398 0.933982
v 0.881680 0.995805 0.950622
v -0.483124 1.103342 0.855113
v -0.235275 1.109027 0.904660
v -0.329338 1.101836 0.890018
v -0.408744 1.101008 0.873084
v -0.580766 1.106981 0.827857
v -0.685859 1.121266 0.769027
v -0.760523 1.139874 0.682575
v 0.771280 0.726229 1.045118
v 0.724090 0.812332 1.042781
v 0.819833 0.609629 1.044135
v 0.847745 0.523930 1.038100
v 0.759581 1.122870 0.875308
v 0.753595 1.106431 0.885926
v 0.708803 0.842915 1.039486
v 0.732755 1.067673 0.933950
v 0.747792 1.091766 0.897914
v 0.719225 0.961463 0.985275
v 0.726087 1.025682 0.956672
v 0.872454 0.811723 1.010005
v 0.898697 0.738989 1.006777
v 0.940816 0.636468 1.007083
v 0.976132 0.564164 1.006195
v 0.856230 0.459657 1.026941
v 0.652657 0.425984 1.056412
v -0.047574 0.865214 1.050739
v 0.099556 0.893148 1.061325
v -0.017891 0.872244 1.053893
v 0.027445 0.881870 1.057456
v 0.561750 0.692291 1.071760
v 0.499018 0.770109 1.075685
v 0.213198 0.894880 1.067954
v 0.406076 0.841331 1.071392
v 0.318396 0.878675 1.071765
v 0.462116 0.803267 1.073491
v 0.618433 0.577248 1.065079
v 0.645148 0.486970 1.059934
v -0.079523 0.866455 1.048205
v 0.098483 0.921918 1.061291
v -0.042892 0.887858 1.053973
v 0.013460 0.905825 1.057288
v 0.591606 0.705060 1.072694
v 0.216161 0.923724 1.068047
v 0.526595 0.786526 1.076548
v 0.327626 0.904440 1.072053
v 0.423283 0.865386 1.071930
v 0.487412 0.821965 1.074283
v 0.648517 0.587394 1.066020
v 0.674427 0.489714 1.060850
v 0.685331 0.423558 1.057434
v 1.089557 0.249019 0.915106
v 0.708482 0.249004 0.906966
v 0.768837 0.249002 0.908681
v 0.885339 0.249000 0.911207
v 0.656417 0.249004 0.905337
v 0.689446 0.249004 0.906370
v 0.862247 0.421901 1.044940
v 1.043841 0.429285 1.025586
v 0.760534 0.417121 1.055154
v 0.652801 0.415173 1.056254
v 0.684720 0.414641 1.057253
v 0.705235 0.414573 1.057693
v 1.056588 0.394791 1.023167
v 0.684823 0.394760 1.046508
v 0.705459 0.394760 1.047153
v 0.865970 0.394711 1.039599
v 0.760931 0.394746 1.047134
v 0.652999 0.394760 1.045512
v 0.761119 0.457230 1.042727
v 0.992934 0.528475 0.997919
v 0.701115 0.442998 1.057619
v 0.853993 0.483280 1.025646
v 0.651354 0.444117 1.057405
v 0.682777 0.442662 1.058389
v 1.071950 0.325395 0.982809
v 0.686687 0.325308 0.990556
v 0.706560 0.325308 0.991177
v 0.874861 0.325284 0.989259
v 0.764359 0.325299 0.991976
v 0.654289 0.325308 0.989541
v 0.827013 1.410582 0.708902
v 1.013588 1.431353 0.710282
v 0.700576 1.373537 0.720687
v 0.908287 1.114974 0.885054
v 0.767400 1.141613 0.860284
v 0.834499 1.395633 0.701021
v 0.716484 1.360749 0.712507
v 0.612187 1.308423 0.731818
v 0.473682 1.211143 0.770708
v 0.914425 1.126961 0.862078
v 0.672118 1.165850 0.819514
v 0.561413 1.186231 0.794422
v 0.777399 1.147921 0.838849
v 1.015479 1.415641 0.701952
v 1.234496 1.424127 0.709162
v 1.637043 1.411299 0.739137
v 1.796086 1.388263 0.764096
v 1.947744 1.331105 0.804222
v 2.128586 1.237027 0.859195
v 2.390471 1.083111 0.945988
v 1.442344 1.421718 0.721080
v 2.283689 1.146452 0.909927
v 2.364735 1.097881 0.936985
v 0.774289 1.147151 0.845723
v 0.832020 1.399869 0.705052
v 0.913649 1.124476 0.869420
v 0.712605 1.364312 0.716787
v 2.285301 1.151108 0.913985
v 2.366346 1.102477 0.941066
v 1.949356 1.335761 0.808280
v 2.130198 1.241683 0.863253
v 1.443955 1.426373 0.725138
v 1.638654 1.415955 0.743195
v 1.235253 1.428782 0.713193
v 1.797698 1.392919 0.768155
v 2.395071 1.084966 0.950768
v 0.667384 1.165652 0.825859
v 0.554542 1.186426 0.800283
v 0.465118 1.211819 0.776111
v 0.606297 1.310976 0.736470
v 1.013096 1.420236 0.705894
v 0.726146 0.427460 1.052544
v -0.203452 0.869551 1.028699
v -0.097425 0.936984 1.026831
v 0.224678 0.994216 1.035497
v 0.101372 0.994156 1.028279
v 0.716077 0.496770 1.052981
v 0.690368 0.598460 1.058051
v 0.635536 0.718549 1.064694
v 0.574799 0.804887 1.067094
v 0.537012 0.845202 1.063818
v 0.458190 0.909988 1.054663
v 0.350203 0.965174 1.045511
v -0.005919 0.974788 1.025728
v 0.729956 0.249004 0.907638
v 0.725797 0.415404 1.057326
v 0.725908 0.394760 1.047793
v 0.723885 0.447874 1.051615
v 0.727498 0.325308 0.991832
v -0.592593 1.149572 0.749790
v -0.671368 0.931965 0.881169
v -0.656887 1.061587 0.827302
v -0.432077 1.174630 0.522016
v -0.460691 1.168546 0.570711
v -0.634693 1.113690 0.800247
v -0.553067 1.035325 0.869722
v -0.591990 0.876812 0.926558
v -0.502531 1.153398 0.788428
v -0.354658 1.188515 0.545055
v -0.302058 1.215056 0.527667
v -0.394409 1.172798 0.588026
v -0.533830 1.104815 0.842573
v -0.768469 1.063984 0.767780
v -0.744813 1.100925 0.753782
v -0.463575 1.170707 0.523957
v -0.663736 1.148324 0.690188
v -0.499880 1.166718 0.554107
v -0.719233 1.128909 0.733996
v 0.870099 1.100410 0.894902
v 0.864608 1.082884 0.904728
v 0.828488 0.839704 1.017646
v 0.852983 1.039862 0.933909
v 0.860065 1.066782 0.914451
v 0.840089 0.946173 0.975824
v 0.847447 1.002378 0.952013
v 0.948215 0.554836 1.014137
v 0.838434 0.811913 1.018468
v 0.870795 0.735750 1.016517
v 0.914546 0.629778 1.016472
v 0.974103 0.489326 1.005654
v 1.043409 0.249014 0.914242
v 1.002674 0.427651 1.029996
v 1.013276 0.394767 1.026973
v 0.962329 0.518270 1.004148
v 1.027289 0.325365 0.984314
v 0.877048 1.120734 0.879592
v 0.885612 1.131379 0.856361
v 0.882918 1.129346 0.864198
v 0.866040 0.871921 1.000390
v -0.504211 0.929614 0.927299
v -0.350995 0.923865 0.969029
v -0.423871 0.926125 0.949544
v -0.136111 1.008359 0.981891
v -0.803477 1.086495 0.696499
v 0.593873 0.899967 1.032202
v 0.486565 0.971533 1.020275
v 0.372293 1.033512 1.004511
v -0.019049 1.052743 0.979669
v 0.237785 1.066949 0.990352
v 0.107332 1.069849 0.982352
v -0.628808 0.936967 0.891502
v -0.721414 1.051940 0.811670
v -0.261207 0.939785 0.984069
v 0.710790 0.880826 1.023889
v -0.667652 0.976444 0.863082
v -0.578920 0.930771 0.907366
v -0.761429 1.075517 0.763976
v 0.830901 0.873995 1.006508
v 0.890129 1.051923 0.923471
v 0.062936 1.175745 0.778757
v 0.629119 1.109050 0.894094
v 0.397388 1.149335 0.855722
v 0.512579 1.130847 0.875561
v 0.283517 1.161254 0.830919
v 0.169213 1.170495 0.804384
v -0.039762 1.178325 0.749638
v -0.137655 1.178236 0.717510
v -0.227988 1.176553 0.687558
v -0.300429 1.174255 0.668007
v -0.375410 1.171063 0.653666
v -0.467032 1.165932 0.633651
v -0.521774 1.163575 0.606870
v -0.574373 1.160503 0.567253
v 0.743385 1.085356 0.907917
v -0.496240 1.164652 0.620852
v -0.425867 1.168307 0.643734
v -0.543946 1.162333 0.590848
v 0.857846 1.059208 0.920029
v 0.475835 1.252478 0.765053
v 0.411150 1.300982 0.712935
v 0.343521 1.406751 0.581878
v 0.375120 1.338546 0.664384
v 0.347409 1.370576 0.621479
v 0.444993 1.273855 0.744702
v 0.503356 1.244606 0.755473
v 0.495364 1.245928 0.760582
v 1.752388 1.473917 0.702656
v 0.907413 1.459419 0.675891
v 1.341595 1.477211 0.698271
v 0.572609 1.382360 0.688050
v 2.102761 1.348814 0.788597
v 2.291251 1.246682 0.849640
v 1.911139 1.433212 0.734451
v 0.443917 1.231788 0.773116
v 0.600345 1.172014 0.826988
v 0.724524 1.432453 0.674555
v 1.344010 1.440228 0.723233
v 1.725780 1.418571 0.758938
v 1.874314 1.381012 0.790358
v 2.042589 1.302783 0.839401
v 2.220472 1.204037 0.895514
v 2.422777 1.094025 0.955816
v 2.468814 1.107189 0.940416
v 0.652486 1.154176 0.847214
v 0.428140 1.201848 0.791929
v 0.385667 1.285734 0.717537
v 0.523244 1.340384 0.712860
v 0.380251 1.256385 0.740475
v 0.811949 1.438619 0.684303
v 1.123498 1.473082 0.686735
v 1.233036 1.468025 0.700496
v 1.803098 1.412565 0.768558
v 1.667618 1.481798 0.695821
v 1.547963 1.433495 0.738143
v 1.447687 1.446433 0.726253
v 2.140207 1.261139 0.864575
v 2.342170 1.131485 0.935797
v 1.997478 1.395274 0.761780
v 2.394078 1.099653 0.953152
v 2.388408 1.115479 0.945134
v -0.133581 1.148435 0.897529
v 0.137834 1.179032 0.755334
v -0.056755 1.185955 0.687913
v -0.232586 1.182785 0.622373
v 0.327730 1.252524 0.727392
v 0.898036 1.084857 0.905593
v 0.645110 1.137028 0.859143
v 0.325255 1.220829 0.752845
v 0.590703 1.156198 0.841075
v 0.893488 1.095624 0.899071
v 2.514538 1.110038 0.921362
v 2.501982 1.096423 0.940140
v 2.479333 1.128855 0.915424
v 2.363114 1.200362 0.877945
v 2.434644 1.160830 0.897223
v 2.390581 1.153764 0.916971
v 2.249094 1.237102 0.872160
v 2.298198 1.169636 0.915500
v 2.197019 1.295453 0.823367
v 2.061978 1.337327 0.813769
v 1.883420 1.416480 0.762395
v 1.955540 1.355859 0.808294
v 1.826674 1.456053 0.719879
v 1.736543 1.453455 0.732852
v 1.645102 1.435766 0.744046
v 1.556615 1.469625 0.712994
v 1.355711 1.503862 0.661880
v 1.571733 1.492981 0.682531
v 1.462552 1.496777 0.676808
v 1.136228 1.505672 0.642412
v 0.920010 1.498149 0.624078
v 0.735738 1.482982 0.610106
v 0.306398 1.396194 0.579243
v 0.493264 1.369848 0.675737
v 0.268304 1.363310 0.599470
v 0.150552 1.326451 0.593040
v 1.244423 1.502190 0.656620
v 1.024944 1.498775 0.639820
v 0.819971 1.485772 0.622980
v 0.650675 1.464295 0.614964
v 0.220454 1.372346 0.571628
v 0.562305 1.457924 0.598629
v 1.657731 1.469041 0.714912
v 1.973315 1.387770 0.778010
v 2.518722 1.096051 0.932925
v 2.451781 1.126329 0.927615
v 2.335912 1.195917 0.890786
v 2.169863 1.290298 0.838416
v 1.813972 1.444776 0.738410
v 1.452730 1.481457 0.697283
v 0.481808 1.403220 0.635283
v 0.336941 1.289383 0.697659
v 0.249150 1.244870 0.709389
v 1.234946 1.484582 0.683064
v 1.016592 1.475821 0.670399
v 0.810318 1.458916 0.660054
v 0.644822 1.423857 0.663448
v 0.261512 1.285419 0.675782
v 0.422434 1.361381 0.658873
v 0.564111 1.414625 0.649529
v 0.727095 1.455033 0.646125
v 0.912192 1.477134 0.652948
v 1.128541 1.488263 0.667142
v 1.347110 1.490061 0.681993
v 1.563194 1.481094 0.699099
v 1.743542 1.463682 0.719008
v 1.895113 1.425236 0.749348
v 2.079558 1.343910 0.801980
v 2.267780 1.242827 0.861578
v 2.411216 1.157827 0.907778
v 2.492079 1.108365 0.931900
v 0.097368 1.336972 0.560353
v -0.082081 1.267591 0.560683
v -0.122950 1.269793 0.539608
v 0.163078 1.234555 0.692209
v 0.206904 1.185083 0.759743
v 1.663597 1.476709 0.703555
v 1.987574 1.392354 0.768322
v -0.153796 1.185177 0.650292
v 2.468296 1.127838 0.920369
v 2.352070 1.198675 0.883116
v 2.185945 1.293489 0.829445
v 1.821476 1.451571 0.727375
v 1.458513 1.490637 0.685116
v 0.287327 1.324555 0.646463
v 0.173629 1.274736 0.655719
v 1.240489 1.495107 0.667387
v 1.021502 1.489481 0.652274
v 0.815901 1.474883 0.638078
v 0.647995 1.447798 0.634743
v 2.528793 1.096589 0.927937
v 0.475991 1.427987 0.605902
v -0.045352 1.261966 0.583507
v 2.423831 1.159435 0.902094
v 2.280418 1.244903 0.855150
v 2.092052 1.346550 0.794774
v 1.903742 1.429531 0.741326
v 1.748306 1.469193 0.710203
v 1.567792 1.487495 0.690178
v 1.351742 1.497492 0.671163
v 1.132680 1.497637 0.653826
v 0.916402 1.488450 0.637402
v 0.731749 1.470082 0.626730
v 0.562886 1.437829 0.622157
v 0.216869 1.321850 0.623287
v 0.404075 1.391514 0.620412
v 2.504693 1.108788 0.926248
v -0.179070 1.198431 0.613524
v 0.041203 1.184120 0.723297
v 0.082972 1.251770 0.647223
v -0.028290 1.299115 0.548120
v 0.066350 1.280769 0.608922
v 0.024167 1.294710 0.576082
v -0.021657 1.245416 0.613208
v 0.893513 1.067198 0.915027
v 0.404827 1.162806 0.821639
v 0.105061 1.194174 0.723404
v 0.259638 1.213945 0.740238
v -0.109166 1.242896 0.578506
v 0.012424 1.199565 0.688221
v -0.084779 1.200151 0.650741
v -0.004638 1.222433 0.649235
v -0.105810 1.219874 0.610825
v 0.085102 1.218328 0.685922
v -0.157282 1.241111 0.559189
v 0.180432 1.205547 0.727680
v 0.888234 1.077857 0.908729
v 0.584373 1.140564 0.852380
v 0.278521 1.192379 0.765962
v 2.468055 1.095810 0.948519
v 0.569194 1.324508 0.734828
v 0.411379 1.228477 0.770482
v 0.657934 1.399104 0.693236
v 1.013485 1.457721 0.690367
v 1.236369 1.448782 0.714349
v 1.807068 1.431051 0.753437
v 1.448540 1.465746 0.712407
v 2.152898 1.279172 0.851202
v 2.423279 1.122092 0.936721
v 0.239527 1.170936 0.786563
v 0.383843 1.201355 0.783720
v 2.316203 1.185948 0.902518
v 1.961145 1.375110 0.792497
v 1.650951 1.454578 0.729739
v 0.336987 1.198095 0.774255
v 0.374610 1.226804 0.762152
v 2.429976 1.104254 0.948352
v 2.364903 1.143344 0.928023
v 2.233307 1.221225 0.885585
v 2.050828 1.320630 0.828444
v 1.342467 1.458610 0.713128
v 1.877964 1.399085 0.778352
v 1.730810 1.436178 0.747982
v 1.551962 1.451598 0.727673
v 1.123715 1.454755 0.702906
v 0.909375 1.440360 0.695118
v 0.740258 1.411996 0.697563
v 0.608140 1.362730 0.713744
v 0.304787 1.174967 0.791760
v 0.489723 1.300530 0.735497
v 0.855319 0.838864 1.012201
v -0.162388 1.165997 0.855867
v 0.864878 0.850818 1.007314
v 0.532163 0.895779 1.046614
v 0.425462 0.977440 1.029779
v 0.299130 1.029136 1.013631
v 0.166768 1.046765 1.002141
v 0.042773 1.036789 0.997807
v -0.070837 1.005271 0.999111
v 0.705481 0.664218 1.054435
v -0.507329 0.897937 0.940185
v -0.579020 1.037297 0.862544
v -0.420883 1.156715 0.805913
v -0.060030 1.167758 0.872720
v 0.206281 1.160356 0.902322
v 0.878635 1.033925 0.933902
v 0.609638 1.076354 0.947858
v 0.556967 1.108478 0.928585
v 0.448199 1.131874 0.920758
v 0.497553 1.105023 0.942763
v 0.336212 1.148306 0.913596
v 0.391767 1.128331 0.938057
v -0.011710 1.153924 0.910664
v 0.483123 1.196422 0.799050
v 0.457955 1.145512 0.845026
v 0.472075 1.179627 0.812989
v 0.465255 1.163226 0.825144
v 0.527659 1.160014 0.832470
v 0.520869 1.142813 0.848095
v 0.535119 1.176472 0.820553
v 0.267416 1.144733 0.931451
v 0.068865 1.166749 0.888777
v 0.127935 1.153689 0.921588
v 0.577399 1.124697 0.868795
v 0.638412 1.120985 0.872468
v 0.884020 1.061435 0.917973
v -0.255960 1.162877 0.838873
v 0.745405 0.548261 1.048360
v -0.344050 1.159723 0.821777
v 0.759552 0.475224 1.043954
v -0.354330 0.893645 0.982280
v -0.391357 0.875510 0.981030
v -0.425760 0.895896 0.962698
v -0.466483 0.877370 0.960131
v -0.620795 0.877161 0.918655
v -0.138115 1.037311 0.964869
v 0.878358 0.971907 0.960623
v -0.488169 1.071506 0.868790
v -0.797280 1.097525 0.696176
v 0.597278 0.939608 1.013332
v 0.488856 1.000288 1.003930
v 0.376410 1.053595 0.990799
v -0.019840 1.073308 0.965750
v 0.243678 1.083421 0.978328
v 0.109868 1.087457 0.969963
v -0.241684 1.075182 0.920928
v -0.334303 1.065604 0.906372
v -0.412925 1.066269 0.888373
v -0.456295 1.027911 0.895934
v -0.378925 1.022761 0.916446
v -0.296371 1.025964 0.933672
v -0.195681 1.051136 0.943685
v -0.081329 1.085284 0.947872
v 0.045645 1.103748 0.952901
v 0.181929 1.106771 0.960216
v 0.317787 1.091402 0.970156
v 0.437768 1.056135 0.980680
v 0.545752 1.005996 0.990364
v 0.865929 0.942890 0.973711
v -0.481457 1.154362 0.793275
v -0.591927 1.079405 0.839326
v -0.635877 0.903781 0.903364
v -0.724284 1.040897 0.816422
v -0.698226 1.106078 0.781754
v 0.888818 1.044168 0.927652
v 0.032327 1.174045 0.829342
v 0.621811 1.104976 0.912052
v 0.398101 1.150615 0.840314
v 0.515540 1.131897 0.863723
v 0.278923 1.159722 0.869045
v 0.153691 1.169339 0.849403
v -0.077664 1.175954 0.805857
v -0.172214 1.175442 0.781625
v -0.265540 1.173287 0.757823
v -0.341356 1.170382 0.740193
v -0.379977 1.190237 0.523026
v -0.182264 1.249557 0.535862
v -0.380743 1.184396 0.537958
v -0.232919 1.233539 0.532303
v -0.200799 1.213061 0.578181
v -0.220632 1.223736 0.551624
v -0.251884 1.192019 0.593436
v -0.267774 1.202032 0.564430
v -0.278921 1.221306 0.529198
v -0.277166 1.211774 0.542371
v -0.370212 1.174663 0.593211
v -0.415479 1.167002 0.725656
v -0.447015 1.167674 0.597286
v -0.305321 1.178842 0.605758
v -0.322424 1.185007 0.578653
v -0.423027 1.173748 0.554005
v -0.466097 1.169754 0.545116
v -0.492598 1.166427 0.577936
v -0.508471 1.166751 0.533626
v -0.735993 1.145837 0.670535
v -0.544872 1.163357 0.547798
v 0.998088 0.517225 0.995492
v 0.714725 0.425008 1.055141
v 0.801167 0.445757 1.037237
v 0.682586 0.536952 1.062098
v 0.641641 0.653746 1.068430
v 0.524555 0.816183 1.074564
v 0.475251 0.855700 1.070765
v 0.387788 0.904981 1.068563
v 0.278236 0.937877 1.065717
v 0.157110 0.948010 1.059072
v -0.097508 0.885511 1.046681
v -0.241812 0.870717 1.020256
v -0.195246 0.930267 1.006441
v -0.265872 0.908989 0.997941
v -0.319170 0.873107 1.001045
v 0.574891 0.760742 1.074168
v 0.646270 0.774369 1.057846
v -0.114938 0.957173 1.013540
v 0.221308 0.967360 1.051116
v 0.099730 0.966446 1.044089
v 0.697738 0.461731 1.058456
v 0.703146 0.494047 1.056972
v 0.677534 0.595593 1.062095
v 0.621652 0.715210 1.068730
v 0.593336 0.808476 1.062513
v 0.519320 0.838855 1.068915
v 0.445594 0.894450 1.063044
v 0.341600 0.942255 1.058299
v -0.031145 0.914801 1.051003
v 0.606358 0.831650 1.056706
v 0.047859 0.936492 1.053457
v 0.000009 0.947492 1.040841
v -0.787669 1.069235 0.736230
v -0.727561 1.096295 0.775561
v -0.456797 1.171290 0.523305
v -0.678050 1.148851 0.669514
v -0.513554 1.165844 0.547557
v -0.697631 0.984910 0.851340
v -0.684394 1.076126 0.810941
v -0.441585 1.173208 0.522388
v 0.345330 1.160915 0.817612
v 0.363485 1.180469 0.796416
v 0.415813 1.181948 0.804062
v -0.139845 1.098308 0.929248
v 0.604317 1.020592 0.974971
v 0.493604 1.059722 0.970093
v 0.384961 1.095296 0.962326
v -0.017933 1.117195 0.936720
v 0.256434 1.117635 0.953389
v 0.117870 1.124238 0.944354
v 0.884506 1.015796 0.941683
v -0.475939 1.132678 0.838214
v -0.226806 1.140578 0.885710
v -0.322402 1.135631 0.870584
v -0.402265 1.133350 0.854588
v -0.568964 1.131859 0.812558
v -0.670351 1.135544 0.753327
v -0.776838 1.127496 0.689985
v -0.703304 1.124832 0.753016
v -0.080152 1.130809 0.919680
v -0.283236 1.104361 0.897857
v -0.370197 1.100822 0.881821
v -0.447763 1.102072 0.863750
v -0.510767 1.104225 0.848316
v -0.188516 1.116083 0.909913
v 0.052699 1.138958 0.929481
v 0.192938 1.136971 0.938672
v 0.327826 1.123305 0.947268
v 0.442922 1.098879 0.953670
v 0.550456 1.066655 0.959392
v 0.873342 0.997406 0.951032
v 0.745054 0.776425 1.044112
v 0.718209 0.724403 1.053032
v 0.666076 0.812023 1.051736
v 0.836900 0.560894 1.042130
v 0.768925 0.605023 1.049752
v 0.795374 0.511940 1.043669
v 0.903775 0.540298 1.026223
v 0.797244 0.667577 1.045117
v 0.702876 1.134264 0.864848
v 0.696690 1.118287 0.875669
v 0.647667 0.844506 1.047951
v 0.671411 1.081741 0.933817
v 0.690280 1.103661 0.888998
v 0.657644 0.970027 0.990196
v 0.664223 1.037851 0.959471
v 0.723002 0.996992 0.969129
v 0.714778 0.919123 1.005523
v 0.746045 1.088377 0.901774
v 0.728926 1.049518 0.945788
v 0.756499 1.114283 0.880687
v 0.750453 1.098297 0.892245
v 0.712808 0.831654 1.041596
v 0.867383 0.828371 1.010618
v 0.863451 0.811769 1.012431
v 0.882848 0.781723 1.008306
v 0.891712 0.738201 1.009329
v 0.919075 0.687418 1.006529
v 0.934313 0.634839 1.009395
v 0.960523 0.595028 1.007450
v 0.920642 0.475882 1.015239
v 0.852600 0.499017 1.031631
v -0.102305 0.867138 1.046542
v 0.649683 0.460639 1.058397
v 0.098971 0.908833 1.061306
v 0.002362 0.876762 1.055700
v -0.052989 0.893274 1.053433
v 0.019820 0.894929 1.057358
v -0.033778 0.867954 1.052218
v 0.058293 0.887876 1.059119
v 0.578027 0.699253 1.072270
v 0.217183 0.933417 1.067395
v 0.514052 0.779059 1.076156
v 0.365198 0.861706 1.071671
v 0.330728 0.913053 1.071583
v 0.415456 0.854445 1.071685
v 0.475907 0.813461 1.073923
v 0.154005 0.895802 1.064548
v 0.268083 0.889567 1.070515
v 0.438395 0.820890 1.072057
v 0.634834 0.582779 1.065592
v 0.661110 0.488466 1.060433
v 0.593152 0.635663 1.068439
v 0.670410 0.424662 1.056967
v 0.528045 0.738062 1.074429
v 0.479450 0.789052 1.075073
v 0.635400 0.526344 1.062181
v -0.061991 0.865259 1.049458
v 0.098237 0.931627 1.060593
v -0.031044 0.880773 1.053936
v 0.009068 0.914093 1.056608
v 0.601035 0.708985 1.072793
v 0.214813 0.910604 1.068005
v 0.535463 0.791606 1.076591
v 0.323428 0.892721 1.071923
v 0.428916 0.873178 1.071723
v 0.495660 0.827796 1.074285
v 0.657968 0.590518 1.066123
v 0.683644 0.490643 1.060947
v 0.695732 0.422948 1.057631
v 0.664870 0.533000 1.063103
v 0.623463 0.647420 1.069388
v 0.556760 0.752655 1.075327
v 0.506314 0.806438 1.075913
v 0.460117 0.842309 1.072736
v 0.378245 0.886831 1.072079
v 0.273709 0.916830 1.070691
v 0.155524 0.925234 1.064596
v 0.684550 0.431030 1.057781
v -0.017755 0.897032 1.055823
v 0.051432 0.914735 1.058937
v -0.062661 0.877523 1.051332
v 0.718625 0.249004 0.907283
v 0.815782 0.249000 0.909750
v 0.970837 0.249006 0.912873
v 0.674392 0.249004 0.905899
v 0.699830 0.249004 0.906695
v 0.859223 0.440449 1.035933
v 1.081585 0.282306 0.954158
v 0.761268 0.426020 1.050026
v 0.652810 0.420146 1.056275
v 0.687948 0.282259 0.952475
v 0.707349 0.282259 0.953082
v 0.864019 0.410007 1.047583
v 1.026151 0.463201 1.012450
v 0.760340 0.409457 1.056074
v 0.652802 0.409222 1.054911
v 0.685190 0.418579 1.057288
v 0.705057 0.418389 1.057302
v 0.715227 0.414910 1.057577
v 0.695829 0.414505 1.057576
v 0.669901 0.414883 1.056790
v 0.801352 0.419125 1.051231
v 0.938006 0.425063 1.036911
v 1.052376 0.410845 1.029764
v 0.684538 0.409155 1.055904
v 0.705290 0.409147 1.056528
v 0.869710 0.365397 1.018811
v 0.762362 0.365421 1.024363
v 0.653527 0.365434 1.022404
v 0.715423 0.394760 1.047465
v 0.695993 0.394760 1.046857
v 0.670025 0.394760 1.046045
v 0.802808 0.394722 1.044459
v 0.945293 0.394733 1.032907
v 0.761824 0.445433 1.042623
v 0.986512 0.542717 1.002430
v 0.703239 0.430965 1.057121
v 0.854704 0.472427 1.023501
v 0.652195 0.433381 1.056769
v 0.679818 0.460730 1.059340
v 0.668485 0.443324 1.057941
v 0.692595 0.442355 1.058528
v 0.985481 0.525990 0.999436
v 0.800654 0.467809 1.035452
v 0.711729 0.445027 1.055097
v 1.063066 0.365543 1.006462
v 0.685594 0.365434 1.023408
v 0.705907 0.365434 1.024044
v 0.880476 0.282247 0.954659
v 0.766591 0.282255 0.954398
v 0.655195 0.282259 0.951450
v 0.716609 0.325308 0.991491
v 0.697483 0.325308 0.990894
v 0.671767 0.325308 0.990088
v 0.808651 0.325283 0.991076
v 0.957123 0.325320 0.986655
v 0.758491 1.394228 0.713337
v 0.912715 1.422711 0.708256
v 0.900581 1.116310 0.883715
v 0.769900 1.380155 0.705426
v 0.665766 1.337216 0.721209
v 0.473400 1.224707 0.763214
v 0.908645 1.127998 0.860193
v 0.617882 1.175449 0.807576
v 0.507889 1.198400 0.781458
v 0.723374 1.156919 0.829502
v 0.771241 1.145854 0.852288
v 0.830075 1.404182 0.708377
v 0.911385 1.121229 0.876571
v 0.714968 1.362143 0.714181
v 1.123989 1.421279 0.705024
v 1.340158 1.424114 0.714416
v 1.720468 1.402612 0.750287
v 1.869278 1.364960 0.781917
v 2.036636 1.286775 0.830750
v 2.213599 1.188160 0.886658
v 1.542858 1.417436 0.729395
v 2.333318 1.116709 0.926497
v 2.382224 1.087483 0.942876
v 2.287165 1.155745 0.917441
v 2.365365 1.099694 0.938576
v 1.950951 1.340460 0.811676
v 2.129216 1.238847 0.860782
v 1.445453 1.431070 0.728578
v 1.637673 1.413119 0.740724
v 1.236442 1.433478 0.716629
v 1.796716 1.390083 0.765683
v 2.393713 1.082750 0.948106
v 0.645347 1.348392 0.729868
v 1.124593 1.437207 0.713617
v 0.904467 1.105027 0.893396
v 0.688081 1.381135 0.714556
v 1.013687 1.439503 0.706044
v 0.822479 1.419075 0.703434
v 0.711387 1.151982 0.850193
v 0.763329 1.132987 0.868327
v 0.917167 1.407273 0.700202
v 0.670267 1.165772 0.821995
v 0.558726 1.186308 0.796714
v 0.455853 1.212547 0.780887
v 0.609884 1.309422 0.733637
v 1.013987 1.417438 0.703476
v 0.776183 1.147642 0.841564
v 0.833389 1.397290 0.702594
v 0.914958 1.126112 0.864751
v 0.708379 1.367966 0.720279
v 2.284319 1.148273 0.911514
v 2.368575 1.106786 0.944664
v 1.948374 1.332926 0.805809
v 2.131946 1.246356 0.866702
v 1.442974 1.423538 0.722666
v 1.640260 1.420642 0.746625
v 1.234652 1.425947 0.710734
v 1.799262 1.397600 0.771566
v 2.397520 1.088585 0.954605
v 0.662822 1.165020 0.832028
v 0.548012 1.186186 0.806004
v 0.470334 1.211407 0.772820
v 0.599883 1.313654 0.740298
v 1.013168 1.424850 0.709263
v 1.123074 1.425927 0.709005
v 1.870890 1.369615 0.785975
v 2.384213 1.091643 0.947079
v 1.722079 1.407268 0.754345
v 2.215211 1.192817 0.890716
v 1.341662 1.428770 0.718471
v 1.544470 1.422092 0.733453
v 2.038248 1.291430 0.834809
v 2.334930 1.121357 0.930557
v 0.766943 1.384093 0.709566
v 0.660909 1.340325 0.725656
v 0.906195 1.125623 0.868141
v 0.499984 1.198830 0.787069
v 0.914544 1.411730 0.704162
v 0.464830 1.225645 0.768473
v 0.612100 1.175436 0.813690
v 0.719577 1.156521 0.836059
v 0.739329 0.430451 1.049545
v -0.165669 0.868434 1.036747
v -0.079604 0.917115 1.039860
v 0.228113 1.021085 1.019693
v 0.103059 1.021897 1.012280
v 0.730882 0.499837 1.048967
v 0.705054 0.601254 1.054033
v 0.651350 0.721588 1.060599
v 0.558322 0.800329 1.071723
v 0.556544 0.850498 1.058736
v 0.470677 0.925598 1.046087
v 0.358792 0.988186 1.032510
v -0.011747 1.002200 1.010401
v 0.743462 0.249003 0.908039
v 0.738139 0.416008 1.056851
v 0.738214 0.394758 1.047959
v 0.737848 0.451280 1.047773
v 0.740376 0.325307 0.992109
v 0.726562 0.365434 1.024690
v 0.721248 0.466544 1.051975
v 0.725670 0.409251 1.057039
v 0.726116 0.420879 1.054919
v 0.728590 0.282259 0.953746
v 0.045046 0.986375 1.026427
v -0.051566 0.959272 1.026011
v 0.288533 0.983327 1.040457
v 0.406882 0.940616 1.050094
v 0.503279 0.875226 1.059582
v 0.556833 0.825908 1.066286
v 0.602561 0.768715 1.066568
v 0.666059 0.659569 1.061570
v 0.706538 0.542120 1.055053
v 0.725428 0.435795 1.051588
v 0.161712 0.997341 1.031344
v -0.148658 0.905842 1.027759
v -0.616777 1.148655 0.735224
v -0.470363 1.168252 0.567116
v -0.662189 1.117560 0.784648
v -0.646644 1.091957 0.812482
v -0.543696 1.159588 0.684793
v -0.447683 1.171208 0.548854
v -0.669918 0.949313 0.874115
v -0.620562 1.133404 0.785026
v -0.525341 1.033628 0.877099
v -0.553103 0.877385 0.936760
v -0.523897 1.152371 0.782725
v -0.327967 1.192780 0.551326
v -0.325593 1.208526 0.526133
v -0.417265 1.171021 0.583001
v -0.556599 1.105476 0.836450
v -0.542403 1.074847 0.854676
v -0.377367 1.178911 0.566033
v -0.406070 1.170038 0.606570
v -0.329020 1.201015 0.533333
v -0.586893 0.897856 0.919073
v -0.523927 1.132154 0.826987
v -0.748949 1.056979 0.793646
v -0.765446 1.106083 0.725917
v -0.472693 1.169949 0.525079
v -0.651788 1.147966 0.706530
v -0.489082 1.167393 0.559234
v -0.738636 1.134061 0.709833
v -0.733130 1.115606 0.744900
v -0.513997 1.165263 0.565862
v -0.700368 1.139503 0.719513
v -0.765723 1.068482 0.766296
v -0.483396 1.168516 0.540414
v 0.820652 1.110484 0.886181
v 0.814909 1.093459 0.896400
v 0.774692 0.841376 1.027985
v 0.799147 1.052344 0.933914
v 0.809788 1.078121 0.907107
v 0.785969 0.953052 0.979979
v 0.793108 1.012814 0.953974
v 0.969310 0.561892 1.008128
v 0.787367 0.812183 1.030096
v 0.826992 0.730853 1.030699
v 0.872959 0.619604 1.030599
v 0.999701 0.495762 1.001076
v 1.078320 0.249018 0.914895
v 1.033816 0.428887 1.026660
v 1.046041 0.394785 1.024094
v 0.913763 0.502218 1.013962
v 1.061075 0.325387 0.983176
v 0.827885 1.130135 0.870955
v 0.836863 1.138668 0.848559
v 0.834082 1.137263 0.855934
v 0.880334 1.126538 0.871218
v 0.884545 1.130685 0.859560
v 1.019183 0.365503 1.009327
v 0.966328 0.507185 1.001655
v 1.009569 0.410660 1.033873
v 0.988572 0.458149 1.017714
v 1.036086 0.282290 0.954299
v 0.933685 0.586847 1.016229
v 0.957221 0.532759 1.009362
v 0.892614 0.682373 1.016306
v 0.852043 0.780401 1.017463
v 0.831130 0.829241 1.018689
v 0.873483 1.111114 0.887870
v 0.867221 1.091326 0.900086
v 0.850278 1.023213 0.942619
v 0.858984 1.062934 0.917011
v 0.835217 0.908391 0.992082
v 0.844164 0.977428 0.962597
v 0.862055 1.073996 0.909977
v 0.869673 0.905279 0.987534
v -0.499274 0.978929 0.907207
v -0.345733 0.971169 0.948267
v -0.420830 0.973376 0.928975
v -0.134039 0.989542 0.993023
v -0.806249 1.079607 0.698168
v 0.591392 0.874286 1.044184
v 0.484602 0.953012 1.030790
v 0.369365 1.020051 1.013584
v -0.018202 1.038823 0.988968
v 0.233993 1.055561 0.998501
v 0.105763 1.057724 0.990738
v -0.617589 0.988385 0.873076
v -0.716532 1.069321 0.803926
v -0.255227 0.985332 0.963056
v 0.708539 0.856677 1.034648
v -0.663686 1.018445 0.845859
v -0.566474 0.981882 0.889130
v -0.754389 1.086824 0.760020
v 0.828553 0.852254 1.014490
v 0.857022 0.872426 1.002211
v -0.781762 1.080676 0.732466
v -0.606931 0.931821 0.899634
v -0.694367 1.015854 0.838232
v 0.777053 0.877224 1.014688
v -0.742734 1.069444 0.788558
v -0.543835 0.930416 0.916645
v 0.649615 0.885278 1.030506
v 0.540073 0.932136 1.027901
v 0.431734 1.006033 1.012314
v 0.306164 1.054102 0.996923
v 0.171819 1.071560 0.985552
v 0.042927 1.063736 0.980415
v -0.200230 0.971689 0.984353
v -0.463318 0.928008 0.938579
v -0.387370 0.924629 0.959515
v -0.310619 0.925871 0.978180
v -0.077003 1.035362 0.980130
v 0.890837 1.055864 0.921339
v 0.079126 1.176905 0.752687
v 0.632930 1.110994 0.884900
v 0.396380 1.147101 0.885678
v 0.506989 1.128743 0.898632
v 0.286450 1.162264 0.811393
v 0.178019 1.171330 0.781365
v -0.019745 1.179768 0.720707
v -0.119248 1.179779 0.684631
v -0.208267 1.178268 0.651479
v -0.279082 1.176139 0.630957
v -0.354317 1.172943 0.616648
v -0.506024 1.161814 0.703741
v -0.578937 1.157504 0.663028
v -0.631865 1.155001 0.605793
v 0.738291 1.079186 0.919908
v -0.471970 1.166919 0.587768
v -0.463794 1.164353 0.715683
v -0.602527 1.156331 0.639654
v 0.855702 1.051831 0.925938
v 0.882268 1.053615 0.922609
v -0.532511 1.163009 0.599570
v -0.403223 1.169625 0.648367
v -0.509484 1.164121 0.613915
v 0.806591 1.071063 0.914648
v 0.340611 1.155884 0.843885
v -0.558244 1.161473 0.579761
v -0.447526 1.167020 0.638974
v -0.339185 1.172690 0.660291
v -0.264805 1.175511 0.676693
v -0.184929 1.177501 0.701581
v -0.089230 1.178575 0.733758
v 0.011141 1.177348 0.764727
v 0.115234 1.173575 0.791705
v 0.225824 1.166238 0.817554
v 0.454555 1.140837 0.865989
v 0.571403 1.120080 0.885221
v 0.684814 1.097883 0.901340
v 0.527843 1.283430 0.753671
v 0.450166 1.323825 0.706011
v 0.399696 1.422329 0.585830
v 0.343532 1.322979 0.668169
v 0.309595 1.356258 0.622290
v 0.416204 1.256263 0.750813
v 0.554198 1.274880 0.744235
v 0.547187 1.276786 0.749128
v 0.487313 1.247674 0.764727
v 0.500231 1.245123 0.757471
v 0.461257 1.261903 0.757344
v 0.358797 1.354917 0.641897
v 0.393106 1.319499 0.689509
v 0.343309 1.388027 0.601610
v 0.428355 1.286283 0.730634
v -0.568928 1.150458 0.763407
v -0.450407 1.168894 0.574344
v -0.607030 1.109914 0.815287
v -0.654416 0.898383 0.900148
v -0.630143 1.049604 0.841876
v -0.421452 1.176554 0.521735
v -0.647141 0.950305 0.880361
v -0.482713 1.165193 0.627532
v 0.706861 1.143914 0.858025
v 0.476643 1.188855 0.806380
v 0.468915 1.310592 0.722733
v 0.155446 1.189908 0.741765
v 0.628640 1.355060 0.723833
v 0.730612 1.421824 0.686828
v 0.911216 1.431032 0.703414
v 1.123058 1.464088 0.695320
v 1.549960 1.442045 0.734440
v 1.728214 1.426911 0.755029
v 1.876161 1.389550 0.786002
v 1.343649 1.448897 0.719685
v 2.046388 1.311224 0.835491
v 2.226223 1.212198 0.892040
v 2.352128 1.137379 0.933240
v 2.409631 1.102391 0.951869
v -0.133934 1.199601 0.631058
v 0.885860 1.068800 0.913752
v 0.058247 1.197485 0.705758
v 0.256521 1.180060 0.776229
v -0.035398 1.200306 0.669934
v 0.396572 1.214515 0.777212
v 0.699707 1.125986 0.870188
v 2.509938 1.109208 0.923819
v 2.401878 1.156457 0.911972
v 2.258673 1.241000 0.866344
v 2.070667 1.341673 0.807314
v 1.889029 1.421841 0.755276
v 1.740116 1.459451 0.725455
v 1.559909 1.476232 0.705615
v 1.343940 1.484474 0.689830
v 1.125692 1.481344 0.676724
v 0.909340 1.468857 0.664143
v 0.724280 1.444149 0.660069
v 0.565798 1.398227 0.668915
v 0.305206 1.375396 0.600683
v 0.215136 1.346159 0.597227
v 0.295082 1.268401 0.702863
v 0.365412 1.304206 0.693816
v 0.563410 1.427438 0.634407
v 0.729671 1.463364 0.635389
v 0.914523 1.483398 0.644342
v 1.130832 1.493452 0.659770
v 1.349674 1.494174 0.675998
v 1.565740 1.484637 0.694160
v 1.746179 1.466733 0.714134
v 1.899890 1.427613 0.744907
v 2.086474 1.345372 0.797991
v 2.274776 1.243976 0.858019
v 2.418199 1.158716 0.904631
v 2.482413 1.107972 0.935992
v -0.033123 1.280757 0.567058
v 2.429238 1.160130 0.899658
v 2.285835 1.245793 0.852395
v 2.097406 1.347682 0.791686
v 1.907440 1.431372 0.737889
v 1.750347 1.471555 0.706430
v 1.569763 1.490238 0.686355
v 1.353727 1.500677 0.666522
v 1.134454 1.501654 0.648119
v 0.918205 1.493299 0.630740
v 0.733743 1.476532 0.618418
v 0.562545 1.447861 0.610391
v 0.234050 1.302500 0.649374
v 0.323407 1.339612 0.644418
v 2.499062 1.108577 0.928771
v 0.085760 1.309652 0.585223
v -0.072307 1.241480 0.596372
v 0.032325 1.250299 0.629489
v 0.123184 1.245013 0.668628
v -0.121805 1.254030 0.559268
v 0.210968 1.223798 0.717142
v 0.300843 1.205578 0.758692
v 0.353434 1.239017 0.746453
v 0.461317 1.153550 0.835181
v 2.450686 1.105884 0.944494
v 2.378046 1.149128 0.922398
v 2.240760 1.230087 0.878692
v 2.055633 1.329891 0.820932
v 1.341370 1.468350 0.705978
v 1.879992 1.408535 0.770208
v 1.733495 1.445405 0.740414
v 1.554047 1.461141 0.720380
v 1.124454 1.445520 0.709810
v 0.907706 1.449864 0.686061
v 0.750216 1.402504 0.707396
v 0.587850 1.371056 0.702457
v 0.510353 1.291103 0.746847
v 0.667048 1.063038 0.947537
v 0.552717 1.090764 0.945791
v 0.445343 1.117596 0.940320
v 0.678301 1.092669 0.916506
v 0.587483 1.148379 0.846351
v 0.594942 1.164932 0.834486
v 0.575121 1.121458 0.874744
v 0.332333 1.137382 0.935203
v 0.456176 1.141957 0.852500
v 0.198663 1.150276 0.926749
v 0.057157 1.154760 0.916377
v 0.216588 1.165018 0.859336
v -0.074926 1.019800 0.990185
v 0.092033 1.172220 0.839627
v -0.181576 1.144430 0.891723
v -0.024761 1.175287 0.817908
v -0.125650 1.175974 0.793813
v -0.220194 1.174499 0.769244
v -0.315113 0.894801 0.991846
v -0.389802 0.894667 0.972640
v -0.465249 0.897119 0.951725
v -0.494958 1.167708 0.537138
v -0.502292 1.132448 0.832186
v -0.452083 1.068798 0.878269
v -0.374477 1.065024 0.897750
v -0.289519 1.068576 0.914338
v -0.198288 1.009524 0.965040
v -0.081383 1.109046 0.932950
v 0.043767 1.082583 0.967396
v 0.176399 1.088203 0.973561
v 0.311652 1.071739 0.984265
v 0.434587 1.029727 0.997354
v 0.542759 0.967140 1.010120
v 0.653409 0.925500 1.011334
v -0.549489 0.898067 0.928916
v -0.736456 1.081589 0.783346
v -0.304496 1.171924 0.748380
v 0.580688 1.131831 0.860767
v -0.317739 1.174598 0.623240
v -0.354465 1.195662 0.528623
v -0.686472 1.137205 0.737685
v -0.190284 1.231328 0.556089
v -0.217180 1.195512 0.601855
v -0.249536 1.217410 0.546987
v -0.287972 1.188446 0.585785
v -0.428036 1.168705 0.601954
v -0.402025 1.176081 0.559875
v -0.594020 1.132470 0.800098
v -0.651579 0.918633 0.892431
v -0.616313 1.155706 0.623742
v -0.175324 0.917692 1.016670
v 0.159111 0.969854 1.047289
v 0.738989 0.439244 1.047948
v 0.693645 0.539347 1.059131
v 0.652923 0.656577 1.065541
v 0.619615 0.772098 1.062202
v 0.576706 0.829582 1.061664
v 0.487813 0.864774 1.065983
v 0.396292 0.920881 1.060724
v 0.282780 0.958006 1.054987
v -0.040484 0.934304 1.040401
v 0.046458 0.958494 1.041964
v -0.437403 1.172126 0.550816
v 0.341815 1.157094 0.826398
v 0.353318 1.169619 0.807023
v 0.468613 1.171522 0.818391
v 0.373314 1.190567 0.789292
v -0.716281 1.111030 0.765128
v -0.460986 1.167146 0.592552
v -0.076412 1.151719 0.904092
v -0.275159 1.137667 0.878480
v -0.363738 1.134225 0.862713
v -0.441150 1.132907 0.846025
v -0.517424 1.073443 0.861150
v -0.192507 1.086003 0.925589
v 0.048947 1.122312 0.940431
v 0.187486 1.122817 0.948744
v 0.323112 1.108365 0.957985
v 0.440511 1.078895 0.966304
v 0.548312 1.039011 0.973549
v 0.661260 1.007498 0.972990
v 0.689415 0.775421 1.052750
v 0.745832 0.664876 1.051886
v 0.785446 0.552672 1.047136
v 0.799601 0.484730 1.039216
v 0.653263 0.831918 1.050537
v 0.789915 0.986193 0.965366
v 0.781274 0.913293 0.998252
v 0.803126 1.064166 0.923260
v 0.795940 1.034996 0.943969
v 0.817676 1.101612 0.891479
v 0.693271 1.110184 0.882607
v 0.824160 1.120953 0.879146
v 0.778040 0.830538 1.029547
v 0.874949 0.781401 1.010816
v 0.912513 0.686190 1.008999
v 0.910629 0.517144 1.020079
v 0.953919 0.593035 1.009589
v -0.048018 0.873139 1.051790
v 0.054553 0.902519 1.059019
v -0.008545 0.887815 1.055752
v 0.694657 0.430459 1.057941
v 0.154833 0.911848 1.064574
v 0.271151 0.904430 1.070611
v 0.372312 0.875403 1.071893
v 0.450237 0.832567 1.072427
v 0.494096 0.798530 1.075531
v 0.543700 0.746018 1.074919
v 0.609676 0.642073 1.068956
v 0.651466 0.529973 1.062683
v 0.674142 0.535088 1.063198
v 0.632994 0.651026 1.069495
v 0.565904 0.757161 1.075398
v 0.515027 0.811820 1.075946
v 0.467211 0.849113 1.072653
v 0.382563 0.895116 1.071737
v 0.275623 0.925989 1.070112
v 0.156085 0.935130 1.063917
v 0.669827 0.432099 1.057321
v -0.024427 0.904101 1.055297
v 0.049341 0.923887 1.058210
v -0.078419 0.880731 1.050360
v 1.070505 0.282302 0.954192
v 0.812379 0.282247 0.954612
v 0.672953 0.282259 0.952006
v 0.698512 0.282259 0.952805
v 0.741823 0.282259 0.954093
v 0.738840 0.422688 1.053199
v 0.695972 0.418180 1.057549
v 0.670280 0.419291 1.056822
v 0.801254 0.432033 1.044249
v 1.016999 0.461970 1.013731
v 0.737883 0.409326 1.057109
v 0.695766 0.409138 1.056252
v 0.669759 0.409186 1.055442
v 0.801668 0.409689 1.052995
v 1.041951 0.410800 1.030764
v 0.666112 0.460689 1.058911
v 0.689275 0.460876 1.059455
v 0.916028 0.491352 1.011437
v 0.800993 0.456531 1.034344
v 0.735716 0.469792 1.048028
v 0.739111 0.365432 1.024901
v 0.696606 0.365434 1.023752
v 0.670744 0.365434 1.022943
v 0.805260 0.365398 1.022420
v 1.052379 0.365533 1.007159
v 0.721889 1.156766 0.832069
v 0.615622 1.175444 0.809967
v 0.551457 1.275625 0.746148
v 0.915739 1.409016 0.701737
v 0.504798 1.198568 0.783652
v 0.835776 1.138183 0.851524
v 0.663867 1.338431 0.722948
v 0.768726 1.381694 0.707045
v 2.333948 1.118528 0.928084
v 2.037266 1.288596 0.832337
v 1.543489 1.419257 0.730981
v 1.340728 1.425934 0.716001
v 2.214229 1.189981 0.888244
v 1.721097 1.404432 0.751874
v 2.383170 1.089021 0.944534
v 1.869908 1.366780 0.783504
v 1.123229 1.423097 0.706568
v 1.123831 1.430600 0.712413
v 1.872449 1.374308 0.789372
v 2.386574 1.095636 0.950791
v 1.723673 1.411948 0.757768
v 2.216999 1.197486 0.894164
v 1.343065 1.433469 0.721914
v 1.546038 1.426785 0.736888
v 2.039921 1.296117 0.838231
v 2.336966 1.125880 0.934065
v 0.763863 1.388124 0.712945
v 0.655554 1.343515 0.729305
v 0.831352 1.135195 0.862744
v 0.492225 1.198881 0.792468
v 0.913683 1.416231 0.707492
v 0.539849 1.278955 0.753129
v 0.606573 1.175000 0.819644
v 0.715888 1.155665 0.842418
v 0.715907 0.365434 1.024356
v 0.708628 0.463779 1.055730
v 0.715243 0.409189 1.056786
v 0.715155 0.419401 1.056325
v 0.717452 0.282259 0.953398
v 0.043702 1.014322 1.010690
v -0.062504 0.984432 1.011383
v 0.294323 1.008692 1.025732
v 0.417408 0.960485 1.039238
v 0.519008 0.885389 1.053086
v 0.539077 0.821096 1.070976
v 0.587509 0.764702 1.070916
v 0.681070 0.662400 1.057570
v 0.721296 0.545014 1.051018
v 0.713642 0.432948 1.054800
v 0.164370 1.024839 1.015215
v -0.121601 0.894395 1.038553
v -0.674277 1.099461 0.797325
v -0.482436 1.166722 0.582931
v -0.457177 1.170448 0.547022
v -0.696358 0.996978 0.846227
v -0.647387 1.134368 0.769123
v -0.566721 1.076403 0.848059
v -0.351572 1.181867 0.572159
v -0.382775 1.171436 0.611272
v -0.303467 1.206359 0.537829
v -0.615388 0.898479 0.911237
v -0.545703 1.131845 0.821079
v -0.753682 1.121194 0.719100
v -0.591226 1.156857 0.652217
v -0.717109 1.142480 0.696498
v -0.774873 1.091852 0.730132
v -0.474302 1.169153 0.543015
v 0.903760 1.122467 0.875261
v 0.907743 1.127179 0.863416
v 0.950276 0.365445 1.013793
v 0.990354 0.514781 0.996993
v 0.942384 0.410367 1.040290
v 0.929397 0.450154 1.026015
v 0.964564 0.282266 0.954504
v 0.891077 0.574240 1.029508
v 0.979376 0.540292 1.004118
v 0.850766 0.674748 1.030833
v 0.804607 0.778391 1.030433
v 0.857491 0.828583 1.012997
v 0.896954 1.106462 0.892036
v 0.890678 1.086428 0.904212
v 0.876170 1.017600 0.941950
v 0.880754 1.045985 0.927222
v 0.861102 0.906037 0.988880
v 0.870022 0.973252 0.961205
v 0.812081 1.084969 0.902117
v 0.855140 0.851168 1.009457
v -0.785795 1.073738 0.734046
v -0.593668 0.983541 0.881588
v -0.690820 1.045203 0.825580
v 0.774655 0.854449 1.024035
v -0.618743 1.084855 0.827030
v -0.746525 1.061841 0.791662
v -0.534987 0.980704 0.897520
v 0.647378 0.859761 1.042143
v 0.537798 0.909770 1.039251
v 0.429507 0.990467 1.022068
v 0.302509 1.042055 1.005418
v 0.168906 1.060040 0.993696
v 0.042563 1.050842 0.989179
v -0.200795 0.947101 0.996939
v -0.460208 0.976195 0.918053
v -0.383503 0.971524 0.938964
v -0.303959 0.973807 0.956945
v -0.079443 1.058755 0.964930
v 0.883081 1.057489 0.920256
v -0.502532 1.165951 0.572515
v -0.442128 1.165610 0.720364
v -0.562438 1.158466 0.673923
v 0.808410 1.074498 0.910239
v 0.338966 1.153899 0.877942
v -0.639888 0.999323 0.861600
v -0.528505 1.164367 0.557374
v -0.485209 1.163065 0.710446
v -0.380110 1.168663 0.732440
v -0.244084 1.177324 0.639890
v -0.166248 1.179119 0.666866
v -0.069884 1.180074 0.702924
v 0.030035 1.178678 0.737308
v 0.127813 1.174538 0.767101
v 0.231343 1.167097 0.796202
v 0.451627 1.138760 0.892230
v 0.564301 1.117200 0.905670
v 0.688210 1.100398 0.893574
v 0.456148 1.227027 0.772783
v 0.470048 1.225074 0.765271
v 0.430001 1.242621 0.764437
v 0.411709 1.377285 0.638305
v 0.434957 1.342149 0.683123
v 0.400653 1.406558 0.603082
v 0.402114 1.270178 0.735867
v -0.525160 1.160683 0.695002
v 2.406722 1.087897 0.945638
v 2.485441 1.089098 0.935796
v 0.892058 1.054103 0.909172
v 0.901374 1.088043 0.890671
v 2.481990 1.121528 0.905067
v 2.524491 1.092933 0.916882
v 2.366119 1.192980 0.867708
v 2.200070 1.287792 0.813142
v 2.000307 1.387769 0.751605
v 1.828059 1.448796 0.709735
v 1.669288 1.474762 0.685578
v 1.464670 1.490417 0.666049
v 1.246829 1.496049 0.645029
v 1.027506 1.493944 0.627111
v 0.823239 1.481733 0.609026
v 0.653746 1.463498 0.598161
v 0.477065 1.432235 0.583982
v 0.273803 1.378207 0.568624
v 0.162842 1.347162 0.558389
v 2.508403 1.088306 0.928448
v -0.079590 1.274003 0.535616
v 2.521063 1.088331 0.922415
v 0.037445 1.309818 0.547042
v 0.896382 1.070693 0.900028
v -0.150642 1.250832 0.530851
v 2.443933 1.088822 0.942713
v 0.862928 0.836722 0.998816
v -0.793745 1.068845 0.703726
v 0.885788 1.026974 0.923607
v -0.353824 0.869586 0.980600
v -0.424270 0.871966 0.960909
v -0.506575 0.873238 0.938167
v 0.872646 0.937720 0.962210
v -0.781489 1.105260 0.688084
v -0.637486 0.878263 0.900675
v -0.722546 1.028831 0.809642
v -0.348131 1.192208 0.517226
v -0.402692 1.170029 0.520122
v -0.693532 1.137989 0.645242
v -0.448800 1.160601 0.522431
v -0.205501 1.231711 0.527485
v -0.253029 1.218511 0.524061
v -0.486255 1.157219 0.527524
v -0.528069 1.153390 0.539802
v 1.006926 0.494056 0.988749
v -0.128884 0.865275 1.031864
v -0.277868 0.867280 1.000925
v 0.880312 0.991417 0.940068
v -0.757252 1.129618 0.678002
v 0.869388 0.811170 0.998922
v 0.894981 0.737736 0.995953
v 0.937402 0.634845 0.996210
v 0.973073 0.564001 0.995071
v 0.653048 0.426429 1.044916
v -0.046611 0.866775 1.039375
v 0.100192 0.893168 1.049833
v -0.017142 0.873291 1.042451
v 0.028024 0.882136 1.045962
v 0.561803 0.692989 1.060271
v 0.499258 0.770328 1.064176
v 0.213795 0.894855 1.056459
v 0.406225 0.841469 1.059882
v 0.318564 0.878753 1.060256
v 0.462704 0.802965 1.061999
v 0.618567 0.577946 1.053591
v 0.645432 0.487673 1.048449
v -0.078588 0.868124 1.036855
v 1.089614 0.259805 0.910098
v 0.656563 0.259827 0.900671
v 1.042836 0.425673 1.014667
v 0.653174 0.416496 1.044755
v 1.055720 0.399812 1.012813
v 0.653296 0.401476 1.036155
v 0.990088 0.530129 0.986877
v 0.651741 0.444821 1.045923
v 1.071634 0.331518 0.973060
v 0.654563 0.332773 0.980782
v 0.908197 1.106502 0.877151
v 0.832907 1.402853 0.692176
v 0.712656 1.367112 0.703697
v 0.607413 1.313794 0.722824
v 0.468827 1.201751 0.764186
v 0.913429 1.115944 0.858898
v 0.670467 1.154572 0.817916
v 0.559569 1.175008 0.792635
v 0.775908 1.136672 0.836912
v 1.015231 1.423009 0.693110
v 1.234770 1.431622 0.700430
v 1.638653 1.418468 0.730273
v 1.799530 1.394792 0.755239
v 1.952879 1.336808 0.795640
v 2.134259 1.242420 0.850755
v 2.396433 1.088441 0.937710
v 1.443212 1.429090 0.712282
v 2.289606 1.151697 0.901562
v 2.370674 1.103140 0.928645
v 0.912785 1.113872 0.864998
v 2.401106 1.090101 0.942404
v -0.201086 0.865615 1.018141
v -0.668507 0.927586 0.870914
v -0.430553 1.163239 0.521368
v -0.589236 0.872480 0.916256
v -0.299125 1.206425 0.520629
v -0.761213 1.057663 0.761427
v -0.462646 1.159242 0.523543
v 0.884403 1.120275 0.853577
v 0.863739 0.868251 0.989722
v -0.795254 1.081014 0.690596
v 0.889914 1.046232 0.913465
v -0.573472 1.149033 0.566950
v 0.346353 1.398636 0.574222
v 0.498299 1.249435 0.746315
v 1.751755 1.464342 0.696296
v 2.100510 1.340038 0.781496
v 2.288864 1.238276 0.842146
v 1.909467 1.424019 0.727723
v 2.421872 1.088029 0.945966
v 0.898709 1.079240 0.895567
v 2.511557 1.102555 0.913131
v 2.498984 1.088595 0.932209
v 2.432114 1.152746 0.889428
v 1.356068 1.494339 0.655423
v 1.571635 1.483594 0.675869
v 1.136847 1.496168 0.635946
v 0.921141 1.488759 0.617519
v 0.737174 1.473799 0.603311
v 0.309272 1.388109 0.571570
v 0.223405 1.364265 0.563982
v 0.564438 1.449338 0.591262
v 2.515323 1.088200 0.925222
v 0.100439 1.328822 0.552827
v -0.119749 1.261251 0.532587
v 2.525625 1.089144 0.919749
v -0.025070 1.290793 0.540848
v 0.893979 1.061502 0.905036
v 2.466446 1.089338 0.939130
v 0.862401 0.847870 0.996456
v -0.388694 0.870835 0.970855
v -0.463751 0.872845 0.949906
v -0.617989 0.872858 0.908354
v 0.876904 0.967706 0.950006
v -0.789443 1.091742 0.690026
v 0.888119 1.038708 0.917538
v -0.376366 1.179502 0.518712
v -0.178933 1.240777 0.529206
v -0.229910 1.224557 0.525763
v -0.276012 1.212494 0.522384
v -0.507548 1.155285 0.533212
v -0.734819 1.134573 0.668201
v -0.543969 1.151886 0.547482
v 0.996160 0.516135 0.983967
v -0.239404 0.866476 1.009828
v -0.316569 0.868374 0.990880
v -0.779750 1.063128 0.730518
v -0.455759 1.159832 0.522941
v -0.694886 0.980367 0.841117
v -0.440260 1.161785 0.521889
v 0.883202 1.011115 0.931247
v -0.771295 1.119268 0.683971
v 0.864627 0.827485 0.999469
v 0.879386 0.780904 0.997354
v 0.915396 0.685870 0.995732
v 0.957387 0.593734 0.996447
v -0.100751 0.867135 1.035024
v 0.650032 0.461347 1.046913
v 0.003013 0.877371 1.044220
v -0.032919 0.869340 1.040823
v 0.058869 0.887965 1.047624
v 0.365233 0.861877 1.060162
v 0.154674 0.895789 1.053058
v 0.268498 0.889564 1.059012
v 0.438788 0.820838 1.060552
v 0.593239 0.636369 1.056951
v 0.528106 0.738650 1.062933
v 0.479989 0.788793 1.063575
v 0.635604 0.527041 1.050694
v -0.061070 0.867004 1.038116
v 1.081536 0.290168 0.945590
v 0.653180 0.420320 1.044771
v 1.025269 0.458708 1.001889
v 0.653154 0.413798 1.044161
v 1.051243 0.412377 1.017704
v 0.653808 0.372644 1.013436
v 0.983410 0.544145 0.991408
v 0.652596 0.434024 1.045284
v 1.062451 0.371250 0.996483
v 0.655437 0.290850 0.943687
v 0.767092 1.387070 0.696635
v 0.661331 1.343022 0.712307
v 0.466746 1.225794 0.752179
v 0.907568 1.116957 0.857122
v 0.616198 1.164178 0.805959
v 0.505573 1.187340 0.779044
v 0.721763 1.145647 0.827819
v 0.910793 1.111310 0.870644
v 1.124011 1.428738 0.696257
v 1.340722 1.431567 0.705661
v 1.722808 1.409554 0.741394
v 1.873784 1.370996 0.773202
v 2.042085 1.292300 0.822248
v 2.219440 1.193451 0.878268
v 1.544042 1.424725 0.720563
v 2.339250 1.121950 0.918140
v 2.388176 1.092780 0.934570
v 2.399784 1.088287 0.940041
v 0.904813 1.098083 0.884196
v 0.916470 1.414567 0.691317
v 0.914001 1.115219 0.861134
v 2.402355 1.090333 0.943724
v -0.163296 0.864959 1.026005
v -0.550354 0.873003 0.926478
v -0.322615 1.200159 0.518808
v -0.743282 1.051071 0.785385
v -0.471779 1.158484 0.524644
v 0.835524 1.127479 0.846201
v 0.867673 0.901285 0.976924
v -0.797933 1.074101 0.692418
v 0.890978 1.050142 0.911353
v -0.631040 1.143528 0.605352
v 0.402400 1.414134 0.578214
v 0.549264 1.279988 0.735176
v -0.651410 0.894062 0.889912
v -0.419310 1.165263 0.520930
vn 0.0144 0.5579 -0.8298
vn 0.0249 0.6449 -0.7639
vn 0.0317 0.6305 -0.7756
vn 0.0069 0.5713 -0.8207
vn 0.0136 0.6619 -0.7495
vn 0.0631 0.8158 -0.5748
vn 0.0709 0.8009 -0.5946
vn 0.0738 0.7825 -0.6183
vn -0.0201 0.5990 -0.8005
vn -0.0040 0.6369 -0.7710
vn 0.0076 0.6731 -0.7395
vn -0.0348 0.5869 -0.8089
vn -0.0527 0.5914 -0.8046
vn 0.0307 0.5923 -0.8052
vn 0.0884 0.7753 -0.6253
vn 0.0709 0.8200 -0.5680
vn -0.1451 0.5918 -0.7929
vn -0.1596 0.6139 -0.7731
vn -0.1333 0.5893 -0.7969
vn -0.1718 0.6119 -0.7720
vn -0.1900 0.6500 -0.7358
vn -0.1724 0.6694 -0.7226
vn -0.1433 0.6271 -0.7656
vn -0.1213 0.5987 -0.7917
vn -0.1389 0.7521 -0.6443
vn -0.0946 0.8115 -0.5767
vn -0.1083 0.8164 -0.5672
vn -0.1268 0.7453 -0.6546
vn -0.0834 0.8028 -0.5904
vn -0.0386 0.8931 -0.4482
vn -0.0509 0.8993 -0.4345
vn -0.0657 0.9025 -0.4257
vn -0.1117 0.6191 -0.7773
vn -0.0842 0.5502 -0.8308
vn -0.0995 0.6418 -0.7603
vn -0.0774 0.5655 -0.8211
vn -0.0669 0.5833 -0.8095
vn 0.0651 0.3393 -0.9384
vn 0.0610 0.3442 -0.9369
vn -0.0921 0.6909 -0.7170
vn -0.0793 0.6593 -0.7477
vn -0.1141 0.6715 -0.7322
vn -0.1079 0.7387 -0.6654
vn -0.0769 0.7535 -0.6529
vn -0.0652 0.7019 -0.7093
vn -0.0556 0.6674 -0.7426
vn -0.0371 0.6638 -0.7470
vn -0.0338 0.5897 -0.8069
vn -0.0236 0.6450 -0.7638
vn -0.0218 0.5751 -0.8178
vn -0.0105 0.5479 -0.8365
vn 0.0315 0.2038 -0.9785
vn 0.0498 0.2500 -0.9670
vn -0.0183 0.6606 -0.7505
vn -0.0109 0.6128 -0.7902
vn -0.0384 0.7446 -0.6664
vn -0.0309 0.6853 -0.7276
vn -0.0258 0.7350 -0.6776
vn -0.0021 0.6381 -0.7700
vn 0.0025 0.5850 -0.8110
vn 0.0140 0.5841 -0.8115
vn 0.0030 0.4993 -0.8664
vn 0.0083 0.4833 -0.8754
vn 0.0123 0.5977 -0.8016
vn -0.0014 0.5159 -0.8567
vn -0.0417 0.1541 -0.9872
vn -0.0223 0.1344 -0.9907
vn -0.0068 0.1170 -0.9931
vn 0.0125 0.6123 -0.7906
vn 0.0006 0.5309 -0.8474
vn 0.0483 0.6321 -0.7734
vn 0.0226 0.6243 -0.7809
vn 0.0148 0.5420 -0.8402
vn -0.0671 0.1769 -0.9819
vn 0.0805 0.6320 -0.7708
vn 0.1018 0.6197 -0.7782
vn 0.0368 0.5449 -0.8377
vn 0.0524 0.5350 -0.8433
vn -0.1106 0.2147 -0.9704
vn -0.0933 0.1997 -0.9754
vn 0.0120 0.5767 -0.8169
vn 0.0079 0.4814 -0.8765
vn 0.0110 0.4739 -0.8805
vn 0.0064 0.1066 -0.9943
vn 0.0163 0.1094 -0.9939
vn 0.1072 0.5967 -0.7953
vn 0.1086 0.5748 -0.8110
vn 0.0552 0.5140 -0.8560
vn 0.0539 0.4956 -0.8669
vn -0.1246 0.2076 -0.9703
vn -0.1186 0.2160 -0.9692
vn 0.1157 0.5662 -0.8161
vn 0.0666 0.4982 -0.8645
vn 0.0586 0.4915 -0.8689
vn -0.1258 0.2193 -0.9675
vn -0.1307 0.2082 -0.9693
vn -0.1305 0.2027 -0.9705
vn 0.1241 0.5695 -0.8126
vn 0.0742 0.5059 -0.8594
vn 0.1311 0.5746 -0.8079
vn 0.0846 0.5079 -0.8572
vn -0.1134 0.2378 -0.9647
vn -0.1200 0.2292 -0.9660
vn 0.1314 0.5183 -0.8450
vn 0.1537 0.5537 -0.8184
vn 0.1649 0.5411 -0.8246
vn -0.0278 0.3381 -0.9407
vn 0.0995 0.5023 -0.8590
vn -0.1034 0.2462 -0.9637
vn 0.1403 0.5709 -0.8090
vn -0.2120 0.8022 -0.5582
vn -0.1769 0.8486 -0.4986
vn -0.1806 0.8563 -0.4839
vn -0.2025 0.8008 -0.5636
vn -0.1716 0.8436 -0.5087
vn -0.1277 0.9170 -0.3779
vn -0.1325 0.9202 -0.3684
vn -0.1311 0.9253 -0.3558
vn 0.0074 0.4889 -0.8723
vn 0.0350 0.5292 -0.8478
vn 0.0184 0.5089 -0.8606
vn 0.0013 0.4839 -0.8751
vn 0.0212 0.5022 -0.8645
vn 0.0138 0.4949 -0.8688
vn 0.0350 0.5098 -0.8596
vn 0.0535 0.5513 -0.8326
vn -0.1555 0.7588 -0.6325
vn -0.1264 0.8207 -0.5572
vn -0.0830 0.9052 -0.4168
vn -0.1459 0.8275 -0.5421
vn -0.1744 0.7688 -0.6152
vn -0.1167 0.7350 -0.6679
vn -0.0764 0.7919 -0.6058
vn -0.1088 0.7234 -0.6818
vn -0.0715 0.7832 -0.6177
vn -0.0276 0.8764 -0.4808
vn -0.0310 0.8849 -0.4647
vn -0.1173 0.9135 -0.3896
vn -0.1979 0.7934 -0.5756
vn -0.1616 0.8361 -0.5243
vn -0.1890 0.7815 -0.5946
vn -0.1017 0.9091 -0.4040
vn -0.1615 0.5969 -0.7859
vn -0.1237 0.5805 -0.8048
vn -0.1643 0.5954 -0.7864
vn -0.1118 0.5738 -0.8113
vn -0.0779 0.5752 -0.8143
vn -0.1312 0.5833 -0.8016
vn -0.1586 0.6005 -0.7837
vn 0.0324 0.5855 -0.8100
vn 0.0096 0.5702 -0.8214
vn 0.0157 0.5494 -0.8354
vn 0.0285 0.6184 -0.7853
vn -0.0033 0.5869 -0.8097
vn -0.0064 0.5853 -0.8108
vn 0.3287 0.6612 -0.6744
vn 0.3057 0.6645 -0.6819
vn 0.3191 0.6468 -0.6927
vn 0.3142 0.6802 -0.6623
vn 0.2790 0.6919 -0.6660
vn 0.2816 0.6841 -0.6729
vn 0.3031 0.6498 -0.6971
vn 0.3104 0.6359 -0.7066
vn 0.2469 0.6810 -0.6894
vn 0.2539 0.7060 -0.6612
vn 0.2747 0.7040 -0.6549
vn 0.1994 0.6324 -0.7485
vn 0.2306 0.6839 -0.6922
vn 0.1876 0.6377 -0.7470
vn 0.2253 0.6876 -0.6902
vn 0.2466 0.7112 -0.6583
vn 0.2461 0.7271 -0.6409
vn 0.1830 0.6388 -0.7473
vn 0.2240 0.7015 -0.6765
vn 0.1792 0.6474 -0.7408
vn 0.2178 0.7215 -0.6572
vn 0.2402 0.7468 -0.6202
vn 0.2259 0.7618 -0.6072
vn 0.1719 0.6651 -0.7267
vn 0.2051 0.7385 -0.6423
vn 0.1635 0.6853 -0.7097
vn 0.1870 0.7548 -0.6288
vn 0.2049 0.7768 -0.5955
vn 0.1735 0.7980 -0.5771
vn 0.1512 0.7040 -0.6939
vn 0.1575 0.7744 -0.6127
vn 0.1257 0.7200 -0.6825
vn 0.1143 0.7914 -0.6005
vn 0.1280 0.8185 -0.5601
vn 0.0819 0.8279 -0.5548
vn 0.0875 0.7297 -0.6781
vn 0.0714 0.7979 -0.5986
vn 0.0517 0.7301 -0.6814
vn 0.0452 0.7912 -0.6098
vn 0.0530 0.8227 -0.5660
vn 0.0376 0.8104 -0.5847
vn 0.0320 0.7208 -0.6924
vn 0.0326 0.7788 -0.6264
vn 0.0247 0.7082 -0.7056
vn 0.0227 0.7775 -0.6285
vn 0.0237 0.8092 -0.5870
vn 0.0080 0.8228 -0.5683
vn 0.0201 0.7042 -0.7097
vn 0.0093 0.7910 -0.6117
vn 0.0106 0.7131 -0.7010
vn -0.0098 0.8008 -0.5989
vn -0.0096 0.8302 -0.5573
vn -0.0273 0.8216 -0.5694
vn -0.0074 0.7260 -0.6877
vn -0.0287 0.7977 -0.6024
vn -0.0429 0.7936 -0.6070
vn -0.0436 0.8123 -0.5816
vn -0.0609 0.8136 -0.5783
vn -0.0584 0.7971 -0.6010
vn -0.0523 0.7537 -0.6552
vn -0.0830 0.7955 -0.6002
vn -0.0826 0.8114 -0.5787
vn -0.1099 0.7934 -0.5987
vn -0.1143 0.7781 -0.6176
vn -0.1427 0.7519 -0.6436
vn -0.1383 0.7664 -0.6273
vn -0.1634 0.7412 -0.6510
vn -0.1336 0.7157 -0.6855
vn -0.1655 0.7274 -0.6660
vn -0.1529 0.6923 -0.7052
vn -0.1877 0.7037 -0.6853
vn -0.1868 0.7185 -0.6700
vn -0.2063 0.6995 -0.6842
vn -0.2081 0.7006 -0.6826
vn -0.2050 0.7036 -0.6804
vn -0.2074 0.6959 -0.6875
vn -0.2104 0.7000 -0.6825
vn -0.2109 0.7012 -0.6810
vn -0.2075 0.7024 -0.6809
vn -0.2037 0.7050 -0.6793
vn -0.2082 0.6951 -0.6881
vn -0.2133 0.7010 -0.6805
vn -0.2091 0.6962 -0.6867
vn -0.2178 0.7038 -0.6762
vn -0.2190 0.7040 -0.6756
vn -0.2144 0.7019 -0.6792
vn -0.1846 0.6330 -0.7518
vn -0.1975 0.6559 -0.7286
vn -0.1918 0.6354 -0.7480
vn -0.1732 0.6367 -0.7514
vn -0.1899 0.6533 -0.7329
vn -0.1795 0.6568 -0.7323
vn -0.1952 0.6711 -0.7152
vn -0.2001 0.6724 -0.7126
vn -0.1969 0.6370 -0.7453
vn -0.2099 0.6651 -0.7166
vn -0.1980 0.6397 -0.7427
vn -0.2048 0.6586 -0.7241
vn -0.2053 0.6751 -0.7086
vn -0.2092 0.6817 -0.7011
vn -0.1307 0.7691 -0.6256
vn -0.1525 0.7450 -0.6494
vn -0.1241 0.7694 -0.6266
vn -0.1576 0.7444 -0.6489
vn -0.1822 0.7230 -0.6664
vn -0.1782 0.7245 -0.6658
vn -0.0803 0.8137 -0.5757
vn -0.0970 0.7959 -0.5977
vn -0.0782 0.8137 -0.5761
vn -0.1030 0.7958 -0.5967
vn -0.0430 0.8152 -0.5776
vn -0.0625 0.8162 -0.5744
vn -0.0424 0.8151 -0.5778
vn -0.0619 0.8161 -0.5746
vn -0.0089 0.8347 -0.5506
vn -0.0226 0.8247 -0.5651
vn -0.0083 0.8347 -0.5507
vn -0.0249 0.8250 -0.5646
vn 0.0234 0.8144 -0.5798
vn 0.0051 0.8282 -0.5604
vn 0.0228 0.8145 -0.5797
vn 0.0065 0.8280 -0.5607
vn 0.0559 0.8275 -0.5586
vn 0.0411 0.8149 -0.5782
vn 0.0575 0.8271 -0.5591
vn 0.0398 0.8152 -0.5778
vn 0.1307 0.8226 -0.5534
vn 0.0855 0.8323 -0.5477
vn 0.1311 0.8224 -0.5535
vn 0.0846 0.8326 -0.5474
vn 0.2082 0.7801 -0.5900
vn 0.1764 0.8017 -0.5711
vn 0.2084 0.7798 -0.5903
vn 0.1763 0.8017 -0.5711
vn 0.2439 0.7511 -0.6134
vn 0.2302 0.7648 -0.6017
vn 0.2437 0.7513 -0.6133
vn 0.2299 0.7652 -0.6014
vn 0.2502 0.7155 -0.6523
vn 0.2485 0.7329 -0.6334
vn 0.2500 0.7157 -0.6521
vn 0.2490 0.7320 -0.6341
vn 0.2820 0.7045 -0.6513
vn 0.2592 0.7068 -0.6582
vn 0.2816 0.6984 -0.6580
vn 0.2589 0.7086 -0.6564
vn 0.2460 0.6239 -0.7418
vn 0.2720 0.6706 -0.6902
vn 0.3022 0.6783 -0.6697
vn 0.2171 0.6142 -0.7587
vn 0.3066 0.6969 -0.6483
vn 0.3306 0.6925 -0.6412
vn -0.2316 0.7171 -0.6574
vn -0.2397 0.7229 -0.6481
vn -0.2333 0.7143 -0.6598
vn -0.2262 0.7248 -0.6507
vn -0.2371 0.7254 -0.6462
vn -0.2316 0.7330 -0.6396
vn -0.2372 0.7348 -0.6355
vn -0.2400 0.7330 -0.6365
vn 0.2617 0.7022 -0.6621
vn 0.2589 0.7049 -0.6604
vn 0.2498 0.7160 -0.6519
vn 0.2504 0.7131 -0.6549
vn 0.2477 0.7302 -0.6367
vn 0.2480 0.7337 -0.6326
vn 0.2436 0.7515 -0.6131
vn 0.2449 0.7490 -0.6156
vn 0.2336 0.7622 -0.6037
vn 0.2306 0.7645 -0.6019
vn 0.2086 0.7796 -0.5905
vn 0.2131 0.7762 -0.5934
vn 0.1814 0.7985 -0.5740
vn 0.1767 0.8019 -0.5708
vn 0.1315 0.8223 -0.5536
vn 0.1358 0.8210 -0.5546
vn 0.0895 0.8318 -0.5478
vn 0.0863 0.8321 -0.5479
vn 0.0590 0.8267 -0.5595
vn 0.0610 0.8276 -0.5579
vn 0.0446 0.8154 -0.5772
vn 0.0424 0.8146 -0.5785
vn 0.0224 0.8146 -0.5796
vn 0.0243 0.8137 -0.5808
vn 0.0042 0.8273 -0.5617
vn 0.0038 0.8285 -0.5600
vn -0.0078 0.8346 -0.5508
vn -0.0072 0.8349 -0.5504
vn -0.0185 0.8255 -0.5640
vn -0.0205 0.8247 -0.5652
vn -0.0418 0.8151 -0.5779
vn -0.0400 0.8152 -0.5778
vn -0.0625 0.8158 -0.5749
vn -0.0632 0.8161 -0.5744
vn -0.0762 0.8136 -0.5764
vn -0.0749 0.8143 -0.5756
vn -0.0876 0.7975 -0.5969
vn -0.0915 0.7959 -0.5985
vn -0.1182 0.7698 -0.6273
vn -0.1138 0.7711 -0.6265
vn -0.1448 0.7458 -0.6502
vn -0.1477 0.7453 -0.6501
vn -0.1742 0.7252 -0.6661
vn -0.1720 0.7257 -0.6661
vn -0.2043 0.6859 -0.6984
vn -0.1870 0.6749 -0.7138
vn -0.2021 0.6861 -0.6988
vn -0.1974 0.6909 -0.6955
vn -0.2070 0.6923 -0.6912
vn -0.2058 0.6875 -0.6964
vn 0.3168 0.6944 -0.6462
vn 0.3366 0.6820 -0.6493
vn -0.2255 0.7079 -0.6694
vn -0.2092 0.7034 -0.6793
vn -0.2238 0.7095 -0.6682
vn -0.2184 0.7154 -0.6637
vn -0.2256 0.7598 -0.6097
vn -0.2330 0.7390 -0.6322
vn -0.2221 0.7579 -0.6134
vn -0.2172 0.7486 -0.6264
vn -0.2090 0.7364 -0.6435
vn -0.1966 0.7231 -0.6621
vn -0.1683 0.6987 -0.6953
vn -0.1812 0.7107 -0.6798
vn -0.2394 0.7421 -0.6261
vn -0.2345 0.7493 -0.6193
vn -0.2378 0.7650 -0.5985
vn -0.2458 0.7509 -0.6130
vn -0.1590 0.6853 -0.7107
vn -0.1506 0.6695 -0.7274
vn -0.1430 0.6534 -0.7434
vn -0.1664 0.6167 -0.7694
vn -0.1364 0.6408 -0.7555
vn -0.1021 0.7149 -0.6917
vn -0.1764 0.6124 -0.7707
vn -0.1795 0.6144 -0.7683
vn 0.0064 0.6747 -0.7380
vn 0.0196 0.7500 -0.6611
vn -0.0055 0.6849 -0.7286
vn 0.0317 0.7378 -0.6743
vn 0.0557 0.8415 -0.5374
vn -0.0157 0.7614 -0.6481
vn -0.0413 0.6941 -0.7187
vn 0.1904 0.5620 -0.8049
vn 0.1746 0.5693 -0.8034
vn 0.1608 0.5904 -0.7910
vn 0.1512 0.5966 -0.7881
vn 0.1454 0.5940 -0.7912
vn 0.1382 0.5950 -0.7918
vn 0.1302 0.6078 -0.7834
vn 0.1190 0.6515 -0.7492
vn 0.1263 0.6299 -0.7663
vn 0.0170 0.6277 -0.7782
vn 0.0118 0.6266 -0.7793
vn 0.0628 0.6675 -0.7419
vn 0.0968 0.6645 -0.7410
vn 0.0336 0.6622 -0.7486
vn 0.0202 0.6510 -0.7588
vn 0.0175 0.6377 -0.7701
vn 0.0217 0.1305 -0.9912
vn 0.0243 0.1647 -0.9860
vn -0.0001 0.5106 -0.8598
vn -0.0440 0.7003 -0.7125
vn 0.0693 0.3265 -0.9427
vn -0.0503 0.5930 -0.8037
vn 0.0665 0.2970 -0.9526
vn -0.1288 0.6485 -0.7502
vn 0.0525 0.3650 -0.9295
vn -0.0919 0.5446 -0.8336
vn 0.0563 0.3490 -0.9354
vn -0.1003 0.5493 -0.8296
vn 0.1736 0.4071 -0.8967
vn 0.1768 0.4650 -0.8675
vn 0.1725 0.3947 -0.9025
vn 0.1645 0.4306 -0.8874
vn 0.1766 0.4952 -0.8506
vn 0.1665 0.5355 -0.8280
vn 0.1907 0.6984 -0.6898
vn 0.1883 0.6369 -0.7476
vn 0.1571 0.4653 -0.8711
vn 0.1582 0.5054 -0.8483
vn 0.1602 0.5852 -0.7949
vn 0.1636 0.6379 -0.7526
vn 0.1802 0.8085 -0.5602
vn 0.1846 0.7552 -0.6290
vn 0.1517 0.5437 -0.8255
vn 0.1272 0.5778 -0.8062
vn 0.1589 0.6890 -0.7072
vn 0.1358 0.7362 -0.6630
vn 0.1651 0.8917 -0.4215
vn 0.1781 0.8544 -0.4881
vn 0.1870 0.7969 -0.5745
vn 0.1720 0.9158 -0.3631
vn 0.1692 0.8570 -0.4867
vn 0.1899 0.8629 -0.4683
vn 0.1857 0.9089 -0.3735
vn 0.1689 0.9501 -0.2622
vn 0.0176 0.6427 -0.7659
vn -0.0132 0.6002 -0.7997
vn 0.0092 0.6609 -0.7504
vn -0.0174 0.6083 -0.7935
vn -0.0161 0.5971 -0.8020
vn 0.0072 0.6756 -0.7372
vn 0.0616 0.8254 -0.5611
vn 0.1270 0.9320 -0.3394
vn 0.1290 0.9067 -0.4016
vn 0.1666 0.9693 -0.1808
vn 0.1264 0.9470 -0.2954
vn 0.0678 0.8281 -0.5565
vn 0.0692 0.8103 -0.5819
vn 0.0745 0.7841 -0.6162
vn 0.1049 0.7749 -0.6233
vn 0.0942 0.6055 -0.7902
vn 0.0749 0.8008 -0.5942
vn 0.0832 0.9571 -0.2775
vn 0.1074 0.9435 -0.3134
vn 0.1374 0.9216 -0.3629
vn 0.1484 0.9848 -0.0905
vn 0.1628 0.9790 -0.1230
vn 0.1210 0.9899 -0.0745
vn 0.1146 0.9565 -0.2683
vn 0.0841 0.9644 -0.2506
vn 0.0616 0.6227 -0.7800
vn 0.0463 0.8128 -0.5807
vn 0.0318 0.6265 -0.7787
vn 0.0188 0.8131 -0.5818
vn 0.0358 0.9667 -0.2535
vn 0.0608 0.9640 -0.2587
vn 0.0065 0.6186 -0.7857
vn -0.0082 0.8049 -0.5933
vn -0.0176 0.6039 -0.7969
vn -0.0357 0.7917 -0.6099
vn -0.0102 0.9635 -0.2677
vn 0.0111 0.9662 -0.2576
vn 0.0805 0.9953 -0.0529
vn 0.0692 0.9943 -0.0810
vn 0.0713 0.9963 -0.0484
vn 0.0834 0.9925 -0.0898
vn 0.0499 0.9956 -0.0790
vn 0.0563 0.9973 -0.0481
vn -0.1618 0.4805 -0.8620
vn -0.1255 0.4960 -0.8592
vn -0.1642 0.4616 -0.8717
vn -0.1238 0.5169 -0.8470
vn -0.0784 0.5235 -0.8484
vn -0.0725 0.4888 -0.8694
vn -0.1163 0.4647 -0.8778
vn -0.1530 0.4334 -0.8881
vn 0.0390 0.9980 -0.0492
vn 0.0300 0.9963 -0.0800
vn 0.0145 0.9965 -0.0829
vn 0.0250 0.9984 -0.0502
vn -0.0966 0.5407 -0.8356
vn -0.1033 0.7403 -0.6643
vn -0.0875 0.7586 -0.6457
vn -0.1128 0.5175 -0.8482
vn -0.1059 0.7244 -0.6812
vn -0.0710 0.9458 -0.3169
vn -0.0654 0.9499 -0.3056
vn -0.0495 0.9549 -0.2927
vn 0.0133 0.9987 -0.0489
vn 0.0020 0.9964 -0.0853
vn -0.0298 0.9595 -0.2800
vn -0.0113 0.9963 -0.0855
vn 0.0008 0.9990 -0.0440
vn -0.0111 0.9992 -0.0380
vn -0.0243 0.9961 -0.0848
vn -0.0331 0.9959 -0.0848
vn -0.0204 0.9992 -0.0340
vn -0.0269 0.9991 -0.0318
vn -0.0389 0.9957 -0.0845
vn -0.0710 0.9439 -0.3226
vn -0.0439 0.9956 -0.0828
vn -0.0322 0.9990 -0.0305
vn -0.1653 0.4127 -0.8957
vn -0.1697 0.4147 -0.8940
vn -0.1714 0.4120 -0.8949
vn -0.1660 0.4205 -0.8920
vn -0.1738 0.4181 -0.8916
vn -0.1658 0.4012 -0.9009
vn -0.1702 0.4112 -0.8955
vn -0.1737 0.4116 -0.8947
vn -0.1680 0.4065 -0.8981
vn -0.1764 0.4000 -0.8994
vn -0.1704 0.4004 -0.9003
vn -0.1733 0.4061 -0.8973
vn -0.1757 0.4063 -0.8967
vn -0.1786 0.4000 -0.8990
vn -0.1789 0.3931 -0.9019
vn -0.1724 0.3936 -0.9030
vn -0.1813 0.3931 -0.9014
vn -0.1824 0.3864 -0.9041
vn -0.1803 0.3864 -0.9046
vn -0.1744 0.3868 -0.9055
vn -0.0774 0.9962 -0.0410
vn -0.0768 0.9961 -0.0427
vn -0.0783 0.9961 -0.0410
vn -0.0764 0.9964 -0.0375
vn -0.0775 0.9961 -0.0414
vn -0.0772 0.9963 -0.0376
vn -0.0778 0.9961 -0.0409
vn -0.0773 0.9961 -0.0431
vn -0.1355 0.7458 -0.6522
vn -0.1466 0.4739 -0.8683
vn -0.1564 0.4815 -0.8624
vn -0.0900 0.9570 -0.2759
vn -0.1236 0.7379 -0.6635
vn -0.0821 0.9548 -0.2858
vn -0.1177 0.7311 -0.6721
vn -0.1423 0.4701 -0.8711
vn -0.1403 0.4661 -0.8735
vn -0.1477 0.4097 -0.9002
vn -0.1407 0.4675 -0.8727
vn -0.1476 0.4125 -0.8989
vn -0.1541 0.4018 -0.9027
vn -0.1561 0.3970 -0.9044
vn -0.1494 0.4080 -0.9007
vn -0.1361 0.4674 -0.8735
vn -0.1355 0.4239 -0.8955
vn -0.1441 0.4168 -0.8975
vn -0.1459 0.4184 -0.8965
vn -0.1516 0.4118 -0.8986
vn -0.1535 0.4066 -0.9006
vn -0.1256 0.4724 -0.8724
vn -0.1287 0.4344 -0.8915
vn -0.1175 0.4821 -0.8682
vn -0.1282 0.4497 -0.8839
vn -0.1441 0.4418 -0.8855
vn -0.1419 0.4278 -0.8926
vn -0.1616 0.4559 -0.8752
vn -0.1454 0.4862 -0.8617
vn -0.1769 0.4506 -0.8750
vn -0.1601 0.4357 -0.8858
vn -0.1427 0.4626 -0.8750
vn -0.1253 0.4915 -0.8618
vn -0.0808 0.5219 -0.8492
vn -0.1073 0.4953 -0.8621
vn -0.0722 0.5640 -0.8226
vn -0.0514 0.5445 -0.8372
vn -0.0612 0.5490 -0.8336
vn -0.0952 0.5233 -0.8468
vn -0.0158 0.5772 -0.8165
vn -0.0370 0.5677 -0.8224
vn -0.0114 0.5800 -0.8146
vn -0.0421 0.5648 -0.8242
vn -0.0708 0.5501 -0.8321
vn -0.0307 0.5659 -0.8239
vn -0.0057 0.5786 -0.8156
vn 0.0567 0.5818 -0.8114
vn 0.0180 0.5880 -0.8087
vn 0.0574 0.5849 -0.8090
vn 0.0143 0.5851 -0.8108
vn 0.0219 0.5864 -0.8097
vn 0.0575 0.5843 -0.8095
vn 0.1046 0.5658 -0.8179
vn 0.1494 0.5448 -0.8251
vn 0.1563 0.5407 -0.8266
vn 0.1019 0.5695 -0.8157
vn 0.0977 0.5701 -0.8157
vn 0.1402 0.5465 -0.8257
vn 0.2087 0.5073 -0.8361
vn 0.2237 0.4741 -0.8516
vn 0.2449 0.4681 -0.8491
vn 0.1950 0.5123 -0.8364
vn 0.1780 0.5151 -0.8384
vn 0.1982 0.4781 -0.8556
vn 0.2457 0.4330 -0.8673
vn 0.2055 0.4198 -0.8840
vn 0.2138 0.4142 -0.8847
vn 0.2253 0.4389 -0.8698
vn 0.1998 0.4423 -0.8743
vn 0.1929 0.4190 -0.8873
vn 0.1945 0.3995 -0.8959
vn 0.1884 0.4160 -0.8896
vn 0.1880 0.4124 -0.8914
vn 0.1888 0.4085 -0.8930
vn 0.1865 0.4104 -0.8927
vn 0.1822 0.4055 -0.8958
vn -0.1765 0.3762 -0.9096
vn -0.1808 0.3807 -0.9069
vn -0.1811 0.3763 -0.9086
vn -0.1756 0.3810 -0.9077
vn -0.1825 0.3807 -0.9065
vn -0.1830 0.3761 -0.9083
vn -0.5903 0.5504 -0.5904
vn -0.4584 0.5687 -0.6830
vn -0.4728 0.5245 -0.7081
vn -0.5609 0.5841 -0.5867
vn -0.4110 0.6530 -0.6361
vn -0.2906 0.5941 -0.7501
vn -0.3115 0.4982 -0.8092
vn -0.3108 0.4546 -0.8347
vn -0.0384 0.9988 -0.0296
vn -0.0747 0.9441 -0.3210
vn -0.0494 0.9955 -0.0809
vn -0.0786 0.9457 -0.3155
vn -0.0520 0.9954 -0.0800
vn -0.0428 0.9987 -0.0291
vn 0.0341 0.7222 -0.6909
vn 0.0414 0.7008 -0.7121
vn -0.0630 0.9943 -0.0859
vn -0.0465 0.9985 -0.0286
vn -0.0513 0.9983 -0.0266
vn -0.0964 0.9726 -0.2116
vn -0.0590 0.9928 -0.1041
vn -0.0959 0.9612 -0.2587
vn -0.0598 0.9908 -0.1212
vn -0.2213 0.8121 -0.5400
vn -0.2185 0.7268 -0.6512
vn -0.2160 0.7494 -0.6259
vn -0.2001 0.9229 -0.3291
vn -0.2385 0.8155 -0.5274
vn -0.2172 0.9371 -0.2731
vn -0.2752 0.8858 -0.3737
vn -0.2375 0.7185 -0.6537
vn -0.2861 0.8535 -0.4355
vn -0.1907 0.9301 -0.3139
vn -0.2871 0.8257 -0.4855
vn -0.1594 0.9514 -0.2633
vn -0.1043 0.9854 -0.1345
vn -0.1967 0.9047 -0.3778
vn -0.2572 0.7822 -0.5675
vn -0.2527 0.7628 -0.5952
vn -0.2406 0.7823 -0.5746
vn -0.2133 0.8261 -0.5216
vn -0.2310 0.7990 -0.5552
vn -0.2448 0.7754 -0.5821
vn -0.1577 0.8943 -0.4187
vn -0.1207 0.9347 -0.3343
vn -0.1059 0.9476 -0.3014
vn -0.2025 0.8486 -0.4888
vn -0.1745 0.8724 -0.4566
vn -0.2252 0.7803 -0.5834
vn -0.2163 0.8078 -0.5484
vn -0.1914 0.8699 -0.4545
vn -0.2135 0.8121 -0.5430
vn -0.2142 0.7751 -0.5944
vn -0.1436 0.9396 -0.3107
vn -0.1916 0.8904 -0.4129
vn -0.1447 0.9180 -0.3692
vn -0.0616 0.9979 -0.0213
vn -0.0687 0.9965 -0.0479
vn -0.0716 0.9958 -0.0565
vn -0.0612 0.9979 -0.0217
vn -0.0604 0.9972 -0.0447
vn -0.0874 0.9921 -0.0895
vn -0.0974 0.9892 -0.1092
vn -0.1022 0.9855 -0.1358
vn -0.1481 0.9667 -0.2087
vn -0.1471 0.9758 -0.1620
vn -0.1519 0.9816 -0.1156
vn -0.2061 0.9634 -0.1714
vn -0.2112 0.8437 -0.4934
vn -0.2610 0.5879 -0.7657
vn -0.2525 0.6515 -0.7154
vn -0.1220 0.9724 -0.1990
vn -0.2184 0.8096 -0.5449
vn -0.1241 0.9671 -0.2222
vn -0.1987 0.7782 -0.5957
vn -0.2338 0.5351 -0.8118
vn -0.2086 0.3781 -0.9020
vn -0.1899 0.3843 -0.9034
vn -0.1996 0.3865 -0.9004
vn -0.1992 0.3746 -0.9055
vn -0.2031 0.3767 -0.9038
vn -0.1990 0.3737 -0.9059
vn -0.2052 0.3753 -0.9039
vn -0.1924 0.3805 -0.9046
vn -0.0769 0.9959 -0.0484
vn -0.0766 0.9966 -0.0310
vn -0.0762 0.9966 -0.0311
vn -0.0651 0.9933 -0.0951
vn -0.0724 0.9964 -0.0442
vn -0.0692 0.9967 -0.0427
vn -0.0765 0.9966 -0.0312
vn -0.1478 0.3418 -0.9281
vn -0.1534 0.3773 -0.9133
vn -0.1536 0.3553 -0.9221
vn -0.1521 0.3684 -0.9172
vn -0.1644 0.4026 -0.9005
vn -0.1453 0.4136 -0.8988
vn -0.1469 0.4016 -0.9040
vn -0.0290 0.4976 -0.8669
vn 0.0004 0.4904 -0.8715
vn -0.0350 0.4827 -0.8751
vn 0.0031 0.5054 -0.8629
vn 0.0469 0.4884 -0.8714
vn 0.0419 0.4163 -0.9083
vn -0.0006 0.4183 -0.9083
vn -0.0331 0.4124 -0.9104
vn 0.3236 0.0235 -0.9459
vn 0.2681 0.1073 -0.9574
vn 0.2951 0.0810 -0.9520
vn 0.2918 0.0132 -0.9564
vn 0.2381 0.1122 -0.9647
vn 0.1642 0.3394 -0.9262
vn 0.1920 0.3017 -0.9339
vn 0.2199 0.2362 -0.9465
vn 0.3314 0.0397 -0.9426
vn 0.3345 0.0200 -0.9422
vn 0.3284 0.0399 -0.9437
vn 0.3365 0.0212 -0.9414
vn 0.3310 0.0109 -0.9436
vn 0.2516 -0.0091 -0.9678
vn 0.2557 -0.0014 -0.9668
vn 0.2515 0.0130 -0.9678
vn 0.3039 0.0998 -0.9475
vn 0.3145 0.0653 -0.9470
vn 0.2987 0.0979 -0.9493
vn 0.3195 0.0656 -0.9453
vn 0.2418 0.0313 -0.9698
vn 0.2332 0.0567 -0.9708
vn 0.2404 0.1535 -0.9585
vn 0.2888 0.1379 -0.9474
vn 0.2692 0.1811 -0.9459
vn 0.2014 0.1253 -0.9715
vn 0.2477 0.1091 -0.9627
vn 0.1944 0.0811 -0.9776
vn 0.2486 0.0681 -0.9662
vn 0.2179 0.3104 -0.9253
vn 0.2413 0.2516 -0.9373
vn 0.2241 0.3064 -0.9251
vn 0.2036 0.3221 -0.9246
vn 0.2246 0.2370 -0.9452
vn 0.1969 0.2127 -0.9571
vn 0.2180 0.3707 -0.9028
vn 0.2181 0.3116 -0.9248
vn 0.2166 0.3479 -0.9122
vn 0.2244 0.3336 -0.9156
vn 0.2142 0.2904 -0.9326
vn 0.1670 0.2285 -0.9591
vn 0.1785 0.2423 -0.9536
vn 0.1873 0.2743 -0.9432
vn 0.1488 0.4590 -0.8759
vn 0.1957 0.3948 -0.8977
vn 0.1539 0.4404 -0.8845
vn 0.1920 0.4161 -0.8888
vn 0.1772 0.3201 -0.9307
vn 0.1425 0.3673 -0.9191
vn 0.0979 0.4894 -0.8665
vn 0.0472 0.5037 -0.8626
vn 0.1008 0.4732 -0.8752
vn 0.0926 0.4011 -0.9113
vn -0.0844 0.4459 -0.8911
vn -0.1136 0.4373 -0.8921
vn -0.0787 0.4618 -0.8835
vn -0.0983 0.3475 -0.9325
vn -0.1149 0.4199 -0.9003
vn -0.1260 0.2814 -0.9513
vn -0.1475 0.3749 -0.9153
vn -0.0534 0.4818 -0.8747
vn -0.0617 0.4664 -0.8824
vn -0.0574 0.3977 -0.9157
vn -0.0986 0.9926 -0.0709
vn -0.0715 0.9943 -0.0789
vn -0.0601 0.9956 -0.0721
vn -0.1285 0.9896 -0.0644
vn -0.1277 0.9882 -0.0851
vn -0.1812 0.9801 -0.0814
vn 0.0535 0.9708 -0.2337
vn 0.0943 0.9936 -0.0627
vn 0.0411 0.9750 -0.2182
vn -0.0137 0.8662 -0.4995
vn 0.0216 0.8539 -0.5199
vn -0.0542 0.7734 -0.6316
vn -0.0825 0.7054 -0.7040
vn -0.0310 0.6104 -0.7915
vn -0.0695 0.6138 -0.7864
vn -0.1144 0.6269 -0.7707
vn -0.4957 0.6542 -0.5712
vn -0.3502 0.7388 -0.5758
vn -0.4027 0.7436 -0.5338
vn -0.2696 0.6933 -0.6683
vn -0.0458 0.9977 -0.0505
vn -0.0549 0.9980 -0.0300
vn -0.0551 0.9979 -0.0352
vn -0.0503 0.9976 -0.0472
vn -0.0580 0.9980 -0.0248
vn -0.0624 0.7761 -0.6275
vn -0.0444 0.5856 -0.8094
vn -0.1042 0.7159 -0.6904
vn -0.1096 0.7131 -0.6924
vn -0.1166 0.4972 -0.8598
vn -0.0782 0.9476 -0.3097
vn -0.1171 0.7144 -0.6899
vn -0.1184 0.7185 -0.6853
vn -0.0758 0.9499 -0.3033
vn -0.1167 0.7244 -0.6794
vn -0.0767 0.9524 -0.2950
vn -0.1577 0.4087 -0.8990
vn -0.1584 0.3928 -0.9059
vn -0.1614 0.3900 -0.9065
vn -0.1522 0.4072 -0.9006
vn -0.1245 0.4701 -0.8738
vn -0.0237 0.5618 -0.8270
vn 0.0001 0.5754 -0.8179
vn 0.0259 0.5844 -0.8111
vn 0.0579 0.5835 -0.8100
vn 0.1312 0.5481 -0.8261
vn 0.0939 0.5707 -0.8158
vn 0.1746 0.4824 -0.8584
vn 0.1618 0.5181 -0.8399
vn 0.1778 0.4170 -0.8913
vn 0.1752 0.4456 -0.8779
vn 0.1760 0.3925 -0.9027
vn 0.1805 0.4006 -0.8983
vn 0.1784 0.0372 -0.9833
vn 0.1919 0.0910 -0.9772
vn 0.1779 0.0514 -0.9827
vn 0.1977 0.1265 -0.9721
vn 0.2327 0.1383 -0.9627
vn 0.2425 0.1183 -0.9629
vn 0.2490 0.0934 -0.9640
vn 0.1425 -0.0227 -0.9895
vn 0.1584 0.0141 -0.9873
vn 0.1408 -0.0129 -0.9900
vn 0.1585 -0.0006 -0.9874
vn 0.2454 0.0652 -0.9672
vn 0.2340 0.0363 -0.9715
vn 0.1692 -0.0511 -0.9843
vn 0.1398 -0.0429 -0.9892
vn 0.1719 -0.0996 -0.9801
vn 0.1423 -0.0355 -0.9892
vn 0.2297 -0.0125 -0.9732
vn 0.2512 -0.1146 -0.9611
vn 0.2198 -0.0681 -0.9732
vn 0.2691 -0.1402 -0.9528
vn 0.2595 -0.0414 -0.9649
vn 0.2309 -0.1681 -0.9584
vn 0.2902 -0.2376 -0.9270
vn 0.3015 -0.2211 -0.9275
vn 0.1949 0.1987 -0.9605
vn 0.1889 0.3028 -0.9341
vn 0.2121 0.2808 -0.9360
vn 0.2228 0.1899 -0.9562
vn 0.1806 0.3779 -0.9081
vn 0.1700 0.3844 -0.9074
vn 0.1685 0.3762 -0.9111
vn 0.1795 0.3941 -0.9014
vn 0.1670 0.3888 -0.9061
vn 0.1657 0.3863 -0.9074
vn 0.2224 0.3480 -0.9107
vn 0.1940 0.3969 -0.8971
vn 0.2006 0.3743 -0.9054
vn 0.2105 0.3767 -0.9021
vn 0.1464 0.5894 -0.7944
vn 0.1504 0.7600 -0.6323
vn 0.1181 0.6338 -0.7644
vn 0.1633 0.5006 -0.8502
vn 0.1712 0.7015 -0.6918
vn 0.1766 0.5676 -0.8042
vn 0.1669 0.4234 -0.8904
vn 0.1708 0.4414 -0.8809
vn 0.0140 0.5245 -0.8513
vn 0.0087 0.5026 -0.8645
vn 0.0273 0.5451 -0.8379
vn 0.0150 0.5445 -0.8386
vn 0.0123 0.5332 -0.8459
vn 0.0514 0.6712 -0.7395
vn 0.0544 0.6292 -0.7753
vn 0.0828 0.6905 -0.7186
vn 0.0824 0.7458 -0.6611
vn 0.0320 0.6175 -0.7859
vn 0.0293 0.6075 -0.7938
vn 0.0698 0.7605 -0.6455
vn 0.0634 0.7413 -0.6682
vn 0.2550 0.2011 -0.9458
vn 0.2525 0.1629 -0.9538
vn 0.2395 0.2435 -0.9399
vn 0.2694 0.1211 -0.9554
vn 0.2707 0.1231 -0.9547
vn 0.3546 0.1127 -0.9282
vn 0.3449 0.0720 -0.9359
vn 0.3718 0.1063 -0.9222
vn 0.3250 0.0924 -0.9412
vn 0.3107 0.0555 -0.9489
vn 0.3260 0.0481 -0.9442
vn 0.3596 0.0711 -0.9304
vn 0.3809 0.1089 -0.9182
vn 0.3539 0.1230 -0.9272
vn 0.3752 0.1313 -0.9176
vn 0.3576 0.1372 -0.9237
vn 0.3646 0.1256 -0.9227
vn 0.3776 0.1345 -0.9161
vn 0.3551 0.1410 -0.9241
vn 0.3206 -0.2287 -0.9192
vn 0.3399 -0.1730 -0.9244
vn 0.3183 -0.1898 -0.9288
vn 0.3340 -0.2275 -0.9147
vn 0.3179 -0.0785 -0.9449
vn 0.3346 -0.0247 -0.9420
vn 0.3355 0.1086 -0.9357
vn 0.3287 0.0104 -0.9444
vn 0.3372 0.0853 -0.9376
vn 0.3317 0.1123 -0.9367
vn 0.3248 0.0140 -0.9457
vn -0.0185 -0.1204 -0.9926
vn -0.0183 -0.1515 -0.9883
vn -0.0192 -0.1452 -0.9892
vn -0.0060 -0.0662 -0.9978
vn -0.0141 -0.1309 -0.9913
vn -0.0007 -0.0971 -0.9953
vn -0.0123 -0.1205 -0.9926
vn -0.0219 -0.1356 -0.9905
vn 0.0101 0.0293 -0.9995
vn 0.0154 -0.0242 -0.9996
vn 0.0135 0.0141 -0.9998
vn 0.0076 -0.0013 -1.0000
vn 0.0143 -0.0076 -0.9999
vn 0.0124 -0.0077 -0.9999
vn 0.0122 -0.0231 -0.9997
vn 0.0086 -0.0170 -0.9998
vn 0.0100 -0.0570 -0.9983
vn 0.0060 -0.0529 -0.9986
vn -0.0027 -0.0909 -0.9959
vn 0.1091 -0.0406 -0.9932
vn 0.0360 -0.0522 -0.9980
vn 0.0377 -0.0560 -0.9977
vn 0.2306 -0.0114 -0.9730
vn 0.1003 -0.0354 -0.9943
vn 0.2120 0.0019 -0.9773
vn 0.0863 -0.0140 -0.9962
vn 0.0352 -0.0367 -0.9987
vn 0.0049 0.0353 -0.9994
vn 0.0048 0.0014 -1.0000
vn 0.0045 0.0375 -0.9993
vn 0.0110 0.0021 -0.9999
vn 0.0106 0.0020 -0.9999
vn 0.0045 0.0012 -1.0000
vn 0.0073 -0.0016 -1.0000
vn 0.0138 0.0380 -0.9992
vn 0.0269 0.0003 -0.9996
vn 0.0326 0.0346 -0.9989
vn 0.0482 -0.0066 -0.9988
vn 0.0479 -0.0067 -0.9988
vn 0.0265 0.0004 -0.9996
vn 0.0557 0.0238 -0.9982
vn 0.0591 -0.0146 -0.9981
vn 0.0678 0.0109 -0.9976
vn 0.0483 -0.0115 -0.9988
vn 0.0493 -0.0123 -0.9987
vn 0.0600 -0.0145 -0.9981
vn 0.0574 0.0082 -0.9983
vn 0.0271 0.0057 -0.9996
vn 0.0366 0.0196 -0.9991
vn 0.0111 0.0275 -0.9996
vn 0.0111 0.0263 -0.9996
vn 0.0285 0.0046 -0.9996
vn 0.0204 0.0376 -0.9991
vn 0.0187 0.0189 -0.9996
vn 0.0276 0.0283 -0.9992
vn 0.0434 -0.0219 -0.9988
vn 0.0419 -0.0189 -0.9989
vn 0.0159 0.0226 -0.9996
vn 0.0515 -0.0131 -0.9986
vn 0.0569 -0.0516 -0.9970
vn 0.0652 -0.0435 -0.9969
vn 0.0571 -0.0604 -0.9965
vn 0.0576 -0.0607 -0.9965
vn 0.0576 -0.0509 -0.9970
vn 0.0655 -0.0541 -0.9964
vn 0.0548 -0.0610 -0.9966
vn 0.0631 -0.0563 -0.9964
vn 0.0508 -0.0601 -0.9969
vn 0.0510 -0.0607 -0.9969
vn 0.0552 -0.0613 -0.9966
vn 0.0596 -0.0558 -0.9967
vn 0.0445 -0.0597 -0.9972
vn 0.0541 -0.0552 -0.9970
vn 0.0375 -0.0596 -0.9975
vn 0.0379 -0.0614 -0.9974
vn 0.0448 -0.0606 -0.9972
vn 0.1303 -0.0345 -0.9909
vn 0.1314 -0.0299 -0.9909
vn 0.1245 -0.0377 -0.9915
vn 0.0469 -0.0553 -0.9974
vn 0.1298 -0.0234 -0.9913
vn 0.1290 -0.0117 -0.9916
vn 0.2066 0.1350 -0.9691
vn 0.1269 0.0086 -0.9919
vn 0.1120 0.0465 -0.9926
vn 0.2243 0.0892 -0.9704
vn 0.0872 0.0968 -0.9915
vn 0.0802 0.1150 -0.9901
vn 0.1786 0.1959 -0.9642
vn 0.0968 0.1128 -0.9889
vn 0.1151 0.1243 -0.9855
vn 0.1189 0.1509 -0.9814
vn 0.0978 0.1842 -0.9780
vn 0.0620 0.2087 -0.9760
vn 0.0272 0.2185 -0.9755
vn 0.0017 0.2196 -0.9756
vn -0.0142 0.2162 -0.9762
vn 0.0285 -0.0596 -0.9978
vn 0.0277 -0.0561 -0.9980
vn 0.0289 -0.0613 -0.9977
vn 0.0275 -0.0546 -0.9981
vn 0.0286 -0.0382 -0.9989
vn 0.0285 -0.0382 -0.9989
vn -0.0616 0.0901 -0.9940
vn -0.0742 0.3781 -0.9228
vn -0.0407 0.1556 -0.9870
vn -0.0276 0.1886 -0.9817
vn -0.0229 0.2068 -0.9781
vn -0.1224 0.1811 -0.9758
vn -0.0715 0.0002 -0.9974
vn -0.1283 0.1990 -0.9716
vn -0.0649 0.0019 -0.9979
vn 0.0819 -0.5335 -0.8419
vn 0.0511 -0.6781 -0.7332
vn 0.0808 -0.5499 -0.8313
vn 0.0800 -0.5316 -0.8432
vn 0.0518 -0.6677 -0.7426
vn 0.0502 -0.6761 -0.7351
vn 0.0354 -0.7644 -0.6438
vn 0.0349 -0.7708 -0.6361
vn 0.0672 -0.6278 -0.7755
vn 0.0380 -0.7367 -0.6751
vn 0.0578 -0.6408 -0.7655
vn 0.0736 -0.6058 -0.7922
vn 0.0429 -0.7285 -0.6837
vn 0.0464 -0.7141 -0.6985
vn 0.0299 -0.8026 -0.5957
vn 0.0271 -0.8081 -0.5885
vn 0.0238 -0.6484 -0.7609
vn 0.0210 -0.7415 -0.6706
vn 0.0210 -0.7417 -0.6704
vn 0.0238 -0.6484 -0.7610
vn 0.0183 -0.8112 -0.5845
vn 0.0416 -0.6466 -0.7617
vn 0.0228 -0.7413 -0.6708
vn 0.0277 -0.6482 -0.7610
vn 0.0298 -0.7402 -0.6717
vn 0.0228 -0.8104 -0.5854
vn 0.0194 -0.8111 -0.5846
vn 0.1195 0.4391 -0.8904
vn 0.1319 0.3649 -0.9216
vn 0.1139 0.4666 -0.8771
vn 0.1208 0.3080 -0.9437
vn 0.1009 0.2577 -0.9609
vn 0.0862 0.1769 -0.9804
vn 0.0342 -0.0136 -0.9993
vn 0.1722 0.0527 -0.9837
vn 0.0643 0.0158 -0.9978
vn 0.0684 -0.0379 -0.9969
vn 0.0442 -0.1036 -0.9936
vn 0.0315 -0.1200 -0.9923
vn 0.0304 -0.0148 -0.9994
vn 0.0304 -0.0156 -0.9994
vn 0.0299 -0.1178 -0.9926
vn 0.0299 -0.1144 -0.9930
vn 0.1161 0.4592 -0.8807
vn 0.1499 0.3524 -0.9238
vn 0.1221 0.4361 -0.8916
vn 0.1382 0.3360 -0.9317
vn 0.1319 0.3311 -0.9343
vn 0.1483 0.3218 -0.9351
vn 0.1314 0.3979 -0.9080
vn 0.1470 0.3269 -0.9336
vn 0.1467 0.3274 -0.9334
vn 0.1328 0.3909 -0.9108
vn 0.1338 0.3904 -0.9109
vn 0.1441 0.3292 -0.9332
vn 0.1437 0.3306 -0.9328
vn 0.0874 -0.2565 -0.9626
vn 0.0571 -0.3024 -0.9515
vn 0.1227 -0.2097 -0.9700
vn 0.0615 -0.5737 -0.8167
vn 0.0345 -0.5789 -0.8146
vn 0.0317 -0.3951 -0.9181
vn 0.0279 -0.3969 -0.9174
vn 0.0399 -0.3789 -0.9246
vn 0.0266 -0.5828 -0.8122
vn 0.0253 -0.5836 -0.8117
vn 0.0253 -0.5833 -0.8118
vn 0.0274 -0.3935 -0.9189
vn 0.0274 -0.3914 -0.9198
vn 0.0253 -0.5829 -0.8121
vn 0.0254 -0.5827 -0.8123
vn 0.1412 -0.1627 -0.9765
vn 0.1497 -0.1214 -0.9813
vn 0.1101 -0.5424 -0.8329
vn 0.0925 -0.5628 -0.8214
vn 0.1554 -0.0685 -0.9855
vn 0.1460 0.3128 -0.9385
vn 0.1557 -0.0570 -0.9862
vn 0.1546 -0.1256 -0.9800
vn 0.1327 -0.4303 -0.8929
vn 0.1312 -0.4480 -0.8843
vn 0.0324 -0.0620 -0.9976
vn 0.0319 -0.0601 -0.9977
vn 0.0416 -0.0559 -0.9976
vn 0.1167 -0.0394 -0.9924
vn 0.2422 -0.0114 -0.9702
vn 0.1452 0.3370 -0.9302
vn 0.2348 0.0644 -0.9699
vn 0.2356 0.0612 -0.9699
vn 0.2382 0.0537 -0.9697
vn 0.2302 0.0905 -0.9689
vn 0.1451 0.3484 -0.9260
vn 0.3351 0.0140 -0.9421
vn 0.2776 -0.0040 -0.9607
vn 0.3307 0.0154 -0.9436
vn 0.2589 -0.0066 -0.9659
vn 0.0301 -0.6262 -0.7791
vn 0.0507 -0.6243 -0.7795
vn 0.0747 -0.6177 -0.7828
vn 0.0244 -0.6264 -0.7791
vn 0.1207 -0.5127 -0.8501
vn 0.0886 -0.6033 -0.7926
vn 0.0975 -0.5791 -0.8094
vn 0.1072 -0.5182 -0.8485
vn 0.1312 -0.4351 -0.8908
vn 0.1088 -0.5001 -0.8591
vn 0.1075 -0.4958 -0.8618
vn 0.1391 0.9669 -0.2137
vn 0.1496 0.9789 -0.1390
vn 0.1409 0.9757 -0.1678
vn 0.1465 0.9738 -0.1741
vn 0.1518 0.9799 -0.1297
vn 0.1517 0.9799 -0.1298
vn 0.1488 0.9793 -0.1372
vn 0.1398 0.9772 -0.1598
vn 0.1473 0.9761 -0.1600
vn 0.1565 0.9788 -0.1324
vn 0.1515 0.9753 -0.1605
vn 0.1748 0.9730 -0.1505
vn 0.1695 0.9748 -0.1451
vn 0.1549 0.9792 -0.1310
vn 0.4565 -0.3830 -0.8031
vn 0.4938 -0.4031 -0.7705
vn 0.4697 -0.3438 -0.8131
vn 0.4462 -0.4050 -0.7980
vn 0.4785 -0.4406 -0.7595
vn 0.4664 -0.4611 -0.7549
vn 0.4769 -0.4437 -0.7587
vn 0.5708 -0.8084 -0.1438
vn 0.1185 -0.6177 -0.7775
vn 0.1994 -0.6313 -0.7495
vn 0.1960 -0.6011 -0.7747
vn 0.0750 -0.6207 -0.7805
vn 0.1199 -0.6411 -0.7580
vn 0.0760 -0.6443 -0.7610
vn 0.1086 -0.6333 -0.7663
vn 0.1858 -0.6263 -0.7571
vn 0.1697 0.9694 -0.1774
vn 0.2303 0.9484 -0.2181
vn 0.2244 0.9437 -0.2432
vn 0.4422 0.7237 -0.5298
vn 0.4229 0.7560 -0.4996
vn 0.2130 0.9572 -0.1960
vn 0.1147 0.9343 -0.3376
vn 0.1290 0.9677 -0.2165
vn 0.1188 0.9573 -0.2637
vn 0.1264 0.9522 -0.2782
vn 0.1288 0.9719 -0.1972
vn 0.1200 0.9646 -0.2348
vn 0.4221 -0.4437 -0.7906
vn 0.3760 -0.4961 -0.7826
vn 0.4389 -0.4970 -0.7486
vn 0.3883 -0.5457 -0.7425
vn 0.4327 -0.5042 -0.7474
vn 0.4629 -0.4666 -0.7536
vn 0.2960 -0.5562 -0.7766
vn 0.3031 -0.5976 -0.7423
vn 0.2906 -0.5996 -0.7457
vn 0.3794 -0.5523 -0.7423
vn -0.4547 -0.4213 -0.7847
vn -0.4693 -0.4560 -0.7562
vn -0.4676 -0.4556 -0.7575
vn -0.4569 -0.4219 -0.7831
vn -0.4715 -0.4603 -0.7522
vn -0.4695 -0.4570 -0.7555
vn -0.4688 -0.4551 -0.7570
vn -0.4676 -0.4555 -0.7576
vn -0.3900 -0.4615 -0.7968
vn -0.4267 -0.4798 -0.7667
vn -0.3994 -0.4948 -0.7717
vn -0.4159 -0.4469 -0.7921
vn -0.4462 -0.4684 -0.7625
vn -0.4459 -0.4686 -0.7626
vn -0.4263 -0.4799 -0.7667
vn -0.3985 -0.4953 -0.7719
vn -0.0289 -0.6065 -0.7946
vn -0.0573 -0.6324 -0.7725
vn -0.0297 -0.6401 -0.7677
vn -0.0563 -0.5986 -0.7991
vn -0.0953 -0.6215 -0.7776
vn -0.0913 -0.6227 -0.7771
vn -0.0548 -0.6331 -0.7721
vn -0.0275 -0.6404 -0.7676
vn 0.0230 -0.6191 -0.7850
vn -0.0035 -0.6465 -0.7629
vn 0.0232 -0.6514 -0.7584
vn -0.0031 -0.6134 -0.7897
vn -0.0013 -0.6471 -0.7624
vn 0.0237 -0.6510 -0.7587
vn -0.4345 -0.4353 -0.7885
vn -0.4609 -0.4596 -0.7592
vn -0.4485 -0.4260 -0.7858
vn -0.0939 -0.5870 -0.8041
vn -0.1610 -0.6002 -0.7835
vn -0.1586 -0.5653 -0.8095
vn -0.2566 -0.5635 -0.7852
vn -0.2501 -0.5663 -0.7854
vn -0.1545 -0.6024 -0.7831
vn -0.4618 -0.4284 -0.7767
vn -0.4759 -0.4688 -0.7441
vn -0.4718 -0.4417 -0.7631
vn -0.4825 -0.4809 -0.7321
vn -0.4720 -0.4631 -0.7501
vn -0.4710 -0.4600 -0.7527
vn -0.2521 -0.5288 -0.8104
vn -0.3462 -0.5226 -0.7792
vn -0.3390 -0.4885 -0.8040
vn -0.3431 -0.5241 -0.7795
vn 0.0479 -0.6211 -0.7823
vn 0.0487 -0.6497 -0.7587
vn 0.0457 -0.6479 -0.7604
vn 0.0695 -0.6400 -0.7652
vn 0.0417 -0.3894 -0.9201
vn 0.0620 -0.3789 -0.9234
vn 0.0218 -0.3924 -0.9195
vn -0.2795 -0.2606 -0.9241
vn -0.2129 -0.2937 -0.9319
vn -0.3687 -0.1994 -0.9079
vn -0.3619 -0.1976 -0.9111
vn -0.3445 -0.1453 -0.9275
vn -0.4774 -0.4457 -0.7572
vn -0.1371 -0.3280 -0.9347
vn -0.0817 -0.3522 -0.9324
vn -0.3575 -0.2122 -0.9095
vn -0.3483 -0.2228 -0.9105
vn -0.3595 -0.2027 -0.9108
vn -0.0002 -0.3886 -0.9214
vn -0.0231 -0.3803 -0.9246
vn -0.0479 -0.3677 -0.9287
vn -0.3165 -0.2409 -0.9175
vn -0.3349 -0.2317 -0.9133
vn -0.3594 -0.1984 -0.9119
vn 0.2808 -0.1829 -0.9422
vn 0.2303 -0.2519 -0.9399
vn 0.1565 -0.3186 -0.9349
vn 0.3126 -0.0965 -0.9450
vn 0.3035 -0.1310 -0.9438
vn 0.1099 0.8963 -0.4297
vn 0.0990 0.8722 -0.4791
vn 0.1198 0.9196 -0.3741
vn 0.1865 0.9050 -0.3822
vn 0.1389 0.9368 -0.3212
vn 0.2816 0.6982 -0.6581
vn 0.4154 0.7247 -0.5498
vn 0.0955 -0.3589 -0.9285
vn 0.3189 -0.0390 -0.9470
vn 0.3147 -0.0766 -0.9461
vn 0.1224 0.9430 -0.3095
vn 0.1201 0.9409 -0.3166
vn 0.1229 0.9338 -0.3362
vn 0.0274 -0.5813 -0.8132
vn 0.3220 0.0095 -0.9467
vn 0.3101 0.0128 -0.9506
vn 0.0469 -0.3457 -0.9372
vn 0.0826 0.0692 -0.9942
vn 0.1398 0.2452 -0.9593
vn 0.1150 0.1088 -0.9874
vn 0.2229 0.1485 -0.9635
vn -0.0224 0.5031 -0.8639
vn -0.0405 0.5069 -0.8610
vn -0.0185 0.5199 -0.8540
vn -0.0442 0.4887 -0.8713
vn -0.0723 0.4695 -0.8800
vn -0.1111 0.4456 -0.8883
vn 0.0948 0.5135 -0.8528
vn 0.0468 0.5093 -0.8593
vn 0.0483 0.5259 -0.8491
vn 0.1445 0.4883 -0.8606
vn 0.0939 0.4962 -0.8631
vn 0.1425 0.4683 -0.8720
vn 0.1945 0.4523 -0.8704
vn 0.2303 0.4112 -0.8820
vn 0.1875 0.4283 -0.8840
vn 0.2174 0.3848 -0.8970
vn 0.2305 0.3699 -0.9000
vn 0.2233 0.3458 -0.9113
vn 0.2311 0.2468 -0.9411
vn 0.2620 0.1814 -0.9479
vn 0.2834 0.1356 -0.9494
vn 0.2480 0.0322 -0.9682
vn 0.2467 0.0095 -0.9690
vn 0.2487 -0.0029 -0.9686
vn 0.2850 0.0448 -0.9575
vn 0.0058 0.5107 -0.8597
vn 0.0083 0.5273 -0.8497
vn -0.1509 0.3071 -0.9396
vn -0.1471 0.3012 -0.9422
vn -0.2227 0.6182 -0.7538
vn -0.2145 0.5140 -0.8305
vn -0.2400 0.7199 -0.6513
vn -0.2297 0.5454 -0.8061
vn -0.2119 0.4579 -0.8634
vn -0.0605 0.9972 -0.0430
vn -0.0597 0.9975 -0.0379
vn -0.0669 0.9971 -0.0369
vn -0.0656 0.9966 -0.0506
vn -0.0500 0.9975 -0.0494
vn -0.0594 0.9963 -0.0624
vn -0.0843 0.9954 -0.0457
vn -0.1026 0.9940 -0.0388
vn -0.0898 0.9943 -0.0567
vn -0.1121 0.9924 -0.0504
vn -0.2134 0.4062 -0.8885
vn -0.2963 0.4465 -0.8443
vn -0.2009 0.4022 -0.8933
vn -0.1823 0.3945 -0.9006
vn -0.2548 0.4321 -0.8651
vn -0.1128 0.9811 -0.1574
vn -0.1985 0.8760 -0.4396
vn -0.1169 0.9770 -0.1785
vn -0.2194 0.4455 -0.8680
vn -0.1759 0.3925 -0.9027
vn -0.2053 0.4039 -0.8914
vn -0.1807 0.4192 -0.8898
vn -0.1866 0.4993 -0.8461
vn -0.1963 0.9081 -0.3698
vn -0.1476 0.9556 -0.2552
vn -0.1013 0.9804 -0.1693
vn -0.0690 0.9952 -0.0692
vn -0.0576 0.9981 -0.0234
vn -0.2151 0.7654 -0.6065
vn -0.2173 0.8140 -0.5388
vn -0.1827 0.3739 -0.9093
vn -0.1860 0.3737 -0.9087
vn -0.1873 0.3739 -0.9084
vn -0.1967 0.3737 -0.9064
vn -0.1163 0.9621 -0.2467
vn -0.1615 0.7572 -0.6329
vn -0.1016 0.9590 -0.2647
vn -0.4445 0.7092 -0.5472
vn -0.5456 0.6098 -0.5749
vn -0.5715 0.5758 -0.5847
vn -0.2547 0.8768 -0.4078
vn -0.4283 0.7258 -0.5383
vn -0.0799 0.9952 -0.0569
vn -0.0736 0.9967 -0.0330
vn -0.0796 0.9954 -0.0528
vn -0.0873 0.9897 -0.1137
vn -0.0886 0.9742 -0.2078
vn -0.2590 0.8751 -0.4089
vn -0.0524 0.9949 -0.0861
vn -0.1120 0.9684 -0.2228
vn -0.6457 0.5021 -0.5754
vn -0.6542 0.5109 -0.5576
vn -0.6809 0.4762 -0.5564
vn -0.6179 0.5399 -0.5716
vn -0.0880 0.9954 -0.0373
vn -0.0790 0.9960 -0.0416
vn -0.0728 0.9965 -0.0412
vn 0.0502 0.7312 -0.6803
vn 0.0882 0.8586 -0.5050
vn 0.0831 0.8573 -0.5080
vn 0.0549 0.7311 -0.6801
vn 0.1042 0.9229 -0.3706
vn 0.0989 0.9204 -0.3783
vn 0.1085 0.9498 -0.2936
vn 0.1025 0.9458 -0.3083
vn 0.1099 0.9592 -0.2604
vn 0.1035 0.9571 -0.2705
vn 0.1278 -0.4779 -0.8691
vn 0.1037 -0.5475 -0.8304
vn 0.0781 -0.5768 -0.8131
vn 0.2253 0.0929 -0.9698
vn 0.2318 0.0736 -0.9700
vn 0.3110 -0.1572 -0.9373
vn 0.3064 -0.1436 -0.9410
vn 0.1422 0.3333 -0.9321
vn 0.1539 -0.0898 -0.9840
vn 0.1278 0.4131 -0.9017
vn 0.0494 -0.6952 -0.7171
vn 0.0338 -0.7816 -0.6229
vn 0.0321 -0.7935 -0.6078
vn 0.3110 0.0404 -0.9496
vn 0.3212 0.0902 -0.9427
vn 0.3280 -0.1237 -0.9365
vn 0.3317 -0.1305 -0.9343
vn 0.3292 0.1083 -0.9380
vn 0.3206 0.1165 -0.9400
vn 0.2964 0.1187 -0.9476
vn 0.2920 0.0842 -0.9527
vn 0.2842 0.1623 -0.9449
vn 0.2860 0.0909 -0.9539
vn 0.2717 0.1736 -0.9466
vn 0.2993 0.0768 -0.9511
vn 0.0029 0.5263 -0.8503
vn 0.0236 0.6023 -0.7979
vn 0.0196 0.6021 -0.7982
vn 0.0067 0.5276 -0.8495
vn -0.0038 0.4878 -0.8729
vn 0.0009 0.4909 -0.8712
vn 0.1707 0.3833 -0.9077
vn 0.1698 0.4067 -0.8976
vn 0.1759 0.3812 -0.9076
vn 0.1678 0.4115 -0.8958
vn 0.1540 0.4554 -0.8769
vn 0.1516 0.4395 -0.8853
vn 0.0730 0.4943 -0.8662
vn 0.1238 0.5044 -0.8546
vn 0.0860 0.5313 -0.8428
vn 0.1154 0.4741 -0.8729
vn 0.2573 0.3187 -0.9122
vn 0.2183 0.3547 -0.9092
vn 0.2309 0.3469 -0.9090
vn 0.2429 0.3260 -0.9136
vn 0.1929 0.3634 -0.9114
vn 0.2027 0.3572 -0.9117
vn 0.1766 0.3686 -0.9127
vn 0.1837 0.3650 -0.9127
vn 0.0471 0.5767 -0.8156
vn 0.0712 0.6192 -0.7820
vn 0.2736 0.2559 -0.9272
vn 0.2409 0.2868 -0.9272
vn 0.2598 0.2629 -0.9292
vn -0.6832 0.5027 -0.5297
vn -0.6636 0.5151 -0.5425
vn -0.6553 0.5302 -0.5380
vn -0.6896 0.4783 -0.5437
vn -0.5961 0.5465 -0.5882
vn -0.5936 0.5482 -0.5891
vn -0.2002 0.3811 -0.9026
vn -0.1692 0.3792 -0.9097
vn -0.1783 0.3778 -0.9086
vn -0.2186 0.4337 -0.8741
vn -0.2069 0.4027 -0.8916
vn 0.2259 0.3233 -0.9189
vn 0.2028 0.3570 -0.9118
vn -0.2413 0.4879 -0.8389
vn -0.2227 0.4245 -0.8776
vn -0.4666 0.5155 -0.7187
vn -0.4418 0.5080 -0.7394
vn -0.1676 0.3836 -0.9082
vn -0.1657 0.3892 -0.9061
vn 0.1891 0.3754 -0.9074
vn 0.2109 0.3863 -0.8979
vn 0.2459 0.4095 -0.8785
vn 0.2473 0.4466 -0.8599
vn 0.2085 0.4864 -0.8485
vn 0.1540 0.5203 -0.8400
vn 0.1012 0.5449 -0.8324
vn 0.0107 0.5614 -0.8275
vn 0.0527 0.5591 -0.8274
vn -0.0179 0.5540 -0.8323
vn -0.0423 0.5413 -0.8397
vn -0.0784 0.5464 -0.8338
vn -0.1777 0.4333 -0.8835
vn -0.1729 0.4319 -0.8852
vn -0.1634 0.3958 -0.9037
vn -0.1622 0.4023 -0.9010
vn -0.1600 0.4079 -0.8989
vn -0.1563 0.4143 -0.8966
vn -0.1552 0.4227 -0.8929
vn -0.1108 0.5218 -0.8459
vn 0.0257 0.4974 -0.8671
vn 0.0547 0.5245 -0.8497
vn 0.0420 0.4971 -0.8667
vn 0.0830 0.6031 -0.7933
vn -0.0707 0.9969 -0.0354
vn -0.0753 0.9966 -0.0323
vn -0.0621 0.9954 -0.0729
vn -0.0564 0.9954 -0.0769
vn -0.0667 0.9954 -0.0695
vn -0.0787 0.9951 -0.0594
vn -0.0772 0.9952 -0.0609
vn 0.1116 0.7093 -0.6960
vn 0.1299 0.8027 -0.5820
vn 0.1005 0.9892 -0.1072
vn 0.1276 0.9830 -0.1318
vn -0.2144 0.3882 -0.8963
vn -0.0760 0.9966 -0.0328
vn -0.0764 0.9965 -0.0325
vn -0.0772 0.9963 -0.0367
vn -0.0699 0.9953 -0.0675
vn -0.0730 0.9952 -0.0657
vn -0.0533 0.9954 -0.0794
vn -0.0650 0.9873 -0.1450
vn -0.0631 0.9888 -0.1352
vn -0.0584 0.9858 -0.1575
vn -0.0637 0.9864 -0.1518
vn -0.0356 0.9838 -0.1754
vn -0.0491 0.9850 -0.1653
vn -0.0051 0.9818 -0.1898
vn -0.0198 0.9826 -0.1844
vn 0.0246 0.9798 -0.1987
vn 0.0097 0.9811 -0.1932
vn 0.0356 0.9777 -0.2070
vn 0.1564 0.9737 -0.1655
vn 0.1744 0.9607 -0.2158
vn 0.1811 0.9406 -0.2873
vn 0.1330 0.8661 -0.4818
vn 0.0430 0.4679 -0.8827
vn 0.3169 0.2986 -0.9002
vn 0.5321 0.0850 -0.8424
vn 0.5773 0.0292 -0.8160
vn 0.8932 -0.4106 -0.1831
vn -0.1543 0.5964 -0.7877
vn -0.1072 0.5581 -0.8228
vn -0.2043 0.6969 -0.6874
vn -0.2006 0.7044 -0.6808
vn -0.1981 0.7086 -0.6773
vn -0.2051 0.6809 -0.7030
vn -0.1953 0.7108 -0.6757
vn -0.1931 0.7120 -0.6752
vn -0.1777 0.6145 -0.7687
vn -0.0756 0.9951 -0.0631
vn 0.1011 0.5530 0.8270
vn 0.1609 0.5342 0.8299
vn 0.1610 0.5343 0.8298
vn 0.2404 0.5185 0.8206
vn 0.2406 0.5185 0.8206
vn 0.3800 0.4917 0.7835
vn 0.4219 0.4806 0.7688
vn 0.4220 0.4807 0.7687
vn 0.4476 0.4786 0.7554
vn 0.4477 0.4786 0.7554
vn 0.4667 0.4853 0.7394
vn 0.4668 0.4853 0.7393
vn 0.4802 0.4926 0.7258
vn 0.4802 0.4926 0.7257
vn 0.3173 0.5050 0.8027
vn 0.3176 0.5051 0.8025
vn 0.3799 0.4918 0.7835
vn 0.1453 -0.8404 -0.5222
vn 0.1219 -0.8757 -0.4672
vn 0.1228 -0.8747 -0.4688
vn 0.0729 -0.9602 -0.2697
vn 0.0752 -0.9562 -0.2830
vn 0.9806 -0.1725 -0.0928
vn 0.9770 -0.1848 -0.1068
vn 0.9806 -0.1725 -0.0927
vn 0.9770 -0.1847 -0.1068
vn 0.9726 -0.1991 -0.1205
vn 0.4819 0.5094 0.7130
vn 0.5018 0.5098 0.6988
vn 0.5020 0.5098 0.6987
vn 0.7576 0.2770 0.5910
vn 0.7582 0.2762 0.5906
vn 0.2975 -0.7272 -0.6186
vn 0.2472 -0.7436 -0.6213
vn 0.2475 -0.7435 -0.6213
vn 0.1810 -0.7817 -0.5968
vn 0.1804 -0.7822 -0.5963
vn 0.4850 0.4978 0.7190
vn 0.4853 0.4979 0.7187
vn 0.4819 0.5093 0.7130
vn 0.0262 0.5566 0.8304
vn 0.0433 0.5630 0.8253
vn 0.0552 0.5733 0.8175
vn 0.0552 0.5734 0.8174
vn 0.0697 0.5700 0.8187
vn 0.1010 0.5531 0.8270
vn 0.0093 0.5647 0.8252
vn -0.0016 0.5741 0.8188
vn 0.0093 0.5643 0.8255
vn 0.0262 0.5566 0.8303
vn -0.0370 0.5797 0.8140
vn -0.0135 0.5760 0.8173
vn -0.0135 0.5761 0.8173
vn -0.0653 0.5955 0.8007
vn -0.0845 0.6196 0.7804
vn -0.1772 0.6552 0.7344
vn -0.1744 0.6582 0.7324
vn -0.1771 0.6552 0.7344
vn -0.1647 0.6607 0.7324
vn -0.1743 0.6581 0.7325
vn -0.1617 0.6598 0.7339
vn -0.1647 0.6609 0.7322
vn -0.1667 0.6545 0.7374
vn -0.1617 0.6596 0.7340
vn -0.1017 0.6406 0.7611
vn -0.1305 0.6517 0.7472
vn -0.1017 0.6407 0.7611
vn 0.3877 -0.7436 -0.5447
vn 0.3172 -0.7337 -0.6009
vn 0.3170 -0.7335 -0.6013
vn 0.2977 -0.7272 -0.6185
vn -0.1669 0.6385 0.7513
vn -0.1705 0.6472 0.7430
vn -0.1704 0.6470 0.7432
vn -0.1667 0.6548 0.7372
vn -0.2003 0.5783 0.7908
vn -0.1897 0.5959 0.7803
vn -0.1897 0.5961 0.7802
vn -0.1718 0.6135 0.7708
vn -0.1718 0.6137 0.7706
vn 0.8816 -0.4697 -0.0463
vn 0.8819 -0.4692 -0.0456
vn 0.3892 -0.7436 -0.5437
vn -0.1635 0.6279 0.7609
vn -0.1635 0.6280 0.7608
vn -0.1669 0.6384 0.7514
vn 0.9827 -0.1720 -0.0682
vn 0.9824 -0.1688 -0.0801
vn 0.9827 -0.1721 -0.0682
vn 0.9824 -0.1687 -0.0801
vn 0.1485 -0.8194 -0.5537
vn 0.1484 -0.8195 -0.5535
vn 0.1454 -0.8404 -0.5222
vn 0.9652 -0.1416 0.2201
vn 0.9628 -0.0585 0.2639
vn 0.9628 -0.0588 0.2639
vn 0.9512 0.0795 0.2980
vn 0.9513 0.0794 0.2980
vn -0.1128 -0.9133 -0.3913
vn -0.1138 -0.9113 -0.3957
vn -0.1128 -0.9134 -0.3912
vn -0.1056 -0.9162 -0.3867
vn -0.1056 -0.9162 -0.3865
vn -0.0935 -0.9193 -0.3823
vn -0.0936 -0.9195 -0.3819
vn -0.0783 -0.9221 -0.3789
vn -0.0783 -0.9223 -0.3785
vn -0.0742 -0.9263 -0.3694
vn -0.2146 -0.9179 -0.3338
vn -0.2142 -0.9181 -0.3336
vn -0.5694 -0.7963 -0.2041
vn -0.5689 -0.7966 -0.2044
vn 0.9770 -0.1668 0.1327
vn 0.9788 -0.1659 0.1203
vn 0.9771 -0.1668 0.1323
vn 0.9736 -0.1695 0.1527
vn 0.9736 -0.1694 0.1528
vn -0.5763 0.1270 0.8073
vn -0.5512 0.2168 0.8057
vn -0.5528 0.2160 0.8048
vn -0.5948 0.1961 0.7796
vn -0.5961 0.1956 0.7788
vn 0.9843 -0.1733 0.0344
vn 0.9851 -0.1716 -0.0105
vn 0.9842 -0.1733 0.0350
vn 0.9821 -0.1718 0.0775
vn 0.9821 -0.1718 0.0777
vn -0.1339 0.1801 0.9745
vn -0.1978 0.3545 0.9139
vn -0.1997 0.3596 0.9115
vn -0.2185 0.5460 0.8088
vn -0.2186 0.5458 0.8089
vn -0.1716 0.5599 0.8106
vn -0.1930 0.5642 0.8028
vn -0.1932 0.5643 0.8027
vn -0.2003 0.5782 0.7909
vn -0.1508 0.5662 0.8104
vn -0.1455 0.5767 0.8039
vn -0.1715 0.5600 0.8106
vn -0.1499 0.5898 0.7935
vn -0.1566 0.6077 0.7786
vn -0.1498 0.5897 0.7936
vn -0.1456 0.5768 0.8038
vn -0.4276 0.0003 0.9040
vn -0.3417 0.0114 0.9397
vn -0.3416 0.0116 0.9398
vn -0.2884 0.0183 0.9573
vn -0.5276 0.1377 0.8383
vn -0.5399 0.2034 0.8168
vn -0.5289 0.1347 0.8379
vn -0.5726 0.0506 0.8183
vn -0.5731 0.0498 0.8180
vn -0.6030 -0.0177 0.7975
vn -0.5458 -0.0142 0.8378
vn -0.5458 -0.0141 0.8378
vn -0.4277 0.0001 0.9039
vn 0.8757 0.4158 0.2456
vn 0.8660 0.4449 0.2283
vn 0.8757 0.4155 0.2459
vn 0.8791 0.3917 0.2715
vn 0.8791 0.3918 0.2714
vn -0.0729 -0.9408 -0.3312
vn -0.0822 -0.9289 -0.3612
vn -0.0823 -0.9287 -0.3615
vn -0.0950 -0.9182 -0.3846
vn -0.0951 -0.9181 -0.3847
vn -0.1079 -0.9121 -0.3954
vn -0.1138 -0.9114 -0.3955
vn -0.5259 -0.8315 -0.1790
vn -0.5295 -0.8193 -0.2200
vn -0.5259 -0.8316 -0.1787
vn -0.5808 -0.8135 -0.0300
vn -0.5806 -0.8136 -0.0304
vn -0.1471 0.0252 0.9888
vn -0.1702 0.0263 0.9851
vn -0.1469 0.0251 0.9888
vn -0.1306 0.0279 0.9910
vn -0.1305 0.0280 0.9911
vn -0.8831 -0.4690 -0.0100
vn -0.8724 -0.4882 -0.0212
vn -0.8727 -0.4879 -0.0211
vn -0.7994 -0.5985 -0.0526
vn -0.8023 -0.5948 -0.0515
vn -0.1189 0.0375 0.9922
vn -0.1103 0.0501 0.9926
vn -0.1101 0.0504 0.9926
vn -0.1191 0.0373 0.9922
vn 0.9802 -0.1676 0.1057
vn 0.9802 -0.1676 0.1058
vn 0.9788 -0.1658 0.1202
vn -0.5967 0.2033 0.7763
vn -0.5963 0.2036 0.7765
vn -0.5417 0.2041 0.8154
vn 0.9234 0.2213 0.3135
vn 0.9234 0.2215 0.3135
vn 0.8940 0.3027 0.3303
vn 0.8940 0.3028 0.3303
vn 0.8731 0.3280 0.3607
vn 0.8730 0.3280 0.3609
vn 0.8566 0.3404 0.3878
vn 0.8565 0.3405 0.3878
vn 0.8468 0.3571 0.3942
vn 0.8401 0.3892 0.3778
vn 0.8401 0.3892 0.3777
vn 0.8349 0.4307 0.3428
vn 0.8349 0.4309 0.3426
vn 0.8381 0.4599 0.2933
vn 0.8382 0.4601 0.2928
vn -0.0279 -0.9935 0.1107
vn 0.0133 -0.9998 -0.0134
vn 0.0135 -0.9998 -0.0176
vn -0.0074 -0.9848 -0.1737
vn -0.0090 -0.9840 -0.1779
vn -0.9959 -0.0878 -0.0241
vn -0.9907 -0.1341 -0.0243
vn -0.9906 -0.1343 -0.0242
vn -0.9786 -0.2041 -0.0248
vn -0.9787 -0.2039 -0.0252
vn 0.2310 -0.9692 0.0854
vn 0.2009 -0.9781 0.0550
vn 0.2313 -0.9691 0.0856
vn 0.2008 -0.9781 0.0547
vn 0.1906 -0.9812 0.0289
vn 0.2231 -0.9684 0.1114
vn 0.2229 -0.9684 0.1115
vn 0.0938 -0.9866 0.1337
vn 0.0938 -0.9866 0.1338
vn 0.1905 -0.9813 0.0283
vn 0.1572 -0.9875 0.0113
vn 0.1568 -0.9876 0.0117
vn 0.0872 -0.9962 0.0029
vn -0.4908 -0.8711 -0.0148
vn -0.3940 -0.9191 -0.0102
vn -0.3939 -0.9191 -0.0101
vn -0.2768 -0.9609 -0.0066
vn -0.2765 -0.9610 -0.0064
vn 0.0163 -0.9999 -0.0008
vn -0.0560 -0.9984 -0.0023
vn 0.0164 -0.9999 -0.0008
vn 0.0870 -0.9962 0.0032
vn -0.1540 -0.9881 -0.0040
vn -0.1540 -0.9881 -0.0038
vn -0.0559 -0.9984 -0.0027
vn -0.5660 -0.8241 -0.0210
vn -0.6149 -0.7882 -0.0259
vn -0.5659 -0.8242 -0.0210
vn -0.4909 -0.8711 -0.0150
vn -0.9343 -0.3556 -0.0254
vn -0.8977 -0.4400 -0.0222
vn -0.8977 -0.4400 -0.0225
vn -0.8424 -0.5385 -0.0168
vn -0.8424 -0.5386 -0.0165
vn -0.7747 -0.6322 -0.0133
vn -0.7745 -0.6324 -0.0129
vn -0.7176 -0.6962 -0.0171
vn -0.7175 -0.6963 -0.0173
vn -0.6637 -0.7476 -0.0244
vn -0.6635 -0.7478 -0.0244
vn -0.9605 -0.2772 -0.0256
vn -0.9604 -0.2773 -0.0261
vn -0.9343 -0.3557 -0.0252
vn -0.0347 -0.9886 0.1466
vn -0.0348 -0.9886 0.1466
vn -0.0280 -0.9934 0.1109
vn 0.9849 0.1717 -0.0217
vn 0.9903 0.1276 -0.0548
vn 0.9904 0.1269 -0.0551
vn 0.9931 0.0951 -0.0693
vn -0.9995 -0.0107 -0.0296
vn -0.9995 0.0054 -0.0313
vn -0.9995 -0.0103 -0.0295
vn -0.9988 -0.0412 -0.0271
vn -0.9988 -0.0409 -0.0271
vn 0.8795 0.3840 0.2811
vn 0.8801 0.4155 0.2299
vn 0.8800 0.4162 0.2286
vn -0.9994 0.0053 -0.0341
vn -0.9994 0.0075 -0.0330
vn -0.9994 0.0075 -0.0331
vn -0.9995 0.0053 -0.0314
vn 0.9197 0.3732 0.1222
vn 0.9231 0.3663 0.1169
vn 0.9681 0.2468 0.0427
vn 0.9679 0.2478 0.0431
vn -0.9994 0.0042 -0.0346
vn -0.9994 0.0039 -0.0346
vn -0.9994 0.0052 -0.0343
vn 0.8513 0.4638 0.2453
vn 0.8515 0.4637 0.2450
vn -0.9974 -0.0676 -0.0244
vn -0.9974 -0.0677 -0.0245
vn -0.9958 -0.0878 -0.0240
vn 0.9810 0.1936 0.0113
vn 0.9810 0.1937 0.0114
vn 0.9849 0.1718 -0.0215
vn -0.9994 0.0030 -0.0347
vn -0.9994 0.0017 -0.0349
vn -0.9994 0.0028 -0.0348
vn -0.9994 0.0038 -0.0346
vn 0.0792 -0.7598 0.6453
vn 0.1233 -0.7523 0.6472
vn 0.1237 -0.7522 0.6472
vn 0.1756 -0.7462 0.6422
vn 0.1755 -0.7461 0.6423
vn 0.2221 -0.7431 0.6312
vn 0.2223 -0.7432 0.6311
vn 0.2545 -0.7431 0.6189
vn 0.2546 -0.7431 0.6189
vn 0.3442 -0.7582 0.5538
vn 0.6325 -0.5470 0.5484
vn 0.6210 0.0411 0.7827
vn 0.6480 0.0167 0.7614
vn 0.1226 0.2174 0.9683
vn 0.1987 0.2316 0.9523
vn 0.1990 0.2316 0.9522
vn 0.7050 0.1211 0.6987
vn 0.7036 0.1216 0.7002
vn 0.1954 0.1189 0.9735
vn 0.1779 0.1055 0.9784
vn 0.1779 0.1054 0.9784
vn 0.1586 0.1074 0.9815
vn 0.1586 0.1075 0.9815
vn 0.2799 0.1857 0.9419
vn 0.2821 0.1874 0.9409
vn 0.1366 0.1209 0.9832
vn 0.1227 0.1468 0.9815
vn 0.9698 -0.1756 -0.1694
vn 0.9675 -0.1918 -0.1648
vn 0.9675 -0.1918 -0.1649
vn 0.9679 -0.2027 -0.1487
vn 0.9679 -0.2028 -0.1486
vn -0.0027 -0.7602 0.6497
vn 0.0107 -0.7616 0.6480
vn 0.0273 -0.7649 0.6436
vn 0.0274 -0.7648 0.6436
vn -0.0127 -0.7625 0.6468
vn -0.0185 -0.7671 0.6412
vn -0.0127 -0.7625 0.6469
vn -0.0583 -0.7865 0.6149
vn -0.1095 -0.7885 0.6053
vn -0.0582 -0.7864 0.6150
vn -0.0318 -0.7791 0.6260
vn -0.0319 -0.7792 0.6260
vn -0.1696 -0.7801 0.6022
vn -0.2152 -0.7669 0.6046
vn -0.1695 -0.7802 0.6022
vn -0.1098 -0.7884 0.6052
vn -0.2425 -0.7560 0.6080
vn -0.2583 -0.7484 0.6109
vn -0.2424 -0.7560 0.6080
vn -0.2152 -0.7668 0.6047
vn -0.2679 -0.7435 0.6128
vn -0.2718 -0.7411 0.6140
vn -0.2679 -0.7434 0.6128
vn -0.2583 -0.7484 0.6108
vn -0.0229 -0.7726 0.6345
vn -0.0229 -0.7726 0.6344
vn -0.0185 -0.7675 0.6408
vn -0.2686 -0.7408 0.6157
vn -0.2722 -0.7405 0.6145
vn -0.2719 -0.7404 0.6147
vn -0.2719 -0.7412 0.6137
vn -0.0100 -0.8453 0.5342
vn -0.2381 -0.7553 0.6106
vn -0.2685 -0.7407 0.6159
vn 0.5151 -0.8348 0.1944
vn 0.7083 -0.7026 -0.0684
vn 0.5131 -0.8356 0.1963
vn -0.0103 -0.8453 0.5343
vn 0.9726 -0.1989 -0.1205
vn 0.9693 -0.2061 -0.1338
vn 0.9693 -0.2061 -0.1339
vn 0.0488 -0.7649 0.6422
vn 0.0487 -0.7650 0.6422
vn 0.0790 -0.7598 0.6454
vn 0.9937 -0.0944 0.0608
vn 0.9936 -0.0940 0.0623
vn 0.9698 -0.1756 -0.1695
vn 0.3491 -0.9326 -0.0918
vn 0.4104 -0.9079 -0.0860
vn 0.7047 -0.7062 -0.0677
vn -0.0513 -0.9584 -0.2808
vn -0.0519 -0.9580 -0.2821
vn -0.0728 -0.9409 -0.3307
vn -0.0654 -0.9245 -0.3757
vn -0.0654 -0.9245 -0.3755
vn -0.0742 -0.9263 -0.3693
vn -0.1781 0.6206 0.7637
vn -0.1781 0.6205 0.7637
vn -0.1567 0.6078 0.7784
vn -0.6442 -0.7497 -0.1516
vn -0.6409 -0.7520 -0.1542
vn -0.2217 0.0244 0.9748
vn -0.2216 0.0243 0.9748
vn 0.1191 0.1823 0.9760
vn 0.1191 0.1824 0.9760
vn 0.1225 0.2174 0.9684
vn 0.9688 -0.1679 0.1820
vn 0.9688 -0.1679 0.1821
vn -0.7317 -0.4572 0.5056
vn -0.7316 -0.4416 0.5193
vn -0.5795 0.1194 0.8062
vn 0.9838 -0.1729 -0.0474
vn 0.9838 -0.1729 -0.0471
vn 0.9851 -0.1716 -0.0111
vn -0.5996 0.0005 0.8003
vn -0.5997 0.0005 0.8002
vn -0.1616 0.6543 0.7388
vn 0.2741 -0.7457 0.6073
vn 0.2740 -0.7457 0.6073
vn -0.8257 -0.5618 -0.0513
vn -0.8255 -0.5620 -0.0514
vn -0.8832 -0.4689 -0.0100
vn -0.1079 0.0824 0.9907
vn -0.1314 0.1723 0.9762
vn -0.1078 0.0813 0.9908
vn -0.0375 0.5577 0.8292
vn -0.0229 0.6448 0.7640
vn -0.0444 0.5714 0.8195
vn -0.0334 0.6617 0.7490
vn -0.0572 0.5851 0.8090
vn 0.0270 0.8158 0.5777
vn -0.0168 0.6305 0.7760
vn 0.0336 0.8009 0.5979
vn -0.0701 0.5990 0.7977
vn -0.0522 0.6368 0.7692
vn -0.0853 0.5870 0.8051
vn -0.1029 0.5914 0.7998
vn -0.1287 0.5751 0.8079
vn -0.0197 0.5923 0.8055
vn -0.0386 0.6731 0.7386
vn 0.0491 0.7753 0.6297
vn -0.1943 0.5918 0.7823
vn -0.2077 0.6139 0.7616
vn -0.2197 0.6119 0.7598
vn -0.2356 0.6500 0.7225
vn -0.2441 0.6397 0.7288
vn -0.2174 0.6693 0.7105
vn -0.1829 0.5893 0.7870
vn -0.1909 0.6272 0.7551
vn -0.1785 0.7522 0.6343
vn -0.1304 0.8115 0.5696
vn -0.1676 0.7452 0.6455
vn -0.1202 0.8028 0.5840
vn -0.1583 0.7350 0.6593
vn -0.0666 0.8931 0.4450
vn -0.1435 0.8164 0.5593
vn -0.0780 0.8992 0.4305
vn -0.1359 0.5502 0.8239
vn -0.1600 0.6189 0.7690
vn -0.1705 0.5987 0.7826
vn -0.1286 0.5655 0.8146
vn -0.1469 0.6419 0.7526
vn 0.0064 0.3391 0.9407
vn -0.1173 0.5832 0.8038
vn 0.0024 0.3442 0.9389
vn -0.1368 0.6909 0.7099
vn -0.1596 0.6715 0.7237
vn -0.1493 0.7387 0.6573
vn -0.1762 0.7157 0.6759
vn -0.1175 0.7535 0.6468
vn -0.1260 0.6594 0.7411
vn -0.1094 0.7019 0.7039
vn -0.0843 0.5897 0.8032
vn -0.0837 0.6639 0.7431
vn -0.1020 0.6675 0.7376
vn -0.0729 0.5751 0.8148
vn -0.0713 0.6450 0.7608
vn -0.0297 0.2038 0.9786
vn -0.0628 0.5479 0.8342
vn -0.0107 0.2500 0.9682
vn -0.0652 0.6606 0.7479
vn -0.0764 0.6853 0.7243
vn -0.0800 0.7446 0.6627
vn -0.0503 0.6381 0.7683
vn -0.0681 0.7352 0.6744
vn -0.0602 0.6128 0.7880
vn -0.0367 0.5842 0.8108
vn -0.0512 0.4993 0.8649
vn -0.0378 0.5977 0.8008
vn -0.0551 0.5162 0.8547
vn -0.0369 0.6123 0.7898
vn -0.1033 0.1540 0.9826
vn -0.0464 0.4833 0.8742
vn -0.0843 0.1344 0.9873
vn -0.0527 0.5309 0.8458
vn -0.0262 0.6243 0.7808
vn -0.0002 0.6321 0.7749
vn -0.1283 0.1769 0.9758
vn -0.0377 0.5419 0.8396
vn 0.0321 0.6320 0.7743
vn -0.0156 0.5449 0.8384
vn 0.0529 0.6197 0.7830
vn -0.1711 0.2146 0.9616
vn -0.0004 0.5350 0.8449
vn -0.1542 0.1996 0.9677
vn -0.0470 0.4814 0.8752
vn -0.0391 0.5766 0.8161
vn -0.0482 0.5850 0.8096
vn -0.0441 0.4739 0.8795
vn -0.0558 0.1066 0.9927
vn -0.0459 0.1094 0.9929
vn 0.0572 0.5966 0.8005
vn 0.0016 0.5136 0.8580
vn 0.0577 0.5748 0.8162
vn -0.1850 0.2076 0.9605
vn -0.0003 0.4956 0.8686
vn -0.1790 0.2160 0.9598
vn 0.0644 0.5662 0.8217
vn 0.0125 0.4983 0.8669
vn 0.0730 0.5694 0.8188
vn 0.0042 0.4916 0.8708
vn -0.1861 0.2193 0.9577
vn -0.1909 0.2027 0.9605
vn 0.0204 0.5059 0.8623
vn 0.0802 0.5743 0.8147
vn 0.0309 0.5079 0.8609
vn 0.0894 0.5709 0.8161
vn -0.1735 0.2378 0.9557
vn -0.1800 0.2295 0.9565
vn 0.1021 0.5537 0.8264
vn 0.0783 0.5183 0.8516
vn 0.1132 0.5410 0.8334
vn 0.0456 0.5023 0.8635
vn -0.0867 0.3379 0.9372
vn -0.1634 0.2462 0.9554
vn -0.2466 0.8022 0.5438
vn -0.2077 0.8486 0.4866
vn -0.2375 0.8007 0.5499
vn -0.2031 0.8436 0.4970
vn -0.2338 0.7933 0.5621
vn -0.1511 0.9170 0.3691
vn -0.2105 0.8563 0.4716
vn -0.1552 0.9202 0.3593
vn -0.0180 0.5291 0.8483
vn -0.0471 0.4889 0.8711
vn -0.0355 0.5089 0.8601
vn -0.0329 0.5022 0.8641
vn -0.0533 0.4838 0.8736
vn -0.0188 0.5098 0.8601
vn -0.0405 0.4949 0.8680
vn 0.0013 0.5514 0.8342
vn -0.1948 0.7588 0.6215
vn -0.1608 0.8207 0.5482
vn -0.0922 0.9025 0.4207
vn -0.1796 0.8275 0.5319
vn -0.1092 0.9051 0.4110
vn -0.2123 0.7690 0.6030
vn -0.1141 0.7919 0.5999
vn -0.1512 0.7234 0.6737
vn -0.1099 0.7832 0.6120
vn -0.1452 0.7149 0.6840
vn -0.0576 0.8764 0.4781
vn -0.0600 0.8849 0.4618
vn -0.1415 0.9135 0.3815
vn -0.1940 0.8361 0.5131
vn -0.2258 0.7815 0.5816
vn -0.1268 0.9091 0.3968
vn -0.2104 0.5969 0.7743
vn -0.1738 0.5805 0.7955
vn -0.1624 0.5738 0.8027
vn -0.2131 0.5954 0.7746
vn -0.1811 0.5832 0.7919
vn -0.0183 0.5855 0.8105
vn -0.0418 0.5703 0.8204
vn -0.0207 0.6185 0.7855
vn -0.0539 0.5868 0.8079
vn -0.0303 0.6427 0.7655
vn -0.0365 0.5494 0.8348
vn 0.2859 0.6612 0.6936
vn 0.2626 0.6642 0.7000
vn 0.2723 0.6802 0.6805
vn 0.2368 0.6919 0.6821
vn 0.2399 0.6984 0.6743
vn 0.2389 0.6841 0.6891
vn 0.2657 0.6358 0.7247
vn 0.2752 0.6467 0.7114
vn 0.2121 0.7060 0.6757
vn 0.2033 0.6812 0.7033
vn 0.2331 0.7041 0.6708
vn 0.1869 0.6839 0.7052
vn 0.1522 0.6322 0.7597
vn 0.1817 0.6876 0.7029
vn 0.1405 0.6377 0.7573
vn 0.2050 0.7112 0.6724
vn 0.2055 0.7271 0.6551
vn 0.1814 0.7016 0.6891
vn 0.1360 0.6388 0.7573
vn 0.1762 0.7215 0.6696
vn 0.1325 0.6474 0.7505
vn 0.2009 0.7468 0.6340
vn 0.1875 0.7617 0.6202
vn 0.1645 0.7385 0.6539
vn 0.1260 0.6651 0.7360
vn 0.1472 0.7547 0.6393
vn 0.1187 0.6853 0.7185
vn 0.1672 0.7768 0.6072
vn 0.1371 0.7981 0.5868
vn 0.1190 0.7745 0.6213
vn 0.1075 0.7041 0.7019
vn 0.0765 0.7914 0.6065
vn 0.0828 0.7200 0.6890
vn 0.0927 0.8184 0.5671
vn 0.0470 0.8279 0.5589
vn 0.0338 0.7979 0.6018
vn 0.0449 0.7297 0.6823
vn 0.0070 0.7912 0.6115
vn 0.0090 0.7301 0.6833
vn 0.0175 0.8227 0.5682
vn 0.0009 0.8104 0.5859
vn -0.0067 0.7788 0.6273
vn -0.0113 0.7208 0.6930
vn -0.0167 0.7775 0.6287
vn -0.0194 0.7082 0.7057
vn -0.0131 0.8092 0.5874
vn -0.0275 0.8228 0.5677
vn -0.0290 0.7910 0.6112
vn -0.0243 0.7042 0.7096
vn -0.0472 0.8008 0.5971
vn -0.0332 0.7131 0.7003
vn -0.0444 0.8302 0.5557
vn -0.0629 0.8216 0.5666
vn -0.0663 0.7977 0.5994
vn -0.0503 0.7259 0.6860
vn -0.0808 0.7936 0.6031
vn -0.0799 0.8124 0.5777
vn -0.0969 0.8136 0.5734
vn -0.0958 0.7971 0.5962
vn -0.1204 0.7955 0.5939
vn -0.0931 0.7537 0.6506
vn -0.1186 0.8114 0.5724
vn -0.1471 0.7934 0.5906
vn -0.1527 0.7781 0.6093
vn -0.1827 0.7519 0.6334
vn -0.1772 0.7665 0.6173
vn -0.2038 0.7413 0.6395
vn -0.2068 0.7270 0.6547
vn -0.2302 0.7036 0.6722
vn -0.1967 0.6923 0.6943
vn -0.2283 0.7185 0.6570
vn -0.2486 0.6995 0.6700
vn -0.2502 0.7008 0.6680
vn -0.2501 0.6960 0.6731
vn -0.2529 0.6996 0.6683
vn -0.2507 0.6949 0.6740
vn -0.2529 0.7015 0.6663
vn -0.2472 0.7032 0.6666
vn -0.2497 0.7023 0.6666
vn -0.2555 0.7009 0.6659
vn -0.2516 0.6962 0.6723
vn -0.2591 0.7042 0.6610
vn -0.2513 0.7034 0.6649
vn -0.2608 0.7040 0.6606
vn -0.2564 0.7020 0.6644
vn -0.2426 0.6559 0.7148
vn -0.2316 0.6329 0.7388
vn -0.2381 0.6354 0.7346
vn -0.2354 0.6533 0.7196
vn -0.2199 0.6367 0.7391
vn -0.2395 0.6711 0.7016
vn -0.2253 0.6568 0.7196
vn -0.2439 0.6725 0.6987
vn -0.2543 0.6652 0.7020
vn -0.2431 0.6370 0.7316
vn -0.2497 0.6586 0.7099
vn -0.2492 0.6751 0.6944
vn -0.2526 0.6817 0.6866
vn -0.1927 0.7450 0.6386
vn -0.1696 0.7690 0.6163
vn -0.1631 0.7695 0.6175
vn -0.1979 0.7444 0.6378
vn -0.2235 0.7230 0.6537
vn -0.2195 0.7245 0.6534
vn -0.1342 0.7959 0.5904
vn -0.1161 0.8137 0.5695
vn -0.1140 0.8136 0.5701
vn -0.1401 0.7958 0.5891
vn -0.0983 0.8161 0.5694
vn -0.0791 0.8152 0.5738
vn -0.0784 0.8151 0.5740
vn -0.0976 0.8161 0.5696
vn -0.0578 0.8250 0.5622
vn -0.0433 0.8347 0.5490
vn -0.0427 0.8347 0.5491
vn -0.0601 0.8250 0.5620
vn -0.0300 0.8283 0.5596
vn -0.0129 0.8144 0.5801
vn -0.0134 0.8145 0.5800
vn -0.0285 0.8280 0.5600
vn 0.0049 0.8149 0.5796
vn 0.0208 0.8276 0.5610
vn 0.0224 0.8271 0.5616
vn 0.0035 0.8153 0.5791
vn 0.0511 0.8323 0.5520
vn 0.0959 0.8226 0.5605
vn 0.0963 0.8225 0.5606
vn 0.0502 0.8325 0.5517
vn 0.1403 0.8016 0.5812
vn 0.1709 0.7801 0.6019
vn 0.1711 0.7798 0.6022
vn 0.1403 0.8017 0.5810
vn 0.1921 0.7649 0.6149
vn 0.2051 0.7512 0.6274
vn 0.2050 0.7514 0.6273
vn 0.1918 0.7652 0.6145
vn 0.2087 0.7331 0.6473
vn 0.2089 0.7155 0.6667
vn 0.2087 0.7157 0.6665
vn 0.2090 0.7321 0.6483
vn 0.2175 0.7068 0.6732
vn 0.2407 0.7045 0.6677
vn 0.2174 0.7086 0.6713
vn 0.1991 0.6239 0.7557
vn 0.2283 0.6705 0.7059
vn 0.1693 0.6142 0.7708
vn 0.2598 0.6783 0.6873
vn 0.2654 0.6969 0.6662
vn -0.2798 0.7226 0.6322
vn -0.2723 0.7171 0.6416
vn -0.2741 0.7143 0.6439
vn -0.2770 0.7254 0.6301
vn -0.2667 0.7246 0.6354
vn -0.2765 0.7348 0.6194
vn -0.2711 0.7330 0.6238
vn -0.2793 0.7330 0.6202
vn 0.2198 0.7022 0.6772
vn 0.2172 0.7049 0.6752
vn 0.2084 0.7160 0.6663
vn 0.2089 0.7130 0.6693
vn 0.2075 0.7302 0.6510
vn 0.2080 0.7337 0.6469
vn 0.2049 0.7515 0.6272
vn 0.2061 0.7490 0.6297
vn 0.1957 0.7624 0.6168
vn 0.1924 0.7644 0.6153
vn 0.1713 0.7796 0.6024
vn 0.1756 0.7763 0.6055
vn 0.1453 0.7987 0.5839
vn 0.1406 0.8019 0.5806
vn 0.0966 0.8223 0.5607
vn 0.1008 0.8210 0.5619
vn 0.0551 0.8318 0.5524
vn 0.0520 0.8320 0.5523
vn 0.0239 0.8267 0.5621
vn 0.0260 0.8276 0.5607
vn 0.0086 0.8154 0.5789
vn 0.0062 0.8146 0.5800
vn -0.0139 0.8146 0.5798
vn -0.0122 0.8137 0.5812
vn -0.0309 0.8273 0.5609
vn -0.0313 0.8284 0.5592
vn -0.0422 0.8346 0.5492
vn -0.0415 0.8349 0.5488
vn -0.0538 0.8255 0.5618
vn -0.0559 0.8245 0.5630
vn -0.0779 0.8150 0.5742
vn -0.0760 0.8152 0.5742
vn -0.0983 0.8159 0.5697
vn -0.0990 0.8161 0.5693
vn -0.1121 0.8136 0.5705
vn -0.1108 0.8143 0.5698
vn -0.1247 0.7976 0.5901
vn -0.1288 0.7959 0.5916
vn -0.1572 0.7698 0.6187
vn -0.1528 0.7711 0.6181
vn -0.1852 0.7458 0.6399
vn -0.1880 0.7453 0.6397
vn -0.2155 0.7252 0.6539
vn -0.2131 0.7256 0.6543
vn -0.2475 0.6859 0.6843
vn -0.2458 0.6863 0.6846
vn -0.2316 0.6749 0.7006
vn -0.2405 0.6909 0.6818
vn -0.2499 0.6924 0.6769
vn -0.2490 0.6875 0.6822
vn 0.2898 0.6926 0.6606
vn 0.2757 0.6944 0.6647
vn 0.2953 0.6821 0.6690
vn -0.2668 0.7080 0.6539
vn -0.2652 0.7095 0.6529
vn -0.2594 0.7154 0.6488
vn -0.2633 0.7598 0.5944
vn -0.2600 0.7579 0.5983
vn -0.2721 0.7389 0.6164
vn -0.2560 0.7486 0.6116
vn -0.2488 0.7364 0.6292
vn -0.2380 0.7229 0.6486
vn -0.2114 0.6987 0.6835
vn -0.2233 0.7107 0.6671
vn -0.2781 0.7420 0.6099
vn -0.2727 0.7493 0.6034
vn -0.2837 0.7509 0.5964
vn -0.2030 0.6853 0.6994
vn -0.1958 0.6695 0.7166
vn -0.1892 0.6534 0.7330
vn -0.2142 0.6167 0.7575
vn -0.1833 0.6408 0.7455
vn -0.2078 0.6004 0.7722
vn -0.2241 0.6124 0.7581
vn -0.2272 0.6144 0.7556
vn -0.0397 0.6747 0.7370
vn -0.0218 0.7501 0.6610
vn -0.0104 0.7378 0.6750
vn 0.0220 0.8415 0.5398
vn 0.0330 0.8281 0.5596
vn -0.0559 0.7617 0.6456
vn -0.0861 0.6941 0.7147
vn -0.0510 0.6850 0.7268
vn 0.1397 0.5620 0.8153
vn 0.1242 0.5693 0.8127
vn 0.1111 0.5908 0.7991
vn 0.1017 0.5967 0.7960
vn 0.0957 0.5940 0.7987
vn 0.0884 0.5950 0.7989
vn 0.0810 0.6078 0.7900
vn 0.0719 0.6516 0.7552
vn 0.0780 0.6301 0.7726
vn -0.0317 0.6278 0.7778
vn -0.0369 0.6266 0.7785
vn 0.0163 0.6675 0.7445
vn 0.0503 0.6645 0.7456
vn -0.0134 0.6622 0.7492
vn -0.0275 0.6514 0.7582
vn -0.0307 0.6376 0.7697
vn -0.0403 0.1304 0.9906
vn -0.0373 0.1647 0.9856
vn -0.0538 0.5106 0.8582
vn -0.0884 0.7003 0.7084
vn 0.0103 0.3266 0.9451
vn -0.1004 0.5932 0.7988
vn 0.0068 0.2969 0.9549
vn -0.1754 0.6488 0.7405
vn -0.0057 0.3650 0.9310
vn -0.1438 0.5446 0.8263
vn -0.1519 0.5489 0.8220
vn -0.0018 0.3487 0.9372
vn 0.1222 0.4650 0.8768
vn 0.1171 0.4071 0.9058
vn 0.1157 0.3948 0.9114
vn 0.1231 0.4952 0.8600
vn 0.1087 0.4306 0.8960
vn 0.1472 0.6984 0.7004
vn 0.1144 0.5355 0.8368
vn 0.1023 0.4654 0.8791
vn 0.1102 0.5852 0.8034
vn 0.1049 0.5054 0.8565
vn 0.1448 0.8085 0.5704
vn 0.1162 0.6379 0.7613
vn 0.1449 0.7552 0.6393
vn 0.0998 0.5436 0.8334
vn 0.1144 0.6890 0.7157
vn 0.0765 0.5778 0.8126
vn 0.1384 0.8917 0.4310
vn 0.0942 0.7362 0.6702
vn 0.1473 0.8544 0.4983
vn 0.1490 0.9157 0.3732
vn 0.1507 0.7969 0.5851
vn 0.1385 0.8570 0.4964
vn 0.1602 0.8629 0.4792
vn 0.1411 0.6370 0.7579
vn 0.1619 0.9089 0.3844
vn 0.1521 0.9501 0.2724
vn -0.0631 0.6002 0.7973
vn -0.0377 0.6609 0.7495
vn -0.0670 0.6083 0.7909
vn -0.0662 0.5971 0.7994
vn -0.0389 0.6756 0.7362
vn 0.0353 0.8200 0.5713
vn 0.0264 0.8254 0.5639
vn 0.1055 0.9320 0.3467
vn 0.1549 0.9693 0.1909
vn 0.1077 0.9470 0.3027
vn 0.1548 0.9790 0.1330
vn 0.1036 0.9067 0.4089
vn 0.0326 0.8102 0.5852
vn 0.0657 0.7749 0.6286
vn 0.0447 0.6055 0.7946
vn 0.0376 0.8008 0.5977
vn 0.0127 0.6227 0.7823
vn 0.0657 0.9571 0.2822
vn 0.0876 0.9435 0.3195
vn 0.1425 0.9848 0.0996
vn 0.0977 0.9565 0.2749
vn 0.1159 0.9899 0.0816
vn 0.0684 0.9644 0.2553
vn 0.0099 0.8128 0.5824
vn -0.0169 0.6266 0.7792
vn -0.0177 0.8131 0.5819
vn -0.0426 0.6187 0.7845
vn 0.0199 0.9667 0.2552
vn 0.0445 0.9640 0.2620
vn -0.0454 0.8049 0.5917
vn -0.0674 0.6039 0.7942
vn -0.0737 0.7917 0.6064
vn -0.0949 0.5856 0.8050
vn -0.0269 0.9635 0.2664
vn -0.0051 0.9662 0.2577
vn 0.0770 0.9953 0.0578
vn 0.0638 0.9943 0.0855
vn 0.0776 0.9925 0.0948
vn 0.0447 0.9956 0.0821
vn 0.0532 0.9973 0.0515
vn 0.0681 0.9963 0.0527
vn -0.2153 0.4805 0.8501
vn -0.1790 0.4960 0.8497
vn -0.1766 0.5171 0.8375
vn -0.1313 0.5235 0.8418
vn -0.1304 0.5464 0.8273
vn -0.1266 0.4889 0.8631
vn -0.2184 0.4617 0.8597
vn -0.1710 0.4646 0.8688
vn 0.0359 0.9980 0.0515
vn 0.0247 0.9963 0.0818
vn 0.0093 0.9965 0.0836
vn 0.0221 0.9984 0.0517
vn -0.1485 0.5408 0.8280
vn -0.1446 0.7403 0.6566
vn -0.1657 0.5172 0.8397
vn -0.1482 0.7245 0.6732
vn -0.1702 0.4972 0.8508
vn -0.0906 0.9458 0.3119
vn -0.1274 0.7587 0.6388
vn -0.0844 0.9499 0.3008
vn 0.0103 0.9987 0.0496
vn -0.0034 0.9964 0.0852
vn -0.0166 0.9963 0.0846
vn -0.0472 0.9595 0.2776
vn -0.0020 0.9990 0.0439
vn -0.0139 0.9992 0.0374
vn -0.0296 0.9961 0.0831
vn -0.0677 0.9549 0.2891
vn -0.0384 0.9958 0.0825
vn -0.0228 0.9992 0.0327
vn -0.0292 0.9991 0.0301
vn -0.0436 0.9957 0.0819
vn -0.0490 0.9956 0.0799
vn -0.0916 0.9438 0.3177
vn -0.0345 0.9990 0.0284
vn -0.2210 0.4127 0.8837
vn -0.2253 0.4147 0.8816
vn -0.2214 0.4205 0.8799
vn -0.2292 0.4181 0.8790
vn -0.2279 0.4319 0.8727
vn -0.2218 0.4012 0.8887
vn -0.2270 0.4120 0.8825
vn -0.2259 0.4112 0.8831
vn -0.2322 0.3999 0.8867
vn -0.2238 0.4065 0.8858
vn -0.2262 0.4004 0.8880
vn -0.2295 0.4063 0.8845
vn -0.2314 0.4063 0.8840
vn -0.2345 0.4000 0.8860
vn -0.2352 0.3933 0.8888
vn -0.2373 0.3931 0.8884
vn -0.2387 0.3864 0.8909
vn -0.2285 0.3935 0.8905
vn -0.2365 0.3864 0.8915
vn -0.0795 0.9961 0.0377
vn -0.0798 0.9962 0.0361
vn -0.0808 0.9961 0.0359
vn -0.0800 0.9961 0.0365
vn -0.0789 0.9963 0.0326
vn -0.0802 0.9961 0.0360
vn -0.0793 0.9963 0.0327
vn -0.0800 0.9961 0.0381
vn -0.2006 0.4739 0.8574
vn -0.1759 0.7458 0.6425
vn -0.2101 0.4815 0.8509
vn -0.1649 0.7379 0.6545
vn -0.1071 0.9570 0.2698
vn -0.1594 0.7311 0.6634
vn -0.0998 0.9548 0.2801
vn -0.1965 0.4701 0.8605
vn -0.1949 0.4663 0.8629
vn -0.2038 0.4098 0.8891
vn -0.2035 0.4125 0.8879
vn -0.2100 0.4016 0.8914
vn -0.2098 0.4067 0.8891
vn -0.2123 0.3970 0.8929
vn -0.1950 0.4675 0.8622
vn -0.2054 0.4080 0.8896
vn -0.1906 0.4673 0.8633
vn -0.1913 0.4238 0.8853
vn -0.1798 0.4727 0.8627
vn -0.2000 0.4168 0.8867
vn -0.2016 0.4185 0.8856
vn -0.1842 0.4348 0.8815
vn -0.1716 0.4821 0.8591
vn -0.1834 0.4499 0.8740
vn -0.1991 0.4418 0.8748
vn -0.1974 0.4276 0.8822
vn -0.2160 0.4558 0.8634
vn -0.2312 0.4507 0.8622
vn -0.2152 0.4356 0.8740
vn -0.1989 0.4862 0.8509
vn -0.1971 0.4626 0.8644
vn -0.1337 0.5219 0.8424
vn -0.1236 0.5639 0.8165
vn -0.1036 0.5446 0.8323
vn -0.1132 0.5489 0.8282
vn -0.1610 0.4953 0.8537
vn -0.1479 0.5233 0.8392
vn -0.0670 0.5771 0.8139
vn -0.0884 0.5678 0.8184
vn -0.0935 0.5648 0.8199
vn -0.1227 0.5501 0.8260
vn -0.0623 0.5800 0.8122
vn -0.0821 0.5662 0.8202
vn 0.0059 0.5818 0.8133
vn -0.0326 0.5880 0.8082
vn -0.0364 0.5851 0.8102
vn -0.0566 0.5786 0.8136
vn 0.0067 0.5849 0.8111
vn -0.0288 0.5865 0.8095
vn 0.0975 0.5447 0.8329
vn 0.0533 0.5658 0.8228
vn 0.1043 0.5406 0.8348
vn 0.0507 0.5695 0.8205
vn 0.0068 0.5844 0.8115
vn 0.0883 0.5465 0.8328
vn 0.1701 0.4738 0.8640
vn 0.1560 0.5074 0.8475
vn 0.1913 0.4681 0.8627
vn 0.1423 0.5122 0.8470
vn 0.1252 0.5151 0.8479
vn 0.1444 0.4781 0.8664
vn 0.1498 0.4198 0.8952
vn 0.1910 0.4330 0.8809
vn 0.1581 0.4142 0.8963
vn 0.1705 0.4389 0.8822
vn 0.1447 0.4422 0.8852
vn 0.1370 0.4189 0.8976
vn 0.1381 0.3995 0.9063
vn 0.1324 0.4157 0.8998
vn 0.1329 0.4084 0.9031
vn 0.1303 0.4104 0.9026
vn 0.1319 0.4124 0.9014
vn -0.2328 0.3763 0.8968
vn -0.2375 0.3804 0.8938
vn -0.2320 0.3814 0.8948
vn -0.2307 0.3869 0.8928
vn -0.2379 0.3760 0.8956
vn -0.2389 0.3806 0.8933
vn -0.6260 0.5504 0.5524
vn -0.5002 0.5687 0.6530
vn -0.5964 0.5841 0.5505
vn -0.4500 0.6530 0.6092
vn -0.5305 0.6542 0.5391
vn -0.3369 0.5941 0.7304
vn -0.5162 0.5245 0.6771
vn -0.3615 0.4983 0.7881
vn -0.0402 0.9988 0.0271
vn -0.0545 0.9955 0.0776
vn -0.0947 0.9441 0.3158
vn -0.0570 0.9954 0.0766
vn -0.0982 0.9457 0.3099
vn -0.0446 0.9987 0.0264
vn -0.0092 0.7221 0.6918
vn -0.0032 0.7008 0.7133
vn 0.0359 0.7841 0.6196
vn -0.0483 0.9985 0.0256
vn -0.0682 0.9943 0.0817
vn -0.0535 0.9983 0.0233
vn -0.0654 0.9928 0.1002
vn -0.1095 0.9726 0.2052
vn -0.0674 0.9908 0.1173
vn -0.1118 0.9612 0.2522
vn -0.2587 0.7268 0.6362
vn -0.2546 0.8121 0.5251
vn -0.2547 0.7494 0.6111
vn -0.2711 0.8155 0.5114
vn -0.2203 0.9229 0.3159
vn -0.2980 0.8857 0.3559
vn -0.2339 0.9371 0.2590
vn -0.2780 0.7185 0.6376
vn -0.3128 0.8535 0.4167
vn -0.2100 0.9301 0.3014
vn -0.1756 0.9515 0.2528
vn -0.1125 0.9854 0.1277
vn -0.0943 0.9897 0.1081
vn -0.2199 0.9047 0.3648
vn -0.3169 0.8257 0.4666
vn -0.2894 0.7628 0.5782
vn -0.2748 0.7650 0.5825
vn -0.2762 0.7823 0.5583
vn -0.2653 0.7990 0.5397
vn -0.2455 0.8261 0.5072
vn -0.2805 0.7756 0.5656
vn -0.1420 0.9347 0.3259
vn -0.1836 0.8944 0.4079
vn -0.1245 0.9476 0.2942
vn -0.2029 0.8723 0.4448
vn -0.2326 0.8486 0.4751
vn -0.1531 0.9253 0.3469
vn -0.2614 0.7803 0.5682
vn -0.2501 0.8078 0.5338
vn -0.2471 0.8121 0.5286
vn -0.2195 0.8699 0.4416
vn -0.2510 0.7751 0.5798
vn -0.1627 0.9396 0.3011
vn -0.1675 0.9180 0.3594
vn -0.2169 0.8904 0.4001
vn -0.0630 0.9979 0.0174
vn -0.0715 0.9965 0.0435
vn -0.0625 0.9979 0.0178
vn -0.0631 0.9972 0.0408
vn -0.0594 0.9980 0.0211
vn -0.0927 0.9921 0.0839
vn -0.0750 0.9958 0.0519
vn -0.1040 0.9892 0.1029
vn -0.1608 0.9667 0.1990
vn -0.1570 0.9757 0.1525
vn -0.1104 0.9855 0.1292
vn -0.1588 0.9816 0.1059
vn -0.2164 0.9634 0.1582
vn -0.3083 0.5879 0.7479
vn -0.2416 0.8437 0.4793
vn -0.2967 0.6515 0.6982
vn -0.2520 0.8096 0.5302
vn -0.1341 0.9724 0.1910
vn -0.2355 0.7782 0.5821
vn -0.1377 0.9671 0.2140
vn -0.2842 0.5351 0.7956
vn -0.2460 0.3844 0.8898
vn -0.2645 0.3781 0.8872
vn -0.2555 0.3865 0.8862
vn -0.2592 0.3768 0.8893
vn -0.2555 0.3747 0.8912
vn -0.2613 0.3753 0.8893
vn -0.2554 0.3739 0.8916
vn -0.2485 0.3805 0.8908
vn -0.0783 0.9966 0.0262
vn -0.0797 0.9959 0.0435
vn -0.0779 0.9966 0.0263
vn -0.0709 0.9933 0.0908
vn -0.0717 0.9967 0.0383
vn -0.0750 0.9964 0.0396
vn -0.0784 0.9966 0.0263
vn -0.2056 0.3418 0.9170
vn -0.2103 0.3773 0.9019
vn -0.2092 0.3684 0.9058
vn -0.2204 0.4026 0.8884
vn -0.2083 0.4335 0.8768
vn -0.2110 0.3553 0.9106
vn -0.2013 0.4136 0.8879
vn -0.0832 0.4975 0.8635
vn -0.0541 0.4904 0.8698
vn -0.0509 0.5053 0.8614
vn -0.0077 0.4884 0.8726
vn -0.0068 0.5036 0.8639
vn -0.0150 0.4162 0.9091
vn -0.0897 0.4826 0.8712
vn -0.0574 0.4183 0.9065
vn 0.2639 0.0236 0.9643
vn 0.2077 0.1073 0.9723
vn 0.2315 0.0132 0.9728
vn 0.1773 0.1123 0.9777
vn 0.1987 -0.0414 0.9792
vn 0.1060 0.3394 0.9347
vn 0.2350 0.0810 0.9686
vn 0.1332 0.3016 0.9441
vn 0.2718 0.0397 0.9615
vn 0.2750 0.0201 0.9612
vn 0.2771 0.0212 0.9606
vn 0.2714 0.0108 0.9624
vn 0.2755 0.0139 0.9612
vn 0.1905 -0.0091 0.9816
vn 0.2688 0.0399 0.9624
vn 0.1947 -0.0014 0.9809
vn 0.2443 0.0998 0.9646
vn 0.2543 0.0654 0.9649
vn 0.2598 0.0656 0.9634
vn 0.1904 0.0130 0.9816
vn 0.2389 0.0980 0.9661
vn 0.1807 0.0313 0.9830
vn 0.2290 0.1379 0.9636
vn 0.1801 0.1535 0.9716
vn 0.2097 0.1810 0.9609
vn 0.1871 0.1091 0.9763
vn 0.1403 0.1253 0.9822
vn 0.1878 0.0681 0.9799
vn 0.1329 0.0811 0.9878
vn 0.1820 0.2516 0.9505
vn 0.1597 0.3104 0.9371
vn 0.1659 0.3065 0.9373
vn 0.1654 0.2369 0.9573
vn 0.1454 0.3221 0.9355
vn 0.1367 0.2127 0.9675
vn 0.1611 0.3707 0.9147
vn 0.1598 0.3115 0.9367
vn 0.1668 0.3336 0.9278
vn 0.1555 0.2904 0.9442
vn 0.1067 0.2285 0.9677
vn 0.1591 0.3479 0.9239
vn 0.1185 0.2423 0.9629
vn 0.0937 0.4590 0.8835
vn 0.1392 0.3948 0.9082
vn 0.1361 0.4160 0.8991
vn 0.1280 0.2743 0.9531
vn 0.0983 0.4405 0.8924
vn 0.1187 0.3201 0.9399
vn 0.0435 0.4894 0.8710
vn 0.0458 0.4731 0.8798
vn 0.0848 0.3673 0.9262
vn -0.1692 0.4373 0.8833
vn -0.1399 0.4459 0.8841
vn -0.1338 0.4618 0.8768
vn -0.1563 0.3475 0.9245
vn -0.1317 0.3781 0.9164
vn -0.1710 0.4199 0.8913
vn -0.1852 0.2813 0.9416
vn -0.2045 0.3749 0.9042
vn -0.1080 0.4818 0.8696
vn -0.1169 0.4664 0.8768
vn -0.0900 0.4123 0.9066
vn -0.1146 0.3977 0.9103
vn -0.0763 0.9943 0.0743
vn -0.1029 0.9926 0.0646
vn -0.0645 0.9956 0.0681
vn -0.1328 0.9882 0.0770
vn -0.1323 0.9896 0.0563
vn -0.1859 0.9801 0.0699
vn 0.0388 0.9708 0.2366
vn 0.0274 0.9750 0.2203
vn -0.0450 0.8661 0.4978
vn 0.0901 0.9936 0.0684
vn -0.0113 0.8539 0.5203
vn -0.0936 0.7733 0.6270
vn -0.1263 0.7055 0.6974
vn -0.0804 0.6105 0.7880
vn -0.1186 0.6138 0.7805
vn -0.1624 0.6269 0.7620
vn -0.3855 0.7388 0.5528
vn -0.4353 0.7435 0.5077
vn -0.2921 0.7822 0.5503
vn -0.3108 0.6933 0.6501
vn -0.0566 0.9980 0.0265
vn -0.0489 0.9977 0.0475
vn -0.0573 0.9979 0.0316
vn -0.0531 0.9976 0.0440
vn -0.1016 0.7761 0.6224
vn -0.1471 0.7156 0.6829
vn -0.1527 0.7131 0.6842
vn -0.0973 0.9476 0.3042
vn -0.1600 0.7144 0.6812
vn -0.1611 0.7185 0.6766
vn -0.0945 0.9499 0.2979
vn -0.1588 0.7244 0.6708
vn -0.0950 0.9524 0.2897
vn -0.2147 0.3928 0.8942
vn -0.2135 0.4087 0.8873
vn -0.2175 0.3901 0.8947
vn -0.2081 0.4072 0.8893
vn -0.1790 0.4915 0.8523
vn -0.1789 0.4701 0.8643
vn -0.0754 0.5618 0.8238
vn -0.0509 0.5758 0.8160
vn -0.0249 0.5844 0.8111
vn 0.0072 0.5835 0.8121
vn 0.0793 0.5481 0.8327
vn 0.0466 0.5702 0.8202
vn 0.0427 0.5707 0.8201
vn 0.1206 0.4824 0.8676
vn 0.1090 0.5181 0.8484
vn 0.1217 0.4170 0.9007
vn 0.1201 0.4457 0.8871
vn 0.1195 0.3920 0.9122
vn 0.1260 0.4056 0.9054
vn 0.1239 0.4007 0.9078
vn 0.1166 0.0372 0.9925
vn 0.1305 0.0911 0.9873
vn 0.1366 0.1264 0.9825
vn 0.1721 0.1383 0.9753
vn 0.1162 0.0514 0.9919
vn 0.1818 0.1183 0.9762
vn 0.0804 -0.0227 0.9965
vn 0.0964 0.0141 0.9952
vn 0.0965 -0.0007 0.9953
vn 0.1883 0.0933 0.9777
vn 0.0786 -0.0129 0.9968
vn 0.1845 0.0652 0.9807
vn 0.1073 -0.0511 0.9929
vn 0.0777 -0.0428 0.9961
vn 0.0802 -0.0354 0.9962
vn 0.1728 0.0363 0.9843
vn 0.1102 -0.0996 0.9889
vn 0.1684 -0.0125 0.9856
vn 0.2090 -0.1402 0.9678
vn 0.1585 -0.0681 0.9850
vn 0.1705 -0.1681 0.9709
vn 0.2317 -0.2376 0.9433
vn 0.2429 -0.2212 0.9445
vn 0.1345 0.1987 0.9708
vn 0.1302 0.3028 0.9441
vn 0.1531 0.2809 0.9475
vn 0.1626 0.1899 0.9683
vn 0.1235 0.3779 0.9176
vn 0.1128 0.3846 0.9162
vn 0.1227 0.3941 0.9108
vn 0.1100 0.3892 0.9145
vn 0.1083 0.3864 0.9159
vn 0.1112 0.3762 0.9198
vn 0.1651 0.3480 0.9229
vn 0.1376 0.3969 0.9075
vn 0.1536 0.3767 0.9135
vn 0.1436 0.3743 0.9161
vn 0.1106 0.7600 0.6405
vn 0.0965 0.5894 0.8020
vn 0.0700 0.6338 0.7703
vn 0.1276 0.7015 0.7011
vn 0.1098 0.5006 0.8587
vn 0.1260 0.5675 0.8137
vn 0.1109 0.4234 0.8991
vn 0.1154 0.4413 0.8899
vn -0.0392 0.5246 0.8504
vn -0.0251 0.5451 0.8380
vn -0.0454 0.5026 0.8633
vn -0.0376 0.5442 0.8381
vn 0.0051 0.6712 0.7412
vn 0.0058 0.6292 0.7772
vn 0.0377 0.6905 0.7224
vn 0.0408 0.7458 0.6649
vn -0.0406 0.5333 0.8450
vn -0.0173 0.6171 0.7867
vn 0.0350 0.7825 0.6217
vn -0.0204 0.6075 0.7940
vn 0.0293 0.7605 0.6487
vn 0.1954 0.2011 0.9599
vn 0.1924 0.1630 0.9677
vn 0.2091 0.1211 0.9704
vn 0.2105 0.1231 0.9698
vn 0.2318 0.0842 0.9691
vn 0.1800 0.2433 0.9531
vn 0.2959 0.1127 0.9486
vn 0.2857 0.0720 0.9556
vn 0.2655 0.0923 0.9597
vn 0.2508 0.0555 0.9665
vn 0.2664 0.0481 0.9627
vn 0.3134 0.1063 0.9437
vn 0.3007 0.0711 0.9511
vn 0.2953 0.1230 0.9475
vn 0.3172 0.1313 0.9392
vn 0.3062 0.1256 0.9436
vn 0.3228 0.1089 0.9402
vn 0.2990 0.1372 0.9443
vn 0.3196 0.1346 0.9379
vn 0.2815 -0.1731 0.9438
vn 0.2624 -0.2286 0.9375
vn 0.2596 -0.1897 0.9469
vn 0.2761 -0.2275 0.9338
vn 0.1906 -0.1146 0.9750
vn 0.2750 -0.0247 0.9611
vn 0.2764 0.1086 0.9549
vn 0.2779 0.0853 0.9568
vn 0.2966 0.1410 0.9445
vn 0.2690 0.0104 0.9631
vn 0.2723 0.1124 0.9556
vn -0.0801 -0.1516 0.9852
vn -0.0806 -0.1202 0.9895
vn -0.0810 -0.1452 0.9861
vn -0.0756 -0.1309 0.9885
vn -0.0684 -0.0662 0.9955
vn -0.0746 -0.1205 0.9899
vn -0.0629 -0.0971 0.9933
vn -0.0837 -0.1356 0.9872
vn -0.0471 -0.0243 0.9986
vn -0.0523 0.0292 0.9982
vn -0.0491 0.0141 0.9987
vn -0.0550 -0.0013 0.9985
vn -0.0576 0.0351 0.9977
vn -0.0501 -0.0077 0.9987
vn -0.0482 -0.0076 0.9988
vn -0.0503 -0.0232 0.9985
vn -0.0539 -0.0171 0.9984
vn -0.0524 -0.0569 0.9970
vn -0.0566 -0.0530 0.9970
vn -0.0650 -0.0909 0.9937
vn -0.0264 -0.0522 0.9983
vn 0.0468 -0.0406 0.9981
vn -0.0247 -0.0560 0.9981
vn 0.0380 -0.0355 0.9986
vn 0.1693 -0.0114 0.9855
vn 0.0239 -0.0140 0.9996
vn 0.1505 0.0018 0.9886
vn -0.0273 -0.0367 0.9990
vn -0.0577 0.0013 0.9983
vn -0.0580 0.0374 0.9976
vn -0.0516 0.0021 0.9987
vn -0.0487 0.0380 0.9981
vn -0.0519 0.0021 0.9986
vn -0.0580 0.0012 0.9983
vn -0.0355 0.0008 0.9994
vn -0.0299 0.0345 0.9990
vn -0.0145 -0.0069 0.9999
vn -0.0068 0.0239 0.9997
vn -0.0147 -0.0068 0.9999
vn -0.0359 0.0008 0.9994
vn -0.0038 -0.0146 0.9999
vn 0.0053 0.0109 0.9999
vn -0.0143 -0.0116 0.9998
vn -0.0052 0.0081 1.0000
vn -0.0129 -0.0120 0.9998
vn -0.0029 -0.0148 0.9999
vn -0.0354 0.0056 0.9994
vn -0.0259 0.0196 0.9995
vn -0.0517 0.0272 0.9983
vn -0.0421 0.0376 0.9984
vn -0.0514 0.0263 0.9983
vn -0.0341 0.0045 0.9994
vn -0.0438 0.0189 0.9989
vn -0.0352 0.0281 0.9990
vn -0.0190 -0.0219 0.9996
vn -0.0111 -0.0132 0.9999
vn -0.0207 -0.0190 0.9996
vn -0.0466 0.0226 0.9987
vn -0.0056 -0.0516 0.9987
vn 0.0027 -0.0435 0.9990
vn -0.0049 -0.0602 0.9982
vn 0.0030 -0.0541 0.9985
vn -0.0044 -0.0605 0.9982
vn -0.0049 -0.0510 0.9987
vn -0.0076 -0.0610 0.9981
vn 0.0007 -0.0563 0.9984
vn -0.0118 -0.0601 0.9981
vn -0.0026 -0.0558 0.9984
vn -0.0116 -0.0607 0.9981
vn -0.0073 -0.0613 0.9981
vn -0.0180 -0.0596 0.9981
vn -0.0083 -0.0552 0.9984
vn -0.0251 -0.0596 0.9979
vn -0.0155 -0.0553 0.9983
vn -0.0246 -0.0611 0.9978
vn -0.0176 -0.0606 0.9980
vn 0.0681 -0.0345 0.9971
vn 0.0621 -0.0376 0.9974
vn 0.0697 -0.0298 0.9971
vn 0.1721 0.0567 0.9834
vn 0.0675 -0.0234 0.9974
vn 0.0668 -0.0117 0.9977
vn 0.1455 0.1349 0.9801
vn 0.0643 0.0085 0.9979
vn 0.1634 0.0893 0.9825
vn 0.0497 0.0465 0.9977
vn 0.0250 0.0968 0.9950
vn 0.1180 0.1959 0.9735
vn 0.0182 0.1150 0.9932
vn 0.0348 0.1128 0.9930
vn 0.0533 0.1244 0.9908
vn 0.0572 0.1509 0.9869
vn 0.0364 0.1842 0.9822
vn 0.0008 0.2087 0.9780
vn 0.0355 0.4011 0.9153
vn -0.0338 0.2184 0.9753
vn -0.0594 0.2197 0.9738
vn -0.0752 0.2162 0.9735
vn -0.0349 -0.0559 0.9978
vn -0.0339 -0.0596 0.9976
vn -0.0335 -0.0612 0.9976
vn -0.0350 -0.0545 0.9979
vn -0.0339 -0.0381 0.9987
vn -0.0341 -0.0383 0.9987
vn -0.1236 0.0901 0.9882
vn -0.1024 0.1556 0.9825
vn -0.0890 0.1886 0.9780
vn -0.0839 0.2067 0.9748
vn -0.1337 0.0002 0.9910
vn -0.1832 0.1810 0.9663
vn -0.1888 0.1989 0.9617
vn -0.1272 0.0018 0.9919
vn 0.0052 -0.6781 0.7350
vn 0.0292 -0.5335 0.8453
vn 0.0287 -0.5499 0.8347
vn 0.0053 -0.6677 0.7444
vn 0.0271 -0.5316 0.8465
vn -0.0049 -0.7644 0.6447
vn 0.0042 -0.6761 0.7368
vn -0.0049 -0.7708 0.6370
vn -0.0043 -0.7367 0.6762
vn 0.0186 -0.6278 0.7781
vn 0.0099 -0.6408 0.7676
vn -0.0000 -0.7285 0.6850
vn 0.0239 -0.6058 0.7953
vn -0.0074 -0.8026 0.5964
vn 0.0026 -0.7141 0.7001
vn -0.0097 -0.8081 0.5890
vn -0.0238 -0.6484 0.7609
vn -0.0210 -0.7415 0.6706
vn -0.0238 -0.6484 0.7610
vn -0.0183 -0.8112 0.5845
vn -0.0210 -0.7417 0.6704
vn -0.0192 -0.7413 0.6709
vn -0.0060 -0.6466 0.7628
vn -0.0200 -0.6482 0.7612
vn -0.0122 -0.7402 0.6723
vn -0.0138 -0.8105 0.5856
vn -0.0174 -0.8111 0.5846
vn 0.1603 0.2362 0.9584
vn 0.0636 0.4391 0.8962
vn 0.0589 0.4666 0.8825
vn 0.0616 0.3081 0.9494
vn 0.0740 0.3648 0.9281
vn 0.0406 0.2576 0.9654
vn -0.0284 -0.0136 0.9995
vn 0.0018 0.0158 0.9999
vn 0.1104 0.0527 0.9925
vn 0.0060 -0.0378 0.9993
vn 0.0530 0.1088 0.9927
vn -0.0180 -0.1035 0.9945
vn -0.0322 -0.0148 0.9994
vn -0.0321 -0.0155 0.9994
vn -0.0307 -0.1200 0.9923
vn -0.0322 -0.1177 0.9925
vn 0.0608 0.4592 0.8863
vn 0.0919 0.3523 0.9314
vn 0.0662 0.4361 0.8975
vn 0.0870 0.3484 0.9333
vn 0.0797 0.3360 0.9385
vn 0.0732 0.3310 0.9408
vn 0.0744 0.3979 0.9144
vn 0.0895 0.3218 0.9426
vn 0.0883 0.3269 0.9409
vn 0.0758 0.3909 0.9173
vn 0.0879 0.3274 0.9408
vn 0.0856 0.3292 0.9404
vn 0.0766 0.3904 0.9175
vn 0.0850 0.3307 0.9399
vn 0.0247 0.1769 0.9839
vn 0.0270 -0.2565 0.9662
vn 0.0618 -0.2097 0.9758
vn 0.0108 -0.5740 0.8188
vn -0.0165 -0.5789 0.8152
vn -0.0025 -0.3024 0.9532
vn -0.0258 -0.3951 0.9183
vn -0.0180 -0.3789 0.9252
vn -0.0244 -0.5828 0.8122
vn -0.0296 -0.3971 0.9173
vn -0.0251 -0.5834 0.8118
vn -0.0322 -0.1142 0.9929
vn -0.0301 -0.3932 0.9190
vn -0.0255 -0.5833 0.8118
vn -0.0301 -0.3914 0.9197
vn -0.0256 -0.5830 0.8121
vn 0.0798 -0.1627 0.9834
vn 0.0578 -0.5424 0.8381
vn 0.0881 -0.1214 0.9887
vn 0.0409 -0.5627 0.8257
vn 0.0935 -0.0686 0.9933
vn 0.0937 -0.0572 0.9940
vn 0.0872 0.3128 0.9458
vn 0.0766 -0.4304 0.8994
vn 0.0929 -0.1256 0.9877
vn 0.0757 -0.4480 0.8908
vn -0.0301 -0.0619 0.9976
vn -0.0306 -0.0601 0.9977
vn -0.0208 -0.0559 0.9982
vn 0.0544 -0.0392 0.9977
vn 0.1810 -0.0113 0.9834
vn 0.1737 0.0644 0.9827
vn 0.0868 0.3370 0.9375
vn 0.1745 0.0612 0.9828
vn 0.1771 0.0536 0.9827
vn 0.1691 0.0907 0.9814
vn 0.2170 -0.0039 0.9762
vn 0.1980 -0.0068 0.9802
vn 0.2711 0.0154 0.9624
vn -0.0187 -0.6262 0.7794
vn 0.0018 -0.6243 0.7812
vn 0.0256 -0.6177 0.7860
vn -0.0244 -0.6264 0.7791
vn -0.0258 -0.5830 0.8121
vn 0.0388 -0.6033 0.7966
vn 0.0673 -0.5126 0.8560
vn 0.0467 -0.5791 0.8139
vn 0.0540 -0.5181 0.8536
vn 0.0548 -0.5002 0.8642
vn 0.0753 -0.4351 0.8972
vn 0.0533 -0.4958 0.8668
vn 0.1254 0.9669 0.2220
vn 0.1407 0.9789 0.1480
vn 0.1353 0.9738 0.1829
vn 0.1435 0.9799 0.1389
vn 0.1370 0.9761 0.1688
vn 0.1436 0.9798 0.1390
vn 0.1300 0.9757 0.1763
vn 0.1400 0.9793 0.1462
vn 0.1479 0.9788 0.1419
vn 0.1411 0.9753 0.1698
vn 0.1651 0.9730 0.1612
vn 0.1582 0.9694 0.1876
vn 0.1602 0.9748 0.1553
vn 0.1463 0.9792 0.1405
vn 0.4448 -0.4030 0.7999
vn 0.4051 -0.3826 0.8304
vn 0.4181 -0.3440 0.8407
vn 0.4301 -0.4406 0.7879
vn 0.3955 -0.4049 0.8244
vn 0.4287 -0.4436 0.7870
vn 0.4182 -0.4611 0.7826
vn 0.5608 -0.8084 0.1791
vn 0.1521 -0.6313 0.7605
vn 0.0697 -0.6177 0.7833
vn 0.1472 -0.6011 0.7855
vn 0.0722 -0.6411 0.7640
vn 0.0260 -0.6207 0.7836
vn 0.0605 -0.6334 0.7714
vn 0.0282 -0.6443 0.7643
vn 0.1381 -0.6263 0.7673
vn 0.2163 0.9484 0.2320
vn 0.2085 0.9436 0.2570
vn 0.4082 0.7237 0.5564
vn 0.3803 0.7247 0.5746
vn 0.3909 0.7560 0.5250
vn 0.2003 0.9572 0.2089
vn 0.0934 0.9343 0.3442
vn 0.1152 0.9677 0.2240
vn 0.1088 0.9522 0.2855
vn 0.1294 0.9772 0.1682
vn 0.1020 0.9573 0.2706
vn 0.1163 0.9719 0.2047
vn 0.3717 -0.4434 0.8156
vn 0.3912 -0.4970 0.7746
vn 0.3262 -0.4961 0.8046
vn 0.3852 -0.5041 0.7730
vn 0.3411 -0.5457 0.7654
vn 0.4147 -0.4668 0.7811
vn 0.2468 -0.5562 0.7935
vn 0.2560 -0.5977 0.7598
vn 0.2434 -0.5996 0.7623
vn 0.3323 -0.5522 0.7646
vn -0.5028 -0.4210 0.7550
vn -0.5157 -0.4560 0.7253
vn -0.5049 -0.4219 0.7530
vn -0.5176 -0.4603 0.7212
vn -0.5094 -0.4284 0.7463
vn -0.5161 -0.4572 0.7243
vn -0.5140 -0.4556 0.7268
vn -0.5153 -0.4550 0.7263
vn -0.4390 -0.4615 0.7709
vn -0.4737 -0.4798 0.7385
vn -0.4646 -0.4469 0.7645
vn -0.4931 -0.4683 0.7332
vn -0.4831 -0.4354 0.7597
vn -0.4929 -0.4685 0.7332
vn -0.4469 -0.4948 0.7453
vn -0.4733 -0.4799 0.7387
vn -0.0785 -0.6065 0.7912
vn -0.1055 -0.6325 0.7673
vn -0.1061 -0.5986 0.7940
vn -0.1438 -0.6215 0.7701
vn -0.1440 -0.5870 0.7967
vn -0.1398 -0.6228 0.7698
vn -0.0777 -0.6397 0.7647
vn -0.1028 -0.6333 0.7671
vn -0.0261 -0.6192 0.7848
vn -0.0514 -0.6466 0.7611
vn -0.0525 -0.6135 0.7880
vn -0.0755 -0.6402 0.7645
vn -0.0243 -0.6514 0.7584
vn -0.0492 -0.6476 0.7604
vn -0.5075 -0.4596 0.7289
vn -0.4967 -0.4260 0.7562
vn -0.5140 -0.4557 0.7268
vn -0.5073 -0.4596 0.7290
vn -0.2097 -0.6001 0.7719
vn -0.2089 -0.5653 0.7980
vn -0.3051 -0.5636 0.7677
vn -0.3023 -0.5289 0.7931
vn -0.2986 -0.5663 0.7682
vn -0.2032 -0.6023 0.7720
vn -0.5215 -0.4688 0.7129
vn -0.5186 -0.4416 0.7321
vn -0.5273 -0.4810 0.7004
vn -0.5238 -0.4458 0.7259
vn -0.5180 -0.4632 0.7191
vn -0.5170 -0.4601 0.7218
vn -0.3942 -0.5225 0.7560
vn -0.3886 -0.4885 0.7813
vn -0.4461 -0.4952 0.7455
vn -0.3912 -0.5241 0.7565
vn -0.0011 -0.6211 0.7837
vn -0.0019 -0.6481 0.7616
vn 0.0012 -0.6497 0.7602
vn 0.0215 -0.6399 0.7681
vn -0.0159 -0.3895 0.9209
vn -0.0357 -0.3923 0.9191
vn 0.0042 -0.3788 0.9255
vn -0.3368 -0.2606 0.9048
vn -0.3733 -0.2409 0.8959
vn -0.2708 -0.2937 0.9167
vn -0.4248 -0.1997 0.8830
vn -0.4018 -0.1453 0.9041
vn -0.4181 -0.1975 0.8866
vn -0.1952 -0.3280 0.9243
vn -0.1398 -0.3523 0.9254
vn -0.4134 -0.2118 0.8856
vn -0.1910 0.2082 0.9592
vn -0.4158 -0.2028 0.8865
vn -0.4046 -0.2228 0.8869
vn -0.0579 -0.3887 0.9196
vn -0.0809 -0.3802 0.9213
vn -0.0689 0.1171 0.9907
vn -0.1059 -0.3677 0.9239
vn -0.3913 -0.2317 0.8906
vn -0.4157 -0.1983 0.8876
vn 0.2214 -0.1829 0.9579
vn 0.1711 -0.2521 0.9525
vn 0.0979 -0.3185 0.9429
vn 0.2529 -0.0964 0.9627
vn 0.2439 -0.1310 0.9609
vn 0.0215 0.7413 0.6708
vn 0.0828 0.8962 0.4358
vn 0.0961 0.9196 0.3809
vn 0.0688 0.8722 0.4844
vn 0.1622 0.9050 0.3932
vn 0.2399 0.6982 0.6745
vn 0.1185 0.9368 0.3293
vn 0.0373 -0.3590 0.9326
vn 0.2591 -0.0391 0.9651
vn 0.2548 -0.0766 0.9639
vn 0.1028 0.9430 0.3166
vn 0.1000 0.9409 0.3236
vn 0.1016 0.9337 0.3432
vn -0.0235 -0.5813 0.8133
vn 0.2623 0.0094 0.9650
vn 0.2500 0.0128 0.9682
vn -0.0118 -0.3457 0.9383
vn 0.0203 0.0693 0.9974
vn 0.0796 0.2453 0.9662
vn 0.1622 0.1483 0.9756
vn -0.0942 0.5066 0.8570
vn -0.0763 0.5031 0.8608
vn -0.0719 0.5199 0.8512
vn -0.0986 0.4887 0.8669
vn -0.1272 0.4694 0.8738
vn -0.1665 0.4456 0.8796
vn -0.2032 0.4016 0.8930
vn -0.0071 0.5093 0.8606
vn 0.0413 0.5135 0.8571
vn -0.0049 0.5260 0.8505
vn 0.0398 0.4962 0.8673
vn 0.0904 0.4883 0.8680
vn 0.0878 0.4684 0.8791
vn 0.1397 0.4523 0.8809
vn 0.1319 0.4283 0.8940
vn 0.1747 0.4112 0.8946
vn 0.1609 0.3848 0.9089
vn 0.1737 0.3698 0.9127
vn 0.1659 0.3458 0.9235
vn 0.1718 0.2468 0.9537
vn 0.2024 0.1813 0.9624
vn 0.2236 0.1356 0.9652
vn 0.1870 0.0322 0.9818
vn 0.1856 0.0095 0.9826
vn 0.1877 -0.0028 0.9822
vn 0.2245 0.0448 0.9734
vn -0.0479 0.5107 0.8584
vn -0.0449 0.5273 0.8485
vn -0.2093 0.3071 0.9284
vn -0.2057 0.3012 0.9311
vn -0.2694 0.6182 0.7384
vn -0.2796 0.5454 0.7901
vn -0.2802 0.7200 0.6350
vn -0.2660 0.5140 0.8155
vn -0.0620 0.9975 0.0341
vn -0.0630 0.9972 0.0392
vn -0.0692 0.9971 0.0322
vn -0.0529 0.9975 0.0461
vn -0.0686 0.9966 0.0465
vn -0.0632 0.9963 0.0586
vn -0.0870 0.9954 0.0403
vn -0.0932 0.9943 0.0510
vn -0.1048 0.9940 0.0323
vn -0.1151 0.9924 0.0434
vn -0.3486 0.4465 0.8241
vn -0.2685 0.4062 0.8735
vn -0.3623 0.4546 0.8137
vn -0.2563 0.4022 0.8789
vn -0.2382 0.3945 0.8875
vn -0.3084 0.4322 0.8474
vn -0.2257 0.8759 0.4264
vn -0.1224 0.9811 0.1500
vn -0.1279 0.9770 0.1708
vn -0.2322 0.3925 0.8900
vn -0.2732 0.4455 0.8526
vn -0.2606 0.4039 0.8769
vn -0.2355 0.4191 0.8769
vn -0.2392 0.4993 0.8328
vn -0.2191 0.9081 0.3568
vn -0.1633 0.9556 0.2454
vn -0.1117 0.9804 0.1626
vn -0.0732 0.9952 0.0647
vn -0.0590 0.9981 0.0197
vn -0.2526 0.7654 0.5919
vn -0.2505 0.8140 0.5241
vn -0.2392 0.3739 0.8961
vn -0.2425 0.3737 0.8953
vn -0.2393 0.3763 0.8951
vn -0.2529 0.3734 0.8925
vn -0.2008 0.7572 0.6216
vn -0.1315 0.9621 0.2389
vn -0.1179 0.9590 0.2578
vn -0.5805 0.6098 0.5396
vn -0.4779 0.7092 0.5184
vn -0.6070 0.5758 0.5478
vn -0.4612 0.7258 0.5104
vn -0.2797 0.8769 0.3910
vn -0.2840 0.8751 0.3919
vn -0.0752 0.9968 0.0284
vn -0.0833 0.9952 0.0518
vn -0.0827 0.9954 0.0477
vn -0.1014 0.9742 0.2018
vn -0.1257 0.9684 0.2154
vn -0.0577 0.9949 0.0826
vn -0.6878 0.5109 0.5156
vn -0.6804 0.5021 0.5339
vn -0.7144 0.4762 0.5128
vn -0.6524 0.5399 0.5319
vn -0.0903 0.9954 0.0316
vn -0.0816 0.9960 0.0365
vn -0.0753 0.9965 0.0366
vn 0.0077 0.7313 0.6821
vn 0.0565 0.8586 0.5096
vn 0.0123 0.7310 0.6822
vn 0.0511 0.8573 0.5123
vn 0.0808 0.9229 0.3764
vn 0.0750 0.9204 0.3838
vn 0.0899 0.9498 0.2998
vn 0.1051 0.9646 0.2419
vn 0.0866 0.9571 0.2764
vn 0.0830 0.9458 0.3141
vn 0.0732 -0.4779 0.8753
vn 0.0517 -0.5475 0.8352
vn 0.0272 -0.5768 0.8164
vn 0.1643 0.0929 0.9820
vn 0.1707 0.0736 0.9826
vn 0.2518 -0.1572 0.9549
vn 0.2470 -0.1436 0.9583
vn 0.0837 0.3333 0.9391
vn 0.0921 -0.0900 0.9917
vn 0.0713 0.4131 0.9079
vn 0.0045 -0.6952 0.7188
vn -0.0051 -0.7816 0.6238
vn -0.0060 -0.7934 0.6086
vn 0.2510 0.0404 0.9671
vn 0.2616 0.0902 0.9609
vn 0.2583 -0.0785 0.9629
vn 0.2688 -0.1237 0.9552
vn 0.2726 -0.1305 0.9532
vn 0.2652 0.0141 0.9641
vn 0.2699 0.1083 0.9568
vn 0.2612 0.1165 0.9582
vn 0.2365 0.1188 0.9643
vn 0.2246 0.1623 0.9608
vn 0.2258 0.0910 0.9699
vn 0.2392 0.0768 0.9679
vn 0.2120 0.1736 0.9617
vn -0.0503 0.5262 0.8489
vn -0.0263 0.6024 0.7978
vn -0.0464 0.5276 0.8482
vn -0.0304 0.6020 0.7979
vn -0.0583 0.4878 0.8710
vn -0.0536 0.4909 0.8696
vn 0.1132 0.4067 0.9065
vn 0.1136 0.3833 0.9166
vn 0.1191 0.3810 0.9169
vn 0.1114 0.4116 0.9045
vn 0.0989 0.4554 0.8848
vn 0.0959 0.4396 0.8931
vn 0.0187 0.4943 0.8691
vn 0.0701 0.5043 0.8607
vn 0.0607 0.4741 0.8784
vn 0.0332 0.5313 0.8465
vn 0.1998 0.3187 0.9265
vn 0.1610 0.3547 0.9210
vn 0.1852 0.3260 0.9270
vn 0.1737 0.3469 0.9217
vn 0.1356 0.3634 0.9217
vn 0.1453 0.3573 0.9226
vn 0.1192 0.3686 0.9219
vn 0.1263 0.3650 0.9224
vn -0.0039 0.5767 0.8169
vn 0.0222 0.6192 0.7849
vn 0.2152 0.2560 0.9424
vn 0.1824 0.2868 0.9405
vn 0.2012 0.2629 0.9436
vn -0.7150 0.5026 0.4860
vn -0.6962 0.5151 0.5000
vn -0.7223 0.4783 0.4995
vn -0.6877 0.5302 0.4960
vn -0.6317 0.5465 0.5498
vn -0.2563 0.3811 0.8883
vn -0.2257 0.3792 0.8974
vn -0.2348 0.3778 0.8956
vn -0.2729 0.4337 0.8588
vn -0.2655 0.4579 0.8484
vn -0.2622 0.4026 0.8770
vn 0.1682 0.3232 0.9313
vn 0.1454 0.3570 0.9227
vn -0.2933 0.4879 0.8222
vn -0.2771 0.4245 0.8620
vn -0.6292 0.5483 0.5509
vn -0.5106 0.5155 0.6881
vn -0.4873 0.5079 0.7104
vn -0.2241 0.3837 0.8959
vn -0.2220 0.3892 0.8940
vn 0.1320 0.3754 0.9174
vn 0.1544 0.3864 0.9093
vn 0.1906 0.4094 0.8922
vn 0.1931 0.4466 0.8737
vn 0.1550 0.4863 0.8599
vn 0.1011 0.5202 0.8480
vn 0.0490 0.5449 0.8371
vn 0.0009 0.5592 0.8290
vn -0.0410 0.5614 0.8265
vn -0.0699 0.5540 0.8296
vn -0.0947 0.5413 0.8355
vn -0.2324 0.4333 0.8708
vn -0.2196 0.3958 0.8917
vn -0.2182 0.4023 0.8891
vn -0.2075 0.4117 0.8874
vn -0.2159 0.4079 0.8871
vn -0.2120 0.4143 0.8851
vn -0.2107 0.4227 0.8814
vn -0.1634 0.5218 0.8372
vn -0.0285 0.4974 0.8671
vn 0.0016 0.5245 0.8514
vn -0.0123 0.4971 0.8676
vn 0.0332 0.6032 0.7969
vn -0.0728 0.9969 0.0309
vn -0.0773 0.9966 0.0274
vn -0.0665 0.9954 0.0689
vn -0.0710 0.9953 0.0651
vn -0.0612 0.9954 0.0732
vn -0.0822 0.9951 0.0544
vn -0.0809 0.9952 0.0560
vn 0.0678 0.7093 0.7016
vn 0.0933 0.8027 0.5890
vn 0.0936 0.9891 0.1133
vn 0.1190 0.9830 0.1395
vn -0.2701 0.3883 0.8811
vn -0.0782 0.9965 0.0278
vn -0.0786 0.9965 0.0274
vn -0.0793 0.9963 0.0318
vn -0.0740 0.9953 0.0630
vn -0.0770 0.9952 0.0610
vn -0.0582 0.9954 0.0759
vn -0.0740 0.9873 0.1407
vn -0.0716 0.9888 0.1311
vn -0.0681 0.9858 0.1536
vn -0.0731 0.9864 0.1475
vn -0.0465 0.9838 0.1729
vn -0.0593 0.9850 0.1619
vn -0.0170 0.9818 0.1891
vn -0.0313 0.9827 0.1828
vn 0.0121 0.9798 0.1998
vn -0.0026 0.9811 0.1935
vn 0.0227 0.9777 0.2086
vn 0.1457 0.9737 0.1749
vn 0.1145 0.9216 0.3708
vn 0.1605 0.9607 0.2264
vn 0.1630 0.9405 0.2980
vn 0.1026 0.8661 0.4892
vn -0.0122 0.4680 0.8837
vn 0.2600 0.2986 0.9183
vn 0.4784 0.0850 0.8740
vn 0.5251 0.0293 0.8505
vn 0.8800 -0.4107 0.2385
vn -0.2034 0.5964 0.7765
vn -0.1585 0.5581 0.8145
vn -0.2469 0.6970 0.6733
vn -0.2428 0.7043 0.6671
vn -0.2401 0.7086 0.6635
vn -0.2487 0.6809 0.6888
vn -0.2371 0.7109 0.6621
vn -0.2458 0.7050 0.6653
vn -0.2349 0.7119 0.6619
vn -0.2255 0.6145 0.7560
vn -0.0794 0.9951 0.0582
vn 0.2125 0.5342 -0.8182
vn 0.1526 0.5531 -0.8190
vn 0.2126 0.5342 -0.8182
vn 0.2912 0.5185 -0.8040
vn 0.2914 0.5184 -0.8039
vn 0.4691 0.4806 -0.7409
vn 0.4283 0.4917 -0.7582
vn 0.4691 0.4804 -0.7410
vn 0.4940 0.4786 -0.7259
vn 0.5120 0.4853 -0.7087
vn 0.5121 0.4853 -0.7086
vn 0.5247 0.4926 -0.6943
vn 0.3669 0.5050 -0.7812
vn 0.3672 0.5054 -0.7809
vn 0.4281 0.4918 -0.7582
vn 0.0924 -0.8757 0.4739
vn 0.1124 -0.8404 0.5302
vn 0.0932 -0.8747 0.4756
vn 0.0559 -0.9602 0.2738
vn 0.0574 -0.9561 0.2872
vn 0.9729 -0.1724 0.1539
vn 0.9684 -0.1847 0.1677
vn 0.9684 -0.1846 0.1677
vn 0.9631 -0.1990 0.1811
vn 0.9631 -0.1989 0.1811
vn 0.5445 0.5099 -0.6660
vn 0.5256 0.5094 -0.6814
vn 0.5447 0.5098 -0.6659
vn 0.7931 0.2770 -0.5425
vn 0.2078 -0.7436 0.6355
vn 0.2583 -0.7272 0.6360
vn 0.2082 -0.7435 0.6355
vn 0.1434 -0.7817 0.6070
vn 0.5291 0.4979 -0.6872
vn 0.5289 0.4978 -0.6873
vn 0.5256 0.5093 -0.6815
vn 0.0948 0.5629 -0.8211
vn 0.0781 0.5566 -0.8271
vn 0.0948 0.5629 -0.8210
vn 0.1062 0.5734 -0.8124
vn 0.1207 0.5699 -0.8128
vn 0.0608 0.5647 -0.8231
vn 0.0496 0.5741 -0.8173
vn 0.0609 0.5643 -0.8233
vn 0.0376 0.5762 -0.8164
vn 0.0139 0.5797 -0.8147
vn 0.0376 0.5761 -0.8165
vn -0.0150 0.5955 -0.8032
vn -0.0352 0.6195 -0.7842
vn -0.0355 0.6196 -0.7841
vn -0.0151 0.5955 -0.8032
vn -0.1309 0.6552 -0.7441
vn -0.1282 0.6582 -0.7418
vn -0.1280 0.6580 -0.7421
vn -0.1185 0.6605 -0.7414
vn -0.1185 0.6609 -0.7410
vn -0.1155 0.6597 -0.7426
vn -0.1156 0.6599 -0.7424
vn -0.1202 0.6544 -0.7465
vn -0.0539 0.6406 -0.7659
vn -0.0835 0.6517 -0.7539
vn -0.0539 0.6407 -0.7659
vn 0.2790 -0.7337 0.6196
vn 0.3529 -0.7436 0.5679
vn 0.2788 -0.7335 0.6199
vn 0.2584 -0.7272 0.6359
vn -0.1236 0.6468 -0.7526
vn -0.1196 0.6385 -0.7603
vn -0.1236 0.6469 -0.7525
vn -0.1203 0.6547 -0.7462
vn -0.1405 0.5959 -0.7907
vn -0.1505 0.5782 -0.8019
vn -0.1405 0.5961 -0.7905
vn -0.1233 0.6135 -0.7800
vn -0.1233 0.6136 -0.7799
vn 0.8770 -0.4698 0.1013
vn 0.7937 0.2763 -0.5420
vn 0.3544 -0.7436 0.5669
vn -0.1156 0.6279 -0.7697
vn -0.1157 0.6280 -0.7696
vn -0.1196 0.6384 -0.7604
vn 0.9765 -0.1720 0.1295
vn 0.9755 -0.1688 0.1414
vn 0.9729 -0.1725 0.1538
vn 0.1135 -0.8194 0.5619
vn 0.1427 -0.7822 0.6064
vn 0.1135 -0.8195 0.5617
vn 0.9774 -0.0585 -0.2032
vn 0.9770 -0.1416 -0.1592
vn 0.9774 -0.0588 -0.2032
vn 0.9680 0.0796 -0.2380
vn 0.9680 0.0794 -0.2380
vn -0.1370 -0.9133 0.3836
vn -0.1383 -0.9114 0.3876
vn -0.1383 -0.9113 0.3877
vn -0.1295 -0.9162 0.3793
vn -0.1371 -0.9135 0.3831
vn -0.1172 -0.9194 0.3756
vn -0.1018 -0.9221 0.3733
vn -0.1172 -0.9195 0.3753
vn -0.2348 -0.9180 0.3196
vn -0.0972 -0.9264 0.3639
vn -0.2346 -0.9181 0.3195
vn -0.5811 -0.7963 0.1681
vn -0.5806 -0.7966 0.1684
vn 0.9834 -0.1668 -0.0714
vn 0.9844 -0.1659 -0.0588
vn 0.9813 -0.1695 -0.0915
vn -0.4997 0.2168 -0.8386
vn -0.5246 0.1270 -0.8418
vn -0.5014 0.2160 -0.8378
vn -0.5449 0.1960 -0.8153
vn -0.5462 0.1956 -0.8145
vn 0.9845 -0.1734 0.0271
vn 0.9825 -0.1716 0.0720
vn 0.9825 -0.1715 0.0727
vn 0.9850 -0.1718 -0.0159
vn 0.9845 -0.1734 0.0266
vn -0.1403 0.3545 -0.9245
vn -0.0727 0.1801 -0.9810
vn -0.1424 0.3596 -0.9222
vn -0.1675 0.5460 -0.8209
vn -0.1675 0.5459 -0.8209
vn -0.1425 0.5642 -0.8132
vn -0.1205 0.5600 -0.8197
vn -0.1426 0.5644 -0.8131
vn -0.1505 0.5780 -0.8020
vn -0.0997 0.5662 -0.8182
vn -0.0950 0.5767 -0.8114
vn -0.0951 0.5768 -0.8113
vn -0.0998 0.5662 -0.8182
vn -0.1000 0.5898 -0.8013
vn -0.1076 0.6077 -0.7868
vn -0.1077 0.6079 -0.7867
vn -0.0999 0.5897 -0.8014
vn -0.2823 0.0113 -0.9593
vn -0.3703 0.0002 -0.9289
vn -0.2822 0.0117 -0.9593
vn -0.2279 0.0186 -0.9735
vn -0.2280 0.0185 -0.9735
vn -0.4741 0.1377 -0.8696
vn -0.4878 0.2034 -0.8490
vn -0.4896 0.2041 -0.8477
vn -0.5203 0.0506 -0.8525
vn -0.4755 0.1347 -0.8693
vn -0.4924 -0.0142 -0.8703
vn -0.5520 -0.0177 -0.8337
vn -0.4923 -0.0142 -0.8703
vn -0.3703 0.0003 -0.9289
vn 0.8893 0.4158 -0.1904
vn 0.8785 0.4450 -0.1737
vn 0.8786 0.4449 -0.1737
vn 0.8943 0.3919 -0.2159
vn 0.8943 0.3918 -0.2159
vn -0.1046 -0.9289 0.3554
vn -0.0935 -0.9408 0.3260
vn -0.1047 -0.9288 0.3556
vn -0.1188 -0.9182 0.3779
vn -0.1190 -0.9181 0.3780
vn -0.1324 -0.9121 0.3879
vn -0.5360 -0.8315 0.1458
vn -0.5422 -0.8193 0.1865
vn -0.5815 -0.8135 -0.0064
vn -0.5360 -0.8316 0.1455
vn -0.0848 0.0252 -0.9961
vn -0.1082 0.0263 -0.9938
vn -0.1083 0.0263 -0.9938
vn -0.0684 0.0279 -0.9973
vn -0.0683 0.0279 -0.9973
vn -0.8721 -0.4882 -0.0334
vn -0.8821 -0.4689 -0.0453
vn -0.8723 -0.4879 -0.0335
vn -0.8011 -0.5985 0.0025
vn -0.8039 -0.5947 0.0012
vn -0.0480 0.0501 -0.9976
vn -0.0567 0.0375 -0.9977
vn -0.0479 0.0503 -0.9976
vn -0.0568 0.0373 -0.9977
vn 0.9849 -0.1676 -0.0442
vn 0.9850 -0.1718 -0.0161
vn 0.9849 -0.1676 -0.0443
vn -0.5470 0.2033 -0.8121
vn -0.5466 0.2036 -0.8123
vn 0.9412 0.2213 -0.2552
vn 0.9129 0.3027 -0.2737
vn 0.9412 0.2215 -0.2551
vn 0.8939 0.3280 -0.3054
vn 0.9129 0.3028 -0.2738
vn 0.8791 0.3404 -0.3335
vn 0.8939 0.3281 -0.3056
vn 0.8698 0.3571 -0.3405
vn 0.8621 0.3892 -0.3245
vn 0.8620 0.3893 -0.3246
vn 0.8546 0.4307 -0.2899
vn 0.8546 0.4309 -0.2897
vn 0.8548 0.4599 -0.2403
vn 0.8549 0.4601 -0.2398
vn 0.0124 -0.9998 0.0142
vn -0.0209 -0.9935 -0.1122
vn 0.0124 -0.9998 0.0184
vn -0.0183 -0.9848 0.1729
vn -0.0201 -0.9840 0.1770
vn -0.9902 -0.1341 -0.0377
vn -0.9954 -0.0878 -0.0383
vn -0.9903 -0.1339 -0.0376
vn -0.9783 -0.2041 -0.0365
vn -0.9783 -0.2038 -0.0360
vn 0.2359 -0.9692 -0.0708
vn 0.2039 -0.9781 -0.0423
vn 0.2038 -0.9781 -0.0421
vn 0.1919 -0.9813 -0.0163
vn 0.2296 -0.9684 -0.0972
vn 0.2361 -0.9691 -0.0710
vn 0.1019 -0.9866 -0.1276
vn 0.2295 -0.9684 -0.0973
vn 0.1574 -0.9875 -0.0017
vn 0.1572 -0.9876 -0.0019
vn 0.0872 -0.9962 0.0026
vn 0.0870 -0.9962 0.0022
vn -0.3938 -0.9191 -0.0146
vn -0.4909 -0.8711 -0.0157
vn -0.3938 -0.9191 -0.0145
vn -0.2764 -0.9610 -0.0109
vn -0.2764 -0.9610 -0.0108
vn 0.0162 -0.9999 0.0016
vn -0.0560 -0.9984 -0.0009
vn -0.0560 -0.9984 -0.0011
vn 0.0163 -0.9999 0.0018
vn -0.1539 -0.9881 -0.0058
vn -0.1538 -0.9881 -0.0052
vn -0.5662 -0.8241 -0.0145
vn -0.6153 -0.7882 -0.0125
vn -0.8973 -0.4400 -0.0340
vn -0.9340 -0.3556 -0.0329
vn -0.8974 -0.4400 -0.0336
vn -0.8418 -0.5386 -0.0362
vn -0.8418 -0.5385 -0.0357
vn -0.7740 -0.6322 -0.0352
vn -0.7738 -0.6324 -0.0356
vn -0.7173 -0.6962 -0.0278
vn -0.7172 -0.6963 -0.0277
vn -0.6639 -0.7476 -0.0172
vn -0.6638 -0.7477 -0.0172
vn -0.9602 -0.2773 -0.0340
vn -0.9602 -0.2773 -0.0341
vn -0.9340 -0.3556 -0.0331
vn -0.0254 -0.9886 -0.1486
vn -0.0210 -0.9934 -0.1124
vn 0.9849 0.1277 0.1166
vn 0.9816 0.1717 0.0832
vn 0.9850 0.1269 0.1169
vn 0.9868 0.0951 0.1313
vn 0.9868 0.0951 0.1312
vn -0.9994 -0.0107 -0.0329
vn -0.9995 0.0054 -0.0312
vn -0.9995 0.0052 -0.0312
vn -0.9985 -0.0412 -0.0354
vn 0.8953 0.3840 -0.2256
vn 0.8927 0.4155 -0.1744
vn 0.8926 0.4163 -0.1731
vn -0.9995 0.0075 -0.0295
vn -0.9996 0.0053 -0.0285
vn -0.9995 0.0075 -0.0296
vn 0.9255 0.3732 -0.0644
vn 0.9286 0.3663 -0.0590
vn 0.9689 0.2468 0.0179
vn -0.9996 0.0041 -0.0280
vn -0.9996 0.0039 -0.0279
vn -0.9996 0.0038 -0.0279
vn -0.9996 0.0052 -0.0284
vn 0.8650 0.4638 -0.1916
vn 0.8651 0.4637 -0.1913
vn -0.9970 -0.0676 -0.0380
vn -0.9970 -0.0677 -0.0380
vn -0.9954 -0.0879 -0.0384
vn 0.9798 0.1936 0.0500
vn 0.9686 0.2478 0.0175
vn 0.9816 0.1718 0.0830
vn -0.9996 0.0030 -0.0278
vn -0.9996 0.0021 -0.0279
vn -0.9996 0.0031 -0.0279
vn 0.1635 -0.7523 -0.6382
vn 0.1194 -0.7598 -0.6392
vn 0.1639 -0.7522 -0.6382
vn 0.2154 -0.7462 -0.6299
vn 0.2156 -0.7461 -0.6299
vn 0.2611 -0.7431 -0.6162
vn 0.2613 -0.7431 -0.6160
vn 0.2927 -0.7430 -0.6019
vn 0.2927 -0.7430 -0.6018
vn 0.3781 -0.7582 -0.5312
vn 0.6687 0.0411 -0.7424
vn 0.6943 0.0167 -0.7194
vn 0.2579 0.2316 -0.9380
vn 0.1830 0.2174 -0.9588
vn 0.2582 0.2316 -0.9379
vn 0.7474 0.1210 -0.6533
vn 0.7460 0.1216 -0.6547
vn 0.2387 0.1054 -0.9654
vn 0.2559 0.1189 -0.9594
vn 0.2196 0.1074 -0.9697
vn 0.2196 0.1075 -0.9696
vn 0.3382 0.1857 -0.9226
vn 0.3404 0.1873 -0.9214
vn 0.2558 0.1188 -0.9594
vn 0.1978 0.1209 -0.9728
vn 0.1838 0.1468 -0.9719
vn 0.9553 -0.1919 0.2249
vn 0.9573 -0.1755 0.2297
vn 0.9553 -0.1918 0.2251
vn 0.9567 -0.2027 0.2089
vn 0.0512 -0.7615 -0.6461
vn 0.0380 -0.7602 -0.6486
vn 0.0512 -0.7614 -0.6463
vn 0.0675 -0.7649 -0.6406
vn 0.0676 -0.7648 -0.6407
vn 0.0277 -0.7626 -0.6463
vn 0.0216 -0.7671 -0.6412
vn 0.0215 -0.7672 -0.6411
vn 0.0278 -0.7625 -0.6464
vn -0.0197 -0.7865 -0.6173
vn -0.0714 -0.7884 -0.6109
vn -0.0717 -0.7884 -0.6109
vn 0.0074 -0.7792 -0.6268
vn 0.0073 -0.7793 -0.6266
vn -0.1316 -0.7801 -0.6117
vn -0.1770 -0.7669 -0.6169
vn -0.1315 -0.7801 -0.6116
vn -0.2040 -0.7560 -0.6219
vn -0.2196 -0.7484 -0.6258
vn -0.2197 -0.7484 -0.6258
vn -0.2039 -0.7560 -0.6220
vn -0.2291 -0.7435 -0.6283
vn -0.2330 -0.7412 -0.6295
vn -0.2291 -0.7434 -0.6283
vn 0.0171 -0.7725 -0.6348
vn 0.0169 -0.7726 -0.6347
vn -0.2333 -0.7405 -0.6303
vn -0.2296 -0.7408 -0.6313
vn -0.2330 -0.7404 -0.6305
vn -0.1993 -0.7553 -0.6244
vn 0.0234 -0.8453 -0.5337
vn -0.1994 -0.7553 -0.6244
vn -0.2295 -0.7407 -0.6315
vn 0.5263 -0.8348 -0.1618
vn 0.7026 -0.7026 0.1126
vn 0.6991 -0.7062 0.1116
vn 0.0232 -0.8452 -0.5339
vn 0.9591 -0.2061 0.1942
vn 0.9567 -0.2028 0.2088
vn 0.0889 -0.7649 -0.6380
vn 0.0888 -0.7650 -0.6379
vn 0.9955 -0.0944 0.0015
vn 0.9956 -0.0940 0.0001
vn 0.3427 -0.9326 0.1135
vn 0.4042 -0.9078 0.1115
vn -0.0687 -0.9584 0.2770
vn -0.0694 -0.9580 0.2782
vn -0.0933 -0.9409 0.3255
vn -0.0887 -0.9245 0.3708
vn -0.1018 -0.9222 0.3731
vn -0.0888 -0.9246 0.3705
vn -0.1300 0.6206 -0.7733
vn -0.1299 0.6206 -0.7733
vn -0.6524 -0.7497 0.1110
vn -0.6493 -0.7520 0.1138
vn -0.1603 0.0244 -0.9868
vn -0.1600 0.0241 -0.9868
vn 0.1798 0.1823 -0.9667
vn 0.1798 0.1824 -0.9666
vn 0.1829 0.2174 -0.9588
vn 0.9783 -0.1679 -0.1211
vn 0.9813 -0.1694 -0.0916
vn 0.9770 -0.1415 -0.1593
vn -0.6986 -0.4572 -0.5503
vn -0.6977 -0.4416 -0.5641
vn -0.5279 0.1194 -0.8409
vn 0.9789 -0.1730 0.1088
vn 0.9765 -0.1721 0.1295
vn 0.9789 -0.1729 0.1085
vn -0.5484 0.0006 -0.8362
vn -0.5209 0.0498 -0.8522
vn -0.5485 0.0005 -0.8362
vn -0.1151 0.6544 -0.7474
vn -0.1150 0.6543 -0.7474
vn 0.3115 -0.7457 -0.5890
vn 0.3115 -0.7457 -0.5889
vn -0.8272 -0.5619 -0.0004
vn -0.8821 -0.4690 -0.0454
vn -0.0701 0.1724 -0.9825
vn -0.0458 0.0825 -0.9955
vn -0.0456 0.0813 -0.9956
vn 0.0355 -0.7625 -0.6460
vn -0.9994 0.0022 -0.0347
vn 0.2589 0.6498 0.7146
vn -0.2292 0.4116 0.8821
vn -0.0553 -0.0016 0.9985
vn -0.0049 -0.7625 0.6469
vn -0.0238 -0.6510 0.7587
vn -0.2438 0.3738 0.8949
vn 0.0934 0.9592 0.2667
vn 0.1125 -0.8404 0.5302
vn 0.8774 -0.4692 0.1006
vn -0.0971 -0.9263 0.3640
vn -0.1205 0.5599 -0.8197
vn 0.8894 0.4155 -0.1907
vn -0.5813 -0.8136 -0.0059
vn 0.8791 0.3405 -0.3336
vn -0.5661 -0.8242 -0.0144
vn -0.0256 -0.9886 -0.1485
vn -0.9985 -0.0409 -0.0354
vn 0.1191 -0.7598 -0.6392
vn 0.6656 -0.5470 -0.5077
vn 0.1839 0.1468 -0.9719
vn 0.9573 -0.1757 0.2297
vn -0.0196 -0.7864 -0.6174
vn 0.5244 -0.8356 -0.1638
vn 0.9783 -0.1679 -0.1212
vn -0.8271 -0.5620 -0.0003
vt 0.505529 0.135151
vt 0.480949 0.159036
vt 0.499482 0.130835
vt 0.486676 0.163399
vt 0.462840 0.186063
vt 0.457891 0.181362
vt 0.475621 0.154503
vt 0.493756 0.126449
vt 0.427312 0.248635
vt 0.400633 0.273754
vt 0.422074 0.244239
vt 0.406340 0.278437
vt 0.380988 0.299329
vt 0.373207 0.291884
vt 0.395751 0.268050
vt 0.417511 0.239158
vt 0.329674 0.280445
vt 0.306058 0.263712
vt 0.316268 0.252234
vt 0.317657 0.289286
vt 0.293009 0.273728
vt 0.280016 0.240561
vt 0.291728 0.230497
vt 0.300546 0.217796
vt 0.315459 0.465591
vt 0.340369 0.453696
vt 0.327711 0.480754
vt 0.330553 0.438364
vt 0.353341 0.426115
vt 0.360244 0.437679
vt 0.348884 0.464473
vt 0.337980 0.490620
vt 0.285591 0.180903
vt 0.308487 0.205045
vt 0.272663 0.142932
vt 0.293308 0.169617
vt 0.280617 0.134631
vt 0.299071 0.160508
vt 0.314330 0.194674
vt 0.254147 0.109031
vt 0.262555 0.103832
vt 0.264138 0.151037
vt 0.244895 0.112227
vt 0.239060 0.064017
vt 0.247586 0.062567
vt 0.255567 0.059801
vt 0.251563 0.007699
vt 0.263159 0.056886
vt 0.604636 0.902328
vt 0.626183 0.956958
vt 0.619526 0.959494
vt 0.611095 0.900809
vt 0.631338 0.955028
vt 0.258545 0.006741
vt 0.268963 0.054498
vt 0.583372 0.843536
vt 0.589918 0.841685
vt 0.590580 0.905054
vt 0.597853 0.903876
vt 0.576476 0.844868
vt 0.569735 0.782864
vt 0.576175 0.780458
vt 0.553628 0.661633
vt 0.551088 0.602726
vt 0.560141 0.660307
vt 0.544362 0.603204
vt 0.543935 0.548695
vt 0.549414 0.548920
vt 0.556495 0.602626
vt 0.565407 0.659573
vt 0.537091 0.548744
vt 0.539535 0.500810
vt 0.532042 0.457387
vt 0.532734 0.501112
vt 0.538815 0.456563
vt 0.544984 0.500844
vt 0.535601 0.412964
vt 0.543676 0.362668
vt 0.542547 0.411899
vt 0.550802 0.361976
vt 0.548069 0.411313
vt 0.544227 0.456188
vt 0.564154 0.720636
vt 0.582383 0.778069
vt 0.570466 0.718489
vt 0.575597 0.717142
vt 0.587429 0.776534
vt 0.555993 0.303522
vt 0.570528 0.241758
vt 0.563104 0.303864
vt 0.577626 0.243091
vt 0.568784 0.304285
vt 0.556459 0.361643
vt 0.585022 0.184929
vt 0.605223 0.139252
vt 0.592261 0.186742
vt 0.610950 0.141523
vt 0.598063 0.188236
vt 0.583327 0.244240
vt 0.598067 0.136379
vt 0.615109 0.103593
vt 0.608563 0.098144
vt 0.621814 0.079576
vt 0.626551 0.085899
vt 0.620373 0.107765
vt 0.628287 0.056737
vt 0.620175 0.055176
vt 0.622646 0.045123
vt 0.632730 0.065473
vt 0.625780 0.065498
vt 0.630273 0.073268
vt 0.615949 0.071215
vt 0.243319 0.620513
vt 0.271388 0.611038
vt 0.261490 0.635919
vt 0.257293 0.593891
vt 0.282678 0.584025
vt 0.294453 0.596925
vt 0.283752 0.623040
vt 0.274610 0.646509
vt 0.559951 0.074932
vt 0.557264 0.090013
vt 0.552081 0.086702
vt 0.562477 0.071184
vt 0.565179 0.078156
vt 0.567709 0.074338
vt 0.569487 0.080737
vt 0.561546 0.092673
vt 0.301960 0.489285
vt 0.316039 0.505988
vt 0.327288 0.516542
vt 0.304954 0.530839
vt 0.290034 0.512336
vt 0.345559 0.410648
vt 0.365910 0.399530
vt 0.358865 0.385882
vt 0.378416 0.373648
vt 0.384971 0.381843
vt 0.372266 0.410006
vt 0.305531 0.569834
vt 0.268584 0.565900
vt 0.293903 0.556948
vt 0.279188 0.538098
vt 0.316534 0.542823
vt 0.344595 0.313007
vt 0.365564 0.316040
vt 0.352025 0.327209
vt 0.358143 0.305316
vt 0.387577 0.305297
vt 0.372514 0.325384
vt 0.359327 0.340966
vt 0.515146 0.142047
vt 0.491474 0.166965
vt 0.510509 0.138713
vt 0.496090 0.170366
vt 0.472876 0.194002
vt 0.468246 0.190444
vt 0.600147 0.004099
vt 0.595072 0.014667
vt 0.598183 0.001963
vt 0.597075 0.017275
vt 0.589625 0.035120
vt 0.587555 0.032459
vt 0.593017 0.012488
vt 0.595964 0.003467
vt 0.600007 0.048739
vt 0.587303 0.077200
vt 0.596446 0.044033
vt 0.604539 0.054938
vt 0.591032 0.081705
vt 0.595894 0.086960
vt 0.579108 0.125259
vt 0.575206 0.120912
vt 0.561602 0.171761
vt 0.584277 0.129692
vt 0.565695 0.176028
vt 0.571035 0.180107
vt 0.551263 0.233894
vt 0.546978 0.229689
vt 0.532029 0.293799
vt 0.556718 0.237791
vt 0.536474 0.297835
vt 0.542078 0.301327
vt 0.523950 0.359759
vt 0.519388 0.356307
vt 0.511506 0.409938
vt 0.529667 0.362486
vt 0.516149 0.412237
vt 0.521881 0.413891
vt 0.512906 0.457582
vt 0.508215 0.456387
vt 0.508806 0.500107
vt 0.518622 0.458365
vt 0.513527 0.500852
vt 0.519269 0.501394
vt 0.517715 0.548040
vt 0.512938 0.547338
vt 0.520105 0.602707
vt 0.523518 0.548614
vt 0.525024 0.603381
vt 0.530923 0.603818
vt 0.534346 0.663592
vt 0.529126 0.663002
vt 0.539016 0.723941
vt 0.540438 0.663735
vt 0.544723 0.724388
vt 0.551151 0.724197
vt 0.556240 0.784948
vt 0.549950 0.784715
vt 0.562201 0.845386
vt 0.563123 0.784514
vt 0.569062 0.845367
vt 0.582609 0.905630
vt 0.575184 0.905832
vt 0.588309 0.965136
vt 0.596327 0.964860
vt 0.236427 0.008692
vt 0.229760 0.063353
vt 0.228015 0.007633
vt 0.221124 0.061676
vt 0.220239 0.006087
vt 0.224488 0.110480
vt 0.234409 0.112185
vt 0.242060 0.157721
vt 0.230234 0.156574
vt 0.237913 0.203926
vt 0.254175 0.156522
vt 0.252245 0.203522
vt 0.266429 0.200230
vt 0.263902 0.246230
vt 0.247237 0.249115
vt 0.235175 0.329310
vt 0.222682 0.352562
vt 0.220264 0.330356
vt 0.238938 0.351632
vt 0.224657 0.374059
vt 0.206839 0.370711
vt 0.206268 0.350299
vt 0.205223 0.328939
vt 0.242245 0.373665
vt 0.226940 0.405019
vt 0.246740 0.406302
vt 0.228401 0.442516
vt 0.207350 0.434660
vt 0.207148 0.399724
vt 0.323453 0.351074
vt 0.297252 0.342022
vt 0.315859 0.329741
vt 0.331470 0.374169
vt 0.304794 0.367854
vt 0.313270 0.396106
vt 0.284856 0.384956
vt 0.277690 0.355281
vt 0.309981 0.314326
vt 0.285248 0.307144
vt 0.303326 0.298150
vt 0.291558 0.324368
vt 0.272377 0.335244
vt 0.266480 0.315997
vt 0.221117 0.155385
vt 0.217747 0.203846
vt 0.213773 0.154428
vt 0.226764 0.203896
vt 0.233968 0.251223
vt 0.222963 0.252702
vt 0.214524 0.060248
vt 0.210757 0.107714
vt 0.209208 0.059097
vt 0.216882 0.108948
vt 0.569499 0.905941
vt 0.577200 0.965379
vt 0.564916 0.906028
vt 0.582159 0.965271
vt 0.214291 0.004823
vt 0.209493 0.003803
vt 0.545148 0.784450
vt 0.552721 0.845299
vt 0.541274 0.784236
vt 0.556953 0.845338
vt 0.525190 0.662489
vt 0.531187 0.723169
vt 0.522018 0.662075
vt 0.534682 0.723514
vt 0.509366 0.546779
vt 0.513443 0.601711
vt 0.506488 0.546328
vt 0.516416 0.602155
vt 0.504710 0.455409
vt 0.502432 0.499017
vt 0.501884 0.454621
vt 0.505277 0.499503
vt 0.516000 0.353536
vt 0.505258 0.406570
vt 0.513268 0.351302
vt 0.508047 0.408074
vt 0.543805 0.226389
vt 0.526073 0.288019
vt 0.541246 0.223728
vt 0.528732 0.290599
vt 0.572344 0.117554
vt 0.556158 0.165742
vt 0.570036 0.114847
vt 0.558589 0.168429
vt 0.593812 0.040575
vt 0.582344 0.071066
vt 0.591684 0.037787
vt 0.584558 0.073804
vt 0.611803 0.023105
vt 0.604992 0.028576
vt 0.607631 0.015745
vt 0.609302 0.035450
vt 0.601602 0.023681
vt 0.604412 0.010679
vt 0.224625 0.515186
vt 0.207931 0.543606
vt 0.207931 0.507305
vt 0.240412 0.527046
vt 0.222061 0.548083
vt 0.234823 0.556668
vt 0.220829 0.576309
vt 0.208002 0.575247
vt 0.578088 0.065810
vt 0.580217 0.068438
vt 0.567820 0.112247
vt 0.565605 0.109647
vt 0.551491 0.160582
vt 0.553824 0.163162
vt 0.538788 0.221172
vt 0.536331 0.218616
vt 0.520967 0.283063
vt 0.523520 0.285541
vt 0.510644 0.349156
vt 0.508021 0.347011
vt 0.499903 0.403685
vt 0.502581 0.405127
vt 0.499172 0.453865
vt 0.496460 0.453109
vt 0.496973 0.498084
vt 0.499702 0.498550
vt 0.503725 0.545895
vt 0.500964 0.545463
vt 0.507736 0.600859
vt 0.510589 0.601285
vt 0.518972 0.661678
vt 0.515928 0.661282
vt 0.524478 0.722509
vt 0.527833 0.722839
vt 0.537556 0.784031
vt 0.533837 0.783826
vt 0.544595 0.845225
vt 0.548658 0.845262
vt 0.560516 0.906112
vt 0.556117 0.906196
vt 0.567677 0.965589
vt 0.572438 0.965484
vt 0.204109 0.057993
vt 0.204889 0.002822
vt 0.199015 0.056890
vt 0.200284 0.001843
vt 0.199015 0.105352
vt 0.204883 0.106532
vt 0.206731 0.153512
vt 0.199698 0.152599
vt 0.200432 0.203507
vt 0.209085 0.203705
vt 0.212276 0.253371
vt 0.201569 0.253574
vt 0.259568 0.366802
vt 0.293741 0.417636
vt 0.265767 0.398597
vt 0.274758 0.434845
vt 0.250086 0.324040
vt 0.255088 0.345234
vt 0.599104 0.020130
vt 0.602065 0.007027
vt 0.207674 0.470764
vt 0.253491 0.452535
vt 0.227084 0.479826
vt 0.246082 0.493368
vt 0.235271 0.593609
vt 0.230376 0.576369
vt 0.245717 0.573487
vt 0.254730 0.545265
vt 0.263369 0.515110
vt 0.273596 0.487117
vt 0.303966 0.444829
vt 0.287637 0.465691
vt 0.208497 0.598560
vt 0.222405 0.599471
vt 0.224584 0.620230
vt 0.209284 0.616598
vt 0.321655 0.419593
vt 0.338549 0.393773
vt 0.352712 0.371846
vt 0.346363 0.356218
vt 0.365278 0.352550
vt 0.371228 0.363099
vt 0.338720 0.337930
vt 0.331173 0.320419
vt 0.437075 0.255757
vt 0.424022 0.290345
vt 0.416806 0.285858
vt 0.443633 0.260117
vt 0.430583 0.294242
vt 0.406436 0.319987
vt 0.398777 0.314737
vt 0.616934 0.033292
vt 0.614479 0.044643
vt 0.609981 0.062651
vt 0.601899 0.092497
vt 0.590786 0.133309
vt 0.577656 0.182924
vt 0.563294 0.240236
vt 0.536387 0.363205
vt 0.548731 0.302998
vt 0.546928 0.662966
vt 0.557639 0.722792
vt 0.525112 0.458179
vt 0.528491 0.413931
vt 0.525776 0.501416
vt 0.530084 0.548802
vt 0.537463 0.603689
vt 0.601229 0.838723
vt 0.616193 0.899810
vt 0.596187 0.839864
vt 0.604856 0.963957
vt 0.612499 0.962035
vt 0.244223 0.008566
vt 0.286613 0.127898
vt 0.270510 0.098439
vt 0.276551 0.094019
vt 0.277148 0.192045
vt 0.349060 0.263364
vt 0.325534 0.240748
vt 0.332198 0.231066
vt 0.340959 0.271568
vt 0.033104 0.132604
vt 0.018913 0.097174
vt 0.033885 0.096744
vt 0.031166 0.165920
vt 0.017192 0.133143
vt 0.696941 0.158546
vt 0.677770 0.128008
vt 0.690951 0.125671
vt 0.683728 0.090476
vt 0.671468 0.092842
vt 0.027123 0.199043
vt 0.014880 0.166559
vt 0.022090 0.231349
vt 0.011352 0.199770
vt 0.705485 0.223681
vt 0.687534 0.193985
vt 0.701537 0.191550
vt 0.683136 0.160881
vt 0.017544 0.262194
vt 0.007486 0.231978
vt 0.014144 0.293896
vt 0.004411 0.262386
vt 0.714572 0.284547
vt 0.696123 0.256586
vt 0.709676 0.253897
vt 0.691627 0.226281
vt 0.660684 0.093119
vt 0.655748 0.126651
vt 0.652510 0.092544
vt 0.665513 0.127781
vt 0.669628 0.160438
vt 0.658467 0.159071
vt 0.477548 0.197478
vt 0.452889 0.222464
vt 0.457726 0.226006
vt 0.431959 0.252172
vt 0.448329 0.218919
vt 0.443123 0.214544
vt 0.438456 0.209675
vt 0.654344 0.192139
vt 0.652759 0.158320
vt 0.660672 0.192741
vt 0.655699 0.227011
vt 0.651304 0.227039
vt 0.650292 0.191966
vt 0.649033 0.158085
vt 0.001504 0.327580
vt 0.002413 0.293404
vt 0.012259 0.328833
vt 0.001612 0.364743
vt 0.720381 0.318186
vt 0.712292 0.355393
vt 0.706594 0.319859
vt 0.701112 0.286979
vt 0.664655 0.260852
vt 0.662649 0.227061
vt 0.666374 0.294142
vt 0.656969 0.261766
vt 0.657753 0.295858
vt 0.652174 0.262061
vt 0.011940 0.366528
vt 0.002697 0.403978
vt 0.013180 0.405814
vt 0.004937 0.444218
vt 0.733598 0.393256
vt 0.723895 0.431670
vt 0.718038 0.393019
vt 0.726823 0.354697
vt 0.015989 0.445670
vt 0.008401 0.484365
vt 0.020295 0.485153
vt 0.012565 0.523393
vt 0.748015 0.472337
vt 0.735328 0.507689
vt 0.729868 0.470219
vt 0.740677 0.432825
vt 0.668104 0.360588
vt 0.692907 0.393497
vt 0.668693 0.394244
vt 0.689690 0.357833
vt 0.696184 0.429442
vt 0.669308 0.427254
vt 0.113281 0.580930
vt 0.105118 0.546377
vt 0.125371 0.578015
vt 0.094931 0.549060
vt 0.091128 0.515649
vt 0.100378 0.513184
vt 0.114327 0.542745
vt 0.134556 0.573307
vt 0.669925 0.458725
vt 0.699500 0.464632
vt 0.702371 0.498800
vt 0.670249 0.489291
vt 0.038324 0.592766
vt 0.025274 0.619901
vt 0.021138 0.592616
vt 0.044803 0.620970
vt 0.029076 0.645679
vt 0.771056 0.606537
vt 0.747827 0.627143
vt 0.745523 0.601316
vt 0.766531 0.579414
vt 0.742953 0.574419
vt 0.669984 0.519728
vt 0.704321 0.531689
vt 0.739660 0.542972
vt 0.705402 0.562365
vt 0.669089 0.549823
vt 0.667628 0.579240
vt 0.705842 0.590348
vt 0.706049 0.617580
vt 0.665872 0.608136
vt 0.664161 0.636352
vt 0.706391 0.645619
vt 0.750186 0.654964
vt 0.706892 0.672082
vt 0.662894 0.661981
vt 0.168837 0.699967
vt 0.186556 0.676629
vt 0.187702 0.699577
vt 0.167079 0.676455
vt 0.177180 0.648811
vt 0.200373 0.654507
vt 0.200145 0.677305
vt 0.199765 0.699327
vt 0.168800 0.721361
vt 0.187035 0.741734
vt 0.168285 0.742897
vt 0.187442 0.720499
vt 0.199362 0.719947
vt 0.199025 0.740990
vt 0.186638 0.765060
vt 0.167542 0.766199
vt 0.198849 0.764331
vt 0.198981 0.789604
vt 0.186491 0.789889
vt 0.166963 0.790336
vt 0.224119 0.806059
vt 0.215446 0.800342
vt 0.214674 0.795296
vt 0.231974 0.815009
vt 0.222495 0.812528
vt 0.228572 0.822699
vt 0.220773 0.820084
vt 0.217283 0.808341
vt 0.040827 0.817725
vt 0.059327 0.807109
vt 0.059346 0.820600
vt 0.759332 0.797130
vt 0.786058 0.790945
vt 0.786253 0.803561
vt 0.758840 0.784924
vt 0.785669 0.775621
vt 0.040340 0.805071
vt 0.059387 0.790930
vt 0.059496 0.747400
vt 0.080321 0.770151
vt 0.059536 0.770224
vt 0.081209 0.747133
vt 0.105742 0.769493
vt 0.104256 0.791474
vt 0.079276 0.791382
vt 0.058910 0.724929
vt 0.080199 0.701279
vt 0.081321 0.724620
vt 0.106983 0.701078
vt 0.107713 0.723935
vt 0.107138 0.746320
vt 0.057419 0.701273
vt 0.077370 0.675511
vt 0.054691 0.674781
vt 0.072140 0.648295
vt 0.097791 0.648778
vt 0.104258 0.676068
vt 0.113104 0.617464
vt 0.094599 0.584728
vt 0.137157 0.615368
vt 0.129077 0.648792
vt 0.086575 0.619496
vt 0.073567 0.588611
vt 0.046251 0.558633
vt 0.055046 0.591268
vt 0.031832 0.559970
vt 0.038394 0.523158
vt 0.052367 0.522186
vt 0.061995 0.556342
vt 0.064631 0.447584
vt 0.059082 0.484734
vt 0.052397 0.447864
vt 0.071954 0.483361
vt 0.068030 0.519961
vt 0.044572 0.485741
vt 0.038667 0.447756
vt 0.058534 0.374152
vt 0.048046 0.410496
vt 0.046702 0.372367
vt 0.059859 0.411480
vt 0.034825 0.409153
vt 0.033482 0.370292
vt 0.061546 0.334908
vt 0.054917 0.295695
vt 0.068817 0.296329
vt 0.049018 0.333380
vt 0.035025 0.331665
vt 0.039392 0.295000
vt 0.080052 0.260857
vt 0.076447 0.228235
vt 0.095203 0.227208
vt 0.064135 0.261167
vt 0.046366 0.261542
vt 0.055548 0.229416
vt 0.112916 0.193688
vt 0.101217 0.161983
vt 0.126203 0.160563
vt 0.090616 0.195067
vt 0.065847 0.196616
vt 0.073538 0.163549
vt 0.124982 0.093084
vt 0.103616 0.129162
vt 0.100764 0.094062
vt 0.128998 0.127905
vt 0.075536 0.130534
vt 0.073996 0.095125
vt 0.166944 0.834303
vt 0.186755 0.814716
vt 0.187176 0.836714
vt 0.166845 0.813670
vt 0.199490 0.815385
vt 0.200120 0.838259
vt 0.070714 0.957509
vt 0.071720 0.939612
vt 0.079416 0.942220
vt 0.063687 0.954153
vt 0.061855 0.936250
vt 0.068906 0.923123
vt 0.081612 0.925484
vt 0.092452 0.926952
vt 0.662442 0.683727
vt 0.752328 0.682088
vt 0.707544 0.694769
vt 0.753971 0.705632
vt 0.708585 0.716129
vt 0.663016 0.704501
vt 0.463699 0.230248
vt 0.483070 0.201538
vt 0.487878 0.205115
vt 0.468992 0.234012
vt 0.449532 0.263982
vt 0.643014 0.741642
vt 0.664601 0.726844
vt 0.666419 0.747641
vt 0.631254 0.737153
vt 0.641128 0.720640
vt 0.629491 0.716392
vt 0.639563 0.698339
vt 0.216176 0.718447
vt 0.210740 0.715750
vt 0.210744 0.702212
vt 0.224163 0.733596
vt 0.214223 0.732987
vt 0.220711 0.748415
vt 0.211837 0.747608
vt 0.211044 0.730720
vt 0.032326 0.940570
vt 0.025391 0.922655
vt 0.038949 0.928105
vt 0.752111 0.915661
vt 0.737314 0.890854
vt 0.760162 0.905436
vt 0.766477 0.894359
vt 0.029993 0.910705
vt 0.043996 0.915664
vt 0.210085 0.633201
vt 0.224519 0.639335
vt 0.239697 0.646722
vt 0.223270 0.656753
vt 0.210641 0.648648
vt 0.250763 0.676433
vt 0.267958 0.666440
vt 0.262948 0.685657
vt 0.236602 0.665901
vt 0.255187 0.657093
vt 0.210816 0.662598
vt 0.221617 0.673219
vt 0.233434 0.684513
vt 0.219806 0.688916
vt 0.210791 0.675767
vt 0.243003 0.715773
vt 0.258584 0.706631
vt 0.254866 0.726607
vt 0.230248 0.702333
vt 0.246728 0.696542
vt 0.668597 0.776717
vt 0.646117 0.784186
vt 0.645315 0.771477
vt 0.669270 0.789273
vt 0.646439 0.795263
vt 0.634508 0.792442
vt 0.634089 0.781107
vt 0.633350 0.767833
vt 0.236615 0.746578
vt 0.249220 0.756069
vt 0.233562 0.760437
vt 0.246727 0.768802
vt 0.230642 0.772256
vt 0.212375 0.762435
vt 0.036349 0.877702
vt 0.055533 0.864845
vt 0.051909 0.882476
vt 0.751920 0.851995
vt 0.781374 0.845858
vt 0.776829 0.862551
vt 0.755727 0.837034
vt 0.784693 0.830342
vt 0.038953 0.860509
vt 0.058179 0.848472
vt 0.155332 0.875848
vt 0.155953 0.889258
vt 0.139297 0.889787
vt 0.163513 0.864062
vt 0.174749 0.876314
vt 0.183855 0.865980
vt 0.187175 0.876611
vt 0.166615 0.888921
vt 0.693173 0.873902
vt 0.653729 0.858702
vt 0.657604 0.849207
vt 0.721015 0.910753
vt 0.686586 0.883843
vt 0.679155 0.895057
vt 0.649357 0.869413
vt 0.200248 0.609589
vt 0.170608 0.596448
vt 0.177358 0.580061
vt 0.200373 0.631936
vt 0.163194 0.609006
vt 0.145325 0.564271
vt 0.157451 0.552544
vt 0.114519 0.444135
vt 0.127146 0.409578
vt 0.132427 0.442627
vt 0.109265 0.410527
vt 0.124731 0.374684
vt 0.138403 0.374351
vt 0.141108 0.408833
vt 0.146391 0.441411
vt 0.877217 0.097327
vt 0.870869 0.089474
vt 0.879006 0.090623
vt 0.868860 0.096030
vt 0.857259 0.087711
vt 0.859544 0.082672
vt 0.872776 0.084779
vt 0.880541 0.086071
vt 0.862624 0.183733
vt 0.873872 0.152111
vt 0.870297 0.185118
vt 0.866183 0.150656
vt 0.878538 0.126239
vt 0.885016 0.127581
vt 0.880391 0.153326
vt 0.876859 0.186196
vt 0.865455 0.258649
vt 0.870080 0.222437
vt 0.873767 0.259967
vt 0.862234 0.221071
vt 0.876797 0.223461
vt 0.880845 0.260894
vt 0.867450 0.315027
vt 0.871737 0.292139
vt 0.878268 0.317166
vt 0.851963 0.310089
vt 0.861757 0.290175
vt 0.847100 0.285485
vt 0.856220 0.256743
vt 0.876867 0.345467
vt 0.882901 0.332161
vt 0.888653 0.346850
vt 0.859729 0.340608
vt 0.871364 0.329803
vt 0.855109 0.324363
vt 0.136839 0.238058
vt 0.160345 0.217408
vt 0.147672 0.243811
vt 0.152303 0.209615
vt 0.171933 0.197282
vt 0.177093 0.204825
vt 0.167104 0.223656
vt 0.156437 0.248429
vt 0.114881 0.302986
vt 0.137387 0.273687
vt 0.130106 0.305898
vt 0.124103 0.269393
vt 0.147912 0.277118
vt 0.142037 0.308208
vt 0.109147 0.338723
vt 0.107217 0.375114
vt 0.125785 0.339799
vt 0.138785 0.340654
vt 0.148391 0.497512
vt 0.142619 0.527901
vt 0.131427 0.503162
vt 0.169520 0.512692
vt 0.157846 0.519527
vt 0.178250 0.530731
vt 0.169289 0.540680
vt 0.122075 0.475253
vt 0.139778 0.472053
vt 0.153535 0.469438
vt 0.228209 0.786086
vt 0.242416 0.787291
vt 0.240554 0.793037
vt 0.213041 0.777753
vt 0.229125 0.780334
vt 0.212672 0.771783
vt 0.244435 0.779635
vt 0.657636 0.329026
vt 0.667445 0.327262
vt 0.650661 0.359974
vt 0.656961 0.361697
vt 0.651872 0.328499
vt 0.413430 0.324366
vt 0.391589 0.347579
vt 0.398481 0.353492
vt 0.384066 0.340151
vt 0.411292 0.282139
vt 0.392933 0.310103
vt 0.378152 0.333044
vt 0.054427 0.949998
vt 0.050731 0.932395
vt 0.043712 0.945528
vt 0.056385 0.919715
vt 0.645005 0.810323
vt 0.668343 0.810220
vt 0.666742 0.818613
vt 0.633965 0.806711
vt 0.645964 0.803606
vt 0.634396 0.800545
vt 0.669312 0.800733
vt 0.761245 0.547182
vt 0.755057 0.510839
vt 0.016865 0.560121
vt 0.025718 0.523537
vt 0.778521 0.659730
vt 0.781262 0.686769
vt 0.775030 0.632186
vt 0.032339 0.673357
vt 0.050492 0.647420
vt 0.034909 0.700515
vt 0.755364 0.727597
vt 0.783057 0.710566
vt 0.784211 0.732858
vt 0.036719 0.724405
vt 0.037991 0.746783
vt 0.756769 0.749984
vt 0.038973 0.769422
vt 0.039744 0.789698
vt 0.785060 0.755413
vt 0.758001 0.769996
vt 0.078125 0.823225
vt 0.103281 0.810202
vt 0.102641 0.826497
vt 0.078578 0.808572
vt 0.064212 0.620662
vt 0.031774 0.485676
vt 0.026669 0.446902
vt 0.023346 0.407547
vt 0.022042 0.368350
vt 0.025975 0.294410
vt 0.022930 0.330167
vt 0.037605 0.230448
vt 0.031028 0.261884
vt 0.050214 0.164858
vt 0.044784 0.197935
vt 0.051733 0.096021
vt 0.052041 0.131681
vt 0.842365 0.252214
vt 0.824129 0.276499
vt 0.820369 0.243503
vt 0.828109 0.300811
vt 0.797292 0.288191
vt 0.794427 0.264783
vt 0.791910 0.232805
vt 0.840927 0.177807
vt 0.818899 0.206371
vt 0.819718 0.170096
vt 0.840191 0.214810
vt 0.791238 0.196546
vt 0.792036 0.161473
vt 0.848339 0.120223
vt 0.822223 0.139184
vt 0.825549 0.115679
vt 0.844130 0.145371
vt 0.793564 0.132479
vt 0.795557 0.110870
vt 0.852127 0.103867
vt 0.831756 0.090865
vt 0.855088 0.094039
vt 0.828918 0.100271
vt 0.797914 0.096362
vt 0.800114 0.087112
vt 0.830264 0.314088
vt 0.830124 0.322045
vt 0.798153 0.307674
vt 0.798779 0.300814
vt 0.070251 0.025778
vt 0.051197 0.057446
vt 0.050828 0.026177
vt 0.071895 0.056832
vt 0.034648 0.057935
vt 0.035316 0.026477
vt 0.115114 0.024734
vt 0.096895 0.056102
vt 0.093786 0.025275
vt 0.119536 0.055415
vt 0.651499 0.025034
vt 0.648962 0.055639
vt 0.646022 0.025680
vt 0.659714 0.023687
vt 0.655540 0.055554
vt 0.664829 0.054692
vt 0.022230 0.026663
vt 0.020728 0.058234
vt 0.676112 0.052330
vt 0.670235 0.021346
vt 0.530847 0.108201
vt 0.547291 0.083479
vt 0.535553 0.111480
vt 0.525734 0.104657
vt 0.542094 0.079959
vt 0.501305 0.174204
vt 0.520216 0.145664
vt 0.524465 0.148716
vt 0.505758 0.177528
vt 0.519461 0.100412
vt 0.535695 0.075742
vt 0.513387 0.096120
vt 0.529380 0.071462
vt 0.734962 0.279692
vt 0.764200 0.285929
vt 0.763391 0.292381
vt 0.735982 0.273617
vt 0.763428 0.274262
vt 0.735424 0.215907
vt 0.722769 0.238895
vt 0.723240 0.212553
vt 0.735559 0.243420
vt 0.722392 0.257371
vt 0.717486 0.255368
vt 0.718327 0.237316
vt 0.719148 0.211414
vt 0.736139 0.150892
vt 0.723828 0.180747
vt 0.724028 0.149080
vt 0.735801 0.183190
vt 0.719870 0.179923
vt 0.720050 0.148464
vt 0.764321 0.083744
vt 0.734984 0.090580
vt 0.734982 0.081397
vt 0.763279 0.092951
vt 0.762390 0.106946
vt 0.735286 0.104342
vt 0.723362 0.122883
vt 0.722282 0.103180
vt 0.735853 0.124272
vt 0.719289 0.122415
vt 0.718073 0.102800
vt 0.191912 0.528811
vt 0.198915 0.528103
vt 0.198795 0.538114
vt 0.185371 0.517968
vt 0.193907 0.520397
vt 0.188927 0.511046
vt 0.196329 0.512154
vt 0.198417 0.519903
vt 0.166023 0.466064
vt 0.178723 0.482919
vt 0.172886 0.487009
vt 0.166849 0.438981
vt 0.172738 0.463689
vt 0.180807 0.460833
vt 0.185736 0.477996
vt 0.179224 0.504179
vt 0.184023 0.498615
vt 0.189795 0.491983
vt 0.193241 0.503290
vt 0.895371 0.101353
vt 0.902071 0.097103
vt 0.900488 0.103628
vt 0.890709 0.099830
vt 0.896855 0.094609
vt 0.892182 0.092986
vt 0.897928 0.090399
vt 0.903284 0.092993
vt 0.159525 0.439969
vt 0.161976 0.407717
vt 0.154434 0.408129
vt 0.158901 0.373972
vt 0.167826 0.373827
vt 0.171042 0.407221
vt 0.175644 0.437794
vt 0.151482 0.374093
vt 0.158370 0.342003
vt 0.151267 0.341510
vt 0.160723 0.311877
vt 0.168999 0.313505
vt 0.166919 0.342599
vt 0.153844 0.310528
vt 0.166049 0.283067
vt 0.159134 0.280807
vt 0.173692 0.256995
vt 0.181920 0.260995
vt 0.174355 0.285791
vt 0.166831 0.253666
vt 0.182582 0.235433
vt 0.176178 0.230840
vt 0.190805 0.219207
vt 0.197837 0.225948
vt 0.190256 0.240941
vt 0.920528 0.345287
vt 0.922313 0.331538
vt 0.928457 0.343447
vt 0.914176 0.332910
vt 0.916256 0.316931
vt 0.926097 0.315599
vt 0.932086 0.329882
vt 0.937958 0.341234
vt 0.908068 0.318040
vt 0.908066 0.293137
vt 0.899787 0.293753
vt 0.900308 0.261137
vt 0.910356 0.261017
vt 0.918005 0.292404
vt 0.891933 0.261239
vt 0.896111 0.224257
vt 0.887724 0.224095
vt 0.895689 0.187675
vt 0.905495 0.188280
vt 0.906171 0.224452
vt 0.887513 0.187171
vt 0.898273 0.156331
vt 0.890577 0.155067
vt 0.902076 0.132412
vt 0.910798 0.135024
vt 0.907500 0.157847
vt 0.885259 0.154186
vt 0.881883 0.186784
vt 0.889749 0.128757
vt 0.894798 0.130234
vt 0.881950 0.223931
vt 0.886144 0.261249
vt 0.896573 0.318835
vt 0.894028 0.294108
vt 0.902334 0.318722
vt 0.888509 0.294004
vt 0.908885 0.347063
vt 0.908445 0.333752
vt 0.914907 0.346466
vt 0.902474 0.333937
vt 0.171684 0.227530
vt 0.161939 0.251267
vt 0.180881 0.209531
vt 0.184940 0.213582
vt 0.154122 0.279165
vt 0.148790 0.309535
vt 0.146020 0.341145
vt 0.145997 0.374186
vt 0.148853 0.408426
vt 0.154082 0.440659
vt 0.907882 0.107046
vt 0.918601 0.105312
vt 0.916726 0.111138
vt 0.909602 0.100844
vt 0.910906 0.096803
vt 0.919958 0.101325
vt 0.182703 0.523833
vt 0.161505 0.492905
vt 0.175540 0.508227
vt 0.168439 0.489880
vt 0.160978 0.467721
vt 0.188469 0.548957
vt 0.199035 0.551110
vt 0.199612 0.567599
vt 0.190591 0.537824
vt 0.981267 0.411942
vt 0.966556 0.441070
vt 0.962121 0.411226
vt 0.987428 0.412172
vt 0.986056 0.441462
vt 0.992332 0.441588
vt 0.989961 0.470715
vt 0.970180 0.470646
vt 0.838243 0.406811
vt 0.813936 0.438420
vt 0.813183 0.406082
vt 0.875734 0.408067
vt 0.839840 0.438773
vt 0.878395 0.439400
vt 0.841215 0.470414
vt 0.814622 0.470428
vt 0.750888 0.406010
vt 0.760952 0.438495
vt 0.750896 0.438550
vt 0.769232 0.405919
vt 0.760785 0.405961
vt 0.769441 0.438448
vt 0.761135 0.470679
vt 0.750956 0.470737
vt 0.775421 0.438415
vt 0.775344 0.405890
vt 0.780423 0.438387
vt 0.780438 0.470566
vt 0.775540 0.470595
vt 0.769660 0.470629
vt 0.799618 0.405819
vt 0.792443 0.438319
vt 0.792332 0.405807
vt 0.799930 0.438304
vt 0.800249 0.470455
vt 0.792598 0.470493
vt 0.875159 0.080536
vt 0.882272 0.082476
vt 0.862648 0.077170
vt 0.865596 0.072152
vt 0.877407 0.076840
vt 0.883899 0.079478
vt 0.904444 0.090402
vt 0.893200 0.088655
vt 0.898851 0.087831
vt 0.894792 0.083861
vt 0.899740 0.085930
vt 0.905550 0.088434
vt 0.921139 0.098225
vt 0.912137 0.094007
vt 0.913289 0.091772
vt 0.922216 0.095615
vt 0.840324 0.071226
vt 0.836524 0.079074
vt 0.808024 0.062485
vt 0.811598 0.051252
vt 0.843947 0.063754
vt 0.720409 0.061018
vt 0.736137 0.042711
vt 0.735406 0.063326
vt 0.715579 0.060274
vt 0.720325 0.038347
vt 0.715234 0.036942
vt 0.720383 0.016081
vt 0.736954 0.022464
vt 0.879129 0.073468
vt 0.885423 0.076331
vt 0.867531 0.068232
vt 0.811857 0.346134
vt 0.799164 0.355404
vt 0.799128 0.345669
vt 0.792205 0.355349
vt 0.792211 0.345622
vt 0.901011 0.083055
vt 0.906897 0.085517
vt 0.896025 0.080951
vt 0.775273 0.345685
vt 0.780631 0.355389
vt 0.775271 0.355409
vt 0.768913 0.345701
vt 0.768945 0.355434
vt 0.914653 0.088738
vt 0.923555 0.092420
vt 0.760541 0.345720
vt 0.760565 0.355468
vt 0.750935 0.345742
vt 0.750921 0.355508
vt 0.846071 0.058746
vt 0.870692 0.349594
vt 0.835724 0.357174
vt 0.835302 0.347401
vt 0.812008 0.355886
vt 0.737538 0.011863
vt 0.715048 0.014026
vt 0.720594 0.004608
vt 0.977661 0.356601
vt 0.973731 0.366116
vt 0.971741 0.356217
vt 0.955134 0.364895
vt 0.953350 0.355016
vt 0.914052 0.120188
vt 0.905394 0.116706
vt 0.898162 0.113800
vt 0.893145 0.111854
vt 0.888475 0.110461
vt 0.766679 0.068133
vt 0.735085 0.074579
vt 0.801913 0.081125
vt 0.765270 0.077393
vt 0.833934 0.084830
vt 0.804302 0.073999
vt 0.870842 0.124755
vt 0.866006 0.106217
vt 0.874595 0.107732
vt 0.862126 0.123062
vt 0.792250 0.376467
vt 0.799350 0.376502
vt 0.812501 0.376898
vt 0.775295 0.376540
vt 0.769060 0.376567
vt 0.780560 0.376517
vt 0.780482 0.405864
vt 0.760652 0.376604
vt 0.750901 0.376647
vt 0.871535 0.359397
vt 0.836781 0.377962
vt 0.873297 0.379791
vt 0.958068 0.384330
vt 0.979717 0.366508
vt 0.976895 0.385344
vt 0.982954 0.385669
vt 0.486541 0.119625
vt 0.467425 0.145019
vt 0.484682 0.117726
vt 0.469083 0.147108
vt 0.450532 0.170789
vt 0.449590 0.169270
vt 0.466357 0.143676
vt 0.483468 0.116497
vt 0.452000 0.173155
vt 0.431979 0.197840
vt 0.433232 0.200529
vt 0.411989 0.225914
vt 0.411350 0.223957
vt 0.431176 0.196114
vt 0.336920 0.219634
vt 0.354531 0.247941
vt 0.353713 0.251310
vt 0.319304 0.184069
vt 0.337999 0.216757
vt 0.320620 0.181656
vt 0.338691 0.214912
vt 0.355055 0.245785
vt 0.270708 0.005145
vt 0.277707 0.050891
vt 0.275720 0.051735
vt 0.623081 0.898818
vt 0.639767 0.951709
vt 0.637877 0.952763
vt 0.625042 0.897936
vt 0.640904 0.950667
vt 0.272745 0.004463
vt 0.278975 0.050224
vt 0.412987 0.228965
vt 0.391872 0.252497
vt 0.392555 0.255944
vt 0.375782 0.268948
vt 0.375628 0.266510
vt 0.391433 0.250294
vt 0.520790 0.064888
vt 0.503344 0.087679
vt 0.518492 0.063042
vt 0.505436 0.089516
vt 0.501945 0.086471
vt 0.516936 0.061800
vt 0.304525 0.151503
vt 0.292630 0.120953
vt 0.306047 0.149499
vt 0.294338 0.119342
vt 0.307025 0.148213
vt 0.321465 0.180109
vt 0.283041 0.089167
vt 0.284916 0.087971
vt 0.286117 0.087191
vt 0.295436 0.118310
vt 0.618287 0.144019
vt 0.629562 0.111796
vt 0.620396 0.144659
vt 0.627456 0.111154
vt 0.635368 0.090987
vt 0.636719 0.091401
vt 0.630915 0.112207
vt 0.621750 0.145069
vt 0.563786 0.362894
vt 0.578260 0.306516
vt 0.565908 0.363498
vt 0.576144 0.305900
vt 0.592829 0.246836
vt 0.594185 0.247238
vt 0.579618 0.306912
vt 0.567270 0.363886
vt 0.572766 0.660008
vt 0.566075 0.603736
vt 0.574954 0.660255
vt 0.563888 0.603449
vt 0.558996 0.550348
vt 0.560397 0.550565
vt 0.567478 0.603920
vt 0.576359 0.660413
vt 0.594659 0.776312
vt 0.585091 0.717386
vt 0.596808 0.776291
vt 0.582907 0.717198
vt 0.586491 0.717491
vt 0.598163 0.776150
vt 0.590715 0.246209
vt 0.607588 0.191008
vt 0.605477 0.190373
vt 0.608943 0.191416
vt 0.556811 0.550009
vt 0.554523 0.502399
vt 0.552344 0.501987
vt 0.553709 0.457787
vt 0.555097 0.458107
vt 0.555921 0.502663
vt 0.633278 0.090333
vt 0.638665 0.079191
vt 0.636635 0.078465
vt 0.640590 0.072206
vt 0.641058 0.074361
vt 0.639905 0.079819
vt 0.551546 0.457287
vt 0.557518 0.412984
vt 0.555379 0.412414
vt 0.558891 0.413350
vt 0.608328 0.838296
vt 0.610391 0.837837
vt 0.611642 0.837176
vt 0.626196 0.896861
vt 0.605038 0.838452
vt 0.619896 0.899371
vt 0.591305 0.776209
vt 0.552060 0.411625
vt 0.548193 0.456573
vt 0.633588 0.077025
vt 0.630107 0.089037
vt 0.635824 0.069660
vt 0.638719 0.071233
vt 0.548969 0.501363
vt 0.553426 0.549474
vt 0.602177 0.189390
vt 0.587412 0.245255
vt 0.615002 0.142988
vt 0.579526 0.716945
vt 0.569378 0.659659
vt 0.560500 0.603007
vt 0.560485 0.362053
vt 0.572842 0.305001
vt 0.624209 0.110008
vt 0.290028 0.123640
vt 0.280169 0.091113
vt 0.272657 0.052899
vt 0.317297 0.188115
vt 0.302214 0.154889
vt 0.508759 0.092414
vt 0.524408 0.067765
vt 0.489537 0.122640
vt 0.393667 0.261484
vt 0.414682 0.233744
vt 0.375987 0.279664
vt 0.376007 0.272854
vt 0.263929 0.006031
vt 0.634861 0.953831
vt 0.267575 0.005620
vt 0.352324 0.256640
vt 0.335220 0.224310
vt 0.435308 0.204758
vt 0.454405 0.176891
vt 0.471782 0.150420
vt 0.786220 0.376493
vt 0.786272 0.355369
vt 0.786170 0.405837
vt 0.882122 0.109111
vt 0.884507 0.098536
vt 0.890829 0.078725
vt 0.889496 0.081730
vt 0.786305 0.345646
vt 0.780668 0.345668
vt 0.888424 0.084173
vt 0.894012 0.085914
vt 0.887292 0.087272
vt 0.786141 0.438355
vt 0.786182 0.470532
vt 0.096530 0.445621
vt 0.089883 0.480919
vt 0.082056 0.446748
vt 0.104275 0.478431
vt 0.114334 0.508784
vt 0.127203 0.536231
vt 0.078820 0.336683
vt 0.089619 0.375511
vt 0.075467 0.375632
vt 0.086855 0.297918
vt 0.092406 0.337634
vt 0.099537 0.300106
vt 0.099252 0.262066
vt 0.116114 0.228274
vt 0.110689 0.265160
vt 0.125930 0.232376
vt 0.136518 0.195130
vt 0.160680 0.177333
vt 0.144366 0.201645
vt 0.166109 0.187874
vt 0.899729 0.347225
vt 0.893586 0.333414
vt 0.888229 0.318317
vt 0.880828 0.293319
vt 0.853474 0.219212
vt 0.854042 0.181916
vt 0.857539 0.148879
vt 0.886094 0.091719
vt 0.091308 0.411444
vt 0.076897 0.412025
vt 0.183773 0.563493
vt 0.200048 0.587605
vt 0.061674 0.904228
vt 0.077554 0.907236
vt 0.048109 0.900105
vt 0.066980 0.886757
vt 0.086710 0.889743
vt 0.642747 0.823067
vt 0.664960 0.826891
vt 0.662978 0.834666
vt 0.632842 0.818247
vt 0.643940 0.816764
vt 0.633462 0.812535
vt 0.226440 0.796380
vt 0.238707 0.798445
vt 0.236778 0.803720
vt 0.213804 0.787766
vt 0.227349 0.791393
vt 0.213424 0.783067
vt 0.115151 0.908238
vt 0.099326 0.927804
vt 0.126785 0.908075
vt 0.134234 0.907971
vt 0.103735 0.928348
vt 0.742902 0.880922
vt 0.771891 0.879519
vt 0.747661 0.867398
vt 0.033456 0.895217
vt 0.075743 0.852627
vt 0.101781 0.841780
vt 0.099387 0.856997
vt 0.077516 0.837525
vt 0.059228 0.833964
vt 0.227171 0.718476
vt 0.239687 0.732096
vt 0.251848 0.742606
vt 0.644363 0.758023
vt 0.667711 0.763641
vt 0.632492 0.753799
vt 0.210766 0.688942
vt 0.217994 0.703880
vt 0.166542 0.850824
vt 0.187004 0.853528
vt 0.200095 0.855258
vt 0.196872 0.867206
vt 0.040706 0.844662
vt 0.758411 0.822927
vt 0.786088 0.816360
vt 0.759420 0.809615
vt 0.041150 0.830563
vt 0.024516 0.980768
vt 0.044931 0.967235
vt 0.034108 0.986728
vt 0.014349 0.973797
vt 0.034703 0.962037
vt 0.702333 0.857473
vt 0.660624 0.841637
vt 0.698307 0.865826
vt 0.730176 0.899838
vt 0.001946 0.963964
vt 0.023854 0.956139
vt 0.710689 0.923061
vt 0.741815 0.928161
vt 0.730261 0.942320
vt 0.019130 0.934089
vt 0.041998 0.992160
vt 0.060045 0.975963
vt 0.047686 0.996494
vt 0.053601 0.972066
vt 0.214200 0.791540
vt 0.225411 0.800969
vt 0.234637 0.808938
vt 0.539462 0.055772
vt 0.531869 0.055967
vt 0.534266 0.052123
vt 0.537011 0.059650
vt 0.528087 0.053141
vt 0.530419 0.049381
vt 0.525686 0.051319
vt 0.527985 0.047700
vt 0.524062 0.050164
vt 0.526356 0.047433
vt 0.916545 0.362346
vt 0.918982 0.382220
vt 0.922350 0.409748
vt 0.715975 0.072813
vt 0.720631 0.073245
vt 0.720941 0.080303
vt 0.716419 0.079948
vt 0.771347 0.035714
vt 0.813588 0.044573
vt 0.772676 0.026924
vt 0.915190 0.352505
vt 0.769030 0.051774
vt 0.926031 0.440274
vt 0.929060 0.470522
vt 0.880619 0.470432
vt 0.761837 0.127394
vt 0.761312 0.154918
vt 0.717071 0.089147
vt 0.721438 0.089498
vt 0.760701 0.188500
vt 0.760713 0.223006
vt 0.761896 0.252784
vt 0.735919 0.262932
vt 0.715292 0.270995
vt 0.721929 0.267501
vt 0.720741 0.273370
vt 0.716615 0.265225
vt 0.552317 0.064656
vt 0.543419 0.064005
vt 0.545877 0.060246
vt 0.549860 0.068290
vt 0.557595 0.068134
vt 0.555105 0.071788
vt 0.035623 0.011486
vt 0.023152 0.006775
vt 0.035700 0.006656
vt 0.022938 0.011619
vt 0.657376 0.008912
vt 0.667527 0.006572
vt 0.656617 0.004168
vt 0.666645 0.001815
vt 0.644055 0.006877
vt 0.649621 0.010505
vt 0.644571 0.011435
vt 0.648994 0.005852
vt 0.112061 0.004667
vt 0.092245 0.010473
vt 0.091663 0.005558
vt 0.112908 0.009831
vt 0.069437 0.010947
vt 0.069126 0.006126
vt 0.050634 0.011271
vt 0.050541 0.006462
vt 0.540643 0.114916
vt 0.544865 0.117733
vt 0.132717 0.007632
vt 0.124632 0.003387
vt 0.131562 0.001802
vt 0.128325 0.024110
vt 0.125678 0.008958
vt 0.057105 0.993409
vt 0.064069 0.978228
vt 0.066990 0.978984
vt 0.051615 0.998237
vt 0.075047 0.959599
vt 0.077824 0.960935
vt 0.132016 0.860965
vt 0.135541 0.830547
vt 0.134822 0.846576
vt 0.097038 0.908298
vt 0.113505 0.890389
vt 0.135582 0.022929
vt 0.133574 0.054784
vt 0.141235 0.053552
vt 0.140034 0.092290
vt 0.072000 0.869199
vt 0.094296 0.872885
vt 0.084205 0.943832
vt 0.087281 0.944861
vt 0.135902 0.812035
vt 0.136568 0.790997
vt 0.154116 0.125494
vt 0.148207 0.090917
vt 0.155131 0.160412
vt 0.144959 0.126992
vt 0.142355 0.159787
vt 0.127203 0.193130
vt 0.107304 0.226838
vt 0.090497 0.260864
vt 0.078097 0.296854
vt 0.070036 0.335903
vt 0.067959 0.412023
vt 0.066630 0.375232
vt 0.072987 0.447300
vt 0.080690 0.482315
vt 0.081848 0.517487
vt 0.152742 0.613604
vt 0.157794 0.648576
vt 0.137755 0.767929
vt 0.138976 0.744670
vt 0.139623 0.722679
vt 0.139307 0.700557
vt 0.137021 0.676353
vt 0.079519 0.552716
vt 0.638948 0.007765
vt 0.641995 0.011879
vt 0.639380 0.012257
vt 0.641533 0.007368
vt 0.643236 0.025979
vt 0.640557 0.026280
vt 0.631994 0.823953
vt 0.641294 0.829313
vt 0.639406 0.836588
vt 0.630837 0.830632
vt 0.712864 0.774125
vt 0.711751 0.758783
vt 0.713573 0.786657
vt 0.705761 0.846810
vt 0.708835 0.834931
vt 0.645619 0.055646
vt 0.642788 0.055789
vt 0.648350 0.092205
vt 0.645267 0.092164
vt 0.686430 0.323478
vt 0.683049 0.290628
vt 0.125296 0.874939
vt 0.629342 0.839101
vt 0.636979 0.845805
vt 0.634242 0.856203
vt 0.627655 0.848655
vt 0.713949 0.799133
vt 0.713442 0.811504
vt 0.710154 0.738455
vt 0.640220 0.656547
vt 0.627544 0.674095
vt 0.628542 0.652556
vt 0.639221 0.677863
vt 0.627970 0.694469
vt 0.645140 0.602913
vt 0.630981 0.626823
vt 0.634133 0.598028
vt 0.642385 0.631273
vt 0.650290 0.543071
vt 0.637212 0.568142
vt 0.639981 0.538330
vt 0.647878 0.573172
vt 0.653608 0.484152
vt 0.642375 0.509283
vt 0.644452 0.480588
vt 0.652195 0.513336
vt 0.655422 0.425663
vt 0.646283 0.451606
vt 0.647896 0.421888
vt 0.654620 0.455322
vt 0.649329 0.391205
vt 0.656192 0.394198
vt 0.679559 0.258963
vt 0.676166 0.227060
vt 0.673017 0.193816
vt 0.647369 0.125842
vt 0.650766 0.126022
vt 0.360977 0.284875
vt 0.364896 0.277349
vt 0.365864 0.270904
vt 0.366338 0.266986
vt 0.366666 0.264584
vt 0.338127 0.299237
vt 0.350915 0.292342
vt 0.257566 0.287358
vt 0.242504 0.292488
vt 0.229398 0.295943
vt 0.275612 0.281361
vt 0.216455 0.296969
vt 0.203430 0.296583
vt 0.325031 0.306192
vt 0.711581 0.823268
vt 0.469587 0.656221
vt 0.478529 0.703337
vt 0.472025 0.703809
vt 0.482511 0.747921
vt 0.476036 0.748705
vt 0.440260 0.378299
vt 0.445232 0.443612
vt 0.438713 0.443551
vt 0.445085 0.509766
vt 0.438566 0.509824
vt 0.445923 0.569637
vt 0.439405 0.569799
vt 0.447464 0.622361
vt 0.440950 0.622618
vt 0.448797 0.271785
vt 0.450088 0.321607
vt 0.443586 0.321112
vt 0.446776 0.378531
vt 0.681094 0.051015
vt 0.688412 0.063260
vt 0.681893 0.063868
vt 0.690067 0.071676
vt 0.683412 0.073527
vt 0.691580 0.034947
vt 0.697720 0.028990
vt 0.698089 0.034595
vt 0.691210 0.029319
vt 0.697494 0.023094
vt 0.445105 0.702750
vt 0.453516 0.722527
vt 0.447044 0.723335
vt 0.448349 0.732721
vt 0.454804 0.731812
vt 0.681811 0.012230
vt 0.687361 0.018935
vt 0.680878 0.018145
vt 0.680289 0.026558
vt 0.686821 0.026851
vt 0.449464 0.667787
vt 0.442955 0.668152
vt 0.451602 0.702203
vt 0.467620 0.415056
vt 0.472908 0.477352
vt 0.466388 0.477285
vt 0.472633 0.539201
vt 0.466113 0.539272
vt 0.467425 0.600357
vt 0.473942 0.600154
vt 0.476101 0.655925
vt 0.469186 0.352493
vt 0.478292 0.290615
vt 0.475703 0.352709
vt 0.474138 0.415200
vt 0.961477 0.244570
vt 0.970795 0.299984
vt 0.964288 0.300375
vt 0.476035 0.229697
vt 0.471782 0.290258
vt 0.959250 0.195475
vt 0.964658 0.147576
vt 0.965766 0.195258
vt 0.967988 0.244261
vt 0.434273 0.338724
vt 0.428126 0.360714
vt 0.427758 0.338844
vt 0.434905 0.381555
vt 0.434641 0.360621
vt 0.435158 0.411295
vt 0.428389 0.381626
vt 0.435319 0.447087
vt 0.428642 0.411344
vt 0.958812 0.096024
vt 0.967562 0.045684
vt 0.965328 0.096223
vt 0.958138 0.147601
vt 0.683221 0.004532
vt 0.689039 0.009012
vt 0.682608 0.007971
vt 0.688244 0.013261
vt 0.434968 0.521509
vt 0.428758 0.484067
vt 0.435274 0.484077
vt 0.428803 0.447111
vt 0.433479 0.633499
vt 0.427193 0.614955
vt 0.433709 0.614996
vt 0.427425 0.591041
vt 0.433941 0.591103
vt 0.448740 0.735369
vt 0.455208 0.734549
vt 0.683637 0.001665
vt 0.689672 0.005451
vt 0.427914 0.558614
vt 0.434430 0.558690
vt 0.428452 0.521459
vt 0.692062 0.045809
vt 0.698387 0.040669
vt 0.698576 0.045587
vt 0.691873 0.040924
vt 0.680466 0.037930
vt 0.686982 0.037766
vt 0.687599 0.050657
vt 0.181057 0.090211
vt 0.188065 0.102278
vt 0.181562 0.102796
vt 0.188868 0.108688
vt 0.182442 0.109825
vt 0.599116 0.361593
vt 0.606410 0.341351
vt 0.605628 0.361848
vt 0.598353 0.382518
vt 0.604866 0.382759
vt 0.597575 0.405729
vt 0.604088 0.405957
vt 0.596759 0.430861
vt 0.603272 0.431086
vt 0.595142 0.479253
vt 0.601097 0.496354
vt 0.594583 0.496156
vt 0.600780 0.508602
vt 0.594264 0.508464
vt 0.181531 0.028873
vt 0.188387 0.014319
vt 0.188049 0.029003
vt 0.181292 0.047395
vt 0.187811 0.047493
vt 0.165888 0.030252
vt 0.170303 0.038370
vt 0.163899 0.037137
vt 0.168422 0.047119
vt 0.161918 0.046523
vt 0.692585 0.056022
vt 0.698833 0.050801
vt 0.699100 0.055745
vt 0.693139 0.063805
vt 0.699641 0.063322
vt 0.434449 0.782815
vt 0.427529 0.767879
vt 0.434387 0.767636
vt 0.428219 0.750344
vt 0.434735 0.750396
vt 0.432711 0.666375
vt 0.426512 0.650454
vt 0.433028 0.650532
vt 0.426963 0.633437
vt 0.432888 0.680677
vt 0.426839 0.694359
vt 0.426373 0.680804
vt 0.426194 0.666373
vt 0.433820 0.707667
vt 0.427741 0.721391
vt 0.427305 0.707834
vt 0.433353 0.694170
vt 0.796971 0.002873
vt 0.784745 0.009409
vt 0.784734 0.002892
vt 0.772217 0.009424
vt 0.772207 0.002906
vt 0.173040 0.082782
vt 0.170088 0.067342
vt 0.178286 0.078865
vt 0.908556 0.001848
vt 0.935335 0.008036
vt 0.908516 0.008370
vt 0.827065 0.002695
vt 0.807032 0.009347
vt 0.806989 0.002830
vt 0.796997 0.009391
vt 0.480065 0.008639
vt 0.470593 0.005818
vt 0.478589 0.002161
vt 0.492741 0.001500
vt 0.492583 0.008029
vt 0.605542 0.251964
vt 0.610108 0.274562
vt 0.603604 0.274128
vt 0.608460 0.296860
vt 0.601949 0.296537
vt 0.607280 0.319476
vt 0.600770 0.319189
vt 0.599898 0.341087
vt 0.618252 0.677607
vt 0.612375 0.656720
vt 0.623677 0.673989
vt 0.168697 0.018969
vt 0.178589 0.003254
vt 0.175074 0.020314
vt 0.754725 0.002938
vt 0.758602 0.009457
vt 0.754673 0.009455
vt 0.750699 0.009354
vt 0.750847 0.002838
vt 0.593658 0.545754
vt 0.599536 0.583277
vt 0.593014 0.583231
vt 0.600539 0.619536
vt 0.593996 0.620005
vt 0.746034 0.002580
vt 0.740260 0.008735
vt 0.740598 0.002225
vt 0.745814 0.009094
vt 0.694130 0.074047
vt 0.700612 0.073352
vt 0.181872 0.014086
vt 0.188962 0.002001
vt 0.167715 0.057176
vt 0.161176 0.057801
vt 0.163946 0.069817
vt 0.461804 0.003677
vt 0.467108 0.010405
vt 0.461780 0.010199
vt 0.451948 0.004015
vt 0.452156 0.010531
vt 0.433959 0.004765
vt 0.434100 0.011284
vt 0.408137 0.005172
vt 0.408099 0.011691
vt 0.376540 0.011092
vt 0.376741 0.004577
vt 0.345099 0.009774
vt 0.345397 0.003262
vt 0.319250 0.008389
vt 0.319448 0.001871
vt 0.300201 0.008027
vt 0.299852 0.001503
vt 0.615558 0.181600
vt 0.619310 0.195246
vt 0.612806 0.194243
vt 0.616510 0.211064
vt 0.609939 0.210406
vt 0.984507 0.033861
vt 0.990960 0.043320
vt 0.984441 0.043283
vt 0.990845 0.058482
vt 0.984326 0.058442
vt 0.973130 0.286703
vt 0.979172 0.274783
vt 0.979647 0.286463
vt 0.972653 0.274917
vt 0.978837 0.260334
vt 0.973612 0.296059
vt 0.980122 0.295708
vt 0.974103 0.304054
vt 0.980608 0.303625
vt 0.972317 0.260390
vt 0.978700 0.242531
vt 0.972182 0.242566
vt 0.978519 0.218912
vt 0.974286 0.040049
vt 0.979557 0.066185
vt 0.973046 0.065887
vt 0.978280 0.094261
vt 0.971764 0.094052
vt 0.971582 0.188051
vt 0.977705 0.154430
vt 0.978100 0.187970
vt 0.972000 0.218975
vt 0.971160 0.123208
vt 0.977679 0.123271
vt 0.971186 0.154471
vt 0.974780 0.018394
vt 0.981138 0.001524
vt 0.981299 0.018453
vt 0.980801 0.040281
vt 0.983852 0.111884
vt 0.989974 0.148059
vt 0.983455 0.147984
vt 0.989504 0.184785
vt 0.982985 0.184704
vt 0.989080 0.216960
vt 0.982560 0.216932
vt 0.989103 0.241236
vt 0.982584 0.241431
vt 0.989866 0.256337
vt 0.983365 0.256841
vt 0.984602 0.269510
vt 0.991100 0.268969
vt 0.990658 0.081498
vt 0.984139 0.081450
vt 0.990371 0.111945
vt 0.974680 0.312231
vt 0.981186 0.311825
vt 0.617586 0.171834
vt 0.621940 0.182920
vt 0.151472 0.058155
vt 0.157240 0.087101
vt 0.150710 0.087943
vt 0.163784 0.113125
vt 0.157926 0.116442
vt 0.984411 0.020241
vt 0.990813 0.017812
vt 0.990926 0.019974
vt 0.984517 0.023549
vt 0.991036 0.023434
vt 0.516405 0.003435
vt 0.515822 0.009926
vt 0.538691 0.005537
vt 0.538620 0.012073
vt 0.005981 0.116646
vt 0.013895 0.124009
vt 0.007672 0.126267
vt 0.984265 0.017429
vt 0.991063 0.016266
vt 0.547759 0.005322
vt 0.550360 0.011726
vt 0.155364 0.012047
vt 0.163767 0.005175
vt 0.161830 0.012981
vt 0.004229 0.095571
vt 0.008861 0.065962
vt 0.010730 0.095093
vt 0.012453 0.115813
vt 0.287420 0.009316
vt 0.286263 0.002885
vt 0.277294 0.004971
vt 0.278498 0.011384
vt 0.991061 0.027749
vt 0.984542 0.027751
vt 0.991027 0.033894
vt 0.153586 0.031383
vt 0.160081 0.031913
vt 0.157985 0.058453
vt 0.001506 0.033707
vt 0.013884 0.004796
vt 0.008041 0.034266
vt 0.002348 0.066255
vt 0.934210 0.233906
vt 0.922215 0.197271
vt 0.928711 0.196619
vt 0.921229 0.164217
vt 0.927753 0.164209
vt 0.922790 0.131788
vt 0.929297 0.132210
vt 0.926259 0.096729
vt 0.932740 0.097424
vt 0.946064 0.004901
vt 0.935782 0.024409
vt 0.939293 0.002116
vt 0.959908 0.276509
vt 0.947141 0.272921
vt 0.953678 0.270331
vt 0.958942 0.027707
vt 0.953250 0.013963
vt 0.959752 0.014376
vt 0.953501 0.010458
vt 0.960002 0.010894
vt 0.950972 0.217014
vt 0.945373 0.183416
vt 0.951885 0.183643
vt 0.946609 0.151516
vt 0.953120 0.151764
vt 0.944598 0.249183
vt 0.951134 0.248941
vt 0.944455 0.216900
vt 0.954257 0.121797
vt 0.947746 0.121536
vt 0.955582 0.090373
vt 0.949072 0.090072
vt 0.960072 0.006384
vt 0.953200 0.003005
vt 0.959633 0.001778
vt 0.692277 0.007900
vt 0.700356 0.005134
vt 0.698610 0.009618
vt 0.456651 0.432205
vt 0.452608 0.369274
vt 0.459120 0.369596
vt 0.456512 0.307671
vt 0.463015 0.308149
vt 0.455856 0.492123
vt 0.450126 0.550294
vt 0.449336 0.492109
vt 0.450133 0.432028
vt 0.502864 0.199680
vt 0.486763 0.241766
vt 0.496579 0.197936
vt 0.468147 0.708493
vt 0.456098 0.661466
vt 0.462594 0.660889
vt 0.488421 0.287256
vt 0.480630 0.337188
vt 0.481915 0.286801
vt 0.493194 0.242876
vt 0.487900 0.395432
vt 0.483675 0.457032
vt 0.481386 0.395592
vt 0.487147 0.337236
vt 0.493583 0.514263
vt 0.490547 0.562627
vt 0.487081 0.514689
vt 0.490184 0.456720
vt 0.452369 0.607608
vt 0.458881 0.607272
vt 0.456644 0.550137
vt 0.501207 0.617628
vt 0.493097 0.596610
vt 0.499594 0.596122
vt 0.497045 0.562149
vt 0.502519 0.635139
vt 0.495607 0.630075
vt 0.502104 0.629585
vt 0.494710 0.618117
vt 0.502691 0.637334
vt 0.496420 0.639768
vt 0.496201 0.637936
vt 0.496022 0.635631
vt 0.690972 0.023130
vt 0.697671 0.016055
vt 0.691166 0.015483
vt 0.468179 0.252492
vt 0.461697 0.251757
vt 0.939685 0.281539
vt 0.927826 0.235260
vt 0.953577 0.009091
vt 0.960094 0.009280
vt 0.953556 0.006674
vt 0.503123 0.642712
vt 0.495914 0.643746
vt 0.496587 0.640791
vt 0.502933 0.639426
vt 0.614092 0.230680
vt 0.607579 0.230177
vt 0.612044 0.252442
vt 0.595909 0.456501
vt 0.602422 0.456728
vt 0.601655 0.479479
vt 0.434645 0.735104
vt 0.428128 0.735188
vt 0.434259 0.721255
vt 0.598395 0.643092
vt 0.604692 0.641165
vt 0.606691 0.659931
vt 0.763815 0.002923
vt 0.763829 0.009440
vt 0.758596 0.002940
vt 0.950839 0.055569
vt 0.957347 0.055912
vt 0.952435 0.027336
vt 0.181049 0.069861
vt 0.187568 0.069922
vt 0.187576 0.090108
vt 0.173460 0.027585
vt 0.167107 0.026120
vt 0.172235 0.031730
vt 0.692179 0.048420
vt 0.698694 0.048217
vt 0.692316 0.050986
vt 0.866380 0.002387
vt 0.866420 0.008906
vt 0.827112 0.009212
vt 0.964264 0.001623
vt 0.961055 0.045290
vt 0.427032 0.305854
vt 0.433546 0.305654
vt 0.931119 0.058318
vt 0.937582 0.059155
vt 0.942234 0.025373
vt 0.594080 0.521901
vt 0.600596 0.521992
vt 0.600176 0.545856
vt 0.435206 0.792355
vt 0.427930 0.783733
vt 0.733816 0.008122
vt 0.734510 0.001635
vt 0.011054 0.948127
vt 0.936019 0.001524
vt 0.473577 0.011619
vt 0.172231 0.001805
vt 0.182455 0.001595
vt 0.467698 0.003905
vt 0.974620 0.001640
vt 0.984835 0.014021
vt 0.157541 0.002174
vt 0.007770 0.002116
vt 0.694545 0.002106
vt 0.945939 0.279696
vt 0.501595 0.647678
vt 0.572002 0.076881
vt 0.652491 0.296078
vt 0.224735 0.831375
vt 0.996329 0.470737
vt 0.715139 0.002273
vt 0.274044 0.003656
vt 0.455265 0.272621
vt 0.482535 0.230200
vt 0.690104 0.002456
vt 0.623967 0.173164
vt 0.958049 0.283590
vt 0.461697 0.709487
vt 0.970760 0.002171
vt 0.428784 0.793494
s 1
usemtl Rear_quarter_panel
f 214/1/1 1221/2/2 974/3/3
f 807/4/4 445/5/5 1221/2/2
f 1221/2/2 11/6/6 973/7/7
f 974/3/3 973/7/7 286/8/8
f 136/9/9 1222/10/10 651/11/11
f 647/12/12 446/13/13 1222/10/10
f 1222/10/10 10/14/14 645/15/15
f 651/11/11 645/15/15 134/16/16
f 425/17/17 1223/18/18 621/19/19
f 1212/20/20 1199/21/21 1223/18/18
f 1223/18/18 5/22/22 448/23/23
f 621/19/19 448/23/23 98/24/24
f 92/25/25 1224/26/26 578/27/27
f 587/28/28 537/29/29 1224/26/26
f 1224/26/26 26/30/30 463/31/31
f 578/27/27 463/31/31 29/32/32
f 619/33/33 592/34/34 98/24/24
f 100/35/35 1225/36/36 619/33/33
f 970/37/37 967/38/38 1225/36/36
f 1225/36/36 9/39/39 592/34/34
f 100/35/35 1226/40/40 618/41/41
f 594/42/42 437/43/43 1226/40/40
f 1226/40/40 3/44/44 450/45/45
f 618/41/41 450/45/45 101/46/46
f 617/47/47 972/48/48 101/46/46
f 102/49/49 1227/50/50 617/51/47
f 971/52/51 936/53/52 1227/50/50
f 1227/54/50 282/55/53 972/48/48
f 102/49/49 1228/56/54 616/57/55
f 21/58/56 1228/56/54 595/59/57
f 451/60/58 452/61/59 1228/56/54
f 616/57/55 452/61/59 103/62/60
f 105/63/61 1229/64/62 456/65/63
f 615/66/64 486/67/65 1229/64/62
f 1229/64/62 14/68/66 455/69/67
f 456/65/63 455/69/67 23/70/68
f 112/71/69 1230/72/70 486/67/65
f 104/73/71 1230/72/70 614/74/72
f 453/75/73 439/76/74 1230/72/70
f 486/67/65 439/76/74 14/68/66
f 613/77/75 453/75/73 104/73/71
f 111/78/76 1231/79/77 613/77/75
f 483/80/78 440/81/79 1231/79/77
f 1231/79/77 15/82/80 453/75/73
f 612/83/81 596/84/82 103/62/60
f 105/63/61 1232/85/83 612/83/81
f 456/65/63 438/86/84 1232/85/83
f 1232/85/83 13/87/85 596/84/82
f 611/88/86 483/80/78 111/78/76
f 106/89/87 1233/90/88 611/88/86
f 457/91/89 441/92/90 1233/90/88
f 1233/90/88 16/93/91 483/80/78
f 610/94/92 457/91/89 106/89/87
f 610/94/92 479/95/93 1234/96/94
f 1234/96/94 24/97/95 442/98/96
f 1234/96/94 17/99/97 457/91/89
f 110/100/98 1235/101/99 479/95/93
f 609/102/100 461/103/101 1235/101/99
f 1235/101/99 25/104/102 458/105/103
f 479/95/93 458/105/103 24/97/95
f 443/106/104 608/107/105 97/108/106
f 18/109/107 1236/110/108 443/106/104
f 460/111/109 461/103/101 1236/110/108
f 1236/110/108 107/112/110 608/107/105
f 94/113/111 1237/114/112 569/115/113
f 584/116/114 582/117/115 1237/114/112
f 1237/114/112 30/118/116 540/119/117
f 569/115/113 540/119/117 70/120/118
f 588/121/119 1121/122/120 361/123/121
f 88/124/122 1238/125/123 588/121/119
f 576/126/124 657/127/125 1238/125/123
f 1238/125/123 364/128/126 1121/122/120
f 578/27/27 585/129/127 92/25/25
f 29/32/32 1239/130/128 578/27/27
f 570/131/129 581/132/130 1239/130/128
f 1239/130/128 95/133/131 585/129/127
f 93/134/132 1240/135/133 537/29/29
f 590/136/134 620/137/135 1240/135/133
f 1240/135/133 108/138/136 601/139/137
f 537/29/29 601/139/137 26/30/30
f 582/117/115 464/140/138 30/118/116
f 96/141/139 1241/142/140 582/117/115
f 583/143/141 581/132/130 1241/142/140
f 1241/142/140 85/144/142 464/140/138
f 99/145/143 1242/146/144 607/147/145
f 593/148/146 446/13/13 1242/146/144
f 1242/146/144 35/149/147 602/150/148
f 607/147/145 602/150/148 109/151/149
f 215/152/150 1243/153/151 818/154/152
f 808/155/153 468/156/154 1243/153/151
f 1243/153/151 34/157/155 807/4/4
f 818/154/152 807/4/4 214/1/1
f 82/158/156 1244/159/157 552/160/158
f 568/161/159 474/162/160 1244/159/157
f 1244/159/157 36/163/161 472/164/162
f 1244/159/157 37/165/163 552/160/158
f 507/166/164 531/167/165 55/168/166
f 6/169/167 1245/170/168 507/166/164
f 477/171/169 508/172/170 1245/170/168
f 1245/170/168 56/173/171 531/167/165
f 508/172/170 530/174/172 56/173/171
f 38/175/173 1246/176/174 508/172/170
f 478/177/175 509/178/176 1246/176/174
f 1246/176/174 57/179/177 530/174/172
f 509/178/176 529/180/178 57/179/177
f 1/181/179 1247/182/180 509/178/176
f 481/183/181 505/184/182 1247/182/180
f 1247/182/180 53/185/183 529/180/178
f 505/184/182 528/186/184 53/185/183
f 7/187/185 1248/188/186 505/184/182
f 482/189/187 510/190/188 1248/188/186
f 1248/188/186 58/191/189 528/186/184
f 510/190/188 527/192/190 58/191/189
f 8/193/191 1249/194/192 510/190/188
f 485/195/193 504/196/194 1249/194/192
f 1249/194/192 52/197/195 527/192/190
f 504/196/194 526/198/196 52/197/195
f 2/199/197 1250/200/198 504/196/194
f 487/201/199 511/202/200 1250/200/198
f 1250/200/198 59/203/201 526/198/196
f 511/202/200 525/204/202 59/203/201
f 22/205/203 1251/206/204 511/202/200
f 430/207/205 515/208/206 1251/206/204
f 1251/206/204 63/209/207 525/204/202
f 515/208/206 524/210/208 63/209/207
f 4/211/209 1252/212/210 515/208/206
f 451/60/58 516/213/211 1252/212/210
f 1252/212/210 64/214/212 524/210/208
f 516/213/211 523/215/213 64/214/212
f 21/58/56 1253/216/214 516/213/211
f 429/217/215 517/218/216 1253/219/214
f 1253/219/214 65/220/217 523/221/213
f 517/218/216 522/222/218 65/220/217
f 3/44/44 1254/223/219 517/218/216
f 437/43/43 518/224/220 1254/223/219
f 1254/223/219 66/225/221 522/222/218
f 518/224/220 521/226/222 66/225/221
f 12/227/223 1255/228/224 518/224/220
f 431/229/225 495/230/226 1255/228/224
f 1255/228/224 60/231/227 521/226/222
f 424/232/228 1256/233/229 1211/234/230
f 1202/235/231 496/236/232 1256/233/229
f 1256/233/229 50/237/233 494/238/234
f 1211/234/230 494/238/234 422/239/235
f 76/240/236 1257/241/237 496/236/232
f 566/242/238 497/243/239 1257/241/237
f 1257/241/237 51/244/240 502/245/241
f 496/236/232 502/245/241 50/237/233
f 466/246/242 513/247/243 20/248/244
f 32/249/245 1258/250/246 466/246/242
f 514/251/247 519/252/248 1258/250/246
f 1258/250/246 61/253/249 513/247/243
f 447/254/250 1210/255/251 421/256/252
f 20/248/244 1259/257/253 447/254/250
f 513/247/243 1201/258/254 1259/257/253
f 1259/257/253 423/259/255 1210/255/251
f 551/260/256 565/261/257 81/262/258
f 66/225/221 1260/263/259 551/260/256
f 521/226/222 512/264/260 1260/263/259
f 1260/263/259 83/265/261 565/261/257
f 550/266/262 564/267/263 80/268/264
f 65/220/217 1261/269/265 550/266/262
f 522/222/218 551/260/256 1261/269/265
f 1261/269/265 81/262/258 564/267/263
f 549/270/266 563/271/267 79/272/268
f 64/214/212 1262/273/269 549/270/266
f 523/221/213 550/266/262 1262/274/269
f 1262/274/269 80/268/264 563/275/267
f 548/276/270 562/277/271 78/278/272
f 63/209/207 1263/279/273 548/276/270
f 524/210/208 549/270/266 1263/279/273
f 1263/279/273 79/272/268 562/277/271
f 545/280/274 561/281/275 75/282/276
f 59/203/201 1264/283/277 545/280/274
f 525/204/202 548/276/270 1264/283/277
f 1264/283/277 78/278/272 561/281/275
f 538/284/278 560/285/279 68/286/280
f 52/197/195 1265/287/281 538/284/278
f 526/198/196 545/280/274 1265/287/281
f 1265/287/281 75/282/276 560/285/279
f 544/288/282 559/289/283 74/290/284
f 58/191/189 1266/291/285 544/288/282
f 527/192/190 538/284/278 1266/291/285
f 1266/291/285 68/286/280 559/289/283
f 539/292/286 558/293/287 69/294/288
f 53/185/183 1267/295/289 539/292/286
f 528/186/184 544/288/282 1267/295/289
f 1267/295/289 74/290/284 558/293/287
f 543/296/290 557/297/291 73/298/292
f 57/179/177 1268/299/293 543/296/290
f 529/180/178 539/292/286 1268/299/293
f 1268/299/293 69/294/288 557/297/291
f 542/300/294 556/301/295 72/302/296
f 56/173/171 1269/303/297 542/300/294
f 530/174/172 543/296/290 1269/303/297
f 1269/303/297 73/298/292 556/301/295
f 541/304/298 555/305/299 71/306/300
f 55/168/166 1270/307/301 541/304/298
f 531/167/165 542/300/294 1270/307/301
f 1270/307/301 72/302/296 555/305/299
f 19/308/302 1271/309/303 473/310/304
f 444/311/305 507/166/164 1271/309/303
f 1271/309/303 55/168/166 532/312/306
f 473/310/304 532/312/306 54/313/307
f 574/314/308 572/315/309 86/316/310
f 87/317/311 1272/318/312 574/314/308
f 554/319/313 534/320/314 1272/318/312
f 1272/318/312 67/321/315 572/315/309
f 474/162/160 476/322/316 36/163/161
f 71/306/300 1273/323/317 474/162/160
f 555/305/299 475/324/318 1273/323/317
f 1273/323/317 39/325/319 476/322/316
f 475/324/318 433/326/320 39/325/319
f 72/302/296 1274/327/321 475/324/318
f 556/301/295 480/328/322 1274/327/321
f 1274/327/321 40/329/323 433/326/320
f 480/328/322 432/330/324 40/329/323
f 73/298/292 1275/331/325 480/328/322
f 557/297/291 459/332/326 1275/331/325
f 1275/331/325 41/333/327 432/330/324
f 459/332/326 434/334/328 41/333/327
f 69/294/288 1276/335/329 459/332/326
f 558/293/287 484/336/330 1276/335/329
f 1276/335/329 42/337/331 434/334/328
f 484/336/330 428/338/332 42/337/331
f 74/290/284 1277/339/333 484/336/330
f 559/289/283 454/340/334 1277/339/333
f 1277/339/333 43/341/335 428/338/332
f 454/340/334 489/342/336 43/341/335
f 68/286/280 1278/343/337 454/340/334
f 560/285/279 490/344/338 1278/343/337
f 1278/343/337 44/345/339 489/342/336
f 490/344/338 488/346/340 44/345/339
f 75/282/276 1279/347/341 490/344/338
f 561/281/275 498/348/342 1279/347/341
f 1279/347/341 45/349/343 488/346/340
f 498/348/342 491/350/344 45/349/343
f 78/278/272 1280/351/345 498/348/342
f 562/277/271 499/352/346 1280/351/345
f 1280/351/345 46/353/347 491/350/344
f 499/352/346 492/354/348 46/353/347
f 79/272/268 1281/355/349 499/352/346
f 563/275/267 500/356/350 1281/357/349
f 1281/357/349 47/358/351 492/359/348
f 500/356/350 493/360/352 47/358/351
f 80/268/264 1282/361/353 500/356/350
f 564/267/263 501/362/354 1282/361/353
f 1282/361/353 48/363/355 493/360/352
f 501/362/354 503/364/356 48/363/355
f 81/262/258 1283/365/357 501/362/354
f 565/261/257 553/366/358 1283/365/357
f 1283/365/357 49/367/359 503/364/356
f 519/252/248 546/368/360 61/253/249
f 62/369/361 1284/370/362 519/252/248
f 547/371/363 566/242/238 1284/370/362
f 1284/370/362 76/240/236 546/368/360
f 1201/258/254 1209/372/364 423/259/255
f 61/253/249 1285/373/365 1201/258/254
f 546/368/360 1202/235/231 1285/373/365
f 1285/373/365 424/232/228 1209/372/364
f 54/313/307 1286/374/366 506/375/367
f 532/312/306 541/304/298 1286/374/366
f 1286/374/366 71/306/300 568/161/159
f 506/375/367 568/161/159 82/158/156
f 497/243/239 533/376/368 51/244/240
f 77/377/369 1287/378/370 497/243/239
f 573/379/371 574/314/308 1287/378/370
f 1287/378/370 86/316/310 533/376/368
f 580/380/372 584/116/114 94/113/111
f 84/381/373 1288/382/374 580/380/372
f 554/319/313 575/383/375 1288/382/374
f 1288/382/374 96/141/139 584/116/114
f 575/383/375 583/143/141 96/141/139
f 87/317/311 1289/384/376 575/383/375
f 573/379/371 571/385/377 1289/384/376
f 1289/384/376 95/133/131 583/143/141
f 536/386/378 547/371/363 62/369/361
f 92/25/25 1290/387/379 536/386/378
f 585/129/127 571/385/377 1290/387/379
f 1290/387/379 77/377/369 547/371/363
f 534/320/314 535/388/380 67/321/315
f 534/320/314 580/380/372 1291/389/381
f 1291/389/381 94/113/111 586/390/382
f 1291/389/381 91/391/383 535/388/380
f 62/369/361 1292/392/384 536/386/378
f 514/251/247 579/393/385 1292/392/384
f 1292/392/384 93/134/132 587/28/28
f 536/386/378 587/28/28 92/25/25
f 32/249/245 1293/394/386 579/393/385
f 469/395/387 606/396/388 1293/394/386
f 1293/394/386 113/397/389 590/136/134
f 579/393/385 590/136/134 93/134/132
f 20/248/244 1294/398/390 466/246/242
f 449/399/391 607/147/145 1294/398/390
f 1294/398/390 109/151/149 469/395/387
f 466/246/242 469/395/387 32/249/245
f 137/400/392 1295/401/393 648/402/394
f 650/403/395 646/404/396 1295/401/393
f 646/404/396 577/405/397 1295/401/393
f 1295/401/393 90/406/398 648/402/394
f 591/407/399 444/311/305 19/308/302
f 97/108/106 1296/408/400 591/407/399
f 608/107/105 600/409/401 1296/408/400
f 1296/408/400 6/169/167 444/311/305
f 38/175/173 1297/410/402 603/411/403
f 477/171/169 600/409/401 1297/410/402
f 1297/410/402 107/112/110 609/102/100
f 603/411/403 609/102/100 110/100/98
f 1/181/179 1298/412/404 599/413/405
f 478/177/175 603/411/403 1298/412/404
f 1298/412/404 110/100/98 610/94/92
f 1298/412/404 106/89/87 599/413/405
f 481/183/181 604/414/406 7/187/185
f 481/183/181 599/413/405 1299/415/407
f 599/413/405 611/88/86 1299/415/407
f 1299/415/407 111/78/76 604/414/406
f 430/207/205 452/61/59 4/211/209
f 430/207/205 598/416/408 1300/417/409
f 598/416/408 612/83/81 1300/417/409
f 1300/417/409 103/62/60 452/61/59
f 482/189/187 597/418/410 8/193/191
f 7/187/185 1301/419/411 482/189/187
f 604/414/406 613/77/75 1301/419/411
f 1301/419/411 104/73/71 597/418/410
f 2/199/197 1302/420/412 605/421/413
f 485/195/193 597/418/410 1302/420/412
f 597/418/410 614/74/72 1302/420/412
f 605/421/413 614/74/72 112/71/69
f 22/205/203 1303/422/414 598/416/408
f 487/201/199 605/421/413 1303/422/414
f 1303/422/414 112/71/69 615/66/64
f 598/416/408 615/66/64 105/63/61
f 971/52/51 968/423/415 283/424/416
f 971/52/51 616/57/55 1304/425/417
f 1304/425/417 103/62/60 596/84/82
f 968/423/415 596/84/82 13/87/85
f 429/217/215 450/45/45 3/44/44
f 429/426/215 595/59/57 1305/427/418
f 595/59/57 617/51/47 1305/427/418
f 1305/428/418 101/46/46 450/45/45
f 284/429/419 1306/430/420 935/431/421
f 970/37/37 618/41/41 1306/430/420
f 1306/430/420 101/46/46 972/48/48
f 935/431/421 972/48/48 282/55/53
f 431/229/225 448/23/23 5/22/22
f 12/227/223 1307/432/422 431/229/225
f 594/42/42 619/33/33 1307/432/422
f 1307/432/422 98/24/24 448/23/23
f 420/433/423 1308/434/424 1198/435/425
f 1208/436/426 621/19/19 1308/434/424
f 1308/434/424 98/24/24 592/34/34
f 1198/435/425 592/34/34 9/39/39
f 813/437/427 817/438/428 220/439/429
f 196/440/430 1309/441/431 813/437/427
f 638/442/432 810/443/433 1309/444/431
f 817/445/428 810/443/433 217/446/434
f 797/447/435 638/448/432 196/440/430
f 197/449/436 1310/450/437 797/447/435
f 641/451/438 639/452/439 1310/453/437
f 1310/453/437 129/454/440 638/442/432
f 796/455/441 641/456/438 197/449/436
f 198/457/442 1311/458/443 796/455/441
f 643/459/444 640/460/445 1311/461/443
f 1311/461/443 130/462/446 641/451/438
f 1175/463/447 1197/464/448 415/465/449
f 217/446/434 1312/466/450 1175/463/447
f 810/443/433 698/467/451 1312/466/450
f 1312/466/450 402/468/452 1197/464/448
f 89/469/453 1313/470/454 468/156/154
f 589/471/455 649/472/456 1313/470/454
f 1313/470/454 136/9/9 470/473/457
f 468/156/154 470/473/457 34/157/155
f 34/157/155 1314/474/458 445/5/5
f 470/473/457 651/11/11 1314/474/458
f 1314/474/458 134/16/16 436/475/459
f 445/5/5 436/475/459 11/6/6
f 402/468/452 1315/476/460 1162/477/461
f 1196/478/462 700/479/463 1315/476/460
f 1315/476/460 135/480/464 655/481/465
f 1162/477/461 655/481/465 132/482/466
f 198/457/442 1316/483/467 643/484/444
f 795/485/468 652/486/469 1316/483/467
f 1316/487/467 127/488/470 642/489/471
f 643/459/444 642/489/471 131/490/472
f 1195/491/473 700/479/463 404/492/474
f 403/493/475 1317/494/476 1195/491/473
f 699/495/477 646/496/396 1317/494/476
f 1317/494/476 135/480/464 700/479/463
f 200/497/478 1318/498/479 652/486/469
f 794/499/480 654/500/481 1318/498/479
f 1318/501/479 138/502/482 636/503/483
f 652/504/469 636/503/483 127/488/470
f 201/505/484 1319/506/485 654/500/481
f 793/507/486 644/508/487 1319/506/485
f 1319/509/485 126/510/488 653/511/489
f 654/512/481 653/511/489 138/502/482
f 405/513/490 1320/514/491 1194/515/492
f 127/488/470 1320/514/491 701/516/493
f 636/503/483 702/517/494 1320/514/491
f 1320/514/491 406/518/495 1194/515/492
f 384/519/496 1321/520/497 1126/521/498
f 1159/522/499 1131/523/500 1321/520/497
f 1321/520/497 120/524/501 630/525/502
f 1126/521/498 630/525/502 121/526/503
f 702/517/494 1193/527/504 406/518/495
f 138/502/482 1322/528/505 702/517/494
f 653/511/489 697/529/506 1322/528/505
f 1322/528/505 401/530/507 1193/527/504
f 195/531/508 1323/532/509 462/533/510
f 792/534/511 780/535/512 1323/532/509
f 1323/536/509 139/537/513 623/538/514
f 462/539/510 623/538/514 133/540/515
f 697/529/506 1192/541/516 401/530/507
f 126/510/488 1324/542/517 697/529/506
f 635/543/518 703/544/519 1324/542/517
f 1324/542/517 407/545/520 1192/541/516
f 703/544/519 1191/546/521 407/545/520
f 133/540/515 1325/547/522 703/544/519
f 623/538/514 704/548/523 1325/547/522
f 1325/547/522 408/549/524 1191/546/521
f 704/548/523 1190/550/525 408/549/524
f 139/537/513 1326/551/526 704/548/523
f 658/552/527 705/553/528 1326/551/526
f 1326/551/526 409/554/529 1190/550/525
f 382/555/530 1327/556/531 662/557/532
f 1158/558/533 741/559/534 1327/556/531
f 1327/556/531 188/560/535 742/561/536
f 662/557/532 742/561/536 141/562/537
f 1157/563/538 664/564/539 383/565/540
f 382/555/530 1328/566/541 1157/563/538
f 662/557/532 663/567/542 1328/566/541
f 1328/566/541 142/568/543 664/564/539
f 383/565/540 1329/569/544 1156/570/545
f 664/564/539 665/571/546 1329/569/544
f 1329/569/544 143/572/547 632/573/548
f 1156/570/545 632/573/548 381/574/549
f 1082/575/550 1074/576/551 356/577/552
f 358/578/553 1330/579/554 1082/575/550
f 764/580/555 725/581/556 1330/579/554
f 1330/579/554 174/582/557 1074/576/551
f 1071/583/558 791/584/559 353/585/560
f 349/586/561 1331/587/562 1071/588/558
f 691/589/563 779/590/564 1331/587/562
f 1331/591/562 203/592/565 791/584/559
f 206/593/566 1332/594/567 790/595/568
f 679/596/569 680/597/570 1332/594/567
f 1332/594/567 146/598/571 669/599/572
f 790/595/568 669/599/572 203/592/565
f 789/600/573 679/596/569 206/593/566
f 789/600/573 678/601/574 1333/602/575
f 1333/602/575 155/603/576 681/604/577
f 1333/602/575 156/605/578 679/596/569
f 205/606/579 1334/607/580 678/601/574
f 788/608/581 677/609/582 1334/607/580
f 1334/607/580 154/610/583 682/611/584
f 678/601/574 682/611/584 155/603/576
f 384/519/496 1335/612/585 667/613/586
f 1155/614/587 1136/615/588 1335/612/585
f 1335/612/585 154/610/583 683/616/589
f 667/613/586 683/616/589 144/617/590
f 195/531/508 1336/618/591 771/619/592
f 787/620/593 775/621/594 1336/618/591
f 1336/618/591 151/622/595 684/623/596
f 771/619/592 684/623/596 144/617/590
f 391/624/597 1337/625/598 676/626/599
f 1154/627/600 674/628/601 1337/625/598
f 1337/625/598 151/622/595 685/629/602
f 676/626/599 685/629/602 153/630/603
f 390/631/604 1338/632/605 675/633/606
f 1153/634/607 676/626/599 1338/632/605
f 1338/632/605 153/630/603 686/635/608
f 675/633/606 686/635/608 152/636/609
f 1152/637/610 673/638/611 388/639/612
f 1152/637/610 675/633/606 1339/640/613
f 1339/640/613 152/636/609 687/641/614
f 1339/640/613 150/642/615 673/638/611
f 1151/643/616 672/644/617 387/645/618
f 388/639/612 1340/646/619 1151/643/616
f 673/638/611 688/647/620 1340/646/619
f 1340/646/619 149/648/621 672/644/617
f 1150/649/622 671/650/623 386/651/624
f 387/645/618 1341/652/625 1150/649/622
f 672/644/617 689/653/626 1341/652/625
f 1341/652/625 148/654/627 671/650/623
f 395/655/628 1342/656/629 815/657/630
f 386/651/624 1342/656/629 1149/658/631
f 671/650/623 812/659/632 1342/656/629
f 815/657/630 812/659/632 219/660/633
f 397/661/634 1343/662/635 1070/663/636
f 1148/664/637 632/573/548 1343/662/635
f 1343/662/635 143/572/547 1060/665/638
f 1070/663/636 1060/665/638 348/666/639
f 398/667/640 1344/668/641 1147/669/642
f 1140/670/643 761/671/644 1344/668/641
f 1344/668/641 162/672/645 1135/673/646
f 1147/669/642 1135/673/646 393/674/647
f 705/553/528 1189/675/648 409/554/529
f 140/676/649 1345/677/650 705/553/528
f 660/678/651 706/679/652 1345/677/650
f 1345/677/650 410/680/653 1189/675/648
f 137/400/392 1346/681/654 650/403/395
f 589/471/455 656/682/655 1346/681/654
f 1346/681/654 132/683/466 655/684/465
f 650/403/395 655/684/465 135/685/464
f 1171/686/656 1188/687/657 411/688/658
f 171/689/659 1347/690/660 1171/686/656
f 720/691/661 1170/692/662 1347/690/660
f 1347/690/660 410/680/653 1188/687/657
f 1069/693/663 1063/694/664 351/695/665
f 350/696/666 1348/697/667 1069/693/663
f 709/698/668 707/699/669 1348/697/667
f 1348/697/667 163/700/670 1063/694/664
f 359/701/671 1349/702/672 786/703/673
f 1080/704/674 1075/705/675 1349/706/672
f 1075/705/675 784/707/676 1349/706/672
f 786/703/673 784/708/676 208/709/677
f 586/390/382 708/710/678 91/391/383
f 94/113/111 1350/711/679 586/390/382
f 711/712/680 712/713/681 1350/711/679
f 1350/711/679 167/714/682 708/710/678
f 713/715/683 465/716/684 31/717/685
f 168/718/686 1351/719/687 713/715/683
f 711/712/680 569/115/113 1351/719/687
f 1351/719/687 70/120/118 465/716/684
f 712/713/681 710/720/688 167/714/682
f 168/718/686 1352/721/689 712/713/681
f 714/722/690 716/723/691 1352/721/689
f 1352/721/689 170/724/692 710/720/688
f 721/725/693 720/726/661 171/727/659
f 169/728/694 1353/729/695 721/725/693
f 714/722/690 713/715/683 1353/729/695
f 1353/729/695 31/717/685 720/726/661
f 417/730/696 1354/731/697 1068/732/698
f 1187/733/699 719/734/700 1354/731/697
f 1354/731/697 172/735/701 1064/736/702
f 1068/732/698 1064/736/702 352/737/703
f 1067/738/704 709/698/668 350/696/666
f 352/739/703 1355/740/705 1067/738/704
f 1064/741/702 722/742/706 1355/740/705
f 1355/740/705 164/743/707 709/698/668
f 1058/744/708 1215/745/709 346/746/710
f 341/747/711 1356/748/712 1058/749/708
f 1213/750/713 783/751/714 1356/748/712
f 1356/752/712 207/753/715 1215/745/709
f 1219/754/716 1057/755/717 396/756/718
f 392/757/719 1357/758/720 1219/754/716
f 693/759/721 1216/760/722 1357/758/720
f 1357/758/720 342/761/723 1057/755/717
f 1178/762/724 1186/763/725 418/764/726
f 1178/762/724 763/765/727 1358/766/728
f 763/765/727 1174/767/729 1358/766/728
f 1358/766/728 414/768/730 1186/763/725
f 324/769/731 1359/770/732 1050/771/733
f 739/772/734 740/773/735 1359/770/732
f 1359/770/732 121/526/503 745/774/736
f 1050/771/733 745/774/736 325/775/737
f 327/776/738 1360/777/739 747/778/740
f 1049/779/741 746/780/742 1360/777/739
f 1360/777/739 184/781/743 737/782/744
f 747/778/740 737/782/744 185/783/745
f 339/784/746 1361/785/747 1048/786/748
f 1032/787/749 913/788/750 1361/785/747
f 1361/785/747 178/789/751 1016/790/752
f 1048/786/748 1016/790/752 323/791/753
f 329/792/754 1362/793/755 750/794/756
f 1047/795/757 749/796/758 1362/793/755
f 1362/793/755 193/797/759 731/798/760
f 750/794/756 731/798/760 179/799/761
f 330/800/762 1363/801/763 751/802/764
f 1046/803/765 750/794/756 1363/801/763
f 1363/801/763 179/799/761 732/804/766
f 751/802/764 732/804/766 180/805/767
f 752/806/768 1045/807/769 331/808/770
f 192/809/771 1364/810/772 752/806/768
f 744/811/773 1023/812/774 1364/810/772
f 1364/810/772 330/800/762 1045/807/769
f 1025/813/775 1044/814/776 332/815/777
f 115/816/778 1365/817/779 1025/813/775
f 757/818/780 752/806/768 1365/817/779
f 1365/817/779 331/808/770 1044/814/776
f 333/819/781 1366/820/782 754/821/783
f 1043/822/784 753/823/785 1366/820/782
f 1366/820/782 181/824/786 734/825/787
f 754/821/783 734/825/787 182/826/788
f 334/827/789 1367/828/790 755/829/791
f 1042/830/792 754/821/783 1367/828/790
f 1367/828/790 182/826/788 735/831/793
f 755/829/791 735/831/793 183/832/794
f 1041/833/795 746/780/742 326/834/796
f 334/827/789 1368/835/797 1041/833/795
f 1368/835/797 183/832/794 736/836/798
f 1368/835/797 184/781/743 746/780/742
f 759/837/799 1040/838/800 335/839/801
f 759/837/799 756/840/802 1369/841/803
f 1369/841/803 186/842/804 1018/843/805
f 1040/838/800 1018/843/805 325/775/737
f 747/778/740 1039/844/806 327/776/738
f 185/783/745 1370/845/807 747/778/740
f 758/846/808 759/837/799 1370/845/807
f 1370/845/807 335/839/801 1039/844/806
f 1056/847/809 1214/848/810 345/849/811
f 344/850/812 1371/851/813 1056/847/809
f 1218/852/814 722/742/706 1371/851/813
f 1371/851/813 172/853/701 1214/848/810
f 405/513/490 1372/854/815 1185/855/816
f 108/856/136 1372/854/815 1165/857/817
f 768/858/818 699/495/477 1372/854/815
f 1185/855/816 699/495/477 403/493/475
f 28/859/819 1373/860/820 577/405/397
f 768/861/818 620/137/135 1373/860/820
f 1373/860/820 113/397/389 769/862/821
f 577/405/397 769/862/821 90/406/398
f 649/472/456 647/12/12 136/9/9
f 137/400/392 1374/863/822 649/472/456
f 648/402/394 770/864/823 1374/863/822
f 1374/863/822 35/149/147 647/12/12
f 109/151/149 1375/865/824 606/396/388
f 602/150/148 770/864/823 1375/865/824
f 1375/865/824 90/406/398 769/862/821
f 606/396/388 769/862/821 113/397/389
f 355/866/825 1376/867/826 761/671/644
f 1078/868/827 786/703/673 1376/867/826
f 1376/867/826 208/709/677 695/869/828
f 761/671/644 695/869/828 162/672/645
f 1176/870/829 1220/871/830 416/872/831
f 345/873/811 1377/874/832 1176/870/829
f 1214/875/810 719/734/700 1377/874/832
f 1377/874/832 412/876/833 1220/871/830
f 133/540/515 1378/877/834 462/539/510
f 635/543/518 644/878/487 1378/877/834
f 1378/879/834 199/880/835 787/620/593
f 462/533/510 787/620/593 195/531/508
f 140/676/649 1379/881/836 781/882/837
f 658/552/527 780/883/512 1379/881/836
f 1379/884/836 204/885/838 788/608/581
f 781/886/837 788/608/581 205/606/579
f 125/887/839 1380/888/840 782/889/841
f 660/678/651 781/882/837 1380/888/840
f 1380/890/840 205/606/579 789/600/573
f 782/891/841 789/600/573 206/593/566
f 782/889/841 634/892/842 125/887/839
f 206/593/566 1381/893/843 782/891/841
f 790/595/568 779/894/564 1381/893/843
f 1381/895/843 123/896/844 634/892/842
f 1066/897/845 1059/898/846 347/899/847
f 353/585/560 1382/900/848 1066/897/845
f 791/584/559 669/599/572 1382/900/848
f 1059/898/846 669/599/572 146/598/571
f 144/617/590 1383/901/849 771/619/592
f 683/616/589 677/609/582 1383/901/849
f 1383/901/849 204/885/838 792/534/511
f 771/619/592 792/534/511 195/531/508
f 153/630/603 1384/902/850 777/903/851
f 685/629/602 775/621/594 1384/902/850
f 1384/902/850 199/880/835 793/507/486
f 777/903/851 793/507/486 201/505/484
f 152/636/609 1385/904/852 776/905/853
f 686/635/608 777/903/851 1385/904/852
f 1385/904/852 201/505/484 794/499/480
f 776/905/853 794/499/480 200/497/478
f 687/641/614 774/906/854 150/642/615
f 687/641/614 776/905/853 1386/907/855
f 1386/907/855 200/497/478 795/485/468
f 774/906/854 795/485/468 198/457/442
f 688/647/620 773/908/856 149/648/621
f 150/642/615 1387/909/857 688/647/620
f 774/906/854 796/455/441 1387/909/857
f 1387/909/857 197/449/436 773/908/856
f 689/653/626 772/910/858 148/654/627
f 149/648/621 1388/911/859 689/653/626
f 773/908/856 797/447/435 1388/911/859
f 1388/911/859 196/440/430 772/910/858
f 812/659/632 814/912/860 219/660/633
f 148/654/627 1389/913/861 812/659/632
f 772/910/858 813/437/427 1389/913/861
f 1389/913/861 220/439/429 814/912/860
f 190/914/862 1390/915/863 800/916/864
f 744/811/773 801/917/865 1390/915/863
f 1390/915/863 211/918/866 799/919/867
f 800/916/864 799/919/867 210/920/868
f 189/921/869 1391/922/870 803/923/871
f 631/924/872 800/916/864 1391/922/870
f 1391/922/870 210/920/868 806/925/873
f 803/923/871 806/925/873 212/926/874
f 122/927/875 1392/928/876 804/929/877
f 659/930/878 803/923/871 1392/928/876
f 1392/928/876 212/926/874 802/931/879
f 804/929/877 802/931/879 213/932/880
f 661/933/881 922/934/882 270/935/883
f 122/927/875 1393/936/884 661/933/881
f 804/929/877 829/937/885 1393/936/884
f 1393/936/884 273/938/886 922/934/882
f 192/809/771 1394/939/887 801/917/865
f 757/818/780 809/940/888 1394/939/887
f 1394/939/887 216/941/889 820/942/890
f 801/917/865 820/942/890 211/918/866
f 365/943/891 1395/944/892 1120/945/893
f 219/660/633 1395/944/892 1088/946/894
f 814/912/860 1089/947/895 1395/944/892
f 1395/944/892 366/948/896 1120/945/893
f 399/949/897 1396/950/898 1119/951/899
f 1146/952/900 815/657/630 1396/950/898
f 1396/950/898 219/660/633 1088/946/894
f 1119/951/899 1088/946/894 365/943/891
f 1179/953/901 1184/954/902 419/955/903
f 363/956/904 1397/957/905 1179/953/901
f 1086/958/906 1175/463/447 1397/957/905
f 1397/957/905 415/465/449 1184/954/902
f 1089/947/895 1117/959/907 366/948/896
f 220/439/429 1398/960/908 1089/947/895
f 817/445/428 1086/958/906 1398/961/908
f 1398/961/908 363/956/904 1117/962/907
f 361/123/121 1399/963/909 1116/964/910
f 1084/965/911 818/154/152 1399/963/909
f 1399/963/909 214/1/1 1083/966/912
f 1116/964/910 1083/966/912 360/967/913
f 89/469/453 1400/968/914 656/682/655
f 808/155/153 819/969/915 1400/968/914
f 1400/968/914 218/970/916 811/971/917
f 656/682/655 811/971/917 132/683/466
f 360/967/913 1401/972/918 1115/973/919
f 1083/966/912 974/3/3 1401/972/918
f 1401/972/918 286/8/8 1100/974/920
f 1115/973/919 1100/974/920 377/975/921
f 362/976/922 1402/977/923 1085/978/924
f 1114/979/925 1091/980/926 1402/977/923
f 1402/977/923 211/918/866 820/942/890
f 1085/978/924 820/942/890 216/941/889
f 369/981/927 1403/982/928 824/983/929
f 1113/984/930 822/985/931 1403/982/928
f 1403/982/928 221/986/932 823/987/933
f 824/983/929 823/987/933 222/988/934
f 370/989/935 1404/990/936 826/991/937
f 1112/992/938 824/983/929 1404/990/936
f 1404/990/936 222/988/934 825/993/939
f 826/991/937 825/993/939 223/994/940
f 1098/995/941 1111/996/942 375/997/943
f 1098/995/941 829/937/885 1405/998/944
f 1405/998/944 213/932/880 805/999/945
f 1405/998/944 367/1000/946 1111/996/942
f 367/1000/946 1406/1001/947 1090/1002/948
f 1110/1003/949 826/991/937 1406/1001/947
f 1406/1001/947 223/994/940 827/1004/950
f 1090/1002/948 827/1004/950 224/1005/951
f 879/1006/952 855/1007/953 239/1008/954
f 241/1009/955 1407/1010/956 879/1006/952
f 857/1011/957 836/1012/958 1407/1010/956
f 1407/1010/956 227/1013/959 855/1007/953
f 878/1014/960 835/1015/961 242/1016/962
f 878/1014/960 832/1017/963 1408/1018/964
f 832/1017/963 837/1019/965 1408/1018/964
f 1408/1018/964 230/1020/966 835/1015/961
f 877/1021/967 857/1011/957 241/1009/955
f 242/1016/962 1409/1022/968 877/1021/967
f 835/1015/961 833/1023/969 1409/1022/968
f 1409/1022/968 229/1024/970 857/1011/957
f 920/1025/971 876/1026/972 275/1027/973
f 272/1028/974 1410/1029/975 920/1025/971
f 915/1030/976 867/1031/977 1410/1029/975
f 1410/1029/975 251/1032/978 876/1026/972
f 240/1033/979 1411/1034/980 832/1017/963
f 875/1035/981 860/1036/982 1411/1034/980
f 1411/1034/980 233/1037/983 845/1038/984
f 832/1017/963 845/1038/984 228/1039/985
f 244/1040/986 1412/1041/987 860/1036/982
f 874/1042/988 862/1043/989 1412/1041/987
f 1412/1041/987 235/1044/990 846/1045/991
f 860/1036/982 846/1045/991 233/1037/983
f 246/1046/992 1413/1047/993 862/1043/989
f 873/1048/994 843/1049/995 1413/1047/993
f 1413/1047/993 234/1050/996 841/1051/997
f 862/1043/989 841/1051/997 235/1044/990
f 247/1052/998 1414/1053/999 843/1049/995
f 872/1054/1000 844/1055/1001 1414/1053/999
f 1414/1053/999 236/1056/1002 847/1057/1003
f 843/1049/995 847/1057/1003 234/1050/996
f 248/1058/1004 1415/1059/1005 844/1060/1001
f 871/1061/1006 840/1062/1007 1415/1059/1005
f 1415/1059/1005 232/1063/1008 853/1064/1009
f 844/1060/1001 853/1064/1009 236/1065/1002
f 245/1066/1010 1416/1067/1011 840/1062/1007
f 870/1068/1012 838/1069/1013 1416/1067/1011
f 1416/1067/1011 231/1070/1014 852/1071/1015
f 840/1062/1007 852/1071/1015 232/1063/1008
f 243/1072/1016 1417/1073/1017 838/1069/1013
f 869/1074/1018 848/1075/1019 1417/1073/1017
f 1417/1073/1017 237/1076/1020 850/1077/1021
f 838/1069/1013 850/1077/1021 231/1070/1014
f 249/1078/1022 1418/1079/1023 848/1075/1019
f 868/1080/1024 849/1081/1025 1418/1079/1023
f 1418/1079/1023 238/1082/1026 854/1083/1027
f 848/1075/1019 854/1083/1027 237/1076/1020
f 179/799/761 1419/1084/1028 865/1085/1029
f 731/798/760 866/1086/1030 1419/1084/1028
f 1419/1084/1028 250/1087/1031 868/1080/1024
f 865/1085/1029 868/1080/1024 249/1078/1022
f 180/805/767 1420/1088/1032 859/1089/1033
f 732/804/766 865/1085/1029 1420/1088/1032
f 1420/1088/1032 249/1078/1022 869/1074/1018
f 859/1089/1033 869/1074/1018 243/1072/1016
f 191/1090/1034 1421/1091/1035 861/1092/1036
f 743/1093/1037 859/1089/1033 1421/1091/1035
f 1421/1091/1035 243/1072/1016 870/1068/1012
f 861/1092/1036 870/1068/1012 245/1066/1010
f 181/1094/786 1422/1095/1038 864/1096/1039
f 733/1097/1040 861/1092/1036 1422/1095/1038
f 1422/1095/1038 245/1066/1010 871/1061/1006
f 864/1096/1039 871/1061/1006 248/1058/1004
f 182/826/788 1423/1098/1041 863/1099/1042
f 734/825/787 864/1100/1039 1423/1098/1041
f 1423/1098/1041 248/1101/1004 872/1054/1000
f 863/1099/1042 872/1054/1000 247/1052/998
f 183/832/794 1424/1102/1043 842/1103/1044
f 735/831/793 863/1099/1042 1424/1102/1043
f 1424/1102/1043 247/1052/998 873/1048/994
f 842/1103/1044 873/1048/994 246/1046/992
f 184/781/743 1425/1104/1045 839/1105/1046
f 736/836/798 842/1103/1044 1425/1104/1045
f 1425/1104/1045 246/1046/992 874/1042/988
f 839/1105/1046 874/1042/988 244/1040/986
f 185/783/745 1426/1106/1047 856/1107/1048
f 737/782/744 839/1105/1046 1426/1106/1047
f 1426/1106/1047 244/1040/986 875/1035/981
f 856/1107/1048 875/1035/981 240/1033/979
f 919/1108/1049 917/1109/1050 274/1110/1051
f 275/1027/973 1427/1111/1052 919/1108/1049
f 876/1026/972 851/1112/1053 1427/1111/1052
f 1427/1111/1052 226/1113/1054 917/1109/1050
f 756/840/802 834/1114/1055 186/842/804
f 194/1115/1056 1428/1116/1057 756/840/802
f 858/1117/1058 877/1021/967 1428/1116/1057
f 1428/1116/1057 241/1009/955 834/1114/1055
f 194/1115/1056 1429/1118/1059 858/1117/1058
f 758/846/808 856/1107/1048 1429/1118/1059
f 1429/1118/1059 240/1033/979 878/1014/960
f 1429/1118/1059 242/1016/962 858/1117/1058
f 738/1119/1060 830/1120/1061 187/1121/1062
f 186/842/804 1430/1122/1063 738/1119/1060
f 834/1114/1055 879/1006/952 1430/1122/1063
f 1430/1122/1063 239/1008/954 830/1120/1061
f 1099/1123/1064 1109/1124/1065 376/1125/1066
f 276/1126/1067 1431/1127/1068 1099/1123/1064
f 886/1128/1069 1095/1129/1070 1431/1127/1068
f 1431/1127/1068 372/1130/1071 1109/1124/1065
f 933/1131/1072 928/1132/1073 280/1133/1074
f 279/1134/1075 1432/1135/1076 933/1131/1072
f 927/1136/1077 881/1137/1078 1432/1135/1076
f 1432/1135/1076 254/1138/1079 928/1132/1073
f 281/1139/1080 1433/1140/1081 929/1141/1082
f 277/1142/1083 1433/1140/1081 932/1143/1083
f 889/1144/1081 883/1145/1084 1433/1140/1081
f 929/1141/1082 883/1145/1084 256/1146/1084
f 277/1142/1083 1434/1147/1081 889/1144/1081
f 931/1148/1083 890/1149/1081 1434/1147/1081
f 1434/1147/1081 253/1150/1084 884/1151/1084
f 889/1144/1081 884/1151/1084 257/1152/1084
f 1033/1153/1085 1038/1154/1086 340/1155/1087
f 280/1133/1074 1435/1156/1088 1033/1153/1085
f 928/1132/1073 1029/1157/1089 1435/1156/1088
f 1435/1156/1088 336/1158/1090 1038/1154/1086
f 323/791/753 1436/1159/1091 1037/1160/1092
f 1016/790/752 887/1161/1093 1436/1159/1091
f 1436/1159/1091 260/1162/1094 1030/1163/1095
f 1037/1160/1092 1030/1163/1095 337/1164/1096
f 867/1031/977 895/1165/1097 251/1032/978
f 177/1166/1098 1437/1167/1099 867/1031/977
f 1437/1167/1099 263/1168/1100 898/1169/1101
f 895/1165/1097 898/1169/1101 262/1170/1102
f 851/1112/1053 888/1171/1103 226/1113/1054
f 251/1032/978 1438/1172/1104 851/1112/1053
f 1438/1172/1104 262/1170/1102 899/1173/1105
f 888/1171/1103 899/1173/1105 261/1174/1106
f 178/789/751 1439/1175/1107 887/1161/1093
f 730/1176/1108 885/1177/1109 1439/1175/1107
f 1439/1175/1107 258/1178/1110 900/1179/1111
f 887/1161/1093 900/1179/1111 260/1162/1094
f 1094/1180/1112 1108/1181/1113 371/1182/1114
f 176/1183/1115 1440/1184/1116 1094/1180/1112
f 892/1185/1117 1096/1186/1118 1440/1184/1116
f 1440/1184/1116 373/1187/1119 1108/1181/1113
f 337/1164/1096 1441/1188/1120 1036/1189/1121
f 1030/1163/1095 893/1190/1122 1441/1188/1120
f 893/1191/1122 1031/1192/1123 1441/1193/1120
f 1441/1193/1120 338/1194/1124 1036/1195/1121
f 262/1170/1102 1442/1196/1125 903/1197/1126
f 898/1169/1101 904/1198/1127 1442/1196/1125
f 1442/1199/1125 266/1200/1128 909/1201/1129
f 903/1202/1126 909/1201/1129 265/1203/1130
f 261/1174/1106 1443/1204/1131 894/1205/1132
f 899/1173/1105 903/1197/1126 1443/1204/1131
f 1443/1206/1131 265/1203/1130 910/1207/1133
f 894/1208/1132 910/1207/1133 269/1209/1134
f 260/1162/1094 1444/1210/1135 893/1190/1122
f 258/1178/1110 1444/1210/1135 900/1179/1111
f 891/1211/1136 911/1212/1137 1444/1213/1135
f 1444/1213/1135 268/1214/1138 893/1191/1122
f 1096/1186/1118 1107/1215/1139 373/1187/1119
f 259/1216/1140 1445/1217/1141 1096/1186/1118
f 902/1218/1142 1097/1219/1143 1445/1220/1141
f 1445/1220/1141 374/1221/1144 1107/1222/1139
f 849/1081/1025 831/1223/1145 238/1082/1026
f 250/1087/1031 1446/1224/1146 849/1081/1025
f 918/1225/1147 919/1108/1049 1446/1224/1146
f 1446/1224/1146 274/1110/1051 831/1223/1145
f 866/1086/1030 918/1225/1147 250/1087/1031
f 193/797/759 1447/1226/1148 866/1086/1030
f 748/1227/1149 920/1025/971 1447/1226/1148
f 1447/1226/1148 275/1027/973 918/1225/1147
f 828/1228/1150 1106/1229/1151 371/1182/1114
f 828/1228/1150 916/1230/1152 1448/1231/1153
f 1448/1231/1153 273/938/886 1098/995/941
f 1448/1231/1153 375/997/943 1106/1229/1151
f 913/788/750 730/1176/1108 178/789/751
f 270/935/883 1449/1232/1154 913/788/750
f 922/934/882 916/1230/1152 1449/1232/1154
f 1449/1232/1154 225/1233/1155 730/1176/1108
f 328/1234/1156 1450/1235/1157 1035/1236/1158
f 1021/1237/1159 661/933/881 1450/1235/1157
f 1450/1235/1157 270/935/883 1032/787/749
f 1035/1236/1158 1032/787/749 339/784/746
f 1031/1192/1123 1034/1238/1160 338/1194/1124
f 268/1214/1138 1451/1239/1161 1031/1192/1123
f 906/1240/1162 1033/1153/1085 1451/1239/1161
f 1451/1239/1161 340/1155/1087 1034/1238/1160
f 265/1203/1130 1452/1241/1163 925/1242/1163
f 909/1201/1129 926/1243/1163 1452/1241/1163
f 1452/1241/1163 278/1244/1083 931/1148/1083
f 925/1242/1163 931/1148/1083 277/1142/1083
f 269/1209/1134 1453/1245/1163 907/1246/1163
f 265/1203/1130 1453/1245/1163 910/1207/1133
f 925/1242/1163 932/1143/1083 1453/1245/1163
f 907/1246/1163 932/1143/1083 281/1139/1080
f 911/1212/1137 906/1240/1162 268/1214/1138
f 267/1247/1164 1454/1248/1165 911/1212/1137
f 905/1249/1166 933/1131/1072 1454/1248/1165
f 1454/1248/1165 280/1133/1074 906/1240/1162
f 1097/1219/1143 1105/1250/1167 374/1221/1144
f 264/1251/1168 1455/1252/1169 1097/1219/1143
f 924/1253/1170 1099/1123/1064 1455/1252/1169
f 1455/1252/1169 376/1125/1066 1105/1250/1167
f 305/1254/1171 1456/1255/1172 981/1256/1173
f 1015/1257/1174 976/1258/1175 1456/1255/1172
f 1456/1255/1172 292/1259/1176 944/1260/1177
f 981/1256/1173 944/1260/1177 294/1261/1178
f 318/1262/1179 1457/1263/1180 976/1258/1175
f 1014/1264/1181 977/1265/1182 1457/1263/1180
f 1457/1263/1180 293/1266/1183 942/1267/1184
f 976/1258/1175 942/1267/1184 292/1259/1176
f 1205/1268/1185 1207/1269/1186 427/1270/1187
f 321/1271/1188 1458/1272/1189 1205/1268/1185
f 979/1273/1190 1204/1274/1191 1458/1272/1189
f 1458/1272/1189 426/1275/1192 1207/1269/1186
f 1012/1276/1193 982/1277/1194 306/1278/1195
f 322/1279/1196 1459/1280/1197 1012/1281/1193
f 980/1282/1198 975/1283/1199 1459/1280/1197
f 1459/1284/1197 287/1285/1200 982/1277/1194
f 319/1286/1201 1460/1287/1202 977/1265/1182
f 1011/1288/1203 996/1289/1204 1460/1287/1202
f 1460/1287/1202 290/1290/1205 943/1291/1206
f 977/1265/1182 943/1291/1206 293/1266/1183
f 379/1292/1207 1461/1293/1208 1104/1294/1209
f 1102/1295/1210 981/1256/1173 1461/1293/1208
f 1461/1293/1208 294/1261/1178 1101/1296/1211
f 1104/1294/1209 1101/1296/1211 378/1297/1212
f 1009/1298/1213 979/1273/1190 321/1271/1188
f 308/1299/1214 1462/1300/1215 1009/1298/1213
f 948/1301/1216 939/1302/1217 1462/1300/1215
f 1462/1300/1215 289/1303/1218 979/1273/1190
f 1008/1304/1219 948/1301/1216 308/1299/1214
f 306/1278/1195 1463/1305/1220 1008/1304/1219
f 982/1277/1194 938/1306/1221 1463/1305/1220
f 1463/1305/1220 288/1307/1222 948/1301/1216
f 309/1308/1223 1464/1309/1224 985/1310/1225
f 1007/1311/1226 959/1312/1227 1464/1309/1224
f 1464/1309/1224 304/1313/1228 956/1314/1229
f 985/1310/1225 956/1314/1229 303/1315/1230
f 311/1316/1231 1465/1317/1232 987/1318/1233
f 1006/1319/1234 961/1320/1235 1465/1317/1232
f 1465/1317/1232 300/1321/1236 953/1322/1237
f 987/1318/1233 953/1322/1237 299/1323/1238
f 313/1324/1239 1466/1325/1240 989/1326/1241
f 1005/1327/1242 963/1328/1243 1466/1325/1240
f 1466/1325/1240 297/1329/1244 955/1330/1245
f 989/1326/1241 955/1330/1245 302/1331/1246
f 315/1332/1247 1467/1333/1248 991/1334/1249
f 1004/1335/1250 989/1326/1241 1467/1333/1248
f 1467/1333/1248 302/1331/1246 950/1336/1251
f 991/1334/1249 950/1336/1251 296/1337/1252
f 312/1338/1253 1468/1339/1254 961/1320/1235
f 1003/1340/1255 985/1310/1225 1468/1339/1254
f 1468/1339/1254 303/1315/1230 954/1341/1254
f 961/1320/1235 954/1341/1254 300/1321/1236
f 314/1342/1256 1469/1343/1257 963/1328/1243
f 1002/1344/1258 965/1345/1259 1469/1343/1257
f 1469/1343/1257 298/1346/1260 951/1347/1261
f 963/1328/1243 951/1347/1261 297/1329/1244
f 310/1348/1262 1470/1349/1263 959/1312/1227
f 1001/1350/1264 966/1351/1265 1470/1349/1263
f 1470/1349/1263 301/1352/1266 957/1353/1267
f 959/1312/1227 957/1353/1267 304/1313/1228
f 316/1354/1268 1471/1355/1269 965/1345/1259
f 1000/1356/1270 987/1318/1233 1471/1355/1269
f 1471/1355/1269 299/1323/1238 952/1357/1271
f 965/1345/1259 952/1357/1271 298/1346/1260
f 999/1358/1272 980/1282/1198 322/1279/1196
f 999/1358/1272 991/1334/1249 1472/1359/1273
f 991/1334/1249 949/1360/1274 1472/1359/1273
f 1472/1359/1273 295/1361/1275 980/1282/1198
f 283/424/416 1473/1362/1276 998/1363/1277
f 968/423/415 964/1364/1278 1473/1362/1276
f 1473/1362/1276 315/1332/1247 999/1358/1272
f 998/1363/1277 999/1358/1272 322/1279/1196
f 15/82/80 1474/1365/1279 992/1366/1280
f 16/93/91 1474/1365/1279 440/81/79
f 1474/1365/1279 311/1316/1231 1000/1356/1270
f 992/1366/1280 1000/1356/1270 316/1354/1268
f 25/104/102 1475/1367/1281 986/1368/1282
f 460/111/109 993/1369/1283 1475/1367/1281
f 1475/1367/1281 317/1370/1284 1001/1350/1264
f 986/1368/1282 1001/1350/1264 310/1348/1262
f 14/68/66 1476/1371/1285 990/1372/1286
f 439/76/74 992/1366/1280 1476/1371/1285
f 1476/1371/1285 316/1354/1268 1002/1344/1258
f 990/1372/1286 1002/1344/1258 314/1342/1256
f 17/99/97 1477/1373/1287 988/1374/1288
f 442/98/96 958/1375/1289 1477/1373/1287
f 1477/1373/1287 309/1308/1223 1003/1340/1255
f 988/1374/1288 1003/1340/1255 312/1338/1253
f 13/87/85 1478/1376/1290 964/1364/1278
f 438/86/84 962/1377/1291 1478/1376/1290
f 1478/1376/1290 313/1324/1239 1004/1335/1250
f 964/1364/1278 1004/1335/1250 315/1332/1247
f 23/70/68 1479/1378/1292 962/1377/1291
f 455/69/67 990/1372/1286 1479/1378/1292
f 1479/1378/1292 314/1342/1256 1005/1327/1242
f 962/1377/1291 1005/1327/1242 313/1324/1239
f 441/92/90 960/1379/1293 16/93/91
f 17/99/97 1480/1380/1294 441/92/90
f 1480/1380/1294 312/1338/1253 1006/1319/1234
f 960/1379/1293 1006/1319/1234 311/1316/1231
f 24/97/95 1481/1381/1295 958/1375/1289
f 458/105/103 986/1368/1282 1481/1381/1295
f 1481/1381/1295 310/1348/1262 1007/1311/1226
f 958/1375/1289 1007/1311/1226 309/1308/1223
f 935/431/421 984/1382/1296 284/429/419
f 282/55/53 1482/1383/1297 935/431/421
f 946/1384/1298 1008/1304/1219 1482/1383/1297
f 1482/1383/1297 308/1299/1214 984/1382/1296
f 967/38/38 997/1385/1299 9/39/39
f 284/429/419 1483/1386/1300 967/38/38
f 984/1382/1296 1009/1298/1213 1483/1386/1300
f 1483/1386/1300 321/1271/1188 997/1385/1299
f 377/975/921 1484/1387/1301 1103/1388/1302
f 1100/974/920 945/1389/1303 1484/1387/1301
f 1484/1387/1301 305/1254/1171 1102/1295/1210
f 1103/1388/1302 1102/1295/1210 379/1292/1207
f 134/16/16 1485/1390/1304 995/1391/1305
f 645/15/15 978/1392/1306 1485/1390/1304
f 1485/1390/1304 320/1393/1307 1011/1288/1203
f 995/1391/1305 1011/1288/1203 319/1286/1201
f 936/1394/52 946/1384/1298 282/55/53
f 936/53/52 998/1363/1277 1486/1395/1308
f 1486/1395/1308 322/1279/1196 1012/1281/1193
f 1486/1396/1308 306/1278/1195 946/1384/1298
f 1198/435/425 1206/1397/1309 420/433/423
f 9/39/39 1487/1398/1310 1198/435/425
f 997/1385/1299 1205/1268/1185 1487/1398/1310
f 1487/1398/1310 427/1270/1187 1206/1397/1309
f 11/6/6 1488/1399/1311 994/1400/1312
f 436/475/459 995/1391/1305 1488/1399/1311
f 1488/1399/1311 319/1286/1201 1014/1264/1181
f 994/1400/1312 1014/1264/1181 318/1262/1179
f 286/8/8 1489/1401/1313 945/1389/1303
f 973/7/7 994/1400/1312 1489/1401/1313
f 1489/1401/1313 318/1262/1179 1015/1257/1174
f 945/1389/1303 1015/1257/1174 305/1254/1171
f 266/1200/1128 1490/1402/1163 926/1243/1163
f 908/1403/1314 1034/1238/1160 1490/1402/1163
f 1490/1402/1163 340/1155/1087 930/1404/1083
f 926/1243/1163 930/1404/1083 278/1244/1083
f 749/796/758 748/1227/1149 193/797/759
f 749/796/758 1035/1236/1158 1491/1405/1315
f 1491/1405/1315 339/784/746 923/1406/1316
f 748/1227/1149 923/1406/1316 272/1028/974
f 263/1168/1100 1492/1407/1317 904/1198/1127
f 897/1408/1318 1036/1189/1121 1492/1407/1317
f 1492/1409/1317 338/1194/1124 908/1403/1314
f 904/1410/1127 908/1403/1314 266/1200/1128
f 177/1166/1098 1493/1411/1319 896/1412/1320
f 729/1413/1321 1037/1160/1092 1493/1411/1319
f 1493/1411/1319 337/1164/1096 897/1408/1318
f 896/1412/1320 897/1408/1318 263/1168/1100
f 278/1244/1083 1494/1414/1081 890/1149/1081
f 930/1404/1083 1038/1154/1086 1494/1414/1081
f 1494/1414/1081 336/1158/1090 880/1415/1084
f 890/1149/1081 880/1415/1084 253/1150/1084
f 1020/1416/1322 629/1417/1323 119/1418/1324
f 327/776/738 1495/1419/1325 1020/1416/1322
f 1039/844/806 1028/1420/1326 1495/1419/1325
f 1495/1419/1325 120/524/501 629/1417/1323
f 1028/1420/1326 630/525/502 120/524/501
f 335/839/801 1496/1421/1327 1028/1420/1326
f 1496/1421/1327 325/775/737 745/774/736
f 630/525/502 745/774/736 121/526/503
f 627/1422/1328 1019/1423/1329 118/1424/1330
f 117/1425/1331 1497/1426/1332 627/1422/1328
f 1027/1427/1333 1041/833/795 1497/1426/1332
f 1497/1426/1332 326/834/796 1019/1423/1329
f 626/1428/1334 1027/1427/1333 117/1425/1331
f 116/1429/1335 1498/1430/1336 626/1428/1334
f 1026/1431/1337 1042/830/792 1498/1430/1336
f 1498/1430/1336 334/827/789 1027/1427/1333
f 625/1432/1338 1026/1431/1337 116/1429/1335
f 625/1432/1338 1025/1433/775 1499/1434/1339
f 1499/1434/1339 332/1435/777 1043/822/784
f 1026/1431/1337 1043/822/784 333/819/781
f 753/1436/785 733/1097/1040 181/1094/786
f 332/815/777 1500/1437/1340 753/1436/785
f 1044/814/776 1024/1438/1341 1500/1437/1340
f 1500/1437/1340 191/1090/1034 733/1097/1040
f 1024/1438/1341 743/1093/1037 191/1090/1034
f 331/808/770 1501/1439/1342 1024/1438/1341
f 1045/807/769 751/802/764 1501/1439/1342
f 1501/1439/1342 180/805/767 743/1093/1037
f 190/914/862 1502/1440/1343 1023/812/774
f 631/924/872 1022/1441/1344 1502/1440/1343
f 1502/1440/1343 329/792/754 1046/803/765
f 1023/812/774 1046/803/765 330/800/762
f 189/921/869 1503/1442/1345 1022/1441/1344
f 659/930/878 1021/1237/1159 1503/1442/1345
f 1503/1442/1345 328/1234/1156 1047/795/757
f 1022/1441/1344 1047/795/757 329/792/754
f 272/1028/974 1504/1443/1346 915/1030/976
f 923/1406/1316 1048/786/748 1504/1443/1346
f 1504/1443/1346 323/791/753 729/1413/1321
f 915/1030/976 729/1413/1321 177/1166/1098
f 119/1418/1324 1505/1444/1347 1020/1416/1322
f 628/1445/1348 1019/1423/1329 1505/1444/1347
f 1505/1444/1347 326/834/796 1049/779/741
f 1020/1416/1322 1049/779/741 327/776/738
f 187/1121/1062 1506/1446/1349 738/1119/1060
f 1017/1447/1350 1050/771/733 1506/1446/1349
f 1506/1446/1349 325/775/737 1018/843/805
f 738/1119/1060 1018/843/805 186/842/804
f 162/672/645 1507/1448/1351 766/1449/1352
f 208/709/677 1507/1448/1351 695/869/828
f 1053/1450/1353 1054/1451/1354 1507/1448/1351
f 766/1449/1352 1054/1451/1354 343/1452/1355
f 724/1453/1356 1183/1454/1357 413/1455/1358
f 173/1456/1359 1508/1457/1360 724/1453/1356
f 1052/1458/1361 1176/870/829 1508/1457/1360
f 1508/1457/1360 416/872/831 1183/1454/1357
f 723/1459/1362 1052/1460/1361 173/1461/1359
f 166/1462/1363 1509/1463/1364 723/1459/1362
f 767/1464/1365 1056/847/809 1509/1463/1364
f 1509/1463/1364 345/849/811 1052/1460/1361
f 1145/1465/1366 694/1466/1367 393/674/647
f 396/756/718 1510/1467/1368 1145/1465/1366
f 1057/755/717 765/1468/1369 1510/1467/1368
f 1510/1467/1368 160/1469/1370 694/1466/1367
f 784/708/676 1053/1450/1353 208/709/677
f 161/1470/1371 1511/1471/1372 784/707/676
f 1051/1472/1373 1058/749/708 1511/1471/1372
f 1511/1473/1372 346/746/710 1053/1450/1353
f 692/1474/1374 633/1475/1375 157/1476/1376
f 207/753/715 1512/1477/1377 692/1474/1374
f 1065/1478/1378 1066/897/845 1512/1477/1377
f 1512/1477/1377 347/899/847 633/1475/1375
f 721/725/693 1062/1479/1379 169/728/694
f 171/727/659 1513/1480/1380 721/725/693
f 717/1481/1381 1067/738/704 1513/1480/1380
f 1513/1480/1380 350/696/666 1062/1479/1379
f 411/688/658 1514/1482/1382 1171/686/656
f 1182/1483/1383 1068/732/698 1514/1482/1382
f 1514/1482/1382 352/737/703 717/1484/1381
f 1171/686/656 717/1484/1381 171/689/659
f 716/723/691 715/1485/1384 170/724/692
f 169/728/694 1515/1486/1385 716/723/691
f 1062/1479/1379 1069/693/663 1515/1486/1385
f 1515/1486/1385 351/695/665 715/1485/1384
f 1144/1487/1386 693/759/721 392/757/719
f 1144/1487/1386 1070/663/636 1516/1488/1387
f 1516/1488/1387 348/666/639 666/1489/1388
f 1516/1488/1387 158/1490/1389 693/759/721
f 783/1491/714 1065/1478/1378 207/753/715
f 159/1492/1390 1517/1493/1391 783/751/714
f 1061/1494/1392 1071/588/558 1517/1493/1391
f 1517/1495/1391 353/585/560 1065/1478/1378
f 785/1496/1393 1073/1497/1394 147/1498/1395
f 209/1499/1396 1518/1500/1397 785/1496/1393
f 1518/1500/1397 359/701/671 1078/868/827
f 1073/1497/1394 1078/868/827 355/866/825
f 1173/1501/1398 1181/1502/1399 413/1455/1358
f 161/1470/1371 1519/1503/1400 1173/1501/1398
f 1519/1503/1400 357/1504/1401 1178/762/724
f 1519/1503/1400 418/764/726 1181/1502/1399
f 726/1505/1402 1077/1506/1403 209/1499/1396
f 165/1507/1404 1520/1508/1405 726/1509/1402
f 1520/1508/1405 357/1504/1401 1080/704/674
f 1077/1506/1403 1080/1510/674 359/701/671
f 670/1511/1406 1143/1512/1407 385/1513/1408
f 147/1498/1395 1521/1514/1409 670/1511/1406
f 1521/1514/1409 355/866/825 1140/670/643
f 1143/1512/1407 1140/670/643 398/667/640
f 723/1459/1362 762/1515/1410 166/1462/1363
f 173/1461/1359 1522/1516/1411 723/1459/1362
f 1076/1517/1412 1082/575/550 1522/1516/1411
f 1522/1516/1411 356/577/552 762/1515/1410
f 285/1518/1413 1523/1519/1414 947/1520/1415
f 937/1521/1416 1103/1388/1302 1523/1519/1414
f 1523/1519/1414 379/1292/1207 1010/1522/1417
f 947/1520/1415 1010/1522/1417 307/1523/1418
f 307/1523/1418 1524/1524/1419 983/1525/1420
f 1010/1522/1417 1104/1294/1209 1524/1524/1419
f 1524/1524/1419 378/1297/1212 941/1526/1421
f 1524/1524/1419 291/1527/1422 983/1525/1420
f 912/1528/1423 905/1249/1166 267/1247/1164
f 374/1221/1144 1525/1529/1424 912/1528/1423
f 1105/1250/1167 934/1530/1425 1525/1529/1424
f 1525/1529/1424 279/1134/1075 905/1249/1166
f 1094/1180/1112 728/1531/1426 176/1183/1115
f 371/1182/1114 1526/1532/1427 1094/1180/1112
f 1106/1229/1151 921/1533/1428 1526/1532/1427
f 1526/1532/1427 271/1534/1429 728/1531/1426
f 901/1535/1430 891/1536/1136 258/1178/1110
f 373/1187/1119 1527/1537/1431 901/1535/1430
f 1107/1222/1139 912/1528/1423 1527/1538/1431
f 1527/1538/1431 267/1247/1164 891/1211/1136
f 225/1233/1155 1528/1539/1432 885/1177/1109
f 371/1182/1114 1528/1539/1432 828/1228/1150
f 1108/1181/1113 901/1535/1430 1528/1539/1432
f 1528/1539/1432 258/1178/1110 885/1177/1109
f 934/1530/1425 927/1136/1077 279/1134/1075
f 376/1125/1066 1529/1540/1433 934/1530/1425
f 1109/1124/1065 882/1541/1434 1529/1540/1433
f 1529/1540/1433 255/1542/1435 927/1136/1077
f 213/932/880 1530/1543/1436 805/999/945
f 802/931/879 1093/1544/1437 1530/1543/1436
f 1530/1543/1436 370/989/935 1110/1003/949
f 805/999/945 1110/1003/949 367/1000/946
f 921/1533/1428 914/1545/1438 271/1534/1429
f 375/997/943 1531/1546/1439 921/1533/1428
f 1111/996/942 1090/1002/948 1531/1546/1439
f 1531/1546/1439 224/1005/951 914/1545/1438
f 212/926/874 1532/1547/1440 1093/1544/1437
f 806/925/873 1092/1548/1441 1532/1547/1440
f 1532/1547/1440 369/981/927 1112/992/938
f 1093/1544/1437 1112/992/938 370/989/935
f 210/920/868 1533/1549/1442 1092/1548/1441
f 799/919/867 1091/980/926 1533/1549/1442
f 1533/1549/1442 368/1550/1443 1113/984/930
f 1092/1548/1441 1113/984/930 369/981/927
f 114/1551/1444 1534/1552/1445 622/1553/1446
f 821/1554/1447 822/985/931 1534/1552/1445
f 1534/1552/1445 368/1550/1443 1114/979/925
f 622/1553/1446 1114/979/925 362/976/922
f 33/1555/1448 1535/1556/1449 969/1557/1450
f 471/1558/1451 1115/973/919 1535/1556/1449
f 1535/1556/1449 377/975/921 937/1521/1416
f 969/1557/1450 937/1521/1416 285/1518/1413
f 588/121/119 467/1559/1452 88/124/122
f 361/123/121 1536/1560/1453 588/121/119
f 1536/1560/1453 360/967/913 471/1558/1451
f 1536/1560/1453 33/1555/1448 467/1559/1452
f 798/1561/1454 778/1562/1455 202/1563/1456
f 366/948/896 1537/1564/1457 798/1561/1454
f 1117/962/907 637/1565/1458 1537/1566/1457
f 1537/1566/1457 128/1567/1459 778/1568/1455
f 400/1569/1460 1538/1570/1461 1180/1571/1462
f 696/1572/1463 637/1565/1458 1538/1570/1461
f 1538/1570/1461 363/956/904 1179/953/901
f 1180/1571/1462 1179/953/901 419/955/903
f 380/1573/1464 1539/1574/1465 1122/1575/1466
f 1142/1576/1467 1119/951/899 1539/1574/1465
f 1539/1574/1465 365/943/891 690/1577/1468
f 1122/1575/1466 690/1577/1468 145/1578/1469
f 145/1578/1469 1540/1579/1470 668/1580/1471
f 690/1577/1468 1120/945/893 1540/1579/1470
f 1120/945/893 798/1561/1454 1540/1579/1470
f 1540/1579/1470 202/1563/1456 668/1580/1471
f 215/152/150 1541/1581/1472 819/969/915
f 361/123/121 1541/1581/1472 1084/965/911
f 1121/122/120 1087/1582/1473 1541/1581/1472
f 819/969/915 1087/1582/1473 218/970/916
f 622/1583/1446 624/1584/1474 114/1585/1444
f 622/1583/1446 1141/1586/1475 1542/1587/1476
f 1542/1587/1476 399/949/897 1142/1576/1467
f 624/1584/1474 1142/1576/1467 380/1573/1464
f 124/1588/1477 1543/1589/1478 760/1590/1479
f 1127/1591/1480 1143/1512/1407 1543/1589/1478
f 1543/1589/1478 398/667/640 1081/1592/1481
f 760/1590/1479 1081/1592/1481 354/1593/1482
f 633/1475/1375 1134/1594/1483 157/1476/1376
f 633/1475/1375 1139/1595/1484 1544/1596/1485
f 1544/1596/1485 397/661/634 1144/1487/1386
f 1544/1596/1485 392/757/719 1134/1594/1483
f 766/1449/1352 1135/673/646 162/672/645
f 343/1452/1355 1545/1597/1486 766/1449/1352
f 1138/1598/1487 1145/1465/1366 1545/1597/1486
f 1545/1597/1486 393/674/647 1135/673/646
f 362/1599/922 1546/1600/1488 1141/1586/1475
f 1085/1601/924 1137/1602/1489 1546/1600/1488
f 1546/1600/1488 395/655/628 1146/952/900
f 1141/1586/1475 1146/952/900 399/949/897
f 343/1452/1355 1547/1603/1490 1217/1604/1491
f 346/746/710 1547/1603/1490 1054/1451/1354
f 1215/745/709 692/1474/1374 1547/1603/1490
f 1217/1604/1491 692/1474/1374 157/1476/1376
f 354/1593/1482 1548/1605/1492 1072/1606/1493
f 1081/1592/1481 1147/669/642 1548/1605/1492
f 1548/1605/1492 393/674/647 694/1466/1367
f 1072/1606/1493 694/1466/1367 160/1469/1370
f 347/899/847 1549/1607/1494 1139/1595/1484
f 146/598/571 1549/1607/1494 1059/898/846
f 1123/1608/1495 1148/664/637 1549/1607/1494
f 1139/1595/1484 1148/664/637 397/661/634
f 809/1609/888 1137/1602/1489 216/1610/889
f 115/1611/778 1550/1612/1496 809/1609/888
f 1128/1613/1497 1149/658/631 1550/1612/1496
f 1137/1602/1489 1149/658/631 395/655/628
f 625/1432/1338 1128/1613/1497 115/1611/778
f 116/1429/1335 1551/1614/1498 625/1432/1338
f 1129/1615/1499 1150/649/622 1551/1614/1498
f 1551/1614/1498 386/651/624 1128/1613/1497
f 626/1428/1334 1129/1615/1499 116/1429/1335
f 117/1425/1331 1552/1616/1500 626/1428/1334
f 1130/1617/1501 1151/643/616 1552/1616/1500
f 1552/1616/1500 387/645/618 1129/1615/1499
f 627/1422/1328 1130/1617/1501 117/1425/1331
f 118/1424/1330 1553/1618/1502 627/1422/1328
f 1553/1618/1502 390/631/604 1152/637/610
f 1553/1618/1502 388/639/612 1130/1617/1501
f 118/1424/1330 1554/1619/1503 1132/1620/1504
f 628/1445/1348 1133/1621/1505 1554/1619/1503
f 1554/1619/1503 391/624/597 1153/634/607
f 1132/1620/1504 1153/634/607 390/631/604
f 119/1418/1324 1555/1622/1506 1133/1621/1505
f 629/1417/1323 1131/523/500 1555/1622/1506
f 1555/1622/1506 389/1623/1507 1154/627/600
f 1133/1621/1505 1154/627/600 391/624/597
f 121/526/503 1556/1624/1508 1126/521/498
f 740/773/735 741/559/534 1556/1624/1508
f 1556/1624/1508 394/1625/1509 1155/614/587
f 1126/521/498 1155/614/587 384/519/496
f 156/605/578 1557/1626/1510 680/597/570
f 1125/1627/1511 1156/570/545 1557/1626/1510
f 1557/1626/1510 381/574/549 1123/1608/1495
f 680/597/570 1123/1608/1495 146/598/571
f 681/604/577 1125/1627/1511 156/605/578
f 155/603/576 1558/1628/1512 681/604/577
f 1124/1629/1513 1157/563/538 1558/1628/1512
f 1558/1628/1512 383/565/540 1125/1627/1511
f 155/603/576 1559/1630/1514 1124/1629/1513
f 682/611/584 1136/615/588 1559/1630/1514
f 1559/1630/1514 394/1625/1509 1158/558/533
f 1124/1629/1513 1158/558/533 382/555/530
f 144/617/590 1560/1631/1515 667/613/586
f 684/623/596 674/628/601 1560/1631/1515
f 1560/1631/1515 389/1623/1507 1159/522/499
f 667/613/586 1159/522/499 384/519/496
f 27/1632/1516 1561/1633/1517 657/1634/125
f 1160/1635/1518 1180/1571/1462 1561/1633/1517
f 1561/1633/1517 419/955/903 1118/1636/1519
f 657/1634/125 1118/1636/1519 364/1637/126
f 724/1453/1356 1076/1638/1412 173/1456/1359
f 413/1455/1358 1562/1639/1520 724/1453/1356
f 1181/1502/1399 1079/1640/1521 1562/1639/1520
f 1562/1639/1520 358/1641/553 1076/1638/1412
f 123/896/844 1563/1642/1522 718/1643/1523
f 691/589/563 1177/1644/1524 1563/1642/1522
f 1563/1642/1522 417/730/696 1182/1483/1383
f 718/1643/1523 1182/1483/1383 411/688/658
f 1173/1501/1398 1051/1472/1373 161/1470/1371
f 413/1455/1358 1564/1645/1525 1173/1501/1398
f 1183/1454/1357 1055/1646/1526 1564/1645/1525
f 1564/1645/1525 341/747/711 1051/1472/1373
f 364/1637/126 1565/1647/1527 1087/1648/1473
f 419/955/903 1565/1647/1527 1118/1636/1519
f 1184/954/902 816/1649/1528 1565/1647/1527
f 1565/1647/1527 218/1650/916 1087/1648/1473
f 127/488/470 1566/1651/1529 642/489/471
f 701/516/493 1185/855/816 1566/1651/1529
f 1566/1651/1529 403/493/475 1163/1652/1530
f 642/489/471 1163/1652/1530 131/490/472
f 1217/1604/1491 1138/1598/1487 343/1452/1355
f 157/1476/1376 1567/1653/1531 1217/1604/1491
f 1134/1594/1483 1219/754/716 1567/1653/1531
f 1567/1653/1531 396/756/718 1138/1598/1487
f 1079/1640/1521 764/1654/555 358/1641/553
f 418/764/726 1568/1655/1532 1079/1640/1521
f 1186/763/725 727/1656/1533 1568/1655/1532
f 1568/1655/1532 175/1657/1534 764/1654/555
f 349/586/561 1569/1658/1535 1177/1644/1524
f 1061/1494/1392 1172/1659/1536 1569/1658/1535
f 1569/1658/1535 412/876/833 1187/733/699
f 1177/1644/1524 1187/733/699 417/730/696
f 718/1643/1523 634/892/842 123/896/844
f 411/688/658 1570/1660/1537 718/1643/1523
f 1188/687/657 706/679/652 1570/1660/1537
f 1570/1660/1537 125/887/839 634/892/842
f 1169/1661/1538 465/1662/684 70/1663/118
f 409/554/529 1571/1664/1539 1169/1661/1538
f 1189/675/648 1170/692/662 1571/1664/1539
f 1571/1664/1539 31/1665/685 465/1662/684
f 1168/1666/1540 540/1667/117 30/1668/116
f 408/549/524 1572/1669/1541 1168/1666/1540
f 1190/550/525 1169/1661/1538 1572/1669/1541
f 1572/1669/1541 70/1663/118 540/1667/117
f 1167/1670/1542 464/1671/138 85/1672/142
f 407/545/520 1573/1673/1543 1167/1670/1542
f 1191/546/521 1168/1666/1540 1573/1673/1543
f 1573/1673/1543 30/1668/116 464/1671/138
f 1161/1674/1544 570/1675/129 29/1676/32
f 401/530/507 1574/1677/1545 1161/1674/1544
f 1192/541/516 1167/1670/1542 1574/1677/1545
f 1574/1677/1545 85/1672/142 570/1675/129
f 1166/1678/1546 463/1679/31 26/1680/30
f 406/518/495 1575/1681/1547 1166/1678/1546
f 1193/527/504 1161/1674/1544 1575/1681/1547
f 1575/1681/1547 29/1676/32 463/1679/31
f 1165/857/817 601/1682/137 108/856/136
f 1165/857/817 1194/515/492 1576/1683/1548
f 1194/515/492 1166/1678/1546 1576/1683/1548
f 1576/1683/1548 26/1680/30 601/1682/137
f 130/462/446 1577/1684/1549 1164/1685/1550
f 131/490/472 1577/1684/1549 640/460/445
f 1163/1652/1530 1195/491/473 1577/1684/1549
f 1164/1685/1550 1195/491/473 404/492/474
f 129/454/440 1578/1686/1551 698/467/451
f 639/452/439 1164/1685/1550 1578/1686/1551
f 1578/1686/1551 404/492/474 1196/478/462
f 698/467/451 1196/478/462 402/468/452
f 816/1649/1528 811/1687/917 218/1650/916
f 415/465/449 1579/1688/1552 816/1649/1528
f 1197/464/448 1162/477/461 1579/1688/1552
f 1579/1688/1552 132/482/466 811/1687/917
f 435/1689/1553 978/1392/1306 10/14/14
f 420/433/423 1580/1690/1554 435/1689/1553
f 1206/1397/1309 1013/1691/1555 1580/1690/1554
f 1580/1690/1554 320/1393/1307 978/1392/1306
f 1013/1691/1555 996/1289/1204 320/1393/1307
f 427/1270/1187 1581/1692/1556 1013/1691/1555
f 1207/1269/1186 940/1693/1557 1581/1692/1556
f 1581/1692/1556 290/1290/1205 996/1289/1204
f 593/148/146 435/1689/1553 10/14/14
f 593/148/146 1203/1694/1558 1582/1695/1559
f 1582/1695/1559 425/17/17 1208/436/426
f 435/1689/1553 1208/436/426 420/433/423
f 520/1696/1560 512/264/260 60/231/227
f 423/259/255 1583/1697/1561 520/1696/1560
f 1209/372/364 567/1698/1562 1583/1697/1561
f 1583/1697/1561 83/265/261 512/264/260
f 1199/21/21 495/230/226 5/22/22
f 421/256/252 1584/1699/1563 1199/21/21
f 1210/255/251 520/1696/1560 1584/1699/1563
f 495/230/226 520/1696/1560 60/231/227
f 83/265/261 1585/1700/1564 553/366/358
f 567/1698/1562 1211/234/230 1585/1700/1564
f 1585/1700/1564 422/239/235 1200/1701/1565
f 553/366/358 1200/1701/1565 49/367/359
f 99/145/143 1586/1702/1566 1203/1694/1558
f 449/399/391 447/254/250 1586/1702/1566
f 1586/1702/1566 421/256/252 1212/20/20
f 1203/1694/1558 1212/20/20 425/17/17
f 1055/1646/1526 1213/750/713 341/747/711
f 416/872/831 1587/1703/1567 1055/1646/1526
f 1220/871/830 1172/1659/1536 1587/1703/1567
f 1587/1703/1567 159/1492/1390 1213/750/713
f 43/1704/1568 1700/1705/1569 428/1706/1570
f 428/1706/1570 1597/1707/1571 42/1708/1572
f 41/1709/1573 1701/1710/1574 432/1711/1575
f 432/1711/1575 1595/1712/1576 40/1713/1577
f 40/1713/1577 1702/1714/1578 433/1715/1579
f 433/1715/1579 1594/1716/1580 39/1717/1581
f 42/1718/1572 1703/1719/1582 434/1720/1583
f 434/1720/1583 1596/1721/1584 41/1709/1573
f 97/1722/1585 1704/1723/1586 443/1724/1587
f 443/1724/1587 1588/1725/1588 18/1726/1589
f 88/1727/1590 1705/1728/1591 1611/1729/1592
f 467/1730/1593 1591/1731/1594 1705/1728/1591
f 36/1732/1595 1706/1733/1596 472/1734/1597
f 37/1735/1598 1706/1733/1596 1593/1736/1599
f 54/1737/1600 1707/1738/1601 473/1739/1602
f 19/1740/1603 1707/1738/1601 1589/1741/1604
f 39/1717/1581 1708/1742/1605 476/1743/1606
f 476/1743/1606 1592/1744/1607 36/1732/1595
f 45/1745/1608 1709/1746/1609 488/1747/1609
f 488/1747/1609 1599/1748/1610 44/1749/1611
f 489/1750/1612 1599/1748/1610 1710/1751/1612
f 43/1704/1568 1710/1751/1612 1598/1752/1613
f 491/1753/1614 1601/1754/1615 1711/1755/1616
f 45/1745/1608 1711/1755/1616 1600/1756/1617
f 47/1757/1618 1712/1758/1619 492/1759/1620
f 492/1760/1620 1601/1754/1615 46/1761/1615
f 493/1762/1621 1603/1763/1622 1713/1764/1621
f 47/1757/1618 1713/1764/1621 1602/1765/1618
f 422/1766/1623 1714/1767/1624 1698/1768/1625
f 50/1769/1626 1714/1767/1624 494/1770/1627
f 502/1771/1628 1605/1772/1629 50/1769/1626
f 51/1773/1630 1715/1774/1631 502/1771/1628
f 503/1775/1632 1604/1776/1633 1716/1777/1634
f 48/1778/1622 1716/1777/1634 1603/1763/1622
f 82/1779/1635 1717/1780/1636 506/1781/1637
f 506/1781/1637 1607/1782/1638 54/1737/1600
f 86/1783/1639 1718/1784/1640 533/1785/1641
f 533/1785/1641 1606/1786/1642 51/1773/1630
f 91/1787/1643 1719/1788/1644 535/1789/1645
f 535/1789/1645 1608/1790/1646 67/1791/1647
f 552/1792/1648 1593/1736/1599 1720/1793/1649
f 552/1794/1648 1609/1795/1650 82/1779/1635
f 67/1791/1647 1721/1796/1651 572/1797/1652
f 572/1797/1652 1610/1798/1653 86/1783/1639
f 27/1799/1654 1722/1800/1655 1590/1801/1656
f 576/1802/1657 1611/1729/1592 1722/1800/1655
f 591/1803/1658 1589/1741/1604 1723/1804/1659
f 97/1722/1585 1723/1804/1659 1613/1805/1660
f 380/1806/1661 1724/1807/1662 624/1808/1663
f 624/1808/1663 1614/1809/1664 114/1810/1665
f 663/1811/1666 1617/1812/1667 1725/1813/1668
f 142/1814/1669 1725/1813/1668 1618/1815/1670
f 665/1816/1671 1618/1815/1670 1726/1817/1672
f 143/1818/1673 1726/1817/1672 1619/1819/1674
f 348/1820/1675 1727/1821/1676 666/1822/1677
f 666/1822/1677 1622/1823/1678 158/1824/1679
f 668/1825/1680 1635/1826/1681 1728/1827/1682
f 145/1828/1683 1728/1827/1682 1620/1829/1684
f 385/1830/1685 1729/1831/1686 670/1832/1687
f 670/1832/1687 1621/1833/1688 147/1834/1689
f 696/1835/1690 1696/1836/1691 1730/1837/1692
f 128/1838/1693 1730/1837/1692 1616/1839/1694
f 164/1840/1695 1731/1841/1696 707/1842/1697
f 707/1842/1697 1624/1843/1698 163/1844/1699
f 167/1845/1700 1732/1846/1701 708/1847/1702
f 708/1847/1702 1612/1848/1703 91/1787/1643
f 710/1849/1704 1629/1850/1705 1733/1851/1704
f 167/1845/1700 1733/1851/1704 1628/1852/1706
f 715/1853/1707 1690/1854/1708 1734/1855/1709
f 170/1856/1710 1734/1855/1709 1629/1850/1705
f 175/1857/1711 1735/1858/1712 725/1859/1713
f 725/1859/1713 1630/1860/1714 174/1861/1714
f 726/1862/1715 1636/1863/1716 1736/1864/1717
f 165/1865/1718 1736/1866/1717 1626/1867/1719
f 414/1868/1720 1737/1869/1721 727/1870/1722
f 727/1870/1722 1631/1871/1723 175/1857/1711
f 728/1872/1724 1661/1873/1725 1738/1874/1726
f 728/1872/1724 1632/1875/1727 176/1876/1728
f 324/1877/1729 1739/1878/1730 739/1879/1731
f 739/1879/1731 1634/1880/1732 188/1881/1733
f 188/1881/1733 1740/1882/1734 742/1883/1734
f 141/1884/1735 1740/1882/1734 1617/1812/1667
f 760/1885/1736 1691/1886/1737 1741/1887/1738
f 124/1888/1739 1741/1889/1738 1615/1890/1740
f 762/1891/1741 1692/1892/1742 1742/1893/1743
f 762/1891/1741 1627/1894/1744 166/1895/1745
f 342/1896/1746 1743/1897/1747 765/1898/1748
f 765/1898/1748 1623/1899/1749 160/1900/1750
f 767/1901/1751 1688/1902/1752 344/1903/1753
f 166/1895/1745 1744/1904/1754 767/1901/1751
f 778/1905/1755 1616/1839/1694 1745/1906/1756
f 202/1907/1757 1745/1908/1756 1635/1826/1681
f 147/1834/1689 1746/1909/1758 785/1910/1759
f 785/1910/1759 1636/1863/1716 209/1911/1760
f 821/1912/1761 1614/1913/1664 1747/1914/1762
f 221/1915/1763 1747/1914/1762 1637/1916/1764
f 823/1917/1765 1637/1916/1764 1748/1918/1766
f 222/1919/1767 1748/1918/1766 1638/1920/1768
f 222/1919/1767 1749/1921/1769 825/1922/1769
f 825/1922/1769 1639/1923/1770 223/1924/1771
f 223/1924/1771 1750/1925/1772 827/1926/1773
f 827/1926/1773 1640/1927/1774 224/1928/1775
f 239/1929/1776 1751/1930/1777 830/1931/1778
f 830/1931/1778 1633/1932/1779 187/1933/1780
f 274/1934/1781 1752/1935/1782 831/1936/1783
f 831/1936/1783 1653/1937/1784 238/1938/1785
f 229/1939/1786 1753/1940/1787 1644/1941/1788
f 833/1942/1789 1645/1943/1790 1753/1940/1787
f 836/1944/1791 1644/1941/1788 1754/1945/1792
f 227/1946/1793 1754/1945/1792 1642/1947/1794
f 230/1948/1795 1755/1949/1796 1645/1943/1790
f 837/1950/1797 1643/1951/1798 1755/1949/1796
f 234/1952/1799 1756/1953/1800 841/1954/1801
f 841/1954/1801 1650/1955/1802 235/1956/1803
f 845/1957/1804 1648/1958/1805 1757/1959/1806
f 228/1960/1807 1757/1959/1806 1643/1951/1798
f 846/1961/1808 1650/1955/1802 1758/1962/1809
f 233/1963/1810 1758/1962/1809 1648/1958/1805
f 847/1964/1811 1651/1965/1812 1759/1966/1813
f 847/1964/1811 1649/1967/1814 234/1952/1799
f 237/1968/1815 1760/1969/1816 850/1970/1817
f 850/1970/1817 1646/1971/1818 231/1972/1819
f 231/1972/1819 1761/1973/1820 852/1974/1821
f 852/1974/1821 1647/1975/1822 232/1976/1823
f 232/1976/1823 1762/1977/1824 853/1978/1825
f 236/1979/1812 1762/1977/1824 1651/1980/1812
f 238/1938/1785 1763/1981/1826 854/1982/1827
f 854/1982/1827 1652/1983/1828 237/1968/1815
f 855/1984/1829 1642/1947/1794 1764/1985/1830
f 855/1986/1829 1654/1987/1831 239/1929/1776
f 276/1988/1832 1765/1989/1833 886/1990/1834
f 886/1990/1834 1655/1991/1835 252/1992/1835
f 888/1993/1836 1658/1994/1837 1766/1995/1838
f 226/1996/1839 1766/1995/1838 1641/1997/1840
f 176/1876/1728 1767/1998/1841 892/1999/1841
f 892/1999/1841 1657/2000/1842 259/2001/1843
f 269/2002/1844 1768/2003/1845 894/2004/1846
f 261/2005/1847 1768/2006/1845 1658/1994/1837
f 259/2001/1843 1769/2007/1848 902/2008/1849
f 264/2009/1850 1769/2010/1848 1659/2011/1851
f 907/2012/1852 1664/2013/1853 1770/2014/1852
f 907/2012/1852 1660/2015/1854 269/2002/1844
f 224/1928/1775 1771/2016/1855 914/2017/1856
f 271/2018/1725 1771/2016/1855 1661/2019/1725
f 226/1996/1839 1772/2020/1857 917/2021/1858
f 917/2021/1858 1662/2022/1859 274/1934/1781
f 924/2023/1860 1659/2011/1851 1773/2024/1861
f 924/2023/1860 1663/2025/1862 276/1988/1832
f 929/2026/1863 1656/2027/1864 1774/2028/1865
f 281/2029/1866 1774/2028/1865 1664/2013/1853
f 287/2030/1867 1775/2031/1868 938/2032/1869
f 938/2032/1869 1667/2033/1870 288/2034/1871
f 288/2034/1871 1776/2035/1872 939/2036/1873
f 939/2036/1873 1668/2037/1874 289/2038/1875
f 940/2039/1557 1699/2040/1876 1777/2041/1877
f 940/2042/1557 1669/2043/1878 290/2044/1879
f 378/2045/1880 1778/2046/1881 941/2047/1882
f 941/2047/1882 1670/2048/1883 291/2049/1884
f 293/2050/1885 1779/2051/1886 942/2052/1887
f 942/2052/1887 1671/2053/1888 292/2054/1889
f 290/2044/1879 1780/2055/1890 943/2056/1891
f 943/2056/1891 1672/2057/1885 293/2050/1885
f 944/2058/1892 1671/2053/1888 1781/2059/1892
f 294/2060/1893 1781/2059/1892 1673/2061/1893
f 307/2062/1894 1782/2063/1895 947/2064/1896
f 285/2065/1897 1782/2066/1895 1665/2067/1898
f 296/2068/1899 1783/2069/1900 949/2070/1900
f 949/2070/1900 1674/2071/1901 295/2072/1902
f 950/2073/1903 1681/2074/1904 1784/2075/1905
f 296/2068/1899 1784/2075/1905 1675/2076/1899
f 951/2077/1906 1677/2078/1907 1785/2079/1908
f 951/2080/1906 1676/2081/1909 297/2082/1910
f 952/2083/1911 1678/2084/1912 1786/2085/1913
f 298/2086/1914 1786/2085/1913 1677/2078/1907
f 953/2087/1915 1679/2088/1916 1787/2089/1917
f 299/2090/1918 1787/2089/1917 1678/2084/1912
f 954/2091/1919 1682/2092/1920 1788/2093/1921
f 300/2094/1922 1788/2093/1921 1679/2088/1916
f 297/2082/1910 1789/2095/1923 955/2096/1924
f 302/2097/1925 1789/2095/1923 1681/2074/1904
f 304/2098/1926 1790/2099/1927 956/2100/1928
f 303/2101/1929 1790/2099/1927 1682/2092/1920
f 301/2102/1930 1791/2103/1931 957/2104/1931
f 957/2104/1931 1683/2105/1932 304/2098/1926
f 966/2106/1933 1685/2107/1934 1792/2108/1935
f 966/2106/1933 1680/2109/1936 301/2102/1930
f 33/2110/1937 1793/2111/1938 1591/1731/1594
f 969/2112/1939 1665/2067/1898 1793/2111/1938
f 975/2113/1940 1674/2071/1901 1794/2114/1941
f 287/2030/1867 1794/2115/1941 1666/2116/1942
f 291/2049/1884 1795/2117/1943 983/2118/1944
f 307/2062/1894 1795/2117/1943 1684/2119/1945
f 993/2120/1946 1588/2121/1588 1796/2122/1947
f 317/2123/1948 1796/2122/1947 1685/2107/1934
f 187/1933/1780 1797/2124/1949 1017/2125/1950
f 1017/2125/1950 1686/2126/1951 324/1877/1729
f 1060/2127/1952 1619/1819/1674 1798/2128/1953
f 348/1820/1675 1798/2128/1953 1689/2129/1954
f 1063/2130/1955 1624/1843/1698 1799/2131/1956
f 351/2132/1957 1799/2131/1956 1690/1854/1708
f 1072/2133/1958 1623/1899/1749 1800/2134/1959
f 354/2135/1737 1800/2134/1959 1691/1886/1737
f 1074/2136/1960 1630/1860/1714 1801/2137/1961
f 356/2138/1742 1801/2137/1961 1692/1892/1742
f 294/2060/1893 1802/2139/1962 1101/2140/1963
f 1101/2140/1963 1693/2141/1964 378/2045/1880
f 1122/2142/1965 1620/1829/1684 1803/2143/1966
f 1122/2142/1965 1694/2144/1661 380/1806/1661
f 124/1888/1739 1804/2145/1967 1127/2146/1968
f 1127/2146/1968 1695/2147/1969 385/1830/1685
f 1160/2148/1970 1590/1801/1656 1805/2149/1971
f 400/2150/1972 1805/2149/1971 1696/1836/1691
f 1174/2151/1973 1626/1867/1719 1806/2152/1974
f 414/1868/1720 1806/2152/1974 1697/2153/1720
f 1200/2154/1975 1604/1776/1633 49/2155/1633
f 422/1766/1623 1807/2156/1975 1200/2157/1975
f 289/2038/1875 1808/2158/1976 1204/2159/1977
f 426/2160/1192 1808/2158/1976 1699/2040/1876
f 1216/2161/1978 1622/1823/1678 1809/2162/1979
f 1216/2161/1978 1687/2163/1980 342/1896/1746
f 1218/2164/1981 1625/2165/1982 164/1840/1695
f 344/1903/1753 1810/2166/1983 1218/2167/1981
f 2024/1/1984 3031/2/1985 2617/4/1986
f 2617/4/1986 2255/5/1987 1844/157/1988
f 3031/2/1985 1821/6/1989 2255/5/1987
f 2784/3/1990 2783/7/1991 3031/2/1985
f 1946/9/1992 3032/10/1993 2457/12/1994
f 2457/12/1994 2256/13/1995 1845/149/1996
f 3032/10/1993 1820/14/1997 2256/13/1995
f 2461/11/1998 2455/15/1999 3032/10/1993
f 2235/17/2000 3033/18/2001 3022/20/2002
f 3022/20/2002 3009/21/2003 2231/256/2004
f 3033/18/2001 1815/22/2005 3009/21/2003
f 2431/19/2006 2258/23/2007 3033/18/2001
f 1902/25/2008 3034/26/2009 2397/28/2010
f 2397/28/2010 2347/29/2011 1903/134/2012
f 3034/26/2009 1836/30/2013 2347/29/2011
f 2388/27/2014 2273/31/2015 3034/26/2009
f 2402/34/2016 2429/33/2017 1908/24/2018
f 3035/36/2019 1910/35/2020 2429/33/2017
f 2777/38/2021 2780/37/2022 3035/36/2019
f 1819/39/2023 3035/36/2019 2402/34/2016
f 1910/35/2020 3036/40/2024 2404/42/2025
f 2404/42/2025 2247/43/2026 1822/227/2027
f 3036/40/2024 1813/44/2028 2247/43/2026
f 2428/41/2029 2260/45/2030 3036/40/2024
f 2782/48/2031 2427/47/2032 1911/46/2033
f 3037/50/2034 1912/49/2035 2427/51/2032
f 2746/53/2036 2781/52/2037 3037/50/2034
f 2092/55/2038 3037/54/2034 2782/48/2031
f 1912/49/2035 3038/56/2039 2405/59/2040
f 3038/56/2039 1831/58/2041 2405/59/2040
f 2262/61/2042 2261/60/2043 3038/56/2039
f 2426/57/2044 2262/61/2042 3038/56/2039
f 1915/63/2045 3039/64/2046 2425/66/2047
f 2425/66/2047 2296/67/2048 1922/71/2049
f 3039/64/2046 1824/68/2050 2296/67/2048
f 2266/65/2051 2265/69/2052 3039/64/2046
f 1922/71/2049 3040/72/2053 2424/74/2054
f 3040/72/2053 1914/73/2055 2424/74/2054
f 2249/76/2056 2263/75/2057 3040/72/2053
f 2296/67/2048 2249/76/2056 3040/72/2053
f 2263/75/2057 2423/77/2058 1914/73/2055
f 3041/79/2059 1921/78/2060 2423/77/2058
f 2250/81/2061 2293/80/2062 3041/79/2059
f 1825/82/2063 3041/79/2059 2263/75/2057
f 2406/84/2064 2422/83/2065 1913/62/2066
f 3042/85/2067 1915/63/2045 2422/83/2065
f 2248/86/2068 2266/65/2051 3042/85/2067
f 1823/87/2069 3042/85/2067 2406/84/2064
f 2293/80/2062 2421/88/2070 1921/78/2060
f 3043/90/2071 1916/89/2072 2421/88/2070
f 2251/92/2073 2267/91/2074 3043/90/2071
f 1826/93/2075 3043/90/2071 2293/80/2062
f 2267/91/2074 2420/94/2076 1916/89/2072
f 2420/94/2076 2289/95/2077 1920/100/2078
f 3044/96/2079 1834/97/2080 2289/95/2077
f 1827/99/2081 3044/96/2079 2267/91/2074
f 1920/100/2078 3045/101/2082 2419/102/2083
f 2419/102/2083 2271/103/2084 1917/112/2085
f 3045/101/2082 1835/104/2086 2271/103/2084
f 2289/95/2077 2268/105/2087 3045/101/2082
f 2418/107/2088 2253/106/2089 1907/108/2090
f 3046/110/2091 1828/109/2092 2253/106/2089
f 2271/103/2084 2270/111/2093 3046/110/2091
f 1917/112/2085 3046/110/2091 2418/107/2088
f 1904/113/2094 3047/114/2095 2394/116/2096
f 2394/116/2096 2392/117/2097 1906/141/2098
f 3047/114/2095 1840/118/2099 2392/117/2097
f 2379/115/2100 2350/119/2101 3047/114/2095
f 2931/122/2102 2398/121/2103 2171/123/2104
f 3048/125/2105 1898/124/2106 2398/121/2103
f 2467/127/2107 2386/126/2108 3048/125/2105
f 2174/128/2109 3048/125/2105 2931/122/2102
f 2395/129/2110 2388/27/2014 1902/25/2008
f 3049/130/2111 1839/32/2112 2388/27/2014
f 2391/132/2113 2380/131/2114 3049/130/2111
f 1905/133/2115 3049/130/2111 2395/129/2110
f 1903/134/2012 3050/135/2116 2400/136/2117
f 2400/136/2117 2430/137/2118 1923/397/2119
f 3050/135/2116 1918/138/2120 2430/137/2118
f 2347/29/2011 2411/139/2121 3050/135/2116
f 2274/140/2122 2392/117/2097 1840/118/2099
f 3051/142/2123 1906/141/2098 2392/117/2097
f 2391/132/2113 2393/143/2124 3051/142/2123
f 1895/144/2125 3051/142/2123 2274/140/2122
f 1909/145/2126 3052/146/2127 2403/148/2128
f 2403/148/2128 2256/13/1995 1820/14/1997
f 3052/146/2127 1845/149/1996 2256/13/1995
f 2417/147/2129 2412/150/2130 3052/146/2127
f 2025/152/2131 3053/153/2132 2618/155/2133
f 2618/155/2133 2278/156/2134 1899/469/2135
f 3053/153/2132 1844/157/1988 2278/156/2134
f 2628/154/2136 2617/4/1986 3053/153/2132
f 1892/158/2137 3054/159/2138 2378/161/2139
f 2378/161/2139 2284/162/2140 1881/306/2141
f 3054/159/2138 1846/163/2142 2284/162/2140
f 1847/165/2143 3054/159/2138 2362/160/2144
f 2341/167/2145 2317/166/2146 1865/168/2147
f 3055/170/2148 1816/169/2149 2317/166/2146
f 2318/172/2150 2287/171/2151 3055/170/2148
f 1866/173/2152 3055/170/2148 2341/167/2145
f 2340/174/2153 2318/172/2150 1866/173/2152
f 3056/176/2154 1848/175/2155 2318/172/2150
f 2319/178/2156 2288/177/2157 3056/176/2154
f 1867/179/2158 3056/176/2154 2340/174/2153
f 2339/180/2159 2319/178/2156 1867/179/2158
f 3057/182/2160 1811/181/2161 2319/178/2156
f 2315/184/2162 2291/183/2163 3057/182/2160
f 1863/185/2164 3057/182/2160 2339/180/2159
f 2338/186/2165 2315/184/2162 1863/185/2164
f 3058/188/2166 1817/187/2167 2315/184/2162
f 2320/190/2168 2292/189/2169 3058/188/2166
f 1868/191/2170 3058/188/2166 2338/186/2165
f 2337/192/2171 2320/190/2168 1868/191/2170
f 3059/194/2172 1818/193/2173 2320/190/2168
f 2314/196/2174 2295/195/2175 3059/194/2172
f 1862/197/2176 3059/194/2172 2337/192/2171
f 2336/198/2177 2314/196/2174 1862/197/2176
f 3060/200/2178 1812/199/2179 2314/196/2174
f 2321/202/2180 2297/201/2181 3060/200/2178
f 1869/203/2182 3060/200/2178 2336/198/2177
f 2335/204/2183 2321/202/2180 1869/203/2182
f 3061/206/2184 1832/205/2185 2321/202/2180
f 2325/208/2186 2240/207/2187 3061/206/2184
f 1873/209/2188 3061/206/2184 2335/204/2183
f 2334/210/2189 2325/208/2186 1873/209/2188
f 3062/212/2190 1814/211/2191 2325/208/2186
f 2326/213/2192 2261/60/2043 3062/212/2190
f 1874/214/2193 3062/212/2190 2334/210/2189
f 2333/215/2194 2326/213/2192 1874/214/2193
f 3063/216/2195 1831/58/2041 2326/213/2192
f 2327/218/2196 2239/217/2197 3063/219/2195
f 1875/220/2198 3063/219/2195 2333/221/2194
f 2332/222/2199 2327/218/2196 1875/220/2198
f 3064/223/2200 1813/44/2028 2327/218/2196
f 2328/224/2201 2247/43/2026 3064/223/2200
f 1876/225/2202 3064/223/2200 2332/222/2199
f 2331/226/2203 2328/224/2201 1876/225/2202
f 3065/228/2204 1822/227/2027 2328/224/2201
f 2305/230/2205 2241/229/2206 3065/228/2204
f 1870/231/2207 3065/228/2204 2331/226/2203
f 2234/232/2208 3066/233/2209 3012/235/2210
f 3012/235/2210 2306/236/2211 1886/240/2212
f 3066/233/2209 1860/237/2213 2306/236/2211
f 3021/234/2214 2304/238/2215 3066/233/2209
f 1886/240/2212 3067/241/2216 2376/242/2217
f 2376/242/2217 2307/243/2218 1887/377/2219
f 3067/241/2216 1861/244/2220 2307/243/2218
f 2306/236/2211 2312/245/2221 3067/241/2216
f 2323/247/2222 2276/246/2223 1830/248/2224
f 3068/250/2225 1842/249/2226 2276/246/2223
f 2329/252/2227 2324/251/2228 3068/250/2225
f 1871/253/2229 3068/250/2225 2323/247/2222
f 3020/255/2230 2257/254/2231 2231/256/2004
f 3069/257/2232 1830/248/2224 2257/254/2231
f 3011/258/2233 2323/247/2222 3069/257/2232
f 2233/259/2234 3069/257/2232 3020/255/2230
f 2375/261/2235 2361/260/2236 1891/262/2237
f 3070/263/2238 1876/225/2202 2361/260/2236
f 2322/264/2239 2331/226/2203 3070/263/2238
f 1893/265/2240 3070/263/2238 2375/261/2235
f 2374/267/2241 2360/266/2242 1890/268/2243
f 3071/269/2244 1875/220/2198 2360/266/2242
f 2361/260/2236 2332/222/2199 3071/269/2244
f 1891/262/2237 3071/269/2244 2374/267/2241
f 2373/271/2245 2359/270/2246 1889/272/2247
f 3072/273/2248 1874/214/2193 2359/270/2246
f 2360/266/2242 2333/221/2194 3072/274/2248
f 1890/268/2243 3072/274/2248 2373/275/2245
f 2372/277/2249 2358/276/2250 1888/278/2251
f 3073/279/2252 1873/209/2188 2358/276/2250
f 2359/270/2246 2334/210/2189 3073/279/2252
f 1889/272/2247 3073/279/2252 2372/277/2249
f 2371/281/2253 2355/280/2254 1885/282/2255
f 3074/283/2256 1869/203/2182 2355/280/2254
f 2358/276/2250 2335/204/2183 3074/283/2256
f 1888/278/2251 3074/283/2256 2371/281/2253
f 2370/285/2257 2348/284/2258 1878/286/2259
f 3075/287/2260 1862/197/2176 2348/284/2258
f 2355/280/2254 2336/198/2177 3075/287/2260
f 1885/282/2255 3075/287/2260 2370/285/2257
f 2369/289/2261 2354/288/2262 1884/290/2263
f 3076/291/2264 1868/191/2170 2354/288/2262
f 2348/284/2258 2337/192/2171 3076/291/2264
f 1878/286/2259 3076/291/2264 2369/289/2261
f 2368/293/2265 2349/292/2266 1879/294/2267
f 3077/295/2268 1863/185/2164 2349/292/2266
f 2354/288/2262 2338/186/2165 3077/295/2268
f 1884/290/2263 3077/295/2268 2368/293/2265
f 2367/297/2269 2353/296/2270 1883/298/2271
f 3078/299/2272 1867/179/2158 2353/296/2270
f 2349/292/2266 2339/180/2159 3078/299/2272
f 1879/294/2267 3078/299/2272 2367/297/2269
f 2366/301/2273 2352/300/2274 1882/302/2275
f 3079/303/2276 1866/173/2152 2352/300/2274
f 2353/296/2270 2340/174/2153 3079/303/2276
f 1883/298/2271 3079/303/2276 2366/301/2273
f 2365/305/2277 2351/304/2278 1881/306/2141
f 3080/307/2279 1865/168/2147 2351/304/2278
f 2352/300/2274 2341/167/2145 3080/307/2279
f 1882/302/2275 3080/307/2279 2365/305/2277
f 1829/308/2280 3081/309/2281 2254/311/2282
f 2254/311/2282 2317/166/2146 1816/169/2149
f 3081/309/2281 1865/168/2147 2317/166/2146
f 2283/310/2283 2342/312/2284 3081/309/2281
f 2382/315/2285 2384/314/2286 1896/316/2287
f 3082/318/2288 1897/317/2289 2384/314/2286
f 2344/320/2290 2364/319/2291 3082/318/2288
f 1877/321/2292 3082/318/2288 2382/315/2285
f 2286/322/2293 2284/162/2140 1846/163/2142
f 3083/323/2294 1881/306/2141 2284/162/2140
f 2285/324/2295 2365/305/2277 3083/323/2294
f 1849/325/2296 3083/323/2294 2286/322/2293
f 2243/326/2297 2285/324/2295 1849/325/2296
f 3084/327/2298 1882/302/2275 2285/324/2295
f 2290/328/2299 2366/301/2273 3084/327/2298
f 1850/329/2300 3084/327/2298 2243/326/2297
f 2242/330/2301 2290/328/2299 1850/329/2300
f 3085/331/2302 1883/298/2271 2290/328/2299
f 2269/332/2303 2367/297/2269 3085/331/2302
f 1851/333/2304 3085/331/2302 2242/330/2301
f 2244/334/2305 2269/332/2303 1851/333/2304
f 3086/335/2306 1879/294/2267 2269/332/2303
f 2294/336/2307 2368/293/2265 3086/335/2306
f 1852/337/2308 3086/335/2306 2244/334/2305
f 2238/338/2309 2294/336/2307 1852/337/2308
f 3087/339/2310 1884/290/2263 2294/336/2307
f 2264/340/2311 2369/289/2261 3087/339/2310
f 1853/341/2312 3087/339/2310 2238/338/2309
f 2299/342/2313 2264/340/2311 1853/341/2312
f 3088/343/2314 1878/286/2259 2264/340/2311
f 2300/344/2315 2370/285/2257 3088/343/2314
f 1854/345/2316 3088/343/2314 2299/342/2313
f 2298/346/2317 2300/344/2315 1854/345/2316
f 3089/347/2318 1885/282/2255 2300/344/2315
f 2308/348/2319 2371/281/2253 3089/347/2318
f 1855/349/2320 3089/347/2318 2298/346/2317
f 2301/350/2321 2308/348/2319 1855/349/2320
f 3090/351/2322 1888/278/2251 2308/348/2319
f 2309/352/2323 2372/277/2249 3090/351/2322
f 1856/353/2324 3090/351/2322 2301/350/2321
f 2302/354/2325 2309/352/2323 1856/353/2324
f 3091/355/2326 1889/272/2247 2309/352/2323
f 2310/356/2327 2373/275/2245 3091/357/2326
f 1857/358/2328 3091/357/2326 2302/359/2325
f 2303/360/2329 2310/356/2327 1857/358/2328
f 3092/361/2330 1890/268/2243 2310/356/2327
f 2311/362/2331 2374/267/2241 3092/361/2330
f 1858/363/2332 3092/361/2330 2303/360/2329
f 2313/364/2333 2311/362/2331 1858/363/2332
f 3093/365/2334 1891/262/2237 2311/362/2331
f 2363/366/2335 2375/261/2235 3093/365/2334
f 1859/367/2336 3093/365/2334 2313/364/2333
f 2356/368/2337 2329/252/2227 1871/253/2229
f 3094/370/2338 1872/369/2339 2329/252/2227
f 2376/242/2217 2357/371/2340 3094/370/2338
f 1886/240/2212 3094/370/2338 2356/368/2337
f 3019/372/2341 3011/258/2233 2233/259/2234
f 3095/373/2342 1871/253/2229 3011/258/2233
f 3012/235/2210 2356/368/2337 3095/373/2342
f 2234/232/2208 3095/373/2342 3019/372/2341
f 1864/313/2343 3096/374/2344 2342/312/2284
f 2342/312/2284 2351/304/2278 1865/168/2147
f 3096/374/2344 1881/306/2141 2351/304/2278
f 2316/375/2345 2378/161/2139 3096/374/2344
f 2343/376/2346 2307/243/2218 1861/244/2220
f 3097/378/2347 1887/377/2219 2307/243/2218
f 2384/314/2286 2383/379/2348 3097/378/2347
f 1896/316/2287 3097/378/2347 2343/376/2346
f 2394/116/2096 2390/380/2349 1904/113/2094
f 3098/382/2350 1894/381/2351 2390/380/2349
f 2385/383/2352 2364/319/2291 3098/382/2350
f 1906/141/2098 3098/382/2350 2394/116/2096
f 2393/143/2124 2385/383/2352 1906/141/2098
f 3099/384/2353 1897/317/2289 2385/383/2352
f 2381/385/2354 2383/379/2348 3099/384/2353
f 1905/133/2115 3099/384/2353 2393/143/2124
f 2357/371/2340 2346/386/2355 1872/369/2339
f 3100/387/2356 1902/25/2008 2346/386/2355
f 2381/385/2354 2395/129/2110 3100/387/2356
f 1887/377/2219 3100/387/2356 2357/371/2340
f 2345/388/2357 2344/320/2290 1877/321/2292
f 2344/320/2290 2390/380/2349 1894/381/2351
f 3101/389/2358 1904/113/2094 2390/380/2349
f 1901/391/2359 3101/389/2358 2345/388/2357
f 1872/369/2339 3102/392/2360 2324/251/2228
f 2324/251/2228 2389/393/2361 1842/249/2226
f 3102/392/2360 1903/134/2012 2389/393/2361
f 2346/386/2355 2397/28/2010 3102/392/2360
f 1842/249/2226 3103/394/2362 2279/395/2363
f 2279/395/2363 2416/396/2364 1919/151/2365
f 3103/394/2362 1923/397/2119 2416/396/2364
f 2389/393/2361 2400/136/2117 3103/394/2362
f 1830/248/2224 3104/398/2366 2259/399/2367
f 2259/399/2367 2417/147/2129 1909/145/2126
f 3104/398/2366 1919/151/2365 2417/147/2129
f 2276/246/2223 2279/395/2363 3104/398/2366
f 1947/400/2368 3105/401/2369 2460/403/2370
f 2460/403/2370 2456/404/2371 1945/685/2372
f 2387/405/2373 2456/404/2371 3105/401/2369
f 1900/406/2374 3105/401/2369 2458/402/2375
f 2254/311/2282 2401/407/2376 1829/308/2280
f 3106/408/2377 1907/108/2090 2401/407/2376
f 2410/409/2378 2418/107/2088 3106/408/2377
f 1816/169/2149 3106/408/2377 2254/311/2282
f 1848/175/2155 3107/410/2379 2287/171/2151
f 2287/171/2151 2410/409/2378 1816/169/2149
f 3107/410/2379 1917/112/2085 2410/409/2378
f 2413/411/2380 2419/102/2083 3107/410/2379
f 1811/181/2161 3108/412/2381 2288/177/2157
f 2288/177/2157 2413/411/2380 1848/175/2155
f 3108/412/2381 1920/100/2078 2413/411/2380
f 1916/89/2072 3108/412/2381 2409/413/2382
f 2414/414/2383 2291/183/2163 1817/187/2167
f 2291/183/2163 2409/413/2382 1811/181/2161
f 2421/88/2070 2409/413/2382 3109/415/2384
f 1921/78/2060 3109/415/2384 2414/414/2383
f 2262/61/2042 2240/207/2187 1814/211/2191
f 2240/207/2187 2408/416/2385 1832/205/2185
f 2422/83/2065 2408/416/2385 3110/417/2386
f 1913/62/2066 3110/417/2386 2262/61/2042
f 2407/418/2387 2292/189/2169 1818/193/2173
f 3111/419/2388 1817/187/2167 2292/189/2169
f 2423/77/2058 2414/414/2383 3111/419/2388
f 1914/73/2055 3111/419/2388 2407/418/2387
f 1812/199/2179 3112/420/2389 2295/195/2175
f 2295/195/2175 2407/418/2387 1818/193/2173
f 2424/74/2054 2407/418/2387 3112/420/2389
f 2415/421/2390 2424/74/2054 3112/420/2389
f 1832/205/2185 3113/422/2391 2297/201/2181
f 2297/201/2181 2415/421/2390 1812/199/2179
f 3113/422/2391 1922/71/2049 2415/421/2390
f 2408/416/2385 2425/66/2047 3113/422/2391
f 2778/423/2392 2781/52/2037 2093/424/2393
f 2781/52/2037 2426/57/2044 1912/49/2035
f 3114/425/2394 1913/62/2066 2426/57/2044
f 2778/423/2392 2406/84/2064 3114/425/2394
f 2260/45/2030 2239/217/2197 1813/44/2028
f 2239/426/2197 2405/59/2040 1831/58/2041
f 2427/51/2032 2405/59/2040 3115/427/2395
f 1911/46/2033 3115/428/2395 2260/45/2030
f 2094/429/2396 3116/430/2397 2780/37/2022
f 2780/37/2022 2428/41/2029 1910/35/2020
f 3116/430/2397 1911/46/2033 2428/41/2029
f 2745/431/2398 2782/48/2031 3116/430/2397
f 2258/23/2007 2241/229/2206 1815/22/2005
f 3117/432/2399 1822/227/2027 2241/229/2206
f 2429/33/2017 2404/42/2025 3117/432/2399
f 1908/24/2018 3117/432/2399 2258/23/2007
f 2230/433/2400 3118/434/2401 3018/436/2402
f 3018/436/2402 2431/19/2006 2235/17/2000
f 3118/434/2401 1908/24/2018 2431/19/2006
f 3008/435/2403 2402/34/2016 3118/434/2401
f 2627/438/2404 2623/437/2405 2030/439/2406
f 3119/441/2407 2006/440/2408 2623/437/2405
f 2620/443/2409 2448/442/2410 3119/444/2407
f 2627/445/2404 2620/443/2409 3119/444/2407
f 2448/448/2410 2607/447/2411 2006/440/2408
f 3120/450/2412 2007/449/2413 2607/447/2411
f 2449/452/2414 2451/451/2415 3120/453/2412
f 1939/454/2416 3120/453/2412 2448/442/2410
f 2451/456/2415 2606/455/2417 2007/449/2413
f 3121/458/2418 2008/457/2419 2606/455/2417
f 2450/460/2420 2453/459/2421 3121/461/2418
f 1940/462/2422 3121/461/2418 2451/451/2415
f 3007/464/2423 2985/463/2424 2225/465/2425
f 3122/466/2426 2027/446/2427 2985/463/2424
f 2508/467/2428 2620/443/2409 3122/466/2426
f 2212/468/2429 3122/466/2426 3007/464/2423
f 1899/469/2135 3123/470/2430 2399/471/2431
f 2399/471/2431 2459/472/2432 1947/400/2368
f 3123/470/2430 1946/9/1992 2459/472/2432
f 2278/156/2134 2280/473/2433 3123/470/2430
f 1844/157/1988 3124/474/2434 2280/473/2433
f 2280/473/2433 2461/11/1998 1946/9/1992
f 3124/474/2434 1944/16/2435 2461/11/1998
f 2255/5/1987 2246/475/2436 3124/474/2434
f 2212/468/2429 3125/476/2437 3006/478/2438
f 3006/478/2438 2510/479/2439 2214/492/2440
f 3125/476/2437 1945/480/2372 2510/479/2439
f 2972/477/2441 2465/481/2442 3125/476/2437
f 2008/457/2419 3126/483/2443 2605/485/2444
f 2605/485/2444 2462/486/2445 2010/497/2446
f 3126/487/2443 1937/488/2447 2462/504/2445
f 2453/459/2421 2452/489/2448 3126/487/2443
f 2510/479/2439 3005/491/2449 2214/492/2440
f 3127/494/2450 2213/493/2451 3005/491/2449
f 2456/496/2371 2509/495/2452 3127/494/2450
f 1945/480/2372 3127/494/2450 2510/479/2439
f 2010/497/2446 3128/498/2453 2604/499/2454
f 2604/499/2454 2464/500/2455 2011/505/2456
f 3128/501/2453 1948/502/2457 2464/512/2455
f 2462/504/2445 2446/503/2458 3128/501/2453
f 2011/505/2456 3129/506/2459 2603/507/2460
f 2603/507/2460 2454/508/2461 2009/880/2462
f 3129/509/2459 1936/510/2463 2454/878/2461
f 2464/512/2455 2463/511/2464 3129/509/2459
f 2215/513/2465 3130/514/2466 2511/516/2467
f 3130/514/2466 1937/488/2447 2511/516/2467
f 2512/517/2468 2446/503/2458 3130/514/2466
f 2216/518/2469 3130/514/2466 3004/515/2470
f 2194/519/2471 3131/520/2472 2969/522/2473
f 2969/522/2473 2941/523/2474 2199/1623/2475
f 3131/520/2472 1930/524/2476 2941/523/2474
f 2936/521/2477 2440/525/2478 3131/520/2472
f 3003/527/2479 2512/517/2468 2216/518/2469
f 3132/528/2480 1948/502/2457 2512/517/2468
f 2507/529/2481 2463/511/2464 3132/528/2480
f 2211/530/2482 3132/528/2480 3003/527/2479
f 2005/531/2483 3133/532/2484 2602/534/2485
f 2602/534/2485 2590/535/2486 2014/885/2487
f 3133/536/2484 1949/537/2488 2590/883/2486
f 2272/539/2489 2433/538/2490 3133/536/2484
f 3002/541/2491 2507/529/2481 2211/530/2482
f 3134/542/2492 1936/510/2463 2507/529/2481
f 2513/544/2493 2445/543/2494 3134/542/2492
f 2217/545/2495 3134/542/2492 3002/541/2491
f 3001/546/2496 2513/544/2493 2217/545/2495
f 3135/547/2497 1943/540/2498 2513/544/2493
f 2514/548/2499 2433/538/2490 3135/547/2497
f 2218/549/2500 3135/547/2497 3001/546/2496
f 3000/550/2501 2514/548/2499 2218/549/2500
f 3136/551/2502 1949/537/2488 2514/548/2499
f 2515/553/2503 2468/552/2504 3136/551/2502
f 2219/554/2505 3136/551/2502 3000/550/2501
f 2192/555/2506 3137/556/2507 2968/558/2508
f 2968/558/2508 2551/559/2509 2204/1625/2510
f 3137/556/2507 1998/560/2511 2551/559/2509
f 2472/557/2512 2552/561/2513 3137/556/2507
f 2474/564/2514 2967/563/2515 2193/565/2516
f 3138/566/2517 2192/555/2506 2967/563/2515
f 2473/567/2518 2472/557/2512 3138/566/2517
f 1952/568/2519 3138/566/2517 2474/564/2514
f 2193/565/2516 3139/569/2520 2474/564/2514
f 2474/564/2514 2475/571/2521 1952/568/2519
f 3139/569/2520 1953/572/2522 2475/571/2521
f 2966/570/2523 2442/573/2524 3139/569/2520
f 2884/576/2525 2892/575/2526 2166/577/2527
f 3140/579/2528 2168/578/2529 2892/575/2526
f 2535/581/2530 2574/580/2531 3140/579/2528
f 1984/582/2532 3140/579/2528 2884/576/2525
f 2601/584/2533 2881/583/2534 2163/585/2535
f 3141/587/2536 2159/586/2537 2881/588/2534
f 2589/590/2538 2501/589/2539 3141/587/2536
f 2013/592/2540 3141/591/2536 2601/584/2533
f 2016/593/2541 3142/594/2542 2489/596/2543
f 2489/596/2543 2490/597/2544 1966/605/2545
f 3142/594/2542 1956/598/2546 2490/597/2544
f 2600/595/2547 2479/599/2548 3142/594/2542
f 2489/596/2543 2599/600/2549 2016/593/2541
f 2599/600/2549 2488/601/2550 2015/606/2551
f 3143/602/2552 1965/603/2553 2488/601/2550
f 1966/605/2545 3143/602/2552 2489/596/2543
f 2015/606/2551 3144/607/2554 2598/608/2555
f 2598/608/2555 2487/609/2556 2014/885/2487
f 3144/607/2554 1964/610/2557 2487/609/2556
f 2488/601/2550 2492/611/2558 3144/607/2554
f 2194/519/2471 3145/612/2559 2965/614/2560
f 2965/614/2560 2946/615/2561 2204/1625/2510
f 3145/612/2559 1964/610/2557 2946/615/2561
f 2477/613/2562 2493/616/2563 3145/612/2559
f 2005/531/2483 3146/618/2564 2597/620/2565
f 2597/620/2565 2585/621/2566 2009/880/2462
f 3146/618/2564 1961/622/2567 2585/621/2566
f 2581/619/2568 2494/623/2569 3146/618/2564
f 2201/624/2570 3147/625/2571 2964/627/2572
f 2964/627/2572 2484/628/2573 2199/1623/2475
f 3147/625/2571 1961/622/2567 2484/628/2573
f 2486/626/2574 2495/629/2575 3147/625/2571
f 2200/631/2576 3148/632/2577 2963/634/2578
f 2963/634/2578 2486/626/2574 2201/624/2570
f 3148/632/2577 1963/630/2579 2486/626/2574
f 2485/633/2580 2496/635/2581 3148/632/2577
f 2483/638/2582 2962/637/2583 2198/639/2584
f 2962/637/2583 2485/633/2580 2200/631/2576
f 3149/640/2585 1962/636/2586 2485/633/2580
f 1960/642/2587 3149/640/2585 2483/638/2582
f 2482/644/2588 2961/643/2589 2197/645/2590
f 3150/646/2591 2198/639/2584 2961/643/2589
f 2498/647/2592 2483/638/2582 3150/646/2591
f 1959/648/2593 3150/646/2591 2482/644/2588
f 2481/650/2594 2960/649/2595 2196/651/2596
f 3151/652/2597 2197/645/2590 2960/649/2595
f 2499/653/2598 2482/644/2588 3151/652/2597
f 1958/654/2599 3151/652/2597 2481/650/2594
f 2205/655/2600 3152/656/2601 2959/658/2602
f 3152/656/2601 2196/651/2596 2959/658/2602
f 2622/659/2603 2481/650/2594 3152/656/2601
f 2625/657/2604 2622/659/2603 3152/656/2601
f 2207/661/2605 3153/662/2606 2958/664/2607
f 2958/664/2607 2442/573/2524 2191/574/2608
f 3153/662/2606 1953/572/2522 2442/573/2524
f 2880/663/2609 2870/665/2610 3153/662/2606
f 2208/667/2611 3154/668/2612 2950/670/2613
f 2950/670/2613 2571/671/2614 2165/866/2615
f 3154/668/2612 1972/672/2616 2571/671/2614
f 2957/669/2617 2945/673/2618 3154/668/2612
f 2999/675/2619 2515/553/2503 2219/554/2505
f 3155/677/2620 1950/676/2621 2515/553/2503
f 2516/679/2622 2470/678/2623 3155/677/2620
f 2220/680/2624 3155/677/2620 2999/675/2619
f 1947/400/2368 3156/681/2625 2399/471/2431
f 2399/471/2431 2466/682/2626 1899/469/2135
f 3156/681/2625 1942/683/2627 2466/682/2626
f 2460/403/2370 2465/684/2442 3156/681/2625
f 2998/687/2628 2981/686/2629 2221/688/2630
f 3157/690/2631 1981/689/2632 2981/686/2629
f 2980/692/2633 2530/691/2634 3157/690/2631
f 2220/680/2624 3157/690/2631 2998/687/2628
f 2873/694/2635 2879/693/2636 2161/695/2637
f 3158/697/2638 2160/696/2639 2879/693/2636
f 2517/699/2640 2519/698/2641 3158/697/2638
f 1973/700/2642 3158/697/2638 2873/694/2635
f 2169/701/2643 3159/702/2644 2890/1510/2645
f 2890/704/2645 2885/705/2646 2167/1504/2647
f 2594/707/2648 2885/705/2646 3159/706/2644
f 2596/703/2649 2594/708/2648 3159/702/2644
f 2518/710/2650 2396/390/2651 1901/391/2359
f 3160/711/2652 1904/113/2094 2396/390/2651
f 2522/713/2653 2521/712/2654 3160/711/2652
f 1977/714/2655 3160/711/2652 2518/710/2650
f 2275/716/2656 2523/715/2657 1841/717/2658
f 3161/719/2659 1978/718/2660 2523/715/2657
f 2379/115/2100 2521/712/2654 3161/719/2659
f 1880/120/2661 3161/719/2659 2275/716/2656
f 2520/720/2662 2522/713/2653 1977/714/2655
f 3162/721/2663 1978/718/2660 2522/713/2653
f 2526/723/2664 2524/722/2665 3162/721/2663
f 1980/724/2666 3162/721/2663 2520/720/2662
f 2530/726/2634 2531/725/2667 1981/727/2632
f 3163/729/2668 1979/728/2669 2531/725/2667
f 2523/715/2657 2524/722/2665 3163/729/2668
f 1841/717/2658 3163/729/2668 2530/726/2634
f 2227/730/2670 3164/731/2671 2997/733/2672
f 2997/733/2672 2529/734/2673 2222/876/2674
f 3164/731/2671 1982/735/2675 2529/734/2673
f 2878/732/2676 2874/736/2677 3164/731/2671
f 2519/698/2641 2877/738/2678 2160/696/2639
f 3165/740/2679 2162/739/2680 2877/738/2678
f 2532/742/2681 2874/741/2677 3165/740/2679
f 1974/743/2682 3165/740/2679 2519/698/2641
f 3025/745/2683 2868/744/2684 2156/746/2685
f 3166/748/2686 2151/747/2687 2868/749/2684
f 2593/751/2688 3023/750/2689 3166/748/2686
f 2017/753/2690 3166/752/2686 3025/745/2683
f 2867/755/2691 3029/754/2692 2206/756/2693
f 3167/758/2694 2202/757/2695 3029/754/2692
f 3026/760/2696 2503/759/2697 3167/758/2694
f 2152/761/2698 3167/758/2694 2867/755/2691
f 2996/763/2699 2988/762/2700 2228/764/2701
f 2988/762/2700 2573/765/2702 2167/1504/2647
f 2984/767/2703 2573/765/2702 3168/766/2704
f 2224/768/2705 3168/766/2704 2996/763/2699
f 2134/769/2706 3169/770/2707 2549/772/2708
f 2549/772/2708 2550/773/2709 1998/560/2511
f 3169/770/2707 1931/526/2710 2550/773/2709
f 2860/771/2711 2555/774/2712 3169/770/2707
f 2137/776/2713 3170/777/2714 2859/779/2715
f 2859/779/2715 2556/780/2716 2136/834/2717
f 3170/777/2714 1994/781/2718 2556/780/2716
f 2557/778/2719 2547/782/2720 3170/777/2714
f 2149/784/2721 3171/785/2722 2842/787/2723
f 2842/787/2723 2723/788/2724 2080/935/2725
f 3171/785/2722 1988/789/2726 2723/788/2724
f 2858/786/2727 2826/790/2728 3171/785/2722
f 2139/792/2729 3172/793/2730 2857/795/2731
f 2857/795/2731 2559/796/2732 2138/1234/2733
f 3172/793/2730 2003/797/2734 2559/796/2732
f 2560/794/2735 2541/798/2736 3172/793/2730
f 2140/800/2737 3173/801/2738 2856/803/2739
f 2856/803/2739 2560/794/2735 2139/792/2729
f 3173/801/2738 1989/799/2740 2560/794/2735
f 2561/802/2741 2542/804/2742 3173/801/2738
f 2855/807/2743 2562/806/2744 2141/808/2745
f 3174/810/2746 2002/809/2747 2562/806/2744
f 2833/812/2748 2554/811/2749 3174/810/2746
f 2140/800/2737 3174/810/2746 2855/807/2743
f 2854/814/2750 2835/813/2751 2142/815/2752
f 3175/817/2753 1925/816/2754 2835/813/2751
f 2562/806/2744 2567/818/2755 3175/817/2753
f 2141/808/2745 3175/817/2753 2854/814/2750
f 2143/819/2756 3176/820/2757 2853/822/2758
f 2853/822/2758 2563/823/2759 2142/1435/2752
f 3176/820/2757 1991/824/2760 2563/823/2759
f 2564/821/2761 2544/825/2762 3176/820/2757
f 2144/827/2763 3177/828/2764 2852/830/2765
f 2852/830/2765 2564/821/2761 2143/819/2756
f 3177/828/2764 1992/826/2766 2564/821/2761
f 2565/829/2767 2545/831/2768 3177/828/2764
f 2556/780/2716 2851/833/2769 2136/834/2717
f 3178/835/2770 2144/827/2763 2851/833/2769
f 3178/835/2770 1993/832/2771 2565/829/2767
f 1994/781/2718 3178/835/2770 2556/780/2716
f 2850/838/2772 2569/837/2773 2145/839/2774
f 2569/837/2773 2566/840/2775 2004/1115/2776
f 3179/841/2777 1996/842/2778 2566/840/2775
f 2850/838/2772 2828/843/2779 3179/841/2777
f 2849/844/2780 2557/778/2719 2137/776/2713
f 3180/845/2781 1995/783/2782 2557/778/2719
f 2569/837/2773 2568/846/2783 3180/845/2781
f 2145/839/2774 3180/845/2781 2849/844/2780
f 3024/848/2784 2866/847/2785 2155/849/2786
f 3181/851/2787 2154/850/2788 2866/847/2785
f 2532/742/2681 3028/852/2789 3181/851/2787
f 1982/853/2675 3181/851/2787 3024/848/2784
f 2215/513/2465 3182/854/2790 2975/857/2791
f 3182/854/2790 1918/856/2120 2975/857/2791
f 2509/495/2452 2578/858/2792 3182/854/2790
f 2995/855/2793 2509/495/2452 3182/854/2790
f 1838/859/2794 3183/860/2795 2578/861/2792
f 2578/861/2792 2430/137/2118 1918/138/2120
f 3183/860/2795 1923/397/2119 2430/137/2118
f 2387/405/2373 2579/862/2796 3183/860/2795
f 2457/12/1994 2459/472/2432 1946/9/1992
f 3184/863/2797 1947/400/2368 2459/472/2432
f 2580/864/2798 2458/402/2375 3184/863/2797
f 1845/149/1996 3184/863/2797 2457/12/1994
f 1919/151/2365 3185/865/2799 2412/150/2130
f 2412/150/2130 2580/864/2798 1845/149/1996
f 3185/865/2799 1900/406/2374 2580/864/2798
f 2416/396/2364 2579/862/2796 3185/865/2799
f 2165/866/2615 3186/867/2800 2888/868/2801
f 2888/868/2801 2596/703/2649 2169/701/2643
f 3186/867/2800 2018/709/2802 2596/703/2649
f 2571/671/2614 2505/869/2803 3186/867/2800
f 3030/871/2804 2986/870/2805 2226/872/2806
f 3187/874/2807 2155/873/2786 2986/870/2805
f 2529/734/2673 3024/875/2784 3187/874/2807
f 2222/876/2674 3187/874/2807 3030/871/2804
f 1943/540/2498 3188/877/2808 2445/543/2494
f 2445/543/2494 2454/878/2461 1936/510/2463
f 3188/879/2808 2009/880/2462 2454/508/2461
f 2272/533/2489 2597/620/2565 3188/879/2808
f 1950/676/2621 3189/881/2809 2468/552/2504
f 2468/552/2504 2590/883/2486 1949/537/2488
f 3189/884/2809 2014/885/2487 2590/535/2486
f 2591/886/2810 2598/608/2555 3189/884/2809
f 1935/887/2811 3190/888/2812 2470/678/2623
f 2470/678/2623 2591/882/2810 1950/676/2621
f 3190/890/2812 2015/606/2551 2591/886/2810
f 2592/891/2813 2599/600/2549 3190/890/2812
f 2444/892/2814 2592/889/2813 1935/887/2811
f 3191/893/2815 2016/593/2541 2592/891/2813
f 2589/894/2538 2600/595/2547 3191/893/2815
f 1933/896/2816 3191/895/2815 2444/892/2814
f 2869/898/2817 2876/897/2818 2157/899/2819
f 3192/900/2820 2163/585/2535 2876/897/2818
f 2479/599/2548 2601/584/2533 3192/900/2820
f 2869/898/2817 2479/599/2548 3192/900/2820
f 1954/617/2821 3193/901/2822 2493/616/2563
f 2493/616/2563 2487/609/2556 1964/610/2557
f 3193/901/2822 2014/885/2487 2487/609/2556
f 2581/619/2568 2602/534/2485 3193/901/2822
f 1963/630/2579 3194/902/2823 2495/629/2575
f 2495/629/2575 2585/621/2566 1961/622/2567
f 3194/902/2823 2009/880/2462 2585/621/2566
f 2587/903/2824 2603/507/2460 3194/902/2823
f 1962/636/2586 3195/904/2825 2496/635/2581
f 2496/635/2581 2587/903/2824 1963/630/2579
f 3195/904/2825 2011/505/2456 2587/903/2824
f 2586/905/2826 2604/499/2454 3195/904/2825
f 2584/906/2827 2497/641/2828 1960/642/2587
f 2497/641/2828 2586/905/2826 1962/636/2586
f 3196/907/2829 2010/497/2446 2586/905/2826
f 2584/906/2827 2605/485/2444 3196/907/2829
f 2583/908/2830 2498/647/2592 1959/648/2593
f 3197/909/2831 1960/642/2587 2498/647/2592
f 2606/455/2417 2584/906/2827 3197/909/2831
f 2007/449/2413 3197/909/2831 2583/908/2830
f 2582/910/2832 2499/653/2598 1958/654/2599
f 3198/911/2833 1959/648/2593 2499/653/2598
f 2607/447/2411 2583/908/2830 3198/911/2833
f 2006/440/2408 3198/911/2833 2582/910/2832
f 2624/912/2834 2622/659/2603 2029/660/2835
f 3199/913/2836 1958/654/2599 2622/659/2603
f 2623/437/2405 2582/910/2832 3199/913/2836
f 2030/439/2406 3199/913/2836 2624/912/2834
f 2000/914/2837 3200/915/2838 2554/811/2749
f 2554/811/2749 2611/917/2839 2002/809/2747
f 3200/915/2838 2021/918/2840 2611/917/2839
f 2610/916/2841 2609/919/2842 3200/915/2838
f 1999/921/2843 3201/922/2844 2441/924/2845
f 2441/924/2845 2610/916/2841 2000/914/2837
f 3201/922/2844 2020/920/2846 2610/916/2841
f 2613/923/2847 2616/925/2848 3201/922/2844
f 1932/927/2849 3202/928/2850 2469/930/2851
f 2469/930/2851 2613/923/2847 1999/921/2843
f 3202/928/2850 2022/926/2852 2613/923/2847
f 2614/929/2853 2612/931/2854 3202/928/2850
f 2732/934/2855 2471/933/2856 2080/935/2725
f 3203/936/2857 1932/927/2849 2471/933/2856
f 2639/937/2858 2614/929/2853 3203/936/2857
f 2083/938/2859 3203/936/2857 2732/934/2855
f 2002/809/2747 3204/939/2860 2567/818/2755
f 2567/818/2755 2619/940/2861 1925/816/2754
f 3204/939/2860 2026/941/2862 2619/940/2861
f 2611/917/2839 2630/942/2863 3204/939/2860
f 2175/943/2864 3205/944/2865 2898/946/2866
f 3205/944/2865 2029/660/2835 2898/946/2866
f 2899/947/2867 2624/912/2834 3205/944/2865
f 2176/948/2868 3205/944/2865 2930/945/2869
f 2209/949/2870 3206/950/2871 2956/952/2872
f 2956/952/2872 2625/657/2604 2205/655/2600
f 3206/950/2871 2029/660/2835 2625/657/2604
f 2929/951/2873 2898/946/2866 3206/950/2871
f 2994/954/2874 2989/953/2875 2229/955/2876
f 3207/957/2877 2173/956/2878 2989/953/2875
f 2985/463/2424 2896/958/2879 3207/957/2877
f 2225/465/2425 3207/957/2877 2994/954/2874
f 2927/959/2880 2899/947/2867 2176/948/2868
f 3208/960/2881 2030/439/2406 2899/947/2867
f 2896/958/2879 2627/445/2404 3208/961/2881
f 2173/956/2878 3208/961/2881 2927/962/2880
f 2171/123/2104 3209/963/2882 2894/965/2883
f 2894/965/2883 2628/154/2136 2025/152/2131
f 3209/963/2882 2024/1/1984 2628/154/2136
f 2926/964/2884 2893/966/2885 3209/963/2882
f 1899/469/2135 3210/968/2886 2618/155/2133
f 2618/155/2133 2629/969/2887 2025/152/2131
f 3210/968/2886 2028/970/2888 2629/969/2887
f 2466/682/2626 2621/971/2889 3210/968/2886
f 2170/967/2890 3211/972/2891 2893/966/2885
f 2893/966/2885 2784/3/1990 2024/1/1984
f 3211/972/2891 2096/8/2892 2784/3/1990
f 2925/973/2893 2910/974/2894 3211/972/2891
f 2172/976/2895 3212/977/2896 2924/979/2897
f 2924/979/2897 2901/980/2898 2178/1550/2899
f 3212/977/2896 2021/918/2840 2901/980/2898
f 2895/978/2900 2630/942/2863 3212/977/2896
f 2179/981/2901 3213/982/2902 2923/984/2903
f 2923/984/2903 2632/985/2904 2178/1550/2899
f 3213/982/2902 2031/986/2905 2632/985/2904
f 2634/983/2906 2633/987/2907 3213/982/2902
f 2180/989/2908 3214/990/2909 2922/992/2910
f 2922/992/2910 2634/983/2906 2179/981/2901
f 3214/990/2909 2032/988/2911 2634/983/2906
f 2636/991/2912 2635/993/2913 3214/990/2909
f 2921/996/2914 2908/995/2915 2185/997/2916
f 2908/995/2915 2639/937/2858 2083/938/2859
f 3215/998/2917 2023/932/2918 2639/937/2858
f 2177/1000/2919 3215/998/2917 2921/996/2914
f 2177/1000/2919 3216/1001/2920 2920/1003/2921
f 2920/1003/2921 2636/991/2912 2180/989/2908
f 3216/1001/2920 2033/994/2922 2636/991/2912
f 2900/1002/2923 2637/1004/2924 3216/1001/2920
f 2665/1007/2925 2689/1006/2926 2049/1008/2927
f 3217/1010/2928 2051/1009/2929 2689/1006/2926
f 2646/1012/2930 2667/1011/2931 3217/1010/2928
f 2037/1013/2932 3217/1010/2928 2665/1007/2925
f 2645/1015/2933 2688/1014/2934 2052/1016/2935
f 2688/1014/2934 2642/1017/2936 2050/1033/2937
f 2647/1019/2938 2642/1017/2936 3218/1018/2939
f 2040/1020/2940 3218/1018/2939 2645/1015/2933
f 2667/1011/2931 2687/1021/2941 2051/1009/2929
f 3219/1022/2942 2052/1016/2935 2687/1021/2941
f 2643/1023/2943 2645/1015/2933 3219/1022/2942
f 2039/1024/2944 3219/1022/2942 2667/1011/2931
f 2686/1026/2945 2730/1025/2946 2085/1027/2947
f 3220/1029/2948 2082/1028/2949 2730/1025/2946
f 2677/1031/2950 2725/1030/2951 3220/1029/2948
f 2061/1032/2952 3220/1029/2948 2686/1026/2945
f 2050/1033/2937 3221/1034/2953 2685/1035/2954
f 2685/1035/2954 2670/1036/2955 2054/1040/2956
f 3221/1034/2953 2043/1037/2957 2670/1036/2955
f 2642/1017/2936 2655/1038/2958 3221/1034/2953
f 2054/1040/2956 3222/1041/2959 2684/1042/2960
f 2684/1042/2960 2672/1043/2961 2056/1046/2962
f 3222/1041/2959 2045/1044/2963 2672/1043/2961
f 2670/1036/2955 2656/1045/2964 3222/1041/2959
f 2056/1046/2962 3223/1047/2965 2683/1048/2966
f 2683/1048/2966 2653/1049/2967 2057/1052/2968
f 3223/1047/2965 2044/1050/2969 2653/1049/2967
f 2672/1043/2961 2651/1051/2970 3223/1047/2965
f 2057/1052/2968 3224/1053/2971 2682/1054/2972
f 2682/1054/2972 2654/1055/2973 2058/1101/2974
f 3224/1053/2971 2046/1056/2975 2654/1055/2973
f 2653/1049/2967 2657/1057/2976 3224/1053/2971
f 2058/1058/2974 3225/1059/2977 2681/1061/2978
f 2681/1061/2978 2650/1062/2979 2055/1066/2980
f 3225/1059/2977 2042/1063/2981 2650/1062/2979
f 2654/1060/2973 2663/1064/2982 3225/1059/2977
f 2055/1066/2980 3226/1067/2983 2680/1068/2984
f 2680/1068/2984 2648/1069/2985 2053/1072/2986
f 3226/1067/2983 2041/1070/2987 2648/1069/2985
f 2650/1062/2979 2662/1071/2988 3226/1067/2983
f 2053/1072/2986 3227/1073/2989 2679/1074/2990
f 2679/1074/2990 2658/1075/2991 2059/1078/2992
f 3227/1073/2989 2047/1076/2993 2658/1075/2991
f 2648/1069/2985 2660/1077/2994 3227/1073/2989
f 2059/1078/2992 3228/1079/2995 2678/1080/2996
f 2678/1080/2996 2659/1081/2997 2060/1087/2998
f 3228/1079/2995 2048/1082/2999 2659/1081/2997
f 2658/1075/2991 2664/1083/3000 3228/1079/2995
f 1989/799/2740 3229/1084/3001 2541/798/2736
f 2541/798/2736 2676/1086/3002 2003/797/2734
f 3229/1084/3001 2060/1087/2998 2676/1086/3002
f 2675/1085/3003 2678/1080/2996 3229/1084/3001
f 1990/805/3004 3230/1088/3005 2542/804/2742
f 2542/804/2742 2675/1085/3003 1989/799/2740
f 3230/1088/3005 2059/1078/2992 2675/1085/3003
f 2669/1089/3006 2679/1074/2990 3230/1088/3005
f 2001/1090/3007 3231/1091/3008 2553/1093/3009
f 2553/1093/3009 2669/1089/3006 1990/805/3004
f 3231/1091/3008 2053/1072/2986 2669/1089/3006
f 2671/1092/3010 2680/1068/2984 3231/1091/3008
f 1991/1094/2760 3232/1095/3011 2543/1097/3012
f 2543/1097/3012 2671/1092/3010 2001/1090/3007
f 3232/1095/3011 2055/1066/2980 2671/1092/3010
f 2674/1096/3013 2681/1061/2978 3232/1095/3011
f 1992/826/2766 3233/1098/3014 2544/825/2762
f 2544/825/2762 2674/1100/3013 1991/824/2760
f 3233/1098/3014 2058/1101/2974 2674/1100/3013
f 2673/1099/3015 2682/1054/2972 3233/1098/3014
f 1993/832/2771 3234/1102/3016 2545/831/2768
f 2545/831/2768 2673/1099/3015 1992/826/2766
f 3234/1102/3016 2057/1052/2968 2673/1099/3015
f 2652/1103/3017 2683/1048/2966 3234/1102/3016
f 1994/781/2718 3235/1104/3018 2546/836/3019
f 2546/836/3019 2652/1103/3017 1993/832/2771
f 3235/1104/3018 2056/1046/2962 2652/1103/3017
f 2649/1105/3020 2684/1042/2960 3235/1104/3018
f 1995/783/2782 3236/1106/3021 2547/782/2720
f 2547/782/2720 2649/1105/3020 1994/781/2718
f 3236/1106/3021 2054/1040/2956 2649/1105/3020
f 2666/1107/3022 2685/1035/2954 3236/1106/3021
f 2727/1109/3023 2729/1108/3024 2084/1110/3025
f 3237/1111/3026 2085/1027/2947 2729/1108/3024
f 2661/1112/3027 2686/1026/2945 3237/1111/3026
f 2036/1113/3028 3237/1111/3026 2727/1109/3023
f 2644/1114/3029 2566/840/2775 1996/842/2778
f 3238/1116/3030 2004/1115/2776 2566/840/2775
f 2687/1021/2941 2668/1117/3031 3238/1116/3030
f 2051/1009/2929 3238/1116/3030 2644/1114/3029
f 2004/1115/2776 3239/1118/3032 2568/846/2783
f 2568/846/2783 2666/1107/3022 1995/783/2782
f 3239/1118/3032 2050/1033/2937 2666/1107/3022
f 2052/1016/2935 3239/1118/3032 2668/1117/3031
f 2640/1120/3033 2548/1119/3034 1997/1121/3035
f 3240/1122/3036 1996/842/2778 2548/1119/3034
f 2689/1006/2926 2644/1114/3029 3240/1122/3036
f 2049/1008/2927 3240/1122/3036 2640/1120/3033
f 2919/1124/3037 2909/1123/3038 2186/1125/3039
f 3241/1127/3040 2086/1126/3041 2909/1123/3038
f 2905/1129/3042 2696/1128/3043 3241/1127/3040
f 2182/1130/3044 3241/1127/3040 2919/1124/3037
f 2738/1132/3045 2743/1131/3046 2090/1133/3047
f 3242/1135/3048 2089/1134/3049 2743/1131/3046
f 2691/1137/3050 2737/1136/3051 3242/1135/3048
f 2064/1138/3052 3242/1135/3048 2738/1132/3045
f 2091/1139/3053 3243/1140/3054 2742/1143/3055
f 3243/1140/3054 2087/1142/3055 2742/1143/3055
f 2693/1145/3056 2699/1144/3054 3243/1140/3054
f 2739/1141/3057 2693/1145/3056 3243/1140/3054
f 2087/1142/3055 3244/1147/3054 2741/1148/3055
f 2741/1148/3055 2700/1149/3054 2088/1244/3055
f 3244/1147/3054 2063/1150/3056 2700/1149/3054
f 2699/1144/3054 2694/1151/3056 3244/1147/3054
f 2848/1154/3058 2843/1153/3059 2150/1155/3060
f 3245/1156/3061 2090/1133/3047 2843/1153/3059
f 2839/1157/3062 2738/1132/3045 3245/1156/3061
f 2146/1158/3063 3245/1156/3061 2848/1154/3058
f 2133/791/3064 3246/1159/3065 2826/790/2728
f 2826/790/2728 2697/1161/3066 1988/789/2726
f 3246/1159/3065 2070/1162/3067 2697/1161/3066
f 2847/1160/3068 2840/1163/3069 3246/1159/3065
f 2705/1165/3070 2677/1031/2950 2061/1032/2952
f 3247/1167/3071 1987/1166/3072 2677/1031/2950
f 3247/1167/3071 2073/1168/3073 2706/1412/3074
f 2705/1165/3070 2708/1169/3075 3247/1167/3071
f 2698/1171/3076 2661/1112/3027 2036/1113/3028
f 3248/1172/3077 2061/1032/2952 2661/1112/3027
f 3248/1172/3077 2072/1170/3078 2705/1165/3070
f 2698/1171/3076 2709/1173/3079 3248/1172/3077
f 1988/789/2726 3249/1175/3080 2540/1176/3081
f 2540/1176/3081 2695/1177/3082 2035/1233/3083
f 3249/1175/3080 2068/1178/3084 2695/1177/3082
f 2697/1161/3066 2710/1179/3085 3249/1175/3080
f 2918/1181/3086 2904/1180/3087 2181/1182/3088
f 3250/1184/3089 1986/1183/3090 2904/1180/3087
f 2906/1186/3091 2702/1185/3092 3250/1184/3089
f 2183/1187/3093 3250/1184/3089 2918/1181/3086
f 2147/1164/3094 3251/1188/3095 2840/1163/3069
f 2840/1163/3069 2703/1190/3096 2070/1162/3067
f 2841/1192/3097 2703/1191/3096 3251/1193/3095
f 2148/1194/3098 3251/1193/3095 2846/1195/3099
f 2072/1170/3078 3252/1196/3100 2708/1169/3075
f 2708/1169/3075 2714/1198/3101 2073/1168/3073
f 3252/1199/3100 2076/1200/3102 2714/1410/3101
f 2713/1202/3103 2719/1201/3104 3252/1199/3100
f 2071/1174/3105 3253/1204/3106 2709/1173/3079
f 2709/1173/3079 2713/1197/3103 2072/1170/3078
f 3253/1206/3106 2075/1203/3107 2713/1202/3103
f 2704/1208/3108 2720/1207/3109 3253/1206/3106
f 2070/1162/3067 3254/1210/3110 2710/1179/3085
f 3254/1210/3110 2068/1178/3084 2710/1179/3085
f 2721/1212/3111 2701/1211/3112 3254/1213/3110
f 2078/1214/3113 3254/1213/3110 2703/1191/3096
f 2917/1215/3114 2906/1186/3091 2183/1187/3093
f 3255/1217/3115 2069/1216/3116 2906/1186/3091
f 2907/1219/3117 2712/1218/3118 3255/1220/3115
f 2184/1221/3119 3255/1220/3115 2917/1222/3114
f 2641/1223/3120 2659/1081/2997 2048/1082/2999
f 3256/1224/3121 2060/1087/2998 2659/1081/2997
f 2729/1108/3024 2728/1225/3122 3256/1224/3121
f 2084/1110/3025 3256/1224/3121 2641/1223/3120
f 2728/1225/3122 2676/1086/3002 2060/1087/2998
f 3257/1226/3123 2003/797/2734 2676/1086/3002
f 2730/1025/2946 2558/1227/3124 3257/1226/3123
f 2085/1027/2947 3257/1226/3123 2728/1225/3122
f 2916/1229/3125 2638/1228/3126 2181/1182/3088
f 2638/1228/3126 2726/1230/3127 2035/1233/3083
f 3258/1231/3128 2083/938/2859 2726/1230/3127
f 2185/997/2916 3258/1231/3128 2916/1229/3125
f 2540/1176/3081 2723/788/2724 1988/789/2726
f 3259/1232/3129 2080/935/2725 2723/788/2724
f 2726/1230/3127 2732/934/2855 3259/1232/3129
f 2035/1233/3083 3259/1232/3129 2540/1176/3081
f 2138/1234/2733 3260/1235/3130 2831/1237/3131
f 2831/1237/3131 2471/933/2856 1932/927/2849
f 3260/1235/3130 2080/935/2725 2471/933/2856
f 2845/1236/3132 2842/787/2723 3260/1235/3130
f 2844/1238/3133 2841/1192/3097 2148/1194/3098
f 3261/1239/3134 2078/1214/3113 2841/1192/3097
f 2843/1153/3059 2716/1240/3135 3261/1239/3134
f 2150/1155/3060 3261/1239/3134 2844/1238/3133
f 2075/1203/3107 3262/1241/3136 2719/1201/3104
f 2719/1201/3104 2736/1243/3136 2076/1200/3102
f 3262/1241/3136 2088/1244/3055 2736/1243/3136
f 2735/1242/3136 2741/1148/3055 3262/1241/3136
f 2079/1209/3137 3263/1245/3136 2720/1207/3109
f 3263/1245/3136 2075/1203/3107 2720/1207/3109
f 2742/1143/3055 2735/1242/3136 3263/1245/3136
f 2717/1246/3136 2742/1143/3055 3263/1245/3136
f 2716/1240/3135 2721/1212/3111 2078/1214/3113
f 3264/1248/3138 2077/1247/3139 2721/1212/3111
f 2743/1131/3046 2715/1249/3140 3264/1248/3138
f 2090/1133/3047 3264/1248/3138 2716/1240/3135
f 2915/1250/3141 2907/1219/3117 2184/1221/3119
f 3265/1252/3142 2074/1251/3143 2907/1219/3117
f 2909/1123/3038 2734/1253/3144 3265/1252/3142
f 2186/1125/3039 3265/1252/3142 2915/1250/3141
f 2115/1254/3145 3266/1255/3146 2825/1257/3147
f 2825/1257/3147 2786/1258/3148 2128/1262/3149
f 3266/1255/3146 2102/1259/3150 2786/1258/3148
f 2791/1256/3151 2754/1260/3152 3266/1255/3146
f 2128/1262/3149 3267/1263/3153 2824/1264/3154
f 2824/1264/3154 2787/1265/3155 2129/1286/3156
f 3267/1263/3153 2103/1266/3157 2787/1265/3155
f 2786/1258/3148 2752/1267/3158 3267/1263/3153
f 3017/1269/3159 3015/1268/3160 2237/1270/3161
f 3268/1272/3162 2131/1271/3163 3015/1268/3160
f 3014/1274/3164 2789/1273/3165 3268/1272/3162
f 2236/1275/3166 3268/1272/3162 3017/1269/3159
f 2792/1277/3167 2822/1276/3168 2116/1278/3169
f 3269/1280/3170 2132/1279/3171 2822/1281/3168
f 2785/1283/3172 2790/1282/3173 3269/1280/3170
f 2097/1285/3174 3269/1284/3170 2792/1277/3167
f 2129/1286/3156 3270/1287/3175 2821/1288/3176
f 2821/1288/3176 2806/1289/3177 2130/1393/3178
f 3270/1287/3175 2100/1290/3179 2806/1289/3177
f 2787/1265/3155 2753/1291/3180 3270/1287/3175
f 2189/1292/3181 3271/1293/3182 2912/1295/3183
f 2912/1295/3183 2791/1256/3151 2115/1254/3145
f 3271/1293/3182 2104/1261/3184 2791/1256/3151
f 2914/1294/3185 2911/1296/3186 3271/1293/3182
f 2789/1273/3165 2819/1298/3187 2131/1271/3163
f 3272/1300/3188 2118/1299/3189 2819/1298/3187
f 2749/1302/3190 2758/1301/3191 3272/1300/3188
f 2099/1303/3192 3272/1300/3188 2789/1273/3165
f 2758/1301/3191 2818/1304/3193 2118/1299/3189
f 3273/1305/3194 2116/1278/3169 2818/1304/3193
f 2748/1306/3195 2792/1277/3167 3273/1305/3194
f 2098/1307/3196 3273/1305/3194 2758/1301/3191
f 2119/1308/3197 3274/1309/3198 2817/1311/3199
f 2817/1311/3199 2769/1312/3200 2120/1348/3201
f 3274/1309/3198 2114/1313/3202 2769/1312/3200
f 2795/1310/3203 2766/1314/3204 3274/1309/3198
f 2121/1316/3205 3275/1317/3206 2816/1319/3207
f 2816/1319/3207 2771/1320/3208 2122/1338/3209
f 3275/1317/3206 2110/1321/3210 2771/1320/3208
f 2797/1318/3211 2763/1322/3212 3275/1317/3206
f 2123/1324/3213 3276/1325/3214 2815/1327/3215
f 2815/1327/3215 2773/1328/3216 2124/1342/3217
f 3276/1325/3214 2107/1329/3218 2773/1328/3216
f 2799/1326/3219 2765/1330/3220 3276/1325/3214
f 2125/1332/3221 3277/1333/3222 2814/1335/3223
f 2814/1335/3223 2799/1326/3219 2123/1324/3213
f 3277/1333/3222 2112/1331/3224 2799/1326/3219
f 2801/1334/3225 2760/1336/3226 3277/1333/3222
f 2122/1338/3209 3278/1339/3227 2813/1340/3228
f 2813/1340/3228 2795/1310/3203 2119/1308/3197
f 3278/1339/3227 2113/1315/3229 2795/1310/3203
f 2771/1320/3208 2764/1341/3230 3278/1339/3227
f 2124/1342/3217 3279/1343/3231 2812/1344/3232
f 2812/1344/3232 2775/1345/3233 2126/1354/3234
f 3279/1343/3231 2108/1346/3235 2775/1345/3233
f 2773/1328/3216 2761/1347/3236 3279/1343/3231
f 2120/1348/3201 3280/1349/3237 2811/1350/3238
f 2811/1350/3238 2776/1351/3239 2127/1370/3240
f 3280/1349/3237 2111/1352/3241 2776/1351/3239
f 2769/1312/3200 2767/1353/3242 3280/1349/3237
f 2126/1354/3234 3281/1355/3243 2810/1356/3244
f 2810/1356/3244 2797/1318/3211 2121/1316/3205
f 3281/1355/3243 2109/1323/3245 2797/1318/3211
f 2775/1345/3233 2762/1357/3246 3281/1355/3243
f 2790/1282/3173 2809/1358/3247 2132/1279/3171
f 2809/1358/3247 2801/1334/3225 2125/1332/3221
f 2759/1360/3248 2801/1334/3225 3282/1359/3249
f 2105/1361/3250 3282/1359/3249 2790/1282/3173
f 2093/424/2393 3283/1362/3251 2778/423/2392
f 2778/423/2392 2774/1364/3252 1823/87/2069
f 3283/1362/3251 2125/1332/3221 2774/1364/3252
f 2808/1363/3253 2809/1358/3247 3283/1362/3251
f 1825/82/2063 3284/1365/3254 2250/81/2061
f 3284/1365/3254 1826/93/2075 2250/81/2061
f 3284/1365/3254 2121/1316/3205 2770/1379/3255
f 2802/1366/3256 2810/1356/3244 3284/1365/3254
f 1835/104/2086 3285/1367/3257 2270/111/2093
f 2270/111/2093 2803/1369/3258 1828/109/2092
f 3285/1367/3257 2127/1370/3240 2803/1369/3258
f 2796/1368/3259 2811/1350/3238 3285/1367/3257
f 1824/68/2050 3286/1371/3260 2249/76/2056
f 2249/76/2056 2802/1366/3256 1825/82/2063
f 3286/1371/3260 2126/1354/3234 2802/1366/3256
f 2800/1372/3261 2812/1344/3232 3286/1371/3260
f 1827/99/2081 3287/1373/3262 2252/98/3263
f 2252/98/3263 2768/1375/3264 1834/97/2080
f 3287/1373/3262 2119/1308/3197 2768/1375/3264
f 2798/1374/3265 2813/1340/3228 3287/1373/3262
f 1823/87/2069 3288/1376/3266 2248/86/2068
f 2248/86/2068 2772/1377/3267 1833/70/3268
f 3288/1376/3266 2123/1324/3213 2772/1377/3267
f 2774/1364/3252 2814/1335/3223 3288/1376/3266
f 1833/70/3268 3289/1378/3269 2265/69/2052
f 2265/69/2052 2800/1372/3261 1824/68/2050
f 3289/1378/3269 2124/1342/3217 2800/1372/3261
f 2772/1377/3267 2815/1327/3215 3289/1378/3269
f 2770/1379/3255 2251/92/2073 1826/93/2075
f 3290/1380/3270 1827/99/2081 2251/92/2073
f 3290/1380/3270 2122/1338/3209 2798/1374/3265
f 2770/1379/3255 2816/1319/3207 3290/1380/3270
f 1834/97/2080 3291/1381/3271 2268/105/2087
f 2268/105/2087 2796/1368/3259 1835/104/2086
f 3291/1381/3271 2120/1348/3201 2796/1368/3259
f 2768/1375/3264 2817/1311/3199 3291/1381/3271
f 2794/1382/3272 2745/431/2398 2094/429/2396
f 3292/1383/3273 2092/55/2038 2745/431/2398
f 2818/1304/3193 2756/1384/3274 3292/1383/3273
f 2118/1299/3189 3292/1383/3273 2794/1382/3272
f 2807/1385/3275 2777/38/2021 1819/39/2023
f 3293/1386/3276 2094/429/2396 2777/38/2021
f 2819/1298/3187 2794/1382/3272 3293/1386/3276
f 2131/1271/3163 3293/1386/3276 2807/1385/3275
f 2187/975/3277 3294/1387/3278 2910/974/2894
f 2910/974/2894 2755/1389/3279 2096/8/2892
f 3294/1387/3278 2115/1254/3145 2755/1389/3279
f 2913/1388/3280 2912/1295/3183 3294/1387/3278
f 1944/16/2435 3295/1390/3281 2455/15/1999
f 2455/15/1999 2788/1392/3282 1820/14/1997
f 3295/1390/3281 2130/1393/3178 2788/1392/3282
f 2805/1391/3283 2821/1288/3176 3295/1390/3281
f 2756/1384/3274 2746/1394/2036 2092/55/2038
f 2746/53/2036 2808/1363/3253 2093/424/2393
f 3296/1395/3284 2132/1279/3171 2808/1363/3253
f 2116/1278/3169 3296/1396/3284 2756/1384/3274
f 3016/1397/3285 3008/435/2403 2230/433/2400
f 3297/1398/3286 1819/39/2023 3008/435/2403
f 3015/1268/3160 2807/1385/3275 3297/1398/3286
f 2237/1270/3161 3297/1398/3286 3016/1397/3285
f 1821/6/1989 3298/1399/3287 2246/475/2436
f 2246/475/2436 2805/1391/3283 1944/16/2435
f 3298/1399/3287 2129/1286/3156 2805/1391/3283
f 2804/1400/3288 2824/1264/3154 3298/1399/3287
f 2096/8/2892 3299/1401/3289 2783/7/1991
f 2783/7/1991 2804/1400/3288 1821/6/1989
f 3299/1401/3289 2128/1262/3149 2804/1400/3288
f 2755/1389/3279 2825/1257/3147 3299/1401/3289
f 2076/1200/3102 3300/1402/3136 2718/1403/3290
f 2718/1403/3290 2844/1238/3133 2148/1194/3098
f 3300/1402/3136 2150/1155/3060 2844/1238/3133
f 2736/1243/3136 2740/1404/3055 3300/1402/3136
f 2558/1227/3124 2559/796/2732 2003/797/2734
f 2559/796/2732 2845/1236/3132 2138/1234/2733
f 3301/1405/3291 2149/784/2721 2845/1236/3132
f 2558/1227/3124 2733/1406/3292 3301/1405/3291
f 2073/1168/3073 3302/1407/3293 2707/1408/3294
f 2707/1408/3294 2846/1189/3099 2147/1164/3094
f 3302/1409/3293 2148/1194/3098 2846/1195/3099
f 2714/1410/3101 2718/1403/3290 3302/1409/3293
f 1987/1166/3072 3303/1411/3295 2539/1413/3296
f 2539/1413/3296 2847/1160/3068 2133/791/3064
f 3303/1411/3295 2147/1164/3094 2847/1160/3068
f 2706/1412/3074 2707/1408/3294 3303/1411/3295
f 2088/1244/3055 3304/1414/3054 2740/1404/3055
f 2740/1404/3055 2848/1154/3058 2150/1155/3060
f 3304/1414/3054 2146/1158/3063 2848/1154/3058
f 2700/1149/3054 2690/1415/3056 3304/1414/3054
f 2439/1417/3297 2830/1416/3298 1929/1418/3299
f 3305/1419/3300 2137/776/2713 2830/1416/3298
f 2838/1420/3301 2849/844/2780 3305/1419/3300
f 1930/524/2476 3305/1419/3300 2439/1417/3297
f 2440/525/2478 2838/1420/3301 1930/524/2476
f 3306/1421/3302 2145/839/2774 2838/1420/3301
f 3306/1421/3302 2135/775/3303 2850/838/2772
f 2440/525/2478 2555/774/2712 3306/1421/3302
f 2829/1423/3304 2437/1422/3305 1928/1424/3306
f 3307/1426/3307 1927/1425/3308 2437/1422/3305
f 2851/833/2769 2837/1427/3309 3307/1426/3307
f 2136/834/2717 3307/1426/3307 2829/1423/3304
f 2837/1427/3309 2436/1428/3310 1927/1425/3308
f 3308/1430/3311 1926/1429/3312 2436/1428/3310
f 2852/830/2765 2836/1431/3313 3308/1430/3311
f 2144/827/2763 3308/1430/3311 2837/1427/3309
f 2836/1431/3313 2435/1432/3314 1926/1429/3312
f 2435/1432/3314 2835/1433/2751 1925/1611/2754
f 3309/1434/3315 2142/1435/2752 2835/1433/2751
f 2836/1431/3313 2853/822/2758 3309/1434/3315
f 2543/1097/3012 2563/1436/2759 1991/1094/2760
f 3310/1437/3316 2142/815/2752 2563/1436/2759
f 2834/1438/3317 2854/814/2750 3310/1437/3316
f 2001/1090/3007 3310/1437/3316 2543/1097/3012
f 2553/1093/3009 2834/1438/3317 2001/1090/3007
f 3311/1439/3318 2141/808/2745 2834/1438/3317
f 2561/802/2741 2855/807/2743 3311/1439/3318
f 1990/805/3004 3311/1439/3318 2553/1093/3009
f 2000/914/2837 3312/1440/3319 2441/924/2845
f 2441/924/2845 2832/1441/3320 1999/921/2843
f 3312/1440/3319 2139/792/2729 2832/1441/3320
f 2833/812/2748 2856/803/2739 3312/1440/3319
f 1999/921/2843 3313/1442/3321 2469/930/2851
f 2469/930/2851 2831/1237/3131 1932/927/2849
f 3313/1442/3321 2138/1234/2733 2831/1237/3131
f 2832/1441/3320 2857/795/2731 3313/1442/3321
f 2082/1028/2949 3314/1443/3322 2733/1406/3292
f 2733/1406/3292 2858/786/2727 2149/784/2721
f 3314/1443/3322 2133/791/3064 2858/786/2727
f 2725/1030/2951 2539/1413/3296 3314/1443/3322
f 1929/1418/3299 3315/1444/3323 2438/1445/3324
f 2438/1445/3324 2829/1423/3304 1928/1424/3306
f 3315/1444/3323 2136/834/2717 2829/1423/3304
f 2830/1416/3298 2859/779/2715 3315/1444/3323
f 1997/1121/3035 3316/1446/3325 2827/1447/3326
f 2827/1447/3326 2860/771/2711 2134/769/2706
f 3316/1446/3325 2135/775/3303 2860/771/2711
f 2548/1119/3034 2828/843/2779 3316/1446/3325
f 1972/672/2616 3317/1448/3327 2505/869/2803
f 3317/1448/3327 2018/709/2802 2505/869/2803
f 2864/1451/3328 2863/1450/3329 3317/1448/3327
f 2576/1449/3330 2864/1451/3328 3317/1448/3327
f 2993/1454/3331 2534/1453/3332 2223/1455/3333
f 3318/1457/3334 1983/1456/3335 2534/1453/3332
f 2986/870/2805 2862/1458/3336 3318/1457/3334
f 2226/872/2806 3318/1457/3334 2993/1454/3331
f 2862/1460/3336 2533/1459/3337 1983/1461/3335
f 3319/1463/3338 1976/1462/3339 2533/1459/3337
f 2866/847/2785 2577/1464/3340 3319/1463/3338
f 2155/849/2786 3319/1463/3338 2862/1460/3336
f 2504/1466/3341 2955/1465/3342 2203/674/3343
f 3320/1467/3344 2206/756/2693 2955/1465/3342
f 2575/1468/3345 2867/755/2691 3320/1467/3344
f 1970/1469/3346 3320/1467/3344 2504/1466/3341
f 2863/1450/3329 2594/708/2648 2018/709/2802
f 3321/1471/3347 1971/1470/3348 2594/707/2648
f 2868/749/2684 2861/1472/3349 3321/1471/3347
f 2156/746/2685 3321/1473/3347 2863/1450/3329
f 2443/1475/3350 2502/1474/3351 1967/1476/3352
f 3322/1477/3353 2017/753/2690 2502/1474/3351
f 2876/897/2818 2875/1478/3354 3322/1477/3353
f 2157/899/2819 3322/1477/3353 2443/1475/3350
f 2872/1479/3355 2531/725/2667 1979/728/2669
f 3323/1480/3356 1981/727/2632 2531/725/2667
f 2877/738/2678 2527/1481/3357 3323/1480/3356
f 2160/696/2639 3323/1480/3356 2872/1479/3355
f 2221/688/2630 3324/1482/3358 2992/1483/3359
f 2992/1483/3359 2878/732/2676 2227/730/2670
f 3324/1482/3358 2162/737/2680 2878/732/2676
f 2981/686/2629 2527/1484/3357 3324/1482/3358
f 2525/1485/3360 2526/723/2664 1980/724/2666
f 3325/1486/3361 1979/728/2669 2526/723/2664
f 2879/693/2636 2872/1479/3355 3325/1486/3361
f 2161/695/2637 3325/1486/3361 2525/1485/3360
f 2503/759/2697 2954/1487/3362 2202/757/2695
f 2954/1487/3362 2880/663/2609 2207/661/2605
f 3326/1488/3363 2158/666/3364 2880/663/2609
f 1968/1490/3365 3326/1488/3363 2503/759/2697
f 2875/1478/3354 2593/1491/2688 2017/753/2690
f 3327/1493/3366 1969/1492/3367 2593/751/2688
f 2881/588/2534 2871/1494/3368 3327/1493/3366
f 2163/585/2535 3327/1495/3366 2875/1478/3354
f 2883/1497/3369 2595/1496/3370 1957/1498/3371
f 3328/1500/3372 2019/1499/3373 2595/1496/3370
f 3328/1500/3372 2169/701/2643 2887/1506/3374
f 2883/1497/3369 2888/868/2801 3328/1500/3372
f 2991/1502/3375 2983/1501/3376 2223/1455/3333
f 3329/1503/3377 1971/1470/3348 2983/1501/3376
f 3329/1503/3377 2167/1504/2647 2885/705/2646
f 2228/764/2701 3329/1503/3377 2991/1502/3375
f 2887/1506/3374 2536/1505/3378 2019/1499/3373
f 3330/1508/3379 1975/1507/3380 2536/1509/3378
f 3330/1508/3379 2167/1504/2647 2573/765/2702
f 2887/1506/3374 2890/1510/2645 3330/2168/3379
f 2953/1512/3381 2480/1511/3382 2195/1513/3383
f 3331/1514/3384 1957/1498/3371 2480/1511/3382
f 3331/1514/3384 2165/866/2615 2883/1497/3369
f 2953/1512/3381 2950/670/2613 3331/1514/3384
f 2572/1515/3385 2533/1459/3337 1976/1462/3339
f 3332/1516/3386 1983/1461/3335 2533/1459/3337
f 2892/575/2526 2886/1517/3387 3332/1516/3386
f 2166/577/2527 3332/1516/3386 2572/1515/3385
f 2095/1518/3388 3333/1519/3389 2747/1521/3390
f 2747/1521/3390 2913/1388/3280 2187/975/3277
f 3333/1519/3389 2189/1292/3181 2913/1388/3280
f 2757/1520/3391 2820/1522/3392 3333/1519/3389
f 2117/1523/3393 3334/1524/3394 2820/1522/3392
f 2820/1522/3392 2914/1294/3185 2189/1292/3181
f 3334/1524/3394 2188/1297/3395 2914/1294/3185
f 2101/1527/3396 3334/1524/3394 2793/1525/3397
f 2715/1249/3140 2722/1528/3398 2077/1247/3139
f 3335/1529/3399 2184/1221/3119 2722/1528/3398
f 2744/1530/3400 2915/1250/3141 3335/1529/3399
f 2089/1134/3049 3335/1529/3399 2715/1249/3140
f 2538/1531/3401 2904/1180/3087 1986/1183/3090
f 3336/1532/3402 2181/1182/3088 2904/1180/3087
f 2731/1533/3403 2916/1229/3125 3336/1532/3402
f 2081/1534/3404 3336/1532/3402 2538/1531/3401
f 2701/1536/3112 2711/1535/3405 2068/1178/3084
f 3337/1537/3406 2183/1187/3093 2711/1535/3405
f 2722/1528/3398 2917/1222/3114 3337/1538/3406
f 2077/1247/3139 3337/1538/3406 2701/1211/3112
f 2035/1233/3083 3338/1539/3407 2638/1228/3126
f 3338/1539/3407 2181/1182/3088 2638/1228/3126
f 2711/1535/3405 2918/1181/3086 3338/1539/3407
f 2068/1178/3084 3338/1539/3407 2695/1177/3082
f 2737/1136/3051 2744/1530/3400 2089/1134/3049
f 3339/1540/3408 2186/1125/3039 2744/1530/3400
f 2692/1541/3409 2919/1124/3037 3339/1540/3408
f 2065/1542/3410 3339/1540/3408 2737/1136/3051
f 2023/932/2918 3340/1543/3411 2612/931/2854
f 2612/931/2854 2903/1544/3412 2022/926/2852
f 3340/1543/3411 2180/989/2908 2903/1544/3412
f 2615/999/3413 2920/1003/2921 3340/1543/3411
f 2724/1545/3414 2731/1533/3403 2081/1534/3404
f 3341/1546/3415 2185/997/2916 2731/1533/3403
f 2900/1002/2923 2921/996/2914 3341/1546/3415
f 2034/1005/3416 3341/1546/3415 2724/1545/3414
f 2022/926/2852 3342/1547/3417 2616/925/2848
f 2616/925/2848 2902/1548/3418 2020/920/2846
f 3342/1547/3417 2179/981/2901 2902/1548/3418
f 2903/1544/3412 2922/992/2910 3342/1547/3417
f 2020/920/2846 3343/1549/3419 2609/919/2842
f 2609/919/2842 2901/980/2898 2021/918/2840
f 3343/1549/3419 2178/1550/2899 2901/980/2898
f 2902/1548/3418 2923/984/2903 3343/1549/3419
f 1924/1551/3420 3344/1552/3421 2631/1554/3422
f 2631/1554/3422 2632/985/2904 2031/986/2905
f 3344/1552/3421 2178/1550/2899 2632/985/2904
f 2432/1553/3423 2924/979/2897 3344/1552/3421
f 1843/1555/3424 3345/1556/3425 2281/1558/3426
f 2281/1558/3426 2925/973/2893 2170/967/2890
f 3345/1556/3425 2187/975/3277 2925/973/2893
f 2779/1557/3427 2747/1521/3390 3345/1556/3425
f 2277/1559/3428 2398/121/2103 1898/124/2106
f 3346/1560/3429 2171/123/2104 2398/121/2103
f 3346/1560/3429 2170/967/2890 2926/964/2884
f 1843/1555/3424 3346/1560/3429 2277/1559/3428
f 2588/1562/3430 2608/1561/3431 2012/1563/3432
f 3347/1564/3433 2176/948/2868 2608/1561/3431
f 2447/1565/3434 2927/962/2880 3347/1566/3433
f 1938/1567/3435 3347/1566/3433 2588/1568/3430
f 2210/1569/3436 3348/1570/3437 2506/1572/3438
f 2506/1572/3438 2447/1565/3434 1938/1567/3435
f 3348/1570/3437 2173/956/2878 2447/1565/3434
f 2990/1571/3439 2989/953/2875 3348/1570/3437
f 2190/1573/3440 3349/1574/3441 2952/1576/3442
f 2952/1576/3442 2929/951/2873 2209/949/2870
f 3349/1574/3441 2175/943/2864 2929/951/2873
f 2932/1575/3443 2500/1577/3444 3349/1574/3441
f 1955/1578/3445 3350/1579/3446 2500/1577/3444
f 2500/1577/3444 2930/945/2869 2175/943/2864
f 2608/1561/3431 2930/945/2869 3350/1579/3446
f 2012/1563/3432 3350/1579/3446 2478/1580/3447
f 2025/152/2131 3351/1581/3448 2894/965/2883
f 3351/1581/3448 2171/123/2104 2894/965/2883
f 2897/1582/3449 2931/122/2102 3351/1581/3448
f 2629/969/2887 2897/1582/3449 3351/1581/3448
f 2434/1584/3450 2432/1583/3423 1924/1585/3420
f 2432/1583/3423 2951/1586/3451 2172/1599/2895
f 3352/1587/3452 2209/949/2870 2951/1586/3451
f 2434/1584/3450 2952/1576/3442 3352/1587/3452
f 1934/1588/3453 3353/1589/3454 2937/1591/3455
f 2937/1591/3455 2953/1512/3381 2195/1513/3383
f 3353/1589/3454 2208/667/2611 2953/1512/3381
f 2570/1590/3456 2891/1592/3457 3353/1589/3454
f 2944/1594/3458 2443/1475/3350 1967/1476/3352
f 2443/1475/3350 2949/1595/3459 2157/899/2819
f 3354/1596/3460 2207/661/2605 2949/1595/3459
f 2202/757/2695 3354/1596/3460 2944/1594/3458
f 2945/673/2618 2576/1449/3330 1972/672/2616
f 3355/1597/3461 2153/1452/3462 2576/1449/3330
f 2955/1465/3342 2948/1598/3463 3355/1597/3461
f 2203/674/3343 3355/1597/3461 2945/673/2618
f 2172/1599/2895 3356/1600/3464 2895/1601/2900
f 2895/1601/2900 2947/1602/3465 2026/1610/2862
f 3356/1600/3464 2205/655/2600 2947/1602/3465
f 2951/1586/3451 2956/952/2872 3356/1600/3464
f 2153/1452/3462 3357/1603/3466 2864/1451/3328
f 3357/1603/3466 2156/746/2685 2864/1451/3328
f 2502/1474/3351 3025/745/2683 3357/1603/3466
f 3027/1604/3467 2502/1474/3351 3357/1603/3466
f 2164/1593/3468 3358/1605/3469 2891/1592/3457
f 2891/1592/3457 2957/669/2617 2208/667/2611
f 3358/1605/3469 2203/674/3343 2957/669/2617
f 2882/1606/3470 2504/1466/3341 3358/1605/3469
f 2157/899/2819 3359/1607/3471 2869/898/2817
f 3359/1607/3471 1956/598/2546 2869/898/2817
f 2958/664/2607 2933/1608/3472 3359/1607/3471
f 2949/1595/3459 2958/664/2607 3359/1607/3471
f 2947/1602/3465 2619/1609/2861 2026/1610/2862
f 3360/1612/3473 1925/1611/2754 2619/1609/2861
f 2959/658/2602 2938/1613/3474 3360/1612/3473
f 2947/1602/3465 2959/658/2602 3360/1612/3473
f 2938/1613/3474 2435/1432/3314 1925/1611/2754
f 3361/1614/3475 1926/1429/3312 2435/1432/3314
f 2960/649/2595 2939/1615/3476 3361/1614/3475
f 2196/651/2596 3361/1614/3475 2938/1613/3474
f 2939/1615/3476 2436/1428/3310 1926/1429/3312
f 3362/1616/3477 1927/1425/3308 2436/1428/3310
f 2961/643/2589 2940/1617/3478 3362/1616/3477
f 2197/645/2590 3362/1616/3477 2939/1615/3476
f 2940/1617/3478 2437/1422/3305 1927/1425/3308
f 3363/1618/3479 1928/1424/3306 2437/1422/3305
f 3363/1618/3479 2200/631/2576 2942/1620/3480
f 2198/639/2584 3363/1618/3479 2940/1617/3478
f 1928/1424/3306 3364/1619/3481 2438/1445/3324
f 2438/1445/3324 2943/1621/3482 1929/1418/3299
f 3364/1619/3481 2201/624/2570 2943/1621/3482
f 2942/1620/3480 2963/634/2578 3364/1619/3481
f 1929/1418/3299 3365/1622/3483 2439/1417/3297
f 2439/1417/3297 2941/523/2474 1930/524/2476
f 3365/1622/3483 2199/1623/2475 2941/523/2474
f 2943/1621/3482 2964/627/2572 3365/1622/3483
f 1931/526/2710 3366/1624/3484 2550/773/2709
f 2550/773/2709 2551/559/2509 1998/560/2511
f 3366/1624/3484 2204/1625/2510 2551/559/2509
f 2936/521/2477 2965/614/2560 3366/1624/3484
f 1966/605/2545 3367/1626/3485 2935/1627/3486
f 2935/1627/3486 2966/570/2523 2193/565/2516
f 3367/1626/3485 2191/574/2608 2966/570/2523
f 2490/597/2544 2933/1608/3472 3367/1626/3485
f 2935/1627/3486 2491/604/3487 1966/605/2545
f 3368/1628/3488 1965/603/2553 2491/604/3487
f 2967/563/2515 2934/1629/3489 3368/1628/3488
f 2193/565/2516 3368/1628/3488 2935/1627/3486
f 1965/603/2553 3369/1630/3490 2492/611/2558
f 2492/611/2558 2946/615/2561 1964/610/2557
f 3369/1630/3490 2204/1625/2510 2946/615/2561
f 2934/1629/3489 2968/558/2508 3369/1630/3490
f 1954/617/2821 3370/1631/3491 2494/623/2569
f 2494/623/2569 2484/628/2573 1961/622/2567
f 3370/1631/3491 2199/1623/2475 2484/628/2573
f 2477/613/2562 2969/522/2473 3370/1631/3491
f 1837/1632/3492 3371/1633/3493 2970/1635/3494
f 2970/1635/3494 2990/1571/3439 2210/1569/3436
f 3371/1633/3493 2229/955/2876 2990/1571/3439
f 2467/1634/2107 2928/1636/3495 3371/1633/3493
f 2886/1638/3387 2534/1453/3332 1983/1456/3335
f 3372/1639/3496 2223/1455/3333 2534/1453/3332
f 2889/1640/3497 2991/1502/3375 3372/1639/3496
f 2168/1641/2529 3372/1639/3496 2886/1638/3387
f 1933/896/2816 3373/1642/3498 2501/589/2539
f 2501/589/2539 2987/1644/3499 2159/586/2537
f 3373/1642/3498 2227/730/2670 2987/1644/3499
f 2528/1643/3500 2992/1483/3359 3373/1642/3498
f 2861/1472/3349 2983/1501/3376 1971/1470/3348
f 3374/1645/3501 2223/1455/3333 2983/1501/3376
f 2865/1646/3502 2993/1454/3331 3374/1645/3501
f 2151/747/2687 3374/1645/3501 2861/1472/3349
f 2174/1637/2109 3375/1647/3503 2928/1636/3495
f 3375/1647/3503 2229/955/2876 2928/1636/3495
f 2626/1649/3504 2994/954/2874 3375/1647/3503
f 2028/1650/2888 3375/1647/3503 2897/1648/3449
f 1937/488/2447 3376/1651/3505 2511/516/2467
f 2511/516/2467 2995/855/2793 2215/513/2465
f 3376/1651/3505 2213/493/2451 2995/855/2793
f 2452/489/2448 2973/1652/3506 3376/1651/3505
f 2948/1598/3463 3027/1604/3467 2153/1452/3462
f 3377/1653/3507 1967/1476/3352 3027/1604/3467
f 3029/754/2692 2944/1594/3458 3377/1653/3507
f 2206/756/2693 3377/1653/3507 2948/1598/3463
f 2574/1654/2531 2889/1640/3497 2168/1641/2529
f 3378/1655/3508 2228/764/2701 2889/1640/3497
f 2537/1656/3509 2996/763/2699 3378/1655/3508
f 1985/1657/3510 3378/1655/3508 2574/1654/2531
f 2159/586/2537 3379/1658/3511 2871/1494/3368
f 2871/1494/3368 2982/1659/3512 1969/1492/3367
f 3379/1658/3511 2222/876/2674 2982/1659/3512
f 2987/1644/3499 2997/733/2672 3379/1658/3511
f 2444/892/2814 2528/1643/3500 1933/896/2816
f 3380/1660/3513 2221/688/2630 2528/1643/3500
f 2516/679/2622 2998/687/2628 3380/1660/3513
f 1935/887/2811 3380/1660/3513 2444/892/2814
f 2275/1662/2656 2979/1661/3514 1880/1663/2661
f 3381/1664/3515 2219/554/2505 2979/1661/3514
f 2980/692/2633 2999/675/2619 3381/1664/3515
f 1841/1665/2658 3381/1664/3515 2275/1662/2656
f 2350/1667/2101 2978/1666/3516 1840/1668/2099
f 3382/1669/3517 2218/549/2500 2978/1666/3516
f 2979/1661/3514 3000/550/2501 3382/1669/3517
f 1880/1663/2661 3382/1669/3517 2350/1667/2101
f 2274/1671/2122 2977/1670/3518 1895/1672/2125
f 3383/1673/3519 2217/545/2495 2977/1670/3518
f 2978/1666/3516 3001/546/2496 3383/1673/3519
f 1840/1668/2099 3383/1673/3519 2274/1671/2122
f 2380/1675/2114 2971/1674/3520 1839/1676/2112
f 3384/1677/3521 2211/530/2482 2971/1674/3520
f 2977/1670/3518 3002/541/2491 3384/1677/3521
f 1895/1672/2125 3384/1677/3521 2380/1675/2114
f 2273/1679/2015 2976/1678/3522 1836/1680/2013
f 3385/1681/3523 2216/518/2469 2976/1678/3522
f 2971/1674/3520 3003/527/2479 3385/1681/3523
f 1839/1676/2112 3385/1681/3523 2273/1679/2015
f 2411/1682/2121 2975/857/2791 1918/856/2120
f 2975/857/2791 3004/515/2470 2215/513/2465
f 2976/1678/3522 3004/515/2470 3386/1683/3524
f 1836/1680/2013 3386/1683/3524 2411/1682/2121
f 1940/462/2422 3387/1684/3525 2450/460/2420
f 3387/1684/3525 1941/490/3526 2450/460/2420
f 3005/491/2449 2973/1652/3506 3387/1684/3525
f 2974/1685/3527 3005/491/2449 3387/1684/3525
f 1939/454/2416 3388/1686/3528 2449/452/2414
f 2449/452/2414 2974/1685/3527 1940/462/2422
f 3388/1686/3528 2214/492/2440 2974/1685/3527
f 2508/467/2428 3006/478/2438 3388/1686/3528
f 2621/1687/2889 2626/1649/3504 2028/1650/2888
f 3389/1688/3529 2225/465/2425 2626/1649/3504
f 2972/477/2441 3007/464/2423 3389/1688/3529
f 1942/482/2627 3389/1688/3529 2621/1687/2889
f 2788/1392/3282 2245/1689/3530 1820/14/1997
f 3390/1690/3531 2230/433/2400 2245/1689/3530
f 2823/1691/3532 3016/1397/3285 3390/1690/3531
f 2130/1393/3178 3390/1690/3531 2788/1392/3282
f 2806/1289/3177 2823/1691/3532 2130/1393/3178
f 3391/1692/3533 2237/1270/3161 2823/1691/3532
f 2750/1693/3534 3017/1269/3159 3391/1692/3533
f 2100/1290/3179 3391/1692/3533 2806/1289/3177
f 2245/1689/3530 2403/148/2128 1820/14/1997
f 2403/148/2128 3013/1694/3535 1909/145/2126
f 3392/1695/3536 2235/17/2000 3013/1694/3535
f 2245/1689/3530 3018/436/2402 3392/1695/3536
f 2322/264/2239 2330/1696/3537 1870/231/2207
f 3393/1697/3538 2233/259/2234 2330/1696/3537
f 2377/1698/3539 3019/372/2341 3393/1697/3538
f 1893/265/2240 3393/1697/3538 2322/264/2239
f 2305/230/2205 3009/21/2003 1815/22/2005
f 3394/1699/3540 2231/256/2004 3009/21/2003
f 2330/1696/3537 3020/255/2230 3394/1699/3540
f 2305/230/2205 2330/1696/3537 3394/1699/3540
f 1893/265/2240 3395/1700/3541 2377/1698/3539
f 2377/1698/3539 3021/234/2214 2234/232/2208
f 3395/1700/3541 2232/239/3542 3021/234/2214
f 2363/366/2335 3010/1701/3543 3395/1700/3541
f 1909/145/2126 3396/1702/3544 2259/399/2367
f 2259/399/2367 2257/254/2231 1830/248/2224
f 3396/1702/3544 2231/256/2004 2257/254/2231
f 3013/1694/3535 3022/20/2002 3396/1702/3544
f 3023/750/2689 2865/1646/3502 2151/747/2687
f 3397/1703/3545 2226/872/2806 2865/1646/3502
f 2982/1659/3512 3030/871/2804 3397/1703/3545
f 1969/1492/3367 3397/1703/3545 3023/750/2689
f 3510/1705/3546 1853/1704/3547 2238/1706/3548
f 3407/1707/3549 2238/1706/3548 1852/1708/3550
f 3511/1710/3551 1851/1709/3552 2242/1711/3553
f 3405/1712/3554 2242/1711/3553 1850/1713/3554
f 3512/1714/3555 1850/1713/3554 2243/1715/3556
f 3404/1716/3557 2243/1715/3556 1849/1717/3557
f 3513/1719/3558 1852/1718/3550 2244/1720/3559
f 3406/1721/3560 2244/1720/3559 1851/1709/3552
f 3514/1723/3561 1907/1722/3562 2253/1724/3563
f 3398/1725/3564 2253/1724/3563 1828/1726/3565
f 1898/1727/3566 3515/1728/3567 2277/1730/3568
f 2277/1730/3568 3401/1731/3569 1843/2110/3570
f 3516/1733/3571 1846/1732/3572 2282/1734/3573
f 1847/1735/3574 3516/1733/3571 2282/1734/3573
f 3517/1738/3575 1864/1737/3576 2283/1739/3577
f 1829/1740/3578 3517/1738/3575 2283/1739/3577
f 3518/1742/3579 1849/1717/3557 2286/1743/3580
f 3402/1744/3581 2286/1743/3580 1846/1732/3572
f 3519/1746/3582 1855/1745/3583 2298/1747/3584
f 3409/1748/3585 2298/1747/3584 1854/1749/3585
f 2299/1750/3586 3409/1748/3585 1854/1749/3585
f 1853/1704/3547 3520/1751/3586 2299/1750/3586
f 2301/1753/3587 3411/1754/3588 1856/1761/3588
f 1855/1745/3583 3521/1755/3589 2301/1753/3587
f 3522/1758/3590 1857/1757/3591 2302/1759/3592
f 3411/1754/3588 2302/1760/3592 1856/1761/3588
f 2303/1762/3593 3413/1763/3594 1858/1778/3595
f 1857/1757/3591 3523/1764/3596 2303/1762/3593
f 2232/1766/3597 3524/1767/3598 2304/1770/3599
f 3524/1767/3598 1860/1769/3600 2304/1770/3599
f 3415/1772/3601 2312/1771/3602 1860/1769/3600
f 3525/1774/3603 1861/1773/3604 2312/1771/3602
f 2313/1775/3605 3414/1776/3606 1859/2155/3606
f 1858/1778/3595 3526/1777/3607 2313/1775/3605
f 3527/1780/3608 1892/1779/3609 2316/1781/3610
f 3417/1782/3611 2316/1781/3610 1864/1737/3576
f 3528/1784/3612 1896/1783/3613 2343/1785/3614
f 3416/1786/3615 2343/1785/3614 1861/1773/3604
f 3529/1788/3616 1901/1787/3617 2345/1789/3618
f 3418/1790/3619 2345/1789/3618 1877/1791/3620
f 2362/1792/3621 3403/1736/3622 1847/1735/3574
f 3419/1795/3623 2362/1794/3621 1892/1779/3609
f 3531/1796/3624 1877/1791/3620 2382/1797/3625
f 3420/1798/3626 2382/1797/3625 1896/1783/3613
f 1837/1799/3627 3532/1800/3628 2386/1802/3628
f 2386/1802/3628 3421/1729/3629 1898/1727/3566
f 2401/1803/3630 3399/1741/3631 1829/1740/3578
f 1907/1722/3562 3533/1804/3632 2401/1803/3630
f 3534/1807/3633 2190/1806/3634 2434/1808/3635
f 3424/1809/3636 2434/1808/3635 1924/1810/3637
f 2473/1811/3638 3427/1812/3639 1951/1884/3640
f 1952/1814/3641 3535/1813/3642 2473/1811/3638
f 2475/1816/3643 3428/1815/3641 1952/1814/3641
f 1953/1818/3644 3536/1817/3645 2475/1816/3643
f 3537/1821/3646 2158/1820/3647 2476/1822/3648
f 3432/1823/3649 2476/1822/3648 1968/1824/3650
f 2478/1825/3651 3445/1826/3652 2012/1907/3652
f 1955/1828/3653 3538/1827/3651 2478/1825/3651
f 3539/1831/3654 2195/1830/3655 2480/1832/3656
f 3431/1833/3657 2480/1832/3656 1957/1834/3658
f 2506/1835/3659 3506/1836/3660 2210/2150/3661
f 1938/1838/3662 3540/1837/3663 2506/1835/3659
f 3541/1841/3664 1974/1840/3665 2517/1842/3666
f 3434/1843/3667 2517/1842/3666 1973/1844/3668
f 3542/1846/3669 1977/1845/3670 2518/1847/3671
f 3422/1848/3672 2518/1847/3671 1901/1787/3617
f 2520/1849/3673 3439/1850/3674 1980/1856/3675
f 1977/1845/3670 3543/1851/3676 2520/1849/3673
f 2525/1853/3677 3500/1854/3678 2161/2132/3679
f 1980/1856/3675 3544/1855/3680 2525/1853/3677
f 3545/1858/3681 1985/1857/3682 2535/1859/3683
f 3440/1860/3684 2535/1859/3683 1984/1861/3685
f 2536/1862/3686 3446/1863/3687 2019/1911/3688
f 1975/1865/3689 3546/1866/3690 2536/2169/3686
f 3547/1869/3691 2224/1868/3692 2537/1870/3693
f 3441/1871/3694 2537/1870/3693 1985/1857/3682
f 2538/1872/3695 3471/1873/3696 2081/2170/3697
f 3442/1875/3698 2538/1872/3695 1986/1876/3699
f 3549/1878/3700 2134/1877/3701 2549/1879/3702
f 3444/1880/3703 2549/1879/3702 1998/1881/3704
f 3550/1882/3705 1998/1881/3704 2552/1883/3705
f 1951/1884/3640 3550/1882/3705 2552/1883/3705
f 2570/1885/3706 3501/1886/3707 2164/2135/3707
f 1934/1888/3708 3551/1889/3709 2570/2171/3706
f 2572/1891/3710 3502/1892/3711 2166/2138/3712
f 3437/1894/3713 2572/1891/3710 1976/1895/3714
f 3553/1897/3715 2152/1896/3716 2575/1898/3717
f 3433/1899/3718 2575/1898/3717 1970/1900/3719
f 3498/1902/3720 2577/1901/3721 2154/1903/3722
f 3554/1904/3723 1976/1895/3714 2577/1901/3721
f 2588/1905/3724 3426/1839/3725 1938/1838/3662
f 2012/1907/3652 3555/1908/3726 2588/2172/3724
f 3556/1909/3727 1957/1834/3658 2595/1910/3728
f 3446/1863/3687 2595/1910/3728 2019/1911/3688
f 2631/1912/3729 3424/1913/3636 1924/2173/3637
f 2031/1915/3730 3557/1914/3731 2631/1912/3729
f 2633/1917/3732 3447/1916/3733 2031/1915/3730
f 2032/1919/3734 3558/1918/3735 2633/1917/3732
f 3559/1921/3736 2032/1919/3734 2635/1922/3736
f 3449/1923/3737 2635/1922/3736 2033/1924/3738
f 3560/1925/3739 2033/1924/3738 2637/1926/3740
f 3450/1927/3741 2637/1926/3740 2034/1928/3742
f 3561/1930/3743 2049/1929/3744 2640/1931/3745
f 3443/1932/3746 2640/1931/3745 1997/1933/3747
f 3562/1935/3748 2084/1934/3749 2641/1936/3750
f 3463/1937/3751 2641/1936/3750 2048/1938/3752
f 2039/1939/3753 3563/1940/3754 2643/1942/3755
f 2643/1942/3755 3455/1943/3756 2040/1948/3756
f 2646/1944/3757 3454/1941/3758 2039/1939/3753
f 2037/1946/3759 3564/1945/3760 2646/1944/3757
f 2040/1948/3756 3565/1949/3761 2647/1950/3762
f 2647/1950/3762 3453/1951/3763 2038/1960/3764
f 3566/1953/3765 2044/1952/3766 2651/1954/3767
f 3460/1955/3768 2651/1954/3767 2045/1956/3769
f 2655/1957/3770 3458/1958/3771 2043/1963/3772
f 2038/1960/3764 3567/1959/3773 2655/1957/3770
f 2656/1961/3774 3460/1955/3768 2045/1956/3769
f 2043/1963/3772 3568/1962/3775 2656/1961/3774
f 2657/1964/3776 3461/1965/3777 2046/2174/3777
f 3459/1967/3766 2657/1964/3776 2044/1952/3766
f 3570/1969/3778 2047/1968/3779 2660/1970/3780
f 3456/1971/3781 2660/1970/3780 2041/1972/3782
f 3571/1973/3783 2041/1972/3782 2662/1974/3784
f 3457/1975/3785 2662/1974/3784 2042/1976/3786
f 3572/1977/3787 2042/1976/3786 2663/1978/3788
f 2046/1979/3777 3572/1977/3787 2663/1978/3788
f 3573/1981/3789 2048/1938/3752 2664/1982/3790
f 3462/1983/3791 2664/1982/3790 2047/1968/3779
f 2665/1984/3792 3452/1947/3759 2037/1946/3759
f 3464/1987/3793 2665/1986/3792 2049/1929/3744
f 3575/1989/3794 2086/1988/3795 2696/1990/3796
f 3465/1991/3797 2696/1990/3796 2062/1992/3798
f 2698/1993/3799 3468/1994/3800 2071/2005/3801
f 2036/1996/3802 3576/1995/3799 2698/1993/3799
f 3577/1998/3803 1986/1876/3699 2702/1999/3803
f 3467/2000/3804 2702/1999/3803 2069/2001/3805
f 3578/2003/3806 2079/2002/3807 2704/2004/3808
f 2071/2005/3801 3578/2006/3806 2704/2175/3808
f 3579/2007/3809 2069/2001/3805 2712/2008/3810
f 2074/2009/3811 3579/2010/3809 2712/2176/3810
f 2717/2012/3812 3474/2013/3813 2091/2029/3814
f 3470/2015/3815 2717/2012/3812 2079/2002/3807
f 3581/2016/3816 2034/1928/3742 2724/2017/3817
f 2081/2018/3697 3581/2016/3816 2724/2017/3817
f 3582/2020/3818 2036/1996/3802 2727/2021/3819
f 3472/2022/3820 2727/2021/3819 2084/1934/3749
f 2734/2023/3821 3469/2011/3822 2074/2009/3811
f 3473/2025/3823 2734/2023/3821 2086/1988/3795
f 2739/2026/3824 3466/2027/3825 2066/2177/3825
f 2091/2029/3814 3584/2028/3826 2739/2026/3824
f 3585/2031/3827 2097/2030/3828 2748/2032/3829
f 3477/2033/3830 2748/2032/3829 2098/2034/3831
f 3586/2035/3832 2098/2034/3831 2749/2036/3833
f 3478/2037/3834 2749/2036/3833 2099/2038/3835
f 2750/2039/3534 3509/2040/3836 2236/2160/3166
f 3479/2043/3837 2750/2042/3534 2100/2044/3838
f 3588/2046/3839 2188/2045/3840 2751/2047/3841
f 3480/2048/3842 2751/2047/3841 2101/2049/3843
f 3589/2051/3844 2103/2050/3845 2752/2052/3844
f 3481/2053/3846 2752/2052/3844 2102/2054/3847
f 3590/2055/3848 2100/2044/3838 2753/2056/3849
f 3482/2057/3850 2753/2056/3849 2103/2050/3845
f 2754/2058/3851 3481/2053/3846 2102/2054/3847
f 2104/2060/3852 3591/2059/3851 2754/2058/3851
f 3592/2063/3853 2117/2062/3854 2757/2064/3855
f 2095/2065/3856 3592/2066/3853 2757/2178/3855
f 3593/2069/3857 2106/2068/3858 2759/2070/3859
f 3484/2071/3860 2759/2070/3859 2105/2072/3861
f 2760/2073/3862 3491/2074/3863 2112/2097/3864
f 2106/2068/3858 3594/2075/3865 2760/2073/3862
f 2761/2077/3866 3487/2078/3867 2108/2086/3868
f 3486/2081/3869 2761/2080/3866 2107/2082/3870
f 2762/2083/3871 3488/2084/3872 2109/2090/3872
f 2108/2086/3868 3596/2085/3873 2762/2083/3871
f 2763/2087/3874 3489/2088/3875 2110/2094/3876
f 2109/2090/3872 3597/2089/3877 2763/2087/3874
f 2764/2091/3878 3492/2092/3879 2113/2101/3879
f 2110/2094/3876 3598/2093/3880 2764/2091/3878
f 3599/2095/3881 2107/2082/3870 2765/2096/3882
f 2112/2097/3864 3599/2095/3881 2765/2096/3882
f 3600/2099/3883 2114/2098/3884 2766/2100/3885
f 2113/2101/3879 3600/2099/3883 2766/2100/3885
f 3601/2103/3886 2111/2102/3887 2767/2104/3888
f 3493/2105/3889 2767/2104/3888 2114/2098/3884
f 2776/2106/3890 3495/2107/3891 2127/2123/3892
f 3490/2109/3893 2776/2106/3890 2111/2102/3887
f 1843/2110/3570 3603/2111/3894 2779/2112/3894
f 2779/2112/3894 3475/2067/3895 2095/2065/3856
f 2785/2113/3896 3484/2071/3860 2105/2072/3861
f 2097/2030/3828 3604/2115/3897 2785/2179/3896
f 3605/2117/3898 2101/2049/3843 2793/2118/3899
f 2117/2062/3854 3605/2117/3898 2793/2118/3899
f 2803/2120/3900 3398/2121/3564 1828/2180/3565
f 2127/2123/3892 3606/2122/3901 2803/2120/3900
f 3607/2124/3902 1997/1933/3747 2827/2125/3903
f 3496/2126/3904 2827/2125/3903 2134/1877/3701
f 2870/2127/3905 3429/1819/3906 1953/1818/3644
f 2158/1820/3647 3608/2128/3907 2870/2127/3905
f 2873/2130/3908 3434/1843/3667 1973/1844/3668
f 2161/2132/3679 3609/2131/3909 2873/2130/3908
f 2882/2133/3910 3433/1899/3718 1970/1900/3719
f 2164/2135/3707 3610/2134/3911 2882/2133/3910
f 2884/2136/3912 3440/1860/3684 1984/1861/3685
f 2166/2138/3712 3611/2137/3913 2884/2136/3912
f 3612/2139/3914 2104/2060/3852 2911/2140/3915
f 3503/2141/3916 2911/2140/3915 2188/2045/3840
f 2932/2142/3917 3430/1829/3918 1955/1828/3653
f 3504/2144/3919 2932/2142/3917 2190/1806/3634
f 3614/2145/3920 1934/1888/3708 2937/2146/3921
f 3505/2147/3922 2937/2146/3921 2195/1830/3655
f 2970/2148/3923 3400/1801/3924 1837/1799/3627
f 2210/2150/3661 3615/2149/3925 2970/2148/3923
f 2984/2151/3926 3436/1867/3927 1975/1865/3689
f 2224/1868/3692 3616/2152/3928 2984/2151/3926
f 3414/1776/3606 3010/2154/3929 1859/2155/3606
f 3617/2156/3930 2232/1766/3597 3010/2157/3929
f 3618/2158/3931 2099/2038/3835 3014/2159/3932
f 2236/2160/3166 3618/2158/3931 3014/2159/3932
f 3026/2161/3933 3432/1823/3649 1968/1824/3650
f 3497/2163/3934 3026/2161/3933 2152/1896/3716
f 3435/2165/3935 3028/2164/3936 1974/1840/3665
f 3620/2166/3937 2154/1903/3722 3028/2167/3936
f 214/1/1 807/4/4 1221/2/2
f 807/4/4 34/157/155 445/5/5
f 1221/2/2 445/5/5 11/6/6
f 974/3/3 1221/2/2 973/7/7
f 136/9/9 647/12/12 1222/10/10
f 647/12/12 35/149/147 446/13/13
f 1222/10/10 446/13/13 10/14/14
f 651/11/11 1222/10/10 645/15/15
f 425/17/17 1212/20/20 1223/18/18
f 1212/20/20 421/256/252 1199/21/21
f 1223/18/18 1199/21/21 5/22/22
f 621/19/19 1223/18/18 448/23/23
f 92/25/25 587/28/28 1224/26/26
f 587/28/28 93/134/132 537/29/29
f 1224/26/26 537/29/29 26/30/30
f 578/27/27 1224/26/26 463/31/31
f 619/33/33 1225/36/36 592/34/34
f 100/35/35 970/37/37 1225/36/36
f 970/37/37 284/429/419 967/38/38
f 1225/36/36 967/38/38 9/39/39
f 100/35/35 594/42/42 1226/40/40
f 594/42/42 12/227/223 437/43/43
f 1226/40/40 437/43/43 3/44/44
f 618/41/41 1226/40/40 450/45/45
f 617/47/47 1227/54/50 972/48/48
f 102/49/49 971/52/51 1227/50/50
f 971/52/51 283/424/416 936/53/52
f 1227/54/50 936/1394/52 282/55/53
f 102/49/49 595/59/57 1228/56/54
f 21/58/56 451/60/58 1228/56/54
f 451/60/58 4/211/209 452/61/59
f 616/57/55 1228/56/54 452/61/59
f 105/63/61 615/66/64 1229/64/62
f 615/66/64 112/71/69 486/67/65
f 1229/64/62 486/67/65 14/68/66
f 456/65/63 1229/64/62 455/69/67
f 112/71/69 614/74/72 1230/72/70
f 104/73/71 453/75/73 1230/72/70
f 453/75/73 15/82/80 439/76/74
f 486/67/65 1230/72/70 439/76/74
f 613/77/75 1231/79/77 453/75/73
f 111/78/76 483/80/78 1231/79/77
f 483/80/78 16/93/91 440/81/79
f 1231/79/77 440/81/79 15/82/80
f 612/83/81 1232/85/83 596/84/82
f 105/63/61 456/65/63 1232/85/83
f 456/65/63 23/70/68 438/86/84
f 1232/85/83 438/86/84 13/87/85
f 611/88/86 1233/90/88 483/80/78
f 106/89/87 457/91/89 1233/90/88
f 457/91/89 17/99/97 441/92/90
f 1233/90/88 441/92/90 16/93/91
f 610/94/92 1234/96/94 457/91/89
f 610/94/92 110/100/98 479/95/93
f 1234/96/94 479/95/93 24/97/95
f 1234/96/94 442/98/96 17/99/97
f 110/100/98 609/102/100 1235/101/99
f 609/102/100 107/112/110 461/103/101
f 1235/101/99 461/103/101 25/104/102
f 479/95/93 1235/101/99 458/105/103
f 443/106/104 1236/110/108 608/107/105
f 18/109/107 460/111/109 1236/110/108
f 460/111/109 25/104/102 461/103/101
f 1236/110/108 461/103/101 107/112/110
f 94/113/111 584/116/114 1237/114/112
f 584/116/114 96/141/139 582/117/115
f 1237/114/112 582/117/115 30/118/116
f 569/115/113 1237/114/112 540/119/117
f 588/121/119 1238/125/123 1121/122/120
f 88/124/122 576/126/124 1238/125/123
f 576/126/124 27/2181/1516 657/127/125
f 1238/125/123 657/127/125 364/128/126
f 578/27/27 1239/130/128 585/129/127
f 29/32/32 570/131/129 1239/130/128
f 570/131/129 85/144/142 581/132/130
f 1239/130/128 581/132/130 95/133/131
f 93/134/132 590/136/134 1240/135/133
f 590/136/134 113/397/389 620/137/135
f 1240/135/133 620/137/135 108/138/136
f 537/29/29 1240/135/133 601/139/137
f 582/117/115 1241/142/140 464/140/138
f 96/141/139 583/143/141 1241/142/140
f 583/143/141 95/133/131 581/132/130
f 1241/142/140 581/132/130 85/144/142
f 99/145/143 593/148/146 1242/146/144
f 593/148/146 10/14/14 446/13/13
f 1242/146/144 446/13/13 35/149/147
f 607/147/145 1242/146/144 602/150/148
f 215/152/150 808/155/153 1243/153/151
f 808/155/153 89/469/453 468/156/154
f 1243/153/151 468/156/154 34/157/155
f 818/154/152 1243/153/151 807/4/4
f 82/158/156 568/161/159 1244/159/157
f 568/161/159 71/306/300 474/162/160
f 1244/159/157 474/162/160 36/163/161
f 1244/159/157 472/164/162 37/165/163
f 507/166/164 1245/170/168 531/167/165
f 6/169/167 477/171/169 1245/170/168
f 477/171/169 38/175/173 508/172/170
f 1245/170/168 508/172/170 56/173/171
f 508/172/170 1246/176/174 530/174/172
f 38/175/173 478/177/175 1246/176/174
f 478/177/175 1/181/179 509/178/176
f 1246/176/174 509/178/176 57/179/177
f 509/178/176 1247/182/180 529/180/178
f 1/181/179 481/183/181 1247/182/180
f 481/183/181 7/187/185 505/184/182
f 1247/182/180 505/184/182 53/185/183
f 505/184/182 1248/188/186 528/186/184
f 7/187/185 482/189/187 1248/188/186
f 482/189/187 8/193/191 510/190/188
f 1248/188/186 510/190/188 58/191/189
f 510/190/188 1249/194/192 527/192/190
f 8/193/191 485/195/193 1249/194/192
f 485/195/193 2/199/197 504/196/194
f 1249/194/192 504/196/194 52/197/195
f 504/196/194 1250/200/198 526/198/196
f 2/199/197 487/201/199 1250/200/198
f 487/201/199 22/205/203 511/202/200
f 1250/200/198 511/202/200 59/203/201
f 511/202/200 1251/206/204 525/204/202
f 22/205/203 430/207/205 1251/206/204
f 430/207/205 4/211/209 515/208/206
f 1251/206/204 515/208/206 63/209/207
f 515/208/206 1252/212/210 524/210/208
f 4/211/209 451/60/58 1252/212/210
f 451/60/58 21/58/56 516/213/211
f 1252/212/210 516/213/211 64/214/212
f 516/213/211 1253/216/214 523/215/213
f 21/58/56 429/426/215 1253/216/214
f 429/217/215 3/44/44 517/218/216
f 1253/219/214 517/218/216 65/220/217
f 517/218/216 1254/223/219 522/222/218
f 3/44/44 437/43/43 1254/223/219
f 437/43/43 12/227/223 518/224/220
f 1254/223/219 518/224/220 66/225/221
f 518/224/220 1255/228/224 521/226/222
f 12/227/223 431/229/225 1255/228/224
f 431/229/225 5/22/22 495/230/226
f 1255/228/224 495/230/226 60/231/227
f 424/232/228 1202/235/231 1256/233/229
f 1202/235/231 76/240/236 496/236/232
f 1256/233/229 496/236/232 50/237/233
f 1211/234/230 1256/233/229 494/238/234
f 76/240/236 566/242/238 1257/241/237
f 566/242/238 77/377/369 497/243/239
f 1257/241/237 497/243/239 51/244/240
f 496/236/232 1257/241/237 502/245/241
f 466/246/242 1258/250/246 513/247/243
f 32/249/245 514/251/247 1258/250/246
f 514/251/247 62/369/361 519/252/248
f 1258/250/246 519/252/248 61/253/249
f 447/254/250 1259/257/253 1210/255/251
f 20/248/244 513/247/243 1259/257/253
f 513/247/243 61/253/249 1201/258/254
f 1259/257/253 1201/258/254 423/259/255
f 551/260/256 1260/263/259 565/261/257
f 66/225/221 521/226/222 1260/263/259
f 521/226/222 60/231/227 512/264/260
f 1260/263/259 512/264/260 83/265/261
f 550/266/262 1261/269/265 564/267/263
f 65/220/217 522/222/218 1261/269/265
f 522/222/218 66/225/221 551/260/256
f 1261/269/265 551/260/256 81/262/258
f 549/270/266 1262/273/269 563/271/267
f 64/214/212 523/215/213 1262/273/269
f 523/221/213 65/220/217 550/266/262
f 1262/274/269 550/266/262 80/268/264
f 548/276/270 1263/279/273 562/277/271
f 63/209/207 524/210/208 1263/279/273
f 524/210/208 64/214/212 549/270/266
f 1263/279/273 549/270/266 79/272/268
f 545/280/274 1264/283/277 561/281/275
f 59/203/201 525/204/202 1264/283/277
f 525/204/202 63/209/207 548/276/270
f 1264/283/277 548/276/270 78/278/272
f 538/284/278 1265/287/281 560/285/279
f 52/197/195 526/198/196 1265/287/281
f 526/198/196 59/203/201 545/280/274
f 1265/287/281 545/280/274 75/282/276
f 544/288/282 1266/291/285 559/289/283
f 58/191/189 527/192/190 1266/291/285
f 527/192/190 52/197/195 538/284/278
f 1266/291/285 538/284/278 68/286/280
f 539/292/286 1267/295/289 558/293/287
f 53/185/183 528/186/184 1267/295/289
f 528/186/184 58/191/189 544/288/282
f 1267/295/289 544/288/282 74/290/284
f 543/296/290 1268/299/293 557/297/291
f 57/179/177 529/180/178 1268/299/293
f 529/180/178 53/185/183 539/292/286
f 1268/299/293 539/292/286 69/294/288
f 542/300/294 1269/303/297 556/301/295
f 56/173/171 530/174/172 1269/303/297
f 530/174/172 57/179/177 543/296/290
f 1269/303/297 543/296/290 73/298/292
f 541/304/298 1270/307/301 555/305/299
f 55/168/166 531/167/165 1270/307/301
f 531/167/165 56/173/171 542/300/294
f 1270/307/301 542/300/294 72/302/296
f 19/308/302 444/311/305 1271/309/303
f 444/311/305 6/169/167 507/166/164
f 1271/309/303 507/166/164 55/168/166
f 473/310/304 1271/309/303 532/312/306
f 574/314/308 1272/318/312 572/315/309
f 87/317/311 554/319/313 1272/318/312
f 554/319/313 84/381/373 534/320/314
f 1272/318/312 534/320/314 67/321/315
f 474/162/160 1273/323/317 476/322/316
f 71/306/300 555/305/299 1273/323/317
f 555/305/299 72/302/296 475/324/318
f 1273/323/317 475/324/318 39/325/319
f 475/324/318 1274/327/321 433/326/320
f 72/302/296 556/301/295 1274/327/321
f 556/301/295 73/298/292 480/328/322
f 1274/327/321 480/328/322 40/329/323
f 480/328/322 1275/331/325 432/330/324
f 73/298/292 557/297/291 1275/331/325
f 557/297/291 69/294/288 459/332/326
f 1275/331/325 459/332/326 41/333/327
f 459/332/326 1276/335/329 434/334/328
f 69/294/288 558/293/287 1276/335/329
f 558/293/287 74/290/284 484/336/330
f 1276/335/329 484/336/330 42/337/331
f 484/336/330 1277/339/333 428/338/332
f 74/290/284 559/289/283 1277/339/333
f 559/289/283 68/286/280 454/340/334
f 1277/339/333 454/340/334 43/341/335
f 454/340/334 1278/343/337 489/342/336
f 68/286/280 560/285/279 1278/343/337
f 560/285/279 75/282/276 490/344/338
f 1278/343/337 490/344/338 44/345/339
f 490/344/338 1279/347/341 488/346/340
f 75/282/276 561/281/275 1279/347/341
f 561/281/275 78/278/272 498/348/342
f 1279/347/341 498/348/342 45/349/343
f 498/348/342 1280/351/345 491/350/344
f 78/278/272 562/277/271 1280/351/345
f 562/277/271 79/272/268 499/352/346
f 1280/351/345 499/352/346 46/353/347
f 499/352/346 1281/355/349 492/354/348
f 79/272/268 563/271/267 1281/355/349
f 563/275/267 80/268/264 500/356/350
f 1281/357/349 500/356/350 47/358/351
f 500/356/350 1282/361/353 493/360/352
f 80/268/264 564/267/263 1282/361/353
f 564/267/263 81/262/258 501/362/354
f 1282/361/353 501/362/354 48/363/355
f 501/362/354 1283/365/357 503/364/356
f 81/262/258 565/261/257 1283/365/357
f 565/261/257 83/265/261 553/366/358
f 1283/365/357 553/366/358 49/367/359
f 519/252/248 1284/370/362 546/368/360
f 62/369/361 547/371/363 1284/370/362
f 547/371/363 77/377/369 566/242/238
f 1284/370/362 566/242/238 76/240/236
f 1201/258/254 1285/373/365 1209/372/364
f 61/253/249 546/368/360 1285/373/365
f 546/368/360 76/240/236 1202/235/231
f 1285/373/365 1202/235/231 424/232/228
f 54/313/307 532/312/306 1286/374/366
f 532/312/306 55/168/166 541/304/298
f 1286/374/366 541/304/298 71/306/300
f 506/375/367 1286/374/366 568/161/159
f 497/243/239 1287/378/370 533/376/368
f 77/377/369 573/379/371 1287/378/370
f 573/379/371 87/317/311 574/314/308
f 1287/378/370 574/314/308 86/316/310
f 580/380/372 1288/382/374 584/116/114
f 84/381/373 554/319/313 1288/382/374
f 554/319/313 87/317/311 575/383/375
f 1288/382/374 575/383/375 96/141/139
f 575/383/375 1289/384/376 583/143/141
f 87/317/311 573/379/371 1289/384/376
f 573/379/371 77/377/369 571/385/377
f 1289/384/376 571/385/377 95/133/131
f 536/386/378 1290/387/379 547/371/363
f 92/25/25 585/129/127 1290/387/379
f 585/129/127 95/133/131 571/385/377
f 1290/387/379 571/385/377 77/377/369
f 534/320/314 1291/389/381 535/388/380
f 534/320/314 84/381/373 580/380/372
f 1291/389/381 580/380/372 94/113/111
f 1291/389/381 586/390/382 91/391/383
f 62/369/361 514/251/247 1292/392/384
f 514/251/247 32/249/245 579/393/385
f 1292/392/384 579/393/385 93/134/132
f 536/386/378 1292/392/384 587/28/28
f 32/249/245 469/395/387 1293/394/386
f 469/395/387 109/151/149 606/396/388
f 1293/394/386 606/396/388 113/397/389
f 579/393/385 1293/394/386 590/136/134
f 20/248/244 449/399/391 1294/398/390
f 449/399/391 99/145/143 607/147/145
f 1294/398/390 607/147/145 109/151/149
f 466/246/242 1294/398/390 469/395/387
f 137/400/392 650/403/395 1295/401/393
f 650/403/395 135/685/464 646/404/396
f 646/404/396 28/859/819 577/405/397
f 1295/401/393 577/405/397 90/406/398
f 591/407/399 1296/408/400 444/311/305
f 97/108/106 608/107/105 1296/408/400
f 608/107/105 107/112/110 600/409/401
f 1296/408/400 600/409/401 6/169/167
f 38/175/173 477/171/169 1297/410/402
f 477/171/169 6/169/167 600/409/401
f 1297/410/402 600/409/401 107/112/110
f 603/411/403 1297/410/402 609/102/100
f 1/181/179 478/177/175 1298/412/404
f 478/177/175 38/175/173 603/411/403
f 1298/412/404 603/411/403 110/100/98
f 1298/412/404 610/94/92 106/89/87
f 481/183/181 1299/415/407 604/414/406
f 481/183/181 1/181/179 599/413/405
f 599/413/405 106/89/87 611/88/86
f 1299/415/407 611/88/86 111/78/76
f 430/207/205 1300/417/409 452/61/59
f 430/207/205 22/205/203 598/416/408
f 598/416/408 105/63/61 612/83/81
f 1300/417/409 612/83/81 103/62/60
f 482/189/187 1301/419/411 597/418/410
f 7/187/185 604/414/406 1301/419/411
f 604/414/406 111/78/76 613/77/75
f 1301/419/411 613/77/75 104/73/71
f 2/199/197 485/195/193 1302/420/412
f 485/195/193 8/193/191 597/418/410
f 597/418/410 104/73/71 614/74/72
f 605/421/413 1302/420/412 614/74/72
f 22/205/203 487/201/199 1303/422/414
f 487/201/199 2/199/197 605/421/413
f 1303/422/414 605/421/413 112/71/69
f 598/416/408 1303/422/414 615/66/64
f 971/52/51 1304/425/417 968/423/415
f 971/52/51 102/49/49 616/57/55
f 1304/425/417 616/57/55 103/62/60
f 968/423/415 1304/425/417 596/84/82
f 429/217/215 1305/428/418 450/45/45
f 429/426/215 21/58/56 595/59/57
f 595/59/57 102/49/49 617/51/47
f 1305/428/418 617/47/47 101/46/46
f 284/429/419 970/37/37 1306/430/420
f 970/37/37 100/35/35 618/41/41
f 1306/430/420 618/41/41 101/46/46
f 935/431/421 1306/430/420 972/48/48
f 431/229/225 1307/432/422 448/23/23
f 12/227/223 594/42/42 1307/432/422
f 594/42/42 100/35/35 619/33/33
f 1307/432/422 619/33/33 98/24/24
f 420/433/423 1208/436/426 1308/434/424
f 1208/436/426 425/17/17 621/19/19
f 1308/434/424 621/19/19 98/24/24
f 1198/435/425 1308/434/424 592/34/34
f 813/437/427 1309/441/431 817/438/428
f 196/440/430 638/448/432 1309/441/431
f 638/442/432 129/454/440 810/443/433
f 817/445/428 1309/444/431 810/443/433
f 797/447/435 1310/450/437 638/448/432
f 197/449/436 641/456/438 1310/450/437
f 641/451/438 130/462/446 639/452/439
f 1310/453/437 639/452/439 129/454/440
f 796/455/441 1311/458/443 641/456/438
f 198/457/442 643/484/444 1311/458/443
f 643/459/444 131/490/472 640/460/445
f 1311/461/443 640/460/445 130/462/446
f 1175/463/447 1312/466/450 1197/464/448
f 217/446/434 810/443/433 1312/466/450
f 810/443/433 129/454/440 698/467/451
f 1312/466/450 698/467/451 402/468/452
f 89/469/453 589/471/455 1313/470/454
f 589/471/455 137/400/392 649/472/456
f 1313/470/454 649/472/456 136/9/9
f 468/156/154 1313/470/454 470/473/457
f 34/157/155 470/473/457 1314/474/458
f 470/473/457 136/9/9 651/11/11
f 1314/474/458 651/11/11 134/16/16
f 445/5/5 1314/474/458 436/475/459
f 402/468/452 1196/478/462 1315/476/460
f 1196/478/462 404/492/474 700/479/463
f 1315/476/460 700/479/463 135/480/464
f 1162/477/461 1315/476/460 655/481/465
f 198/457/442 795/485/468 1316/483/467
f 795/485/468 200/497/478 652/486/469
f 1316/487/467 652/504/469 127/488/470
f 643/459/444 1316/487/467 642/489/471
f 1195/491/473 1317/494/476 700/479/463
f 403/493/475 699/495/477 1317/494/476
f 699/495/477 28/2182/819 646/496/396
f 1317/494/476 646/496/396 135/480/464
f 200/497/478 794/499/480 1318/498/479
f 794/499/480 201/505/484 654/500/481
f 1318/501/479 654/512/481 138/502/482
f 652/504/469 1318/501/479 636/503/483
f 201/505/484 793/507/486 1319/506/485
f 793/507/486 199/880/835 644/508/487
f 1319/509/485 644/878/487 126/510/488
f 654/512/481 1319/509/485 653/511/489
f 405/513/490 701/516/493 1320/514/491
f 127/488/470 636/503/483 1320/514/491
f 636/503/483 138/502/482 702/517/494
f 1320/514/491 702/517/494 406/518/495
f 384/519/496 1159/522/499 1321/520/497
f 1159/522/499 389/1623/1507 1131/523/500
f 1321/520/497 1131/523/500 120/524/501
f 1126/521/498 1321/520/497 630/525/502
f 702/517/494 1322/528/505 1193/527/504
f 138/502/482 653/511/489 1322/528/505
f 653/511/489 126/510/488 697/529/506
f 1322/528/505 697/529/506 401/530/507
f 195/531/508 792/534/511 1323/532/509
f 792/534/511 204/885/838 780/535/512
f 1323/536/509 780/883/512 139/537/513
f 462/539/510 1323/536/509 623/538/514
f 697/529/506 1324/542/517 1192/541/516
f 126/510/488 635/543/518 1324/542/517
f 635/543/518 133/540/515 703/544/519
f 1324/542/517 703/544/519 407/545/520
f 703/544/519 1325/547/522 1191/546/521
f 133/540/515 623/538/514 1325/547/522
f 623/538/514 139/537/513 704/548/523
f 1325/547/522 704/548/523 408/549/524
f 704/548/523 1326/551/526 1190/550/525
f 139/537/513 658/552/527 1326/551/526
f 658/552/527 140/676/649 705/553/528
f 1326/551/526 705/553/528 409/554/529
f 382/555/530 1158/558/533 1327/556/531
f 1158/558/533 394/1625/1509 741/559/534
f 1327/556/531 741/559/534 188/560/535
f 662/557/532 1327/556/531 742/561/536
f 1157/563/538 1328/566/541 664/564/539
f 382/555/530 662/557/532 1328/566/541
f 662/557/532 141/562/537 663/567/542
f 1328/566/541 663/567/542 142/568/543
f 383/565/540 664/564/539 1329/569/544
f 664/564/539 142/568/543 665/571/546
f 1329/569/544 665/571/546 143/572/547
f 1156/570/545 1329/569/544 632/573/548
f 1082/575/550 1330/579/554 1074/576/551
f 358/578/553 764/580/555 1330/579/554
f 764/580/555 175/2183/1534 725/581/556
f 1330/579/554 725/581/556 174/582/557
f 1071/583/558 1331/591/562 791/584/559
f 349/586/561 691/589/563 1331/587/562
f 691/589/563 123/896/844 779/590/564
f 1331/591/562 779/894/564 203/592/565
f 206/593/566 679/596/569 1332/594/567
f 679/596/569 156/605/578 680/597/570
f 1332/594/567 680/597/570 146/598/571
f 790/595/568 1332/594/567 669/599/572
f 789/600/573 1333/602/575 679/596/569
f 789/600/573 205/606/579 678/601/574
f 1333/602/575 678/601/574 155/603/576
f 1333/602/575 681/604/577 156/605/578
f 205/606/579 788/608/581 1334/607/580
f 788/608/581 204/885/838 677/609/582
f 1334/607/580 677/609/582 154/610/583
f 678/601/574 1334/607/580 682/611/584
f 384/519/496 1155/614/587 1335/612/585
f 1155/614/587 394/1625/1509 1136/615/588
f 1335/612/585 1136/615/588 154/610/583
f 667/613/586 1335/612/585 683/616/589
f 195/531/508 787/620/593 1336/618/591
f 787/620/593 199/880/835 775/621/594
f 1336/618/591 775/621/594 151/622/595
f 771/619/592 1336/618/591 684/623/596
f 391/624/597 1154/627/600 1337/625/598
f 1154/627/600 389/1623/1507 674/628/601
f 1337/625/598 674/628/601 151/622/595
f 676/626/599 1337/625/598 685/629/602
f 390/631/604 1153/634/607 1338/632/605
f 1153/634/607 391/624/597 676/626/599
f 1338/632/605 676/626/599 153/630/603
f 675/633/606 1338/632/605 686/635/608
f 1152/637/610 1339/640/613 673/638/611
f 1152/637/610 390/631/604 675/633/606
f 1339/640/613 675/633/606 152/636/609
f 1339/640/613 687/641/614 150/642/615
f 1151/643/616 1340/646/619 672/644/617
f 388/639/612 673/638/611 1340/646/619
f 673/638/611 150/642/615 688/647/620
f 1340/646/619 688/647/620 149/648/621
f 1150/649/622 1341/652/625 671/650/623
f 387/645/618 672/644/617 1341/652/625
f 672/644/617 149/648/621 689/653/626
f 1341/652/625 689/653/626 148/654/627
f 395/655/628 1149/658/631 1342/656/629
f 386/651/624 671/650/623 1342/656/629
f 671/650/623 148/654/627 812/659/632
f 815/657/630 1342/656/629 812/659/632
f 397/661/634 1148/664/637 1343/662/635
f 1148/664/637 381/574/549 632/573/548
f 1343/662/635 632/573/548 143/572/547
f 1070/663/636 1343/662/635 1060/665/638
f 398/667/640 1140/670/643 1344/668/641
f 1140/670/643 355/866/825 761/671/644
f 1344/668/641 761/671/644 162/672/645
f 1147/669/642 1344/668/641 1135/673/646
f 705/553/528 1345/677/650 1189/675/648
f 140/676/649 660/678/651 1345/677/650
f 660/678/651 125/887/839 706/679/652
f 1345/677/650 706/679/652 410/680/653
f 137/400/392 589/471/455 1346/681/654
f 589/471/455 89/469/453 656/682/655
f 1346/681/654 656/682/655 132/683/466
f 650/403/395 1346/681/654 655/684/465
f 1171/686/656 1347/690/660 1188/687/657
f 171/689/659 720/691/661 1347/690/660
f 720/691/661 31/1665/685 1170/692/662
f 1347/690/660 1170/692/662 410/680/653
f 1069/693/663 1348/697/667 1063/694/664
f 350/696/666 709/698/668 1348/697/667
f 709/698/668 164/743/707 707/699/669
f 1348/697/667 707/699/669 163/700/670
f 359/701/671 1080/1510/674 1349/702/672
f 1080/704/674 357/1504/1401 1075/705/675
f 1075/705/675 161/1470/1371 784/707/676
f 786/703/673 1349/702/672 784/708/676
f 586/390/382 1350/711/679 708/710/678
f 94/113/111 711/712/680 1350/711/679
f 711/712/680 168/718/686 712/713/681
f 1350/711/679 712/713/681 167/714/682
f 713/715/683 1351/719/687 465/716/684
f 168/718/686 711/712/680 1351/719/687
f 711/712/680 94/113/111 569/115/113
f 1351/719/687 569/115/113 70/120/118
f 712/713/681 1352/721/689 710/720/688
f 168/718/686 714/722/690 1352/721/689
f 714/722/690 169/728/694 716/723/691
f 1352/721/689 716/723/691 170/724/692
f 721/725/693 1353/729/695 720/726/661
f 169/728/694 714/722/690 1353/729/695
f 714/722/690 168/718/686 713/715/683
f 1353/729/695 713/715/683 31/717/685
f 417/730/696 1187/733/699 1354/731/697
f 1187/733/699 412/876/833 719/734/700
f 1354/731/697 719/734/700 172/735/701
f 1068/732/698 1354/731/697 1064/736/702
f 1067/738/704 1355/740/705 709/698/668
f 352/739/703 1064/741/702 1355/740/705
f 1064/741/702 172/853/701 722/742/706
f 1355/740/705 722/742/706 164/743/707
f 1058/744/708 1356/752/712 1215/745/709
f 341/747/711 1213/750/713 1356/748/712
f 1213/750/713 159/1492/1390 783/751/714
f 1356/752/712 783/1491/714 207/753/715
f 1219/754/716 1357/758/720 1057/755/717
f 392/757/719 693/759/721 1357/758/720
f 693/759/721 158/1490/1389 1216/760/722
f 1357/758/720 1216/760/722 342/761/723
f 1178/762/724 1358/766/728 1186/763/725
f 1178/762/724 357/1504/1401 763/765/727
f 763/765/727 165/1507/1404 1174/767/729
f 1358/766/728 1174/767/729 414/768/730
f 324/769/731 739/772/734 1359/770/732
f 739/772/734 188/560/535 740/773/735
f 1359/770/732 740/773/735 121/526/503
f 1050/771/733 1359/770/732 745/774/736
f 327/776/738 1049/779/741 1360/777/739
f 1049/779/741 326/834/796 746/780/742
f 1360/777/739 746/780/742 184/781/743
f 747/778/740 1360/777/739 737/782/744
f 339/784/746 1032/787/749 1361/785/747
f 1032/787/749 270/935/883 913/788/750
f 1361/785/747 913/788/750 178/789/751
f 1048/786/748 1361/785/747 1016/790/752
f 329/792/754 1047/795/757 1362/793/755
f 1047/795/757 328/1234/1156 749/796/758
f 1362/793/755 749/796/758 193/797/759
f 750/794/756 1362/793/755 731/798/760
f 330/800/762 1046/803/765 1363/801/763
f 1046/803/765 329/792/754 750/794/756
f 1363/801/763 750/794/756 179/799/761
f 751/802/764 1363/801/763 732/804/766
f 752/806/768 1364/810/772 1045/807/769
f 192/809/771 744/811/773 1364/810/772
f 744/811/773 190/914/862 1023/812/774
f 1364/810/772 1023/812/774 330/800/762
f 1025/813/775 1365/817/779 1044/814/776
f 115/816/778 757/818/780 1365/817/779
f 757/818/780 192/809/771 752/806/768
f 1365/817/779 752/806/768 331/808/770
f 333/819/781 1043/822/784 1366/820/782
f 1043/822/784 332/1435/777 753/823/785
f 1366/820/782 753/823/785 181/824/786
f 754/821/783 1366/820/782 734/825/787
f 334/827/789 1042/830/792 1367/828/790
f 1042/830/792 333/819/781 754/821/783
f 1367/828/790 754/821/783 182/826/788
f 755/829/791 1367/828/790 735/831/793
f 1041/833/795 1368/835/797 746/780/742
f 334/827/789 755/829/791 1368/835/797
f 1368/835/797 755/829/791 183/832/794
f 1368/835/797 736/836/798 184/781/743
f 759/837/799 1369/841/803 1040/838/800
f 759/837/799 194/1115/1056 756/840/802
f 1369/841/803 756/840/802 186/842/804
f 1040/838/800 1369/841/803 1018/843/805
f 747/778/740 1370/845/807 1039/844/806
f 185/783/745 758/846/808 1370/845/807
f 758/846/808 194/1115/1056 759/837/799
f 1370/845/807 759/837/799 335/839/801
f 1056/847/809 1371/851/813 1214/848/810
f 344/850/812 1218/852/814 1371/851/813
f 1218/852/814 164/743/707 722/742/706
f 1371/851/813 722/742/706 172/853/701
f 405/513/490 1165/857/817 1372/854/815
f 108/856/136 768/858/818 1372/854/815
f 768/858/818 28/2182/819 699/495/477
f 1185/855/816 1372/854/815 699/495/477
f 28/859/819 768/861/818 1373/860/820
f 768/861/818 108/138/136 620/137/135
f 1373/860/820 620/137/135 113/397/389
f 577/405/397 1373/860/820 769/862/821
f 649/472/456 1374/863/822 647/12/12
f 137/400/392 648/402/394 1374/863/822
f 648/402/394 90/406/398 770/864/823
f 1374/863/822 770/864/823 35/149/147
f 109/151/149 602/150/148 1375/865/824
f 602/150/148 35/149/147 770/864/823
f 1375/865/824 770/864/823 90/406/398
f 606/396/388 1375/865/824 769/862/821
f 355/866/825 1078/868/827 1376/867/826
f 1078/868/827 359/701/671 786/703/673
f 1376/867/826 786/703/673 208/709/677
f 761/671/644 1376/867/826 695/869/828
f 1176/870/829 1377/874/832 1220/871/830
f 345/873/811 1214/875/810 1377/874/832
f 1214/875/810 172/735/701 719/734/700
f 1377/874/832 719/734/700 412/876/833
f 133/540/515 635/543/518 1378/877/834
f 635/543/518 126/510/488 644/878/487
f 1378/879/834 644/508/487 199/880/835
f 462/533/510 1378/879/834 787/620/593
f 140/676/649 658/552/527 1379/881/836
f 658/552/527 139/537/513 780/883/512
f 1379/884/836 780/535/512 204/885/838
f 781/886/837 1379/884/836 788/608/581
f 125/887/839 660/678/651 1380/888/840
f 660/678/651 140/676/649 781/882/837
f 1380/890/840 781/886/837 205/606/579
f 782/891/841 1380/890/840 789/600/573
f 782/889/841 1381/895/843 634/892/842
f 206/593/566 790/595/568 1381/893/843
f 790/595/568 203/592/565 779/894/564
f 1381/895/843 779/590/564 123/896/844
f 1066/897/845 1382/900/848 1059/898/846
f 353/585/560 791/584/559 1382/900/848
f 791/584/559 203/592/565 669/599/572
f 1059/898/846 1382/900/848 669/599/572
f 144/617/590 683/616/589 1383/901/849
f 683/616/589 154/610/583 677/609/582
f 1383/901/849 677/609/582 204/885/838
f 771/619/592 1383/901/849 792/534/511
f 153/630/603 685/629/602 1384/902/850
f 685/629/602 151/622/595 775/621/594
f 1384/902/850 775/621/594 199/880/835
f 777/903/851 1384/902/850 793/507/486
f 152/636/609 686/635/608 1385/904/852
f 686/635/608 153/630/603 777/903/851
f 1385/904/852 777/903/851 201/505/484
f 776/905/853 1385/904/852 794/499/480
f 687/641/614 1386/907/855 774/906/854
f 687/641/614 152/636/609 776/905/853
f 1386/907/855 776/905/853 200/497/478
f 774/906/854 1386/907/855 795/485/468
f 688/647/620 1387/909/857 773/908/856
f 150/642/615 774/906/854 1387/909/857
f 774/906/854 198/457/442 796/455/441
f 1387/909/857 796/455/441 197/449/436
f 689/653/626 1388/911/859 772/910/858
f 149/648/621 773/908/856 1388/911/859
f 773/908/856 197/449/436 797/447/435
f 1388/911/859 797/447/435 196/440/430
f 812/659/632 1389/913/861 814/912/860
f 148/654/627 772/910/858 1389/913/861
f 772/910/858 196/440/430 813/437/427
f 1389/913/861 813/437/427 220/439/429
f 190/914/862 744/811/773 1390/915/863
f 744/811/773 192/809/771 801/917/865
f 1390/915/863 801/917/865 211/918/866
f 800/916/864 1390/915/863 799/919/867
f 189/921/869 631/924/872 1391/922/870
f 631/924/872 190/914/862 800/916/864
f 1391/922/870 800/916/864 210/920/868
f 803/923/871 1391/922/870 806/925/873
f 122/927/875 659/930/878 1392/928/876
f 659/930/878 189/921/869 803/923/871
f 1392/928/876 803/923/871 212/926/874
f 804/929/877 1392/928/876 802/931/879
f 661/933/881 1393/936/884 922/934/882
f 122/927/875 804/929/877 1393/936/884
f 804/929/877 213/932/880 829/937/885
f 1393/936/884 829/937/885 273/938/886
f 192/809/771 757/818/780 1394/939/887
f 757/818/780 115/816/778 809/940/888
f 1394/939/887 809/940/888 216/941/889
f 801/917/865 1394/939/887 820/942/890
f 365/943/891 1088/946/894 1395/944/892
f 219/660/633 814/912/860 1395/944/892
f 814/912/860 220/439/429 1089/947/895
f 1395/944/892 1089/947/895 366/948/896
f 399/949/897 1146/952/900 1396/950/898
f 1146/952/900 395/655/628 815/657/630
f 1396/950/898 815/657/630 219/660/633
f 1119/951/899 1396/950/898 1088/946/894
f 1179/953/901 1397/957/905 1184/954/902
f 363/956/904 1086/958/906 1397/957/905
f 1086/958/906 217/446/434 1175/463/447
f 1397/957/905 1175/463/447 415/465/449
f 1089/947/895 1398/960/908 1117/959/907
f 220/439/429 817/438/428 1398/960/908
f 817/445/428 217/446/434 1086/958/906
f 1398/961/908 1086/958/906 363/956/904
f 361/123/121 1084/965/911 1399/963/909
f 1084/965/911 215/152/150 818/154/152
f 1399/963/909 818/154/152 214/1/1
f 1116/964/910 1399/963/909 1083/966/912
f 89/469/453 808/155/153 1400/968/914
f 808/155/153 215/152/150 819/969/915
f 1400/968/914 819/969/915 218/970/916
f 656/682/655 1400/968/914 811/971/917
f 360/967/913 1083/966/912 1401/972/918
f 1083/966/912 214/1/1 974/3/3
f 1401/972/918 974/3/3 286/8/8
f 1115/973/919 1401/972/918 1100/974/920
f 362/976/922 1114/979/925 1402/977/923
f 1114/979/925 368/1550/1443 1091/980/926
f 1402/977/923 1091/980/926 211/918/866
f 1085/978/924 1402/977/923 820/942/890
f 369/981/927 1113/984/930 1403/982/928
f 1113/984/930 368/1550/1443 822/985/931
f 1403/982/928 822/985/931 221/986/932
f 824/983/929 1403/982/928 823/987/933
f 370/989/935 1112/992/938 1404/990/936
f 1112/992/938 369/981/927 824/983/929
f 1404/990/936 824/983/929 222/988/934
f 826/991/937 1404/990/936 825/993/939
f 1098/995/941 1405/998/944 1111/996/942
f 1098/995/941 273/938/886 829/937/885
f 1405/998/944 829/937/885 213/932/880
f 1405/998/944 805/999/945 367/1000/946
f 367/1000/946 1110/1003/949 1406/1001/947
f 1110/1003/949 370/989/935 826/991/937
f 1406/1001/947 826/991/937 223/994/940
f 1090/1002/948 1406/1001/947 827/1004/950
f 879/1006/952 1407/1010/956 855/1007/953
f 241/1009/955 857/1011/957 1407/1010/956
f 857/1011/957 229/1024/970 836/1012/958
f 1407/1010/956 836/1012/958 227/1013/959
f 878/1014/960 1408/1018/964 835/1015/961
f 878/1014/960 240/1033/979 832/1017/963
f 832/1017/963 228/1039/985 837/1019/965
f 1408/1018/964 837/1019/965 230/1020/966
f 877/1021/967 1409/1022/968 857/1011/957
f 242/1016/962 835/1015/961 1409/1022/968
f 835/1015/961 230/1020/966 833/1023/969
f 1409/1022/968 833/1023/969 229/1024/970
f 920/1025/971 1410/1029/975 876/1026/972
f 272/1028/974 915/1030/976 1410/1029/975
f 915/1030/976 177/1166/1098 867/1031/977
f 1410/1029/975 867/1031/977 251/1032/978
f 240/1033/979 875/1035/981 1411/1034/980
f 875/1035/981 244/1040/986 860/1036/982
f 1411/1034/980 860/1036/982 233/1037/983
f 832/1017/963 1411/1034/980 845/1038/984
f 244/1040/986 874/1042/988 1412/1041/987
f 874/1042/988 246/1046/992 862/1043/989
f 1412/1041/987 862/1043/989 235/1044/990
f 860/1036/982 1412/1041/987 846/1045/991
f 246/1046/992 873/1048/994 1413/1047/993
f 873/1048/994 247/1052/998 843/1049/995
f 1413/1047/993 843/1049/995 234/1050/996
f 862/1043/989 1413/1047/993 841/1051/997
f 247/1052/998 872/1054/1000 1414/1053/999
f 872/1054/1000 248/1101/1004 844/1055/1001
f 1414/1053/999 844/1055/1001 236/1056/1002
f 843/1049/995 1414/1053/999 847/1057/1003
f 248/1058/1004 871/1061/1006 1415/1059/1005
f 871/1061/1006 245/1066/1010 840/1062/1007
f 1415/1059/1005 840/1062/1007 232/1063/1008
f 844/1060/1001 1415/1059/1005 853/1064/1009
f 245/1066/1010 870/1068/1012 1416/1067/1011
f 870/1068/1012 243/1072/1016 838/1069/1013
f 1416/1067/1011 838/1069/1013 231/1070/1014
f 840/1062/1007 1416/1067/1011 852/1071/1015
f 243/1072/1016 869/1074/1018 1417/1073/1017
f 869/1074/1018 249/1078/1022 848/1075/1019
f 1417/1073/1017 848/1075/1019 237/1076/1020
f 838/1069/1013 1417/1073/1017 850/1077/1021
f 249/1078/1022 868/1080/1024 1418/1079/1023
f 868/1080/1024 250/1087/1031 849/1081/1025
f 1418/1079/1023 849/1081/1025 238/1082/1026
f 848/1075/1019 1418/1079/1023 854/1083/1027
f 179/799/761 731/798/760 1419/1084/1028
f 731/798/760 193/797/759 866/1086/1030
f 1419/1084/1028 866/1086/1030 250/1087/1031
f 865/1085/1029 1419/1084/1028 868/1080/1024
f 180/805/767 732/804/766 1420/1088/1032
f 732/804/766 179/799/761 865/1085/1029
f 1420/1088/1032 865/1085/1029 249/1078/1022
f 859/1089/1033 1420/1088/1032 869/1074/1018
f 191/1090/1034 743/1093/1037 1421/1091/1035
f 743/1093/1037 180/805/767 859/1089/1033
f 1421/1091/1035 859/1089/1033 243/1072/1016
f 861/1092/1036 1421/1091/1035 870/1068/1012
f 181/1094/786 733/1097/1040 1422/1095/1038
f 733/1097/1040 191/1090/1034 861/1092/1036
f 1422/1095/1038 861/1092/1036 245/1066/1010
f 864/1096/1039 1422/1095/1038 871/1061/1006
f 182/826/788 734/825/787 1423/1098/1041
f 734/825/787 181/824/786 864/1100/1039
f 1423/1098/1041 864/1100/1039 248/1101/1004
f 863/1099/1042 1423/1098/1041 872/1054/1000
f 183/832/794 735/831/793 1424/1102/1043
f 735/831/793 182/826/788 863/1099/1042
f 1424/1102/1043 863/1099/1042 247/1052/998
f 842/1103/1044 1424/1102/1043 873/1048/994
f 184/781/743 736/836/798 1425/1104/1045
f 736/836/798 183/832/794 842/1103/1044
f 1425/1104/1045 842/1103/1044 246/1046/992
f 839/1105/1046 1425/1104/1045 874/1042/988
f 185/783/745 737/782/744 1426/1106/1047
f 737/782/744 184/781/743 839/1105/1046
f 1426/1106/1047 839/1105/1046 244/1040/986
f 856/1107/1048 1426/1106/1047 875/1035/981
f 919/1108/1049 1427/1111/1052 917/1109/1050
f 275/1027/973 876/1026/972 1427/1111/1052
f 876/1026/972 251/1032/978 851/1112/1053
f 1427/1111/1052 851/1112/1053 226/1113/1054
f 756/840/802 1428/1116/1057 834/1114/1055
f 194/1115/1056 858/1117/1058 1428/1116/1057
f 858/1117/1058 242/1016/962 877/1021/967
f 1428/1116/1057 877/1021/967 241/1009/955
f 194/1115/1056 758/846/808 1429/1118/1059
f 758/846/808 185/783/745 856/1107/1048
f 1429/1118/1059 856/1107/1048 240/1033/979
f 1429/1118/1059 878/1014/960 242/1016/962
f 738/1119/1060 1430/1122/1063 830/1120/1061
f 186/842/804 834/1114/1055 1430/1122/1063
f 834/1114/1055 241/1009/955 879/1006/952
f 1430/1122/1063 879/1006/952 239/1008/954
f 1099/1123/1064 1431/1127/1068 1109/1124/1065
f 276/1126/1067 886/1128/1069 1431/1127/1068
f 886/1128/1069 252/2184/3938 1095/1129/1070
f 1431/1127/1068 1095/1129/1070 372/1130/1071
f 933/1131/1072 1432/1135/1076 928/1132/1073
f 279/1134/1075 927/1136/1077 1432/1135/1076
f 927/1136/1077 255/1542/1435 881/1137/1078
f 1432/1135/1076 881/1137/1078 254/1138/1079
f 281/1139/1080 932/1143/1083 1433/1140/1081
f 277/1142/1083 889/1144/1081 1433/1140/1081
f 889/1144/1081 257/1152/1084 883/1145/1084
f 929/1141/1082 1433/1140/1081 883/1145/1084
f 277/1142/1083 931/1148/1083 1434/1147/1081
f 931/1148/1083 278/1244/1083 890/1149/1081
f 1434/1147/1081 890/1149/1081 253/1150/1084
f 889/1144/1081 1434/1147/1081 884/1151/1084
f 1033/1153/1085 1435/1156/1088 1038/1154/1086
f 280/1133/1074 928/1132/1073 1435/1156/1088
f 928/1132/1073 254/1138/1079 1029/1157/1089
f 1435/1156/1088 1029/1157/1089 336/1158/1090
f 323/791/753 1016/790/752 1436/1159/1091
f 1016/790/752 178/789/751 887/1161/1093
f 1436/1159/1091 887/1161/1093 260/1162/1094
f 1037/1160/1092 1436/1159/1091 1030/1163/1095
f 867/1031/977 1437/1167/1099 895/1165/1097
f 177/1166/1098 896/1412/1320 1437/1167/1099
f 1437/1167/1099 896/1412/1320 263/1168/1100
f 895/1165/1097 1437/1167/1099 898/1169/1101
f 851/1112/1053 1438/1172/1104 888/1171/1103
f 251/1032/978 895/1165/1097 1438/1172/1104
f 1438/1172/1104 895/1165/1097 262/1170/1102
f 888/1171/1103 1438/1172/1104 899/1173/1105
f 178/789/751 730/1176/1108 1439/1175/1107
f 730/1176/1108 225/1233/1155 885/1177/1109
f 1439/1175/1107 885/1177/1109 258/1178/1110
f 887/1161/1093 1439/1175/1107 900/1179/1111
f 1094/1180/1112 1440/1184/1116 1108/1181/1113
f 176/1183/1115 892/1185/1117 1440/1184/1116
f 892/1185/1117 259/1216/1140 1096/1186/1118
f 1440/1184/1116 1096/1186/1118 373/1187/1119
f 337/1164/1096 1030/1163/1095 1441/1188/1120
f 1030/1163/1095 260/1162/1094 893/1190/1122
f 893/1191/1122 268/1214/1138 1031/1192/1123
f 1441/1193/1120 1031/1192/1123 338/1194/1124
f 262/1170/1102 898/1169/1101 1442/1196/1125
f 898/1169/1101 263/1168/1100 904/1198/1127
f 1442/1199/1125 904/1410/1127 266/1200/1128
f 903/1202/1126 1442/1199/1125 909/1201/1129
f 261/1174/1106 899/1173/1105 1443/1204/1131
f 899/1173/1105 262/1170/1102 903/1197/1126
f 1443/1206/1131 903/1202/1126 265/1203/1130
f 894/1208/1132 1443/1206/1131 910/1207/1133
f 260/1162/1094 900/1179/1111 1444/1210/1135
f 258/1178/1110 891/1536/1136 1444/1210/1135
f 891/1211/1136 267/1247/1164 911/1212/1137
f 1444/1213/1135 911/1212/1137 268/1214/1138
f 1096/1186/1118 1445/1217/1141 1107/1215/1139
f 259/1216/1140 902/2185/1142 1445/1217/1141
f 902/1218/1142 264/1251/1168 1097/1219/1143
f 1445/1220/1141 1097/1219/1143 374/1221/1144
f 849/1081/1025 1446/1224/1146 831/1223/1145
f 250/1087/1031 918/1225/1147 1446/1224/1146
f 918/1225/1147 275/1027/973 919/1108/1049
f 1446/1224/1146 919/1108/1049 274/1110/1051
f 866/1086/1030 1447/1226/1148 918/1225/1147
f 193/797/759 748/1227/1149 1447/1226/1148
f 748/1227/1149 272/1028/974 920/1025/971
f 1447/1226/1148 920/1025/971 275/1027/973
f 828/1228/1150 1448/1231/1153 1106/1229/1151
f 828/1228/1150 225/1233/1155 916/1230/1152
f 1448/1231/1153 916/1230/1152 273/938/886
f 1448/1231/1153 1098/995/941 375/997/943
f 913/788/750 1449/1232/1154 730/1176/1108
f 270/935/883 922/934/882 1449/1232/1154
f 922/934/882 273/938/886 916/1230/1152
f 1449/1232/1154 916/1230/1152 225/1233/1155
f 328/1234/1156 1021/1237/1159 1450/1235/1157
f 1021/1237/1159 122/927/875 661/933/881
f 1450/1235/1157 661/933/881 270/935/883
f 1035/1236/1158 1450/1235/1157 1032/787/749
f 1031/1192/1123 1451/1239/1161 1034/1238/1160
f 268/1214/1138 906/1240/1162 1451/1239/1161
f 906/1240/1162 280/1133/1074 1033/1153/1085
f 1451/1239/1161 1033/1153/1085 340/1155/1087
f 265/1203/1130 909/1201/1129 1452/1241/1163
f 909/1201/1129 266/1200/1128 926/1243/1163
f 1452/1241/1163 926/1243/1163 278/1244/1083
f 925/1242/1163 1452/1241/1163 931/1148/1083
f 269/1209/1134 910/1207/1133 1453/1245/1163
f 265/1203/1130 925/1242/1163 1453/1245/1163
f 925/1242/1163 277/1142/1083 932/1143/1083
f 907/1246/1163 1453/1245/1163 932/1143/1083
f 911/1212/1137 1454/1248/1165 906/1240/1162
f 267/1247/1164 905/1249/1166 1454/1248/1165
f 905/1249/1166 279/1134/1075 933/1131/1072
f 1454/1248/1165 933/1131/1072 280/1133/1074
f 1097/1219/1143 1455/1252/1169 1105/1250/1167
f 264/1251/1168 924/1253/1170 1455/1252/1169
f 924/1253/1170 276/1126/1067 1099/1123/1064
f 1455/1252/1169 1099/1123/1064 376/1125/1066
f 305/1254/1171 1015/1257/1174 1456/1255/1172
f 1015/1257/1174 318/1262/1179 976/1258/1175
f 1456/1255/1172 976/1258/1175 292/1259/1176
f 981/1256/1173 1456/1255/1172 944/1260/1177
f 318/1262/1179 1014/1264/1181 1457/1263/1180
f 1014/1264/1181 319/1286/1201 977/1265/1182
f 1457/1263/1180 977/1265/1182 293/1266/1183
f 976/1258/1175 1457/1263/1180 942/1267/1184
f 1205/1268/1185 1458/1272/1189 1207/1269/1186
f 321/1271/1188 979/1273/1190 1458/1272/1189
f 979/1273/1190 289/1303/1218 1204/1274/1191
f 1458/1272/1189 1204/1274/1191 426/1275/1192
f 1012/1276/1193 1459/1284/1197 982/1277/1194
f 322/1279/1196 980/1282/1198 1459/1280/1197
f 980/1282/1198 295/1361/1275 975/1283/1199
f 1459/1284/1197 975/2186/1199 287/1285/1200
f 319/1286/1201 1011/1288/1203 1460/1287/1202
f 1011/1288/1203 320/1393/1307 996/1289/1204
f 1460/1287/1202 996/1289/1204 290/1290/1205
f 977/1265/1182 1460/1287/1202 943/1291/1206
f 379/1292/1207 1102/1295/1210 1461/1293/1208
f 1102/1295/1210 305/1254/1171 981/1256/1173
f 1461/1293/1208 981/1256/1173 294/1261/1178
f 1104/1294/1209 1461/1293/1208 1101/1296/1211
f 1009/1298/1213 1462/1300/1215 979/1273/1190
f 308/1299/1214 948/1301/1216 1462/1300/1215
f 948/1301/1216 288/1307/1222 939/1302/1217
f 1462/1300/1215 939/1302/1217 289/1303/1218
f 1008/1304/1219 1463/1305/1220 948/1301/1216
f 306/1278/1195 982/1277/1194 1463/1305/1220
f 982/1277/1194 287/1285/1200 938/1306/1221
f 1463/1305/1220 938/1306/1221 288/1307/1222
f 309/1308/1223 1007/1311/1226 1464/1309/1224
f 1007/1311/1226 310/1348/1262 959/1312/1227
f 1464/1309/1224 959/1312/1227 304/1313/1228
f 985/1310/1225 1464/1309/1224 956/1314/1229
f 311/1316/1231 1006/1319/1234 1465/1317/1232
f 1006/1319/1234 312/1338/1253 961/1320/1235
f 1465/1317/1232 961/1320/1235 300/1321/1236
f 987/1318/1233 1465/1317/1232 953/1322/1237
f 313/1324/1239 1005/1327/1242 1466/1325/1240
f 1005/1327/1242 314/1342/1256 963/1328/1243
f 1466/1325/1240 963/1328/1243 297/1329/1244
f 989/1326/1241 1466/1325/1240 955/1330/1245
f 315/1332/1247 1004/1335/1250 1467/1333/1248
f 1004/1335/1250 313/1324/1239 989/1326/1241
f 1467/1333/1248 989/1326/1241 302/1331/1246
f 991/1334/1249 1467/1333/1248 950/1336/1251
f 312/1338/1253 1003/1340/1255 1468/1339/1254
f 1003/1340/1255 309/1308/1223 985/1310/1225
f 1468/1339/1254 985/1310/1225 303/1315/1230
f 961/1320/1235 1468/1339/1254 954/1341/1254
f 314/1342/1256 1002/1344/1258 1469/1343/1257
f 1002/1344/1258 316/1354/1268 965/1345/1259
f 1469/1343/1257 965/1345/1259 298/1346/1260
f 963/1328/1243 1469/1343/1257 951/1347/1261
f 310/1348/1262 1001/1350/1264 1470/1349/1263
f 1001/1350/1264 317/1370/1284 966/1351/1265
f 1470/1349/1263 966/1351/1265 301/1352/1266
f 959/1312/1227 1470/1349/1263 957/1353/1267
f 316/1354/1268 1000/1356/1270 1471/1355/1269
f 1000/1356/1270 311/1316/1231 987/1318/1233
f 1471/1355/1269 987/1318/1233 299/1323/1238
f 965/1345/1259 1471/1355/1269 952/1357/1271
f 999/1358/1272 1472/1359/1273 980/1282/1198
f 999/1358/1272 315/1332/1247 991/1334/1249
f 991/1334/1249 296/1337/1252 949/1360/1274
f 1472/1359/1273 949/1360/1274 295/1361/1275
f 283/424/416 968/423/415 1473/1362/1276
f 968/423/415 13/87/85 964/1364/1278
f 1473/1362/1276 964/1364/1278 315/1332/1247
f 998/1363/1277 1473/1362/1276 999/1358/1272
f 15/82/80 440/81/79 1474/1365/1279
f 16/93/91 960/1379/1293 1474/1365/1279
f 1474/1365/1279 960/1379/1293 311/1316/1231
f 992/1366/1280 1474/1365/1279 1000/1356/1270
f 25/104/102 460/111/109 1475/1367/1281
f 460/111/109 18/109/107 993/1369/1283
f 1475/1367/1281 993/1369/1283 317/1370/1284
f 986/1368/1282 1475/1367/1281 1001/1350/1264
f 14/68/66 439/76/74 1476/1371/1285
f 439/76/74 15/82/80 992/1366/1280
f 1476/1371/1285 992/1366/1280 316/1354/1268
f 990/1372/1286 1476/1371/1285 1002/1344/1258
f 17/99/97 442/98/96 1477/1373/1287
f 442/98/96 24/97/95 958/1375/1289
f 1477/1373/1287 958/1375/1289 309/1308/1223
f 988/1374/1288 1477/1373/1287 1003/1340/1255
f 13/87/85 438/86/84 1478/1376/1290
f 438/86/84 23/70/68 962/1377/1291
f 1478/1376/1290 962/1377/1291 313/1324/1239
f 964/1364/1278 1478/1376/1290 1004/1335/1250
f 23/70/68 455/69/67 1479/1378/1292
f 455/69/67 14/68/66 990/1372/1286
f 1479/1378/1292 990/1372/1286 314/1342/1256
f 962/1377/1291 1479/1378/1292 1005/1327/1242
f 441/92/90 1480/1380/1294 960/1379/1293
f 17/99/97 988/1374/1288 1480/1380/1294
f 1480/1380/1294 988/1374/1288 312/1338/1253
f 960/1379/1293 1480/1380/1294 1006/1319/1234
f 24/97/95 458/105/103 1481/1381/1295
f 458/105/103 25/104/102 986/1368/1282
f 1481/1381/1295 986/1368/1282 310/1348/1262
f 958/1375/1289 1481/1381/1295 1007/1311/1226
f 935/431/421 1482/1383/1297 984/1382/1296
f 282/55/53 946/1384/1298 1482/1383/1297
f 946/1384/1298 306/1278/1195 1008/1304/1219
f 1482/1383/1297 1008/1304/1219 308/1299/1214
f 967/38/38 1483/1386/1300 997/1385/1299
f 284/429/419 984/1382/1296 1483/1386/1300
f 984/1382/1296 308/1299/1214 1009/1298/1213
f 1483/1386/1300 1009/1298/1213 321/1271/1188
f 377/975/921 1100/974/920 1484/1387/1301
f 1100/974/920 286/8/8 945/1389/1303
f 1484/1387/1301 945/1389/1303 305/1254/1171
f 1103/1388/1302 1484/1387/1301 1102/1295/1210
f 134/16/16 645/15/15 1485/1390/1304
f 645/15/15 10/14/14 978/1392/1306
f 1485/1390/1304 978/1392/1306 320/1393/1307
f 995/1391/1305 1485/1390/1304 1011/1288/1203
f 936/1394/52 1486/1396/1308 946/1384/1298
f 936/53/52 283/424/416 998/1363/1277
f 1486/1395/1308 998/1363/1277 322/1279/1196
f 1486/1396/1308 1012/1276/1193 306/1278/1195
f 1198/435/425 1487/1398/1310 1206/1397/1309
f 9/39/39 997/1385/1299 1487/1398/1310
f 997/1385/1299 321/1271/1188 1205/1268/1185
f 1487/1398/1310 1205/1268/1185 427/1270/1187
f 11/6/6 436/475/459 1488/1399/1311
f 436/475/459 134/16/16 995/1391/1305
f 1488/1399/1311 995/1391/1305 319/1286/1201
f 994/1400/1312 1488/1399/1311 1014/1264/1181
f 286/8/8 973/7/7 1489/1401/1313
f 973/7/7 11/6/6 994/1400/1312
f 1489/1401/1313 994/1400/1312 318/1262/1179
f 945/1389/1303 1489/1401/1313 1015/1257/1174
f 266/1200/1128 908/1403/1314 1490/1402/1163
f 908/1403/1314 338/1194/1124 1034/1238/1160
f 1490/1402/1163 1034/1238/1160 340/1155/1087
f 926/1243/1163 1490/1402/1163 930/1404/1083
f 749/796/758 1491/1405/1315 748/1227/1149
f 749/796/758 328/1234/1156 1035/1236/1158
f 1491/1405/1315 1035/1236/1158 339/784/746
f 748/1227/1149 1491/1405/1315 923/1406/1316
f 263/1168/1100 897/1408/1318 1492/1407/1317
f 897/1408/1318 337/1164/1096 1036/1189/1121
f 1492/1409/1317 1036/1195/1121 338/1194/1124
f 904/1410/1127 1492/1409/1317 908/1403/1314
f 177/1166/1098 729/1413/1321 1493/1411/1319
f 729/1413/1321 323/791/753 1037/1160/1092
f 1493/1411/1319 1037/1160/1092 337/1164/1096
f 896/1412/1320 1493/1411/1319 897/1408/1318
f 278/1244/1083 930/1404/1083 1494/1414/1081
f 930/1404/1083 340/1155/1087 1038/1154/1086
f 1494/1414/1081 1038/1154/1086 336/1158/1090
f 890/1149/1081 1494/1414/1081 880/1415/1084
f 1020/1416/1322 1495/1419/1325 629/1417/1323
f 327/776/738 1039/844/806 1495/1419/1325
f 1039/844/806 335/839/801 1028/1420/1326
f 1495/1419/1325 1028/1420/1326 120/524/501
f 1028/1420/1326 1496/1421/1327 630/525/502
f 335/839/801 1040/838/800 1496/1421/1327
f 1496/1421/1327 1040/838/800 325/775/737
f 630/525/502 1496/1421/1327 745/774/736
f 627/1422/1328 1497/1426/1332 1019/1423/1329
f 117/1425/1331 1027/1427/1333 1497/1426/1332
f 1027/1427/1333 334/827/789 1041/833/795
f 1497/1426/1332 1041/833/795 326/834/796
f 626/1428/1334 1498/1430/1336 1027/1427/1333
f 116/1429/1335 1026/1431/1337 1498/1430/1336
f 1026/1431/1337 333/819/781 1042/830/792
f 1498/1430/1336 1042/830/792 334/827/789
f 625/1432/1338 1499/1434/1339 1026/1431/1337
f 625/1432/1338 115/1611/778 1025/1433/775
f 1499/1434/1339 1025/1433/775 332/1435/777
f 1026/1431/1337 1499/1434/1339 1043/822/784
f 753/1436/785 1500/1437/1340 733/1097/1040
f 332/815/777 1044/814/776 1500/1437/1340
f 1044/814/776 331/808/770 1024/1438/1341
f 1500/1437/1340 1024/1438/1341 191/1090/1034
f 1024/1438/1341 1501/1439/1342 743/1093/1037
f 331/808/770 1045/807/769 1501/1439/1342
f 1045/807/769 330/800/762 751/802/764
f 1501/1439/1342 751/802/764 180/805/767
f 190/914/862 631/924/872 1502/1440/1343
f 631/924/872 189/921/869 1022/1441/1344
f 1502/1440/1343 1022/1441/1344 329/792/754
f 1023/812/774 1502/1440/1343 1046/803/765
f 189/921/869 659/930/878 1503/1442/1345
f 659/930/878 122/927/875 1021/1237/1159
f 1503/1442/1345 1021/1237/1159 328/1234/1156
f 1022/1441/1344 1503/1442/1345 1047/795/757
f 272/1028/974 923/1406/1316 1504/1443/1346
f 923/1406/1316 339/784/746 1048/786/748
f 1504/1443/1346 1048/786/748 323/791/753
f 915/1030/976 1504/1443/1346 729/1413/1321
f 119/1418/1324 628/1445/1348 1505/1444/1347
f 628/1445/1348 118/1424/1330 1019/1423/1329
f 1505/1444/1347 1019/1423/1329 326/834/796
f 1020/1416/1322 1505/1444/1347 1049/779/741
f 187/1121/1062 1017/1447/1350 1506/1446/1349
f 1017/1447/1350 324/769/731 1050/771/733
f 1506/1446/1349 1050/771/733 325/775/737
f 738/1119/1060 1506/1446/1349 1018/843/805
f 162/672/645 695/869/828 1507/1448/1351
f 208/709/677 1053/1450/1353 1507/1448/1351
f 1053/1450/1353 346/746/710 1054/1451/1354
f 766/1449/1352 1507/1448/1351 1054/1451/1354
f 724/1453/1356 1508/1457/1360 1183/1454/1357
f 173/1456/1359 1052/1458/1361 1508/1457/1360
f 1052/1458/1361 345/873/811 1176/870/829
f 1508/1457/1360 1176/870/829 416/872/831
f 723/1459/1362 1509/1463/1364 1052/1460/1361
f 166/1462/1363 767/1464/1365 1509/1463/1364
f 767/1464/1365 344/850/812 1056/847/809
f 1509/1463/1364 1056/847/809 345/849/811
f 1145/1465/1366 1510/1467/1368 694/1466/1367
f 396/756/718 1057/755/717 1510/1467/1368
f 1057/755/717 342/761/723 765/1468/1369
f 1510/1467/1368 765/1468/1369 160/1469/1370
f 784/708/676 1511/1473/1372 1053/1450/1353
f 161/1470/1371 1051/1472/1373 1511/1471/1372
f 1051/1472/1373 341/747/711 1058/749/708
f 1511/1473/1372 1058/744/708 346/746/710
f 692/1474/1374 1512/1477/1377 633/1475/1375
f 207/753/715 1065/1478/1378 1512/1477/1377
f 1065/1478/1378 353/585/560 1066/897/845
f 1512/1477/1377 1066/897/845 347/899/847
f 721/725/693 1513/1480/1380 1062/1479/1379
f 171/727/659 717/1481/1381 1513/1480/1380
f 717/1481/1381 352/739/703 1067/738/704
f 1513/1480/1380 1067/738/704 350/696/666
f 411/688/658 1182/1483/1383 1514/1482/1382
f 1182/1483/1383 417/730/696 1068/732/698
f 1514/1482/1382 1068/732/698 352/737/703
f 1171/686/656 1514/1482/1382 717/1484/1381
f 716/723/691 1515/1486/1385 715/1485/1384
f 169/728/694 1062/1479/1379 1515/1486/1385
f 1062/1479/1379 350/696/666 1069/693/663
f 1515/1486/1385 1069/693/663 351/695/665
f 1144/1487/1386 1516/1488/1387 693/759/721
f 1144/1487/1386 397/661/634 1070/663/636
f 1516/1488/1387 1070/663/636 348/666/639
f 1516/1488/1387 666/1489/1388 158/1490/1389
f 783/1491/714 1517/1495/1391 1065/1478/1378
f 159/1492/1390 1061/1494/1392 1517/1493/1391
f 1061/1494/1392 349/586/561 1071/588/558
f 1517/1495/1391 1071/583/558 353/585/560
f 785/1496/1393 1518/1500/1397 1073/1497/1394
f 209/1499/1396 1077/1506/1403 1518/1500/1397
f 1518/1500/1397 1077/1506/1403 359/701/671
f 1073/1497/1394 1518/1500/1397 1078/868/827
f 1173/1501/1398 1519/1503/1400 1181/1502/1399
f 161/1470/1371 1075/705/675 1519/1503/1400
f 1519/1503/1400 1075/705/675 357/1504/1401
f 1519/1503/1400 1178/762/724 418/764/726
f 726/1505/1402 1520/2168/1405 1077/1506/1403
f 165/1507/1404 763/765/727 1520/1508/1405
f 1520/1508/1405 763/765/727 357/1504/1401
f 1077/1506/1403 1520/2168/1405 1080/1510/674
f 670/1511/1406 1521/1514/1409 1143/1512/1407
f 147/1498/1395 1073/1497/1394 1521/1514/1409
f 1521/1514/1409 1073/1497/1394 355/866/825
f 1143/1512/1407 1521/1514/1409 1140/670/643
f 723/1459/1362 1522/1516/1411 762/1515/1410
f 173/1461/1359 1076/1517/1412 1522/1516/1411
f 1076/1517/1412 358/578/553 1082/575/550
f 1522/1516/1411 1082/575/550 356/577/552
f 285/1518/1413 937/1521/1416 1523/1519/1414
f 937/1521/1416 377/975/921 1103/1388/1302
f 1523/1519/1414 1103/1388/1302 379/1292/1207
f 947/1520/1415 1523/1519/1414 1010/1522/1417
f 307/1523/1418 1010/1522/1417 1524/1524/1419
f 1010/1522/1417 379/1292/1207 1104/1294/1209
f 1524/1524/1419 1104/1294/1209 378/1297/1212
f 1524/1524/1419 941/1526/1421 291/1527/1422
f 912/1528/1423 1525/1529/1424 905/1249/1166
f 374/1221/1144 1105/1250/1167 1525/1529/1424
f 1105/1250/1167 376/1125/1066 934/1530/1425
f 1525/1529/1424 934/1530/1425 279/1134/1075
f 1094/1180/1112 1526/1532/1427 728/1531/1426
f 371/1182/1114 1106/1229/1151 1526/1532/1427
f 1106/1229/1151 375/997/943 921/1533/1428
f 1526/1532/1427 921/1533/1428 271/1534/1429
f 901/1535/1430 1527/1537/1431 891/1536/1136
f 373/1187/1119 1107/1215/1139 1527/1537/1431
f 1107/1222/1139 374/1221/1144 912/1528/1423
f 1527/1538/1431 912/1528/1423 267/1247/1164
f 225/1233/1155 828/1228/1150 1528/1539/1432
f 371/1182/1114 1108/1181/1113 1528/1539/1432
f 1108/1181/1113 373/1187/1119 901/1535/1430
f 1528/1539/1432 901/1535/1430 258/1178/1110
f 934/1530/1425 1529/1540/1433 927/1136/1077
f 376/1125/1066 1109/1124/1065 1529/1540/1433
f 1109/1124/1065 372/1130/1071 882/1541/1434
f 1529/1540/1433 882/1541/1434 255/1542/1435
f 213/932/880 802/931/879 1530/1543/1436
f 802/931/879 212/926/874 1093/1544/1437
f 1530/1543/1436 1093/1544/1437 370/989/935
f 805/999/945 1530/1543/1436 1110/1003/949
f 921/1533/1428 1531/1546/1439 914/1545/1438
f 375/997/943 1111/996/942 1531/1546/1439
f 1111/996/942 367/1000/946 1090/1002/948
f 1531/1546/1439 1090/1002/948 224/1005/951
f 212/926/874 806/925/873 1532/1547/1440
f 806/925/873 210/920/868 1092/1548/1441
f 1532/1547/1440 1092/1548/1441 369/981/927
f 1093/1544/1437 1532/1547/1440 1112/992/938
f 210/920/868 799/919/867 1533/1549/1442
f 799/919/867 211/918/866 1091/980/926
f 1533/1549/1442 1091/980/926 368/1550/1443
f 1092/1548/1441 1533/1549/1442 1113/984/930
f 114/1551/1444 821/1554/1447 1534/1552/1445
f 821/1554/1447 221/986/932 822/985/931
f 1534/1552/1445 822/985/931 368/1550/1443
f 622/1553/1446 1534/1552/1445 1114/979/925
f 33/1555/1448 471/1558/1451 1535/1556/1449
f 471/1558/1451 360/967/913 1115/973/919
f 1535/1556/1449 1115/973/919 377/975/921
f 969/1557/1450 1535/1556/1449 937/1521/1416
f 588/121/119 1536/1560/1453 467/1559/1452
f 361/123/121 1116/964/910 1536/1560/1453
f 1536/1560/1453 1116/964/910 360/967/913
f 1536/1560/1453 471/1558/1451 33/1555/1448
f 798/1561/1454 1537/1564/1457 778/1562/1455
f 366/948/896 1117/959/907 1537/1564/1457
f 1117/962/907 363/956/904 637/1565/1458
f 1537/1566/1457 637/1565/1458 128/1567/1459
f 400/1569/1460 696/1572/1463 1538/1570/1461
f 696/1572/1463 128/1567/1459 637/1565/1458
f 1538/1570/1461 637/1565/1458 363/956/904
f 1180/1571/1462 1538/1570/1461 1179/953/901
f 380/1573/1464 1142/1576/1467 1539/1574/1465
f 1142/1576/1467 399/949/897 1119/951/899
f 1539/1574/1465 1119/951/899 365/943/891
f 1122/1575/1466 1539/1574/1465 690/1577/1468
f 145/1578/1469 690/1577/1468 1540/1579/1470
f 690/1577/1468 365/943/891 1120/945/893
f 1120/945/893 366/948/896 798/1561/1454
f 1540/1579/1470 798/1561/1454 202/1563/1456
f 215/152/150 1084/965/911 1541/1581/1472
f 361/123/121 1121/122/120 1541/1581/1472
f 1121/122/120 364/128/126 1087/1582/1473
f 819/969/915 1541/1581/1472 1087/1582/1473
f 622/1583/1446 1542/1587/1476 624/1584/1474
f 622/1583/1446 362/1599/922 1141/1586/1475
f 1542/1587/1476 1141/1586/1475 399/949/897
f 624/1584/1474 1542/1587/1476 1142/1576/1467
f 124/1588/1477 1127/1591/1480 1543/1589/1478
f 1127/1591/1480 385/1513/1408 1143/1512/1407
f 1543/1589/1478 1143/1512/1407 398/667/640
f 760/1590/1479 1543/1589/1478 1081/1592/1481
f 633/1475/1375 1544/1596/1485 1134/1594/1483
f 633/1475/1375 347/899/847 1139/1595/1484
f 1544/1596/1485 1139/1595/1484 397/661/634
f 1544/1596/1485 1144/1487/1386 392/757/719
f 766/1449/1352 1545/1597/1486 1135/673/646
f 343/1452/1355 1138/1598/1487 1545/1597/1486
f 1138/1598/1487 396/756/718 1145/1465/1366
f 1545/1597/1486 1145/1465/1366 393/674/647
f 362/1599/922 1085/1601/924 1546/1600/1488
f 1085/1601/924 216/1610/889 1137/1602/1489
f 1546/1600/1488 1137/1602/1489 395/655/628
f 1141/1586/1475 1546/1600/1488 1146/952/900
f 343/1452/1355 1054/1451/1354 1547/1603/1490
f 346/746/710 1215/745/709 1547/1603/1490
f 1215/745/709 207/753/715 692/1474/1374
f 1217/1604/1491 1547/1603/1490 692/1474/1374
f 354/1593/1482 1081/1592/1481 1548/1605/1492
f 1081/1592/1481 398/667/640 1147/669/642
f 1548/1605/1492 1147/669/642 393/674/647
f 1072/1606/1493 1548/1605/1492 694/1466/1367
f 347/899/847 1059/898/846 1549/1607/1494
f 146/598/571 1123/1608/1495 1549/1607/1494
f 1123/1608/1495 381/574/549 1148/664/637
f 1139/1595/1484 1549/1607/1494 1148/664/637
f 809/1609/888 1550/1612/1496 1137/1602/1489
f 115/1611/778 1128/1613/1497 1550/1612/1496
f 1128/1613/1497 386/651/624 1149/658/631
f 1137/1602/1489 1550/1612/1496 1149/658/631
f 625/1432/1338 1551/1614/1498 1128/1613/1497
f 116/1429/1335 1129/1615/1499 1551/1614/1498
f 1129/1615/1499 387/645/618 1150/649/622
f 1551/1614/1498 1150/649/622 386/651/624
f 626/1428/1334 1552/1616/1500 1129/1615/1499
f 117/1425/1331 1130/1617/1501 1552/1616/1500
f 1130/1617/1501 388/639/612 1151/643/616
f 1552/1616/1500 1151/643/616 387/645/618
f 627/1422/1328 1553/1618/1502 1130/1617/1501
f 118/1424/1330 1132/1620/1504 1553/1618/1502
f 1553/1618/1502 1132/1620/1504 390/631/604
f 1553/1618/1502 1152/637/610 388/639/612
f 118/1424/1330 628/1445/1348 1554/1619/1503
f 628/1445/1348 119/1418/1324 1133/1621/1505
f 1554/1619/1503 1133/1621/1505 391/624/597
f 1132/1620/1504 1554/1619/1503 1153/634/607
f 119/1418/1324 629/1417/1323 1555/1622/1506
f 629/1417/1323 120/524/501 1131/523/500
f 1555/1622/1506 1131/523/500 389/1623/1507
f 1133/1621/1505 1555/1622/1506 1154/627/600
f 121/526/503 740/773/735 1556/1624/1508
f 740/773/735 188/560/535 741/559/534
f 1556/1624/1508 741/559/534 394/1625/1509
f 1126/521/498 1556/1624/1508 1155/614/587
f 156/605/578 1125/1627/1511 1557/1626/1510
f 1125/1627/1511 383/565/540 1156/570/545
f 1557/1626/1510 1156/570/545 381/574/549
f 680/597/570 1557/1626/1510 1123/1608/1495
f 681/604/577 1558/1628/1512 1125/1627/1511
f 155/603/576 1124/1629/1513 1558/1628/1512
f 1124/1629/1513 382/555/530 1157/563/538
f 1558/1628/1512 1157/563/538 383/565/540
f 155/603/576 682/611/584 1559/1630/1514
f 682/611/584 154/610/583 1136/615/588
f 1559/1630/1514 1136/615/588 394/1625/1509
f 1124/1629/1513 1559/1630/1514 1158/558/533
f 144/617/590 684/623/596 1560/1631/1515
f 684/623/596 151/622/595 674/628/601
f 1560/1631/1515 674/628/601 389/1623/1507
f 667/613/586 1560/1631/1515 1159/522/499
f 27/1632/1516 1160/1635/1518 1561/1633/1517
f 1160/1635/1518 400/1569/1460 1180/1571/1462
f 1561/1633/1517 1180/1571/1462 419/955/903
f 657/1634/125 1561/1633/1517 1118/1636/1519
f 724/1453/1356 1562/1639/1520 1076/1638/1412
f 413/1455/1358 1181/1502/1399 1562/1639/1520
f 1181/1502/1399 418/764/726 1079/1640/1521
f 1562/1639/1520 1079/1640/1521 358/1641/553
f 123/896/844 691/589/563 1563/1642/1522
f 691/589/563 349/586/561 1177/1644/1524
f 1563/1642/1522 1177/1644/1524 417/730/696
f 718/1643/1523 1563/1642/1522 1182/1483/1383
f 1173/1501/1398 1564/1645/1525 1051/1472/1373
f 413/1455/1358 1183/1454/1357 1564/1645/1525
f 1183/1454/1357 416/872/831 1055/1646/1526
f 1564/1645/1525 1055/1646/1526 341/747/711
f 364/1637/126 1118/1636/1519 1565/1647/1527
f 419/955/903 1184/954/902 1565/1647/1527
f 1184/954/902 415/465/449 816/1649/1528
f 1565/1647/1527 816/1649/1528 218/1650/916
f 127/488/470 701/516/493 1566/1651/1529
f 701/516/493 405/513/490 1185/855/816
f 1566/1651/1529 1185/855/816 403/493/475
f 642/489/471 1566/1651/1529 1163/1652/1530
f 1217/1604/1491 1567/1653/1531 1138/1598/1487
f 157/1476/1376 1134/1594/1483 1567/1653/1531
f 1134/1594/1483 392/757/719 1219/754/716
f 1567/1653/1531 1219/754/716 396/756/718
f 1079/1640/1521 1568/1655/1532 764/1654/555
f 418/764/726 1186/763/725 1568/1655/1532
f 1186/763/725 414/768/730 727/1656/1533
f 1568/1655/1532 727/1656/1533 175/1657/1534
f 349/586/561 1061/1494/1392 1569/1658/1535
f 1061/1494/1392 159/1492/1390 1172/1659/1536
f 1569/1658/1535 1172/1659/1536 412/876/833
f 1177/1644/1524 1569/1658/1535 1187/733/699
f 718/1643/1523 1570/1660/1537 634/892/842
f 411/688/658 1188/687/657 1570/1660/1537
f 1188/687/657 410/680/653 706/679/652
f 1570/1660/1537 706/679/652 125/887/839
f 1169/1661/1538 1571/1664/1539 465/1662/684
f 409/554/529 1189/675/648 1571/1664/1539
f 1189/675/648 410/680/653 1170/692/662
f 1571/1664/1539 1170/692/662 31/1665/685
f 1168/1666/1540 1572/1669/1541 540/1667/117
f 408/549/524 1190/550/525 1572/1669/1541
f 1190/550/525 409/554/529 1169/1661/1538
f 1572/1669/1541 1169/1661/1538 70/1663/118
f 1167/1670/1542 1573/1673/1543 464/1671/138
f 407/545/520 1191/546/521 1573/1673/1543
f 1191/546/521 408/549/524 1168/1666/1540
f 1573/1673/1543 1168/1666/1540 30/1668/116
f 1161/1674/1544 1574/1677/1545 570/1675/129
f 401/530/507 1192/541/516 1574/1677/1545
f 1192/541/516 407/545/520 1167/1670/1542
f 1574/1677/1545 1167/1670/1542 85/1672/142
f 1166/1678/1546 1575/1681/1547 463/1679/31
f 406/518/495 1193/527/504 1575/1681/1547
f 1193/527/504 401/530/507 1161/1674/1544
f 1575/1681/1547 1161/1674/1544 29/1676/32
f 1165/857/817 1576/1683/1548 601/1682/137
f 1165/857/817 405/513/490 1194/515/492
f 1194/515/492 406/518/495 1166/1678/1546
f 1576/1683/1548 1166/1678/1546 26/1680/30
f 130/462/446 640/460/445 1577/1684/1549
f 131/490/472 1163/1652/1530 1577/1684/1549
f 1163/1652/1530 403/493/475 1195/491/473
f 1164/1685/1550 1577/1684/1549 1195/491/473
f 129/454/440 639/452/439 1578/1686/1551
f 639/452/439 130/462/446 1164/1685/1550
f 1578/1686/1551 1164/1685/1550 404/492/474
f 698/467/451 1578/1686/1551 1196/478/462
f 816/1649/1528 1579/1688/1552 811/1687/917
f 415/465/449 1197/464/448 1579/1688/1552
f 1197/464/448 402/468/452 1162/477/461
f 1579/1688/1552 1162/477/461 132/482/466
f 435/1689/1553 1580/1690/1554 978/1392/1306
f 420/433/423 1206/1397/1309 1580/1690/1554
f 1206/1397/1309 427/1270/1187 1013/1691/1555
f 1580/1690/1554 1013/1691/1555 320/1393/1307
f 1013/1691/1555 1581/1692/1556 996/1289/1204
f 427/1270/1187 1207/1269/1186 1581/1692/1556
f 1207/1269/1186 426/1275/1192 940/1693/1557
f 1581/1692/1556 940/1693/1557 290/1290/1205
f 593/148/146 1582/1695/1559 435/1689/1553
f 593/148/146 99/145/143 1203/1694/1558
f 1582/1695/1559 1203/1694/1558 425/17/17
f 435/1689/1553 1582/1695/1559 1208/436/426
f 520/1696/1560 1583/1697/1561 512/264/260
f 423/259/255 1209/372/364 1583/1697/1561
f 1209/372/364 424/232/228 567/1698/1562
f 1583/1697/1561 567/1698/1562 83/265/261
f 1199/21/21 1584/1699/1563 495/230/226
f 421/256/252 1210/255/251 1584/1699/1563
f 1210/255/251 423/259/255 520/1696/1560
f 495/230/226 1584/1699/1563 520/1696/1560
f 83/265/261 567/1698/1562 1585/1700/1564
f 567/1698/1562 424/232/228 1211/234/230
f 1585/1700/1564 1211/234/230 422/239/235
f 553/366/358 1585/1700/1564 1200/1701/1565
f 99/145/143 449/399/391 1586/1702/1566
f 449/399/391 20/248/244 447/254/250
f 1586/1702/1566 447/254/250 421/256/252
f 1203/1694/1558 1586/1702/1566 1212/20/20
f 1055/1646/1526 1587/1703/1567 1213/750/713
f 416/872/831 1220/871/830 1587/1703/1567
f 1220/871/830 412/876/833 1172/1659/1536
f 1587/1703/1567 1172/1659/1536 159/1492/1390
f 43/1704/1568 1598/1752/1613 1700/1705/1569
f 428/1706/1570 1700/1705/1569 1597/1707/1571
f 41/1709/1573 1596/1721/1584 1701/1710/1574
f 432/1711/1575 1701/1710/1574 1595/1712/1576
f 40/1713/1577 1595/1712/1576 1702/1714/1578
f 433/1715/1579 1702/1714/1578 1594/1716/1580
f 42/1718/1572 1597/2187/1571 1703/1719/1582
f 434/1720/1583 1703/1719/1582 1596/1721/1584
f 97/1722/1585 1613/1805/1660 1704/1723/1586
f 443/1724/1587 1704/1723/1586 1588/1725/1588
f 88/1727/1590 467/1730/1593 1705/1728/1591
f 467/1730/1593 33/2110/1937 1591/1731/1594
f 36/1732/1595 1592/1744/1607 1706/1733/1596
f 37/1735/1598 472/1734/1597 1706/1733/1596
f 54/1737/1600 1607/1782/1638 1707/1738/1601
f 19/1740/1603 473/1739/1602 1707/1738/1601
f 39/1717/1581 1594/1716/1580 1708/1742/1605
f 476/1743/1606 1708/1742/1605 1592/1744/1607
f 45/1745/1608 1600/1756/1617 1709/1746/1609
f 488/1747/1609 1709/1746/1609 1599/1748/1610
f 489/1750/1612 44/1749/1611 1599/1748/1610
f 43/1704/1568 489/1750/1612 1710/1751/1612
f 491/1753/1614 46/1761/1615 1601/1754/1615
f 45/1745/1608 491/1753/1614 1711/1755/1616
f 47/1757/1618 1602/1765/1618 1712/1758/1619
f 492/1760/1620 1712/2188/1619 1601/1754/1615
f 493/1762/1621 48/1778/1622 1603/1763/1622
f 47/1757/1618 493/1762/1621 1713/1764/1621
f 422/1766/1623 494/1770/1627 1714/1767/1624
f 50/1769/1626 1605/1772/1629 1714/1767/1624
f 502/1771/1628 1715/1774/1631 1605/1772/1629
f 51/1773/1630 1606/1786/1642 1715/1774/1631
f 503/1775/1632 49/2155/1633 1604/1776/1633
f 48/1778/1622 503/1775/1632 1716/1777/1634
f 82/1779/1635 1609/1795/1650 1717/1780/1636
f 506/1781/1637 1717/1780/1636 1607/1782/1638
f 86/1783/1639 1610/1798/1653 1718/1784/1640
f 533/1785/1641 1718/1784/1640 1606/1786/1642
f 91/1787/1643 1612/1848/1703 1719/1788/1644
f 535/1789/1645 1719/1788/1644 1608/1790/1646
f 552/1792/1648 37/1735/1598 1593/1736/1599
f 552/1794/1648 1720/2189/1649 1609/1795/1650
f 67/1791/1647 1608/1790/1646 1721/1796/1651
f 572/1797/1652 1721/1796/1651 1610/1798/1653
f 27/1799/1654 576/1802/1657 1722/1800/1655
f 576/1802/1657 88/1727/1590 1611/1729/1592
f 591/1803/1658 19/1740/1603 1589/1741/1604
f 97/1722/1585 591/1803/1658 1723/1804/1659
f 380/1806/1661 1694/2144/1661 1724/1807/1662
f 624/1808/1663 1724/1807/1662 1614/1809/1664
f 663/1811/1666 141/1884/1735 1617/1812/1667
f 142/1814/1669 663/1811/1666 1725/1813/1668
f 665/1816/1671 142/1814/1669 1618/1815/1670
f 143/1818/1673 665/1816/1671 1726/1817/1672
f 348/1820/1675 1689/2129/1954 1727/1821/1676
f 666/1822/1677 1727/1821/1676 1622/1823/1678
f 668/1825/1680 202/1907/1757 1635/1826/1681
f 145/1828/1683 668/1825/1680 1728/1827/1682
f 385/1830/1685 1695/2147/1969 1729/1831/1686
f 670/1832/1687 1729/1831/1686 1621/1833/1688
f 696/1835/1690 400/2150/1972 1696/1836/1691
f 128/1838/1693 696/1835/1690 1730/1837/1692
f 164/1840/1695 1625/2165/1982 1731/1841/1696
f 707/1842/1697 1731/1841/1696 1624/1843/1698
f 167/1845/1700 1628/1852/1706 1732/1846/1701
f 708/1847/1702 1732/1846/1701 1612/1848/1703
f 710/1849/1704 170/1856/1710 1629/1850/1705
f 167/1845/1700 710/1849/1704 1733/1851/1704
f 715/1853/1707 351/2132/1957 1690/1854/1708
f 170/1856/1710 715/1853/1707 1734/1855/1709
f 175/1857/1711 1631/1871/1723 1735/1858/1712
f 725/1859/1713 1735/1858/1712 1630/1860/1714
f 726/1862/1715 209/1911/1760 1636/1863/1716
f 165/1865/1718 726/2169/1715 1736/1866/1717
f 414/1868/1720 1697/2153/1720 1737/1869/1721
f 727/1870/1722 1737/1869/1721 1631/1871/1723
f 728/1872/1724 271/2170/1725 1661/1873/1725
f 728/1872/1724 1738/1874/1726 1632/1875/1727
f 324/1877/1729 1686/2126/1951 1739/1878/1730
f 739/1879/1731 1739/1878/1730 1634/1880/1732
f 188/1881/1733 1634/1880/1732 1740/1882/1734
f 141/1884/1735 742/1883/1734 1740/1882/1734
f 760/1885/1736 354/2135/1737 1691/1886/1737
f 124/1888/1739 760/2171/1736 1741/1889/1738
f 762/1891/1741 356/2138/1742 1692/1892/1742
f 762/1891/1741 1742/1893/1743 1627/1894/1744
f 342/1896/1746 1687/2163/1980 1743/1897/1747
f 765/1898/1748 1743/1897/1747 1623/1899/1749
f 767/1901/1751 1744/1904/1754 1688/1902/1752
f 166/1895/1745 1627/1894/1744 1744/1904/1754
f 778/1905/1755 128/1838/1693 1616/1839/1694
f 202/1907/1757 778/2172/1755 1745/1908/1756
f 147/1834/1689 1621/1833/1688 1746/1909/1758
f 785/1910/1759 1746/1909/1758 1636/1863/1716
f 821/1912/1761 114/2173/1665 1614/1913/1664
f 221/1915/1763 821/1912/1761 1747/1914/1762
f 823/1917/1765 221/1915/1763 1637/1916/1764
f 222/1919/1767 823/1917/1765 1748/1918/1766
f 222/1919/1767 1638/1920/1768 1749/1921/1769
f 825/1922/1769 1749/1921/1769 1639/1923/1770
f 223/1924/1771 1639/1923/1770 1750/1925/1772
f 827/1926/1773 1750/1925/1772 1640/1927/1774
f 239/1929/1776 1654/1987/1831 1751/1930/1777
f 830/1931/1778 1751/1930/1777 1633/1932/1779
f 274/1934/1781 1662/2022/1859 1752/1935/1782
f 831/1936/1783 1752/1935/1782 1653/1937/1784
f 229/1939/1786 833/1942/1789 1753/1940/1787
f 833/1942/1789 230/1948/1795 1645/1943/1790
f 836/1944/1791 229/1939/1786 1644/1941/1788
f 227/1946/1793 836/1944/1791 1754/1945/1792
f 230/1948/1795 837/1950/1797 1755/1949/1796
f 837/1950/1797 228/1960/1807 1643/1951/1798
f 234/1952/1799 1649/1967/1814 1756/1953/1800
f 841/1954/1801 1756/1953/1800 1650/1955/1802
f 845/1957/1804 233/1963/1810 1648/1958/1805
f 228/1960/1807 845/1957/1804 1757/1959/1806
f 846/1961/1808 235/1956/1803 1650/1955/1802
f 233/1963/1810 846/1961/1808 1758/1962/1809
f 847/1964/1811 236/2174/1812 1651/1965/1812
f 847/1964/1811 1759/1966/1813 1649/1967/1814
f 237/1968/1815 1652/1983/1828 1760/1969/1816
f 850/1970/1817 1760/1969/1816 1646/1971/1818
f 231/1972/1819 1646/1971/1818 1761/1973/1820
f 852/1974/1821 1761/1973/1820 1647/1975/1822
f 232/1976/1823 1647/1975/1822 1762/1977/1824
f 236/1979/1812 853/1978/1825 1762/1977/1824
f 238/1938/1785 1653/1937/1784 1763/1981/1826
f 854/1982/1827 1763/1981/1826 1652/1983/1828
f 855/1984/1829 227/1946/1793 1642/1947/1794
f 855/1986/1829 1764/2190/1830 1654/1987/1831
f 276/1988/1832 1663/2025/1862 1765/1989/1833
f 886/1990/1834 1765/1989/1833 1655/1991/1835
f 888/1993/1836 261/2005/1847 1658/1994/1837
f 226/1996/1839 888/1993/1836 1766/1995/1838
f 176/1876/1728 1632/1875/1727 1767/1998/1841
f 892/1999/1841 1767/1998/1841 1657/2000/1842
f 269/2002/1844 1660/2015/1854 1768/2003/1845
f 261/2005/1847 894/2175/1846 1768/2006/1845
f 259/2001/1843 1657/2000/1842 1769/2007/1848
f 264/2009/1850 902/2176/1849 1769/2010/1848
f 907/2012/1852 281/2029/1866 1664/2013/1853
f 907/2012/1852 1770/2014/1852 1660/2015/1854
f 224/1928/1775 1640/1927/1774 1771/2016/1855
f 271/2018/1725 914/2017/1856 1771/2016/1855
f 226/1996/1839 1641/1997/1840 1772/2020/1857
f 917/2021/1858 1772/2020/1857 1662/2022/1859
f 924/2023/1860 264/2009/1850 1659/2011/1851
f 924/2023/1860 1773/2024/1861 1663/2025/1862
f 929/2026/1863 256/2177/3939 1656/2027/1864
f 281/2029/1866 929/2026/1863 1774/2028/1865
f 287/2030/1867 1666/2116/1942 1775/2031/1868
f 938/2032/1869 1775/2031/1868 1667/2033/1870
f 288/2034/1871 1667/2033/1870 1776/2035/1872
f 939/2036/1873 1776/2035/1872 1668/2037/1874
f 940/2039/1557 426/2160/1192 1699/2040/1876
f 940/2042/1557 1777/2191/1877 1669/2043/1878
f 378/2045/1880 1693/2141/1964 1778/2046/1881
f 941/2047/1882 1778/2046/1881 1670/2048/1883
f 293/2050/1885 1672/2057/1885 1779/2051/1886
f 942/2052/1887 1779/2051/1886 1671/2053/1888
f 290/2044/1879 1669/2043/1878 1780/2055/1890
f 943/2056/1891 1780/2055/1890 1672/2057/1885
f 944/2058/1892 292/2054/1889 1671/2053/1888
f 294/2060/1893 944/2058/1892 1781/2059/1892
f 307/2062/1894 1684/2119/1945 1782/2063/1895
f 285/2065/1897 947/2178/1896 1782/2066/1895
f 296/2068/1899 1675/2076/1899 1783/2069/1900
f 949/2070/1900 1783/2069/1900 1674/2071/1901
f 950/2073/1903 302/2097/1925 1681/2074/1904
f 296/2068/1899 950/2073/1903 1784/2075/1905
f 951/2077/1906 298/2086/1914 1677/2078/1907
f 951/2080/1906 1785/2192/1908 1676/2081/1909
f 952/2083/1911 299/2090/1918 1678/2084/1912
f 298/2086/1914 952/2083/1911 1786/2085/1913
f 953/2087/1915 300/2094/1922 1679/2088/1916
f 299/2090/1918 953/2087/1915 1787/2089/1917
f 954/2091/1919 303/2101/1929 1682/2092/1920
f 300/2094/1922 954/2091/1919 1788/2093/1921
f 297/2082/1910 1676/2081/1909 1789/2095/1923
f 302/2097/1925 955/2096/1924 1789/2095/1923
f 304/2098/1926 1683/2105/1932 1790/2099/1927
f 303/2101/1929 956/2100/1928 1790/2099/1927
f 301/2102/1930 1680/2109/1936 1791/2103/1931
f 957/2104/1931 1791/2103/1931 1683/2105/1932
f 966/2106/1933 317/2123/1948 1685/2107/1934
f 966/2106/1933 1792/2108/1935 1680/2109/1936
f 33/2110/1937 969/2112/1939 1793/2111/1938
f 969/2112/1939 285/2065/1897 1665/2067/1898
f 975/2113/1940 295/2072/1902 1674/2071/1901
f 287/2030/1867 975/2179/1940 1794/2115/1941
f 291/2049/1884 1670/2048/1883 1795/2117/1943
f 307/2062/1894 983/2118/1944 1795/2117/1943
f 993/2120/1946 18/2180/1589 1588/2121/1588
f 317/2123/1948 993/2120/1946 1796/2122/1947
f 187/1933/1780 1633/1932/1779 1797/2124/1949
f 1017/2125/1950 1797/2124/1949 1686/2126/1951
f 1060/2127/1952 143/1818/1673 1619/1819/1674
f 348/1820/1675 1060/2127/1952 1798/2128/1953
f 1063/2130/1955 163/1844/1699 1624/1843/1698
f 351/2132/1957 1063/2130/1955 1799/2131/1956
f 1072/2133/1958 160/1900/1750 1623/1899/1749
f 354/2135/1737 1072/2133/1958 1800/2134/1959
f 1074/2136/1960 174/1861/1714 1630/1860/1714
f 356/2138/1742 1074/2136/1960 1801/2137/1961
f 294/2060/1893 1673/2061/1893 1802/2139/1962
f 1101/2140/1963 1802/2139/1962 1693/2141/1964
f 1122/2142/1965 145/1828/1683 1620/1829/1684
f 1122/2142/1965 1803/2143/1966 1694/2144/1661
f 124/1888/1739 1615/1890/1740 1804/2145/1967
f 1127/2146/1968 1804/2145/1967 1695/2147/1969
f 1160/2148/1970 27/1799/1654 1590/1801/1656
f 400/2150/1972 1160/2148/1970 1805/2149/1971
f 1174/2151/1973 165/1865/1718 1626/1867/1719
f 414/1868/1720 1174/2151/1973 1806/2152/1974
f 1200/2154/1975 1807/2193/1975 1604/1776/1633
f 422/1766/1623 1698/1768/1625 1807/2156/1975
f 289/2038/1875 1668/2037/1874 1808/2158/1976
f 426/2160/1192 1204/2159/1977 1808/2158/1976
f 1216/2161/1978 158/1824/1679 1622/1823/1678
f 1216/2161/1978 1809/2162/1979 1687/2163/1980
f 1218/2164/1981 1810/2194/1983 1625/2165/1982
f 344/1903/1753 1688/1902/1752 1810/2166/1983
f 2024/1/1984 2784/3/1990 3031/2/1985
f 2617/4/1986 3031/2/1985 2255/5/1987
f 3031/2/1985 2783/7/1991 1821/6/1989
f 2784/3/1990 2096/8/2892 2783/7/1991
f 1946/9/1992 2461/11/1998 3032/10/1993
f 2457/12/1994 3032/10/1993 2256/13/1995
f 3032/10/1993 2455/15/1999 1820/14/1997
f 2461/11/1998 1944/16/2435 2455/15/1999
f 2235/17/2000 2431/19/2006 3033/18/2001
f 3022/20/2002 3033/18/2001 3009/21/2003
f 3033/18/2001 2258/23/2007 1815/22/2005
f 2431/19/2006 1908/24/2018 2258/23/2007
f 1902/25/2008 2388/27/2014 3034/26/2009
f 2397/28/2010 3034/26/2009 2347/29/2011
f 3034/26/2009 2273/31/2015 1836/30/2013
f 2388/27/2014 1839/32/2112 2273/31/2015
f 2402/34/2016 3035/36/2019 2429/33/2017
f 3035/36/2019 2780/37/2022 1910/35/2020
f 2777/38/2021 2094/429/2396 2780/37/2022
f 1819/39/2023 2777/38/2021 3035/36/2019
f 1910/35/2020 2428/41/2029 3036/40/2024
f 2404/42/2025 3036/40/2024 2247/43/2026
f 3036/40/2024 2260/45/2030 1813/44/2028
f 2428/41/2029 1911/46/2033 2260/45/2030
f 2782/48/2031 3037/54/2034 2427/47/2032
f 3037/50/2034 2781/52/2037 1912/49/2035
f 2746/53/2036 2093/424/2393 2781/52/2037
f 2092/55/2038 2746/1394/2036 3037/54/2034
f 1912/49/2035 2426/57/2044 3038/56/2039
f 3038/56/2039 2261/60/2043 1831/58/2041
f 2262/61/2042 1814/211/2191 2261/60/2043
f 2426/57/2044 1913/62/2066 2262/61/2042
f 1915/63/2045 2266/65/2051 3039/64/2046
f 2425/66/2047 3039/64/2046 2296/67/2048
f 3039/64/2046 2265/69/2052 1824/68/2050
f 2266/65/2051 1833/70/3268 2265/69/2052
f 1922/71/2049 2296/67/2048 3040/72/2053
f 3040/72/2053 2263/75/2057 1914/73/2055
f 2249/76/2056 1825/82/2063 2263/75/2057
f 2296/67/2048 1824/68/2050 2249/76/2056
f 2263/75/2057 3041/79/2059 2423/77/2058
f 3041/79/2059 2293/80/2062 1921/78/2060
f 2250/81/2061 1826/93/2075 2293/80/2062
f 1825/82/2063 2250/81/2061 3041/79/2059
f 2406/84/2064 3042/85/2067 2422/83/2065
f 3042/85/2067 2266/65/2051 1915/63/2045
f 2248/86/2068 1833/70/3268 2266/65/2051
f 1823/87/2069 2248/86/2068 3042/85/2067
f 2293/80/2062 3043/90/2071 2421/88/2070
f 3043/90/2071 2267/91/2074 1916/89/2072
f 2251/92/2073 1827/99/2081 2267/91/2074
f 1826/93/2075 2251/92/2073 3043/90/2071
f 2267/91/2074 3044/96/2079 2420/94/2076
f 2420/94/2076 3044/96/2079 2289/95/2077
f 3044/96/2079 2252/98/3263 1834/97/2080
f 1827/99/2081 2252/98/3263 3044/96/2079
f 1920/100/2078 2289/95/2077 3045/101/2082
f 2419/102/2083 3045/101/2082 2271/103/2084
f 3045/101/2082 2268/105/2087 1835/104/2086
f 2289/95/2077 1834/97/2080 2268/105/2087
f 2418/107/2088 3046/110/2091 2253/106/2089
f 3046/110/2091 2270/111/2093 1828/109/2092
f 2271/103/2084 1835/104/2086 2270/111/2093
f 1917/112/2085 2271/103/2084 3046/110/2091
f 1904/113/2094 2379/115/2100 3047/114/2095
f 2394/116/2096 3047/114/2095 2392/117/2097
f 3047/114/2095 2350/119/2101 1840/118/2099
f 2379/115/2100 1880/120/2661 2350/119/2101
f 2931/122/2102 3048/125/2105 2398/121/2103
f 3048/125/2105 2386/126/2108 1898/124/2106
f 2467/127/2107 1837/2181/3492 2386/126/2108
f 2174/128/2109 2467/127/2107 3048/125/2105
f 2395/129/2110 3049/130/2111 2388/27/2014
f 3049/130/2111 2380/131/2114 1839/32/2112
f 2391/132/2113 1895/144/2125 2380/131/2114
f 1905/133/2115 2391/132/2113 3049/130/2111
f 1903/134/2012 2347/29/2011 3050/135/2116
f 2400/136/2117 3050/135/2116 2430/137/2118
f 3050/135/2116 2411/139/2121 1918/138/2120
f 2347/29/2011 1836/30/2013 2411/139/2121
f 2274/140/2122 3051/142/2123 2392/117/2097
f 3051/142/2123 2393/143/2124 1906/141/2098
f 2391/132/2113 1905/133/2115 2393/143/2124
f 1895/144/2125 2391/132/2113 3051/142/2123
f 1909/145/2126 2417/147/2129 3052/146/2127
f 2403/148/2128 3052/146/2127 2256/13/1995
f 3052/146/2127 2412/150/2130 1845/149/1996
f 2417/147/2129 1919/151/2365 2412/150/2130
f 2025/152/2131 2628/154/2136 3053/153/2132
f 2618/155/2133 3053/153/2132 2278/156/2134
f 3053/153/2132 2617/4/1986 1844/157/1988
f 2628/154/2136 2024/1/1984 2617/4/1986
f 1892/158/2137 2362/160/2144 3054/159/2138
f 2378/161/2139 3054/159/2138 2284/162/2140
f 3054/159/2138 2282/164/3940 1846/163/2142
f 1847/165/2143 2282/164/3940 3054/159/2138
f 2341/167/2145 3055/170/2148 2317/166/2146
f 3055/170/2148 2287/171/2151 1816/169/2149
f 2318/172/2150 1848/175/2155 2287/171/2151
f 1866/173/2152 2318/172/2150 3055/170/2148
f 2340/174/2153 3056/176/2154 2318/172/2150
f 3056/176/2154 2288/177/2157 1848/175/2155
f 2319/178/2156 1811/181/2161 2288/177/2157
f 1867/179/2158 2319/178/2156 3056/176/2154
f 2339/180/2159 3057/182/2160 2319/178/2156
f 3057/182/2160 2291/183/2163 1811/181/2161
f 2315/184/2162 1817/187/2167 2291/183/2163
f 1863/185/2164 2315/184/2162 3057/182/2160
f 2338/186/2165 3058/188/2166 2315/184/2162
f 3058/188/2166 2292/189/2169 1817/187/2167
f 2320/190/2168 1818/193/2173 2292/189/2169
f 1868/191/2170 2320/190/2168 3058/188/2166
f 2337/192/2171 3059/194/2172 2320/190/2168
f 3059/194/2172 2295/195/2175 1818/193/2173
f 2314/196/2174 1812/199/2179 2295/195/2175
f 1862/197/2176 2314/196/2174 3059/194/2172
f 2336/198/2177 3060/200/2178 2314/196/2174
f 3060/200/2178 2297/201/2181 1812/199/2179
f 2321/202/2180 1832/205/2185 2297/201/2181
f 1869/203/2182 2321/202/2180 3060/200/2178
f 2335/204/2183 3061/206/2184 2321/202/2180
f 3061/206/2184 2240/207/2187 1832/205/2185
f 2325/208/2186 1814/211/2191 2240/207/2187
f 1873/209/2188 2325/208/2186 3061/206/2184
f 2334/210/2189 3062/212/2190 2325/208/2186
f 3062/212/2190 2261/60/2043 1814/211/2191
f 2326/213/2192 1831/58/2041 2261/60/2043
f 1874/214/2193 2326/213/2192 3062/212/2190
f 2333/215/2194 3063/216/2195 2326/213/2192
f 3063/216/2195 2239/426/2197 1831/58/2041
f 2327/218/2196 1813/44/2028 2239/217/2197
f 1875/220/2198 2327/218/2196 3063/219/2195
f 2332/222/2199 3064/223/2200 2327/218/2196
f 3064/223/2200 2247/43/2026 1813/44/2028
f 2328/224/2201 1822/227/2027 2247/43/2026
f 1876/225/2202 2328/224/2201 3064/223/2200
f 2331/226/2203 3065/228/2204 2328/224/2201
f 3065/228/2204 2241/229/2206 1822/227/2027
f 2305/230/2205 1815/22/2005 2241/229/2206
f 1870/231/2207 2305/230/2205 3065/228/2204
f 2234/232/2208 3021/234/2214 3066/233/2209
f 3012/235/2210 3066/233/2209 2306/236/2211
f 3066/233/2209 2304/238/2215 1860/237/2213
f 3021/234/2214 2232/239/3542 2304/238/2215
f 1886/240/2212 2306/236/2211 3067/241/2216
f 2376/242/2217 3067/241/2216 2307/243/2218
f 3067/241/2216 2312/245/2221 1861/244/2220
f 2306/236/2211 1860/237/2213 2312/245/2221
f 2323/247/2222 3068/250/2225 2276/246/2223
f 3068/250/2225 2324/251/2228 1842/249/2226
f 2329/252/2227 1872/369/2339 2324/251/2228
f 1871/253/2229 2329/252/2227 3068/250/2225
f 3020/255/2230 3069/257/2232 2257/254/2231
f 3069/257/2232 2323/247/2222 1830/248/2224
f 3011/258/2233 1871/253/2229 2323/247/2222
f 2233/259/2234 3011/258/2233 3069/257/2232
f 2375/261/2235 3070/263/2238 2361/260/2236
f 3070/263/2238 2331/226/2203 1876/225/2202
f 2322/264/2239 1870/231/2207 2331/226/2203
f 1893/265/2240 2322/264/2239 3070/263/2238
f 2374/267/2241 3071/269/2244 2360/266/2242
f 3071/269/2244 2332/222/2199 1875/220/2198
f 2361/260/2236 1876/225/2202 2332/222/2199
f 1891/262/2237 2361/260/2236 3071/269/2244
f 2373/271/2245 3072/273/2248 2359/270/2246
f 3072/273/2248 2333/215/2194 1874/214/2193
f 2360/266/2242 1875/220/2198 2333/221/2194
f 1890/268/2243 2360/266/2242 3072/274/2248
f 2372/277/2249 3073/279/2252 2358/276/2250
f 3073/279/2252 2334/210/2189 1873/209/2188
f 2359/270/2246 1874/214/2193 2334/210/2189
f 1889/272/2247 2359/270/2246 3073/279/2252
f 2371/281/2253 3074/283/2256 2355/280/2254
f 3074/283/2256 2335/204/2183 1869/203/2182
f 2358/276/2250 1873/209/2188 2335/204/2183
f 1888/278/2251 2358/276/2250 3074/283/2256
f 2370/285/2257 3075/287/2260 2348/284/2258
f 3075/287/2260 2336/198/2177 1862/197/2176
f 2355/280/2254 1869/203/2182 2336/198/2177
f 1885/282/2255 2355/280/2254 3075/287/2260
f 2369/289/2261 3076/291/2264 2354/288/2262
f 3076/291/2264 2337/192/2171 1868/191/2170
f 2348/284/2258 1862/197/2176 2337/192/2171
f 1878/286/2259 2348/284/2258 3076/291/2264
f 2368/293/2265 3077/295/2268 2349/292/2266
f 3077/295/2268 2338/186/2165 1863/185/2164
f 2354/288/2262 1868/191/2170 2338/186/2165
f 1884/290/2263 2354/288/2262 3077/295/2268
f 2367/297/2269 3078/299/2272 2353/296/2270
f 3078/299/2272 2339/180/2159 1867/179/2158
f 2349/292/2266 1863/185/2164 2339/180/2159
f 1879/294/2267 2349/292/2266 3078/299/2272
f 2366/301/2273 3079/303/2276 2352/300/2274
f 3079/303/2276 2340/174/2153 1866/173/2152
f 2353/296/2270 1867/179/2158 2340/174/2153
f 1883/298/2271 2353/296/2270 3079/303/2276
f 2365/305/2277 3080/307/2279 2351/304/2278
f 3080/307/2279 2341/167/2145 1865/168/2147
f 2352/300/2274 1866/173/2152 2341/167/2145
f 1882/302/2275 2352/300/2274 3080/307/2279
f 1829/308/2280 2283/310/2283 3081/309/2281
f 2254/311/2282 3081/309/2281 2317/166/2146
f 3081/309/2281 2342/312/2284 1865/168/2147
f 2283/310/2283 1864/313/2343 2342/312/2284
f 2382/315/2285 3082/318/2288 2384/314/2286
f 3082/318/2288 2364/319/2291 1897/317/2289
f 2344/320/2290 1894/381/2351 2364/319/2291
f 1877/321/2292 2344/320/2290 3082/318/2288
f 2286/322/2293 3083/323/2294 2284/162/2140
f 3083/323/2294 2365/305/2277 1881/306/2141
f 2285/324/2295 1882/302/2275 2365/305/2277
f 1849/325/2296 2285/324/2295 3083/323/2294
f 2243/326/2297 3084/327/2298 2285/324/2295
f 3084/327/2298 2366/301/2273 1882/302/2275
f 2290/328/2299 1883/298/2271 2366/301/2273
f 1850/329/2300 2290/328/2299 3084/327/2298
f 2242/330/2301 3085/331/2302 2290/328/2299
f 3085/331/2302 2367/297/2269 1883/298/2271
f 2269/332/2303 1879/294/2267 2367/297/2269
f 1851/333/2304 2269/332/2303 3085/331/2302
f 2244/334/2305 3086/335/2306 2269/332/2303
f 3086/335/2306 2368/293/2265 1879/294/2267
f 2294/336/2307 1884/290/2263 2368/293/2265
f 1852/337/2308 2294/336/2307 3086/335/2306
f 2238/338/2309 3087/339/2310 2294/336/2307
f 3087/339/2310 2369/289/2261 1884/290/2263
f 2264/340/2311 1878/286/2259 2369/289/2261
f 1853/341/2312 2264/340/2311 3087/339/2310
f 2299/342/2313 3088/343/2314 2264/340/2311
f 3088/343/2314 2370/285/2257 1878/286/2259
f 2300/344/2315 1885/282/2255 2370/285/2257
f 1854/345/2316 2300/344/2315 3088/343/2314
f 2298/346/2317 3089/347/2318 2300/344/2315
f 3089/347/2318 2371/281/2253 1885/282/2255
f 2308/348/2319 1888/278/2251 2371/281/2253
f 1855/349/2320 2308/348/2319 3089/347/2318
f 2301/350/2321 3090/351/2322 2308/348/2319
f 3090/351/2322 2372/277/2249 1888/278/2251
f 2309/352/2323 1889/272/2247 2372/277/2249
f 1856/353/2324 2309/352/2323 3090/351/2322
f 2302/354/2325 3091/355/2326 2309/352/2323
f 3091/355/2326 2373/271/2245 1889/272/2247
f 2310/356/2327 1890/268/2243 2373/275/2245
f 1857/358/2328 2310/356/2327 3091/357/2326
f 2303/360/2329 3092/361/2330 2310/356/2327
f 3092/361/2330 2374/267/2241 1890/268/2243
f 2311/362/2331 1891/262/2237 2374/267/2241
f 1858/363/2332 2311/362/2331 3092/361/2330
f 2313/364/2333 3093/365/2334 2311/362/2331
f 3093/365/2334 2375/261/2235 1891/262/2237
f 2363/366/2335 1893/265/2240 2375/261/2235
f 1859/367/2336 2363/366/2335 3093/365/2334
f 2356/368/2337 3094/370/2338 2329/252/2227
f 3094/370/2338 2357/371/2340 1872/369/2339
f 2376/242/2217 1887/377/2219 2357/371/2340
f 1886/240/2212 2376/242/2217 3094/370/2338
f 3019/372/2341 3095/373/2342 3011/258/2233
f 3095/373/2342 2356/368/2337 1871/253/2229
f 3012/235/2210 1886/240/2212 2356/368/2337
f 2234/232/2208 3012/235/2210 3095/373/2342
f 1864/313/2343 2316/375/2345 3096/374/2344
f 2342/312/2284 3096/374/2344 2351/304/2278
f 3096/374/2344 2378/161/2139 1881/306/2141
f 2316/375/2345 1892/158/2137 2378/161/2139
f 2343/376/2346 3097/378/2347 2307/243/2218
f 3097/378/2347 2383/379/2348 1887/377/2219
f 2384/314/2286 1897/317/2289 2383/379/2348
f 1896/316/2287 2384/314/2286 3097/378/2347
f 2394/116/2096 3098/382/2350 2390/380/2349
f 3098/382/2350 2364/319/2291 1894/381/2351
f 2385/383/2352 1897/317/2289 2364/319/2291
f 1906/141/2098 2385/383/2352 3098/382/2350
f 2393/143/2124 3099/384/2353 2385/383/2352
f 3099/384/2353 2383/379/2348 1897/317/2289
f 2381/385/2354 1887/377/2219 2383/379/2348
f 1905/133/2115 2381/385/2354 3099/384/2353
f 2357/371/2340 3100/387/2356 2346/386/2355
f 3100/387/2356 2395/129/2110 1902/25/2008
f 2381/385/2354 1905/133/2115 2395/129/2110
f 1887/377/2219 2381/385/2354 3100/387/2356
f 2345/388/2357 3101/389/2358 2344/320/2290
f 2344/320/2290 3101/389/2358 2390/380/2349
f 3101/389/2358 2396/390/2651 1904/113/2094
f 1901/391/2359 2396/390/2651 3101/389/2358
f 1872/369/2339 2346/386/2355 3102/392/2360
f 2324/251/2228 3102/392/2360 2389/393/2361
f 3102/392/2360 2397/28/2010 1903/134/2012
f 2346/386/2355 1902/25/2008 2397/28/2010
f 1842/249/2226 2389/393/2361 3103/394/2362
f 2279/395/2363 3103/394/2362 2416/396/2364
f 3103/394/2362 2400/136/2117 1923/397/2119
f 2389/393/2361 1903/134/2012 2400/136/2117
f 1830/248/2224 2276/246/2223 3104/398/2366
f 2259/399/2367 3104/398/2366 2417/147/2129
f 3104/398/2366 2279/395/2363 1919/151/2365
f 2276/246/2223 1842/249/2226 2279/395/2363
f 1947/400/2368 2458/402/2375 3105/401/2369
f 2460/403/2370 3105/401/2369 2456/404/2371
f 2387/405/2373 1838/859/2794 2456/404/2371
f 1900/406/2374 2387/405/2373 3105/401/2369
f 2254/311/2282 3106/408/2377 2401/407/2376
f 3106/408/2377 2418/107/2088 1907/108/2090
f 2410/409/2378 1917/112/2085 2418/107/2088
f 1816/169/2149 2410/409/2378 3106/408/2377
f 1848/175/2155 2413/411/2380 3107/410/2379
f 2287/171/2151 3107/410/2379 2410/409/2378
f 3107/410/2379 2419/102/2083 1917/112/2085
f 2413/411/2380 1920/100/2078 2419/102/2083
f 1811/181/2161 2409/413/2382 3108/412/2381
f 2288/177/2157 3108/412/2381 2413/411/2380
f 3108/412/2381 2420/94/2076 1920/100/2078
f 1916/89/2072 2420/94/2076 3108/412/2381
f 2414/414/2383 3109/415/2384 2291/183/2163
f 2291/183/2163 3109/415/2384 2409/413/2382
f 2421/88/2070 1916/89/2072 2409/413/2382
f 1921/78/2060 2421/88/2070 3109/415/2384
f 2262/61/2042 3110/417/2386 2240/207/2187
f 2240/207/2187 3110/417/2386 2408/416/2385
f 2422/83/2065 1915/63/2045 2408/416/2385
f 1913/62/2066 2422/83/2065 3110/417/2386
f 2407/418/2387 3111/419/2388 2292/189/2169
f 3111/419/2388 2414/414/2383 1817/187/2167
f 2423/77/2058 1921/78/2060 2414/414/2383
f 1914/73/2055 2423/77/2058 3111/419/2388
f 1812/199/2179 2415/421/2390 3112/420/2389
f 2295/195/2175 3112/420/2389 2407/418/2387
f 2424/74/2054 1914/73/2055 2407/418/2387
f 2415/421/2390 1922/71/2049 2424/74/2054
f 1832/205/2185 2408/416/2385 3113/422/2391
f 2297/201/2181 3113/422/2391 2415/421/2390
f 3113/422/2391 2425/66/2047 1922/71/2049
f 2408/416/2385 1915/63/2045 2425/66/2047
f 2778/423/2392 3114/425/2394 2781/52/2037
f 2781/52/2037 3114/425/2394 2426/57/2044
f 3114/425/2394 2406/84/2064 1913/62/2066
f 2778/423/2392 1823/87/2069 2406/84/2064
f 2260/45/2030 3115/428/2395 2239/217/2197
f 2239/426/2197 3115/427/2395 2405/59/2040
f 2427/51/2032 1912/49/2035 2405/59/2040
f 1911/46/2033 2427/47/2032 3115/428/2395
f 2094/429/2396 2745/431/2398 3116/430/2397
f 2780/37/2022 3116/430/2397 2428/41/2029
f 3116/430/2397 2782/48/2031 1911/46/2033
f 2745/431/2398 2092/55/2038 2782/48/2031
f 2258/23/2007 3117/432/2399 2241/229/2206
f 3117/432/2399 2404/42/2025 1822/227/2027
f 2429/33/2017 1910/35/2020 2404/42/2025
f 1908/24/2018 2429/33/2017 3117/432/2399
f 2230/433/2400 3008/435/2403 3118/434/2401
f 3018/436/2402 3118/434/2401 2431/19/2006
f 3118/434/2401 2402/34/2016 1908/24/2018
f 3008/435/2403 1819/39/2023 2402/34/2016
f 2627/438/2404 3119/441/2407 2623/437/2405
f 3119/441/2407 2448/448/2410 2006/440/2408
f 2620/443/2409 1939/454/2416 2448/442/2410
f 2627/445/2404 2027/446/2427 2620/443/2409
f 2448/448/2410 3120/450/2412 2607/447/2411
f 3120/450/2412 2451/456/2415 2007/449/2413
f 2449/452/2414 1940/462/2422 2451/451/2415
f 1939/454/2416 2449/452/2414 3120/453/2412
f 2451/456/2415 3121/458/2418 2606/455/2417
f 3121/458/2418 2453/484/2421 2008/457/2419
f 2450/460/2420 1941/490/3526 2453/459/2421
f 1940/462/2422 2450/460/2420 3121/461/2418
f 3007/464/2423 3122/466/2426 2985/463/2424
f 3122/466/2426 2620/443/2409 2027/446/2427
f 2508/467/2428 1939/454/2416 2620/443/2409
f 2212/468/2429 2508/467/2428 3122/466/2426
f 1899/469/2135 2278/156/2134 3123/470/2430
f 2399/471/2431 3123/470/2430 2459/472/2432
f 3123/470/2430 2280/473/2433 1946/9/1992
f 2278/156/2134 1844/157/1988 2280/473/2433
f 1844/157/1988 2255/5/1987 3124/474/2434
f 2280/473/2433 3124/474/2434 2461/11/1998
f 3124/474/2434 2246/475/2436 1944/16/2435
f 2255/5/1987 1821/6/1989 2246/475/2436
f 2212/468/2429 2972/477/2441 3125/476/2437
f 3006/478/2438 3125/476/2437 2510/479/2439
f 3125/476/2437 2465/481/2442 1945/480/2372
f 2972/477/2441 1942/482/2627 2465/481/2442
f 2008/457/2419 2453/484/2421 3126/483/2443
f 2605/485/2444 3126/483/2443 2462/486/2445
f 3126/487/2443 2452/489/2448 1937/488/2447
f 2453/459/2421 1941/490/3526 2452/489/2448
f 2510/479/2439 3127/494/2450 3005/491/2449
f 3127/494/2450 2509/495/2452 2213/493/2451
f 2456/496/2371 1838/2182/2794 2509/495/2452
f 1945/480/2372 2456/496/2371 3127/494/2450
f 2010/497/2446 2462/486/2445 3128/498/2453
f 2604/499/2454 3128/498/2453 2464/500/2455
f 3128/501/2453 2446/503/2458 1948/502/2457
f 2462/504/2445 1937/488/2447 2446/503/2458
f 2011/505/2456 2464/500/2455 3129/506/2459
f 2603/507/2460 3129/506/2459 2454/508/2461
f 3129/509/2459 2463/511/2464 1936/510/2463
f 2464/512/2455 1948/502/2457 2463/511/2464
f 2215/513/2465 3004/515/2470 3130/514/2466
f 3130/514/2466 2446/503/2458 1937/488/2447
f 2512/517/2468 1948/502/2457 2446/503/2458
f 2216/518/2469 2512/517/2468 3130/514/2466
f 2194/519/2471 2936/521/2477 3131/520/2472
f 2969/522/2473 3131/520/2472 2941/523/2474
f 3131/520/2472 2440/525/2478 1930/524/2476
f 2936/521/2477 1931/526/2710 2440/525/2478
f 3003/527/2479 3132/528/2480 2512/517/2468
f 3132/528/2480 2463/511/2464 1948/502/2457
f 2507/529/2481 1936/510/2463 2463/511/2464
f 2211/530/2482 2507/529/2481 3132/528/2480
f 2005/531/2483 2272/533/2489 3133/532/2484
f 2602/534/2485 3133/532/2484 2590/535/2486
f 3133/536/2484 2433/538/2490 1949/537/2488
f 2272/539/2489 1943/540/2498 2433/538/2490
f 3002/541/2491 3134/542/2492 2507/529/2481
f 3134/542/2492 2445/543/2494 1936/510/2463
f 2513/544/2493 1943/540/2498 2445/543/2494
f 2217/545/2495 2513/544/2493 3134/542/2492
f 3001/546/2496 3135/547/2497 2513/544/2493
f 3135/547/2497 2433/538/2490 1943/540/2498
f 2514/548/2499 1949/537/2488 2433/538/2490
f 2218/549/2500 2514/548/2499 3135/547/2497
f 3000/550/2501 3136/551/2502 2514/548/2499
f 3136/551/2502 2468/552/2504 1949/537/2488
f 2515/553/2503 1950/676/2621 2468/552/2504
f 2219/554/2505 2515/553/2503 3136/551/2502
f 2192/555/2506 2472/557/2512 3137/556/2507
f 2968/558/2508 3137/556/2507 2551/559/2509
f 3137/556/2507 2552/561/2513 1998/560/2511
f 2472/557/2512 1951/562/3941 2552/561/2513
f 2474/564/2514 3138/566/2517 2967/563/2515
f 3138/566/2517 2472/557/2512 2192/555/2506
f 2473/567/2518 1951/562/3941 2472/557/2512
f 1952/568/2519 2473/567/2518 3138/566/2517
f 2193/565/2516 2966/570/2523 3139/569/2520
f 2474/564/2514 3139/569/2520 2475/571/2521
f 3139/569/2520 2442/573/2524 1953/572/2522
f 2966/570/2523 2191/574/2608 2442/573/2524
f 2884/576/2525 3140/579/2528 2892/575/2526
f 3140/579/2528 2574/580/2531 2168/578/2529
f 2535/581/2530 1985/2183/3510 2574/580/2531
f 1984/582/2532 2535/581/2530 3140/579/2528
f 2601/584/2533 3141/591/2536 2881/583/2534
f 3141/587/2536 2501/589/2539 2159/586/2537
f 2589/590/2538 1933/896/2816 2501/589/2539
f 2013/592/2540 2589/894/2538 3141/591/2536
f 2016/593/2541 2600/595/2547 3142/594/2542
f 2489/596/2543 3142/594/2542 2490/597/2544
f 3142/594/2542 2479/599/2548 1956/598/2546
f 2600/595/2547 2013/592/2540 2479/599/2548
f 2489/596/2543 3143/602/2552 2599/600/2549
f 2599/600/2549 3143/602/2552 2488/601/2550
f 3143/602/2552 2491/604/3487 1965/603/2553
f 1966/605/2545 2491/604/3487 3143/602/2552
f 2015/606/2551 2488/601/2550 3144/607/2554
f 2598/608/2555 3144/607/2554 2487/609/2556
f 3144/607/2554 2492/611/2558 1964/610/2557
f 2488/601/2550 1965/603/2553 2492/611/2558
f 2194/519/2471 2477/613/2562 3145/612/2559
f 2965/614/2560 3145/612/2559 2946/615/2561
f 3145/612/2559 2493/616/2563 1964/610/2557
f 2477/613/2562 1954/617/2821 2493/616/2563
f 2005/531/2483 2581/619/2568 3146/618/2564
f 2597/620/2565 3146/618/2564 2585/621/2566
f 3146/618/2564 2494/623/2569 1961/622/2567
f 2581/619/2568 1954/617/2821 2494/623/2569
f 2201/624/2570 2486/626/2574 3147/625/2571
f 2964/627/2572 3147/625/2571 2484/628/2573
f 3147/625/2571 2495/629/2575 1961/622/2567
f 2486/626/2574 1963/630/2579 2495/629/2575
f 2200/631/2576 2485/633/2580 3148/632/2577
f 2963/634/2578 3148/632/2577 2486/626/2574
f 3148/632/2577 2496/635/2581 1963/630/2579
f 2485/633/2580 1962/636/2586 2496/635/2581
f 2483/638/2582 3149/640/2585 2962/637/2583
f 2962/637/2583 3149/640/2585 2485/633/2580
f 3149/640/2585 2497/641/2828 1962/636/2586
f 1960/642/2587 2497/641/2828 3149/640/2585
f 2482/644/2588 3150/646/2591 2961/643/2589
f 3150/646/2591 2483/638/2582 2198/639/2584
f 2498/647/2592 1960/642/2587 2483/638/2582
f 1959/648/2593 2498/647/2592 3150/646/2591
f 2481/650/2594 3151/652/2597 2960/649/2595
f 3151/652/2597 2482/644/2588 2197/645/2590
f 2499/653/2598 1959/648/2593 2482/644/2588
f 1958/654/2599 2499/653/2598 3151/652/2597
f 2205/655/2600 2625/657/2604 3152/656/2601
f 3152/656/2601 2481/650/2594 2196/651/2596
f 2622/659/2603 1958/654/2599 2481/650/2594
f 2625/657/2604 2029/660/2835 2622/659/2603
f 2207/661/2605 2880/663/2609 3153/662/2606
f 2958/664/2607 3153/662/2606 2442/573/2524
f 3153/662/2606 2870/665/2610 1953/572/2522
f 2880/663/2609 2158/666/3364 2870/665/2610
f 2208/667/2611 2957/669/2617 3154/668/2612
f 2950/670/2613 3154/668/2612 2571/671/2614
f 3154/668/2612 2945/673/2618 1972/672/2616
f 2957/669/2617 2203/674/3343 2945/673/2618
f 2999/675/2619 3155/677/2620 2515/553/2503
f 3155/677/2620 2470/678/2623 1950/676/2621
f 2516/679/2622 1935/887/2811 2470/678/2623
f 2220/680/2624 2516/679/2622 3155/677/2620
f 1947/400/2368 2460/403/2370 3156/681/2625
f 2399/471/2431 3156/681/2625 2466/682/2626
f 3156/681/2625 2465/684/2442 1942/683/2627
f 2460/403/2370 1945/685/2372 2465/684/2442
f 2998/687/2628 3157/690/2631 2981/686/2629
f 3157/690/2631 2530/691/2634 1981/689/2632
f 2980/692/2633 1841/1665/2658 2530/691/2634
f 2220/680/2624 2980/692/2633 3157/690/2631
f 2873/694/2635 3158/697/2638 2879/693/2636
f 3158/697/2638 2519/698/2641 2160/696/2639
f 2517/699/2640 1974/743/2682 2519/698/2641
f 1973/700/2642 2517/699/2640 3158/697/2638
f 2169/701/2643 2596/703/2649 3159/702/2644
f 2890/704/2645 3159/706/2644 2885/705/2646
f 2594/707/2648 1971/1470/3348 2885/705/2646
f 2596/703/2649 2018/709/2802 2594/708/2648
f 2518/710/2650 3160/711/2652 2396/390/2651
f 3160/711/2652 2521/712/2654 1904/113/2094
f 2522/713/2653 1978/718/2660 2521/712/2654
f 1977/714/2655 2522/713/2653 3160/711/2652
f 2275/716/2656 3161/719/2659 2523/715/2657
f 3161/719/2659 2521/712/2654 1978/718/2660
f 2379/115/2100 1904/113/2094 2521/712/2654
f 1880/120/2661 2379/115/2100 3161/719/2659
f 2520/720/2662 3162/721/2663 2522/713/2653
f 3162/721/2663 2524/722/2665 1978/718/2660
f 2526/723/2664 1979/728/2669 2524/722/2665
f 1980/724/2666 2526/723/2664 3162/721/2663
f 2530/726/2634 3163/729/2668 2531/725/2667
f 3163/729/2668 2524/722/2665 1979/728/2669
f 2523/715/2657 1978/718/2660 2524/722/2665
f 1841/717/2658 2523/715/2657 3163/729/2668
f 2227/730/2670 2878/732/2676 3164/731/2671
f 2997/733/2672 3164/731/2671 2529/734/2673
f 3164/731/2671 2874/736/2677 1982/735/2675
f 2878/732/2676 2162/737/2680 2874/736/2677
f 2519/698/2641 3165/740/2679 2877/738/2678
f 3165/740/2679 2874/741/2677 2162/739/2680
f 2532/742/2681 1982/853/2675 2874/741/2677
f 1974/743/2682 2532/742/2681 3165/740/2679
f 3025/745/2683 3166/752/2686 2868/744/2684
f 3166/748/2686 3023/750/2689 2151/747/2687
f 2593/751/2688 1969/1492/3367 3023/750/2689
f 2017/753/2690 2593/1491/2688 3166/752/2686
f 2867/755/2691 3167/758/2694 3029/754/2692
f 3167/758/2694 2503/759/2697 2202/757/2695
f 3026/760/2696 1968/1490/3365 2503/759/2697
f 2152/761/2698 3026/760/2696 3167/758/2694
f 2996/763/2699 3168/766/2704 2988/762/2700
f 2988/762/2700 3168/766/2704 2573/765/2702
f 2984/767/2703 1975/1507/3380 2573/765/2702
f 2224/768/2705 2984/767/2703 3168/766/2704
f 2134/769/2706 2860/771/2711 3169/770/2707
f 2549/772/2708 3169/770/2707 2550/773/2709
f 3169/770/2707 2555/774/2712 1931/526/2710
f 2860/771/2711 2135/775/3303 2555/774/2712
f 2137/776/2713 2557/778/2719 3170/777/2714
f 2859/779/2715 3170/777/2714 2556/780/2716
f 3170/777/2714 2547/782/2720 1994/781/2718
f 2557/778/2719 1995/783/2782 2547/782/2720
f 2149/784/2721 2858/786/2727 3171/785/2722
f 2842/787/2723 3171/785/2722 2723/788/2724
f 3171/785/2722 2826/790/2728 1988/789/2726
f 2858/786/2727 2133/791/3064 2826/790/2728
f 2139/792/2729 2560/794/2735 3172/793/2730
f 2857/795/2731 3172/793/2730 2559/796/2732
f 3172/793/2730 2541/798/2736 2003/797/2734
f 2560/794/2735 1989/799/2740 2541/798/2736
f 2140/800/2737 2561/802/2741 3173/801/2738
f 2856/803/2739 3173/801/2738 2560/794/2735
f 3173/801/2738 2542/804/2742 1989/799/2740
f 2561/802/2741 1990/805/3004 2542/804/2742
f 2855/807/2743 3174/810/2746 2562/806/2744
f 3174/810/2746 2554/811/2749 2002/809/2747
f 2833/812/2748 2000/914/2837 2554/811/2749
f 2140/800/2737 2833/812/2748 3174/810/2746
f 2854/814/2750 3175/817/2753 2835/813/2751
f 3175/817/2753 2567/818/2755 1925/816/2754
f 2562/806/2744 2002/809/2747 2567/818/2755
f 2141/808/2745 2562/806/2744 3175/817/2753
f 2143/819/2756 2564/821/2761 3176/820/2757
f 2853/822/2758 3176/820/2757 2563/823/2759
f 3176/820/2757 2544/825/2762 1991/824/2760
f 2564/821/2761 1992/826/2766 2544/825/2762
f 2144/827/2763 2565/829/2767 3177/828/2764
f 2852/830/2765 3177/828/2764 2564/821/2761
f 3177/828/2764 2545/831/2768 1992/826/2766
f 2565/829/2767 1993/832/2771 2545/831/2768
f 2556/780/2716 3178/835/2770 2851/833/2769
f 3178/835/2770 2565/829/2767 2144/827/2763
f 3178/835/2770 2546/836/3019 1993/832/2771
f 1994/781/2718 2546/836/3019 3178/835/2770
f 2850/838/2772 3179/841/2777 2569/837/2773
f 2569/837/2773 3179/841/2777 2566/840/2775
f 3179/841/2777 2828/843/2779 1996/842/2778
f 2850/838/2772 2135/775/3303 2828/843/2779
f 2849/844/2780 3180/845/2781 2557/778/2719
f 3180/845/2781 2568/846/2783 1995/783/2782
f 2569/837/2773 2004/1115/2776 2568/846/2783
f 2145/839/2774 2569/837/2773 3180/845/2781
f 3024/848/2784 3181/851/2787 2866/847/2785
f 3181/851/2787 3028/852/2789 2154/850/2788
f 2532/742/2681 1974/743/2682 3028/852/2789
f 1982/853/2675 2532/742/2681 3181/851/2787
f 2215/513/2465 2995/855/2793 3182/854/2790
f 3182/854/2790 2578/858/2792 1918/856/2120
f 2509/495/2452 1838/2182/2794 2578/858/2792
f 2995/855/2793 2213/493/2451 2509/495/2452
f 1838/859/2794 2387/405/2373 3183/860/2795
f 2578/861/2792 3183/860/2795 2430/137/2118
f 3183/860/2795 2579/862/2796 1923/397/2119
f 2387/405/2373 1900/406/2374 2579/862/2796
f 2457/12/1994 3184/863/2797 2459/472/2432
f 3184/863/2797 2458/402/2375 1947/400/2368
f 2580/864/2798 1900/406/2374 2458/402/2375
f 1845/149/1996 2580/864/2798 3184/863/2797
f 1919/151/2365 2416/396/2364 3185/865/2799
f 2412/150/2130 3185/865/2799 2580/864/2798
f 3185/865/2799 2579/862/2796 1900/406/2374
f 2416/396/2364 1923/397/2119 2579/862/2796
f 2165/866/2615 2571/671/2614 3186/867/2800
f 2888/868/2801 3186/867/2800 2596/703/2649
f 3186/867/2800 2505/869/2803 2018/709/2802
f 2571/671/2614 1972/672/2616 2505/869/2803
f 3030/871/2804 3187/874/2807 2986/870/2805
f 3187/874/2807 3024/875/2784 2155/873/2786
f 2529/734/2673 1982/735/2675 3024/875/2784
f 2222/876/2674 2529/734/2673 3187/874/2807
f 1943/540/2498 2272/539/2489 3188/877/2808
f 2445/543/2494 3188/877/2808 2454/878/2461
f 3188/879/2808 2597/620/2565 2009/880/2462
f 2272/533/2489 2005/531/2483 2597/620/2565
f 1950/676/2621 2591/882/2810 3189/881/2809
f 2468/552/2504 3189/881/2809 2590/883/2486
f 3189/884/2809 2598/608/2555 2014/885/2487
f 2591/886/2810 2015/606/2551 2598/608/2555
f 1935/887/2811 2592/889/2813 3190/888/2812
f 2470/678/2623 3190/888/2812 2591/882/2810
f 3190/890/2812 2599/600/2549 2015/606/2551
f 2592/891/2813 2016/593/2541 2599/600/2549
f 2444/892/2814 3191/895/2815 2592/889/2813
f 3191/893/2815 2600/595/2547 2016/593/2541
f 2589/894/2538 2013/592/2540 2600/595/2547
f 1933/896/2816 2589/590/2538 3191/895/2815
f 2869/898/2817 3192/900/2820 2876/897/2818
f 3192/900/2820 2601/584/2533 2163/585/2535
f 2479/599/2548 2013/592/2540 2601/584/2533
f 2869/898/2817 1956/598/2546 2479/599/2548
f 1954/617/2821 2581/619/2568 3193/901/2822
f 2493/616/2563 3193/901/2822 2487/609/2556
f 3193/901/2822 2602/534/2485 2014/885/2487
f 2581/619/2568 2005/531/2483 2602/534/2485
f 1963/630/2579 2587/903/2824 3194/902/2823
f 2495/629/2575 3194/902/2823 2585/621/2566
f 3194/902/2823 2603/507/2460 2009/880/2462
f 2587/903/2824 2011/505/2456 2603/507/2460
f 1962/636/2586 2586/905/2826 3195/904/2825
f 2496/635/2581 3195/904/2825 2587/903/2824
f 3195/904/2825 2604/499/2454 2011/505/2456
f 2586/905/2826 2010/497/2446 2604/499/2454
f 2584/906/2827 3196/907/2829 2497/641/2828
f 2497/641/2828 3196/907/2829 2586/905/2826
f 3196/907/2829 2605/485/2444 2010/497/2446
f 2584/906/2827 2008/457/2419 2605/485/2444
f 2583/908/2830 3197/909/2831 2498/647/2592
f 3197/909/2831 2584/906/2827 1960/642/2587
f 2606/455/2417 2008/457/2419 2584/906/2827
f 2007/449/2413 2606/455/2417 3197/909/2831
f 2582/910/2832 3198/911/2833 2499/653/2598
f 3198/911/2833 2583/908/2830 1959/648/2593
f 2607/447/2411 2007/449/2413 2583/908/2830
f 2006/440/2408 2607/447/2411 3198/911/2833
f 2624/912/2834 3199/913/2836 2622/659/2603
f 3199/913/2836 2582/910/2832 1958/654/2599
f 2623/437/2405 2006/440/2408 2582/910/2832
f 2030/439/2406 2623/437/2405 3199/913/2836
f 2000/914/2837 2610/916/2841 3200/915/2838
f 2554/811/2749 3200/915/2838 2611/917/2839
f 3200/915/2838 2609/919/2842 2021/918/2840
f 2610/916/2841 2020/920/2846 2609/919/2842
f 1999/921/2843 2613/923/2847 3201/922/2844
f 2441/924/2845 3201/922/2844 2610/916/2841
f 3201/922/2844 2616/925/2848 2020/920/2846
f 2613/923/2847 2022/926/2852 2616/925/2848
f 1932/927/2849 2614/929/2853 3202/928/2850
f 2469/930/2851 3202/928/2850 2613/923/2847
f 3202/928/2850 2612/931/2854 2022/926/2852
f 2614/929/2853 2023/932/2918 2612/931/2854
f 2732/934/2855 3203/936/2857 2471/933/2856
f 3203/936/2857 2614/929/2853 1932/927/2849
f 2639/937/2858 2023/932/2918 2614/929/2853
f 2083/938/2859 2639/937/2858 3203/936/2857
f 2002/809/2747 2611/917/2839 3204/939/2860
f 2567/818/2755 3204/939/2860 2619/940/2861
f 3204/939/2860 2630/942/2863 2026/941/2862
f 2611/917/2839 2021/918/2840 2630/942/2863
f 2175/943/2864 2930/945/2869 3205/944/2865
f 3205/944/2865 2624/912/2834 2029/660/2835
f 2899/947/2867 2030/439/2406 2624/912/2834
f 2176/948/2868 2899/947/2867 3205/944/2865
f 2209/949/2870 2929/951/2873 3206/950/2871
f 2956/952/2872 3206/950/2871 2625/657/2604
f 3206/950/2871 2898/946/2866 2029/660/2835
f 2929/951/2873 2175/943/2864 2898/946/2866
f 2994/954/2874 3207/957/2877 2989/953/2875
f 3207/957/2877 2896/958/2879 2173/956/2878
f 2985/463/2424 2027/446/2427 2896/958/2879
f 2225/465/2425 2985/463/2424 3207/957/2877
f 2927/959/2880 3208/960/2881 2899/947/2867
f 3208/960/2881 2627/438/2404 2030/439/2406
f 2896/958/2879 2027/446/2427 2627/445/2404
f 2173/956/2878 2896/958/2879 3208/961/2881
f 2171/123/2104 2926/964/2884 3209/963/2882
f 2894/965/2883 3209/963/2882 2628/154/2136
f 3209/963/2882 2893/966/2885 2024/1/1984
f 2926/964/2884 2170/967/2890 2893/966/2885
f 1899/469/2135 2466/682/2626 3210/968/2886
f 2618/155/2133 3210/968/2886 2629/969/2887
f 3210/968/2886 2621/971/2889 2028/970/2888
f 2466/682/2626 1942/683/2627 2621/971/2889
f 2170/967/2890 2925/973/2893 3211/972/2891
f 2893/966/2885 3211/972/2891 2784/3/1990
f 3211/972/2891 2910/974/2894 2096/8/2892
f 2925/973/2893 2187/975/3277 2910/974/2894
f 2172/976/2895 2895/978/2900 3212/977/2896
f 2924/979/2897 3212/977/2896 2901/980/2898
f 3212/977/2896 2630/942/2863 2021/918/2840
f 2895/978/2900 2026/941/2862 2630/942/2863
f 2179/981/2901 2634/983/2906 3213/982/2902
f 2923/984/2903 3213/982/2902 2632/985/2904
f 3213/982/2902 2633/987/2907 2031/986/2905
f 2634/983/2906 2032/988/2911 2633/987/2907
f 2180/989/2908 2636/991/2912 3214/990/2909
f 2922/992/2910 3214/990/2909 2634/983/2906
f 3214/990/2909 2635/993/2913 2032/988/2911
f 2636/991/2912 2033/994/2922 2635/993/2913
f 2921/996/2914 3215/998/2917 2908/995/2915
f 2908/995/2915 3215/998/2917 2639/937/2858
f 3215/998/2917 2615/999/3413 2023/932/2918
f 2177/1000/2919 2615/999/3413 3215/998/2917
f 2177/1000/2919 2900/1002/2923 3216/1001/2920
f 2920/1003/2921 3216/1001/2920 2636/991/2912
f 3216/1001/2920 2637/1004/2924 2033/994/2922
f 2900/1002/2923 2034/1005/3416 2637/1004/2924
f 2665/1007/2925 3217/1010/2928 2689/1006/2926
f 3217/1010/2928 2667/1011/2931 2051/1009/2929
f 2646/1012/2930 2039/1024/2944 2667/1011/2931
f 2037/1013/2932 2646/1012/2930 3217/1010/2928
f 2645/1015/2933 3218/1018/2939 2688/1014/2934
f 2688/1014/2934 3218/1018/2939 2642/1017/2936
f 2647/1019/2938 2038/1039/3942 2642/1017/2936
f 2040/1020/2940 2647/1019/2938 3218/1018/2939
f 2667/1011/2931 3219/1022/2942 2687/1021/2941
f 3219/1022/2942 2645/1015/2933 2052/1016/2935
f 2643/1023/2943 2040/1020/2940 2645/1015/2933
f 2039/1024/2944 2643/1023/2943 3219/1022/2942
f 2686/1026/2945 3220/1029/2948 2730/1025/2946
f 3220/1029/2948 2725/1030/2951 2082/1028/2949
f 2677/1031/2950 1987/1166/3072 2725/1030/2951
f 2061/1032/2952 2677/1031/2950 3220/1029/2948
f 2050/1033/2937 2642/1017/2936 3221/1034/2953
f 2685/1035/2954 3221/1034/2953 2670/1036/2955
f 3221/1034/2953 2655/1038/2958 2043/1037/2957
f 2642/1017/2936 2038/1039/3942 2655/1038/2958
f 2054/1040/2956 2670/1036/2955 3222/1041/2959
f 2684/1042/2960 3222/1041/2959 2672/1043/2961
f 3222/1041/2959 2656/1045/2964 2045/1044/2963
f 2670/1036/2955 2043/1037/2957 2656/1045/2964
f 2056/1046/2962 2672/1043/2961 3223/1047/2965
f 2683/1048/2966 3223/1047/2965 2653/1049/2967
f 3223/1047/2965 2651/1051/2970 2044/1050/2969
f 2672/1043/2961 2045/1044/2963 2651/1051/2970
f 2057/1052/2968 2653/1049/2967 3224/1053/2971
f 2682/1054/2972 3224/1053/2971 2654/1055/2973
f 3224/1053/2971 2657/1057/2976 2046/1056/2975
f 2653/1049/2967 2044/1050/2969 2657/1057/2976
f 2058/1058/2974 2654/1060/2973 3225/1059/2977
f 2681/1061/2978 3225/1059/2977 2650/1062/2979
f 3225/1059/2977 2663/1064/2982 2042/1063/2981
f 2654/1060/2973 2046/1065/2975 2663/1064/2982
f 2055/1066/2980 2650/1062/2979 3226/1067/2983
f 2680/1068/2984 3226/1067/2983 2648/1069/2985
f 3226/1067/2983 2662/1071/2988 2041/1070/2987
f 2650/1062/2979 2042/1063/2981 2662/1071/2988
f 2053/1072/2986 2648/1069/2985 3227/1073/2989
f 2679/1074/2990 3227/1073/2989 2658/1075/2991
f 3227/1073/2989 2660/1077/2994 2047/1076/2993
f 2648/1069/2985 2041/1070/2987 2660/1077/2994
f 2059/1078/2992 2658/1075/2991 3228/1079/2995
f 2678/1080/2996 3228/1079/2995 2659/1081/2997
f 3228/1079/2995 2664/1083/3000 2048/1082/2999
f 2658/1075/2991 2047/1076/2993 2664/1083/3000
f 1989/799/2740 2675/1085/3003 3229/1084/3001
f 2541/798/2736 3229/1084/3001 2676/1086/3002
f 3229/1084/3001 2678/1080/2996 2060/1087/2998
f 2675/1085/3003 2059/1078/2992 2678/1080/2996
f 1990/805/3004 2669/1089/3006 3230/1088/3005
f 2542/804/2742 3230/1088/3005 2675/1085/3003
f 3230/1088/3005 2679/1074/2990 2059/1078/2992
f 2669/1089/3006 2053/1072/2986 2679/1074/2990
f 2001/1090/3007 2671/1092/3010 3231/1091/3008
f 2553/1093/3009 3231/1091/3008 2669/1089/3006
f 3231/1091/3008 2680/1068/2984 2053/1072/2986
f 2671/1092/3010 2055/1066/2980 2680/1068/2984
f 1991/1094/2760 2674/1096/3013 3232/1095/3011
f 2543/1097/3012 3232/1095/3011 2671/1092/3010
f 3232/1095/3011 2681/1061/2978 2055/1066/2980
f 2674/1096/3013 2058/1058/2974 2681/1061/2978
f 1992/826/2766 2673/1099/3015 3233/1098/3014
f 2544/825/2762 3233/1098/3014 2674/1100/3013
f 3233/1098/3014 2682/1054/2972 2058/1101/2974
f 2673/1099/3015 2057/1052/2968 2682/1054/2972
f 1993/832/2771 2652/1103/3017 3234/1102/3016
f 2545/831/2768 3234/1102/3016 2673/1099/3015
f 3234/1102/3016 2683/1048/2966 2057/1052/2968
f 2652/1103/3017 2056/1046/2962 2683/1048/2966
f 1994/781/2718 2649/1105/3020 3235/1104/3018
f 2546/836/3019 3235/1104/3018 2652/1103/3017
f 3235/1104/3018 2684/1042/2960 2056/1046/2962
f 2649/1105/3020 2054/1040/2956 2684/1042/2960
f 1995/783/2782 2666/1107/3022 3236/1106/3021
f 2547/782/2720 3236/1106/3021 2649/1105/3020
f 3236/1106/3021 2685/1035/2954 2054/1040/2956
f 2666/1107/3022 2050/1033/2937 2685/1035/2954
f 2727/1109/3023 3237/1111/3026 2729/1108/3024
f 3237/1111/3026 2686/1026/2945 2085/1027/2947
f 2661/1112/3027 2061/1032/2952 2686/1026/2945
f 2036/1113/3028 2661/1112/3027 3237/1111/3026
f 2644/1114/3029 3238/1116/3030 2566/840/2775
f 3238/1116/3030 2668/1117/3031 2004/1115/2776
f 2687/1021/2941 2052/1016/2935 2668/1117/3031
f 2051/1009/2929 2687/1021/2941 3238/1116/3030
f 2004/1115/2776 2668/1117/3031 3239/1118/3032
f 2568/846/2783 3239/1118/3032 2666/1107/3022
f 3239/1118/3032 2688/1014/2934 2050/1033/2937
f 2052/1016/2935 2688/1014/2934 3239/1118/3032
f 2640/1120/3033 3240/1122/3036 2548/1119/3034
f 3240/1122/3036 2644/1114/3029 1996/842/2778
f 2689/1006/2926 2051/1009/2929 2644/1114/3029
f 2049/1008/2927 2689/1006/2926 3240/1122/3036
f 2919/1124/3037 3241/1127/3040 2909/1123/3038
f 3241/1127/3040 2696/1128/3043 2086/1126/3041
f 2905/1129/3042 2062/2184/3943 2696/1128/3043
f 2182/1130/3044 2905/1129/3042 3241/1127/3040
f 2738/1132/3045 3242/1135/3048 2743/1131/3046
f 3242/1135/3048 2737/1136/3051 2089/1134/3049
f 2691/1137/3050 2065/1542/3410 2737/1136/3051
f 2064/1138/3052 2691/1137/3050 3242/1135/3048
f 2091/1139/3053 2739/1141/3057 3243/1140/3054
f 3243/1140/3054 2699/1144/3054 2087/1142/3055
f 2693/1145/3056 2067/1152/3056 2699/1144/3054
f 2739/1141/3057 2066/1146/3056 2693/1145/3056
f 2087/1142/3055 2699/1144/3054 3244/1147/3054
f 2741/1148/3055 3244/1147/3054 2700/1149/3054
f 3244/1147/3054 2694/1151/3056 2063/1150/3056
f 2699/1144/3054 2067/1152/3056 2694/1151/3056
f 2848/1154/3058 3245/1156/3061 2843/1153/3059
f 3245/1156/3061 2738/1132/3045 2090/1133/3047
f 2839/1157/3062 2064/1138/3052 2738/1132/3045
f 2146/1158/3063 2839/1157/3062 3245/1156/3061
f 2133/791/3064 2847/1160/3068 3246/1159/3065
f 2826/790/2728 3246/1159/3065 2697/1161/3066
f 3246/1159/3065 2840/1163/3069 2070/1162/3067
f 2847/1160/3068 2147/1164/3094 2840/1163/3069
f 2705/1165/3070 3247/1167/3071 2677/1031/2950
f 3247/1167/3071 2706/1412/3074 1987/1166/3072
f 3247/1167/3071 2708/1169/3075 2073/1168/3073
f 2705/1165/3070 2072/1170/3078 2708/1169/3075
f 2698/1171/3076 3248/1172/3077 2661/1112/3027
f 3248/1172/3077 2705/1165/3070 2061/1032/2952
f 3248/1172/3077 2709/1173/3079 2072/1170/3078
f 2698/1171/3076 2071/1174/3105 2709/1173/3079
f 1988/789/2726 2697/1161/3066 3249/1175/3080
f 2540/1176/3081 3249/1175/3080 2695/1177/3082
f 3249/1175/3080 2710/1179/3085 2068/1178/3084
f 2697/1161/3066 2070/1162/3067 2710/1179/3085
f 2918/1181/3086 3250/1184/3089 2904/1180/3087
f 3250/1184/3089 2702/1185/3092 1986/1183/3090
f 2906/1186/3091 2069/1216/3116 2702/1185/3092
f 2183/1187/3093 2906/1186/3091 3250/1184/3089
f 2147/1164/3094 2846/1189/3099 3251/1188/3095
f 2840/1163/3069 3251/1188/3095 2703/1190/3096
f 2841/1192/3097 2078/1214/3113 2703/1191/3096
f 2148/1194/3098 2841/1192/3097 3251/1193/3095
f 2072/1170/3078 2713/1197/3103 3252/1196/3100
f 2708/1169/3075 3252/1196/3100 2714/1198/3101
f 3252/1199/3100 2719/1201/3104 2076/1200/3102
f 2713/1202/3103 2075/1203/3107 2719/1201/3104
f 2071/1174/3105 2704/1205/3108 3253/1204/3106
f 2709/1173/3079 3253/1204/3106 2713/1197/3103
f 3253/1206/3106 2720/1207/3109 2075/1203/3107
f 2704/1208/3108 2079/1209/3137 2720/1207/3109
f 2070/1162/3067 2703/1190/3096 3254/1210/3110
f 3254/1210/3110 2701/1536/3112 2068/1178/3084
f 2721/1212/3111 2077/1247/3139 2701/1211/3112
f 2078/1214/3113 2721/1212/3111 3254/1213/3110
f 2917/1215/3114 3255/1217/3115 2906/1186/3091
f 3255/1217/3115 2712/2185/3118 2069/1216/3116
f 2907/1219/3117 2074/1251/3143 2712/1218/3118
f 2184/1221/3119 2907/1219/3117 3255/1220/3115
f 2641/1223/3120 3256/1224/3121 2659/1081/2997
f 3256/1224/3121 2728/1225/3122 2060/1087/2998
f 2729/1108/3024 2085/1027/2947 2728/1225/3122
f 2084/1110/3025 2729/1108/3024 3256/1224/3121
f 2728/1225/3122 3257/1226/3123 2676/1086/3002
f 3257/1226/3123 2558/1227/3124 2003/797/2734
f 2730/1025/2946 2082/1028/2949 2558/1227/3124
f 2085/1027/2947 2730/1025/2946 3257/1226/3123
f 2916/1229/3125 3258/1231/3128 2638/1228/3126
f 2638/1228/3126 3258/1231/3128 2726/1230/3127
f 3258/1231/3128 2908/995/2915 2083/938/2859
f 2185/997/2916 2908/995/2915 3258/1231/3128
f 2540/1176/3081 3259/1232/3129 2723/788/2724
f 3259/1232/3129 2732/934/2855 2080/935/2725
f 2726/1230/3127 2083/938/2859 2732/934/2855
f 2035/1233/3083 2726/1230/3127 3259/1232/3129
f 2138/1234/2733 2845/1236/3132 3260/1235/3130
f 2831/1237/3131 3260/1235/3130 2471/933/2856
f 3260/1235/3130 2842/787/2723 2080/935/2725
f 2845/1236/3132 2149/784/2721 2842/787/2723
f 2844/1238/3133 3261/1239/3134 2841/1192/3097
f 3261/1239/3134 2716/1240/3135 2078/1214/3113
f 2843/1153/3059 2090/1133/3047 2716/1240/3135
f 2150/1155/3060 2843/1153/3059 3261/1239/3134
f 2075/1203/3107 2735/1242/3136 3262/1241/3136
f 2719/1201/3104 3262/1241/3136 2736/1243/3136
f 3262/1241/3136 2741/1148/3055 2088/1244/3055
f 2735/1242/3136 2087/1142/3055 2741/1148/3055
f 2079/1209/3137 2717/1246/3136 3263/1245/3136
f 3263/1245/3136 2735/1242/3136 2075/1203/3107
f 2742/1143/3055 2087/1142/3055 2735/1242/3136
f 2717/1246/3136 2091/1139/3053 2742/1143/3055
f 2716/1240/3135 3264/1248/3138 2721/1212/3111
f 3264/1248/3138 2715/1249/3140 2077/1247/3139
f 2743/1131/3046 2089/1134/3049 2715/1249/3140
f 2090/1133/3047 2743/1131/3046 3264/1248/3138
f 2915/1250/3141 3265/1252/3142 2907/1219/3117
f 3265/1252/3142 2734/1253/3144 2074/1251/3143
f 2909/1123/3038 2086/1126/3041 2734/1253/3144
f 2186/1125/3039 2909/1123/3038 3265/1252/3142
f 2115/1254/3145 2791/1256/3151 3266/1255/3146
f 2825/1257/3147 3266/1255/3146 2786/1258/3148
f 3266/1255/3146 2754/1260/3152 2102/1259/3150
f 2791/1256/3151 2104/1261/3184 2754/1260/3152
f 2128/1262/3149 2786/1258/3148 3267/1263/3153
f 2824/1264/3154 3267/1263/3153 2787/1265/3155
f 3267/1263/3153 2752/1267/3158 2103/1266/3157
f 2786/1258/3148 2102/1259/3150 2752/1267/3158
f 3017/1269/3159 3268/1272/3162 3015/1268/3160
f 3268/1272/3162 2789/1273/3165 2131/1271/3163
f 3014/1274/3164 2099/1303/3192 2789/1273/3165
f 2236/1275/3166 3014/1274/3164 3268/1272/3162
f 2792/1277/3167 3269/1284/3170 2822/1276/3168
f 3269/1280/3170 2790/1282/3173 2132/1279/3171
f 2785/1283/3172 2105/1361/3250 2790/1282/3173
f 2097/1285/3174 2785/2186/3172 3269/1284/3170
f 2129/1286/3156 2787/1265/3155 3270/1287/3175
f 2821/1288/3176 3270/1287/3175 2806/1289/3177
f 3270/1287/3175 2753/1291/3180 2100/1290/3179
f 2787/1265/3155 2103/1266/3157 2753/1291/3180
f 2189/1292/3181 2914/1294/3185 3271/1293/3182
f 2912/1295/3183 3271/1293/3182 2791/1256/3151
f 3271/1293/3182 2911/1296/3186 2104/1261/3184
f 2914/1294/3185 2188/1297/3395 2911/1296/3186
f 2789/1273/3165 3272/1300/3188 2819/1298/3187
f 3272/1300/3188 2758/1301/3191 2118/1299/3189
f 2749/1302/3190 2098/1307/3196 2758/1301/3191
f 2099/1303/3192 2749/1302/3190 3272/1300/3188
f 2758/1301/3191 3273/1305/3194 2818/1304/3193
f 3273/1305/3194 2792/1277/3167 2116/1278/3169
f 2748/1306/3195 2097/1285/3174 2792/1277/3167
f 2098/1307/3196 2748/1306/3195 3273/1305/3194
f 2119/1308/3197 2795/1310/3203 3274/1309/3198
f 2817/1311/3199 3274/1309/3198 2769/1312/3200
f 3274/1309/3198 2766/1314/3204 2114/1313/3202
f 2795/1310/3203 2113/1315/3229 2766/1314/3204
f 2121/1316/3205 2797/1318/3211 3275/1317/3206
f 2816/1319/3207 3275/1317/3206 2771/1320/3208
f 3275/1317/3206 2763/1322/3212 2110/1321/3210
f 2797/1318/3211 2109/1323/3245 2763/1322/3212
f 2123/1324/3213 2799/1326/3219 3276/1325/3214
f 2815/1327/3215 3276/1325/3214 2773/1328/3216
f 3276/1325/3214 2765/1330/3220 2107/1329/3218
f 2799/1326/3219 2112/1331/3224 2765/1330/3220
f 2125/1332/3221 2801/1334/3225 3277/1333/3222
f 2814/1335/3223 3277/1333/3222 2799/1326/3219
f 3277/1333/3222 2760/1336/3226 2112/1331/3224
f 2801/1334/3225 2106/1337/3944 2760/1336/3226
f 2122/1338/3209 2771/1320/3208 3278/1339/3227
f 2813/1340/3228 3278/1339/3227 2795/1310/3203
f 3278/1339/3227 2764/1341/3230 2113/1315/3229
f 2771/1320/3208 2110/1321/3210 2764/1341/3230
f 2124/1342/3217 2773/1328/3216 3279/1343/3231
f 2812/1344/3232 3279/1343/3231 2775/1345/3233
f 3279/1343/3231 2761/1347/3236 2108/1346/3235
f 2773/1328/3216 2107/1329/3218 2761/1347/3236
f 2120/1348/3201 2769/1312/3200 3280/1349/3237
f 2811/1350/3238 3280/1349/3237 2776/1351/3239
f 3280/1349/3237 2767/1353/3242 2111/1352/3241
f 2769/1312/3200 2114/1313/3202 2767/1353/3242
f 2126/1354/3234 2775/1345/3233 3281/1355/3243
f 2810/1356/3244 3281/1355/3243 2797/1318/3211
f 3281/1355/3243 2762/1357/3246 2109/1323/3245
f 2775/1345/3233 2108/1346/3235 2762/1357/3246
f 2790/1282/3173 3282/1359/3249 2809/1358/3247
f 2809/1358/3247 3282/1359/3249 2801/1334/3225
f 2759/1360/3248 2106/1337/3944 2801/1334/3225
f 2105/1361/3250 2759/1360/3248 3282/1359/3249
f 2093/424/2393 2808/1363/3253 3283/1362/3251
f 2778/423/2392 3283/1362/3251 2774/1364/3252
f 3283/1362/3251 2809/1358/3247 2125/1332/3221
f 2808/1363/3253 2132/1279/3171 2809/1358/3247
f 1825/82/2063 2802/1366/3256 3284/1365/3254
f 3284/1365/3254 2770/1379/3255 1826/93/2075
f 3284/1365/3254 2810/1356/3244 2121/1316/3205
f 2802/1366/3256 2126/1354/3234 2810/1356/3244
f 1835/104/2086 2796/1368/3259 3285/1367/3257
f 2270/111/2093 3285/1367/3257 2803/1369/3258
f 3285/1367/3257 2811/1350/3238 2127/1370/3240
f 2796/1368/3259 2120/1348/3201 2811/1350/3238
f 1824/68/2050 2800/1372/3261 3286/1371/3260
f 2249/76/2056 3286/1371/3260 2802/1366/3256
f 3286/1371/3260 2812/1344/3232 2126/1354/3234
f 2800/1372/3261 2124/1342/3217 2812/1344/3232
f 1827/99/2081 2798/1374/3265 3287/1373/3262
f 2252/98/3263 3287/1373/3262 2768/1375/3264
f 3287/1373/3262 2813/1340/3228 2119/1308/3197
f 2798/1374/3265 2122/1338/3209 2813/1340/3228
f 1823/87/2069 2774/1364/3252 3288/1376/3266
f 2248/86/2068 3288/1376/3266 2772/1377/3267
f 3288/1376/3266 2814/1335/3223 2123/1324/3213
f 2774/1364/3252 2125/1332/3221 2814/1335/3223
f 1833/70/3268 2772/1377/3267 3289/1378/3269
f 2265/69/2052 3289/1378/3269 2800/1372/3261
f 3289/1378/3269 2815/1327/3215 2124/1342/3217
f 2772/1377/3267 2123/1324/3213 2815/1327/3215
f 2770/1379/3255 3290/1380/3270 2251/92/2073
f 3290/1380/3270 2798/1374/3265 1827/99/2081
f 3290/1380/3270 2816/1319/3207 2122/1338/3209
f 2770/1379/3255 2121/1316/3205 2816/1319/3207
f 1834/97/2080 2768/1375/3264 3291/1381/3271
f 2268/105/2087 3291/1381/3271 2796/1368/3259
f 3291/1381/3271 2817/1311/3199 2120/1348/3201
f 2768/1375/3264 2119/1308/3197 2817/1311/3199
f 2794/1382/3272 3292/1383/3273 2745/431/2398
f 3292/1383/3273 2756/1384/3274 2092/55/2038
f 2818/1304/3193 2116/1278/3169 2756/1384/3274
f 2118/1299/3189 2818/1304/3193 3292/1383/3273
f 2807/1385/3275 3293/1386/3276 2777/38/2021
f 3293/1386/3276 2794/1382/3272 2094/429/2396
f 2819/1298/3187 2118/1299/3189 2794/1382/3272
f 2131/1271/3163 2819/1298/3187 3293/1386/3276
f 2187/975/3277 2913/1388/3280 3294/1387/3278
f 2910/974/2894 3294/1387/3278 2755/1389/3279
f 3294/1387/3278 2912/1295/3183 2115/1254/3145
f 2913/1388/3280 2189/1292/3181 2912/1295/3183
f 1944/16/2435 2805/1391/3283 3295/1390/3281
f 2455/15/1999 3295/1390/3281 2788/1392/3282
f 3295/1390/3281 2821/1288/3176 2130/1393/3178
f 2805/1391/3283 2129/1286/3156 2821/1288/3176
f 2756/1384/3274 3296/1396/3284 2746/1394/2036
f 2746/53/2036 3296/1395/3284 2808/1363/3253
f 3296/1395/3284 2822/1281/3168 2132/1279/3171
f 2116/1278/3169 2822/1276/3168 3296/1396/3284
f 3016/1397/3285 3297/1398/3286 3008/435/2403
f 3297/1398/3286 2807/1385/3275 1819/39/2023
f 3015/1268/3160 2131/1271/3163 2807/1385/3275
f 2237/1270/3161 3015/1268/3160 3297/1398/3286
f 1821/6/1989 2804/1400/3288 3298/1399/3287
f 2246/475/2436 3298/1399/3287 2805/1391/3283
f 3298/1399/3287 2824/1264/3154 2129/1286/3156
f 2804/1400/3288 2128/1262/3149 2824/1264/3154
f 2096/8/2892 2755/1389/3279 3299/1401/3289
f 2783/7/1991 3299/1401/3289 2804/1400/3288
f 3299/1401/3289 2825/1257/3147 2128/1262/3149
f 2755/1389/3279 2115/1254/3145 2825/1257/3147
f 2076/1200/3102 2736/1243/3136 3300/1402/3136
f 2718/1403/3290 3300/1402/3136 2844/1238/3133
f 3300/1402/3136 2740/1404/3055 2150/1155/3060
f 2736/1243/3136 2088/1244/3055 2740/1404/3055
f 2558/1227/3124 3301/1405/3291 2559/796/2732
f 2559/796/2732 3301/1405/3291 2845/1236/3132
f 3301/1405/3291 2733/1406/3292 2149/784/2721
f 2558/1227/3124 2082/1028/2949 2733/1406/3292
f 2073/1168/3073 2714/1198/3101 3302/1407/3293
f 2707/1408/3294 3302/1407/3293 2846/1189/3099
f 3302/1409/3293 2718/1403/3290 2148/1194/3098
f 2714/1410/3101 2076/1200/3102 2718/1403/3290
f 1987/1166/3072 2706/1412/3074 3303/1411/3295
f 2539/1413/3296 3303/1411/3295 2847/1160/3068
f 3303/1411/3295 2707/1408/3294 2147/1164/3094
f 2706/1412/3074 2073/1168/3073 2707/1408/3294
f 2088/1244/3055 2700/1149/3054 3304/1414/3054
f 2740/1404/3055 3304/1414/3054 2848/1154/3058
f 3304/1414/3054 2690/1415/3056 2146/1158/3063
f 2700/1149/3054 2063/1150/3056 2690/1415/3056
f 2439/1417/3297 3305/1419/3300 2830/1416/3298
f 3305/1419/3300 2849/844/2780 2137/776/2713
f 2838/1420/3301 2145/839/2774 2849/844/2780
f 1930/524/2476 2838/1420/3301 3305/1419/3300
f 2440/525/2478 3306/1421/3302 2838/1420/3301
f 3306/1421/3302 2850/838/2772 2145/839/2774
f 3306/1421/3302 2555/774/2712 2135/775/3303
f 2440/525/2478 1931/526/2710 2555/774/2712
f 2829/1423/3304 3307/1426/3307 2437/1422/3305
f 3307/1426/3307 2837/1427/3309 1927/1425/3308
f 2851/833/2769 2144/827/2763 2837/1427/3309
f 2136/834/2717 2851/833/2769 3307/1426/3307
f 2837/1427/3309 3308/1430/3311 2436/1428/3310
f 3308/1430/3311 2836/1431/3313 1926/1429/3312
f 2852/830/2765 2143/819/2756 2836/1431/3313
f 2144/827/2763 2852/830/2765 3308/1430/3311
f 2836/1431/3313 3309/1434/3315 2435/1432/3314
f 2435/1432/3314 3309/1434/3315 2835/1433/2751
f 3309/1434/3315 2853/822/2758 2142/1435/2752
f 2836/1431/3313 2143/819/2756 2853/822/2758
f 2543/1097/3012 3310/1437/3316 2563/1436/2759
f 3310/1437/3316 2854/814/2750 2142/815/2752
f 2834/1438/3317 2141/808/2745 2854/814/2750
f 2001/1090/3007 2834/1438/3317 3310/1437/3316
f 2553/1093/3009 3311/1439/3318 2834/1438/3317
f 3311/1439/3318 2855/807/2743 2141/808/2745
f 2561/802/2741 2140/800/2737 2855/807/2743
f 1990/805/3004 2561/802/2741 3311/1439/3318
f 2000/914/2837 2833/812/2748 3312/1440/3319
f 2441/924/2845 3312/1440/3319 2832/1441/3320
f 3312/1440/3319 2856/803/2739 2139/792/2729
f 2833/812/2748 2140/800/2737 2856/803/2739
f 1999/921/2843 2832/1441/3320 3313/1442/3321
f 2469/930/2851 3313/1442/3321 2831/1237/3131
f 3313/1442/3321 2857/795/2731 2138/1234/2733
f 2832/1441/3320 2139/792/2729 2857/795/2731
f 2082/1028/2949 2725/1030/2951 3314/1443/3322
f 2733/1406/3292 3314/1443/3322 2858/786/2727
f 3314/1443/3322 2539/1413/3296 2133/791/3064
f 2725/1030/2951 1987/1166/3072 2539/1413/3296
f 1929/1418/3299 2830/1416/3298 3315/1444/3323
f 2438/1445/3324 3315/1444/3323 2829/1423/3304
f 3315/1444/3323 2859/779/2715 2136/834/2717
f 2830/1416/3298 2137/776/2713 2859/779/2715
f 1997/1121/3035 2548/1119/3034 3316/1446/3325
f 2827/1447/3326 3316/1446/3325 2860/771/2711
f 3316/1446/3325 2828/843/2779 2135/775/3303
f 2548/1119/3034 1996/842/2778 2828/843/2779
f 1972/672/2616 2576/1449/3330 3317/1448/3327
f 3317/1448/3327 2863/1450/3329 2018/709/2802
f 2864/1451/3328 2156/746/2685 2863/1450/3329
f 2576/1449/3330 2153/1452/3462 2864/1451/3328
f 2993/1454/3331 3318/1457/3334 2534/1453/3332
f 3318/1457/3334 2862/1458/3336 1983/1456/3335
f 2986/870/2805 2155/873/2786 2862/1458/3336
f 2226/872/2806 2986/870/2805 3318/1457/3334
f 2862/1460/3336 3319/1463/3338 2533/1459/3337
f 3319/1463/3338 2577/1464/3340 1976/1462/3339
f 2866/847/2785 2154/850/2788 2577/1464/3340
f 2155/849/2786 2866/847/2785 3319/1463/3338
f 2504/1466/3341 3320/1467/3344 2955/1465/3342
f 3320/1467/3344 2867/755/2691 2206/756/2693
f 2575/1468/3345 2152/761/2698 2867/755/2691
f 1970/1469/3346 2575/1468/3345 3320/1467/3344
f 2863/1450/3329 3321/1473/3347 2594/708/2648
f 3321/1471/3347 2861/1472/3349 1971/1470/3348
f 2868/749/2684 2151/747/2687 2861/1472/3349
f 2156/746/2685 2868/744/2684 3321/1473/3347
f 2443/1475/3350 3322/1477/3353 2502/1474/3351
f 3322/1477/3353 2875/1478/3354 2017/753/2690
f 2876/897/2818 2163/585/2535 2875/1478/3354
f 2157/899/2819 2876/897/2818 3322/1477/3353
f 2872/1479/3355 3323/1480/3356 2531/725/2667
f 3323/1480/3356 2527/1481/3357 1981/727/2632
f 2877/738/2678 2162/739/2680 2527/1481/3357
f 2160/696/2639 2877/738/2678 3323/1480/3356
f 2221/688/2630 2981/686/2629 3324/1482/3358
f 2992/1483/3359 3324/1482/3358 2878/732/2676
f 3324/1482/3358 2527/1484/3357 2162/737/2680
f 2981/686/2629 1981/689/2632 2527/1484/3357
f 2525/1485/3360 3325/1486/3361 2526/723/2664
f 3325/1486/3361 2872/1479/3355 1979/728/2669
f 2879/693/2636 2160/696/2639 2872/1479/3355
f 2161/695/2637 2879/693/2636 3325/1486/3361
f 2503/759/2697 3326/1488/3363 2954/1487/3362
f 2954/1487/3362 3326/1488/3363 2880/663/2609
f 3326/1488/3363 2476/1489/3945 2158/666/3364
f 1968/1490/3365 2476/1489/3945 3326/1488/3363
f 2875/1478/3354 3327/1495/3366 2593/1491/2688
f 3327/1493/3366 2871/1494/3368 1969/1492/3367
f 2881/588/2534 2159/586/2537 2871/1494/3368
f 2163/585/2535 2881/583/2534 3327/1495/3366
f 2883/1497/3369 3328/1500/3372 2595/1496/3370
f 3328/1500/3372 2887/1506/3374 2019/1499/3373
f 3328/1500/3372 2888/868/2801 2169/701/2643
f 2883/1497/3369 2165/866/2615 2888/868/2801
f 2991/1502/3375 3329/1503/3377 2983/1501/3376
f 3329/1503/3377 2885/705/2646 1971/1470/3348
f 3329/1503/3377 2988/762/2700 2167/1504/2647
f 2228/764/2701 2988/762/2700 3329/1503/3377
f 2887/1506/3374 3330/2168/3379 2536/1505/3378
f 3330/1508/3379 2573/765/2702 1975/1507/3380
f 3330/1508/3379 2890/704/2645 2167/1504/2647
f 2887/1506/3374 2169/701/2643 2890/1510/2645
f 2953/1512/3381 3331/1514/3384 2480/1511/3382
f 3331/1514/3384 2883/1497/3369 1957/1498/3371
f 3331/1514/3384 2950/670/2613 2165/866/2615
f 2953/1512/3381 2208/667/2611 2950/670/2613
f 2572/1515/3385 3332/1516/3386 2533/1459/3337
f 3332/1516/3386 2886/1517/3387 1983/1461/3335
f 2892/575/2526 2168/578/2529 2886/1517/3387
f 2166/577/2527 2892/575/2526 3332/1516/3386
f 2095/1518/3388 2757/1520/3391 3333/1519/3389
f 2747/1521/3390 3333/1519/3389 2913/1388/3280
f 3333/1519/3389 2820/1522/3392 2189/1292/3181
f 2757/1520/3391 2117/1523/3393 2820/1522/3392
f 2117/1523/3393 2793/1525/3397 3334/1524/3394
f 2820/1522/3392 3334/1524/3394 2914/1294/3185
f 3334/1524/3394 2751/1526/3946 2188/1297/3395
f 2101/1527/3396 2751/1526/3946 3334/1524/3394
f 2715/1249/3140 3335/1529/3399 2722/1528/3398
f 3335/1529/3399 2915/1250/3141 2184/1221/3119
f 2744/1530/3400 2186/1125/3039 2915/1250/3141
f 2089/1134/3049 2744/1530/3400 3335/1529/3399
f 2538/1531/3401 3336/1532/3402 2904/1180/3087
f 3336/1532/3402 2916/1229/3125 2181/1182/3088
f 2731/1533/3403 2185/997/2916 2916/1229/3125
f 2081/1534/3404 2731/1533/3403 3336/1532/3402
f 2701/1536/3112 3337/1537/3406 2711/1535/3405
f 3337/1537/3406 2917/1215/3114 2183/1187/3093
f 2722/1528/3398 2184/1221/3119 2917/1222/3114
f 2077/1247/3139 2722/1528/3398 3337/1538/3406
f 2035/1233/3083 2695/1177/3082 3338/1539/3407
f 3338/1539/3407 2918/1181/3086 2181/1182/3088
f 2711/1535/3405 2183/1187/3093 2918/1181/3086
f 2068/1178/3084 2711/1535/3405 3338/1539/3407
f 2737/1136/3051 3339/1540/3408 2744/1530/3400
f 3339/1540/3408 2919/1124/3037 2186/1125/3039
f 2692/1541/3409 2182/1130/3044 2919/1124/3037
f 2065/1542/3410 2692/1541/3409 3339/1540/3408
f 2023/932/2918 2615/999/3413 3340/1543/3411
f 2612/931/2854 3340/1543/3411 2903/1544/3412
f 3340/1543/3411 2920/1003/2921 2180/989/2908
f 2615/999/3413 2177/1000/2919 2920/1003/2921
f 2724/1545/3414 3341/1546/3415 2731/1533/3403
f 3341/1546/3415 2921/996/2914 2185/997/2916
f 2900/1002/2923 2177/1000/2919 2921/996/2914
f 2034/1005/3416 2900/1002/2923 3341/1546/3415
f 2022/926/2852 2903/1544/3412 3342/1547/3417
f 2616/925/2848 3342/1547/3417 2902/1548/3418
f 3342/1547/3417 2922/992/2910 2179/981/2901
f 2903/1544/3412 2180/989/2908 2922/992/2910
f 2020/920/2846 2902/1548/3418 3343/1549/3419
f 2609/919/2842 3343/1549/3419 2901/980/2898
f 3343/1549/3419 2923/984/2903 2178/1550/2899
f 2902/1548/3418 2179/981/2901 2923/984/2903
f 1924/1551/3420 2432/1553/3423 3344/1552/3421
f 2631/1554/3422 3344/1552/3421 2632/985/2904
f 3344/1552/3421 2924/979/2897 2178/1550/2899
f 2432/1553/3423 2172/976/2895 2924/979/2897
f 1843/1555/3424 2779/1557/3427 3345/1556/3425
f 2281/1558/3426 3345/1556/3425 2925/973/2893
f 3345/1556/3425 2747/1521/3390 2187/975/3277
f 2779/1557/3427 2095/1518/3388 2747/1521/3390
f 2277/1559/3428 3346/1560/3429 2398/121/2103
f 3346/1560/3429 2926/964/2884 2171/123/2104
f 3346/1560/3429 2281/1558/3426 2170/967/2890
f 1843/1555/3424 2281/1558/3426 3346/1560/3429
f 2588/1562/3430 3347/1564/3433 2608/1561/3431
f 3347/1564/3433 2927/959/2880 2176/948/2868
f 2447/1565/3434 2173/956/2878 2927/962/2880
f 1938/1567/3435 2447/1565/3434 3347/1566/3433
f 2210/1569/3436 2990/1571/3439 3348/1570/3437
f 2506/1572/3438 3348/1570/3437 2447/1565/3434
f 3348/1570/3437 2989/953/2875 2173/956/2878
f 2990/1571/3439 2229/955/2876 2989/953/2875
f 2190/1573/3440 2932/1575/3443 3349/1574/3441
f 2952/1576/3442 3349/1574/3441 2929/951/2873
f 3349/1574/3441 2500/1577/3444 2175/943/2864
f 2932/1575/3443 1955/1578/3445 2500/1577/3444
f 1955/1578/3445 2478/1580/3447 3350/1579/3446
f 2500/1577/3444 3350/1579/3446 2930/945/2869
f 2608/1561/3431 2176/948/2868 2930/945/2869
f 2012/1563/3432 2608/1561/3431 3350/1579/3446
f 2025/152/2131 2629/969/2887 3351/1581/3448
f 3351/1581/3448 2931/122/2102 2171/123/2104
f 2897/1582/3449 2174/128/2109 2931/122/2102
f 2629/969/2887 2028/970/2888 2897/1582/3449
f 2434/1584/3450 3352/1587/3452 2432/1583/3423
f 2432/1583/3423 3352/1587/3452 2951/1586/3451
f 3352/1587/3452 2952/1576/3442 2209/949/2870
f 2434/1584/3450 2190/1573/3440 2952/1576/3442
f 1934/1588/3453 2570/1590/3456 3353/1589/3454
f 2937/1591/3455 3353/1589/3454 2953/1512/3381
f 3353/1589/3454 2891/1592/3457 2208/667/2611
f 2570/1590/3456 2164/1593/3468 2891/1592/3457
f 2944/1594/3458 3354/1596/3460 2443/1475/3350
f 2443/1475/3350 3354/1596/3460 2949/1595/3459
f 3354/1596/3460 2954/1487/3362 2207/661/2605
f 2202/757/2695 2954/1487/3362 3354/1596/3460
f 2945/673/2618 3355/1597/3461 2576/1449/3330
f 3355/1597/3461 2948/1598/3463 2153/1452/3462
f 2955/1465/3342 2206/756/2693 2948/1598/3463
f 2203/674/3343 2955/1465/3342 3355/1597/3461
f 2172/1599/2895 2951/1586/3451 3356/1600/3464
f 2895/1601/2900 3356/1600/3464 2947/1602/3465
f 3356/1600/3464 2956/952/2872 2205/655/2600
f 2951/1586/3451 2209/949/2870 2956/952/2872
f 2153/1452/3462 3027/1604/3467 3357/1603/3466
f 3357/1603/3466 3025/745/2683 2156/746/2685
f 2502/1474/3351 2017/753/2690 3025/745/2683
f 3027/1604/3467 1967/1476/3352 2502/1474/3351
f 2164/1593/3468 2882/1606/3470 3358/1605/3469
f 2891/1592/3457 3358/1605/3469 2957/669/2617
f 3358/1605/3469 2504/1466/3341 2203/674/3343
f 2882/1606/3470 1970/1469/3346 2504/1466/3341
f 2157/899/2819 2949/1595/3459 3359/1607/3471
f 3359/1607/3471 2933/1608/3472 1956/598/2546
f 2958/664/2607 2191/574/2608 2933/1608/3472
f 2949/1595/3459 2207/661/2605 2958/664/2607
f 2947/1602/3465 3360/1612/3473 2619/1609/2861
f 3360/1612/3473 2938/1613/3474 1925/1611/2754
f 2959/658/2602 2196/651/2596 2938/1613/3474
f 2947/1602/3465 2205/655/2600 2959/658/2602
f 2938/1613/3474 3361/1614/3475 2435/1432/3314
f 3361/1614/3475 2939/1615/3476 1926/1429/3312
f 2960/649/2595 2197/645/2590 2939/1615/3476
f 2196/651/2596 2960/649/2595 3361/1614/3475
f 2939/1615/3476 3362/1616/3477 2436/1428/3310
f 3362/1616/3477 2940/1617/3478 1927/1425/3308
f 2961/643/2589 2198/639/2584 2940/1617/3478
f 2197/645/2590 2961/643/2589 3362/1616/3477
f 2940/1617/3478 3363/1618/3479 2437/1422/3305
f 3363/1618/3479 2942/1620/3480 1928/1424/3306
f 3363/1618/3479 2962/637/2583 2200/631/2576
f 2198/639/2584 2962/637/2583 3363/1618/3479
f 1928/1424/3306 2942/1620/3480 3364/1619/3481
f 2438/1445/3324 3364/1619/3481 2943/1621/3482
f 3364/1619/3481 2963/634/2578 2201/624/2570
f 2942/1620/3480 2200/631/2576 2963/634/2578
f 1929/1418/3299 2943/1621/3482 3365/1622/3483
f 2439/1417/3297 3365/1622/3483 2941/523/2474
f 3365/1622/3483 2964/627/2572 2199/1623/2475
f 2943/1621/3482 2201/624/2570 2964/627/2572
f 1931/526/2710 2936/521/2477 3366/1624/3484
f 2550/773/2709 3366/1624/3484 2551/559/2509
f 3366/1624/3484 2965/614/2560 2204/1625/2510
f 2936/521/2477 2194/519/2471 2965/614/2560
f 1966/605/2545 2490/597/2544 3367/1626/3485
f 2935/1627/3486 3367/1626/3485 2966/570/2523
f 3367/1626/3485 2933/1608/3472 2191/574/2608
f 2490/597/2544 1956/598/2546 2933/1608/3472
f 2935/1627/3486 3368/1628/3488 2491/604/3487
f 3368/1628/3488 2934/1629/3489 1965/603/2553
f 2967/563/2515 2192/555/2506 2934/1629/3489
f 2193/565/2516 2967/563/2515 3368/1628/3488
f 1965/603/2553 2934/1629/3489 3369/1630/3490
f 2492/611/2558 3369/1630/3490 2946/615/2561
f 3369/1630/3490 2968/558/2508 2204/1625/2510
f 2934/1629/3489 2192/555/2506 2968/558/2508
f 1954/617/2821 2477/613/2562 3370/1631/3491
f 2494/623/2569 3370/1631/3491 2484/628/2573
f 3370/1631/3491 2969/522/2473 2199/1623/2475
f 2477/613/2562 2194/519/2471 2969/522/2473
f 1837/1632/3492 2467/1634/2107 3371/1633/3493
f 2970/1635/3494 3371/1633/3493 2990/1571/3439
f 3371/1633/3493 2928/1636/3495 2229/955/2876
f 2467/1634/2107 2174/1637/2109 2928/1636/3495
f 2886/1638/3387 3372/1639/3496 2534/1453/3332
f 3372/1639/3496 2991/1502/3375 2223/1455/3333
f 2889/1640/3497 2228/764/2701 2991/1502/3375
f 2168/1641/2529 2889/1640/3497 3372/1639/3496
f 1933/896/2816 2528/1643/3500 3373/1642/3498
f 2501/589/2539 3373/1642/3498 2987/1644/3499
f 3373/1642/3498 2992/1483/3359 2227/730/2670
f 2528/1643/3500 2221/688/2630 2992/1483/3359
f 2861/1472/3349 3374/1645/3501 2983/1501/3376
f 3374/1645/3501 2993/1454/3331 2223/1455/3333
f 2865/1646/3502 2226/872/2806 2993/1454/3331
f 2151/747/2687 2865/1646/3502 3374/1645/3501
f 2174/1637/2109 2897/1648/3449 3375/1647/3503
f 3375/1647/3503 2994/954/2874 2229/955/2876
f 2626/1649/3504 2225/465/2425 2994/954/2874
f 2028/1650/2888 2626/1649/3504 3375/1647/3503
f 1937/488/2447 2452/489/2448 3376/1651/3505
f 2511/516/2467 3376/1651/3505 2995/855/2793
f 3376/1651/3505 2973/1652/3506 2213/493/2451
f 2452/489/2448 1941/490/3526 2973/1652/3506
f 2948/1598/3463 3377/1653/3507 3027/1604/3467
f 3377/1653/3507 2944/1594/3458 1967/1476/3352
f 3029/754/2692 2202/757/2695 2944/1594/3458
f 2206/756/2693 3029/754/2692 3377/1653/3507
f 2574/1654/2531 3378/1655/3508 2889/1640/3497
f 3378/1655/3508 2996/763/2699 2228/764/2701
f 2537/1656/3509 2224/768/2705 2996/763/2699
f 1985/1657/3510 2537/1656/3509 3378/1655/3508
f 2159/586/2537 2987/1644/3499 3379/1658/3511
f 2871/1494/3368 3379/1658/3511 2982/1659/3512
f 3379/1658/3511 2997/733/2672 2222/876/2674
f 2987/1644/3499 2227/730/2670 2997/733/2672
f 2444/892/2814 3380/1660/3513 2528/1643/3500
f 3380/1660/3513 2998/687/2628 2221/688/2630
f 2516/679/2622 2220/680/2624 2998/687/2628
f 1935/887/2811 2516/679/2622 3380/1660/3513
f 2275/1662/2656 3381/1664/3515 2979/1661/3514
f 3381/1664/3515 2999/675/2619 2219/554/2505
f 2980/692/2633 2220/680/2624 2999/675/2619
f 1841/1665/2658 2980/692/2633 3381/1664/3515
f 2350/1667/2101 3382/1669/3517 2978/1666/3516
f 3382/1669/3517 3000/550/2501 2218/549/2500
f 2979/1661/3514 2219/554/2505 3000/550/2501
f 1880/1663/2661 2979/1661/3514 3382/1669/3517
f 2274/1671/2122 3383/1673/3519 2977/1670/3518
f 3383/1673/3519 3001/546/2496 2217/545/2495
f 2978/1666/3516 2218/549/2500 3001/546/2496
f 1840/1668/2099 2978/1666/3516 3383/1673/3519
f 2380/1675/2114 3384/1677/3521 2971/1674/3520
f 3384/1677/3521 3002/541/2491 2211/530/2482
f 2977/1670/3518 2217/545/2495 3002/541/2491
f 1895/1672/2125 2977/1670/3518 3384/1677/3521
f 2273/1679/2015 3385/1681/3523 2976/1678/3522
f 3385/1681/3523 3003/527/2479 2216/518/2469
f 2971/1674/3520 2211/530/2482 3003/527/2479
f 1839/1676/2112 2971/1674/3520 3385/1681/3523
f 2411/1682/2121 3386/1683/3524 2975/857/2791
f 2975/857/2791 3386/1683/3524 3004/515/2470
f 2976/1678/3522 2216/518/2469 3004/515/2470
f 1836/1680/2013 2976/1678/3522 3386/1683/3524
f 1940/462/2422 2974/1685/3527 3387/1684/3525
f 3387/1684/3525 2973/1652/3506 1941/490/3526
f 3005/491/2449 2213/493/2451 2973/1652/3506
f 2974/1685/3527 2214/492/2440 3005/491/2449
f 1939/454/2416 2508/467/2428 3388/1686/3528
f 2449/452/2414 3388/1686/3528 2974/1685/3527
f 3388/1686/3528 3006/478/2438 2214/492/2440
f 2508/467/2428 2212/468/2429 3006/478/2438
f 2621/1687/2889 3389/1688/3529 2626/1649/3504
f 3389/1688/3529 3007/464/2423 2225/465/2425
f 2972/477/2441 2212/468/2429 3007/464/2423
f 1942/482/2627 2972/477/2441 3389/1688/3529
f 2788/1392/3282 3390/1690/3531 2245/1689/3530
f 3390/1690/3531 3016/1397/3285 2230/433/2400
f 2823/1691/3532 2237/1270/3161 3016/1397/3285
f 2130/1393/3178 2823/1691/3532 3390/1690/3531
f 2806/1289/3177 3391/1692/3533 2823/1691/3532
f 3391/1692/3533 3017/1269/3159 2237/1270/3161
f 2750/1693/3534 2236/1275/3166 3017/1269/3159
f 2100/1290/3179 2750/1693/3534 3391/1692/3533
f 2245/1689/3530 3392/1695/3536 2403/148/2128
f 2403/148/2128 3392/1695/3536 3013/1694/3535
f 3392/1695/3536 3018/436/2402 2235/17/2000
f 2245/1689/3530 2230/433/2400 3018/436/2402
f 2322/264/2239 3393/1697/3538 2330/1696/3537
f 3393/1697/3538 3019/372/2341 2233/259/2234
f 2377/1698/3539 2234/232/2208 3019/372/2341
f 1893/265/2240 2377/1698/3539 3393/1697/3538
f 2305/230/2205 3394/1699/3540 3009/21/2003
f 3394/1699/3540 3020/255/2230 2231/256/2004
f 2330/1696/3537 2233/259/2234 3020/255/2230
f 2305/230/2205 1870/231/2207 2330/1696/3537
f 1893/265/2240 2363/366/2335 3395/1700/3541
f 2377/1698/3539 3395/1700/3541 3021/234/2214
f 3395/1700/3541 3010/1701/3543 2232/239/3542
f 2363/366/2335 1859/367/2336 3010/1701/3543
f 1909/145/2126 3013/1694/3535 3396/1702/3544
f 2259/399/2367 3396/1702/3544 2257/254/2231
f 3396/1702/3544 3022/20/2002 2231/256/2004
f 3013/1694/3535 2235/17/2000 3022/20/2002
f 3023/750/2689 3397/1703/3545 2865/1646/3502
f 3397/1703/3545 3030/871/2804 2226/872/2806
f 2982/1659/3512 2222/876/2674 3030/871/2804
f 1969/1492/3367 2982/1659/3512 3397/1703/3545
f 3510/1705/3546 3408/1752/3547 1853/1704/3547
f 3407/1707/3549 3510/1705/3546 2238/1706/3548
f 3511/1710/3551 3406/1721/3560 1851/1709/3552
f 3405/1712/3554 3511/1710/3551 2242/1711/3553
f 3512/1714/3555 3405/1712/3554 1850/1713/3554
f 3404/1716/3557 3512/1714/3555 2243/1715/3556
f 3513/1719/3558 3407/2187/3549 1852/1718/3550
f 3406/1721/3560 3513/1719/3558 2244/1720/3559
f 3514/1723/3561 3423/1805/3947 1907/1722/3562
f 3398/1725/3564 3514/1723/3561 2253/1724/3563
f 1898/1727/3566 3421/1729/3629 3515/1728/3567
f 2277/1730/3568 3515/1728/3567 3401/1731/3569
f 3516/1733/3571 3402/1744/3581 1846/1732/3572
f 1847/1735/3574 3403/1736/3622 3516/1733/3571
f 3517/1738/3575 3417/1782/3611 1864/1737/3576
f 1829/1740/3578 3399/1741/3631 3517/1738/3575
f 3518/1742/3579 3404/1716/3557 1849/1717/3557
f 3402/1744/3581 3518/1742/3579 2286/1743/3580
f 3519/1746/3582 3410/1756/3583 1855/1745/3583
f 3409/1748/3585 3519/1746/3582 2298/1747/3584
f 2299/1750/3586 3520/1751/3586 3409/1748/3585
f 1853/1704/3547 3408/1752/3547 3520/1751/3586
f 2301/1753/3587 3521/1755/3589 3411/1754/3588
f 1855/1745/3583 3410/1756/3583 3521/1755/3589
f 3522/1758/3590 3412/1765/3591 1857/1757/3591
f 3411/1754/3588 3522/2188/3590 2302/1760/3592
f 2303/1762/3593 3523/1764/3596 3413/1763/3594
f 1857/1757/3591 3412/1765/3591 3523/1764/3596
f 2232/1766/3597 3508/1768/3597 3524/1767/3598
f 3524/1767/3598 3415/1772/3601 1860/1769/3600
f 3415/1772/3601 3525/1774/3603 2312/1771/3602
f 3525/1774/3603 3416/1786/3615 1861/1773/3604
f 2313/1775/3605 3526/1777/3607 3414/1776/3606
f 1858/1778/3595 3413/1763/3594 3526/1777/3607
f 3527/1780/3608 3419/1795/3623 1892/1779/3609
f 3417/1782/3611 3527/1780/3608 2316/1781/3610
f 3528/1784/3612 3420/1798/3626 1896/1783/3613
f 3416/1786/3615 3528/1784/3612 2343/1785/3614
f 3529/1788/3616 3422/1848/3672 1901/1787/3617
f 3418/1790/3619 3529/1788/3616 2345/1789/3618
f 2362/1792/3621 3530/1793/3948 3403/1736/3622
f 3419/1795/3623 3530/2189/3948 2362/1794/3621
f 3531/1796/3624 3418/1790/3619 1877/1791/3620
f 3420/1798/3626 3531/1796/3624 2382/1797/3625
f 1837/1799/3627 3400/1801/3924 3532/1800/3628
f 2386/1802/3628 3532/1800/3628 3421/1729/3629
f 2401/1803/3630 3533/1804/3632 3399/1741/3631
f 1907/1722/3562 3423/1805/3947 3533/1804/3632
f 3534/1807/3633 3504/2144/3919 2190/1806/3634
f 3424/1809/3636 3534/1807/3633 2434/1808/3635
f 2473/1811/3638 3535/1813/3642 3427/1812/3639
f 1952/1814/3641 3428/1815/3641 3535/1813/3642
f 2475/1816/3643 3536/1817/3645 3428/1815/3641
f 1953/1818/3644 3429/1819/3906 3536/1817/3645
f 3537/1821/3646 3499/2129/3949 2158/1820/3647
f 3432/1823/3649 3537/1821/3646 2476/1822/3648
f 2478/1825/3651 3538/1827/3651 3445/1826/3652
f 1955/1828/3653 3430/1829/3918 3538/1827/3651
f 3539/1831/3654 3505/2147/3922 2195/1830/3655
f 3431/1833/3657 3539/1831/3654 2480/1832/3656
f 2506/1835/3659 3540/1837/3663 3506/1836/3660
f 1938/1838/3662 3426/1839/3725 3540/1837/3663
f 3541/1841/3664 3435/2165/3935 1974/1840/3665
f 3434/1843/3667 3541/1841/3664 2517/1842/3666
f 3542/1846/3669 3438/1852/3950 1977/1845/3670
f 3422/1848/3672 3542/1846/3669 2518/1847/3671
f 2520/1849/3673 3543/1851/3676 3439/1850/3674
f 1977/1845/3670 3438/1852/3950 3543/1851/3676
f 2525/1853/3677 3544/1855/3680 3500/1854/3678
f 1980/1856/3675 3439/1850/3674 3544/1855/3680
f 3545/1858/3681 3441/1871/3694 1985/1857/3682
f 3440/1860/3684 3545/1858/3681 2535/1859/3683
f 2536/1862/3686 3546/1864/3690 3446/1863/3687
f 1975/1865/3689 3436/1867/3927 3546/1866/3690
f 3547/1869/3691 3507/2153/3692 2224/1868/3692
f 3441/1871/3694 3547/1869/3691 2537/1870/3693
f 2538/1872/3695 3548/1874/3951 3471/1873/3696
f 3442/1875/3698 3548/1874/3951 2538/1872/3695
f 3549/1878/3700 3496/2126/3904 2134/1877/3701
f 3444/1880/3703 3549/1878/3700 2549/1879/3702
f 3550/1882/3705 3444/1880/3703 1998/1881/3704
f 1951/1884/3640 3427/1812/3639 3550/1882/3705
f 2570/1885/3706 3551/1887/3709 3501/1886/3707
f 1934/1888/3708 3425/1890/3952 3551/1889/3709
f 2572/1891/3710 3552/1893/3710 3502/1892/3711
f 3437/1894/3713 3552/1893/3710 2572/1891/3710
f 3553/1897/3715 3497/2163/3934 2152/1896/3716
f 3433/1899/3718 3553/1897/3715 2575/1898/3717
f 3498/1902/3720 3554/1904/3723 2577/1901/3721
f 3554/1904/3723 3437/1894/3713 1976/1895/3714
f 2588/1905/3724 3555/1906/3726 3426/1839/3725
f 2012/1907/3652 3445/1826/3652 3555/1908/3726
f 3556/1909/3727 3431/1833/3657 1957/1834/3658
f 3446/1863/3687 3556/1909/3727 2595/1910/3728
f 2631/1912/3729 3557/1914/3731 3424/1913/3636
f 2031/1915/3730 3447/1916/3733 3557/1914/3731
f 2633/1917/3732 3558/1918/3735 3447/1916/3733
f 2032/1919/3734 3448/1920/3953 3558/1918/3735
f 3559/1921/3736 3448/1920/3953 2032/1919/3734
f 3449/1923/3737 3559/1921/3736 2635/1922/3736
f 3560/1925/3739 3449/1923/3737 2033/1924/3738
f 3450/1927/3741 3560/1925/3739 2637/1926/3740
f 3561/1930/3743 3464/1987/3793 2049/1929/3744
f 3443/1932/3746 3561/1930/3743 2640/1931/3745
f 3562/1935/3748 3472/2022/3820 2084/1934/3749
f 3463/1937/3751 3562/1935/3748 2641/1936/3750
f 2039/1939/3753 3454/1941/3758 3563/1940/3754
f 2643/1942/3755 3563/1940/3754 3455/1943/3756
f 2646/1944/3757 3564/1945/3760 3454/1941/3758
f 2037/1946/3759 3452/1947/3759 3564/1945/3760
f 2040/1948/3756 3455/1943/3756 3565/1949/3761
f 2647/1950/3762 3565/1949/3761 3453/1951/3763
f 3566/1953/3765 3459/1967/3766 2044/1952/3766
f 3460/1955/3768 3566/1953/3765 2651/1954/3767
f 2655/1957/3770 3567/1959/3773 3458/1958/3771
f 2038/1960/3764 3453/1951/3763 3567/1959/3773
f 2656/1961/3774 3568/1962/3775 3460/1955/3768
f 2043/1963/3772 3458/1958/3771 3568/1962/3775
f 2657/1964/3776 3569/1966/3954 3461/1965/3777
f 3459/1967/3766 3569/1966/3954 2657/1964/3776
f 3570/1969/3778 3462/1983/3791 2047/1968/3779
f 3456/1971/3781 3570/1969/3778 2660/1970/3780
f 3571/1973/3783 3456/1971/3781 2041/1972/3782
f 3457/1975/3785 3571/1973/3783 2662/1974/3784
f 3572/1977/3787 3457/1975/3785 2042/1976/3786
f 2046/1979/3777 3461/1980/3777 3572/1977/3787
f 3573/1981/3789 3463/1937/3751 2048/1938/3752
f 3462/1983/3791 3573/1981/3789 2664/1982/3790
f 2665/1984/3792 3574/1985/3955 3452/1947/3759
f 3464/1987/3793 3574/2190/3955 2665/1986/3792
f 3575/1989/3794 3473/2025/3823 2086/1988/3795
f 3465/1991/3797 3575/1989/3794 2696/1990/3796
f 2698/1993/3799 3576/1995/3799 3468/1994/3800
f 2036/1996/3802 3451/1997/3956 3576/1995/3799
f 3577/1998/3803 3442/1875/3698 1986/1876/3699
f 3467/2000/3804 3577/1998/3803 2702/1999/3803
f 3578/2003/3806 3470/2015/3815 2079/2002/3807
f 2071/2005/3801 3468/1994/3800 3578/2006/3806
f 3579/2007/3809 3467/2000/3804 2069/2001/3805
f 2074/2009/3811 3469/2011/3822 3579/2010/3809
f 2717/2012/3812 3580/2014/3812 3474/2013/3813
f 3470/2015/3815 3580/2014/3812 2717/2012/3812
f 3581/2016/3816 3450/1927/3741 2034/1928/3742
f 2081/2018/3697 3471/2019/3696 3581/2016/3816
f 3582/2020/3818 3451/1997/3956 2036/1996/3802
f 3472/2022/3820 3582/2020/3818 2727/2021/3819
f 2734/2023/3821 3583/2024/3821 3469/2011/3822
f 3473/2025/3823 3583/2024/3821 2734/2023/3821
f 2739/2026/3824 3584/2028/3826 3466/2027/3825
f 2091/2029/3814 3474/2013/3813 3584/2028/3826
f 3585/2031/3827 3476/2116/3957 2097/2030/3828
f 3477/2033/3830 3585/2031/3827 2748/2032/3829
f 3586/2035/3832 3477/2033/3830 2098/2034/3831
f 3478/2037/3834 3586/2035/3832 2749/2036/3833
f 2750/2039/3534 3587/2041/3958 3509/2040/3836
f 3479/2043/3837 3587/2191/3958 2750/2042/3534
f 3588/2046/3839 3503/2141/3916 2188/2045/3840
f 3480/2048/3842 3588/2046/3839 2751/2047/3841
f 3589/2051/3844 3482/2057/3850 2103/2050/3845
f 3481/2053/3846 3589/2051/3844 2752/2052/3844
f 3590/2055/3848 3479/2043/3837 2100/2044/3838
f 3482/2057/3850 3590/2055/3848 2753/2056/3849
f 2754/2058/3851 3591/2059/3851 3481/2053/3846
f 2104/2060/3852 3483/2061/3959 3591/2059/3851
f 3592/2063/3853 3494/2119/3960 2117/2062/3854
f 2095/2065/3856 3475/2067/3895 3592/2066/3853
f 3593/2069/3857 3485/2076/3858 2106/2068/3858
f 3484/2071/3860 3593/2069/3857 2759/2070/3859
f 2760/2073/3862 3594/2075/3865 3491/2074/3863
f 2106/2068/3858 3485/2076/3858 3594/2075/3865
f 2761/2077/3866 3595/2079/3961 3487/2078/3867
f 3486/2081/3869 3595/2192/3961 2761/2080/3866
f 2762/2083/3871 3596/2085/3873 3488/2084/3872
f 2108/2086/3868 3487/2078/3867 3596/2085/3873
f 2763/2087/3874 3597/2089/3877 3489/2088/3875
f 2109/2090/3872 3488/2084/3872 3597/2089/3877
f 2764/2091/3878 3598/2093/3880 3492/2092/3879
f 2110/2094/3876 3489/2088/3875 3598/2093/3880
f 3599/2095/3881 3486/2081/3869 2107/2082/3870
f 2112/2097/3864 3491/2074/3863 3599/2095/3881
f 3600/2099/3883 3493/2105/3889 2114/2098/3884
f 2113/2101/3879 3492/2092/3879 3600/2099/3883
f 3601/2103/3886 3490/2109/3893 2111/2102/3887
f 3493/2105/3889 3601/2103/3886 2767/2104/3888
f 2776/2106/3890 3602/2108/3962 3495/2107/3891
f 3490/2109/3893 3602/2108/3962 2776/2106/3890
f 1843/2110/3570 3401/1731/3569 3603/2111/3894
f 2779/2112/3894 3603/2111/3894 3475/2067/3895
f 2785/2113/3896 3604/2114/3897 3484/2071/3860
f 2097/2030/3828 3476/2116/3957 3604/2115/3897
f 3605/2117/3898 3480/2048/3842 2101/2049/3843
f 2117/2062/3854 3494/2119/3960 3605/2117/3898
f 2803/2120/3900 3606/2122/3901 3398/2121/3564
f 2127/2123/3892 3495/2107/3891 3606/2122/3901
f 3607/2124/3902 3443/1932/3746 1997/1933/3747
f 3496/2126/3904 3607/2124/3902 2827/2125/3903
f 2870/2127/3905 3608/2128/3907 3429/1819/3906
f 2158/1820/3647 3499/2129/3949 3608/2128/3907
f 2873/2130/3908 3609/2131/3909 3434/1843/3667
f 2161/2132/3679 3500/1854/3678 3609/2131/3909
f 2882/2133/3910 3610/2134/3911 3433/1899/3718
f 2164/2135/3707 3501/1886/3707 3610/2134/3911
f 2884/2136/3912 3611/2137/3913 3440/1860/3684
f 2166/2138/3712 3502/1892/3711 3611/2137/3913
f 3612/2139/3914 3483/2061/3959 2104/2060/3852
f 3503/2141/3916 3612/2139/3914 2911/2140/3915
f 2932/2142/3917 3613/2143/3963 3430/1829/3918
f 3504/2144/3919 3613/2143/3963 2932/2142/3917
f 3614/2145/3920 3425/1890/3952 1934/1888/3708
f 3505/2147/3922 3614/2145/3920 2937/2146/3921
f 2970/2148/3923 3615/2149/3925 3400/1801/3924
f 2210/2150/3661 3506/1836/3660 3615/2149/3925
f 2984/2151/3926 3616/2152/3928 3436/1867/3927
f 2224/1868/3692 3507/2153/3692 3616/2152/3928
f 3414/1776/3606 3617/2193/3930 3010/2154/3929
f 3617/2156/3930 3508/1768/3597 2232/1766/3597
f 3618/2158/3931 3478/2037/3834 2099/2038/3835
f 2236/2160/3166 3509/2040/3836 3618/2158/3931
f 3026/2161/3933 3619/2162/3964 3432/1823/3649
f 3497/2163/3934 3619/2162/3964 3026/2161/3933
f 3435/2165/3935 3620/2194/3937 3028/2164/3936
f 3620/2166/3937 3498/1902/3720 2154/1903/3722
