# Blender 4.5.3 LTS
# www.blender.org
mtllib mat_garage_lamp.mtl
o prop_garage_fluorescent_lamp
v -2.671291 2.780266 -2.445668
v -2.671291 2.780266 -0.688856
v -2.188168 2.780266 -2.445668
v -2.188168 2.780266 -0.688856
v -2.588720 2.863559 -0.688856
v -2.551381 2.886573 -0.688856
v -2.588720 2.863559 -2.445668
v -2.551381 2.886573 -2.445668
v -2.270739 2.863559 -0.688856
v -2.308078 2.886573 -0.688856
v -2.270739 2.863559 -2.445668
v -2.308078 2.886573 -2.445668
v -2.389295 2.878052 -2.372263
v -2.389295 2.878052 -0.762261
v -2.380086 2.876220 -2.372263
v -2.380086 2.876220 -0.762261
v -2.372279 2.871004 -2.372263
v -2.372279 2.871004 -0.762261
v -2.367062 2.863197 -2.372263
v -2.367062 2.863197 -0.762261
v -2.365231 2.853988 -2.372263
v -2.365231 2.853988 -0.762261
v -2.367062 2.844779 -2.372263
v -2.367062 2.844779 -0.762261
v -2.372279 2.836972 -2.372263
v -2.372279 2.836972 -0.762261
v -2.380086 2.831755 -2.372263
v -2.380086 2.831756 -0.762261
v -2.389295 2.829924 -2.372263
v -2.389295 2.829924 -0.762261
v -2.398504 2.831755 -2.372263
v -2.398504 2.831756 -0.762261
v -2.406311 2.836972 -2.372263
v -2.406311 2.836972 -0.762261
v -2.411527 2.844779 -2.372263
v -2.411527 2.844779 -0.762261
v -2.413359 2.853988 -2.372263
v -2.413359 2.853988 -0.762261
v -2.411527 2.863197 -2.372263
v -2.411527 2.863197 -0.762261
v -2.406311 2.871004 -2.372263
v -2.406311 2.871004 -0.762261
v -2.398504 2.876220 -2.372263
v -2.398504 2.876220 -0.762261
v -2.479019 2.876220 -0.762261
v -2.479019 2.876220 -2.372263
v -2.486826 2.871004 -0.762261
v -2.486826 2.871004 -2.372263
v -2.492042 2.863197 -0.762261
v -2.492042 2.863197 -2.372263
v -2.493874 2.853988 -0.762261
v -2.493874 2.853988 -2.372263
v -2.492042 2.844779 -0.762261
v -2.492042 2.844779 -2.372263
v -2.486826 2.836972 -0.762261
v -2.486826 2.836972 -2.372263
v -2.479019 2.831756 -0.762261
v -2.479019 2.831755 -2.372263
v -2.469810 2.829924 -0.762261
v -2.469810 2.829924 -2.372263
v -2.460601 2.831756 -0.762261
v -2.460601 2.831755 -2.372263
v -2.452794 2.836972 -0.762261
v -2.452794 2.836972 -2.372263
v -2.447578 2.844779 -0.762261
v -2.447578 2.844779 -2.372263
v -2.445746 2.853988 -0.762261
v -2.445746 2.853988 -2.372263
v -2.447578 2.863197 -0.762261
v -2.447578 2.863197 -2.372263
v -2.452794 2.871004 -0.762261
v -2.452794 2.871004 -2.372263
v -2.460601 2.876220 -0.762261
v -2.460601 2.876220 -2.372263
v -2.469810 2.878052 -0.762261
v -2.469810 2.878052 -2.372263
v -2.506170 2.849052 -0.707861
v -2.481265 2.824147 -0.707861
v -2.504275 2.839521 -0.707861
v -2.498876 2.831441 -0.707861
v -2.490796 2.826042 -0.707861
v -2.481265 2.885306 -0.707861
v -2.506170 2.860401 -0.707861
v -2.490796 2.883410 -0.707861
v -2.498876 2.878012 -0.707861
v -2.504275 2.869932 -0.707861
v -2.498876 2.831441 -0.761265
v -2.504275 2.839521 -0.761265
v -2.506170 2.860401 -0.761265
v -2.378194 2.824147 -0.707861
v -2.353289 2.849052 -0.707861
v -2.368663 2.826042 -0.707861
v -2.360583 2.831441 -0.707861
v -2.355185 2.839521 -0.707861
v -2.353289 2.860401 -0.707861
v -2.378194 2.885306 -0.707861
v -2.355185 2.869932 -0.707861
v -2.360583 2.878012 -0.707861
v -2.368663 2.883410 -0.707861
v -2.378194 2.824147 -0.761265
v -2.355185 2.839521 -0.761265
v -2.360583 2.831441 -0.761265
v -2.353289 2.860401 -0.761265
v -2.506170 2.849052 -2.426663
v -2.481265 2.824147 -2.426663
v -2.504275 2.839521 -2.426663
v -2.498876 2.831441 -2.426663
v -2.490796 2.826042 -2.426663
v -2.481265 2.885306 -2.426663
v -2.506170 2.860401 -2.426663
v -2.490796 2.883410 -2.426663
v -2.498876 2.878012 -2.426663
v -2.504275 2.869932 -2.426663
v -2.481265 2.824147 -2.373259
v -2.498876 2.831441 -2.373259
v -2.504275 2.839521 -2.373259
v -2.481265 2.885306 -2.373259
v -2.504275 2.869932 -2.373259
v -2.378194 2.824147 -2.426663
v -2.353289 2.849052 -2.426663
v -2.368663 2.826042 -2.426663
v -2.360583 2.831441 -2.426663
v -2.355185 2.839521 -2.426663
v -2.353289 2.860401 -2.426663
v -2.378194 2.885306 -2.426663
v -2.355185 2.869932 -2.426663
v -2.360583 2.878012 -2.426663
v -2.368663 2.883410 -2.426663
v -2.378194 2.824147 -2.373259
v -2.355185 2.839521 -2.373259
v -2.360583 2.831441 -2.373259
v -2.368663 2.826042 -2.373259
v -2.368663 2.883410 -2.373259
v -2.420077 2.985526 -2.219451
v -2.420077 3.129060 -2.219451
v -2.412690 2.985526 -2.208395
v -2.412690 3.129060 -2.208395
v -2.415284 2.985526 -2.195353
v -2.415284 3.129060 -2.195353
v -2.426340 2.985526 -2.187965
v -2.426340 3.129060 -2.187965
v -2.439382 2.985526 -2.190560
v -2.439382 3.129060 -2.190560
v -2.446769 2.985526 -2.201616
v -2.446769 3.129060 -2.201616
v -2.444175 2.985526 -2.214658
v -2.444175 3.129060 -2.214658
v -2.433119 2.985526 -2.222045
v -2.433119 3.129060 -2.222045
v -2.426340 2.988423 -0.922221
v -2.426340 3.129060 -0.922221
v -2.415284 2.988423 -0.914833
v -2.415284 3.129060 -0.914833
v -2.412690 2.988423 -0.901791
v -2.412690 3.129060 -0.901791
v -2.420077 2.988423 -0.890735
v -2.420077 3.129060 -0.890735
v -2.433119 2.988423 -0.888141
v -2.433119 3.129060 -0.888141
v -2.444175 2.988423 -0.895528
v -2.444175 3.129060 -0.895528
v -2.446769 2.988423 -0.908570
v -2.446769 3.129060 -0.908570
v -2.439382 3.129060 -0.919627
v -2.439382 2.988423 -0.919627
v -2.495720 2.896106 -0.688856
v -2.506170 2.896106 -0.699361
v -2.483677 2.979134 -0.703614
v -2.482304 2.989321 -0.715771
v -2.494135 2.979082 -0.714110
v -2.506170 2.896106 -2.435163
v -2.495720 2.896106 -2.445668
v -2.482304 2.989321 -2.418753
v -2.483677 2.979134 -2.430910
v -2.494135 2.979082 -2.420414
v -2.353289 2.896106 -0.699361
v -2.363740 2.896106 -0.688856
v -2.377155 2.989321 -0.715771
v -2.375783 2.979134 -0.703614
v -2.365324 2.979082 -0.714110
v -2.363740 2.896106 -2.445668
v -2.353289 2.896106 -2.435163
v -2.377155 2.989321 -2.418753
v -2.365324 2.979082 -2.420414
v -2.375783 2.979134 -2.430910
v -2.663691 2.772732 -2.445668
v -2.663691 2.772732 -0.688856
v -2.195768 2.772732 -0.688856
v -2.195768 2.772732 -2.445668
v -2.547413 2.876635 -2.445668
v -2.582066 2.855178 -2.445668
v -2.582066 2.855178 -0.688856
v -2.547413 2.876635 -0.688856
v -2.312047 2.876635 -0.688856
v -2.277393 2.855178 -0.688856
v -2.277393 2.855178 -2.445668
v -2.312047 2.876635 -2.445668
v -2.495157 2.885420 -0.688856
v -2.505062 2.885463 -0.699361
v -2.505062 2.885463 -2.435163
v -2.495157 2.885420 -2.445668
v -2.354397 2.885463 -0.699361
v -2.364302 2.885420 -0.688856
v -2.364302 2.885420 -2.445668
v -2.354397 2.885463 -2.435163
v -2.506170 2.849052 -0.761265
v -2.481265 2.824147 -0.761265
v -2.490796 2.826042 -0.761265
v -2.481265 2.885306 -0.761265
v -2.490796 2.883410 -0.761265
v -2.498876 2.878012 -0.761265
v -2.504275 2.869932 -0.761265
v -2.353289 2.849052 -0.761265
v -2.368663 2.826042 -0.761265
v -2.378194 2.885306 -0.761265
v -2.355185 2.869932 -0.761265
v -2.360583 2.878012 -0.761265
v -2.368663 2.883410 -0.761265
v -2.506170 2.849052 -2.373260
v -2.490796 2.826042 -2.373260
v -2.506170 2.860401 -2.373260
v -2.490796 2.883410 -2.373260
v -2.498876 2.878012 -2.373260
v -2.353289 2.849052 -2.373260
v -2.353289 2.860401 -2.373260
v -2.378194 2.885306 -2.373260
v -2.355185 2.869932 -2.373260
v -2.360583 2.878012 -2.373260
v 1.858943 3.580623 -2.445668
v 1.858943 3.580623 -0.688856
v 2.342065 3.580623 -2.445668
v 2.342065 3.580623 -0.688856
v 1.941513 3.663917 -0.688856
v 1.978852 3.686931 -0.688856
v 1.941513 3.663917 -2.445668
v 1.978852 3.686931 -2.445668
v 2.259495 3.663917 -0.688856
v 2.222155 3.686931 -0.688856
v 2.259495 3.663917 -2.445668
v 2.222155 3.686931 -2.445668
v 2.140939 3.678410 -2.372263
v 2.140939 3.678410 -0.762261
v 2.150147 3.676578 -2.372263
v 2.150147 3.676578 -0.762261
v 2.157954 3.671361 -2.372263
v 2.157954 3.671361 -0.762261
v 2.163171 3.663554 -2.372263
v 2.163171 3.663555 -0.762261
v 2.165003 3.654346 -2.372263
v 2.165003 3.654346 -0.762261
v 2.163171 3.645137 -2.372263
v 2.163171 3.645137 -0.762261
v 2.157954 3.637330 -2.372263
v 2.157954 3.637330 -0.762261
v 2.150147 3.632113 -2.372263
v 2.150147 3.632113 -0.762261
v 2.140939 3.630281 -2.372263
v 2.140939 3.630281 -0.762261
v 2.131730 3.632113 -2.372263
v 2.131730 3.632113 -0.762261
v 2.123923 3.637330 -2.372263
v 2.123923 3.637330 -0.762261
v 2.118707 3.645137 -2.372263
v 2.118707 3.645137 -0.762261
v 2.116875 3.654346 -2.372263
v 2.116875 3.654346 -0.762261
v 2.118707 3.663554 -2.372263
v 2.118707 3.663555 -0.762261
v 2.123923 3.671361 -2.372263
v 2.123923 3.671361 -0.762261
v 2.131730 3.676578 -2.372263
v 2.131730 3.676578 -0.762261
v 2.051215 3.676578 -0.762261
v 2.051215 3.676578 -2.372263
v 2.043407 3.671361 -0.762261
v 2.043407 3.671361 -2.372263
v 2.038191 3.663555 -0.762261
v 2.038191 3.663554 -2.372263
v 2.036360 3.654346 -0.762261
v 2.036360 3.654346 -2.372263
v 2.038191 3.645137 -0.762261
v 2.038191 3.645137 -2.372263
v 2.043407 3.637330 -0.762261
v 2.043407 3.637330 -2.372263
v 2.051215 3.632113 -0.762261
v 2.051215 3.632113 -2.372263
v 2.060424 3.630281 -0.762261
v 2.060424 3.630281 -2.372263
v 2.069632 3.632113 -0.762261
v 2.069632 3.632113 -2.372263
v 2.077439 3.637330 -0.762261
v 2.077439 3.637330 -2.372263
v 2.082656 3.645137 -0.762261
v 2.082656 3.645137 -2.372263
v 2.084488 3.654346 -0.762261
v 2.084488 3.654346 -2.372263
v 2.082656 3.663555 -0.762261
v 2.082656 3.663554 -2.372263
v 2.077439 3.671361 -0.762261
v 2.077439 3.671361 -2.372263
v 2.069632 3.676578 -0.762261
v 2.069632 3.676578 -2.372263
v 2.060424 3.678410 -0.762261
v 2.060424 3.678410 -2.372263
v 2.024063 3.649409 -0.707861
v 2.048968 3.624504 -0.707861
v 2.025959 3.639879 -0.707861
v 2.031358 3.631799 -0.707861
v 2.039437 3.626400 -0.707861
v 2.048968 3.685664 -0.707861
v 2.024063 3.660759 -0.707861
v 2.039437 3.683768 -0.707861
v 2.031358 3.678370 -0.707861
v 2.025959 3.670290 -0.707861
v 2.031358 3.631799 -0.761265
v 2.025959 3.639879 -0.761265
v 2.024063 3.660759 -0.761265
v 2.152039 3.624504 -0.707861
v 2.176945 3.649409 -0.707861
v 2.161570 3.626400 -0.707861
v 2.169650 3.631799 -0.707861
v 2.175049 3.639879 -0.707861
v 2.176945 3.660759 -0.707861
v 2.152039 3.685664 -0.707861
v 2.175049 3.670290 -0.707861
v 2.169650 3.678370 -0.707861
v 2.161570 3.683768 -0.707861
v 2.152039 3.624504 -0.761265
v 2.175049 3.639879 -0.761265
v 2.169650 3.631799 -0.761265
v 2.176945 3.660759 -0.761265
v 2.024063 3.649409 -2.426663
v 2.048968 3.624504 -2.426663
v 2.025959 3.639879 -2.426663
v 2.031358 3.631799 -2.426663
v 2.039437 3.626400 -2.426663
v 2.048968 3.685664 -2.426663
v 2.024063 3.660759 -2.426663
v 2.039437 3.683768 -2.426663
v 2.031358 3.678370 -2.426663
v 2.025959 3.670290 -2.426663
v 2.048968 3.624504 -2.373259
v 2.031358 3.631799 -2.373259
v 2.025959 3.639879 -2.373259
v 2.048968 3.685664 -2.373259
v 2.025959 3.670290 -2.373259
v 2.152039 3.624504 -2.426663
v 2.176945 3.649409 -2.426663
v 2.161570 3.626400 -2.426663
v 2.169650 3.631799 -2.426663
v 2.175049 3.639879 -2.426663
v 2.176945 3.660759 -2.426663
v 2.152039 3.685664 -2.426663
v 2.175049 3.670290 -2.426663
v 2.169650 3.678370 -2.426663
v 2.161570 3.683768 -2.426663
v 2.152039 3.624504 -2.373259
v 2.175049 3.639879 -2.373259
v 2.169650 3.631799 -2.373259
v 2.161570 3.626400 -2.373259
v 2.161570 3.683768 -2.373259
v 2.034514 3.696464 -0.688856
v 2.024063 3.696464 -0.699361
v 2.046557 3.779492 -0.703614
v 2.047930 3.789678 -0.715771
v 2.036098 3.779439 -0.714110
v 2.024063 3.696464 -2.435163
v 2.034514 3.696464 -2.445668
v 2.047930 3.789678 -2.418753
v 2.046557 3.779492 -2.430910
v 2.036098 3.779439 -2.420414
v 2.176945 3.696464 -0.699361
v 2.166494 3.696464 -0.688856
v 2.153078 3.789678 -0.715771
v 2.154450 3.779492 -0.703614
v 2.164909 3.779439 -0.714110
v 2.166494 3.696464 -2.445668
v 2.176945 3.696464 -2.435163
v 2.153078 3.789678 -2.418753
v 2.164909 3.779439 -2.420414
v 2.154450 3.779492 -2.430910
v 1.866543 3.573089 -2.445668
v 1.866543 3.573089 -0.688856
v 2.334465 3.573089 -0.688856
v 2.334465 3.573089 -2.445668
v 1.982821 3.676993 -2.445668
v 1.948167 3.655536 -2.445668
v 1.948167 3.655536 -0.688856
v 1.982821 3.676993 -0.688856
v 2.218186 3.676993 -0.688856
v 2.252841 3.655536 -0.688856
v 2.252841 3.655536 -2.445668
v 2.218186 3.676993 -2.445668
v 2.035077 3.685777 -0.688856
v 2.025171 3.685820 -0.699361
v 2.025171 3.685820 -2.435163
v 2.035077 3.685777 -2.445668
v 2.175836 3.685820 -0.699361
v 2.165931 3.685777 -0.688856
v 2.165931 3.685777 -2.445668
v 2.175836 3.685820 -2.435163
v 2.024063 3.649409 -0.761265
v 2.048968 3.624504 -0.761265
v 2.039437 3.626400 -0.761265
v 2.048968 3.685664 -0.761265
v 2.039437 3.683768 -0.761265
v 2.031358 3.678370 -0.761265
v 2.025959 3.670290 -0.761265
v 2.176945 3.649409 -0.761265
v 2.161570 3.626400 -0.761265
v 2.152039 3.685664 -0.761265
v 2.175049 3.670290 -0.761265
v 2.169650 3.678370 -0.761265
v 2.161570 3.683768 -0.761265
v 2.024063 3.649409 -2.373260
v 2.039437 3.626400 -2.373260
v 2.024063 3.660759 -2.373260
v 2.039437 3.683768 -2.373260
v 2.031358 3.678370 -2.373260
v 2.176945 3.649409 -2.373260
v 2.176945 3.660759 -2.373260
v 2.152039 3.685664 -2.373260
v 2.175049 3.670290 -2.373260
v 2.169650 3.678370 -2.373260
v 1.858943 3.580623 0.823944
v 1.858943 3.580623 2.580755
v 2.342065 3.580623 0.823944
v 2.342065 3.580623 2.580755
v 1.941513 3.663917 2.580755
v 1.978852 3.686931 2.580755
v 1.941513 3.663917 0.823944
v 1.978852 3.686931 0.823944
v 2.259495 3.663917 2.580755
v 2.222155 3.686931 2.580755
v 2.259495 3.663917 0.823944
v 2.222155 3.686931 0.823944
v 2.140939 3.678410 0.897348
v 2.140939 3.678410 2.507351
v 2.150147 3.676578 0.897348
v 2.150147 3.676578 2.507351
v 2.157954 3.671361 0.897348
v 2.157954 3.671361 2.507351
v 2.163171 3.663554 0.897348
v 2.163171 3.663555 2.507351
v 2.165003 3.654346 0.897348
v 2.165003 3.654346 2.507351
v 2.163171 3.645137 0.897348
v 2.163171 3.645137 2.507351
v 2.157954 3.637330 0.897348
v 2.157954 3.637330 2.507351
v 2.150147 3.632113 0.897348
v 2.150147 3.632113 2.507351
v 2.140939 3.630281 0.897348
v 2.140939 3.630281 2.507351
v 2.131730 3.632113 0.897348
v 2.131730 3.632113 2.507351
v 2.123923 3.637330 0.897348
v 2.123923 3.637330 2.507351
v 2.118707 3.645137 0.897348
v 2.118707 3.645137 2.507351
v 2.116875 3.654346 0.897348
v 2.116875 3.654346 2.507351
v 2.118707 3.663554 0.897348
v 2.118707 3.663555 2.507351
v 2.123923 3.671361 0.897348
v 2.123923 3.671361 2.507351
v 2.131730 3.676578 0.897348
v 2.131730 3.676578 2.507351
v 2.051215 3.676578 2.507351
v 2.051215 3.676578 0.897348
v 2.043407 3.671361 2.507351
v 2.043407 3.671361 0.897348
v 2.038191 3.663555 2.507351
v 2.038191 3.663554 0.897348
v 2.036360 3.654346 2.507351
v 2.036360 3.654346 0.897348
v 2.038191 3.645137 2.507351
v 2.038191 3.645137 0.897348
v 2.043407 3.637330 2.507351
v 2.043407 3.637330 0.897348
v 2.051215 3.632113 2.507351
v 2.051215 3.632113 0.897348
v 2.060424 3.630281 2.507351
v 2.060424 3.630281 0.897348
v 2.069632 3.632113 2.507351
v 2.069632 3.632113 0.897348
v 2.077439 3.637330 2.507351
v 2.077439 3.637330 0.897348
v 2.082656 3.645137 2.507351
v 2.082656 3.645137 0.897348
v 2.084488 3.654346 2.507351
v 2.084488 3.654346 0.897348
v 2.082656 3.663555 2.507351
v 2.082656 3.663554 0.897348
v 2.077439 3.671361 2.507351
v 2.077439 3.671361 0.897348
v 2.069632 3.676578 2.507351
v 2.069632 3.676578 0.897348
v 2.060424 3.678410 2.507351
v 2.060424 3.678410 0.897348
v 2.024063 3.649409 2.561750
v 2.048968 3.624504 2.561750
v 2.025959 3.639879 2.561750
v 2.031358 3.631799 2.561750
v 2.039437 3.626400 2.561750
v 2.048968 3.685664 2.561750
v 2.024063 3.660759 2.561750
v 2.039437 3.683768 2.561750
v 2.031358 3.678370 2.561750
v 2.025959 3.670290 2.561750
v 2.031358 3.631799 2.508347
v 2.025959 3.639879 2.508347
v 2.024063 3.660759 2.508347
v 2.152039 3.624504 2.561750
v 2.176945 3.649409 2.561750
v 2.161570 3.626400 2.561750
v 2.169650 3.631799 2.561750
v 2.175049 3.639879 2.561750
v 2.176945 3.660759 2.561750
v 2.152039 3.685664 2.561750
v 2.175049 3.670290 2.561750
v 2.169650 3.678370 2.561750
v 2.161570 3.683768 2.561750
v 2.152039 3.624504 2.508347
v 2.175049 3.639879 2.508347
v 2.169650 3.631799 2.508347
v 2.176945 3.660759 2.508347
v 2.024063 3.649409 0.842949
v 2.048968 3.624504 0.842949
v 2.025959 3.639879 0.842949
v 2.031358 3.631799 0.842949
v 2.039437 3.626400 0.842949
v 2.048968 3.685664 0.842949
v 2.024063 3.660759 0.842949
v 2.039437 3.683768 0.842949
v 2.031358 3.678370 0.842949
v 2.025959 3.670290 0.842949
v 2.048968 3.624504 0.896352
v 2.031358 3.631799 0.896352
v 2.025959 3.639879 0.896352
v 2.048968 3.685664 0.896352
v 2.025959 3.670290 0.896352
v 2.152039 3.624504 0.842949
v 2.176945 3.649409 0.842949
v 2.161570 3.626400 0.842949
v 2.169650 3.631799 0.842949
v 2.175049 3.639879 0.842949
v 2.176945 3.660759 0.842949
v 2.152039 3.685664 0.842949
v 2.175049 3.670290 0.842949
v 2.169650 3.678370 0.842949
v 2.161570 3.683768 0.842949
v 2.152039 3.624504 0.896352
v 2.175049 3.639879 0.896352
v 2.169650 3.631799 0.896352
v 2.161570 3.626400 0.896352
v 2.161570 3.683768 0.896352
v 2.034514 3.696464 2.580755
v 2.024063 3.696464 2.570250
v 2.046557 3.779492 2.565997
v 2.047930 3.789678 2.553841
v 2.036098 3.779439 2.555501
v 2.024063 3.696464 0.834449
v 2.034514 3.696464 0.823944
v 2.047930 3.789678 0.850858
v 2.046557 3.779492 0.838702
v 2.036098 3.779439 0.849198
v 2.176945 3.696464 2.570250
v 2.166494 3.696464 2.580755
v 2.153078 3.789678 2.553841
v 2.154450 3.779492 2.565997
v 2.164909 3.779439 2.555501
v 2.166494 3.696464 0.823944
v 2.176945 3.696464 0.834449
v 2.153078 3.789678 0.850858
v 2.164909 3.779439 0.849198
v 2.154450 3.779492 0.838702
v 1.866543 3.573089 0.823944
v 1.866543 3.573089 2.580755
v 2.334465 3.573089 2.580755
v 2.334465 3.573089 0.823944
v 1.982821 3.676993 0.823944
v 1.948167 3.655536 0.823944
v 1.948167 3.655536 2.580755
v 1.982821 3.676993 2.580755
v 2.218186 3.676993 2.580755
v 2.252841 3.655536 2.580755
v 2.252841 3.655536 0.823944
v 2.218186 3.676993 0.823944
v 2.035077 3.685777 2.580755
v 2.025171 3.685820 2.570250
v 2.025171 3.685820 0.834449
v 2.035077 3.685777 0.823944
v 2.175836 3.685820 2.570250
v 2.165931 3.685777 2.580755
v 2.165931 3.685777 0.823944
v 2.175836 3.685820 0.834449
v 2.024063 3.649409 2.508347
v 2.048968 3.624504 2.508347
v 2.039437 3.626400 2.508347
v 2.048968 3.685664 2.508347
v 2.039437 3.683768 2.508347
v 2.031358 3.678370 2.508347
v 2.025959 3.670290 2.508347
v 2.176945 3.649409 2.508347
v 2.161570 3.626400 2.508347
v 2.152039 3.685664 2.508347
v 2.175049 3.670290 2.508347
v 2.169650 3.678370 2.508347
v 2.161570 3.683768 2.508347
v 2.024063 3.649409 0.896352
v 2.039437 3.626400 0.896352
v 2.024063 3.660759 0.896352
v 2.039437 3.683768 0.896352
v 2.031358 3.678370 0.896352
v 2.176945 3.649409 0.896352
v 2.176945 3.660759 0.896352
v 2.152039 3.685664 0.896352
v 2.175049 3.670290 0.896352
v 2.169650 3.678370 0.896352
v -2.425345 3.169820 -2.219451
v -2.418209 3.171732 -2.208395
v -2.420715 3.171061 -2.195353
v -2.431394 3.168199 -2.187965
v -2.443992 3.164824 -2.190560
v -2.451128 3.162911 -2.201616
v -2.448622 3.163583 -2.214658
v -2.437942 3.166444 -2.222045
v -2.431394 3.168199 -0.922221
v -2.420715 3.171061 -0.914833
v -2.418209 3.171732 -0.901791
v -2.425345 3.169820 -0.890735
v -2.437942 3.166444 -0.888141
v -2.448622 3.163583 -0.895528
v -2.451128 3.162911 -0.908570
v -2.443992 3.164824 -0.919627
v -2.440982 3.207828 -2.219451
v -2.434585 3.211521 -2.208395
v -2.436832 3.210224 -2.195353
v -2.446406 3.204696 -2.187965
v -2.457701 3.198175 -2.190560
v -2.464099 3.194481 -2.201616
v -2.461852 3.195778 -2.214658
v -2.452277 3.201307 -2.222045
v -2.446406 3.204696 -0.922221
v -2.436832 3.210224 -0.914833
v -2.434585 3.211521 -0.901791
v -2.440982 3.207828 -0.890735
v -2.452277 3.201307 -0.888141
v -2.461852 3.195778 -0.895528
v -2.464099 3.194481 -0.908570
v -2.457701 3.198175 -0.919627
v -2.465924 3.240493 -2.219451
v -2.460701 3.245717 -2.208395
v -2.462535 3.243882 -2.195353
v -2.470353 3.236064 -2.187965
v -2.479575 3.226842 -2.190560
v -2.484799 3.221619 -2.201616
v -2.482965 3.223453 -2.214658
v -2.475146 3.231271 -2.222045
v -2.470353 3.236064 -0.922221
v -2.462535 3.243882 -0.914833
v -2.460701 3.245717 -0.901791
v -2.465924 3.240493 -0.890735
v -2.475146 3.231271 -0.888141
v -2.482965 3.223453 -0.895528
v -2.484799 3.221619 -0.908570
v -2.479575 3.226842 -0.919627
v -2.498471 3.265589 -2.219451
v -2.494777 3.271987 -2.208395
v -2.496074 3.269741 -2.195353
v -2.501602 3.260166 -2.187965
v -2.508124 3.248871 -2.190560
v -2.511817 3.242473 -2.201616
v -2.510520 3.244720 -2.214658
v -2.504992 3.254295 -2.222045
v -2.501602 3.260166 -0.922221
v -2.496074 3.269741 -0.914833
v -2.494777 3.271987 -0.901791
v -2.498471 3.265589 -0.890735
v -2.504992 3.254295 -0.888141
v -2.510520 3.244720 -0.895528
v -2.511817 3.242473 -0.908570
v -2.508124 3.248871 -0.919627
v -2.536404 3.281408 -2.219451
v -2.534492 3.288543 -2.208395
v -2.535164 3.286038 -2.195353
v -2.538025 3.275358 -2.187965
v -2.541401 3.262761 -2.190560
v -2.543313 3.255625 -2.201616
v -2.542641 3.258131 -2.214658
v -2.539779 3.268810 -2.222045
v -2.538025 3.275358 -0.922221
v -2.535164 3.286038 -0.914833
v -2.534492 3.288543 -0.901791
v -2.536404 3.281408 -0.890735
v -2.539779 3.268810 -0.888141
v -2.542641 3.258131 -0.895528
v -2.543313 3.255625 -0.908570
v -2.541401 3.262761 -0.919627
v -2.577139 3.286869 -2.219451
v -2.577139 3.294256 -2.208395
v -2.577139 3.291662 -2.195353
v -2.577139 3.280606 -2.187965
v -2.577139 3.267564 -2.190560
v -2.577139 3.260177 -2.201616
v -2.577139 3.262771 -2.214658
v -2.577139 3.273827 -2.222045
v -2.577139 3.280606 -0.922221
v -2.577139 3.291662 -0.914833
v -2.577139 3.294256 -0.901791
v -2.577139 3.286869 -0.890735
v -2.577139 3.273827 -0.888141
v -2.577139 3.262771 -0.895528
v -2.577139 3.260177 -0.908570
v -2.577139 3.267564 -0.919627
v -2.912172 3.286869 -2.219451
v -2.912172 3.294256 -2.208395
v -2.912172 3.291662 -2.195353
v -2.912172 3.280606 -2.187965
v -2.912172 3.267564 -2.190560
v -2.912172 3.260177 -2.201616
v -2.912172 3.262771 -2.214658
v -2.912172 3.273827 -2.222045
v -2.912172 3.280606 -0.922221
v -2.912172 3.291662 -0.914833
v -2.912172 3.294256 -0.901791
v -2.912172 3.286869 -0.890735
v -2.912172 3.273827 -0.888141
v -2.912172 3.262771 -0.895528
v -2.912172 3.260177 -0.908570
v -2.912172 3.267564 -0.919627
v -2.671291 2.780266 0.723421
v -2.671291 2.780266 2.480231
v -2.188168 2.780266 0.723421
v -2.188168 2.780266 2.480231
v -2.588720 2.863559 2.480231
v -2.551381 2.886573 2.480231
v -2.588720 2.863559 0.723421
v -2.551381 2.886573 0.723421
v -2.270739 2.863559 2.480231
v -2.308078 2.886573 2.480231
v -2.270739 2.863559 0.723421
v -2.308078 2.886573 0.723421
v -2.389295 2.878052 0.796825
v -2.389295 2.878052 2.406827
v -2.380086 2.876220 0.796825
v -2.380086 2.876220 2.406827
v -2.372279 2.871004 0.796825
v -2.372279 2.871004 2.406827
v -2.367062 2.863197 0.796825
v -2.367062 2.863197 2.406827
v -2.365231 2.853988 0.796825
v -2.365231 2.853988 2.406827
v -2.367062 2.844779 0.796825
v -2.367062 2.844779 2.406827
v -2.372279 2.836972 0.796825
v -2.372279 2.836972 2.406827
v -2.380086 2.831755 0.796825
v -2.380086 2.831756 2.406827
v -2.389295 2.829924 0.796825
v -2.389295 2.829924 2.406827
v -2.398504 2.831755 0.796825
v -2.398504 2.831756 2.406827
v -2.406311 2.836972 0.796825
v -2.406311 2.836972 2.406827
v -2.411527 2.844779 0.796825
v -2.411527 2.844779 2.406827
v -2.413359 2.853988 0.796825
v -2.413359 2.853988 2.406827
v -2.411527 2.863197 0.796825
v -2.411527 2.863197 2.406827
v -2.406311 2.871004 0.796825
v -2.406311 2.871004 2.406827
v -2.398504 2.876220 0.796825
v -2.398504 2.876220 2.406827
v -2.479019 2.876220 2.406827
v -2.479019 2.876220 0.796825
v -2.486826 2.871004 2.406827
v -2.486826 2.871004 0.796825
v -2.492042 2.863197 2.406827
v -2.492042 2.863197 0.796825
v -2.493874 2.853988 2.406827
v -2.493874 2.853988 0.796825
v -2.492042 2.844779 2.406827
v -2.492042 2.844779 0.796825
v -2.486826 2.836972 2.406827
v -2.486826 2.836972 0.796825
v -2.479019 2.831756 2.406827
v -2.479019 2.831755 0.796825
v -2.469810 2.829924 2.406827
v -2.469810 2.829924 0.796825
v -2.460601 2.831756 2.406827
v -2.460601 2.831755 0.796825
v -2.452794 2.836972 2.406827
v -2.452794 2.836972 0.796825
v -2.447578 2.844779 2.406827
v -2.447578 2.844779 0.796825
v -2.445746 2.853988 2.406827
v -2.445746 2.853988 0.796825
v -2.447578 2.863197 2.406827
v -2.447578 2.863197 0.796825
v -2.452794 2.871004 2.406827
v -2.452794 2.871004 0.796825
v -2.460601 2.876220 2.406827
v -2.460601 2.876220 0.796825
v -2.469810 2.878052 2.406827
v -2.469810 2.878052 0.796825
v -2.506170 2.849052 2.461227
v -2.481265 2.824147 2.461227
v -2.504275 2.839521 2.461227
v -2.498876 2.831441 2.461227
v -2.490796 2.826042 2.461227
v -2.481265 2.885306 2.461227
v -2.506170 2.860401 2.461227
v -2.490796 2.883410 2.461227
v -2.498876 2.878012 2.461227
v -2.504275 2.869932 2.461227
v -2.498876 2.831441 2.407823
v -2.504275 2.839521 2.407823
v -2.506170 2.860401 2.407823
v -2.378194 2.824147 2.461227
v -2.353289 2.849052 2.461227
v -2.368663 2.826042 2.461227
v -2.360583 2.831441 2.461227
v -2.355185 2.839521 2.461227
v -2.353289 2.860401 2.461227
v -2.378194 2.885306 2.461227
v -2.355185 2.869932 2.461227
v -2.360583 2.878012 2.461227
v -2.368663 2.883410 2.461227
v -2.378194 2.824147 2.407823
v -2.355185 2.839521 2.407823
v -2.360583 2.831441 2.407823
v -2.353289 2.860401 2.407823
v -2.506170 2.849052 0.742425
v -2.481265 2.824147 0.742425
v -2.504275 2.839521 0.742425
v -2.498876 2.831441 0.742425
v -2.490796 2.826042 0.742425
v -2.481265 2.885306 0.742425
v -2.506170 2.860401 0.742425
v -2.490796 2.883410 0.742425
v -2.498876 2.878012 0.742425
v -2.504275 2.869932 0.742425
v -2.481265 2.824147 0.795829
v -2.498876 2.831441 0.795829
v -2.504275 2.839521 0.795829
v -2.481265 2.885306 0.795829
v -2.504275 2.869932 0.795829
v -2.378194 2.824147 0.742425
v -2.353289 2.849052 0.742425
v -2.368663 2.826042 0.742425
v -2.360583 2.831441 0.742425
v -2.355185 2.839521 0.742425
v -2.353289 2.860401 0.742425
v -2.378194 2.885306 0.742425
v -2.355185 2.869932 0.742425
v -2.360583 2.878012 0.742425
v -2.368663 2.883410 0.742425
v -2.378194 2.824147 0.795829
v -2.355185 2.839521 0.795829
v -2.360583 2.831441 0.795829
v -2.368663 2.826042 0.795829
v -2.368663 2.883410 0.795829
v -2.420077 2.985526 0.949637
v -2.420077 3.129060 0.949637
v -2.412690 2.985526 0.960693
v -2.412690 3.129060 0.960693
v -2.415284 2.985526 0.973735
v -2.415284 3.129060 0.973735
v -2.426340 2.985526 0.981123
v -2.426340 3.129060 0.981123
v -2.439382 2.985526 0.978529
v -2.439382 3.129060 0.978529
v -2.446769 2.985526 0.967472
v -2.446769 3.129060 0.967472
v -2.444175 2.985526 0.954430
v -2.444175 3.129060 0.954430
v -2.433119 2.985526 0.947043
v -2.433119 3.129060 0.947043
v -2.426340 2.988423 2.246868
v -2.426340 3.129060 2.246868
v -2.415284 2.988423 2.254255
v -2.415284 3.129060 2.254255
v -2.412690 2.988423 2.267297
v -2.412690 3.129060 2.267297
v -2.420077 2.988423 2.278353
v -2.420077 3.129060 2.278353
v -2.433119 2.988423 2.280947
v -2.433119 3.129060 2.280947
v -2.444175 2.988423 2.273560
v -2.444175 3.129060 2.273560
v -2.446769 2.988423 2.260518
v -2.446769 3.129060 2.260518
v -2.439382 3.129060 2.249462
v -2.439382 2.988423 2.249462
v -2.495720 2.896106 2.480231
v -2.506170 2.896106 2.469727
v -2.483677 2.979134 2.465473
v -2.482304 2.989321 2.453317
v -2.494135 2.979082 2.454978
v -2.506170 2.896106 0.733925
v -2.495720 2.896106 0.723421
v -2.482304 2.989321 0.750335
v -2.483677 2.979134 0.738178
v -2.494135 2.979082 0.748674
v -2.353289 2.896106 2.469727
v -2.363740 2.896106 2.480231
v -2.377155 2.989321 2.453317
v -2.375783 2.979134 2.465474
v -2.365324 2.979082 2.454978
v -2.363740 2.896106 0.723421
v -2.353289 2.896106 0.733925
v -2.377155 2.989321 0.750335
v -2.365324 2.979082 0.748674
v -2.375783 2.979134 0.738178
v -2.663691 2.772732 0.723421
v -2.663691 2.772732 2.480231
v -2.195768 2.772732 2.480231
v -2.195768 2.772732 0.723421
v -2.547413 2.876635 0.723421
v -2.582066 2.855178 0.723421
v -2.582066 2.855178 2.480231
v -2.547413 2.876635 2.480231
v -2.312047 2.876635 2.480231
v -2.277393 2.855178 2.480231
v -2.277393 2.855178 0.723421
v -2.312047 2.876635 0.723421
v -2.495157 2.885420 2.480231
v -2.505062 2.885463 2.469727
v -2.505062 2.885463 0.733925
v -2.495157 2.885420 0.723421
v -2.354397 2.885463 2.469727
v -2.364302 2.885420 2.480231
v -2.364302 2.885420 0.723421
v -2.354397 2.885463 0.733925
v -2.506170 2.849052 2.407823
v -2.481265 2.824147 2.407823
v -2.490796 2.826042 2.407823
v -2.481265 2.885306 2.407823
v -2.490796 2.883410 2.407823
v -2.498876 2.878012 2.407823
v -2.504275 2.869932 2.407823
v -2.353289 2.849052 2.407823
v -2.368663 2.826042 2.407823
v -2.378194 2.885306 2.407823
v -2.355185 2.869932 2.407823
v -2.360583 2.878012 2.407823
v -2.368663 2.883410 2.407823
v -2.506170 2.849052 0.795829
v -2.490796 2.826042 0.795829
v -2.506170 2.860401 0.795829
v -2.490796 2.883410 0.795829
v -2.498876 2.878012 0.795829
v -2.353289 2.849052 0.795829
v -2.353289 2.860401 0.795829
v -2.378194 2.885306 0.795829
v -2.355185 2.869932 0.795829
v -2.360583 2.878012 0.795829
v -2.425345 3.169820 0.949637
v -2.418209 3.171732 0.960693
v -2.420715 3.171061 0.973735
v -2.431394 3.168199 0.981123
v -2.443992 3.164824 0.978529
v -2.451128 3.162911 0.967472
v -2.448622 3.163583 0.954430
v -2.437942 3.166444 0.947043
v -2.431394 3.168199 2.246868
v -2.420715 3.171061 2.254255
v -2.418209 3.171732 2.267297
v -2.425345 3.169820 2.278353
v -2.437942 3.166444 2.280947
v -2.448622 3.163583 2.273560
v -2.451128 3.162911 2.260518
v -2.443992 3.164824 2.249462
v -2.440982 3.207828 0.949637
v -2.434585 3.211521 0.960693
v -2.436832 3.210224 0.973735
v -2.446406 3.204696 0.981123
v -2.457701 3.198175 0.978529
v -2.464099 3.194481 0.967472
v -2.461852 3.195778 0.954430
v -2.452277 3.201307 0.947043
v -2.446406 3.204696 2.246868
v -2.436832 3.210224 2.254255
v -2.434585 3.211521 2.267297
v -2.440982 3.207828 2.278353
v -2.452277 3.201307 2.280947
v -2.461852 3.195778 2.273560
v -2.464099 3.194481 2.260518
v -2.457701 3.198175 2.249462
v -2.465924 3.240493 0.949637
v -2.460701 3.245717 0.960693
v -2.462535 3.243882 0.973735
v -2.470353 3.236064 0.981123
v -2.479575 3.226842 0.978529
v -2.484799 3.221619 0.967472
v -2.482965 3.223453 0.954430
v -2.475146 3.231271 0.947043
v -2.470353 3.236064 2.246868
v -2.462535 3.243882 2.254255
v -2.460701 3.245717 2.267297
v -2.465924 3.240493 2.278353
v -2.475146 3.231271 2.280947
v -2.482965 3.223453 2.273560
v -2.484799 3.221619 2.260518
v -2.479575 3.226842 2.249462
v -2.498471 3.265589 0.949637
v -2.494777 3.271987 0.960693
v -2.496074 3.269741 0.973735
v -2.501602 3.260166 0.981123
v -2.508124 3.248871 0.978529
v -2.511817 3.242473 0.967472
v -2.510520 3.244720 0.954430
v -2.504992 3.254295 0.947043
v -2.501602 3.260166 2.246868
v -2.496074 3.269741 2.254255
v -2.494777 3.271987 2.267297
v -2.498471 3.265589 2.278353
v -2.504992 3.254295 2.280947
v -2.510520 3.244720 2.273560
v -2.511817 3.242473 2.260518
v -2.508124 3.248871 2.249462
v -2.536404 3.281408 0.949637
v -2.534492 3.288543 0.960693
v -2.535164 3.286038 0.973735
v -2.538025 3.275358 0.981123
v -2.541401 3.262761 0.978529
v -2.543313 3.255625 0.967472
v -2.542641 3.258131 0.954430
v -2.539779 3.268810 0.947043
v -2.538025 3.275358 2.246868
v -2.535164 3.286038 2.254255
v -2.534492 3.288543 2.267297
v -2.536404 3.281408 2.278353
v -2.539779 3.268810 2.280947
v -2.542641 3.258131 2.273560
v -2.543313 3.255625 2.260518
v -2.541401 3.262761 2.249462
v -2.577139 3.286869 0.949637
v -2.577139 3.294256 0.960693
v -2.577139 3.291662 0.973735
v -2.577139 3.280606 0.981123
v -2.577139 3.267564 0.978529
v -2.577139 3.260177 0.967472
v -2.577139 3.262771 0.954430
v -2.577139 3.273827 0.947043
v -2.577139 3.280606 2.246868
v -2.577139 3.291662 2.254255
v -2.577139 3.294256 2.267297
v -2.577139 3.286869 2.278353
v -2.577139 3.273827 2.280947
v -2.577139 3.262771 2.273560
v -2.577139 3.260177 2.260518
v -2.577139 3.267564 2.249462
v -2.912172 3.286869 0.949637
v -2.912172 3.294256 0.960693
v -2.912172 3.291662 0.973735
v -2.912172 3.280606 0.981123
v -2.912172 3.267564 0.978529
v -2.912172 3.260177 0.967472
v -2.912172 3.262771 0.954430
v -2.912172 3.273827 0.947043
v -2.912172 3.280606 2.246868
v -2.912172 3.291662 2.254255
v -2.912172 3.294256 2.267297
v -2.912172 3.286869 2.278353
v -2.912172 3.273827 2.280947
v -2.912172 3.262771 2.273560
v -2.912172 3.260177 2.260518
v -2.912172 3.267564 2.249462
vn -0.0000 1.0000 -0.0000
vn 0.3827 0.9239 -0.0000
vn 0.7071 0.7071 -0.0000
vn 0.9239 0.3826 -0.0000
vn 0.9239 0.3827 -0.0000
vn 1.0000 -0.0000 -0.0000
vn 0.9239 -0.3827 -0.0000
vn 0.9239 -0.3826 -0.0000
vn 0.7071 -0.7071 -0.0000
vn 0.3826 -0.9239 -0.0000
vn 0.3827 -0.9239 -0.0000
vn -0.0000 -1.0000 -0.0000
vn -0.3826 -0.9239 -0.0000
vn -0.3827 -0.9239 -0.0000
vn -0.7071 -0.7071 -0.0000
vn -0.9239 -0.3827 -0.0000
vn -1.0000 -0.0000 -0.0000
vn -0.9239 0.3827 -0.0000
vn -0.7071 0.7071 -0.0000
vn -0.3827 0.9239 -0.0000
vn 0.7072 -0.7070 -0.0000
vn 0.5247 0.8513 -0.0000
vn -0.9239 0.3826 -0.0000
vn -0.9239 -0.3826 -0.0000
vn -0.0869 0.9962 -0.0058
vn 0.0869 0.9962 0.0058
vn 0.0871 0.9962 -0.0058
vn 0.0743 0.2739 0.9589
vn -0.0790 0.1856 0.9794
vn 0.0790 0.1856 0.9794
vn 0.9688 0.2478 -0.0056
vn 0.9895 0.1446 0.0061
vn 0.9895 0.1446 -0.0060
vn -0.0743 0.2738 -0.9589
vn 0.0517 0.1212 -0.9913
vn -0.0517 0.1212 -0.9913
vn -0.0000 -0.0000 1.0000
vn 0.9959 0.0904 -0.0000
vn 0.9959 -0.0904 -0.0000
vn -0.0168 0.9999 -0.0000
vn 0.0168 0.9999 -0.0000
vn -0.9959 0.0904 -0.0000
vn -0.9959 -0.0904 -0.0000
vn -0.0168 -0.9999 -0.0000
vn -0.3826 0.9239 -0.0000
vn -0.7071 0.7072 -0.0000
vn 0.0168 -0.9999 -0.0000
vn 0.3826 0.9239 -0.0000
vn -0.0000 -0.0000 -1.0000
vn -0.9959 -0.0905 -0.0000
vn -0.0169 -0.9999 -0.0000
vn 0.7072 -0.7071 -0.0000
vn -0.1916 -0.0048 -0.9815
vn 0.5556 -0.0000 -0.8315
vn -0.1951 -0.0000 -0.9808
vn 0.5580 0.0161 -0.8297
vn 0.9808 -0.0000 -0.1951
vn 0.9805 0.0288 -0.1943
vn 0.8315 -0.0000 0.5556
vn 0.8323 0.0242 0.5537
vn 0.1951 -0.0000 0.9808
vn 0.1986 0.0059 0.9801
vn -0.5556 -0.0000 0.8314
vn -0.5530 -0.0141 0.8331
vn -0.9808 -0.0000 0.1951
vn -0.9804 -0.0245 0.1957
vn -0.8315 -0.0000 -0.5556
vn -0.8302 -0.0209 -0.5571
vn 0.1986 0.0059 -0.9801
vn 0.8315 -0.0000 -0.5556
vn 0.1951 -0.0000 -0.9808
vn 0.8323 0.0246 -0.5537
vn 0.9808 -0.0000 0.1951
vn 0.9805 0.0292 0.1943
vn 0.5556 -0.0000 0.8315
vn 0.5580 0.0164 0.8297
vn -0.1951 -0.0000 0.9808
vn -0.1916 -0.0048 0.9815
vn -0.8315 -0.0000 0.5556
vn -0.8301 -0.0212 0.5571
vn -0.9808 -0.0000 -0.1951
vn -0.9803 -0.0249 -0.1957
vn -0.5556 -0.0000 -0.8314
vn -0.5530 -0.0143 -0.8331
vn -0.0743 0.2739 0.9589
vn -0.0870 0.9962 0.0058
vn -0.9688 0.2479 0.0055
vn -0.9688 0.2478 -0.0055
vn 0.9688 0.2479 0.0056
vn 0.0743 0.2740 -0.9589
vn -0.9895 0.1446 0.0061
vn -0.9895 0.1446 -0.0061
vn 0.0743 0.2740 0.9589
vn 0.9688 0.2478 -0.0055
vn 0.9895 0.1446 0.0060
vn 0.0743 0.2739 -0.9589
vn 0.9959 0.0905 -0.0000
vn 0.9959 -0.0905 -0.0000
vn -0.9959 0.0905 -0.0000
vn -0.0169 -0.9999 -0.0001
vn 0.0169 -0.9999 0.0001
vn 0.0169 -0.9999 -0.0000
vn 0.0169 0.9999 -0.0000
vn -0.0169 0.9999 0.0001
vn -0.0169 0.9999 -0.0000
vn -0.0744 0.2740 -0.9589
vn -0.9688 0.2479 -0.0056
vn -0.9895 0.1446 0.0060
vn -0.9895 0.1446 -0.0060
vn 0.0870 0.9962 -0.0058
vn 0.9688 0.2479 -0.0057
vn -0.0744 0.2739 0.9589
vn -0.0871 0.9962 0.0057
vn -0.0744 0.2739 -0.9589
vn -0.9688 0.2480 -0.0056
vn 0.9688 0.2479 0.0055
vn -0.9474 -0.2510 -0.1988
vn -0.5248 -0.1391 -0.8398
vn -0.9473 -0.2510 0.1989
vn 0.2042 0.0542 -0.9774
vn -0.5248 -0.1391 0.8398
vn 0.2042 0.0541 0.9774
vn -0.7981 -0.2115 -0.5642
vn -0.1721 -0.0456 0.9840
vn 0.5478 0.1454 0.8239
vn 0.5478 0.1454 -0.8239
vn 0.9485 0.2518 -0.1921
vn -0.7981 -0.2115 0.5642
vn 0.8083 0.2146 -0.5482
vn 0.9485 0.2518 0.1921
vn -0.1721 -0.0456 -0.9840
vn 0.8083 0.2146 0.5482
vn 0.1832 0.1052 -0.9774
vn 0.7253 0.4165 -0.5482
vn 0.7253 0.4165 0.5482
vn -0.1546 -0.0887 0.9840
vn 0.4916 0.2822 0.8238
vn -0.7162 -0.4108 0.5642
vn -0.7162 -0.4108 -0.5642
vn -0.1545 -0.0887 -0.9840
vn -0.8501 -0.4876 -0.1988
vn 0.4915 0.2822 -0.8239
vn -0.4709 -0.2702 -0.8398
vn 0.8510 0.4887 -0.1921
vn -0.8501 -0.4876 0.1988
vn 0.8510 0.4887 0.1921
vn 0.1832 0.1052 0.9774
vn -0.4709 -0.2702 0.8398
vn -0.3849 -0.3828 -0.8398
vn 0.1498 0.1492 -0.9774
vn 0.5928 0.5900 -0.5482
vn 0.6955 0.6923 0.1921
vn -0.6949 -0.6910 0.1989
vn 0.1497 0.1491 0.9774
vn -0.3849 -0.3829 0.8398
vn 0.5927 0.5900 0.5482
vn -0.1263 -0.1256 0.9840
vn 0.4018 0.3998 0.8239
vn -0.5854 -0.5822 0.5642
vn -0.5854 -0.5822 -0.5642
vn -0.1263 -0.1256 -0.9840
vn -0.6949 -0.6911 -0.1988
vn 0.4017 0.3998 -0.8239
vn 0.6955 0.6923 -0.1921
vn -0.4924 -0.8474 -0.1989
vn -0.0895 -0.1541 -0.9840
vn 0.2846 0.4901 -0.8239
vn -0.2727 -0.4694 -0.8398
vn 0.4926 0.8488 -0.1921
vn -0.4924 -0.8474 0.1988
vn -0.4148 -0.7139 -0.5642
vn 0.1061 0.1827 -0.9774
vn 0.4199 0.7233 -0.5482
vn 0.4926 0.8488 0.1921
vn 0.1061 0.1827 0.9774
vn -0.2727 -0.4694 0.8398
vn 0.4198 0.7233 0.5482
vn -0.0895 -0.1541 0.9840
vn 0.2846 0.4901 0.8239
vn -0.4148 -0.7138 0.5642
vn 0.2183 0.8073 0.5482
vn -0.0466 -0.1720 0.9840
vn 0.1480 0.5471 0.8239
vn -0.2159 -0.7969 0.5642
vn -0.2159 -0.7969 -0.5642
vn -0.0466 -0.1719 -0.9840
vn -0.2563 -0.9459 -0.1989
vn 0.1480 0.5471 -0.8239
vn -0.1419 -0.5240 -0.8398
vn 0.2562 0.9473 -0.1921
vn -0.2563 -0.9459 0.1987
vn 0.0552 0.2040 -0.9774
vn 0.2183 0.8073 -0.5482
vn 0.2562 0.9473 0.1921
vn 0.0552 0.2040 0.9774
vn -0.1419 -0.5240 0.8398
vn 0.0124 0.8319 -0.5547
vn 0.0147 0.9807 0.1947
vn -0.0123 -0.9806 0.1954
vn 0.0030 0.1968 0.9804
vn -0.0071 -0.5543 0.8323
vn 0.0030 0.1968 -0.9804
vn 0.0124 0.8319 0.5547
vn -0.0024 -0.1934 0.9811
vn 0.0082 0.5567 0.8307
vn -0.0105 -0.8309 0.5564
vn -0.0105 -0.8309 -0.5564
vn -0.0024 -0.1934 -0.9811
vn -0.0123 -0.9806 -0.1954
vn 0.0082 0.5567 -0.8306
vn -0.0071 -0.5543 -0.8323
vn 0.0147 0.9807 -0.1947
vn -0.0000 -0.9808 -0.1951
vn -0.0000 0.5556 -0.8315
vn -0.0000 -0.5556 -0.8314
vn -0.0000 0.9808 -0.1951
vn -0.0000 -0.8315 -0.5556
vn -0.0000 0.1951 -0.9808
vn -0.0000 0.9808 0.1951
vn -0.0000 -0.9808 0.1951
vn -0.0000 0.1951 0.9808
vn -0.0000 -0.5556 0.8315
vn -0.0000 0.8315 -0.5555
vn -0.0000 0.8315 0.5556
vn -0.0000 -0.1951 0.9808
vn -0.0000 0.5556 0.8315
vn -0.0000 -0.8315 0.5556
vn -0.0000 -0.1951 -0.9808
vn -0.0744 0.2738 0.9589
vn 0.9895 0.1446 -0.0061
vn -0.0743 0.2740 -0.9589
vn -0.5556 -0.0000 0.8315
vn -0.9804 -0.0246 0.1957
vn -0.1915 -0.0048 0.9815
vn -0.8301 -0.0212 0.5572
vn -0.5556 -0.0000 -0.8315
vn -0.9688 0.2480 0.0055
vn 0.0744 0.2739 -0.9589
vn -0.9474 -0.2510 0.1987
vn 0.2043 0.0542 -0.9774
vn -0.5247 -0.1391 0.8398
vn 0.2043 0.0541 0.9774
vn 0.5478 0.1453 0.8239
vn 0.9485 0.2518 -0.1920
vn -0.1722 -0.0456 -0.9840
vn -0.1546 -0.0887 -0.9840
vn 0.1497 0.1491 -0.9774
vn 0.1498 0.1492 0.9774
vn -0.6950 -0.6911 -0.1987
vn 0.4017 0.3999 -0.8239
vn -0.4924 -0.8474 -0.1988
vn 0.2846 0.4902 -0.8238
vn 0.4926 0.8488 -0.1920
vn -0.4924 -0.8474 0.1989
vn -0.0895 -0.1540 0.9840
vn -0.4148 -0.7138 0.5643
vn -0.0466 -0.1720 -0.9840
vn -0.2563 -0.9459 -0.1988
vn 0.1480 0.5472 -0.8238
vn 0.2562 0.9474 -0.1921
vn -0.2563 -0.9459 0.1989
vn 0.2183 0.8074 -0.5482
vn 0.2562 0.9474 0.1921
vn 0.0029 0.1968 0.9804
vn 0.0082 0.5568 -0.8306
vn -0.0000 -0.5556 -0.8315
vn -0.0000 0.8315 -0.5556
vn 0.7040 -0.7102 -0.0000
vn -0.7106 -0.7036 -0.0000
vn -0.6663 -0.7457 -0.0000
vn 0.7106 -0.7036 -0.0000
vn 0.6663 -0.7457 -0.0000
vn 0.3658 -0.9307 -0.0000
vn -0.0457 -0.9990 -0.0000
vn 0.0457 -0.9990 -0.0000
vn -0.3658 -0.9307 -0.0000
vn -0.7040 -0.7102 -0.0000
vn 0.2060 0.9785 -0.0000
vn 0.7102 0.7040 -0.0000
vn -0.2060 0.9785 -0.0000
vn -0.5247 0.8513 -0.0000
vn -0.7102 0.7040 -0.0000
vn 0.3657 -0.9307 -0.0000
vn -0.3657 -0.9307 -0.0000
vn 0.2061 0.9785 -0.0000
vn -0.2061 0.9785 -0.0000
vn -0.6662 -0.7457 -0.0000
vn -0.0001 0.0001 1.0000
vn 0.0001 -0.0000 1.0000
vn -0.0002 0.0002 1.0000
vn 0.0002 -0.0001 1.0000
vn 0.0002 0.0001 1.0000
vn -0.0001 -0.0000 -1.0000
vn 0.0001 -0.0000 -1.0000
vn 0.0001 -0.0002 1.0000
vn -0.0002 0.0001 1.0000
vn 0.0003 0.0001 1.0000
vn -0.0001 -0.0000 1.0000
vn 0.2060 0.9785 -0.0001
vt 0.059060 0.536872
vt 0.947161 0.600653
vt 0.947161 0.536871
vt 0.059060 0.627246
vt 0.947161 0.691028
vt 0.947161 0.627246
vt 0.059060 0.711382
vt 0.947161 0.775163
vt 0.947161 0.711381
vt 0.059060 0.786178
vt 0.947161 0.849959
vt 0.947161 0.786178
vt 0.948964 0.394802
vt 0.054453 0.449551
vt 0.054453 0.394801
vt 0.948964 0.440097
vt 0.054453 0.494847
vt 0.054453 0.440096
vt 0.948964 0.477376
vt 0.054453 0.532126
vt 0.054453 0.477375
vt 0.948964 0.509298
vt 0.054453 0.564048
vt 0.054453 0.509298
vt 0.948964 0.539340
vt 0.054453 0.594091
vt 0.054453 0.539340
vt 0.948964 0.571264
vt 0.054453 0.626014
vt 0.054453 0.571263
vt 0.948964 0.608542
vt 0.054453 0.663293
vt 0.054453 0.608542
vt 0.948964 0.653837
vt 0.054453 0.708588
vt 0.054453 0.653838
vt 0.059060 0.195000
vt 0.947161 0.258781
vt 0.947160 0.194999
vt 0.059060 0.269796
vt 0.947161 0.333578
vt 0.947161 0.269797
vt 0.059060 0.353932
vt 0.947161 0.417713
vt 0.947161 0.353931
vt 0.059060 0.444305
vt 0.947161 0.508087
vt 0.947161 0.444306
vt 0.364970 0.000189
vt 0.352763 0.489106
vt 0.352763 0.000189
vt 0.466692 0.351565
vt 0.448538 0.634220
vt 0.448597 0.351446
vt 0.447119 1.418384
vt 0.479036 1.361169
vt 0.479036 1.418384
vt 0.447119 0.461723
vt 0.479036 -0.359300
vt 0.479036 0.461723
vt 0.447119 0.526008
vt 0.479036 0.468792
vt 0.479036 0.526008
vt 0.564000 0.600290
vt 0.541336 0.591644
vt 0.528927 0.570518
vt 0.478357 0.651749
vt 0.438574 0.642460
vt 0.478357 0.642460
vt 0.478357 0.453372
vt 0.438574 0.369013
vt 0.478357 0.369013
vt 0.438574 0.485185
vt 0.478357 0.494474
vt 0.438574 0.494474
vt 0.575831 0.598175
vt 0.596962 0.587919
vt 0.605715 0.566131
vt 0.438574 0.526288
vt 0.478357 0.518334
vt 0.478357 0.526288
vt 0.438574 0.518334
vt 0.478357 0.510381
vt 0.438574 0.510381
vt 0.478357 0.502428
vt 0.438574 0.502428
vt 0.438574 0.461325
vt 0.438574 0.453372
vt 0.478357 0.461325
vt 0.438574 0.469279
vt 0.478357 0.469279
vt 0.438574 0.477232
vt 0.478357 0.477232
vt 0.478357 0.610647
vt 0.438574 0.618600
vt 0.438574 0.610647
vt 0.478357 0.618600
vt 0.438574 0.626553
vt 0.478357 0.626553
vt 0.438574 0.634507
vt 0.478357 0.634507
vt 0.478357 0.361059
vt 0.438574 0.361059
vt 0.478357 0.353106
vt 0.438574 0.353106
vt 0.478357 0.345153
vt 0.438574 0.345153
vt 0.478357 0.337199
vt 0.532328 0.566131
vt 0.479286 0.343362
vt 0.437433 0.352256
vt 0.437433 0.343362
vt 0.437433 0.382719
vt 0.479286 0.463496
vt 0.437433 0.463496
vt 0.437433 0.502854
vt 0.479286 0.493959
vt 0.479286 0.502854
vt 0.608939 0.571123
vt 0.437433 0.525701
vt 0.479286 0.533316
vt 0.437433 0.533316
vt 0.479286 0.518085
vt 0.479286 0.525701
vt 0.437433 0.510469
vt 0.437433 0.518085
vt 0.479286 0.510469
vt 0.437433 0.471112
vt 0.479286 0.478728
vt 0.479286 0.471112
vt 0.479286 0.486343
vt 0.437433 0.478728
vt 0.437433 0.493959
vt 0.437433 0.486343
vt 0.479286 0.621709
vt 0.437433 0.614094
vt 0.479286 0.614094
vt 0.479286 0.629325
vt 0.437433 0.621709
vt 0.479286 0.636940
vt 0.437433 0.629325
vt 0.437433 0.644556
vt 0.437433 0.636940
vt 0.479286 0.375103
vt 0.479286 0.382719
vt 0.437433 0.367488
vt 0.437433 0.375103
vt 0.437433 0.359872
vt 0.479286 0.367488
vt 0.479286 0.359872
vt 0.234091 0.782712
vt 0.252096 0.999477
vt 0.232222 0.999338
vt 0.254075 0.784652
vt 0.272165 0.999626
vt 0.273835 0.785830
vt 0.292347 0.999747
vt 0.293553 0.785877
vt 0.312486 0.999826
vt 0.152465 0.784057
vt 0.172998 0.999245
vt 0.153057 0.999300
vt 0.172308 0.781945
vt 0.192805 0.999217
vt 0.192815 0.780711
vt 0.212501 0.999245
vt 0.213645 0.781054
vt 0.200319 0.785124
vt 0.219248 0.995187
vt 0.199475 0.995140
vt 0.220117 0.786771
vt 0.239186 0.995235
vt 0.239791 0.787390
vt 0.259159 0.995256
vt 0.098927 0.787185
vt 0.121149 0.995572
vt 0.101423 0.995808
vt 0.118479 0.784840
vt 0.140849 0.995360
vt 0.138656 0.782849
vt 0.160390 0.995208
vt 0.159426 0.782230
vt 0.179886 0.995137
vt 0.180121 0.783222
vt 0.467297 0.637125
vt 0.466633 0.634339
vt 0.469392 0.635063
vt 0.467317 0.348697
vt 0.469392 0.350805
vt 0.447913 0.637088
vt 0.445838 0.634980
vt 0.445838 0.350722
vt 0.447933 0.348659
vt 0.447119 1.361169
vt 0.479036 1.354100
vt 0.479036 0.533076
vt 0.447119 0.533076
vt 0.447119 0.468792
vt 0.479036 1.425453
vt 0.447119 1.425453
vt 0.447119 1.354100
vt 0.479286 0.644556
vt 0.159019 0.724710
vt 0.181380 0.724882
vt 0.191703 0.723642
vt 0.202415 0.725326
vt 0.169591 0.724540
vt 0.314038 0.725707
vt 0.313173 0.784909
vt 0.214235 0.723612
vt 0.114658 0.726590
vt 0.260845 0.726776
vt 0.259234 0.786948
vt 0.256026 0.724331
vt 0.275333 0.724599
vt 0.136325 0.725452
vt 0.222224 0.725748
vt 0.241509 0.726097
vt 0.235818 0.723930
vt 0.294455 0.725208
vt 0.203119 0.664042
vt 0.223576 0.664330
vt 0.296271 0.664446
vt 0.094463 0.727906
vt 0.111986 0.665456
vt 0.263334 0.665421
vt 0.134548 0.664463
vt 0.213710 0.663162
vt 0.236024 0.663299
vt 0.158115 0.663734
vt 0.256855 0.663542
vt 0.181319 0.663772
vt 0.276673 0.663754
vt 0.190407 0.663297
vt 0.243413 0.664653
vt 0.316440 0.665174
vt 0.148887 0.725698
vt 0.167484 0.664158
vt 0.181172 0.600527
vt 0.203680 0.600766
vt 0.224796 0.601014
vt 0.245271 0.601298
vt 0.189041 0.600800
vt 0.319076 0.602629
vt 0.146006 0.665213
vt 0.165370 0.601653
vt 0.298246 0.601876
vt 0.091044 0.666567
vt 0.109544 0.602112
vt 0.265845 0.602044
vt 0.132869 0.601189
vt 0.213088 0.600654
vt 0.236109 0.600764
vt 0.157212 0.600493
vt 0.257593 0.600980
vt 0.278029 0.601175
vt 0.156386 0.535335
vt 0.236136 0.536343
vt 0.258258 0.536500
vt 0.181002 0.535385
vt 0.279320 0.536629
vt 0.187712 0.536367
vt 0.212448 0.536256
vt 0.204142 0.535569
vt 0.225876 0.535725
vt 0.246980 0.535907
vt 0.321702 0.537998
vt 0.143174 0.602690
vt 0.163337 0.537150
vt 0.300182 0.537283
vt 0.087891 0.603138
vt 0.107358 0.536722
vt 0.268226 0.536559
vt 0.131371 0.535952
vt 0.301843 0.470512
vt 0.085010 0.537565
vt 0.105926 0.469572
vt 0.270167 0.468885
vt 0.130387 0.469306
vt 0.211752 0.470384
vt 0.235939 0.470250
vt 0.155699 0.468896
vt 0.258646 0.470098
vt 0.180654 0.468845
vt 0.280330 0.469973
vt 0.186621 0.470452
vt 0.204255 0.468710
vt 0.226527 0.468518
vt 0.248196 0.468420
vt 0.324136 0.471193
vt 0.140433 0.538080
vt 0.161784 0.470913
vt 0.225454 0.398405
vt 0.248344 0.397867
vt 0.186298 0.405721
vt 0.326630 0.401923
vt 0.138273 0.471315
vt 0.162422 0.404716
vt 0.202306 0.400241
vt 0.303306 0.400213
vt 0.082997 0.469777
vt 0.107286 0.402036
vt 0.271424 0.398799
vt 0.131050 0.403700
vt 0.210168 0.405064
vt 0.233949 0.403077
vt 0.154890 0.403969
vt 0.257300 0.400956
vt 0.178724 0.402512
vt 0.280336 0.399823
vt 0.150925 -0.187709
vt 0.253295 -0.187650
vt 0.173518 -0.187421
vt 0.277164 -0.187396
vt 0.206646 -0.188774
vt 0.196450 -0.186855
vt 0.243788 -0.186482
vt 0.183866 -0.188876
vt 0.324966 -0.187738
vt 0.138835 0.402920
vt 0.161032 -0.188454
vt 0.220070 -0.186437
vt 0.301140 -0.187689
vt 0.084108 0.400165
vt 0.105619 -0.186755
vt 0.267140 -0.186516
vt 0.128378 -0.187457
vt 0.229646 -0.188243
vt 0.095991 0.782712
vt 0.113996 0.999477
vt 0.094122 0.999338
vt 0.115975 0.784652
vt 0.134066 0.999626
vt 0.135735 0.785830
vt 0.154247 0.999747
vt 0.155454 0.785877
vt 0.174387 0.999827
vt 0.014365 0.784057
vt 0.034898 0.999245
vt 0.014957 0.999300
vt 0.034208 0.781945
vt 0.054705 0.999217
vt 0.054715 0.780711
vt 0.074401 0.999246
vt 0.075546 0.781054
vt 0.191281 0.785117
vt 0.210213 0.995189
vt 0.190439 0.995142
vt 0.211079 0.786764
vt 0.230151 0.995237
vt 0.230754 0.787382
vt 0.250126 0.995257
vt 0.089886 0.787178
vt 0.112109 0.995575
vt 0.092383 0.995811
vt 0.109439 0.784834
vt 0.131810 0.995362
vt 0.129616 0.782843
vt 0.151352 0.995211
vt 0.150387 0.782223
vt 0.170849 0.995139
vt 0.171083 0.783215
vt 0.149979 0.724702
vt 0.172341 0.724873
vt 0.053603 0.723642
vt 0.193376 0.725317
vt 0.031492 0.724540
vt 0.175938 0.725707
vt 0.175073 0.784909
vt 0.076136 0.723612
vt 0.105618 0.726582
vt 0.251808 0.726766
vt 0.250199 0.786940
vt 0.117927 0.724331
vt 0.137234 0.724599
vt 0.127285 0.725444
vt 0.213186 0.725739
vt 0.232471 0.726088
vt 0.097718 0.723930
vt 0.156356 0.725208
vt 0.194080 0.664032
vt 0.214537 0.664320
vt 0.158172 0.664446
vt 0.085422 0.727897
vt 0.102945 0.665446
vt 0.254295 0.665410
vt 0.125508 0.664453
vt 0.075611 0.663162
vt 0.097924 0.663299
vt 0.149075 0.663724
vt 0.118756 0.663542
vt 0.172279 0.663763
vt 0.138574 0.663754
vt 0.052307 0.663297
vt 0.234374 0.664642
vt 0.178340 0.665174
vt 0.010788 0.725698
vt 0.029384 0.664158
vt 0.172132 0.600516
vt 0.194640 0.600756
vt 0.215756 0.601003
vt 0.236231 0.601287
vt 0.050941 0.600800
vt 0.180977 0.602629
vt 0.007906 0.665213
vt 0.027270 0.601653
vt 0.160147 0.601876
vt 0.082003 0.666557
vt 0.100504 0.602101
vt 0.256805 0.602032
vt 0.123828 0.601179
vt 0.074988 0.600654
vt 0.098009 0.600764
vt 0.148171 0.600483
vt 0.119494 0.600980
vt 0.139930 0.601175
vt 0.147346 0.535325
vt 0.098036 0.536343
vt 0.120158 0.536500
vt 0.171961 0.535375
vt 0.141221 0.536628
vt 0.049613 0.536367
vt 0.074348 0.536256
vt 0.195101 0.535559
vt 0.216835 0.535714
vt 0.237939 0.535896
vt 0.183603 0.537998
vt 0.005074 0.602690
vt 0.025237 0.537150
vt 0.162083 0.537283
vt 0.078851 0.603128
vt 0.098318 0.536712
vt 0.259185 0.536548
vt 0.122330 0.535942
vt 0.163744 0.470512
vt 0.075970 0.537554
vt 0.096886 0.469563
vt 0.261125 0.468874
vt 0.121347 0.469297
vt 0.073652 0.470384
vt 0.097840 0.470250
vt 0.146658 0.468887
vt 0.120547 0.470098
vt 0.171613 0.468836
vt 0.142231 0.469973
vt 0.048521 0.470452
vt 0.195214 0.468700
vt 0.217485 0.468508
vt 0.239154 0.468410
vt 0.186037 0.471193
vt 0.002333 0.538080
vt 0.023684 0.470913
vt 0.216412 0.398396
vt 0.239302 0.397858
vt 0.048198 0.405721
vt 0.188531 0.401923
vt 0.000173 0.471315
vt 0.024322 0.404716
vt 0.193265 0.400233
vt 0.165206 0.400213
vt 0.073957 0.469768
vt 0.098246 0.402028
vt 0.262381 0.398791
vt 0.122010 0.403692
vt 0.072068 0.405064
vt 0.095849 0.403077
vt 0.145849 0.403960
vt 0.119200 0.400956
vt 0.169684 0.402503
vt 0.142236 0.399823
vt 0.141883 -0.187705
vt 0.115195 -0.187650
vt 0.164476 -0.187416
vt 0.139064 -0.187396
vt 0.068546 -0.188773
vt 0.187408 -0.186851
vt 0.234744 -0.186477
vt 0.045766 -0.188875
vt 0.186866 -0.187738
vt 0.000735 0.402920
vt 0.022932 -0.188454
vt 0.211027 -0.186433
vt 0.163040 -0.187689
vt 0.075069 0.400156
vt 0.096578 -0.186750
vt 0.258096 -0.186512
vt 0.119337 -0.187453
vt 0.091546 -0.188243
vt 0.000043 0.999957
vt 0.006134 0.000043
vt 0.006134 0.999957
vt 0.313863 0.000081
vt 0.247834 0.999944
vt 0.247834 0.000081
vt 0.000056 0.999919
vt 0.066085 0.000056
vt 0.066086 0.999919
vt 0.089283 0.000056
vt 0.194350 0.999781
vt 0.119490 0.999754
vt 0.113872 0.993740
vt 0.224636 0.999944
vt 0.200048 0.006260
vt 0.224636 0.000081
vt 0.089283 0.999919
vt 0.146844 0.174770
vt 0.146844 0.100292
vt 0.152926 0.099972
vt 0.076537 0.174770
vt 0.076537 0.100292
vt 0.082619 0.099972
vt 0.012312 0.000043
vt 0.006221 0.999957
vt 0.006221 0.000043
vt 0.190957 0.999819
vt 0.190957 0.000181
vt 0.217248 0.006159
vt 0.124063 0.999716
vt 0.190799 0.000079
vt 0.190799 0.999716
vt 0.118063 0.006159
vt 0.091772 0.999819
vt 0.091772 0.000181
vt 0.066814 0.999819
vt 0.066815 0.000181
vt 0.000079 0.999819
vt 0.000079 0.000181
vt 0.118063 0.993841
vt 0.059060 0.600653
vt 0.059060 0.691028
vt 0.059060 0.775163
vt 0.059060 0.849959
vt 0.948964 0.449552
vt 0.948964 0.494848
vt 0.948964 0.532126
vt 0.948964 0.564049
vt 0.948964 0.594091
vt 0.948964 0.626014
vt 0.948964 0.663293
vt 0.948964 0.708588
vt 0.059060 0.258782
vt 0.059060 0.333578
vt 0.059060 0.417713
vt 0.059060 0.508088
vt 0.364970 0.489106
vt 0.447119 -0.359300
vt 0.528695 0.443625
vt 0.608727 0.443625
vt 0.531175 0.431809
vt 0.561285 0.412066
vt 0.576137 0.412066
vt 0.538240 0.421792
vt 0.548813 0.415099
vt 0.588609 0.415099
vt 0.599182 0.421792
vt 0.606247 0.431809
vt 0.604306 0.583145
vt 0.573824 0.600290
vt 0.596568 0.591711
vt 0.585986 0.597721
vt 0.551838 0.597721
vt 0.532664 0.581331
vt 0.438574 0.651749
vt 0.478357 0.485185
vt 0.605715 0.446324
vt 0.532328 0.446324
vt 0.603223 0.434750
vt 0.575831 0.414787
vt 0.562213 0.414787
vt 0.596528 0.425189
vt 0.587267 0.418292
vt 0.550776 0.417857
vt 0.541081 0.424537
vt 0.534603 0.434533
vt 0.534603 0.577923
vt 0.562213 0.598175
vt 0.541081 0.587919
vt 0.550776 0.594598
vt 0.587267 0.594598
vt 0.603440 0.577923
vt 0.438574 0.337199
vt 0.479286 0.352256
vt 0.137892 -0.188336
vt 0.082504 -0.186502
vt -0.000208 -0.188336
vt 0.073464 -0.186497
vt 0.000043 0.000043
vt 0.313863 0.999944
vt 0.000056 0.000056
vt 0.113938 0.006249
vt 0.119569 0.000219
vt 0.194429 0.000246
vt 0.199982 0.993751
vt 0.129631 0.050827
vt 0.082706 0.004369
vt 0.086994 0.000043
vt 0.134401 0.047039
vt 0.147500 0.068292
vt 0.141844 0.070550
vt 0.152926 0.175090
vt 0.147500 0.206771
vt 0.141844 0.204512
vt 0.134401 0.228023
vt 0.086994 0.275019
vt 0.129631 0.224236
vt 0.082706 0.270693
vt 0.059324 0.050827
vt 0.012399 0.004369
vt 0.016687 0.000043
vt 0.064094 0.047039
vt 0.077193 0.068292
vt 0.071537 0.070550
vt 0.082619 0.175090
vt 0.077193 0.206771
vt 0.071537 0.204512
vt 0.064094 0.228023
vt 0.016687 0.275019
vt 0.059324 0.224236
vt 0.012399 0.270694
vt 0.012312 0.999957
vt 0.217248 0.993841
vt 0.223090 0.999921
vt 0.223090 0.000079
vt 0.124063 0.000079
vt 0.123905 0.999921
vt 0.123905 0.000079
s 1
usemtl mat_garage_lamp
f 14/1/1 15/2/2 13/3/1
f 16/4/2 17/5/3 15/6/2
f 18/7/3 19/8/4 17/9/3
f 20/10/5 21/11/6 19/12/4
f 22/13/6 23/14/7 21/15/6
f 24/16/8 25/17/9 23/18/7
f 26/19/9 27/20/10 25/21/9
f 28/22/11 29/23/12 27/24/10
f 30/25/12 31/26/13 29/27/12
f 32/28/14 33/29/15 31/30/13
f 34/31/15 35/32/16 33/33/15
f 36/34/16 37/35/17 35/36/16
f 38/37/17 39/38/18 37/39/17
f 40/40/18 41/41/19 39/42/18
f 42/43/19 43/44/20 41/45/19
f 44/46/20 13/47/1 43/48/20
f 45/46/20 76/47/1 46/48/20
f 47/43/19 46/44/20 48/45/19
f 49/40/18 48/41/19 50/42/18
f 51/37/17 50/38/18 52/39/17
f 53/34/16 52/35/17 54/36/16
f 55/31/15 54/32/16 56/33/15
f 57/28/14 56/29/15 58/30/13
f 59/25/12 58/26/13 60/27/12
f 61/22/11 60/23/12 62/24/11
f 63/19/9 62/20/11 64/21/21
f 65/16/7 64/17/21 66/18/7
f 67/13/6 66/14/7 68/15/6
f 69/10/5 68/11/6 70/12/5
f 71/7/3 70/8/5 72/9/3
f 73/4/2 72/5/3 74/6/2
f 75/1/1 74/2/2 76/3/1
f 9/49/22 12/50/22 10/51/22
f 242/1/1 243/2/2 241/3/1
f 244/4/2 245/5/3 243/6/2
f 246/7/3 247/8/5 245/9/3
f 248/10/5 249/11/6 247/12/5
f 250/13/6 251/14/7 249/15/6
f 252/16/7 253/17/9 251/18/7
f 254/19/9 255/20/11 253/21/9
f 256/22/11 257/23/12 255/24/11
f 258/25/12 259/26/14 257/27/12
f 260/28/14 261/29/15 259/30/14
f 262/31/15 263/32/16 261/33/15
f 264/34/16 265/35/17 263/36/16
f 266/37/17 267/38/18 265/39/17
f 268/40/18 269/41/19 267/42/18
f 270/43/19 271/44/20 269/45/19
f 272/46/20 241/47/1 271/48/20
f 273/46/20 304/47/1 274/48/20
f 275/43/19 274/44/20 276/45/19
f 277/40/18 276/41/19 278/42/23
f 279/37/17 278/38/23 280/39/17
f 281/34/24 280/35/17 282/36/24
f 283/31/15 282/32/24 284/33/15
f 285/28/14 284/29/15 286/30/14
f 287/25/12 286/26/14 288/27/12
f 289/22/11 288/23/12 290/24/11
f 291/19/9 290/20/11 292/21/9
f 293/16/7 292/17/9 294/18/7
f 295/13/6 294/14/7 296/15/6
f 297/10/5 296/11/6 298/12/5
f 299/7/3 298/8/5 300/9/3
f 301/4/2 300/5/3 302/6/2
f 303/1/1 302/2/2 304/3/1
f 237/49/22 240/50/22 238/51/22
f 438/1/1 439/2/2 437/3/1
f 440/4/2 441/5/3 439/6/2
f 442/7/3 443/8/5 441/9/3
f 444/10/5 445/11/6 443/12/5
f 446/13/6 447/14/7 445/15/6
f 448/16/7 449/17/9 447/18/7
f 450/19/9 451/20/11 449/21/9
f 452/22/11 453/23/12 451/24/11
f 454/25/12 455/26/14 453/27/12
f 456/28/14 457/29/15 455/30/14
f 458/31/15 459/32/16 457/33/15
f 460/34/16 461/35/17 459/36/16
f 462/37/17 463/38/18 461/39/17
f 464/40/18 465/41/19 463/42/18
f 466/43/19 467/44/20 465/45/19
f 468/46/20 437/47/1 467/48/20
f 469/46/20 500/47/1 470/48/20
f 471/43/19 470/44/20 472/45/19
f 473/40/18 472/41/19 474/42/23
f 475/37/17 474/38/23 476/39/17
f 477/34/24 476/35/17 478/36/24
f 479/31/15 478/32/24 480/33/15
f 481/28/14 480/29/15 482/30/14
f 483/25/12 482/26/14 484/27/12
f 485/22/11 484/23/12 486/24/11
f 487/19/9 486/20/11 488/21/9
f 489/16/7 488/17/9 490/18/7
f 491/13/6 490/14/7 492/15/6
f 493/10/5 492/11/6 494/12/5
f 495/7/3 494/8/5 496/9/3
f 497/4/2 496/5/3 498/6/2
f 499/1/1 498/2/2 500/3/1
f 433/49/22 436/50/22 434/51/22
f 746/1/1 747/2/2 745/3/1
f 748/4/2 749/5/3 747/6/2
f 750/7/3 751/8/4 749/9/3
f 752/10/5 753/11/6 751/12/4
f 754/13/6 755/14/7 753/15/6
f 756/16/8 757/17/9 755/18/7
f 758/19/9 759/20/10 757/21/9
f 760/22/11 761/23/12 759/24/10
f 762/25/12 763/26/13 761/27/12
f 764/28/14 765/29/15 763/30/13
f 766/31/15 767/32/16 765/33/15
f 768/34/16 769/35/17 767/36/16
f 770/37/17 771/38/18 769/39/17
f 772/40/18 773/41/19 771/42/18
f 774/43/19 775/44/20 773/45/19
f 776/46/20 745/47/1 775/48/20
f 777/46/20 808/47/1 778/48/20
f 779/43/19 778/44/20 780/45/19
f 781/40/18 780/41/19 782/42/18
f 783/37/17 782/38/18 784/39/17
f 785/34/16 784/35/17 786/36/16
f 787/31/15 786/32/16 788/33/15
f 789/28/14 788/29/15 790/30/13
f 791/25/12 790/26/13 792/27/12
f 793/22/11 792/23/12 794/24/11
f 795/19/9 794/20/11 796/21/21
f 797/16/7 796/17/21 798/18/7
f 799/13/6 798/14/7 800/15/6
f 801/10/5 800/11/6 802/12/5
f 803/7/3 802/8/5 804/9/3
f 805/4/2 804/5/3 806/6/2
f 807/1/1 806/2/2 808/3/1
f 741/49/22 744/50/22 742/51/22
f 14/1/1 16/529/2 15/2/2
f 16/4/2 18/530/3 17/5/3
f 18/7/3 20/531/5 19/8/4
f 20/10/5 22/532/6 21/11/6
f 22/13/6 24/533/8 23/14/7
f 24/16/8 26/534/9 25/17/9
f 26/19/9 28/535/11 27/20/10
f 28/22/11 30/536/12 29/23/12
f 30/25/12 32/537/14 31/26/13
f 32/28/14 34/538/15 33/29/15
f 34/31/15 36/539/16 35/32/16
f 36/34/16 38/540/17 37/35/17
f 38/37/17 40/541/18 39/38/18
f 40/40/18 42/542/19 41/41/19
f 42/43/19 44/543/20 43/44/20
f 44/46/20 14/544/1 13/47/1
f 45/46/20 75/544/1 76/47/1
f 47/43/19 45/543/20 46/44/20
f 49/40/18 47/542/19 48/41/19
f 51/37/17 49/541/18 50/38/18
f 53/34/16 51/540/17 52/35/17
f 55/31/15 53/539/16 54/32/16
f 57/28/14 55/538/15 56/29/15
f 59/25/12 57/537/14 58/26/13
f 61/22/11 59/536/12 60/23/12
f 63/19/9 61/535/11 62/20/11
f 65/16/7 63/534/9 64/17/21
f 67/13/6 65/533/7 66/14/7
f 69/10/5 67/532/6 68/11/6
f 71/7/3 69/531/5 70/8/5
f 73/4/2 71/530/3 72/5/3
f 75/1/1 73/529/2 74/2/2
f 9/49/22 11/545/22 12/50/22
f 242/1/1 244/529/2 243/2/2
f 244/4/2 246/530/3 245/5/3
f 246/7/3 248/531/5 247/8/5
f 248/10/5 250/532/6 249/11/6
f 250/13/6 252/533/7 251/14/7
f 252/16/7 254/534/9 253/17/9
f 254/19/9 256/535/11 255/20/11
f 256/22/11 258/536/12 257/23/12
f 258/25/12 260/537/14 259/26/14
f 260/28/14 262/538/15 261/29/15
f 262/31/15 264/539/16 263/32/16
f 264/34/16 266/540/17 265/35/17
f 266/37/17 268/541/18 267/38/18
f 268/40/18 270/542/19 269/41/19
f 270/43/19 272/543/20 271/44/20
f 272/46/20 242/544/1 241/47/1
f 273/46/20 303/544/1 304/47/1
f 275/43/19 273/543/20 274/44/20
f 277/40/18 275/542/19 276/41/19
f 279/37/17 277/541/18 278/38/23
f 281/34/24 279/540/17 280/35/17
f 283/31/15 281/539/24 282/32/24
f 285/28/14 283/538/15 284/29/15
f 287/25/12 285/537/14 286/26/14
f 289/22/11 287/536/12 288/23/12
f 291/19/9 289/535/11 290/20/11
f 293/16/7 291/534/9 292/17/9
f 295/13/6 293/533/7 294/14/7
f 297/10/5 295/532/6 296/11/6
f 299/7/3 297/531/5 298/8/5
f 301/4/2 299/530/3 300/5/3
f 303/1/1 301/529/2 302/2/2
f 237/49/22 239/545/22 240/50/22
f 438/1/1 440/529/2 439/2/2
f 440/4/2 442/530/3 441/5/3
f 442/7/3 444/531/5 443/8/5
f 444/10/5 446/532/6 445/11/6
f 446/13/6 448/533/7 447/14/7
f 448/16/7 450/534/9 449/17/9
f 450/19/9 452/535/11 451/20/11
f 452/22/11 454/536/12 453/23/12
f 454/25/12 456/537/14 455/26/14
f 456/28/14 458/538/15 457/29/15
f 458/31/15 460/539/16 459/32/16
f 460/34/16 462/540/17 461/35/17
f 462/37/17 464/541/18 463/38/18
f 464/40/18 466/542/19 465/41/19
f 466/43/19 468/543/20 467/44/20
f 468/46/20 438/544/1 437/47/1
f 469/46/20 499/544/1 500/47/1
f 471/43/19 469/543/20 470/44/20
f 473/40/18 471/542/19 472/41/19
f 475/37/17 473/541/18 474/38/23
f 477/34/24 475/540/17 476/35/17
f 479/31/15 477/539/24 478/32/24
f 481/28/14 479/538/15 480/29/15
f 483/25/12 481/537/14 482/26/14
f 485/22/11 483/536/12 484/23/12
f 487/19/9 485/535/11 486/20/11
f 489/16/7 487/534/9 488/17/9
f 491/13/6 489/533/7 490/14/7
f 493/10/5 491/532/6 492/11/6
f 495/7/3 493/531/5 494/8/5
f 497/4/2 495/530/3 496/5/3
f 499/1/1 497/529/2 498/2/2
f 433/49/22 435/545/22 436/50/22
f 746/1/1 748/529/2 747/2/2
f 748/4/2 750/530/3 749/5/3
f 750/7/3 752/531/5 751/8/4
f 752/10/5 754/532/6 753/11/6
f 754/13/6 756/533/8 755/14/7
f 756/16/8 758/534/9 757/17/9
f 758/19/9 760/535/11 759/20/10
f 760/22/11 762/536/12 761/23/12
f 762/25/12 764/537/14 763/26/13
f 764/28/14 766/538/15 765/29/15
f 766/31/15 768/539/16 767/32/16
f 768/34/16 770/540/17 769/35/17
f 770/37/17 772/541/18 771/38/18
f 772/40/18 774/542/19 773/41/19
f 774/43/19 776/543/20 775/44/20
f 776/46/20 746/544/1 745/47/1
f 777/46/20 807/544/1 808/47/1
f 779/43/19 777/543/20 778/44/20
f 781/40/18 779/542/19 780/41/19
f 783/37/17 781/541/18 782/38/18
f 785/34/16 783/540/17 784/35/17
f 787/31/15 785/539/16 786/32/16
f 789/28/14 787/538/15 788/29/15
f 791/25/12 789/537/14 790/26/13
f 793/22/11 791/536/12 792/23/12
f 795/19/9 793/535/11 794/20/11
f 797/16/7 795/534/9 796/17/21
f 799/13/6 797/533/7 798/14/7
f 801/10/5 799/532/6 800/11/6
f 803/7/3 801/531/5 802/8/5
f 805/4/2 803/530/3 804/5/3
f 807/1/1 805/529/2 806/2/2
f 741/49/22 743/545/22 744/50/22
usemtl trim_garage_metal_red
f 173/52/25 178/53/26 183/54/27
f 179/55/28 166/56/29 177/57/30
f 184/58/31 176/59/32 182/60/33
f 174/61/34 181/62/35 172/63/36
f 77/64/37 80/65/37 78/66/37
f 103/67/38 91/68/39 213/69/39
f 209/70/40 96/71/41 215/72/41
f 83/73/42 206/74/43 77/75/43
f 219/76/37 115/77/37 114/78/37
f 78/79/44 208/80/14 207/81/44
f 81/82/13 87/83/15 208/80/14
f 80/84/15 88/85/24 87/83/15
f 79/86/16 206/74/43 88/85/24
f 209/70/40 84/87/20 82/88/40
f 210/89/45 85/90/19 84/87/20
f 211/91/46 86/92/23 85/90/19
f 212/93/18 83/73/42 86/92/23
f 100/94/47 92/95/11 90/96/47
f 214/97/10 93/98/9 92/95/11
f 102/99/9 94/100/7 93/98/9
f 101/101/7 91/68/39 94/100/7
f 96/71/41 218/102/2 215/72/41
f 99/103/48 217/104/3 218/102/2
f 98/105/3 216/106/5 217/104/3
f 97/107/5 103/108/38 216/106/5
f 100/94/47 78/79/44 207/81/44
f 105/78/49 104/76/49 109/109/49
f 120/110/39 225/111/38 224/112/39
f 226/113/41 109/114/40 117/115/40
f 219/116/43 110/117/42 104/118/50
f 207/66/49 206/64/49 209/119/49
f 220/120/13 105/121/51 114/122/44
f 220/120/13 107/123/15 108/124/14
f 116/125/24 107/123/15 115/126/15
f 219/116/43 106/127/24 116/125/24
f 109/114/40 222/128/45 117/115/40
f 112/129/19 222/128/45 111/130/20
f 113/131/23 223/132/19 112/129/19
f 113/131/23 221/133/42 118/134/23
f 121/135/11 129/136/47 119/137/47
f 122/138/52 132/139/10 121/135/11
f 123/140/8 131/141/9 122/138/52
f 123/140/8 224/142/39 130/143/7
f 226/113/41 128/144/48 125/145/41
f 228/146/3 128/144/48 133/147/2
f 227/148/5 127/149/3 228/146/3
f 225/111/38 126/150/5 227/148/5
f 105/121/51 129/136/47 114/122/44
f 149/151/53 134/152/54 148/153/55
f 135/154/56 136/155/57 134/152/54
f 137/156/58 138/157/59 136/155/57
f 139/158/60 140/159/61 138/157/59
f 141/160/62 142/161/63 140/162/61
f 143/163/64 144/164/65 142/161/63
f 145/165/66 146/166/67 144/164/65
f 147/167/68 148/153/55 146/166/67
f 151/168/69 152/169/70 150/170/71
f 153/171/72 154/172/73 152/169/70
f 155/173/74 156/174/75 154/172/73
f 157/175/76 158/176/77 156/177/75
f 159/178/78 160/179/79 158/176/77
f 161/180/80 162/181/81 160/179/79
f 163/182/82 165/183/83 162/181/81
f 164/184/84 150/170/71 165/183/83
f 168/185/85 169/186/86 170/187/87
f 173/52/25 174/188/34 175/189/88
f 178/53/26 179/190/28 180/191/89
f 183/54/27 184/192/31 185/193/90
f 168/194/85 167/195/91 166/56/29
f 173/52/25 170/187/87 169/186/86
f 174/61/34 171/196/92 175/197/88
f 173/52/25 185/193/90 174/188/34
f 182/60/33 185/198/90 184/58/31
f 178/53/26 184/192/31 183/54/27
f 179/55/28 176/199/32 180/200/89
f 169/186/86 179/190/28 178/53/26
f 170/201/87 171/196/92 167/195/91
f 369/52/25 374/53/26 379/54/27
f 375/55/93 362/56/29 373/57/30
f 380/58/94 372/59/95 378/60/33
f 368/63/36 381/198/96 377/62/35
f 305/64/37 308/65/37 306/66/37
f 331/67/97 319/68/98 409/69/98
f 405/70/40 324/71/41 411/72/41
f 311/73/99 402/74/50 305/75/50
f 415/76/37 343/77/37 342/78/37
f 306/79/100 404/80/14 403/81/51
f 309/82/14 315/83/15 404/80/14
f 308/84/15 316/85/16 315/83/15
f 307/86/16 402/74/50 316/85/16
f 405/70/40 312/87/20 310/88/40
f 406/89/20 313/90/19 312/87/20
f 407/91/19 314/92/18 313/90/19
f 408/93/18 311/73/99 314/92/18
f 328/94/101 320/95/11 318/96/102
f 410/97/11 321/98/9 320/95/11
f 330/99/9 322/100/7 321/98/9
f 329/101/7 319/68/98 322/100/7
f 324/71/41 414/102/2 411/72/41
f 327/103/2 413/104/3 414/102/2
f 326/105/3 412/106/5 413/104/3
f 325/107/5 331/108/97 412/106/5
f 328/94/101 306/79/100 403/81/51
f 333/78/49 332/76/49 337/109/49
f 348/110/39 421/111/97 420/112/39
f 422/113/103 337/114/104 345/115/105
f 415/116/50 338/117/42 332/118/43
f 403/66/49 402/64/49 405/119/49
f 416/120/14 333/121/51 342/122/51
f 416/120/14 335/123/15 336/124/14
f 344/125/16 335/123/15 343/126/15
f 415/116/50 334/127/16 344/125/16
f 337/114/104 418/128/20 345/115/105
f 340/129/19 418/128/20 339/130/20
f 341/131/18 419/132/19 340/129/19
f 341/131/18 417/133/42 346/134/18
f 349/135/11 357/136/102 347/137/102
f 350/138/9 360/139/11 349/135/11
f 351/140/7 359/141/9 350/138/9
f 351/140/7 420/142/39 358/143/7
f 422/113/103 356/144/2 353/145/103
f 424/146/3 356/144/2 361/147/2
f 423/148/5 355/149/3 424/146/3
f 421/111/97 354/150/5 423/148/5
f 333/121/51 357/136/102 342/122/51
f 364/185/85 365/186/86 366/187/87
f 369/52/25 370/188/106 371/189/107
f 374/53/26 375/190/93 376/191/89
f 379/54/27 380/192/94 381/193/96
f 364/194/85 363/195/108 362/56/29
f 369/52/25 366/187/87 365/186/86
f 370/61/106 367/196/109 371/197/107
f 369/52/25 381/193/96 370/188/106
f 378/60/33 381/198/96 380/58/94
f 374/53/26 380/192/94 379/54/27
f 375/55/93 372/199/95 376/200/89
f 365/186/86 375/190/93 374/53/26
f 366/201/87 367/196/109 363/195/108
f 565/52/25 570/53/26 575/54/110
f 571/55/93 558/56/29 569/57/30
f 576/58/111 568/59/95 574/60/33
f 564/63/36 577/198/96 573/62/35
f 501/64/37 504/65/37 502/66/37
f 527/67/38 515/68/39 605/69/39
f 601/70/40 520/71/41 607/72/41
f 507/73/42 598/74/43 501/75/43
f 611/76/37 539/77/37 538/78/37
f 502/79/100 600/80/14 599/81/51
f 505/82/14 511/83/15 600/80/14
f 504/84/15 512/85/16 511/83/15
f 503/86/16 598/74/43 512/85/16
f 601/70/40 508/87/20 506/88/40
f 602/89/20 509/90/19 508/87/20
f 603/91/19 510/92/18 509/90/19
f 604/93/18 507/73/42 510/92/18
f 524/94/101 516/95/11 514/96/102
f 606/97/11 517/98/9 516/95/11
f 526/99/9 518/100/7 517/98/9
f 525/101/7 515/68/39 518/100/7
f 520/71/41 610/102/2 607/72/41
f 523/103/2 609/104/3 610/102/2
f 522/105/3 608/106/5 609/104/3
f 521/107/5 527/108/38 608/106/5
f 524/94/101 502/79/100 599/81/51
f 529/78/49 528/76/49 533/109/49
f 544/110/39 617/111/38 616/112/39
f 549/145/103 541/115/105 618/113/103
f 611/116/43 534/117/42 528/118/50
f 599/66/49 598/64/49 601/119/49
f 612/120/14 529/121/51 538/122/51
f 539/126/15 532/124/14 612/120/14
f 540/125/16 531/123/15 539/126/15
f 611/116/43 530/127/16 540/125/16
f 535/130/20 541/115/105 533/114/105
f 536/129/19 614/128/20 535/130/20
f 537/131/18 615/132/19 536/129/19
f 534/117/42 542/134/18 537/131/18
f 545/135/11 553/136/102 543/137/102
f 546/138/9 556/139/11 545/135/11
f 547/140/7 555/141/9 546/138/9
f 544/202/39 554/143/7 547/140/7
f 557/147/2 549/145/103 618/113/103
f 620/146/3 552/144/2 557/147/2
f 619/148/5 551/149/3 620/146/3
f 617/111/38 550/150/5 619/148/5
f 529/121/51 553/136/102 538/122/51
f 560/185/112 561/186/113 562/187/87
f 565/52/25 566/188/114 567/189/115
f 570/53/26 571/190/93 572/191/116
f 575/54/110 576/192/111 577/193/96
f 560/194/112 559/195/108 558/56/29
f 565/52/25 562/187/87 561/186/113
f 566/61/114 563/196/109 567/197/115
f 565/52/25 577/193/96 566/188/114
f 574/60/33 577/198/96 576/58/111
f 575/54/110 572/191/116 576/192/111
f 571/55/93 568/199/95 572/200/116
f 561/186/113 571/190/93 570/53/26
f 562/201/87 563/196/109 559/195/108
f 164/184/84 635/203/117 636/204/118
f 143/163/64 626/205/119 145/165/66
f 151/168/69 636/204/118 629/206/120
f 141/160/62 625/207/121 143/163/64
f 139/158/60 624/208/122 141/209/62
f 147/167/68 626/205/119 627/210/123
f 157/175/76 633/211/124 159/178/78
f 155/173/74 632/212/125 157/213/76
f 137/156/58 621/214/126 622/215/127
f 159/178/78 634/216/128 161/180/80
f 155/173/74 630/217/129 631/218/130
f 149/151/53 627/210/123 628/219/131
f 137/156/58 623/220/132 139/158/60
f 161/180/80 635/203/117 163/182/82
f 153/171/72 629/206/120 630/217/129
f 135/154/56 628/219/131 621/214/126
f 630/217/129 645/221/133 646/222/134
f 622/215/127 639/223/135 623/220/132
f 632/224/125 649/225/136 633/211/124
f 631/218/130 648/226/137 632/212/125
f 633/211/124 650/227/138 634/216/128
f 628/219/131 643/228/139 644/229/140
f 634/216/128 651/230/141 635/203/117
f 621/214/126 644/229/140 637/231/142
f 636/204/118 651/230/141 652/232/143
f 622/215/127 637/231/142 638/233/144
f 627/210/123 642/234/145 643/228/139
f 629/206/120 652/232/143 645/221/133
f 631/218/130 646/222/134 647/235/146
f 625/207/121 642/234/145 626/205/119
f 623/220/132 640/236/147 624/208/122
f 624/237/122 641/238/148 625/207/121
f 645/221/133 668/239/149 661/240/150
f 647/235/146 662/241/151 663/242/152
f 641/238/148 658/243/153 642/234/145
f 639/223/135 656/244/154 640/236/147
f 640/245/147 657/246/155 641/238/148
f 646/222/134 661/240/150 662/241/151
f 638/233/144 655/247/156 639/223/135
f 648/248/137 665/249/157 649/225/136
f 647/235/146 664/250/158 648/226/137
f 649/225/136 666/251/159 650/227/138
f 644/229/140 659/252/160 660/253/161
f 650/227/138 667/254/162 651/230/141
f 637/231/142 660/253/161 653/255/163
f 652/232/143 667/254/162 668/239/149
f 638/233/144 653/255/163 654/256/164
f 643/228/139 658/243/153 659/252/160
f 666/251/159 683/257/165 667/254/162
f 653/255/163 676/258/166 669/259/167
f 668/239/149 683/257/165 684/260/168
f 654/256/164 669/259/167 670/261/169
f 659/252/160 674/262/170 675/263/171
f 661/240/150 684/260/168 677/264/172
f 663/242/152 678/265/173 679/266/174
f 657/246/155 674/262/170 658/243/153
f 655/247/156 672/267/175 656/244/154
f 656/268/154 673/269/176 657/246/155
f 662/241/151 677/264/172 678/265/173
f 654/256/164 671/270/177 655/247/156
f 664/271/158 681/272/178 665/249/157
f 663/242/152 680/273/179 664/250/158
f 665/249/157 682/274/180 666/251/159
f 660/253/161 675/263/171 676/258/166
f 670/261/169 687/275/181 671/270/177
f 680/276/179 697/277/182 681/272/178
f 679/266/174 696/278/183 680/273/179
f 681/272/178 698/279/184 682/274/180
f 676/258/166 691/280/185 692/281/186
f 682/274/180 699/282/187 683/257/165
f 669/259/167 692/281/186 685/283/188
f 684/260/168 699/282/187 700/284/189
f 670/261/169 685/283/188 686/285/190
f 675/263/171 690/286/191 691/280/185
f 677/264/172 700/284/189 693/287/192
f 679/266/174 694/288/193 695/289/194
f 673/269/176 690/286/191 674/262/170
f 671/270/177 688/290/195 672/267/175
f 672/291/175 689/292/196 673/269/176
f 678/265/173 693/287/192 694/288/193
f 695/289/194 710/293/197 711/294/198
f 689/292/196 706/295/199 690/286/191
f 687/275/181 704/296/200 688/290/195
f 688/297/195 705/298/201 689/292/196
f 694/288/193 709/299/202 710/293/197
f 686/285/190 703/300/203 687/275/181
f 696/301/183 713/302/204 697/277/182
f 695/289/194 712/303/205 696/278/183
f 697/277/182 714/304/206 698/279/184
f 692/281/186 707/305/207 708/306/208
f 698/279/184 715/307/209 699/282/187
f 685/283/188 708/306/208 701/308/210
f 700/284/189 715/307/209 716/309/211
f 686/285/190 701/308/210 702/310/212
f 691/280/185 706/295/199 707/305/207
f 693/287/192 716/309/211 709/299/202
f 714/304/206 731/311/213 715/307/209
f 708/306/208 717/312/214 701/308/210
f 715/307/209 732/313/215 716/309/211
f 701/308/210 718/314/216 702/310/212
f 706/295/199 723/315/217 707/305/207
f 716/309/211 725/316/218 709/299/202
f 710/293/197 727/317/219 711/294/198
f 705/298/201 722/318/220 706/295/199
f 703/300/203 720/319/221 704/296/200
f 704/320/200 721/321/222 705/298/201
f 709/299/202 726/322/223 710/293/197
f 702/310/212 719/323/224 703/300/203
f 712/324/205 729/325/225 713/302/204
f 711/294/198 728/326/226 712/303/205
f 713/302/204 730/327/227 714/304/206
f 707/305/207 724/328/228 708/306/208
f 905/52/25 910/53/26 915/54/27
f 909/57/30 900/194/229 898/56/29
f 916/58/31 908/59/32 914/60/230
f 906/61/231 913/62/35 904/63/36
f 809/64/37 812/65/37 810/66/37
f 835/67/38 823/68/39 945/69/39
f 941/70/105 828/71/103 947/72/103
f 815/73/42 938/74/43 809/75/43
f 951/76/37 847/77/37 846/78/37
f 810/79/100 940/80/14 939/81/51
f 813/82/13 819/83/15 940/80/14
f 812/84/15 820/85/16 819/83/15
f 811/86/24 938/74/43 820/85/16
f 941/70/105 816/87/20 814/88/105
f 942/89/20 817/90/19 816/87/20
f 943/91/19 818/92/18 817/90/19
f 944/93/23 815/73/42 818/92/18
f 832/94/102 824/95/11 822/96/102
f 946/97/10 825/98/52 824/95/11
f 834/99/9 826/100/7 825/98/52
f 833/101/7 823/68/39 826/100/7
f 828/71/103 950/102/2 947/72/103
f 831/103/48 949/104/3 950/102/2
f 830/105/3 948/106/5 949/104/3
f 829/107/5 835/108/38 948/106/5
f 832/94/102 810/79/100 939/81/51
f 837/78/49 836/76/49 841/109/49
f 852/110/39 957/111/38 956/112/39
f 857/145/103 849/115/105 958/113/103
f 951/116/43 842/117/42 836/118/43
f 939/66/49 938/64/49 941/119/49
f 952/120/14 837/121/51 846/122/51
f 847/126/15 840/124/13 952/120/14
f 848/125/24 839/123/15 847/126/15
f 951/116/43 838/127/16 848/125/24
f 843/130/20 849/115/105 841/114/105
f 844/129/19 954/128/45 843/130/20
f 845/131/23 955/132/46 844/129/19
f 842/117/42 850/134/18 845/131/23
f 853/135/11 861/136/102 851/137/102
f 854/138/9 864/139/10 853/135/11
f 855/140/7 863/141/9 854/138/9
f 852/202/39 862/143/7 855/140/7
f 865/147/2 857/145/103 958/113/103
f 960/146/3 860/144/48 865/147/2
f 959/148/5 859/149/3 960/146/3
f 957/111/38 858/150/5 959/148/5
f 837/121/51 861/136/102 846/122/51
f 881/329/53 866/330/54 880/331/55
f 867/332/56 868/333/57 866/330/54
f 869/334/58 870/335/59 868/333/57
f 871/336/60 872/337/61 870/335/59
f 873/338/62 874/339/232 872/340/61
f 875/341/64 876/342/65 874/339/232
f 877/343/233 878/344/67 876/342/65
f 879/345/68 880/331/55 878/344/67
f 883/346/69 884/347/70 882/348/71
f 885/349/72 886/350/73 884/347/70
f 887/351/74 888/352/75 886/350/73
f 889/353/76 890/354/77 888/355/75
f 891/356/234 892/357/79 890/354/77
f 893/358/235 894/359/81 892/357/79
f 895/360/82 897/361/236 894/359/81
f 896/362/84 882/348/71 897/361/236
f 900/185/229 901/186/86 902/187/237
f 905/52/25 906/188/231 907/189/107
f 910/53/26 911/190/28 912/191/89
f 915/54/27 916/192/31 917/193/238
f 900/194/229 899/195/108 898/56/29
f 905/52/25 902/187/237 901/186/86
f 906/61/231 903/196/109 907/197/107
f 905/52/25 917/193/238 906/188/231
f 914/60/230 917/198/238 916/58/31
f 910/53/26 916/192/31 915/54/27
f 911/55/28 908/199/32 912/200/89
f 901/186/86 911/190/28 910/53/26
f 902/201/237 903/196/109 899/195/108
f 896/362/84 975/363/117 976/364/118
f 875/341/64 966/365/239 877/343/233
f 883/346/69 976/364/118 969/366/240
f 873/338/62 965/367/241 875/341/64
f 871/336/60 964/368/242 873/369/62
f 879/345/68 966/365/239 967/370/123
f 889/353/76 973/371/124 891/356/234
f 887/351/74 972/372/243 889/373/76
f 869/334/58 961/374/126 962/375/244
f 891/356/234 974/376/128 893/358/235
f 887/351/74 970/377/129 971/378/130
f 881/329/53 967/370/123 968/379/245
f 869/334/58 963/380/132 871/336/60
f 893/358/235 975/363/117 895/360/82
f 885/349/72 969/366/240 970/377/129
f 867/332/56 968/379/245 961/374/126
f 970/377/129 985/381/133 986/382/134
f 962/375/244 979/383/135 963/380/132
f 972/384/243 989/385/136 973/371/124
f 971/378/130 988/386/137 972/372/243
f 973/371/124 990/387/138 974/376/128
f 968/379/245 983/388/139 984/389/246
f 974/376/128 991/390/141 975/363/117
f 961/374/126 984/389/246 977/391/142
f 976/364/118 991/390/141 992/392/143
f 962/375/244 977/391/142 978/393/144
f 967/370/123 982/394/145 983/388/139
f 969/366/240 992/392/143 985/381/133
f 971/378/130 986/382/134 987/395/146
f 965/367/241 982/394/145 966/365/239
f 963/380/132 980/396/147 964/368/242
f 964/397/242 981/398/148 965/367/241
f 985/381/133 1008/399/149 1001/400/247
f 987/395/146 1002/401/151 1003/402/152
f 981/398/148 998/403/153 982/394/145
f 979/383/135 996/404/248 980/396/147
f 980/405/147 997/406/155 981/398/148
f 986/382/134 1001/400/247 1002/401/151
f 978/393/144 995/407/156 979/383/135
f 988/408/137 1005/409/157 989/385/136
f 987/395/146 1004/410/158 988/386/137
f 989/385/136 1006/411/159 990/387/138
f 984/389/246 999/412/160 1000/413/161
f 990/387/138 1007/414/249 991/390/141
f 977/391/142 1000/413/161 993/415/250
f 992/392/143 1007/414/249 1008/399/149
f 978/393/144 993/415/250 994/416/164
f 983/388/139 998/403/153 999/412/160
f 1006/411/159 1023/417/251 1007/414/249
f 993/415/250 1016/418/166 1009/419/252
f 1008/399/149 1023/417/251 1024/420/168
f 994/416/164 1009/419/252 1010/421/253
f 999/412/160 1014/422/254 1015/423/171
f 1001/400/247 1024/420/168 1017/424/172
f 1003/402/152 1018/425/173 1019/426/174
f 997/406/155 1014/422/254 998/403/153
f 995/407/156 1012/427/175 996/404/248
f 996/428/248 1013/429/176 997/406/155
f 1002/401/151 1017/424/172 1018/425/173
f 994/416/164 1011/430/177 995/407/156
f 1004/431/158 1021/432/255 1005/409/157
f 1003/402/152 1020/433/179 1004/410/158
f 1005/409/157 1022/434/256 1006/411/159
f 1000/413/161 1015/423/171 1016/418/166
f 1010/421/253 1027/435/181 1011/430/177
f 1020/436/179 1037/437/182 1021/432/255
f 1019/426/174 1036/438/183 1020/433/179
f 1021/432/255 1038/439/184 1022/434/256
f 1016/418/166 1031/440/185 1032/441/257
f 1022/434/256 1039/442/258 1023/417/251
f 1009/419/252 1032/441/257 1025/443/259
f 1024/420/168 1039/442/258 1040/444/189
f 1010/421/253 1025/443/259 1026/445/260
f 1015/423/171 1030/446/261 1031/440/185
f 1017/424/172 1040/444/189 1033/447/192
f 1019/426/174 1034/448/262 1035/449/263
f 1013/429/176 1030/446/261 1014/422/254
f 1011/430/177 1028/450/195 1012/427/175
f 1012/451/175 1029/452/196 1013/429/176
f 1018/425/173 1033/447/192 1034/448/262
f 1035/449/263 1050/453/197 1051/454/198
f 1029/452/196 1046/455/199 1030/446/261
f 1027/435/181 1044/456/264 1028/450/195
f 1028/457/195 1045/458/201 1029/452/196
f 1034/448/262 1049/459/202 1050/453/197
f 1026/445/260 1043/460/203 1027/435/181
f 1036/461/183 1053/462/204 1037/437/182
f 1035/449/263 1052/463/205 1036/438/183
f 1037/437/182 1054/464/206 1038/439/184
f 1032/441/257 1047/465/207 1048/466/208
f 1038/439/184 1055/467/209 1039/442/258
f 1025/443/259 1048/466/208 1041/468/265
f 1040/444/189 1055/467/209 1056/469/211
f 1026/445/260 1041/468/265 1042/470/212
f 1031/440/185 1046/455/199 1047/465/207
f 1033/447/192 1056/469/211 1049/459/202
f 1054/464/206 1071/471/213 1055/467/209
f 1048/466/208 1057/472/214 1041/468/265
f 1055/467/209 1072/473/266 1056/469/211
f 1041/468/265 1058/474/216 1042/470/212
f 1046/455/199 1063/475/217 1047/465/207
f 1056/469/211 1065/476/218 1049/459/202
f 1050/453/197 1067/477/219 1051/454/198
f 1045/458/201 1062/478/220 1046/455/199
f 1043/460/203 1060/479/221 1044/456/264
f 1044/480/264 1061/481/222 1045/458/201
f 1049/459/202 1066/482/267 1050/453/197
f 1042/470/212 1059/483/224 1043/460/203
f 1052/484/205 1069/485/225 1053/462/204
f 1051/454/198 1068/486/226 1052/463/205
f 1053/462/204 1070/487/227 1054/464/206
f 1047/465/207 1064/488/228 1048/466/208
f 173/52/25 169/186/86 178/53/26
f 179/55/28 168/194/85 166/56/29
f 184/58/31 180/546/89 176/59/32
f 174/61/34 185/198/90 181/62/35
f 78/66/37 90/547/37 96/548/37
f 90/547/37 92/549/37 91/550/37
f 96/548/37 90/547/37 95/551/37
f 92/549/37 93/552/37 94/553/37
f 94/553/37 91/550/37 92/549/37
f 91/550/37 95/551/37 90/547/37
f 95/551/37 97/554/37 98/555/37
f 98/555/37 99/556/37 96/548/37
f 96/548/37 82/119/37 78/66/37
f 82/119/37 84/557/37 83/558/37
f 78/66/37 82/119/37 77/64/37
f 84/557/37 85/559/37 86/560/37
f 86/560/37 83/558/37 84/557/37
f 83/558/37 77/64/37 82/119/37
f 77/64/37 79/561/37 80/65/37
f 80/65/37 81/562/37 78/66/37
f 96/548/37 95/551/37 98/555/37
f 103/67/38 95/563/38 91/68/39
f 209/70/40 82/88/40 96/71/41
f 83/73/42 89/564/42 206/74/43
f 114/78/37 129/565/37 226/566/37
f 129/565/37 132/567/37 224/568/37
f 226/566/37 129/565/37 225/569/37
f 132/567/37 131/570/37 130/571/288
f 130/571/288 224/568/37 132/567/37
f 224/568/37 225/569/37 129/565/37
f 225/569/37 227/572/289 228/573/37
f 228/573/37 133/574/37 226/566/37
f 226/566/37 117/109/37 114/78/37
f 117/109/37 222/575/288 221/576/37
f 114/78/37 117/109/37 219/76/37
f 222/575/288 223/577/290 118/578/291
f 118/578/291 221/576/37 222/575/288
f 221/576/37 219/76/37 117/109/37
f 219/76/37 116/579/292 115/77/37
f 115/77/37 220/580/289 114/78/37
f 226/566/37 225/569/37 228/573/37
f 78/79/44 81/82/13 208/80/14
f 81/82/13 80/84/15 87/83/15
f 80/84/15 79/86/16 88/85/24
f 79/86/16 77/75/43 206/74/43
f 209/70/40 210/89/45 84/87/20
f 210/89/45 211/91/46 85/90/19
f 211/91/46 212/93/18 86/92/23
f 212/93/18 89/564/42 83/73/42
f 100/94/47 214/97/10 92/95/11
f 214/97/10 102/99/9 93/98/9
f 102/99/9 101/101/7 94/100/7
f 101/101/7 213/69/39 91/68/39
f 96/71/41 99/103/48 218/102/2
f 99/103/48 98/105/3 217/104/3
f 98/105/3 97/107/5 216/106/5
f 97/107/5 95/581/38 103/108/38
f 100/94/47 90/96/47 78/79/44
f 121/567/49 119/565/49 120/568/49
f 119/565/49 105/78/49 125/566/49
f 105/78/49 108/580/49 107/77/49
f 107/77/49 106/579/293 104/76/49
f 104/76/49 110/576/49 109/109/49
f 110/576/49 113/578/49 109/109/49
f 113/578/49 112/577/293 111/575/294
f 111/575/294 109/109/49 113/578/49
f 109/109/49 125/566/49 105/78/49
f 125/566/49 128/574/49 127/573/49
f 127/573/49 126/572/49 125/566/49
f 126/572/49 124/569/49 125/566/49
f 124/569/49 120/568/49 119/565/49
f 120/568/49 123/571/294 121/567/49
f 123/571/294 122/570/49 121/567/49
f 119/565/49 125/566/49 124/569/49
f 105/78/49 107/77/49 104/76/49
f 120/110/39 124/582/38 225/111/38
f 226/113/41 125/145/41 109/114/40
f 219/116/43 221/133/42 110/117/42
f 214/549/49 100/547/49 213/550/49
f 100/547/49 207/66/49 215/548/49
f 207/66/49 208/562/49 87/65/49
f 87/65/49 88/561/49 206/64/49
f 206/64/49 89/558/49 209/119/49
f 89/558/49 212/560/49 209/119/49
f 212/560/49 211/559/49 210/557/49
f 210/557/49 209/119/49 212/560/49
f 209/119/49 215/548/49 207/66/49
f 215/548/49 218/556/49 217/555/49
f 217/555/49 216/554/49 215/548/49
f 216/554/49 103/551/49 215/548/49
f 103/551/49 213/550/49 100/547/49
f 213/550/49 101/553/49 214/549/49
f 101/553/49 102/552/49 214/549/49
f 100/547/49 215/548/49 103/551/49
f 207/66/49 87/65/49 206/64/49
f 220/120/13 108/124/14 105/121/51
f 220/120/13 115/126/15 107/123/15
f 116/125/24 106/127/24 107/123/15
f 219/116/43 104/118/50 106/127/24
f 109/114/40 111/130/20 222/128/45
f 112/129/19 223/132/19 222/128/45
f 113/131/23 118/134/23 223/132/19
f 113/131/23 110/117/42 221/133/42
f 121/135/11 132/139/10 129/136/47
f 122/138/52 131/141/9 132/139/10
f 123/140/8 130/143/7 131/141/9
f 123/140/8 120/202/39 224/142/39
f 226/113/41 133/147/2 128/144/48
f 228/146/3 127/149/3 128/144/48
f 227/148/5 126/150/5 127/149/3
f 225/111/38 124/582/38 126/150/5
f 105/121/51 119/137/47 129/136/47
f 149/151/53 135/154/56 134/152/54
f 135/154/56 137/156/58 136/155/57
f 137/156/58 139/158/60 138/157/59
f 139/158/60 141/209/62 140/159/61
f 141/160/62 143/163/64 142/161/63
f 143/163/64 145/165/66 144/164/65
f 145/165/66 147/167/68 146/166/67
f 147/167/68 149/151/53 148/153/55
f 151/168/69 153/171/72 152/169/70
f 153/171/72 155/173/74 154/172/73
f 155/173/74 157/213/76 156/174/75
f 157/175/76 159/178/78 158/176/77
f 159/178/78 161/180/80 160/179/79
f 161/180/80 163/182/82 162/181/81
f 163/182/82 164/184/84 165/183/83
f 164/184/84 151/168/69 150/170/71
f 168/194/85 170/201/87 167/195/91
f 173/52/25 175/189/88 170/187/87
f 174/61/34 172/63/36 171/196/92
f 173/52/25 183/54/27 185/193/90
f 182/60/33 181/62/35 185/198/90
f 178/53/26 180/191/89 184/192/31
f 179/55/28 177/57/30 176/199/32
f 169/186/86 168/185/85 179/190/28
f 170/201/87 175/197/88 171/196/92
f 369/52/25 365/186/86 374/53/26
f 375/55/93 364/194/85 362/56/29
f 380/58/94 376/546/89 372/59/95
f 368/63/36 370/61/106 381/198/96
f 306/66/37 318/547/37 324/548/37
f 318/547/37 320/549/37 319/550/37
f 324/548/37 318/547/37 323/551/37
f 320/549/37 321/552/37 322/553/37
f 322/553/37 319/550/37 320/549/37
f 319/550/37 323/551/37 318/547/37
f 323/551/37 325/554/37 326/555/37
f 326/555/37 327/556/37 324/548/37
f 324/548/37 310/119/37 306/66/37
f 310/119/37 312/557/37 311/558/37
f 306/66/37 310/119/37 305/64/37
f 312/557/37 313/559/37 314/560/37
f 314/560/37 311/558/37 312/557/37
f 311/558/37 305/64/37 310/119/37
f 305/64/37 307/561/37 308/65/37
f 308/65/37 309/562/37 306/66/37
f 324/548/37 323/551/37 326/555/37
f 331/67/97 323/563/97 319/68/98
f 405/70/40 310/88/40 324/71/41
f 311/73/99 317/564/99 402/74/50
f 342/78/37 357/565/37 422/566/37
f 357/565/37 360/567/37 420/568/37
f 422/566/37 357/565/37 421/569/37
f 360/567/37 359/570/37 358/571/288
f 358/571/288 420/568/37 360/567/37
f 420/568/37 421/569/37 357/565/37
f 421/569/37 423/572/289 424/573/37
f 424/573/37 361/574/37 422/566/37
f 422/566/37 345/109/37 342/78/37
f 345/109/37 418/575/288 417/576/37
f 342/78/37 345/109/37 415/76/37
f 418/575/288 419/577/295 346/578/296
f 346/578/296 417/576/37 418/575/288
f 417/576/37 415/76/37 345/109/37
f 415/76/37 344/579/297 343/77/37
f 343/77/37 416/580/37 342/78/37
f 422/566/37 421/569/37 424/573/37
f 306/79/100 309/82/14 404/80/14
f 309/82/14 308/84/15 315/83/15
f 308/84/15 307/86/16 316/85/16
f 307/86/16 305/75/50 402/74/50
f 405/70/40 406/89/20 312/87/20
f 406/89/20 407/91/19 313/90/19
f 407/91/19 408/93/18 314/92/18
f 408/93/18 317/564/99 311/73/99
f 328/94/101 410/97/11 320/95/11
f 410/97/11 330/99/9 321/98/9
f 330/99/9 329/101/7 322/100/7
f 329/101/7 409/69/98 319/68/98
f 324/71/41 327/103/2 414/102/2
f 327/103/2 326/105/3 413/104/3
f 326/105/3 325/107/5 412/106/5
f 325/107/5 323/581/97 331/108/97
f 328/94/101 318/96/102 306/79/100
f 349/567/49 347/565/49 348/568/49
f 347/565/49 333/78/49 353/566/49
f 333/78/49 336/580/294 335/77/49
f 335/77/49 334/579/294 332/76/49
f 332/76/49 338/576/49 337/109/49
f 338/576/49 341/578/49 337/109/49
f 341/578/49 340/577/293 339/575/294
f 339/575/294 337/109/49 341/578/49
f 337/109/49 353/566/49 333/78/49
f 353/566/49 356/574/49 352/569/49
f 356/574/49 355/573/293 352/569/49
f 355/573/293 354/572/294 352/569/49
f 352/569/49 348/568/49 347/565/49
f 348/568/49 351/571/293 349/567/49
f 351/571/293 350/570/49 349/567/49
f 347/565/49 353/566/49 352/569/49
f 333/78/49 335/77/49 332/76/49
f 348/110/39 352/582/97 421/111/97
f 422/113/103 353/145/103 337/114/104
f 415/116/50 417/133/42 338/117/42
f 410/549/49 328/547/49 409/550/49
f 328/547/49 403/66/49 411/548/49
f 403/66/49 404/562/49 315/65/49
f 315/65/49 316/561/49 402/64/49
f 402/64/49 317/558/49 405/119/49
f 317/558/49 408/560/49 405/119/49
f 408/560/49 407/559/49 406/557/49
f 406/557/49 405/119/49 408/560/49
f 405/119/49 411/548/49 403/66/49
f 411/548/49 414/556/49 331/551/49
f 414/556/49 413/555/49 331/551/49
f 413/555/49 412/554/49 331/551/49
f 331/551/49 409/550/49 328/547/49
f 409/550/49 329/553/49 410/549/49
f 329/553/49 330/552/49 410/549/49
f 328/547/49 411/548/49 331/551/49
f 403/66/49 315/65/49 402/64/49
f 416/120/14 336/124/14 333/121/51
f 416/120/14 343/126/15 335/123/15
f 344/125/16 334/127/16 335/123/15
f 415/116/50 332/118/43 334/127/16
f 337/114/104 339/130/20 418/128/20
f 340/129/19 419/132/19 418/128/20
f 341/131/18 346/134/18 419/132/19
f 341/131/18 338/117/42 417/133/42
f 349/135/11 360/139/11 357/136/102
f 350/138/9 359/141/9 360/139/11
f 351/140/7 358/143/7 359/141/9
f 351/140/7 348/202/39 420/142/39
f 422/113/103 361/147/2 356/144/2
f 424/146/3 355/149/3 356/144/2
f 423/148/5 354/150/5 355/149/3
f 421/111/97 352/582/97 354/150/5
f 333/121/51 347/137/102 357/136/102
f 364/194/85 366/201/87 363/195/108
f 369/52/25 371/189/107 366/187/87
f 370/61/106 368/63/36 367/196/109
f 369/52/25 379/54/27 381/193/96
f 378/60/33 377/62/35 381/198/96
f 374/53/26 376/191/89 380/192/94
f 375/55/93 373/57/30 372/199/95
f 365/186/86 364/185/85 375/190/93
f 366/201/87 371/197/107 367/196/109
f 565/52/25 561/186/113 570/53/26
f 571/55/93 560/194/112 558/56/29
f 576/58/111 572/546/116 568/59/95
f 564/63/36 566/61/114 577/198/96
f 502/66/37 514/547/37 520/548/37
f 514/547/37 516/549/37 515/550/37
f 520/548/37 514/547/37 519/551/37
f 516/549/37 517/552/37 518/553/37
f 518/553/37 515/550/37 516/549/37
f 515/550/37 519/551/37 514/547/37
f 519/551/37 521/554/37 522/555/37
f 522/555/37 523/556/37 520/548/37
f 520/548/37 506/119/37 502/66/37
f 506/119/37 508/557/37 507/558/37
f 502/66/37 506/119/37 501/64/37
f 508/557/37 509/559/37 510/560/37
f 510/560/37 507/558/37 508/557/37
f 507/558/37 501/64/37 506/119/37
f 501/64/37 503/561/37 504/65/37
f 504/65/37 505/562/289 502/66/37
f 520/548/37 519/551/37 522/555/37
f 527/67/38 519/563/38 515/68/39
f 601/70/40 506/88/40 520/71/41
f 507/73/42 513/564/42 598/74/43
f 538/78/37 553/565/37 618/566/37
f 553/565/37 556/567/37 616/568/37
f 618/566/37 553/565/37 617/569/37
f 556/567/37 555/570/37 554/571/37
f 554/571/37 616/568/37 556/567/37
f 616/568/37 617/569/37 553/565/37
f 617/569/37 619/572/37 620/573/37
f 620/573/37 557/574/37 618/566/37
f 618/566/37 541/109/37 538/78/37
f 541/109/37 614/575/37 613/576/37
f 538/78/37 541/109/37 611/76/37
f 614/575/37 615/577/37 542/578/37
f 542/578/37 613/576/37 614/575/37
f 613/576/37 611/76/37 541/109/37
f 611/76/37 540/579/37 539/77/37
f 539/77/37 612/580/37 538/78/37
f 618/566/37 617/569/37 620/573/37
f 502/79/100 505/82/14 600/80/14
f 505/82/14 504/84/15 511/83/15
f 504/84/15 503/86/16 512/85/16
f 503/86/16 501/75/43 598/74/43
f 601/70/40 602/89/20 508/87/20
f 602/89/20 603/91/19 509/90/19
f 603/91/19 604/93/18 510/92/18
f 604/93/18 513/564/42 507/73/42
f 524/94/101 606/97/11 516/95/11
f 606/97/11 526/99/9 517/98/9
f 526/99/9 525/101/7 518/100/7
f 525/101/7 605/69/39 515/68/39
f 520/71/41 523/103/2 610/102/2
f 523/103/2 522/105/3 609/104/3
f 522/105/3 521/107/5 608/106/5
f 521/107/5 519/581/38 527/108/38
f 524/94/101 514/96/102 502/79/100
f 545/567/49 543/565/49 544/568/49
f 543/565/49 529/78/49 549/566/49
f 529/78/49 532/580/49 531/77/49
f 531/77/49 530/579/294 528/76/49
f 528/76/49 534/576/49 533/109/49
f 534/576/49 537/578/49 533/109/49
f 537/578/49 536/577/49 535/575/49
f 535/575/49 533/109/49 537/578/49
f 533/109/49 549/566/49 529/78/49
f 549/566/49 552/574/49 548/569/49
f 552/574/49 551/573/49 548/569/49
f 551/573/49 550/572/49 548/569/49
f 548/569/49 544/568/49 543/565/49
f 544/568/49 547/571/49 545/567/49
f 547/571/49 546/570/49 545/567/49
f 543/565/49 549/566/49 548/569/49
f 529/78/49 531/77/49 528/76/49
f 544/110/39 548/582/38 617/111/38
f 549/145/103 533/114/105 541/115/105
f 611/116/43 613/133/42 534/117/42
f 606/549/49 524/547/49 605/550/49
f 524/547/49 599/66/49 607/548/49
f 599/66/49 600/562/293 511/65/49
f 511/65/49 512/561/49 598/64/49
f 598/64/49 513/558/49 601/119/49
f 513/558/49 604/560/49 601/119/49
f 604/560/49 603/559/293 602/557/49
f 602/557/49 601/119/49 604/560/49
f 601/119/49 607/548/49 599/66/49
f 607/548/49 610/556/49 527/551/49
f 610/556/49 609/555/49 527/551/49
f 609/555/49 608/554/49 527/551/49
f 527/551/49 605/550/49 524/547/49
f 605/550/49 525/553/49 606/549/49
f 525/553/49 526/552/293 606/549/49
f 524/547/49 607/548/49 527/551/49
f 599/66/49 511/65/49 598/64/49
f 612/120/14 532/124/14 529/121/51
f 539/126/15 531/123/15 532/124/14
f 540/125/16 530/127/16 531/123/15
f 611/116/43 528/118/50 530/127/16
f 535/130/20 614/128/20 541/115/105
f 536/129/19 615/132/19 614/128/20
f 537/131/18 542/134/18 615/132/19
f 534/117/42 613/133/42 542/134/18
f 545/135/11 556/139/11 553/136/102
f 546/138/9 555/141/9 556/139/11
f 547/140/7 554/143/7 555/141/9
f 544/202/39 616/142/39 554/143/7
f 557/147/2 552/144/2 549/145/103
f 620/146/3 551/149/3 552/144/2
f 619/148/5 550/150/5 551/149/3
f 617/111/38 548/582/38 550/150/5
f 529/121/51 543/137/102 553/136/102
f 560/194/112 562/201/87 559/195/108
f 565/52/25 567/189/115 562/187/87
f 566/61/114 564/63/36 563/196/109
f 565/52/25 575/54/110 577/193/96
f 574/60/33 573/62/35 577/198/96
f 575/54/110 570/53/26 572/191/116
f 571/55/93 569/57/30 568/199/95
f 561/186/113 560/185/112 571/190/93
f 562/201/87 567/197/115 563/196/109
f 164/184/84 163/182/82 635/203/117
f 143/163/64 625/207/121 626/205/119
f 151/168/69 164/184/84 636/204/118
f 141/160/62 624/237/122 625/207/121
f 139/158/60 623/220/132 624/208/122
f 147/167/68 145/165/66 626/205/119
f 157/175/76 632/224/125 633/211/124
f 155/173/74 631/218/130 632/212/125
f 137/156/58 135/154/56 621/214/126
f 159/178/78 633/211/124 634/216/128
f 155/173/74 153/171/72 630/217/129
f 149/151/53 147/167/68 627/210/123
f 137/156/58 622/215/127 623/220/132
f 161/180/80 634/216/128 635/203/117
f 153/171/72 151/168/69 629/206/120
f 135/154/56 149/151/53 628/219/131
f 630/217/129 629/206/120 645/221/133
f 622/215/127 638/233/144 639/223/135
f 632/224/125 648/248/137 649/225/136
f 631/218/130 647/235/146 648/226/137
f 633/211/124 649/225/136 650/227/138
f 628/219/131 627/210/123 643/228/139
f 634/216/128 650/227/138 651/230/141
f 621/214/126 628/219/131 644/229/140
f 636/204/118 635/203/117 651/230/141
f 622/215/127 621/214/126 637/231/142
f 627/210/123 626/205/119 642/234/145
f 629/206/120 636/204/118 652/232/143
f 631/218/130 630/217/129 646/222/134
f 625/207/121 641/238/148 642/234/145
f 623/220/132 639/223/135 640/236/147
f 624/237/122 640/245/147 641/238/148
f 645/221/133 652/232/143 668/239/149
f 647/235/146 646/222/134 662/241/151
f 641/238/148 657/246/155 658/243/153
f 639/223/135 655/247/156 656/244/154
f 640/245/147 656/268/154 657/246/155
f 646/222/134 645/221/133 661/240/150
f 638/233/144 654/256/164 655/247/156
f 648/248/137 664/271/158 665/249/157
f 647/235/146 663/242/152 664/250/158
f 649/225/136 665/249/157 666/251/159
f 644/229/140 643/228/139 659/252/160
f 650/227/138 666/251/159 667/254/162
f 637/231/142 644/229/140 660/253/161
f 652/232/143 651/230/141 667/254/162
f 638/233/144 637/231/142 653/255/163
f 643/228/139 642/234/145 658/243/153
f 666/251/159 682/274/180 683/257/165
f 653/255/163 660/253/161 676/258/166
f 668/239/149 667/254/162 683/257/165
f 654/256/164 653/255/163 669/259/167
f 659/252/160 658/243/153 674/262/170
f 661/240/150 668/239/149 684/260/168
f 663/242/152 662/241/151 678/265/173
f 657/246/155 673/269/176 674/262/170
f 655/247/156 671/270/177 672/267/175
f 656/268/154 672/291/175 673/269/176
f 662/241/151 661/240/150 677/264/172
f 654/256/164 670/261/169 671/270/177
f 664/271/158 680/276/179 681/272/178
f 663/242/152 679/266/174 680/273/179
f 665/249/157 681/272/178 682/274/180
f 660/253/161 659/252/160 675/263/171
f 670/261/169 686/285/190 687/275/181
f 680/276/179 696/301/183 697/277/182
f 679/266/174 695/289/194 696/278/183
f 681/272/178 697/277/182 698/279/184
f 676/258/166 675/263/171 691/280/185
f 682/274/180 698/279/184 699/282/187
f 669/259/167 676/258/166 692/281/186
f 684/260/168 683/257/165 699/282/187
f 670/261/169 669/259/167 685/283/188
f 675/263/171 674/262/170 690/286/191
f 677/264/172 684/260/168 700/284/189
f 679/266/174 678/265/173 694/288/193
f 673/269/176 689/292/196 690/286/191
f 671/270/177 687/275/181 688/290/195
f 672/291/175 688/297/195 689/292/196
f 678/265/173 677/264/172 693/287/192
f 695/289/194 694/288/193 710/293/197
f 689/292/196 705/298/201 706/295/199
f 687/275/181 703/300/203 704/296/200
f 688/297/195 704/320/200 705/298/201
f 694/288/193 693/287/192 709/299/202
f 686/285/190 702/310/212 703/300/203
f 696/301/183 712/324/205 713/302/204
f 695/289/194 711/294/198 712/303/205
f 697/277/182 713/302/204 714/304/206
f 692/281/186 691/280/185 707/305/207
f 698/279/184 714/304/206 715/307/209
f 685/283/188 692/281/186 708/306/208
f 700/284/189 699/282/187 715/307/209
f 686/285/190 685/283/188 701/308/210
f 691/280/185 690/286/191 706/295/199
f 693/287/192 700/284/189 716/309/211
f 714/304/206 730/327/227 731/311/213
f 708/306/208 724/328/228 717/312/214
f 715/307/209 731/311/213 732/313/215
f 701/308/210 717/312/214 718/314/216
f 706/295/199 722/318/220 723/315/217
f 716/309/211 732/313/215 725/316/218
f 710/293/197 726/322/223 727/317/219
f 705/298/201 721/321/222 722/318/220
f 703/300/203 719/323/224 720/319/221
f 704/320/200 720/583/221 721/321/222
f 709/299/202 725/316/218 726/322/223
f 702/310/212 718/314/216 719/323/224
f 712/324/205 728/584/226 729/325/225
f 711/294/198 727/317/219 728/326/226
f 713/302/204 729/325/225 730/327/227
f 707/305/207 723/315/217 724/328/228
f 905/52/25 901/186/86 910/53/26
f 909/57/30 911/55/28 900/194/229
f 916/58/31 912/546/89 908/59/32
f 906/61/231 917/198/238 913/62/35
f 810/66/37 822/547/37 828/548/37
f 822/547/37 824/549/37 823/550/37
f 828/548/37 822/547/37 827/551/37
f 824/549/37 825/552/37 826/553/37
f 826/553/37 823/550/37 824/549/37
f 823/550/37 827/551/37 822/547/37
f 827/551/37 829/554/298 830/555/37
f 830/555/37 831/556/298 828/548/37
f 828/548/37 814/119/37 810/66/37
f 814/119/37 816/557/37 815/558/37
f 810/66/37 814/119/37 809/64/37
f 816/557/37 817/559/37 818/560/37
f 818/560/37 815/558/37 816/557/37
f 815/558/37 809/64/37 814/119/37
f 809/64/37 811/561/289 812/65/37
f 812/65/37 813/562/289 810/66/37
f 828/548/37 827/551/37 830/555/37
f 835/67/38 827/563/38 823/68/39
f 941/70/105 814/88/105 828/71/103
f 815/73/42 821/564/42 938/74/43
f 846/78/37 861/565/37 958/566/37
f 861/565/37 864/567/37 956/568/37
f 958/566/37 861/565/37 957/569/37
f 864/567/37 863/570/37 862/571/37
f 862/571/37 956/568/37 864/567/37
f 956/568/37 957/569/37 861/565/37
f 957/569/37 959/572/37 960/573/37
f 960/573/37 865/574/37 958/566/37
f 958/566/37 849/109/37 846/78/37
f 849/109/37 954/575/37 953/576/37
f 846/78/37 849/109/37 951/76/37
f 954/575/37 955/577/37 850/578/37
f 850/578/37 953/576/37 954/575/37
f 953/576/37 951/76/37 849/109/37
f 951/76/37 848/579/37 847/77/37
f 847/77/37 952/580/37 846/78/37
f 958/566/37 957/569/37 960/573/37
f 810/79/100 813/82/13 940/80/14
f 813/82/13 812/84/15 819/83/15
f 812/84/15 811/86/24 820/85/16
f 811/86/24 809/75/43 938/74/43
f 941/70/105 942/89/20 816/87/20
f 942/89/20 943/91/19 817/90/19
f 943/91/19 944/93/23 818/92/18
f 944/93/23 821/564/42 815/73/42
f 832/94/102 946/97/10 824/95/11
f 946/97/10 834/99/9 825/98/52
f 834/99/9 833/101/7 826/100/7
f 833/101/7 945/69/39 823/68/39
f 828/71/103 831/103/48 950/102/2
f 831/103/48 830/105/3 949/104/3
f 830/105/3 829/107/5 948/106/5
f 829/107/5 827/581/38 835/108/38
f 832/94/102 822/96/102 810/79/100
f 853/567/49 851/565/49 852/568/49
f 851/565/49 837/78/49 857/566/49
f 837/78/49 840/580/49 839/77/49
f 839/77/49 838/579/49 836/76/49
f 836/76/49 842/576/49 841/109/49
f 842/576/49 845/578/49 841/109/49
f 845/578/49 844/577/49 843/575/49
f 843/575/49 841/109/49 845/578/49
f 841/109/49 857/566/49 837/78/49
f 857/566/49 860/574/49 859/573/49
f 859/573/49 858/572/49 857/566/49
f 858/572/49 856/569/49 857/566/49
f 856/569/49 852/568/49 851/565/49
f 852/568/49 855/571/49 853/567/49
f 855/571/49 854/570/49 853/567/49
f 851/565/49 857/566/49 856/569/49
f 837/78/49 839/77/49 836/76/49
f 852/110/39 856/582/38 957/111/38
f 857/145/103 841/114/105 849/115/105
f 951/116/43 953/133/42 842/117/42
f 946/549/49 832/547/49 945/550/49
f 832/547/49 939/66/49 947/548/49
f 939/66/49 940/562/294 819/65/49
f 819/65/49 820/561/294 938/64/49
f 938/64/49 821/558/49 941/119/49
f 821/558/49 944/560/49 941/119/49
f 944/560/49 943/559/293 942/557/49
f 942/557/49 941/119/49 944/560/49
f 941/119/49 947/548/49 939/66/49
f 947/548/49 950/556/49 949/555/49
f 949/555/49 948/554/49 947/548/49
f 948/554/49 835/551/49 947/548/49
f 835/551/49 945/550/49 832/547/49
f 945/550/49 833/553/49 946/549/49
f 833/553/49 834/552/293 946/549/49
f 832/547/49 947/548/49 835/551/49
f 939/66/49 819/65/49 938/64/49
f 952/120/14 840/124/13 837/121/51
f 847/126/15 839/123/15 840/124/13
f 848/125/24 838/127/16 839/123/15
f 951/116/43 836/118/43 838/127/16
f 843/130/20 954/128/45 849/115/105
f 844/129/19 955/132/46 954/128/45
f 845/131/23 850/134/18 955/132/46
f 842/117/42 953/133/42 850/134/18
f 853/135/11 864/139/10 861/136/102
f 854/138/9 863/141/9 864/139/10
f 855/140/7 862/143/7 863/141/9
f 852/202/39 956/142/39 862/143/7
f 865/147/2 860/144/48 857/145/103
f 960/146/3 859/149/3 860/144/48
f 959/148/5 858/150/5 859/149/3
f 957/111/38 856/582/38 858/150/5
f 837/121/51 851/137/102 861/136/102
f 881/329/53 867/332/56 866/330/54
f 867/332/56 869/334/58 868/333/57
f 869/334/58 871/336/60 870/335/59
f 871/336/60 873/369/62 872/337/61
f 873/338/62 875/341/64 874/339/232
f 875/341/64 877/343/233 876/342/65
f 877/343/233 879/345/68 878/344/67
f 879/345/68 881/329/53 880/331/55
f 883/346/69 885/349/72 884/347/70
f 885/349/72 887/351/74 886/350/73
f 887/351/74 889/373/76 888/352/75
f 889/353/76 891/356/234 890/354/77
f 891/356/234 893/358/235 892/357/79
f 893/358/235 895/360/82 894/359/81
f 895/360/82 896/362/84 897/361/236
f 896/362/84 883/346/69 882/348/71
f 900/194/229 902/201/237 899/195/108
f 905/52/25 907/189/107 902/187/237
f 906/61/231 904/63/36 903/196/109
f 905/52/25 915/54/27 917/193/238
f 914/60/230 913/62/35 917/198/238
f 910/53/26 912/191/89 916/192/31
f 911/55/28 909/57/30 908/199/32
f 901/186/86 900/185/229 911/190/28
f 902/201/237 907/197/107 903/196/109
f 896/362/84 895/360/82 975/363/117
f 875/341/64 965/367/241 966/365/239
f 883/346/69 896/362/84 976/364/118
f 873/338/62 964/397/242 965/367/241
f 871/336/60 963/380/132 964/368/242
f 879/345/68 877/343/233 966/365/239
f 889/353/76 972/384/243 973/371/124
f 887/351/74 971/378/130 972/372/243
f 869/334/58 867/332/56 961/374/126
f 891/356/234 973/371/124 974/376/128
f 887/351/74 885/349/72 970/377/129
f 881/329/53 879/345/68 967/370/123
f 869/334/58 962/375/244 963/380/132
f 893/358/235 974/376/128 975/363/117
f 885/349/72 883/346/69 969/366/240
f 867/332/56 881/329/53 968/379/245
f 970/377/129 969/366/240 985/381/133
f 962/375/244 978/393/144 979/383/135
f 972/384/243 988/408/137 989/385/136
f 971/378/130 987/395/146 988/386/137
f 973/371/124 989/385/136 990/387/138
f 968/379/245 967/370/123 983/388/139
f 974/376/128 990/387/138 991/390/141
f 961/374/126 968/379/245 984/389/246
f 976/364/118 975/363/117 991/390/141
f 962/375/244 961/374/126 977/391/142
f 967/370/123 966/365/239 982/394/145
f 969/366/240 976/364/118 992/392/143
f 971/378/130 970/377/129 986/382/134
f 965/367/241 981/398/148 982/394/145
f 963/380/132 979/383/135 980/396/147
f 964/397/242 980/405/147 981/398/148
f 985/381/133 992/392/143 1008/399/149
f 987/395/146 986/382/134 1002/401/151
f 981/398/148 997/406/155 998/403/153
f 979/383/135 995/407/156 996/404/248
f 980/405/147 996/428/248 997/406/155
f 986/382/134 985/381/133 1001/400/247
f 978/393/144 994/416/164 995/407/156
f 988/408/137 1004/431/158 1005/409/157
f 987/395/146 1003/402/152 1004/410/158
f 989/385/136 1005/409/157 1006/411/159
f 984/389/246 983/388/139 999/412/160
f 990/387/138 1006/411/159 1007/414/249
f 977/391/142 984/389/246 1000/413/161
f 992/392/143 991/390/141 1007/414/249
f 978/393/144 977/391/142 993/415/250
f 983/388/139 982/394/145 998/403/153
f 1006/411/159 1022/434/256 1023/417/251
f 993/415/250 1000/413/161 1016/418/166
f 1008/399/149 1007/414/249 1023/417/251
f 994/416/164 993/415/250 1009/419/252
f 999/412/160 998/403/153 1014/422/254
f 1001/400/247 1008/399/149 1024/420/168
f 1003/402/152 1002/401/151 1018/425/173
f 997/406/155 1013/429/176 1014/422/254
f 995/407/156 1011/430/177 1012/427/175
f 996/428/248 1012/451/175 1013/429/176
f 1002/401/151 1001/400/247 1017/424/172
f 994/416/164 1010/421/253 1011/430/177
f 1004/431/158 1020/436/179 1021/432/255
f 1003/402/152 1019/426/174 1020/433/179
f 1005/409/157 1021/432/255 1022/434/256
f 1000/413/161 999/412/160 1015/423/171
f 1010/421/253 1026/445/260 1027/435/181
f 1020/436/179 1036/461/183 1037/437/182
f 1019/426/174 1035/449/263 1036/438/183
f 1021/432/255 1037/437/182 1038/439/184
f 1016/418/166 1015/423/171 1031/440/185
f 1022/434/256 1038/439/184 1039/442/258
f 1009/419/252 1016/418/166 1032/441/257
f 1024/420/168 1023/417/251 1039/442/258
f 1010/421/253 1009/419/252 1025/443/259
f 1015/423/171 1014/422/254 1030/446/261
f 1017/424/172 1024/420/168 1040/444/189
f 1019/426/174 1018/425/173 1034/448/262
f 1013/429/176 1029/452/196 1030/446/261
f 1011/430/177 1027/435/181 1028/450/195
f 1012/451/175 1028/457/195 1029/452/196
f 1018/425/173 1017/424/172 1033/447/192
f 1035/449/263 1034/448/262 1050/453/197
f 1029/452/196 1045/458/201 1046/455/199
f 1027/435/181 1043/460/203 1044/456/264
f 1028/457/195 1044/480/264 1045/458/201
f 1034/448/262 1033/447/192 1049/459/202
f 1026/445/260 1042/470/212 1043/460/203
f 1036/461/183 1052/484/205 1053/462/204
f 1035/449/263 1051/454/198 1052/463/205
f 1037/437/182 1053/462/204 1054/464/206
f 1032/441/257 1031/440/185 1047/465/207
f 1038/439/184 1054/464/206 1055/467/209
f 1025/443/259 1032/441/257 1048/466/208
f 1040/444/189 1039/442/258 1055/467/209
f 1026/445/260 1025/443/259 1041/468/265
f 1031/440/185 1030/446/261 1046/455/199
f 1033/447/192 1040/444/189 1056/469/211
f 1054/464/206 1070/487/227 1071/471/213
f 1048/466/208 1064/488/228 1057/472/214
f 1055/467/209 1071/471/213 1072/473/266
f 1041/468/265 1057/472/214 1058/474/216
f 1046/455/199 1062/478/220 1063/475/217
f 1056/469/211 1072/473/266 1065/476/218
f 1050/453/197 1066/482/267 1067/477/219
f 1045/458/201 1061/481/222 1062/478/220
f 1043/460/203 1059/483/224 1060/479/221
f 1044/480/264 1060/585/221 1061/481/222
f 1049/459/202 1065/476/218 1066/482/267
f 1042/470/212 1058/474/216 1059/483/224
f 1052/484/205 1068/586/226 1069/485/225
f 1051/454/198 1067/477/219 1068/486/226
f 1053/462/204 1069/485/225 1070/487/227
f 1047/465/207 1063/475/217 1064/488/228
usemtl mat_garage_tool_table
f 188/489/268 3/490/268 4/491/268
f 189/492/269 195/493/270 196/494/270
f 187/495/271 191/496/272 192/497/272
f 190/498/273 192/497/272 191/496/272
f 203/499/274 198/500/275 199/501/275
f 194/502/276 196/494/270 195/493/270
f 194/502/276 205/503/274 197/504/276
f 190/498/273 199/501/275 193/505/273
f 204/506/49 201/507/49 172/508/36
f 198/509/37 203/510/37 177/511/37
f 186/512/277 2/513/277 1/514/277
f 10/515/278 12/516/278 182/517/278
f 11/518/279 4/519/279 3/520/279
f 167/521/280 8/522/280 6/523/280
f 7/524/281 6/523/281 8/522/281
f 5/525/282 1/526/282 2/527/282
f 384/489/268 231/490/268 232/491/268
f 385/492/269 391/493/270 392/494/270
f 383/495/271 387/496/272 388/497/272
f 386/498/283 388/497/272 387/496/272
f 399/499/274 394/500/275 395/501/275
f 390/502/284 392/494/270 391/493/270
f 390/502/284 401/503/274 393/504/284
f 386/498/283 395/501/275 389/505/283
f 400/506/49 397/507/49 368/508/36
f 394/509/37 399/510/37 373/511/37
f 382/512/277 230/513/277 229/514/277
f 238/515/278 240/516/285 378/517/278
f 239/518/279 232/519/279 231/520/279
f 363/521/280 236/522/280 234/523/286
f 235/524/281 234/523/281 236/522/281
f 233/525/282 229/526/282 230/527/282
f 580/489/268 427/490/268 428/491/268
f 581/492/269 587/493/270 588/494/270
f 579/495/271 583/496/272 584/497/272
f 582/498/283 584/497/272 583/496/272
f 595/499/274 590/500/275 591/501/275
f 586/502/284 588/494/270 587/493/270
f 586/502/284 597/503/274 589/504/284
f 582/498/283 591/501/275 585/505/283
f 596/506/49 593/507/49 564/508/36
f 590/509/37 595/510/37 569/511/37
f 578/512/277 426/513/277 425/514/277
f 434/515/278 436/516/285 574/517/278
f 435/518/279 428/519/279 427/520/279
f 563/528/280 432/522/286 430/523/280
f 431/524/281 430/523/281 432/522/281
f 429/525/282 425/526/282 426/527/282
f 920/489/268 735/490/268 736/491/268
f 921/492/269 927/493/270 928/494/287
f 919/495/271 923/496/272 924/497/272
f 922/498/273 924/497/272 923/496/272
f 935/499/274 930/500/275 931/501/275
f 926/502/276 928/494/287 927/493/270
f 926/502/276 937/503/274 929/504/276
f 922/498/273 931/501/275 925/505/273
f 936/506/49 933/507/49 904/508/36
f 930/509/37 935/510/37 909/511/37
f 918/512/277 734/513/277 733/514/277
f 742/515/278 744/516/278 914/517/278
f 743/518/279 736/519/279 735/520/279
f 899/521/280 740/522/280 738/523/280
f 739/524/281 738/523/281 740/522/281
f 737/525/282 733/526/282 734/527/282
f 188/489/268 189/587/268 3/490/268
f 189/492/269 188/588/269 195/493/270
f 187/495/271 186/589/271 191/496/272
f 190/498/273 193/505/273 192/497/272
f 199/501/275 200/590/275 205/503/274
f 200/590/275 201/591/275 205/503/274
f 201/591/275 204/592/274 205/503/274
f 205/503/274 202/593/274 199/501/275
f 202/593/274 203/499/274 199/501/275
f 194/502/276 197/504/276 196/494/270
f 194/502/276 203/499/274 202/593/274
f 205/503/274 204/592/274 197/504/276
f 194/502/276 202/593/274 205/503/274
f 190/498/273 201/591/275 200/590/275
f 199/501/275 198/500/275 193/505/273
f 190/498/273 200/590/275 199/501/275
f 191/594/49 186/595/49 1/596/49
f 1/596/49 7/597/49 191/594/49
f 7/597/49 8/598/49 190/599/49
f 191/594/49 7/597/49 190/599/49
f 8/598/49 172/508/36 190/599/49
f 172/508/36 181/600/35 204/506/49
f 181/600/35 12/601/49 197/602/49
f 12/601/49 11/603/49 197/602/49
f 11/603/49 3/604/49 196/605/49
f 3/604/49 189/606/49 196/605/49
f 11/603/49 196/605/49 197/602/49
f 201/507/49 190/599/49 172/508/36
f 181/600/35 197/602/49 204/506/49
f 195/607/37 188/608/37 4/609/37
f 4/609/37 9/610/37 195/607/37
f 9/610/37 10/611/37 194/612/37
f 195/607/37 9/610/37 194/612/37
f 10/611/37 177/511/37 194/612/37
f 177/511/37 166/613/37 198/509/37
f 166/613/37 6/614/37 193/615/37
f 6/614/37 5/616/37 193/615/37
f 5/616/37 2/617/37 192/618/37
f 2/617/37 187/619/37 192/618/37
f 5/616/37 192/618/37 193/615/37
f 203/510/37 194/612/37 177/511/37
f 166/613/37 193/615/37 198/509/37
f 186/512/277 187/620/277 2/513/277
f 176/621/278 177/622/278 10/515/278
f 12/516/278 181/623/299 182/517/278
f 182/517/278 176/621/278 10/515/278
f 11/518/279 9/624/279 4/519/279
f 171/528/280 172/625/280 8/522/280
f 6/523/280 166/626/280 167/521/280
f 167/521/280 171/528/280 8/522/280
f 7/524/281 5/525/281 6/523/281
f 5/525/282 7/524/282 1/526/282
f 384/489/268 385/587/268 231/490/268
f 385/492/269 384/588/269 391/493/270
f 383/495/271 382/589/271 387/496/272
f 386/498/283 389/505/283 388/497/272
f 395/501/275 396/590/275 401/503/274
f 396/590/275 397/591/275 401/503/274
f 397/591/275 400/592/274 401/503/274
f 401/503/274 398/593/274 395/501/275
f 398/593/274 399/499/274 395/501/275
f 390/502/284 393/504/284 392/494/270
f 390/502/284 399/499/274 398/593/274
f 401/503/274 400/592/274 393/504/284
f 390/502/284 398/593/274 401/503/274
f 386/498/283 397/591/275 396/590/275
f 395/501/275 394/500/275 389/505/283
f 386/498/283 396/590/275 395/501/275
f 387/594/49 382/595/49 229/596/49
f 229/596/49 235/597/49 387/594/49
f 235/597/49 236/598/49 386/599/49
f 387/594/49 235/597/49 386/599/49
f 236/598/49 368/508/36 386/599/49
f 368/508/36 377/600/35 400/506/49
f 377/600/35 240/601/49 393/602/49
f 240/601/49 239/603/49 393/602/49
f 239/603/49 231/604/49 392/605/49
f 231/604/49 385/606/49 392/605/49
f 239/603/49 392/605/49 393/602/49
f 397/507/49 386/599/49 368/508/36
f 377/600/35 393/602/49 400/506/49
f 391/607/37 384/608/37 232/609/37
f 232/609/37 237/610/37 391/607/37
f 237/610/37 238/611/37 390/612/37
f 391/607/37 237/610/37 390/612/37
f 238/611/37 373/511/37 390/612/37
f 373/511/37 362/613/37 394/509/37
f 362/613/37 234/614/37 389/615/37
f 234/614/37 233/616/37 389/615/37
f 233/616/37 230/617/37 388/618/37
f 230/617/37 383/619/37 388/618/37
f 233/616/37 388/618/37 389/615/37
f 399/510/37 390/612/37 373/511/37
f 362/613/37 389/615/37 394/509/37
f 382/512/277 383/620/277 230/513/277
f 372/621/278 373/622/278 238/515/278
f 240/516/285 377/623/278 378/517/278
f 378/517/278 372/621/278 238/515/278
f 239/518/279 237/624/279 232/519/279
f 367/528/280 368/625/280 236/522/280
f 234/523/286 362/626/280 363/521/280
f 363/521/280 367/528/280 236/522/280
f 235/524/281 233/525/281 234/523/281
f 233/525/282 235/524/282 229/526/282
f 580/489/268 581/587/268 427/490/268
f 581/492/269 580/588/269 587/493/270
f 579/495/271 578/589/271 583/496/272
f 582/498/283 585/505/283 584/497/272
f 591/501/275 592/590/275 597/503/274
f 592/590/275 593/591/275 597/503/274
f 593/591/275 596/592/274 597/503/274
f 597/503/274 594/593/274 591/501/275
f 594/593/274 595/499/274 591/501/275
f 586/502/284 589/504/284 588/494/270
f 586/502/284 595/499/274 594/593/274
f 597/503/274 596/592/274 589/504/284
f 586/502/284 594/593/274 597/503/274
f 582/498/283 593/591/275 592/590/275
f 591/501/275 590/500/275 585/505/283
f 582/498/283 592/590/275 591/501/275
f 583/594/49 578/595/49 425/596/49
f 425/596/49 431/597/49 583/594/49
f 431/597/49 432/598/49 582/599/49
f 583/594/49 431/597/49 582/599/49
f 432/598/49 564/508/36 582/599/49
f 564/508/36 573/600/35 596/506/49
f 573/600/35 436/601/49 589/602/49
f 436/601/49 435/603/49 589/602/49
f 435/603/49 427/604/49 588/605/49
f 427/604/49 581/606/49 588/605/49
f 435/603/49 588/605/49 589/602/49
f 593/507/49 582/599/49 564/508/36
f 573/600/35 589/602/49 596/506/49
f 587/607/37 580/608/37 428/609/37
f 428/609/37 433/610/37 587/607/37
f 433/610/37 434/611/37 586/612/37
f 587/607/37 433/610/37 586/612/37
f 434/611/37 569/511/37 586/612/37
f 569/511/37 558/613/37 590/509/37
f 558/613/37 430/614/37 585/615/37
f 430/614/37 429/616/37 585/615/37
f 429/616/37 426/617/37 584/618/37
f 426/617/37 579/619/37 584/618/37
f 429/616/37 584/618/37 585/615/37
f 595/510/37 586/612/37 569/511/37
f 558/613/37 585/615/37 590/509/37
f 578/512/277 579/620/277 426/513/277
f 568/621/285 569/622/278 434/515/278
f 436/516/285 573/623/278 574/517/278
f 574/517/278 568/621/285 434/515/278
f 435/518/279 433/624/279 428/519/279
f 563/528/280 564/625/280 432/522/286
f 430/523/280 558/626/286 559/521/280
f 559/521/280 563/528/280 430/523/280
f 431/524/281 429/525/281 430/523/281
f 429/525/282 431/524/282 425/526/282
f 920/489/268 921/587/268 735/490/268
f 921/492/269 920/588/269 927/493/270
f 919/495/271 918/589/271 923/496/272
f 922/498/273 925/505/273 924/497/272
f 931/501/275 932/590/275 937/503/274
f 932/590/275 933/591/275 937/503/274
f 933/591/275 936/592/274 937/503/274
f 937/503/274 934/593/274 931/501/275
f 934/593/274 935/499/274 931/501/275
f 926/502/276 929/504/276 928/494/287
f 926/502/276 935/499/274 934/593/274
f 937/503/274 936/592/274 929/504/276
f 926/502/276 934/593/274 937/503/274
f 922/498/273 933/591/275 932/590/275
f 931/501/275 930/500/275 925/505/273
f 922/498/273 932/590/275 931/501/275
f 923/594/49 918/595/49 733/596/49
f 733/596/49 739/597/49 923/594/49
f 739/597/49 740/598/49 922/599/49
f 923/594/49 739/597/49 922/599/49
f 740/598/49 904/508/36 922/599/49
f 904/508/36 913/600/35 936/506/49
f 913/600/35 744/601/49 929/602/49
f 744/601/49 743/603/49 929/602/49
f 743/603/49 735/604/49 928/605/49
f 735/604/49 921/606/49 928/605/49
f 743/603/49 928/605/49 929/602/49
f 933/507/49 922/599/49 904/508/36
f 913/600/35 929/602/49 936/506/49
f 927/607/37 920/608/37 736/609/37
f 736/609/37 741/610/37 927/607/37
f 741/610/37 742/611/37 926/612/37
f 927/607/37 741/610/37 926/612/37
f 742/611/37 909/511/37 926/612/37
f 909/511/37 898/613/37 930/509/37
f 898/613/37 738/614/37 925/615/37
f 738/614/37 737/616/37 925/615/37
f 737/616/37 734/617/37 924/618/37
f 734/617/37 919/619/37 924/618/37
f 737/616/37 924/618/37 925/615/37
f 935/510/37 926/612/37 909/511/37
f 898/613/37 925/615/37 930/509/37
f 918/512/277 919/620/277 734/513/277
f 908/621/278 909/622/285 742/515/278
f 744/516/278 913/623/278 914/517/278
f 914/517/278 908/621/278 742/515/278
f 743/518/279 741/624/279 736/519/279
f 903/528/280 904/625/280 740/522/280
f 738/523/280 898/626/280 899/521/280
f 899/521/280 903/528/280 740/522/280
f 739/524/281 737/525/281 738/523/281
f 737/525/282 739/524/282 733/526/282
