# Blender 4.5.3 LTS
# www.blender.org
mtllib Glass.mtl
o Glass
v 2.070177 1.404668 -0.734218
v 2.355876 1.303523 -0.585297
v 2.144032 1.428701 -0.372707
v 2.116304 1.420130 -0.549000
v 2.728674 1.122744 -0.424217
v 2.284139 1.289280 -0.793118
v 2.153240 1.433862 -0.006314
v 2.430960 1.306806 0.002376
v 2.398955 1.307343 -0.394761
v 2.152495 1.432263 -0.189389
v 2.421339 1.307378 -0.196397
v 2.173984 1.347922 -0.767136
v 2.294796 1.370285 -0.001884
v 2.236197 1.362980 -0.567109
v 2.272571 1.368729 -0.383702
v 2.288969 1.370072 -0.192853
v 2.494453 1.225644 -0.606948
v 2.419015 1.212111 -0.823824
v 2.569555 1.233207 0.006713
v 2.538195 1.230557 -0.407886
v 2.560300 1.232451 -0.200824
v 2.683456 1.114644 -0.632380
v 2.751213 1.127592 -0.210132
v 2.755596 1.129817 0.012534
v 2.308514 1.297467 -0.726575
v 2.083094 1.410247 -0.679701
v 2.195163 1.355191 -0.703089
v 2.444914 1.219664 -0.754959
v 2.671614 1.170658 -0.204507
v 2.607848 1.160271 -0.625207
v 2.528995 1.140872 -0.849123
v 2.679729 1.172896 0.010160
v 2.651009 1.166644 -0.418694
v 2.556744 1.153011 -0.780099
v 2.633355 1.108236 -0.789378
v 2.601281 1.107930 -0.852421
v 2.024831 1.404668 0.714973
v 2.319281 1.303523 0.584206
v 2.121143 1.428701 0.358787
v 2.082448 1.420130 0.533001
v 2.701422 1.122744 0.446748
v 2.234692 1.289280 0.787135
v 2.374188 1.307343 0.396735
v 2.141051 1.432263 0.176358
v 2.408930 1.307378 0.200159
v 2.126377 1.347922 0.754317
v 2.200974 1.362980 0.558571
v 2.248743 1.368729 0.377797
v 2.277041 1.370072 0.188347
v 2.456234 1.225644 0.614478
v 2.367384 1.212111 0.826214
v 2.512335 1.230557 0.418540
v 2.547343 1.232451 0.213265
v 2.643277 1.114644 0.651677
v 2.737300 1.127592 0.234491
v 2.263179 1.297467 0.722246
v 2.041131 1.410247 0.661371
v 2.151519 1.355192 0.691720
v 2.397538 1.219664 0.759103
v 2.658209 1.170658 0.223901
v 2.568265 1.160271 0.639791
v 2.475568 1.140872 0.858340
v 2.624253 1.166644 0.436380
v 2.507577 1.153011 0.791185
v 2.583459 1.108236 0.805236
v 2.547506 1.107930 0.866149
v 2.074807 1.400853 -0.742382
v 2.424421 1.265756 -0.595907
v 2.132348 1.424985 -0.463645
v 2.350490 1.252518 -0.808242
v 2.708363 1.118851 -0.530970
v 2.164273 1.428907 -0.005969
v 2.501056 1.270422 0.004570
v 2.294041 1.293554 -0.766085
v 2.125648 1.415676 -0.550411
v 2.468388 1.269842 -0.401224
v 2.379745 1.305849 -0.493048
v 2.154050 1.424026 -0.373564
v 2.411958 1.307696 -0.295600
v 2.149945 1.430918 -0.280995
v 2.353481 1.340378 -0.194513
v 2.098578 1.414843 -0.622966
v 2.225768 1.320550 -0.779478
v 2.361567 1.340005 0.000205
v 2.293295 1.335462 -0.575747
v 2.333546 1.339978 -0.388948
v 2.230298 1.396808 -0.191364
v 2.282520 1.369785 -0.288267
v 2.256629 1.366353 -0.478311
v 2.214191 1.359123 -0.644062
v 2.559224 1.188276 -0.617366
v 2.481711 1.171979 -0.838299
v 2.632506 1.198747 0.008683
v 2.602654 1.194038 -0.414061
v 2.491225 1.270520 -0.198559
v 2.551109 1.231790 -0.304380
v 2.518858 1.228377 -0.510502
v 2.467974 1.222795 -0.690730
v 2.154080 1.433362 -0.097814
v 2.429119 1.306985 -0.096992
v 2.294094 1.370219 -0.097341
v 2.567880 1.232971 -0.097045
v 2.656936 1.110996 -0.721127
v 2.742560 1.125566 -0.317646
v 2.755956 1.129155 -0.099678
v 2.330431 1.300756 -0.665246
v 2.073392 1.407149 -0.715357
v 2.182588 1.351479 -0.741117
v 2.429579 1.216038 -0.796027
v 2.508705 1.181614 -0.769268
v 2.248720 1.328637 -0.714245
v 2.091828 1.405997 -0.681525
v 2.375667 1.260007 -0.740324
v 2.623903 1.197144 -0.202929
v 2.540462 1.147423 -0.821904
v 2.632197 1.163605 -0.524923
v 2.663210 1.168897 -0.311623
v 2.678452 1.172197 -0.097168
v 2.580760 1.157024 -0.712976
v 2.127485 1.372668 -0.756011
v 2.233940 1.397617 -0.003788
v 2.184655 1.387549 -0.559324
v 2.217312 1.394511 -0.378975
v 2.163131 1.427416 -0.189659
v 2.146984 1.378886 -0.693035
v 2.735335 1.141650 0.011900
v 2.729330 1.139202 -0.207974
v 2.707937 1.134444 -0.423149
v 2.663996 1.127040 -0.631441
v 2.614138 1.120349 -0.787907
v 2.615967 1.106785 -0.831639
v 2.585370 1.112632 -0.858224
v 2.028941 1.400853 0.723411
v 2.387029 1.265756 0.599081
v 2.103796 1.424985 0.448817
v 2.299968 1.252518 0.806377
v 2.674475 1.118851 0.552023
v 2.246264 1.293554 0.760774
v 2.091686 1.415675 0.534994
v 2.443081 1.269842 0.407527
v 2.348871 1.305849 0.493629
v 2.131088 1.424026 0.360269
v 2.393366 1.307696 0.298582
v 2.132778 1.430918 0.267625
v 2.341323 1.340378 0.194037
v 2.060132 1.414843 0.605715
v 2.177287 1.320550 0.769873
v 2.257420 1.335462 0.570762
v 2.309270 1.339978 0.386845
v 2.218578 1.396808 0.183192
v 2.264639 1.369785 0.283170
v 2.226918 1.366353 0.471224
v 2.174200 1.359123 0.633997
v 2.520226 1.188276 0.628925
v 2.429052 1.171979 0.844580
v 2.576283 1.194038 0.428733
v 2.478545 1.270520 0.206686
v 2.531696 1.231790 0.316044
v 2.486621 1.228377 0.519747
v 2.424569 1.222795 0.696440
v 2.148358 1.433362 0.085060
v 2.422910 1.306985 0.101435
v 2.288128 1.370218 0.093342
v 2.561397 1.232971 0.110163
v 2.611260 1.110996 0.738592
v 2.721942 1.125567 0.341254
v 2.748939 1.129155 0.124550
v 2.288887 1.300756 0.662407
v 2.029219 1.407149 0.696351
v 2.136591 1.351480 0.728887
v 2.379666 1.216038 0.799131
v 2.460310 1.181614 0.777372
v 2.204273 1.328637 0.706203
v 2.049734 1.405997 0.663736
v 2.329342 1.260007 0.740167
v 2.610689 1.197144 0.219342
v 2.488714 1.147423 0.831890
v 2.598836 1.163605 0.541225
v 2.643124 1.168897 0.330282
v 2.671744 1.172197 0.117199
v 2.535743 1.157024 0.725695
v 2.080665 1.372668 0.740307
v 2.150019 1.387549 0.547579
v 2.193887 1.394511 0.369624
v 2.151649 1.427416 0.177292
v 2.104062 1.378886 0.678673
v 2.715596 1.139202 0.230970
v 2.680791 1.134444 0.444386
v 2.623913 1.127039 0.649523
v 2.564371 1.120349 0.802566
v 2.563462 1.106785 0.846327
v 2.531263 1.112632 0.870947
v 2.360723 1.256416 -0.780672
v 2.081486 1.402981 -0.718040
v 2.448818 1.268149 -0.501641
v 2.142034 1.420416 -0.464788
v 2.481645 1.270491 -0.299918
v 2.160278 1.426154 -0.281562
v 2.164992 1.428441 -0.097777
v 2.398268 1.263075 -0.677634
v 2.269354 1.332245 -0.654124
v 2.532356 1.185183 -0.703399
v 2.499175 1.270452 -0.096981
v 2.345294 1.340538 -0.291739
v 2.315699 1.338184 -0.485308
v 2.235092 1.324686 -0.752977
v 2.360182 1.340122 -0.097131
v 2.615161 1.195854 -0.308519
v 2.583614 1.191366 -0.518740
v 2.492804 1.177089 -0.810782
v 2.164488 1.383080 -0.634993
v 2.233901 1.397365 -0.097544
v 2.637543 1.123688 -0.719984
v 2.734969 1.140903 -0.098494
v 2.225525 1.396067 -0.285141
v 2.203200 1.391560 -0.472007
v 2.135406 1.375517 -0.730427
v 2.720911 1.137143 -0.315818
v 2.688447 1.130845 -0.530158
v 2.597670 1.116549 -0.830655
v 2.107589 1.410505 -0.624610
v 2.631058 1.198246 -0.097115
v 2.311905 1.256416 0.779502
v 2.037129 1.402981 0.699535
v 2.417273 1.268149 0.506524
v 2.113392 1.420416 0.450563
v 2.462646 1.270491 0.307249
v 2.143055 1.426154 0.268836
v 2.159251 1.428441 0.085705
v 2.355817 1.263075 0.679013
v 2.228626 1.332245 0.647489
v 2.488032 1.185183 0.713110
v 2.492830 1.270452 0.105804
v 2.327074 1.340538 0.290560
v 2.285434 1.338184 0.481900
v 2.188251 1.324686 0.744006
v 2.354099 1.340122 0.097265
v 2.595364 1.195854 0.324179
v 2.550736 1.191366 0.532017
v 2.441844 1.177089 0.817810
v 2.125161 1.383080 0.621839
v 2.228040 1.397364 0.089782
v 2.591977 1.123688 0.736239
v 2.728068 1.140903 0.122055
v 2.207951 1.396067 0.276487
v 2.173987 1.391560 0.461591
v 2.090170 1.375517 0.715268
v 2.700451 1.137143 0.338076
v 2.654649 1.130845 0.549967
v 2.545262 1.116549 0.844201
v 2.069022 1.410505 0.607919
v 2.624446 1.198246 0.114183
v 2.065547 1.394354 -0.732057
v 2.139237 1.418265 -0.371904
v 2.111612 1.409751 -0.547328
v 2.723089 1.112744 -0.423049
v 2.279440 1.279286 -0.789875
v 2.148520 1.423364 -0.006462
v 2.147727 1.421789 -0.189140
v 2.169380 1.337776 -0.764242
v 2.413898 1.202389 -0.820386
v 2.677474 1.105011 -0.630393
v 2.745795 1.117449 -0.209616
v 2.749889 1.119820 0.012356
v 2.078498 1.399910 -0.677579
v 2.524084 1.131361 -0.844885
v 2.627595 1.098615 -0.786764
v 2.596595 1.097912 -0.849231
v 2.020345 1.394354 0.712527
v 2.116407 1.418265 0.357687
v 2.077869 1.409751 0.531040
v 2.695920 1.112744 0.445234
v 2.230205 1.279286 0.783604
v 2.136308 1.421790 0.175810
v 2.121963 1.337776 0.751141
v 2.362493 1.202389 0.822462
v 2.637431 1.105011 0.649320
v 2.731925 1.117449 0.233637
v 2.036677 1.399910 0.658966
v 2.470931 1.131361 0.853802
v 2.577874 1.098615 0.802267
v 2.543029 1.097912 0.862674
v 2.070098 1.390588 -0.740155
v 2.127591 1.414578 -0.462382
v 2.345578 1.242634 -0.804974
v 2.702555 1.109041 -0.529369
v 2.145149 1.420462 -0.280570
v 2.093952 1.404489 -0.620990
v 2.221188 1.310465 -0.776345
v 2.476555 1.162435 -0.834441
v 2.149343 1.422873 -0.097701
v 2.650928 1.101454 -0.718812
v 2.737143 1.115439 -0.316864
v 2.750361 1.119097 -0.099438
v 2.068783 1.396825 -0.713202
v 2.122786 1.362489 -0.753405
v 2.610761 1.096935 -0.828701
v 2.580966 1.102592 -0.854701
v 2.024381 1.390588 0.720894
v 2.099128 1.414578 0.447259
v 2.295269 1.242634 0.802809
v 2.668779 1.109041 0.550062
v 2.128019 1.420462 0.266900
v 2.055639 1.404489 0.603453
v 2.172913 1.310465 0.766459
v 2.424148 1.162435 0.840407
v 2.143637 1.422873 0.084651
v 2.605408 1.101454 0.735906
v 2.716585 1.115439 0.340135
v 2.743371 1.119097 0.123960
v 2.024753 1.396825 0.693911
v 2.076137 1.362489 0.737412
v 2.558450 1.096935 0.843068
v 2.527088 1.102592 0.867155
v 0.434203 1.434615 -0.643419
v 0.383374 1.453105 -0.061694
v 0.420729 1.442690 -0.567626
v 0.404900 1.450722 -0.437109
v 0.396042 1.453061 -0.294307
v -0.281726 1.211342 -0.630767
v 0.356899 1.414775 -0.643808
v 0.304183 1.431917 -0.064172
v 0.344721 1.420531 -0.566793
v 0.327822 1.427728 -0.436111
v 0.314442 1.430056 -0.294367
v -0.367867 1.218523 -0.085201
v -0.324287 1.213934 -0.441273
v -0.298458 1.210993 -0.557961
v 0.429075 1.428792 -0.673386
v -0.265633 1.212339 -0.660198
v 0.362668 1.409187 -0.677521
v -0.348055 1.215982 -0.304844
v -0.362395 1.217754 -0.176343
v 0.389453 1.453794 -0.166433
v 0.306897 1.431262 -0.167924
v -0.107020 1.267262 -0.634444
v 0.046255 1.316324 -0.637671
v 0.210246 1.368814 -0.641124
v 0.216215 1.363463 -0.674683
v 0.052306 1.311751 -0.671182
v -0.100893 1.263419 -0.667909
v -0.183800 1.277113 -0.079442
v -0.022427 1.328654 -0.074392
v 0.150223 1.383477 -0.068990
v -0.178798 1.276337 -0.173500
v -0.018425 1.327767 -0.171653
v 0.153125 1.382712 -0.169626
v 0.162587 1.381352 -0.295262
v -0.006686 1.326226 -0.297940
v -0.165142 1.274707 -0.300278
v 0.178609 1.379076 -0.434952
v 0.011693 1.324018 -0.437194
v -0.144955 1.272569 -0.439126
v 0.197346 1.372916 -0.564332
v 0.032207 1.318939 -0.562278
v -0.122295 1.268492 -0.560325
v -0.205354 1.230463 -0.665677
v -0.273476 1.239577 -0.302795
v -0.251937 1.237493 -0.440377
v -0.227671 1.234095 -0.558916
v -0.211533 1.233809 -0.632244
v -0.293850 1.241930 -0.082885
v -0.288243 1.241259 -0.175119
v 0.397735 1.434615 0.522071
v 0.389025 1.442690 0.445584
v 0.381387 1.450722 0.314332
v 0.381474 1.453061 0.171255
v -0.316003 1.211342 0.464683
v 0.320557 1.414775 0.517626
v 0.313217 1.420531 0.440000
v 0.304523 1.427728 0.308517
v 0.300030 1.430056 0.166215
v -0.346635 1.213934 0.272899
v -0.328152 1.210993 0.390974
v 0.390742 1.428792 0.551659
v -0.301782 1.212339 0.495063
v 0.324206 1.409187 0.551635
v -0.361826 1.215982 0.135251
v -0.368104 1.217754 0.006105
v 0.382893 1.453794 0.043220
v 0.300406 1.431262 0.039547
v -0.141869 1.267262 0.479277
v 0.010904 1.316324 0.492080
v 0.174358 1.368814 0.505778
v 0.178218 1.363463 0.539645
v 0.014849 1.311751 0.525903
v -0.137846 1.263419 0.513059
v -0.184689 1.276337 0.014746
v -0.024513 1.327767 0.022929
v 0.146828 1.382712 0.031631
v 0.148416 1.381352 0.157613
v -0.020693 1.326226 0.149703
v -0.178985 1.274707 0.142130
v 0.155673 1.379076 0.298031
v -0.011057 1.324018 0.289834
v -0.167519 1.272569 0.281968
v 0.166285 1.372916 0.428330
v 0.001597 1.318939 0.415956
v -0.152480 1.268492 0.404347
v -0.241963 1.230463 0.504301
v -0.287264 1.239577 0.137869
v -0.274370 1.237493 0.276528
v -0.257562 1.234095 0.396353
v -0.246040 1.233810 0.470546
v -0.294021 1.241259 0.009519
v 0.412336 1.447225 -0.507032
v 0.399711 1.452406 -0.365025
v -0.276553 1.210777 -0.649884
v 0.336332 1.424383 -0.505911
v 0.320437 1.429391 -0.364450
v 0.361835 1.443968 -0.294304
v 0.389419 1.433997 -0.567384
v 0.402052 1.427144 -0.643902
v 0.373137 1.441631 -0.436719
v 0.350788 1.445080 -0.062714
v 0.428409 1.438214 -0.612677
v 0.351713 1.417425 -0.612525
v -0.288581 1.211131 -0.600388
v -0.337053 1.215124 -0.374016
v -0.310872 1.212207 -0.503837
v 0.290073 1.394244 -0.642754
v 0.360284 1.412036 -0.663669
v 0.392800 1.453590 -0.227448
v 0.309880 1.430656 -0.228251
v 0.436186 1.432106 -0.662817
v 0.406231 1.422044 -0.677314
v -0.241390 1.219208 -0.664375
v -0.356509 1.216901 -0.236973
v -0.365975 1.218322 -0.127314
v 0.385921 1.453421 -0.112158
v 0.305392 1.431730 -0.114171
v 0.354853 1.444971 -0.167167
v 0.234212 1.410211 -0.066361
v 0.236684 1.409416 -0.168731
v -0.312885 1.227036 -0.303876
v -0.290329 1.224970 -0.440851
v -0.265294 1.221815 -0.558409
v -0.165508 1.248542 -0.633213
v -0.034400 1.290507 -0.635973
v 0.128251 1.342569 -0.639398
v 0.295988 1.388570 -0.676351
v 0.134260 1.337607 -0.672933
v -0.028310 1.286319 -0.669460
v -0.245377 1.257403 -0.081368
v -0.107343 1.301575 -0.077049
v 0.063898 1.356055 -0.071691
v -0.239988 1.256701 -0.174351
v -0.102818 1.300714 -0.172607
v 0.067352 1.355237 -0.170629
v 0.245082 1.408113 -0.294600
v 0.077963 1.353788 -0.296510
v -0.090055 1.299115 -0.299146
v 0.259936 1.405807 -0.435265
v 0.095178 1.351545 -0.435814
v -0.070672 1.296943 -0.438304
v 0.277714 1.399110 -0.565649
v 0.114782 1.345927 -0.563242
v -0.049077 1.292393 -0.561277
v 0.204808 1.370712 -0.609887
v 0.040361 1.317517 -0.606729
v -0.113360 1.267800 -0.603773
v 0.188185 1.376100 -0.503919
v 0.022231 1.321460 -0.504074
v -0.133326 1.270401 -0.504118
v 0.169924 1.380640 -0.364425
v 0.001874 1.325459 -0.367411
v -0.155701 1.273895 -0.370015
v 0.156865 1.382027 -0.229490
v -0.013610 1.326990 -0.231534
v -0.173036 1.275541 -0.233338
v -0.182080 1.276902 -0.123566
v -0.020970 1.328394 -0.120480
v 0.151390 1.383255 -0.117161
v 0.213759 1.366346 -0.660921
v 0.049904 1.314320 -0.657410
v -0.103245 1.265694 -0.654129
v -0.159351 1.244976 -0.666660
v -0.225606 1.255048 -0.301540
v -0.204785 1.252939 -0.439806
v -0.181266 1.249242 -0.559540
v -0.248842 1.221868 -0.631459
v -0.333179 1.229461 -0.084116
v -0.327575 1.228758 -0.175766
v -0.291965 1.241763 -0.125782
v -0.218181 1.233899 -0.601749
v -0.239479 1.235587 -0.503957
v -0.263406 1.238737 -0.372269
v -0.281949 1.240457 -0.235340
v -0.207673 1.232537 -0.651891
v 0.384437 1.447225 0.384583
v 0.380715 1.452406 0.242065
v -0.312036 1.210777 0.484086
v 0.308651 1.424383 0.378713
v 0.301632 1.429391 0.236535
v 0.347333 1.443968 0.169114
v 0.357790 1.433997 0.443385
v 0.365617 1.427144 0.520542
v 0.349711 1.441631 0.311957
v 0.393873 1.438214 0.491027
v 0.317337 1.417425 0.486081
v -0.320947 1.211131 0.433934
v -0.355171 1.215124 0.204976
v -0.337156 1.212207 0.336179
v 0.253928 1.394244 0.512396
v 0.322693 1.412036 0.537660
v 0.382419 1.453590 0.104326
v 0.299611 1.430656 0.099942
v 0.398500 1.432106 0.541556
v 0.367697 1.422044 0.554151
v -0.277847 1.219208 0.500748
v -0.366019 1.216901 0.066984
v -0.368612 1.218322 -0.043052
v 0.382761 1.453421 -0.011169
v 0.302263 1.431730 -0.014195
v 0.348314 1.444971 0.041790
v 0.230279 1.409416 0.035962
v -0.326664 1.227036 0.136485
v -0.312716 1.224970 0.274601
v -0.295080 1.221815 0.393494
v -0.200166 1.248542 0.474391
v -0.069487 1.290507 0.485342
v 0.092631 1.342569 0.498929
v 0.257730 1.388570 0.546298
v 0.096533 1.337607 0.532774
v -0.065502 1.286319 0.519144
v -0.245813 1.256701 0.011770
v -0.108801 1.300714 0.018605
v 0.061160 1.355237 0.027270
v 0.230792 1.408113 0.162111
v 0.063879 1.353788 0.153568
v -0.103975 1.299115 0.145694
v 0.236822 1.405807 0.303428
v 0.072351 1.351545 0.293675
v -0.093329 1.296943 0.285792
v 0.246413 1.399110 0.434669
v 0.083951 1.345927 0.422080
v -0.079466 1.292393 0.409874
v 0.170885 1.370712 0.474263
v 0.006957 1.317517 0.460830
v -0.146279 1.267800 0.448269
v 0.160919 1.376100 0.367463
v -0.004720 1.321460 0.357241
v -0.159975 1.270401 0.347560
v 0.151414 1.380640 0.227100
v -0.016493 1.325459 0.219573
v -0.173923 1.273895 0.212320
v 0.146818 1.382027 0.091612
v -0.023452 1.326990 0.082994
v -0.182678 1.275541 0.074827
v -0.184842 1.276902 -0.035295
v -0.023855 1.328394 -0.028304
v 0.148376 1.383255 -0.020839
v 0.176627 1.366346 0.525756
v 0.013311 1.314320 0.512008
v -0.139332 1.265694 0.499158
v -0.196112 1.244976 0.508157
v -0.239410 1.255048 0.139609
v -0.227274 1.252939 0.278906
v -0.211287 1.249242 0.399878
v -0.283227 1.221868 0.467429
v -0.333316 1.228758 0.007706
v -0.294650 1.241763 -0.039954
v -0.250768 1.233899 0.439694
v -0.265910 1.235587 0.340763
v -0.281558 1.238737 0.207836
v -0.291504 1.240457 0.070016
v -0.243416 1.232537 0.490396
v 0.357914 1.444532 -0.227830
v 0.381107 1.438190 -0.506617
v 0.366764 1.443312 -0.364766
v 0.396644 1.430250 -0.612837
v 0.405167 1.424539 -0.663713
v -0.244741 1.220786 -0.651009
v 0.352544 1.445096 -0.113076
v 0.235278 1.409974 -0.115567
v -0.321400 1.227936 -0.236202
v -0.302384 1.226186 -0.373192
v -0.277412 1.223160 -0.503893
v -0.255600 1.221797 -0.601025
v 0.284842 1.396499 -0.611431
v 0.122585 1.344115 -0.608300
v -0.040527 1.291355 -0.605177
v 0.268993 1.402626 -0.504804
v 0.105227 1.348779 -0.503814
v -0.059577 1.294591 -0.504171
v 0.251825 1.407428 -0.364147
v 0.085921 1.353048 -0.365717
v -0.080999 1.298325 -0.368822
v 0.071633 1.354508 -0.230483
v -0.097504 1.299918 -0.232447
v 0.239936 1.408750 -0.228766
v -0.243555 1.257222 -0.124789
v -0.105749 1.301328 -0.122097
v 0.065210 1.355817 -0.118817
v 0.293520 1.391568 -0.662581
v 0.131832 1.340333 -0.659166
v -0.030685 1.288733 -0.655684
v -0.331276 1.229284 -0.126595
v -0.172019 1.248827 -0.602641
v -0.192725 1.250918 -0.504035
v -0.215861 1.254220 -0.371182
v -0.233860 1.255907 -0.234341
v -0.161685 1.247139 -0.652877
v 0.347578 1.444532 0.102525
v 0.353294 1.438190 0.382217
v 0.347848 1.443312 0.239747
v 0.362160 1.430250 0.489201
v 0.367485 1.424539 0.540509
v -0.280357 1.220786 0.487198
v 0.349392 1.445096 -0.012340
v 0.232200 1.409974 -0.017186
v -0.330932 1.227936 0.068409
v -0.320518 1.226186 0.206321
v -0.303765 1.223160 0.338327
v -0.288070 1.221797 0.436633
v 0.250665 1.396499 0.480808
v 0.088922 1.344115 0.467539
v -0.073677 1.291355 0.454223
v 0.241514 1.402626 0.373398
v 0.078129 1.348779 0.362171
v -0.086375 1.294591 0.352225
v 0.233173 1.407428 0.231943
v 0.067495 1.353048 0.223137
v -0.099293 1.298325 0.215800
v 0.061690 1.354508 0.087274
v -0.107239 1.299918 0.078660
v 0.229772 1.408750 0.096084
v -0.246273 1.257222 -0.037919
v -0.108569 1.301328 -0.031988
v 0.062262 1.355817 -0.024575
v 0.256129 1.391568 0.532400
v 0.094969 1.340333 0.518883
v -0.067012 1.288733 0.505247
v -0.333936 1.229284 -0.041600
v -0.204753 1.248827 0.443471
v -0.219254 1.250918 0.343764
v -0.234038 1.254220 0.209724
v -0.243447 1.255908 0.072025
v -0.197579 1.247139 0.494255
v 0.436828 1.423543 -0.641684
v 0.386140 1.441933 -0.061607
v 0.423745 1.431666 -0.566262
v 0.408052 1.439675 -0.436396
v 0.399009 1.441943 -0.294039
v -0.278210 1.200426 -0.629791
v 0.360114 1.403863 -0.642058
v 0.307452 1.420882 -0.064070
v 0.348117 1.409601 -0.565574
v 0.331270 1.416774 -0.435336
v 0.317801 1.419053 -0.294006
v -0.364405 1.207546 -0.085093
v -0.320764 1.203017 -0.440340
v -0.294894 1.200090 -0.557010
v 0.431824 1.417788 -0.671429
v -0.262189 1.201555 -0.658115
v 0.365870 1.398454 -0.674868
v -0.344612 1.205017 -0.304223
v -0.358942 1.206784 -0.175908
v 0.392292 1.442642 -0.166264
v 0.310188 1.420235 -0.167695
v -0.103506 1.256372 -0.633211
v 0.049766 1.305455 -0.636252
v 0.213745 1.357969 -0.639506
v 0.219631 1.352841 -0.671854
v 0.055740 1.301077 -0.668586
v -0.097448 1.252695 -0.665541
v -0.180294 1.266151 -0.079331
v -0.018936 1.317687 -0.074283
v 0.153710 1.372508 -0.068881
v -0.175287 1.265383 -0.173082
v -0.014917 1.316810 -0.171288
v 0.156631 1.371753 -0.169336
v 0.166138 1.370413 -0.294806
v -0.003136 1.315289 -0.297414
v -0.161598 1.263771 -0.299699
v 0.182193 1.368170 -0.434126
v 0.015269 1.313110 -0.436340
v -0.141387 1.261662 -0.438243
v 0.200912 1.362029 -0.563218
v 0.035773 1.308045 -0.561235
v -0.118730 1.257592 -0.559337
v -0.201902 1.219706 -0.663473
v -0.269975 1.228629 -0.302184
v -0.248386 1.226582 -0.439465
v -0.224106 1.223192 -0.557966
v -0.208018 1.222905 -0.631145
v -0.290362 1.230963 -0.082776
v -0.284757 1.230298 -0.174679
v 0.400463 1.423543 0.520503
v 0.392120 1.431666 0.444411
v 0.384577 1.439675 0.313818
v 0.384452 1.441943 0.171174
v -0.312432 1.200426 0.463928
v 0.323875 1.403863 0.516080
v 0.316683 1.409601 0.438996
v 0.308012 1.416774 0.307960
v 0.303405 1.419053 0.166064
v -0.343059 1.203017 0.272187
v -0.324535 1.200090 0.390248
v 0.393609 1.417788 0.549878
v -0.298215 1.201555 0.493199
v 0.327568 1.398454 0.549186
v -0.358351 1.205017 0.134846
v -0.364630 1.206784 0.005887
v 0.385737 1.442642 0.043229
v 0.303704 1.420235 0.039524
v -0.138285 1.256372 0.478266
v 0.014497 1.305455 0.490882
v 0.177952 1.357969 0.504382
v 0.181803 1.352841 0.537035
v 0.018438 1.301077 0.523527
v -0.134260 1.252695 0.510911
v -0.181158 1.265384 0.014548
v -0.020990 1.316810 0.022784
v 0.150344 1.371753 0.031561
v 0.151988 1.370413 0.157381
v -0.017117 1.315289 0.149400
v -0.175412 1.263771 0.141773
v 0.159302 1.368170 0.297432
v -0.007434 1.313110 0.289205
v -0.163903 1.261662 0.281310
v 0.169912 1.362029 0.427441
v 0.005222 1.308045 0.415138
v -0.148860 1.257592 0.403583
v -0.238381 1.219706 0.502316
v -0.283732 1.228629 0.137477
v -0.270769 1.226582 0.275840
v -0.253944 1.223192 0.395627
v -0.242463 1.222905 0.469669
v -0.290514 1.230298 0.009298
v 0.415493 1.436209 -0.505960
v 0.402776 1.441318 -0.364623
v -0.273072 1.199913 -0.648359
v 0.339783 1.413453 -0.504855
v 0.323845 1.418409 -0.363952
v 0.364941 1.432889 -0.294005
v 0.392580 1.423006 -0.566082
v 0.404891 1.416128 -0.642152
v 0.376396 1.430615 -0.435990
v 0.353738 1.433955 -0.062622
v 0.431184 1.427158 -0.611085
v 0.355011 1.406484 -0.611150
v -0.285034 1.200208 -0.599611
v -0.333576 1.204177 -0.373268
v -0.307314 1.201311 -0.502781
v 0.293509 1.383391 -0.641050
v 0.363482 1.401231 -0.661325
v 0.395695 1.442453 -0.227219
v 0.313199 1.419639 -0.227949
v 0.438840 1.421059 -0.660970
v 0.409160 1.411139 -0.675079
v -0.237941 1.208436 -0.662241
v -0.353067 1.205930 -0.236438
v -0.362516 1.207348 -0.127025
v 0.388711 1.442255 -0.112054
v 0.308667 1.420697 -0.114019
v 0.357854 1.433860 -0.166977
v 0.237660 1.399230 -0.066253
v 0.240146 1.398442 -0.168471
v -0.309424 1.216076 -0.303257
v -0.286794 1.214056 -0.439918
v -0.261730 1.210911 -0.557471
v -0.161993 1.237643 -0.632054
v -0.030888 1.279626 -0.634651
v 0.131760 1.331713 -0.637878
v 0.299351 1.377940 -0.673496
v 0.137689 1.326961 -0.670214
v -0.024869 1.275618 -0.666983
v -0.241874 1.246439 -0.081258
v -0.103842 1.290610 -0.076940
v 0.067383 1.345086 -0.071582
v -0.236483 1.245746 -0.173918
v -0.099307 1.289760 -0.172211
v 0.070859 1.344279 -0.170303
v 0.248591 1.397159 -0.294187
v 0.081516 1.342851 -0.296018
v -0.086509 1.288179 -0.298591
v 0.263494 1.394890 -0.434458
v 0.098760 1.340639 -0.434974
v -0.067102 1.286036 -0.437436
v 0.281244 1.388216 -0.564490
v 0.118351 1.335037 -0.562166
v -0.045512 1.281495 -0.560264
v 0.208345 1.359824 -0.608695
v 0.043905 1.306617 -0.605682
v -0.109815 1.256887 -0.602859
v 0.191766 1.365211 -0.502876
v 0.025806 1.310568 -0.503041
v -0.129755 1.259507 -0.503082
v 0.173497 1.369714 -0.363838
v 0.005442 1.314535 -0.366768
v -0.152142 1.262971 -0.369329
v 0.160391 1.371078 -0.229107
v -0.010082 1.316043 -0.231076
v -0.169509 1.264596 -0.232821
v -0.178575 1.265942 -0.123295
v -0.017477 1.317429 -0.120242
v 0.154881 1.372289 -0.116976
v 0.217207 1.355629 -0.658527
v 0.053368 1.303561 -0.655241
v -0.099773 1.254895 -0.652175
v -0.155902 1.234234 -0.664383
v -0.222074 1.244109 -0.300941
v -0.201221 1.242032 -0.438910
v -0.177700 1.238341 -0.558573
v -0.245328 1.210958 -0.630413
v -0.329708 1.218487 -0.084007
v -0.324111 1.217791 -0.175327
v -0.288478 1.230797 -0.125496
v -0.214635 1.222979 -0.600927
v -0.235912 1.224693 -0.502913
v -0.259881 1.227804 -0.371548
v -0.278460 1.229502 -0.234797
v -0.204196 1.221713 -0.650092
v 0.387655 1.436208 0.383711
v 0.383799 1.441318 0.241855
v -0.308466 1.199913 0.482782
v 0.312161 1.413453 0.377875
v 0.305064 1.418409 0.236251
v 0.350452 1.432889 0.169010
v 0.361028 1.423006 0.442283
v 0.368558 1.416128 0.518974
v 0.353009 1.430615 0.311434
v 0.396742 1.427158 0.489611
v 0.320715 1.406484 0.484913
v -0.317357 1.200208 0.433382
v -0.351654 1.204177 0.204447
v -0.333540 1.201311 0.335348
v 0.257463 1.383391 0.510911
v 0.326031 1.401231 0.535520
v 0.385322 1.442453 0.104277
v 0.302942 1.419639 0.099848
v 0.401265 1.421059 0.539878
v 0.370761 1.411140 0.552103
v -0.274272 1.208436 0.498833
v -0.362552 1.205930 0.066666
v -0.365141 1.207348 -0.043125
v 0.385552 1.442255 -0.011099
v 0.305542 1.420697 -0.014142
v 0.351321 1.433860 0.041787
v 0.233750 1.398442 0.035919
v -0.323171 1.216076 0.136082
v -0.309129 1.214056 0.273891
v -0.291464 1.210911 0.392781
v -0.196586 1.237643 0.473454
v -0.065899 1.279626 0.484243
v 0.096229 1.331713 0.497632
v 0.261265 1.377940 0.543658
v 0.100124 1.326961 0.530276
v -0.061913 1.275618 0.516887
v -0.242287 1.245746 0.011557
v -0.105273 1.289760 0.018430
v 0.064680 1.344279 0.027164
v 0.234319 1.397159 0.161917
v 0.067457 1.342851 0.153298
v -0.100400 1.288179 0.145362
v 0.240422 1.394890 0.302846
v 0.075979 1.340639 0.293061
v -0.089712 1.286036 0.285149
v 0.250009 1.388216 0.433733
v 0.087580 1.335037 0.421229
v -0.075844 1.281495 0.409086
v 0.174489 1.359824 0.473293
v 0.010560 1.306617 0.460007
v -0.142684 1.256887 0.447577
v 0.164558 1.365211 0.366646
v -0.001087 1.310568 0.356434
v -0.156347 1.259507 0.346750
v 0.155017 1.369714 0.226738
v -0.012892 1.314535 0.219155
v -0.170327 1.262971 0.211859
v 0.150361 1.371078 0.091450
v -0.019902 1.316043 0.082757
v -0.179127 1.264596 0.074531
v -0.181327 1.265942 -0.035347
v -0.020353 1.317429 -0.028323
v 0.151872 1.372289 -0.020806
v 0.180218 1.355629 0.523582
v 0.016904 1.303561 0.510060
v -0.135745 1.254895 0.497426
v -0.192528 1.234234 0.506100
v -0.235847 1.244109 0.139233
v -0.223661 1.242032 0.278234
v -0.207668 1.238341 0.399134
v -0.279655 1.210958 0.466605
v -0.329832 1.217791 0.007484
v -0.291153 1.230797 -0.040021
v -0.247179 1.222979 0.439096
v -0.262286 1.224693 0.339944
v -0.277994 1.227804 0.207337
v -0.287987 1.229502 0.069692
v -0.239834 1.221713 0.488818
v 0.360960 1.433435 -0.227576
v 0.384372 1.427203 -0.505559
v 0.369951 1.432260 -0.364333
v 0.399617 1.419234 -0.611329
v 0.408028 1.413580 -0.661663
v -0.241269 1.209949 -0.649278
v 0.355510 1.433975 -0.112953
v 0.238729 1.398994 -0.115399
v -0.317945 1.216969 -0.235662
v -0.298891 1.215244 -0.372449
v -0.273851 1.212265 -0.502841
v -0.252055 1.210875 -0.600238
v 0.288326 1.385603 -0.610157
v 0.126130 1.333221 -0.607182
v -0.036983 1.280448 -0.604200
v 0.272549 1.391729 -0.503754
v 0.108807 1.337889 -0.502778
v -0.056005 1.283698 -0.503138
v 0.255363 1.396489 -0.363597
v 0.089495 1.342124 -0.365101
v -0.077437 1.287400 -0.368156
v 0.075163 1.343560 -0.230061
v -0.093976 1.288973 -0.231956
v 0.243417 1.397783 -0.228421
v -0.240055 1.246261 -0.124509
v -0.102248 1.290367 -0.121840
v 0.068700 1.344851 -0.118607
v 0.296910 1.380844 -0.660134
v 0.135291 1.329596 -0.656880
v -0.027217 1.277952 -0.653627
v -0.327808 1.218312 -0.126305
v -0.168474 1.237911 -0.601777
v -0.189156 1.240025 -0.502996
v -0.212311 1.243294 -0.370479
v -0.230344 1.244960 -0.233805
v -0.158210 1.236325 -0.651008
v 0.350633 1.433435 0.102462
v 0.356620 1.427203 0.381365
v 0.351056 1.432260 0.239514
v 0.365222 1.419234 0.487881
v 0.370469 1.413580 0.538642
v -0.276782 1.209949 0.485687
v 0.352359 1.433975 -0.012278
v 0.235654 1.398994 -0.017138
v -0.327449 1.216969 0.068086
v -0.316985 1.215244 0.205798
v -0.300146 1.212265 0.337500
v -0.284482 1.210875 0.436069
v 0.254223 1.385603 0.479753
v 0.092528 1.333221 0.466644
v -0.070077 1.280448 0.453470
v 0.245128 1.391729 0.372572
v 0.081767 1.337889 0.361361
v -0.082746 1.283698 0.351417
v 0.236738 1.396489 0.231616
v 0.071100 1.342124 0.222746
v -0.095695 1.287400 0.215358
v 0.065239 1.343561 0.087073
v -0.103687 1.288972 0.078391
v 0.233267 1.397783 0.095957
v -0.242763 1.246261 -0.037978
v -0.105058 1.290367 -0.032027
v 0.065758 1.344851 -0.024566
v 0.259665 1.380844 0.530169
v 0.098565 1.329596 0.516817
v -0.063422 1.277952 0.503411
v -0.330457 1.218312 -0.041673
v -0.201160 1.237911 0.442832
v -0.215626 1.240025 0.342950
v -0.230451 1.243294 0.209245
v -0.239904 1.244960 0.071711
v -0.193995 1.236325 0.492608
v 0.878818 1.395293 -0.793657
v 0.764235 1.360952 -0.813555
v 0.668562 1.313622 -0.837264
v 0.509846 1.214882 -0.884081
v 0.979540 1.132313 -0.946949
v 0.726647 1.165850 -0.923126
v 0.624151 1.184037 -0.906628
v 0.833038 1.147949 -0.935935
v 1.055930 1.412886 -0.778557
v 0.855963 1.271621 -0.864434
v 1.020671 1.271651 -0.860906
v 0.745441 1.263299 -0.868340
v 0.665441 1.252439 -0.870693
v 0.560435 1.197545 -0.895808
v 0.866711 1.329886 -0.830942
v 1.039279 1.340300 -0.819874
v 0.754296 1.309233 -0.842529
v 0.661876 1.277686 -0.856465
v 0.589998 1.266583 -0.859417
v 0.736827 1.218635 -0.893450
v 0.643700 1.223489 -0.885668
v 0.845692 1.214938 -0.897382
v 1.003807 1.204867 -0.903275
v 0.610382 1.241727 -0.873829
v 0.943688 1.131309 -0.947122
v 1.014534 1.412818 -0.779946
v 0.979290 1.272064 -0.861682
v 0.995792 1.338377 -0.822421
v 0.964181 1.207551 -0.901746
v 0.541404 1.236814 -0.873463
v 0.731346 1.190212 -0.909430
v 0.633174 1.202245 -0.896955
v 0.583487 1.217926 -0.885664
v 0.838935 1.178867 -0.918189
v 0.991591 1.162368 -0.929170
v 0.953434 1.166498 -0.926427
v 0.874269 1.370706 -0.807657
v 1.052515 1.388394 -0.792335
v 0.522563 1.206236 -0.889376
v 0.760499 1.341497 -0.824446
v 0.666049 1.300063 -0.844481
v 0.597661 1.257226 -0.864834
v 1.007504 1.384835 -0.795835
v 0.557223 1.229714 -0.878050
v 0.816794 1.380137 -0.803016
v 0.715063 1.338348 -0.825149
v 0.521860 1.224576 -0.879302
v 0.969519 1.128326 -0.949207
v 0.672966 1.175175 -0.914805
v 0.587429 1.191488 -0.900392
v 0.778440 1.156923 -0.929901
v 0.951928 1.406111 -0.785670
v 0.876764 1.384187 -0.799981
v 1.056293 1.403708 -0.783666
v 0.728996 1.178031 -0.916278
v 0.628663 1.193141 -0.901791
v 0.850478 1.241347 -0.882015
v 1.011669 1.235982 -0.883425
v 0.750072 1.287313 -0.854841
v 0.660610 1.263343 -0.864332
v 0.696393 1.256965 -0.869824
v 0.797621 1.268517 -0.866414
v 1.008518 1.271772 -0.861134
v 0.539155 1.202428 -0.892194
v 0.861561 1.302093 -0.846868
v 1.030249 1.307553 -0.839114
v 0.757782 1.327352 -0.832368
v 0.664220 1.290216 -0.849731
v 0.806652 1.321096 -0.836527
v 0.704563 1.294689 -0.848964
v 0.571961 1.207735 -0.890736
v 1.026507 1.339736 -0.820622
v 0.625852 1.288606 -0.849123
v 0.740840 1.239445 -0.881751
v 0.652516 1.238692 -0.877661
v 0.841990 1.194970 -0.908934
v 0.997308 1.181341 -0.917837
v 0.631227 1.258993 -0.865318
v 0.603234 1.250425 -0.868775
v 0.992169 1.205655 -0.902826
v 0.620939 1.231692 -0.879829
v 0.685307 1.219781 -0.890251
v 0.788859 1.217370 -0.895534
v 0.893351 1.138725 -0.942107
v 1.046393 1.415459 -0.777432
v 0.922744 1.272418 -0.862798
v 0.936433 1.335404 -0.826017
v 0.909984 1.211142 -0.899681
v 0.948561 1.148903 -0.936774
v 0.987803 1.306744 -0.840895
v 0.971224 1.237608 -0.882996
v 1.002386 1.364481 -0.807417
v 0.563098 1.250039 -0.867192
v 0.733793 1.202901 -0.902296
v 0.637873 1.211729 -0.891916
v 0.595494 1.228544 -0.880380
v 0.835986 1.163408 -0.927062
v 0.985893 1.144964 -0.939480
v 0.958433 1.184825 -0.915582
v 0.901197 1.172148 -0.922672
v 0.602895 1.210043 -0.890901
v 0.980385 1.163581 -0.928364
v 0.568730 1.224549 -0.881385
v 0.678661 1.195763 -0.903472
v 0.783256 1.184822 -0.914046
v 0.870960 1.352823 -0.817846
v 1.046733 1.367323 -0.804315
v 0.511338 1.209540 -0.887072
v 0.762548 1.352164 -0.818474
v 0.667427 1.307497 -0.840524
v 0.593460 1.262356 -0.861864
v 1.011358 1.400177 -0.787123
v 0.548550 1.233607 -0.875535
v 0.539893 1.217975 -0.883713
v 0.946112 1.379531 -0.800791
v 0.575276 1.241957 -0.872150
v 0.627872 1.277438 -0.855211
v 0.711116 1.321899 -0.834102
v 0.812982 1.357942 -0.815611
v 1.039296 1.387349 -0.793363
v 1.043406 1.402978 -0.784500
v 0.780848 1.170872 -0.921974
v 0.675814 1.185469 -0.909138
v 0.635568 1.247266 -0.871950
v 0.700405 1.276446 -0.859022
v 0.802341 1.296014 -0.850777
v 0.999791 1.236460 -0.883299
v 0.810209 1.341797 -0.824773
v 0.708245 1.309947 -0.840613
v 0.629342 1.269326 -0.859639
v 1.017783 1.307315 -0.839637
v 0.584134 1.236080 -0.875756
v 0.985890 1.182364 -0.917174
v 0.610950 1.219707 -0.885958
v 0.690386 1.237290 -0.880626
v 0.792942 1.241200 -0.881965
v 0.905238 1.189557 -0.912510
v 0.929834 1.305358 -0.843413
v 0.915931 1.239691 -0.882447
v 0.949301 1.394104 -0.792500
v 0.897274 1.155437 -0.932389
v 0.595162 1.200766 -0.895647
v 0.974990 1.145684 -0.938947
v 0.553943 1.213489 -0.886790
v 0.681628 1.206485 -0.897570
v 0.785762 1.199352 -0.905786
v 0.529517 1.221429 -0.881363
v 0.941879 1.360199 -0.811805
v 0.568599 1.246388 -0.869432
v 0.626764 1.283561 -0.851873
v 0.713280 1.330918 -0.829193
v 0.815072 1.370111 -0.808706
v 1.033709 1.366488 -0.805226
v 0.878609 1.389633 -0.783636
v 0.764346 1.355308 -0.803524
v 0.668891 1.308126 -0.827155
v 0.510291 1.209357 -0.873993
v 0.979644 1.126429 -0.937057
v 0.727078 1.160150 -0.913135
v 0.624752 1.178405 -0.896608
v 0.833177 1.142194 -0.925967
v 1.055599 1.407278 -0.768511
v 1.020432 1.265660 -0.851080
v 0.560887 1.192014 -0.885724
v 1.038950 1.334593 -0.809884
v 0.590449 1.261104 -0.849304
v 1.003754 1.198758 -0.893519
v 0.943802 1.125459 -0.937209
v 1.014210 1.407198 -0.769906
v 0.541850 1.231292 -0.863374
v 0.991661 1.156471 -0.919285
v 1.052178 1.382783 -0.782291
v 0.523008 1.200712 -0.879289
v 0.816734 1.374469 -0.792998
v 0.715304 1.332770 -0.815084
v 0.522305 1.219052 -0.869215
v 0.969627 1.122451 -0.939310
v 0.673563 1.169500 -0.904809
v 0.587934 1.185920 -0.890331
v 0.778672 1.151204 -0.919915
v 0.951633 1.400473 -0.775639
v 1.055961 1.398101 -0.773620
v 1.011520 1.229857 -0.873681
v 0.539600 1.196904 -0.882107
v 1.029949 1.301731 -0.829189
v 0.626259 1.283147 -0.838998
v 0.997332 1.175356 -0.908004
v 0.893471 1.132920 -0.932169
v 1.046063 1.409848 -0.767388
v 0.563548 1.244530 -0.857096
v 0.985986 1.139080 -0.929588
v 1.046395 1.361684 -0.794286
v 0.511783 1.204016 -0.876984
v 2.402598 1.119875 -0.930126
v 1.186226 1.125940 -0.955032
v 1.453370 1.125246 -0.954648
v 2.230582 1.114910 -0.938312
v 0.997159 1.131110 -0.946777
v 1.013864 1.196009 -0.909345
v 1.055449 1.345389 -0.815840
v 1.003257 1.157239 -0.932460
v 2.272514 1.201608 -0.900077
v 1.915320 1.374825 -0.810727
v 1.751237 1.408623 -0.787033
v 1.072241 1.407605 -0.773154
v 1.441936 1.170350 -0.937933
v 1.850228 1.121114 -0.948285
v 2.351481 1.155016 -0.917844
v 2.016021 1.331743 -0.835943
v 2.170132 1.157295 -0.923564
v 2.093853 1.203517 -0.905872
v 1.826221 1.165212 -0.932138
v 1.773015 1.209311 -0.914413
v 1.859050 1.337429 -0.837095
v 1.622884 1.343679 -0.840226
v 1.423748 1.211504 -0.919116
v 1.359472 1.347201 -0.838907
v 1.527197 1.424372 -0.776171
v 1.187104 1.166196 -0.938648
v 1.188700 1.206451 -0.917488
v 1.187269 1.346852 -0.831009
v 1.176805 1.422222 -0.767174
v 1.312008 1.425049 -0.770411
v 2.374393 1.113141 -0.933813
v 1.869255 1.388984 -0.801092
v 2.305140 1.155199 -0.919382
v 1.973166 1.333098 -0.836292
v 2.225070 1.201789 -0.901650
v 1.034518 1.267547 -0.865351
v 2.149395 1.266333 -0.869130
v 1.394432 1.275426 -0.884032
v 1.701540 1.272707 -0.882008
v 1.979437 1.267957 -0.874732
v 1.189318 1.273021 -0.878504
v 2.101724 1.266514 -0.870711
v 1.028348 1.125940 -0.950730
v 1.036017 1.159156 -0.933893
v 1.093220 1.420110 -0.765131
v 1.045274 1.198286 -0.911119
v 1.079303 1.345678 -0.818971
v 1.062344 1.268695 -0.868111
v 2.327871 1.113524 -0.935348
v 1.304192 1.125853 -0.955641
v 1.001464 1.126596 -0.949372
v 0.999378 1.142326 -0.940723
v 1.007605 1.173584 -0.922924
v 1.045278 1.306889 -0.840745
v 2.383338 1.134866 -0.924801
v 1.892310 1.383242 -0.805272
v 1.448050 1.148762 -0.946094
v 2.060730 1.117789 -0.943117
v 2.316064 1.176612 -0.910198
v 1.957983 1.357315 -0.821426
v 2.215356 1.232270 -0.885831
v 1.064914 1.381295 -0.791492
v 2.200986 1.136175 -0.930897
v 1.640006 1.123687 -0.952211
v 2.136040 1.178752 -0.915948
v 1.589365 1.211248 -0.917523
v 2.259522 1.155623 -0.920884
v 2.018434 1.160879 -0.927705
v 1.840688 1.143645 -0.940002
v 1.930157 1.334851 -0.836404
v 2.179761 1.202168 -0.903162
v 1.753040 1.340601 -0.838735
v 1.803965 1.372865 -0.813229
v 1.434183 1.189516 -0.929902
v 1.378124 1.310744 -0.863660
v 1.624642 1.168762 -0.935604
v 1.803178 1.185814 -0.924495
v 1.738374 1.239080 -0.899639
v 1.951055 1.206282 -0.910058
v 1.576637 1.383114 -0.810287
v 1.646635 1.418168 -0.780825
v 1.484821 1.345965 -0.840352
v 1.918065 1.302532 -0.857078
v 1.186571 1.146727 -0.946872
v 1.187916 1.184347 -0.929763
v 1.189145 1.237115 -0.899658
v 1.235940 1.423609 -0.768607
v 1.182819 1.384389 -0.800624
v 1.411536 1.426041 -0.772817
v 1.336912 1.385556 -0.806850
v 1.298600 1.169249 -0.939111
v 1.292497 1.209816 -0.919166
v 1.262738 1.347352 -0.835875
v 1.097224 1.162356 -0.936380
v 1.127596 1.420988 -0.765972
v 1.103723 1.202056 -0.914239
v 1.123881 1.346200 -0.824556
v 2.398657 1.113896 -0.932649
v 1.825079 1.397899 -0.794534
v 2.332098 1.155077 -0.918479
v 1.998819 1.332186 -0.836157
v 2.252498 1.201667 -0.900733
v 2.035180 1.300809 -0.853573
v 1.918885 1.362044 -0.818765
v 2.269150 1.176794 -0.911755
v 2.339770 1.134170 -0.926597
v 1.023388 1.228770 -0.889280
v 2.081435 1.300480 -0.852172
v 1.410035 1.241089 -0.903147
v 1.663809 1.307282 -0.863205
v 2.040063 1.234011 -0.891573
v 1.189103 1.309804 -0.856288
v 2.167499 1.232452 -0.887417
v 2.129248 1.266392 -0.869790
v 1.114391 1.270685 -0.873010
v 1.279730 1.274784 -0.882274
v 2.057497 1.266857 -0.872198
v 1.540454 1.274639 -0.883947
v 1.855470 1.270164 -0.878456
v 1.091892 1.125940 -0.952931
v 1.009625 1.157664 -0.932725
v 1.078026 1.418200 -0.765842
v 1.019989 1.196516 -0.909679
v 1.059997 1.345444 -0.816436
v 1.039851 1.267782 -0.865876
v 1.053172 1.230568 -0.891487
v 1.032229 1.142744 -0.942399
v 1.071216 1.307485 -0.843979
v 1.086511 1.383113 -0.792493
v 1.039912 1.175916 -0.924469
v 2.366101 1.134194 -0.925656
v 1.988741 1.182022 -0.920096
v 1.633975 1.147006 -0.943667
v 2.296352 1.176672 -0.910844
v 1.905456 1.236433 -0.895596
v 1.700211 1.378716 -0.811485
v 1.942781 1.359306 -0.820331
v 2.041385 1.139565 -0.935286
v 1.609520 1.188632 -0.927836
v 1.514293 1.309482 -0.864394
v 1.449834 1.385182 -0.808829
v 2.122600 1.232810 -0.888923
v 1.301281 1.148444 -0.947294
v 1.296086 1.187915 -0.930665
v 1.272156 1.310723 -0.861031
v 1.250257 1.385134 -0.804198
v 1.119740 1.308546 -0.849731
v 1.013916 1.174104 -0.923214
v 1.069245 1.382624 -0.790991
v 1.108730 1.233593 -0.895392
v 1.094552 1.144546 -0.944737
v 2.195102 1.232329 -0.886494
v 1.875529 1.366839 -0.816039
v 2.223684 1.177201 -0.913261
v 2.293776 1.134583 -0.928110
v 2.062124 1.300588 -0.852761
v 1.100057 1.179781 -0.927161
v 1.286769 1.239790 -0.902330
v 1.991745 1.301318 -0.854871
v 1.565775 1.240788 -0.902248
v 1.804628 1.304715 -0.860301
v 1.029150 1.229158 -0.889698
v 1.005505 1.142016 -0.941250
v 1.050226 1.307005 -0.841361
v 1.126259 1.383651 -0.796214
v 2.402234 1.115610 -0.919442
v 1.186412 1.121677 -0.944340
v 1.453234 1.121265 -0.943849
v 2.230194 1.110639 -0.927631
v 0.997643 1.125619 -0.936673
v 1.014891 1.189846 -0.899678
v 1.056687 1.338847 -0.806450
v 1.004020 1.151457 -0.922535
v 2.272159 1.196665 -0.889679
v 1.915374 1.368838 -0.800897
v 1.751067 1.401568 -0.777936
v 1.072990 1.400872 -0.763850
v 1.849925 1.117022 -0.937531
v 2.351118 1.150734 -0.907166
v 2.015732 1.325894 -0.826031
v 1.527217 1.416970 -0.767355
v 1.177347 1.414701 -0.758476
v 1.312286 1.417365 -0.761845
v 2.374012 1.108853 -0.923138
v 1.869267 1.382573 -0.791526
v 1.035731 1.261272 -0.855778
v 2.149050 1.260725 -0.859084
v 1.028815 1.120789 -0.940445
v 1.093928 1.413130 -0.756003
v 2.327482 1.109229 -0.924677
v 1.304181 1.121825 -0.944858
v 1.001948 1.121206 -0.939214
v 0.999956 1.136752 -0.930669
v 1.008527 1.167565 -0.913155
v 1.046574 1.300515 -0.831249
v 2.382973 1.130601 -0.914116
v 1.892402 1.377147 -0.795507
v 2.060364 1.113594 -0.932405
v 2.315703 1.172159 -0.899583
v 1.957818 1.351273 -0.811628
v 2.215008 1.226855 -0.875678
v 1.065922 1.374618 -0.782169
v 1.639785 1.119670 -0.941426
v 1.646516 1.410921 -0.771882
v 1.236347 1.415931 -0.760041
v 1.411695 1.418474 -0.764143
v 1.128243 1.413735 -0.757055
v 2.398289 1.109625 -0.921967
v 1.824969 1.391126 -0.785220
v 1.024503 1.222546 -0.879662
v 2.081100 1.294799 -0.842167
v 1.092268 1.121237 -0.942429
v 1.078758 1.411375 -0.756602
v 0.832087 1.395293 0.699812
v 0.716484 1.360952 0.712507
v 0.619515 1.313622 0.730188
v 0.458183 1.214882 0.766991
v 0.923028 1.132313 0.859101
v 0.672118 1.165850 0.819514
v 0.570855 1.184037 0.796641
v 0.777501 1.147949 0.838949
v 1.009796 1.412886 0.695814
v 0.804851 1.271621 0.769022
v 0.969457 1.271651 0.775798
v 0.694302 1.263299 0.766011
v 0.614310 1.252439 0.763357
v 0.507939 1.197545 0.781858
v 0.817672 1.329886 0.736267
v 0.990595 1.340300 0.736010
v 0.704752 1.309233 0.740803
v 0.611641 1.277686 0.748934
v 0.539721 1.266583 0.747386
v 0.684134 1.218635 0.790533
v 0.591675 1.223489 0.776943
v 0.792540 1.214938 0.801263
v 0.949978 1.204867 0.817030
v 0.559163 1.241727 0.763045
v 0.887235 1.131309 0.857032
v 0.968394 1.412818 0.694613
v 0.928109 1.272064 0.773986
v 0.947033 1.338377 0.735833
v 0.910524 1.207551 0.813026
v 0.490343 1.236814 0.758367
v 0.677665 1.190212 0.806138
v 0.580465 1.202245 0.787550
v 0.531581 1.217926 0.773175
v 0.784495 1.178867 0.821608
v 0.936166 1.162368 0.842110
v 0.898256 1.166498 0.836988
v 0.826672 1.370706 0.713501
v 1.005526 1.388394 0.709352
v 0.470544 1.206236 0.773071
v 0.712074 1.341497 0.723144
v 0.616556 1.300063 0.737235
v 0.547029 1.257226 0.753273
v 0.960385 1.384835 0.710031
v 0.505845 1.229714 0.763933
v 0.769598 1.380137 0.705275
v 0.666682 1.338348 0.721005
v 0.470471 1.224576 0.762973
v 0.912885 1.128326 0.860729
v 0.619062 1.175175 0.807853
v 0.534594 1.191488 0.788121
v 0.723387 1.156923 0.829514
v 0.905552 1.406111 0.696411
v 0.829640 1.384187 0.705995
v 1.009839 1.403708 0.700936
v 0.674891 1.178031 0.812826
v 0.575660 1.193141 0.792095
v 0.798278 1.241347 0.786225
v 0.959065 1.235982 0.797710
v 0.699767 1.287313 0.752828
v 0.609886 1.263343 0.756706
v 0.645256 1.256965 0.764425
v 0.746500 1.268517 0.767350
v 0.957314 1.271772 0.775266
v 0.486927 1.202428 0.776921
v 0.811536 1.302093 0.751841
v 0.980379 1.307553 0.754647
v 0.708866 1.327352 0.730881
v 0.614403 1.290216 0.742360
v 0.757381 1.321096 0.738086
v 0.654715 1.294689 0.744117
v 0.519760 1.207735 0.777516
v 0.977801 1.339736 0.735958
v 0.576147 1.288606 0.739354
v 0.688871 1.239445 0.779108
v 0.600975 1.238692 0.769504
v 0.788124 1.194970 0.812561
v 0.942581 1.181341 0.831156
v 0.580499 1.258993 0.755854
v 0.552345 1.250425 0.757554
v 0.938391 1.205655 0.815854
v 0.569324 1.231692 0.769692
v 0.632915 1.219781 0.784119
v 0.735934 1.217370 0.795866
v 0.837309 1.138725 0.848881
v 1.000349 1.415459 0.694096
v 0.871604 1.272418 0.771564
v 0.887566 1.335404 0.735711
v 0.856562 1.211142 0.807577
v 0.892746 1.148903 0.847010
v 0.937905 1.306744 0.753772
v 0.918726 1.237608 0.794754
v 0.954552 1.364481 0.721271
v 0.512386 1.250039 0.753465
v 0.680552 1.202901 0.799171
v 0.585469 1.211729 0.782815
v 0.543894 1.228544 0.768652
v 0.780998 1.163408 0.830278
v 0.929835 1.144964 0.852045
v 0.903922 1.184825 0.826476
v 0.846355 1.172148 0.829974
v 0.550623 1.210043 0.779615
v 0.925033 1.163581 0.840606
v 0.517120 1.224549 0.767982
v 0.625455 1.195763 0.796899
v 0.729185 1.184822 0.813991
v 0.822732 1.352823 0.723463
v 0.999006 1.367323 0.720947
v 0.459485 1.209540 0.770070
v 0.714492 1.352164 0.717312
v 0.618178 1.307497 0.733371
v 0.543022 1.262356 0.750045
v 0.964776 1.400177 0.701577
v 0.497345 1.233607 0.760881
v 0.488194 1.217975 0.768502
v 0.898803 1.379531 0.711139
v 0.524231 1.241957 0.759174
v 0.577783 1.277438 0.745556
v 0.662183 1.321899 0.729693
v 0.765007 1.357942 0.717607
v 0.992269 1.387349 0.709552
v 0.996925 1.402978 0.700963
v 0.726286 1.170872 0.821753
v 0.622259 1.185469 0.802376
v 0.584417 1.247266 0.762744
v 0.649936 1.276446 0.753895
v 0.752188 1.296014 0.752039
v 0.947218 1.236460 0.796842
v 0.761666 1.341797 0.726578
v 0.658911 1.309947 0.736012
v 0.578973 1.269326 0.750068
v 0.967905 1.307315 0.754390
v 0.532845 1.236080 0.763327
v 0.931227 1.182364 0.829782
v 0.558972 1.219707 0.775185
v 0.638586 1.237290 0.774830
v 0.740857 1.241200 0.782578
v 0.851024 1.189557 0.820084
v 0.879892 1.305358 0.752661
v 0.863575 1.239691 0.790750
v 0.902504 1.394104 0.703064
v 0.841833 1.155437 0.839427
v 0.542609 1.200766 0.783868
v 0.918986 1.145684 0.850830
v 0.502024 1.213489 0.772452
v 0.628786 1.206485 0.791194
v 0.732203 1.199352 0.805904
v 0.477985 1.221429 0.765509
v 0.893890 1.360199 0.721867
v 0.517736 1.246388 0.756044
v 0.576886 1.283561 0.742156
v 0.664650 1.330918 0.724929
v 0.767524 1.370111 0.710846
v 0.985951 1.366488 0.721042
v 0.832504 1.389633 0.689798
v 0.717222 1.355308 0.702503
v 0.620475 1.308126 0.720120
v 0.459257 1.209357 0.756951
v 0.923749 1.126429 0.849236
v 0.673173 1.160150 0.809569
v 0.572080 1.178405 0.786677
v 0.778262 1.142194 0.829010
v 1.010094 1.407278 0.685767
v 0.969834 1.265660 0.765976
v 0.509021 1.192014 0.771822
v 0.990891 1.334593 0.726019
v 0.540802 1.261104 0.737321
v 0.950535 1.198758 0.807291
v 0.887969 1.125459 0.847147
v 0.968698 1.407198 0.684572
v 0.491418 1.231292 0.748325
v 0.936854 1.156471 0.832249
v 1.005817 1.382783 0.699306
v 0.471619 1.200712 0.763031
v 0.770165 1.374469 0.695273
v 0.667552 1.332770 0.710974
v 0.471547 1.219052 0.752933
v 0.913612 1.122451 0.850857
v 0.620284 1.169500 0.797914
v 0.535727 1.185920 0.778111
v 0.724242 1.151204 0.819562
v 0.905886 1.400473 0.686382
v 1.010135 1.398101 0.690889
v 0.959526 1.229857 0.787976
v 0.488002 1.196904 0.766881
v 0.980700 1.301731 0.744723
v 0.577187 1.283147 0.729274
v 0.943220 1.175356 0.821345
v 0.838051 1.132920 0.838969
v 1.000647 1.409848 0.684050
v 0.513468 1.244530 0.743416
v 0.930546 1.139080 0.842178
v 0.999296 1.361684 0.710917
v 0.460560 1.204016 0.760029
v 2.344354 1.119875 0.931282
v 1.128804 1.125940 0.880091
v 1.395450 1.125246 0.896410
v 2.172162 1.114910 0.928697
v 0.940623 1.131110 0.860031
v 0.959636 1.196009 0.823717
v 1.006986 1.345389 0.732994
v 0.947604 1.157239 0.846124
v 2.216403 1.201608 0.893158
v 1.865494 1.374825 0.781652
v 1.703213 1.408623 0.747745
v 1.026413 1.407605 0.691442
v 1.385082 1.170350 0.879013
v 1.791929 1.121114 0.914871
v 2.294104 1.155016 0.915827
v 1.964421 1.331743 0.813114
v 2.112753 1.157295 0.910199
v 2.037729 1.203517 0.887772
v 1.768978 1.165212 0.897254
v 1.716984 1.209311 0.876238
v 1.807685 1.337429 0.804450
v 1.571785 1.343679 0.792809
v 1.368107 1.211504 0.859095
v 1.308971 1.347201 0.775024
v 1.480290 1.424372 0.722898
v 1.130704 1.166196 0.863794
v 1.133620 1.206451 0.842774
v 1.137599 1.346852 0.756375
v 1.131146 1.422222 0.692012
v 1.265882 1.425049 0.703695
v 2.315973 1.113141 0.933197
v 1.820121 1.388984 0.769156
v 2.247758 1.155199 0.914466
v 1.921628 1.333098 0.810782
v 2.168954 1.201789 0.891762
v 0.982999 1.267547 0.781101
v 2.095459 1.266333 0.854575
v 1.341042 1.275426 0.822246
v 1.647676 1.272707 0.839427
v 1.925484 1.267957 0.849539
v 1.136674 1.273021 0.803906
v 2.047783 1.266514 0.853171
v 0.971504 1.125940 0.865926
v 0.980211 1.159156 0.849602
v 1.047853 1.420110 0.684746
v 0.990873 1.198286 0.827451
v 1.030596 1.345678 0.737611
v 1.010599 1.268695 0.785595
v 2.269446 1.113524 0.931821
v 1.246500 1.125853 0.888073
v 0.944757 1.126596 0.862890
v 0.943216 1.142326 0.854128
v 0.952540 1.173584 0.836879
v 0.995277 1.306889 0.757215
v 2.325464 1.134866 0.924762
v 1.842870 1.383242 0.774767
v 1.390674 1.148762 0.887540
v 2.002342 1.117789 0.922873
v 2.259235 1.176612 0.905982
v 1.907404 1.357315 0.794996
v 2.160248 1.232270 0.875366
v 1.017953 1.381295 0.709286
v 2.143088 1.136175 0.919445
v 1.581873 1.123687 0.905646
v 2.079204 1.178752 0.900465
v 1.533500 1.211248 0.867859
v 2.202135 1.155623 0.913112
v 1.961092 1.160879 0.904847
v 1.782925 1.143645 0.906007
v 1.878696 1.334851 0.808206
v 2.123638 1.202168 0.890438
v 1.701780 1.340601 0.799459
v 1.754200 1.372865 0.777186
v 1.377847 1.189516 0.870512
v 1.326039 1.310744 0.800895
v 1.567577 1.168762 0.888110
v 1.746458 1.185814 0.888185
v 1.683335 1.239080 0.859327
v 1.894949 1.206282 0.883021
v 1.527501 1.383114 0.760037
v 1.599204 1.418168 0.735010
v 1.433985 1.345965 0.784304
v 1.865335 1.302532 0.828084
v 1.129658 1.146727 0.871968
v 1.132070 1.184347 0.854977
v 1.135179 1.237115 0.825007
v 1.190075 1.423609 0.697139
v 1.135057 1.384389 0.725771
v 1.365066 1.426041 0.712319
v 1.288460 1.385556 0.741620
v 1.241953 1.169249 0.871226
v 1.237109 1.209816 0.850939
v 1.212615 1.347352 0.765950
v 1.041142 1.162356 0.855911
v 1.082108 1.420988 0.687735
v 1.049013 1.202056 0.834219
v 1.074738 1.346200 0.745972
v 2.340263 1.113896 0.933553
v 1.776442 1.397899 0.759848
v 2.274720 1.155077 0.915250
v 1.947239 1.332186 0.812252
v 2.196384 1.201667 0.892561
v 1.982440 1.300809 0.831907
v 1.868549 1.362044 0.789897
v 2.212315 1.176794 0.904603
v 2.281869 1.134170 0.923831
v 0.970395 1.228770 0.804286
v 2.028693 1.300480 0.833400
v 1.355418 1.241089 0.842300
v 1.611194 1.307282 0.818302
v 1.984938 1.234011 0.870138
v 1.137848 1.309804 0.781719
v 2.112384 1.232452 0.873958
v 2.075310 1.266392 0.853973
v 1.062238 1.270685 0.793738
v 1.226674 1.274784 0.813321
v 2.003549 1.266857 0.851891
v 1.486783 1.274639 0.831291
v 1.801526 1.270164 0.845506
v 1.034786 1.125940 0.872096
v 0.953944 1.157664 0.846786
v 1.032644 1.418200 0.684506
v 0.965727 1.196516 0.824433
v 1.011487 1.345444 0.733874
v 0.988289 1.267782 0.781958
v 0.999983 1.230568 0.808352
v 0.975898 1.142744 0.857854
v 1.020962 1.307485 0.762064
v 1.039446 1.383113 0.711635
v 0.984687 1.175916 0.840441
v 2.308208 1.134194 0.924538
v 1.931933 1.182022 0.895396
v 1.576387 1.147006 0.896742
v 2.239521 1.176672 0.905394
v 1.850343 1.236433 0.865738
v 1.650758 1.378716 0.768959
v 1.892301 1.359306 0.792953
v 1.983525 1.139565 0.913848
v 1.552970 1.188632 0.879412
v 1.461895 1.309482 0.810141
v 1.401036 1.385182 0.750655
v 2.067479 1.232810 0.872653
v 1.244117 1.148444 0.879560
v 1.239972 1.187915 0.862640
v 1.220443 1.310723 0.791646
v 1.202140 1.385134 0.733555
v 1.069031 1.308546 0.770839
v 0.958820 1.174104 0.837561
v 1.022307 1.382624 0.709057
v 1.055188 1.233593 0.815722
v 1.037952 1.144546 0.864084
v 2.139991 1.232329 0.874762
v 1.825448 1.366839 0.784465
v 2.166844 1.177201 0.903263
v 2.235870 1.134583 0.922466
v 2.009382 1.300588 0.832781
v 1.044546 1.179781 0.846887
v 1.232446 1.239790 0.833777
v 1.939009 1.301318 0.830486
v 1.510911 1.240788 0.851139
v 1.751918 1.304715 0.824208
v 0.976119 1.229158 0.805064
v 0.949297 1.142016 0.855037
v 1.000177 1.307005 0.758140
v 1.078884 1.383651 0.717834
v 2.344657 1.115610 0.920595
v 1.129658 1.121677 0.869431
v 1.395988 1.121265 0.885623
v 2.172442 1.110639 0.918012
v 0.941738 1.125619 0.849977
v 0.961265 1.189846 0.814133
v 1.008809 1.338847 0.723700
v 0.948986 1.151457 0.836266
v 2.216698 1.196665 0.882758
v 1.866162 1.368838 0.771844
v 1.703612 1.401568 0.738655
v 1.027742 1.400872 0.682203
v 1.792299 1.117022 0.904119
v 2.294409 1.150734 0.905148
v 1.964752 1.325894 0.803203
v 1.480861 1.416970 0.714100
v 1.132231 1.414701 0.683364
v 1.266695 1.417365 0.695163
v 2.316261 1.108853 0.922519
v 1.820731 1.382573 0.759609
v 0.984809 1.261272 0.771622
v 2.095743 1.260725 0.844526
v 0.972613 1.120789 0.855691
v 1.049130 1.413130 0.675680
v 2.269725 1.109229 0.921146
v 1.247165 1.121825 0.877311
v 0.945876 1.121206 0.852782
v 0.944421 1.136752 0.844130
v 0.954071 1.167565 0.827186
v 0.997164 1.300515 0.747818
v 2.325768 1.130601 0.914075
v 1.843572 1.377147 0.765028
v 2.002647 1.113594 0.912159
v 2.259538 1.172159 0.895366
v 1.907852 1.351273 0.785207
v 2.160534 1.226855 0.865212
v 1.019543 1.374618 0.700044
v 1.582326 1.119670 0.894869
v 1.599644 1.410921 0.726077
v 1.191018 1.415931 0.688615
v 1.365766 1.418474 0.703672
v 1.083312 1.413735 0.678876
v 2.340563 1.109625 0.922869
v 1.776914 1.391126 0.750545
v 0.972109 1.222546 0.794757
v 2.028983 1.294799 0.823394
v 1.035817 1.121237 0.861638
v 1.033952 1.411375 0.675330
vn 0.4493 0.8501 -0.2748
vn 0.4471 0.8660 -0.2241
vn 0.4577 0.8589 -0.2297
vn 0.4445 0.8445 -0.2987
vn 0.4343 0.8615 -0.2630
vn 0.4268 0.8587 -0.2839
vn 0.4153 0.8717 -0.2603
vn 0.4276 0.8768 -0.2200
vn 0.3907 0.8992 0.1969
vn 0.3883 0.8949 0.2197
vn 0.3912 0.8988 0.1980
vn 0.4051 0.8888 -0.2143
vn 0.4008 0.8968 -0.1874
vn 0.4013 0.8949 -0.1950
vn 0.4043 0.8935 -0.1951
vn 0.4022 0.8961 -0.1877
vn 0.4004 0.8970 -0.1872
vn 0.3991 0.8982 -0.1844
vn 0.4787 0.8687 -0.1270
vn 0.4746 0.8759 -0.0872
vn 0.4830 0.8710 -0.0898
vn 0.4724 0.8665 -0.1613
vn 0.4706 0.8735 -0.1249
vn 0.4645 0.8711 -0.1595
vn 0.4501 0.8849 -0.1198
vn 0.4533 0.8876 -0.0823
vn 0.4087 0.8901 -0.2017
vn 0.4133 0.9039 -0.1101
vn 0.4167 0.9063 -0.0704
vn 0.4168 0.9062 -0.0718
vn 0.4078 0.9015 -0.1449
vn 0.4135 0.9039 -0.1097
vn 0.4135 0.9039 -0.1096
vn 0.4166 0.9064 -0.0697
vn 0.4841 0.8730 -0.0595
vn 0.4732 0.8800 -0.0407
vn 0.4824 0.8748 -0.0440
vn 0.4753 0.8780 -0.0563
vn 0.4535 0.8898 -0.0512
vn 0.4509 0.8918 -0.0358
vn 0.4078 0.9015 -0.1448
vn 0.4144 0.9098 -0.0244
vn 0.4164 0.9084 -0.0376
vn 0.4141 0.9099 -0.0224
vn 0.4166 0.9083 -0.0370
vn 0.4141 0.9100 -0.0215
vn 0.4850 0.8742 -0.0226
vn 0.4834 0.8753 0.0151
vn 0.4912 0.8709 0.0154
vn 0.4751 0.8485 -0.2331
vn 0.4706 0.8604 -0.1957
vn 0.4994 0.8432 -0.1991
vn 0.4165 0.9082 -0.0399
vn 0.4115 0.9113 -0.0119
vn 0.4097 0.9121 0.0128
vn 0.4096 0.9122 0.0128
vn 0.4116 0.9113 -0.0098
vn 0.4114 0.9114 -0.0103
vn 0.4100 0.9120 0.0129
vn 0.4654 0.8637 -0.1934
vn 0.4569 0.8688 -0.1909
vn 0.4370 0.8800 -0.1861
vn 0.4445 0.8824 -0.1543
vn 0.4214 0.8947 -0.1482
vn 0.4149 0.8920 -0.1794
vn 0.4082 0.8878 -0.2125
vn 0.4041 0.8978 -0.1751
vn 0.4097 0.9006 -0.1452
vn 0.4546 0.8570 -0.2428
vn 0.4661 0.8630 -0.1952
vn 0.4588 0.8554 -0.2403
vn 0.4732 0.8661 -0.1613
vn 0.4800 0.8620 -0.1626
vn 0.4806 0.8766 -0.0245
vn 0.4696 0.8828 0.0147
vn 0.4786 0.8779 0.0150
vn 0.4708 0.8819 -0.0226
vn 0.4483 0.8937 -0.0194
vn 0.4469 0.8945 0.0140
vn 0.4270 0.9037 -0.0308
vn 0.4296 0.9018 -0.0459
vn 0.4298 0.8996 -0.0766
vn 0.4182 0.9074 -0.0423
vn 0.4157 0.9091 -0.0273
vn 0.4268 0.8972 -0.1140
vn 0.4151 0.9030 -0.1110
vn 0.4183 0.9054 -0.0732
vn 0.4082 0.8683 -0.2818
vn 0.4014 0.8807 -0.2515
vn 0.3978 0.8762 -0.2722
vn 0.3997 0.8860 -0.2350
vn 0.4004 0.8934 -0.2038
vn 0.5042 0.8468 -0.1695
vn 0.4315 0.8472 -0.3099
vn 0.3981 0.8616 -0.3151
vn 0.4196 0.8389 -0.3467
vn 0.4225 0.9063 0.0132
vn 0.4242 0.9054 -0.0162
vn 0.4130 0.9106 -0.0139
vn 0.4113 0.9114 0.0129
vn 0.4820 0.8738 -0.0636
vn 0.4836 0.8741 -0.0462
vn 0.4810 0.8755 -0.0469
vn 0.4844 0.8698 -0.0936
vn 0.4852 0.8722 -0.0615
vn 0.4841 0.8703 -0.0911
vn 0.4841 0.8653 -0.1297
vn 0.4797 0.8681 -0.1274
vn 0.4516 0.8396 -0.3018
vn 0.4478 0.8289 -0.3351
vn 0.4025 0.8988 -0.1734
vn 0.4277 0.8596 -0.2794
vn 0.4974 0.8567 -0.1365
vn 0.4850 0.8689 -0.0993
vn 0.4748 0.8776 -0.0664
vn 0.4827 0.8742 0.0529
vn 0.4800 0.8755 0.0560
vn 0.5002 0.8356 -0.2271
vn 0.5220 0.8289 -0.2011
vn 0.5197 0.8368 -0.1726
vn 0.4746 0.8790 -0.0456
vn 0.4859 0.8737 -0.0211
vn 0.4707 0.8812 -0.0448
vn 0.4957 0.8683 0.0155
vn 0.4000 0.8814 -0.2514
vn 0.4851 0.8686 -0.1014
vn 0.5047 0.8520 -0.1390
vn 0.4518 0.8549 -0.2550
vn 0.4070 0.8704 -0.2771
vn 0.4017 0.8995 -0.1717
vn 0.4023 0.8992 -0.1720
vn 0.4074 0.9016 -0.1452
vn 0.4826 0.8754 -0.0259
vn 0.4802 0.8770 0.0150
vn 0.4816 0.8760 -0.0263
vn 0.4322 0.8660 0.2516
vn 0.4312 0.8501 0.3023
vn 0.4425 0.8589 0.2579
vn 0.4130 0.8768 0.2463
vn 0.4170 0.8615 0.2897
vn 0.3982 0.8717 0.2858
vn 0.4082 0.8587 0.3100
vn 0.4249 0.8445 0.3259
vn -0.2907 -0.1075 -0.9508
vn -0.5802 0.0796 -0.8105
vn -0.5817 0.0806 -0.8094
vn 0.3883 0.8968 0.2121
vn 0.3881 0.8969 0.2120
vn 0.3914 0.8935 0.2200
vn 0.3897 0.8961 0.2125
vn 0.3953 0.8901 0.2269
vn 0.3909 0.8888 0.2392
vn 0.4682 0.8759 0.1167
vn 0.4698 0.8687 0.1567
vn 0.4765 0.8710 0.1199
vn 0.4475 0.8875 0.1103
vn 0.4619 0.8735 0.1541
vn 0.4417 0.8849 0.1477
vn 0.4536 0.8711 0.1882
vn 0.4614 0.8665 0.1905
vn 0.3933 0.8850 0.2491
vn 0.4116 0.9063 0.0957
vn 0.4058 0.9039 0.1352
vn 0.4114 0.9063 0.0963
vn 0.4059 0.9039 0.1354
vn 0.3979 0.9015 0.1701
vn 0.4056 0.9039 0.1357
vn 0.4111 0.9064 0.0975
vn 0.4697 0.8800 0.0702
vn 0.4794 0.8730 0.0897
vn 0.4787 0.8748 0.0741
vn 0.4478 0.8918 0.0639
vn 0.4708 0.8780 0.0859
vn 0.4494 0.8898 0.0795
vn 0.3979 0.9015 0.1700
vn 0.4119 0.9099 0.0483
vn 0.4135 0.9083 0.0629
vn 0.4133 0.9084 0.0636
vn 0.4120 0.9098 0.0502
vn 0.4131 0.9083 0.0658
vn 0.4709 0.8790 0.0752
vn 0.4771 0.8755 0.0769
vn 0.4860 0.8432 0.2299
vn 0.4689 0.8621 0.1923
vn 0.4574 0.8604 0.2248
vn 0.4100 0.9114 0.0360
vn 0.4098 0.9115 0.0356
vn 0.4100 0.9113 0.0376
vn 0.4524 0.8637 0.2221
vn 0.4339 0.8824 0.1818
vn 0.4441 0.8688 0.2191
vn 0.4245 0.8800 0.2130
vn 0.4113 0.8947 0.1743
vn 0.3998 0.9006 0.1706
vn 0.4029 0.8920 0.2050
vn 0.3922 0.8978 0.2001
vn 0.3942 0.8878 0.2376
vn 0.4386 0.8570 0.2707
vn 0.4529 0.8630 0.2240
vn 0.4428 0.8554 0.2686
vn 0.4621 0.8661 0.1906
vn 0.4778 0.8768 0.0548
vn 0.4685 0.8819 0.0519
vn 0.4465 0.8935 0.0471
vn 0.4242 0.9037 0.0575
vn 0.4132 0.9091 0.0533
vn 0.4259 0.9018 0.0726
vn 0.4145 0.9075 0.0685
vn 0.4238 0.8998 0.1036
vn 0.4125 0.9055 0.0995
vn 0.4188 0.8971 0.1405
vn 0.4073 0.9030 0.1367
vn 0.3868 0.8934 0.2285
vn 0.3849 0.8807 0.2761
vn 0.3841 0.8860 0.2596
vn 0.3798 0.8762 0.2967
vn 0.3897 0.8683 0.3068
vn 0.4596 0.8485 0.2624
vn 0.4094 0.8596 0.3056
vn 0.4113 0.8472 0.3363
vn 0.4227 0.9053 0.0425
vn 0.4113 0.9106 0.0396
vn 0.4798 0.8741 0.0764
vn 0.4771 0.8738 0.0936
vn 0.4804 0.8722 0.0917
vn 0.4775 0.8703 0.1212
vn 0.4775 0.8699 0.1237
vn 0.4750 0.8654 0.1598
vn 0.4708 0.8681 0.1571
vn 0.4318 0.8396 0.3295
vn 0.4260 0.8289 0.3625
vn 0.3972 0.8389 0.3723
vn 0.3776 0.8615 0.3393
vn 0.4879 0.8567 0.1673
vn 0.4926 0.8468 0.2007
vn 0.4697 0.8776 0.0960
vn 0.4778 0.8689 0.1294
vn -0.3087 -0.2238 -0.9244
vn -0.0377 -0.3258 -0.9447
vn -0.3095 -0.2234 -0.9243
vn 0.4851 0.8356 0.2579
vn 0.5083 0.8289 0.2333
vn 0.4837 0.8737 0.0514
vn 0.4670 0.8812 0.0742
vn 0.3834 0.8814 0.2759
vn 0.4778 0.8686 0.1315
vn 0.4653 0.8798 0.0972
vn 0.5079 0.8367 0.2048
vn 0.4950 0.8521 0.1702
vn 0.3890 0.8703 0.3020
vn 0.4350 0.8549 0.2828
vn 0.3979 0.9015 0.1704
vn 0.3902 0.8995 0.1965
vn 0.3867 0.8982 0.2088
vn 0.4790 0.8760 0.0564
vn -0.3496 -0.1073 0.9307
vn -0.6298 0.0796 0.7727
vn -0.3496 -0.1076 0.9307
vn -0.9024 0.3539 -0.2457
vn -0.9023 0.3539 -0.2460
vn -0.8890 0.4280 0.1626
vn -0.8972 0.4247 0.1212
vn -0.8972 0.4246 0.1212
vn -0.9041 0.4210 0.0735
vn -0.9041 0.4211 0.0735
vn -0.3168 -0.1705 -0.9331
vn -0.3059 -0.1619 -0.9382
vn -0.3035 -0.1595 -0.9394
vn 0.8153 -0.5432 -0.2003
vn 0.8374 -0.5216 -0.1635
vn 0.8152 -0.5434 -0.2004
vn 0.8375 -0.5213 -0.1636
vn 0.8591 -0.4967 -0.1231
vn -0.9080 0.4176 0.0339
vn -0.9080 0.4177 0.0339
vn -0.9099 0.4145 0.0154
vn -0.9099 0.4146 0.0149
vn -0.8784 0.4326 0.2033
vn -0.8816 0.4308 0.1931
vn -0.8816 0.4307 0.1931
vn -0.8890 0.4281 0.1626
vn -0.3014 -0.1517 -0.9414
vn -0.2945 -0.1347 -0.9461
vn -0.2943 -0.1343 -0.9462
vn -0.3339 -0.1935 -0.9225
vn -0.3337 -0.1933 -0.9226
vn -0.3168 -0.1706 -0.9330
vn -0.9113 0.4117 0.0002
vn -0.9112 0.4120 0.0003
vn -0.9113 0.4107 -0.0286
vn -0.9112 0.4109 -0.0286
vn 0.7998 -0.5525 -0.2348
vn 0.7933 -0.5424 -0.2764
vn 0.7933 -0.5424 -0.2766
vn 0.8592 -0.4967 -0.1230
vn 0.8739 -0.4792 -0.0817
vn 0.8780 -0.4765 -0.0460
vn 0.8742 -0.4854 -0.0119
vn 0.8743 -0.4852 -0.0119
vn 0.8707 -0.4910 0.0272
vn -0.8906 0.4292 0.1504
vn -0.8907 0.4291 0.1504
vn -0.8785 0.4324 0.2032
vn -0.3659 -0.2238 0.9033
vn -0.0967 -0.3258 0.9405
vn -0.0955 -0.3262 0.9405
vn -0.2907 -0.1076 -0.9507
vn 0.7482 -0.5214 -0.4103
vn 0.4731 -0.4725 -0.7436
vn 0.4754 -0.4731 -0.7418
vn 0.7489 -0.5216 -0.4087
vn -0.0365 -0.3262 -0.9446
vn -0.9159 0.3541 0.1890
vn -0.6311 0.0806 0.7715
vn -0.8771 0.4281 -0.2178
vn -0.8878 0.4248 -0.1771
vn -0.8879 0.4246 -0.1771
vn -0.8977 0.4211 -0.1298
vn -0.3745 -0.1705 0.9114
vn -0.3639 -0.1619 0.9172
vn -0.3745 -0.1706 0.9114
vn -0.3616 -0.1595 0.9186
vn 0.8012 -0.5433 0.2509
vn 0.8256 -0.5216 0.2155
vn 0.8257 -0.5213 0.2156
vn 0.8497 -0.4967 0.1766
vn 0.8498 -0.4967 0.1765
vn -0.9040 0.4179 -0.0906
vn -0.8977 0.4209 -0.1301
vn -0.9072 0.4145 -0.0722
vn -0.9041 0.4177 -0.0907
vn -0.8642 0.4322 -0.2577
vn -0.8678 0.4308 -0.2478
vn -0.8640 0.4324 -0.2578
vn -0.8678 0.4307 -0.2478
vn -0.3597 -0.1517 0.9207
vn -0.3617 -0.1596 0.9186
vn -0.3531 -0.1347 0.9258
vn -0.3597 -0.1516 0.9207
vn -0.3909 -0.1935 0.8999
vn -0.3667 -0.2235 0.9031
vn -0.3908 -0.1933 0.9000
vn -0.9095 0.4117 -0.0572
vn -0.9072 0.4145 -0.0723
vn -0.9095 0.4119 -0.0572
vn 0.7835 -0.5525 0.2843
vn 0.7745 -0.5424 0.3255
vn 0.7835 -0.5524 0.2844
vn 0.8011 -0.5433 0.2510
vn 0.8670 -0.4793 0.1362
vn 0.8671 -0.4792 0.1362
vn 0.8734 -0.4765 0.1008
vn 0.8734 -0.4765 0.1007
vn 0.8719 -0.4852 0.0665
vn 0.8719 -0.4852 0.0666
vn -0.8795 0.4292 -0.2058
vn -0.9160 0.3539 0.1891
vn -0.8794 0.4291 -0.2061
vn -0.3529 -0.1343 0.9260
vn 0.7211 -0.5214 0.4563
vn 0.4257 -0.4725 0.7717
vn 0.7219 -0.5216 0.4547
vn 0.7745 -0.5423 0.3257
vn 0.4281 -0.4730 0.7701
vn -0.2694 0.9627 -0.0261
vn -0.2517 0.9676 -0.0198
vn -0.2582 0.9658 -0.0230
vn -0.2915 0.9561 -0.0314
vn -0.2643 0.9642 -0.0221
vn -0.2881 0.9572 -0.0263
vn -0.2606 0.9653 -0.0165
vn -0.2468 0.9690 -0.0146
vn -0.2739 0.9598 -0.0620
vn -0.2837 0.9545 -0.0919
vn -0.2831 0.9570 -0.0633
vn -0.2744 0.9571 -0.0931
vn -0.2747 0.9548 -0.1131
vn -0.2951 0.9496 -0.1059
vn -0.2998 0.9496 -0.0917
vn -0.2996 0.9517 -0.0673
vn -0.2769 0.9602 -0.0374
vn -0.2662 0.9633 -0.0349
vn -0.2960 0.9542 -0.0431
vn -0.2620 0.9578 -0.1185
vn -0.2583 0.9571 -0.1311
vn -0.2411 0.9606 -0.1383
vn -0.2466 0.9571 -0.1520
vn -0.2793 0.9481 -0.1521
vn -0.2868 0.9505 -0.1195
vn -0.2281 0.9619 -0.1508
vn -0.2486 0.9521 -0.1781
vn -0.2389 0.9561 -0.1700
vn -0.2306 0.9597 -0.1605
vn -0.2782 0.9324 -0.2305
vn -0.2778 0.9388 -0.2037
vn -0.3055 0.9474 -0.0956
vn -0.3015 0.9415 -0.1507
vn -0.3056 0.9478 -0.0909
vn -0.3020 0.9404 -0.1562
vn -0.2996 0.9359 -0.1855
vn -0.2992 0.9369 -0.1809
vn -0.3024 0.9439 -0.1324
vn -0.3055 0.9484 -0.0848
vn -0.2400 0.9707 -0.0075
vn -0.2575 0.9662 -0.0108
vn -0.2562 0.9666 -0.0080
vn -0.2424 0.9701 -0.0091
vn -0.2858 0.9581 -0.0200
vn -0.2843 0.9587 -0.0134
vn -0.2837 0.9589 -0.0089
vn -0.3046 0.9522 -0.0251
vn -0.2998 0.9539 -0.0147
vn -0.3006 0.9535 -0.0226
vn -0.3029 0.9530 -0.0095
vn -0.3033 0.9528 -0.0162
vn -0.2996 0.9540 -0.0094
vn -0.3011 0.9528 -0.0380
vn -0.2989 0.9532 -0.0465
vn -0.3000 0.9532 -0.0378
vn -0.3029 0.9523 -0.0383
vn -0.2999 0.9528 -0.0470
vn -0.3029 0.9519 -0.0473
vn -0.3006 0.9522 -0.0539
vn -0.2990 0.9527 -0.0540
vn -0.3075 0.9481 -0.0809
vn -0.3063 0.9499 -0.0626
vn -0.3088 0.9478 -0.0791
vn -0.3062 0.9485 -0.0812
vn -0.3034 0.9507 -0.0646
vn -0.3020 0.9511 -0.0650
vn -0.3038 0.9512 -0.0533
vn -0.3100 0.9473 -0.0813
vn -0.3099 0.9464 -0.0907
vn -0.3100 0.9472 -0.0824
vn -0.3098 0.9472 -0.0826
vn -0.3095 0.9465 -0.0913
vn -0.3094 0.9465 -0.0916
vn -0.3081 0.9487 -0.0712
vn -0.3080 0.9489 -0.0686
vn -0.3083 0.9489 -0.0674
vn -0.2984 0.9429 -0.1481
vn -0.3041 0.9422 -0.1405
vn -0.3030 0.9466 -0.1104
vn -0.3074 0.9459 -0.1036
vn -0.3068 0.9465 -0.1006
vn -0.3048 0.9432 -0.1321
vn -0.3050 0.9443 -0.1234
vn -0.3079 0.9464 -0.0972
vn -0.3079 0.9471 -0.0909
vn -0.3101 0.9461 -0.0933
vn -0.3099 0.9458 -0.0965
vn -0.3051 0.9454 -0.1147
vn -0.3053 0.9463 -0.1068
vn -0.3079 0.9476 -0.0848
vn -0.3080 0.9480 -0.0797
vn -0.3099 0.9467 -0.0878
vn -0.3100 0.9464 -0.0904
vn -0.3092 0.9466 -0.0910
vn -0.3114 0.9460 -0.0903
vn -0.3092 0.9484 -0.0698
vn -0.3112 0.9461 -0.0898
vn -0.3105 0.9463 -0.0898
vn -0.3114 0.9475 -0.0728
vn -0.3116 0.9475 -0.0715
vn -0.3097 0.9470 -0.0860
vn -0.3104 0.9464 -0.0896
vn -0.3101 0.9464 -0.0901
vn -0.3102 0.9477 -0.0755
vn -0.3104 0.9477 -0.0745
vn -0.3073 0.9504 -0.0477
vn -0.3105 0.9492 -0.0508
vn -0.3047 0.9518 -0.0359
vn -0.3105 0.9491 -0.0535
vn -0.3100 0.9491 -0.0558
vn -0.3087 0.9502 -0.0428
vn -0.3085 0.9504 -0.0395
vn -0.3100 0.9476 -0.0767
vn -0.3095 0.9491 -0.0578
vn -0.3093 0.9491 -0.0596
vn -0.3081 0.9501 -0.0483
vn -0.3084 0.9502 -0.0457
vn -0.3066 0.9511 -0.0366
vn -0.3064 0.9511 -0.0399
vn -0.3046 0.9520 -0.0284
vn -0.3063 0.9513 -0.0333
vn -0.3079 0.9501 -0.0504
vn -0.3064 0.9510 -0.0428
vn -0.3063 0.9509 -0.0451
vn -0.3049 0.9518 -0.0345
vn -0.3046 0.9519 -0.0318
vn -0.3023 0.9527 -0.0300
vn -0.3041 0.9523 -0.0244
vn -0.3044 0.9518 -0.0378
vn -0.3028 0.9527 -0.0248
vn -0.3043 0.9525 -0.0095
vn -0.3046 0.9524 -0.0095
vn -0.3044 0.9522 -0.0237
vn -0.3051 0.9516 -0.0362
vn -0.3040 0.9524 -0.0227
vn -0.3041 0.9526 -0.0095
vn -0.3034 0.9528 -0.0095
vn -0.3033 0.9527 -0.0209
vn -0.3033 0.9527 -0.0185
vn -0.2945 0.9317 -0.2127
vn -0.2922 0.9236 -0.2481
vn -0.2967 0.9228 -0.2459
vn -0.2995 0.9311 -0.2082
vn -0.3005 0.9329 -0.1986
vn -0.2978 0.9249 -0.2363
vn -0.2983 0.9274 -0.2256
vn -0.3009 0.9348 -0.1885
vn -0.3013 0.9367 -0.1785
vn -0.2988 0.9298 -0.2151
vn -0.2993 0.9317 -0.2058
vn -0.3016 0.9383 -0.1693
vn -0.3013 0.9532 -0.0251
vn -0.3005 0.9534 -0.0252
vn -0.3014 0.9535 -0.0094
vn -0.3030 0.9529 -0.0095
vn -0.3053 0.9469 -0.1005
vn -0.3080 0.9484 -0.0747
vn -0.3099 0.9471 -0.0838
vn -0.3103 0.9463 -0.0902
vn -0.3097 0.9476 -0.0778
vn -0.3085 0.9493 -0.0610
vn -0.3068 0.9503 -0.0521
vn -0.3053 0.9511 -0.0467
vn -0.3019 0.9394 -0.1625
vn -0.2996 0.9334 -0.1977
vn -0.2998 0.9346 -0.1917
vn -0.2522 0.9677 0.0042
vn -0.2705 0.9627 0.0092
vn -0.2589 0.9659 0.0070
vn -0.2473 0.9689 -0.0009
vn -0.2651 0.9642 0.0055
vn -0.2611 0.9653 0.0002
vn -0.2892 0.9572 0.0082
vn -0.2932 0.9560 0.0130
vn -0.2772 0.9598 0.0448
vn -0.2889 0.9545 0.0740
vn -0.2796 0.9571 0.0758
vn -0.2865 0.9570 0.0454
vn -0.3049 0.9496 0.0728
vn -0.3011 0.9496 0.0872
vn -0.2812 0.9549 0.0957
vn -0.2687 0.9578 0.1019
vn -0.2787 0.9602 0.0200
vn -0.2679 0.9633 0.0182
vn -0.2982 0.9542 0.0246
vn -0.3033 0.9517 0.0483
vn -0.2660 0.9571 0.1146
vn -0.2493 0.9606 0.1229
vn -0.2937 0.9505 0.1013
vn -0.2883 0.9481 0.1343
vn -0.2556 0.9571 0.1363
vn -0.2370 0.9619 0.1362
vn -0.2593 0.9521 0.1622
vn -0.2402 0.9597 0.1458
vn -0.2900 0.9388 0.1859
vn -0.2921 0.9325 0.2127
vn -0.2662 0.9474 0.1779
vn -0.2491 0.9560 0.1547
vn -0.3107 0.9475 0.0761
vn -0.3103 0.9415 0.1316
vn -0.3112 0.9404 0.1370
vn -0.3103 0.9479 0.0716
vn -0.3101 0.9439 0.1132
vn -0.3099 0.9369 0.1619
vn -0.3107 0.9359 0.1663
vn -0.3111 0.9346 0.1725
vn -0.2577 0.9662 -0.0054
vn -0.2424 0.9701 -0.0061
vn -0.2845 0.9587 -0.0044
vn -0.2869 0.9580 0.0019
vn -0.3055 0.9522 0.0060
vn -0.3001 0.9539 -0.0041
vn -0.3037 0.9528 -0.0028
vn -0.3015 0.9535 0.0037
vn -0.3012 0.9532 0.0277
vn -0.3029 0.9528 0.0191
vn -0.3020 0.9531 0.0188
vn -0.3018 0.9527 0.0352
vn -0.3023 0.9528 0.0282
vn -0.3033 0.9522 0.0351
vn -0.3052 0.9519 0.0283
vn -0.3047 0.9523 0.0193
vn -0.3096 0.9499 0.0433
vn -0.3120 0.9481 0.0615
vn -0.3132 0.9478 0.0596
vn -0.3065 0.9512 0.0342
vn -0.3068 0.9507 0.0455
vn -0.3053 0.9511 0.0461
vn -0.3106 0.9485 0.0619
vn -0.3148 0.9465 0.0712
vn -0.3144 0.9473 0.0618
vn -0.3145 0.9472 0.0628
vn -0.3145 0.9465 0.0718
vn -0.3145 0.9465 0.0721
vn -0.3142 0.9473 0.0632
vn -0.3119 0.9487 0.0518
vn -0.3117 0.9489 0.0488
vn -0.3119 0.9489 0.0480
vn -0.3102 0.9484 0.0655
vn -0.3071 0.9429 0.1292
vn -0.3091 0.9466 0.0915
vn -0.3124 0.9465 0.0812
vn -0.3132 0.9459 0.0841
vn -0.3122 0.9422 0.1215
vn -0.3125 0.9432 0.1128
vn -0.3152 0.9459 0.0773
vn -0.3133 0.9465 0.0777
vn -0.3153 0.9461 0.0737
vn -0.3130 0.9471 0.0715
vn -0.3121 0.9443 0.1041
vn -0.3117 0.9454 0.0954
vn -0.3150 0.9464 0.0708
vn -0.3126 0.9476 0.0653
vn -0.3147 0.9467 0.0682
vn -0.3124 0.9480 0.0603
vn -0.3114 0.9462 0.0880
vn -0.3141 0.9467 0.0717
vn -0.3129 0.9484 0.0504
vn -0.3164 0.9460 0.0707
vn -0.3152 0.9476 0.0521
vn -0.3162 0.9461 0.0702
vn -0.3153 0.9475 0.0532
vn -0.3158 0.9463 0.0699
vn -0.3146 0.9477 0.0548
vn -0.3154 0.9464 0.0701
vn -0.3143 0.9477 0.0559
vn -0.3153 0.9464 0.0703
vn -0.3146 0.9469 0.0660
vn -0.3097 0.9504 0.0284
vn -0.3064 0.9518 0.0168
vn -0.3131 0.9492 0.0313
vn -0.3103 0.9504 0.0202
vn -0.3133 0.9491 0.0339
vn -0.3108 0.9502 0.0234
vn -0.3129 0.9491 0.0363
vn -0.3106 0.9502 0.0264
vn -0.3125 0.9491 0.0384
vn -0.3105 0.9501 0.0289
vn -0.3124 0.9491 0.0401
vn -0.3142 0.9476 0.0571
vn -0.3083 0.9511 0.0174
vn -0.3083 0.9511 0.0207
vn -0.3078 0.9513 0.0141
vn -0.3058 0.9520 0.0093
vn -0.3060 0.9519 0.0127
vn -0.3104 0.9501 0.0311
vn -0.3084 0.9510 0.0235
vn -0.3085 0.9509 0.0258
vn -0.3064 0.9518 0.0154
vn -0.3066 0.9517 0.0174
vn -0.3036 0.9527 0.0110
vn -0.3050 0.9523 0.0053
vn -0.3038 0.9527 0.0058
vn -0.3062 0.9518 0.0187
vn -0.3054 0.9522 0.0043
vn -0.3049 0.9524 0.0036
vn -0.3040 0.9527 0.0019
vn -0.3037 0.9528 -0.0008
vn -0.3072 0.9317 0.1939
vn -0.3119 0.9311 0.1891
vn -0.3115 0.9228 0.2267
vn -0.3072 0.9236 0.2293
vn -0.3124 0.9329 0.1795
vn -0.3122 0.9348 0.1693
vn -0.3119 0.9274 0.2065
vn -0.3120 0.9249 0.2172
vn -0.3119 0.9367 0.1593
vn -0.3116 0.9383 0.1502
vn -0.3115 0.9318 0.1864
vn -0.3117 0.9298 0.1960
vn -0.3023 0.9532 0.0062
vn -0.3015 0.9534 0.0063
vn -0.3009 0.9536 -0.0094
vn -0.3110 0.9469 0.0812
vn -0.3121 0.9484 0.0553
vn -0.3146 0.9471 0.0642
vn -0.3153 0.9463 0.0706
vn -0.3140 0.9476 0.0583
vn -0.3117 0.9493 0.0416
vn -0.3095 0.9503 0.0328
vn -0.3077 0.9511 0.0275
vn -0.3114 0.9395 0.1428
vn -0.3114 0.9334 0.1786
vn 0.2516 -0.9676 0.0199
vn 0.2697 -0.9626 0.0260
vn 0.2582 -0.9658 0.0230
vn 0.2643 -0.9642 0.0221
vn 0.2915 -0.9561 0.0314
vn 0.2609 -0.9652 0.0166
vn 0.2884 -0.9571 0.0262
vn 0.2467 -0.9690 0.0147
vn 0.2740 -0.9597 0.0620
vn 0.2837 -0.9545 0.0919
vn 0.2743 -0.9571 0.0931
vn 0.2747 -0.9549 0.1131
vn 0.2620 -0.9578 0.1185
vn 0.2951 -0.9496 0.1059
vn 0.2832 -0.9570 0.0632
vn 0.2999 -0.9496 0.0917
vn 0.2769 -0.9602 0.0374
vn 0.2664 -0.9632 0.0349
vn 0.2996 -0.9517 0.0673
vn 0.2960 -0.9542 0.0431
vn 0.2584 -0.9571 0.1310
vn 0.2411 -0.9606 0.1383
vn 0.2465 -0.9572 0.1520
vn 0.2279 -0.9619 0.1508
vn 0.2793 -0.9481 0.1520
vn 0.2868 -0.9505 0.1194
vn 0.2485 -0.9521 0.1781
vn 0.2305 -0.9597 0.1605
vn 0.2388 -0.9561 0.1699
vn 0.2782 -0.9324 0.2309
vn 0.2544 -0.9474 0.1941
vn 0.2778 -0.9387 0.2039
vn 0.3053 -0.9475 0.0952
vn 0.3015 -0.9414 0.1510
vn 0.3020 -0.9404 0.1563
vn 0.2995 -0.9357 0.1862
vn 0.2997 -0.9345 0.1921
vn 0.2991 -0.9367 0.1818
vn 0.3052 -0.9480 0.0908
vn 0.3024 -0.9439 0.1322
vn 0.2400 -0.9708 0.0075
vn 0.2576 -0.9662 0.0107
vn 0.2427 -0.9701 0.0088
vn 0.2858 -0.9581 0.0200
vn 0.2562 -0.9666 0.0080
vn 0.2843 -0.9586 0.0134
vn 0.3046 -0.9522 0.0251
vn 0.2998 -0.9539 0.0147
vn 0.3033 -0.9528 0.0162
vn 0.3029 -0.9530 0.0095
vn 0.2996 -0.9540 0.0094
vn 0.3006 -0.9535 0.0226
vn 0.2989 -0.9532 0.0465
vn 0.3008 -0.9529 0.0382
vn 0.3001 -0.9532 0.0378
vn 0.2999 -0.9528 0.0471
vn 0.3029 -0.9523 0.0383
vn 0.3006 -0.9522 0.0539
vn 0.3029 -0.9519 0.0473
vn 0.2991 -0.9527 0.0540
vn 0.3063 -0.9499 0.0626
vn 0.3075 -0.9481 0.0809
vn 0.3085 -0.9479 0.0792
vn 0.3034 -0.9507 0.0646
vn 0.3062 -0.9485 0.0812
vn 0.3022 -0.9510 0.0650
vn 0.3041 -0.9512 0.0531
vn 0.3097 -0.9465 0.0907
vn 0.3100 -0.9473 0.0813
vn 0.3100 -0.9472 0.0824
vn 0.3093 -0.9466 0.0914
vn 0.3097 -0.9472 0.0827
vn 0.3089 -0.9466 0.0918
vn 0.3081 -0.9487 0.0711
vn 0.3081 -0.9489 0.0682
vn 0.3056 -0.9484 0.0846
vn 0.3083 -0.9489 0.0674
vn 0.2984 -0.9429 0.1480
vn 0.3028 -0.9466 0.1106
vn 0.3040 -0.9422 0.1407
vn 0.3071 -0.9464 0.1002
vn 0.3074 -0.9460 0.1035
vn 0.3048 -0.9432 0.1320
vn 0.3079 -0.9465 0.0971
vn 0.3050 -0.9444 0.1232
vn 0.3101 -0.9461 0.0933
vn 0.3079 -0.9471 0.0908
vn 0.3099 -0.9458 0.0965
vn 0.3051 -0.9454 0.1146
vn 0.3080 -0.9476 0.0847
vn 0.3053 -0.9463 0.1067
vn 0.3099 -0.9467 0.0878
vn 0.3080 -0.9481 0.0792
vn 0.3100 -0.9464 0.0904
vn 0.3090 -0.9467 0.0912
vn 0.3092 -0.9484 0.0699
vn 0.3114 -0.9460 0.0904
vn 0.3112 -0.9461 0.0898
vn 0.3114 -0.9475 0.0728
vn 0.3105 -0.9463 0.0899
vn 0.3116 -0.9475 0.0715
vn 0.3104 -0.9464 0.0896
vn 0.3099 -0.9469 0.0856
vn 0.3102 -0.9477 0.0755
vn 0.3103 -0.9464 0.0899
vn 0.3107 -0.9476 0.0741
vn 0.3073 -0.9504 0.0477
vn 0.3047 -0.9518 0.0359
vn 0.3105 -0.9492 0.0508
vn 0.3105 -0.9491 0.0535
vn 0.3087 -0.9502 0.0428
vn 0.3100 -0.9491 0.0558
vn 0.3085 -0.9504 0.0395
vn 0.3095 -0.9491 0.0578
vn 0.3100 -0.9476 0.0767
vn 0.3081 -0.9501 0.0483
vn 0.3093 -0.9491 0.0595
vn 0.3084 -0.9502 0.0457
vn 0.3066 -0.9511 0.0366
vn 0.3064 -0.9511 0.0399
vn 0.3046 -0.9520 0.0284
vn 0.3046 -0.9519 0.0318
vn 0.3063 -0.9513 0.0333
vn 0.3079 -0.9501 0.0504
vn 0.3064 -0.9510 0.0428
vn 0.3063 -0.9509 0.0451
vn 0.3049 -0.9518 0.0346
vn 0.3050 -0.9517 0.0365
vn 0.3023 -0.9527 0.0300
vn 0.3041 -0.9523 0.0244
vn 0.3028 -0.9527 0.0248
vn 0.3043 -0.9525 0.0095
vn 0.3030 -0.9529 0.0095
vn 0.3046 -0.9524 0.0095
vn 0.3044 -0.9518 0.0378
vn 0.3044 -0.9522 0.0237
vn 0.3041 -0.9524 0.0227
vn 0.3041 -0.9526 0.0095
vn 0.3031 -0.9529 0.0095
vn 0.3033 -0.9527 0.0209
vn 0.3032 -0.9527 0.0185
vn 0.3026 -0.9531 0.0095
vn 0.2945 -0.9316 0.2130
vn 0.2922 -0.9234 0.2487
vn 0.2967 -0.9227 0.2463
vn 0.2995 -0.9310 0.2085
vn 0.3005 -0.9328 0.1988
vn 0.2977 -0.9248 0.2368
vn 0.2983 -0.9273 0.2262
vn 0.3010 -0.9348 0.1887
vn 0.3013 -0.9366 0.1786
vn 0.2988 -0.9297 0.2156
vn 0.2992 -0.9317 0.2060
vn 0.3016 -0.9382 0.1699
vn 0.3013 -0.9532 0.0251
vn 0.3005 -0.9534 0.0252
vn 0.3014 -0.9535 0.0094
vn 0.3005 -0.9537 0.0094
vn 0.3054 -0.9469 0.1006
vn 0.3080 -0.9484 0.0747
vn 0.3100 -0.9471 0.0838
vn 0.3103 -0.9463 0.0902
vn 0.3097 -0.9476 0.0778
vn 0.3085 -0.9493 0.0610
vn 0.3071 -0.9503 0.0518
vn 0.3053 -0.9511 0.0467
vn 0.3019 -0.9394 0.1625
vn 0.2995 -0.9333 0.1982
vn 0.2709 -0.9626 -0.0091
vn 0.2522 -0.9677 -0.0042
vn 0.2591 -0.9658 -0.0068
vn 0.2651 -0.9642 -0.0055
vn 0.2472 -0.9690 0.0008
vn 0.2892 -0.9572 -0.0082
vn 0.2611 -0.9653 -0.0002
vn 0.2929 -0.9561 -0.0131
vn 0.2772 -0.9598 -0.0448
vn 0.2890 -0.9545 -0.0740
vn 0.2865 -0.9570 -0.0454
vn 0.3050 -0.9496 -0.0728
vn 0.3035 -0.9516 -0.0481
vn 0.3012 -0.9496 -0.0872
vn 0.2796 -0.9571 -0.0758
vn 0.2813 -0.9548 -0.0957
vn 0.2787 -0.9602 -0.0200
vn 0.2982 -0.9542 -0.0246
vn 0.2680 -0.9633 -0.0182
vn 0.2689 -0.9578 -0.1019
vn 0.2660 -0.9571 -0.1146
vn 0.2937 -0.9505 -0.1013
vn 0.2883 -0.9481 -0.1342
vn 0.2493 -0.9606 -0.1230
vn 0.2555 -0.9572 -0.1363
vn 0.2369 -0.9619 -0.1362
vn 0.2592 -0.9521 -0.1623
vn 0.2900 -0.9387 -0.1861
vn 0.2921 -0.9324 -0.2130
vn 0.2489 -0.9561 -0.1546
vn 0.2401 -0.9597 -0.1457
vn 0.3107 -0.9475 -0.0759
vn 0.3106 -0.9414 -0.1313
vn 0.3103 -0.9480 -0.0715
vn 0.3101 -0.9440 -0.1131
vn 0.3103 -0.9484 -0.0654
vn 0.3098 -0.9368 -0.1627
vn 0.3111 -0.9404 -0.1372
vn 0.3105 -0.9357 -0.1672
vn 0.2576 -0.9662 0.0053
vn 0.2846 -0.9586 0.0044
vn 0.2838 -0.9589 0.0089
vn 0.2865 -0.9581 -0.0021
vn 0.2425 -0.9701 0.0062
vn 0.3055 -0.9522 -0.0060
vn 0.3001 -0.9539 0.0041
vn 0.3015 -0.9535 -0.0037
vn 0.3037 -0.9528 0.0028
vn 0.3029 -0.9528 -0.0191
vn 0.3012 -0.9532 -0.0277
vn 0.3020 -0.9531 -0.0188
vn 0.3023 -0.9528 -0.0282
vn 0.3019 -0.9527 -0.0352
vn 0.3055 -0.9518 -0.0281
vn 0.3031 -0.9523 -0.0352
vn 0.3047 -0.9523 -0.0193
vn 0.3120 -0.9481 -0.0615
vn 0.3096 -0.9499 -0.0433
vn 0.3127 -0.9479 -0.0598
vn 0.3068 -0.9507 -0.0455
vn 0.3068 -0.9512 -0.0340
vn 0.3055 -0.9511 -0.0460
vn 0.3106 -0.9485 -0.0619
vn 0.3144 -0.9473 -0.0617
vn 0.3152 -0.9464 -0.0710
vn 0.3145 -0.9472 -0.0628
vn 0.3145 -0.9465 -0.0718
vn 0.3142 -0.9466 -0.0722
vn 0.3143 -0.9472 -0.0631
vn 0.3119 -0.9487 -0.0522
vn 0.3117 -0.9489 -0.0488
vn 0.3119 -0.9489 -0.0479
vn 0.3071 -0.9429 -0.1291
vn 0.3093 -0.9466 -0.0912
vn 0.3132 -0.9460 -0.0841
vn 0.3124 -0.9465 -0.0813
vn 0.3122 -0.9422 -0.1214
vn 0.3125 -0.9432 -0.1127
vn 0.3133 -0.9465 -0.0777
vn 0.3154 -0.9458 -0.0770
vn 0.3130 -0.9471 -0.0714
vn 0.3154 -0.9461 -0.0737
vn 0.3121 -0.9444 -0.1039
vn 0.3117 -0.9454 -0.0952
vn 0.3126 -0.9476 -0.0653
vn 0.3150 -0.9464 -0.0708
vn 0.3123 -0.9481 -0.0598
vn 0.3148 -0.9467 -0.0682
vn 0.3113 -0.9463 -0.0874
vn 0.3141 -0.9467 -0.0717
vn 0.3162 -0.9460 -0.0710
vn 0.3129 -0.9484 -0.0504
vn 0.3162 -0.9461 -0.0702
vn 0.3154 -0.9475 -0.0519
vn 0.3157 -0.9463 -0.0700
vn 0.3153 -0.9475 -0.0532
vn 0.3152 -0.9464 -0.0703
vn 0.3148 -0.9476 -0.0546
vn 0.3153 -0.9464 -0.0703
vn 0.3143 -0.9477 -0.0559
vn 0.3146 -0.9469 -0.0660
vn 0.3097 -0.9504 -0.0284
vn 0.3131 -0.9492 -0.0313
vn 0.3064 -0.9518 -0.0168
vn 0.3133 -0.9491 -0.0339
vn 0.3103 -0.9504 -0.0202
vn 0.3129 -0.9491 -0.0363
vn 0.3108 -0.9502 -0.0234
vn 0.3125 -0.9491 -0.0384
vn 0.3106 -0.9502 -0.0264
vn 0.3124 -0.9491 -0.0401
vn 0.3105 -0.9501 -0.0289
vn 0.3142 -0.9476 -0.0571
vn 0.3083 -0.9511 -0.0174
vn 0.3078 -0.9513 -0.0141
vn 0.3083 -0.9511 -0.0207
vn 0.3058 -0.9520 -0.0093
vn 0.3104 -0.9501 -0.0310
vn 0.3084 -0.9510 -0.0235
vn 0.3060 -0.9519 -0.0127
vn 0.3085 -0.9509 -0.0258
vn 0.3064 -0.9518 -0.0154
vn 0.3036 -0.9527 -0.0110
vn 0.3050 -0.9523 -0.0053
vn 0.3062 -0.9518 -0.0187
vn 0.3053 -0.9522 -0.0046
vn 0.3066 -0.9517 -0.0174
vn 0.3038 -0.9527 -0.0058
vn 0.3049 -0.9524 -0.0036
vn 0.3040 -0.9527 -0.0019
vn 0.3038 -0.9527 0.0005
vn 0.3072 -0.9316 -0.1941
vn 0.3120 -0.9311 -0.1891
vn 0.3115 -0.9226 -0.2274
vn 0.3072 -0.9234 -0.2299
vn 0.3124 -0.9328 -0.1796
vn 0.3122 -0.9348 -0.1695
vn 0.3118 -0.9273 -0.2071
vn 0.3120 -0.9248 -0.2178
vn 0.3119 -0.9366 -0.1598
vn 0.3117 -0.9382 -0.1507
vn 0.3115 -0.9317 -0.1869
vn 0.3117 -0.9296 -0.1965
vn 0.3023 -0.9532 -0.0062
vn 0.3015 -0.9534 -0.0063
vn 0.3110 -0.9469 -0.0810
vn 0.3121 -0.9484 -0.0553
vn 0.3144 -0.9471 -0.0645
vn 0.3153 -0.9463 -0.0706
vn 0.3140 -0.9476 -0.0583
vn 0.3117 -0.9493 -0.0416
vn 0.3095 -0.9503 -0.0328
vn 0.3077 -0.9511 -0.0275
vn 0.3114 -0.9394 -0.1433
vn 0.3111 -0.9345 -0.1730
vn 0.3113 -0.9333 -0.1791
vn 0.9540 0.2738 0.1220
vn 0.9549 0.2800 0.0992
vn 0.9540 0.2738 0.1221
vn 0.9580 0.2767 0.0758
vn 0.9617 0.2684 0.0559
vn 0.9580 0.2767 0.0757
vn 0.9647 0.2591 0.0469
vn 0.9618 0.2681 0.0559
vn -0.3757 -0.2820 -0.8828
vn -0.7982 -0.3331 -0.5020
vn -0.7990 -0.3331 -0.5006
vn -0.9203 -0.3190 -0.2263
vn 0.9624 0.2489 0.1085
vn 0.9548 0.2618 0.1409
vn 0.9548 0.2619 0.1408
vn -0.9240 -0.3194 -0.2100
vn -0.9241 -0.3170 -0.2133
vn -0.9240 -0.3195 -0.2100
vn -0.9242 -0.3169 -0.2133
vn -0.9375 -0.3093 -0.1593
vn -0.9436 -0.3045 -0.1300
vn -0.9314 -0.3154 -0.1816
vn -0.9375 -0.3094 -0.1593
vn -0.9266 -0.3199 -0.1977
vn -0.9313 -0.3156 -0.1816
vn 0.9671 0.2474 0.0589
vn 0.9663 0.2526 0.0490
vn 0.9664 0.2525 0.0490
vn 0.9647 0.2593 0.0468
vn 0.9464 0.1820 -0.2669
vn 0.9450 0.1809 -0.2724
vn 0.5487 -0.0180 -0.8358
vn 0.5463 -0.0189 -0.8374
vn 0.1312 -0.1691 -0.9768
vn 0.1305 -0.1694 -0.9769
vn 0.0568 -0.2187 -0.9741
vn 0.0568 -0.2189 -0.9741
vn 0.0326 -0.1907 -0.9811
vn -0.0388 -0.2068 -0.9776
vn -0.0392 -0.2067 -0.9776
vn -0.3759 -0.2820 -0.8827
vn -0.9479 -0.3023 -0.1009
vn -0.9501 -0.3022 -0.0770
vn -0.9503 -0.3017 -0.0769
vn -0.9479 -0.3022 -0.1010
vn -0.9520 -0.3014 -0.0537
vn -0.9532 -0.3010 -0.0298
vn -0.9532 -0.3009 -0.0298
vn -0.9519 -0.3015 -0.0537
vn 0.9699 0.2416 0.0303
vn 0.9682 0.2432 0.0579
vn 0.9683 0.2428 0.0580
vn 0.9673 0.2468 0.0590
vn 0.0548 -0.2376 -0.9698
vn 0.0551 -0.2385 -0.9696
vn 0.0551 -0.2384 -0.9696
vn 0.0528 -0.2309 -0.9716
vn 0.0527 -0.2306 -0.9716
vn 0.0498 -0.2213 -0.9739
vn 0.0494 -0.2205 -0.9741
vn 0.0467 -0.2114 -0.9763
vn 0.0465 -0.2110 -0.9764
vn 0.0438 -0.2025 -0.9783
vn 0.0437 -0.2024 -0.9783
vn 0.0414 -0.1949 -0.9799
vn 0.0413 -0.1948 -0.9800
vn 0.0329 -0.1910 -0.9810
vn 0.9598 0.2738 -0.0621
vn 0.9592 0.2800 -0.0393
vn 0.9608 0.2767 -0.0157
vn 0.9609 0.2766 -0.0157
vn 0.9633 0.2683 0.0043
vn 0.9635 0.2678 0.0043
vn 0.9658 0.2591 0.0135
vn 0.9657 0.2592 0.0135
vn -0.4302 -0.2820 0.8576
vn -0.8280 -0.3332 0.4511
vn -0.4304 -0.2820 0.8575
vn -0.8288 -0.3331 0.4496
vn -0.9327 -0.3190 0.1682
vn 0.9673 0.2490 -0.0481
vn 0.9617 0.2618 -0.0810
vn 0.9618 0.2615 -0.0811
vn 0.9598 0.2738 -0.0622
vn -0.9353 -0.3196 0.1518
vn -0.9356 -0.3171 0.1550
vn -0.9357 -0.3170 0.1550
vn -0.9457 -0.3093 0.1004
vn -0.9499 -0.3045 0.0708
vn -0.9457 -0.3091 0.1004
vn -0.9408 -0.3158 0.1230
vn -0.9408 -0.3158 0.1231
vn -0.9371 -0.3199 0.1395
vn -0.9371 -0.3200 0.1395
vn 0.9689 0.2475 0.0017
vn 0.9676 0.2524 0.0114
vn 0.9689 0.2474 0.0016
vn 0.9675 0.2525 0.0115
vn 0.9278 0.1821 0.3255
vn 0.9261 0.1809 0.3309
vn 0.4954 -0.0181 0.8685
vn 0.0699 -0.1690 0.9831
vn 0.4929 -0.0189 0.8699
vn -0.0042 -0.2188 0.9758
vn 0.0691 -0.1694 0.9831
vn -0.0288 -0.1907 0.9812
vn -0.0998 -0.2067 0.9733
vn -0.1002 -0.2067 0.9733
vn -0.9522 -0.3027 0.0414
vn -0.9531 -0.3022 0.0175
vn -0.9522 -0.3025 0.0414
vn -0.9535 -0.3015 -0.0059
vn -0.9534 -0.3015 -0.0059
vn 0.9701 0.2428 0.0027
vn 0.9699 0.2415 0.0303
vn -0.0060 -0.2376 0.9713
vn -0.0042 -0.2189 0.9757
vn -0.0056 -0.2386 0.9711
vn -0.0080 -0.2309 0.9729
vn -0.0057 -0.2385 0.9711
vn -0.0082 -0.2306 0.9730
vn -0.0113 -0.2210 0.9752
vn -0.0113 -0.2209 0.9752
vn -0.0144 -0.2114 0.9773
vn -0.0146 -0.2112 0.9773
vn -0.0174 -0.2025 0.9791
vn -0.0175 -0.2024 0.9791
vn -0.0198 -0.1950 0.9806
vn -0.0200 -0.1949 0.9806
vn 0.0283 0.4882 -0.8723
vn 0.0292 0.4878 -0.8725
vn 0.0287 0.4885 -0.8721
vn 0.0282 0.4881 -0.8724
vn 0.0288 0.4873 -0.8728
vn 0.0287 0.4872 -0.8728
vn 0.0289 0.4870 -0.8729
vn 0.0292 0.4875 -0.8727
vn -0.0114 0.4997 -0.8661
vn -0.0184 0.4968 -0.8677
vn -0.0098 0.4995 -0.8663
vn -0.0201 0.4970 -0.8675
vn -0.0199 0.4963 -0.8679
vn -0.0374 0.4956 -0.8678
vn -0.0371 0.4953 -0.8680
vn -0.0359 0.4950 -0.8682
vn -0.0504 0.4923 -0.8689
vn -0.0519 0.4930 -0.8685
vn -0.0514 0.4928 -0.8686
vn -0.0523 0.4893 -0.8705
vn -0.0518 0.4891 -0.8707
vn -0.0392 0.4798 -0.8765
vn -0.0441 0.4834 -0.8743
vn -0.0443 0.4839 -0.8740
vn -0.0393 0.4792 -0.8768
vn -0.0443 0.4859 -0.8729
vn -0.0477 0.4893 -0.8708
vn -0.0491 0.4885 -0.8712
vn -0.0501 0.4889 -0.8709
vn -0.0245 0.4933 -0.8695
vn -0.0352 0.4875 -0.8724
vn -0.0213 0.4919 -0.8704
vn -0.0274 0.4940 -0.8691
vn -0.0392 0.4903 -0.8707
vn -0.0424 0.4916 -0.8698
vn -0.0394 0.4819 -0.8753
vn 0.0127 0.4969 -0.8677
vn -0.0018 0.4941 -0.8694
vn 0.0151 0.4945 -0.8691
vn 0.0083 0.5007 -0.8656
vn -0.0043 0.4949 -0.8689
vn -0.0077 0.4959 -0.8684
vn 0.0117 0.5243 -0.8515
vn 0.0038 0.5287 -0.8488
vn 0.0034 0.5228 -0.8525
vn 0.0198 0.5157 -0.8565
vn 0.0125 0.5305 -0.8476
vn 0.0203 0.5202 -0.8538
vn 0.0132 0.5322 -0.8465
vn 0.0041 0.5307 -0.8475
vn 0.0163 0.4931 -0.8698
vn 0.0013 0.4927 -0.8702
vn 0.0166 0.4920 -0.8704
vn -0.0000 0.4931 -0.8700
vn -0.0180 0.4907 -0.8712
vn -0.0152 0.4898 -0.8717
vn -0.0270 0.4833 -0.8751
vn -0.0308 0.4849 -0.8740
vn -0.0352 0.4787 -0.8773
vn -0.0325 0.4770 -0.8783
vn -0.0384 0.4766 -0.8783
vn -0.0368 0.4762 -0.8786
vn -0.0381 0.4779 -0.8776
vn -0.0360 0.4749 -0.8793
vn 0.0254 0.5041 -0.8633
vn 0.0281 0.4960 -0.8679
vn 0.0258 0.5063 -0.8620
vn 0.0288 0.4965 -0.8676
vn 0.0261 0.5059 -0.8622
vn 0.0208 0.5205 -0.8536
vn -0.0392 0.4789 -0.8770
vn -0.0387 0.4798 -0.8765
vn -0.0388 0.4798 -0.8765
vn -0.0390 0.4791 -0.8769
vn -0.0397 0.4804 -0.8762
vn -0.0397 0.4807 -0.8760
vn -0.0031 0.5149 -0.8573
vn -0.0062 0.5116 -0.8592
vn -0.0067 0.5089 -0.8608
vn -0.0026 0.5183 -0.8552
vn -0.0023 0.5199 -0.8542
vn -0.0059 0.5124 -0.8588
vn -0.0448 0.4843 -0.8737
vn -0.0447 0.4842 -0.8738
vn -0.0511 0.4890 -0.8708
vn -0.0303 0.4943 -0.8688
vn -0.0328 0.4945 -0.8685
vn -0.0453 0.4914 -0.8698
vn -0.0474 0.4921 -0.8692
vn 0.0026 0.5038 -0.8638
vn -0.0032 0.5036 -0.8639
vn -0.0111 0.4972 -0.8676
vn -0.0145 0.4974 -0.8674
vn -0.0072 0.5014 -0.8652
vn -0.0075 0.5047 -0.8633
vn -0.0045 0.5080 -0.8613
vn 0.0014 0.5135 -0.8581
vn 0.0168 0.5084 -0.8609
vn 0.0222 0.5008 -0.8653
vn 0.0247 0.4951 -0.8685
vn 0.0090 0.5146 -0.8574
vn 0.0167 0.4921 -0.8704
vn 0.0256 0.4903 -0.8712
vn 0.0182 0.4919 -0.8705
vn 0.0252 0.4901 -0.8713
vn 0.0256 0.4900 -0.8714
vn -0.0108 0.5041 -0.8636
vn -0.0121 0.5000 -0.8660
vn -0.0096 0.5044 -0.8634
vn -0.0089 0.5082 -0.8612
vn -0.0098 0.5082 -0.8612
vn -0.0397 0.4808 -0.8759
vn -0.0439 0.4837 -0.8741
vn -0.0393 0.4805 -0.8761
vn -0.0449 0.4844 -0.8737
vn -0.0521 0.4893 -0.8706
vn -0.0095 0.5104 -0.8599
vn -0.0082 0.5107 -0.8597
vn -0.0080 0.5111 -0.8595
vn -0.0093 0.5111 -0.8594
vn -0.0387 0.4800 -0.8764
vn -0.0387 0.4799 -0.8765
vn -0.0345 0.4948 -0.8683
vn -0.0490 0.4925 -0.8689
vn -0.0169 0.4969 -0.8677
vn -0.0387 0.4797 -0.8766
vn -0.0388 0.4797 -0.8766
vn 0.0256 0.4918 -0.8703
vn 0.0288 0.4909 -0.8708
vn -0.0393 0.4788 -0.8770
vn -0.0392 0.4759 -0.8786
vn -0.0394 0.4787 -0.8771
vn -0.0390 0.4766 -0.8783
vn -0.0360 0.4744 -0.8796
vn -0.0353 0.4741 -0.8797
vn -0.0309 0.4765 -0.8786
vn -0.0131 0.4895 -0.8719
vn -0.0210 0.4846 -0.8745
vn -0.0098 0.4902 -0.8715
vn -0.0240 0.4829 -0.8753
vn -0.0286 0.4774 -0.8782
vn 0.0052 0.4926 -0.8703
vn 0.0022 0.4925 -0.8703
vn 0.0294 0.4905 -0.8710
vn 0.0295 0.4899 -0.8713
vn 0.0289 0.4959 -0.8679
vn -0.3309 0.8223 0.4630
vn -0.2280 0.8498 0.4753
vn -0.2281 0.8497 0.4754
vn -0.4220 0.7887 0.4471
vn -0.3311 0.8220 0.4634
vn -0.4837 0.7609 0.4325
vn -0.4221 0.7886 0.4472
vn -0.5258 0.7396 0.4202
vn -0.4838 0.7609 0.4324
vn -0.5634 0.7140 0.4157
vn -0.6195 0.6767 0.3979
vn -0.5634 0.7140 0.4156
vn -0.9547 0.2414 0.1743
vn -0.6194 0.6767 0.3979
vn -0.1574 -0.8514 -0.5003
vn 0.1434 -0.8505 -0.5060
vn -0.1576 -0.8514 -0.5003
vn 0.1437 -0.8505 -0.5059
vn 0.7143 -0.5984 -0.3630
vn -0.2425 -0.8517 -0.4645
vn -0.2278 -0.8524 -0.4707
vn -0.2426 -0.8520 -0.4639
vn -0.2162 -0.8520 -0.4767
vn -0.2599 -0.8501 -0.4580
vn -0.2701 -0.8489 -0.4542
vn -0.2699 -0.8493 -0.4537
vn -0.2601 -0.8501 -0.4579
vn -0.2022 -0.8521 -0.4828
vn -0.2161 -0.8521 -0.4768
vn -0.1876 -0.8517 -0.4892
vn -0.2022 -0.8519 -0.4831
vn -0.1237 0.8676 0.4817
vn -0.1584 0.8625 0.4806
vn -0.1238 0.8676 0.4817
vn -0.1584 0.8626 0.4804
vn 0.9748 -0.2069 -0.0830
vn 0.9957 -0.0913 -0.0180
vn 0.9957 -0.0912 -0.0180
vn 0.7895 0.5244 0.3189
vn 0.9782 -0.1825 -0.0991
vn 0.9760 -0.1872 -0.1111
vn 0.9760 -0.1873 -0.1109
vn 0.9765 -0.1932 -0.0951
vn 0.9782 -0.1826 -0.0988
vn -0.3038 -0.8412 -0.4473
vn -0.2719 -0.8490 -0.4531
vn -0.2718 -0.8490 -0.4530
vn 0.9738 -0.2073 -0.0933
vn 0.9766 -0.1934 -0.0944
vn 0.9725 -0.2146 -0.0911
vn -0.5516 0.7244 0.4135
vn -0.5258 0.7396 0.4201
vn -0.5606 0.7175 0.4134
vn -0.5517 0.7242 0.4137
vn 0.9655 -0.2205 -0.1385
vn 0.9709 -0.2035 -0.1260
vn 0.9655 -0.2204 -0.1386
vn 0.9710 -0.2034 -0.1258
vn -0.1782 -0.8507 -0.4944
vn -0.1878 -0.8517 -0.4892
vn -0.1781 -0.8504 -0.4950
vn 0.0871 0.8685 0.4880
vn 0.7896 0.5243 0.3188
vn 0.0869 0.8684 0.4881
vn -0.5597 0.7168 0.4159
vn -0.5607 0.7173 0.4136
vn -0.5596 0.7170 0.4158
vn 0.9424 -0.2835 -0.1774
vn 0.7143 -0.5983 -0.3630
vn 0.9424 -0.2836 -0.1773
vn 0.9725 -0.2144 -0.0912
vn 0.9723 -0.2163 -0.0891
vn 0.9723 -0.2162 -0.0892
vn -0.7421 -0.6012 -0.2965
vn -0.9547 0.2413 0.1743
vn 0.0330 0.3725 -0.9274
vn 0.0322 0.3714 -0.9279
vn 0.0321 0.3711 -0.9280
vn 0.0333 0.3729 -0.9273
vn 0.0321 0.3756 -0.9262
vn 0.0316 0.3721 -0.9277
vn 0.0316 0.3705 -0.9283
vn 0.0319 0.3707 -0.9282
vn 0.0263 0.3663 -0.9301
vn 0.0323 0.4020 -0.9151
vn 0.0320 0.3719 -0.9277
vn 0.0258 0.3991 -0.9165
vn 0.0323 0.4491 -0.8929
vn 0.0351 0.4509 -0.8919
vn 0.0348 0.4050 -0.9137
vn 0.0343 0.3772 -0.9255
vn 0.0192 0.3488 -0.9370
vn 0.0259 0.3563 -0.9340
vn 0.0263 0.3554 -0.9343
vn 0.0119 0.3457 -0.9383
vn 0.0189 0.3519 -0.9358
vn 0.0111 0.3516 -0.9361
vn 0.0187 0.3660 -0.9304
vn 0.0333 0.3773 -0.9255
vn 0.0318 0.4010 -0.9155
vn 0.0331 0.4029 -0.9147
vn 0.0313 0.4451 -0.8949
vn 0.0308 0.4291 -0.9027
vn 0.0314 0.3867 -0.9217
vn 0.0316 0.4952 -0.8682
vn 0.0236 0.4767 -0.8788
vn 0.0223 0.4904 -0.8712
vn 0.0348 0.4977 -0.8666
vn 0.0320 0.4812 -0.8760
vn 0.0350 0.4840 -0.8743
vn 0.0248 0.4463 -0.8945
vn 0.0156 0.5812 -0.8136
vn 0.0172 0.6132 -0.7898
vn 0.0251 0.5726 -0.8194
vn 0.0074 0.6266 -0.7793
vn 0.0103 0.6296 -0.7769
vn 0.0148 0.6127 -0.7902
vn 0.0183 0.5943 -0.8041
vn 0.0274 0.5594 -0.8285
vn 0.0212 0.5253 -0.8507
vn 0.0049 0.5266 -0.8501
vn 0.0213 0.5171 -0.8556
vn 0.0046 0.5404 -0.8414
vn -0.0080 0.5294 -0.8483
vn -0.0048 0.5200 -0.8541
vn 0.0143 0.5248 -0.8511
vn 0.0250 0.5080 -0.8610
vn 0.0314 0.3639 -0.9309
vn 0.0318 0.3643 -0.9307
vn 0.0337 0.3703 -0.9283
vn 0.0338 0.3710 -0.9280
vn 0.0097 0.3738 -0.9275
vn 0.0173 0.4030 -0.9150
vn 0.0064 0.4171 -0.9088
vn 0.0147 0.4495 -0.8932
vn 0.0098 0.4887 -0.8724
vn 0.0200 0.5219 -0.8528
vn -0.0063 0.4917 -0.8707
vn 0.0070 0.5238 -0.8518
vn -0.0102 0.5276 -0.8495
vn 0.0024 0.5891 -0.8080
vn -0.0142 0.5952 -0.8035
vn -0.0060 0.6394 -0.7688
vn -0.0198 0.6495 -0.7601
vn -0.0138 0.6573 -0.7535
vn -0.0017 0.6429 -0.7659
vn 0.0321 0.4925 -0.8697
vn 0.0341 0.4827 -0.8751
vn 0.0340 0.4956 -0.8679
vn 0.0323 0.4800 -0.8767
vn 0.0343 0.4497 -0.8925
vn -0.0161 0.3703 -0.9288
vn -0.0012 0.3594 -0.9332
vn 0.0009 0.3499 -0.9368
vn -0.0199 0.3816 -0.9241
vn -0.0053 0.3906 -0.9205
vn -0.0280 0.4172 -0.9084
vn -0.0111 0.4380 -0.8989
vn -0.0364 0.4634 -0.8854
vn -0.0172 0.4752 -0.8797
vn 0.0020 0.4599 -0.8879
vn -0.0621 0.5114 -0.8571
vn -0.0366 0.5319 -0.8460
vn -0.0308 0.4990 -0.8661
vn -0.0693 0.5374 -0.8405
vn -0.0386 0.5957 -0.8023
vn -0.0683 0.5905 -0.8042
vn -0.0368 0.6497 -0.7593
vn -0.0560 0.6378 -0.7682
vn -0.0354 0.6670 -0.7442
vn -0.0242 0.6676 -0.7442
vn -0.1099 0.5509 -0.8273
vn -0.0888 0.5266 -0.8455
vn -0.1020 0.5383 -0.8366
vn -0.1051 0.5751 -0.8113
vn -0.0967 0.5449 -0.8329
vn -0.0622 0.4808 -0.8746
vn -0.0788 0.5210 -0.8499
vn -0.0734 0.5099 -0.8571
vn -0.0664 0.4988 -0.8642
vn -0.0808 0.5226 -0.8488
vn -0.0895 0.5353 -0.8399
vn -0.0876 0.5340 -0.8409
vn -0.0823 0.5270 -0.8459
vn -0.0798 0.5972 -0.7981
vn -0.0636 0.5929 -0.8027
vn -0.0616 0.6063 -0.7929
vn -0.0803 0.5853 -0.8068
vn -0.1072 0.5705 -0.8142
vn -0.0876 0.5800 -0.8099
vn -0.0651 0.5851 -0.8084
vn -0.0784 0.5211 -0.8499
vn -0.0915 0.5334 -0.8409
vn -0.0529 0.5048 -0.8616
vn -0.0446 0.4940 -0.8683
vn -0.0693 0.5130 -0.8556
vn -0.0481 0.4549 -0.8892
vn -0.0326 0.4085 -0.9122
vn -0.0405 0.4475 -0.8934
vn -0.0383 0.4180 -0.9077
vn -0.0502 0.4507 -0.8913
vn 0.0300 0.4872 -0.8728
vn 0.0308 0.4777 -0.8780
vn 0.0306 0.4900 -0.8712
vn 0.0302 0.4703 -0.8820
vn 0.0327 0.4473 -0.8938
vn 0.0115 0.5675 -0.8233
vn 0.0239 0.5409 -0.8408
vn 0.0096 0.5880 -0.8088
vn -0.0010 0.5567 -0.8307
vn 0.0344 0.4046 -0.9138
vn 0.0342 0.3783 -0.9250
vn 0.0340 0.3729 -0.9272
vn 0.0337 0.3734 -0.9271
vn 0.0286 0.4994 -0.8659
vn 0.0293 0.4938 -0.8691
vn 0.0294 0.5032 -0.8637
vn -0.0604 0.4895 -0.8699
vn -0.0240 0.4905 -0.8711
vn -0.0023 0.4811 -0.8767
vn 0.0313 0.5100 -0.8596
vn 0.0331 0.5176 -0.8550
vn 0.0122 0.4761 -0.8793
vn 0.0296 0.5215 -0.8527
vn -0.0967 0.5408 -0.8356
vn -0.1056 0.5451 -0.8317
vn -0.0957 0.5395 -0.8365
vn -0.1051 0.5440 -0.8324
vn -0.0421 0.4771 -0.8778
vn -0.0503 0.4777 -0.8771
vn -0.0421 0.4684 -0.8825
vn -0.0663 0.5023 -0.8622
vn -0.0502 0.4843 -0.8735
vn -0.1126 0.5537 -0.8250
vn -0.1076 0.5684 -0.8157
vn -0.1127 0.5537 -0.8250
vn -0.0929 0.5823 -0.8076
vn -0.0716 0.6174 -0.7834
vn -0.0563 0.6300 -0.7746
vn -0.0470 0.6533 -0.7557
vn 0.0259 -0.9280 -0.3716
vn 0.0014 -0.9280 -0.3727
vn 0.0014 -0.9280 -0.3725
vn -0.0038 -0.9289 -0.3703
vn -0.0038 -0.9289 -0.3702
vn -0.0024 -0.9376 -0.3477
vn -0.0014 -0.9353 -0.3540
vn -0.0014 -0.9352 -0.3540
vn -0.0038 -0.9271 -0.3748
vn -0.0038 -0.9271 -0.3749
vn -0.0254 -0.8965 -0.4424
vn -0.4395 -0.8040 -0.4005
vn -0.4419 -0.8030 -0.3998
vn -0.9652 -0.2479 -0.0835
vn -0.9655 -0.2470 -0.0829
vn -0.9780 0.1515 0.1433
vn -0.9780 0.1517 0.1435
vn -0.9713 0.1656 0.1707
vn -0.9713 0.1656 0.1708
vn -0.9696 0.1581 0.1868
vn -0.9696 0.1580 0.1869
vn -0.9672 0.1557 0.2008
vn -0.9672 0.1556 0.2009
vn -0.9668 0.1395 0.2139
vn -0.9689 0.1255 0.2132
vn -0.9714 0.1186 0.2059
vn 0.5963 0.7383 0.3152
vn 0.5479 0.7687 0.3301
vn 0.5962 0.7384 0.3151
vn 0.9855 0.1432 0.0908
vn 0.9855 0.1433 0.0908
vn 0.2626 0.8009 0.5382
vn 0.3425 0.7953 0.5002
vn 0.3429 0.7952 0.5001
vn 0.4164 0.7747 0.4759
vn -0.0059 -0.9313 -0.3641
vn -0.0059 -0.9312 -0.3643
vn -0.0057 -0.9345 -0.3559
vn -0.0056 -0.9344 -0.3562
vn 0.5141 0.7678 0.3824
vn 0.5314 0.7718 0.3491
vn 0.5315 0.7718 0.3490
vn 0.4428 0.7632 0.4705
vn 0.4429 0.7632 0.4705
vn 0.4616 0.7580 0.4607
vn 0.4617 0.7580 0.4607
vn 0.4924 0.7540 0.4348
vn 0.5013 0.7590 0.4155
vn 0.5139 0.7677 0.3827
vn -0.9727 0.1264 0.1945
vn -0.9727 0.1264 0.1944
vn -0.9460 0.2172 0.2407
vn -0.9459 0.2174 0.2408
vn -0.0042 -0.9368 -0.3498
vn -0.0042 -0.9368 -0.3499
vn 0.0464 0.7648 0.6426
vn 0.0852 0.7742 0.6272
vn 0.0854 0.7743 0.6270
vn 0.1393 0.7829 0.6064
vn 0.1395 0.7829 0.6064
vn 0.0009 0.7476 0.6642
vn 0.0048 0.7468 0.6650
vn 0.0001 0.7584 0.6518
vn 0.0183 0.7543 0.6563
vn 0.0184 0.7543 0.6562
vn 0.0463 0.7648 0.6427
vn -0.0000 0.7760 0.6308
vn -0.0597 0.7885 0.6121
vn 0.0001 0.7756 0.6312
vn 0.0001 0.7585 0.6516
vn 0.5104 -0.8043 -0.3042
vn 0.5106 -0.8043 -0.3039
vn 0.2051 0.7916 0.5756
vn 0.2054 0.7917 0.5753
vn 0.2622 0.8008 0.5385
vn -0.9659 0.1514 0.2101
vn -0.9659 0.1514 0.2100
vn 0.4803 0.7549 0.4466
vn 0.4804 0.7548 0.4467
vn -0.0085 -0.9126 -0.4087
vn -0.0086 -0.9125 -0.4089
vn -0.0253 -0.8966 -0.4422
vn -0.5945 0.6211 0.5106
vn -0.5878 0.6253 0.5133
vn -0.0616 0.7886 0.6118
vn -0.0254 0.4877 0.8726
vn -0.0263 0.4886 0.8721
vn -0.0259 0.4885 0.8722
vn -0.0258 0.4873 0.8728
vn -0.0264 0.4881 0.8724
vn -0.0259 0.4872 0.8729
vn -0.0261 0.4874 0.8728
vn -0.0254 0.4875 0.8728
vn -0.0726 0.4969 0.8648
vn -0.0656 0.4997 0.8637
vn -0.0638 0.4999 0.8638
vn -0.0743 0.4970 0.8646
vn -0.0661 0.5000 0.8635
vn -0.0740 0.4969 0.8647
vn -0.0916 0.4951 0.8640
vn -0.0901 0.4950 0.8642
vn -0.1047 0.4923 0.8641
vn -0.0914 0.4948 0.8642
vn -0.1060 0.4929 0.8636
vn -0.1067 0.4892 0.8656
vn -0.1056 0.4929 0.8637
vn -0.1061 0.4892 0.8657
vn -0.0939 0.4798 0.8723
vn -0.0986 0.4834 0.8698
vn -0.0940 0.4792 0.8727
vn -0.0988 0.4859 0.8684
vn -0.0941 0.4819 0.8711
vn -0.1020 0.4893 0.8662
vn -0.1045 0.4887 0.8661
vn -0.0989 0.4839 0.8695
vn -0.0897 0.4875 0.8685
vn -0.0788 0.4933 0.8663
vn -0.0757 0.4921 0.8673
vn -0.0938 0.4900 0.8667
vn -0.0817 0.4939 0.8656
vn -0.0966 0.4916 0.8654
vn -0.0562 0.4941 0.8676
vn -0.0416 0.4969 0.8668
vn -0.0392 0.4945 0.8683
vn -0.0586 0.4949 0.8670
vn -0.0458 0.5007 0.8644
vn -0.0620 0.4959 0.8662
vn -0.0491 0.5285 0.8475
vn -0.0415 0.5244 0.8505
vn -0.0499 0.5230 0.8509
vn -0.0408 0.5303 0.8468
vn -0.0338 0.5156 0.8561
vn -0.0397 0.5322 0.8457
vn -0.0332 0.5201 0.8534
vn -0.0484 0.5307 0.8462
vn -0.0531 0.4927 0.8686
vn -0.0382 0.4931 0.8692
vn -0.0378 0.4922 0.8697
vn -0.0544 0.4930 0.8683
vn -0.0725 0.4907 0.8683
vn -0.0698 0.4900 0.8689
vn -0.0817 0.4833 0.8717
vn -0.0853 0.4849 0.8704
vn -0.0900 0.4787 0.8733
vn -0.0873 0.4769 0.8746
vn -0.0933 0.4766 0.8742
vn -0.0916 0.4762 0.8745
vn -0.0909 0.4747 0.8754
vn -0.0929 0.4779 0.8735
vn -0.0287 0.5040 0.8632
vn -0.0281 0.5063 0.8619
vn -0.0262 0.4960 0.8679
vn -0.0278 0.5059 0.8622
vn -0.0255 0.4965 0.8677
vn -0.0326 0.5205 0.8533
vn -0.0935 0.4798 0.8724
vn -0.0940 0.4788 0.8729
vn -0.0937 0.4791 0.8727
vn -0.0944 0.4804 0.8720
vn -0.0943 0.4807 0.8718
vn -0.0599 0.5116 0.8571
vn -0.0566 0.5145 0.8556
vn -0.0604 0.5094 0.8584
vn -0.0561 0.5183 0.8533
vn -0.0557 0.5199 0.8524
vn -0.0596 0.5123 0.8567
vn -0.0994 0.4843 0.8692
vn -0.0993 0.4842 0.8693
vn -0.1055 0.4890 0.8659
vn -0.0845 0.4942 0.8652
vn -0.0995 0.4917 0.8651
vn -0.0870 0.4945 0.8648
vn -0.1034 0.4886 0.8664
vn -0.1017 0.4921 0.8646
vn -0.0514 0.5038 0.8623
vn -0.0654 0.4972 0.8652
vn -0.0572 0.5036 0.8620
vn -0.0687 0.4973 0.8648
vn -0.0615 0.5047 0.8611
vn -0.0613 0.5014 0.8631
vn -0.0583 0.5080 0.8594
vn -0.0522 0.5135 0.8565
vn -0.0371 0.5084 0.8604
vn -0.0319 0.5008 0.8650
vn -0.0296 0.4951 0.8683
vn -0.0445 0.5143 0.8564
vn -0.0290 0.4903 0.8711
vn -0.0378 0.4921 0.8697
vn -0.0293 0.4901 0.8712
vn -0.0363 0.4917 0.8700
vn -0.0289 0.4900 0.8713
vn -0.0648 0.5041 0.8612
vn -0.0635 0.5044 0.8611
vn -0.0627 0.5083 0.8589
vn -0.0638 0.5084 0.8587
vn -0.0985 0.4837 0.8697
vn -0.0943 0.4808 0.8717
vn -0.0940 0.4805 0.8719
vn -0.0994 0.4844 0.8692
vn -0.1065 0.4892 0.8657
vn -0.0632 0.5104 0.8576
vn -0.0620 0.5107 0.8575
vn -0.0617 0.5111 0.8573
vn -0.0630 0.5112 0.8572
vn -0.0934 0.4800 0.8723
vn -0.0887 0.4948 0.8645
vn -0.1034 0.4921 0.8644
vn -0.0714 0.4965 0.8651
vn -0.0934 0.4799 0.8723
vn -0.0933 0.4799 0.8723
vn -0.0934 0.4797 0.8724
vn -0.0935 0.4797 0.8724
vn -0.0289 0.4918 0.8702
vn -0.0257 0.4908 0.8709
vn -0.0941 0.4788 0.8729
vn -0.0941 0.4786 0.8730
vn -0.0941 0.4761 0.8744
vn -0.0938 0.4760 0.8744
vn -0.0909 0.4744 0.8756
vn -0.0903 0.4743 0.8757
vn -0.0857 0.4765 0.8750
vn -0.0833 0.4774 0.8747
vn -0.0757 0.4846 0.8715
vn -0.0676 0.4895 0.8694
vn -0.0643 0.4902 0.8692
vn -0.0787 0.4829 0.8721
vn -0.0492 0.4926 0.8689
vn -0.0522 0.4925 0.8688
vn -0.0251 0.4905 0.8711
vn -0.0251 0.4899 0.8714
vn -0.0257 0.4958 0.8680
vn -0.1983 0.8496 -0.4888
vn -0.3014 0.8222 -0.4828
vn -0.1977 0.8499 -0.4885
vn -0.3015 0.8221 -0.4829
vn -0.3932 0.7885 -0.4729
vn -0.3933 0.7885 -0.4729
vn -0.4558 0.7608 -0.4621
vn -0.4558 0.7606 -0.4623
vn -0.4985 0.7396 -0.4521
vn -0.5362 0.7140 -0.4501
vn -0.5934 0.6767 -0.4359
vn -0.9419 0.2415 -0.2336
vn -0.1884 -0.8515 0.4893
vn 0.1116 -0.8505 0.5140
vn 0.1118 -0.8505 0.5139
vn 0.6902 -0.5984 0.4069
vn 0.6902 -0.5981 0.4072
vn -0.2710 -0.8517 0.4484
vn -0.2568 -0.8525 0.4553
vn -0.2568 -0.8524 0.4555
vn -0.2451 -0.8521 0.4624
vn -0.2454 -0.8521 0.4623
vn -0.2981 -0.8488 0.4366
vn -0.2884 -0.8502 0.4405
vn -0.2979 -0.8491 0.4362
vn -0.2712 -0.8520 0.4478
vn -0.2320 -0.8520 0.4693
vn -0.2320 -0.8519 0.4695
vn -0.2178 -0.8517 0.4766
vn -0.0934 0.8676 -0.4885
vn -0.1281 0.8628 -0.4891
vn -0.1280 0.8627 -0.4893
vn 0.9677 -0.2070 0.1437
vn 0.9926 -0.0914 0.0802
vn 0.9926 -0.0913 0.0802
vn 0.8079 0.5243 -0.2689
vn 0.8079 0.5244 -0.2688
vn 0.9672 -0.1872 0.1719
vn 0.9701 -0.1826 0.1601
vn 0.9672 -0.1874 0.1716
vn 0.9701 -0.1826 0.1598
vn 0.9687 -0.1933 0.1556
vn -0.3312 -0.8412 0.4274
vn -0.2996 -0.8491 0.4351
vn -0.2996 -0.8490 0.4352
vn 0.9687 -0.1934 0.1554
vn 0.9661 -0.2073 0.1540
vn 0.9649 -0.2145 0.1517
vn 0.9649 -0.2145 0.1518
vn -0.4985 0.7396 -0.4522
vn -0.5247 0.7244 -0.4471
vn -0.5246 0.7246 -0.4469
vn -0.5337 0.7175 -0.4476
vn 0.9549 -0.2209 0.1984
vn 0.9613 -0.2034 0.1858
vn 0.9612 -0.2034 0.1862
vn -0.2088 -0.8508 0.4823
vn -0.2087 -0.8506 0.4826
vn -0.1885 -0.8514 0.4895
vn 0.1175 0.8685 -0.4816
vn 0.1173 0.8684 -0.4817
vn -0.5338 0.7172 -0.4481
vn -0.5326 0.7168 -0.4501
vn -0.5363 0.7141 -0.4500
vn 0.9295 -0.2835 0.2359
vn 0.9550 -0.2204 0.1987
vn 0.9648 -0.2162 0.1497
vn 0.9648 -0.2163 0.1497
vn 0.9677 -0.2070 0.1438
vn -0.9419 0.2413 -0.2336
vn -0.7592 -0.6012 0.2495
vn -0.7591 -0.6013 0.2495
vn -0.0250 0.3725 0.9277
vn -0.0259 0.3714 0.9281
vn -0.0248 0.3729 0.9275
vn -0.0258 0.3756 0.9264
vn -0.0246 0.3773 0.9258
vn -0.0265 0.3721 0.9278
vn -0.0260 0.3711 0.9282
vn -0.0264 0.3705 0.9284
vn -0.0320 0.3666 0.9298
vn -0.0249 0.4017 0.9154
vn -0.0315 0.3991 0.9164
vn -0.0236 0.4489 0.8933
vn -0.0312 0.4463 0.8943
vn -0.0208 0.4509 0.8923
vn -0.0261 0.3718 0.9279
vn -0.0224 0.4050 0.9141
vn -0.0325 0.3568 0.9336
vn -0.0394 0.3488 0.9364
vn -0.0322 0.3554 0.9342
vn -0.0396 0.3520 0.9352
vn -0.0468 0.3458 0.9372
vn -0.0395 0.3660 0.9298
vn -0.0475 0.3516 0.9349
vn -0.0255 0.4010 0.9157
vn -0.0241 0.4029 0.9149
vn -0.0247 0.4451 0.8951
vn -0.0232 0.4472 0.8941
vn -0.0257 0.4292 0.9029
vn -0.0263 0.3867 0.9218
vn -0.0314 0.4767 0.8785
vn -0.0228 0.4952 0.8685
vn -0.0322 0.4904 0.8709
vn -0.0228 0.4813 0.8763
vn -0.0195 0.4977 0.8671
vn -0.0197 0.4840 0.8748
vn -0.0354 0.5808 0.8133
vn -0.0323 0.6133 0.7892
vn -0.0413 0.6266 0.7782
vn -0.0383 0.6296 0.7760
vn -0.0496 0.6429 0.7643
vn -0.0346 0.6127 0.7896
vn -0.0262 0.5726 0.8194
vn -0.0320 0.5943 0.8036
vn -0.0320 0.5253 0.8503
vn -0.0483 0.5266 0.8488
vn -0.0480 0.5404 0.8400
vn -0.0610 0.5294 0.8462
vn -0.0530 0.5567 0.8290
vn -0.0582 0.5202 0.8520
vn -0.0322 0.5171 0.8553
vn -0.0389 0.5248 0.8503
vn -0.0269 0.3639 0.9310
vn -0.0236 0.3764 0.9261
vn -0.0264 0.3644 0.9308
vn -0.0244 0.3703 0.9286
vn -0.0400 0.4031 0.9143
vn -0.0483 0.3739 0.9262
vn -0.0412 0.4494 0.8924
vn -0.0504 0.4169 0.9075
vn -0.0333 0.5219 0.8524
vn -0.0447 0.4886 0.8714
vn -0.0463 0.5238 0.8506
vn -0.0606 0.4915 0.8688
vn -0.0480 0.5890 0.8067
vn -0.0633 0.5276 0.8472
vn -0.0539 0.6393 0.7670
vn -0.0644 0.5952 0.8010
vn -0.0609 0.6574 0.7510
vn -0.0673 0.6495 0.7574
vn -0.0223 0.4925 0.8700
vn -0.0206 0.4827 0.8756
vn -0.0225 0.4800 0.8770
vn -0.0215 0.4497 0.8929
vn -0.0204 0.4956 0.8683
vn -0.0742 0.3703 0.9260
vn -0.0595 0.3595 0.9313
vn -0.0777 0.3815 0.9211
vn -0.0629 0.3907 0.9184
vn -0.0847 0.4172 0.9049
vn -0.0577 0.3500 0.9350
vn -0.0673 0.4380 0.8964
vn -0.0917 0.4634 0.8814
vn -0.0722 0.4752 0.8769
vn -0.0987 0.4940 0.8638
vn -0.0535 0.4600 0.8863
vn -0.1156 0.5114 0.8515
vn -0.0893 0.5314 0.8424
vn -0.1216 0.5374 0.8345
vn -0.0887 0.5957 0.7983
vn -0.1185 0.5905 0.7983
vn -0.0848 0.4989 0.8625
vn -0.0842 0.6497 0.7555
vn -0.1039 0.6378 0.7632
vn -0.0819 0.6670 0.7405
vn -0.0942 0.6533 0.7512
vn -0.0707 0.6676 0.7412
vn -0.1415 0.5265 0.8383
vn -0.1614 0.5509 0.8188
vn -0.1541 0.5383 0.8286
vn -0.1486 0.5449 0.8252
vn -0.1556 0.5751 0.8032
vn -0.1432 0.5823 0.8002
vn -0.1168 0.4808 0.8690
vn -0.1317 0.5210 0.8433
vn -0.1203 0.4988 0.8583
vn -0.1329 0.5228 0.8420
vn -0.1203 0.5022 0.8563
vn -0.1418 0.5353 0.8327
vn -0.1269 0.5099 0.8508
vn -0.1400 0.5340 0.8338
vn -0.1136 0.5930 0.7972
vn -0.1295 0.5972 0.7916
vn -0.1110 0.6063 0.7875
vn -0.1306 0.5853 0.8003
vn -0.1380 0.5800 0.8029
vn -0.1579 0.5705 0.8060
vn -0.1156 0.5850 0.8027
vn -0.1314 0.5210 0.8434
vn -0.1066 0.5048 0.8566
vn -0.1439 0.5334 0.8336
vn -0.1226 0.5130 0.8496
vn -0.0896 0.4085 0.9084
vn -0.1036 0.4550 0.8845
vn -0.0963 0.4475 0.8891
vn -0.0950 0.4181 0.9034
vn -0.1058 0.4508 0.8864
vn -0.0247 0.4872 0.8730
vn -0.0241 0.4777 0.8782
vn -0.0250 0.4704 0.8821
vn -0.0239 0.4900 0.8714
vn -0.0245 0.5594 0.8286
vn -0.0399 0.5675 0.8224
vn -0.0410 0.5881 0.8078
vn -0.0287 0.5409 0.8406
vn -0.0228 0.4046 0.9142
vn -0.0237 0.3783 0.9254
vn -0.0243 0.3710 0.9283
vn -0.0242 0.3733 0.9274
vn -0.0243 0.3734 0.9274
vn -0.0288 0.5080 0.8609
vn -0.0256 0.4994 0.8660
vn -0.0251 0.4938 0.8692
vn -0.0247 0.5031 0.8639
vn -0.1147 0.4895 0.8644
vn -0.1351 0.5269 0.8391
vn -0.0784 0.4905 0.8679
vn -0.0570 0.4809 0.8749
vn -0.0227 0.5099 0.8599
vn -0.0207 0.5180 0.8552
vn -0.0428 0.4761 0.8783
vn -0.0238 0.5215 0.8529
vn -0.1488 0.5407 0.8279
vn -0.1479 0.5394 0.8289
vn -0.1574 0.5452 0.8234
vn -0.1570 0.5441 0.8242
vn -0.0969 0.4771 0.8735
vn -0.1050 0.4777 0.8722
vn -0.1047 0.4843 0.8686
vn -0.0972 0.4684 0.8782
vn -0.1640 0.5538 0.8164
vn -0.1641 0.5538 0.8164
vn -0.1584 0.5684 0.8074
vn -0.1204 0.6174 0.7774
vn -0.0219 -0.9279 0.3721
vn 0.0024 -0.9279 0.3727
vn -0.0219 -0.9280 0.3720
vn -0.0269 -0.9289 0.3693
vn -0.0236 -0.9353 0.3532
vn -0.0241 -0.9376 0.3468
vn -0.0272 -0.9271 0.3738
vn -0.0272 -0.9271 0.3739
vn -0.4636 -0.8041 0.3721
vn -0.0530 -0.8964 0.4400
vn -0.4660 -0.8031 0.3714
vn -0.9685 -0.2480 0.0230
vn -0.9688 -0.2469 0.0225
vn -0.9671 0.1515 -0.2042
vn -0.9587 0.1657 -0.2311
vn -0.9671 0.1517 -0.2044
vn -0.9560 0.1581 -0.2471
vn -0.9587 0.1656 -0.2311
vn -0.9527 0.1556 -0.2609
vn -0.9560 0.1580 -0.2472
vn -0.9537 0.1255 -0.2734
vn -0.9515 0.1396 -0.2740
vn -0.9537 0.1255 -0.2733
vn -0.9566 0.1186 -0.2662
vn 0.6148 0.7383 -0.2773
vn 0.5675 0.7686 -0.2952
vn 0.9893 0.1432 -0.0290
vn 0.6148 0.7384 -0.2772
vn 0.3730 0.7953 -0.4779
vn 0.2956 0.8009 -0.5208
vn 0.3735 0.7952 -0.4777
vn 0.4453 0.7747 -0.4489
vn -0.0286 -0.9313 0.3631
vn -0.0269 -0.9288 0.3695
vn -0.0279 -0.9344 0.3552
vn -0.0286 -0.9313 0.3632
vn 0.5522 0.7719 -0.3151
vn 0.5370 0.7678 -0.3495
vn 0.5523 0.7719 -0.3150
vn 0.4714 0.7632 -0.4419
vn 0.4896 0.7581 -0.4308
vn 0.5263 0.7590 -0.3834
vn 0.5186 0.7539 -0.4032
vn 0.5263 0.7590 -0.3833
vn 0.5369 0.7677 -0.3498
vn -0.9587 0.1264 -0.2549
vn -0.9291 0.2172 -0.2994
vn -0.0261 -0.9368 0.3489
vn -0.0279 -0.9345 0.3549
vn 0.1242 0.7742 -0.6206
vn 0.0865 0.7648 -0.6384
vn 0.1242 0.7740 -0.6208
vn 0.1769 0.7828 -0.5965
vn 0.1771 0.7828 -0.5965
vn 0.0463 0.7468 -0.6635
vn 0.0425 0.7476 -0.6628
vn 0.0463 0.7468 -0.6634
vn 0.0409 0.7584 -0.6505
vn 0.0409 0.7585 -0.6504
vn 0.0593 0.7544 -0.6538
vn 0.0593 0.7544 -0.6537
vn 0.0864 0.7648 -0.6385
vn 0.0395 0.7759 -0.6296
vn -0.0214 0.7885 -0.6147
vn -0.0233 0.7886 -0.6145
vn 0.0395 0.7757 -0.6299
vn 0.4901 -0.8043 0.3360
vn 0.9893 0.1433 -0.0290
vn 0.0026 -0.9280 0.3725
vn 0.2406 0.7916 -0.5617
vn 0.2409 0.7917 -0.5614
vn 0.2953 0.8008 -0.5211
vn -0.9509 0.1514 -0.2700
vn -0.9527 0.1556 -0.2610
vn -0.9509 0.1514 -0.2701
vn 0.5073 0.7549 -0.4157
vn 0.5073 0.7548 -0.4157
vn 0.5186 0.7540 -0.4031
vn -0.0340 -0.9126 0.4074
vn -0.0340 -0.9125 0.4077
vn -0.0528 -0.8965 0.4399
vn -0.5614 0.6211 -0.5468
vn -0.9290 0.2174 -0.2995
vn -0.5546 0.6253 -0.5490
vn 0.4081 0.8850 -0.2240
vn 0.4705 0.8798 -0.0679
vn 0.4120 0.9099 0.0476
vn -0.2545 0.9474 -0.1942
vn 0.2660 -0.9474 -0.1778
vn 0.0285 0.4874 -0.8727
vn -0.0257 0.4871 0.8730
vn -0.2881 -0.8501 0.4409
vn -0.2181 -0.8517 0.4765
vn -0.0935 0.8676 -0.4884
vn -0.5325 0.7170 -0.4499
vn 0.9296 -0.2832 0.2359
vn -0.0265 0.3705 0.9285
vn -0.1046 0.6300 0.7695
vn -0.0241 -0.9376 0.3469
vn -0.9516 0.1395 -0.2739
vn 0.4905 -0.8043 0.3353
vt 0.153318 0.031962
vt 0.181951 0.057615
vt 0.147635 0.050072
vt 0.156951 0.019531
vt 0.187497 0.039839
vt 0.191023 0.027532
vt 0.220196 0.047190
vt 0.214883 0.064616
vt 0.312965 0.646243
vt 0.292492 0.676696
vt 0.285827 0.651344
vt 0.296785 0.064599
vt 0.318884 0.086589
vt 0.292492 0.080998
vt 0.322750 0.070622
vt 0.327644 0.063613
vt 0.326648 0.071879
vt 0.323057 0.087472
vt 0.118019 0.156208
vt 0.144179 0.204392
vt 0.109789 0.200447
vt 0.128004 0.114503
vt 0.152565 0.161149
vt 0.162594 0.120425
vt 0.186309 0.165879
vt 0.178047 0.208181
vt 0.325221 0.059974
vt 0.270579 0.177061
vt 0.294659 0.220288
vt 0.264615 0.217208
vt 0.306091 0.143753
vt 0.304274 0.181475
vt 0.299666 0.180871
vt 0.299419 0.220776
vt 0.103815 0.244989
vt 0.133093 0.291507
vt 0.099164 0.289540
vt 0.137991 0.247942
vt 0.171931 0.250787
vt 0.167074 0.293408
vt 0.277994 0.139255
vt 0.257863 0.298023
vt 0.291600 0.259971
vt 0.289669 0.299604
vt 0.296502 0.260342
vt 0.294708 0.299855
vt 0.012931 0.331242
vt 0.039148 0.378847
vt 0.011636 0.378847
vt 0.063469 0.032895
vt 0.082659 0.066594
vt 0.054370 0.062573
vt 0.260658 0.257632
vt 0.255453 0.338436
vt 0.287310 0.378847
vt 0.254351 0.378847
vt 0.293216 0.339357
vt 0.288051 0.339232
vt 0.292532 0.378847
vt 0.138616 0.078122
vt 0.173100 0.084969
vt 0.206339 0.091376
vt 0.196131 0.126048
vt 0.226260 0.130967
vt 0.235797 0.096957
vt 0.243787 0.070713
vt 0.262132 0.101901
vt 0.253466 0.135331
vt 0.091865 0.037174
vt 0.106666 0.071540
vt 0.115827 0.042715
vt 0.095940 0.108929
vt 0.071869 0.104745
vt 0.095123 0.334186
vt 0.126867 0.378847
vt 0.093291 0.378847
vt 0.128812 0.335168
vt 0.162811 0.336119
vt 0.160868 0.378847
vt 0.199532 0.295109
vt 0.203869 0.253317
vt 0.209429 0.211529
vt 0.233650 0.255588
vt 0.230097 0.296642
vt 0.217090 0.170037
vt 0.245191 0.173735
vt 0.238394 0.214519
vt 0.223543 0.035088
vt 0.248775 0.053642
vt 0.251935 0.041807
vt 0.274063 0.059400
vt 0.269440 0.076124
vt 0.043836 0.101057
vt 0.097500 0.018464
vt 0.073772 0.001548
vt 0.100951 0.005852
vt 0.193993 0.378847
vt 0.195728 0.336971
vt 0.226999 0.337741
vt 0.225584 0.378847
vt 0.048524 0.240188
vt 0.067853 0.287715
vt 0.044353 0.286348
vt 0.054072 0.194029
vt 0.072231 0.242246
vt 0.077962 0.196781
vt 0.061981 0.148161
vt 0.086008 0.151611
vt 0.121541 0.024285
vt 0.125128 0.011784
vt 0.285827 0.106350
vt 0.069504 0.013983
vt 0.033993 0.144954
vt 0.025928 0.191218
vt 0.020174 0.237532
vt 0.012931 0.426451
vt 0.040768 0.425096
vt 0.053696 0.031839
vt 0.044399 0.061623
vt 0.033904 0.100236
vt 0.016051 0.284039
vt 0.002573 0.330439
vt 0.005392 0.282808
vt 0.001508 0.378847
vt 0.277047 0.047856
vt 0.015672 0.190433
vt 0.023979 0.144240
vt 0.060559 0.013323
vt 0.066646 0.004160
vt 0.317263 0.112259
vt 0.312965 0.111451
vt 0.310543 0.144466
vt 0.040768 0.332597
vt 0.062362 0.378847
vt 0.064072 0.333277
vt 0.181951 0.700079
vt 0.153318 0.725732
vt 0.147635 0.707621
vt 0.214883 0.693078
vt 0.187496 0.717855
vt 0.220196 0.710504
vt 0.191023 0.730161
vt 0.156951 0.738163
vt 0.904945 0.027972
vt 0.899139 0.001808
vt 0.904095 0.001572
vt 0.318884 0.671105
vt 0.326648 0.685815
vt 0.322750 0.687072
vt 0.327644 0.694081
vt 0.325221 0.697720
vt 0.296785 0.693095
vt 0.144179 0.553301
vt 0.118019 0.601485
vt 0.109789 0.557246
vt 0.178047 0.549513
vt 0.152565 0.596545
vt 0.186309 0.591815
vt 0.162594 0.637268
vt 0.128004 0.643190
vt 0.299625 0.704365
vt 0.299420 0.536917
vt 0.299666 0.576822
vt 0.294659 0.537405
vt 0.304274 0.576218
vt 0.306091 0.613940
vt 0.270579 0.580633
vt 0.264615 0.540486
vt 0.133093 0.466186
vt 0.103815 0.512704
vt 0.099164 0.468154
vt 0.167074 0.464285
vt 0.137991 0.509751
vt 0.171931 0.506907
vt 0.277994 0.618438
vt 0.289669 0.458089
vt 0.296503 0.497351
vt 0.291600 0.497722
vt 0.257863 0.459670
vt 0.260659 0.500062
vt 0.016051 0.473654
vt 0.044353 0.471345
vt 0.054370 0.695120
vt 0.071868 0.652948
vt 0.082659 0.691099
vt 0.288051 0.418462
vt 0.293216 0.418336
vt 0.255453 0.419258
vt 0.138615 0.679571
vt 0.196131 0.631646
vt 0.173100 0.672725
vt 0.206339 0.666318
vt 0.226260 0.626727
vt 0.253466 0.622363
vt 0.235797 0.660737
vt 0.262132 0.655792
vt 0.243787 0.686981
vt 0.091865 0.720520
vt 0.106666 0.686153
vt 0.115826 0.714979
vt 0.095940 0.648764
vt 0.095123 0.423508
vt 0.128812 0.422525
vt 0.162811 0.421574
vt 0.199532 0.462584
vt 0.230097 0.461051
vt 0.203869 0.504376
vt 0.233650 0.502105
vt 0.209430 0.546165
vt 0.238394 0.543175
vt 0.217090 0.587657
vt 0.245191 0.583959
vt 0.269440 0.681570
vt 0.248775 0.704052
vt 0.274063 0.698294
vt 0.251935 0.715887
vt 0.223543 0.722606
vt 0.063468 0.724798
vt 0.069504 0.743710
vt 0.097499 0.739230
vt 0.195728 0.420723
vt 0.226999 0.419953
vt 0.067853 0.469978
vt 0.048524 0.517506
vt 0.072231 0.515447
vt 0.077962 0.560912
vt 0.054071 0.563664
vt 0.061981 0.609532
vt 0.086007 0.606083
vt 0.121541 0.733409
vt 0.125128 0.745909
vt 0.100950 0.751841
vt 0.073771 0.756145
vt 0.033993 0.612739
vt 0.043836 0.656636
vt 0.020174 0.520161
vt 0.025928 0.566476
vt 0.904047 0.231802
vt 0.899897 0.259418
vt 0.899087 0.231630
vt 0.053696 0.725855
vt 0.044398 0.696071
vt 0.002573 0.427254
vt 0.005392 0.474885
vt 0.277047 0.709837
vt 0.015672 0.567260
vt 0.009606 0.521255
vt 0.033904 0.657457
vt 0.023979 0.613453
vt 0.066646 0.753533
vt 0.060559 0.744370
vt 0.310543 0.613228
vt 0.317263 0.645435
vt 0.323057 0.670222
vt 0.064072 0.424417
vt 0.913831 0.232988
vt 0.908025 0.259150
vt 0.908873 0.232801
vt 0.826426 0.357850
vt 0.820989 0.361567
vt 0.821498 0.357277
vt 0.834936 0.275707
vt 0.832066 0.238090
vt 0.837025 0.238272
vt 0.832743 0.198744
vt 0.837706 0.198727
vt 0.907180 0.174362
vt 0.902724 0.139415
vt 0.907685 0.139424
vt 0.907295 0.106086
vt 0.902334 0.106181
vt 0.821364 0.102889
vt 0.819110 0.148053
vt 0.816414 0.103236
vt 0.824068 0.147852
vt 0.820452 0.194734
vt 0.836741 0.159115
vt 0.831783 0.159294
vt 0.834838 0.119657
vt 0.829884 0.119912
vt 0.829211 0.333711
vt 0.827074 0.307945
vt 0.832010 0.308440
vt 0.829987 0.275346
vt 0.906513 0.076954
vt 0.901555 0.077121
vt 0.900698 0.051357
vt 0.905656 0.051167
vt 0.900618 0.206790
vt 0.905576 0.207011
vt 0.902219 0.174230
vt 0.827717 0.080550
vt 0.832669 0.080237
vt 0.824894 0.041323
vt 0.829838 0.040897
vt 0.817920 0.063084
vt 0.809612 0.032757
vt 0.814534 0.032123
vt 0.812981 0.063564
vt 0.825414 0.194701
vt 0.820061 0.240914
vt 0.823234 0.287502
vt 0.825022 0.241038
vt 0.815419 0.334713
vt 0.818279 0.287264
vt 0.820368 0.335073
vt 0.811097 0.382706
vt 0.827376 0.349589
vt 0.822448 0.349017
vt 0.824282 0.333152
vt 0.912933 0.029174
vt 0.908783 0.001560
vt 0.913744 0.001728
vt 0.899987 0.028159
vt 0.811883 0.012595
vt 0.805012 0.002868
vt 0.809858 0.001805
vt 0.806990 0.013444
vt 0.904858 0.259250
vt 0.900245 0.266827
vt 0.861393 0.005990
vt 0.856047 0.002143
vt 0.860983 0.001642
vt 0.867928 0.088320
vt 0.864155 0.125860
vt 0.862971 0.088562
vt 0.869117 0.125797
vt 0.863887 0.165215
vt 0.916065 0.086610
vt 0.911609 0.121554
vt 0.911105 0.086742
vt 0.916180 0.154880
vt 0.916571 0.121545
vt 0.845607 0.233619
vt 0.841693 0.188574
vt 0.846655 0.188592
vt 0.841317 0.141881
vt 0.846277 0.141731
vt 0.866932 0.204931
vt 0.868847 0.165351
vt 0.864081 0.244335
vt 0.861979 0.204633
vt 0.863598 0.030191
vt 0.860842 0.055900
vt 0.858656 0.030631
vt 0.865789 0.055524
vt 0.915399 0.184010
vt 0.911220 0.154786
vt 0.909583 0.209605
vt 0.910441 0.183843
vt 0.909503 0.054185
vt 0.907973 0.029346
vt 0.914461 0.053964
vt 0.856022 0.283263
vt 0.859134 0.243962
vt 0.825903 0.001653
vt 0.820971 0.002191
vt 0.843630 0.273518
vt 0.836444 0.304127
vt 0.838678 0.273220
vt 0.840649 0.233454
vt 0.839228 0.095753
vt 0.844180 0.095446
vt 0.840685 0.049086
vt 0.835742 0.049506
vt 0.831139 0.002202
vt 0.836071 0.001660
vt 0.809861 0.431217
vt 0.816030 0.383245
vt 0.862144 0.014273
vt 0.856452 0.006444
vt 0.857203 0.014726
vt 0.914541 0.209796
vt 0.839455 0.324190
vt 0.832948 0.334162
vt 0.834535 0.323522
vt 0.841386 0.304580
vt 0.836150 0.342433
vt 0.837829 0.335047
vt 0.711036 0.561258
vt 0.682659 0.546401
vt 0.711515 0.546007
vt 0.710413 0.582537
vt 0.682340 0.561936
vt 0.681864 0.583482
vt 0.656161 0.562357
vt 0.656320 0.546961
vt 0.773190 0.544540
vt 0.802861 0.556849
vt 0.772568 0.558767
vt 0.803493 0.542850
vt 0.829272 0.554776
vt 0.828379 0.574873
vt 0.801936 0.577021
vt 0.771681 0.579175
vt 0.741465 0.560233
vt 0.742041 0.545511
vt 0.740690 0.581066
vt 0.829857 0.540782
vt 0.849080 0.552894
vt 0.849555 0.538787
vt 0.862659 0.551483
vt 0.861898 0.571631
vt 0.848264 0.573006
vt 0.863046 0.537262
vt 0.871345 0.550793
vt 0.875984 0.540527
vt 0.871518 0.537028
vt 0.876784 0.570414
vt 0.870620 0.570851
vt 0.849282 0.828481
vt 0.856971 0.844063
vt 0.848444 0.845352
vt 0.857853 0.827318
vt 0.862868 0.843070
vt 0.860708 0.853867
vt 0.856053 0.858419
vt 0.847704 0.860221
vt 0.611102 0.548191
vt 0.632825 0.562591
vt 0.611102 0.562666
vt 0.632883 0.547757
vt 0.655834 0.583854
vt 0.632657 0.583721
vt 0.611102 0.583550
vt 0.654495 0.653343
vt 0.632313 0.615364
vt 0.655233 0.615542
vt 0.611102 0.653144
vt 0.631870 0.653312
vt 0.611102 0.615139
vt 0.650676 0.870906
vt 0.676673 0.885123
vt 0.650454 0.886650
vt 0.650928 0.853114
vt 0.676816 0.869255
vt 0.676978 0.851408
vt 0.706117 0.866746
vt 0.706057 0.882645
vt 0.765534 0.859517
vt 0.736287 0.845779
vt 0.765840 0.842110
vt 0.765263 0.874909
vt 0.736162 0.863436
vt 0.736049 0.879129
vt 0.706183 0.848911
vt 0.816692 0.851174
vt 0.793490 0.838066
vt 0.817410 0.834126
vt 0.816060 0.866201
vt 0.792960 0.855267
vt 0.792493 0.870437
vt 0.836029 0.830806
vt 0.835219 0.847744
vt 0.834504 0.862673
vt 0.860517 0.601711
vt 0.858753 0.637774
vt 0.846879 0.603160
vt 0.845156 0.639355
vt 0.826985 0.605152
vt 0.856917 0.674843
vt 0.855077 0.711916
vt 0.843386 0.676565
vt 0.841618 0.713780
vt 0.823804 0.678951
vt 0.825360 0.641544
vt 0.853264 0.748385
vt 0.851632 0.781222
vt 0.839873 0.750393
vt 0.838299 0.783360
vt 0.820793 0.753202
vt 0.822300 0.716369
vt 0.800561 0.607484
vt 0.799117 0.644107
vt 0.770409 0.609888
vt 0.797981 0.681732
vt 0.797000 0.719382
vt 0.768471 0.684618
vt 0.769200 0.646758
vt 0.819413 0.786378
vt 0.795962 0.756485
vt 0.794963 0.789929
vt 0.767351 0.759880
vt 0.767963 0.722509
vt 0.739637 0.612091
vt 0.738667 0.649214
vt 0.709578 0.613878
vt 0.738109 0.687321
vt 0.737724 0.725455
vt 0.708169 0.689605
vt 0.708760 0.651247
vt 0.766720 0.793578
vt 0.737230 0.763046
vt 0.736750 0.796928
vt 0.707062 0.765767
vt 0.707655 0.727979
vt 0.679625 0.691264
vt 0.678936 0.729870
vt 0.653775 0.692159
vt 0.680340 0.652665
vt 0.706547 0.799803
vt 0.678205 0.767864
vt 0.677577 0.802075
vt 0.652339 0.769174
vt 0.653063 0.730977
vt 0.681142 0.615063
vt 0.629837 0.832031
vt 0.651246 0.831271
vt 0.629612 0.853942
vt 0.611102 0.832197
vt 0.611102 0.804312
vt 0.630138 0.804201
vt 0.651703 0.803569
vt 0.630533 0.769649
vt 0.611102 0.769693
vt 0.611102 0.731256
vt 0.630978 0.731284
vt 0.631422 0.692297
vt 0.611102 0.692200
vt 0.869227 0.600901
vt 0.875376 0.600459
vt 0.873577 0.636465
vt 0.867442 0.636912
vt 0.865582 0.673924
vt 0.871704 0.673467
vt 0.869827 0.710472
vt 0.863718 0.710938
vt 0.861883 0.747350
vt 0.867980 0.746873
vt 0.866317 0.779649
vt 0.860230 0.780134
vt 0.629432 0.871726
vt 0.629274 0.887416
vt 0.611102 0.871938
vt 0.611102 0.854143
vt 0.850317 0.807669
vt 0.837029 0.809912
vt 0.818294 0.813099
vt 0.794142 0.816865
vt 0.766220 0.820721
vt 0.736453 0.824218
vt 0.706283 0.827216
vt 0.677193 0.829630
vt 0.858900 0.806539
vt 0.864978 0.806046
vt 0.863925 0.826819
vt 0.539545 0.546401
vt 0.511167 0.561258
vt 0.510689 0.546007
vt 0.565884 0.546961
vt 0.539864 0.561936
vt 0.566043 0.562357
vt 0.540339 0.583482
vt 0.511791 0.582537
vt 0.449014 0.544540
vt 0.419343 0.556849
vt 0.418710 0.542850
vt 0.449635 0.558767
vt 0.420268 0.577021
vt 0.393825 0.574873
vt 0.392932 0.554776
vt 0.392347 0.540782
vt 0.480739 0.560233
vt 0.480163 0.545511
vt 0.481514 0.581065
vt 0.450522 0.579175
vt 0.373123 0.552894
vt 0.372649 0.538787
vt 0.373940 0.573006
vt 0.360306 0.571631
vt 0.359545 0.551483
vt 0.359158 0.537262
vt 0.350859 0.550793
vt 0.350686 0.537028
vt 0.351584 0.570851
vt 0.345420 0.570414
vt 0.344882 0.550847
vt 0.346220 0.540527
vt 0.372921 0.828481
vt 0.365233 0.844063
vt 0.364351 0.827318
vt 0.373760 0.845351
vt 0.366150 0.858419
vt 0.361496 0.853867
vt 0.359336 0.843070
vt 0.358278 0.826819
vt 0.589379 0.562591
vt 0.589320 0.547757
vt 0.589547 0.583721
vt 0.566370 0.583854
vt 0.567708 0.653343
vt 0.589891 0.615364
vt 0.590334 0.653312
vt 0.566970 0.615542
vt 0.545531 0.885123
vt 0.571528 0.870906
vt 0.571749 0.886649
vt 0.516147 0.882645
vt 0.545387 0.869255
vt 0.516087 0.866746
vt 0.545226 0.851408
vt 0.571276 0.853114
vt 0.485917 0.845779
vt 0.456670 0.859517
vt 0.456363 0.842109
vt 0.516021 0.848911
vt 0.486042 0.863437
vt 0.486155 0.879129
vt 0.456941 0.874909
vt 0.428714 0.838066
vt 0.405512 0.851174
vt 0.404794 0.834126
vt 0.429244 0.855267
vt 0.429711 0.870437
vt 0.406144 0.866201
vt 0.386175 0.830806
vt 0.386985 0.847744
vt 0.387700 0.862673
vt 0.374499 0.860221
vt 0.361687 0.601711
vt 0.375325 0.603159
vt 0.395219 0.605152
vt 0.377048 0.639355
vt 0.363451 0.637774
vt 0.365287 0.674843
vt 0.396844 0.641544
vt 0.378818 0.676565
vt 0.398399 0.678951
vt 0.380586 0.713780
vt 0.367127 0.711916
vt 0.368939 0.748385
vt 0.399904 0.716369
vt 0.382331 0.750392
vt 0.401411 0.753201
vt 0.383905 0.783359
vt 0.370572 0.781222
vt 0.421643 0.607484
vt 0.451795 0.609887
vt 0.423087 0.644107
vt 0.453004 0.646758
vt 0.424223 0.681732
vt 0.453733 0.684618
vt 0.425204 0.719381
vt 0.454241 0.722509
vt 0.426242 0.756485
vt 0.454853 0.759880
vt 0.427240 0.789928
vt 0.402791 0.786378
vt 0.482567 0.612091
vt 0.512626 0.613878
vt 0.483537 0.649214
vt 0.513444 0.651247
vt 0.484095 0.687321
vt 0.514035 0.689605
vt 0.484480 0.725455
vt 0.514548 0.727979
vt 0.484974 0.763046
vt 0.515142 0.765767
vt 0.485454 0.796928
vt 0.455484 0.793578
vt 0.542579 0.691264
vt 0.543267 0.729870
vt 0.541864 0.652665
vt 0.568429 0.692159
vt 0.569141 0.730977
vt 0.515656 0.799803
vt 0.543998 0.767864
vt 0.544627 0.802075
vt 0.569865 0.769174
vt 0.570501 0.803568
vt 0.541061 0.615063
vt 0.592367 0.832031
vt 0.592592 0.853942
vt 0.570957 0.831271
vt 0.592066 0.804201
vt 0.591670 0.769649
vt 0.591226 0.731284
vt 0.590781 0.692297
vt 0.352977 0.600901
vt 0.354762 0.636912
vt 0.348626 0.636465
vt 0.346828 0.600459
vt 0.356622 0.673924
vt 0.358486 0.710938
vt 0.352377 0.710472
vt 0.350499 0.673467
vt 0.360321 0.747350
vt 0.361973 0.780134
vt 0.355887 0.779649
vt 0.354224 0.746873
vt 0.592771 0.871726
vt 0.592930 0.887416
vt 0.611102 0.887625
vt 0.371887 0.807669
vt 0.385175 0.809912
vt 0.403910 0.813099
vt 0.428062 0.816865
vt 0.455984 0.820721
vt 0.485751 0.824218
vt 0.515920 0.827216
vt 0.545011 0.829630
vt 0.363304 0.806539
vt 0.357226 0.806046
vt 0.654975 0.201155
vt 0.640129 0.172664
vt 0.655429 0.172181
vt 0.639443 0.201516
vt 0.618809 0.173351
vt 0.639086 0.227810
vt 0.617906 0.202066
vt 0.654470 0.227564
vt 0.657046 0.109774
vt 0.644120 0.079816
vt 0.658272 0.078900
vt 0.645535 0.053154
vt 0.659558 0.052134
vt 0.625444 0.054497
vt 0.642602 0.110518
vt 0.623785 0.081106
vt 0.641207 0.141984
vt 0.656082 0.141390
vt 0.621980 0.111622
vt 0.620235 0.142861
vt 0.646700 0.033446
vt 0.660517 0.032393
vt 0.647622 0.020311
vt 0.660956 0.019222
vt 0.627980 0.021231
vt 0.626865 0.034647
vt 0.648167 0.012212
vt 0.660819 0.011140
vt 0.656908 0.007698
vt 0.629137 0.006800
vt 0.648157 0.006468
vt 0.628690 0.012810
vt 0.371761 0.037225
vt 0.356561 0.030417
vt 0.372654 0.029097
vt 0.357322 0.025001
vt 0.372930 0.023255
vt 0.347030 0.027363
vt 0.355458 0.038465
vt 0.343536 0.031840
vt 0.653539 0.273229
vt 0.638953 0.251292
vt 0.653842 0.251160
vt 0.617594 0.228225
vt 0.638932 0.273229
vt 0.617788 0.251526
vt 0.547841 0.229744
vt 0.586012 0.251922
vt 0.547899 0.252412
vt 0.548076 0.273229
vt 0.586251 0.273229
vt 0.585800 0.228914
vt 0.316234 0.208057
vt 0.330378 0.233910
vt 0.314675 0.234126
vt 0.332038 0.207917
vt 0.348120 0.233663
vt 0.334515 0.178810
vt 0.349817 0.207752
vt 0.318707 0.178903
vt 0.355319 0.148803
vt 0.341587 0.119838
vt 0.358898 0.119495
vt 0.337740 0.148985
vt 0.326249 0.120119
vt 0.322122 0.149151
vt 0.352270 0.178710
vt 0.362849 0.092125
vt 0.349869 0.069216
vt 0.366641 0.068469
vt 0.345821 0.092672
vt 0.335099 0.069800
vt 0.330770 0.093106
vt 0.369730 0.050122
vt 0.353200 0.051061
vt 0.341283 0.039013
vt 0.338616 0.051601
vt 0.598041 0.022909
vt 0.596786 0.036414
vt 0.561943 0.025103
vt 0.595097 0.056354
vt 0.560533 0.038572
vt 0.524817 0.027361
vt 0.523257 0.040765
vt 0.487711 0.029614
vt 0.521104 0.060394
vt 0.486015 0.042945
vt 0.558594 0.058424
vt 0.451256 0.031857
vt 0.449437 0.045114
vt 0.418502 0.033941
vt 0.446882 0.064211
vt 0.416593 0.047120
vt 0.483660 0.062300
vt 0.593122 0.082908
vt 0.591018 0.113201
vt 0.556326 0.084766
vt 0.518594 0.086282
vt 0.515963 0.115797
vt 0.480916 0.087629
vt 0.553943 0.114746
vt 0.443874 0.089026
vt 0.413861 0.065978
vt 0.440718 0.117518
vt 0.410584 0.090338
vt 0.478036 0.116614
vt 0.589003 0.144111
vt 0.587330 0.174323
vt 0.551689 0.145333
vt 0.513461 0.146148
vt 0.511320 0.176112
vt 0.475288 0.146780
vt 0.549794 0.175326
vt 0.437738 0.147500
vt 0.407148 0.118387
vt 0.435148 0.177572
vt 0.403958 0.148155
vt 0.472906 0.176812
vt 0.509755 0.204692
vt 0.471105 0.205514
vt 0.508911 0.230558
vt 0.470046 0.231359
vt 0.548466 0.203837
vt 0.401196 0.178213
vt 0.433133 0.206362
vt 0.398992 0.207077
vt 0.431866 0.232157
vt 0.397532 0.232847
vt 0.586222 0.202898
vt 0.369147 0.254616
vt 0.347290 0.254846
vt 0.368981 0.273229
vt 0.347086 0.273229
vt 0.396803 0.273229
vt 0.369901 0.233333
vt 0.396912 0.254301
vt 0.431408 0.253881
vt 0.431368 0.273229
vt 0.469791 0.273229
vt 0.469758 0.253399
vt 0.508793 0.252908
vt 0.508899 0.273229
vt 0.598755 0.014496
vt 0.599138 0.008507
vt 0.563083 0.010759
vt 0.562706 0.016723
vt 0.525639 0.019005
vt 0.526027 0.013057
vt 0.488984 0.015346
vt 0.488589 0.021280
vt 0.452178 0.023547
vt 0.452574 0.017627
vt 0.419830 0.019752
vt 0.419447 0.025658
vt 0.329548 0.255024
vt 0.313891 0.255179
vt 0.329328 0.273229
vt 0.313662 0.273229
vt 0.392232 0.035720
vt 0.390274 0.048795
vt 0.387383 0.067407
vt 0.383849 0.091372
vt 0.380156 0.119037
vt 0.376783 0.148565
vt 0.373878 0.178558
vt 0.371521 0.207512
vt 0.393164 0.027479
vt 0.393509 0.021591
vt 0.640129 0.373794
vt 0.654975 0.345303
vt 0.655429 0.374277
vt 0.639443 0.344942
vt 0.654470 0.318894
vt 0.617906 0.344392
vt 0.639086 0.318648
vt 0.618809 0.373107
vt 0.657046 0.436684
vt 0.644120 0.466642
vt 0.642602 0.435940
vt 0.623785 0.465351
vt 0.621980 0.434836
vt 0.625444 0.491961
vt 0.658272 0.467558
vt 0.645534 0.493304
vt 0.641207 0.404474
vt 0.620235 0.403597
vt 0.656082 0.405068
vt 0.659558 0.494324
vt 0.646700 0.513012
vt 0.626865 0.511811
vt 0.627980 0.525227
vt 0.660517 0.514065
vt 0.647622 0.526147
vt 0.660956 0.527236
vt 0.648167 0.534246
vt 0.628690 0.533648
vt 0.629137 0.539658
vt 0.656908 0.538760
vt 0.660819 0.535318
vt 0.371761 0.509233
vt 0.356561 0.516041
vt 0.355458 0.507993
vt 0.343536 0.514618
vt 0.341283 0.507445
vt 0.347030 0.519095
vt 0.372654 0.517361
vt 0.357322 0.521457
vt 0.638953 0.295166
vt 0.617788 0.294932
vt 0.617979 0.273229
vt 0.617594 0.318233
vt 0.653842 0.295298
vt 0.547841 0.316714
vt 0.586012 0.294536
vt 0.585799 0.317544
vt 0.547899 0.294046
vt 0.330378 0.312548
vt 0.316234 0.338401
vt 0.314675 0.312332
vt 0.332038 0.338541
vt 0.318707 0.367555
vt 0.349817 0.338706
vt 0.334515 0.367648
vt 0.348120 0.312795
vt 0.341587 0.426620
vt 0.355319 0.397655
vt 0.358898 0.426963
vt 0.337740 0.397473
vt 0.352270 0.367748
vt 0.322122 0.397307
vt 0.326249 0.426339
vt 0.349869 0.477242
vt 0.362849 0.454333
vt 0.366641 0.477989
vt 0.345821 0.453786
vt 0.330770 0.453352
vt 0.335099 0.476658
vt 0.369730 0.496336
vt 0.353199 0.495397
vt 0.338616 0.494857
vt 0.598041 0.523549
vt 0.596786 0.510044
vt 0.560533 0.507886
vt 0.595097 0.490104
vt 0.561943 0.521355
vt 0.524817 0.519097
vt 0.523258 0.505693
vt 0.558594 0.488034
vt 0.486015 0.503513
vt 0.521104 0.486064
vt 0.487711 0.516844
vt 0.451256 0.514601
vt 0.449437 0.501344
vt 0.483660 0.484159
vt 0.416593 0.499338
vt 0.446882 0.482247
vt 0.418502 0.512517
vt 0.593122 0.463550
vt 0.556326 0.461692
vt 0.591018 0.433257
vt 0.518594 0.460176
vt 0.553943 0.431712
vt 0.480916 0.458829
vt 0.515963 0.430661
vt 0.443873 0.457432
vt 0.478036 0.429844
vt 0.410584 0.456120
vt 0.440718 0.428940
vt 0.413861 0.480480
vt 0.589003 0.402347
vt 0.551689 0.401125
vt 0.587330 0.372135
vt 0.513461 0.400310
vt 0.549794 0.371132
vt 0.475288 0.399678
vt 0.511320 0.370346
vt 0.437738 0.398958
vt 0.472906 0.369646
vt 0.403958 0.398303
vt 0.435148 0.368886
vt 0.407148 0.428071
vt 0.509755 0.341766
vt 0.548467 0.342621
vt 0.471105 0.340944
vt 0.508911 0.315900
vt 0.401196 0.368245
vt 0.433133 0.340096
vt 0.470046 0.315099
vt 0.398992 0.339381
vt 0.431866 0.314301
vt 0.586222 0.343560
vt 0.369147 0.291842
vt 0.369901 0.313125
vt 0.396912 0.292157
vt 0.397532 0.313611
vt 0.347290 0.291612
vt 0.431408 0.292577
vt 0.469758 0.293059
vt 0.508793 0.293550
vt 0.598756 0.531962
vt 0.562706 0.529735
vt 0.563083 0.535699
vt 0.599138 0.537951
vt 0.525640 0.527453
vt 0.488589 0.525178
vt 0.488984 0.531113
vt 0.526027 0.533402
vt 0.452178 0.522911
vt 0.419447 0.520800
vt 0.419830 0.526706
vt 0.452574 0.528831
vt 0.329548 0.291434
vt 0.313890 0.291279
vt 0.392232 0.510738
vt 0.390274 0.497663
vt 0.387383 0.479051
vt 0.383849 0.455086
vt 0.380156 0.427421
vt 0.376783 0.397893
vt 0.373878 0.367900
vt 0.371521 0.338946
vt 0.393164 0.518979
vt 0.372930 0.523203
vt 0.393509 0.524867
vt 0.664541 0.052388
vt 0.662078 0.109945
vt 0.663323 0.079120
vt 0.661086 0.141510
vt 0.660411 0.172264
vt 0.342911 0.024467
vt 0.339407 0.029924
vt 0.336725 0.037729
vt 0.665767 0.019256
vt 0.665420 0.032616
vt 0.330270 0.068870
vt 0.333849 0.050606
vt 0.317211 0.148531
vt 0.313797 0.178417
vt 0.321356 0.119372
vt 0.325915 0.092251
vt 0.659457 0.227668
vt 0.659953 0.201233
vt 0.665646 0.011009
vt 0.663825 0.006727
vt 0.658676 0.003568
vt 0.648667 0.001502
vt 0.628975 0.001792
vt 0.372432 0.018340
vt 0.356477 0.020283
vt 0.345963 0.022627
vt 0.311288 0.207698
vt 0.309725 0.233888
vt 0.308935 0.255059
vt 0.308708 0.273229
vt 0.658542 0.273229
vt 0.658850 0.251256
vt 0.598840 0.003542
vt 0.562770 0.005799
vt 0.525715 0.008095
vt 0.488671 0.010387
vt 0.452253 0.012672
vt 0.419491 0.014804
vt 0.393131 0.016649
vt 0.664541 0.494070
vt 0.663323 0.467338
vt 0.662078 0.436513
vt 0.661086 0.404948
vt 0.660411 0.374194
vt 0.342911 0.521992
vt 0.339407 0.516534
vt 0.665767 0.527202
vt 0.665420 0.513842
vt 0.330270 0.477588
vt 0.333849 0.495852
vt 0.336725 0.508729
vt 0.317211 0.397927
vt 0.321356 0.427086
vt 0.325915 0.454207
vt 0.659457 0.318790
vt 0.659953 0.345225
vt 0.663825 0.539731
vt 0.648667 0.544956
vt 0.658676 0.542890
vt 0.628975 0.544666
vt 0.648157 0.539989
vt 0.372432 0.528118
vt 0.356477 0.526175
vt 0.311288 0.338760
vt 0.313797 0.368041
vt 0.308935 0.291399
vt 0.309725 0.312570
vt 0.658850 0.295202
vt 0.598840 0.542916
vt 0.562770 0.540659
vt 0.525716 0.538363
vt 0.488671 0.536071
vt 0.452253 0.533786
vt 0.419491 0.531654
vt 0.393131 0.529809
vt 0.806629 0.194315
vt 0.803158 0.207381
vt 0.798845 0.194288
vt 0.813041 0.194338
vt 0.811101 0.207487
vt 0.817101 0.211720
vt 0.812708 0.212825
vt 0.804951 0.212825
vt 0.674864 0.145253
vt 0.680656 0.120765
vt 0.682642 0.144885
vt 0.666698 0.121635
vt 0.673677 0.121200
vt 0.666698 0.098796
vt 0.672799 0.098524
vt 0.678901 0.098251
vt 0.677408 0.075322
vt 0.666989 0.075042
vt 0.672198 0.075182
vt 0.672270 0.054350
vt 0.677021 0.055323
vt 0.694243 0.041580
vt 0.698942 0.051685
vt 0.690271 0.047086
vt 0.704229 0.048639
vt 0.708688 0.060649
vt 0.703804 0.063827
vt 0.696145 0.059763
vt 0.688109 0.057594
vt 0.727542 0.096078
vt 0.727353 0.076045
vt 0.738520 0.095587
vt 0.715513 0.096616
vt 0.718197 0.076172
vt 0.708445 0.076493
vt 0.715697 0.059707
vt 0.744697 0.141554
vt 0.748850 0.116455
vt 0.758664 0.140828
vt 0.729366 0.142375
vt 0.736301 0.117246
vt 0.722543 0.118116
vt 0.723457 0.194458
vt 0.709497 0.206679
vt 0.707890 0.194686
vt 0.741261 0.194203
vt 0.725556 0.206601
vt 0.743914 0.206521
vt 0.726428 0.211650
vt 0.710165 0.211665
vt 0.770179 0.140231
vt 0.767278 0.115293
vt 0.779152 0.139764
vt 0.759204 0.115802
vt 0.747591 0.095179
vt 0.754670 0.094860
vt 0.741014 0.076010
vt 0.735017 0.076028
vt 0.721905 0.059415
vt 0.726773 0.059181
vt 0.700646 0.034600
vt 0.709029 0.046782
vt 0.697837 0.037659
vt 0.712792 0.045331
vt 0.759070 0.194140
vt 0.775230 0.194195
vt 0.762256 0.206676
vt 0.778883 0.206956
vt 0.763581 0.211889
vt 0.745017 0.211642
vt 0.691501 0.026681
vt 0.682606 0.025696
vt 0.684153 0.020289
vt 0.689397 0.031038
vt 0.686700 0.036625
vt 0.680622 0.032629
vt 0.696158 0.194666
vt 0.687691 0.206156
vt 0.686732 0.194482
vt 0.697402 0.206502
vt 0.697919 0.211424
vt 0.688090 0.211009
vt 0.678398 0.041666
vt 0.683698 0.044086
vt 0.681971 0.056337
vt 0.703562 0.097150
vt 0.693138 0.097615
vt 0.698443 0.075986
vt 0.689563 0.075648
vt 0.714114 0.143227
vt 0.700804 0.143971
vt 0.708871 0.118985
vt 0.696944 0.119743
vt 0.690746 0.144495
vt 0.684870 0.171855
vt 0.693730 0.171737
vt 0.704742 0.171470
vt 0.736040 0.170389
vt 0.752790 0.169924
vt 0.768019 0.169565
vt 0.719335 0.170965
vt 0.785915 0.139412
vt 0.790315 0.169047
vt 0.791487 0.139123
vt 0.797668 0.168873
vt 0.803727 0.168731
vt 0.667867 0.172040
vt 0.667086 0.145621
vt 0.676368 0.171947
vt 0.677690 0.194272
vt 0.668648 0.194061
vt 0.674788 0.028792
vt 0.668223 0.037020
vt 0.668955 0.024956
vt 0.673310 0.039343
vt 0.667518 0.053377
vt 0.669452 0.205275
vt 0.678442 0.205759
vt 0.679051 0.210435
vt 0.672287 0.209084
vt 0.677104 0.014153
vt 0.669573 0.015437
vt 0.670054 0.008016
vt 0.676089 0.020567
vt 0.685257 0.097967
vt 0.682834 0.075468
vt 0.687927 0.120311
vt 0.673175 0.001739
vt 0.677920 0.009401
vt 0.670730 0.002920
vt 0.686279 0.012857
vt 0.678810 0.005834
vt 0.685319 0.016214
vt 0.780556 0.169276
vt 0.788514 0.194250
vt 0.694394 0.020691
vt 0.704511 0.030395
vt 0.693087 0.023397
vt 0.702765 0.032294
vt 0.715632 0.044235
vt 0.717972 0.043333
vt 0.730448 0.059003
vt 0.760007 0.094619
vt 0.749263 0.075985
vt 0.764404 0.094421
vt 0.745537 0.075996
vt 0.733475 0.058857
vt 0.778378 0.114593
vt 0.773364 0.114909
vt 0.792540 0.207199
vt 0.794215 0.212583
vt 0.780401 0.212262
vt 0.924815 0.102417
vt 0.919268 0.074753
vt 0.924227 0.074615
vt 0.924961 0.126951
vt 0.919856 0.102495
vt 0.924767 0.150802
vt 0.920001 0.126956
vt 0.924307 0.174085
vt 0.919807 0.150742
vt 0.922273 0.239947
vt 0.917013 0.250047
vt 0.917315 0.239800
vt 0.921767 0.257154
vt 0.921971 0.250193
vt 0.002611 0.024414
vt 0.007742 0.013252
vt 0.007572 0.024494
vt 0.002782 0.013171
vt 0.007820 0.008507
vt 0.002509 0.165128
vt 0.006912 0.143353
vt 0.007469 0.165024
vt 0.001952 0.143462
vt 0.006463 0.119668
vt 0.002796 0.181499
vt 0.007848 0.193556
vt 0.002887 0.193586
vt 0.007757 0.181443
vt 0.001523 0.096867
vt 0.001502 0.119708
vt 0.001866 0.072879
vt 0.006484 0.096909
vt 0.922212 0.015370
vt 0.918246 0.042770
vt 0.917256 0.015554
vt 0.923203 0.042597
vt 0.015518 0.127455
vt 0.010748 0.135331
vt 0.010558 0.127573
vt 0.015708 0.135211
vt 0.010859 0.139860
vt 0.015360 0.048916
vt 0.010837 0.032558
vt 0.015797 0.032656
vt 0.014947 0.067504
vt 0.010400 0.048802
vt 0.002974 0.210562
vt 0.007897 0.203099
vt 0.007935 0.210537
vt 0.002935 0.203124
vt 0.014858 0.086072
vt 0.009985 0.067447
vt 0.010057 0.102972
vt 0.009897 0.086092
vt 0.923676 0.196009
vt 0.919349 0.173972
vt 0.923058 0.214666
vt 0.918719 0.195859
vt 0.015945 0.010566
vt 0.011001 0.020377
vt 0.010983 0.010585
vt 0.015963 0.020406
vt 0.007238 0.046530
vt 0.006826 0.072957
vt 0.002278 0.046449
vt 0.015922 0.144024
vt 0.015819 0.139740
vt 0.916741 0.001747
vt 0.921697 0.001561
vt 0.922609 0.228674
vt 0.918101 0.214506
vt 0.917652 0.228522
vt 0.002981 0.001524
vt 0.002860 0.008422
vt 0.015898 0.001507
vt 0.010937 0.001535
vt 0.015018 0.102899
vt 0.010307 0.116821
vt 0.015268 0.116716
vt 0.921687 0.259868
vt 0.916809 0.257008
vt 0.007961 0.215677
vt 0.003000 0.215702
vt 0.595698 0.998148
vt 0.592067 0.988425
vt 0.606172 0.997603
vt 0.580698 0.988647
vt 0.577335 0.978987
vt 0.585703 0.978864
vt 0.599506 0.987979
vt 0.607858 0.994794
vt 0.358942 0.978288
vt 0.429028 0.969259
vt 0.441893 0.978878
vt 0.348958 0.968864
vt 0.412723 0.958003
vt 0.474371 0.958095
vt 0.492626 0.969553
vt 0.507396 0.979291
vt 0.278738 0.998483
vt 0.365234 0.988153
vt 0.369405 0.998484
vt 0.198291 0.998502
vt 0.276093 0.987790
vt 0.195972 0.987726
vt 0.272029 0.977808
vt 0.565696 0.979145
vt 0.561851 0.969193
vt 0.550106 0.969352
vt 0.542875 0.957638
vt 0.551517 0.957512
vt 0.570362 0.969068
vt 0.371419 0.927360
vt 0.320946 0.943606
vt 0.305035 0.927281
vt 0.424932 0.927322
vt 0.393015 0.943631
vt 0.451122 0.943622
vt 0.335913 0.957892
vt 0.271090 0.891836
vt 0.304429 0.872332
vt 0.327196 0.892545
vt 0.251156 0.870505
vt 0.281339 0.850773
vt 0.326453 0.855700
vt 0.349182 0.874841
vt 0.372938 0.893287
vt 0.422209 0.894680
vt 0.409096 0.881431
vt 0.433283 0.894986
vt 0.398780 0.880067
vt 0.387313 0.869215
vt 0.397245 0.873547
vt 0.415659 0.882413
vt 0.440709 0.895102
vt 0.451855 0.988578
vt 0.460262 0.998513
vt 0.520772 0.988857
vt 0.533604 0.998496
vt 0.193315 0.977791
vt 0.265478 0.968640
vt 0.189959 0.968848
vt 0.256766 0.957955
vt 0.235640 0.927105
vt 0.288742 0.910360
vt 0.172785 0.926947
vt 0.224342 0.909924
vt 0.165736 0.909417
vt 0.211620 0.891131
vt 0.157655 0.890477
vt 0.196504 0.869484
vt 0.147834 0.868997
vt 0.179915 0.846046
vt 0.229825 0.847435
vt 0.477730 0.926957
vt 0.486760 0.943478
vt 0.458635 0.927162
vt 0.506147 0.943275
vt 0.511467 0.957996
vt 0.083163 0.998296
vt 0.132753 0.988118
vt 0.134007 0.998495
vt 0.083337 0.988671
vt 0.131600 0.978490
vt 0.083588 0.979566
vt 0.130517 0.969670
vt 0.083945 0.970863
vt 0.128965 0.959024
vt 0.185451 0.958310
vt 0.084497 0.926771
vt 0.120151 0.908938
vt 0.123436 0.926888
vt 0.084381 0.908278
vt 0.116023 0.889843
vt 0.083498 0.888982
vt 0.110476 0.868661
vt 0.081373 0.868201
vt 0.104065 0.846118
vt 0.136933 0.845890
vt 0.033342 0.906413
vt 0.052128 0.926461
vt 0.029577 0.926130
vt 0.036737 0.886703
vt 0.054392 0.907304
vt 0.018387 0.981283
vt 0.008809 0.973410
vt 0.020056 0.972987
vt 0.006977 0.981608
vt 0.006078 0.973546
vt 0.008735 0.962225
vt 0.011388 0.962105
vt 0.022334 0.961742
vt 0.039695 0.866891
vt 0.035857 0.847906
vt 0.042413 0.847002
vt 0.032212 0.866743
vt 0.028349 0.886215
vt 0.030340 0.867349
vt 0.033402 0.853482
vt 0.049729 0.945136
vt 0.025683 0.945433
vt 0.084444 0.944708
vt 0.084274 0.959978
vt 0.047610 0.960975
vt 0.016747 0.989256
vt 0.042481 0.997816
vt 0.015060 0.997344
vt 0.043656 0.989053
vt 0.044830 0.980575
vt 0.498311 0.926670
vt 0.518065 0.943114
vt 0.489614 0.926796
vt 0.526810 0.942986
vt 0.531032 0.957799
vt 0.380064 0.877685
vt 0.403639 0.894062
vt 0.358304 0.861372
vt 0.377362 0.866155
vt 0.530473 0.969536
vt 0.545998 0.979321
vt 0.560840 0.988831
vt 0.575612 0.998348
vt 0.460619 0.910362
vt 0.468956 0.910269
vt 0.448986 0.910462
vt 0.046052 0.972077
vt 0.126485 0.944234
vt 0.179526 0.943848
vt 0.430233 0.910565
vt 0.398419 0.910620
vt 0.246576 0.943653
vt 0.349456 0.910577
vt 0.012777 0.945632
vt 0.017504 0.925952
vt 0.015274 0.945577
vt 0.019818 0.925980
vt 0.001598 0.994568
vt 0.005202 0.989296
vt 0.003456 0.996814
vt 0.004223 0.981714
vt 0.002555 0.989070
vt 0.022073 0.905910
vt 0.026373 0.886101
vt 0.024224 0.906005
vt 0.056082 0.887774
vt 0.056915 0.867513
vt 0.057260 0.846769
vt 0.078515 0.846448
vt 0.878175 0.227507
vt 0.873009 0.207499
vt 0.877969 0.207449
vt 0.877535 0.165503
vt 0.872575 0.165554
vt 0.887911 0.196341
vt 0.883213 0.132063
vt 0.888173 0.132050
vt 0.882799 0.081311
vt 0.887759 0.081213
vt 0.885808 0.013176
vt 0.880407 0.001816
vt 0.885362 0.001581
vt 0.847803 0.348376
vt 0.843268 0.344870
vt 0.848191 0.345489
vt 0.848863 0.339953
vt 0.843936 0.339367
vt 0.849672 0.332459
vt 0.844735 0.331957
vt 0.850389 0.324121
vt 0.845444 0.323721
vt 0.851196 0.312530
vt 0.846245 0.312194
vt 0.853514 0.275321
vt 0.849716 0.254569
vt 0.854671 0.254820
vt 0.850576 0.234430
vt 0.855535 0.234592
vt 0.878467 0.252016
vt 0.873715 0.268590
vt 0.873508 0.252078
vt 0.878331 0.241251
vt 0.873371 0.241314
vt 0.897718 0.136783
vt 0.892982 0.126345
vt 0.897943 0.126387
vt 0.893068 0.115563
vt 0.898029 0.115568
vt 0.876702 0.092274
vt 0.871742 0.092334
vt 0.875316 0.001536
vt 0.870356 0.001623
vt 0.878431 0.308779
vt 0.873848 0.286723
vt 0.878811 0.286709
vt 0.878675 0.268532
vt 0.893015 0.095231
vt 0.897976 0.095163
vt 0.892532 0.067283
vt 0.897491 0.067124
vt 0.875375 0.370110
vt 0.872220 0.337142
vt 0.877175 0.337369
vt 0.873469 0.308670
vt 0.855957 0.215456
vt 0.850995 0.215378
vt 0.856080 0.201276
vt 0.851119 0.201246
vt 0.882023 0.276700
vt 0.882951 0.196300
vt 0.886982 0.276778
vt 0.880377 0.367269
vt 0.894810 0.285650
vt 0.891118 0.233992
vt 0.896079 0.234075
vt 0.891831 0.188678
vt 0.896793 0.188727
vt 0.853742 0.127066
vt 0.847513 0.094508
vt 0.852470 0.094285
vt 0.849685 0.152664
vt 0.848783 0.127233
vt 0.845609 0.051685
vt 0.850563 0.051410
vt 0.842780 0.001944
vt 0.847731 0.001607
vt 0.855374 0.173768
vt 0.850918 0.188624
vt 0.850412 0.173832
vt 0.854646 0.152555
vt 0.878290 0.237980
vt 0.873331 0.238039
vt 0.873215 0.227561
vt 0.892348 0.156359
vt 0.897312 0.156408
vt 0.892754 0.136728
vt 0.852283 0.295503
vt 0.847332 0.295190
vt 0.848561 0.275026
vt 0.891392 0.035337
vt 0.896349 0.035121
vt 0.889874 0.001805
vt 0.894829 0.001568
vt 0.881816 0.040742
vt 0.886775 0.040561
vt 0.880851 0.013399
vt 0.856078 0.195192
vt 0.851116 0.195210
vt 0.855880 0.188587
vt 0.817415 0.207447
vt 0.885336 0.367381
vt 0.299626 0.053329
vt 0.009607 0.236438
vt 0.294709 0.457839
vt 0.912980 0.259387
vt 0.825912 0.362186
vt 0.905206 0.266819
vt 0.860965 0.283696
vt 0.804951 0.430499
vt 0.831298 0.341392
vt 0.877322 0.550847
vt 0.665646 0.535449
vt 0.345963 0.523831
vt 0.010962 0.144144
vt 0.007941 0.001610
vt 0.916729 0.259722
vt 0.842885 0.347718
vt 0.870422 0.369835
vt 0.889850 0.285502
s 1
usemtl Glass
f 109/1/1 113/2/2 28/3/3
f 18/4/4 193/5/5 109/1/1
f 70/6/6 74/7/7 193/5/5
f 193/5/5 25/8/8 113/2/2
f 251/9/9 186/10/10 241/11/11
f 217/12/12 112/13/13 125/14/14
f 194/15/15 1/16/16 107/17/17
f 112/13/13 107/17/17 26/18/18
f 97/19/19 76/20/20 20/21/21
f 17/22/22 195/23/23 97/19/19
f 68/24/24 77/25/25 195/23/23
f 195/23/23 9/26/26 76/20/20
f 217/12/12 67/27/27 194/15/15
f 216/28/28 78/29/29 123/30/30
f 75/31/31 69/32/32 196/33/33
f 196/33/33 3/34/34 78/29/29
f 96/35/35 95/36/36 21/37/37
f 20/21/21 197/38/38 96/35/35
f 76/20/20 79/39/39 197/38/38
f 197/38/38 11/40/40 95/36/36
f 122/41/41 196/33/33 216/28/28
f 87/42/42 198/43/43 124/44/44
f 198/43/43 3/34/34 80/45/45
f 124/44/44 80/45/45 10/46/46
f 214/47/47 32/48/48 126/49/49
f 130/50/50 119/51/51 213/52/52
f 215/53/53 78/29/29 198/43/43
f 212/54/54 72/55/55 121/56/56
f 124/44/44 99/57/57 199/58/58
f 199/58/58 7/59/59 72/55/55
f 98/60/60 68/24/24 17/22/22
f 28/3/3 200/61/61 98/60/60
f 113/2/2 106/62/62 200/61/61
f 200/61/61 2/63/63 68/24/24
f 106/62/62 85/64/64 2/63/63
f 25/8/8 201/65/65 106/62/62
f 111/66/66 90/67/67 201/65/65
f 201/65/65 14/68/68 85/64/64
f 34/69/69 202/70/70 119/51/51
f 110/71/71 98/60/60 202/70/70
f 202/70/70 17/22/22 91/72/72
f 119/51/51 91/72/72 30/73/73
f 102/74/74 73/75/75 19/76/76
f 21/37/37 203/77/77 102/74/74
f 95/36/36 100/78/78 203/77/77
f 203/77/77 8/79/79 73/75/75
f 79/39/39 81/80/80 11/40/40
f 9/26/26 204/81/81 79/39/39
f 86/82/82 88/83/83 204/81/81
f 204/81/81 16/84/84 81/80/80
f 77/25/25 86/82/82 9/26/26
f 2/63/63 205/85/85 77/25/25
f 85/64/64 89/86/86 205/85/85
f 205/85/85 15/87/87 86/82/82
f 74/7/7 111/66/66 25/8/8
f 6/88/88 206/89/89 74/7/7
f 83/90/90 108/91/91 206/89/89
f 206/89/89 27/92/92 111/66/66
f 213/52/52 30/73/73 129/93/93
f 115/94/94 132/95/95 31/96/96
f 100/78/78 84/97/97 8/79/79
f 11/40/40 207/98/98 100/78/78
f 81/80/80 101/99/99 207/98/98
f 207/98/98 13/100/100 84/97/97
f 117/101/101 114/102/102 29/103/103
f 33/104/104 208/105/105 117/101/101
f 94/106/106 96/35/35 208/105/105
f 208/105/105 21/37/37 114/102/102
f 116/107/107 94/106/106 33/104/104
f 30/73/73 209/108/108 116/107/107
f 91/72/72 97/19/19 209/108/108
f 209/108/108 20/21/21 94/106/106
f 115/94/94 110/71/71 34/69/69
f 31/96/96 210/109/109 115/94/94
f 92/110/110 109/1/1 210/109/109
f 210/109/109 28/3/3 110/71/71
f 90/67/67 122/41/41 14/68/68
f 27/92/92 211/111/111 90/67/67
f 211/111/111 75/31/31 122/41/41
f 87/42/42 199/58/58 212/54/54
f 101/99/99 121/56/56 13/100/100
f 16/84/84 212/54/54 101/99/99
f 34/69/69 220/112/112 115/94/94
f 116/107/107 129/93/93 30/73/73
f 33/104/104 219/113/113 116/107/107
f 117/101/101 128/114/114 33/104/104
f 29/103/103 218/115/115 117/101/101
f 244/116/116 32/48/48 180/117/117
f 35/118/118 213/52/52 103/119/119
f 103/119/119 129/93/93 22/120/120
f 127/121/121 105/122/122 23/123/123
f 214/47/47 24/124/124 105/122/122
f 88/83/83 87/42/42 16/84/84
f 15/87/87 215/53/53 88/83/83
f 89/86/86 123/30/30 15/87/87
f 14/68/68 216/28/28 89/86/86
f 108/91/91 125/14/14 27/92/92
f 12/125/125 217/12/12 108/91/91
f 23/123/123 218/115/115 127/121/121
f 218/115/115 5/126/126 128/114/114
f 128/114/114 71/127/127 219/113/113
f 219/113/113 22/120/120 129/93/93
f 130/50/50 131/128/128 220/112/112
f 220/112/112 36/129/129 132/95/95
f 112/13/13 82/130/130 221/131/131
f 221/131/131 4/132/132 75/31/31
f 118/133/133 93/134/134 32/48/48
f 29/103/103 222/135/135 118/133/133
f 114/102/102 102/74/74 222/135/135
f 222/135/135 19/76/76 93/134/134
f 175/136/136 171/137/137 59/138/138
f 56/139/139 223/140/140 175/136/136
f 138/141/141 136/142/142 223/140/140
f 223/140/140 51/143/143 171/137/137
f 120/144/144 283/145/145 67/146/146
f 174/147/147 169/148/148 224/149/149
f 224/149/149 37/150/150 133/151/151
f 174/147/147 247/152/152 186/10/10
f 140/153/153 159/154/154 52/155/155
f 43/156/156 225/157/157 140/153/153
f 141/158/158 134/159/159 225/157/157
f 225/157/157 50/160/160 159/154/154
f 247/152/152 133/151/151 182/161/161
f 39/162/162 226/163/163 142/164/164
f 135/165/165 139/166/166 226/163/163
f 142/164/164 246/167/167 184/168/168
f 157/169/169 158/170/170 53/171/171
f 45/172/172 227/173/173 157/169/169
f 143/174/174 140/153/153 227/173/173
f 227/173/173 52/155/155 158/170/170
f 226/163/163 183/175/175 246/167/167
f 185/176/176 144/177/177 228/178/178
f 228/178/178 39/162/162 142/164/164
f 150/179/179 228/178/178 245/180/180
f 187/181/181 180/117/117 60/182/182
f 243/183/183 61/184/184 181/185/185
f 245/180/180 142/164/164 184/168/168
f 7/59/59 229/186/186 72/55/55
f 161/187/187 185/176/176 229/186/186
f 72/55/55 242/188/188 121/56/56
f 134/159/159 160/189/189 50/160/160
f 38/190/190 230/191/191 134/159/159
f 168/192/192 175/136/136 230/191/191
f 230/191/191 59/138/138 160/189/189
f 148/193/193 168/192/192 38/190/190
f 47/194/194 231/195/195 148/193/193
f 153/196/196 173/197/197 231/195/195
f 231/195/195 56/139/139 168/192/192
f 64/198/198 232/199/199 172/200/200
f 181/185/185 154/201/201 232/199/199
f 232/199/199 50/160/160 160/189/189
f 172/200/200 160/189/189 59/138/138
f 73/75/75 164/202/202 19/76/76
f 8/79/79 233/203/203 73/75/75
f 162/204/204 157/169/169 233/203/203
f 233/203/203 53/171/171 164/202/202
f 145/205/205 143/174/174 45/172/172
f 49/206/206 234/207/207 145/205/205
f 151/208/208 149/209/209 234/207/207
f 234/207/207 43/156/156 143/174/174
f 149/209/209 141/158/158 43/156/156
f 48/210/210 235/211/211 149/209/209
f 152/212/212 148/193/193 235/211/211
f 235/211/211 38/190/190 141/158/158
f 173/197/197 138/141/141 56/139/139
f 58/213/213 236/214/214 173/197/197
f 170/215/215 147/216/216 236/214/214
f 236/214/214 42/217/217 138/141/141
f 190/218/218 181/185/185 64/198/198
f 250/219/219 64/198/198 177/220/220
f 84/97/97 162/204/204 8/79/79
f 13/100/100 237/221/221 84/97/97
f 163/222/222 145/205/205 237/221/221
f 237/221/221 45/172/172 162/204/204
f 176/223/223 179/224/224 60/182/182
f 53/171/171 238/225/225 176/223/223
f 158/170/170 156/226/226 238/225/225
f 238/225/225 63/227/227 179/224/224
f 156/226/226 178/228/228 63/227/227
f 52/155/155 239/229/229 156/226/226
f 159/154/154 154/201/201 239/229/229
f 239/229/229 61/184/184 178/228/228
f 172/200/200 177/220/220 64/198/198
f 59/138/138 240/230/230 172/200/200
f 171/137/137 155/231/231 240/230/230
f 240/230/230 62/232/232 177/220/220
f 183/175/175 153/196/196 47/194/194
f 229/186/186 150/179/179 242/188/188
f 139/166/166 241/11/11 183/175/175
f 241/11/11 58/213/213 153/196/196
f 121/56/56 163/222/222 13/100/100
f 242/188/188 49/206/206 163/222/222
f 192/233/233 177/220/220 62/232/232
f 249/234/234 63/227/227 178/228/228
f 189/235/235 178/228/228 61/184/184
f 248/236/236 60/182/182 179/224/224
f 188/237/237 179/224/224 63/227/227
f 31/238/238 298/239/239 266/240/240
f 65/241/241 243/183/183 190/218/218
f 165/242/242 189/235/235 243/183/183
f 167/243/243 187/181/181 55/244/244
f 24/124/124 244/116/116 167/243/243
f 150/179/179 151/208/208 49/206/206
f 245/180/180 48/210/210 151/208/208
f 184/168/168 152/212/212 48/210/210
f 246/167/167 47/194/194 152/212/212
f 186/10/10 170/215/215 58/213/213
f 247/152/152 46/245/245 170/215/215
f 248/236/236 41/246/246 166/247/247
f 248/236/236 55/244/244 187/181/181
f 249/234/234 54/248/248 137/249/249
f 188/237/237 137/249/249 41/246/246
f 250/219/219 66/250/250 191/251/251
f 190/218/218 191/251/251 65/241/241
f 251/9/9 40/252/252 146/253/253
f 174/147/147 146/253/253 57/254/254
f 93/134/134 180/117/117 32/48/48
f 19/76/76 252/255/255 93/134/134
f 164/202/202 176/223/223 252/255/255
f 252/255/255 60/182/182 180/117/117
f 182/256/256 299/257/257 312/258/258
f 1/259/259 283/260/145 253/261/260
f 4/262/261 284/263/262 69/264/263
f 69/264/263 254/265/264 3/266/265
f 18/267/266 285/268/267 70/269/267
f 6/270/268 285/268/267 257/271/268
f 22/272/269 286/273/270 262/274/271
f 71/275/272 256/276/273 286/273/270
f 80/277/274 254/265/264 287/278/275
f 10/279/276 287/278/275 259/280/277
f 26/281/278 288/282/279 82/283/280
f 82/283/280 255/284/281 4/262/261
f 83/285/282 257/271/268 289/286/282
f 83/285/282 260/287/283 12/288/284
f 31/238/238 290/289/285 92/290/286
f 92/290/286 261/291/287 18/267/266
f 10/279/276 291/292/288 99/293/289
f 99/293/289 258/294/290 7/295/291
f 103/296/292 267/297/293 35/298/294
f 103/296/292 262/274/271 292/299/292
f 5/300/295 293/301/296 256/276/273
f 23/302/297 293/301/296 104/303/296
f 23/302/297 294/304/298 263/305/297
f 105/306/299 264/307/300 294/304/298
f 107/308/301 253/261/260 295/309/302
f 107/308/301 265/310/303 26/281/278
f 62/311/304 314/312/305 192/313/306
f 12/288/284 296/314/307 120/144/144
f 131/315/308 268/316/309 36/317/310
f 35/298/294 297/318/311 131/315/308
f 132/319/312 268/320/309 298/239/239
f 37/321/313 299/322/257 133/323/314
f 40/324/315 300/325/316 271/326/315
f 135/327/317 270/328/318 300/325/316
f 51/329/319 301/330/320 276/331/321
f 42/332/322 301/330/320 136/333/320
f 54/334/323 302/335/324 137/336/325
f 137/336/325 272/337/326 41/338/327
f 144/339/328 270/328/318 39/340/329
f 44/341/330 303/342/331 144/339/328
f 57/343/332 304/344/333 279/345/334
f 146/346/335 271/326/315 304/344/333
f 147/347/336 273/348/337 42/332/322
f 147/347/336 275/349/338 305/350/339
f 62/311/304 306/351/340 280/352/341
f 155/353/342 276/331/321 306/351/340
f 44/341/330 307/354/343 274/355/344
f 161/356/345 258/294/290 307/357/343
f 165/358/346 281/359/347 308/360/348
f 165/358/346 277/361/349 54/334/323
f 41/338/327 309/362/350 166/363/351
f 55/364/352 309/362/350 278/365/353
f 55/364/352 310/366/354 167/367/355
f 167/368/355 264/307/300 24/369/300
f 169/370/356 269/371/357 37/321/313
f 169/370/356 279/345/334 311/372/358
f 127/121/121 118/133/133 214/47/47
f 221/131/131 125/14/14 112/13/13
f 46/373/359 312/258/258 275/349/338
f 191/374/360 282/375/361 313/376/362
f 65/377/363 313/376/362 281/359/347
f 192/378/306 282/375/361 66/379/364
f 411/380/365 423/381/366 319/382/367
f 325/383/368 568/384/369 411/380/365
f 424/385/370 432/386/371 568/384/369
f 568/384/369 334/387/372 423/381/366
f 318/388/373 569/389/374 414/390/375
f 406/391/376 412/392/377 569/389/374
f 569/389/374 323/393/378 409/394/379
f 414/390/375 409/394/379 324/395/380
f 319/382/367 570/396/381 411/380/365
f 407/397/382 414/390/375 570/396/381
f 570/396/381 324/395/380 410/398/383
f 411/380/365 410/398/383 325/383/368
f 317/399/384 571/400/385 412/392/377
f 416/401/386 413/402/387 571/400/385
f 571/400/385 321/403/388 417/404/389
f 412/392/377 417/404/389 323/393/378
f 315/405/390 572/406/391 413/402/387
f 329/407/392 572/406/391 425/408/393
f 572/406/391 331/409/394 422/410/395
f 413/402/387 422/410/395 321/403/388
f 361/411/396 573/412/397 481/413/398
f 489/414/399 427/415/400 573/412/397
f 573/412/397 330/416/401 408/417/402
f 481/413/398 408/417/402 320/418/403
f 316/419/404 574/420/405 415/421/406
f 430/422/407 432/386/371 574/420/405
f 574/420/405 335/423/408 431/424/409
f 415/421/406 431/424/409 322/425/410
f 347/426/411 575/427/412 434/428/413
f 344/429/414 575/427/412 473/430/415
f 433/431/416 431/424/409 575/427/412
f 434/428/413 431/424/409 335/423/408
f 483/432/417 428/433/418 333/434/419
f 363/435/420 576/436/421 483/432/417
f 488/437/422 435/438/423 576/436/421
f 576/436/421 332/439/424 428/433/418
f 436/440/425 487/441/426 359/442/427
f 327/443/428 577/444/429 436/440/425
f 419/445/430 435/438/423 577/444/429
f 577/444/429 358/446/431 487/441/426
f 437/447/432 486/448/433 360/449/434
f 328/450/435 578/451/436 437/447/432
f 420/452/437 436/440/425 578/451/436
f 578/451/436 359/442/427 486/448/433
f 481/413/398 485/453/438 361/411/396
f 320/418/403 579/454/439 481/413/398
f 418/455/440 437/447/432 579/454/439
f 579/454/439 360/449/434 485/453/438
f 421/456/441 417/404/389 321/403/388
f 338/457/442 580/458/443 421/456/441
f 459/459/444 456/460/445 580/458/443
f 580/458/443 323/393/378 417/404/389
f 440/461/446 459/459/444 338/457/442
f 337/462/447 581/463/448 440/461/446
f 460/464/449 457/465/450 581/463/448
f 581/463/448 354/466/451 459/459/444
f 439/467/452 460/464/449 337/462/447
f 336/468/453 582/469/454 439/467/452
f 461/470/455 458/471/456 582/469/454
f 582/469/454 355/472/457 460/464/449
f 456/460/445 409/394/379 323/393/378
f 354/466/451 583/473/458 456/460/445
f 462/474/459 453/475/460 583/473/458
f 583/473/458 324/395/380 409/394/379
f 457/465/450 462/474/459 354/466/451
f 355/472/457 584/476/461 457/465/450
f 463/477/462 454/478/463 584/476/461
f 584/476/461 351/479/464 462/474/459
f 458/471/456 463/477/462 355/472/457
f 356/480/465 585/481/466 458/471/456
f 464/482/467 455/483/468 585/481/466
f 585/481/466 352/484/469 463/477/462
f 453/475/460 410/398/383 324/395/380
f 351/479/464 586/485/470 453/475/460
f 465/486/471 450/487/472 586/485/470
f 586/485/470 325/383/368 410/398/383
f 454/478/463 465/486/471 351/479/464
f 352/484/469 587/488/473 454/478/463
f 466/489/474 451/490/475 587/488/473
f 587/488/473 348/491/476 465/486/471
f 455/483/468 466/489/474 352/484/469
f 353/492/477 588/493/478 455/483/468
f 467/494/479 452/495/480 588/493/478
f 588/493/478 349/496/481 466/489/474
f 349/496/481 589/497/482 451/490/475
f 469/498/483 449/499/484 589/497/482
f 589/497/482 347/426/411 468/500/485
f 451/490/475 468/500/485 348/491/476
f 350/501/486 590/502/487 452/495/480
f 470/503/488 448/504/489 590/502/487
f 590/502/487 346/505/490 469/498/483
f 452/495/480 469/498/483 349/496/481
f 348/491/476 591/506/491 450/487/472
f 468/500/485 434/428/413 591/506/491
f 591/506/491 335/423/408 424/385/370
f 450/487/472 424/385/370 325/383/368
f 363/435/420 592/507/492 447/508/493
f 484/509/494 444/510/495 592/507/492
f 592/507/492 342/511/496 471/512/497
f 447/508/493 471/512/497 345/513/498
f 345/513/498 593/514/499 448/504/489
f 471/512/497 445/515/500 593/514/499
f 593/514/499 343/516/501 472/517/502
f 448/504/489 472/517/502 346/505/490
f 346/505/490 594/518/503 449/499/484
f 472/517/502 446/519/414 594/518/503
f 446/519/414 473/430/415 594/518/503
f 449/499/484 473/430/415 347/426/411
f 321/403/388 595/520/504 421/456/441
f 422/410/395 441/521/505 595/520/504
f 595/520/504 339/522/506 474/523/507
f 421/456/441 474/523/507 338/457/442
f 338/457/442 596/524/508 440/461/446
f 474/523/507 442/525/509 596/524/508
f 596/524/508 340/526/510 475/527/511
f 440/461/446 475/527/511 337/462/447
f 337/462/447 597/528/512 439/467/452
f 475/527/511 443/529/513 597/528/512
f 597/528/512 341/530/514 476/531/515
f 439/467/452 476/531/515 336/468/453
f 333/434/419 598/532/516 483/432/417
f 429/533/517 482/534/518 598/532/516
f 598/532/516 362/535/519 484/509/494
f 483/432/417 484/509/494 363/435/420
f 438/536/520 461/470/455 336/468/453
f 361/411/396 599/537/521 438/536/520
f 485/453/438 480/538/522 599/537/521
f 599/537/521 356/480/465 461/470/455
f 480/538/522 464/482/467 356/480/465
f 360/449/434 600/539/523 480/538/522
f 486/448/433 479/540/524 600/539/523
f 600/539/523 353/492/477 464/482/467
f 479/540/524 467/494/479 353/492/477
f 359/442/427 601/541/525 479/540/524
f 487/441/426 478/542/526 601/541/525
f 601/541/525 350/501/486 467/494/479
f 358/446/431 602/543/527 478/542/526
f 488/437/422 447/508/493 602/543/527
f 602/543/527 345/513/498 470/503/488
f 478/542/526 470/503/488 350/501/486
f 336/468/453 603/544/528 438/536/520
f 476/531/515 477/545/529 603/544/528
f 603/544/528 357/546/530 489/414/399
f 438/536/520 489/414/399 361/411/396
f 506/547/531 495/548/532 367/549/533
f 380/550/534 604/551/535 506/547/531
f 515/552/536 507/553/537 604/551/535
f 604/551/535 372/554/538 495/548/532
f 366/555/539 605/556/540 490/557/541
f 498/558/542 493/559/543 605/556/540
f 605/556/540 370/560/544 496/561/545
f 490/557/541 496/561/545 365/562/546
f 367/549/533 606/563/547 491/564/548
f 495/548/532 494/565/549 606/563/547
f 606/563/547 371/566/550 498/558/542
f 491/564/548 498/558/542 366/555/539
f 365/562/546 607/567/551 499/568/552
f 496/561/545 500/569/553 607/567/551
f 607/567/551 369/570/554 497/571/555
f 499/568/552 497/571/555 364/572/556
f 364/572/556 608/573/557 508/574/558
f 497/571/555 505/575/559 608/573/557
f 608/573/557 377/576/560 509/577/561
f 608/573/557 375/578/562 508/574/558
f 404/579/563 609/580/564 567/581/565
f 560/582/566 492/583/567 609/580/564
f 609/580/564 376/584/568 510/585/569
f 567/581/565 510/585/569 400/586/570
f 316/419/404 610/587/571 513/588/572
f 415/421/406 514/589/573 610/587/571
f 610/587/571 381/590/574 515/552/536
f 513/588/572 515/552/536 380/550/534
f 390/591/575 611/592/576 552/593/577
f 516/594/578 514/589/573 611/592/576
f 514/589/573 433/431/416 611/592/576
f 611/592/576 344/429/414 552/593/577
f 511/595/579 561/596/580 379/597/581
f 378/598/582 612/599/583 511/595/579
f 517/600/584 566/601/585 612/599/583
f 612/599/583 405/602/586 561/596/580
f 565/603/587 518/604/588 402/605/589
f 401/606/590 613/607/591 565/603/587
f 517/600/584 502/608/592 613/607/591
f 613/607/591 373/609/593 518/604/588
f 564/610/594 519/611/595 403/612/596
f 402/605/589 614/613/597 564/610/594
f 518/604/588 503/614/598 614/613/597
f 614/613/597 374/615/599 519/611/595
f 563/616/600 560/582/566 404/579/563
f 403/612/596 615/617/601 563/616/600
f 519/611/595 501/618/602 615/617/601
f 615/617/601 368/619/603 560/582/566
f 500/569/553 504/620/604 369/570/554
f 370/560/544 616/621/605 500/569/553
f 535/622/606 538/623/607 616/621/605
f 616/621/605 384/624/608 504/620/604
f 538/623/607 522/625/609 384/624/608
f 397/626/610 617/627/611 538/623/607
f 536/628/612 539/629/613 617/627/611
f 617/627/611 383/630/614 522/625/609
f 539/629/613 521/631/615 383/630/614
f 398/632/616 618/633/617 539/629/613
f 537/634/618 540/635/619 618/633/617
f 618/633/617 382/636/620 521/631/615
f 493/559/543 535/622/606 370/560/544
f 371/566/550 619/637/621 493/559/543
f 532/638/622 541/639/623 619/637/621
f 619/637/621 397/626/610 535/622/606
f 541/639/623 536/628/612 397/626/610
f 394/640/624 620/641/625 541/639/623
f 533/642/626 542/643/627 620/641/625
f 620/641/625 398/632/616 536/628/612
f 542/643/627 537/634/618 398/632/616
f 395/644/628 621/645/629 542/643/627
f 534/646/630 543/647/631 621/645/629
f 621/645/629 399/648/632 537/634/618
f 494/565/549 532/638/622 371/566/550
f 372/554/538 622/649/633 494/565/549
f 529/650/634 544/651/635 622/649/633
f 622/649/633 394/640/624 532/638/622
f 544/651/635 533/642/626 394/640/624
f 391/652/636 623/653/637 544/651/635
f 530/654/638 545/655/639 623/653/637
f 623/653/637 395/644/628 533/642/626
f 545/655/639 534/646/630 395/644/628
f 392/656/640 624/657/641 545/655/639
f 531/658/642 546/659/643 624/657/641
f 624/657/641 396/660/644 534/646/630
f 392/656/640 625/661/645 548/662/646
f 530/654/638 547/663/647 625/661/645
f 625/661/645 390/591/575 528/664/648
f 548/662/646 528/664/648 389/665/649
f 393/666/650 626/667/651 549/668/652
f 531/658/642 548/662/646 626/667/651
f 626/667/651 389/665/649 527/669/653
f 549/668/652 527/669/653 388/670/654
f 391/652/636 627/671/655 547/663/647
f 529/650/634 507/553/537 627/671/655
f 627/671/655 381/590/574 516/594/578
f 547/663/647 516/594/578 390/591/575
f 405/602/586 628/672/656 562/673/657
f 526/674/658 550/675/659 628/672/656
f 628/672/656 342/511/496 444/510/495
f 562/673/657 444/510/495 362/535/519
f 388/670/654 629/676/660 550/675/659
f 527/669/653 551/677/661 629/676/660
f 629/676/660 343/516/501 445/515/500
f 550/675/659 445/515/500 342/511/496
f 389/665/649 630/678/662 551/677/661
f 528/664/648 552/593/577 630/678/662
f 552/593/577 446/519/414 630/678/662
f 551/677/661 446/519/414 343/516/501
f 369/570/554 631/679/663 505/575/559
f 504/620/604 553/680/664 631/679/663
f 631/679/663 385/681/665 523/682/666
f 505/575/559 523/682/666 377/576/560
f 384/624/608 632/683/667 553/680/664
f 522/625/609 554/684/668 632/683/667
f 632/683/667 386/685/669 524/686/670
f 553/680/664 524/686/670 385/681/665
f 383/630/614 633/687/671 554/684/668
f 521/631/615 555/688/672 633/687/671
f 633/687/671 387/689/673 525/690/674
f 554/684/668 525/690/674 386/685/669
f 379/597/581 634/691/675 512/692/676
f 561/596/580 562/673/657 634/691/675
f 634/691/675 362/535/519 482/534/518
f 512/692/676 482/534/518 326/693/677
f 540/635/619 520/694/678 382/636/620
f 399/648/632 635/695/679 540/635/619
f 559/696/680 563/616/600 635/695/679
f 635/695/679 404/579/563 520/694/678
f 543/647/631 559/696/680 399/648/632
f 396/660/644 636/697/681 543/647/631
f 558/698/682 564/610/594 636/697/681
f 636/697/681 403/612/596 559/696/680
f 546/659/643 558/698/682 396/660/644
f 393/666/650 637/699/683 546/659/643
f 557/700/684 565/603/587 637/699/683
f 637/699/683 402/605/589 558/698/682
f 401/606/590 638/701/685 566/601/585
f 557/700/684 549/668/652 638/701/685
f 638/701/685 388/670/654 526/674/658
f 566/601/585 526/674/658 405/602/586
f 382/636/620 639/702/686 555/688/672
f 520/694/678 567/581/565 639/702/686
f 639/702/686 400/586/570 556/703/687
f 555/688/672 556/703/687 387/689/673
f 748/704/688 736/705/689 644/706/690
f 893/707/691 650/708/692 736/705/689
f 757/709/693 749/710/694 893/707/691
f 659/711/695 893/707/691 748/704/688
f 643/712/696 894/713/697 731/714/698
f 731/714/698 737/715/699 642/716/700
f 894/713/697 648/717/701 737/715/699
f 739/718/702 734/719/703 894/713/697
f 644/706/690 895/720/704 732/721/705
f 732/721/705 739/718/702 643/712/696
f 895/720/704 649/722/706 739/718/702
f 736/705/689 735/723/707 895/720/704
f 642/716/700 896/724/708 741/725/709
f 741/725/709 738/726/710 640/727/711
f 896/724/708 646/728/712 738/726/710
f 737/715/699 742/729/713 896/724/708
f 640/727/711 897/730/714 750/731/715
f 897/730/714 654/732/716 750/731/715
f 897/730/714 656/733/717 751/734/718
f 738/726/710 747/735/719 897/730/714
f 686/736/720 898/737/721 814/738/722
f 814/738/722 752/739/723 682/740/724
f 898/737/721 655/741/725 752/739/723
f 806/742/726 733/743/727 898/737/721
f 641/744/728 899/745/729 755/746/730
f 755/746/730 757/709/693 659/711/695
f 899/745/729 660/747/731 757/709/693
f 740/748/732 756/749/733 899/745/729
f 672/750/734 900/751/735 798/752/736
f 900/751/735 669/753/737 798/752/736
f 756/749/733 758/754/738 900/751/735
f 759/755/739 756/749/733 900/751/735
f 753/756/740 808/757/741 658/758/742
f 901/759/743 688/760/744 808/757/741
f 760/761/745 813/762/746 901/759/743
f 657/763/747 901/759/743 753/756/740
f 812/764/748 761/765/749 684/766/750
f 902/767/751 652/768/752 761/765/749
f 760/761/745 744/769/753 902/767/751
f 683/770/754 902/767/751 812/764/748
f 811/771/755 762/772/756 685/773/757
f 903/774/758 653/775/759 762/772/756
f 761/765/749 745/776/760 903/774/758
f 684/766/750 903/774/758 811/771/755
f 810/777/761 806/742/726 686/736/720
f 904/778/762 645/779/763 806/742/726
f 762/772/756 743/780/764 904/778/762
f 685/773/757 904/778/762 810/777/761
f 742/729/713 746/781/765 646/728/712
f 905/782/766 663/783/767 746/781/765
f 781/784/768 784/785/769 905/782/766
f 648/717/701 905/782/766 742/729/713
f 784/785/769 765/786/770 663/783/767
f 906/787/771 662/788/772 765/786/770
f 782/789/773 785/790/774 906/787/771
f 679/791/775 906/787/771 784/785/769
f 785/790/774 764/792/776 662/788/772
f 907/793/777 661/794/778 764/792/776
f 783/795/779 786/796/780 907/793/777
f 680/797/781 907/793/777 785/790/774
f 734/719/703 781/784/768 648/717/701
f 908/798/782 679/791/775 781/784/768
f 778/799/783 787/800/784 908/798/782
f 649/722/706 908/798/782 734/719/703
f 787/800/784 782/789/773 679/791/775
f 909/801/785 680/797/781 782/789/773
f 779/802/786 788/803/787 909/801/785
f 676/804/788 909/801/785 787/800/784
f 788/803/787 783/795/779 680/797/781
f 910/805/789 681/806/790 783/795/779
f 780/807/791 789/808/792 910/805/789
f 677/809/793 910/805/789 788/803/787
f 735/723/707 778/799/783 649/722/706
f 911/810/794 676/804/788 778/799/783
f 775/811/795 790/812/796 911/810/794
f 650/708/692 911/810/794 735/723/707
f 790/812/796 779/802/786 676/804/788
f 912/813/797 677/809/793 779/802/786
f 776/814/798 791/815/799 912/813/797
f 673/816/800 912/813/797 790/812/796
f 791/815/799 780/807/791 677/809/793
f 913/817/801 678/818/802 780/807/791
f 777/819/803 792/820/804 913/817/801
f 674/821/805 913/817/801 791/815/799
f 674/821/805 914/822/806 794/823/807
f 794/823/807 774/824/808 671/825/809
f 914/822/806 672/750/734 774/824/808
f 776/814/798 793/826/810 914/822/806
f 675/827/811 915/828/812 795/829/813
f 795/829/813 773/830/814 670/831/815
f 915/828/812 671/825/809 773/830/814
f 777/819/803 794/823/807 915/828/812
f 673/816/800 916/832/816 793/826/810
f 793/826/810 759/755/739 672/750/734
f 916/832/816 660/747/731 759/755/739
f 775/811/795 749/710/694 916/832/816
f 688/760/744 917/833/817 809/834/818
f 809/834/818 769/835/819 687/836/820
f 917/833/817 667/837/821 769/835/819
f 772/838/822 796/839/823 917/833/817
f 670/831/815 918/840/824 796/839/823
f 796/839/823 770/841/825 667/837/821
f 918/840/824 668/842/826 770/841/825
f 773/830/814 797/843/827 918/840/824
f 671/825/809 919/844/828 797/843/827
f 797/843/827 771/845/829 668/842/826
f 798/752/736 771/845/829 919/844/828
f 774/824/808 798/752/736 919/844/828
f 646/728/712 920/846/830 747/735/719
f 747/735/719 766/847/831 656/733/717
f 920/846/830 664/848/832 766/847/831
f 746/781/765 799/849/833 920/846/830
f 663/783/767 921/850/834 799/849/833
f 799/849/833 767/851/835 664/848/832
f 921/850/834 665/852/836 767/851/835
f 765/786/770 800/853/837 921/850/834
f 662/788/772 922/854/838 800/853/837
f 800/853/837 768/855/839 665/852/836
f 922/854/838 666/856/840 768/855/839
f 764/792/776 801/857/841 922/854/838
f 658/758/742 923/858/842 754/859/843
f 754/859/843 807/860/844 651/861/845
f 923/858/842 687/836/820 807/860/844
f 808/757/741 809/834/818 923/858/842
f 786/796/780 763/862/846 661/794/778
f 924/863/847 686/736/720 763/862/846
f 805/864/848 810/777/761 924/863/847
f 681/806/790 924/863/847 786/796/780
f 789/808/792 805/864/848 681/806/790
f 925/865/849 685/773/757 805/864/848
f 804/866/850 811/771/755 925/865/849
f 678/818/802 925/865/849 789/808/792
f 792/820/804 804/866/850 678/818/802
f 926/867/851 684/766/750 804/866/850
f 803/868/852 812/764/748 926/867/851
f 675/827/811 926/867/851 792/820/804
f 683/770/754 927/869/853 813/762/746
f 813/762/746 772/838/822 688/760/744
f 927/869/853 670/831/815 772/838/822
f 803/868/852 795/829/813 927/869/853
f 661/794/778 928/870/854 801/857/841
f 801/857/841 802/871/855 666/856/840
f 928/870/854 682/740/724 802/871/855
f 763/862/846 814/738/722 928/870/854
f 820/872/856 831/873/857 692/874/858
f 929/875/859 705/876/860 831/873/857
f 832/877/861 840/878/862 929/875/859
f 697/879/863 929/875/859 820/872/856
f 691/880/864 930/881/865 823/882/866
f 823/882/866 818/883/867 696/884/868
f 930/881/865 695/885/869 818/883/867
f 815/886/870 821/887/871 930/881/865
f 692/874/858 931/888/872 820/872/856
f 820/872/856 819/889/873 697/879/863
f 931/888/872 696/884/868 819/889/873
f 816/890/874 823/882/866 931/888/872
f 690/891/875 932/892/876 821/887/871
f 821/887/871 825/893/877 695/885/869
f 932/892/876 694/894/878 825/893/877
f 824/895/879 822/896/880 932/892/876
f 689/897/881 933/898/882 822/896/880
f 822/896/880 830/899/883 694/894/878
f 933/898/882 702/900/884 830/899/883
f 700/901/885 933/898/882 833/902/886
f 729/903/887 934/904/888 885/905/889
f 885/905/889 817/906/890 693/907/891
f 934/904/888 701/908/892 817/906/890
f 892/909/893 835/910/894 934/904/888
f 641/744/728 935/911/895 740/748/732
f 740/748/732 839/912/896 647/913/897
f 935/911/895 706/914/898 839/912/896
f 838/915/899 840/878/862 935/911/895
f 715/916/900 936/917/901 841/918/902
f 841/918/902 839/912/896 706/914/898
f 758/754/738 839/912/896 936/917/901
f 669/753/737 936/917/901 877/919/903
f 886/920/904 836/921/905 704/922/906
f 937/923/907 703/924/908 836/921/905
f 891/925/909 842/926/910 937/923/907
f 730/927/911 937/923/907 886/920/904
f 843/928/912 890/929/913 727/930/914
f 938/931/915 726/932/916 890/929/913
f 827/933/917 842/926/910 938/931/915
f 698/934/918 938/931/915 843/928/912
f 844/935/919 889/936/920 728/937/921
f 939/938/922 727/930/914 889/936/920
f 828/939/923 843/928/912 939/938/922
f 699/940/924 939/938/922 844/935/919
f 885/905/889 888/941/925 729/903/887
f 940/942/926 728/937/921 888/941/925
f 826/943/927 844/935/919 940/942/926
f 693/907/891 940/942/926 885/905/889
f 829/944/928 825/893/877 694/894/878
f 941/945/929 695/885/869 825/893/877
f 863/946/930 860/947/931 941/945/929
f 709/948/932 941/945/929 829/944/928
f 847/949/933 863/946/930 709/948/932
f 942/950/934 722/951/935 863/946/930
f 864/952/936 861/953/937 942/950/934
f 708/954/938 942/950/934 847/949/933
f 846/955/939 864/952/936 708/954/938
f 943/956/940 723/957/941 864/952/936
f 865/958/942 862/959/943 943/956/940
f 707/960/944 943/956/940 846/955/939
f 860/947/931 818/883/867 695/885/869
f 944/961/945 696/884/868 818/883/867
f 866/962/946 857/963/947 944/961/945
f 722/951/935 944/961/945 860/947/931
f 861/953/937 866/962/946 722/951/935
f 945/964/948 719/965/949 866/962/946
f 867/966/950 858/967/951 945/964/948
f 723/957/941 945/964/948 861/953/937
f 862/959/943 867/966/950 723/957/941
f 946/968/952 720/969/953 867/966/950
f 868/970/954 859/971/955 946/968/952
f 724/972/956 946/968/952 862/959/943
f 857/963/947 819/889/873 696/884/868
f 947/973/957 697/879/863 819/889/873
f 869/974/958 854/975/959 947/973/957
f 719/965/949 947/973/957 857/963/947
f 858/967/951 869/974/958 719/965/949
f 948/976/960 716/977/961 869/974/958
f 870/978/962 855/979/963 948/976/960
f 720/969/953 948/976/960 858/967/951
f 859/971/955 870/978/962 720/969/953
f 949/980/964 717/981/965 870/978/962
f 871/982/966 856/983/967 949/980/964
f 721/984/968 949/980/964 859/971/955
f 717/981/965 950/985/969 855/979/963
f 855/979/963 872/986/970 716/977/961
f 950/985/969 715/916/900 872/986/970
f 873/987/971 853/988/972 950/985/969
f 718/989/973 951/990/974 856/983/967
f 856/983/967 873/987/971 717/981/965
f 951/990/974 714/991/975 873/987/971
f 874/992/976 852/993/977 951/990/974
f 716/977/961 952/994/978 854/975/959
f 854/975/959 832/877/861 697/879/863
f 952/994/978 706/914/898 832/877/861
f 872/986/970 841/918/902 952/994/978
f 730/927/911 953/995/979 851/996/980
f 851/996/980 875/997/981 713/998/982
f 953/995/979 667/837/821 875/997/981
f 887/999/983 769/835/819 953/995/979
f 713/998/982 954/1000/984 852/993/977
f 852/993/977 876/1001/985 714/991/975
f 954/1000/984 668/842/826 876/1001/985
f 875/997/981 770/841/825 954/1000/984
f 714/991/975 955/1002/986 853/988/972
f 853/988/972 877/919/903 715/916/900
f 771/845/829 877/919/903 955/1002/986
f 876/1001/985 771/845/829 955/1002/986
f 694/894/878 956/1003/987 829/944/928
f 829/944/928 878/1004/988 709/948/932
f 956/1003/987 710/1005/989 878/1004/988
f 830/899/883 848/1006/990 956/1003/987
f 709/948/932 957/1007/991 847/949/933
f 847/949/933 879/1008/992 708/954/938
f 957/1007/991 711/1009/993 879/1008/992
f 878/1004/988 849/1010/994 957/1007/991
f 708/954/938 958/1011/995 846/955/939
f 846/955/939 880/1012/996 707/960/944
f 958/1011/995 712/1013/997 880/1012/996
f 879/1008/992 850/1014/998 958/1011/995
f 704/922/906 959/1015/999 886/920/904
f 886/920/904 887/999/983 730/927/911
f 959/1015/999 687/836/820 887/999/983
f 837/1016/1000 807/860/844 959/1015/999
f 845/1017/1001 865/958/942 707/960/944
f 960/1018/1002 724/972/956 865/958/942
f 888/941/925 884/1019/1003 960/1018/1002
f 729/903/887 960/1018/1002 845/1017/1001
f 884/1019/1003 868/970/954 724/972/956
f 961/1020/1004 721/984/968 868/970/954
f 889/936/920 883/1021/1005 961/1020/1004
f 728/937/921 961/1020/1004 884/1019/1003
f 883/1021/1005 871/982/966 721/984/968
f 962/1022/1006 718/989/973 871/982/966
f 890/929/913 882/1023/1007 962/1022/1006
f 727/930/914 962/1022/1006 883/1021/1005
f 726/932/916 963/1024/1008 882/1023/1007
f 882/1023/1007 874/992/976 718/989/973
f 963/1024/1008 713/998/982 874/992/976
f 891/925/909 851/996/980 963/1024/1008
f 707/960/944 964/1025/1009 845/1017/1001
f 845/1017/1001 892/909/893 729/903/887
f 964/1025/1009 725/1026/1010 892/909/893
f 880/1012/996 881/1027/1011 964/1025/1009
f 317/1028/1012 731/714/1013 642/716/1014
f 318/1029/1015 731/714/1013 406/1030/1013
f 407/1031/1016 643/712/1017 318/1029/1015
f 319/1032/1018 732/721/1019 407/1031/1016
f 330/1033/1020 733/743/1021 408/1034/1022
f 408/1034/1022 645/779/1023 320/1035/1023
f 315/1036/1024 741/725/1025 640/727/1024
f 416/1037/1026 642/716/1014 741/725/1025
f 328/1038/1027 743/780/1028 653/775/1029
f 418/1039/1030 645/779/1023 743/780/1028
f 419/1040/1031 657/763/1032 332/1041/1032
f 327/1042/1033 744/769/1034 419/1040/1031
f 420/1043/1035 652/768/1036 327/1042/1033
f 328/1038/1027 745/776/1035 420/1043/1035
f 334/1044/1037 748/704/1038 423/1045/1039
f 423/1045/1039 644/706/1040 319/1032/1018
f 315/1036/1024 750/731/1041 425/1046/1042
f 425/1047/1042 654/732/1043 329/1048/1044
f 426/1049/1045 654/732/1043 751/734/1046
f 331/1050/1047 751/734/1046 656/733/1048
f 357/1051/1049 752/739/1050 427/1052/1051
f 427/1052/1051 655/741/1052 330/1053/1020
f 428/1054/1053 658/758/1054 333/1055/1055
f 428/1054/1053 657/763/1032 753/756/1056
f 429/1056/1057 651/861/1058 326/1057/1059
f 333/1055/1055 754/859/1060 429/1056/1057
f 316/1058/1061 755/746/1062 430/1059/1063
f 430/1059/1063 659/711/1064 334/1044/1037
f 441/1060/1065 656/733/1048 766/847/1065
f 339/1061/1066 766/847/1065 664/848/1067
f 339/1061/1066 767/851/1068 442/1062/1069
f 442/1062/1069 665/852/1070 340/1063/1071
f 340/1063/1071 768/855/1072 443/1064/1073
f 443/1064/1073 666/856/1074 341/1065/1075
f 341/1065/1075 802/871/1076 477/1066/1077
f 477/1066/1077 682/740/1078 357/1051/1049
f 365/1067/1079 815/886/1080 490/1068/1080
f 366/1069/1081 815/886/1080 691/880/1082
f 491/1070/1083 691/880/1082 816/890/1084
f 367/1071/1085 816/890/1084 692/874/1086
f 376/1072/1087 817/906/1088 701/908/1089
f 492/1073/1090 693/907/1091 817/906/1088
f 364/1074/1092 824/895/1093 499/1075/1094
f 499/1075/1094 690/891/1095 365/1067/1079
f 374/1076/1096 826/943/1097 501/1077/1098
f 501/1077/1098 693/907/1091 368/1078/1091
f 502/1079/1099 703/924/1100 827/933/1101
f 373/1080/1102 827/933/1101 698/934/1103
f 503/1081/1104 698/934/1103 828/939/1105
f 374/1076/1096 828/939/1105 699/940/1096
f 380/1082/1106 831/873/1107 705/876/1108
f 506/1083/1109 692/874/1086 831/873/1107
f 364/1074/1092 833/902/1110 689/897/1092
f 508/1084/1111 700/901/1112 833/902/1110
f 509/1085/1113 700/901/1112 375/1086/1114
f 377/1087/1115 834/1088/1116 509/1085/1113
f 400/1089/1117 835/910/1118 725/1026/1117
f 510/1090/1119 701/908/1089 835/910/1118
f 511/1091/1120 704/922/1121 836/921/1122
f 511/1091/1120 703/924/1100 378/1092/1100
f 512/1093/1123 651/861/1058 837/1016/1124
f 379/1094/1121 837/1016/1124 704/922/1121
f 316/1058/1061 838/915/1125 641/744/1126
f 513/1095/1125 705/876/1108 838/915/1125
f 523/1096/1127 702/900/1128 377/1087/1115
f 385/1097/1129 848/1006/1127 523/1096/1127
f 385/1097/1129 849/1010/1130 710/1005/1131
f 524/1098/1132 711/1009/1133 849/1010/1130
f 386/1099/1134 850/1014/1135 711/1009/1133
f 525/1100/1136 712/1013/1137 850/1014/1135
f 387/1101/1138 881/1027/1139 712/1013/1137
f 556/1102/1140 725/1026/1117 881/1027/1139
f 1076/1103/1141 1084/1104/1142 1007/1105/1143
f 990/1106/1144 1085/1107/1145 1076/1103/1141
f 1085/1107/1145 973/1108/1146 1018/1109/1147
f 1085/1107/1145 1002/1110/1148 1084/1104/1142
f 1061/1111/1149 1069/1112/1150 998/1113/1151
f 1061/1111/1149 1015/1114/1152 1086/1115/1153
f 1086/1115/1153 970/1116/1154 1019/1117/1155
f 1086/1115/1153 995/1118/1156 1069/1112/1150
f 1019/1117/1155 1068/1119/1157 995/1118/1156
f 1019/1117/1155 1013/1120/1158 1087/1121/1159
f 1013/1120/1158 1020/1122/1160 1087/1121/1159
f 1087/1121/1159 996/1123/1161 1068/1119/1157
f 988/1124/1162 1088/1125/1163 1045/1126/1164
f 1042/1127/1165 1024/1128/1166 1088/1125/1163
f 1088/1125/1163 977/1129/1167 1039/1130/1168
f 1088/1125/1163 985/1131/1169 1045/1126/1164
f 1023/1132/1170 1034/1133/1171 981/1134/1172
f 976/1135/1173 1089/1136/1174 1023/1132/1170
f 1025/1137/1175 1024/1128/1166 1089/1136/1174
f 1089/1136/1174 982/1138/1176 1034/1133/1171
f 1029/1139/1177 1033/1140/1178 979/1141/1179
f 974/1142/1180 1090/1143/1181 1029/1139/1177
f 1026/1144/1182 1023/1132/1170 1090/1143/1181
f 1090/1143/1181 981/1134/1172 1033/1140/1178
f 1055/1145/1183 1044/1146/1184 993/1147/1185
f 991/1148/1186 1091/1149/1187 1055/1145/1183
f 1027/1150/1188 1022/1151/1189 1091/1149/1187
f 1091/1149/1187 987/1152/1190 1044/1146/1184
f 1070/1153/1191 1083/1154/1192 1001/1155/1193
f 979/1141/1179 1092/1156/1194 1070/1153/1191
f 1033/1140/1178 1031/1157/1195 1092/1156/1194
f 1092/1156/1194 1004/1158/1196 1083/1154/1192
f 1031/1157/1195 1082/1159/1197 1004/1158/1196
f 981/1134/1172 1093/1160/1198 1031/1157/1195
f 1034/1133/1171 1032/1161/1199 1093/1160/1198
f 1093/1160/1198 1005/1162/1200 1082/1159/1197
f 1006/1163/1201 1094/1164/1202 1043/1165/1203
f 1081/1166/1204 1032/1161/1199 1094/1164/1202
f 1094/1164/1202 982/1138/1176 1042/1127/1165
f 1043/1165/1203 1042/1127/1165 988/1124/1162
f 1054/1167/1205 1027/1150/1188 991/1148/1186
f 992/1168/1206 1095/1169/1207 1054/1167/1205
f 1036/1170/1208 1030/1171/1209 1095/1169/1207
f 1095/1169/1207 975/1172/1210 1027/1150/1188
f 1080/1173/1211 1067/1174/1212 1008/1175/1213
f 1006/1163/1201 1096/1176/1214 1080/1173/1211
f 1043/1165/1203 1060/1177/1215 1096/1176/1214
f 1096/1176/1214 997/1178/1216 1067/1174/1212
f 1063/1179/1217 1066/1180/1218 1000/1181/1219
f 993/1147/1185 1097/1182/1220 1063/1179/1217
f 1044/1146/1184 1041/1183/1221 1097/1182/1220
f 1097/1182/1220 999/1184/1222 1066/1180/1218
f 1060/1177/1215 1065/1185/1223 997/1178/1216
f 988/1124/1162 1098/1186/1224 1060/1177/1215
f 1045/1126/1164 1059/1187/1225 1098/1186/1224
f 1098/1186/1224 996/1123/1161 1065/1185/1223
f 1038/1188/1226 1025/1137/1175 976/1135/1173
f 984/1189/1227 1099/1190/1228 1038/1188/1226
f 1046/1191/1229 1039/1130/1168 1099/1190/1228
f 1099/1190/1228 977/1129/1167 1025/1137/1175
f 1021/1192/1230 1026/1144/1182 974/1142/1180
f 986/1193/1231 1100/1194/1232 1021/1192/1230
f 1047/1195/1233 1038/1188/1226 1100/1194/1232
f 1100/1194/1232 976/1135/1173 1026/1144/1182
f 1040/1196/1234 1064/1197/1235 998/1113/1151
f 986/1193/1231 1101/1198/1236 1040/1196/1234
f 1052/1199/1237 1063/1179/1217 1101/1198/1236
f 1101/1198/1236 1000/1181/1219 1064/1197/1235
f 1029/1139/1177 1050/1200/1238 974/1142/1180
f 979/1141/1179 1102/1201/1239 1029/1139/1177
f 1051/1202/1240 1054/1167/1205 1102/1201/1239
f 1102/1201/1239 991/1148/1186 1050/1200/1238
f 1021/1192/1230 1052/1199/1237 986/1193/1231
f 974/1142/1180 1103/1203/1241 1021/1192/1230
f 1050/1200/1238 1055/1145/1183 1103/1203/1241
f 1103/1203/1241 993/1147/1185 1052/1199/1237
f 1017/1204/1242 1079/1205/1243 1001/1155/1193
f 965/1206/1244 1104/1207/1245 1017/1204/1242
f 1016/1208/1246 1076/1103/1141 1104/1207/1245
f 1104/1207/1245 1007/1105/1143 1079/1205/1243
f 1061/1111/1149 1048/1209/1247 972/1210/1248
f 998/1113/1151 1105/1211/1249 1061/1111/1149
f 1064/1197/1235 1053/1212/1250 1105/1211/1249
f 1105/1211/1249 989/1213/1251 1048/1209/1247
f 1035/1214/1252 1014/1215/1253 978/1216/1254
f 997/1178/1216 1106/1217/1255 1035/1214/1252
f 1065/1185/1223 1020/1122/1160 1106/1217/1255
f 1106/1217/1255 971/1218/1256 1014/1215/1253
f 1053/1212/1250 1012/1219/1257 989/1213/1251
f 1000/1181/1219 1107/1220/1258 1053/1212/1250
f 1066/1180/1218 1062/1221/1259 1107/1220/1258
f 1107/1220/1258 969/1222/1260 1012/1219/1257
f 1078/1223/1261 1028/1224/1261 1003/1225/1262
f 1008/1175/1213 1108/1226/1261 1078/1223/1261
f 1067/1174/1212 1035/1214/1252 1108/1226/1261
f 1108/1226/1261 978/1216/1254 1028/1224/1261
f 1058/1227/1263 1046/1191/1229 984/1189/1227
f 995/1118/1156 1109/1228/1264 1058/1227/1263
f 1068/1119/1157 1059/1187/1225 1109/1228/1264
f 1109/1228/1264 985/1131/1169 1046/1191/1229
f 1040/1196/1234 1047/1195/1233 986/1193/1231
f 998/1113/1151 1110/1229/1265 1040/1196/1234
f 1069/1112/1150 1058/1227/1263 1110/1229/1265
f 1110/1229/1265 984/1189/1227 1047/1195/1233
f 968/1230/1261 1111/1231/1262 1072/1232/1261
f 994/1233/1266 1111/1231/1262 1011/1234/1262
f 1077/1235/1267 1078/1223/1261 1111/1231/1262
f 1111/1231/1262 1003/1225/1262 1072/1232/1261
f 1070/1153/1191 1051/1202/1240 979/1141/1179
f 1001/1155/1193 1112/1236/1268 1070/1153/1191
f 1079/1205/1243 1056/1237/1269 1112/1236/1268
f 1112/1236/1268 992/1168/1206 1051/1202/1240
f 1057/1238/1270 1077/1235/1267 994/1233/1266
f 983/1239/1271 1113/1240/1272 1057/1238/1270
f 1075/1241/1273 1080/1173/1211 1113/1240/1272
f 1113/1240/1272 1008/1175/1213 1077/1235/1267
f 983/1239/1271 1114/1242/1274 1075/1241/1273
f 1037/1243/1275 1074/1244/1276 1114/1242/1274
f 1114/1242/1274 1005/1162/1200 1081/1166/1204
f 1075/1241/1273 1081/1166/1204 1006/1163/1201
f 1073/1245/1277 1010/1246/1278 966/1247/1279
f 1004/1158/1196 1115/1248/1280 1073/1245/1277
f 1082/1159/1197 1074/1244/1276 1115/1248/1280
f 1115/1248/1280 967/1249/1281 1010/1246/1278
f 1017/1204/1242 1009/1250/1282 965/1206/1244
f 1001/1155/1193 1116/1251/1283 1017/1204/1242
f 1083/1154/1192 1073/1245/1277 1116/1251/1283
f 1116/1251/1283 966/1247/1279 1009/1250/1282
f 1056/1237/1269 1036/1170/1208 992/1168/1206
f 1007/1105/1143 1117/1252/1284 1056/1237/1269
f 1084/1104/1142 1071/1253/1285 1117/1252/1284
f 1117/1252/1284 980/1254/1286 1036/1170/1208
f 1009/1255/1287 1118/1256/1288 965/1257/1289
f 966/1258/1290 1138/1259/1291 1009/1255/1287
f 1010/1260/1292 1119/1261/1293 966/1258/1290
f 967/1262/1294 1139/1263/1295 1010/1260/1292
f 994/1264/1296 1140/1265/1297 1134/1266/1298
f 968/1267/1299 1140/1265/1297 1011/1268/1300
f 989/1269/1301 1141/1270/1302 1132/1271/1303
f 1012/1272/1304 1122/1273/1305 1141/1270/1302
f 971/1274/1306 1142/1275/1307 1124/1276/1308
f 1013/1277/1307 1123/1278/1309 1142/1275/1307
f 1014/1279/1310 1128/1280/1311 978/1281/1312
f 1014/1279/1310 1124/1276/1308 1143/1282/1313
f 1015/1283/1314 1123/1278/1309 970/1284/1315
f 972/1285/1316 1144/1286/1317 1015/1283/1314
f 990/1287/1318 1145/1288/1319 1133/1289/1320
f 1016/1290/1321 1118/1256/1288 1145/1288/1319
f 1002/1291/1322 1146/1292/1323 1136/1293/1322
f 1018/1294/1324 1126/1295/1325 1146/1292/1323
f 1022/1296/1326 1131/1297/1327 987/1298/1328
f 975/1299/1329 1147/1300/1330 1022/1296/1326
f 1003/1301/1331 1148/1302/1332 1137/1303/1331
f 978/1281/1312 1148/1302/1332 1028/1304/1333
f 1030/1305/1334 1127/1306/1335 975/1299/1329
f 1030/1305/1334 1129/1307/1336 1149/1308/1334
f 1037/1309/1337 1120/1310/1338 967/1262/1294
f 983/1311/1339 1150/1312/1340 1037/1309/1337
f 999/1313/1341 1151/1314/1342 1135/1315/1343
f 987/1298/1328 1151/1314/1342 1041/1316/1344
f 972/1285/1316 1152/1317/1345 1125/1318/1346
f 1048/1319/1347 1132/1271/1303 1152/1317/1345
f 1049/1320/1348 1126/1295/1325 973/1321/1349
f 990/1287/1318 1153/1322/1350 1049/1323/1348
f 1057/1324/1351 1130/1325/1352 983/1311/1339
f 1057/1324/1351 1134/1266/1298 1154/1326/1353
f 1062/1327/1354 1122/1273/1305 969/1328/1355
f 1062/1329/1354 1135/1315/1343 1155/1330/1356
f 980/1331/1357 1156/1332/1358 1129/1307/1336
f 1071/1333/1359 1136/1293/1322 1156/1332/1358
f 1072/1334/1360 1121/1335/1361 968/1267/1299
f 1003/1301/1331 1157/1336/1360 1072/1337/1360
f 1188/1338/1362 1288/1339/1363 1255/1340/1364
f 1263/1341/1365 1257/1342/1366 1288/1339/1363
f 1288/1339/1363 1172/1343/1367 1212/1344/1368
f 1255/1340/1364 1212/1344/1368 1158/1345/1369
f 1176/1346/1370 1289/1347/1371 1225/1348/1372
f 1234/1349/1373 1236/1350/1374 1289/1347/1371
f 1289/1347/1371 1175/1351/1375 1222/1352/1376
f 1225/1348/1372 1222/1352/1376 1174/1353/1377
f 1221/1354/1378 1226/1355/1379 1171/1356/1380
f 1160/1357/1381 1290/1358/1382 1221/1354/1378
f 1214/1359/1383 1233/1360/1384 1290/1358/1382
f 1290/1358/1382 1176/1346/1370 1226/1355/1379
f 1190/1361/1385 1291/1362/1386 1257/1342/1366
f 1262/1363/1387 1259/1364/1388 1291/1362/1386
f 1291/1362/1386 1166/1365/1389 1216/1366/1390
f 1257/1342/1366 1216/1366/1390 1172/1343/1367
f 1276/1367/1391 1235/1368/1392 1196/1369/1393
f 1197/1370/1394 1292/1371/1395 1276/1367/1391
f 1268/1372/1396 1236/1350/1374 1292/1371/1395
f 1292/1371/1395 1177/1373/1397 1235/1368/1392
f 1179/1374/1398 1293/1375/1399 1229/1376/1400
f 1237/1377/1401 1238/1378/1402 1293/1375/1399
f 1293/1375/1399 1168/1379/1403 1230/1380/1404
f 1229/1376/1400 1230/1380/1404 1178/1381/1405
f 1191/1382/1406 1294/1383/1407 1258/1384/1408
f 1261/1385/1409 1213/1386/1410 1294/1383/1407
f 1294/1383/1407 1167/1387/1411 1217/1388/1412
f 1258/1384/1408 1217/1388/1412 1173/1389/1413
f 1171/1356/1380 1295/1390/1414 1215/1391/1415
f 1226/1355/1379 1225/1348/1372 1295/1390/1414
f 1295/1390/1414 1174/1353/1377 1220/1392/1416
f 1215/1391/1415 1220/1392/1416 1161/1393/1417
f 1233/1360/1384 1234/1349/1373 1176/1346/1370
f 1170/1394/1418 1296/1395/1419 1233/1360/1384
f 1231/1396/1420 1223/1397/1421 1296/1395/1419
f 1296/1395/1419 1177/1373/1397 1234/1349/1373
f 1275/1398/1422 1267/1399/1423 1196/1369/1393
f 1195/1400/1424 1297/1401/1425 1275/1398/1422
f 1232/1402/1426 1239/1403/1427 1297/1401/1425
f 1297/1401/1425 1179/1374/1398 1267/1399/1423
f 1239/1403/1427 1237/1377/1401 1179/1374/1398
f 1181/1404/1428 1298/1405/1429 1239/1403/1427
f 1247/1406/1430 1246/1407/1431 1298/1405/1429
f 1298/1405/1429 1182/1408/1432 1237/1377/1401
f 1199/1409/1433 1299/1410/1434 1274/1411/1435
f 1270/1412/1436 1228/1413/1437 1299/1410/1434
f 1299/1410/1434 1175/1351/1375 1268/1372/1396
f 1274/1411/1435 1268/1372/1396 1197/1370/1394
f 1159/1414/1438 1300/1415/1439 1207/1416/1440
f 1241/1417/1441 1248/1418/1442 1300/1415/1439
f 1300/1415/1439 1170/1394/1418 1214/1359/1383
f 1207/1416/1440 1214/1359/1383 1160/1357/1381
f 1183/1419/1443 1301/1420/1444 1248/1418/1442
f 1242/1421/1445 1249/1422/1446 1301/1420/1444
f 1301/1420/1444 1180/1423/1447 1231/1396/1420
f 1248/1418/1442 1231/1396/1420 1170/1394/1418
f 1198/1424/1448 1302/1425/1449 1273/1426/1450
f 1269/1427/1451 1250/1428/1452 1302/1425/1449
f 1302/1425/1449 1181/1404/1428 1232/1402/1426
f 1273/1426/1450 1232/1402/1426 1195/1400/1424
f 1185/1429/1453 1303/1430/1454 1250/1428/1452
f 1245/1431/1455 1244/1432/1456 1303/1430/1454
f 1303/1430/1454 1187/1433/1457 1247/1406/1430
f 1250/1428/1452 1247/1406/1430 1181/1404/1428
f 1285/1434/1458 1272/1435/1459 1205/1436/1460
f 1204/1437/1461 1304/1438/1462 1285/1434/1458
f 1304/1438/1462 1185/1429/1453 1269/1427/1451
f 1304/1438/1462 1198/1424/1448 1272/1435/1459
f 1201/1439/1463 1305/1440/1464 1287/1441/1465
f 1278/1442/1466 1210/1443/1467 1305/1440/1464
f 1305/1440/1464 1163/1444/1468 1280/1445/1469
f 1287/1441/1465 1280/1445/1469 1203/1446/1470
f 1286/1447/1471 1279/1448/1472 1202/1449/1473
f 1204/1437/1461 1306/1450/1474 1286/1447/1471
f 1281/1451/1475 1219/1452/1476 1306/1450/1474
f 1306/1450/1474 1169/1453/1477 1279/1448/1472
f 1205/1436/1460 1307/1454/1478 1283/1455/1479
f 1272/1435/1459 1243/1456/1480 1307/1454/1478
f 1307/1454/1478 1184/1457/1481 1253/1458/1482
f 1283/1455/1479 1253/1458/1482 1203/1446/1470
f 1284/1459/1483 1277/1460/1484 1200/1461/1485
f 1201/1439/1463 1308/1462/1486 1284/1459/1483
f 1251/1463/1487 1241/1417/1441 1308/1462/1486
f 1308/1462/1486 1159/1414/1438 1277/1460/1484
f 1194/1464/1488 1309/1465/1489 1271/1466/1490
f 1218/1467/1491 1259/1364/1388 1309/1465/1489
f 1309/1465/1489 1192/1468/1492 1270/1412/1436
f 1271/1466/1490 1270/1412/1436 1199/1409/1433
f 1178/1381/1405 1310/1469/1493 1227/1470/1494
f 1230/1380/1404 1256/1471/1495 1310/1469/1493
f 1310/1469/1493 1189/1472/1496 1261/1385/1409
f 1227/1470/1494 1261/1385/1409 1191/1382/1406
f 1174/1353/1377 1311/1473/1497 1224/1474/1498
f 1222/1352/1376 1228/1413/1437 1311/1473/1497
f 1311/1473/1497 1192/1468/1492 1262/1363/1387
f 1224/1474/1498 1262/1363/1387 1190/1361/1385
f 1161/1393/1417 1312/1475/1499 1206/1476/1500
f 1220/1392/1416 1224/1474/1498 1312/1475/1499
f 1312/1475/1499 1190/1361/1385 1263/1341/1365
f 1206/1476/1500 1263/1341/1365 1188/1338/1362
f 1173/1389/1413 1313/1477/1501 1258/1384/1408
f 1265/1478/1502 1271/1466/1490 1313/1477/1501
f 1313/1477/1501 1199/1409/1433 1260/1479/1503
f 1258/1384/1408 1260/1479/1503 1191/1382/1406
f 1183/1419/1443 1314/1480/1504 1242/1421/1445
f 1251/1463/1487 1287/1441/1465 1314/1480/1504
f 1314/1480/1504 1203/1446/1470 1253/1458/1482
f 1242/1421/1445 1253/1458/1482 1184/1457/1481
f 1184/1457/1481 1315/1481/1505 1249/1422/1446
f 1243/1456/1480 1273/1426/1450 1315/1481/1505
f 1315/1481/1505 1195/1400/1424 1266/1482/1506
f 1249/1422/1446 1266/1482/1506 1180/1423/1447
f 1191/1382/1406 1316/1483/1507 1227/1470/1494
f 1260/1479/1503 1274/1411/1435 1316/1483/1507
f 1316/1483/1507 1197/1370/1394 1240/1484/1508
f 1227/1470/1494 1240/1484/1508 1178/1381/1405
f 1223/1397/1421 1235/1368/1392 1177/1373/1397
f 1180/1423/1447 1317/1485/1509 1223/1397/1421
f 1266/1482/1506 1275/1398/1422 1317/1485/1509
f 1317/1485/1509 1196/1369/1393 1235/1368/1392
f 1229/1376/1400 1267/1399/1423 1179/1374/1398
f 1178/1381/1405 1318/1486/1510 1229/1376/1400
f 1240/1484/1508 1276/1367/1391 1318/1486/1510
f 1318/1486/1510 1196/1369/1393 1267/1399/1423
f 1264/1487/1511 1280/1445/1469 1163/1444/1468
f 1193/1488/1512 1319/1489/1513 1264/1487/1511
f 1282/1490/1514 1283/1455/1479 1319/1489/1513
f 1319/1489/1513 1203/1446/1470 1280/1445/1469
f 1162/1491/1515 1320/1492/1516 1208/1493/1517
f 1165/1494/1518 1320/1492/1516 1209/1495/1519
f 1278/1442/1466 1284/1459/1483 1320/1492/1516
f 1320/1492/1516 1200/1461/1485 1208/1493/1517
f 1211/1496/1520 1282/1490/1514 1193/1488/1512
f 1164/1497/1521 1321/1498/1522 1211/1496/1520
f 1281/1451/1475 1285/1434/1458 1321/1498/1522
f 1321/1498/1522 1205/1436/1460 1282/1490/1514
f 1254/1499/1523 1245/1431/1455 1185/1429/1453
f 1254/1499/1523 1286/1447/1471 1322/1500/1524
f 1322/1500/1524 1202/1449/1473 1252/1501/1525
f 1322/1500/1524 1186/1502/1526 1245/1431/1455
f 1188/1503/1527 1347/1504/1528 1206/1505/1529
f 1161/1506/1530 1347/1504/1528 1326/1507/1531
f 1160/1508/1532 1348/1509/1533 1207/1510/1534
f 1207/1510/1534 1324/1511/1535 1159/1512/1536
f 1200/1513/1537 1349/1514/1538 1208/1515/1539
f 1208/1516/1539 1327/1517/1540 1162/1518/1541
f 1209/1519/1542 1327/1517/1540 1350/1520/1543
f 1165/1521/1544 1350/1520/1543 1330/1522/1545
f 1210/1523/1546 1330/1522/1545 1351/1524/1547
f 1163/1525/1548 1351/1524/1547 1328/1526/1549
f 1193/1527/1550 1352/1528/1551 1211/1529/1551
f 1211/1529/1551 1329/1530/1552 1164/1531/1552
f 1212/1532/1553 1336/1533/1554 1353/1534/1555
f 1158/1535/1556 1353/1534/1555 1323/1536/1557
f 1189/1537/1558 1354/1538/1559 1213/1539/1560
f 1213/1539/1560 1332/1540/1561 1167/1541/1561
f 1215/1542/1562 1326/1507/1531 1355/1543/1563
f 1171/1544/1564 1355/1543/1563 1335/1545/1565
f 1166/1546/1566 1356/1547/1567 1216/1548/1568
f 1172/1549/1554 1356/1547/1567 1336/1533/1554
f 1167/1541/1561 1357/1550/1569 1217/1551/1570
f 1217/1551/1570 1337/1552/1571 1173/1553/1572
f 1194/1554/1573 1358/1555/1574 1218/1556/1574
f 1218/1556/1574 1331/1557/1575 1166/1546/1566
f 1219/1558/1576 1329/1530/1552 1359/1559/1577
f 1169/1560/1578 1359/1559/1577 1334/1561/1579
f 1160/1508/1532 1360/1562/1580 1325/1563/1532
f 1221/1564/1581 1335/1565/1565 1360/1562/1580
f 1182/1566/1582 1361/1567/1583 1238/1568/1584
f 1238/1568/1584 1333/1569/1585 1168/1570/1586
f 1244/1571/1587 1340/1572/1588 1187/1573/1588
f 1244/1571/1587 1339/1574/1589 1362/1575/1587
f 1187/1573/1588 1363/1576/1590 1246/1577/1591
f 1246/1577/1591 1338/1578/1592 1182/1579/1582
f 1252/1580/1593 1346/1581/1594 1364/1582/1595
f 1186/1583/1596 1364/1582/1595 1339/1574/1589
f 1255/1584/1597 1323/1536/1557 1365/1585/1598
f 1255/1584/1597 1341/1586/1527 1188/1503/1527
f 1168/1570/1586 1366/1587/1599 1256/1588/1600
f 1256/1588/1600 1342/1589/1601 1189/1537/1558
f 1264/1590/1602 1328/1526/1549 1367/1591/1603
f 1193/1527/1550 1367/1591/1603 1343/1592/1550
f 1173/1553/1572 1368/1593/1604 1265/1594/1605
f 1265/1594/1605 1344/1595/1573 1194/1596/1573
f 1159/1512/1536 1369/1597/1606 1277/1598/1607
f 1277/1598/1607 1345/1599/1608 1200/1513/1537
f 1279/1600/1609 1334/1561/1579 1370/1601/1610
f 1202/1602/1611 1370/1601/1610 1346/1581/1594
f 1490/1104/1612 1482/1103/1613 1413/1105/1614
f 1491/1107/1615 1396/1106/1616 1482/1103/1613
f 1491/1107/1615 1379/1108/1617 1455/1603/1618
f 1408/1110/1619 1491/1107/1615 1490/1104/1612
f 1475/1112/1620 1467/1111/1621 1404/1113/1622
f 1467/1111/1621 1421/1114/1623 1378/1210/1624
f 1492/1115/1625 1376/1116/1626 1421/1114/1623
f 1401/1118/1627 1492/1115/1625 1475/1112/1620
f 1474/1119/1628 1425/1117/1629 1401/1118/1627
f 1425/1117/1629 1419/1120/1630 1376/1116/1626
f 1426/1122/1631 1419/1120/1630 1493/1121/1632
f 1402/1123/1633 1493/1121/1632 1474/1119/1628
f 1394/1124/1634 1494/1125/1635 1448/1127/1636
f 1448/1127/1636 1430/1128/1637 1388/1138/1638
f 1494/1125/1635 1383/1129/1639 1430/1128/1637
f 1391/1131/1640 1494/1125/1635 1451/1126/1641
f 1440/1133/1642 1429/1132/1643 1387/1134/1644
f 1495/1136/1645 1382/1135/1646 1429/1132/1643
f 1430/1128/1637 1431/1137/1647 1495/1136/1645
f 1388/1138/1638 1495/1136/1645 1440/1133/1642
f 1439/1140/1648 1435/1139/1649 1385/1141/1650
f 1496/1143/1651 1380/1142/1652 1435/1139/1649
f 1429/1132/1643 1432/1144/1653 1496/1143/1651
f 1387/1134/1644 1496/1143/1651 1439/1140/1648
f 1450/1146/1654 1461/1145/1655 1399/1147/1656
f 1497/1149/1657 1397/1148/1658 1461/1145/1655
f 1428/1151/1659 1433/1150/1660 1497/1149/1657
f 1393/1152/1661 1497/1149/1657 1450/1146/1654
f 1489/1154/1662 1476/1153/1663 1407/1155/1664
f 1498/1156/1665 1385/1141/1650 1476/1153/1663
f 1437/1157/1666 1439/1140/1648 1498/1156/1665
f 1410/1158/1667 1498/1156/1665 1489/1154/1662
f 1488/1159/1668 1437/1157/1666 1410/1158/1667
f 1499/1160/1669 1387/1134/1644 1437/1157/1666
f 1438/1161/1670 1440/1133/1642 1499/1160/1669
f 1411/1162/1671 1499/1160/1669 1488/1159/1668
f 1412/1163/1672 1500/1164/1673 1487/1166/1674
f 1487/1166/1674 1438/1161/1670 1411/1162/1671
f 1500/1164/1673 1388/1138/1638 1438/1161/1670
f 1449/1165/1675 1448/1127/1636 1500/1164/1673
f 1433/1150/1660 1460/1167/1676 1397/1148/1658
f 1501/1169/1677 1398/1168/1678 1460/1167/1676
f 1436/1171/1679 1442/1170/1680 1501/1169/1677
f 1381/1172/1681 1501/1169/1677 1433/1150/1660
f 1473/1174/1682 1486/1173/1683 1414/1175/1682
f 1502/1176/1684 1412/1163/1672 1486/1173/1683
f 1466/1177/1685 1449/1165/1675 1502/1176/1684
f 1403/1178/1686 1502/1176/1684 1473/1174/1682
f 1472/1180/1687 1469/1179/1688 1406/1181/1689
f 1503/1182/1690 1399/1147/1656 1469/1179/1688
f 1447/1183/1691 1450/1146/1654 1503/1182/1690
f 1405/1184/1692 1503/1182/1690 1472/1180/1687
f 1471/1185/1693 1466/1177/1685 1403/1178/1686
f 1504/1186/1694 1394/1124/1634 1466/1177/1685
f 1465/1187/1695 1451/1126/1641 1504/1186/1694
f 1402/1123/1633 1504/1186/1694 1471/1185/1693
f 1431/1137/1647 1444/1188/1696 1382/1135/1646
f 1505/1190/1697 1390/1189/1698 1444/1188/1696
f 1445/1130/1699 1452/1191/1700 1505/1190/1697
f 1383/1129/1639 1505/1190/1697 1431/1137/1647
f 1432/1144/1653 1427/1192/1701 1380/1142/1652
f 1506/1194/1702 1392/1193/1703 1427/1192/1701
f 1444/1188/1696 1453/1195/1704 1506/1194/1702
f 1382/1135/1646 1506/1194/1702 1432/1144/1653
f 1470/1197/1705 1446/1196/1706 1404/1113/1622
f 1507/1198/1707 1392/1193/1703 1446/1196/1706
f 1469/1179/1688 1458/1199/1708 1507/1198/1707
f 1406/1181/1689 1507/1198/1707 1470/1197/1705
f 1456/1200/1709 1435/1139/1649 1380/1142/1652
f 1508/1201/1710 1385/1141/1650 1435/1139/1649
f 1460/1167/1676 1457/1202/1711 1508/1201/1710
f 1397/1148/1658 1508/1201/1710 1456/1200/1709
f 1458/1199/1708 1427/1192/1701 1392/1193/1703
f 1509/1203/1712 1380/1142/1652 1427/1192/1701
f 1461/1145/1655 1456/1200/1709 1509/1203/1712
f 1399/1147/1656 1509/1203/1712 1458/1199/1708
f 1485/1205/1713 1423/1204/1714 1407/1155/1664
f 1510/1207/1715 1371/1206/1716 1423/1204/1714
f 1482/1103/1613 1422/1208/1717 1510/1207/1715
f 1413/1105/1614 1510/1207/1715 1485/1205/1713
f 1454/1209/1718 1467/1111/1621 1378/1210/1624
f 1511/1211/1719 1404/1113/1622 1467/1111/1621
f 1459/1212/1720 1470/1197/1705 1511/1211/1719
f 1395/1213/1721 1511/1211/1719 1454/1209/1718
f 1420/1215/1722 1441/1214/1723 1384/1216/1724
f 1512/1217/1725 1403/1178/1686 1441/1214/1723
f 1426/1122/1631 1471/1185/1693 1512/1217/1725
f 1377/1218/1726 1512/1217/1725 1420/1215/1722
f 1418/1219/1727 1459/1212/1720 1395/1213/1721
f 1513/1220/1728 1406/1181/1689 1459/1212/1720
f 1468/1221/1729 1472/1180/1687 1513/1220/1728
f 1375/1222/1730 1513/1220/1728 1418/1219/1727
f 1434/1224/1731 1484/1223/1731 1409/1225/1731
f 1514/1226/1731 1414/1175/1682 1484/1223/1731
f 1441/1214/1723 1473/1174/1682 1514/1226/1731
f 1384/1216/1724 1514/1226/1731 1434/1224/1731
f 1452/1191/1700 1464/1227/1732 1390/1189/1698
f 1515/1228/1733 1401/1118/1627 1464/1227/1732
f 1465/1187/1695 1474/1119/1628 1515/1228/1733
f 1391/1131/1640 1515/1228/1733 1452/1191/1700
f 1453/1195/1704 1446/1196/1706 1392/1193/1703
f 1516/1229/1734 1404/1113/1622 1446/1196/1706
f 1464/1227/1732 1475/1112/1620 1516/1229/1734
f 1390/1189/1698 1516/1229/1734 1453/1195/1704
f 1374/1230/1731 1517/1231/1735 1417/1234/1736
f 1517/1231/1735 1400/1233/1737 1417/1234/1736
f 1484/1223/1731 1483/1235/1738 1517/1231/1735
f 1409/1225/1731 1517/1231/1735 1478/1232/1731
f 1457/1202/1711 1476/1153/1663 1385/1141/1650
f 1518/1236/1739 1407/1155/1664 1476/1153/1663
f 1462/1237/1740 1485/1205/1713 1518/1236/1739
f 1398/1168/1678 1518/1236/1739 1457/1202/1711
f 1483/1235/1738 1463/1238/1741 1400/1233/1737
f 1519/1240/1742 1389/1239/1743 1463/1238/1741
f 1486/1173/1683 1481/1241/1744 1519/1240/1742
f 1414/1175/1682 1519/1240/1742 1483/1235/1738
f 1389/1239/1743 1520/1242/1745 1443/1243/1746
f 1443/1243/1746 1480/1244/1747 1373/1249/1748
f 1520/1242/1745 1411/1162/1671 1480/1244/1747
f 1481/1241/1744 1487/1166/1674 1520/1242/1745
f 1416/1246/1749 1479/1245/1750 1372/1247/1751
f 1521/1248/1752 1410/1158/1667 1479/1245/1750
f 1480/1244/1747 1488/1159/1668 1521/1248/1752
f 1373/1249/1748 1521/1248/1752 1416/1246/1749
f 1415/1250/1753 1423/1204/1714 1371/1206/1716
f 1522/1251/1754 1407/1155/1664 1423/1204/1714
f 1479/1245/1750 1489/1154/1662 1522/1251/1754
f 1372/1247/1751 1522/1251/1754 1415/1250/1753
f 1442/1170/1680 1462/1237/1740 1398/1168/1678
f 1523/1252/1755 1413/1105/1614 1462/1237/1740
f 1477/1253/1756 1490/1104/1612 1523/1252/1755
f 1386/1254/1757 1523/1252/1755 1442/1170/1680
f 1524/1256/1758 1415/1255/1759 1371/1257/1760
f 1544/1259/1761 1372/1258/1762 1415/1255/1759
f 1525/1261/1763 1416/1260/1764 1372/1258/1762
f 1545/1263/1765 1373/1262/1766 1416/1260/1764
f 1400/1264/1767 1546/1265/1768 1417/1268/1768
f 1546/1265/1768 1374/1267/1769 1417/1268/1768
f 1395/1269/1770 1547/1270/1771 1418/1272/1772
f 1418/1272/1772 1528/1273/1773 1375/1328/1774
f 1377/1274/1775 1548/1275/1776 1419/1277/1777
f 1419/1277/1777 1529/1278/1778 1376/1284/1779
f 1534/1280/1780 1420/1279/1781 1384/1281/1782
f 1420/1279/1781 1530/1276/1783 1377/1274/1775
f 1529/1278/1778 1421/1283/1784 1376/1284/1779
f 1550/1286/1785 1378/1285/1786 1421/1283/1784
f 1396/1287/1787 1551/1288/1788 1422/1290/1789
f 1422/1290/1789 1524/1256/1758 1371/1257/1760
f 1408/1291/1790 1552/1292/1791 1424/1294/1792
f 1424/1294/1792 1532/1295/1793 1379/1321/1794
f 1537/1297/1795 1428/1296/1796 1393/1298/1797
f 1553/1300/1798 1381/1299/1799 1428/1296/1796
f 1543/1303/1800 1434/1304/1801 1409/1301/1800
f 1554/1302/1802 1384/1281/1782 1434/1304/1801
f 1533/1306/1803 1436/1305/1804 1381/1299/1799
f 1436/1305/1804 1535/1307/1805 1386/1331/1806
f 1526/1310/1807 1443/1309/1808 1373/1262/1766
f 1556/1312/1809 1389/1311/1810 1443/1309/1808
f 1405/1313/1811 1557/1314/1812 1447/1316/1813
f 1557/1314/1812 1393/1298/1797 1447/1316/1813
f 1378/1285/1786 1558/1317/1814 1454/1319/1815
f 1454/1319/1815 1538/1271/1816 1395/1269/1770
f 1532/1295/1793 1455/1320/1817 1379/1321/1794
f 1559/1322/1818 1396/1287/1787 1455/1323/1817
f 1536/1325/1819 1463/1324/1820 1389/1311/1810
f 1463/1324/1820 1540/1266/1821 1400/1264/1767
f 1528/1273/1773 1468/1327/1822 1375/1328/1774
f 1468/1329/1822 1541/1315/1823 1405/1313/1811
f 1386/1331/1806 1562/1332/1824 1477/1333/1825
f 1477/1333/1825 1542/1293/1826 1408/1291/1790
f 1527/1335/1827 1478/1334/1828 1374/1267/1769
f 1563/1336/1829 1409/1301/1800 1478/1337/1828
f 1594/1338/1830 1694/1339/1831 1669/1341/1832
f 1669/1341/1832 1663/1342/1833 1596/1361/1834
f 1694/1339/1831 1578/1343/1835 1663/1342/1833
f 1661/1340/1836 1618/1344/1837 1694/1339/1831
f 1582/1346/1838 1695/1347/1839 1640/1349/1840
f 1640/1349/1840 1642/1350/1841 1583/1373/1842
f 1695/1347/1839 1581/1351/1843 1642/1350/1841
f 1631/1348/1844 1628/1352/1845 1695/1347/1839
f 1632/1355/1846 1627/1354/1847 1577/1356/1848
f 1696/1358/1849 1566/1357/1850 1627/1354/1847
f 1639/1360/1851 1620/1359/1852 1696/1358/1849
f 1582/1346/1838 1696/1358/1849 1632/1355/1846
f 1596/1361/1834 1697/1362/1853 1668/1363/1854
f 1668/1363/1854 1665/1364/1855 1598/1468/1856
f 1697/1362/1853 1572/1365/1857 1665/1364/1855
f 1663/1342/1833 1622/1366/1858 1697/1362/1853
f 1641/1368/1859 1682/1367/1860 1602/1369/1861
f 1698/1371/1862 1603/1370/1863 1682/1367/1860
f 1642/1350/1841 1674/1372/1864 1698/1371/1862
f 1583/1373/1842 1698/1371/1862 1641/1368/1859
f 1585/1374/1865 1699/1375/1866 1643/1377/1867
f 1643/1377/1867 1644/1378/1868 1588/1408/1869
f 1699/1375/1866 1574/1379/1870 1644/1378/1868
f 1635/1376/1871 1636/1380/1872 1699/1375/1866
f 1597/1382/1873 1700/1383/1874 1667/1385/1875
f 1667/1385/1875 1619/1386/1876 1595/1472/1877
f 1700/1383/1874 1573/1387/1878 1619/1386/1876
f 1664/1384/1879 1623/1388/1880 1700/1383/1874
f 1577/1356/1848 1701/1390/1881 1632/1355/1846
f 1632/1355/1846 1631/1348/1844 1582/1346/1838
f 1701/1390/1881 1580/1353/1882 1631/1348/1844
f 1621/1391/1883 1626/1392/1884 1701/1390/1881
f 1640/1349/1840 1639/1360/1851 1582/1346/1838
f 1702/1395/1885 1576/1394/1886 1639/1360/1851
f 1629/1397/1887 1637/1396/1888 1702/1395/1885
f 1583/1373/1842 1702/1395/1885 1640/1349/1840
f 1673/1399/1889 1681/1398/1890 1602/1369/1861
f 1703/1401/1891 1601/1400/1892 1681/1398/1890
f 1645/1403/1893 1638/1402/1894 1703/1401/1891
f 1585/1374/1865 1703/1401/1891 1673/1399/1889
f 1643/1377/1867 1645/1403/1893 1585/1374/1865
f 1704/1405/1895 1587/1404/1896 1645/1403/1893
f 1652/1407/1897 1653/1406/1898 1704/1405/1895
f 1588/1408/1869 1704/1405/1895 1643/1377/1867
f 1605/1409/1899 1705/1410/1900 1676/1412/1901
f 1676/1412/1901 1634/1413/1902 1598/1468/1856
f 1705/1410/1900 1581/1351/1843 1634/1413/1902
f 1680/1411/1903 1674/1372/1864 1705/1410/1900
f 1565/1414/1904 1706/1415/1905 1647/1417/1906
f 1647/1417/1906 1654/1418/1907 1589/1419/1908
f 1706/1415/1905 1576/1394/1886 1654/1418/1907
f 1613/1416/1909 1620/1359/1852 1706/1415/1905
f 1589/1419/1908 1707/1420/1910 1648/1421/1911
f 1648/1421/1911 1655/1422/1912 1590/1457/1913
f 1707/1420/1910 1586/1423/1914 1655/1422/1912
f 1654/1418/1907 1637/1396/1888 1707/1420/1910
f 1604/1424/1915 1708/1425/1916 1675/1427/1917
f 1675/1427/1917 1656/1428/1918 1591/1429/1919
f 1708/1425/1916 1587/1404/1896 1656/1428/1918
f 1679/1426/1920 1638/1402/1894 1708/1425/1916
f 1591/1429/1919 1709/1430/1921 1651/1431/1922
f 1651/1431/1922 1650/1432/1923 1592/1502/1924
f 1709/1430/1921 1593/1433/1925 1650/1432/1923
f 1656/1428/1918 1653/1406/1898 1709/1430/1921
f 1678/1435/1926 1691/1434/1927 1611/1436/1928
f 1710/1438/1929 1610/1437/1930 1691/1434/1927
f 1710/1438/1929 1591/1429/1919 1660/1499/1931
f 1604/1424/1915 1710/1438/1929 1678/1435/1926
f 1607/1439/1932 1711/1440/1933 1684/1442/1934
f 1684/1442/1934 1616/1443/1935 1571/1494/1936
f 1711/1440/1933 1569/1444/1937 1616/1443/1935
f 1693/1441/1938 1686/1445/1939 1711/1440/1933
f 1685/1448/1940 1692/1447/1941 1608/1449/1942
f 1712/1450/1943 1610/1437/1930 1692/1447/1941
f 1625/1452/1944 1687/1451/1945 1712/1450/1943
f 1575/1453/1946 1712/1450/1943 1685/1448/1940
f 1611/1436/1928 1713/1454/1947 1678/1435/1926
f 1678/1435/1926 1649/1456/1948 1604/1424/1915
f 1713/1454/1947 1590/1457/1913 1649/1456/1948
f 1689/1455/1949 1659/1458/1950 1713/1454/1947
f 1683/1460/1951 1690/1459/1952 1606/1461/1953
f 1714/1462/1954 1607/1439/1932 1690/1459/1952
f 1647/1417/1906 1657/1463/1955 1714/1462/1954
f 1565/1414/1904 1714/1462/1954 1683/1460/1951
f 1600/1464/1956 1715/1465/1957 1624/1467/1958
f 1624/1467/1958 1665/1364/1855 1572/1365/1857
f 1715/1465/1957 1598/1468/1856 1665/1364/1855
f 1677/1466/1959 1676/1412/1901 1715/1465/1957
f 1584/1381/1960 1716/1469/1961 1636/1380/1872
f 1636/1380/1872 1662/1471/1962 1574/1379/1870
f 1716/1469/1961 1595/1472/1877 1662/1471/1962
f 1633/1470/1963 1667/1385/1875 1716/1469/1961
f 1580/1353/1882 1717/1473/1964 1628/1352/1845
f 1628/1352/1845 1634/1413/1902 1581/1351/1843
f 1717/1473/1964 1598/1468/1856 1634/1413/1902
f 1630/1474/1965 1668/1363/1854 1717/1473/1964
f 1567/1393/1966 1718/1475/1967 1626/1392/1884
f 1626/1392/1884 1630/1474/1965 1580/1353/1882
f 1718/1475/1967 1596/1361/1834 1630/1474/1965
f 1612/1476/1968 1669/1341/1832 1718/1475/1967
f 1579/1389/1969 1719/1477/1970 1671/1478/1971
f 1671/1478/1971 1677/1466/1959 1600/1464/1956
f 1719/1477/1970 1605/1409/1899 1677/1466/1959
f 1664/1384/1879 1666/1479/1972 1719/1477/1970
f 1589/1419/1908 1720/1480/1973 1657/1463/1955
f 1657/1463/1955 1693/1441/1938 1607/1439/1932
f 1720/1480/1973 1609/1446/1974 1693/1441/1938
f 1648/1421/1911 1659/1458/1950 1720/1480/1973
f 1590/1457/1913 1721/1481/1975 1649/1456/1948
f 1649/1456/1948 1679/1426/1920 1604/1424/1915
f 1721/1481/1975 1601/1400/1892 1679/1426/1920
f 1655/1422/1912 1672/1482/1976 1721/1481/1975
f 1597/1382/1873 1722/1483/1977 1666/1479/1972
f 1666/1479/1972 1680/1411/1903 1605/1409/1899
f 1722/1483/1977 1603/1370/1863 1680/1411/1903
f 1633/1470/1963 1646/1484/1978 1722/1483/1977
f 1641/1368/1859 1629/1397/1887 1583/1373/1842
f 1723/1485/1979 1586/1423/1914 1629/1397/1887
f 1681/1398/1890 1672/1482/1976 1723/1485/1979
f 1602/1369/1861 1723/1485/1979 1641/1368/1859
f 1673/1399/1889 1635/1376/1871 1585/1374/1865
f 1724/1486/1980 1584/1381/1960 1635/1376/1871
f 1682/1367/1860 1646/1484/1978 1724/1486/1980
f 1602/1369/1861 1724/1486/1980 1673/1399/1889
f 1686/1445/1939 1670/1487/1981 1569/1444/1937
f 1725/1489/1982 1599/1488/1983 1670/1487/1981
f 1689/1455/1949 1688/1490/1984 1725/1489/1982
f 1609/1446/1974 1725/1489/1982 1686/1445/1939
f 1568/1491/1985 1726/1492/1986 1615/1495/1987
f 1726/1492/1986 1571/1494/1936 1615/1495/1987
f 1690/1459/1952 1684/1442/1934 1726/1492/1986
f 1606/1461/1953 1726/1492/1986 1614/1493/1988
f 1688/1490/1984 1617/1496/1989 1599/1488/1983
f 1727/1498/1990 1570/1497/1991 1617/1496/1989
f 1691/1434/1927 1687/1451/1945 1727/1498/1990
f 1611/1436/1928 1727/1498/1990 1688/1490/1984
f 1651/1431/1922 1660/1499/1931 1591/1429/1919
f 1660/1499/1931 1692/1447/1941 1610/1437/1930
f 1728/1500/1992 1608/1449/1942 1692/1447/1941
f 1592/1502/1924 1728/1500/1992 1651/1431/1922
f 1753/1504/1993 1594/1503/1994 1612/1505/1995
f 1567/1506/1996 1753/1504/1993 1612/1505/1995
f 1754/1509/1997 1566/1508/1998 1613/1510/1997
f 1730/1511/1999 1613/1510/1997 1565/1512/2000
f 1755/1514/2001 1606/1513/2002 1614/1515/2003
f 1733/1517/2004 1614/1516/2003 1568/1518/2005
f 1615/1519/2006 1733/1517/2004 1568/1518/2005
f 1571/1521/2007 1756/1520/2008 1615/1519/2006
f 1616/1523/2009 1736/1522/2010 1571/1521/2007
f 1569/1525/2011 1757/1524/2012 1616/1523/2009
f 1758/1528/2013 1599/1527/2014 1617/1529/2015
f 1735/1530/2016 1617/1529/2015 1570/1531/2016
f 1618/1532/2017 1742/1533/2018 1578/1549/2018
f 1564/1535/2019 1759/1534/2020 1618/1532/2017
f 1760/1538/2021 1595/1537/2022 1619/1539/2023
f 1738/1540/2024 1619/1539/2023 1573/1541/2024
f 1621/1542/2025 1732/1507/2026 1567/1506/1996
f 1577/1544/2027 1761/1543/2028 1621/1542/2025
f 1762/1547/2029 1572/1546/2030 1622/1548/2031
f 1578/1549/2018 1762/1547/2029 1622/1548/2031
f 1763/1550/2032 1573/1541/2024 1623/1551/2032
f 1743/1552/2033 1623/1551/2032 1579/1553/2033
f 1764/1555/2034 1600/1554/2035 1624/1556/2036
f 1737/1557/2037 1624/1556/2036 1572/1546/2030
f 1625/1558/2038 1735/1530/2016 1570/1531/2016
f 1575/1560/2039 1765/1559/2038 1625/1558/2038
f 1566/1508/1998 1766/1562/2040 1627/1564/2040
f 1627/1564/2040 1741/1565/2041 1577/1604/2027
f 1767/1567/2042 1588/1566/2043 1644/1568/2044
f 1739/1569/2045 1644/1568/2044 1574/1570/2046
f 1746/1572/2047 1650/1571/2048 1593/1573/2049
f 1650/1571/2048 1745/1574/2050 1592/1583/2051
f 1769/1576/2052 1593/1573/2049 1652/1577/2053
f 1744/1578/2054 1652/1577/2053 1588/1579/2043
f 1658/1580/2055 1752/1581/2056 1608/1602/2057
f 1592/1583/2051 1770/1582/2058 1658/1580/2055
f 1661/1584/2059 1729/1536/2060 1564/1535/2019
f 1747/1586/2061 1661/1584/2059 1594/1503/1994
f 1772/1587/2062 1574/1570/2046 1662/1588/2063
f 1748/1589/2064 1662/1588/2063 1595/1537/2022
f 1670/1590/2065 1734/1526/2066 1569/1525/2011
f 1599/1527/2014 1773/1591/2067 1670/1590/2065
f 1774/1593/2068 1579/1553/2033 1671/1594/2069
f 1750/1595/2070 1671/1594/2069 1600/1596/2035
f 1775/1597/2071 1565/1512/2000 1683/1598/2072
f 1751/1599/2073 1683/1598/2072 1606/1513/2002
f 1685/1600/2074 1740/1561/2075 1575/1560/2039
f 1608/1602/2057 1776/1601/2076 1685/1600/2074
f 109/1/1 193/5/5 113/2/2
f 18/4/4 70/6/6 193/5/5
f 70/6/6 6/88/88 74/7/7
f 193/5/5 74/7/7 25/8/8
f 251/9/9 174/147/147 186/10/10
f 217/12/12 194/15/15 112/13/13
f 194/15/15 67/27/27 1/16/16
f 112/13/13 194/15/15 107/17/17
f 97/19/19 195/23/23 76/20/20
f 17/22/22 68/24/24 195/23/23
f 68/24/24 2/63/63 77/25/25
f 195/23/23 77/25/25 9/26/26
f 217/12/12 120/1605/2077 67/27/27
f 216/28/28 196/33/33 78/29/29
f 75/31/31 4/132/132 69/32/32
f 196/33/33 69/32/32 3/34/34
f 96/35/35 197/38/38 95/36/36
f 20/21/21 76/20/20 197/38/38
f 76/20/20 9/26/26 79/39/39
f 197/38/38 79/39/39 11/40/40
f 122/41/41 75/31/31 196/33/33
f 87/42/42 215/53/53 198/43/43
f 198/43/43 78/29/29 3/34/34
f 124/44/44 198/43/43 80/45/45
f 214/47/47 118/133/133 32/48/48
f 130/50/50 34/69/69 119/51/51
f 215/53/53 123/30/30 78/29/29
f 212/54/54 199/58/58 72/55/55
f 124/44/44 10/46/46 99/57/57
f 199/58/58 99/57/57 7/59/59
f 98/60/60 200/61/61 68/24/24
f 28/3/3 113/2/2 200/61/61
f 113/2/2 25/8/8 106/62/62
f 200/61/61 106/62/62 2/63/63
f 106/62/62 201/65/65 85/64/64
f 25/8/8 111/66/66 201/65/65
f 111/66/66 27/92/92 90/67/67
f 201/65/65 90/67/67 14/68/68
f 34/69/69 110/71/71 202/70/70
f 110/71/71 28/3/3 98/60/60
f 202/70/70 98/60/60 17/22/22
f 119/51/51 202/70/70 91/72/72
f 102/74/74 203/77/77 73/75/75
f 21/37/37 95/36/36 203/77/77
f 95/36/36 11/40/40 100/78/78
f 203/77/77 100/78/78 8/79/79
f 79/39/39 204/81/81 81/80/80
f 9/26/26 86/82/82 204/81/81
f 86/82/82 15/87/87 88/83/83
f 204/81/81 88/83/83 16/84/84
f 77/25/25 205/85/85 86/82/82
f 2/63/63 85/64/64 205/85/85
f 85/64/64 14/68/68 89/86/86
f 205/85/85 89/86/86 15/87/87
f 74/7/7 206/89/89 111/66/66
f 6/88/88 83/90/90 206/89/89
f 83/90/90 12/125/125 108/91/91
f 206/89/89 108/91/91 27/92/92
f 213/52/52 119/51/51 30/73/73
f 115/94/94 220/112/112 132/95/95
f 100/78/78 207/98/98 84/97/97
f 11/40/40 81/80/80 207/98/98
f 81/80/80 16/84/84 101/99/99
f 207/98/98 101/99/99 13/100/100
f 117/101/101 208/105/105 114/102/102
f 33/104/104 94/106/106 208/105/105
f 94/106/106 20/21/21 96/35/35
f 208/105/105 96/35/35 21/37/37
f 116/107/107 209/108/108 94/106/106
f 30/73/73 91/72/72 209/108/108
f 91/72/72 17/22/22 97/19/19
f 209/108/108 97/19/19 20/21/21
f 115/94/94 210/109/109 110/71/71
f 31/96/96 92/110/110 210/109/109
f 92/110/110 18/4/4 109/1/1
f 210/109/109 109/1/1 28/3/3
f 90/67/67 211/111/111 122/41/41
f 27/92/92 125/14/14 211/111/111
f 211/111/111 221/131/131 75/31/31
f 87/42/42 124/44/44 199/58/58
f 101/99/99 212/54/54 121/56/56
f 16/84/84 87/42/42 212/54/54
f 34/69/69 130/50/50 220/112/112
f 116/107/107 219/113/113 129/93/93
f 33/104/104 128/114/114 219/113/113
f 117/101/101 218/115/115 128/114/114
f 29/103/103 127/121/121 218/115/115
f 244/116/116 126/49/49 32/48/48
f 35/118/118 130/50/50 213/52/52
f 103/119/119 213/52/52 129/93/93
f 127/121/121 214/47/47 105/122/122
f 214/47/47 126/49/49 24/124/124
f 88/83/83 215/53/53 87/42/42
f 15/87/87 123/30/30 215/53/53
f 89/86/86 216/28/28 123/30/30
f 14/68/68 122/41/41 216/28/28
f 108/91/91 217/12/12 125/14/14
f 12/125/125 120/1605/2077 217/12/12
f 23/123/123 104/1606/2078 218/115/115
f 218/115/115 104/1606/2078 5/126/126
f 128/114/114 5/126/126 71/127/127
f 219/113/113 71/127/127 22/120/120
f 130/50/50 35/118/118 131/128/128
f 220/112/112 131/128/128 36/129/129
f 112/13/13 26/18/18 82/130/130
f 221/131/131 82/130/130 4/132/132
f 118/133/133 222/135/135 93/134/134
f 29/103/103 114/102/102 222/135/135
f 114/102/102 21/37/37 102/74/74
f 222/135/135 102/74/74 19/76/76
f 175/136/136 223/140/140 171/137/137
f 56/139/139 138/141/141 223/140/140
f 138/141/141 42/217/217 136/142/142
f 223/140/140 136/142/142 51/143/143
f 120/144/144 296/314/307 283/145/145
f 174/147/147 57/254/254 169/148/148
f 224/149/149 169/148/148 37/150/150
f 174/147/147 224/149/149 247/152/152
f 140/153/153 225/157/157 159/154/154
f 43/156/156 141/158/158 225/157/157
f 141/158/158 38/190/190 134/159/159
f 225/157/157 134/159/159 50/160/160
f 247/152/152 224/149/149 133/151/151
f 39/162/162 135/165/165 226/163/163
f 135/165/165 40/252/252 139/166/166
f 142/164/164 226/163/163 246/167/167
f 157/169/169 227/173/173 158/170/170
f 45/172/172 143/174/174 227/173/173
f 143/174/174 43/156/156 140/153/153
f 227/173/173 140/153/153 52/155/155
f 226/163/163 139/166/166 183/175/175
f 185/176/176 44/1607/2079 144/177/177
f 228/178/178 144/177/177 39/162/162
f 150/179/179 185/176/176 228/178/178
f 187/181/181 244/116/116 180/117/117
f 243/183/183 189/235/235 61/184/184
f 245/180/180 228/178/178 142/164/164
f 7/59/59 161/187/187 229/186/186
f 161/187/187 44/1607/2079 185/176/176
f 72/55/55 229/186/186 242/188/188
f 134/159/159 230/191/191 160/189/189
f 38/190/190 168/192/192 230/191/191
f 168/192/192 56/139/139 175/136/136
f 230/191/191 175/136/136 59/138/138
f 148/193/193 231/195/195 168/192/192
f 47/194/194 153/196/196 231/195/195
f 153/196/196 58/213/213 173/197/197
f 231/195/195 173/197/197 56/139/139
f 64/198/198 181/185/185 232/199/199
f 181/185/185 61/184/184 154/201/201
f 232/199/199 154/201/201 50/160/160
f 172/200/200 232/199/199 160/189/189
f 73/75/75 233/203/203 164/202/202
f 8/79/79 162/204/204 233/203/203
f 162/204/204 45/172/172 157/169/169
f 233/203/203 157/169/169 53/171/171
f 145/205/205 234/207/207 143/174/174
f 49/206/206 151/208/208 234/207/207
f 151/208/208 48/210/210 149/209/209
f 234/207/207 149/209/209 43/156/156
f 149/209/209 235/211/211 141/158/158
f 48/210/210 152/212/212 235/211/211
f 152/212/212 47/194/194 148/193/193
f 235/211/211 148/193/193 38/190/190
f 173/197/197 236/214/214 138/141/141
f 58/213/213 170/215/215 236/214/214
f 170/215/215 46/245/245 147/216/216
f 236/214/214 147/216/216 42/217/217
f 190/218/218 243/183/183 181/185/185
f 250/219/219 190/218/218 64/198/198
f 84/97/97 237/221/221 162/204/204
f 13/100/100 163/222/222 237/221/221
f 163/222/222 49/206/206 145/205/205
f 237/221/221 145/205/205 45/172/172
f 176/223/223 238/225/225 179/224/224
f 53/171/171 158/170/170 238/225/225
f 158/170/170 52/155/155 156/226/226
f 238/225/225 156/226/226 63/227/227
f 156/226/226 239/229/229 178/228/228
f 52/155/155 159/154/154 239/229/229
f 159/154/154 50/160/160 154/201/201
f 239/229/229 154/201/201 61/184/184
f 172/200/200 240/230/230 177/220/220
f 59/138/138 171/137/137 240/230/230
f 171/137/137 51/143/143 155/231/231
f 240/230/230 155/231/231 62/232/232
f 183/175/175 241/11/11 153/196/196
f 229/186/186 185/176/176 150/179/179
f 139/166/166 251/9/9 241/11/11
f 241/11/11 186/10/10 58/213/213
f 121/56/56 242/188/188 163/222/222
f 242/188/188 150/179/179 49/206/206
f 192/233/233 250/219/219 177/220/220
f 249/234/234 188/237/237 63/227/227
f 189/235/235 249/234/234 178/228/228
f 248/236/236 187/181/181 60/182/182
f 188/237/237 248/236/236 179/224/224
f 31/238/238 132/319/312 298/239/239
f 65/241/241 165/242/242 243/183/183
f 165/242/242 54/248/248 189/235/235
f 167/243/243 244/116/116 187/181/181
f 24/124/124 126/49/49 244/116/116
f 150/179/179 245/180/180 151/208/208
f 245/180/180 184/168/168 48/210/210
f 184/168/168 246/167/167 152/212/212
f 246/167/167 183/175/175 47/194/194
f 186/10/10 247/152/152 170/215/215
f 247/152/152 182/161/161 46/245/245
f 248/236/236 188/237/237 41/246/246
f 248/236/236 166/247/247 55/244/244
f 249/234/234 189/235/235 54/248/248
f 188/237/237 249/234/234 137/249/249
f 250/219/219 192/233/233 66/250/250
f 190/218/218 250/219/219 191/251/251
f 251/9/9 139/166/166 40/252/252
f 174/147/147 251/9/9 146/253/253
f 93/134/134 252/255/255 180/117/117
f 19/76/76 164/202/202 252/255/255
f 164/202/202 53/171/171 176/223/223
f 252/255/255 176/223/223 60/182/182
f 182/256/256 133/1608/314 299/257/257
f 1/259/259 67/1609/146 283/260/145
f 4/262/261 255/284/281 284/263/262
f 69/264/263 284/263/262 254/265/264
f 18/267/266 261/291/287 285/268/267
f 6/270/268 70/269/267 285/268/267
f 22/272/269 71/275/272 286/273/270
f 71/275/272 5/300/295 256/276/273
f 80/277/274 3/266/265 254/265/264
f 10/279/276 80/277/274 287/278/275
f 26/281/278 265/310/303 288/282/279
f 82/283/280 288/282/279 255/284/281
f 83/285/282 6/270/268 257/271/268
f 83/285/282 289/286/282 260/287/283
f 31/238/238 266/240/240 290/289/285
f 92/290/286 290/289/285 261/291/287
f 10/279/276 259/280/277 291/292/288
f 99/293/289 291/292/288 258/294/290
f 103/296/292 292/299/292 267/297/293
f 103/296/292 22/272/269 262/274/271
f 5/300/295 104/303/296 293/301/296
f 23/302/297 263/305/297 293/301/296
f 23/302/297 105/306/299 294/304/298
f 105/306/299 24/369/300 264/307/300
f 107/308/301 1/259/259 253/261/260
f 107/308/301 295/309/302 265/310/303
f 62/311/304 280/352/341 314/312/305
f 12/288/284 260/287/283 296/314/307
f 131/315/308 297/318/311 268/316/309
f 35/298/294 267/297/293 297/318/311
f 132/319/312 36/1610/310 268/320/309
f 37/321/313 269/371/357 299/322/257
f 40/324/315 135/327/317 300/325/316
f 135/327/317 39/340/329 270/328/318
f 51/329/319 136/333/320 301/330/320
f 42/332/322 273/348/337 301/330/320
f 54/334/323 277/361/349 302/335/324
f 137/336/325 302/335/324 272/337/326
f 144/339/328 303/342/331 270/328/318
f 44/341/330 274/355/344 303/342/331
f 57/343/332 146/346/335 304/344/333
f 146/346/335 40/324/315 271/326/315
f 147/347/336 305/350/339 273/348/337
f 147/347/336 46/373/359 275/349/338
f 62/311/304 155/353/342 306/351/340
f 155/353/342 51/329/319 276/331/321
f 44/341/330 161/1611/345 307/354/343
f 161/356/345 7/295/291 258/294/290
f 165/358/346 65/377/363 281/359/347
f 165/358/346 308/360/348 277/361/349
f 41/338/327 272/337/326 309/362/350
f 55/364/352 166/363/351 309/362/350
f 55/364/352 278/365/353 310/366/354
f 167/368/355 310/1612/354 264/307/300
f 169/370/356 311/372/358 269/371/357
f 169/370/356 57/343/332 279/345/334
f 127/121/121 29/103/103 118/133/133
f 221/131/131 211/111/111 125/14/14
f 46/373/359 182/256/256 312/258/258
f 191/374/360 66/379/364 282/375/361
f 65/377/363 191/374/360 313/376/362
f 192/378/306 314/1613/305 282/375/361
f 411/380/365 568/384/369 423/381/366
f 325/383/368 424/385/370 568/384/369
f 424/385/370 335/423/408 432/386/371
f 568/384/369 432/386/371 334/387/372
f 318/388/373 406/391/376 569/389/374
f 406/391/376 317/399/384 412/392/377
f 569/389/374 412/392/377 323/393/378
f 414/390/375 569/389/374 409/394/379
f 319/382/367 407/397/382 570/396/381
f 407/397/382 318/388/373 414/390/375
f 570/396/381 414/390/375 324/395/380
f 411/380/365 570/396/381 410/398/383
f 317/399/384 416/401/386 571/400/385
f 416/401/386 315/405/390 413/402/387
f 571/400/385 413/402/387 321/403/388
f 412/392/377 571/400/385 417/404/389
f 315/405/390 425/408/393 572/406/391
f 329/407/392 426/1614/2080 572/406/391
f 572/406/391 426/1614/2080 331/409/394
f 413/402/387 572/406/391 422/410/395
f 361/411/396 489/414/399 573/412/397
f 489/414/399 357/546/530 427/415/400
f 573/412/397 427/415/400 330/416/401
f 481/413/398 573/412/397 408/417/402
f 316/419/404 430/422/407 574/420/405
f 430/422/407 334/387/372 432/386/371
f 574/420/405 432/386/371 335/423/408
f 415/421/406 574/420/405 431/424/409
f 347/426/411 473/430/415 575/427/412
f 344/429/414 433/431/416 575/427/412
f 433/431/416 322/425/410 431/424/409
f 434/428/413 575/427/412 431/424/409
f 483/432/417 576/436/421 428/433/418
f 363/435/420 488/437/422 576/436/421
f 488/437/422 358/446/431 435/438/423
f 576/436/421 435/438/423 332/439/424
f 436/440/425 577/444/429 487/441/426
f 327/443/428 419/445/430 577/444/429
f 419/445/430 332/439/424 435/438/423
f 577/444/429 435/438/423 358/446/431
f 437/447/432 578/451/436 486/448/433
f 328/450/435 420/452/437 578/451/436
f 420/452/437 327/443/428 436/440/425
f 578/451/436 436/440/425 359/442/427
f 481/413/398 579/454/439 485/453/438
f 320/418/403 418/455/440 579/454/439
f 418/455/440 328/450/435 437/447/432
f 579/454/439 437/447/432 360/449/434
f 421/456/441 580/458/443 417/404/389
f 338/457/442 459/459/444 580/458/443
f 459/459/444 354/466/451 456/460/445
f 580/458/443 456/460/445 323/393/378
f 440/461/446 581/463/448 459/459/444
f 337/462/447 460/464/449 581/463/448
f 460/464/449 355/472/457 457/465/450
f 581/463/448 457/465/450 354/466/451
f 439/467/452 582/469/454 460/464/449
f 336/468/453 461/470/455 582/469/454
f 461/470/455 356/480/465 458/471/456
f 582/469/454 458/471/456 355/472/457
f 456/460/445 583/473/458 409/394/379
f 354/466/451 462/474/459 583/473/458
f 462/474/459 351/479/464 453/475/460
f 583/473/458 453/475/460 324/395/380
f 457/465/450 584/476/461 462/474/459
f 355/472/457 463/477/462 584/476/461
f 463/477/462 352/484/469 454/478/463
f 584/476/461 454/478/463 351/479/464
f 458/471/456 585/481/466 463/477/462
f 356/480/465 464/482/467 585/481/466
f 464/482/467 353/492/477 455/483/468
f 585/481/466 455/483/468 352/484/469
f 453/475/460 586/485/470 410/398/383
f 351/479/464 465/486/471 586/485/470
f 465/486/471 348/491/476 450/487/472
f 586/485/470 450/487/472 325/383/368
f 454/478/463 587/488/473 465/486/471
f 352/484/469 466/489/474 587/488/473
f 466/489/474 349/496/481 451/490/475
f 587/488/473 451/490/475 348/491/476
f 455/483/468 588/493/478 466/489/474
f 353/492/477 467/494/479 588/493/478
f 467/494/479 350/501/486 452/495/480
f 588/493/478 452/495/480 349/496/481
f 349/496/481 469/498/483 589/497/482
f 469/498/483 346/505/490 449/499/484
f 589/497/482 449/499/484 347/426/411
f 451/490/475 589/497/482 468/500/485
f 350/501/486 470/503/488 590/502/487
f 470/503/488 345/513/498 448/504/489
f 590/502/487 448/504/489 346/505/490
f 452/495/480 590/502/487 469/498/483
f 348/491/476 468/500/485 591/506/491
f 468/500/485 347/426/411 434/428/413
f 591/506/491 434/428/413 335/423/408
f 450/487/472 591/506/491 424/385/370
f 363/435/420 484/509/494 592/507/492
f 484/509/494 362/535/519 444/510/495
f 592/507/492 444/510/495 342/511/496
f 447/508/493 592/507/492 471/512/497
f 345/513/498 471/512/497 593/514/499
f 471/512/497 342/511/496 445/515/500
f 593/514/499 445/515/500 343/516/501
f 448/504/489 593/514/499 472/517/502
f 346/505/490 472/517/502 594/518/503
f 472/517/502 343/516/501 446/519/414
f 446/519/414 344/429/414 473/430/415
f 449/499/484 594/518/503 473/430/415
f 321/403/388 422/410/395 595/520/504
f 422/410/395 331/409/394 441/521/505
f 595/520/504 441/521/505 339/522/506
f 421/456/441 595/520/504 474/523/507
f 338/457/442 474/523/507 596/524/508
f 474/523/507 339/522/506 442/525/509
f 596/524/508 442/525/509 340/526/510
f 440/461/446 596/524/508 475/527/511
f 337/462/447 475/527/511 597/528/512
f 475/527/511 340/526/510 443/529/513
f 597/528/512 443/529/513 341/530/514
f 439/467/452 597/528/512 476/531/515
f 333/434/419 429/533/517 598/532/516
f 429/533/517 326/693/677 482/534/518
f 598/532/516 482/534/518 362/535/519
f 483/432/417 598/532/516 484/509/494
f 438/536/520 599/537/521 461/470/455
f 361/411/396 485/453/438 599/537/521
f 485/453/438 360/449/434 480/538/522
f 599/537/521 480/538/522 356/480/465
f 480/538/522 600/539/523 464/482/467
f 360/449/434 486/448/433 600/539/523
f 486/448/433 359/442/427 479/540/524
f 600/539/523 479/540/524 353/492/477
f 479/540/524 601/541/525 467/494/479
f 359/442/427 487/441/426 601/541/525
f 487/441/426 358/446/431 478/542/526
f 601/541/525 478/542/526 350/501/486
f 358/446/431 488/437/422 602/543/527
f 488/437/422 363/435/420 447/508/493
f 602/543/527 447/508/493 345/513/498
f 478/542/526 602/543/527 470/503/488
f 336/468/453 476/531/515 603/544/528
f 476/531/515 341/530/514 477/545/529
f 603/544/528 477/545/529 357/546/530
f 438/536/520 603/544/528 489/414/399
f 506/547/531 604/551/535 495/548/532
f 380/550/534 515/552/536 604/551/535
f 515/552/536 381/590/574 507/553/537
f 604/551/535 507/553/537 372/554/538
f 366/555/539 498/558/542 605/556/540
f 498/558/542 371/566/550 493/559/543
f 605/556/540 493/559/543 370/560/544
f 490/557/541 605/556/540 496/561/545
f 367/549/533 495/548/532 606/563/547
f 495/548/532 372/554/538 494/565/549
f 606/563/547 494/565/549 371/566/550
f 491/564/548 606/563/547 498/558/542
f 365/562/546 496/561/545 607/567/551
f 496/561/545 370/560/544 500/569/553
f 607/567/551 500/569/553 369/570/554
f 499/568/552 607/567/551 497/571/555
f 364/572/556 497/571/555 608/573/557
f 497/571/555 369/570/554 505/575/559
f 608/573/557 505/575/559 377/576/560
f 608/573/557 509/577/561 375/578/562
f 404/579/563 560/582/566 609/580/564
f 560/582/566 368/619/603 492/583/567
f 609/580/564 492/583/567 376/584/568
f 567/581/565 609/580/564 510/585/569
f 316/419/404 415/421/406 610/587/571
f 415/421/406 322/425/410 514/589/573
f 610/587/571 514/589/573 381/590/574
f 513/588/572 610/587/571 515/552/536
f 390/591/575 516/594/578 611/592/576
f 516/594/578 381/590/574 514/589/573
f 514/589/573 322/425/410 433/431/416
f 611/592/576 433/431/416 344/429/414
f 511/595/579 612/599/583 561/596/580
f 378/598/582 517/600/584 612/599/583
f 517/600/584 401/606/590 566/601/585
f 612/599/583 566/601/585 405/602/586
f 565/603/587 613/607/591 518/604/588
f 401/606/590 517/600/584 613/607/591
f 517/600/584 378/598/582 502/608/592
f 613/607/591 502/608/592 373/609/593
f 564/610/594 614/613/597 519/611/595
f 402/605/589 518/604/588 614/613/597
f 518/604/588 373/609/593 503/614/598
f 614/613/597 503/614/598 374/615/599
f 563/616/600 615/617/601 560/582/566
f 403/612/596 519/611/595 615/617/601
f 519/611/595 374/615/599 501/618/602
f 615/617/601 501/618/602 368/619/603
f 500/569/553 616/621/605 504/620/604
f 370/560/544 535/622/606 616/621/605
f 535/622/606 397/626/610 538/623/607
f 616/621/605 538/623/607 384/624/608
f 538/623/607 617/627/611 522/625/609
f 397/626/610 536/628/612 617/627/611
f 536/628/612 398/632/616 539/629/613
f 617/627/611 539/629/613 383/630/614
f 539/629/613 618/633/617 521/631/615
f 398/632/616 537/634/618 618/633/617
f 537/634/618 399/648/632 540/635/619
f 618/633/617 540/635/619 382/636/620
f 493/559/543 619/637/621 535/622/606
f 371/566/550 532/638/622 619/637/621
f 532/638/622 394/640/624 541/639/623
f 619/637/621 541/639/623 397/626/610
f 541/639/623 620/641/625 536/628/612
f 394/640/624 533/642/626 620/641/625
f 533/642/626 395/644/628 542/643/627
f 620/641/625 542/643/627 398/632/616
f 542/643/627 621/645/629 537/634/618
f 395/644/628 534/646/630 621/645/629
f 534/646/630 396/660/644 543/647/631
f 621/645/629 543/647/631 399/648/632
f 494/565/549 622/649/633 532/638/622
f 372/554/538 529/650/634 622/649/633
f 529/650/634 391/652/636 544/651/635
f 622/649/633 544/651/635 394/640/624
f 544/651/635 623/653/637 533/642/626
f 391/652/636 530/654/638 623/653/637
f 530/654/638 392/656/640 545/655/639
f 623/653/637 545/655/639 395/644/628
f 545/655/639 624/657/641 534/646/630
f 392/656/640 531/658/642 624/657/641
f 531/658/642 393/666/650 546/659/643
f 624/657/641 546/659/643 396/660/644
f 392/656/640 530/654/638 625/661/645
f 530/654/638 391/652/636 547/663/647
f 625/661/645 547/663/647 390/591/575
f 548/662/646 625/661/645 528/664/648
f 393/666/650 531/658/642 626/667/651
f 531/658/642 392/656/640 548/662/646
f 626/667/651 548/662/646 389/665/649
f 549/668/652 626/667/651 527/669/653
f 391/652/636 529/650/634 627/671/655
f 529/650/634 372/554/538 507/553/537
f 627/671/655 507/553/537 381/590/574
f 547/663/647 627/671/655 516/594/578
f 405/602/586 526/674/658 628/672/656
f 526/674/658 388/670/654 550/675/659
f 628/672/656 550/675/659 342/511/496
f 562/673/657 628/672/656 444/510/495
f 388/670/654 527/669/653 629/676/660
f 527/669/653 389/665/649 551/677/661
f 629/676/660 551/677/661 343/516/501
f 550/675/659 629/676/660 445/515/500
f 389/665/649 528/664/648 630/678/662
f 528/664/648 390/591/575 552/593/577
f 552/593/577 344/429/414 446/519/414
f 551/677/661 630/678/662 446/519/414
f 369/570/554 504/620/604 631/679/663
f 504/620/604 384/624/608 553/680/664
f 631/679/663 553/680/664 385/681/665
f 505/575/559 631/679/663 523/682/666
f 384/624/608 522/625/609 632/683/667
f 522/625/609 383/630/614 554/684/668
f 632/683/667 554/684/668 386/685/669
f 553/680/664 632/683/667 524/686/670
f 383/630/614 521/631/615 633/687/671
f 521/631/615 382/636/620 555/688/672
f 633/687/671 555/688/672 387/689/673
f 554/684/668 633/687/671 525/690/674
f 379/597/581 561/596/580 634/691/675
f 561/596/580 405/602/586 562/673/657
f 634/691/675 562/673/657 362/535/519
f 512/692/676 634/691/675 482/534/518
f 540/635/619 635/695/679 520/694/678
f 399/648/632 559/696/680 635/695/679
f 559/696/680 403/612/596 563/616/600
f 635/695/679 563/616/600 404/579/563
f 543/647/631 636/697/681 559/696/680
f 396/660/644 558/698/682 636/697/681
f 558/698/682 402/605/589 564/610/594
f 636/697/681 564/610/594 403/612/596
f 546/659/643 637/699/683 558/698/682
f 393/666/650 557/700/684 637/699/683
f 557/700/684 401/606/590 565/603/587
f 637/699/683 565/603/587 402/605/589
f 401/606/590 557/700/684 638/701/685
f 557/700/684 393/666/650 549/668/652
f 638/701/685 549/668/652 388/670/654
f 566/601/585 638/701/685 526/674/658
f 382/636/620 520/694/678 639/702/686
f 520/694/678 404/579/563 567/581/565
f 639/702/686 567/581/565 400/586/570
f 555/688/672 639/702/686 556/703/687
f 748/704/688 893/707/691 736/705/689
f 893/707/691 749/710/694 650/708/692
f 757/709/693 660/747/731 749/710/694
f 659/711/695 757/709/693 893/707/691
f 643/712/696 739/718/702 894/713/697
f 731/714/698 894/713/697 737/715/699
f 894/713/697 734/719/703 648/717/701
f 739/718/702 649/722/706 734/719/703
f 644/706/690 736/705/689 895/720/704
f 732/721/705 895/720/704 739/718/702
f 895/720/704 735/723/707 649/722/706
f 736/705/689 650/708/692 735/723/707
f 642/716/700 737/715/699 896/724/708
f 741/725/709 896/724/708 738/726/710
f 896/724/708 742/729/713 646/728/712
f 737/715/699 648/717/701 742/729/713
f 640/727/711 738/726/710 897/730/714
f 897/730/714 751/734/718 654/732/716
f 897/730/714 747/735/719 656/733/717
f 738/726/710 646/728/712 747/735/719
f 686/736/720 806/742/726 898/737/721
f 814/738/722 898/737/721 752/739/723
f 898/737/721 733/743/727 655/741/725
f 806/742/726 645/779/763 733/743/727
f 641/744/728 740/748/732 899/745/729
f 755/746/730 899/745/729 757/709/693
f 899/745/729 756/749/733 660/747/731
f 740/748/732 647/913/897 756/749/733
f 672/750/734 759/755/739 900/751/735
f 900/751/735 758/754/738 669/753/737
f 756/749/733 647/913/897 758/754/738
f 759/755/739 660/747/731 756/749/733
f 753/756/740 901/759/743 808/757/741
f 901/759/743 813/762/746 688/760/744
f 760/761/745 683/770/754 813/762/746
f 657/763/747 760/761/745 901/759/743
f 812/764/748 902/767/751 761/765/749
f 902/767/751 744/769/753 652/768/752
f 760/761/745 657/763/747 744/769/753
f 683/770/754 760/761/745 902/767/751
f 811/771/755 903/774/758 762/772/756
f 903/774/758 745/776/760 653/775/759
f 761/765/749 652/768/752 745/776/760
f 684/766/750 761/765/749 903/774/758
f 810/777/761 904/778/762 806/742/726
f 904/778/762 743/780/764 645/779/763
f 762/772/756 653/775/759 743/780/764
f 685/773/757 762/772/756 904/778/762
f 742/729/713 905/782/766 746/781/765
f 905/782/766 784/785/769 663/783/767
f 781/784/768 679/791/775 784/785/769
f 648/717/701 781/784/768 905/782/766
f 784/785/769 906/787/771 765/786/770
f 906/787/771 785/790/774 662/788/772
f 782/789/773 680/797/781 785/790/774
f 679/791/775 782/789/773 906/787/771
f 785/790/774 907/793/777 764/792/776
f 907/793/777 786/796/780 661/794/778
f 783/795/779 681/806/790 786/796/780
f 680/797/781 783/795/779 907/793/777
f 734/719/703 908/798/782 781/784/768
f 908/798/782 787/800/784 679/791/775
f 778/799/783 676/804/788 787/800/784
f 649/722/706 778/799/783 908/798/782
f 787/800/784 909/801/785 782/789/773
f 909/801/785 788/803/787 680/797/781
f 779/802/786 677/809/793 788/803/787
f 676/804/788 779/802/786 909/801/785
f 788/803/787 910/805/789 783/795/779
f 910/805/789 789/808/792 681/806/790
f 780/807/791 678/818/802 789/808/792
f 677/809/793 780/807/791 910/805/789
f 735/723/707 911/810/794 778/799/783
f 911/810/794 790/812/796 676/804/788
f 775/811/795 673/816/800 790/812/796
f 650/708/692 775/811/795 911/810/794
f 790/812/796 912/813/797 779/802/786
f 912/813/797 791/815/799 677/809/793
f 776/814/798 674/821/805 791/815/799
f 673/816/800 776/814/798 912/813/797
f 791/815/799 913/817/801 780/807/791
f 913/817/801 792/820/804 678/818/802
f 777/819/803 675/827/811 792/820/804
f 674/821/805 777/819/803 913/817/801
f 674/821/805 776/814/798 914/822/806
f 794/823/807 914/822/806 774/824/808
f 914/822/806 793/826/810 672/750/734
f 776/814/798 673/816/800 793/826/810
f 675/827/811 777/819/803 915/828/812
f 795/829/813 915/828/812 773/830/814
f 915/828/812 794/823/807 671/825/809
f 777/819/803 674/821/805 794/823/807
f 673/816/800 775/811/795 916/832/816
f 793/826/810 916/832/816 759/755/739
f 916/832/816 749/710/694 660/747/731
f 775/811/795 650/708/692 749/710/694
f 688/760/744 772/838/822 917/833/817
f 809/834/818 917/833/817 769/835/819
f 917/833/817 796/839/823 667/837/821
f 772/838/822 670/831/815 796/839/823
f 670/831/815 773/830/814 918/840/824
f 796/839/823 918/840/824 770/841/825
f 918/840/824 797/843/827 668/842/826
f 773/830/814 671/825/809 797/843/827
f 671/825/809 774/824/808 919/844/828
f 797/843/827 919/844/828 771/845/829
f 798/752/736 669/753/737 771/845/829
f 774/824/808 672/750/734 798/752/736
f 646/728/712 746/781/765 920/846/830
f 747/735/719 920/846/830 766/847/831
f 920/846/830 799/849/833 664/848/832
f 746/781/765 663/783/767 799/849/833
f 663/783/767 765/786/770 921/850/834
f 799/849/833 921/850/834 767/851/835
f 921/850/834 800/853/837 665/852/836
f 765/786/770 662/788/772 800/853/837
f 662/788/772 764/792/776 922/854/838
f 800/853/837 922/854/838 768/855/839
f 922/854/838 801/857/841 666/856/840
f 764/792/776 661/794/778 801/857/841
f 658/758/742 808/757/741 923/858/842
f 754/859/843 923/858/842 807/860/844
f 923/858/842 809/834/818 687/836/820
f 808/757/741 688/760/744 809/834/818
f 786/796/780 924/863/847 763/862/846
f 924/863/847 810/777/761 686/736/720
f 805/864/848 685/773/757 810/777/761
f 681/806/790 805/864/848 924/863/847
f 789/808/792 925/865/849 805/864/848
f 925/865/849 811/771/755 685/773/757
f 804/866/850 684/766/750 811/771/755
f 678/818/802 804/866/850 925/865/849
f 792/820/804 926/867/851 804/866/850
f 926/867/851 812/764/748 684/766/750
f 803/868/852 683/770/754 812/764/748
f 675/827/811 803/868/852 926/867/851
f 683/770/754 803/868/852 927/869/853
f 813/762/746 927/869/853 772/838/822
f 927/869/853 795/829/813 670/831/815
f 803/868/852 675/827/811 795/829/813
f 661/794/778 763/862/846 928/870/854
f 801/857/841 928/870/854 802/871/855
f 928/870/854 814/738/722 682/740/724
f 763/862/846 686/736/720 814/738/722
f 820/872/856 929/875/859 831/873/857
f 929/875/859 840/878/862 705/876/860
f 832/877/861 706/914/898 840/878/862
f 697/879/863 832/877/861 929/875/859
f 691/880/864 815/886/870 930/881/865
f 823/882/866 930/881/865 818/883/867
f 930/881/865 821/887/871 695/885/869
f 815/886/870 690/891/875 821/887/871
f 692/874/858 816/890/874 931/888/872
f 820/872/856 931/888/872 819/889/873
f 931/888/872 823/882/866 696/884/868
f 816/890/874 691/880/864 823/882/866
f 690/891/875 824/895/879 932/892/876
f 821/887/871 932/892/876 825/893/877
f 932/892/876 822/896/880 694/894/878
f 824/895/879 689/897/881 822/896/880
f 689/897/881 833/902/886 933/898/882
f 822/896/880 933/898/882 830/899/883
f 933/898/882 834/1088/2081 702/900/884
f 700/901/885 834/1088/2081 933/898/882
f 729/903/887 892/909/893 934/904/888
f 885/905/889 934/904/888 817/906/890
f 934/904/888 835/910/894 701/908/892
f 892/909/893 725/1026/1010 835/910/894
f 641/744/728 838/915/899 935/911/895
f 740/748/732 935/911/895 839/912/896
f 935/911/895 840/878/862 706/914/898
f 838/915/899 705/876/860 840/878/862
f 715/916/900 877/919/903 936/917/901
f 841/918/902 936/917/901 839/912/896
f 758/754/738 647/913/897 839/912/896
f 669/753/737 758/754/738 936/917/901
f 886/920/904 937/923/907 836/921/905
f 937/923/907 842/926/910 703/924/908
f 891/925/909 726/932/916 842/926/910
f 730/927/911 891/925/909 937/923/907
f 843/928/912 938/931/915 890/929/913
f 938/931/915 842/926/910 726/932/916
f 827/933/917 703/924/908 842/926/910
f 698/934/918 827/933/917 938/931/915
f 844/935/919 939/938/922 889/936/920
f 939/938/922 843/928/912 727/930/914
f 828/939/923 698/934/918 843/928/912
f 699/940/924 828/939/923 939/938/922
f 885/905/889 940/942/926 888/941/925
f 940/942/926 844/935/919 728/937/921
f 826/943/927 699/940/924 844/935/919
f 693/907/891 826/943/927 940/942/926
f 829/944/928 941/945/929 825/893/877
f 941/945/929 860/947/931 695/885/869
f 863/946/930 722/951/935 860/947/931
f 709/948/932 863/946/930 941/945/929
f 847/949/933 942/950/934 863/946/930
f 942/950/934 861/953/937 722/951/935
f 864/952/936 723/957/941 861/953/937
f 708/954/938 864/952/936 942/950/934
f 846/955/939 943/956/940 864/952/936
f 943/956/940 862/959/943 723/957/941
f 865/958/942 724/972/956 862/959/943
f 707/960/944 865/958/942 943/956/940
f 860/947/931 944/961/945 818/883/867
f 944/961/945 857/963/947 696/884/868
f 866/962/946 719/965/949 857/963/947
f 722/951/935 866/962/946 944/961/945
f 861/953/937 945/964/948 866/962/946
f 945/964/948 858/967/951 719/965/949
f 867/966/950 720/969/953 858/967/951
f 723/957/941 867/966/950 945/964/948
f 862/959/943 946/968/952 867/966/950
f 946/968/952 859/971/955 720/969/953
f 868/970/954 721/984/968 859/971/955
f 724/972/956 868/970/954 946/968/952
f 857/963/947 947/973/957 819/889/873
f 947/973/957 854/975/959 697/879/863
f 869/974/958 716/977/961 854/975/959
f 719/965/949 869/974/958 947/973/957
f 858/967/951 948/976/960 869/974/958
f 948/976/960 855/979/963 716/977/961
f 870/978/962 717/981/965 855/979/963
f 720/969/953 870/978/962 948/976/960
f 859/971/955 949/980/964 870/978/962
f 949/980/964 856/983/967 717/981/965
f 871/982/966 718/989/973 856/983/967
f 721/984/968 871/982/966 949/980/964
f 717/981/965 873/987/971 950/985/969
f 855/979/963 950/985/969 872/986/970
f 950/985/969 853/988/972 715/916/900
f 873/987/971 714/991/975 853/988/972
f 718/989/973 874/992/976 951/990/974
f 856/983/967 951/990/974 873/987/971
f 951/990/974 852/993/977 714/991/975
f 874/992/976 713/998/982 852/993/977
f 716/977/961 872/986/970 952/994/978
f 854/975/959 952/994/978 832/877/861
f 952/994/978 841/918/902 706/914/898
f 872/986/970 715/916/900 841/918/902
f 730/927/911 887/999/983 953/995/979
f 851/996/980 953/995/979 875/997/981
f 953/995/979 769/835/819 667/837/821
f 887/999/983 687/836/820 769/835/819
f 713/998/982 875/997/981 954/1000/984
f 852/993/977 954/1000/984 876/1001/985
f 954/1000/984 770/841/825 668/842/826
f 875/997/981 667/837/821 770/841/825
f 714/991/975 876/1001/985 955/1002/986
f 853/988/972 955/1002/986 877/919/903
f 771/845/829 669/753/737 877/919/903
f 876/1001/985 668/842/826 771/845/829
f 694/894/878 830/899/883 956/1003/987
f 829/944/928 956/1003/987 878/1004/988
f 956/1003/987 848/1006/990 710/1005/989
f 830/899/883 702/900/884 848/1006/990
f 709/948/932 878/1004/988 957/1007/991
f 847/949/933 957/1007/991 879/1008/992
f 957/1007/991 849/1010/994 711/1009/993
f 878/1004/988 710/1005/989 849/1010/994
f 708/954/938 879/1008/992 958/1011/995
f 846/955/939 958/1011/995 880/1012/996
f 958/1011/995 850/1014/998 712/1013/997
f 879/1008/992 711/1009/993 850/1014/998
f 704/922/906 837/1016/1000 959/1015/999
f 886/920/904 959/1015/999 887/999/983
f 959/1015/999 807/860/844 687/836/820
f 837/1016/1000 651/861/845 807/860/844
f 845/1017/1001 960/1018/1002 865/958/942
f 960/1018/1002 884/1019/1003 724/972/956
f 888/941/925 728/937/921 884/1019/1003
f 729/903/887 888/941/925 960/1018/1002
f 884/1019/1003 961/1020/1004 868/970/954
f 961/1020/1004 883/1021/1005 721/984/968
f 889/936/920 727/930/914 883/1021/1005
f 728/937/921 889/936/920 961/1020/1004
f 883/1021/1005 962/1022/1006 871/982/966
f 962/1022/1006 882/1023/1007 718/989/973
f 890/929/913 726/932/916 882/1023/1007
f 727/930/914 890/929/913 962/1022/1006
f 726/932/916 891/925/909 963/1024/1008
f 882/1023/1007 963/1024/1008 874/992/976
f 963/1024/1008 851/996/980 713/998/982
f 891/925/909 730/927/911 851/996/980
f 707/960/944 880/1012/996 964/1025/1009
f 845/1017/1001 964/1025/1009 892/909/893
f 964/1025/1009 881/1027/1011 725/1026/1010
f 880/1012/996 712/1013/997 881/1027/1011
f 317/1028/1012 406/1030/1013 731/714/1013
f 318/1029/1015 643/712/1017 731/714/1013
f 407/1031/1016 732/721/1019 643/712/1017
f 319/1032/1018 644/706/1040 732/721/1019
f 330/1033/1020 655/741/1052 733/743/1021
f 408/1034/1022 733/743/1021 645/779/1023
f 315/1036/1024 416/1037/1026 741/725/1025
f 416/1037/1026 317/1028/1012 642/716/1014
f 328/1038/1027 418/1039/1030 743/780/1028
f 418/1039/1030 320/1035/1023 645/779/1023
f 419/1040/1031 744/769/1034 657/763/1032
f 327/1042/1033 652/768/1036 744/769/1034
f 420/1043/1035 745/776/1035 652/768/1036
f 328/1038/1027 653/775/1029 745/776/1035
f 334/1044/1037 659/711/1064 748/704/1038
f 423/1045/1039 748/704/1038 644/706/1040
f 315/1036/1024 640/727/1024 750/731/1041
f 425/1047/1042 750/731/1041 654/732/1043
f 426/1049/1045 329/1048/1044 654/732/1043
f 331/1050/1047 426/1049/1045 751/734/1046
f 357/1051/1049 682/740/1078 752/739/1050
f 427/1052/1051 752/739/1050 655/741/1052
f 428/1054/1053 753/756/1056 658/758/1054
f 428/1054/1053 332/1041/1032 657/763/1032
f 429/1056/1057 754/859/1060 651/861/1058
f 333/1055/1055 658/758/1054 754/859/1060
f 316/1058/1061 641/744/1126 755/746/1062
f 430/1059/1063 755/746/1062 659/711/1064
f 441/1060/1065 331/1050/1047 656/733/1048
f 339/1061/1066 441/1060/1065 766/847/1065
f 339/1061/1066 664/848/1067 767/851/1068
f 442/1062/1069 767/851/1068 665/852/1070
f 340/1063/1071 665/852/1070 768/855/1072
f 443/1064/1073 768/855/1072 666/856/1074
f 341/1065/1075 666/856/1074 802/871/1076
f 477/1066/1077 802/871/1076 682/740/1078
f 365/1067/1079 690/891/1095 815/886/1080
f 366/1069/1081 490/1068/1080 815/886/1080
f 491/1070/1083 366/1069/1081 691/880/1082
f 367/1071/1085 491/1070/1083 816/890/1084
f 376/1072/1087 492/1073/1090 817/906/1088
f 492/1073/1090 368/1078/1091 693/907/1091
f 364/1074/1092 689/897/1092 824/895/1093
f 499/1075/1094 824/895/1093 690/891/1095
f 374/1076/1096 699/940/1096 826/943/1097
f 501/1077/1098 826/943/1097 693/907/1091
f 502/1079/1099 378/1092/1100 703/924/1100
f 373/1080/1102 502/1079/1099 827/933/1101
f 503/1081/1104 373/1080/1102 698/934/1103
f 374/1076/1096 503/1081/1104 828/939/1105
f 380/1082/1106 506/1083/1109 831/873/1107
f 506/1083/1109 367/1071/1085 692/874/1086
f 364/1074/1092 508/1615/1111 833/902/1110
f 508/1084/1111 375/1086/1114 700/901/1112
f 509/1085/1113 834/1088/1116 700/901/1112
f 377/1087/1115 702/900/1128 834/1088/1116
f 400/1089/1117 510/1090/1119 835/910/1118
f 510/1090/1119 376/1616/1087 701/908/1089
f 511/1091/1120 379/1094/1121 704/922/1121
f 511/1091/1120 836/921/1122 703/924/1100
f 512/1093/1123 326/1057/1059 651/861/1058
f 379/1094/1121 512/1093/1123 837/1016/1124
f 316/1058/1061 513/1095/1125 838/915/1125
f 513/1095/1125 380/1082/1106 705/876/1108
f 523/1096/1127 848/1006/1127 702/900/1128
f 385/1097/1129 710/1005/1131 848/1006/1127
f 385/1097/1129 524/1098/1132 849/1010/1130
f 524/1098/1132 386/1099/1134 711/1009/1133
f 386/1099/1134 525/1100/1136 850/1014/1135
f 525/1100/1136 387/1101/1138 712/1013/1137
f 387/1101/1138 556/1102/1140 881/1027/1139
f 556/1102/1140 400/1089/1117 725/1026/1117
f 1076/1103/1141 1085/1107/1145 1084/1104/1142
f 990/1106/1144 1049/1603/2082 1085/1107/1145
f 1085/1107/1145 1049/1603/2082 973/1108/1146
f 1085/1107/1145 1018/1109/1147 1002/1110/1148
f 1061/1111/1149 1086/1115/1153 1069/1112/1150
f 1061/1111/1149 972/1210/1248 1015/1114/1152
f 1086/1115/1153 1015/1114/1152 970/1116/1154
f 1086/1115/1153 1019/1117/1155 995/1118/1156
f 1019/1117/1155 1087/1121/1159 1068/1119/1157
f 1019/1117/1155 970/1116/1154 1013/1120/1158
f 1013/1120/1158 971/1218/1256 1020/1122/1160
f 1087/1121/1159 1020/1122/1160 996/1123/1161
f 988/1124/1162 1042/1127/1165 1088/1125/1163
f 1042/1127/1165 982/1138/1176 1024/1128/1166
f 1088/1125/1163 1024/1128/1166 977/1129/1167
f 1088/1125/1163 1039/1130/1168 985/1131/1169
f 1023/1132/1170 1089/1136/1174 1034/1133/1171
f 976/1135/1173 1025/1137/1175 1089/1136/1174
f 1025/1137/1175 977/1129/1167 1024/1128/1166
f 1089/1136/1174 1024/1128/1166 982/1138/1176
f 1029/1139/1177 1090/1143/1181 1033/1140/1178
f 974/1142/1180 1026/1144/1182 1090/1143/1181
f 1026/1144/1182 976/1135/1173 1023/1132/1170
f 1090/1143/1181 1023/1132/1170 981/1134/1172
f 1055/1145/1183 1091/1149/1187 1044/1146/1184
f 991/1148/1186 1027/1150/1188 1091/1149/1187
f 1027/1150/1188 975/1172/1210 1022/1151/1189
f 1091/1149/1187 1022/1151/1189 987/1152/1190
f 1070/1153/1191 1092/1156/1194 1083/1154/1192
f 979/1141/1179 1033/1140/1178 1092/1156/1194
f 1033/1140/1178 981/1134/1172 1031/1157/1195
f 1092/1156/1194 1031/1157/1195 1004/1158/1196
f 1031/1157/1195 1093/1160/1198 1082/1159/1197
f 981/1134/1172 1034/1133/1171 1093/1160/1198
f 1034/1133/1171 982/1138/1176 1032/1161/1199
f 1093/1160/1198 1032/1161/1199 1005/1162/1200
f 1006/1163/1201 1081/1166/1204 1094/1164/1202
f 1081/1166/1204 1005/1162/1200 1032/1161/1199
f 1094/1164/1202 1032/1161/1199 982/1138/1176
f 1043/1165/1203 1094/1164/1202 1042/1127/1165
f 1054/1167/1205 1095/1169/1207 1027/1150/1188
f 992/1168/1206 1036/1170/1208 1095/1169/1207
f 1036/1170/1208 980/1254/1286 1030/1171/1209
f 1095/1169/1207 1030/1171/1209 975/1172/1210
f 1080/1173/1211 1096/1176/1214 1067/1174/1212
f 1006/1163/1201 1043/1165/1203 1096/1176/1214
f 1043/1165/1203 988/1124/1162 1060/1177/1215
f 1096/1176/1214 1060/1177/1215 997/1178/1216
f 1063/1179/1217 1097/1182/1220 1066/1180/1218
f 993/1147/1185 1044/1146/1184 1097/1182/1220
f 1044/1146/1184 987/1152/1190 1041/1183/1221
f 1097/1182/1220 1041/1183/1221 999/1184/1222
f 1060/1177/1215 1098/1186/1224 1065/1185/1223
f 988/1124/1162 1045/1126/1164 1098/1186/1224
f 1045/1126/1164 985/1131/1169 1059/1187/1225
f 1098/1186/1224 1059/1187/1225 996/1123/1161
f 1038/1188/1226 1099/1190/1228 1025/1137/1175
f 984/1189/1227 1046/1191/1229 1099/1190/1228
f 1046/1191/1229 985/1131/1169 1039/1130/1168
f 1099/1190/1228 1039/1130/1168 977/1129/1167
f 1021/1192/1230 1100/1194/1232 1026/1144/1182
f 986/1193/1231 1047/1195/1233 1100/1194/1232
f 1047/1195/1233 984/1189/1227 1038/1188/1226
f 1100/1194/1232 1038/1188/1226 976/1135/1173
f 1040/1196/1234 1101/1198/1236 1064/1197/1235
f 986/1193/1231 1052/1199/1237 1101/1198/1236
f 1052/1199/1237 993/1147/1185 1063/1179/1217
f 1101/1198/1236 1063/1179/1217 1000/1181/1219
f 1029/1139/1177 1102/1201/1239 1050/1200/1238
f 979/1141/1179 1051/1202/1240 1102/1201/1239
f 1051/1202/1240 992/1168/1206 1054/1167/1205
f 1102/1201/1239 1054/1167/1205 991/1148/1186
f 1021/1192/1230 1103/1203/1241 1052/1199/1237
f 974/1142/1180 1050/1200/1238 1103/1203/1241
f 1050/1200/1238 991/1148/1186 1055/1145/1183
f 1103/1203/1241 1055/1145/1183 993/1147/1185
f 1017/1204/1242 1104/1207/1245 1079/1205/1243
f 965/1206/1244 1016/1208/1246 1104/1207/1245
f 1016/1208/1246 990/1106/1144 1076/1103/1141
f 1104/1207/1245 1076/1103/1141 1007/1105/1143
f 1061/1111/1149 1105/1211/1249 1048/1209/1247
f 998/1113/1151 1064/1197/1235 1105/1211/1249
f 1064/1197/1235 1000/1181/1219 1053/1212/1250
f 1105/1211/1249 1053/1212/1250 989/1213/1251
f 1035/1214/1252 1106/1217/1255 1014/1215/1253
f 997/1178/1216 1065/1185/1223 1106/1217/1255
f 1065/1185/1223 996/1123/1161 1020/1122/1160
f 1106/1217/1255 1020/1122/1160 971/1218/1256
f 1053/1212/1250 1107/1220/1258 1012/1219/1257
f 1000/1181/1219 1066/1180/1218 1107/1220/1258
f 1066/1180/1218 999/1184/1222 1062/1221/1259
f 1107/1220/1258 1062/1221/1259 969/1222/1260
f 1078/1223/1261 1108/1226/1261 1028/1224/1261
f 1008/1175/1213 1067/1174/1212 1108/1226/1261
f 1067/1174/1212 997/1178/1216 1035/1214/1252
f 1108/1226/1261 1035/1214/1252 978/1216/1254
f 1058/1227/1263 1109/1228/1264 1046/1191/1229
f 995/1118/1156 1068/1119/1157 1109/1228/1264
f 1068/1119/1157 996/1123/1161 1059/1187/1225
f 1109/1228/1264 1059/1187/1225 985/1131/1169
f 1040/1196/1234 1110/1229/1265 1047/1195/1233
f 998/1113/1151 1069/1112/1150 1110/1229/1265
f 1069/1112/1150 995/1118/1156 1058/1227/1263
f 1110/1229/1265 1058/1227/1263 984/1189/1227
f 968/1230/1261 1011/1234/1262 1111/1231/1262
f 994/1233/1266 1077/1235/1267 1111/1231/1262
f 1077/1235/1267 1008/1175/1213 1078/1223/1261
f 1111/1231/1262 1078/1223/1261 1003/1225/1262
f 1070/1153/1191 1112/1236/1268 1051/1202/1240
f 1001/1155/1193 1079/1205/1243 1112/1236/1268
f 1079/1205/1243 1007/1105/1143 1056/1237/1269
f 1112/1236/1268 1056/1237/1269 992/1168/1206
f 1057/1238/1270 1113/1240/1272 1077/1235/1267
f 983/1239/1271 1075/1241/1273 1113/1240/1272
f 1075/1241/1273 1006/1163/1201 1080/1173/1211
f 1113/1240/1272 1080/1173/1211 1008/1175/1213
f 983/1239/1271 1037/1243/1275 1114/1242/1274
f 1037/1243/1275 967/1249/1281 1074/1244/1276
f 1114/1242/1274 1074/1244/1276 1005/1162/1200
f 1075/1241/1273 1114/1242/1274 1081/1166/1204
f 1073/1245/1277 1115/1248/1280 1010/1246/1278
f 1004/1158/1196 1082/1159/1197 1115/1248/1280
f 1082/1159/1197 1005/1162/1200 1074/1244/1276
f 1115/1248/1280 1074/1244/1276 967/1249/1281
f 1017/1204/1242 1116/1251/1283 1009/1250/1282
f 1001/1155/1193 1083/1154/1192 1116/1251/1283
f 1083/1154/1192 1004/1158/1196 1073/1245/1277
f 1116/1251/1283 1073/1245/1277 966/1247/1279
f 1056/1237/1269 1117/1252/1284 1036/1170/1208
f 1007/1105/1143 1084/1104/1142 1117/1252/1284
f 1084/1104/1142 1002/1110/1148 1071/1253/1285
f 1117/1252/1284 1071/1253/1285 980/1254/1286
f 1009/1255/1287 1138/1259/1291 1118/1256/1288
f 966/1258/1290 1119/1261/1293 1138/1259/1291
f 1010/1260/1292 1139/1263/1295 1119/1261/1293
f 967/1262/1294 1120/1310/1338 1139/1263/1295
f 994/1264/1296 1011/1268/1300 1140/1265/1297
f 968/1267/1299 1121/1335/1361 1140/1265/1297
f 989/1269/1301 1012/1272/1304 1141/1270/1302
f 1012/1272/1304 969/1328/1355 1122/1273/1305
f 971/1274/1306 1013/1277/1307 1142/1275/1307
f 1013/1277/1307 970/1284/1315 1123/1278/1309
f 1014/1279/1310 1143/1282/1313 1128/1280/1311
f 1014/1279/1310 971/1274/1306 1124/1276/1308
f 1015/1283/1314 1144/1286/1317 1123/1278/1309
f 972/1285/1316 1125/1318/1346 1144/1286/1317
f 990/1287/1318 1016/1290/1321 1145/1288/1319
f 1016/1290/1321 965/1257/1289 1118/1256/1288
f 1002/1291/1322 1018/1294/1324 1146/1292/1323
f 1018/1294/1324 973/1321/1349 1126/1295/1325
f 1022/1296/1326 1147/1300/1330 1131/1297/1327
f 975/1299/1329 1127/1306/1335 1147/1300/1330
f 1003/1301/1331 1028/1304/1333 1148/1302/1332
f 978/1281/1312 1128/1280/1311 1148/1302/1332
f 1030/1305/1334 1149/1308/1334 1127/1306/1335
f 1030/1305/1334 980/1331/1357 1129/1307/1336
f 1037/1309/1337 1150/1312/1340 1120/1310/1338
f 983/1311/1339 1130/1325/1352 1150/1312/1340
f 999/1313/1341 1041/1316/1344 1151/1314/1342
f 987/1298/1328 1131/1297/1327 1151/1314/1342
f 972/1285/1316 1048/1319/1347 1152/1317/1345
f 1048/1319/1347 989/1269/1301 1132/1271/1303
f 1049/1320/1348 1153/1617/1350 1126/1295/1325
f 990/1287/1318 1133/1289/1320 1153/1322/1350
f 1057/1324/1351 1154/1326/1353 1130/1325/1352
f 1057/1324/1351 994/1264/1296 1134/1266/1298
f 1062/1327/1354 1155/1618/1356 1122/1273/1305
f 1062/1329/1354 999/1313/1341 1135/1315/1343
f 980/1331/1357 1071/1333/1359 1156/1332/1358
f 1071/1333/1359 1002/1291/1322 1136/1293/1322
f 1072/1334/1360 1157/1619/1360 1121/1335/1361
f 1003/1301/1331 1137/1303/1331 1157/1336/1360
f 1188/1338/1362 1263/1341/1365 1288/1339/1363
f 1263/1341/1365 1190/1361/1385 1257/1342/1366
f 1288/1339/1363 1257/1342/1366 1172/1343/1367
f 1255/1340/1364 1288/1339/1363 1212/1344/1368
f 1176/1346/1370 1234/1349/1373 1289/1347/1371
f 1234/1349/1373 1177/1373/1397 1236/1350/1374
f 1289/1347/1371 1236/1350/1374 1175/1351/1375
f 1225/1348/1372 1289/1347/1371 1222/1352/1376
f 1221/1354/1378 1290/1358/1382 1226/1355/1379
f 1160/1357/1381 1214/1359/1383 1290/1358/1382
f 1214/1359/1383 1170/1394/1418 1233/1360/1384
f 1290/1358/1382 1233/1360/1384 1176/1346/1370
f 1190/1361/1385 1262/1363/1387 1291/1362/1386
f 1262/1363/1387 1192/1468/1492 1259/1364/1388
f 1291/1362/1386 1259/1364/1388 1166/1365/1389
f 1257/1342/1366 1291/1362/1386 1216/1366/1390
f 1276/1367/1391 1292/1371/1395 1235/1368/1392
f 1197/1370/1394 1268/1372/1396 1292/1371/1395
f 1268/1372/1396 1175/1351/1375 1236/1350/1374
f 1292/1371/1395 1236/1350/1374 1177/1373/1397
f 1179/1374/1398 1237/1377/1401 1293/1375/1399
f 1237/1377/1401 1182/1408/1432 1238/1378/1402
f 1293/1375/1399 1238/1378/1402 1168/1379/1403
f 1229/1376/1400 1293/1375/1399 1230/1380/1404
f 1191/1382/1406 1261/1385/1409 1294/1383/1407
f 1261/1385/1409 1189/1472/1496 1213/1386/1410
f 1294/1383/1407 1213/1386/1410 1167/1387/1411
f 1258/1384/1408 1294/1383/1407 1217/1388/1412
f 1171/1356/1380 1226/1355/1379 1295/1390/1414
f 1226/1355/1379 1176/1346/1370 1225/1348/1372
f 1295/1390/1414 1225/1348/1372 1174/1353/1377
f 1215/1391/1415 1295/1390/1414 1220/1392/1416
f 1233/1360/1384 1296/1395/1419 1234/1349/1373
f 1170/1394/1418 1231/1396/1420 1296/1395/1419
f 1231/1396/1420 1180/1423/1447 1223/1397/1421
f 1296/1395/1419 1223/1397/1421 1177/1373/1397
f 1275/1398/1422 1297/1401/1425 1267/1399/1423
f 1195/1400/1424 1232/1402/1426 1297/1401/1425
f 1232/1402/1426 1181/1404/1428 1239/1403/1427
f 1297/1401/1425 1239/1403/1427 1179/1374/1398
f 1239/1403/1427 1298/1405/1429 1237/1377/1401
f 1181/1404/1428 1247/1406/1430 1298/1405/1429
f 1247/1406/1430 1187/1433/1457 1246/1407/1431
f 1298/1405/1429 1246/1407/1431 1182/1408/1432
f 1199/1409/1433 1270/1412/1436 1299/1410/1434
f 1270/1412/1436 1192/1468/1492 1228/1413/1437
f 1299/1410/1434 1228/1413/1437 1175/1351/1375
f 1274/1411/1435 1299/1410/1434 1268/1372/1396
f 1159/1414/1438 1241/1417/1441 1300/1415/1439
f 1241/1417/1441 1183/1419/1443 1248/1418/1442
f 1300/1415/1439 1248/1418/1442 1170/1394/1418
f 1207/1416/1440 1300/1415/1439 1214/1359/1383
f 1183/1419/1443 1242/1421/1445 1301/1420/1444
f 1242/1421/1445 1184/1457/1481 1249/1422/1446
f 1301/1420/1444 1249/1422/1446 1180/1423/1447
f 1248/1418/1442 1301/1420/1444 1231/1396/1420
f 1198/1424/1448 1269/1427/1451 1302/1425/1449
f 1269/1427/1451 1185/1429/1453 1250/1428/1452
f 1302/1425/1449 1250/1428/1452 1181/1404/1428
f 1273/1426/1450 1302/1425/1449 1232/1402/1426
f 1185/1429/1453 1245/1431/1455 1303/1430/1454
f 1245/1431/1455 1186/1502/1526 1244/1432/1456
f 1303/1430/1454 1244/1432/1456 1187/1433/1457
f 1250/1428/1452 1303/1430/1454 1247/1406/1430
f 1285/1434/1458 1304/1438/1462 1272/1435/1459
f 1204/1437/1461 1254/1499/1523 1304/1438/1462
f 1304/1438/1462 1254/1499/1523 1185/1429/1453
f 1304/1438/1462 1269/1427/1451 1198/1424/1448
f 1201/1439/1463 1278/1442/1466 1305/1440/1464
f 1278/1442/1466 1165/1494/1518 1210/1443/1467
f 1305/1440/1464 1210/1443/1467 1163/1444/1468
f 1287/1441/1465 1305/1440/1464 1280/1445/1469
f 1286/1447/1471 1306/1450/1474 1279/1448/1472
f 1204/1437/1461 1281/1451/1475 1306/1450/1474
f 1281/1451/1475 1164/1497/1521 1219/1452/1476
f 1306/1450/1474 1219/1452/1476 1169/1453/1477
f 1205/1436/1460 1272/1435/1459 1307/1454/1478
f 1272/1435/1459 1198/1424/1448 1243/1456/1480
f 1307/1454/1478 1243/1456/1480 1184/1457/1481
f 1283/1455/1479 1307/1454/1478 1253/1458/1482
f 1284/1459/1483 1308/1462/1486 1277/1460/1484
f 1201/1439/1463 1251/1463/1487 1308/1462/1486
f 1251/1463/1487 1183/1419/1443 1241/1417/1441
f 1308/1462/1486 1241/1417/1441 1159/1414/1438
f 1194/1464/1488 1218/1467/1491 1309/1465/1489
f 1218/1467/1491 1166/1365/1389 1259/1364/1388
f 1309/1465/1489 1259/1364/1388 1192/1468/1492
f 1271/1466/1490 1309/1465/1489 1270/1412/1436
f 1178/1381/1405 1230/1380/1404 1310/1469/1493
f 1230/1380/1404 1168/1379/1403 1256/1471/1495
f 1310/1469/1493 1256/1471/1495 1189/1472/1496
f 1227/1470/1494 1310/1469/1493 1261/1385/1409
f 1174/1353/1377 1222/1352/1376 1311/1473/1497
f 1222/1352/1376 1175/1351/1375 1228/1413/1437
f 1311/1473/1497 1228/1413/1437 1192/1468/1492
f 1224/1474/1498 1311/1473/1497 1262/1363/1387
f 1161/1393/1417 1220/1392/1416 1312/1475/1499
f 1220/1392/1416 1174/1353/1377 1224/1474/1498
f 1312/1475/1499 1224/1474/1498 1190/1361/1385
f 1206/1476/1500 1312/1475/1499 1263/1341/1365
f 1173/1389/1413 1265/1478/1502 1313/1477/1501
f 1265/1478/1502 1194/1464/1488 1271/1466/1490
f 1313/1477/1501 1271/1466/1490 1199/1409/1433
f 1258/1384/1408 1313/1477/1501 1260/1479/1503
f 1183/1419/1443 1251/1463/1487 1314/1480/1504
f 1251/1463/1487 1201/1439/1463 1287/1441/1465
f 1314/1480/1504 1287/1441/1465 1203/1446/1470
f 1242/1421/1445 1314/1480/1504 1253/1458/1482
f 1184/1457/1481 1243/1456/1480 1315/1481/1505
f 1243/1456/1480 1198/1424/1448 1273/1426/1450
f 1315/1481/1505 1273/1426/1450 1195/1400/1424
f 1249/1422/1446 1315/1481/1505 1266/1482/1506
f 1191/1382/1406 1260/1479/1503 1316/1483/1507
f 1260/1479/1503 1199/1409/1433 1274/1411/1435
f 1316/1483/1507 1274/1411/1435 1197/1370/1394
f 1227/1470/1494 1316/1483/1507 1240/1484/1508
f 1223/1397/1421 1317/1485/1509 1235/1368/1392
f 1180/1423/1447 1266/1482/1506 1317/1485/1509
f 1266/1482/1506 1195/1400/1424 1275/1398/1422
f 1317/1485/1509 1275/1398/1422 1196/1369/1393
f 1229/1376/1400 1318/1486/1510 1267/1399/1423
f 1178/1381/1405 1240/1484/1508 1318/1486/1510
f 1240/1484/1508 1197/1370/1394 1276/1367/1391
f 1318/1486/1510 1276/1367/1391 1196/1369/1393
f 1264/1487/1511 1319/1489/1513 1280/1445/1469
f 1193/1488/1512 1282/1490/1514 1319/1489/1513
f 1282/1490/1514 1205/1436/1460 1283/1455/1479
f 1319/1489/1513 1283/1455/1479 1203/1446/1470
f 1162/1491/1515 1209/1495/1519 1320/1492/1516
f 1165/1494/1518 1278/1442/1466 1320/1492/1516
f 1278/1442/1466 1201/1439/1463 1284/1459/1483
f 1320/1492/1516 1284/1459/1483 1200/1461/1485
f 1211/1496/1520 1321/1498/1522 1282/1490/1514
f 1164/1497/1521 1281/1451/1475 1321/1498/1522
f 1281/1451/1475 1204/1437/1461 1285/1434/1458
f 1321/1498/1522 1285/1434/1458 1205/1436/1460
f 1254/1499/1523 1322/1500/1524 1245/1431/1455
f 1254/1499/1523 1204/1437/1461 1286/1447/1471
f 1322/1500/1524 1286/1447/1471 1202/1449/1473
f 1322/1500/1524 1252/1501/1525 1186/1502/1526
f 1188/1503/1527 1341/1586/1527 1347/1504/1528
f 1161/1506/1530 1206/1505/1529 1347/1504/1528
f 1160/1508/1532 1325/1563/1532 1348/1509/1533
f 1207/1510/1534 1348/1509/1533 1324/1511/1535
f 1200/1513/1537 1345/1599/1608 1349/1514/1538
f 1208/1516/1539 1349/1620/1538 1327/1517/1540
f 1209/1519/1542 1162/1518/1541 1327/1517/1540
f 1165/1521/1544 1209/1519/1542 1350/1520/1543
f 1210/1523/1546 1165/1521/1544 1330/1522/1545
f 1163/1525/1548 1210/1523/1546 1351/1524/1547
f 1193/1527/1550 1343/1592/1550 1352/1528/1551
f 1211/1529/1551 1352/1528/1551 1329/1530/1552
f 1212/1532/1553 1172/1549/1554 1336/1533/1554
f 1158/1535/1556 1212/1532/1553 1353/1534/1555
f 1189/1537/1558 1342/1589/1601 1354/1538/1559
f 1213/1539/1560 1354/1538/1559 1332/1540/1561
f 1215/1542/1562 1161/1506/1530 1326/1507/1531
f 1171/1544/1564 1215/1542/1562 1355/1543/1563
f 1166/1546/1566 1331/1557/1575 1356/1547/1567
f 1172/1549/1554 1216/1548/1568 1356/1547/1567
f 1167/1541/1561 1332/1540/1561 1357/1550/1569
f 1217/1551/1570 1357/1550/1569 1337/1552/1571
f 1194/1554/1573 1344/1621/1573 1358/1555/1574
f 1218/1556/1574 1358/1555/1574 1331/1557/1575
f 1219/1558/1576 1164/1531/1552 1329/1530/1552
f 1169/1560/1578 1219/1558/1576 1359/1559/1577
f 1160/1508/1532 1221/1564/1581 1360/1562/1580
f 1221/1564/1581 1171/1604/1564 1335/1565/1565
f 1182/1566/1582 1338/1622/1592 1361/1567/1583
f 1238/1568/1584 1361/1567/1583 1333/1569/1585
f 1244/1571/1587 1362/1575/1587 1340/1572/1588
f 1244/1571/1587 1186/1583/1596 1339/1574/1589
f 1187/1573/1588 1340/1572/1588 1363/1576/1590
f 1246/1577/1591 1363/1576/1590 1338/1578/1592
f 1252/1580/1593 1202/1602/1611 1346/1581/1594
f 1186/1583/1596 1252/1580/1593 1364/1582/1595
f 1255/1584/1597 1158/1535/1556 1323/1536/1557
f 1255/1584/1597 1365/1585/1598 1341/1586/1527
f 1168/1570/1586 1333/1569/1585 1366/1587/1599
f 1256/1588/1600 1366/1587/1599 1342/1589/1601
f 1264/1590/1602 1163/1525/1548 1328/1526/1549
f 1193/1527/1550 1264/1590/1602 1367/1591/1603
f 1173/1553/1572 1337/1552/1571 1368/1593/1604
f 1265/1594/1605 1368/1593/1604 1344/1595/1573
f 1159/1512/1536 1324/1511/1535 1369/1597/1606
f 1277/1598/1607 1369/1597/1606 1345/1599/1608
f 1279/1600/1609 1169/1560/1578 1334/1561/1579
f 1202/1602/1611 1279/1600/1609 1370/1601/1610
f 1490/1104/1612 1491/1107/1615 1482/1103/1613
f 1491/1107/1615 1455/1603/1618 1396/1106/1616
f 1491/1107/1615 1424/1109/2083 1379/1108/1617
f 1408/1110/1619 1424/1109/2083 1491/1107/1615
f 1475/1112/1620 1492/1115/1625 1467/1111/1621
f 1467/1111/1621 1492/1115/1625 1421/1114/1623
f 1492/1115/1625 1425/1117/1629 1376/1116/1626
f 1401/1118/1627 1425/1117/1629 1492/1115/1625
f 1474/1119/1628 1493/1121/1632 1425/1117/1629
f 1425/1117/1629 1493/1121/1632 1419/1120/1630
f 1426/1122/1631 1377/1218/1726 1419/1120/1630
f 1402/1123/1633 1426/1122/1631 1493/1121/1632
f 1394/1124/1634 1451/1126/1641 1494/1125/1635
f 1448/1127/1636 1494/1125/1635 1430/1128/1637
f 1494/1125/1635 1445/1130/1699 1383/1129/1639
f 1391/1131/1640 1445/1130/1699 1494/1125/1635
f 1440/1133/1642 1495/1136/1645 1429/1132/1643
f 1495/1136/1645 1431/1137/1647 1382/1135/1646
f 1430/1128/1637 1383/1129/1639 1431/1137/1647
f 1388/1138/1638 1430/1128/1637 1495/1136/1645
f 1439/1140/1648 1496/1143/1651 1435/1139/1649
f 1496/1143/1651 1432/1144/1653 1380/1142/1652
f 1429/1132/1643 1382/1135/1646 1432/1144/1653
f 1387/1134/1644 1429/1132/1643 1496/1143/1651
f 1450/1146/1654 1497/1149/1657 1461/1145/1655
f 1497/1149/1657 1433/1150/1660 1397/1148/1658
f 1428/1151/1659 1381/1172/1681 1433/1150/1660
f 1393/1152/1661 1428/1151/1659 1497/1149/1657
f 1489/1154/1662 1498/1156/1665 1476/1153/1663
f 1498/1156/1665 1439/1140/1648 1385/1141/1650
f 1437/1157/1666 1387/1134/1644 1439/1140/1648
f 1410/1158/1667 1437/1157/1666 1498/1156/1665
f 1488/1159/1668 1499/1160/1669 1437/1157/1666
f 1499/1160/1669 1440/1133/1642 1387/1134/1644
f 1438/1161/1670 1388/1138/1638 1440/1133/1642
f 1411/1162/1671 1438/1161/1670 1499/1160/1669
f 1412/1163/1672 1449/1165/1675 1500/1164/1673
f 1487/1166/1674 1500/1164/1673 1438/1161/1670
f 1500/1164/1673 1448/1127/1636 1388/1138/1638
f 1449/1165/1675 1394/1124/1634 1448/1127/1636
f 1433/1150/1660 1501/1169/1677 1460/1167/1676
f 1501/1169/1677 1442/1170/1680 1398/1168/1678
f 1436/1171/1679 1386/1254/1757 1442/1170/1680
f 1381/1172/1681 1436/1171/1679 1501/1169/1677
f 1473/1174/1682 1502/1176/1684 1486/1173/1683
f 1502/1176/1684 1449/1165/1675 1412/1163/1672
f 1466/1177/1685 1394/1124/1634 1449/1165/1675
f 1403/1178/1686 1466/1177/1685 1502/1176/1684
f 1472/1180/1687 1503/1182/1690 1469/1179/1688
f 1503/1182/1690 1450/1146/1654 1399/1147/1656
f 1447/1183/1691 1393/1152/1661 1450/1146/1654
f 1405/1184/1692 1447/1183/1691 1503/1182/1690
f 1471/1185/1693 1504/1186/1694 1466/1177/1685
f 1504/1186/1694 1451/1126/1641 1394/1124/1634
f 1465/1187/1695 1391/1131/1640 1451/1126/1641
f 1402/1123/1633 1465/1187/1695 1504/1186/1694
f 1431/1137/1647 1505/1190/1697 1444/1188/1696
f 1505/1190/1697 1452/1191/1700 1390/1189/1698
f 1445/1130/1699 1391/1131/1640 1452/1191/1700
f 1383/1129/1639 1445/1130/1699 1505/1190/1697
f 1432/1144/1653 1506/1194/1702 1427/1192/1701
f 1506/1194/1702 1453/1195/1704 1392/1193/1703
f 1444/1188/1696 1390/1189/1698 1453/1195/1704
f 1382/1135/1646 1444/1188/1696 1506/1194/1702
f 1470/1197/1705 1507/1198/1707 1446/1196/1706
f 1507/1198/1707 1458/1199/1708 1392/1193/1703
f 1469/1179/1688 1399/1147/1656 1458/1199/1708
f 1406/1181/1689 1469/1179/1688 1507/1198/1707
f 1456/1200/1709 1508/1201/1710 1435/1139/1649
f 1508/1201/1710 1457/1202/1711 1385/1141/1650
f 1460/1167/1676 1398/1168/1678 1457/1202/1711
f 1397/1148/1658 1460/1167/1676 1508/1201/1710
f 1458/1199/1708 1509/1203/1712 1427/1192/1701
f 1509/1203/1712 1456/1200/1709 1380/1142/1652
f 1461/1145/1655 1397/1148/1658 1456/1200/1709
f 1399/1147/1656 1461/1145/1655 1509/1203/1712
f 1485/1205/1713 1510/1207/1715 1423/1204/1714
f 1510/1207/1715 1422/1208/1717 1371/1206/1716
f 1482/1103/1613 1396/1106/1616 1422/1208/1717
f 1413/1105/1614 1482/1103/1613 1510/1207/1715
f 1454/1209/1718 1511/1211/1719 1467/1111/1621
f 1511/1211/1719 1470/1197/1705 1404/1113/1622
f 1459/1212/1720 1406/1181/1689 1470/1197/1705
f 1395/1213/1721 1459/1212/1720 1511/1211/1719
f 1420/1215/1722 1512/1217/1725 1441/1214/1723
f 1512/1217/1725 1471/1185/1693 1403/1178/1686
f 1426/1122/1631 1402/1123/1633 1471/1185/1693
f 1377/1218/1726 1426/1122/1631 1512/1217/1725
f 1418/1219/1727 1513/1220/1728 1459/1212/1720
f 1513/1220/1728 1472/1180/1687 1406/1181/1689
f 1468/1221/1729 1405/1184/1692 1472/1180/1687
f 1375/1222/1730 1468/1221/1729 1513/1220/1728
f 1434/1224/1731 1514/1226/1731 1484/1223/1731
f 1514/1226/1731 1473/1174/1682 1414/1175/1682
f 1441/1214/1723 1403/1178/1686 1473/1174/1682
f 1384/1216/1724 1441/1214/1723 1514/1226/1731
f 1452/1191/1700 1515/1228/1733 1464/1227/1732
f 1515/1228/1733 1474/1119/1628 1401/1118/1627
f 1465/1187/1695 1402/1123/1633 1474/1119/1628
f 1391/1131/1640 1465/1187/1695 1515/1228/1733
f 1453/1195/1704 1516/1229/1734 1446/1196/1706
f 1516/1229/1734 1475/1112/1620 1404/1113/1622
f 1464/1227/1732 1401/1118/1627 1475/1112/1620
f 1390/1189/1698 1464/1227/1732 1516/1229/1734
f 1374/1230/1731 1478/1232/1731 1517/1231/1735
f 1517/1231/1735 1483/1235/1738 1400/1233/1737
f 1484/1223/1731 1414/1175/1682 1483/1235/1738
f 1409/1225/1731 1484/1223/1731 1517/1231/1735
f 1457/1202/1711 1518/1236/1739 1476/1153/1663
f 1518/1236/1739 1485/1205/1713 1407/1155/1664
f 1462/1237/1740 1413/1105/1614 1485/1205/1713
f 1398/1168/1678 1462/1237/1740 1518/1236/1739
f 1483/1235/1738 1519/1240/1742 1463/1238/1741
f 1519/1240/1742 1481/1241/1744 1389/1239/1743
f 1486/1173/1683 1412/1163/1672 1481/1241/1744
f 1414/1175/1682 1486/1173/1683 1519/1240/1742
f 1389/1239/1743 1481/1241/1744 1520/1242/1745
f 1443/1243/1746 1520/1242/1745 1480/1244/1747
f 1520/1242/1745 1487/1166/1674 1411/1162/1671
f 1481/1241/1744 1412/1163/1672 1487/1166/1674
f 1416/1246/1749 1521/1248/1752 1479/1245/1750
f 1521/1248/1752 1488/1159/1668 1410/1158/1667
f 1480/1244/1747 1411/1162/1671 1488/1159/1668
f 1373/1249/1748 1480/1244/1747 1521/1248/1752
f 1415/1250/1753 1522/1251/1754 1423/1204/1714
f 1522/1251/1754 1489/1154/1662 1407/1155/1664
f 1479/1245/1750 1410/1158/1667 1489/1154/1662
f 1372/1247/1751 1479/1245/1750 1522/1251/1754
f 1442/1170/1680 1523/1252/1755 1462/1237/1740
f 1523/1252/1755 1490/1104/1612 1413/1105/1614
f 1477/1253/1756 1408/1110/1619 1490/1104/1612
f 1386/1254/1757 1477/1253/1756 1523/1252/1755
f 1524/1256/1758 1544/1259/1761 1415/1255/1759
f 1544/1259/1761 1525/1261/1763 1372/1258/1762
f 1525/1261/1763 1545/1263/1765 1416/1260/1764
f 1545/1263/1765 1526/1310/1807 1373/1262/1766
f 1400/1264/1767 1540/1266/1821 1546/1265/1768
f 1546/1265/1768 1527/1335/1827 1374/1267/1769
f 1395/1269/1770 1538/1271/1816 1547/1270/1771
f 1418/1272/1772 1547/1270/1771 1528/1273/1773
f 1377/1274/1775 1530/1276/1783 1548/1275/1776
f 1419/1277/1777 1548/1275/1776 1529/1278/1778
f 1534/1280/1780 1549/1282/2084 1420/1279/1781
f 1420/1279/1781 1549/1282/2084 1530/1276/1783
f 1529/1278/1778 1550/1286/1785 1421/1283/1784
f 1550/1286/1785 1531/1318/2085 1378/1285/1786
f 1396/1287/1787 1539/1289/2086 1551/1288/1788
f 1422/1290/1789 1551/1288/1788 1524/1256/1758
f 1408/1291/1790 1542/1293/1826 1552/1292/1791
f 1424/1294/1792 1552/1292/1791 1532/1295/1793
f 1537/1297/1795 1553/1300/1798 1428/1296/1796
f 1553/1300/1798 1533/1306/1803 1381/1299/1799
f 1543/1303/1800 1554/1302/1802 1434/1304/1801
f 1554/1302/1802 1534/1280/1780 1384/1281/1782
f 1533/1306/1803 1555/1308/1804 1436/1305/1804
f 1436/1305/1804 1555/1308/1804 1535/1307/1805
f 1526/1310/1807 1556/1312/1809 1443/1309/1808
f 1556/1312/1809 1536/1325/1819 1389/1311/1810
f 1405/1313/1811 1541/1315/1823 1557/1314/1812
f 1557/1314/1812 1537/1297/1795 1393/1298/1797
f 1378/1285/1786 1531/1318/2085 1558/1317/1814
f 1454/1319/1815 1558/1317/1814 1538/1271/1816
f 1532/1295/1793 1559/1617/1818 1455/1320/1817
f 1559/1322/1818 1539/1289/2086 1396/1287/1787
f 1536/1325/1819 1560/1326/2087 1463/1324/1820
f 1463/1324/1820 1560/1326/2087 1540/1266/1821
f 1528/1273/1773 1561/1618/2088 1468/1327/1822
f 1468/1329/1822 1561/1330/2088 1541/1315/1823
f 1386/1331/1806 1535/1307/1805 1562/1332/1824
f 1477/1333/1825 1562/1332/1824 1542/1293/1826
f 1527/1335/1827 1563/1619/1829 1478/1334/1828
f 1563/1336/1829 1543/1303/1800 1409/1301/1800
f 1594/1338/1830 1661/1340/1836 1694/1339/1831
f 1669/1341/1832 1694/1339/1831 1663/1342/1833
f 1694/1339/1831 1618/1344/1837 1578/1343/1835
f 1661/1340/1836 1564/1345/2089 1618/1344/1837
f 1582/1346/1838 1631/1348/1844 1695/1347/1839
f 1640/1349/1840 1695/1347/1839 1642/1350/1841
f 1695/1347/1839 1628/1352/1845 1581/1351/1843
f 1631/1348/1844 1580/1353/1882 1628/1352/1845
f 1632/1355/1846 1696/1358/1849 1627/1354/1847
f 1696/1358/1849 1620/1359/1852 1566/1357/1850
f 1639/1360/1851 1576/1394/1886 1620/1359/1852
f 1582/1346/1838 1639/1360/1851 1696/1358/1849
f 1596/1361/1834 1663/1342/1833 1697/1362/1853
f 1668/1363/1854 1697/1362/1853 1665/1364/1855
f 1697/1362/1853 1622/1366/1858 1572/1365/1857
f 1663/1342/1833 1578/1343/1835 1622/1366/1858
f 1641/1368/1859 1698/1371/1862 1682/1367/1860
f 1698/1371/1862 1674/1372/1864 1603/1370/1863
f 1642/1350/1841 1581/1351/1843 1674/1372/1864
f 1583/1373/1842 1642/1350/1841 1698/1371/1862
f 1585/1374/1865 1635/1376/1871 1699/1375/1866
f 1643/1377/1867 1699/1375/1866 1644/1378/1868
f 1699/1375/1866 1636/1380/1872 1574/1379/1870
f 1635/1376/1871 1584/1381/1960 1636/1380/1872
f 1597/1382/1873 1664/1384/1879 1700/1383/1874
f 1667/1385/1875 1700/1383/1874 1619/1386/1876
f 1700/1383/1874 1623/1388/1880 1573/1387/1878
f 1664/1384/1879 1579/1389/1969 1623/1388/1880
f 1577/1356/1848 1621/1391/1883 1701/1390/1881
f 1632/1355/1846 1701/1390/1881 1631/1348/1844
f 1701/1390/1881 1626/1392/1884 1580/1353/1882
f 1621/1391/1883 1567/1393/1966 1626/1392/1884
f 1640/1349/1840 1702/1395/1885 1639/1360/1851
f 1702/1395/1885 1637/1396/1888 1576/1394/1886
f 1629/1397/1887 1586/1423/1914 1637/1396/1888
f 1583/1373/1842 1629/1397/1887 1702/1395/1885
f 1673/1399/1889 1703/1401/1891 1681/1398/1890
f 1703/1401/1891 1638/1402/1894 1601/1400/1892
f 1645/1403/1893 1587/1404/1896 1638/1402/1894
f 1585/1374/1865 1645/1403/1893 1703/1401/1891
f 1643/1377/1867 1704/1405/1895 1645/1403/1893
f 1704/1405/1895 1653/1406/1898 1587/1404/1896
f 1652/1407/1897 1593/1433/1925 1653/1406/1898
f 1588/1408/1869 1652/1407/1897 1704/1405/1895
f 1605/1409/1899 1680/1411/1903 1705/1410/1900
f 1676/1412/1901 1705/1410/1900 1634/1413/1902
f 1705/1410/1900 1674/1372/1864 1581/1351/1843
f 1680/1411/1903 1603/1370/1863 1674/1372/1864
f 1565/1414/1904 1613/1416/1909 1706/1415/1905
f 1647/1417/1906 1706/1415/1905 1654/1418/1907
f 1706/1415/1905 1620/1359/1852 1576/1394/1886
f 1613/1416/1909 1566/1357/1850 1620/1359/1852
f 1589/1419/1908 1654/1418/1907 1707/1420/1910
f 1648/1421/1911 1707/1420/1910 1655/1422/1912
f 1707/1420/1910 1637/1396/1888 1586/1423/1914
f 1654/1418/1907 1576/1394/1886 1637/1396/1888
f 1604/1424/1915 1679/1426/1920 1708/1425/1916
f 1675/1427/1917 1708/1425/1916 1656/1428/1918
f 1708/1425/1916 1638/1402/1894 1587/1404/1896
f 1679/1426/1920 1601/1400/1892 1638/1402/1894
f 1591/1429/1919 1656/1428/1918 1709/1430/1921
f 1651/1431/1922 1709/1430/1921 1650/1432/1923
f 1709/1430/1921 1653/1406/1898 1593/1433/1925
f 1656/1428/1918 1587/1404/1896 1653/1406/1898
f 1678/1435/1926 1710/1438/1929 1691/1434/1927
f 1710/1438/1929 1660/1499/1931 1610/1437/1930
f 1710/1438/1929 1675/1427/1917 1591/1429/1919
f 1604/1424/1915 1675/1427/1917 1710/1438/1929
f 1607/1439/1932 1693/1441/1938 1711/1440/1933
f 1684/1442/1934 1711/1440/1933 1616/1443/1935
f 1711/1440/1933 1686/1445/1939 1569/1444/1937
f 1693/1441/1938 1609/1446/1974 1686/1445/1939
f 1685/1448/1940 1712/1450/1943 1692/1447/1941
f 1712/1450/1943 1687/1451/1945 1610/1437/1930
f 1625/1452/1944 1570/1497/1991 1687/1451/1945
f 1575/1453/1946 1625/1452/1944 1712/1450/1943
f 1611/1436/1928 1689/1455/1949 1713/1454/1947
f 1678/1435/1926 1713/1454/1947 1649/1456/1948
f 1713/1454/1947 1659/1458/1950 1590/1457/1913
f 1689/1455/1949 1609/1446/1974 1659/1458/1950
f 1683/1460/1951 1714/1462/1954 1690/1459/1952
f 1714/1462/1954 1657/1463/1955 1607/1439/1932
f 1647/1417/1906 1589/1419/1908 1657/1463/1955
f 1565/1414/1904 1647/1417/1906 1714/1462/1954
f 1600/1464/1956 1677/1466/1959 1715/1465/1957
f 1624/1467/1958 1715/1465/1957 1665/1364/1855
f 1715/1465/1957 1676/1412/1901 1598/1468/1856
f 1677/1466/1959 1605/1409/1899 1676/1412/1901
f 1584/1381/1960 1633/1470/1963 1716/1469/1961
f 1636/1380/1872 1716/1469/1961 1662/1471/1962
f 1716/1469/1961 1667/1385/1875 1595/1472/1877
f 1633/1470/1963 1597/1382/1873 1667/1385/1875
f 1580/1353/1882 1630/1474/1965 1717/1473/1964
f 1628/1352/1845 1717/1473/1964 1634/1413/1902
f 1717/1473/1964 1668/1363/1854 1598/1468/1856
f 1630/1474/1965 1596/1361/1834 1668/1363/1854
f 1567/1393/1966 1612/1476/1968 1718/1475/1967
f 1626/1392/1884 1718/1475/1967 1630/1474/1965
f 1718/1475/1967 1669/1341/1832 1596/1361/1834
f 1612/1476/1968 1594/1338/1830 1669/1341/1832
f 1579/1389/1969 1664/1384/1879 1719/1477/1970
f 1671/1478/1971 1719/1477/1970 1677/1466/1959
f 1719/1477/1970 1666/1479/1972 1605/1409/1899
f 1664/1384/1879 1597/1382/1873 1666/1479/1972
f 1589/1419/1908 1648/1421/1911 1720/1480/1973
f 1657/1463/1955 1720/1480/1973 1693/1441/1938
f 1720/1480/1973 1659/1458/1950 1609/1446/1974
f 1648/1421/1911 1590/1457/1913 1659/1458/1950
f 1590/1457/1913 1655/1422/1912 1721/1481/1975
f 1649/1456/1948 1721/1481/1975 1679/1426/1920
f 1721/1481/1975 1672/1482/1976 1601/1400/1892
f 1655/1422/1912 1586/1423/1914 1672/1482/1976
f 1597/1382/1873 1633/1470/1963 1722/1483/1977
f 1666/1479/1972 1722/1483/1977 1680/1411/1903
f 1722/1483/1977 1646/1484/1978 1603/1370/1863
f 1633/1470/1963 1584/1381/1960 1646/1484/1978
f 1641/1368/1859 1723/1485/1979 1629/1397/1887
f 1723/1485/1979 1672/1482/1976 1586/1423/1914
f 1681/1398/1890 1601/1400/1892 1672/1482/1976
f 1602/1369/1861 1681/1398/1890 1723/1485/1979
f 1673/1399/1889 1724/1486/1980 1635/1376/1871
f 1724/1486/1980 1646/1484/1978 1584/1381/1960
f 1682/1367/1860 1603/1370/1863 1646/1484/1978
f 1602/1369/1861 1682/1367/1860 1724/1486/1980
f 1686/1445/1939 1725/1489/1982 1670/1487/1981
f 1725/1489/1982 1688/1490/1984 1599/1488/1983
f 1689/1455/1949 1611/1436/1928 1688/1490/1984
f 1609/1446/1974 1689/1455/1949 1725/1489/1982
f 1568/1491/1985 1614/1493/1988 1726/1492/1986
f 1726/1492/1986 1684/1442/1934 1571/1494/1936
f 1690/1459/1952 1607/1439/1932 1684/1442/1934
f 1606/1461/1953 1690/1459/1952 1726/1492/1986
f 1688/1490/1984 1727/1498/1990 1617/1496/1989
f 1727/1498/1990 1687/1451/1945 1570/1497/1991
f 1691/1434/1927 1610/1437/1930 1687/1451/1945
f 1611/1436/1928 1691/1434/1927 1727/1498/1990
f 1651/1431/1922 1728/1500/1992 1660/1499/1931
f 1660/1499/1931 1728/1500/1992 1692/1447/1941
f 1728/1500/1992 1658/1501/2090 1608/1449/1942
f 1592/1502/1924 1658/1501/2090 1728/1500/1992
f 1753/1504/1993 1747/1586/2061 1594/1503/1994
f 1567/1506/1996 1732/1507/2026 1753/1504/1993
f 1754/1509/1997 1731/1563/2091 1566/1508/1998
f 1730/1511/1999 1754/1509/1997 1613/1510/1997
f 1755/1514/2001 1751/1599/2073 1606/1513/2002
f 1733/1517/2004 1755/1620/2001 1614/1516/2003
f 1615/1519/2006 1756/1520/2008 1733/1517/2004
f 1571/1521/2007 1736/1522/2010 1756/1520/2008
f 1616/1523/2009 1757/1524/2012 1736/1522/2010
f 1569/1525/2011 1734/1526/2066 1757/1524/2012
f 1758/1528/2013 1749/1592/2092 1599/1527/2014
f 1735/1530/2016 1758/1528/2013 1617/1529/2015
f 1618/1532/2017 1759/1534/2020 1742/1533/2018
f 1564/1535/2019 1729/1536/2060 1759/1534/2020
f 1760/1538/2021 1748/1589/2064 1595/1537/2022
f 1738/1540/2024 1760/1538/2021 1619/1539/2023
f 1621/1542/2025 1761/1543/2028 1732/1507/2026
f 1577/1544/2027 1741/1545/2041 1761/1543/2028
f 1762/1547/2029 1737/1557/2037 1572/1546/2030
f 1578/1549/2018 1742/1533/2018 1762/1547/2029
f 1763/1550/2032 1738/1540/2024 1573/1541/2024
f 1743/1552/2033 1763/1550/2032 1623/1551/2032
f 1764/1555/2034 1750/1621/2070 1600/1554/2035
f 1737/1557/2037 1764/1555/2034 1624/1556/2036
f 1625/1558/2038 1765/1559/2038 1735/1530/2016
f 1575/1560/2039 1740/1561/2075 1765/1559/2038
f 1566/1508/1998 1731/1563/2091 1766/1562/2040
f 1627/1564/2040 1766/1562/2040 1741/1565/2041
f 1767/1567/2042 1744/1622/2054 1588/1566/2043
f 1739/1569/2045 1767/1567/2042 1644/1568/2044
f 1746/1572/2047 1768/1575/2048 1650/1571/2048
f 1650/1571/2048 1768/1575/2048 1745/1574/2050
f 1769/1576/2052 1746/1572/2047 1593/1573/2049
f 1744/1578/2054 1769/1576/2052 1652/1577/2053
f 1658/1580/2055 1770/1582/2058 1752/1581/2056
f 1592/1583/2051 1745/1574/2050 1770/1582/2058
f 1661/1584/2059 1771/1585/2093 1729/1536/2060
f 1747/1586/2061 1771/1585/2093 1661/1584/2059
f 1772/1587/2062 1739/1569/2045 1574/1570/2046
f 1748/1589/2064 1772/1587/2062 1662/1588/2063
f 1670/1590/2065 1773/1591/2067 1734/1526/2066
f 1599/1527/2014 1749/1592/2092 1773/1591/2067
f 1774/1593/2068 1743/1552/2033 1579/1553/2033
f 1750/1595/2070 1774/1593/2068 1671/1594/2069
f 1775/1597/2071 1730/1511/1999 1565/1512/2000
f 1751/1599/2073 1775/1597/2071 1683/1598/2072
f 1685/1600/2074 1776/1601/2076 1740/1561/2075
f 1608/1602/2057 1752/1581/2056 1776/1601/2076
